datetime,open,high,low,close,volume
2025-06-19T10:00:00+05:30,2840.0,2982.0,2810.0,2948.0,612743
2025-06-19T10:15:00+05:30,2948.0,2950.0,2914.0,2915.0,223999
2025-06-19T10:30:00+05:30,2915.4,2925.0,2914.0,2921.3,106215
2025-06-19T10:45:00+05:30,2921.3,2925.0,2913.0,2918.8,100753
2025-06-19T11:00:00+05:30,2918.9,2920.1,2800.0,2825.4,145671
2025-06-19T11:15:00+05:30,2826.5,2840.0,2820.1,2830.0,56935
2025-06-19T11:30:00+05:30,2830.0,2844.0,2799.0,2800.0,141610
2025-06-19T11:45:00+05:30,2800.0,2849.5,2799.1,2805.0,82484
2025-06-19T12:00:00+05:30,2805.1,2838.0,2799.0,2810.2,44037
2025-06-19T12:15:00+05:30,2805.4,2815.0,2793.9,2794.1,80469
2025-06-19T12:30:00+05:30,2794.0,2805.2,2780.1,2780.3,41300
2025-06-19T12:45:00+05:30,2780.3,2790.0,2751.0,2751.1,48600
2025-06-19T13:00:00+05:30,2751.1,2780.0,2735.0,2735.0,52430
2025-06-19T13:15:00+05:30,2735.3,2799.5,2705.0,2705.8,127447
2025-06-19T13:30:00+05:30,2705.5,2725.1,2701.1,2720.0,492893
2025-06-19T13:45:00+05:30,2720.0,2724.0,2701.0,2705.2,87075
2025-06-19T14:00:00+05:30,2705.2,2705.2,2700.0,2700.1,88413
2025-06-19T14:15:00+05:30,2700.2,2703.0,2698.0,2698.0,141650
2025-06-19T14:30:00+05:30,2698.0,2725.2,2698.0,2704.8,483123
2025-06-19T14:45:00+05:30,2701.0,2727.0,2698.0,2704.2,190471
2025-06-19T15:00:00+05:30,2703.4,2800.0,2700.0,2756.0,160974
2025-06-19T15:15:00+05:30,2756.0,2799.0,2700.0,2760.0,197787
2025-06-20T09:15:00+05:30,2633.0,2698.0,2610.0,2697.8,168733
2025-06-20T09:30:00+05:30,2696.0,2724.0,2686.0,2695.0,201976
2025-06-20T09:45:00+05:30,2695.5,2714.9,2686.0,2690.0,150222
2025-06-20T10:00:00+05:30,2690.2,2714.3,2690.1,2706.8,138264
2025-06-20T10:15:00+05:30,2706.8,2714.4,2699.9,2700.0,124251
2025-06-20T10:30:00+05:30,2700.0,2714.4,2700.0,2705.5,68281
2025-06-20T10:45:00+05:30,2705.4,2748.7,2700.0,2738.7,137549
2025-06-20T11:00:00+05:30,2738.7,2825.0,2738.4,2824.8,103528
2025-06-20T11:15:00+05:30,2824.7,2869.0,2824.7,2840.0,90369
2025-06-20T11:30:00+05:30,2840.0,2850.0,2825.0,2829.0,65587
2025-06-20T11:45:00+05:30,2828.3,2830.0,2804.0,2804.0,38772
2025-06-20T12:00:00+05:30,2804.9,2838.5,2768.0,2825.1,31926
2025-06-20T12:15:00+05:30,2825.3,2829.9,2800.0,2800.0,67703
2025-06-20T12:30:00+05:30,2800.0,2820.1,2765.0,2779.6,65128
2025-06-20T12:45:00+05:30,2779.6,2799.0,2753.0,2799.0,143333
2025-06-20T13:00:00+05:30,2799.0,2799.0,2755.1,2781.3,101889
2025-06-20T13:15:00+05:30,2781.3,2795.9,2750.1,2750.2,70235
2025-06-20T13:30:00+05:30,2750.6,2779.0,2750.0,2752.0,114672
2025-06-20T13:45:00+05:30,2752.0,2762.4,2745.5,2750.1,138338
2025-06-20T14:00:00+05:30,2750.1,2750.1,2701.0,2701.1,100434
2025-06-20T14:15:00+05:30,2701.0,2750.0,2650.0,2699.6,307487
2025-06-20T14:30:00+05:30,2699.5,2700.0,2675.0,2681.7,202548
2025-06-20T14:45:00+05:30,2681.6,2715.0,2675.0,2702.0,310536
2025-06-20T15:00:00+05:30,2702.2,2702.2,2616.6,2653.0,3153835
2025-06-20T15:15:00+05:30,2653.0,2735.0,2636.0,2720.0,3826887
2025-06-23T09:15:00+05:30,2508.8,2649.0,2508.8,2606.9,470332
2025-06-23T09:30:00+05:30,2606.1,2638.6,2600.0,2629.0,107702
2025-06-23T09:45:00+05:30,2630.0,2648.0,2621.0,2648.0,83068
2025-06-23T10:00:00+05:30,2648.0,2654.0,2626.0,2631.9,69217
2025-06-23T10:15:00+05:30,2639.0,2655.0,2626.0,2641.8,35049
2025-06-23T10:30:00+05:30,2641.8,2654.4,2632.8,2651.0,38609
2025-06-23T10:45:00+05:30,2653.0,2653.0,2627.0,2650.1,118520
2025-06-23T11:00:00+05:30,2650.1,2651.3,2627.0,2649.0,116229
2025-06-23T11:15:00+05:30,2649.0,2649.9,2625.0,2649.1,172806
2025-06-23T11:30:00+05:30,2649.2,2693.8,2625.0,2693.7,175071
2025-06-23T11:45:00+05:30,2693.8,2718.0,2693.7,2700.0,108727
2025-06-23T12:00:00+05:30,2708.0,2711.0,2700.0,2708.0,30163
2025-06-23T12:15:00+05:30,2708.0,2708.0,2650.0,2660.5,50218
2025-06-23T12:30:00+05:30,2660.5,2695.0,2653.1,2674.1,24131
2025-06-23T12:45:00+05:30,2674.1,2680.0,2660.1,2670.0,22204
2025-06-23T13:00:00+05:30,2670.0,2679.0,2665.0,2677.0,26557
2025-06-23T13:15:00+05:30,2677.0,2685.0,2669.3,2678.1,19110
2025-06-23T13:30:00+05:30,2678.1,2678.6,2663.0,2666.0,47356
2025-06-23T13:45:00+05:30,2666.0,2721.0,2665.6,2692.1,120833
2025-06-23T14:00:00+05:30,2694.8,2694.9,2650.0,2664.5,69587
2025-06-23T14:15:00+05:30,2659.3,2680.0,2659.3,2665.1,90651
2025-06-23T14:30:00+05:30,2665.1,2665.4,2623.2,2625.5,134024
2025-06-23T14:45:00+05:30,2625.5,2664.3,2601.0,2622.5,188295
2025-06-23T15:00:00+05:30,2621.0,2639.8,2610.0,2626.1,235110
2025-06-23T15:15:00+05:30,2625.0,2638.0,2600.0,2616.0,226289
2025-06-24T09:15:00+05:30,2611.0,2621.0,2610.0,2610.1,228702
2025-06-24T09:30:00+05:30,2610.0,2612.6,2585.0,2590.0,311730
2025-06-24T09:45:00+05:30,2589.0,2602.3,2550.0,2550.1,175992
2025-06-24T10:00:00+05:30,2550.1,2550.1,2526.2,2540.0,84511
2025-06-24T10:15:00+05:30,2537.9,2570.0,2535.0,2560.0,114052
2025-06-24T10:30:00+05:30,2560.0,2585.0,2559.0,2569.9,62980
2025-06-24T10:45:00+05:30,2570.5,2632.0,2565.0,2617.6,181956
2025-06-24T11:00:00+05:30,2629.0,2667.8,2606.2,2648.0,96281
2025-06-24T11:15:00+05:30,2648.0,2659.6,2630.0,2650.0,43144
2025-06-24T11:30:00+05:30,2648.8,2658.9,2644.7,2650.0,31099
2025-06-24T11:45:00+05:30,2650.0,2692.4,2649.1,2670.7,94439
2025-06-24T12:00:00+05:30,2656.1,2670.7,2653.0,2654.3,27102
2025-06-24T12:15:00+05:30,2654.4,2663.6,2612.5,2626.0,67661
2025-06-24T12:30:00+05:30,2626.0,2653.2,2626.0,2635.0,112875
2025-06-24T12:45:00+05:30,2635.0,2663.0,2626.0,2661.3,37045
2025-06-24T13:00:00+05:30,2655.0,2670.6,2635.0,2656.0,163079
2025-06-24T13:15:00+05:30,2656.0,2664.9,2640.0,2650.1,15317
2025-06-24T13:30:00+05:30,2654.5,2654.5,2640.0,2650.1,44481
2025-06-24T13:45:00+05:30,2651.8,2654.0,2644.2,2645.0,29654
2025-06-24T14:00:00+05:30,2645.6,2667.8,2645.0,2646.3,20823
2025-06-24T14:15:00+05:30,2646.9,2654.2,2645.2,2646.2,23657
2025-06-24T14:30:00+05:30,2646.2,2717.8,2644.2,2689.1,137277
2025-06-24T14:45:00+05:30,2682.0,2689.1,2661.0,2661.0,16272
2025-06-24T15:00:00+05:30,2661.0,2729.0,2654.0,2700.1,109191
2025-06-24T15:15:00+05:30,2700.1,2744.0,2700.0,2713.0,162004
2025-06-25T09:15:00+05:30,2679.4,2701.0,2670.0,2678.0,85184
2025-06-25T09:30:00+05:30,2678.2,2680.0,2675.0,2679.7,30734
2025-06-25T09:45:00+05:30,2679.7,2715.0,2670.5,2700.2,34037
2025-06-25T10:00:00+05:30,2700.2,2703.0,2675.0,2698.8,31679
2025-06-25T10:15:00+05:30,2698.8,2706.8,2681.0,2705.9,27307
2025-06-25T10:30:00+05:30,2700.0,2727.0,2680.0,2724.0,64221
2025-06-25T10:45:00+05:30,2724.0,2730.0,2715.9,2729.9,41854
2025-06-25T11:00:00+05:30,2729.9,2729.9,2705.0,2719.0,27855
2025-06-25T11:15:00+05:30,2718.9,2728.9,2705.1,2725.7,43320
2025-06-25T11:30:00+05:30,2725.7,2735.0,2710.0,2731.6,25858
2025-06-25T11:45:00+05:30,2731.6,2739.7,2731.0,2739.5,36919
2025-06-25T12:00:00+05:30,2739.4,2745.0,2735.8,2745.0,64491
2025-06-25T12:15:00+05:30,2745.0,2755.0,2740.0,2752.2,51628
2025-06-25T12:30:00+05:30,2752.1,2769.0,2750.0,2760.8,45706
2025-06-25T12:45:00+05:30,2760.8,2775.0,2750.0,2769.7,58196
2025-06-25T13:00:00+05:30,2769.6,2784.0,2761.0,2782.0,37154
2025-06-25T13:15:00+05:30,2781.9,2783.0,2765.0,2777.3,31693
2025-06-25T13:30:00+05:30,2777.2,2777.3,2765.0,2773.0,22754
2025-06-25T13:45:00+05:30,2773.0,2784.0,2772.9,2784.0,38853
2025-06-25T14:00:00+05:30,2783.9,2821.5,2778.0,2790.0,135253
2025-06-25T14:15:00+05:30,2790.1,2799.1,2781.2,2799.1,39837
2025-06-25T14:30:00+05:30,2799.0,2808.0,2790.0,2800.0,43913
2025-06-25T14:45:00+05:30,2800.0,2805.0,2790.1,2791.4,25556
2025-06-25T15:00:00+05:30,2791.4,2832.1,2771.0,2800.0,103648
2025-06-25T15:15:00+05:30,2800.1,2835.9,2756.5,2795.0,133344
2025-06-26T09:15:00+05:30,2755.0,2790.0,2755.0,2782.0,105930
2025-06-26T09:30:00+05:30,2782.0,2800.0,2782.0,2782.6,57814
2025-06-26T09:45:00+05:30,2782.6,2798.0,2782.0,2783.1,37735
2025-06-26T10:00:00+05:30,2783.2,2797.9,2782.0,2783.9,38954
2025-06-26T10:15:00+05:30,2783.8,2790.0,2780.0,2785.4,82468
2025-06-26T10:30:00+05:30,2785.4,2819.9,2785.0,2803.1,46368
2025-06-26T10:45:00+05:30,2803.1,2805.5,2799.0,2802.2,56170
2025-06-26T11:00:00+05:30,2802.2,2819.0,2800.0,2805.0,25681
2025-06-26T11:15:00+05:30,2805.0,2809.0,2798.1,2805.0,36480
2025-06-26T11:30:00+05:30,2802.0,2802.0,2795.1,2796.2,26051
2025-06-26T11:45:00+05:30,2796.2,2805.0,2795.3,2804.9,35846
2025-06-26T12:00:00+05:30,2804.9,2815.0,2800.0,2810.4,24160
2025-06-26T12:15:00+05:30,2810.4,2811.0,2803.0,2810.3,16255
2025-06-26T12:30:00+05:30,2810.3,2825.1,2810.0,2825.1,32787
2025-06-26T12:45:00+05:30,2825.4,2837.0,2812.0,2832.0,64013
2025-06-26T13:00:00+05:30,2832.0,2852.0,2830.0,2852.0,53160
2025-06-26T13:15:00+05:30,2852.0,2857.0,2849.0,2849.3,62346
2025-06-26T13:30:00+05:30,2849.3,2858.0,2840.0,2857.3,40366
2025-06-26T13:45:00+05:30,2857.3,2880.0,2857.1,2877.2,53048
2025-06-26T14:00:00+05:30,2877.2,2889.0,2853.7,2870.0,51288
2025-06-26T14:15:00+05:30,2872.0,2876.9,2840.0,2850.0,49850
2025-06-26T14:30:00+05:30,2851.3,2874.0,2840.0,2869.0,43910
2025-06-26T14:45:00+05:30,2869.9,2872.5,2832.5,2858.9,70206
2025-06-26T15:00:00+05:30,2858.9,2858.9,2801.0,2826.5,1082398
2025-06-26T15:15:00+05:30,2826.5,2860.0,2825.0,2860.0,1124400
2025-06-27T09:15:00+05:30,2858.0,2910.0,2840.0,2905.0,117134
2025-06-27T09:30:00+05:30,2902.0,2919.0,2872.0,2872.0,56389
2025-06-27T09:45:00+05:30,2880.0,2920.9,2870.0,2920.0,47060
2025-06-27T10:00:00+05:30,2920.9,2924.0,2905.0,2910.0,31597
2025-06-27T10:15:00+05:30,2910.0,2929.8,2908.0,2915.9,43101
2025-06-27T10:30:00+05:30,2915.9,2927.9,2901.0,2909.0,17792
2025-06-27T10:45:00+05:30,2909.0,2915.0,2890.1,2898.8,17909
2025-06-27T11:00:00+05:30,2898.8,2900.0,2875.0,2900.0,15996
2025-06-27T11:15:00+05:30,2900.0,2900.0,2870.2,2899.7,10219
2025-06-27T11:30:00+05:30,2899.7,2920.0,2890.9,2920.0,27068
2025-06-27T11:45:00+05:30,2920.0,2927.0,2900.0,2923.9,23212
2025-06-27T12:00:00+05:30,2923.9,2924.0,2910.0,2918.0,12576
2025-06-27T12:15:00+05:30,2918.8,2918.8,2904.0,2910.0,19339
2025-06-27T12:30:00+05:30,2910.0,2910.0,2899.0,2900.0,12795
2025-06-27T12:45:00+05:30,2900.0,2900.0,2896.8,2900.0,9765
2025-06-27T13:00:00+05:30,2900.0,2900.0,2882.5,2900.0,13850
2025-06-27T13:15:00+05:30,2899.0,2899.0,2875.0,2878.9,17806
2025-06-27T13:30:00+05:30,2879.0,2879.0,2870.0,2879.0,12383
2025-06-27T13:45:00+05:30,2879.0,2917.9,2875.0,2917.0,18092
2025-06-27T14:00:00+05:30,2917.9,2929.0,2917.0,2919.9,22828
2025-06-27T14:15:00+05:30,2919.9,2924.0,2910.0,2920.0,10124
2025-06-27T14:30:00+05:30,2922.8,2934.0,2915.5,2924.5,15342
2025-06-27T14:45:00+05:30,2924.3,2929.9,2900.0,2918.0,12916
2025-06-27T15:00:00+05:30,2918.0,2918.0,2901.0,2904.9,20537
2025-06-27T15:15:00+05:30,2904.9,2905.0,2885.0,2900.0,47165
2025-06-30T09:15:00+05:30,2920.0,2934.0,2892.2,2920.0,49402
2025-06-30T09:30:00+05:30,2916.0,2929.8,2914.0,2924.0,21369
2025-06-30T09:45:00+05:30,2923.2,2925.0,2915.0,2918.5,13625
2025-06-30T10:00:00+05:30,2918.6,2932.8,2917.8,2926.4,31474
2025-06-30T10:15:00+05:30,2927.1,2931.0,2915.0,2930.0,23577
2025-06-30T10:30:00+05:30,2930.1,2934.0,2915.0,2922.0,11391
2025-06-30T10:45:00+05:30,2923.2,2951.0,2922.0,2950.0,49832
2025-06-30T11:00:00+05:30,2950.9,2957.0,2945.0,2957.0,16954
2025-06-30T11:15:00+05:30,2954.0,2959.0,2950.0,2956.2,19007
2025-06-30T11:30:00+05:30,2956.0,2958.0,2950.0,2952.0,10185
2025-06-30T11:45:00+05:30,2952.1,2955.0,2950.0,2955.0,13069
2025-06-30T12:00:00+05:30,2952.5,2959.0,2950.0,2959.0,38379
2025-06-30T12:15:00+05:30,2959.1,2963.0,2951.0,2951.1,60478
2025-06-30T12:30:00+05:30,2951.1,2959.6,2950.0,2959.0,14125
2025-06-30T12:45:00+05:30,2957.9,2961.4,2950.0,2960.0,12537
2025-06-30T13:00:00+05:30,2960.4,2975.0,2960.0,2974.3,19870
2025-06-30T13:15:00+05:30,2974.3,2988.0,2966.0,2985.0,27548
2025-06-30T13:30:00+05:30,2985.0,2990.0,2970.0,2970.1,23292
2025-06-30T13:45:00+05:30,2970.3,2971.0,2960.0,2970.0,15520
2025-06-30T14:00:00+05:30,2970.0,2974.9,2960.0,2970.0,11925
2025-06-30T14:15:00+05:30,2965.0,2988.0,2961.1,2985.0,5965
2025-06-30T14:30:00+05:30,2985.0,2992.0,2976.1,2983.1,24436
2025-06-30T14:45:00+05:30,2980.5,2990.0,2965.1,2973.1,17437
2025-06-30T15:00:00+05:30,2976.0,2976.0,2960.0,2975.0,22428
2025-06-30T15:15:00+05:30,2975.0,2994.0,2970.0,2985.8,35712
2025-07-01T09:15:00+05:30,3005.0,3009.5,2940.1,2940.1,48435
2025-07-01T09:30:00+05:30,2950.0,2955.0,2925.0,2935.4,64733
2025-07-01T09:45:00+05:30,2934.8,2964.3,2930.0,2950.0,10327
2025-07-01T10:00:00+05:30,2950.2,2963.0,2940.0,2945.0,18345
2025-07-01T10:15:00+05:30,2945.0,2961.0,2935.0,2960.0,14323
2025-07-01T10:30:00+05:30,2960.0,2961.0,2951.0,2960.1,16516
2025-07-01T10:45:00+05:30,2960.0,2975.0,2960.0,2970.0,9684
2025-07-01T11:00:00+05:30,2971.0,2994.4,2963.1,2988.0,17435
2025-07-01T11:15:00+05:30,2988.0,2988.0,2962.0,2971.0,12010
2025-07-01T11:30:00+05:30,2972.0,2982.0,2969.5,2970.1,7292
2025-07-01T11:45:00+05:30,2970.0,2970.1,2968.0,2970.0,6746
2025-07-01T12:00:00+05:30,2970.1,2975.0,2970.0,2970.1,7265
2025-07-01T12:15:00+05:30,2975.0,2975.0,2970.0,2970.2,7254
2025-07-01T12:30:00+05:30,2970.2,2983.7,2970.0,2970.1,9162
2025-07-01T12:45:00+05:30,2970.2,2975.2,2965.0,2970.7,9150
2025-07-01T13:00:00+05:30,2970.8,2970.8,2970.0,2970.2,6540
2025-07-01T13:15:00+05:30,2970.2,2970.8,2960.1,2970.1,19138
2025-07-01T13:30:00+05:30,2970.2,2970.2,2970.0,2970.1,11015
2025-07-01T13:45:00+05:30,2970.2,2970.8,2970.0,2970.7,8878
2025-07-01T14:00:00+05:30,2970.7,2970.7,2945.0,2945.0,42248
2025-07-01T14:15:00+05:30,2950.1,2950.1,2920.0,2921.1,59128
2025-07-01T14:30:00+05:30,2921.1,2930.0,2916.0,2929.7,12695
2025-07-01T14:45:00+05:30,2929.7,2956.6,2929.7,2952.0,14471
2025-07-01T15:00:00+05:30,2952.0,3024.0,2930.0,2949.9,75862
2025-07-01T15:15:00+05:30,2950.0,2960.2,2940.0,2950.0,24147
2025-07-02T09:15:00+05:30,2960.0,2971.5,2901.2,2930.0,54435
2025-07-02T09:30:00+05:30,2930.0,2930.0,2910.0,2910.6,36214
2025-07-02T09:45:00+05:30,2910.7,2926.0,2901.1,2917.5,14577
2025-07-02T10:00:00+05:30,2916.5,2916.5,2886.0,2903.0,30483
2025-07-02T10:15:00+05:30,2903.0,2927.0,2896.5,2904.1,22203
2025-07-02T10:30:00+05:30,2904.1,2909.0,2896.5,2901.3,9347
2025-07-02T10:45:00+05:30,2904.5,2904.7,2894.0,2895.0,5753
2025-07-02T11:00:00+05:30,2900.0,2920.0,2891.6,2913.8,6827
2025-07-02T11:15:00+05:30,2913.4,2919.9,2900.0,2910.9,8825
2025-07-02T11:30:00+05:30,2913.0,2927.0,2900.0,2910.1,7329
2025-07-02T11:45:00+05:30,2910.1,2925.6,2900.0,2925.0,8546
2025-07-02T12:00:00+05:30,2925.5,2926.5,2921.0,2923.7,5969
2025-07-02T12:15:00+05:30,2923.7,2939.9,2921.0,2938.0,5400
2025-07-02T12:30:00+05:30,2938.0,2940.0,2925.0,2935.0,9757
2025-07-02T12:45:00+05:30,2938.0,2938.1,2912.0,2915.0,13397
2025-07-02T13:00:00+05:30,2915.2,2915.2,2911.0,2912.6,4807
2025-07-02T13:15:00+05:30,2912.6,2912.6,2901.0,2901.0,15048
2025-07-02T13:30:00+05:30,2901.1,2919.9,2876.7,2900.1,45107
2025-07-02T13:45:00+05:30,2900.1,2919.0,2900.0,2910.0,5432
2025-07-02T14:00:00+05:30,2910.1,2925.5,2910.0,2920.1,6168
2025-07-02T14:15:00+05:30,2920.1,2930.1,2920.0,2921.1,26537
2025-07-02T14:30:00+05:30,2925.0,2939.5,2920.0,2937.1,16486
2025-07-02T14:45:00+05:30,2937.4,2945.1,2924.0,2943.0,79558
2025-07-02T15:00:00+05:30,2942.9,2969.9,2935.0,2953.9,81676
2025-07-02T15:15:00+05:30,2953.9,2954.8,2932.6,2939.8,43397
2025-07-03T09:15:00+05:30,2945.0,2971.7,2881.0,2894.0,68971
2025-07-03T09:30:00+05:30,2894.7,2925.4,2881.2,2913.0,39220
2025-07-03T09:45:00+05:30,2915.7,2940.3,2910.0,2911.5,34766
2025-07-03T10:00:00+05:30,2914.0,2947.0,2910.0,2941.0,48571
2025-07-03T10:15:00+05:30,2941.0,2949.9,2914.1,2914.1,28209
2025-07-03T10:30:00+05:30,2916.1,2922.0,2912.0,2912.5,6851
2025-07-03T10:45:00+05:30,2916.1,2920.0,2911.0,2913.3,6087
2025-07-03T11:00:00+05:30,2915.3,2918.3,2911.6,2914.8,5758
2025-07-03T11:15:00+05:30,2914.9,2917.0,2906.6,2913.1,61784
2025-07-03T11:30:00+05:30,2913.1,2914.0,2910.0,2910.1,8013
2025-07-03T11:45:00+05:30,2910.5,2912.1,2901.1,2910.1,14664
2025-07-03T12:00:00+05:30,2910.9,2914.9,2910.0,2910.1,7198
2025-07-03T12:15:00+05:30,2912.1,2914.8,2901.1,2910.1,8029
2025-07-03T12:30:00+05:30,2910.9,2926.7,2910.0,2919.9,7615
2025-07-03T12:45:00+05:30,2920.0,2923.9,2913.8,2916.9,5180
2025-07-03T13:00:00+05:30,2916.8,2920.2,2912.9,2919.9,7862
2025-07-03T13:15:00+05:30,2920.0,2939.0,2914.0,2938.0,20574
2025-07-03T13:30:00+05:30,2938.1,2947.7,2930.0,2939.1,24321
2025-07-03T13:45:00+05:30,2939.6,2949.9,2935.0,2938.0,24927
2025-07-03T14:00:00+05:30,2938.0,2943.0,2929.9,2941.0,15938
2025-07-03T14:15:00+05:30,2941.0,2948.0,2926.5,2938.5,19138
2025-07-03T14:30:00+05:30,2938.5,2938.7,2925.2,2933.4,20364
2025-07-03T14:45:00+05:30,2933.4,2939.1,2916.0,2927.8,76230
2025-07-03T15:00:00+05:30,2932.6,2938.0,2919.0,2919.9,32820
2025-07-03T15:15:00+05:30,2919.9,2930.0,2909.9,2918.0,48301
2025-07-04T09:15:00+05:30,2933.0,2958.0,2886.0,2928.1,54061
2025-07-04T09:30:00+05:30,2931.6,2953.6,2923.2,2933.9,29582
2025-07-04T09:45:00+05:30,2934.0,2934.0,2910.0,2922.9,14642
2025-07-04T10:00:00+05:30,2922.9,2941.0,2899.4,2903.9,26382
2025-07-04T10:15:00+05:30,2903.9,2920.0,2903.0,2912.9,15009
2025-07-04T10:30:00+05:30,2913.0,2920.0,2910.7,2915.1,12942
2025-07-04T10:45:00+05:30,2917.2,2929.0,2911.6,2927.0,11685
2025-07-04T11:00:00+05:30,2928.9,2978.8,2923.2,2970.9,73597
2025-07-04T11:15:00+05:30,2971.0,2974.5,2941.2,2954.0,38490
2025-07-04T11:30:00+05:30,2955.2,2959.5,2938.4,2943.8,29184
2025-07-04T11:45:00+05:30,2943.8,2944.2,2921.0,2937.2,22601
2025-07-04T12:00:00+05:30,2937.9,2937.9,2920.0,2923.5,19029
2025-07-04T12:15:00+05:30,2923.4,2925.7,2910.1,2919.0,16338
2025-07-04T12:30:00+05:30,2919.0,2930.0,2911.1,2929.8,10657
2025-07-04T12:45:00+05:30,2929.8,2930.0,2917.5,2928.0,12445
2025-07-04T13:00:00+05:30,2929.8,2937.9,2921.0,2933.2,12327
2025-07-04T13:15:00+05:30,2933.4,2934.5,2912.1,2914.8,13023
2025-07-04T13:30:00+05:30,2916.4,2916.9,2897.4,2901.1,39499
2025-07-04T13:45:00+05:30,2902.2,2906.9,2891.1,2900.8,24347
2025-07-04T14:00:00+05:30,2902.2,2908.1,2891.0,2892.4,16727
2025-07-04T14:15:00+05:30,2892.4,2900.1,2890.1,2895.1,13832
2025-07-04T14:30:00+05:30,2895.6,2902.2,2893.0,2898.2,33708
2025-07-04T14:45:00+05:30,2898.2,2898.2,2880.0,2884.9,29345
2025-07-04T15:00:00+05:30,2884.9,2895.3,2883.1,2895.3,38466
2025-07-04T15:15:00+05:30,2895.3,2908.0,2890.0,2900.0,43994
2025-07-07T09:15:00+05:30,2908.0,2926.3,2892.3,2909.0,35155
2025-07-07T09:30:00+05:30,2910.0,2945.0,2910.0,2929.7,48258
2025-07-07T09:45:00+05:30,2932.9,2973.7,2929.1,2957.8,70363
2025-07-07T10:00:00+05:30,2954.7,2967.0,2940.0,2940.0,39172
2025-07-07T10:15:00+05:30,2936.8,2940.0,2928.5,2937.2,20694
2025-07-07T10:30:00+05:30,2938.0,2944.1,2935.1,2935.8,10171
2025-07-07T10:45:00+05:30,2935.8,2939.0,2912.0,2938.3,28915
2025-07-07T11:00:00+05:30,2938.3,2956.1,2938.3,2952.5,32152
2025-07-07T11:15:00+05:30,2952.6,2959.2,2951.6,2957.8,14465
2025-07-07T11:30:00+05:30,2957.9,2961.6,2954.9,2955.1,16786
2025-07-07T11:45:00+05:30,2955.1,2956.0,2953.0,2956.0,23895
2025-07-07T12:00:00+05:30,2955.7,2957.0,2953.0,2955.4,26217
2025-07-07T12:15:00+05:30,2957.0,2972.0,2954.8,2972.0,50075
2025-07-07T12:30:00+05:30,2970.4,2988.7,2969.5,2978.1,38691
2025-07-07T12:45:00+05:30,2979.0,2994.0,2939.9,2948.0,167137
2025-07-07T13:00:00+05:30,2951.9,3009.0,2951.9,2994.7,117954
2025-07-07T13:15:00+05:30,2994.7,2998.7,2969.8,2992.0,68790
2025-07-07T13:30:00+05:30,2992.0,2999.0,2983.4,2996.1,40791
2025-07-07T13:45:00+05:30,2996.1,3000.0,2986.0,2995.2,34694
2025-07-07T14:00:00+05:30,2995.2,3043.0,2992.1,3042.0,122563
2025-07-07T14:15:00+05:30,3041.9,3068.7,3011.0,3020.8,217033
2025-07-07T14:30:00+05:30,3015.0,3049.8,2992.5,2998.0,156971
2025-07-07T14:45:00+05:30,2997.5,3006.2,2981.7,2989.0,163882
2025-07-07T15:00:00+05:30,2992.5,3009.3,2989.2,3000.3,232212
2025-07-07T15:15:00+05:30,3001.1,3007.9,2995.0,3001.1,177784
2025-07-08T09:15:00+05:30,3029.0,3048.9,3022.1,3034.0,141013
2025-07-08T09:30:00+05:30,3034.1,3106.5,3026.1,3087.0,225582
2025-07-08T09:45:00+05:30,3086.0,3093.0,3065.0,3074.9,89690
2025-07-08T10:00:00+05:30,3077.0,3091.9,3072.0,3089.5,59255
2025-07-08T10:15:00+05:30,3089.8,3097.7,3081.1,3089.9,41260
2025-07-08T10:30:00+05:30,3089.9,3090.0,3077.0,3082.8,59313
2025-07-08T10:45:00+05:30,3083.1,3088.0,3075.0,3084.8,30562
2025-07-08T11:00:00+05:30,3084.8,3094.5,3082.0,3091.2,41262
2025-07-08T11:15:00+05:30,3091.5,3094.9,3075.1,3079.5,42440
2025-07-08T11:30:00+05:30,3079.2,3079.9,3057.8,3070.2,38344
2025-07-08T11:45:00+05:30,3070.2,3080.9,3051.0,3073.1,39621
2025-07-08T12:00:00+05:30,3073.4,3082.0,3061.0,3064.8,25005
2025-07-08T12:15:00+05:30,3064.8,3066.8,3054.0,3056.0,61793
2025-07-08T12:30:00+05:30,3056.0,3056.8,3052.1,3053.5,48109
2025-07-08T12:45:00+05:30,3053.5,3060.9,3053.3,3060.0,53475
2025-07-08T13:00:00+05:30,3060.0,3064.9,3056.0,3062.7,55568
2025-07-08T13:15:00+05:30,3062.4,3063.0,3054.9,3061.8,22319
2025-07-08T13:30:00+05:30,3061.8,3061.8,3053.0,3054.2,24034
2025-07-08T13:45:00+05:30,3054.0,3059.5,3052.8,3056.0,30275
2025-07-08T14:00:00+05:30,3055.8,3056.0,3036.2,3051.8,45268
2025-07-08T14:15:00+05:30,3051.8,3058.5,3045.4,3052.1,83750
2025-07-08T14:30:00+05:30,3052.7,3055.0,3038.0,3045.4,51781
2025-07-08T14:45:00+05:30,3045.4,3048.9,3029.0,3042.1,35344
2025-07-08T15:00:00+05:30,3042.2,3050.0,3031.3,3041.1,45905
2025-07-08T15:15:00+05:30,3041.1,3060.5,3041.0,3049.9,112536
2025-07-09T09:15:00+05:30,3062.1,3088.0,3055.6,3088.0,120087
2025-07-09T09:30:00+05:30,3087.0,3095.8,3079.3,3092.6,85237
2025-07-09T09:45:00+05:30,3093.9,3123.0,3077.0,3082.0,103385
2025-07-09T10:00:00+05:30,3082.0,3083.1,3074.9,3079.5,35912
2025-07-09T10:15:00+05:30,3079.5,3080.9,3066.6,3077.6,176211
2025-07-09T10:30:00+05:30,3077.6,3084.7,3072.0,3077.6,25281
2025-07-09T10:45:00+05:30,3079.8,3098.0,3077.6,3097.9,25074
2025-07-09T11:00:00+05:30,3098.0,3098.0,3087.5,3089.6,70989
2025-07-09T11:15:00+05:30,3089.6,3090.1,3088.0,3089.6,24059
2025-07-09T11:30:00+05:30,3089.9,3110.0,3089.1,3110.0,44020
2025-07-09T11:45:00+05:30,3109.9,3118.0,3106.4,3116.5,49398
2025-07-09T12:00:00+05:30,3117.0,3145.0,3116.5,3127.7,104377
2025-07-09T12:15:00+05:30,3127.7,3144.0,3126.2,3142.0,43788
2025-07-09T12:30:00+05:30,3142.0,3155.0,3138.3,3146.0,64279
2025-07-09T12:45:00+05:30,3146.8,3150.0,3139.6,3147.0,39798
2025-07-09T13:00:00+05:30,3148.0,3150.5,3145.0,3149.7,33463
2025-07-09T13:15:00+05:30,3150.0,3155.5,3145.0,3147.5,46411
2025-07-09T13:30:00+05:30,3147.5,3150.0,3145.1,3147.9,20147
2025-07-09T13:45:00+05:30,3148.0,3148.0,3133.8,3138.7,33240
2025-07-09T14:00:00+05:30,3138.7,3152.0,3138.7,3151.1,21622
2025-07-09T14:15:00+05:30,3151.6,3160.0,3136.2,3138.8,45705
2025-07-09T14:30:00+05:30,3138.8,3140.5,3120.3,3132.3,45848
2025-07-09T14:45:00+05:30,3133.4,3138.0,3120.0,3124.7,53715
2025-07-09T15:00:00+05:30,3124.6,3137.3,3123.2,3125.0,62022
2025-07-09T15:15:00+05:30,3125.0,3135.0,3123.7,3128.0,140797
2025-07-10T09:15:00+05:30,3144.0,3230.0,3142.0,3210.7,171244
2025-07-10T09:30:00+05:30,3210.7,3216.0,3176.6,3185.9,66504
2025-07-10T09:45:00+05:30,3186.4,3195.2,3168.0,3173.4,32621
2025-07-10T10:00:00+05:30,3173.4,3177.3,3164.0,3164.0,25365
2025-07-10T10:15:00+05:30,3163.6,3168.4,3132.0,3139.8,49949
2025-07-10T10:30:00+05:30,3140.0,3142.5,3108.2,3119.0,36662
2025-07-10T10:45:00+05:30,3119.0,3129.2,3099.8,3125.0,34224
2025-07-10T11:00:00+05:30,3124.3,3132.8,3110.1,3114.1,24324
2025-07-10T11:15:00+05:30,3115.3,3119.6,3111.1,3113.0,17923
2025-07-10T11:30:00+05:30,3113.6,3146.8,3112.5,3142.6,25903
2025-07-10T11:45:00+05:30,3142.6,3152.7,3140.0,3144.0,17570
2025-07-10T12:00:00+05:30,3144.0,3152.7,3141.0,3149.2,22713
2025-07-10T12:15:00+05:30,3147.9,3154.1,3141.0,3141.0,12511
2025-07-10T12:30:00+05:30,3142.2,3143.3,3118.6,3125.0,23421
2025-07-10T12:45:00+05:30,3127.7,3131.0,3117.3,3130.0,33418
2025-07-10T13:00:00+05:30,3130.0,3130.9,3120.0,3128.3,19370
2025-07-10T13:15:00+05:30,3129.9,3142.5,3127.6,3135.4,14270
2025-07-10T13:30:00+05:30,3135.7,3143.0,3133.1,3136.7,8440
2025-07-10T13:45:00+05:30,3136.8,3145.0,3134.0,3138.0,12101
2025-07-10T14:00:00+05:30,3136.7,3141.5,3127.5,3129.2,17968
2025-07-10T14:15:00+05:30,3128.8,3130.0,3122.0,3122.0,16517
2025-07-10T14:30:00+05:30,3122.0,3135.0,3118.0,3132.0,22535
2025-07-10T14:45:00+05:30,3133.2,3135.3,3125.4,3133.1,19251
2025-07-10T15:00:00+05:30,3131.3,3140.8,3129.6,3130.2,34364
2025-07-10T15:15:00+05:30,3130.6,3160.0,3130.1,3160.0,56110
2025-07-11T09:15:00+05:30,3140.3,3173.9,3140.0,3160.8,56630
2025-07-11T09:30:00+05:30,3159.2,3170.0,3149.0,3155.2,31948
2025-07-11T09:45:00+05:30,3157.3,3179.4,3157.3,3175.0,29906
2025-07-11T10:00:00+05:30,3174.8,3176.9,3159.1,3170.0,26376
2025-07-11T10:15:00+05:30,3170.0,3170.0,3133.6,3142.9,41210
2025-07-11T10:30:00+05:30,3144.0,3168.9,3137.0,3151.3,18007
2025-07-11T10:45:00+05:30,3152.1,3161.8,3150.1,3158.0,8404
2025-07-11T11:00:00+05:30,3158.0,3172.3,3145.7,3167.9,16528
2025-07-11T11:15:00+05:30,3167.9,3182.0,3152.9,3178.4,168184
2025-07-11T11:30:00+05:30,3179.8,3181.9,3134.0,3138.3,38150
2025-07-11T11:45:00+05:30,3137.2,3139.9,3117.4,3128.9,37467
2025-07-11T12:00:00+05:30,3128.9,3135.0,3099.0,3109.2,49090
2025-07-11T12:15:00+05:30,3110.8,3120.0,3109.0,3113.9,11127
2025-07-11T12:30:00+05:30,3115.1,3128.8,3113.9,3122.5,19939
2025-07-11T12:45:00+05:30,3122.5,3129.9,3120.3,3122.1,11975
2025-07-11T13:00:00+05:30,3124.4,3125.0,3116.0,3120.8,11325
2025-07-11T13:15:00+05:30,3120.8,3140.1,3119.5,3133.6,56839
2025-07-11T13:30:00+05:30,3133.9,3144.0,3132.2,3142.0,12559
2025-07-11T13:45:00+05:30,3142.0,3158.8,3140.0,3157.0,32750
2025-07-11T14:00:00+05:30,3157.0,3170.0,3155.4,3168.0,34637
2025-07-11T14:15:00+05:30,3168.0,3170.0,3164.1,3168.0,48519
2025-07-11T14:30:00+05:30,3168.0,3172.0,3165.0,3170.0,62263
2025-07-11T14:45:00+05:30,3170.0,3172.0,3165.5,3170.0,54388
2025-07-11T15:00:00+05:30,3170.0,3175.0,3157.5,3160.8,70599
2025-07-11T15:15:00+05:30,3160.8,3197.0,3152.2,3185.0,93894
2025-07-14T09:15:00+05:30,3176.7,3183.0,3084.0,3090.6,96864
2025-07-14T09:30:00+05:30,3090.5,3093.8,3060.0,3090.0,61331
2025-07-14T09:45:00+05:30,3089.2,3099.5,3084.6,3086.9,35597
2025-07-14T10:00:00+05:30,3086.9,3087.0,3063.3,3085.2,54393
2025-07-14T10:15:00+05:30,3085.0,3090.3,3067.5,3071.0,41990
2025-07-14T10:30:00+05:30,3071.0,3072.0,3043.5,3064.6,34337
2025-07-14T10:45:00+05:30,3064.6,3078.0,3059.7,3076.2,55613
2025-07-14T11:00:00+05:30,3076.0,3083.9,3074.9,3079.2,11814
2025-07-14T11:15:00+05:30,3079.2,3115.9,3077.8,3110.3,36646
2025-07-14T11:30:00+05:30,3111.0,3129.9,3108.9,3117.9,58260
2025-07-14T11:45:00+05:30,3117.8,3120.0,3097.7,3110.0,49409
2025-07-14T12:00:00+05:30,3110.0,3110.1,3086.7,3088.5,18622
2025-07-14T12:15:00+05:30,3088.0,3089.3,3072.0,3076.0,19789
2025-07-14T12:30:00+05:30,3075.9,3087.3,3068.9,3079.9,35277
2025-07-14T12:45:00+05:30,3079.1,3088.0,3077.7,3085.0,22822
2025-07-14T13:00:00+05:30,3086.0,3088.9,3081.3,3085.9,16034
2025-07-14T13:15:00+05:30,3085.8,3086.5,3074.0,3083.9,14350
2025-07-14T13:30:00+05:30,3083.9,3085.4,3080.2,3083.5,16448
2025-07-14T13:45:00+05:30,3083.9,3086.4,3078.8,3084.8,14752
2025-07-14T14:00:00+05:30,3084.8,3086.1,3081.1,3085.0,20656
2025-07-14T14:15:00+05:30,3085.0,3091.1,3080.2,3083.3,24420
2025-07-14T14:30:00+05:30,3083.8,3086.1,3070.1,3073.5,17344
2025-07-14T14:45:00+05:30,3073.6,3094.4,3066.1,3085.0,44115
2025-07-14T15:00:00+05:30,3085.0,3092.9,3078.0,3079.7,42006
2025-07-14T15:15:00+05:30,3079.7,3082.0,3060.1,3079.4,48814
2025-07-15T09:15:00+05:30,3071.9,3073.1,3025.1,3028.6,54749
2025-07-15T09:30:00+05:30,3028.0,3045.3,3023.0,3043.5,27872
2025-07-15T09:45:00+05:30,3043.5,3064.0,3042.2,3047.6,23215
2025-07-15T10:00:00+05:30,3047.6,3052.7,3034.1,3035.9,17950
2025-07-15T10:15:00+05:30,3036.4,3045.8,3030.1,3045.0,22335
2025-07-15T10:30:00+05:30,3045.0,3048.0,3036.0,3040.0,60130
2025-07-15T10:45:00+05:30,3039.9,3039.9,3027.0,3034.0,15738
2025-07-15T11:00:00+05:30,3034.0,3035.9,3018.6,3021.3,19320
2025-07-15T11:15:00+05:30,3021.3,3022.5,3005.1,3008.0,31903
2025-07-15T11:30:00+05:30,3008.4,3013.8,3003.0,3006.0,21660
2025-07-15T11:45:00+05:30,3006.9,3007.7,2995.1,2998.0,31377
2025-07-15T12:00:00+05:30,2998.3,3000.0,2991.1,2996.0,20389
2025-07-15T12:15:00+05:30,2995.5,2999.0,2987.3,2994.0,23854
2025-07-15T12:30:00+05:30,2994.0,2998.0,2988.6,2990.8,21068
2025-07-15T12:45:00+05:30,2990.5,2993.3,2987.0,2988.2,12609
2025-07-15T13:00:00+05:30,2988.2,2994.8,2986.0,2991.8,19089
2025-07-15T13:15:00+05:30,2991.8,2993.7,2985.5,2986.5,14385
2025-07-15T13:30:00+05:30,2986.8,2988.5,2972.2,2974.3,27273
2025-07-15T13:45:00+05:30,2974.3,2975.0,2966.1,2970.0,29269
2025-07-15T14:00:00+05:30,2970.0,2987.0,2970.0,2980.6,46938
2025-07-15T14:15:00+05:30,2980.1,2990.9,2980.0,2982.0,35051
2025-07-15T14:30:00+05:30,2982.1,3034.3,2974.1,3031.7,83032
2025-07-15T14:45:00+05:30,3031.7,3058.9,3030.0,3050.4,79570
2025-07-15T15:00:00+05:30,3051.2,3057.0,3044.0,3053.2,64866
2025-07-15T15:15:00+05:30,3053.3,3059.9,3046.0,3046.6,78397
2025-07-16T09:15:00+05:30,3051.0,3058.0,3030.0,3052.7,72053
2025-07-16T09:30:00+05:30,3052.7,3065.4,3032.0,3036.0,44877
2025-07-16T09:45:00+05:30,3036.0,3042.7,3033.2,3035.8,20481
2025-07-16T10:00:00+05:30,3035.8,3037.0,3012.9,3025.8,22091
2025-07-16T10:15:00+05:30,3025.8,3035.1,3020.1,3028.0,19848
2025-07-16T10:30:00+05:30,3028.3,3030.0,3024.2,3026.6,9050
2025-07-16T10:45:00+05:30,3027.1,3032.4,3021.2,3030.0,33469
2025-07-16T11:00:00+05:30,3030.0,3031.4,3024.7,3030.0,42985
2025-07-16T11:15:00+05:30,3030.0,3030.6,3029.2,3030.0,14047
2025-07-16T11:30:00+05:30,3030.0,3030.6,3026.0,3030.0,11636
2025-07-16T11:45:00+05:30,3030.0,3038.9,3027.0,3029.0,18604
2025-07-16T12:00:00+05:30,3029.0,3029.9,3028.1,3029.7,8999
2025-07-16T12:15:00+05:30,3029.9,3039.3,3028.5,3033.7,20172
2025-07-16T12:30:00+05:30,3033.8,3034.1,3027.9,3030.7,8024
2025-07-16T12:45:00+05:30,3030.6,3032.4,3024.0,3026.5,7044
2025-07-16T13:00:00+05:30,3026.5,3033.2,3026.5,3031.8,8596
2025-07-16T13:15:00+05:30,3031.9,3032.0,3022.5,3028.7,8700
2025-07-16T13:30:00+05:30,3028.7,3032.1,3023.5,3028.5,9051
2025-07-16T13:45:00+05:30,3029.4,3031.6,3014.5,3015.8,12178
2025-07-16T14:00:00+05:30,3015.1,3015.8,3005.1,3005.8,22182
2025-07-16T14:15:00+05:30,3005.9,3033.0,3005.0,3031.2,25668
2025-07-16T14:30:00+05:30,3031.3,3038.0,3017.7,3031.9,45514
2025-07-16T14:45:00+05:30,3031.7,3040.0,3031.1,3031.4,73175
2025-07-16T15:00:00+05:30,3032.0,3085.0,3031.2,3084.9,90939
2025-07-16T15:15:00+05:30,3083.8,3130.0,3082.2,3127.0,113243
2025-07-17T09:15:00+05:30,3130.0,3184.0,3125.0,3162.1,87478
2025-07-17T09:30:00+05:30,3161.9,3168.8,3150.0,3152.3,39601
2025-07-17T09:45:00+05:30,3152.4,3161.6,3150.4,3157.3,36197
2025-07-17T10:00:00+05:30,3157.6,3161.9,3155.0,3157.0,13949
2025-07-17T10:15:00+05:30,3156.6,3159.6,3153.6,3155.7,9491
2025-07-17T10:30:00+05:30,3155.7,3155.8,3125.0,3128.0,42960
2025-07-17T10:45:00+05:30,3127.0,3129.3,3105.0,3126.6,28181
2025-07-17T11:00:00+05:30,3126.3,3130.0,3114.0,3119.7,20963
2025-07-17T11:15:00+05:30,3119.1,3123.3,3106.0,3112.0,25641
2025-07-17T11:30:00+05:30,3112.4,3115.5,3102.4,3110.7,8547
2025-07-17T11:45:00+05:30,3113.0,3119.0,3107.5,3110.0,19391
2025-07-17T12:00:00+05:30,3109.8,3115.0,3109.8,3114.9,5552
2025-07-17T12:15:00+05:30,3114.8,3117.3,3110.0,3111.6,4771
2025-07-17T12:30:00+05:30,3112.1,3114.9,3083.8,3108.8,46610
2025-07-17T12:45:00+05:30,3108.8,3113.7,3095.4,3104.9,13455
2025-07-17T13:00:00+05:30,3104.1,3108.0,3049.0,3073.5,79491
2025-07-17T13:15:00+05:30,3073.5,3080.8,3070.0,3079.0,11840
2025-07-17T13:30:00+05:30,3079.4,3083.6,3075.3,3081.4,6335
2025-07-17T13:45:00+05:30,3081.4,3087.3,3081.0,3087.0,7030
2025-07-17T14:00:00+05:30,3087.3,3100.9,3086.7,3091.1,15009
2025-07-17T14:15:00+05:30,3092.0,3110.0,3090.5,3105.7,10794
2025-07-17T14:30:00+05:30,3105.6,3112.0,3104.9,3108.0,11109
2025-07-17T14:45:00+05:30,3107.7,3108.9,3085.0,3093.1,20661
2025-07-17T15:00:00+05:30,3091.8,3100.6,3039.2,3056.0,127274
2025-07-17T15:15:00+05:30,3056.0,3059.0,3030.4,3053.1,60364
2025-07-18T09:15:00+05:30,3060.4,3082.8,3050.1,3073.0,22544
2025-07-18T09:30:00+05:30,3070.4,3074.3,3041.7,3042.1,18312
2025-07-18T09:45:00+05:30,3042.8,3054.1,3040.6,3051.0,8685
2025-07-18T10:00:00+05:30,3051.0,3051.0,3032.0,3032.1,7205
2025-07-18T10:15:00+05:30,3032.0,3040.6,3024.0,3034.1,24471
2025-07-18T10:30:00+05:30,3034.9,3048.2,3030.2,3036.0,10604
2025-07-18T10:45:00+05:30,3036.0,3050.0,3035.0,3043.3,11357
2025-07-18T11:00:00+05:30,3043.0,3058.9,3031.3,3031.3,13718
2025-07-18T11:15:00+05:30,3031.3,3036.2,3026.0,3035.0,15591
2025-07-18T11:30:00+05:30,3035.0,3035.5,3025.5,3027.0,13777
2025-07-18T11:45:00+05:30,3027.0,3033.0,3025.5,3028.6,16524
2025-07-18T12:00:00+05:30,3028.7,3040.0,3028.6,3031.6,5959
2025-07-18T12:15:00+05:30,3031.6,3032.1,3026.0,3026.2,6549
2025-07-18T12:30:00+05:30,3026.3,3029.0,3014.7,3020.7,12065
2025-07-18T12:45:00+05:30,3022.5,3023.7,3018.1,3021.6,4190
2025-07-18T13:00:00+05:30,3021.6,3024.0,2990.0,3006.9,40307
2025-07-18T13:15:00+05:30,3006.9,3032.4,3000.4,3031.0,22043
2025-07-18T13:30:00+05:30,3031.0,3032.8,3017.1,3021.0,25726
2025-07-18T13:45:00+05:30,3021.0,3021.7,3015.0,3015.1,3644
2025-07-18T14:00:00+05:30,3015.1,3025.0,3015.1,3022.2,6720
2025-07-18T14:15:00+05:30,3022.5,3036.0,3020.5,3027.2,18438
2025-07-18T14:30:00+05:30,3027.2,3040.9,3027.1,3039.5,24957
2025-07-18T14:45:00+05:30,3040.0,3042.0,3034.3,3039.2,50178
2025-07-18T15:00:00+05:30,3039.2,3043.9,3027.6,3039.2,62289
2025-07-18T15:15:00+05:30,3037.0,3041.5,3027.9,3029.0,57306
2025-07-21T09:15:00+05:30,3034.0,3036.2,2995.6,3007.4,26771
2025-07-21T09:30:00+05:30,3007.5,3025.7,3000.4,3023.0,13229
2025-07-21T09:45:00+05:30,3023.1,3057.0,3022.5,3052.4,18264
2025-07-21T10:00:00+05:30,3051.1,3078.7,3043.0,3072.3,24161
2025-07-21T10:15:00+05:30,3072.0,3085.0,3068.9,3079.8,12984
2025-07-21T10:30:00+05:30,3082.9,3088.0,3067.6,3069.9,22358
2025-07-21T10:45:00+05:30,3069.7,3070.3,3060.3,3065.0,6749
2025-07-21T11:00:00+05:30,3065.0,3070.3,3060.4,3061.6,7160
2025-07-21T11:15:00+05:30,3061.6,3070.0,3060.4,3063.0,10386
2025-07-21T11:30:00+05:30,3063.0,3066.6,3062.9,3064.0,8624
2025-07-21T11:45:00+05:30,3065.1,3077.4,3056.7,3058.7,13998
2025-07-21T12:00:00+05:30,3057.5,3060.0,3050.1,3059.8,2763
2025-07-21T12:15:00+05:30,3059.6,3060.6,3057.4,3058.1,6451
2025-07-21T12:30:00+05:30,3059.1,3060.0,3052.6,3059.0,3397
2025-07-21T12:45:00+05:30,3059.0,3059.0,3052.0,3055.9,1466
2025-07-21T13:00:00+05:30,3055.9,3058.2,3053.4,3057.9,1366
2025-07-21T13:15:00+05:30,3057.9,3058.5,3052.6,3055.0,3774
2025-07-21T13:30:00+05:30,3055.5,3060.0,3053.0,3053.3,2146
2025-07-21T13:45:00+05:30,3053.3,3054.0,3044.5,3050.0,5497
2025-07-21T14:00:00+05:30,3049.8,3058.8,3045.1,3057.9,6862
2025-07-21T14:15:00+05:30,3057.9,3060.0,3052.6,3059.0,11035
2025-07-21T14:30:00+05:30,3059.8,3060.0,3050.2,3052.8,9458
2025-07-21T14:45:00+05:30,3052.8,3060.0,3045.6,3060.0,25341
2025-07-21T15:00:00+05:30,3060.0,3061.2,3049.1,3053.1,73638
2025-07-21T15:15:00+05:30,3054.9,3061.0,3049.2,3052.0,44353
2025-07-22T09:15:00+05:30,3064.0,3084.2,3044.5,3045.5,18539
2025-07-22T09:30:00+05:30,3045.3,3064.4,3044.0,3048.8,10817
2025-07-22T09:45:00+05:30,3048.7,3062.7,3044.0,3055.5,8718
2025-07-22T10:00:00+05:30,3055.0,3059.3,3051.1,3051.1,5555
2025-07-22T10:15:00+05:30,3053.4,3079.0,3052.1,3070.0,5401
2025-07-22T10:30:00+05:30,3070.0,3077.1,3063.5,3069.8,4993
2025-07-22T10:45:00+05:30,3069.8,3098.5,3066.6,3090.5,28674
2025-07-22T11:00:00+05:30,3092.6,3104.4,3080.2,3099.5,26117
2025-07-22T11:15:00+05:30,3099.0,3119.0,3092.0,3115.0,24486
2025-07-22T11:30:00+05:30,3115.0,3129.4,3113.8,3126.7,37808
2025-07-22T11:45:00+05:30,3126.5,3131.9,3111.1,3124.2,19110
2025-07-22T12:00:00+05:30,3124.1,3128.0,3080.1,3080.9,39498
2025-07-22T12:15:00+05:30,3081.6,3086.3,3066.0,3071.0,28872
2025-07-22T12:30:00+05:30,3071.0,3071.6,3054.9,3060.5,10125
2025-07-22T12:45:00+05:30,3062.3,3065.8,3060.7,3064.5,4968
2025-07-22T13:00:00+05:30,3064.5,3065.9,3058.4,3062.0,9690
2025-07-22T13:15:00+05:30,3062.0,3064.6,3060.9,3062.0,4577
2025-07-22T13:30:00+05:30,3062.1,3063.6,3058.0,3062.6,4013
2025-07-22T13:45:00+05:30,3062.2,3067.8,3061.1,3063.0,19815
2025-07-22T14:00:00+05:30,3062.9,3065.3,3060.2,3062.8,8039
2025-07-22T14:15:00+05:30,3063.0,3064.4,3050.0,3056.6,10168
2025-07-22T14:30:00+05:30,3056.6,3056.6,3047.3,3051.0,9101
2025-07-22T14:45:00+05:30,3051.5,3051.7,3030.0,3042.2,11381
2025-07-22T15:00:00+05:30,3042.2,3053.9,3035.1,3042.9,23348
2025-07-22T15:15:00+05:30,3042.9,3051.0,3039.2,3050.0,25860
2025-07-23T09:15:00+05:30,3045.0,3074.1,3032.9,3035.3,23696
2025-07-23T09:15:00+05:30,3045.0,3074.1,3032.9,3035.3,23696
2025-07-23T09:30:00+05:30,3035.3,3040.0,3005.0,3018.5,51465
2025-07-23T09:45:00+05:30,3017.1,3018.3,3004.5,3013.4,21050
2025-07-23T10:00:00+05:30,3012.2,3014.0,3001.7,3004.5,15879
2025-07-23T10:15:00+05:30,3003.6,3028.9,3002.8,3025.0,20319
2025-07-23T10:30:00+05:30,3025.0,3027.0,3008.0,3010.4,10861
2025-07-23T10:45:00+05:30,3009.5,3015.0,2996.1,2999.1,24154
2025-07-23T11:00:00+05:30,2999.2,3000.0,2986.5,2989.0,20337
2025-07-23T11:15:00+05:30,2988.0,2992.0,2976.0,2988.0,21122
2025-07-23T11:30:00+05:30,2988.0,2988.3,2980.0,2984.5,11749
2025-07-23T11:45:00+05:30,2984.6,2987.9,2980.0,2987.2,11350
2025-07-23T12:00:00+05:30,2986.1,2992.0,2985.3,2991.8,11572
2025-07-23T12:15:00+05:30,2990.0,2995.1,2988.4,2993.1,8240
2025-07-23T12:30:00+05:30,2993.4,3002.9,2990.0,2994.2,11486
2025-07-23T12:45:00+05:30,2992.9,3000.0,2990.0,2997.5,7818
2025-07-23T13:00:00+05:30,2996.4,2998.1,2990.6,2994.2,4610
2025-07-23T13:15:00+05:30,2994.1,2998.8,2991.2,2997.5,6339
2025-07-23T13:30:00+05:30,2997.5,3000.0,2991.0,2996.3,9804
2025-07-23T13:45:00+05:30,2996.3,2997.1,2990.0,2991.1,6439
2025-07-23T14:00:00+05:30,2991.1,2995.3,2990.0,2994.6,6594
2025-07-23T14:15:00+05:30,2994.4,2997.9,2993.0,2995.9,8397
2025-07-23T14:30:00+05:30,2996.0,3002.8,2992.4,3000.0,22553
2025-07-23T14:45:00+05:30,3000.0,3015.0,3000.0,3013.5,20608
2025-07-23T15:00:00+05:30,3013.5,3019.4,3002.0,3003.5,21549
2025-07-23T15:15:00+05:30,3003.5,3016.0,2994.0,3010.0,80544
2025-07-24T09:15:00+05:30,3012.0,3029.9,3005.9,3013.9,14715
2025-07-24T09:30:00+05:30,3012.5,3021.8,3002.5,3021.3,11289
2025-07-24T09:45:00+05:30,3021.2,3027.4,3015.2,3017.5,5559
2025-07-24T10:00:00+05:30,3017.5,3030.0,3015.7,3018.8,10481
2025-07-24T10:15:00+05:30,3020.0,3025.0,3015.8,3017.5,5814
2025-07-24T10:30:00+05:30,3016.8,3017.6,3006.9,3008.7,7895
2025-07-24T10:45:00+05:30,3008.7,3012.0,3000.0,3004.0,9548
2025-07-24T11:00:00+05:30,3004.6,3005.1,3000.0,3002.1,9912
2025-07-24T11:15:00+05:30,3002.4,3009.2,3002.1,3007.9,10600
2025-07-24T11:30:00+05:30,3008.6,3010.2,2995.6,2998.2,9690
2025-07-24T11:45:00+05:30,2998.2,3001.9,2995.0,2998.9,10017
2025-07-24T12:00:00+05:30,2998.9,3000.5,2995.7,2998.9,8389
2025-07-24T12:15:00+05:30,2998.9,3000.1,2994.7,2999.1,8977
2025-07-24T12:30:00+05:30,3000.0,3002.1,2997.9,2999.2,9230
2025-07-24T12:45:00+05:30,3000.0,3000.0,2995.0,2997.6,4202
2025-07-24T13:00:00+05:30,2995.5,2997.9,2992.0,2994.5,6200
2025-07-24T13:15:00+05:30,2993.7,2994.5,2987.1,2988.8,10631
2025-07-24T13:30:00+05:30,2988.7,2989.5,2981.0,2983.9,12789
2025-07-24T13:45:00+05:30,2982.2,2986.7,2980.0,2986.1,8881
2025-07-24T14:00:00+05:30,2987.6,3003.3,2985.6,2999.4,17813
2025-07-24T14:15:00+05:30,2999.3,3004.4,2993.0,3001.5,31295
2025-07-24T14:30:00+05:30,3001.0,3003.7,2992.5,2993.1,15007
2025-07-24T14:45:00+05:30,2993.4,3011.1,2988.0,3009.8,61925
2025-07-24T15:00:00+05:30,3009.8,3013.0,2995.6,3000.0,100845
2025-07-24T15:15:00+05:30,2999.8,3030.0,2998.4,3010.0,81920
2025-07-25T09:15:00+05:30,3003.0,3012.5,2985.7,3005.1,12731
2025-07-25T09:30:00+05:30,3002.5,3011.4,2998.1,3001.8,7021
2025-07-25T09:45:00+05:30,3003.0,3015.5,3000.1,3002.6,13315
2025-07-25T10:00:00+05:30,3002.6,3006.6,2992.4,2994.0,9932
2025-07-25T10:15:00+05:30,2993.0,2995.3,2987.9,2994.0,11601
2025-07-25T10:30:00+05:30,2994.0,2994.3,2989.8,2992.0,8322
2025-07-25T10:45:00+05:30,2992.2,2992.2,2964.0,2972.1,18803
2025-07-25T11:00:00+05:30,2972.2,2977.6,2971.1,2972.7,5442
2025-07-25T11:15:00+05:30,2972.1,2979.3,2971.1,2972.0,7902
2025-07-25T11:30:00+05:30,2972.0,2975.0,2967.0,2967.9,4034
2025-07-25T11:45:00+05:30,2967.0,2969.0,2958.0,2964.0,11413
2025-07-25T12:00:00+05:30,2964.5,2975.8,2963.5,2975.0,9905
2025-07-25T12:15:00+05:30,2975.0,2975.1,2963.1,2969.9,11063
2025-07-25T12:30:00+05:30,2969.9,2985.9,2969.0,2985.0,10812
2025-07-25T12:45:00+05:30,2985.0,2989.8,2975.0,2976.0,6597
2025-07-25T13:00:00+05:30,2976.0,2976.4,2974.3,2976.0,5431
2025-07-25T13:15:00+05:30,2976.0,2977.7,2973.0,2977.7,3312
2025-07-25T13:30:00+05:30,2977.7,2979.9,2976.0,2978.0,2879
2025-07-25T13:45:00+05:30,2978.0,2978.3,2977.0,2978.0,5014
2025-07-25T14:00:00+05:30,2978.0,2978.1,2976.0,2976.0,4975
2025-07-25T14:15:00+05:30,2976.2,2977.1,2970.0,2971.4,4576
2025-07-25T14:30:00+05:30,2970.1,2980.0,2970.0,2978.0,32531
2025-07-25T14:45:00+05:30,2978.0,2978.5,2975.9,2978.0,27955
2025-07-25T15:00:00+05:30,2978.0,2987.9,2972.2,2975.0,52407
2025-07-25T15:15:00+05:30,2974.1,2978.5,2973.3,2978.0,54604
2025-07-28T09:15:00+05:30,2975.2,2986.2,2951.0,2963.7,13552
2025-07-28T09:30:00+05:30,2964.0,3002.5,2961.5,3000.9,38282
2025-07-28T09:45:00+05:30,3000.9,3016.0,2996.4,3003.0,36854
2025-07-28T10:00:00+05:30,3003.0,3003.1,2996.4,2998.9,10273
2025-07-28T10:15:00+05:30,2997.8,3016.0,2996.6,3012.2,23642
2025-07-28T10:30:00+05:30,3012.2,3030.0,3005.0,3007.8,34557
2025-07-28T10:45:00+05:30,3006.6,3008.8,2993.4,2995.8,11961
2025-07-28T11:00:00+05:30,2995.1,3005.9,2995.0,2999.3,10491
2025-07-28T11:15:00+05:30,2999.3,3001.9,2990.2,2993.6,24018
2025-07-28T11:30:00+05:30,2993.8,2993.9,2984.2,2985.0,7241
2025-07-28T11:45:00+05:30,2984.2,2987.9,2975.0,2980.0,8740
2025-07-28T12:00:00+05:30,2977.9,2981.4,2975.0,2979.8,16347
2025-07-28T12:15:00+05:30,2979.6,2981.6,2973.0,2973.0,16440
2025-07-28T12:30:00+05:30,2973.1,2975.0,2970.0,2971.3,3782
2025-07-28T12:45:00+05:30,2970.8,2971.5,2964.6,2969.1,8025
2025-07-28T13:00:00+05:30,2968.9,2968.9,2958.3,2959.7,7984
2025-07-28T13:15:00+05:30,2959.3,2962.4,2952.1,2956.6,12878
2025-07-28T13:30:00+05:30,2957.6,2970.8,2950.2,2950.2,22022
2025-07-28T13:45:00+05:30,2950.9,2954.4,2934.0,2935.0,19122
2025-07-28T14:00:00+05:30,2934.5,2949.6,2930.0,2935.0,36976
2025-07-28T14:15:00+05:30,2935.0,2938.0,2930.0,2936.1,19656
2025-07-28T14:30:00+05:30,2938.7,2946.1,2934.3,2943.5,16717
2025-07-28T14:45:00+05:30,2943.7,3001.0,2936.6,2994.2,72462
2025-07-28T15:00:00+05:30,2994.1,3049.0,2983.3,3022.3,144534
2025-07-28T15:15:00+05:30,3024.0,3050.0,2992.3,2995.2,135861
2025-07-29T09:15:00+05:30,2991.0,3011.2,2980.9,2983.5,24086
2025-07-29T09:30:00+05:30,2983.5,3008.7,2981.6,2984.9,24235
2025-07-29T09:45:00+05:30,2984.9,2989.7,2982.1,2983.2,35808
2025-07-29T10:00:00+05:30,2984.0,2985.7,2966.5,2967.7,20769
2025-07-29T10:15:00+05:30,2967.7,2981.5,2965.6,2978.1,24079
2025-07-29T10:30:00+05:30,2978.1,2980.2,2974.0,2975.7,24551
2025-07-29T10:45:00+05:30,2975.7,2976.0,2962.0,2965.8,30399
2025-07-29T11:00:00+05:30,2965.8,2983.4,2965.2,2977.7,15558
2025-07-29T11:15:00+05:30,2977.7,2982.0,2972.6,2978.4,13829
2025-07-29T11:30:00+05:30,2978.8,2981.8,2971.4,2974.0,13203
2025-07-29T11:45:00+05:30,2974.5,2974.5,2965.0,2973.3,12038
2025-07-29T12:00:00+05:30,2973.3,2987.6,2973.3,2985.0,10778
2025-07-29T12:15:00+05:30,2985.0,2990.9,2985.0,2990.0,10343
2025-07-29T12:30:00+05:30,2989.9,2990.7,2977.4,2990.0,12584
2025-07-29T12:45:00+05:30,2990.0,2995.0,2986.6,2994.9,9526
2025-07-29T13:00:00+05:30,2994.2,2995.0,2987.1,2991.7,12809
2025-07-29T13:15:00+05:30,2991.8,2995.3,2989.8,2990.0,15225
2025-07-29T13:30:00+05:30,2990.7,2998.2,2988.9,2997.0,18822
2025-07-29T13:45:00+05:30,2997.0,3020.9,2996.4,3019.7,54786
2025-07-29T14:00:00+05:30,3019.7,3030.0,3010.6,3010.6,14846
2025-07-29T14:15:00+05:30,3011.6,3020.5,3010.6,3018.2,8954
2025-07-29T14:30:00+05:30,3018.2,3032.2,3010.0,3031.2,31786
2025-07-29T14:45:00+05:30,3031.2,3036.0,3028.6,3036.0,50810
2025-07-29T15:00:00+05:30,3036.7,3045.0,3029.6,3033.6,91958
2025-07-29T15:15:00+05:30,3034.1,3045.0,3030.0,3042.0,40951
2025-07-30T09:15:00+05:30,3036.9,3172.0,3036.9,3136.3,238379
2025-07-30T09:30:00+05:30,3135.1,3169.0,3125.0,3151.2,89826
2025-07-30T09:45:00+05:30,3151.5,3151.7,3121.7,3135.0,35137
2025-07-30T10:00:00+05:30,3134.6,3156.9,3133.0,3156.7,35288
2025-07-30T10:15:00+05:30,3154.7,3215.7,3150.9,3198.9,126042
2025-07-30T10:30:00+05:30,3198.7,3199.0,3177.9,3187.5,33820
2025-07-30T10:45:00+05:30,3188.0,3197.9,3172.0,3193.1,22017
2025-07-30T11:00:00+05:30,3191.8,3204.7,3184.0,3202.6,22150
2025-07-30T11:15:00+05:30,3202.6,3243.9,3198.0,3225.9,76853
2025-07-30T11:30:00+05:30,3225.5,3225.9,3211.1,3218.6,28980
2025-07-30T11:45:00+05:30,3218.7,3260.0,3216.2,3258.2,68600
2025-07-30T12:00:00+05:30,3259.8,3275.0,3221.5,3229.8,131960
2025-07-30T12:15:00+05:30,3229.1,3230.0,3206.6,3227.4,41403
2025-07-30T12:30:00+05:30,3227.3,3239.0,3206.0,3229.4,36913
2025-07-30T12:45:00+05:30,3229.2,3229.9,3220.2,3221.1,13804
2025-07-30T13:00:00+05:30,3221.1,3224.9,3215.3,3217.4,13863
2025-07-30T13:15:00+05:30,3217.9,3220.9,3217.1,3219.4,10492
2025-07-30T13:30:00+05:30,3219.3,3220.5,3203.3,3209.7,23948
2025-07-30T13:45:00+05:30,3209.8,3220.7,3207.7,3220.0,19932
2025-07-30T14:00:00+05:30,3219.9,3220.4,3212.8,3218.4,12581
2025-07-30T14:15:00+05:30,3218.2,3230.0,3216.0,3217.8,25247
2025-07-30T14:30:00+05:30,3217.8,3224.0,3216.1,3218.9,48554
2025-07-30T14:45:00+05:30,3219.8,3230.0,3217.8,3228.5,29385
2025-07-30T15:00:00+05:30,3228.5,3244.0,3224.4,3229.2,51064
2025-07-30T15:15:00+05:30,3229.2,3230.0,3216.5,3230.0,63080
2025-07-31T09:15:00+05:30,3193.0,3277.1,3180.0,3240.0,72816
2025-07-31T09:30:00+05:30,3241.6,3250.0,3231.0,3243.0,29102
2025-07-31T09:45:00+05:30,3243.0,3260.0,3240.1,3250.3,45912
2025-07-31T10:00:00+05:30,3250.3,3252.1,3231.0,3234.4,28544
2025-07-31T10:15:00+05:30,3233.8,3242.9,3232.0,3234.8,24809
2025-07-31T10:30:00+05:30,3234.9,3251.1,3234.2,3241.3,18800
2025-07-31T10:45:00+05:30,3241.3,3247.0,3239.0,3245.0,10973
2025-07-31T11:00:00+05:30,3245.0,3258.8,3242.0,3246.9,15495
2025-07-31T11:15:00+05:30,3247.0,3257.6,3245.1,3257.6,13424
2025-07-31T11:30:00+05:30,3259.0,3264.9,3247.9,3259.7,18558
2025-07-31T11:45:00+05:30,3259.7,3261.6,3245.1,3247.6,11992
2025-07-31T12:00:00+05:30,3247.6,3249.3,3243.7,3245.9,8940
2025-07-31T12:15:00+05:30,3245.9,3250.0,3245.8,3249.5,6906
2025-07-31T12:30:00+05:30,3249.5,3249.9,3240.0,3246.2,10957
2025-07-31T12:45:00+05:30,3245.4,3252.9,3242.8,3252.5,8388
2025-07-31T13:00:00+05:30,3252.5,3263.9,3247.2,3252.4,25966
2025-07-31T13:15:00+05:30,3252.0,3258.0,3250.7,3252.0,15409
2025-07-31T13:30:00+05:30,3252.0,3256.0,3251.0,3256.0,10082
2025-07-31T13:45:00+05:30,3256.0,3258.4,3241.9,3243.6,14100
2025-07-31T14:00:00+05:30,3243.6,3248.0,3237.0,3245.1,13731
2025-07-31T14:15:00+05:30,3245.3,3253.0,3244.9,3249.5,14507
2025-07-31T14:30:00+05:30,3249.8,3255.0,3246.8,3248.0,22284
2025-07-31T14:45:00+05:30,3247.8,3255.0,3245.9,3253.1,26619
2025-07-31T15:00:00+05:30,3253.8,3255.7,3240.6,3240.6,37520
2025-07-31T15:15:00+05:30,3244.2,3245.0,3200.0,3221.0,54222
2025-08-01T09:15:00+05:30,3232.0,3247.9,3162.5,3169.9,55401
2025-08-01T09:30:00+05:30,3169.9,3207.4,3162.1,3191.1,42815
2025-08-01T09:45:00+05:30,3191.1,3199.7,3173.5,3191.5,13903
2025-08-01T10:00:00+05:30,3191.5,3206.8,3182.0,3184.6,17082
2025-08-01T10:15:00+05:30,3184.5,3197.0,3183.2,3197.0,3726
2025-08-01T10:30:00+05:30,3197.0,3209.0,3196.4,3199.4,11140
2025-08-01T10:45:00+05:30,3199.7,3206.7,3195.0,3200.9,5730
2025-08-01T11:00:00+05:30,3200.9,3212.8,3200.9,3201.5,8031
2025-08-01T11:15:00+05:30,3201.5,3219.4,3201.5,3213.6,9069
2025-08-01T11:30:00+05:30,3213.5,3213.5,3201.5,3207.6,6248
2025-08-01T11:45:00+05:30,3208.0,3224.3,3205.7,3213.7,12382
2025-08-01T12:00:00+05:30,3213.7,3218.2,3204.5,3208.4,8429
2025-08-01T12:15:00+05:30,3208.8,3210.0,3195.1,3195.4,11454
2025-08-01T12:30:00+05:30,3195.4,3200.7,3186.8,3190.6,16781
2025-08-01T12:45:00+05:30,3190.5,3190.9,3177.0,3178.8,14308
2025-08-01T13:00:00+05:30,3179.1,3185.4,3172.0,3184.4,11672
2025-08-01T13:15:00+05:30,3183.3,3188.0,3181.1,3184.5,9287
2025-08-01T13:30:00+05:30,3184.2,3185.0,3171.1,3173.5,7008
2025-08-01T13:45:00+05:30,3173.5,3178.0,3171.4,3173.1,16029
2025-08-01T14:00:00+05:30,3173.1,3175.0,3173.1,3174.9,12774
2025-08-01T14:15:00+05:30,3174.9,3177.0,3164.0,3171.6,32082
2025-08-01T14:30:00+05:30,3171.5,3175.0,3163.1,3167.2,15921
2025-08-01T14:45:00+05:30,3166.5,3175.0,3165.1,3170.9,17876
2025-08-01T15:00:00+05:30,3170.9,3175.0,3163.3,3166.8,30662
2025-08-01T15:15:00+05:30,3166.7,3175.0,3145.0,3147.0,45177
2025-08-04T09:15:00+05:30,3170.0,3190.0,3137.0,3154.3,85579
2025-08-04T09:30:00+05:30,3154.3,3169.9,3141.0,3141.5,39811
2025-08-04T09:45:00+05:30,3141.1,3141.1,3116.6,3123.7,24823
2025-08-04T10:00:00+05:30,3124.0,3154.0,3124.0,3149.7,24575
2025-08-04T10:15:00+05:30,3149.7,3154.3,3136.1,3145.1,67807
2025-08-04T10:30:00+05:30,3145.4,3149.5,3138.5,3147.5,40299
2025-08-04T10:45:00+05:30,3146.4,3157.9,3140.0,3157.9,36896
2025-08-04T11:00:00+05:30,3157.9,3183.4,3155.2,3177.9,59838
2025-08-04T11:15:00+05:30,3177.0,3229.0,3168.1,3202.9,81597
2025-08-04T11:30:00+05:30,3203.1,3217.5,3183.2,3185.3,30171
2025-08-04T11:45:00+05:30,3185.4,3219.0,3177.1,3209.0,37449
2025-08-04T12:00:00+05:30,3209.0,3218.1,3203.8,3213.4,14464
2025-08-04T12:15:00+05:30,3213.3,3241.8,3210.5,3231.7,20932
2025-08-04T12:30:00+05:30,3231.7,3234.0,3213.6,3215.5,15189
2025-08-04T12:45:00+05:30,3214.3,3214.3,3200.1,3205.4,14902
2025-08-04T13:00:00+05:30,3205.4,3210.0,3198.5,3201.4,21986
2025-08-04T13:15:00+05:30,3201.3,3202.7,3186.0,3186.0,12451
2025-08-04T13:30:00+05:30,3186.0,3202.5,3186.0,3198.5,12971
2025-08-04T13:45:00+05:30,3198.5,3200.7,3196.5,3199.4,12796
2025-08-04T14:00:00+05:30,3199.4,3203.8,3193.4,3197.5,17142
2025-08-04T14:15:00+05:30,3197.5,3201.2,3195.0,3200.4,24303
2025-08-04T14:30:00+05:30,3200.5,3203.5,3197.0,3200.4,34790
2025-08-04T14:45:00+05:30,3200.5,3210.1,3198.6,3209.9,25641
2025-08-04T15:00:00+05:30,3210.1,3243.0,3210.1,3243.0,45247
2025-08-04T15:15:00+05:30,3243.1,3249.8,3225.0,3235.5,54274
2025-08-05T09:15:00+05:30,3370.0,3419.0,3300.0,3343.9,309029
2025-08-05T09:30:00+05:30,3344.0,3360.0,3304.2,3354.8,87816
2025-08-05T09:45:00+05:30,3353.8,3395.0,3348.0,3380.5,159551
2025-08-05T10:00:00+05:30,3380.5,3394.0,3355.3,3382.9,62173
2025-08-05T10:15:00+05:30,3383.2,3410.0,3336.9,3342.8,116348
2025-08-05T10:30:00+05:30,3343.8,3348.0,3318.0,3340.0,70201
2025-08-05T10:45:00+05:30,3339.6,3340.0,3317.7,3330.6,33934
2025-08-05T11:00:00+05:30,3330.1,3363.7,3321.7,3352.9,38990
2025-08-05T11:15:00+05:30,3355.3,3374.6,3348.7,3363.7,36419
2025-08-05T11:30:00+05:30,3362.7,3367.5,3345.0,3347.7,20925
2025-08-05T11:45:00+05:30,3347.6,3379.4,3343.7,3370.3,47149
2025-08-05T12:00:00+05:30,3369.8,3371.0,3360.0,3361.7,27717
2025-08-05T12:15:00+05:30,3361.7,3365.0,3357.3,3360.0,21050
2025-08-05T12:30:00+05:30,3359.1,3360.0,3336.2,3339.0,20401
2025-08-05T12:45:00+05:30,3338.8,3343.6,3337.6,3341.7,12050
2025-08-05T13:00:00+05:30,3341.3,3347.0,3338.0,3341.0,15219
2025-08-05T13:15:00+05:30,3340.0,3364.0,3339.0,3354.4,23655
2025-08-05T13:30:00+05:30,3356.5,3360.0,3352.2,3357.4,18041
2025-08-05T13:45:00+05:30,3354.6,3357.7,3348.0,3350.9,13129
2025-08-05T14:00:00+05:30,3349.2,3350.8,3338.0,3348.8,20337
2025-08-05T14:15:00+05:30,3349.7,3350.0,3327.5,3329.9,21720
2025-08-05T14:30:00+05:30,3329.9,3340.0,3291.0,3299.0,100027
2025-08-05T14:45:00+05:30,3298.7,3303.4,3286.1,3291.6,45862
2025-08-05T15:00:00+05:30,3291.3,3293.2,3244.1,3249.6,183307
2025-08-05T15:15:00+05:30,3249.6,3254.7,3240.1,3249.9,103178
2025-08-06T09:15:00+05:30,3275.0,3289.0,3186.3,3214.0,60479
2025-08-06T09:30:00+05:30,3214.0,3218.4,3168.1,3178.2,41929
2025-08-06T09:45:00+05:30,3178.2,3180.4,3160.0,3166.5,29421
2025-08-06T10:00:00+05:30,3165.4,3171.0,3160.9,3168.4,19922
2025-08-06T10:15:00+05:30,3168.4,3185.8,3167.2,3184.8,37805
2025-08-06T10:30:00+05:30,3184.8,3189.2,3175.4,3179.0,13501
2025-08-06T10:45:00+05:30,3179.0,3181.2,3160.0,3163.4,19083
2025-08-06T11:00:00+05:30,3163.4,3169.4,3152.9,3165.0,23453
2025-08-06T11:15:00+05:30,3165.0,3169.4,3159.2,3168.9,10262
2025-08-06T11:30:00+05:30,3168.9,3169.0,3155.5,3163.6,38703
2025-08-06T11:45:00+05:30,3162.2,3168.9,3154.0,3159.4,14085
2025-08-06T12:00:00+05:30,3159.0,3165.0,3147.0,3162.3,66352
2025-08-06T12:15:00+05:30,3162.1,3164.7,3157.4,3161.3,7379
2025-08-06T12:30:00+05:30,3162.2,3165.0,3157.0,3157.0,6606
2025-08-06T12:45:00+05:30,3158.6,3162.1,3152.0,3158.6,11630
2025-08-06T13:00:00+05:30,3157.9,3159.8,3155.0,3158.3,4895
2025-08-06T13:15:00+05:30,3158.3,3160.5,3157.9,3159.0,6476
2025-08-06T13:30:00+05:30,3159.0,3159.8,3152.2,3153.6,6917
2025-08-06T13:45:00+05:30,3154.0,3158.4,3152.0,3155.0,13784
2025-08-06T14:00:00+05:30,3154.8,3155.4,3152.0,3154.7,8303
2025-08-06T14:15:00+05:30,3154.7,3166.0,3153.5,3163.2,25288
2025-08-06T14:30:00+05:30,3163.4,3167.0,3141.8,3146.7,19242
2025-08-06T14:45:00+05:30,3147.1,3160.0,3145.5,3152.9,33492
2025-08-06T15:00:00+05:30,3150.5,3162.6,3141.0,3156.4,40819
2025-08-06T15:15:00+05:30,3156.4,3190.0,3148.1,3156.2,61985
2025-08-07T09:15:00+05:30,3161.8,3166.9,3135.3,3156.4,29630
2025-08-07T09:30:00+05:30,3158.3,3178.0,3145.2,3150.0,31389
2025-08-07T09:45:00+05:30,3148.7,3190.0,3148.7,3165.0,29308
2025-08-07T10:00:00+05:30,3164.0,3173.0,3158.7,3166.0,11049
2025-08-07T10:15:00+05:30,3166.0,3190.0,3163.2,3173.4,19551
2025-08-07T10:30:00+05:30,3173.4,3182.6,3171.2,3179.0,10057
2025-08-07T10:45:00+05:30,3178.9,3190.0,3168.5,3168.9,40069
2025-08-07T11:00:00+05:30,3169.7,3175.9,3160.0,3164.9,11476
2025-08-07T11:15:00+05:30,3165.6,3175.0,3159.5,3161.0,26270
2025-08-07T11:30:00+05:30,3162.0,3164.0,3157.0,3158.0,10300
2025-08-07T11:45:00+05:30,3158.0,3159.7,3147.5,3149.5,16139
2025-08-07T12:00:00+05:30,3149.8,3150.0,3135.0,3140.0,11266
2025-08-07T12:15:00+05:30,3140.0,3141.9,3138.3,3140.0,14586
2025-08-07T12:30:00+05:30,3139.8,3150.0,3138.6,3145.0,15599
2025-08-07T12:45:00+05:30,3145.0,3147.0,3141.6,3144.9,5573
2025-08-07T13:00:00+05:30,3144.9,3145.0,3125.0,3128.0,8110
2025-08-07T13:15:00+05:30,3127.6,3135.0,3119.9,3132.0,14977
2025-08-07T13:30:00+05:30,3132.0,3132.5,3117.5,3129.1,11136
2025-08-07T13:45:00+05:30,3129.1,3133.4,3123.0,3131.0,23036
2025-08-07T14:00:00+05:30,3131.9,3139.9,3125.4,3139.3,22522
2025-08-07T14:15:00+05:30,3139.3,3155.6,3135.0,3155.6,31846
2025-08-07T14:30:00+05:30,3155.4,3158.0,3150.1,3150.1,50692
2025-08-07T14:45:00+05:30,3153.6,3167.7,3153.6,3166.5,35140
2025-08-07T15:00:00+05:30,3166.5,3181.0,3154.7,3174.6,50544
2025-08-07T15:15:00+05:30,3174.6,3199.0,3169.8,3196.0,44145
2025-08-08T09:15:00+05:30,3200.0,3209.5,3171.0,3194.3,26376
2025-08-08T09:30:00+05:30,3194.3,3196.0,3173.0,3179.2,10914
2025-08-08T09:45:00+05:30,3179.8,3181.3,3145.3,3145.3,19064
2025-08-08T10:00:00+05:30,3145.3,3153.0,3142.3,3149.2,5322
2025-08-08T10:15:00+05:30,3149.2,3150.8,3143.1,3145.0,6753
2025-08-08T10:30:00+05:30,3145.0,3150.6,3121.1,3125.9,13667
2025-08-08T10:45:00+05:30,3125.9,3128.3,3121.2,3124.1,7508
2025-08-08T11:00:00+05:30,3124.1,3126.6,3116.0,3126.6,8603
2025-08-08T11:15:00+05:30,3126.1,3132.2,3114.2,3119.0,38433
2025-08-08T11:30:00+05:30,3118.0,3124.2,3111.1,3122.1,6961
2025-08-08T11:45:00+05:30,3122.5,3125.0,3118.0,3118.8,5723
2025-08-08T12:00:00+05:30,3119.3,3119.3,3107.8,3109.8,9449
2025-08-08T12:15:00+05:30,3109.8,3112.0,3095.7,3099.0,30866
2025-08-08T12:30:00+05:30,3098.9,3109.0,3092.6,3102.0,13578
2025-08-08T12:45:00+05:30,3101.1,3124.0,3097.7,3100.0,43077
2025-08-08T13:00:00+05:30,3100.0,3107.0,3098.0,3103.0,33076
2025-08-08T13:15:00+05:30,3103.3,3109.0,3097.9,3105.0,38014
2025-08-08T13:30:00+05:30,3105.0,3115.0,3104.1,3110.8,19635
2025-08-08T13:45:00+05:30,3110.8,3114.9,3097.0,3105.4,12574
2025-08-08T14:00:00+05:30,3105.4,3106.9,3085.2,3092.8,21479
2025-08-08T14:15:00+05:30,3092.9,3097.0,3088.0,3089.6,7279
2025-08-08T14:30:00+05:30,3089.5,3092.8,3074.7,3087.0,30915
2025-08-08T14:45:00+05:30,3086.5,3087.9,3081.4,3086.3,21501
2025-08-08T15:00:00+05:30,3086.3,3087.9,3074.8,3077.1,36456
2025-08-08T15:15:00+05:30,3076.9,3096.6,3075.0,3094.0,100551
2025-08-11T09:15:00+05:30,3090.0,3091.9,3040.8,3078.9,82551
2025-08-11T09:30:00+05:30,3078.9,3090.9,3063.1,3071.0,63034
2025-08-11T09:45:00+05:30,3071.0,3075.0,3064.7,3066.6,33478
2025-08-11T10:00:00+05:30,3067.4,3091.0,3062.6,3083.2,38153
2025-08-11T10:15:00+05:30,3083.7,3099.9,3078.5,3099.9,63792
2025-08-11T10:30:00+05:30,3099.9,3150.0,3082.3,3122.6,65928
2025-08-11T10:45:00+05:30,3122.8,3143.3,3122.2,3130.0,32909
2025-08-11T11:00:00+05:30,3130.0,3158.7,3129.4,3132.6,53030
2025-08-11T11:15:00+05:30,3132.6,3164.9,3125.0,3162.5,50125
2025-08-11T11:30:00+05:30,3163.3,3163.3,3127.1,3136.3,34351
2025-08-11T11:45:00+05:30,3136.6,3136.6,3115.3,3120.6,31441
2025-08-11T12:00:00+05:30,3120.6,3124.4,3108.2,3121.5,29159
2025-08-11T12:15:00+05:30,3120.5,3135.0,3113.5,3135.0,39081
2025-08-11T12:30:00+05:30,3135.2,3149.0,3131.2,3140.0,45160
2025-08-11T12:45:00+05:30,3140.0,3145.1,3130.8,3144.4,23299
2025-08-11T13:00:00+05:30,3144.4,3144.9,3133.6,3139.2,17041
2025-08-11T13:15:00+05:30,3138.7,3141.0,3128.7,3129.0,22319
2025-08-11T13:30:00+05:30,3128.8,3129.5,3117.4,3119.9,19762
2025-08-11T13:45:00+05:30,3118.6,3124.5,3108.7,3124.5,19751
2025-08-11T14:00:00+05:30,3124.5,3134.5,3121.2,3127.3,13155
2025-08-11T14:15:00+05:30,3126.3,3128.8,3113.8,3120.3,28042
2025-08-11T14:30:00+05:30,3120.3,3134.7,3118.0,3119.9,41666
2025-08-11T14:45:00+05:30,3120.2,3127.2,3118.4,3125.0,40469
2025-08-11T15:00:00+05:30,3125.0,3134.4,3119.2,3120.0,71812
2025-08-11T15:15:00+05:30,3120.0,3124.2,3099.0,3099.1,160003
2025-08-12T09:15:00+05:30,3124.0,3143.4,3116.0,3135.4,27430
2025-08-12T09:30:00+05:30,3135.0,3164.5,3134.6,3164.2,51629
2025-08-12T09:45:00+05:30,3164.0,3169.5,3145.2,3162.4,47363
2025-08-12T10:00:00+05:30,3162.4,3172.7,3156.0,3156.0,18105
2025-08-12T10:15:00+05:30,3156.0,3168.6,3154.0,3160.5,26208
2025-08-12T10:30:00+05:30,3160.7,3161.9,3148.1,3148.1,21191
2025-08-12T10:45:00+05:30,3149.9,3171.0,3148.7,3170.0,29287
2025-08-12T11:00:00+05:30,3169.5,3178.0,3167.0,3172.3,16490
2025-08-12T11:15:00+05:30,3172.4,3186.0,3170.0,3176.1,20175
2025-08-12T11:30:00+05:30,3176.1,3179.7,3166.9,3176.8,12411
2025-08-12T11:45:00+05:30,3175.8,3217.6,3175.7,3200.0,35025
2025-08-12T12:00:00+05:30,3200.0,3207.5,3199.1,3200.0,50864
2025-08-12T12:15:00+05:30,3199.9,3203.3,3199.9,3200.0,34181
2025-08-12T12:30:00+05:30,3200.0,3218.1,3198.1,3199.8,17897
2025-08-12T12:45:00+05:30,3198.1,3202.0,3187.1,3191.8,11780
2025-08-12T13:00:00+05:30,3190.9,3197.3,3190.0,3193.8,4344
2025-08-12T13:15:00+05:30,3194.8,3195.3,3180.0,3184.6,12353
2025-08-12T13:30:00+05:30,3184.6,3186.8,3184.1,3185.0,4788
2025-08-12T13:45:00+05:30,3185.0,3190.0,3184.9,3189.4,5695
2025-08-12T14:00:00+05:30,3189.4,3189.4,3179.1,3180.0,24208
2025-08-12T14:15:00+05:30,3180.0,3180.4,3172.7,3175.0,13287
2025-08-12T14:30:00+05:30,3174.8,3178.0,3168.0,3169.9,13333
2025-08-12T14:45:00+05:30,3170.0,3170.0,3162.5,3169.7,11609
2025-08-12T15:00:00+05:30,3170.0,3170.8,3140.1,3142.0,84886
2025-08-12T15:15:00+05:30,3141.0,3153.3,3135.1,3145.0,80458
2025-08-13T09:15:00+05:30,3190.0,3200.1,3155.0,3188.3,35715
2025-08-13T09:30:00+05:30,3188.3,3196.5,3180.0,3190.0,19737
2025-08-13T09:45:00+05:30,3189.8,3195.1,3178.5,3188.6,16796
2025-08-13T10:00:00+05:30,3188.0,3199.0,3187.7,3191.6,15205
2025-08-13T10:15:00+05:30,3192.5,3203.1,3192.5,3195.2,25339
2025-08-13T10:30:00+05:30,3195.2,3195.2,3179.5,3184.3,12660
2025-08-13T10:45:00+05:30,3184.0,3190.0,3174.7,3189.0,12123
2025-08-13T11:00:00+05:30,3188.3,3198.9,3183.5,3184.0,14070
2025-08-13T11:15:00+05:30,3184.0,3190.0,3181.1,3185.6,12407
2025-08-13T11:30:00+05:30,3185.7,3189.7,3179.5,3179.5,10214
2025-08-13T11:45:00+05:30,3179.5,3186.0,3178.5,3180.8,9295
2025-08-13T12:00:00+05:30,3180.8,3188.0,3175.6,3185.4,15737
2025-08-13T12:15:00+05:30,3185.4,3191.0,3184.7,3185.0,25478
2025-08-13T12:30:00+05:30,3185.0,3187.4,3179.0,3179.5,10874
2025-08-13T12:45:00+05:30,3180.0,3184.4,3162.4,3168.9,9556
2025-08-13T13:00:00+05:30,3168.2,3170.3,3162.8,3168.5,7279
2025-08-13T13:15:00+05:30,3168.5,3169.0,3156.0,3158.6,10058
2025-08-13T13:30:00+05:30,3158.6,3163.5,3158.1,3160.0,6516
2025-08-13T13:45:00+05:30,3159.8,3162.8,3153.0,3153.9,16168
2025-08-13T14:00:00+05:30,3153.0,3159.4,3145.5,3150.0,12892
2025-08-13T14:15:00+05:30,3150.0,3151.9,3146.0,3147.1,24459
2025-08-13T14:30:00+05:30,3147.4,3152.8,3147.0,3150.0,24894
2025-08-13T14:45:00+05:30,3150.0,3167.9,3149.9,3164.0,21401
2025-08-13T15:00:00+05:30,3164.0,3176.0,3149.9,3150.0,32527
2025-08-13T15:15:00+05:30,3149.9,3172.3,3149.9,3160.7,31580
2025-08-14T09:15:00+05:30,3173.9,3204.9,3165.4,3197.3,38466
2025-08-14T09:30:00+05:30,3198.8,3201.8,3183.6,3201.0,15076
2025-08-14T09:45:00+05:30,3197.2,3201.0,3160.0,3163.0,20082
2025-08-14T10:00:00+05:30,3162.9,3183.2,3162.9,3178.3,9289
2025-08-14T10:15:00+05:30,3178.6,3194.6,3171.8,3191.0,8148
2025-08-14T10:30:00+05:30,3191.0,3197.6,3188.6,3192.3,7041
2025-08-14T10:45:00+05:30,3192.3,3194.5,3179.5,3183.6,7563
2025-08-14T11:00:00+05:30,3185.5,3189.9,3177.1,3183.0,7012
2025-08-14T11:15:00+05:30,3183.0,3194.4,3169.4,3190.0,13298
2025-08-14T11:30:00+05:30,3190.7,3194.9,3187.3,3189.2,10994
2025-08-14T11:45:00+05:30,3190.4,3197.9,3188.0,3197.8,9444
2025-08-14T12:00:00+05:30,3196.0,3207.0,3185.0,3185.6,41441
2025-08-14T12:15:00+05:30,3187.9,3191.0,3180.8,3189.8,4925
2025-08-14T12:30:00+05:30,3188.0,3191.4,3170.2,3173.2,6022
2025-08-14T12:45:00+05:30,3170.3,3173.2,3160.1,3164.1,13328
2025-08-14T13:00:00+05:30,3166.4,3180.1,3162.3,3165.1,13921
2025-08-14T13:15:00+05:30,3165.1,3167.4,3162.3,3164.9,4767
2025-08-14T13:30:00+05:30,3164.9,3166.5,3162.0,3165.0,5822
2025-08-14T13:45:00+05:30,3165.0,3167.3,3162.1,3163.5,5188
2025-08-14T14:00:00+05:30,3165.0,3170.0,3162.0,3162.9,5282
2025-08-14T14:15:00+05:30,3163.2,3165.2,3155.8,3162.2,10473
2025-08-14T14:30:00+05:30,3162.4,3177.5,3162.2,3175.0,3811
2025-08-14T14:45:00+05:30,3175.0,3183.3,3172.2,3180.9,5788
2025-08-14T15:00:00+05:30,3182.0,3182.6,3169.5,3172.4,11095
2025-08-14T15:15:00+05:30,3171.0,3177.1,3164.0,3173.6,12818
2025-08-18T09:15:00+05:30,3151.0,3258.0,3151.0,3231.1,109453
2025-08-18T09:30:00+05:30,3231.1,3256.5,3184.6,3218.6,117903
2025-08-18T09:45:00+05:30,3219.9,3229.0,3215.5,3224.0,124954
2025-08-18T10:00:00+05:30,3224.0,3235.0,3218.7,3223.8,25087
2025-08-18T10:15:00+05:30,3222.8,3227.9,3219.9,3223.6,64809
2025-08-18T10:30:00+05:30,3224.5,3225.0,3204.8,3205.0,23734
2025-08-18T10:45:00+05:30,3205.0,3206.3,3192.2,3194.6,22239
2025-08-18T11:00:00+05:30,3193.9,3200.7,3192.9,3199.9,20463
2025-08-18T11:15:00+05:30,3199.9,3200.6,3197.4,3198.6,18922
2025-08-18T11:30:00+05:30,3197.8,3202.0,3197.8,3200.9,14250
2025-08-18T11:45:00+05:30,3200.9,3204.8,3193.7,3200.6,20962
2025-08-18T12:00:00+05:30,3200.6,3202.8,3198.0,3199.9,18981
2025-08-18T12:15:00+05:30,3200.0,3201.0,3196.0,3201.0,15112
2025-08-18T12:30:00+05:30,3199.9,3201.0,3190.0,3196.8,21076
2025-08-18T12:45:00+05:30,3197.7,3200.0,3193.5,3196.0,10440
2025-08-18T13:00:00+05:30,3196.0,3196.9,3175.0,3179.2,22830
2025-08-18T13:15:00+05:30,3179.5,3184.5,3174.0,3176.1,20836
2025-08-18T13:30:00+05:30,3176.3,3181.2,3166.2,3169.0,16015
2025-08-18T13:45:00+05:30,3169.0,3169.0,3142.5,3150.4,65524
2025-08-18T14:00:00+05:30,3150.5,3175.0,3148.9,3170.9,25788
2025-08-18T14:15:00+05:30,3170.8,3174.9,3148.5,3155.0,17689
2025-08-18T14:30:00+05:30,3155.0,3169.0,3150.0,3155.0,26908
2025-08-18T14:45:00+05:30,3155.0,3172.9,3149.0,3168.2,29276
2025-08-18T15:00:00+05:30,3168.2,3185.0,3154.8,3160.6,89120
2025-08-18T15:15:00+05:30,3160.6,3176.5,3157.1,3170.5,63923
2025-08-19T09:15:00+05:30,3175.0,3194.0,3159.7,3167.7,15622
2025-08-19T09:30:00+05:30,3168.2,3172.0,3156.1,3165.0,10098
2025-08-19T09:45:00+05:30,3165.0,3180.6,3163.6,3179.0,8459
2025-08-19T10:00:00+05:30,3179.9,3182.7,3171.2,3176.6,17658
2025-08-19T10:15:00+05:30,3176.6,3176.7,3156.0,3159.3,28598
2025-08-19T10:30:00+05:30,3158.0,3169.3,3156.6,3161.7,17133
2025-08-19T10:45:00+05:30,3161.9,3171.8,3161.8,3168.4,9976
2025-08-19T11:00:00+05:30,3168.4,3177.7,3168.2,3177.2,9825
2025-08-19T11:15:00+05:30,3177.3,3184.0,3175.0,3176.7,9037
2025-08-19T11:30:00+05:30,3176.7,3182.3,3173.0,3176.9,5868
2025-08-19T11:45:00+05:30,3175.5,3176.9,3172.5,3175.4,5509
2025-08-19T12:00:00+05:30,3174.8,3175.4,3166.0,3169.6,12963
2025-08-19T12:15:00+05:30,3169.6,3172.0,3168.5,3172.0,7696
2025-08-19T12:30:00+05:30,3170.8,3172.1,3167.3,3171.7,5655
2025-08-19T12:45:00+05:30,3171.0,3171.7,3168.2,3170.0,3524
2025-08-19T13:00:00+05:30,3170.0,3171.7,3167.3,3170.0,6766
2025-08-19T13:15:00+05:30,3169.2,3172.1,3167.3,3171.0,5220
2025-08-19T13:30:00+05:30,3169.5,3171.1,3167.0,3168.1,3909
2025-08-19T13:45:00+05:30,3167.0,3170.0,3164.0,3166.3,5480
2025-08-19T14:00:00+05:30,3165.9,3168.9,3164.4,3167.2,3698
2025-08-19T14:15:00+05:30,3167.0,3167.9,3160.7,3164.4,6455
2025-08-19T14:30:00+05:30,3163.8,3169.7,3163.8,3168.0,7557
2025-08-19T14:45:00+05:30,3168.0,3169.8,3163.4,3169.2,17230
2025-08-19T15:00:00+05:30,3168.9,3205.0,3167.1,3196.7,45892
2025-08-19T15:15:00+05:30,3196.4,3209.1,3190.5,3195.0,45846
2025-08-20T09:15:00+05:30,3205.0,3238.8,3196.6,3226.4,60426
2025-08-20T09:30:00+05:30,3227.6,3228.1,3190.0,3214.4,29358
2025-08-20T09:45:00+05:30,3215.0,3239.0,3214.4,3235.5,20194
2025-08-20T10:00:00+05:30,3235.4,3244.2,3224.9,3237.9,27233
2025-08-20T10:15:00+05:30,3236.8,3257.9,3236.8,3251.7,35055
2025-08-20T10:30:00+05:30,3250.1,3261.0,3244.9,3257.8,18002
2025-08-20T10:45:00+05:30,3259.0,3265.0,3249.7,3261.0,30284
2025-08-20T11:00:00+05:30,3260.2,3278.6,3260.0,3265.6,15603
2025-08-20T11:15:00+05:30,3267.0,3299.0,3265.0,3295.0,36900
2025-08-20T11:30:00+05:30,3294.5,3311.3,3290.0,3305.5,29502
2025-08-20T11:45:00+05:30,3305.7,3305.8,3279.5,3297.4,63246
2025-08-20T12:00:00+05:30,3297.9,3330.7,3296.0,3323.2,52105
2025-08-20T12:15:00+05:30,3324.0,3330.0,3297.7,3304.8,16722
2025-08-20T12:30:00+05:30,3304.8,3306.8,3295.0,3302.8,12447
2025-08-20T12:45:00+05:30,3302.8,3311.2,3293.0,3296.2,11277
2025-08-20T13:00:00+05:30,3296.3,3320.7,3281.4,3296.4,51568
2025-08-20T13:15:00+05:30,3295.2,3300.0,3282.4,3283.5,23761
2025-08-20T13:30:00+05:30,3283.5,3290.0,3275.9,3284.8,32397
2025-08-20T13:45:00+05:30,3285.8,3299.8,3283.1,3297.0,17367
2025-08-20T14:00:00+05:30,3296.0,3303.4,3296.0,3299.7,25407
2025-08-20T14:15:00+05:30,3299.8,3305.5,3251.2,3251.2,36146
2025-08-20T14:30:00+05:30,3251.2,3274.7,3247.2,3267.9,20834
2025-08-20T14:45:00+05:30,3266.3,3299.0,3266.3,3297.2,32762
2025-08-20T15:00:00+05:30,3297.2,3302.5,3282.4,3292.0,69017
2025-08-20T15:15:00+05:30,3291.7,3305.8,3282.0,3299.8,55209
2025-08-21T09:15:00+05:30,3305.0,3329.3,3280.0,3318.4,38991
2025-08-21T09:30:00+05:30,3318.4,3322.9,3287.3,3309.5,42002
2025-08-21T09:45:00+05:30,3310.0,3325.0,3306.4,3321.4,16781
2025-08-21T10:00:00+05:30,3320.8,3326.8,3316.3,3320.0,13638
2025-08-21T10:15:00+05:30,3317.1,3332.4,3315.6,3326.9,13935
2025-08-21T10:30:00+05:30,3327.0,3333.4,3313.7,3324.4,20575
2025-08-21T10:45:00+05:30,3324.8,3329.9,3324.2,3327.4,8335
2025-08-21T11:00:00+05:30,3327.5,3333.4,3323.7,3331.1,19468
2025-08-21T11:15:00+05:30,3331.1,3359.0,3329.9,3351.5,30875
2025-08-21T11:30:00+05:30,3350.8,3359.0,3336.3,3349.2,52922
2025-08-21T11:45:00+05:30,3351.1,3358.0,3347.0,3355.1,46410
2025-08-21T12:00:00+05:30,3355.0,3388.0,3352.6,3384.0,51393
2025-08-21T12:15:00+05:30,3383.9,3388.0,3372.8,3377.9,27538
2025-08-21T12:30:00+05:30,3376.6,3380.0,3370.2,3373.1,13306
2025-08-21T12:45:00+05:30,3372.9,3381.8,3370.4,3377.3,9836
2025-08-21T13:00:00+05:30,3377.3,3382.3,3367.8,3370.4,13488
2025-08-21T13:15:00+05:30,3371.5,3378.9,3349.3,3359.0,31048
2025-08-21T13:30:00+05:30,3358.8,3361.0,3331.6,3343.5,29313
2025-08-21T13:45:00+05:30,3343.5,3353.4,3310.0,3312.0,31647
2025-08-21T14:00:00+05:30,3312.0,3317.0,3299.1,3300.5,15299
2025-08-21T14:15:00+05:30,3300.5,3318.9,3300.5,3308.4,22847
2025-08-21T14:30:00+05:30,3307.2,3310.5,3301.1,3306.0,9519
2025-08-21T14:45:00+05:30,3306.4,3306.5,3298.2,3301.0,10326
2025-08-21T15:00:00+05:30,3301.0,3308.7,3285.3,3298.1,24079
2025-08-21T15:15:00+05:30,3297.9,3304.6,3290.0,3296.0,22914
2025-08-22T09:15:00+05:30,3305.5,3366.0,3304.1,3363.3,59595
2025-08-22T09:30:00+05:30,3364.5,3380.0,3349.9,3378.9,43190
2025-08-22T09:45:00+05:30,3379.0,3394.0,3376.1,3385.6,53555
2025-08-22T10:00:00+05:30,3385.6,3390.9,3379.1,3390.9,20830
2025-08-22T10:15:00+05:30,3390.0,3394.0,3373.8,3387.5,31593
2025-08-22T10:30:00+05:30,3387.2,3390.0,3372.1,3388.5,25417
2025-08-22T10:45:00+05:30,3388.5,3393.0,3380.5,3388.8,23696
2025-08-22T11:00:00+05:30,3389.0,3391.0,3377.1,3383.7,20473
2025-08-22T11:15:00+05:30,3383.7,3388.8,3346.2,3354.2,32290
2025-08-22T11:30:00+05:30,3355.8,3362.6,3352.5,3359.0,7208
2025-08-22T11:45:00+05:30,3359.0,3379.8,3359.0,3378.3,10527
2025-08-22T12:00:00+05:30,3378.3,3379.2,3365.4,3370.0,17082
2025-08-22T12:15:00+05:30,3369.6,3379.1,3365.7,3372.5,16128
2025-08-22T12:30:00+05:30,3372.5,3375.5,3368.1,3368.1,16798
2025-08-22T12:45:00+05:30,3368.1,3374.1,3368.1,3369.2,8790
2025-08-22T13:00:00+05:30,3369.2,3369.6,3366.3,3368.1,6186
2025-08-22T13:15:00+05:30,3368.1,3370.0,3366.3,3369.7,8238
2025-08-22T13:30:00+05:30,3369.7,3370.0,3336.5,3337.0,15823
2025-08-22T13:45:00+05:30,3337.0,3345.6,3334.2,3337.5,13085
2025-08-22T14:00:00+05:30,3336.0,3351.9,3336.0,3347.2,14305
2025-08-22T14:15:00+05:30,3347.2,3349.7,3343.2,3348.1,11000
2025-08-22T14:30:00+05:30,3348.1,3355.5,3344.4,3353.9,13457
2025-08-22T14:45:00+05:30,3354.8,3382.0,3353.9,3375.8,19825
2025-08-22T15:00:00+05:30,3375.9,3387.0,3369.0,3371.0,36637
2025-08-22T15:15:00+05:30,3371.0,3380.0,3351.6,3367.0,43068
2025-08-25T09:15:00+05:30,3399.0,3415.5,3380.7,3403.8,61894
2025-08-25T09:30:00+05:30,3403.5,3403.8,3375.4,3394.2,22190
2025-08-25T09:45:00+05:30,3394.2,3400.0,3380.4,3387.6,18580
2025-08-25T10:00:00+05:30,3387.1,3387.1,3356.7,3377.1,18461
2025-08-25T10:15:00+05:30,3376.4,3392.1,3363.2,3390.8,18189
2025-08-25T10:30:00+05:30,3390.0,3390.9,3379.4,3380.2,8844
2025-08-25T10:45:00+05:30,3380.2,3387.8,3376.8,3387.8,8200
2025-08-25T11:00:00+05:30,3387.1,3395.0,3375.9,3394.0,9323
2025-08-25T11:15:00+05:30,3393.8,3403.0,3388.1,3399.0,21725
2025-08-25T11:30:00+05:30,3398.8,3406.6,3397.0,3400.0,12588
2025-08-25T11:45:00+05:30,3400.8,3414.9,3395.5,3407.2,17669
2025-08-25T12:00:00+05:30,3407.2,3411.0,3398.6,3398.8,15000
2025-08-25T12:15:00+05:30,3398.7,3401.9,3393.9,3398.6,8938
2025-08-25T12:30:00+05:30,3398.6,3402.1,3395.1,3400.0,8911
2025-08-25T12:45:00+05:30,3400.0,3402.8,3398.6,3402.0,6581
2025-08-25T13:00:00+05:30,3402.3,3408.0,3400.6,3406.2,5914
2025-08-25T13:15:00+05:30,3406.5,3415.0,3406.5,3411.6,11307
2025-08-25T13:30:00+05:30,3411.6,3411.8,3395.6,3399.2,6629
2025-08-25T13:45:00+05:30,3399.2,3405.6,3395.1,3405.6,7161
2025-08-25T14:00:00+05:30,3405.6,3407.4,3395.1,3402.0,6146
2025-08-25T14:15:00+05:30,3402.0,3402.0,3390.0,3390.0,12071
2025-08-25T14:30:00+05:30,3390.5,3392.4,3384.0,3385.9,8066
2025-08-25T14:45:00+05:30,3386.2,3390.0,3377.1,3385.0,40202
2025-08-25T15:00:00+05:30,3384.9,3395.0,3375.7,3387.8,41266
2025-08-25T15:15:00+05:30,3388.3,3393.6,3380.0,3389.0,18675
2025-08-26T09:15:00+05:30,3378.9,3378.9,3334.8,3347.0,22603
2025-08-26T09:30:00+05:30,3348.8,3349.3,3325.0,3347.2,14995
2025-08-26T09:45:00+05:30,3347.2,3370.0,3346.1,3366.9,14340
2025-08-26T10:00:00+05:30,3366.5,3386.7,3366.5,3383.5,18134
2025-08-26T10:15:00+05:30,3383.5,3409.4,3382.0,3391.8,19068
2025-08-26T10:30:00+05:30,3390.1,3394.8,3375.0,3391.6,9167
2025-08-26T10:45:00+05:30,3391.6,3398.0,3382.8,3394.0,10188
2025-08-26T11:00:00+05:30,3394.0,3403.0,3391.9,3395.0,6517
2025-08-26T11:15:00+05:30,3394.0,3409.0,3393.9,3400.0,13272
2025-08-26T11:30:00+05:30,3400.0,3400.0,3393.7,3394.3,8042
2025-08-26T11:45:00+05:30,3395.9,3399.0,3390.0,3395.0,8461
2025-08-26T12:00:00+05:30,3394.8,3397.9,3379.3,3383.1,12766
2025-08-26T12:15:00+05:30,3382.4,3390.0,3371.9,3385.2,15895
2025-08-26T12:30:00+05:30,3384.8,3390.0,3380.2,3388.0,11615
2025-08-26T12:45:00+05:30,3389.1,3390.0,3372.2,3382.6,11979
2025-08-26T13:00:00+05:30,3382.8,3389.0,3380.2,3385.9,7437
2025-08-26T13:15:00+05:30,3387.3,3389.0,3371.4,3372.5,8754
2025-08-26T13:30:00+05:30,3371.5,3372.0,3355.0,3364.4,12759
2025-08-26T13:45:00+05:30,3364.4,3369.9,3357.0,3366.5,5987
2025-08-26T14:00:00+05:30,3366.5,3366.5,3343.0,3344.0,8319
2025-08-26T14:15:00+05:30,3344.0,3354.6,3343.0,3353.1,5348
2025-08-26T14:30:00+05:30,3353.1,3362.6,3347.2,3352.3,12861
2025-08-26T14:45:00+05:30,3352.4,3359.8,3351.6,3357.4,11403
2025-08-26T15:00:00+05:30,3357.4,3358.5,3330.7,3334.8,29683
2025-08-26T15:15:00+05:30,3334.8,3344.8,3327.0,3333.8,22952
2025-08-28T09:15:00+05:30,3339.9,3377.4,3321.1,3351.4,34415
2025-08-28T09:30:00+05:30,3351.4,3374.5,3341.0,3360.4,29097
2025-08-28T09:45:00+05:30,3360.4,3391.0,3360.4,3390.4,26640
2025-08-28T10:00:00+05:30,3390.4,3394.9,3380.0,3381.8,26307
2025-08-28T10:15:00+05:30,3383.0,3388.0,3369.6,3378.5,24355
2025-08-28T10:30:00+05:30,3378.5,3388.0,3373.2,3375.4,14086
2025-08-28T10:45:00+05:30,3377.0,3408.0,3377.0,3400.0,35178
2025-08-28T11:00:00+05:30,3400.0,3433.9,3395.0,3429.3,50739
2025-08-28T11:15:00+05:30,3430.0,3437.9,3404.6,3419.1,36672
2025-08-28T11:30:00+05:30,3420.0,3420.0,3388.8,3396.8,24838
2025-08-28T11:45:00+05:30,3396.8,3397.6,3387.0,3390.4,14125
2025-08-28T12:00:00+05:30,3391.3,3399.2,3388.0,3393.0,18204
2025-08-28T12:15:00+05:30,3394.3,3396.9,3381.6,3384.2,17386
2025-08-28T12:30:00+05:30,3384.2,3386.9,3360.2,3364.3,56101
2025-08-28T12:45:00+05:30,3364.3,3379.7,3363.6,3364.1,28153
2025-08-28T13:00:00+05:30,3365.0,3366.1,3351.8,3360.9,59614
2025-08-28T13:15:00+05:30,3360.9,3363.0,3358.6,3360.9,12446
2025-08-28T13:30:00+05:30,3361.0,3365.0,3356.5,3360.7,11489
2025-08-28T13:45:00+05:30,3360.8,3363.0,3355.5,3357.9,15068
2025-08-28T14:00:00+05:30,3357.9,3359.9,3352.2,3357.3,9376
2025-08-28T14:15:00+05:30,3357.3,3362.0,3355.0,3360.3,30505
2025-08-28T14:30:00+05:30,3361.0,3391.9,3360.2,3390.1,30126
2025-08-28T14:45:00+05:30,3390.1,3391.9,3381.4,3387.5,24742
2025-08-28T15:00:00+05:30,3388.0,3390.9,3349.9,3374.8,61076
2025-08-28T15:15:00+05:30,3374.7,3389.0,3370.2,3388.0,44266
2025-08-29T09:15:00+05:30,3439.9,3439.9,3361.6,3391.6,29596
2025-08-29T09:30:00+05:30,3393.2,3393.9,3373.3,3379.1,13306
2025-08-29T09:45:00+05:30,3379.1,3392.8,3375.0,3380.0,12746
2025-08-29T10:00:00+05:30,3379.8,3385.7,3372.1,3374.0,9147
2025-08-29T10:15:00+05:30,3372.2,3391.5,3368.2,3382.6,9158
2025-08-29T10:30:00+05:30,3382.6,3393.9,3381.7,3390.4,6486
2025-08-29T10:45:00+05:30,3391.0,3393.2,3389.0,3390.1,8589
2025-08-29T11:00:00+05:30,3389.9,3392.7,3389.0,3389.9,20746
2025-08-29T11:15:00+05:30,3390.0,3390.9,3389.0,3389.9,6430
2025-08-29T11:30:00+05:30,3390.0,3390.9,3388.2,3389.9,5647
2025-08-29T11:45:00+05:30,3389.8,3390.7,3388.7,3389.9,5100
2025-08-29T12:00:00+05:30,3390.0,3390.1,3387.9,3389.8,6321
2025-08-29T12:15:00+05:30,3390.0,3390.7,3387.6,3388.0,7235
2025-08-29T12:30:00+05:30,3388.0,3388.9,3375.3,3380.0,5313
2025-08-29T12:45:00+05:30,3380.0,3380.1,3376.4,3377.4,4654
2025-08-29T13:00:00+05:30,3377.4,3380.0,3374.0,3377.7,4342
2025-08-29T13:15:00+05:30,3377.7,3380.0,3375.8,3378.1,4245
2025-08-29T13:30:00+05:30,3378.5,3380.2,3376.6,3377.1,5424
2025-08-29T13:45:00+05:30,3377.0,3380.0,3372.4,3378.4,5229
2025-08-29T14:00:00+05:30,3378.4,3380.0,3375.0,3380.0,4922
2025-08-29T14:15:00+05:30,3379.8,3380.1,3379.1,3379.2,7772
2025-08-29T14:30:00+05:30,3379.2,3385.7,3378.2,3380.0,9646
2025-08-29T14:45:00+05:30,3380.0,3389.7,3377.6,3380.0,11087
2025-08-29T15:00:00+05:30,3380.0,3380.5,3371.1,3379.4,25869
2025-08-29T15:15:00+05:30,3379.3,3380.0,3356.5,3366.3,32160
2025-09-01T09:15:00+05:30,3375.0,3477.0,3375.0,3469.6,128179
2025-09-01T09:30:00+05:30,3469.6,3519.9,3462.2,3513.1,103035
2025-09-01T09:45:00+05:30,3513.9,3520.6,3477.6,3505.3,107409
2025-09-01T10:00:00+05:30,3506.4,3531.8,3500.0,3524.5,68362
2025-09-01T10:15:00+05:30,3524.5,3580.0,3524.5,3545.2,91197
2025-09-01T10:30:00+05:30,3546.8,3553.9,3515.3,3522.4,21550
2025-09-01T10:45:00+05:30,3521.8,3522.0,3481.3,3493.4,21858
2025-09-01T11:00:00+05:30,3492.5,3503.7,3487.8,3498.0,6607
2025-09-01T11:15:00+05:30,3498.0,3501.7,3485.6,3487.9,7657
2025-09-01T11:30:00+05:30,3487.9,3500.0,3485.1,3494.7,5685
2025-09-01T11:45:00+05:30,3493.8,3498.3,3490.0,3492.3,12017
2025-09-01T12:00:00+05:30,3492.3,3498.0,3483.0,3487.7,7752
2025-09-01T12:15:00+05:30,3486.2,3490.0,3475.0,3475.0,8669
2025-09-01T12:30:00+05:30,3475.5,3488.2,3475.5,3487.9,3987
2025-09-01T12:45:00+05:30,3487.9,3490.1,3486.5,3487.9,5902
2025-09-01T13:00:00+05:30,3487.9,3490.5,3480.0,3482.5,9822
2025-09-01T13:15:00+05:30,3484.4,3484.4,3475.0,3478.3,10297
2025-09-01T13:30:00+05:30,3478.3,3485.0,3478.1,3479.4,3611
2025-09-01T13:45:00+05:30,3479.4,3485.0,3479.0,3483.0,4236
2025-09-01T14:00:00+05:30,3482.9,3500.3,3482.0,3497.2,15381
2025-09-01T14:15:00+05:30,3497.2,3518.7,3496.0,3498.7,10664
2025-09-01T14:30:00+05:30,3498.6,3500.8,3486.2,3486.9,9381
2025-09-01T14:45:00+05:30,3486.9,3502.9,3485.7,3495.8,12026
2025-09-01T15:00:00+05:30,3495.8,3501.5,3490.0,3490.0,14952
2025-09-01T15:15:00+05:30,3490.1,3500.1,3481.0,3493.0,29969
2025-09-02T09:15:00+05:30,3510.0,3595.5,3510.0,3545.0,43533
2025-09-02T09:30:00+05:30,3545.0,3572.9,3544.2,3556.8,17775
2025-09-02T09:45:00+05:30,3557.0,3564.5,3541.1,3554.1,28303
2025-09-02T10:00:00+05:30,3554.1,3555.0,3519.6,3525.3,21523
2025-09-02T10:15:00+05:30,3525.4,3564.1,3510.1,3560.6,44764
2025-09-02T10:30:00+05:30,3560.6,3565.0,3539.0,3548.0,17151
2025-09-02T10:45:00+05:30,3549.0,3567.8,3539.5,3556.9,18225
2025-09-02T11:00:00+05:30,3556.9,3562.2,3550.5,3558.4,9703
2025-09-02T11:15:00+05:30,3558.4,3564.0,3550.0,3553.7,24110
2025-09-02T11:30:00+05:30,3553.7,3570.0,3551.0,3565.5,8389
2025-09-02T11:45:00+05:30,3566.4,3570.6,3556.9,3562.6,11353
2025-09-02T12:00:00+05:30,3562.6,3563.7,3556.8,3560.0,14419
2025-09-02T12:15:00+05:30,3560.0,3570.0,3557.3,3567.0,17867
2025-09-02T12:30:00+05:30,3567.6,3574.9,3560.3,3561.4,10378
2025-09-02T12:45:00+05:30,3561.5,3564.0,3560.0,3560.0,4522
2025-09-02T13:00:00+05:30,3560.3,3562.9,3552.0,3561.0,12878
2025-09-02T13:15:00+05:30,3561.0,3563.0,3550.1,3557.2,13535
2025-09-02T13:30:00+05:30,3557.2,3557.9,3550.0,3550.7,15929
2025-09-02T13:45:00+05:30,3550.0,3551.2,3518.0,3519.9,18467
2025-09-02T14:00:00+05:30,3519.1,3531.8,3518.0,3519.1,7727
2025-09-02T14:15:00+05:30,3519.1,3541.6,3516.1,3530.0,13386
2025-09-02T14:30:00+05:30,3528.9,3530.9,3517.9,3522.3,15901
2025-09-02T14:45:00+05:30,3521.3,3537.1,3519.1,3523.6,13835
2025-09-02T15:00:00+05:30,3522.7,3536.2,3516.4,3520.4,19748
2025-09-02T15:15:00+05:30,3520.0,3538.8,3520.0,3529.0,22037
2025-09-03T09:15:00+05:30,3531.0,3588.0,3531.0,3575.6,39418
2025-09-03T09:30:00+05:30,3574.6,3582.0,3522.7,3525.4,22912
2025-09-03T09:45:00+05:30,3525.7,3550.0,3520.1,3533.0,18485
2025-09-03T10:00:00+05:30,3533.0,3534.8,3511.4,3520.3,14992
2025-09-03T10:15:00+05:30,3521.6,3543.5,3517.8,3539.8,11096
2025-09-03T10:30:00+05:30,3541.7,3543.5,3521.1,3525.5,6671
2025-09-03T10:45:00+05:30,3525.6,3533.9,3521.0,3530.2,6024
2025-09-03T11:00:00+05:30,3530.2,3535.0,3522.5,3526.0,8273
2025-09-03T11:15:00+05:30,3526.0,3527.0,3492.0,3498.5,15024
2025-09-03T11:30:00+05:30,3498.5,3509.4,3497.0,3502.2,9257
2025-09-03T11:45:00+05:30,3502.5,3506.0,3494.3,3498.2,9518
2025-09-03T12:00:00+05:30,3498.2,3513.1,3497.9,3513.1,8428
2025-09-03T12:15:00+05:30,3514.3,3514.3,3495.6,3499.5,7753
2025-09-03T12:30:00+05:30,3500.0,3500.7,3486.6,3488.2,8151
2025-09-03T12:45:00+05:30,3488.2,3490.0,3476.0,3486.8,9552
2025-09-03T13:00:00+05:30,3486.3,3489.0,3481.2,3483.6,4918
2025-09-03T13:15:00+05:30,3483.8,3486.8,3480.2,3481.3,5536
2025-09-03T13:30:00+05:30,3481.3,3481.6,3461.2,3463.1,5424
2025-09-03T13:45:00+05:30,3463.1,3472.0,3460.2,3467.6,7310
2025-09-03T14:00:00+05:30,3468.4,3471.8,3467.6,3469.0,4909
2025-09-03T14:15:00+05:30,3469.0,3469.0,3448.0,3456.7,8990
2025-09-03T14:30:00+05:30,3455.9,3461.2,3445.0,3447.2,10834
2025-09-03T14:45:00+05:30,3447.2,3453.2,3430.0,3435.8,10371
2025-09-03T15:00:00+05:30,3438.1,3453.3,3425.0,3433.1,28624
2025-09-03T15:15:00+05:30,3434.0,3448.9,3430.1,3441.0,35916
2025-09-04T09:15:00+05:30,3470.0,3470.9,3364.9,3370.7,70605
2025-09-04T09:30:00+05:30,3369.6,3419.8,3361.2,3413.1,32748
2025-09-04T09:45:00+05:30,3412.0,3436.0,3390.3,3436.0,26348
2025-09-04T10:00:00+05:30,3435.8,3435.8,3422.0,3422.9,11874
2025-09-04T10:15:00+05:30,3422.9,3453.9,3422.6,3430.2,15354
2025-09-04T10:30:00+05:30,3432.1,3439.8,3414.9,3438.1,10021
2025-09-04T10:45:00+05:30,3437.6,3445.0,3431.4,3443.5,6846
2025-09-04T11:00:00+05:30,3443.5,3446.2,3417.9,3422.0,7414
2025-09-04T11:15:00+05:30,3422.6,3444.1,3422.0,3440.3,6553
2025-09-04T11:30:00+05:30,3440.4,3445.3,3412.6,3428.9,7650
2025-09-04T11:45:00+05:30,3428.4,3436.6,3422.4,3423.2,6724
2025-09-04T12:00:00+05:30,3423.2,3430.0,3410.0,3412.7,8815
2025-09-04T12:15:00+05:30,3413.0,3417.1,3401.1,3404.2,6147
2025-09-04T12:30:00+05:30,3404.2,3409.5,3401.3,3408.3,4629
2025-09-04T12:45:00+05:30,3408.5,3409.8,3395.0,3396.9,6251
2025-09-04T13:00:00+05:30,3397.7,3399.3,3391.2,3396.3,5896
2025-09-04T13:15:00+05:30,3396.3,3414.0,3394.9,3397.3,8738
2025-09-04T13:30:00+05:30,3397.3,3400.0,3393.0,3395.6,3518
2025-09-04T13:45:00+05:30,3396.0,3400.2,3393.5,3398.1,4495
2025-09-04T14:00:00+05:30,3398.6,3401.0,3385.8,3390.0,5813
2025-09-04T14:15:00+05:30,3390.2,3391.4,3380.0,3384.6,5687
2025-09-04T14:30:00+05:30,3384.6,3395.0,3384.6,3392.6,6859
2025-09-04T14:45:00+05:30,3392.6,3394.1,3384.2,3387.1,6007
2025-09-04T15:00:00+05:30,3387.1,3398.4,3384.8,3390.2,18942
2025-09-04T15:15:00+05:30,3390.4,3392.8,3384.8,3388.4,18491
2025-09-05T09:15:00+05:30,3399.0,3419.8,3385.3,3414.4,10139
2025-09-05T09:30:00+05:30,3414.5,3437.8,3408.1,3429.4,8934
2025-09-05T09:45:00+05:30,3428.1,3451.9,3425.9,3451.9,13723
2025-09-05T10:00:00+05:30,3452.0,3475.9,3450.7,3467.0,12849
2025-09-05T10:15:00+05:30,3466.3,3471.8,3445.0,3455.0,14779
2025-09-05T10:30:00+05:30,3455.0,3458.4,3436.8,3439.1,10343
2025-09-05T10:45:00+05:30,3439.1,3439.5,3425.3,3426.1,6106
2025-09-05T11:00:00+05:30,3426.1,3430.0,3425.0,3428.6,5614
2025-09-05T11:15:00+05:30,3429.8,3431.9,3428.6,3430.0,6916
2025-09-05T11:30:00+05:30,3430.0,3442.1,3424.2,3430.0,15134
2025-09-05T11:45:00+05:30,3430.0,3440.7,3428.8,3438.8,8844
2025-09-05T12:00:00+05:30,3437.9,3445.1,3432.3,3436.2,6147
2025-09-05T12:15:00+05:30,3436.1,3441.5,3429.3,3431.7,7834
2025-09-05T12:30:00+05:30,3433.9,3433.9,3423.0,3427.8,3690
2025-09-05T12:45:00+05:30,3427.7,3430.0,3426.0,3427.0,2425
2025-09-05T13:00:00+05:30,3428.3,3430.0,3425.1,3430.0,3190
2025-09-05T13:15:00+05:30,3430.0,3430.1,3427.1,3427.1,4019
2025-09-05T13:30:00+05:30,3427.2,3430.0,3426.9,3429.6,1552
2025-09-05T13:45:00+05:30,3430.0,3430.1,3429.0,3430.0,2806
2025-09-05T14:00:00+05:30,3430.0,3430.0,3422.6,3430.0,3642
2025-09-05T14:15:00+05:30,3430.0,3430.0,3418.9,3421.7,3032
2025-09-05T14:30:00+05:30,3421.7,3427.2,3421.2,3427.2,3693
2025-09-05T14:45:00+05:30,3426.2,3429.7,3420.3,3428.3,5514
2025-09-05T15:00:00+05:30,3428.2,3430.0,3423.0,3429.7,8790
2025-09-05T15:15:00+05:30,3429.4,3435.0,3400.8,3424.6,23666
2025-09-08T09:15:00+05:30,3425.8,3458.9,3418.0,3451.8,10906
2025-09-08T09:30:00+05:30,3451.9,3477.5,3451.9,3460.0,11220
2025-09-08T09:45:00+05:30,3459.8,3461.2,3454.7,3458.5,5240
2025-09-08T10:00:00+05:30,3458.4,3461.2,3457.0,3459.3,4587
2025-09-08T10:15:00+05:30,3459.3,3460.1,3450.4,3455.6,5070
2025-09-08T10:30:00+05:30,3456.3,3457.9,3447.9,3457.0,4442
2025-09-08T10:45:00+05:30,3455.2,3459.7,3455.2,3459.4,2726
2025-09-08T11:00:00+05:30,3459.4,3463.1,3456.4,3458.8,3854
2025-09-08T11:15:00+05:30,3459.4,3464.3,3457.5,3460.0,5064
2025-09-08T11:30:00+05:30,3460.0,3468.4,3459.7,3464.0,7104
2025-09-08T11:45:00+05:30,3464.1,3468.5,3455.3,3456.9,5539
2025-09-08T12:00:00+05:30,3457.0,3459.9,3457.0,3458.7,1833
2025-09-08T12:15:00+05:30,3457.8,3461.3,3457.8,3459.2,3162
2025-09-08T12:30:00+05:30,3460.0,3460.3,3459.2,3460.0,3906
2025-09-08T12:45:00+05:30,3460.0,3474.0,3459.9,3469.8,5105
2025-09-08T13:00:00+05:30,3469.9,3474.0,3468.0,3470.0,4599
2025-09-08T13:15:00+05:30,3470.0,3470.2,3463.0,3467.9,6381
2025-09-08T13:30:00+05:30,3467.0,3472.9,3456.1,3462.1,3337
2025-09-08T13:45:00+05:30,3462.9,3462.9,3458.1,3462.0,2388
2025-09-08T14:00:00+05:30,3462.0,3462.2,3461.7,3461.9,1630
2025-09-08T14:15:00+05:30,3461.7,3499.0,3461.7,3492.0,16867
2025-09-08T14:30:00+05:30,3492.0,3493.6,3476.2,3479.9,6736
2025-09-08T14:45:00+05:30,3479.9,3523.1,3474.3,3523.0,23933
2025-09-08T15:00:00+05:30,3519.9,3529.0,3510.3,3520.0,23935
2025-09-08T15:15:00+05:30,3519.4,3525.0,3478.6,3484.0,50589
2025-09-09T09:15:00+05:30,3499.1,3499.1,3461.7,3482.7,14793
2025-09-09T09:30:00+05:30,3484.7,3493.8,3456.2,3462.1,15535
2025-09-09T09:45:00+05:30,3462.7,3494.4,3461.0,3486.5,10057
2025-09-09T10:00:00+05:30,3485.8,3517.0,3478.0,3505.8,17749
2025-09-09T10:15:00+05:30,3507.5,3510.0,3486.2,3499.8,7603
2025-09-09T10:30:00+05:30,3499.7,3502.2,3497.6,3498.3,6885
2025-09-09T10:45:00+05:30,3498.3,3498.6,3485.3,3487.5,4751
2025-09-09T11:00:00+05:30,3487.5,3489.4,3482.4,3486.2,3868
2025-09-09T11:15:00+05:30,3486.1,3494.2,3478.0,3480.2,10912
2025-09-09T11:30:00+05:30,3480.3,3482.1,3470.1,3476.8,6073
2025-09-09T11:45:00+05:30,3476.5,3480.7,3468.0,3471.8,6619
2025-09-09T12:00:00+05:30,3471.8,3474.2,3467.0,3474.2,5016
2025-09-09T12:15:00+05:30,3474.1,3475.6,3465.2,3465.4,10162
2025-09-09T12:30:00+05:30,3465.6,3467.2,3458.0,3461.1,7036
2025-09-09T12:45:00+05:30,3461.0,3466.4,3461.0,3463.4,5317
2025-09-09T13:00:00+05:30,3463.4,3467.6,3436.0,3446.2,12883
2025-09-09T13:15:00+05:30,3446.0,3451.7,3430.0,3434.8,13645
2025-09-09T13:30:00+05:30,3433.8,3454.2,3433.7,3452.4,11476
2025-09-09T13:45:00+05:30,3451.0,3456.6,3446.0,3449.7,4873
2025-09-09T14:00:00+05:30,3449.7,3458.7,3440.9,3446.5,6969
2025-09-09T14:15:00+05:30,3446.5,3453.4,3445.0,3447.7,4345
2025-09-09T14:30:00+05:30,3447.7,3455.0,3444.1,3448.4,12103
2025-09-09T14:45:00+05:30,3448.3,3453.8,3435.0,3444.5,16651
2025-09-09T15:00:00+05:30,3441.1,3467.4,3440.5,3460.2,37699
2025-09-09T15:15:00+05:30,3461.3,3464.3,3450.1,3456.0,30889
2025-09-10T09:15:00+05:30,3470.0,3482.5,3441.2,3447.0,12825
2025-09-10T09:30:00+05:30,3447.0,3448.0,3440.4,3443.7,7760
2025-09-10T09:45:00+05:30,3443.8,3450.0,3435.0,3440.0,10640
2025-09-10T10:00:00+05:30,3439.9,3444.5,3398.4,3400.0,24266
2025-09-10T10:15:00+05:30,3400.0,3400.8,3335.0,3354.1,154154
2025-09-10T10:30:00+05:30,3354.1,3376.0,3350.0,3373.7,27545
2025-09-10T10:45:00+05:30,3374.5,3380.0,3365.2,3375.0,15235
2025-09-10T11:00:00+05:30,3374.3,3379.5,3371.1,3377.6,17635
2025-09-10T11:15:00+05:30,3377.0,3400.0,3373.9,3390.7,23400
2025-09-10T11:30:00+05:30,3390.1,3439.0,3390.1,3400.1,59536
2025-09-10T11:45:00+05:30,3401.8,3401.8,3369.6,3381.3,53988
2025-09-10T12:00:00+05:30,3381.3,3384.0,3360.0,3381.3,34663
2025-09-10T12:15:00+05:30,3381.5,3381.5,3365.0,3366.1,15268
2025-09-10T12:30:00+05:30,3366.0,3371.8,3353.0,3353.0,19607
2025-09-10T12:45:00+05:30,3353.0,3365.5,3348.7,3355.2,19966
2025-09-10T13:00:00+05:30,3355.0,3380.2,3354.0,3379.0,13359
2025-09-10T13:15:00+05:30,3378.9,3380.2,3375.4,3379.1,6833
2025-09-10T13:30:00+05:30,3379.1,3380.4,3375.7,3378.9,10972
2025-09-10T13:45:00+05:30,3379.0,3380.2,3377.6,3378.9,14459
2025-09-10T14:00:00+05:30,3378.9,3380.2,3378.1,3378.9,11578
2025-09-10T14:15:00+05:30,3380.0,3385.0,3378.0,3379.8,24381
2025-09-10T14:30:00+05:30,3379.7,3385.0,3379.0,3383.3,18987
2025-09-10T14:45:00+05:30,3382.2,3386.0,3376.1,3384.0,26181
2025-09-10T15:00:00+05:30,3383.2,3393.0,3370.0,3370.1,39996
2025-09-10T15:15:00+05:30,3370.1,3398.0,3369.5,3380.0,41587
2025-09-11T09:15:00+05:30,3391.7,3464.5,3385.3,3397.3,43699
2025-09-11T09:30:00+05:30,3394.3,3405.2,3390.3,3391.8,13972
2025-09-11T09:45:00+05:30,3391.8,3402.1,3385.3,3393.8,28741
2025-09-11T10:00:00+05:30,3394.1,3399.8,3386.1,3389.8,11718
2025-09-11T10:15:00+05:30,3390.0,3393.3,3385.0,3389.2,9200
2025-09-11T10:30:00+05:30,3389.8,3401.1,3387.7,3394.7,41748
2025-09-11T10:45:00+05:30,3394.7,3395.4,3387.6,3391.0,10123
2025-09-11T11:00:00+05:30,3391.0,3391.9,3380.0,3382.0,24828
2025-09-11T11:15:00+05:30,3382.0,3382.6,3375.9,3378.9,6143
2025-09-11T11:30:00+05:30,3379.0,3384.0,3376.2,3379.9,15466
2025-09-11T11:45:00+05:30,3380.0,3389.2,3379.9,3379.9,11008
2025-09-11T12:00:00+05:30,3381.0,3382.7,3379.5,3379.9,12015
2025-09-11T12:15:00+05:30,3379.9,3381.1,3369.0,3370.0,13389
2025-09-11T12:30:00+05:30,3370.0,3374.9,3364.0,3364.0,22008
2025-09-11T12:45:00+05:30,3365.5,3368.2,3360.0,3365.7,8669
2025-09-11T13:00:00+05:30,3365.7,3375.0,3364.0,3367.0,10975
2025-09-11T13:15:00+05:30,3365.4,3369.8,3360.7,3360.9,7508
2025-09-11T13:30:00+05:30,3360.9,3361.8,3347.7,3347.7,9638
2025-09-11T13:45:00+05:30,3348.5,3350.4,3347.7,3349.9,10580
2025-09-11T14:00:00+05:30,3349.9,3350.8,3347.1,3347.8,13490
2025-09-11T14:15:00+05:30,3347.8,3354.8,3342.7,3350.6,23079
2025-09-11T14:30:00+05:30,3351.3,3354.8,3350.3,3353.2,6300
2025-09-11T14:45:00+05:30,3353.9,3355.6,3350.0,3352.5,10931
2025-09-11T15:00:00+05:30,3352.6,3365.9,3340.6,3360.5,22729
2025-09-11T15:15:00+05:30,3360.6,3370.3,3351.1,3365.0,29125
2025-09-12T09:15:00+05:30,3375.0,3395.0,3352.1,3377.2,23242
2025-09-12T09:30:00+05:30,3375.4,3399.0,3368.1,3373.0,13421
2025-09-12T09:45:00+05:30,3373.0,3391.5,3372.7,3385.8,13704
2025-09-12T10:00:00+05:30,3385.9,3409.1,3382.9,3397.2,14404
2025-09-12T10:15:00+05:30,3398.4,3410.0,3394.2,3403.5,14463
2025-09-12T10:30:00+05:30,3404.8,3405.9,3395.9,3403.1,7630
2025-09-12T10:45:00+05:30,3403.4,3412.2,3396.9,3400.0,9959
2025-09-12T11:00:00+05:30,3400.0,3402.4,3394.2,3401.0,5218
2025-09-12T11:15:00+05:30,3401.0,3404.9,3395.0,3397.5,6507
2025-09-12T11:30:00+05:30,3400.5,3405.0,3397.9,3400.5,5235
2025-09-12T11:45:00+05:30,3400.0,3405.0,3395.0,3397.0,6760
2025-09-12T12:00:00+05:30,3397.0,3418.0,3395.9,3410.6,10479
2025-09-12T12:15:00+05:30,3410.5,3412.0,3405.1,3411.9,2830
2025-09-12T12:30:00+05:30,3412.0,3413.0,3381.9,3411.0,24555
2025-09-12T12:45:00+05:30,3410.7,3416.8,3410.0,3413.0,4351
2025-09-12T13:00:00+05:30,3413.0,3429.0,3407.0,3426.9,17105
2025-09-12T13:15:00+05:30,3427.2,3428.8,3414.0,3415.0,5213
2025-09-12T13:30:00+05:30,3415.0,3415.0,3390.0,3397.7,21608
2025-09-12T13:45:00+05:30,3397.9,3400.0,3396.0,3399.0,9315
2025-09-12T14:00:00+05:30,3398.5,3399.2,3389.1,3390.0,11954
2025-09-12T14:15:00+05:30,3390.0,3390.5,3384.1,3389.0,15390
2025-09-12T14:30:00+05:30,3388.9,3389.0,3382.6,3382.6,9806
2025-09-12T14:45:00+05:30,3383.9,3387.1,3378.8,3385.0,16463
2025-09-12T15:00:00+05:30,3385.0,3402.0,3380.1,3384.9,42139
2025-09-12T15:15:00+05:30,3385.0,3401.8,3355.1,3391.0,67895
2025-09-15T09:15:00+05:30,3400.0,3449.0,3400.0,3446.1,27995
2025-09-15T09:30:00+05:30,3447.7,3447.7,3426.0,3431.7,14246
2025-09-15T09:45:00+05:30,3431.0,3438.2,3412.2,3414.1,7240
2025-09-15T10:00:00+05:30,3414.1,3429.0,3408.4,3429.0,6512
2025-09-15T10:15:00+05:30,3429.0,3430.0,3415.1,3422.0,11177
2025-09-15T10:30:00+05:30,3423.1,3424.2,3418.1,3421.7,3136
2025-09-15T10:45:00+05:30,3420.1,3430.0,3415.7,3417.1,5820
2025-09-15T11:00:00+05:30,3417.6,3418.8,3393.0,3396.0,11259
2025-09-15T11:15:00+05:30,3397.4,3405.5,3396.0,3399.9,4087
2025-09-15T11:30:00+05:30,3399.9,3403.9,3396.9,3398.0,17384
2025-09-15T11:45:00+05:30,3398.0,3400.0,3397.0,3399.6,4669
2025-09-15T12:00:00+05:30,3399.4,3400.0,3396.3,3399.0,5513
2025-09-15T12:15:00+05:30,3398.9,3400.0,3398.9,3400.0,6548
2025-09-15T12:30:00+05:30,3400.0,3400.0,3399.9,3399.9,1662
2025-09-15T12:45:00+05:30,3399.9,3400.0,3399.9,3400.0,1675
2025-09-15T13:00:00+05:30,3399.9,3400.0,3399.6,3399.8,15835
2025-09-15T13:15:00+05:30,3399.8,3400.0,3399.8,3399.9,3057
2025-09-15T13:30:00+05:30,3400.0,3400.0,3393.3,3397.9,11117
2025-09-15T13:45:00+05:30,3397.9,3400.0,3397.0,3397.6,5539
2025-09-15T14:00:00+05:30,3397.6,3400.0,3397.6,3399.9,6811
2025-09-15T14:15:00+05:30,3399.9,3438.5,3399.8,3423.0,74775
2025-09-15T14:30:00+05:30,3424.1,3430.2,3402.0,3404.5,26588
2025-09-15T14:45:00+05:30,3406.5,3406.6,3399.8,3399.9,33522
2025-09-15T15:00:00+05:30,3400.0,3418.9,3394.0,3399.1,95948
2025-09-15T15:15:00+05:30,3400.6,3418.5,3397.7,3417.9,37104
2025-09-16T09:15:00+05:30,3415.0,3450.0,3414.9,3439.1,12858
2025-09-16T09:30:00+05:30,3440.0,3459.8,3434.8,3459.8,17200
2025-09-16T09:45:00+05:30,3457.2,3464.1,3447.0,3457.8,10533
2025-09-16T10:00:00+05:30,3456.3,3459.9,3452.5,3458.8,6815
2025-09-16T10:15:00+05:30,3457.1,3469.9,3445.0,3469.7,17291
2025-09-16T10:30:00+05:30,3469.7,3483.9,3460.0,3470.4,18918
2025-09-16T10:45:00+05:30,3472.9,3476.5,3454.8,3468.0,7397
2025-09-16T11:00:00+05:30,3468.0,3478.0,3460.3,3475.0,7877
2025-09-16T11:15:00+05:30,3473.6,3475.0,3451.0,3453.7,9739
2025-09-16T11:30:00+05:30,3453.6,3464.3,3449.0,3463.6,9270
2025-09-16T11:45:00+05:30,3464.3,3475.0,3463.9,3472.0,10941
2025-09-16T12:00:00+05:30,3473.2,3475.1,3464.9,3465.1,9419
2025-09-16T12:15:00+05:30,3462.9,3468.9,3459.0,3468.0,5614
2025-09-16T12:30:00+05:30,3468.5,3470.7,3459.8,3461.2,5833
2025-09-16T12:45:00+05:30,3462.8,3463.6,3458.2,3462.8,3191
2025-09-16T13:00:00+05:30,3463.0,3464.8,3459.1,3463.7,4336
2025-09-16T13:15:00+05:30,3463.5,3469.1,3461.6,3466.8,3677
2025-09-16T13:30:00+05:30,3466.8,3475.0,3460.6,3464.7,10770
2025-09-16T13:45:00+05:30,3464.5,3472.2,3454.6,3455.0,11457
2025-09-16T14:00:00+05:30,3455.0,3455.1,3443.2,3447.9,11254
2025-09-16T14:15:00+05:30,3447.6,3464.6,3447.2,3463.5,7963
2025-09-16T14:30:00+05:30,3465.0,3465.0,3458.0,3464.8,5232
2025-09-16T14:45:00+05:30,3465.0,3468.5,3459.7,3462.9,15196
2025-09-16T15:00:00+05:30,3462.8,3470.0,3460.1,3463.7,28878
2025-09-16T15:15:00+05:30,3463.4,3464.9,3452.6,3452.6,41588
2025-09-17T09:15:00+05:30,3462.9,3478.6,3425.0,3469.8,28143
2025-09-17T09:30:00+05:30,3469.9,3481.0,3455.5,3473.7,25558
2025-09-17T09:45:00+05:30,3472.5,3482.0,3444.9,3465.5,26518
2025-09-17T10:00:00+05:30,3465.4,3473.0,3452.6,3473.0,13340
2025-09-17T10:15:00+05:30,3472.0,3486.9,3470.1,3481.2,22503
2025-09-17T10:30:00+05:30,3481.2,3488.0,3477.6,3482.0,15443
2025-09-17T10:45:00+05:30,3482.0,3489.9,3481.0,3489.9,9215
2025-09-17T11:00:00+05:30,3489.9,3506.0,3489.9,3503.0,22168
2025-09-17T11:15:00+05:30,3502.6,3522.0,3497.0,3519.4,26146
2025-09-17T11:30:00+05:30,3519.4,3521.8,3504.6,3511.8,18005
2025-09-17T11:45:00+05:30,3512.0,3524.9,3502.2,3510.0,22008
2025-09-17T12:00:00+05:30,3509.5,3513.1,3488.5,3500.0,20908
2025-09-17T12:15:00+05:30,3500.0,3523.6,3485.5,3521.0,43871
2025-09-17T12:30:00+05:30,3520.1,3526.0,3500.7,3512.7,24237
2025-09-17T12:45:00+05:30,3512.8,3521.0,3510.0,3518.9,7467
2025-09-17T13:00:00+05:30,3518.9,3520.9,3513.1,3520.8,8403
2025-09-17T13:15:00+05:30,3520.7,3520.8,3501.6,3502.0,13312
2025-09-17T13:30:00+05:30,3502.0,3508.1,3496.9,3503.0,54346
2025-09-17T13:45:00+05:30,3503.0,3511.4,3502.9,3507.0,6631
2025-09-17T14:00:00+05:30,3507.0,3510.1,3501.2,3502.9,6677
2025-09-17T14:15:00+05:30,3502.0,3506.2,3500.0,3504.8,9630
2025-09-17T14:30:00+05:30,3504.8,3509.0,3502.2,3505.0,9085
2025-09-17T14:45:00+05:30,3505.0,3508.4,3502.0,3504.5,16857
2025-09-17T15:00:00+05:30,3503.0,3505.0,3499.9,3501.0,46252
2025-09-17T15:15:00+05:30,3500.8,3504.4,3482.1,3499.7,53726
2025-09-18T09:15:00+05:30,3509.9,3540.0,3506.6,3512.7,27035
2025-09-18T09:30:00+05:30,3510.4,3520.0,3501.3,3506.2,11101
2025-09-18T09:45:00+05:30,3506.3,3513.2,3490.4,3496.4,13841
2025-09-18T10:00:00+05:30,3497.7,3500.1,3478.8,3492.0,16885
2025-09-18T10:15:00+05:30,3492.1,3502.2,3485.6,3499.0,13065
2025-09-18T10:30:00+05:30,3499.0,3503.9,3499.0,3500.0,8091
2025-09-18T10:45:00+05:30,3499.1,3500.8,3496.0,3498.3,9724
2025-09-18T11:00:00+05:30,3499.9,3500.0,3497.9,3499.1,5879
2025-09-18T11:15:00+05:30,3500.0,3500.0,3487.8,3494.3,10143
2025-09-18T11:30:00+05:30,3495.7,3501.2,3493.4,3498.2,15158
2025-09-18T11:45:00+05:30,3498.2,3500.0,3496.0,3499.3,6780
2025-09-18T12:00:00+05:30,3500.0,3500.0,3498.2,3499.9,7658
2025-09-18T12:15:00+05:30,3499.9,3502.5,3498.3,3498.7,8141
2025-09-18T12:30:00+05:30,3498.8,3498.8,3486.0,3487.8,9083
2025-09-18T12:45:00+05:30,3488.0,3493.4,3482.1,3488.5,24625
2025-09-18T13:00:00+05:30,3488.5,3490.5,3485.8,3490.4,11896
2025-09-18T13:15:00+05:30,3490.4,3493.2,3485.4,3490.1,35713
2025-09-18T13:30:00+05:30,3491.8,3494.1,3489.3,3490.0,45302
2025-09-18T13:45:00+05:30,3490.1,3498.4,3489.1,3491.8,28156
2025-09-18T14:00:00+05:30,3494.0,3495.6,3472.1,3475.0,38546
2025-09-18T14:15:00+05:30,3475.0,3475.7,3468.7,3475.0,10082
2025-09-18T14:30:00+05:30,3474.7,3475.0,3473.8,3474.9,9864
2025-09-18T14:45:00+05:30,3475.0,3475.4,3472.9,3473.1,9403
2025-09-18T15:00:00+05:30,3472.9,3475.1,3471.9,3475.0,22362
2025-09-18T15:15:00+05:30,3474.9,3475.0,3470.0,3475.0,35782
2025-09-19T09:15:00+05:30,3470.0,3474.6,3451.2,3471.0,17353
2025-09-19T09:30:00+05:30,3473.1,3473.1,3461.2,3462.6,7429
2025-09-19T09:45:00+05:30,3462.6,3464.9,3442.2,3452.7,16246
2025-09-19T10:00:00+05:30,3452.7,3462.5,3452.7,3457.9,7445
2025-09-19T10:15:00+05:30,3457.8,3459.9,3450.6,3452.8,5703
2025-09-19T10:30:00+05:30,3453.9,3462.7,3451.2,3457.0,5556
2025-09-19T10:45:00+05:30,3457.0,3457.4,3450.1,3452.0,5996
2025-09-19T11:00:00+05:30,3451.6,3455.9,3450.0,3452.7,4041
2025-09-19T11:15:00+05:30,3452.7,3452.8,3450.0,3452.0,4576
2025-09-19T11:30:00+05:30,3452.0,3456.0,3451.1,3452.2,4741
2025-09-19T11:45:00+05:30,3452.0,3453.5,3440.0,3443.0,9379
2025-09-19T12:00:00+05:30,3443.0,3443.0,3425.4,3432.6,20826
2025-09-19T12:15:00+05:30,3432.2,3440.1,3427.5,3435.0,10268
2025-09-19T12:30:00+05:30,3435.0,3437.5,3422.9,3426.4,9632
2025-09-19T12:45:00+05:30,3425.6,3426.4,3415.0,3415.3,10108
2025-09-19T13:00:00+05:30,3415.2,3424.6,3411.0,3416.6,16979
2025-09-19T13:15:00+05:30,3416.3,3429.9,3416.3,3420.3,7308
2025-09-19T13:30:00+05:30,3420.3,3430.6,3415.9,3423.4,14995
2025-09-19T13:45:00+05:30,3421.4,3443.2,3420.4,3439.4,125290
2025-09-19T14:00:00+05:30,3439.0,3475.1,3435.0,3461.4,32781
2025-09-19T14:15:00+05:30,3460.0,3465.0,3445.0,3445.2,16066
2025-09-19T14:30:00+05:30,3445.1,3450.0,3437.8,3439.8,9189
2025-09-19T14:45:00+05:30,3439.6,3441.6,3424.5,3425.0,22528
2025-09-19T15:00:00+05:30,3424.8,3443.3,3423.1,3436.6,107063
2025-09-19T15:15:00+05:30,3436.5,3468.0,3430.0,3447.0,91518
2025-09-22T09:15:00+05:30,3433.0,3497.9,3432.9,3497.1,29934
2025-09-22T09:30:00+05:30,3497.1,3497.9,3470.5,3495.5,18534
2025-09-22T09:45:00+05:30,3494.0,3508.6,3485.0,3506.6,20996
2025-09-22T10:00:00+05:30,3506.0,3519.9,3481.3,3482.6,20431
2025-09-22T10:15:00+05:30,3481.6,3502.0,3481.6,3499.8,10788
2025-09-22T10:30:00+05:30,3498.8,3515.0,3492.0,3510.9,30184
2025-09-22T10:45:00+05:30,3510.0,3519.0,3501.0,3507.7,13042
2025-09-22T11:00:00+05:30,3508.0,3509.6,3502.9,3507.6,7329
2025-09-22T11:15:00+05:30,3507.6,3507.8,3493.6,3498.6,13892
2025-09-22T11:30:00+05:30,3498.6,3505.0,3493.2,3497.7,10341
2025-09-22T11:45:00+05:30,3497.7,3505.9,3486.7,3504.7,15446
2025-09-22T12:00:00+05:30,3505.1,3505.8,3458.5,3481.0,66775
2025-09-22T12:15:00+05:30,3482.3,3490.9,3480.5,3488.0,10117
2025-09-22T12:30:00+05:30,3488.0,3490.5,3478.2,3478.9,8317
2025-09-22T12:45:00+05:30,3479.1,3495.0,3478.4,3488.3,19908
2025-09-22T13:00:00+05:30,3487.3,3489.9,3477.6,3485.1,10393
2025-09-22T13:15:00+05:30,3485.0,3492.9,3481.9,3490.0,23092
2025-09-22T13:30:00+05:30,3491.4,3495.9,3484.0,3486.8,98634
2025-09-22T13:45:00+05:30,3486.8,3489.4,3485.2,3487.0,8859
2025-09-22T14:00:00+05:30,3486.9,3493.1,3486.2,3492.4,9653
2025-09-22T14:15:00+05:30,3492.4,3550.0,3492.3,3523.6,59896
2025-09-22T14:30:00+05:30,3522.8,3544.0,3520.0,3542.0,25377
2025-09-22T14:45:00+05:30,3542.4,3548.0,3523.3,3530.1,36860
2025-09-22T15:00:00+05:30,3530.1,3532.8,3502.1,3530.7,88482
2025-09-22T15:15:00+05:30,3530.0,3566.5,3516.4,3535.0,132821
2025-09-23T09:15:00+05:30,3566.0,3567.0,3515.9,3524.3,25296
2025-09-23T09:30:00+05:30,3525.4,3547.9,3523.8,3547.9,12309
2025-09-23T09:45:00+05:30,3547.0,3572.0,3547.0,3566.9,43573
2025-09-23T10:00:00+05:30,3567.9,3575.1,3554.7,3554.7,36183
2025-09-23T10:15:00+05:30,3554.9,3577.5,3549.9,3575.4,27912
2025-09-23T10:30:00+05:30,3575.4,3585.0,3565.0,3567.3,30569
2025-09-23T10:45:00+05:30,3567.3,3569.0,3559.7,3565.1,36400
2025-09-23T11:00:00+05:30,3565.1,3565.1,3552.6,3561.6,35941
2025-09-23T11:15:00+05:30,3561.6,3568.0,3557.8,3559.9,17026
2025-09-23T11:30:00+05:30,3559.9,3564.1,3555.8,3559.9,28930
2025-09-23T11:45:00+05:30,3559.4,3562.8,3548.0,3559.0,37192
2025-09-23T12:00:00+05:30,3559.0,3565.0,3552.1,3563.9,19458
2025-09-23T12:15:00+05:30,3564.0,3568.9,3563.9,3566.7,14633
2025-09-23T12:30:00+05:30,3566.7,3574.6,3557.8,3565.0,33705
2025-09-23T12:45:00+05:30,3563.5,3570.0,3563.1,3567.8,11836
2025-09-23T13:00:00+05:30,3565.7,3573.7,3565.0,3565.5,18290
2025-09-23T13:15:00+05:30,3565.5,3573.7,3565.1,3571.1,9853
2025-09-23T13:30:00+05:30,3571.1,3580.2,3570.2,3574.4,27960
2025-09-23T13:45:00+05:30,3574.5,3593.6,3573.1,3588.2,32879
2025-09-23T14:00:00+05:30,3587.5,3588.2,3573.0,3581.0,29207
2025-09-23T14:15:00+05:30,3581.0,3592.9,3572.4,3586.5,71372
2025-09-23T14:30:00+05:30,3586.6,3608.0,3581.3,3602.0,65273
2025-09-23T14:45:00+05:30,3600.1,3613.8,3581.0,3591.9,45791
2025-09-23T15:00:00+05:30,3590.7,3625.0,3589.4,3598.7,68356
2025-09-23T15:15:00+05:30,3598.7,3613.1,3592.2,3596.5,52456
2025-09-24T09:15:00+05:30,3610.0,3610.1,3522.8,3536.3,43857
2025-09-24T09:30:00+05:30,3538.5,3540.5,3502.2,3506.2,23834
2025-09-24T09:45:00+05:30,3505.1,3534.4,3504.9,3511.0,18803
2025-09-24T10:00:00+05:30,3510.5,3510.9,3490.0,3492.1,35720
2025-09-24T10:15:00+05:30,3492.1,3496.8,3472.9,3486.2,42108
2025-09-24T10:30:00+05:30,3486.0,3493.7,3469.9,3477.0,30327
2025-09-24T10:45:00+05:30,3477.0,3490.6,3475.2,3479.0,12620
2025-09-24T11:00:00+05:30,3479.0,3487.8,3475.1,3487.0,15603
2025-09-24T11:15:00+05:30,3487.3,3497.0,3485.0,3486.0,12995
2025-09-24T11:30:00+05:30,3486.0,3486.1,3476.3,3482.3,18215
2025-09-24T11:45:00+05:30,3480.2,3489.5,3479.2,3484.8,14947
2025-09-24T12:00:00+05:30,3484.9,3486.3,3475.1,3483.0,17452
2025-09-24T12:15:00+05:30,3483.1,3489.9,3480.2,3485.2,14427
2025-09-24T12:30:00+05:30,3485.2,3500.1,3485.0,3495.1,22491
2025-09-24T12:45:00+05:30,3495.1,3499.1,3493.8,3495.2,8692
2025-09-24T13:00:00+05:30,3495.2,3495.3,3486.0,3489.4,11673
2025-09-24T13:15:00+05:30,3488.2,3494.4,3480.0,3482.6,13523
2025-09-24T13:30:00+05:30,3482.5,3484.9,3480.0,3482.6,11642
2025-09-24T13:45:00+05:30,3482.6,3485.0,3476.0,3480.3,15634
2025-09-24T14:00:00+05:30,3480.0,3496.0,3473.4,3493.8,117770
2025-09-24T14:15:00+05:30,3492.4,3530.0,3492.3,3521.4,38397
2025-09-24T14:30:00+05:30,3523.9,3536.9,3503.0,3507.1,35392
2025-09-24T14:45:00+05:30,3505.7,3518.3,3505.6,3509.0,22387
2025-09-24T15:00:00+05:30,3509.0,3515.0,3502.9,3514.5,34787
2025-09-24T15:15:00+05:30,3514.5,3514.9,3504.1,3509.4,61650
2025-09-25T09:15:00+05:30,3499.1,3513.6,3472.0,3486.6,31077
2025-09-25T09:30:00+05:30,3486.7,3496.7,3480.0,3493.3,11300
2025-09-25T09:45:00+05:30,3493.3,3506.6,3490.0,3495.4,11617
2025-09-25T10:00:00+05:30,3496.5,3535.0,3496.5,3530.0,28537
2025-09-25T10:15:00+05:30,3530.0,3541.3,3525.0,3537.7,19400
2025-09-25T10:30:00+05:30,3537.3,3549.0,3531.5,3535.8,12578
2025-09-25T10:45:00+05:30,3535.8,3540.8,3534.8,3539.0,6331
2025-09-25T11:00:00+05:30,3539.0,3540.0,3522.9,3528.7,32733
2025-09-25T11:15:00+05:30,3528.4,3531.0,3524.0,3528.4,4776
2025-09-25T11:30:00+05:30,3528.4,3530.4,3504.7,3509.6,34173
2025-09-25T11:45:00+05:30,3510.4,3519.0,3503.9,3505.2,6360
2025-09-25T12:00:00+05:30,3506.3,3507.9,3490.1,3498.7,11878
2025-09-25T12:15:00+05:30,3498.3,3500.6,3488.7,3499.3,9248
2025-09-25T12:30:00+05:30,3498.3,3512.0,3483.0,3511.4,43141
2025-09-25T12:45:00+05:30,3511.4,3516.8,3509.9,3516.7,4961
2025-09-25T13:00:00+05:30,3516.6,3522.9,3513.7,3522.5,5204
2025-09-25T13:15:00+05:30,3522.7,3553.9,3522.3,3551.8,14054
2025-09-25T13:30:00+05:30,3552.5,3557.0,3524.3,3542.0,29322
2025-09-25T13:45:00+05:30,3542.0,3545.0,3535.1,3538.5,10270
2025-09-25T14:00:00+05:30,3538.4,3541.8,3535.0,3537.8,19393
2025-09-25T14:15:00+05:30,3537.8,3540.0,3530.1,3539.5,26016
2025-09-25T14:30:00+05:30,3539.5,3545.0,3535.1,3536.6,12627
2025-09-25T14:45:00+05:30,3536.5,3540.0,3535.1,3537.4,12539
2025-09-25T15:00:00+05:30,3537.4,3540.0,3530.0,3535.3,38455
2025-09-25T15:15:00+05:30,3535.3,3538.1,3504.8,3510.0,50087
2025-09-26T09:15:00+05:30,3516.0,3533.2,3488.5,3497.7,31659
2025-09-26T09:30:00+05:30,3494.7,3518.3,3483.9,3516.5,50234
2025-09-26T09:45:00+05:30,3517.9,3574.7,3513.1,3574.4,26780
2025-09-26T10:00:00+05:30,3574.4,3576.3,3546.4,3552.8,24500
2025-09-26T10:15:00+05:30,3552.8,3588.0,3549.2,3579.4,28704
2025-09-26T10:30:00+05:30,3579.4,3608.1,3575.7,3598.0,29220
2025-09-26T10:45:00+05:30,3598.0,3598.0,3576.8,3576.8,15268
2025-09-26T11:00:00+05:30,3577.9,3598.0,3571.0,3592.1,12598
2025-09-26T11:15:00+05:30,3592.1,3597.0,3575.3,3590.6,12577
2025-09-26T11:30:00+05:30,3590.7,3594.0,3566.8,3569.2,10685
2025-09-26T11:45:00+05:30,3569.3,3586.0,3568.6,3575.3,20651
2025-09-26T12:00:00+05:30,3575.4,3593.0,3564.4,3583.1,24742
2025-09-26T12:15:00+05:30,3583.2,3588.4,3560.0,3560.2,22376
2025-09-26T12:30:00+05:30,3561.3,3564.0,3543.2,3549.7,26674
2025-09-26T12:45:00+05:30,3547.9,3567.3,3545.4,3554.0,24113
2025-09-26T13:00:00+05:30,3552.2,3555.0,3540.0,3541.0,7637
2025-09-26T13:15:00+05:30,3541.0,3555.0,3532.7,3539.1,13928
2025-09-26T13:30:00+05:30,3539.8,3540.0,3518.1,3523.4,6820
2025-09-26T13:45:00+05:30,3523.4,3538.5,3510.1,3517.1,16208
2025-09-26T14:00:00+05:30,3517.5,3519.9,3495.1,3495.2,28944
2025-09-26T14:15:00+05:30,3495.2,3528.9,3490.0,3505.1,42404
2025-09-26T14:30:00+05:30,3508.0,3511.0,3476.0,3497.8,45514
2025-09-26T14:45:00+05:30,3495.4,3507.5,3490.3,3503.0,20381
2025-09-26T15:00:00+05:30,3503.1,3524.0,3500.1,3522.0,26234
2025-09-26T15:15:00+05:30,3522.0,3531.0,3505.5,3515.0,45585
2025-09-29T09:15:00+05:30,3515.5,3546.6,3500.0,3508.0,30535
2025-09-29T09:30:00+05:30,3507.9,3512.3,3479.9,3485.1,40492
2025-09-29T09:45:00+05:30,3485.0,3492.0,3483.0,3485.4,21570
2025-09-29T10:00:00+05:30,3485.1,3485.4,3472.2,3478.5,20489
2025-09-29T10:15:00+05:30,3478.5,3490.1,3469.6,3487.7,29634
2025-09-29T10:30:00+05:30,3486.6,3491.1,3484.9,3489.7,11874
2025-09-29T10:45:00+05:30,3489.7,3495.7,3482.1,3485.1,13932
2025-09-29T11:00:00+05:30,3485.0,3492.9,3481.0,3489.9,16253
2025-09-29T11:15:00+05:30,3489.9,3489.9,3484.7,3487.9,12927
2025-09-29T11:30:00+05:30,3487.9,3487.9,3465.0,3471.8,17649
2025-09-29T11:45:00+05:30,3471.8,3480.0,3460.8,3472.6,15321
2025-09-29T12:00:00+05:30,3472.6,3489.0,3467.7,3489.0,15620
2025-09-29T12:15:00+05:30,3488.3,3500.5,3484.8,3490.4,61176
2025-09-29T12:30:00+05:30,3490.3,3496.9,3486.5,3489.4,21277
2025-09-29T12:45:00+05:30,3489.4,3491.9,3476.2,3484.4,11464
2025-09-29T13:00:00+05:30,3483.8,3487.8,3479.6,3480.0,10883
2025-09-29T13:15:00+05:30,3480.0,3481.6,3475.0,3481.1,18592
2025-09-29T13:30:00+05:30,3481.0,3485.0,3479.8,3483.1,17380
2025-09-29T13:45:00+05:30,3483.1,3483.4,3479.2,3483.4,7538
2025-09-29T14:00:00+05:30,3483.4,3493.5,3483.2,3487.0,37859
2025-09-29T14:15:00+05:30,3487.0,3490.0,3482.4,3486.2,20775
2025-09-29T14:30:00+05:30,3486.3,3490.3,3485.5,3486.1,17151
2025-09-29T14:45:00+05:30,3486.2,3492.8,3481.1,3490.0,40007
2025-09-29T15:00:00+05:30,3490.0,3573.7,3474.5,3499.7,1248125
2025-09-29T15:15:00+05:30,3499.7,3515.0,3481.2,3482.0,882600
2025-09-30T09:15:00+05:30,3485.1,3514.8,3441.9,3447.7,86084
2025-09-30T09:30:00+05:30,3447.8,3455.0,3405.0,3417.0,27854
2025-09-30T09:45:00+05:30,3417.0,3433.7,3405.1,3409.3,15470
2025-09-30T10:00:00+05:30,3409.3,3438.7,3406.0,3412.7,32448
2025-09-30T10:15:00+05:30,3412.7,3420.0,3409.6,3415.9,13941
2025-09-30T10:30:00+05:30,3415.9,3415.9,3405.0,3408.8,9498
2025-09-30T10:45:00+05:30,3408.8,3410.0,3403.0,3407.8,9720
2025-09-30T11:00:00+05:30,3408.6,3433.3,3407.2,3429.8,9898
2025-09-30T11:15:00+05:30,3429.8,3437.9,3419.8,3426.4,7589
2025-09-30T11:30:00+05:30,3426.4,3446.3,3426.4,3439.4,12885
2025-09-30T11:45:00+05:30,3439.4,3439.4,3432.2,3437.1,5171
2025-09-30T12:00:00+05:30,3437.1,3455.6,3437.1,3451.3,11222
2025-09-30T12:15:00+05:30,3450.9,3460.0,3446.7,3457.7,7123
2025-09-30T12:30:00+05:30,3458.3,3474.2,3458.0,3471.5,9683
2025-09-30T12:45:00+05:30,3470.7,3475.0,3465.4,3473.0,9686
2025-09-30T13:00:00+05:30,3473.0,3474.1,3469.2,3472.9,11552
2025-09-30T13:15:00+05:30,3472.5,3473.8,3444.1,3450.7,25925
2025-09-30T13:30:00+05:30,3450.7,3464.5,3450.0,3457.1,5657
2025-09-30T13:45:00+05:30,3456.7,3473.0,3456.7,3469.6,6248
2025-09-30T14:00:00+05:30,3469.6,3476.9,3456.5,3458.5,7383
2025-09-30T14:15:00+05:30,3458.5,3461.3,3444.6,3454.8,11293
2025-09-30T14:30:00+05:30,3454.8,3465.0,3451.5,3460.4,6762
2025-09-30T14:45:00+05:30,3460.4,3464.6,3440.9,3443.4,10649
2025-09-30T15:00:00+05:30,3443.4,3446.0,3429.0,3432.8,35560
2025-09-30T15:15:00+05:30,3432.7,3432.8,3415.0,3423.7,42059
2025-10-01T09:15:00+05:30,3430.0,3442.9,3410.3,3427.2,33741
2025-10-01T09:30:00+05:30,3429.7,3446.9,3427.3,3435.7,15919
2025-10-01T09:45:00+05:30,3438.4,3443.1,3421.0,3435.6,14849
2025-10-01T10:00:00+05:30,3435.7,3436.0,3416.5,3424.5,6186
2025-10-01T10:15:00+05:30,3424.1,3436.9,3418.9,3425.2,6065
2025-10-01T10:30:00+05:30,3423.9,3428.9,3411.0,3413.6,7200
2025-10-01T10:45:00+05:30,3413.6,3425.2,3410.0,3424.9,6302
2025-10-01T11:00:00+05:30,3424.9,3425.0,3417.1,3419.6,2143
2025-10-01T11:15:00+05:30,3419.6,3430.0,3418.1,3424.3,5185
2025-10-01T11:30:00+05:30,3424.3,3430.0,3419.3,3422.0,4237
2025-10-01T11:45:00+05:30,3422.0,3422.4,3412.0,3419.0,1755
2025-10-01T12:00:00+05:30,3419.0,3423.6,3415.0,3416.6,3316
2025-10-01T12:15:00+05:30,3416.6,3416.6,3410.0,3412.0,2485
2025-10-01T12:30:00+05:30,3412.0,3412.0,3403.9,3406.7,4931
2025-10-01T12:45:00+05:30,3406.8,3410.0,3404.5,3404.9,1275
2025-10-01T13:00:00+05:30,3404.9,3409.7,3396.6,3406.4,9125
2025-10-01T13:15:00+05:30,3406.3,3406.8,3403.3,3404.3,2843
2025-10-01T13:30:00+05:30,3402.7,3413.0,3398.5,3411.9,7408
2025-10-01T13:45:00+05:30,3412.0,3418.9,3389.1,3391.5,16446
2025-10-01T14:00:00+05:30,3392.4,3399.9,3384.9,3396.9,16465
2025-10-01T14:15:00+05:30,3396.9,3400.0,3392.1,3399.9,5118
2025-10-01T14:30:00+05:30,3399.9,3402.0,3396.2,3402.0,6222
2025-10-01T14:45:00+05:30,3402.0,3404.0,3398.1,3403.5,7644
2025-10-01T15:00:00+05:30,3403.5,3409.0,3385.6,3393.6,47139
2025-10-01T15:15:00+05:30,3393.6,3414.4,3391.0,3398.0,36333
2025-10-03T09:15:00+05:30,3398.0,3430.0,3393.9,3420.0,31499
2025-10-03T09:30:00+05:30,3420.3,3425.6,3408.0,3414.7,8506
2025-10-03T09:45:00+05:30,3414.7,3420.5,3402.4,3411.6,7206
2025-10-03T10:00:00+05:30,3411.8,3413.8,3375.1,3383.1,12566
2025-10-03T10:15:00+05:30,3383.2,3398.0,3375.1,3394.6,16110
2025-10-03T10:30:00+05:30,3394.6,3398.1,3384.0,3390.8,6172
2025-10-03T10:45:00+05:30,3391.7,3401.8,3380.1,3391.8,4824
2025-10-03T11:00:00+05:30,3393.1,3402.6,3391.8,3402.3,4180
2025-10-03T11:15:00+05:30,3402.3,3429.8,3395.0,3416.7,9171
2025-10-03T11:30:00+05:30,3415.7,3427.9,3411.0,3416.9,9679
2025-10-03T11:45:00+05:30,3415.9,3428.0,3406.6,3423.6,8837
2025-10-03T12:00:00+05:30,3423.6,3435.0,3420.0,3420.2,11486
2025-10-03T12:15:00+05:30,3421.8,3424.0,3414.2,3422.1,5895
2025-10-03T12:30:00+05:30,3422.2,3425.0,3411.2,3412.0,7999
2025-10-03T12:45:00+05:30,3412.0,3417.5,3405.2,3415.4,8057
2025-10-03T13:00:00+05:30,3414.7,3422.2,3412.6,3414.3,4333
2025-10-03T13:15:00+05:30,3415.2,3422.7,3399.2,3400.3,20316
2025-10-03T13:30:00+05:30,3400.5,3403.3,3388.5,3388.6,15898
2025-10-03T13:45:00+05:30,3389.0,3391.0,3384.0,3385.8,3631
2025-10-03T14:00:00+05:30,3386.0,3391.0,3385.8,3391.0,4348
2025-10-03T14:15:00+05:30,3391.0,3403.3,3387.6,3398.8,9382
2025-10-03T14:30:00+05:30,3398.8,3405.0,3389.6,3391.0,7263
2025-10-03T14:45:00+05:30,3391.0,3392.9,3390.0,3391.0,8416
2025-10-03T15:00:00+05:30,3391.0,3391.3,3345.5,3350.0,58430
2025-10-03T15:15:00+05:30,3350.0,3353.4,3345.1,3345.6,78763
2025-10-06T09:15:00+05:30,3351.7,3369.8,3309.3,3314.0,38625
2025-10-06T09:30:00+05:30,3314.0,3343.0,3307.1,3329.0,23058
2025-10-06T09:45:00+05:30,3328.9,3329.0,3295.0,3295.5,20245
2025-10-06T10:00:00+05:30,3295.0,3295.3,3275.1,3280.0,29671
2025-10-06T10:15:00+05:30,3280.2,3287.3,3270.9,3281.5,28680
2025-10-06T10:30:00+05:30,3281.8,3282.1,3271.0,3275.4,17816
2025-10-06T10:45:00+05:30,3275.2,3308.5,3275.0,3301.7,43713
2025-10-06T11:00:00+05:30,3301.7,3321.4,3300.0,3311.1,15756
2025-10-06T11:15:00+05:30,3311.1,3313.0,3303.0,3307.4,8120
2025-10-06T11:30:00+05:30,3307.4,3308.0,3275.8,3277.2,24130
2025-10-06T11:45:00+05:30,3279.1,3286.9,3268.5,3269.0,18679
2025-10-06T12:00:00+05:30,3269.0,3287.8,3268.3,3270.2,20556
2025-10-06T12:15:00+05:30,3270.2,3282.0,3269.1,3274.2,21230
2025-10-06T12:30:00+05:30,3275.0,3276.3,3268.0,3270.0,11395
2025-10-06T12:45:00+05:30,3270.0,3272.5,3269.5,3269.7,8288
2025-10-06T13:00:00+05:30,3269.7,3270.0,3262.0,3263.9,6722
2025-10-06T13:15:00+05:30,3262.9,3266.0,3253.2,3263.3,17146
2025-10-06T13:30:00+05:30,3263.9,3264.2,3253.3,3256.6,12025
2025-10-06T13:45:00+05:30,3257.4,3262.0,3251.0,3253.6,21755
2025-10-06T14:00:00+05:30,3253.6,3255.1,3245.4,3247.7,24521
2025-10-06T14:15:00+05:30,3248.9,3260.3,3247.3,3251.7,31280
2025-10-06T14:30:00+05:30,3251.5,3251.7,3243.5,3250.0,18109
2025-10-06T14:45:00+05:30,3249.5,3250.0,3233.0,3238.6,40780
2025-10-06T15:00:00+05:30,3238.6,3240.1,3227.0,3234.7,77572
2025-10-06T15:15:00+05:30,3234.4,3254.0,3229.9,3250.9,100149
2025-10-07T09:15:00+05:30,3251.0,3346.7,3245.7,3340.2,57394
2025-10-07T09:30:00+05:30,3341.0,3356.0,3303.0,3318.8,65083
2025-10-07T09:45:00+05:30,3318.6,3330.0,3306.5,3321.6,22341
2025-10-07T10:00:00+05:30,3319.3,3321.1,3291.0,3297.9,21347
2025-10-07T10:15:00+05:30,3298.5,3302.0,3292.0,3299.1,9876
2025-10-07T10:30:00+05:30,3299.1,3306.9,3295.0,3298.0,8263
2025-10-07T10:45:00+05:30,3298.0,3298.0,3285.8,3294.4,8072
2025-10-07T11:00:00+05:30,3295.0,3295.0,3280.0,3283.8,7792
2025-10-07T11:15:00+05:30,3283.8,3295.1,3267.0,3273.1,18571
2025-10-07T11:30:00+05:30,3273.1,3273.1,3252.1,3267.6,21079
2025-10-07T11:45:00+05:30,3265.4,3268.0,3253.0,3259.8,15818
2025-10-07T12:00:00+05:30,3258.2,3265.0,3255.0,3261.8,15527
2025-10-07T12:15:00+05:30,3261.1,3265.6,3245.7,3253.5,19662
2025-10-07T12:30:00+05:30,3253.3,3283.5,3250.0,3281.9,10691
2025-10-07T12:45:00+05:30,3281.1,3284.0,3273.0,3276.1,4403
2025-10-07T13:00:00+05:30,3275.2,3276.9,3264.1,3267.6,4691
2025-10-07T13:15:00+05:30,3267.8,3270.0,3260.7,3265.5,3773
2025-10-07T13:30:00+05:30,3265.3,3265.4,3254.0,3257.0,7871
2025-10-07T13:45:00+05:30,3258.5,3259.1,3254.2,3255.0,9058
2025-10-07T14:00:00+05:30,3255.0,3258.3,3251.8,3254.9,4404
2025-10-07T14:15:00+05:30,3254.9,3267.0,3254.5,3260.7,4865
2025-10-07T14:30:00+05:30,3261.1,3263.1,3257.0,3260.0,4475
2025-10-07T14:45:00+05:30,3259.6,3284.4,3257.7,3280.4,33553
2025-10-07T15:00:00+05:30,3281.9,3290.0,3271.9,3286.6,19368
2025-10-07T15:15:00+05:30,3286.0,3292.0,3268.0,3291.0,25779
2025-10-08T09:15:00+05:30,3285.0,3318.0,3280.3,3316.4,27655
2025-10-08T09:30:00+05:30,3316.4,3323.0,3307.5,3317.7,13643
2025-10-08T09:45:00+05:30,3318.0,3332.3,3308.0,3329.4,15922
2025-10-08T10:00:00+05:30,3329.4,3329.4,3313.1,3314.7,11080
2025-10-08T10:15:00+05:30,3314.7,3328.6,3314.4,3327.4,13310
2025-10-08T10:30:00+05:30,3327.4,3327.4,3305.0,3306.7,12929
2025-10-08T10:45:00+05:30,3306.7,3312.0,3290.4,3294.5,13059
2025-10-08T11:00:00+05:30,3294.1,3297.7,3290.3,3295.0,7712
2025-10-08T11:15:00+05:30,3295.4,3302.3,3290.1,3290.7,12165
2025-10-08T11:30:00+05:30,3290.7,3297.4,3282.0,3293.7,21512
2025-10-08T11:45:00+05:30,3293.7,3302.7,3293.0,3298.1,30861
2025-10-08T12:00:00+05:30,3298.0,3302.0,3260.0,3263.7,71211
2025-10-08T12:15:00+05:30,3263.7,3277.2,3261.6,3271.5,73966
2025-10-08T12:30:00+05:30,3271.5,3306.7,3270.1,3301.0,21882
2025-10-08T12:45:00+05:30,3301.0,3324.9,3299.7,3324.8,13383
2025-10-08T13:00:00+05:30,3324.4,3346.5,3320.0,3344.9,22841
2025-10-08T13:15:00+05:30,3345.0,3347.0,3336.0,3337.6,11855
2025-10-08T13:30:00+05:30,3337.6,3349.3,3336.0,3342.0,14280
2025-10-08T13:45:00+05:30,3341.3,3344.0,3332.0,3334.0,8847
2025-10-08T14:00:00+05:30,3334.0,3338.7,3324.6,3328.5,12116
2025-10-08T14:15:00+05:30,3328.5,3338.0,3327.1,3336.1,8327
2025-10-08T14:30:00+05:30,3336.1,3339.3,3331.0,3333.1,6311
2025-10-08T14:45:00+05:30,3333.0,3348.8,3332.1,3348.0,10311
2025-10-08T15:00:00+05:30,3347.2,3353.0,3335.8,3336.7,27013
2025-10-08T15:15:00+05:30,3336.3,3344.0,3333.7,3339.2,34365
2025-10-09T09:15:00+05:30,3350.0,3350.0,3271.9,3278.7,48890
2025-10-09T09:30:00+05:30,3277.4,3280.0,3261.0,3264.4,22670
2025-10-09T09:45:00+05:30,3264.0,3278.6,3264.0,3274.3,12423
2025-10-09T10:00:00+05:30,3274.1,3276.9,3255.0,3256.0,14716
2025-10-09T10:15:00+05:30,3256.4,3264.8,3253.8,3263.8,11900
2025-10-09T10:30:00+05:30,3263.8,3265.8,3257.8,3262.3,11732
2025-10-09T10:45:00+05:30,3262.3,3266.1,3251.1,3252.1,13119
2025-10-09T11:00:00+05:30,3252.3,3254.8,3241.9,3242.5,21382
2025-10-09T11:15:00+05:30,3242.5,3249.9,3235.1,3245.5,20616
2025-10-09T11:30:00+05:30,3245.0,3250.0,3240.2,3248.0,10534
2025-10-09T11:45:00+05:30,3247.9,3257.1,3245.1,3247.1,12683
2025-10-09T12:00:00+05:30,3247.1,3249.2,3244.3,3246.3,9901
2025-10-09T12:15:00+05:30,3246.3,3247.7,3238.0,3242.6,12966
2025-10-09T12:30:00+05:30,3242.6,3245.0,3234.2,3240.2,17483
2025-10-09T12:45:00+05:30,3240.2,3248.7,3236.0,3236.8,12934
2025-10-09T13:00:00+05:30,3236.7,3239.1,3235.0,3237.4,10364
2025-10-09T13:15:00+05:30,3237.4,3253.4,3234.0,3252.4,12816
2025-10-09T13:30:00+05:30,3252.4,3253.5,3242.0,3242.4,11817
2025-10-09T13:45:00+05:30,3242.4,3248.5,3237.3,3240.5,13652
2025-10-09T14:00:00+05:30,3240.5,3250.5,3236.0,3245.2,17710
2025-10-09T14:15:00+05:30,3245.2,3253.2,3241.5,3245.2,21584
2025-10-09T14:30:00+05:30,3245.3,3249.0,3242.0,3244.6,14881
2025-10-09T14:45:00+05:30,3244.6,3244.6,3232.0,3232.0,22688
2025-10-09T15:00:00+05:30,3232.5,3247.8,3232.1,3243.0,38969
2025-10-09T15:15:00+05:30,3242.6,3249.0,3234.5,3249.0,49906
2025-10-10T09:15:00+05:30,3241.1,3253.3,3218.2,3236.7,20092
2025-10-10T09:30:00+05:30,3236.6,3250.0,3225.0,3242.8,10609
2025-10-10T09:45:00+05:30,3243.0,3258.0,3229.6,3255.0,12292
2025-10-10T10:00:00+05:30,3257.4,3260.0,3248.0,3251.4,10773
2025-10-10T10:15:00+05:30,3250.2,3251.7,3232.2,3237.8,7020
2025-10-10T10:30:00+05:30,3237.8,3248.9,3235.5,3242.5,5870
2025-10-10T10:45:00+05:30,3242.5,3254.5,3241.5,3246.9,5711
2025-10-10T11:00:00+05:30,3246.9,3247.9,3238.6,3241.3,4195
2025-10-10T11:15:00+05:30,3241.3,3244.9,3232.0,3237.0,6349
2025-10-10T11:30:00+05:30,3235.3,3240.0,3226.7,3226.7,5399
2025-10-10T11:45:00+05:30,3228.4,3248.2,3227.1,3243.9,8462
2025-10-10T12:00:00+05:30,3244.2,3247.6,3240.0,3242.5,5482
2025-10-10T12:15:00+05:30,3242.6,3245.3,3236.8,3239.5,5294
2025-10-10T12:30:00+05:30,3239.5,3247.0,3236.8,3247.0,4459
2025-10-10T12:45:00+05:30,3247.0,3249.9,3245.1,3247.4,4560
2025-10-10T13:00:00+05:30,3247.6,3249.1,3239.0,3241.1,5389
2025-10-10T13:15:00+05:30,3241.1,3243.9,3227.2,3229.9,9870
2025-10-10T13:30:00+05:30,3230.0,3230.0,3217.5,3217.8,12071
2025-10-10T13:45:00+05:30,3217.8,3220.0,3215.0,3218.7,7802
2025-10-10T14:00:00+05:30,3218.7,3222.3,3211.1,3220.0,14584
2025-10-10T14:15:00+05:30,3219.9,3225.3,3217.3,3221.6,11533
2025-10-10T14:30:00+05:30,3222.5,3236.3,3221.8,3226.8,19650
2025-10-10T14:45:00+05:30,3226.8,3234.9,3221.1,3222.1,16404
2025-10-10T15:00:00+05:30,3222.1,3235.0,3220.3,3234.0,20991
2025-10-10T15:15:00+05:30,3233.9,3250.7,3233.0,3245.0,30326
2025-10-13T09:15:00+05:30,3227.6,3246.0,3220.0,3229.0,8971
2025-10-13T09:30:00+05:30,3227.1,3229.0,3212.4,3219.2,6439
2025-10-13T09:45:00+05:30,3219.0,3223.1,3212.0,3213.0,5014
2025-10-13T10:00:00+05:30,3212.1,3212.8,3203.2,3203.4,6645
2025-10-13T10:15:00+05:30,3203.4,3206.7,3192.3,3203.0,10692
2025-10-13T10:30:00+05:30,3203.0,3215.0,3195.1,3204.0,4080
2025-10-13T10:45:00+05:30,3203.3,3211.6,3201.0,3204.2,3997
2025-10-13T11:00:00+05:30,3204.2,3206.2,3194.2,3202.5,4813
2025-10-13T11:15:00+05:30,3202.5,3204.2,3195.4,3197.9,3068
2025-10-13T11:30:00+05:30,3198.0,3200.6,3190.1,3192.0,4606
2025-10-13T11:45:00+05:30,3192.7,3203.8,3191.1,3200.5,6760
2025-10-13T12:00:00+05:30,3201.8,3203.0,3196.8,3197.6,4169
2025-10-13T12:15:00+05:30,3197.3,3198.6,3191.0,3193.5,5047
2025-10-13T12:30:00+05:30,3192.9,3206.5,3191.0,3199.0,7437
2025-10-13T12:45:00+05:30,3199.0,3204.5,3190.1,3195.2,5353
2025-10-13T13:00:00+05:30,3195.2,3201.8,3192.8,3197.0,2867
2025-10-13T13:15:00+05:30,3198.4,3201.1,3193.0,3195.0,3133
2025-10-13T13:30:00+05:30,3194.3,3196.8,3192.0,3194.2,4029
2025-10-13T13:45:00+05:30,3194.8,3200.6,3191.1,3199.0,7562
2025-10-13T14:00:00+05:30,3199.0,3199.9,3192.9,3193.0,4313
2025-10-13T14:15:00+05:30,3193.1,3197.2,3188.4,3192.5,7074
2025-10-13T14:30:00+05:30,3193.0,3195.2,3185.0,3187.3,8857
2025-10-13T14:45:00+05:30,3187.0,3189.4,3181.1,3185.0,8404
2025-10-13T15:00:00+05:30,3186.0,3186.2,3177.3,3179.1,17880
2025-10-13T15:15:00+05:30,3179.1,3199.0,3171.2,3193.0,41535
2025-10-14T09:15:00+05:30,3183.3,3192.9,3161.4,3182.5,27957
2025-10-14T09:30:00+05:30,3182.0,3191.7,3178.5,3180.0,13579
2025-10-14T09:45:00+05:30,3179.4,3189.2,3175.5,3187.2,9808
2025-10-14T10:00:00+05:30,3188.7,3188.7,3166.2,3177.1,17824
2025-10-14T10:15:00+05:30,3177.9,3186.4,3170.1,3183.0,9936
2025-10-14T10:30:00+05:30,3183.0,3183.0,3150.0,3155.9,21282
2025-10-14T10:45:00+05:30,3156.7,3160.0,3148.0,3149.0,33203
2025-10-14T11:00:00+05:30,3150.3,3150.8,3138.1,3143.1,19333
2025-10-14T11:15:00+05:30,3143.3,3148.2,3138.3,3142.9,13399
2025-10-14T11:30:00+05:30,3142.8,3150.0,3137.1,3147.1,9215
2025-10-14T11:45:00+05:30,3147.1,3149.1,3135.0,3139.3,8992
2025-10-14T12:00:00+05:30,3139.3,3145.2,3135.0,3141.9,11643
2025-10-14T12:15:00+05:30,3142.0,3155.0,3141.8,3149.4,8749
2025-10-14T12:30:00+05:30,3150.0,3155.7,3144.0,3152.5,6178
2025-10-14T12:45:00+05:30,3152.4,3154.3,3144.3,3152.4,5803
2025-10-14T13:00:00+05:30,3153.6,3154.5,3145.1,3149.4,3786
2025-10-14T13:15:00+05:30,3149.4,3153.1,3140.2,3144.0,6673
2025-10-14T13:30:00+05:30,3144.2,3180.0,3144.0,3175.8,10450
2025-10-14T13:45:00+05:30,3177.5,3185.0,3169.6,3181.0,6355
2025-10-14T14:00:00+05:30,3181.0,3183.8,3174.4,3180.2,8696
2025-10-14T14:15:00+05:30,3180.0,3183.5,3169.6,3176.0,8821
2025-10-14T14:30:00+05:30,3176.0,3185.0,3174.8,3183.3,7970
2025-10-14T14:45:00+05:30,3184.9,3190.0,3180.0,3187.0,12333
2025-10-14T15:00:00+05:30,3187.7,3210.0,3187.0,3199.2,24222
2025-10-14T15:15:00+05:30,3199.2,3204.8,3171.0,3185.5,27782
2025-10-15T09:15:00+05:30,3204.0,3204.0,3160.0,3175.3,25458
2025-10-15T09:30:00+05:30,3174.2,3177.0,3160.0,3161.9,6885
2025-10-15T09:45:00+05:30,3161.9,3162.9,3153.0,3158.7,11515
2025-10-15T10:00:00+05:30,3157.4,3169.5,3151.6,3151.6,10293
2025-10-15T10:15:00+05:30,3151.6,3153.0,3137.8,3143.7,17444
2025-10-15T10:30:00+05:30,3144.0,3171.0,3138.0,3160.5,21093
2025-10-15T10:45:00+05:30,3160.5,3165.1,3152.7,3156.0,7723
2025-10-15T11:00:00+05:30,3156.0,3159.4,3145.4,3148.3,12844
2025-10-15T11:15:00+05:30,3146.6,3153.0,3141.1,3152.7,7249
2025-10-15T11:30:00+05:30,3151.1,3157.5,3150.0,3153.8,6745
2025-10-15T11:45:00+05:30,3153.9,3153.9,3147.8,3149.4,3948
2025-10-15T12:00:00+05:30,3149.5,3152.7,3148.0,3149.7,5499
2025-10-15T12:15:00+05:30,3149.9,3151.4,3147.0,3147.0,4907
2025-10-15T12:30:00+05:30,3147.7,3147.7,3141.0,3143.3,6636
2025-10-15T12:45:00+05:30,3143.5,3144.6,3130.0,3135.7,18853
2025-10-15T13:00:00+05:30,3135.7,3137.4,3132.1,3134.6,5877
2025-10-15T13:15:00+05:30,3134.1,3136.0,3132.0,3133.6,7038
2025-10-15T13:30:00+05:30,3133.6,3148.7,3133.0,3142.8,7564
2025-10-15T13:45:00+05:30,3142.8,3148.0,3137.5,3143.5,8329
2025-10-15T14:00:00+05:30,3143.5,3158.4,3142.8,3153.5,10538
2025-10-15T14:15:00+05:30,3153.5,3154.8,3145.0,3152.2,12397
2025-10-15T14:30:00+05:30,3152.1,3156.6,3149.2,3149.9,9428
2025-10-15T14:45:00+05:30,3149.9,3150.0,3136.0,3141.6,14055
2025-10-15T15:00:00+05:30,3141.6,3149.8,3137.1,3142.0,33060
2025-10-15T15:15:00+05:30,3142.2,3152.0,3133.1,3142.0,70630
2025-10-16T09:15:00+05:30,3154.0,3176.5,3140.4,3176.5,18546
2025-10-16T09:30:00+05:30,3176.4,3181.7,3162.9,3170.1,11761
2025-10-16T09:45:00+05:30,3170.1,3176.0,3155.7,3158.0,5272
2025-10-16T10:00:00+05:30,3158.0,3162.7,3153.8,3156.5,6336
2025-10-16T10:15:00+05:30,3155.2,3155.2,3136.8,3144.9,38156
2025-10-16T10:30:00+05:30,3145.0,3169.0,3143.7,3152.7,21566
2025-10-16T10:45:00+05:30,3153.0,3154.0,3140.8,3146.3,7759
2025-10-16T11:00:00+05:30,3146.4,3147.3,3135.0,3139.9,8126
2025-10-16T11:15:00+05:30,3139.9,3141.5,3130.5,3132.2,7727
2025-10-16T11:30:00+05:30,3132.2,3142.3,3125.3,3129.9,11720
2025-10-16T11:45:00+05:30,3130.0,3132.6,3123.1,3126.0,8039
2025-10-16T12:00:00+05:30,3126.0,3131.9,3115.5,3120.0,13016
2025-10-16T12:15:00+05:30,3120.8,3128.9,3117.6,3121.3,11366
2025-10-16T12:30:00+05:30,3120.6,3128.4,3115.5,3123.1,10494
2025-10-16T12:45:00+05:30,3123.4,3128.0,3110.2,3120.0,16547
2025-10-16T13:00:00+05:30,3120.6,3124.5,3117.6,3122.0,7209
2025-10-16T13:15:00+05:30,3122.2,3123.8,3115.2,3117.8,4845
2025-10-16T13:30:00+05:30,3117.7,3126.5,3115.8,3123.8,6007
2025-10-16T13:45:00+05:30,3123.8,3124.5,3118.2,3122.9,5707
2025-10-16T14:00:00+05:30,3121.4,3123.6,3117.3,3120.0,6541
2025-10-16T14:15:00+05:30,3120.0,3122.6,3117.9,3118.4,6220
2025-10-16T14:30:00+05:30,3118.4,3121.6,3115.0,3118.0,7140
2025-10-16T14:45:00+05:30,3117.6,3125.0,3114.5,3125.0,11357
2025-10-16T15:00:00+05:30,3125.0,3141.5,3124.6,3137.0,22330
2025-10-16T15:15:00+05:30,3136.0,3163.0,3131.6,3137.0,49537
2025-10-17T09:15:00+05:30,3145.8,3145.8,3123.0,3136.0,16424
2025-10-17T09:30:00+05:30,3136.0,3149.7,3132.2,3147.3,11532
2025-10-17T09:45:00+05:30,3147.5,3158.8,3144.6,3146.9,8634
2025-10-17T10:00:00+05:30,3146.8,3154.4,3142.0,3142.9,7082
2025-10-17T10:15:00+05:30,3142.8,3149.8,3125.1,3126.0,7616
2025-10-17T10:30:00+05:30,3126.8,3130.3,3122.5,3124.5,11652
2025-10-17T10:45:00+05:30,3125.0,3126.2,3120.1,3122.9,8206
2025-10-17T11:00:00+05:30,3122.5,3127.8,3121.6,3125.0,6841
2025-10-17T11:15:00+05:30,3125.0,3125.6,3120.0,3120.0,4408
2025-10-17T11:30:00+05:30,3120.1,3125.0,3118.5,3118.5,5975
2025-10-17T11:45:00+05:30,3118.1,3125.1,3115.0,3121.1,15786
2025-10-17T12:00:00+05:30,3120.0,3122.0,3118.8,3120.0,10187
2025-10-17T12:15:00+05:30,3120.7,3132.4,3119.9,3130.0,7617
2025-10-17T12:30:00+05:30,3130.0,3134.9,3126.0,3128.7,6432
2025-10-17T12:45:00+05:30,3128.0,3129.4,3121.9,3124.1,5091
2025-10-17T13:00:00+05:30,3124.0,3124.0,3115.4,3119.9,5290
2025-10-17T13:15:00+05:30,3119.4,3122.3,3117.1,3120.1,3969
2025-10-17T13:30:00+05:30,3120.1,3124.0,3117.0,3118.7,4468
2025-10-17T13:45:00+05:30,3118.7,3118.7,3111.0,3116.2,4595
2025-10-17T14:00:00+05:30,3116.3,3117.4,3112.5,3116.9,3490
2025-10-17T14:15:00+05:30,3116.9,3120.9,3114.3,3119.6,4321
2025-10-17T14:30:00+05:30,3118.4,3120.2,3116.3,3120.0,2956
2025-10-17T14:45:00+05:30,3120.0,3124.0,3119.6,3121.1,4147
2025-10-17T15:00:00+05:30,3121.1,3128.0,3113.2,3114.4,15585
2025-10-17T15:15:00+05:30,3113.4,3119.8,3108.3,3109.0,24471
2025-10-20T09:15:00+05:30,3116.9,3148.0,3116.7,3122.9,20720
2025-10-20T09:30:00+05:30,3122.9,3127.2,3107.6,3111.1,10549
2025-10-20T09:45:00+05:30,3111.2,3112.5,3103.6,3110.0,6073
2025-10-20T10:00:00+05:30,3110.0,3112.0,3105.5,3110.0,5579
2025-10-20T10:15:00+05:30,3110.0,3112.5,3108.0,3110.1,10635
2025-10-20T10:30:00+05:30,3110.0,3131.8,3108.0,3123.6,21156
2025-10-20T10:45:00+05:30,3125.9,3130.2,3120.0,3121.7,5271
2025-10-20T11:00:00+05:30,3121.7,3121.7,3113.0,3118.6,2160
2025-10-20T11:15:00+05:30,3119.6,3120.7,3115.2,3117.7,5299
2025-10-20T11:30:00+05:30,3117.7,3121.4,3116.7,3117.9,2231
2025-10-20T11:45:00+05:30,3117.9,3120.3,3115.6,3117.2,4314
2025-10-20T12:00:00+05:30,3117.2,3121.5,3115.7,3117.0,4271
2025-10-20T12:15:00+05:30,3115.5,3117.7,3112.2,3113.3,2691
2025-10-20T12:30:00+05:30,3113.1,3115.0,3107.6,3109.5,5269
2025-10-20T12:45:00+05:30,3109.5,3112.6,3107.3,3110.0,3100
2025-10-20T13:00:00+05:30,3109.9,3111.6,3109.0,3109.0,7233
2025-10-20T13:15:00+05:30,3109.0,3110.9,3107.0,3107.0,3616
2025-10-20T13:30:00+05:30,3108.6,3108.6,3102.0,3105.0,9082
2025-10-20T13:45:00+05:30,3104.4,3109.9,3104.2,3104.9,5879
2025-10-20T14:00:00+05:30,3104.9,3106.5,3104.2,3104.9,7316
2025-10-20T14:15:00+05:30,3104.9,3106.0,3100.0,3103.1,7316
2025-10-20T14:30:00+05:30,3102.2,3103.2,3100.3,3101.0,4503
2025-10-20T14:45:00+05:30,3101.0,3103.8,3098.0,3099.9,7302
2025-10-20T15:00:00+05:30,3099.5,3101.3,3096.3,3099.5,15285
2025-10-20T15:15:00+05:30,3099.5,3108.1,3095.0,3105.0,19256
2025-10-21T13:45:00+05:30,3120.1,3143.9,3118.0,3133.1,10469
2025-10-21T14:00:00+05:30,3133.1,3148.0,3130.0,3137.4,7918
2025-10-21T14:15:00+05:30,3137.4,3144.8,3133.0,3144.0,4925
2025-10-21T14:30:00+05:30,3143.9,3159.0,3140.4,3157.0,10365
2025-10-23T09:15:00+05:30,3165.0,3180.0,3125.3,3143.2,57043
2025-10-23T09:30:00+05:30,3142.8,3158.0,3138.5,3146.0,25251
2025-10-23T09:45:00+05:30,3146.0,3178.2,3146.0,3169.0,16734
2025-10-23T10:00:00+05:30,3169.6,3172.6,3161.6,3162.4,6702
2025-10-23T10:15:00+05:30,3164.0,3188.0,3162.4,3188.0,16121
2025-10-23T10:30:00+05:30,3187.0,3200.0,3180.0,3180.4,18518
2025-10-23T10:45:00+05:30,3180.9,3195.0,3177.0,3182.8,7528
2025-10-23T11:00:00+05:30,3182.8,3195.0,3180.6,3184.1,6755
2025-10-23T11:15:00+05:30,3184.1,3189.0,3180.0,3182.2,4126
2025-10-23T11:30:00+05:30,3180.6,3195.3,3175.0,3191.0,7909
2025-10-23T11:45:00+05:30,3190.9,3199.0,3182.8,3182.8,8033
2025-10-23T12:00:00+05:30,3183.4,3187.2,3175.0,3186.3,5907
2025-10-23T12:15:00+05:30,3187.0,3193.5,3183.8,3188.5,4448
2025-10-23T12:30:00+05:30,3188.5,3189.3,3157.1,3158.5,9426
2025-10-23T12:45:00+05:30,3160.2,3176.3,3158.8,3175.0,3581
2025-10-23T13:00:00+05:30,3173.8,3183.8,3170.6,3176.7,6474
2025-10-23T13:15:00+05:30,3175.1,3178.1,3170.4,3172.4,3960
2025-10-23T13:30:00+05:30,3172.4,3180.0,3172.0,3178.6,4301
2025-10-23T13:45:00+05:30,3178.6,3179.5,3157.7,3158.5,7209
2025-10-23T14:00:00+05:30,3158.2,3158.2,3152.0,3152.1,10064
2025-10-23T14:15:00+05:30,3152.2,3154.3,3150.0,3152.0,5236
2025-10-23T14:30:00+05:30,3151.9,3166.1,3151.9,3156.5,9124
2025-10-23T14:45:00+05:30,3156.5,3158.0,3149.2,3151.4,5111
2025-10-23T15:00:00+05:30,3150.3,3159.2,3135.5,3136.4,15487
2025-10-23T15:15:00+05:30,3138.1,3144.2,3134.3,3136.6,18622
2025-10-24T09:15:00+05:30,3150.0,3185.0,3115.0,3174.4,24947
2025-10-24T09:30:00+05:30,3173.9,3179.0,3155.6,3162.2,20072
2025-10-24T09:45:00+05:30,3163.6,3165.0,3140.1,3142.5,11166
2025-10-24T10:00:00+05:30,3142.5,3151.7,3142.0,3146.9,6041
2025-10-24T10:15:00+05:30,3147.7,3151.2,3137.0,3140.0,10550
2025-10-24T10:30:00+05:30,3140.9,3144.5,3134.1,3135.3,5138
2025-10-24T10:45:00+05:30,3136.2,3146.0,3135.2,3143.9,5911
2025-10-24T11:00:00+05:30,3142.4,3147.0,3133.0,3136.0,6495
2025-10-24T11:15:00+05:30,3137.3,3141.6,3133.5,3133.8,4065
2025-10-24T11:30:00+05:30,3133.7,3135.4,3128.0,3133.5,6232
2025-10-24T11:45:00+05:30,3133.7,3136.6,3131.0,3135.9,4114
2025-10-24T12:00:00+05:30,3136.5,3138.0,3130.1,3130.2,4350
2025-10-24T12:15:00+05:30,3130.4,3138.6,3130.4,3134.2,4151
2025-10-24T12:30:00+05:30,3134.2,3134.8,3122.5,3126.7,5480
2025-10-24T12:45:00+05:30,3127.7,3132.7,3126.4,3131.6,5205
2025-10-24T13:00:00+05:30,3131.5,3133.4,3127.0,3131.0,4044
2025-10-24T13:15:00+05:30,3131.1,3136.9,3125.1,3135.7,7484
2025-10-24T13:30:00+05:30,3135.1,3137.9,3132.4,3135.7,5230
2025-10-24T13:45:00+05:30,3136.2,3139.0,3130.0,3132.4,30747
2025-10-24T14:00:00+05:30,3132.3,3150.1,3129.9,3149.2,95248
2025-10-24T14:15:00+05:30,3147.2,3148.4,3134.0,3136.6,8911
2025-10-24T14:30:00+05:30,3135.6,3142.5,3132.4,3137.7,6841
2025-10-24T14:45:00+05:30,3137.3,3139.6,3134.2,3139.0,5276
2025-10-24T15:00:00+05:30,3137.5,3146.9,3136.4,3137.1,17446
2025-10-24T15:15:00+05:30,3137.1,3142.9,3131.8,3134.0,21583
2025-10-27T09:15:00+05:30,3140.0,3144.7,3101.3,3120.5,34375
2025-10-27T09:30:00+05:30,3119.5,3129.9,3114.1,3125.4,18396
2025-10-27T09:45:00+05:30,3123.4,3130.0,3114.0,3120.7,13368
2025-10-27T10:00:00+05:30,3121.0,3121.5,3107.4,3109.5,13518
2025-10-27T10:15:00+05:30,3108.6,3112.4,3107.0,3107.1,11254
2025-10-27T10:30:00+05:30,3107.1,3108.3,3103.0,3104.2,11740
2025-10-27T10:45:00+05:30,3105.0,3106.1,3098.0,3100.0,11346
2025-10-27T11:00:00+05:30,3100.0,3109.3,3093.9,3107.6,18028
2025-10-27T11:15:00+05:30,3106.0,3118.3,3095.0,3110.8,17674
2025-10-27T11:30:00+05:30,3111.8,3124.8,3107.3,3124.0,11973
2025-10-27T11:45:00+05:30,3124.0,3129.8,3118.1,3125.6,10810
2025-10-27T12:00:00+05:30,3125.6,3137.0,3120.0,3135.0,11620
2025-10-27T12:15:00+05:30,3134.7,3135.0,3125.2,3125.6,8949
2025-10-27T12:30:00+05:30,3125.8,3125.8,3120.4,3123.4,6012
2025-10-27T12:45:00+05:30,3124.8,3130.0,3123.5,3128.9,6213
2025-10-27T13:00:00+05:30,3128.9,3129.5,3119.5,3122.6,8092
2025-10-27T13:15:00+05:30,3122.6,3123.7,3111.0,3113.5,7838
2025-10-27T13:30:00+05:30,3113.5,3128.9,3113.5,3126.3,7054
2025-10-27T13:45:00+05:30,3126.3,3132.5,3119.7,3131.1,8373
2025-10-27T14:00:00+05:30,3131.4,3132.1,3124.1,3132.1,8427
2025-10-27T14:15:00+05:30,3133.4,3134.0,3122.1,3125.2,9101
2025-10-27T14:30:00+05:30,3123.9,3138.0,3123.8,3131.6,11255
2025-10-27T14:45:00+05:30,3131.6,3165.0,3129.5,3160.4,20735
2025-10-27T15:00:00+05:30,3160.4,3165.2,3146.3,3152.9,50363
2025-10-27T15:15:00+05:30,3152.9,3154.6,3151.5,3154.3,27891
2025-10-28T09:15:00+05:30,3153.1,3155.0,3131.1,3144.4,27958
2025-10-28T09:30:00+05:30,3144.4,3146.5,3131.2,3135.8,14181
2025-10-28T09:45:00+05:30,3135.0,3137.7,3131.2,3136.3,9306
2025-10-28T10:00:00+05:30,3138.0,3139.1,3128.2,3131.0,15481
2025-10-28T10:15:00+05:30,3131.0,3136.2,3127.0,3130.0,10545
2025-10-28T10:30:00+05:30,3130.0,3130.4,3115.3,3121.2,19822
2025-10-28T10:45:00+05:30,3121.2,3123.0,3112.0,3113.1,10162
2025-10-28T11:00:00+05:30,3113.1,3130.0,3113.0,3126.0,9931
2025-10-28T11:15:00+05:30,3125.3,3132.2,3125.3,3132.1,6891
2025-10-28T11:30:00+05:30,3130.8,3132.1,3124.1,3126.9,7595
2025-10-28T11:45:00+05:30,3126.9,3129.6,3115.8,3118.1,9740
2025-10-28T12:00:00+05:30,3117.8,3118.9,3107.0,3108.5,13544
2025-10-28T12:15:00+05:30,3108.0,3111.0,3106.4,3107.5,7278
2025-10-28T12:30:00+05:30,3107.5,3109.7,3100.1,3101.0,12350
2025-10-28T12:45:00+05:30,3101.0,3104.6,3096.7,3103.1,11372
2025-10-28T13:00:00+05:30,3103.3,3103.6,3098.0,3099.9,7790
2025-10-28T13:15:00+05:30,3099.9,3099.9,3093.4,3093.4,6667
2025-10-28T13:30:00+05:30,3094.0,3106.5,3094.0,3103.0,9132
2025-10-28T13:45:00+05:30,3103.0,3103.1,3096.9,3100.0,8312
2025-10-28T14:00:00+05:30,3100.0,3100.4,3091.5,3095.8,13422
2025-10-28T14:15:00+05:30,3095.6,3097.1,3089.0,3090.2,13026
2025-10-28T14:30:00+05:30,3090.2,3100.0,3087.6,3092.7,13491
2025-10-28T14:45:00+05:30,3092.6,3097.0,3090.8,3094.2,9972
2025-10-28T15:00:00+05:30,3094.2,3105.0,3089.1,3100.1,28205
2025-10-28T15:15:00+05:30,3100.2,3112.4,3098.2,3100.2,37623
2025-10-29T09:15:00+05:30,3102.0,3102.4,3044.5,3063.6,89808
2025-10-29T09:30:00+05:30,3062.5,3078.4,3060.0,3065.8,32039
2025-10-29T09:45:00+05:30,3067.0,3077.0,3060.7,3064.1,14719
2025-10-29T10:00:00+05:30,3064.2,3080.2,3063.0,3076.0,23040
2025-10-29T10:15:00+05:30,3075.0,3094.4,3075.0,3081.5,24027
2025-10-29T10:30:00+05:30,3081.0,3097.9,3077.3,3092.2,28894
2025-10-29T10:45:00+05:30,3092.2,3094.4,3086.0,3092.5,12424
2025-10-29T11:00:00+05:30,3092.3,3092.5,3085.3,3085.5,14488
2025-10-29T11:15:00+05:30,3085.5,3092.3,3080.0,3087.6,34796
2025-10-29T11:30:00+05:30,3087.6,3090.5,3080.4,3085.1,45511
2025-10-29T11:45:00+05:30,3082.5,3087.8,3079.8,3082.0,23760
2025-10-29T12:00:00+05:30,3082.0,3084.0,3079.2,3083.6,15732
2025-10-29T12:15:00+05:30,3083.6,3090.5,3076.1,3078.1,43498
2025-10-29T12:30:00+05:30,3078.1,3083.2,3075.1,3083.2,9720
2025-10-29T12:45:00+05:30,3083.7,3088.6,3080.0,3081.0,11222
2025-10-29T13:00:00+05:30,3081.0,3083.4,3077.8,3083.1,9740
2025-10-29T13:15:00+05:30,3082.0,3084.4,3075.5,3077.0,9703
2025-10-29T13:30:00+05:30,3077.0,3087.6,3076.3,3086.9,8092
2025-10-29T13:45:00+05:30,3086.9,3092.0,3085.8,3089.0,8439
2025-10-29T14:00:00+05:30,3089.0,3120.0,3088.2,3112.8,42176
2025-10-29T14:15:00+05:30,3113.2,3119.8,3102.6,3110.0,19778
2025-10-29T14:30:00+05:30,3108.6,3120.0,3108.6,3119.0,19937
2025-10-29T14:45:00+05:30,3117.6,3139.5,3117.6,3137.7,48628
2025-10-29T15:00:00+05:30,3137.3,3137.3,3118.2,3127.0,62172
2025-10-29T15:15:00+05:30,3127.5,3149.9,3126.7,3144.0,93640
2025-10-30T09:15:00+05:30,3150.0,3152.0,3121.9,3138.2,25197
2025-10-30T09:30:00+05:30,3139.6,3147.1,3135.0,3137.3,9027
2025-10-30T09:45:00+05:30,3137.3,3147.1,3125.0,3146.2,13703
2025-10-30T10:00:00+05:30,3145.7,3170.1,3144.4,3160.8,40985
2025-10-30T10:15:00+05:30,3159.2,3167.9,3149.4,3156.1,19474
2025-10-30T10:30:00+05:30,3156.1,3165.0,3143.8,3156.5,22565
2025-10-30T10:45:00+05:30,3156.5,3183.1,3154.5,3178.0,65127
2025-10-30T11:00:00+05:30,3178.0,3179.3,3151.1,3159.0,34662
2025-10-30T11:15:00+05:30,3159.0,3166.0,3152.1,3163.6,22322
2025-10-30T11:30:00+05:30,3163.8,3171.0,3158.4,3160.0,15159
2025-10-30T11:45:00+05:30,3160.0,3175.9,3153.2,3171.0,52683
2025-10-30T12:00:00+05:30,3171.5,3174.8,3156.5,3161.4,21667
2025-10-30T12:15:00+05:30,3159.7,3169.0,3155.4,3165.8,21381
2025-10-30T12:30:00+05:30,3165.8,3165.8,3152.0,3156.1,21597
2025-10-30T12:45:00+05:30,3156.1,3156.4,3135.3,3147.4,50659
2025-10-30T13:00:00+05:30,3147.4,3157.5,3136.8,3155.3,12159
2025-10-30T13:15:00+05:30,3155.3,3160.0,3151.6,3159.5,7898
2025-10-30T13:30:00+05:30,3159.5,3160.8,3156.6,3160.0,8010
2025-10-30T13:45:00+05:30,3159.8,3160.0,3154.5,3155.8,7901
2025-10-30T14:00:00+05:30,3155.5,3170.0,3153.2,3165.6,12623
2025-10-30T14:15:00+05:30,3165.6,3185.5,3163.7,3181.7,33719
2025-10-30T14:30:00+05:30,3181.6,3189.9,3171.9,3184.9,46017
2025-10-30T14:45:00+05:30,3184.9,3192.0,3181.5,3191.5,27399
2025-10-30T15:00:00+05:30,3191.5,3216.0,3185.1,3213.0,79754
2025-10-30T15:15:00+05:30,3213.0,3215.0,3204.0,3210.0,64011
2025-10-31T09:15:00+05:30,3211.0,3248.0,3180.4,3225.0,64937
2025-10-31T09:30:00+05:30,3225.8,3237.7,3220.8,3223.9,18171
2025-10-31T09:45:00+05:30,3225.6,3233.4,3206.7,3232.7,15224
2025-10-31T10:00:00+05:30,3232.8,3248.0,3225.0,3225.0,24114
2025-10-31T10:15:00+05:30,3226.4,3229.9,3216.4,3229.5,12647
2025-10-31T10:30:00+05:30,3229.4,3238.0,3224.8,3233.1,8488
2025-10-31T10:45:00+05:30,3233.8,3234.5,3215.0,3216.9,8884
2025-10-31T11:00:00+05:30,3216.9,3221.3,3205.0,3205.0,7737
2025-10-31T11:15:00+05:30,3205.5,3208.9,3190.0,3200.0,12914
2025-10-31T11:30:00+05:30,3199.6,3209.5,3194.3,3203.3,9197
2025-10-31T11:45:00+05:30,3203.9,3208.0,3200.6,3202.5,5999
2025-10-31T12:00:00+05:30,3202.5,3209.0,3201.0,3203.0,4340
2025-10-31T12:15:00+05:30,3202.0,3202.3,3195.3,3196.0,3967
2025-10-31T12:30:00+05:30,3196.0,3208.4,3196.0,3205.5,4409
2025-10-31T12:45:00+05:30,3205.5,3206.4,3200.5,3203.0,4494
2025-10-31T13:00:00+05:30,3202.2,3210.0,3201.0,3201.0,4747
2025-10-31T13:15:00+05:30,3201.0,3205.6,3200.1,3205.0,3711
2025-10-31T13:30:00+05:30,3205.2,3209.0,3201.5,3201.5,4514
2025-10-31T13:45:00+05:30,3201.5,3203.6,3196.2,3199.0,7170
2025-10-31T14:00:00+05:30,3199.9,3200.2,3198.7,3199.0,3113
2025-10-31T14:15:00+05:30,3199.4,3201.1,3194.9,3197.1,5221
2025-10-31T14:30:00+05:30,3198.5,3199.2,3188.4,3189.7,8842
2025-10-31T14:45:00+05:30,3190.0,3196.8,3185.0,3187.0,13554
2025-10-31T15:00:00+05:30,3187.0,3199.0,3177.0,3187.0,32747
2025-10-31T15:15:00+05:30,3187.0,3190.2,3173.1,3176.4,31107
2025-11-03T09:15:00+05:30,3198.7,3212.1,3178.8,3209.9,10545
2025-11-03T09:30:00+05:30,3209.9,3223.0,3201.1,3223.0,12162
2025-11-03T09:45:00+05:30,3223.0,3230.9,3216.5,3220.0,10558
2025-11-03T10:00:00+05:30,3220.0,3225.0,3212.5,3222.7,7448
2025-11-03T10:15:00+05:30,3222.7,3225.0,3207.9,3217.4,9990
2025-11-03T10:30:00+05:30,3217.4,3237.0,3216.4,3228.8,8829
2025-11-03T10:45:00+05:30,3228.3,3230.0,3209.9,3211.2,6246
2025-11-03T11:00:00+05:30,3213.0,3215.0,3201.1,3203.1,6707
2025-11-03T11:15:00+05:30,3203.2,3207.5,3201.9,3205.1,5278
2025-11-03T11:30:00+05:30,3205.1,3209.4,3194.6,3201.1,7727
2025-11-03T11:45:00+05:30,3202.8,3204.2,3191.1,3195.1,4112
2025-11-03T12:00:00+05:30,3195.2,3200.6,3190.5,3197.4,6109
2025-11-03T12:15:00+05:30,3198.6,3202.4,3198.6,3200.0,2493
2025-11-03T12:30:00+05:30,3200.0,3200.1,3199.4,3200.0,2112
2025-11-03T12:45:00+05:30,3200.0,3200.0,3198.7,3199.3,3986
2025-11-03T13:00:00+05:30,3199.3,3201.0,3199.3,3199.8,3781
2025-11-03T13:15:00+05:30,3200.0,3203.9,3198.0,3198.8,6710
2025-11-03T13:30:00+05:30,3198.8,3200.1,3197.0,3197.6,2858
2025-11-03T13:45:00+05:30,3197.6,3198.7,3191.0,3194.6,4443
2025-11-03T14:00:00+05:30,3194.6,3228.0,3194.6,3225.0,13128
2025-11-03T14:15:00+05:30,3226.1,3233.0,3215.5,3221.8,17114
2025-11-03T14:30:00+05:30,3220.4,3225.0,3209.9,3212.4,14146
2025-11-03T14:45:00+05:30,3211.5,3212.4,3205.0,3210.0,7524
2025-11-03T15:00:00+05:30,3210.0,3213.0,3209.0,3210.9,15143
2025-11-03T15:15:00+05:30,3211.5,3212.9,3191.6,3194.7,21481
2025-11-04T09:15:00+05:30,3225.0,3298.0,3219.2,3225.3,74121
2025-11-04T09:30:00+05:30,3225.4,3226.4,3205.2,3206.0,26620
2025-11-04T09:45:00+05:30,3206.7,3208.0,3187.2,3196.9,25296
2025-11-04T10:00:00+05:30,3194.2,3220.0,3192.4,3216.9,21227
2025-11-04T10:15:00+05:30,3217.0,3251.7,3216.3,3249.8,47564
2025-11-04T10:30:00+05:30,3249.8,3262.1,3244.6,3250.0,35226
2025-11-04T10:45:00+05:30,3249.9,3259.0,3244.8,3245.0,22923
2025-11-04T11:00:00+05:30,3244.9,3245.6,3229.0,3229.2,19277
2025-11-04T11:15:00+05:30,3229.5,3235.9,3220.0,3230.1,7963
2025-11-04T11:30:00+05:30,3230.7,3234.7,3223.8,3233.2,10181
2025-11-04T11:45:00+05:30,3233.1,3235.2,3230.0,3234.9,7204
2025-11-04T12:00:00+05:30,3234.9,3245.0,3228.1,3236.2,13044
2025-11-04T12:15:00+05:30,3236.2,3251.5,3233.5,3248.2,10349
2025-11-04T12:30:00+05:30,3248.2,3251.0,3242.0,3242.2,5900
2025-11-04T12:45:00+05:30,3242.2,3249.5,3241.7,3249.5,7813
2025-11-04T13:00:00+05:30,3249.5,3250.5,3243.7,3246.8,5931
2025-11-04T13:15:00+05:30,3245.8,3247.7,3241.5,3243.9,6307
2025-11-04T13:30:00+05:30,3244.1,3247.7,3236.5,3245.8,5860
2025-11-04T13:45:00+05:30,3245.8,3253.6,3243.7,3251.9,11451
2025-11-04T14:00:00+05:30,3251.9,3251.9,3243.3,3243.3,10676
2025-11-04T14:15:00+05:30,3243.3,3243.3,3233.0,3233.4,14079
2025-11-04T14:30:00+05:30,3233.4,3234.7,3230.0,3231.2,20040
2025-11-04T14:45:00+05:30,3231.2,3235.0,3229.5,3235.0,20217
2025-11-04T15:00:00+05:30,3234.9,3240.4,3231.2,3231.6,30517
2025-11-04T15:15:00+05:30,3231.6,3264.5,3229.9,3262.0,90218
2025-11-06T09:15:00+05:30,3280.0,3304.0,3195.0,3197.7,123024
2025-11-06T09:30:00+05:30,3197.7,3200.0,3178.0,3182.3,44502
2025-11-06T09:45:00+05:30,3182.8,3193.2,3176.0,3191.6,42177
2025-11-06T10:00:00+05:30,3192.7,3197.0,3169.2,3170.1,28443
2025-11-06T10:15:00+05:30,3170.1,3170.8,3152.6,3156.2,17121
2025-11-06T10:30:00+05:30,3156.2,3166.3,3150.4,3152.7,17195
2025-11-06T10:45:00+05:30,3152.7,3178.2,3152.2,3161.5,29269
2025-11-06T11:00:00+05:30,3163.0,3166.4,3151.3,3160.0,28803
2025-11-06T11:15:00+05:30,3161.0,3175.6,3152.2,3173.4,26314
2025-11-06T11:30:00+05:30,3173.4,3182.1,3168.9,3178.9,24527
2025-11-06T11:45:00+05:30,3178.9,3186.0,3173.8,3181.0,25438
2025-11-06T12:00:00+05:30,3181.5,3188.1,3170.1,3184.1,26504
2025-11-06T12:15:00+05:30,3185.1,3206.1,3175.3,3205.0,31630
2025-11-06T12:30:00+05:30,3205.6,3206.5,3190.5,3191.8,12531
2025-11-06T12:45:00+05:30,3191.9,3197.0,3184.0,3190.4,13546
2025-11-06T13:00:00+05:30,3191.4,3192.9,3177.6,3179.8,10456
2025-11-06T13:15:00+05:30,3179.8,3187.5,3175.0,3186.1,20763
2025-11-06T13:30:00+05:30,3186.2,3201.0,3180.0,3195.0,18864
2025-11-06T13:45:00+05:30,3195.0,3195.4,3185.0,3185.7,6875
2025-11-06T14:00:00+05:30,3186.9,3193.6,3181.0,3190.1,12799
2025-11-06T14:15:00+05:30,3190.4,3191.7,3180.0,3188.2,15364
2025-11-06T14:30:00+05:30,3188.6,3194.0,3186.0,3192.0,17437
2025-11-06T14:45:00+05:30,3192.7,3203.0,3188.8,3194.2,25689
2025-11-06T15:00:00+05:30,3194.2,3195.3,3188.0,3188.0,30902
2025-11-06T15:15:00+05:30,3188.0,3190.7,3173.6,3175.9,44605
2025-11-07T09:15:00+05:30,3175.0,3175.0,3095.0,3112.4,51586
2025-11-07T09:30:00+05:30,3113.2,3131.5,3112.4,3119.9,21795
2025-11-07T09:45:00+05:30,3120.8,3155.1,3119.7,3153.0,20053
2025-11-07T10:00:00+05:30,3153.1,3154.0,3142.1,3150.1,20218
2025-11-07T10:15:00+05:30,3151.1,3156.9,3138.5,3154.6,12430
2025-11-07T10:30:00+05:30,3154.6,3161.3,3147.4,3158.5,28767
2025-11-07T10:45:00+05:30,3158.5,3182.3,3158.0,3178.2,19107
2025-11-07T11:00:00+05:30,3179.9,3188.7,3168.6,3187.9,13350
2025-11-07T11:15:00+05:30,3186.6,3198.4,3177.2,3191.0,20406
2025-11-07T11:30:00+05:30,3191.8,3211.5,3191.0,3198.0,17812
2025-11-07T11:45:00+05:30,3199.0,3204.3,3194.0,3196.8,9698
2025-11-07T12:00:00+05:30,3195.6,3204.1,3195.0,3198.8,8038
2025-11-07T12:15:00+05:30,3199.0,3199.7,3194.8,3197.8,9047
2025-11-07T12:30:00+05:30,3197.8,3214.8,3190.9,3211.0,10034
2025-11-07T12:45:00+05:30,3211.0,3226.4,3205.4,3221.6,28942
2025-11-07T13:00:00+05:30,3221.6,3221.6,3208.2,3208.5,9364
2025-11-07T13:15:00+05:30,3208.5,3209.6,3192.4,3199.7,8977
2025-11-07T13:30:00+05:30,3199.7,3213.5,3198.5,3212.1,5838
2025-11-07T13:45:00+05:30,3212.1,3233.0,3211.0,3224.7,21612
2025-11-07T14:00:00+05:30,3224.5,3230.0,3214.0,3226.0,17683
2025-11-07T14:15:00+05:30,3226.0,3226.0,3213.6,3219.1,11656
2025-11-07T14:30:00+05:30,3219.6,3229.5,3218.9,3227.8,11231
2025-11-07T14:45:00+05:30,3227.2,3243.2,3219.0,3230.1,21565
2025-11-07T15:00:00+05:30,3232.2,3238.9,3225.2,3226.4,28491
2025-11-07T15:15:00+05:30,3226.4,3234.9,3221.3,3229.0,34699
2025-11-10T09:15:00+05:30,3248.9,3282.0,3237.9,3279.5,49912
2025-11-10T09:30:00+05:30,3281.9,3289.0,3275.9,3279.6,29029
2025-11-10T09:45:00+05:30,3279.6,3293.7,3275.5,3277.0,21505
2025-11-10T10:00:00+05:30,3276.9,3284.0,3259.9,3268.0,15369
2025-11-10T10:15:00+05:30,3268.1,3281.0,3261.0,3279.8,10412
2025-11-10T10:30:00+05:30,3279.0,3287.0,3273.9,3274.1,8388
2025-11-10T10:45:00+05:30,3274.1,3284.8,3267.9,3279.5,14238
2025-11-10T11:00:00+05:30,3279.3,3282.0,3276.8,3278.1,10495
2025-11-10T11:15:00+05:30,3278.1,3291.9,3278.1,3289.9,10454
2025-11-10T11:30:00+05:30,3289.9,3309.9,3288.2,3299.2,29373
2025-11-10T11:45:00+05:30,3299.2,3305.0,3291.6,3293.6,13311
2025-11-10T12:00:00+05:30,3294.0,3296.0,3292.8,3292.9,4960
2025-11-10T12:15:00+05:30,3292.8,3293.6,3290.9,3293.0,4026
2025-11-10T12:30:00+05:30,3293.0,3299.0,3292.9,3296.1,6466
2025-11-10T12:45:00+05:30,3296.1,3298.7,3266.0,3271.6,9988
2025-11-10T13:00:00+05:30,3270.4,3276.8,3263.1,3271.5,6561
2025-11-10T13:15:00+05:30,3270.6,3271.2,3261.0,3262.0,2332
2025-11-10T13:30:00+05:30,3261.3,3274.2,3257.2,3269.9,8719
2025-11-10T13:45:00+05:30,3269.6,3284.2,3264.9,3284.1,10081
2025-11-10T14:00:00+05:30,3283.8,3294.1,3280.8,3291.7,14462
2025-11-10T14:15:00+05:30,3292.0,3293.5,3280.6,3291.0,12051
2025-11-10T14:30:00+05:30,3291.3,3291.8,3283.7,3288.4,9441
2025-11-10T14:45:00+05:30,3288.4,3289.7,3277.4,3286.2,9163
2025-11-10T15:00:00+05:30,3286.0,3290.1,3280.0,3284.4,21886
2025-11-10T15:15:00+05:30,3284.4,3286.0,3270.0,3272.5,23903
2025-11-11T09:15:00+05:30,3311.6,3313.0,3289.1,3293.4,20973
2025-11-11T09:30:00+05:30,3293.0,3299.9,3286.5,3297.4,13478
2025-11-11T09:45:00+05:30,3297.6,3315.9,3286.0,3315.3,18955
2025-11-11T10:00:00+05:30,3315.3,3328.6,3304.5,3307.4,20933
2025-11-11T10:15:00+05:30,3307.4,3315.9,3306.3,3311.0,8359
2025-11-11T10:30:00+05:30,3311.0,3317.8,3290.0,3291.5,17103
2025-11-11T10:45:00+05:30,3291.4,3300.0,3286.0,3296.2,10485
2025-11-11T11:00:00+05:30,3297.8,3297.8,3285.8,3287.2,4934
2025-11-11T11:15:00+05:30,3286.7,3287.0,3268.8,3269.2,9244
2025-11-11T11:30:00+05:30,3269.2,3270.0,3261.1,3266.7,9428
2025-11-11T11:45:00+05:30,3266.7,3268.0,3258.9,3260.3,7229
2025-11-11T12:00:00+05:30,3260.1,3267.0,3252.5,3256.0,6075
2025-11-11T12:15:00+05:30,3257.1,3257.1,3235.0,3244.0,12393
2025-11-11T12:30:00+05:30,3243.5,3253.3,3239.8,3251.6,9345
2025-11-11T12:45:00+05:30,3251.6,3252.5,3242.0,3242.7,6603
2025-11-11T13:00:00+05:30,3243.3,3255.4,3242.1,3248.2,5573
2025-11-11T13:15:00+05:30,3248.0,3256.2,3245.1,3252.6,6953
2025-11-11T13:30:00+05:30,3252.7,3252.7,3250.0,3250.6,3162
2025-11-11T13:45:00+05:30,3250.6,3250.6,3234.8,3236.7,6157
2025-11-11T14:00:00+05:30,3236.7,3238.1,3225.0,3228.4,11077
2025-11-11T14:15:00+05:30,3228.4,3236.8,3227.2,3236.7,5916
2025-11-11T14:30:00+05:30,3236.7,3262.2,3234.9,3262.2,11020
2025-11-11T14:45:00+05:30,3261.8,3267.0,3256.5,3257.0,8959
2025-11-11T15:00:00+05:30,3256.9,3265.5,3242.0,3245.9,28025
2025-11-11T15:15:00+05:30,3245.7,3252.2,3235.3,3244.8,35004
2025-11-12T09:15:00+05:30,3278.0,3281.9,3251.8,3275.3,19165
2025-11-12T09:30:00+05:30,3277.0,3290.0,3276.4,3288.5,16076
2025-11-12T09:45:00+05:30,3288.0,3296.4,3279.5,3286.0,17915
2025-11-12T10:00:00+05:30,3285.9,3285.9,3255.9,3260.0,33534
2025-11-12T10:15:00+05:30,3259.9,3262.9,3250.5,3255.0,26222
2025-11-12T10:30:00+05:30,3255.0,3285.0,3253.8,3285.0,27652
2025-11-12T10:45:00+05:30,3285.0,3289.8,3281.2,3284.8,16370
2025-11-12T11:00:00+05:30,3284.6,3300.0,3283.0,3288.9,27763
2025-11-12T11:15:00+05:30,3288.9,3293.7,3280.7,3287.8,6198
2025-11-12T11:30:00+05:30,3286.5,3289.0,3282.1,3287.6,5493
2025-11-12T11:45:00+05:30,3287.6,3295.0,3286.6,3292.7,5397
2025-11-12T12:00:00+05:30,3291.7,3298.1,3283.5,3291.2,6494
2025-11-12T12:15:00+05:30,3291.0,3296.9,3291.0,3296.7,4549
2025-11-12T12:30:00+05:30,3295.6,3296.7,3291.0,3292.1,6306
2025-11-12T12:45:00+05:30,3291.3,3292.2,3286.6,3288.5,3586
2025-11-12T13:00:00+05:30,3288.5,3292.4,3285.4,3292.0,7498
2025-11-12T13:15:00+05:30,3290.5,3299.7,3290.0,3296.0,7913
2025-11-12T13:30:00+05:30,3296.0,3299.0,3291.6,3297.4,3907
2025-11-12T13:45:00+05:30,3296.9,3297.5,3285.6,3291.2,4289
2025-11-12T14:00:00+05:30,3291.0,3294.4,3280.2,3285.8,6112
2025-11-12T14:15:00+05:30,3285.6,3291.4,3280.8,3283.3,5454
2025-11-12T14:30:00+05:30,3284.7,3289.2,3284.7,3288.2,4933
2025-11-12T14:45:00+05:30,3287.6,3294.5,3287.6,3292.0,7620
2025-11-12T15:00:00+05:30,3292.0,3299.0,3278.9,3282.1,23942
2025-11-12T15:15:00+05:30,3281.4,3285.0,3271.6,3280.0,29384
2025-11-13T09:15:00+05:30,3283.6,3310.0,3269.8,3303.0,29243
2025-11-13T09:30:00+05:30,3301.7,3308.0,3294.9,3300.9,19279
2025-11-13T09:45:00+05:30,3300.9,3301.8,3293.1,3298.5,6656
2025-11-13T10:00:00+05:30,3298.5,3300.0,3292.2,3294.9,7832
2025-11-13T10:15:00+05:30,3295.9,3297.9,3292.7,3296.7,3766
2025-11-13T10:30:00+05:30,3296.7,3296.7,3287.7,3293.7,8499
2025-11-13T10:45:00+05:30,3294.3,3299.0,3290.0,3298.1,8606
2025-11-13T11:00:00+05:30,3297.5,3306.0,3295.0,3298.0,21930
2025-11-13T11:15:00+05:30,3298.0,3303.0,3293.1,3302.5,5292
2025-11-13T11:30:00+05:30,3303.0,3306.0,3302.5,3302.9,7196
2025-11-13T11:45:00+05:30,3302.9,3302.9,3298.8,3298.8,6861
2025-11-13T12:00:00+05:30,3299.2,3310.0,3298.9,3308.6,9868
2025-11-13T12:15:00+05:30,3308.5,3309.0,3303.8,3309.0,11168
2025-11-13T12:30:00+05:30,3309.0,3314.9,3307.5,3310.1,13988
2025-11-13T12:45:00+05:30,3310.1,3310.7,3300.5,3306.0,7629
2025-11-13T13:00:00+05:30,3306.1,3309.2,3300.8,3303.9,7581
2025-11-13T13:15:00+05:30,3303.5,3308.7,3303.5,3308.7,3978
2025-11-13T13:30:00+05:30,3308.7,3310.8,3303.6,3310.8,6837
2025-11-13T13:45:00+05:30,3310.5,3318.0,3310.1,3316.3,12660
2025-11-13T14:00:00+05:30,3316.1,3316.3,3295.0,3297.0,16074
2025-11-13T14:15:00+05:30,3296.5,3304.9,3295.7,3297.3,11338
2025-11-13T14:30:00+05:30,3296.8,3302.9,3294.6,3301.4,7707
2025-11-13T14:45:00+05:30,3301.3,3307.7,3300.2,3303.8,7782
2025-11-13T15:00:00+05:30,3302.7,3306.0,3296.0,3296.5,21402
2025-11-13T15:15:00+05:30,3297.2,3299.0,3292.2,3298.7,22044
2025-11-14T09:15:00+05:30,3280.5,3303.0,3270.1,3270.3,10405
2025-11-14T09:30:00+05:30,3270.3,3283.2,3269.0,3280.7,10696
2025-11-14T09:45:00+05:30,3280.7,3281.3,3256.3,3262.3,11624
2025-11-14T10:00:00+05:30,3262.3,3266.0,3260.0,3263.5,3937
2025-11-14T10:15:00+05:30,3263.5,3267.5,3258.5,3263.2,3416
2025-11-14T10:30:00+05:30,3263.2,3265.5,3244.4,3248.7,16272
2025-11-14T10:45:00+05:30,3248.7,3250.0,3231.0,3245.2,27995
2025-11-14T11:00:00+05:30,3245.5,3251.4,3237.5,3249.6,11557
2025-11-14T11:15:00+05:30,3249.6,3270.1,3245.1,3265.0,18445
2025-11-14T11:30:00+05:30,3265.0,3268.5,3258.3,3263.0,9576
2025-11-14T11:45:00+05:30,3263.0,3265.6,3262.0,3262.3,3519
2025-11-14T12:00:00+05:30,3262.3,3265.3,3252.7,3258.2,46070
2025-11-14T12:15:00+05:30,3258.2,3261.4,3245.6,3248.0,7592
2025-11-14T12:30:00+05:30,3248.0,3251.1,3245.0,3249.8,7609
2025-11-14T12:45:00+05:30,3249.8,3250.0,3241.0,3248.2,7587
2025-11-14T13:00:00+05:30,3248.2,3250.0,3243.9,3248.7,5243
2025-11-14T13:15:00+05:30,3248.7,3256.4,3248.7,3253.5,5561
2025-11-14T13:30:00+05:30,3253.5,3258.0,3251.9,3254.2,6135
2025-11-14T13:45:00+05:30,3254.2,3261.5,3252.5,3258.5,7985
2025-11-14T14:00:00+05:30,3258.5,3262.0,3251.9,3254.2,4915
2025-11-14T14:15:00+05:30,3254.1,3255.3,3248.1,3248.1,7230
2025-11-14T14:30:00+05:30,3249.0,3256.0,3246.2,3247.6,8572
2025-11-14T14:45:00+05:30,3247.6,3252.3,3245.0,3250.0,9356
2025-11-14T15:00:00+05:30,3250.0,3266.0,3247.2,3264.7,18576
2025-11-14T15:15:00+05:30,3264.7,3270.0,3255.1,3257.2,14773
2025-11-17T09:15:00+05:30,3274.0,3312.6,3274.0,3293.2,21803
2025-11-17T09:30:00+05:30,3292.1,3300.0,3289.7,3292.8,9411
2025-11-17T09:45:00+05:30,3292.9,3300.0,3292.1,3292.1,11309
2025-11-17T10:00:00+05:30,3293.5,3300.0,3289.3,3290.2,7801
2025-11-17T10:15:00+05:30,3290.2,3291.2,3277.1,3279.6,9634
2025-11-17T10:30:00+05:30,3279.7,3286.9,3275.2,3279.4,7169
2025-11-17T10:45:00+05:30,3279.4,3289.8,3277.3,3284.0,6460
2025-11-17T11:00:00+05:30,3284.0,3291.0,3280.4,3281.0,7919
2025-11-17T11:15:00+05:30,3281.0,3284.5,3281.0,3282.9,3893
2025-11-17T11:30:00+05:30,3282.9,3296.5,3282.9,3293.1,6576
2025-11-17T11:45:00+05:30,3292.2,3298.0,3287.1,3288.5,4982
2025-11-17T12:00:00+05:30,3288.5,3289.1,3285.0,3286.9,3799
2025-11-17T12:15:00+05:30,3286.9,3293.2,3286.9,3289.6,6765
2025-11-17T12:30:00+05:30,3289.2,3291.5,3289.2,3291.2,4701
2025-11-17T12:45:00+05:30,3289.8,3294.0,3289.8,3293.6,3931
2025-11-17T13:00:00+05:30,3293.6,3294.2,3293.6,3294.0,3097
2025-11-17T13:15:00+05:30,3293.9,3298.7,3293.9,3294.5,5320
2025-11-17T13:30:00+05:30,3294.4,3299.9,3294.4,3297.6,4699
2025-11-17T13:45:00+05:30,3297.5,3298.7,3294.4,3297.6,8593
2025-11-17T14:00:00+05:30,3297.7,3298.0,3292.0,3293.4,5835
2025-11-17T14:15:00+05:30,3292.9,3297.9,3292.9,3296.1,6366
2025-11-17T14:30:00+05:30,3296.1,3299.8,3296.0,3296.2,6611
2025-11-17T14:45:00+05:30,3296.2,3300.0,3286.1,3290.2,16116
2025-11-17T15:00:00+05:30,3292.8,3301.3,3290.2,3295.0,18946
2025-11-17T15:15:00+05:30,3294.9,3298.5,3292.1,3295.5,25555
2025-11-18T09:15:00+05:30,3317.0,3348.0,3312.5,3338.9,70739
2025-11-18T09:30:00+05:30,3339.0,3341.7,3328.0,3333.0,22337
2025-11-18T09:45:00+05:30,3332.1,3333.3,3320.0,3322.7,18309
2025-11-18T10:00:00+05:30,3323.4,3332.3,3313.0,3319.7,15209
2025-11-18T10:15:00+05:30,3319.5,3330.3,3314.2,3324.9,13591
2025-11-18T10:30:00+05:30,3324.9,3334.9,3322.6,3332.3,14926
2025-11-18T10:45:00+05:30,3332.3,3333.4,3328.1,3332.8,8941
2025-11-18T11:00:00+05:30,3332.5,3348.0,3331.8,3339.9,31194
2025-11-18T11:15:00+05:30,3339.9,3346.1,3334.0,3335.9,16189
2025-11-18T11:30:00+05:30,3334.7,3351.0,3332.9,3347.3,23770
2025-11-18T11:45:00+05:30,3347.3,3348.9,3340.0,3344.9,13491
2025-11-18T12:00:00+05:30,3344.9,3348.0,3337.6,3340.0,13759
2025-11-18T12:15:00+05:30,3340.0,3351.0,3329.7,3351.0,22301
2025-11-18T12:30:00+05:30,3347.1,3350.0,3342.3,3346.8,9007
2025-11-18T12:45:00+05:30,3346.8,3354.0,3345.1,3350.2,18690
2025-11-18T13:00:00+05:30,3351.4,3353.8,3348.5,3349.9,11307
2025-11-18T13:15:00+05:30,3351.0,3352.3,3347.8,3351.0,11607
2025-11-18T13:30:00+05:30,3349.5,3375.0,3349.5,3371.6,41684
2025-11-18T13:45:00+05:30,3371.6,3375.0,3368.3,3371.2,12706
2025-11-18T14:00:00+05:30,3371.9,3380.0,3361.0,3363.2,17839
2025-11-18T14:15:00+05:30,3363.8,3364.8,3352.0,3354.2,24145
2025-11-18T14:30:00+05:30,3354.1,3355.0,3350.5,3352.8,13980
2025-11-18T14:45:00+05:30,3353.0,3353.8,3347.1,3349.6,13722
2025-11-18T15:00:00+05:30,3349.5,3351.5,3345.0,3348.2,34260
2025-11-18T15:15:00+05:30,3348.2,3352.0,3341.1,3345.0,44674
2025-11-19T09:15:00+05:30,3333.0,3390.1,3333.0,3358.3,30910
2025-11-19T09:30:00+05:30,3358.3,3361.0,3345.0,3353.7,15030
2025-11-19T09:45:00+05:30,3353.7,3361.0,3342.0,3350.0,16215
2025-11-19T10:00:00+05:30,3350.0,3356.2,3346.4,3350.0,12510
2025-11-19T10:15:00+05:30,3350.0,3356.7,3335.8,3344.7,15789
2025-11-19T10:30:00+05:30,3343.7,3355.1,3342.2,3352.4,11781
2025-11-19T10:45:00+05:30,3352.1,3368.0,3343.2,3350.0,22734
2025-11-19T11:00:00+05:30,3350.0,3350.0,3342.4,3345.3,11983
2025-11-19T11:15:00+05:30,3345.3,3346.0,3339.5,3344.2,11178
2025-11-19T11:30:00+05:30,3344.6,3346.0,3342.2,3345.0,11063
2025-11-19T11:45:00+05:30,3344.9,3348.2,3338.9,3344.0,13605
2025-11-19T12:00:00+05:30,3344.2,3345.0,3339.7,3341.7,9045
2025-11-19T12:15:00+05:30,3341.7,3343.1,3338.1,3343.0,6087
2025-11-19T12:30:00+05:30,3343.0,3343.0,3330.3,3331.0,8719
2025-11-19T12:45:00+05:30,3330.4,3340.0,3328.0,3329.2,9817
2025-11-19T13:00:00+05:30,3329.2,3336.3,3325.8,3329.6,8210
2025-11-19T13:15:00+05:30,3328.8,3336.1,3326.4,3331.2,6499
2025-11-19T13:30:00+05:30,3331.2,3339.8,3329.2,3334.5,9821
2025-11-19T13:45:00+05:30,3333.5,3336.0,3323.1,3328.7,8607
2025-11-19T14:00:00+05:30,3328.7,3335.8,3325.4,3326.7,5940
2025-11-19T14:15:00+05:30,3326.7,3330.0,3321.7,3326.2,9943
2025-11-19T14:30:00+05:30,3326.2,3334.0,3318.2,3323.7,24342
2025-11-19T14:45:00+05:30,3322.5,3325.0,3318.1,3321.8,25095
2025-11-19T15:00:00+05:30,3321.8,3325.0,3308.1,3310.6,56408
2025-11-19T15:15:00+05:30,3310.4,3329.9,3304.4,3311.6,48766
2025-11-20T09:15:00+05:30,3334.0,3365.4,3315.0,3359.2,60183
2025-11-20T09:30:00+05:30,3359.2,3388.1,3358.0,3373.1,55673
2025-11-20T09:45:00+05:30,3373.4,3377.9,3365.0,3373.0,34623
2025-11-20T10:00:00+05:30,3373.0,3387.0,3368.3,3383.0,24210
2025-11-20T10:15:00+05:30,3382.3,3385.5,3365.0,3365.0,28429
2025-11-20T10:30:00+05:30,3364.1,3373.7,3345.2,3358.2,36119
2025-11-20T10:45:00+05:30,3356.5,3361.6,3345.5,3350.2,18773
2025-11-20T11:00:00+05:30,3350.9,3355.5,3348.0,3348.0,27177
2025-11-20T11:15:00+05:30,3349.0,3351.3,3342.0,3344.0,7231
2025-11-20T11:30:00+05:30,3344.0,3348.8,3337.0,3341.9,10073
2025-11-20T11:45:00+05:30,3342.0,3347.0,3337.0,3346.8,9310
2025-11-20T12:00:00+05:30,3345.0,3346.6,3336.5,3339.2,8638
2025-11-20T12:15:00+05:30,3339.5,3353.0,3339.2,3353.0,8896
2025-11-20T12:30:00+05:30,3354.0,3361.1,3340.0,3343.5,13373
2025-11-20T12:45:00+05:30,3343.5,3346.8,3340.5,3342.7,5499
2025-11-20T13:00:00+05:30,3342.7,3343.8,3336.5,3339.7,5141
2025-11-20T13:15:00+05:30,3339.4,3340.9,3335.0,3339.4,8125
2025-11-20T13:30:00+05:30,3339.4,3347.0,3339.4,3347.0,5499
2025-11-20T13:45:00+05:30,3347.0,3349.9,3340.3,3343.7,10389
2025-11-20T14:00:00+05:30,3343.7,3348.8,3343.6,3348.8,7962
2025-11-20T14:15:00+05:30,3348.8,3356.4,3348.1,3351.9,15726
2025-11-20T14:30:00+05:30,3351.9,3354.0,3342.1,3346.3,18992
2025-11-20T14:45:00+05:30,3345.7,3352.3,3343.1,3344.1,13994
2025-11-20T15:00:00+05:30,3344.4,3351.9,3341.5,3348.0,26173
2025-11-20T15:15:00+05:30,3348.0,3354.0,3340.4,3346.1,32811
2025-11-21T09:15:00+05:30,3358.5,3384.0,3338.2,3362.2,53780
2025-11-21T09:30:00+05:30,3361.8,3365.9,3327.6,3330.3,14879
2025-11-21T09:45:00+05:30,3330.9,3341.1,3322.7,3330.1,8919
2025-11-21T10:00:00+05:30,3330.1,3331.2,3320.8,3325.0,3994
2025-11-21T10:15:00+05:30,3323.7,3326.0,3270.0,3274.6,24666
2025-11-21T10:30:00+05:30,3274.6,3300.0,3273.3,3300.0,19439
2025-11-21T10:45:00+05:30,3300.0,3307.9,3292.1,3303.8,6617
2025-11-21T11:00:00+05:30,3305.5,3309.8,3296.8,3305.5,6778
2025-11-21T11:15:00+05:30,3306.0,3314.2,3304.5,3311.6,3028
2025-11-21T11:30:00+05:30,3313.5,3314.6,3308.1,3312.0,3619
2025-11-21T11:45:00+05:30,3312.0,3314.3,3306.5,3312.9,3942
2025-11-21T12:00:00+05:30,3312.9,3319.9,3308.8,3318.0,4115
2025-11-21T12:15:00+05:30,3318.0,3331.6,3315.1,3331.6,5433
2025-11-21T12:30:00+05:30,3329.9,3339.9,3329.9,3335.7,8598
2025-11-21T12:45:00+05:30,3335.7,3349.9,3334.6,3343.7,9531
2025-11-21T13:00:00+05:30,3343.0,3351.0,3330.6,3339.8,19339
2025-11-21T13:15:00+05:30,3339.2,3339.2,3326.8,3330.0,8603
2025-11-21T13:30:00+05:30,3329.8,3343.2,3329.8,3333.4,12213
2025-11-21T13:45:00+05:30,3333.4,3340.1,3328.5,3332.8,6297
2025-11-21T14:00:00+05:30,3332.8,3336.0,3327.0,3330.0,6444
2025-11-21T14:15:00+05:30,3332.0,3341.0,3331.4,3335.2,6702
2025-11-21T14:30:00+05:30,3336.6,3342.8,3333.6,3336.2,9584
2025-11-21T14:45:00+05:30,3337.1,3339.0,3326.7,3333.4,10497
2025-11-21T15:00:00+05:30,3333.4,3342.8,3326.0,3330.6,41011
2025-11-21T15:15:00+05:30,3330.2,3348.0,3328.7,3338.0,63671
2025-11-24T09:15:00+05:30,3348.0,3376.8,3336.7,3367.0,112206
2025-11-24T09:30:00+05:30,3368.0,3369.3,3323.3,3345.4,59928
2025-11-24T09:45:00+05:30,3345.4,3357.2,3342.0,3346.6,46194
2025-11-24T10:00:00+05:30,3347.3,3359.0,3346.2,3355.0,34310
2025-11-24T10:15:00+05:30,3354.4,3360.3,3350.0,3355.1,29122
2025-11-24T10:30:00+05:30,3355.2,3367.6,3341.0,3341.0,35630
2025-11-24T10:45:00+05:30,3341.0,3351.0,3341.0,3345.3,33602
2025-11-24T11:00:00+05:30,3345.4,3350.0,3341.5,3345.1,30792
2025-11-24T11:15:00+05:30,3345.1,3350.2,3341.0,3349.9,22381
2025-11-24T11:30:00+05:30,3349.9,3370.0,3348.9,3354.3,51787
2025-11-24T11:45:00+05:30,3354.6,3358.4,3348.1,3349.8,31292
2025-11-24T12:00:00+05:30,3350.8,3352.1,3331.0,3334.1,31271
2025-11-24T12:15:00+05:30,3334.2,3336.6,3324.5,3325.0,28730
2025-11-24T12:30:00+05:30,3325.0,3339.9,3324.8,3335.0,26770
2025-11-24T12:45:00+05:30,3335.0,3335.9,3328.1,3328.9,13399
2025-11-24T13:00:00+05:30,3328.9,3332.0,3326.0,3331.1,9766
2025-11-24T13:15:00+05:30,3331.1,3332.0,3328.0,3328.6,10470
2025-11-24T13:30:00+05:30,3328.8,3332.0,3326.0,3330.0,12520
2025-11-24T13:45:00+05:30,3330.2,3339.4,3330.0,3336.1,22383
2025-11-24T14:00:00+05:30,3336.2,3340.4,3328.0,3329.0,37103
2025-11-24T14:15:00+05:30,3329.0,3329.4,3305.8,3311.0,64562
2025-11-24T14:30:00+05:30,3311.0,3315.8,3280.0,3283.2,74269
2025-11-24T14:45:00+05:30,3283.2,3321.6,3256.6,3287.6,216413
2025-11-24T15:00:00+05:30,3285.6,3288.8,3101.0,3146.3,7179054
2025-11-24T15:15:00+05:30,3146.6,3203.5,3073.6,3175.0,6756537
2025-11-25T09:15:00+05:30,3250.0,3294.0,3170.1,3186.8,317458
2025-11-25T09:30:00+05:30,3188.0,3190.0,3160.1,3169.2,86420
2025-11-25T09:45:00+05:30,3169.2,3169.2,3120.1,3121.1,127900
2025-11-25T10:00:00+05:30,3121.0,3132.3,3104.0,3106.0,95907
2025-11-25T10:15:00+05:30,3106.0,3124.0,3090.0,3120.0,109820
2025-11-25T10:30:00+05:30,3118.3,3120.0,3086.8,3090.3,87646
2025-11-25T10:45:00+05:30,3090.3,3091.0,3070.0,3082.5,97188
2025-11-25T11:00:00+05:30,3082.5,3107.6,3082.2,3092.8,80399
2025-11-25T11:15:00+05:30,3091.7,3094.2,3071.0,3071.6,73579
2025-11-25T11:30:00+05:30,3071.3,3081.0,3060.2,3063.2,74710
2025-11-25T11:45:00+05:30,3063.2,3065.0,3045.0,3050.3,98353
2025-11-25T12:00:00+05:30,3051.5,3052.5,3040.0,3048.9,75888
2025-11-25T12:15:00+05:30,3049.0,3063.9,3045.0,3061.1,55851
2025-11-25T12:30:00+05:30,3061.1,3065.0,3045.0,3045.7,97196
2025-11-25T12:45:00+05:30,3045.2,3060.6,3035.4,3039.0,68809
2025-11-25T13:00:00+05:30,3039.7,3042.1,3022.1,3027.3,100583
2025-11-25T13:15:00+05:30,3027.3,3048.9,3025.9,3038.3,82856
2025-11-25T13:30:00+05:30,3038.7,3082.0,3038.3,3080.1,161490
2025-11-25T13:45:00+05:30,3080.1,3094.4,3077.8,3081.0,94883
2025-11-25T14:00:00+05:30,3081.3,3098.9,3070.5,3080.1,117824
2025-11-25T14:15:00+05:30,3080.1,3091.0,3077.3,3083.0,42002
2025-11-25T14:30:00+05:30,3084.4,3086.0,3080.1,3081.5,29425
2025-11-25T14:45:00+05:30,3081.6,3095.0,3080.6,3081.9,45228
2025-11-25T15:00:00+05:30,3081.9,3109.7,3077.0,3103.0,109013
2025-11-25T15:15:00+05:30,3104.2,3109.0,3090.0,3100.0,119508
2025-11-26T09:15:00+05:30,3130.0,3156.9,3107.1,3134.4,132137
2025-11-26T09:30:00+05:30,3134.4,3134.4,3108.0,3127.8,48369
2025-11-26T09:45:00+05:30,3127.7,3135.0,3118.1,3119.6,40574
2025-11-26T10:00:00+05:30,3119.7,3129.6,3118.0,3126.0,23058
2025-11-26T10:15:00+05:30,3126.0,3129.6,3120.6,3121.0,23216
2025-11-26T10:30:00+05:30,3120.9,3126.0,3120.1,3121.4,24345
2025-11-26T10:45:00+05:30,3121.6,3126.0,3116.7,3121.0,31912
2025-11-26T11:00:00+05:30,3121.0,3124.5,3120.3,3121.2,18141
2025-11-26T11:15:00+05:30,3121.2,3123.8,3110.8,3112.8,28715
2025-11-26T11:30:00+05:30,3112.9,3121.8,3109.0,3109.0,34621
2025-11-26T11:45:00+05:30,3109.6,3121.3,3109.0,3109.4,22489
2025-11-26T12:00:00+05:30,3109.4,3114.0,3107.0,3110.7,20879
2025-11-26T12:15:00+05:30,3110.7,3117.2,3109.6,3116.0,15773
2025-11-26T12:30:00+05:30,3116.4,3121.0,3108.5,3115.9,25961
2025-11-26T12:45:00+05:30,3115.9,3116.9,3110.3,3115.2,15749
2025-11-26T13:00:00+05:30,3115.2,3116.5,3110.0,3111.5,14555
2025-11-26T13:15:00+05:30,3111.5,3112.6,3102.0,3110.1,28106
2025-11-26T13:30:00+05:30,3110.1,3121.0,3108.6,3118.2,19575
2025-11-26T13:45:00+05:30,3118.2,3121.0,3114.2,3115.6,18845
2025-11-26T14:00:00+05:30,3115.7,3121.0,3106.5,3106.5,30846
2025-11-26T14:15:00+05:30,3108.2,3109.1,3097.8,3107.3,36216
2025-11-26T14:30:00+05:30,3107.1,3113.0,3104.9,3105.4,25928
2025-11-26T14:45:00+05:30,3105.4,3112.8,3103.2,3106.6,31777
2025-11-26T15:00:00+05:30,3107.0,3119.6,3104.2,3118.9,110725
2025-11-26T15:15:00+05:30,3118.9,3127.0,3110.1,3118.9,109054
2025-11-27T09:15:00+05:30,3133.0,3152.1,3114.0,3126.0,44730
2025-11-27T09:30:00+05:30,3125.6,3126.6,3115.0,3120.8,15968
2025-11-27T09:45:00+05:30,3120.7,3121.9,3090.6,3095.0,30265
2025-11-27T10:00:00+05:30,3095.0,3099.0,3090.0,3094.5,18703
2025-11-27T10:15:00+05:30,3094.1,3103.5,3092.5,3094.2,19521
2025-11-27T10:30:00+05:30,3095.0,3099.1,3093.2,3093.6,11128
2025-11-27T10:45:00+05:30,3093.4,3097.9,3088.3,3092.0,19906
2025-11-27T11:00:00+05:30,3091.7,3127.2,3091.3,3124.1,24559
2025-11-27T11:15:00+05:30,3123.9,3140.2,3123.9,3128.0,28498
2025-11-27T11:30:00+05:30,3127.5,3132.9,3117.6,3130.8,35468
2025-11-27T11:45:00+05:30,3130.8,3136.2,3125.0,3126.7,17928
2025-11-27T12:00:00+05:30,3126.7,3136.8,3126.0,3131.5,15787
2025-11-27T12:15:00+05:30,3131.7,3137.0,3120.5,3127.4,27286
2025-11-27T12:30:00+05:30,3127.4,3131.9,3122.0,3124.1,19385
2025-11-27T12:45:00+05:30,3124.1,3132.1,3121.7,3129.0,17697
2025-11-27T13:00:00+05:30,3129.0,3131.8,3109.1,3109.1,21339
2025-11-27T13:15:00+05:30,3109.1,3113.7,3102.3,3107.0,24314
2025-11-27T13:30:00+05:30,3105.7,3111.4,3102.3,3106.2,19204
2025-11-27T13:45:00+05:30,3104.7,3114.8,3103.4,3112.3,20732
2025-11-27T14:00:00+05:30,3112.3,3120.0,3111.0,3120.0,24921
2025-11-27T14:15:00+05:30,3120.0,3124.2,3115.7,3120.0,28203
2025-11-27T14:30:00+05:30,3119.9,3120.0,3115.8,3116.1,22551
2025-11-27T14:45:00+05:30,3116.1,3120.0,3104.5,3110.6,39284
2025-11-27T15:00:00+05:30,3110.6,3120.0,3105.7,3108.7,71996
2025-11-27T15:15:00+05:30,3107.3,3120.0,3103.1,3120.0,103175
2025-11-28T09:15:00+05:30,3134.8,3182.5,3118.0,3175.0,102341
2025-11-28T09:30:00+05:30,3175.0,3194.8,3158.6,3185.0,98449
2025-11-28T09:45:00+05:30,3185.0,3199.8,3171.9,3195.2,54673
2025-11-28T10:00:00+05:30,3194.8,3210.9,3192.2,3207.2,49040
2025-11-28T10:15:00+05:30,3207.2,3229.0,3200.1,3229.0,64597
2025-11-28T10:30:00+05:30,3226.1,3239.0,3192.0,3193.9,101998
2025-11-28T10:45:00+05:30,3193.9,3199.5,3172.2,3174.9,45408
2025-11-28T11:00:00+05:30,3175.0,3197.8,3172.5,3193.9,26008
2025-11-28T11:15:00+05:30,3193.9,3193.9,3170.0,3184.0,20513
2025-11-28T11:30:00+05:30,3183.8,3185.0,3166.0,3173.0,32075
2025-11-28T11:45:00+05:30,3173.7,3180.0,3163.0,3164.0,27095
2025-11-28T12:00:00+05:30,3163.5,3172.2,3155.6,3162.0,20091
2025-11-28T12:15:00+05:30,3162.9,3163.2,3155.0,3159.5,14720
2025-11-28T12:30:00+05:30,3159.6,3162.0,3142.6,3143.3,38535
2025-11-28T12:45:00+05:30,3143.3,3148.5,3139.2,3145.5,19599
2025-11-28T13:00:00+05:30,3147.1,3153.2,3127.5,3147.2,28774
2025-11-28T13:15:00+05:30,3148.9,3155.7,3143.8,3150.0,14580
2025-11-28T13:30:00+05:30,3151.5,3155.8,3148.1,3151.6,14233
2025-11-28T13:45:00+05:30,3153.1,3154.0,3147.1,3151.0,12805
2025-11-28T14:00:00+05:30,3151.0,3170.0,3149.8,3164.1,20411
2025-11-28T14:15:00+05:30,3164.1,3166.0,3151.6,3158.0,17011
2025-11-28T14:30:00+05:30,3158.0,3160.0,3151.9,3153.2,12200
2025-11-28T14:45:00+05:30,3151.9,3155.0,3145.5,3150.4,17903
2025-11-28T15:00:00+05:30,3150.4,3169.8,3150.4,3163.8,50156
2025-11-28T15:15:00+05:30,3163.8,3164.1,3150.0,3151.0,57031
2025-12-01T09:15:00+05:30,3170.0,3174.5,3121.8,3136.0,36350
2025-12-01T09:30:00+05:30,3133.9,3139.0,3129.0,3137.7,12800
2025-12-01T09:45:00+05:30,3137.8,3156.0,3128.3,3135.0,15626
2025-12-01T10:00:00+05:30,3134.1,3145.2,3125.4,3127.2,12571
2025-12-01T10:15:00+05:30,3127.4,3135.0,3127.0,3133.0,6857
2025-12-01T10:30:00+05:30,3133.0,3136.1,3125.1,3128.0,6842
2025-12-01T10:45:00+05:30,3128.0,3133.1,3123.0,3128.6,7085
2025-12-01T11:00:00+05:30,3128.6,3128.6,3117.0,3127.0,9196
2025-12-01T11:15:00+05:30,3127.0,3131.3,3125.6,3130.2,4470
2025-12-01T11:30:00+05:30,3130.2,3132.6,3127.2,3127.8,4128
2025-12-01T11:45:00+05:30,3128.1,3129.0,3119.1,3124.7,9002
2025-12-01T12:00:00+05:30,3124.6,3130.3,3116.0,3122.7,13867
2025-12-01T12:15:00+05:30,3122.9,3124.0,3115.0,3119.8,5413
2025-12-01T12:30:00+05:30,3119.7,3122.2,3114.0,3117.6,4837
2025-12-01T12:45:00+05:30,3117.0,3132.9,3117.0,3126.1,6738
2025-12-01T13:00:00+05:30,3126.1,3130.9,3124.4,3128.0,6053
2025-12-01T13:15:00+05:30,3127.5,3130.1,3125.0,3127.7,2587
2025-12-01T13:30:00+05:30,3127.1,3133.9,3123.5,3132.7,5506
2025-12-01T13:45:00+05:30,3132.7,3137.8,3131.0,3132.1,6653
2025-12-01T14:00:00+05:30,3136.7,3137.4,3122.0,3132.0,12001
2025-12-01T14:15:00+05:30,3131.8,3134.6,3125.7,3127.7,7084
2025-12-01T14:30:00+05:30,3127.7,3128.0,3120.1,3124.2,5925
2025-12-01T14:45:00+05:30,3124.2,3128.0,3123.5,3125.1,7502
2025-12-01T15:00:00+05:30,3125.1,3145.2,3125.0,3143.9,24756
2025-12-01T15:15:00+05:30,3142.9,3148.9,3130.0,3135.1,22625
2025-12-02T09:15:00+05:30,3145.0,3173.9,3139.4,3158.5,35912
2025-12-02T09:30:00+05:30,3160.0,3168.8,3157.1,3161.1,12236
2025-12-02T09:45:00+05:30,3159.8,3168.0,3149.0,3166.1,12570
2025-12-02T10:00:00+05:30,3166.1,3169.8,3161.6,3167.0,10596
2025-12-02T10:15:00+05:30,3165.6,3166.3,3159.1,3160.4,10451
2025-12-02T10:30:00+05:30,3161.3,3165.0,3158.7,3163.5,8638
2025-12-02T10:45:00+05:30,3163.5,3184.0,3162.7,3180.7,19103
2025-12-02T11:00:00+05:30,3180.7,3185.5,3177.0,3180.4,12102
2025-12-02T11:15:00+05:30,3178.8,3187.0,3175.6,3187.0,10882
2025-12-02T11:30:00+05:30,3186.1,3195.0,3185.6,3190.0,15879
2025-12-02T11:45:00+05:30,3190.0,3197.7,3187.2,3191.4,22726
2025-12-02T12:00:00+05:30,3191.0,3192.0,3175.6,3185.8,12159
2025-12-02T12:15:00+05:30,3184.8,3188.0,3181.0,3185.8,7601
2025-12-02T12:30:00+05:30,3185.8,3190.4,3182.1,3187.1,10118
2025-12-02T12:45:00+05:30,3187.1,3189.0,3181.0,3184.9,7671
2025-12-02T13:00:00+05:30,3185.0,3185.0,3173.2,3185.0,12675
2025-12-02T13:15:00+05:30,3185.0,3185.0,3181.5,3184.3,11640
2025-12-02T13:30:00+05:30,3185.0,3190.0,3181.5,3184.9,18489
2025-12-02T13:45:00+05:30,3185.0,3195.1,3183.8,3191.9,19773
2025-12-02T14:00:00+05:30,3192.8,3195.2,3189.6,3194.8,13951
2025-12-02T14:15:00+05:30,3195.0,3195.0,3187.6,3193.9,16606
2025-12-02T14:30:00+05:30,3195.0,3195.0,3186.2,3190.2,15653
2025-12-02T14:45:00+05:30,3190.4,3195.9,3189.3,3194.5,19677
2025-12-02T15:00:00+05:30,3194.6,3195.1,3191.5,3195.0,47999
2025-12-02T15:15:00+05:30,3195.0,3197.0,3184.0,3193.0,57860
2025-12-03T09:15:00+05:30,3200.0,3214.0,3176.0,3177.5,25166
2025-12-03T09:30:00+05:30,3177.5,3182.0,3170.0,3179.6,8651
2025-12-03T09:45:00+05:30,3179.6,3192.5,3166.5,3166.6,8979
2025-12-03T10:00:00+05:30,3166.6,3170.4,3160.1,3160.3,10991
2025-12-03T10:15:00+05:30,3160.2,3162.1,3150.0,3158.6,6724
2025-12-03T10:30:00+05:30,3158.6,3171.7,3155.5,3165.2,6211
2025-12-03T10:45:00+05:30,3167.0,3194.5,3165.4,3190.9,12857
2025-12-03T11:00:00+05:30,3189.5,3193.5,3159.0,3164.5,12949
2025-12-03T11:15:00+05:30,3164.5,3165.7,3150.0,3155.9,9445
2025-12-03T11:30:00+05:30,3155.9,3159.8,3151.0,3152.5,6426
2025-12-03T11:45:00+05:30,3152.0,3159.4,3152.0,3153.2,5456
2025-12-03T12:00:00+05:30,3154.0,3161.0,3152.0,3159.2,5395
2025-12-03T12:15:00+05:30,3160.9,3161.0,3153.2,3156.0,5955
2025-12-03T12:30:00+05:30,3154.4,3156.4,3140.0,3142.9,9248
2025-12-03T12:45:00+05:30,3141.3,3147.0,3140.0,3141.3,6304
2025-12-03T13:00:00+05:30,3141.3,3145.2,3138.0,3140.0,6742
2025-12-03T13:15:00+05:30,3140.0,3144.1,3138.0,3139.3,5237
2025-12-03T13:30:00+05:30,3139.3,3145.7,3133.3,3142.7,9864
2025-12-03T13:45:00+05:30,3142.4,3143.0,3131.4,3134.0,6338
2025-12-03T14:00:00+05:30,3133.2,3134.0,3124.7,3127.1,10050
2025-12-03T14:15:00+05:30,3127.0,3128.8,3123.5,3127.8,7992
2025-12-03T14:30:00+05:30,3127.8,3129.9,3125.0,3127.2,8391
2025-12-03T14:45:00+05:30,3127.0,3134.5,3125.2,3133.5,9521
2025-12-03T15:00:00+05:30,3133.4,3157.2,3133.3,3154.3,32044
2025-12-03T15:15:00+05:30,3152.8,3160.5,3148.8,3157.6,36083
2025-12-04T09:15:00+05:30,3150.0,3160.0,3133.4,3150.2,14999
2025-12-04T09:30:00+05:30,3150.2,3165.9,3150.2,3164.1,8888
2025-12-04T09:45:00+05:30,3164.0,3184.4,3164.0,3173.7,13398
2025-12-04T10:00:00+05:30,3173.7,3174.4,3166.1,3166.9,2697
2025-12-04T10:15:00+05:30,3168.0,3187.0,3164.9,3184.5,9568
2025-12-04T10:30:00+05:30,3184.5,3190.0,3183.1,3187.2,8595
2025-12-04T10:45:00+05:30,3185.6,3187.2,3170.5,3175.9,8685
2025-12-04T11:00:00+05:30,3176.4,3176.6,3168.5,3168.7,5984
2025-12-04T11:15:00+05:30,3169.9,3173.9,3161.8,3165.8,5675
2025-12-04T11:30:00+05:30,3165.8,3167.7,3160.1,3161.4,5441
2025-12-04T11:45:00+05:30,3161.4,3163.6,3149.5,3150.0,7370
2025-12-04T12:00:00+05:30,3150.0,3158.1,3150.0,3154.4,8649
2025-12-04T12:15:00+05:30,3153.0,3153.6,3148.0,3148.2,4153
2025-12-04T12:30:00+05:30,3148.3,3150.0,3136.5,3136.8,5103
2025-12-04T12:45:00+05:30,3136.7,3141.9,3130.0,3133.0,10141
2025-12-04T13:00:00+05:30,3135.4,3135.8,3127.0,3130.0,6803
2025-12-04T13:15:00+05:30,3130.0,3131.8,3112.7,3122.8,16106
2025-12-04T13:30:00+05:30,3122.2,3122.8,3110.2,3111.2,8175
2025-12-04T13:45:00+05:30,3111.0,3119.8,3108.2,3108.5,10651
2025-12-04T14:00:00+05:30,3108.5,3118.9,3105.2,3116.5,13218
2025-12-04T14:15:00+05:30,3115.8,3116.0,3104.0,3107.0,14167
2025-12-04T14:30:00+05:30,3108.5,3108.6,3095.8,3098.1,17544
2025-12-04T14:45:00+05:30,3098.1,3113.4,3090.0,3101.6,25096
2025-12-04T15:00:00+05:30,3104.4,3112.5,3100.0,3102.1,32245
2025-12-04T15:15:00+05:30,3103.3,3107.7,3091.4,3100.0,41322
2025-12-05T09:15:00+05:30,3118.0,3138.0,3078.5,3091.1,46615
2025-12-05T09:30:00+05:30,3091.1,3092.0,3078.0,3084.1,17992
2025-12-05T09:45:00+05:30,3084.2,3092.0,3079.8,3081.1,12868
2025-12-05T10:00:00+05:30,3081.1,3097.9,3079.3,3089.2,14045
2025-12-05T10:15:00+05:30,3090.4,3095.0,3080.3,3080.5,12102
2025-12-05T10:30:00+05:30,3081.0,3089.1,3079.1,3084.2,13052
2025-12-05T10:45:00+05:30,3084.1,3088.2,3080.1,3081.5,9694
2025-12-05T11:00:00+05:30,3081.5,3084.9,3080.0,3082.0,8221
2025-12-05T11:15:00+05:30,3082.0,3084.5,3077.0,3078.0,10533
2025-12-05T11:30:00+05:30,3077.6,3081.9,3075.0,3081.4,7871
2025-12-05T11:45:00+05:30,3080.0,3083.0,3077.7,3079.6,4801
2025-12-05T12:00:00+05:30,3080.0,3084.2,3078.6,3079.3,7838
2025-12-05T12:15:00+05:30,3079.9,3084.1,3076.0,3079.1,6234
2025-12-05T12:30:00+05:30,3079.8,3085.3,3079.2,3082.2,8223
2025-12-05T12:45:00+05:30,3082.4,3087.4,3081.0,3083.0,9603
2025-12-05T13:00:00+05:30,3083.0,3088.8,3080.5,3082.2,11220
2025-12-05T13:15:00+05:30,3082.1,3084.5,3079.4,3081.1,8329
2025-12-05T13:30:00+05:30,3081.1,3090.1,3080.3,3084.9,10205
2025-12-05T13:45:00+05:30,3084.9,3085.7,3080.4,3080.4,8292
2025-12-05T14:00:00+05:30,3080.4,3083.6,3079.8,3083.2,9955
2025-12-05T14:15:00+05:30,3082.5,3084.1,3081.2,3082.3,9113
2025-12-05T14:30:00+05:30,3082.3,3082.5,3078.2,3079.9,9461
2025-12-05T14:45:00+05:30,3079.9,3085.0,3075.7,3079.7,14650
2025-12-05T15:00:00+05:30,3079.7,3100.0,3079.7,3098.0,44967
2025-12-05T15:15:00+05:30,3098.0,3110.0,3085.0,3099.9,54389
2025-12-08T09:15:00+05:30,3100.0,3119.8,3090.1,3103.6,16598
2025-12-08T09:30:00+05:30,3103.6,3106.7,3082.0,3093.5,11624
2025-12-08T09:45:00+05:30,3091.0,3096.3,3077.9,3082.5,8766
2025-12-08T10:00:00+05:30,3082.5,3088.5,3071.1,3075.0,17616
2025-12-08T10:15:00+05:30,3075.0,3090.6,3072.0,3075.0,9338
2025-12-08T10:30:00+05:30,3075.0,3076.8,3070.3,3070.5,6276
2025-12-08T10:45:00+05:30,3070.9,3073.0,3046.8,3047.1,13480
2025-12-08T11:00:00+05:30,3047.0,3047.5,3030.3,3035.2,11992
2025-12-08T11:15:00+05:30,3035.2,3037.7,3025.0,3027.6,10567
2025-12-08T11:30:00+05:30,3027.3,3031.6,3012.3,3013.6,18114
2025-12-08T11:45:00+05:30,3013.5,3020.5,3007.0,3007.4,9861
2025-12-08T12:00:00+05:30,3007.1,3010.1,2998.0,3000.2,19143
2025-12-08T12:15:00+05:30,3000.2,3002.2,2990.0,2994.9,14654
2025-12-08T12:30:00+05:30,2994.6,2994.9,2965.0,2969.2,22831
2025-12-08T12:45:00+05:30,2969.0,2970.5,2948.6,2954.7,26218
2025-12-08T13:00:00+05:30,2954.9,2964.8,2950.1,2957.0,23858
2025-12-08T13:15:00+05:30,2957.1,2970.0,2956.8,2960.8,12283
2025-12-08T13:30:00+05:30,2961.4,2964.0,2950.0,2951.3,14427
2025-12-08T13:45:00+05:30,2951.4,2964.5,2951.0,2954.0,40232
2025-12-08T14:00:00+05:30,2954.2,2959.4,2945.0,2955.0,34458
2025-12-08T14:15:00+05:30,2955.0,2962.8,2947.4,2960.4,35055
2025-12-08T14:30:00+05:30,2960.2,2962.7,2955.0,2955.2,15636
2025-12-08T14:45:00+05:30,2955.1,2957.9,2931.6,2936.6,32432
2025-12-08T15:00:00+05:30,2937.2,2955.7,2936.6,2953.1,46225
2025-12-08T15:15:00+05:30,2953.1,2967.0,2952.6,2962.9,46637
2025-12-09T09:15:00+05:30,2952.0,2958.4,2935.0,2946.3,37770
2025-12-09T09:30:00+05:30,2946.3,2953.9,2933.0,2941.9,30720
2025-12-09T09:45:00+05:30,2941.8,2966.1,2940.0,2960.0,17152
2025-12-09T10:00:00+05:30,2959.0,2980.3,2955.5,2973.0,20589
2025-12-09T10:15:00+05:30,2973.0,2995.0,2972.8,2987.0,18299
2025-12-09T10:30:00+05:30,2988.1,2988.3,2965.0,2973.8,21119
2025-12-09T10:45:00+05:30,2973.2,2982.0,2967.6,2980.0,9393
2025-12-09T11:00:00+05:30,2980.0,2983.2,2970.0,2978.0,70102
2025-12-09T11:15:00+05:30,2978.3,3007.4,2975.0,3004.0,31037
2025-12-09T11:30:00+05:30,3004.2,3004.2,2980.7,2982.5,14004
2025-12-09T11:45:00+05:30,2982.5,3008.0,2980.4,3002.7,14074
2025-12-09T12:00:00+05:30,3002.8,3007.0,3001.0,3005.1,7603
2025-12-09T12:15:00+05:30,3005.0,3014.5,2995.2,3008.6,21947
2025-12-09T12:30:00+05:30,3007.7,3008.8,3002.0,3003.3,7930
2025-12-09T12:45:00+05:30,3003.5,3006.5,2993.2,2996.1,8703
2025-12-09T13:00:00+05:30,2996.1,3006.8,2996.0,3005.0,7564
2025-12-09T13:15:00+05:30,3005.1,3007.4,3001.6,3006.9,6048
2025-12-09T13:30:00+05:30,3007.0,3014.0,3001.0,3005.0,7648
2025-12-09T13:45:00+05:30,3005.1,3021.9,3004.4,3021.3,13700
2025-12-09T14:00:00+05:30,3021.3,3027.0,3019.2,3023.5,14034
2025-12-09T14:15:00+05:30,3023.5,3028.9,3016.4,3021.1,12906
2025-12-09T14:30:00+05:30,3022.3,3026.8,3016.7,3019.0,13527
2025-12-09T14:45:00+05:30,3018.7,3027.9,3016.0,3019.2,15908
2025-12-09T15:00:00+05:30,3019.4,3042.7,3019.3,3035.9,72020
2025-12-09T15:15:00+05:30,3035.9,3036.3,3023.1,3025.0,68943
2025-12-10T09:15:00+05:30,3042.0,3078.9,3032.8,3050.0,38431
2025-12-10T09:30:00+05:30,3051.0,3066.6,3040.0,3040.3,21729
2025-12-10T09:45:00+05:30,3041.2,3045.0,3020.8,3022.9,11763
2025-12-10T10:00:00+05:30,3023.9,3042.6,3023.9,3039.6,9832
2025-12-10T10:15:00+05:30,3039.6,3053.3,3038.3,3042.6,12292
2025-12-10T10:30:00+05:30,3043.5,3067.5,3043.5,3060.0,20323
2025-12-10T10:45:00+05:30,3060.0,3069.2,3054.0,3067.9,23684
2025-12-10T11:00:00+05:30,3067.1,3073.4,3050.5,3057.0,13530
2025-12-10T11:15:00+05:30,3057.0,3058.0,3051.0,3054.8,6241
2025-12-10T11:30:00+05:30,3054.8,3058.0,3050.4,3050.9,10009
2025-12-10T11:45:00+05:30,3052.0,3053.3,3039.3,3042.0,21313
2025-12-10T12:00:00+05:30,3042.1,3042.1,3030.4,3036.5,5885
2025-12-10T12:15:00+05:30,3036.5,3036.6,3025.0,3027.5,7305
2025-12-10T12:30:00+05:30,3028.3,3028.7,3022.5,3028.0,10186
2025-12-10T12:45:00+05:30,3028.7,3030.0,3027.1,3029.0,4584
2025-12-10T13:00:00+05:30,3030.0,3030.0,3026.3,3027.8,7208
2025-12-10T13:15:00+05:30,3027.9,3032.5,3025.4,3030.3,7090
2025-12-10T13:30:00+05:30,3032.1,3032.3,3025.0,3029.2,6749
2025-12-10T13:45:00+05:30,3029.2,3030.0,3028.3,3029.3,4565
2025-12-10T14:00:00+05:30,3029.3,3030.0,3018.0,3019.0,15658
2025-12-10T14:15:00+05:30,3019.3,3020.6,2998.1,3003.3,16532
2025-12-10T14:30:00+05:30,3004.6,3006.9,2991.8,3001.8,24300
2025-12-10T14:45:00+05:30,3001.8,3010.0,2997.2,3010.0,15476
2025-12-10T15:00:00+05:30,3010.0,3015.9,2998.4,3000.0,30782
2025-12-10T15:15:00+05:30,3000.0,3000.0,2981.7,2981.7,63707
2025-12-11T09:15:00+05:30,2975.0,2975.0,2933.5,2944.5,66573
2025-12-11T09:30:00+05:30,2942.6,2944.3,2922.5,2932.0,36986
2025-12-11T09:45:00+05:30,2932.0,2940.0,2930.0,2930.0,15109
2025-12-11T10:00:00+05:30,2930.8,2949.1,2929.9,2947.5,40514
2025-12-11T10:15:00+05:30,2947.4,2957.7,2936.0,2943.3,18966
2025-12-11T10:30:00+05:30,2945.7,2949.4,2941.1,2943.5,14092
2025-12-11T10:45:00+05:30,2944.6,2946.5,2938.4,2942.2,14260
2025-12-11T11:00:00+05:30,2942.1,2945.5,2925.0,2926.7,58572
2025-12-11T11:15:00+05:30,2925.1,2934.9,2925.0,2931.1,11489
2025-12-11T11:30:00+05:30,2932.2,2940.4,2931.1,2935.2,7955
2025-12-11T11:45:00+05:30,2935.2,2938.2,2927.8,2929.0,8609
2025-12-11T12:00:00+05:30,2929.0,2937.0,2926.0,2934.4,12180
2025-12-11T12:15:00+05:30,2934.4,2934.6,2930.4,2933.5,5745
2025-12-11T12:30:00+05:30,2934.3,2935.1,2932.0,2932.0,5877
2025-12-11T12:45:00+05:30,2932.4,2935.6,2919.0,2923.0,56296
2025-12-11T13:00:00+05:30,2923.0,2925.7,2917.0,2922.0,13137
2025-12-11T13:15:00+05:30,2922.0,2932.0,2920.7,2926.9,10285
2025-12-11T13:30:00+05:30,2925.1,2932.2,2923.6,2924.0,10909
2025-12-11T13:45:00+05:30,2924.0,2926.0,2920.4,2922.8,7540
2025-12-11T14:00:00+05:30,2922.8,2924.1,2920.0,2920.1,26816
2025-12-11T14:15:00+05:30,2920.2,2924.4,2920.0,2920.0,19535
2025-12-11T14:30:00+05:30,2920.1,2920.2,2911.5,2911.5,21534
2025-12-11T14:45:00+05:30,2912.6,2914.2,2896.0,2901.7,53515
2025-12-11T15:00:00+05:30,2901.7,2909.4,2900.0,2900.2,46350
2025-12-11T15:15:00+05:30,2900.3,2915.0,2899.8,2912.5,64289
2025-12-12T09:15:00+05:30,2920.1,2954.3,2920.1,2932.4,37358
2025-12-12T09:30:00+05:30,2931.2,2934.9,2925.1,2926.4,24352
2025-12-12T09:45:00+05:30,2927.6,2930.0,2910.1,2922.4,17179
2025-12-12T10:00:00+05:30,2922.4,2925.5,2918.0,2922.1,8242
2025-12-12T10:15:00+05:30,2922.1,2925.8,2921.4,2925.2,7075
2025-12-12T10:30:00+05:30,2925.6,2931.0,2923.4,2926.4,8409
2025-12-12T10:45:00+05:30,2926.3,2929.6,2921.6,2921.6,9589
2025-12-12T11:00:00+05:30,2922.9,2928.1,2921.5,2925.9,9590
2025-12-12T11:15:00+05:30,2926.0,2932.5,2921.1,2929.9,18262
2025-12-12T11:30:00+05:30,2929.9,2930.0,2926.8,2928.2,7238
2025-12-12T11:45:00+05:30,2928.4,2930.2,2926.5,2926.5,7679
2025-12-12T12:00:00+05:30,2926.5,2929.4,2925.1,2927.1,3393
2025-12-12T12:15:00+05:30,2927.1,2930.9,2927.1,2929.9,5591
2025-12-12T12:30:00+05:30,2930.0,2931.3,2926.1,2926.9,7653
2025-12-12T12:45:00+05:30,2928.1,2930.3,2925.9,2928.0,5839
2025-12-12T13:00:00+05:30,2928.3,2929.0,2927.0,2928.6,7106
2025-12-12T13:15:00+05:30,2928.7,2929.5,2928.6,2928.9,5864
2025-12-12T13:30:00+05:30,2929.0,2929.0,2924.9,2925.7,6772
2025-12-12T13:45:00+05:30,2925.7,2927.0,2921.1,2922.8,9138
2025-12-12T14:00:00+05:30,2923.7,2925.7,2922.8,2924.9,7512
2025-12-12T14:15:00+05:30,2925.0,2925.0,2918.0,2919.9,9937
2025-12-12T14:30:00+05:30,2920.0,2920.0,2898.3,2899.4,16406
2025-12-12T14:45:00+05:30,2899.6,2900.1,2888.0,2889.8,28296
2025-12-12T15:00:00+05:30,2889.9,2908.6,2889.5,2898.8,54751
2025-12-12T15:15:00+05:30,2898.5,2899.0,2888.0,2894.1,55714
2025-12-15T09:15:00+05:30,2905.0,2935.0,2903.6,2927.2,42189
2025-12-15T09:30:00+05:30,2927.5,2936.7,2925.0,2932.6,26966
2025-12-15T09:45:00+05:30,2932.4,2987.0,2931.0,2981.2,71214
2025-12-15T10:00:00+05:30,2981.9,2999.0,2962.0,2966.2,58226
2025-12-15T10:15:00+05:30,2967.9,2980.2,2960.1,2967.9,16529
2025-12-15T10:30:00+05:30,2967.8,2970.0,2957.1,2963.3,11526
2025-12-15T10:45:00+05:30,2963.3,2963.8,2949.1,2959.9,18390
2025-12-15T11:00:00+05:30,2959.9,2964.6,2956.3,2960.7,10745
2025-12-15T11:15:00+05:30,2959.9,2961.2,2953.0,2959.6,9243
2025-12-15T11:30:00+05:30,2958.2,2959.4,2954.9,2957.1,5057
2025-12-15T11:45:00+05:30,2957.5,2961.3,2956.1,2960.6,7542
2025-12-15T12:00:00+05:30,2960.6,2962.8,2959.4,2960.0,7458
2025-12-15T12:15:00+05:30,2960.0,2968.5,2952.2,2952.3,10712
2025-12-15T12:30:00+05:30,2952.4,2957.0,2947.3,2947.3,6910
2025-12-15T12:45:00+05:30,2947.8,2948.4,2938.0,2947.8,7449
2025-12-15T13:00:00+05:30,2947.8,2948.8,2945.0,2947.2,5537
2025-12-15T13:15:00+05:30,2947.2,2948.1,2934.9,2940.8,14646
2025-12-15T13:30:00+05:30,2941.8,2949.0,2940.2,2945.4,9204
2025-12-15T13:45:00+05:30,2945.4,2952.2,2945.2,2948.6,5188
2025-12-15T14:00:00+05:30,2949.0,2952.0,2939.1,2944.6,11753
2025-12-15T14:15:00+05:30,2944.6,2945.0,2938.0,2939.4,6932
2025-12-15T14:30:00+05:30,2939.4,2940.3,2936.9,2939.6,6112
2025-12-15T14:45:00+05:30,2939.5,2942.3,2939.1,2939.9,7268
2025-12-15T15:00:00+05:30,2940.0,2959.4,2939.9,2943.2,32895
2025-12-15T15:15:00+05:30,2943.2,2954.9,2938.8,2946.5,44250
2025-12-16T09:15:00+05:30,2957.9,3010.9,2942.1,3008.0,83989
2025-12-16T09:30:00+05:30,3008.0,3024.2,3005.3,3020.5,69258
2025-12-16T09:45:00+05:30,3020.5,3020.5,2985.4,2987.0,50358
2025-12-16T10:00:00+05:30,2987.5,2987.9,2977.1,2980.5,35513
2025-12-16T10:15:00+05:30,2981.3,2985.0,2978.1,2985.0,17892
2025-12-16T10:30:00+05:30,2985.0,2987.9,2979.0,2985.6,16877
2025-12-16T10:45:00+05:30,2985.9,2994.0,2983.0,2988.8,19430
2025-12-16T11:00:00+05:30,2988.6,2998.0,2985.5,2996.0,15066
2025-12-16T11:15:00+05:30,2996.1,3009.0,2996.0,3000.6,21423
2025-12-16T11:30:00+05:30,3001.6,3001.9,2993.0,2994.3,14190
2025-12-16T11:45:00+05:30,2995.4,2999.9,2994.3,2996.0,11427
2025-12-16T12:00:00+05:30,2996.0,3000.0,2995.0,2997.2,10638
2025-12-16T12:15:00+05:30,2997.6,3003.0,2997.4,2998.1,9909
2025-12-16T12:30:00+05:30,2998.3,2999.0,2986.9,2990.0,13474
2025-12-16T12:45:00+05:30,2990.1,2994.0,2988.0,2992.1,9374
2025-12-16T13:00:00+05:30,2992.1,2999.0,2989.4,2993.9,11773
2025-12-16T13:15:00+05:30,2993.9,2995.5,2991.5,2991.5,11278
2025-12-16T13:30:00+05:30,2992.3,2992.7,2986.8,2990.9,10192
2025-12-16T13:45:00+05:30,2991.0,2998.6,2990.8,2994.5,10173
2025-12-16T14:00:00+05:30,2994.6,3000.1,2988.2,2989.2,15164
2025-12-16T14:15:00+05:30,2989.1,2989.2,2963.8,2979.0,28420
2025-12-16T14:30:00+05:30,2979.0,2981.0,2975.0,2979.9,10990
2025-12-16T14:45:00+05:30,2980.0,2982.7,2974.3,2978.4,27181
2025-12-16T15:00:00+05:30,2977.9,2982.0,2977.9,2979.9,34953
2025-12-16T15:15:00+05:30,2979.9,2981.9,2971.5,2974.0,51331
2025-12-17T09:15:00+05:30,2982.0,3002.1,2966.4,2991.3,34172
2025-12-17T09:30:00+05:30,2992.1,3012.4,2991.3,2996.3,22431
2025-12-17T09:45:00+05:30,2996.3,3006.7,2984.1,2986.8,14525
2025-12-17T10:00:00+05:30,2986.8,2989.2,2973.0,2979.4,53008
2025-12-17T10:15:00+05:30,2980.5,2988.5,2979.5,2981.0,8026
2025-12-17T10:30:00+05:30,2981.0,2992.7,2980.0,2985.3,8864
2025-12-17T10:45:00+05:30,2985.4,2990.0,2985.0,2988.7,6622
2025-12-17T11:00:00+05:30,2988.9,2991.2,2985.1,2989.2,9856
2025-12-17T11:15:00+05:30,2989.2,2991.3,2988.3,2990.0,5689
2025-12-17T11:30:00+05:30,2990.0,2992.8,2989.9,2990.0,10680
2025-12-17T11:45:00+05:30,2990.0,2992.0,2985.0,2988.6,8800
2025-12-17T12:00:00+05:30,2988.4,2989.0,2985.0,2985.0,3692
2025-12-17T12:15:00+05:30,2984.8,2987.8,2981.2,2985.8,4495
2025-12-17T12:30:00+05:30,2985.2,2985.3,2975.6,2977.2,8133
2025-12-17T12:45:00+05:30,2977.2,2978.1,2970.1,2970.1,6412
2025-12-17T13:00:00+05:30,2970.8,2976.8,2967.0,2968.4,7889
2025-12-17T13:15:00+05:30,2969.1,2969.4,2959.1,2964.4,8632
2025-12-17T13:30:00+05:30,2964.5,2965.6,2952.2,2952.2,5903
2025-12-17T13:45:00+05:30,2952.2,2960.0,2949.1,2949.6,15022
2025-12-17T14:00:00+05:30,2949.4,2954.6,2945.7,2948.9,6721
2025-12-17T14:15:00+05:30,2947.0,2948.2,2939.9,2939.9,10920
2025-12-17T14:30:00+05:30,2939.9,2942.4,2934.4,2942.4,8368
2025-12-17T14:45:00+05:30,2941.8,2947.8,2936.3,2940.8,10210
2025-12-17T15:00:00+05:30,2941.9,2973.7,2941.9,2970.1,37937
2025-12-17T15:15:00+05:30,2970.1,2989.9,2970.1,2977.0,39210
2025-12-18T09:15:00+05:30,2962.0,2964.4,2887.3,2887.3,67374
2025-12-18T09:30:00+05:30,2888.7,2889.0,2862.2,2862.2,49587
2025-12-18T09:45:00+05:30,2863.1,2866.1,2851.1,2861.1,33200
2025-12-18T10:00:00+05:30,2862.7,2867.0,2851.0,2856.1,27573
2025-12-18T10:15:00+05:30,2856.1,2860.1,2851.0,2853.3,22296
2025-12-18T10:30:00+05:30,2851.1,2856.0,2843.5,2850.0,33831
2025-12-18T10:45:00+05:30,2850.0,2852.9,2844.7,2850.0,18793
2025-12-18T11:00:00+05:30,2851.3,2851.3,2840.0,2840.0,23661
2025-12-18T11:15:00+05:30,2840.5,2847.1,2839.1,2845.1,14128
2025-12-18T11:30:00+05:30,2844.5,2852.6,2841.0,2841.1,14855
2025-12-18T11:45:00+05:30,2841.1,2844.4,2834.0,2839.6,21195
2025-12-18T12:00:00+05:30,2839.2,2847.9,2838.3,2844.0,11925
2025-12-18T12:15:00+05:30,2844.1,2850.0,2840.0,2840.0,15912
2025-12-18T12:30:00+05:30,2840.6,2844.9,2837.5,2844.0,14365
2025-12-18T12:45:00+05:30,2843.5,2847.0,2837.0,2837.1,18121
2025-12-18T13:00:00+05:30,2837.1,2842.0,2836.0,2838.0,14570
2025-12-18T13:15:00+05:30,2838.0,2843.0,2835.0,2840.6,17213
2025-12-18T13:30:00+05:30,2840.6,2845.0,2835.1,2845.0,20202
2025-12-18T13:45:00+05:30,2845.0,2863.9,2845.0,2860.0,57835
2025-12-18T14:00:00+05:30,2861.5,2870.6,2845.8,2847.0,36818
2025-12-18T14:15:00+05:30,2847.9,2853.5,2846.6,2849.8,17181
2025-12-18T14:30:00+05:30,2851.5,2854.0,2848.1,2850.2,13580
2025-12-18T14:45:00+05:30,2850.0,2850.2,2840.0,2840.0,28829
2025-12-18T15:00:00+05:30,2840.0,2847.9,2834.0,2835.0,61646
2025-12-18T15:15:00+05:30,2835.0,2854.0,2828.0,2849.8,113054
2025-12-19T09:15:00+05:30,2860.0,2875.0,2817.0,2832.8,77918
2025-12-19T09:30:00+05:30,2832.5,2866.9,2829.0,2843.7,28208
2025-12-19T09:45:00+05:30,2844.8,2851.5,2837.1,2840.8,13019
2025-12-19T10:00:00+05:30,2841.8,2846.9,2834.0,2840.0,10773
2025-12-19T10:15:00+05:30,2840.0,2869.8,2838.7,2866.9,31153
2025-12-19T10:30:00+05:30,2866.0,2869.8,2850.0,2859.3,14096
2025-12-19T10:45:00+05:30,2859.3,2860.0,2852.0,2853.7,9964
2025-12-19T11:00:00+05:30,2854.4,2857.3,2846.0,2851.9,11926
2025-12-19T11:15:00+05:30,2850.4,2853.0,2847.7,2851.7,17140
2025-12-19T11:30:00+05:30,2852.0,2858.1,2850.0,2850.0,7218
2025-12-19T11:45:00+05:30,2850.0,2853.5,2846.0,2850.0,29727
2025-12-19T12:00:00+05:30,2850.0,2851.6,2849.8,2850.1,16254
2025-12-19T12:15:00+05:30,2850.0,2854.8,2850.0,2850.0,12097
2025-12-19T12:30:00+05:30,2850.0,2855.2,2850.0,2850.0,10524
2025-12-19T12:45:00+05:30,2850.0,2850.7,2850.0,2850.0,8154
2025-12-19T13:00:00+05:30,2850.0,2856.5,2850.0,2856.5,15461
2025-12-19T13:15:00+05:30,2855.8,2858.6,2851.4,2852.1,15955
2025-12-19T13:30:00+05:30,2852.1,2852.5,2840.0,2847.0,16523
2025-12-19T13:45:00+05:30,2847.0,2857.9,2843.4,2847.3,21455
2025-12-19T14:00:00+05:30,2848.5,2851.0,2840.5,2850.5,15084
2025-12-19T14:15:00+05:30,2851.0,2851.0,2842.1,2842.3,12321
2025-12-19T14:30:00+05:30,2842.3,2857.9,2842.0,2844.5,40827
2025-12-19T14:45:00+05:30,2844.5,2849.2,2840.5,2846.0,51282
2025-12-19T15:00:00+05:30,2846.0,2847.4,2712.3,2735.5,2031037
2025-12-19T15:15:00+05:30,2735.5,2759.7,2702.0,2707.0,1872093
2025-12-22T09:15:00+05:30,2722.0,2722.0,2595.1,2599.9,716249
2025-12-22T09:30:00+05:30,2599.9,2603.0,2582.0,2598.7,268545
2025-12-22T09:45:00+05:30,2598.7,2607.3,2576.5,2597.8,382065
2025-12-22T10:00:00+05:30,2597.8,2604.0,2589.3,2598.5,173741
2025-12-22T10:15:00+05:30,2597.7,2597.7,2577.0,2596.0,125064
2025-12-22T10:30:00+05:30,2596.6,2600.3,2590.0,2598.5,95319
2025-12-22T10:45:00+05:30,2598.3,2607.7,2589.0,2596.3,347392
2025-12-22T11:00:00+05:30,2598.6,2599.0,2585.0,2587.7,56031
2025-12-22T11:15:00+05:30,2587.7,2609.6,2585.2,2605.0,123184
2025-12-22T11:30:00+05:30,2604.7,2629.0,2594.8,2615.2,263118
2025-12-22T11:45:00+05:30,2615.2,2623.7,2602.1,2611.9,197214
2025-12-22T12:00:00+05:30,2612.0,2615.1,2606.0,2610.1,78751
2025-12-22T12:15:00+05:30,2610.1,2618.2,2608.1,2615.0,94120
2025-12-22T12:30:00+05:30,2616.1,2617.5,2608.0,2610.1,156546
2025-12-22T12:45:00+05:30,2610.1,2613.4,2609.0,2609.0,115913
2025-12-22T13:00:00+05:30,2609.1,2623.0,2605.0,2615.0,147465
2025-12-22T13:15:00+05:30,2614.8,2614.8,2595.1,2601.0,99880
2025-12-22T13:30:00+05:30,2600.8,2620.9,2599.5,2611.1,106415
2025-12-22T13:45:00+05:30,2611.1,2617.7,2597.2,2601.4,104584
2025-12-22T14:00:00+05:30,2601.4,2614.4,2598.0,2606.8,128444
2025-12-22T14:15:00+05:30,2608.0,2618.3,2598.7,2615.1,87622
2025-12-22T14:30:00+05:30,2616.0,2621.0,2606.8,2613.0,401976
2025-12-22T14:45:00+05:30,2613.0,2615.4,2603.0,2611.9,90735
2025-12-22T15:00:00+05:30,2611.7,2618.5,2610.0,2616.3,97911
2025-12-22T15:15:00+05:30,2616.2,2623.0,2612.1,2619.0,198342
2025-12-23T09:15:00+05:30,2630.0,2654.9,2615.0,2615.1,187905
2025-12-23T09:30:00+05:30,2615.9,2626.3,2602.6,2607.6,68712
2025-12-23T09:45:00+05:30,2608.1,2623.2,2606.5,2616.2,29158
2025-12-23T10:00:00+05:30,2616.2,2619.0,2601.2,2605.6,26573
2025-12-23T10:15:00+05:30,2606.4,2614.5,2605.0,2610.6,21881
2025-12-23T10:30:00+05:30,2610.6,2621.5,2610.0,2610.7,31396
2025-12-23T10:45:00+05:30,2610.7,2613.0,2608.0,2608.3,23705
2025-12-23T11:00:00+05:30,2609.7,2610.1,2600.3,2600.3,28770
2025-12-23T11:15:00+05:30,2600.3,2617.7,2593.0,2610.1,470076
2025-12-23T11:30:00+05:30,2610.7,2611.5,2595.3,2598.8,25019
2025-12-23T11:45:00+05:30,2599.0,2604.9,2598.1,2601.6,16589
2025-12-23T12:00:00+05:30,2601.6,2607.8,2599.0,2601.6,14042
2025-12-23T12:15:00+05:30,2602.0,2611.9,2599.0,2610.0,18722
2025-12-23T12:30:00+05:30,2610.8,2611.8,2603.1,2605.1,13630
2025-12-23T12:45:00+05:30,2604.7,2606.2,2595.0,2596.4,22269
2025-12-23T13:00:00+05:30,2596.4,2603.8,2596.4,2600.1,82069
2025-12-23T13:15:00+05:30,2600.1,2602.0,2598.2,2602.0,8912
2025-12-23T13:30:00+05:30,2602.1,2604.0,2587.6,2592.6,30459
2025-12-23T13:45:00+05:30,2592.6,2594.8,2587.1,2592.1,14961
2025-12-23T14:00:00+05:30,2592.8,2594.2,2586.6,2589.6,21500
2025-12-23T14:15:00+05:30,2589.6,2595.0,2586.5,2588.0,20102
2025-12-23T14:30:00+05:30,2589.0,2593.0,2580.1,2583.0,28774
2025-12-23T14:45:00+05:30,2584.0,2588.0,2564.1,2575.1,91052
2025-12-23T15:00:00+05:30,2575.7,2602.0,2570.0,2596.0,240345
2025-12-23T15:15:00+05:30,2596.8,2600.5,2590.0,2594.5,193615
2025-12-24T09:15:00+05:30,2596.8,2611.0,2585.0,2606.4,42527
2025-12-24T09:30:00+05:30,2607.5,2610.0,2598.5,2598.5,22429
2025-12-24T09:45:00+05:30,2599.9,2609.0,2595.0,2604.2,16510
2025-12-24T10:00:00+05:30,2603.9,2609.9,2600.0,2607.0,11074
2025-12-24T10:15:00+05:30,2606.4,2607.0,2591.4,2597.2,15287
2025-12-24T10:30:00+05:30,2598.6,2600.0,2590.0,2593.2,18210
2025-12-24T10:45:00+05:30,2593.2,2596.0,2590.0,2592.1,11833
2025-12-24T11:00:00+05:30,2592.1,2593.1,2587.0,2589.0,11675
2025-12-24T11:15:00+05:30,2589.6,2591.0,2586.0,2589.8,6630
2025-12-24T11:30:00+05:30,2589.7,2603.8,2588.0,2598.9,18893
2025-12-24T11:45:00+05:30,2598.9,2601.8,2598.1,2601.1,6002
2025-12-24T12:00:00+05:30,2601.2,2603.8,2600.0,2602.8,5565
2025-12-24T12:15:00+05:30,2602.6,2603.5,2594.5,2596.7,10058
2025-12-24T12:30:00+05:30,2596.7,2599.8,2595.1,2596.4,3235
2025-12-24T12:45:00+05:30,2596.2,2598.1,2591.9,2596.5,4212
2025-12-24T13:00:00+05:30,2596.4,2597.9,2593.0,2594.2,2192
2025-12-24T13:15:00+05:30,2594.5,2597.0,2593.1,2596.1,2745
2025-12-24T13:30:00+05:30,2595.6,2597.0,2591.0,2593.8,4185
2025-12-24T13:45:00+05:30,2593.2,2594.0,2587.8,2590.0,10284
2025-12-24T14:00:00+05:30,2589.9,2591.8,2587.1,2588.4,4629
2025-12-24T14:15:00+05:30,2588.2,2591.5,2587.1,2589.3,3953
2025-12-24T14:30:00+05:30,2589.3,2590.0,2581.0,2584.2,15292
2025-12-24T14:45:00+05:30,2584.2,2599.0,2580.8,2597.0,237345
2025-12-24T15:00:00+05:30,2597.0,2602.0,2592.1,2596.0,56359
2025-12-24T15:15:00+05:30,2596.0,2598.0,2594.4,2595.0,29203
2025-12-26T09:15:00+05:30,2605.0,2642.9,2598.9,2633.4,66636
2025-12-26T09:30:00+05:30,2633.4,2634.0,2614.1,2617.8,20558
2025-12-26T09:45:00+05:30,2616.8,2618.1,2611.2,2616.5,8015
2025-12-26T10:00:00+05:30,2616.5,2616.5,2610.0,2612.5,9080
2025-12-26T10:15:00+05:30,2613.4,2622.1,2612.6,2618.5,23560
2025-12-26T10:30:00+05:30,2619.8,2635.0,2618.1,2633.1,14768
2025-12-26T10:45:00+05:30,2633.4,2639.0,2630.0,2633.2,23400
2025-12-26T11:00:00+05:30,2633.2,2639.2,2629.2,2637.8,12869
2025-12-26T11:15:00+05:30,2637.8,2644.0,2630.7,2640.0,26259
2025-12-26T11:30:00+05:30,2640.0,2641.0,2625.1,2627.1,11338
2025-12-26T11:45:00+05:30,2627.0,2628.5,2620.0,2622.0,11061
2025-12-26T12:00:00+05:30,2622.0,2629.0,2620.6,2627.5,4388
2025-12-26T12:15:00+05:30,2627.5,2631.0,2626.0,2630.1,3240
2025-12-26T12:30:00+05:30,2628.1,2629.9,2622.0,2623.5,8427
2025-12-26T12:45:00+05:30,2623.5,2627.6,2623.5,2626.0,2353
2025-12-26T13:00:00+05:30,2626.9,2635.0,2620.1,2633.4,43759
2025-12-26T13:15:00+05:30,2631.5,2634.0,2629.0,2633.0,3042
2025-12-26T13:30:00+05:30,2633.0,2634.9,2631.9,2634.4,4448
2025-12-26T13:45:00+05:30,2634.4,2635.5,2630.0,2633.0,8125
2025-12-26T14:00:00+05:30,2631.9,2633.0,2625.1,2626.4,7776
2025-12-26T14:15:00+05:30,2628.4,2628.4,2617.7,2621.7,6965
2025-12-26T14:30:00+05:30,2619.8,2625.0,2619.3,2624.1,5153
2025-12-26T14:45:00+05:30,2625.0,2630.0,2620.0,2622.0,14617
2025-12-26T15:00:00+05:30,2621.9,2629.0,2620.0,2623.4,24642
2025-12-26T15:15:00+05:30,2622.1,2628.0,2620.4,2625.0,121366
2025-12-29T09:15:00+05:30,2639.0,2646.0,2628.1,2633.6,21616
2025-12-29T09:30:00+05:30,2633.5,2640.9,2630.3,2640.1,13147
2025-12-29T09:45:00+05:30,2638.3,2643.8,2632.2,2637.0,18105
2025-12-29T10:00:00+05:30,2637.9,2641.1,2629.8,2635.5,6660
2025-12-29T10:15:00+05:30,2636.9,2639.5,2629.7,2638.4,14535
2025-12-29T10:30:00+05:30,2638.4,2638.5,2629.1,2635.8,17862
2025-12-29T10:45:00+05:30,2636.0,2639.4,2632.0,2634.5,9495
2025-12-29T11:00:00+05:30,2634.5,2634.6,2616.1,2619.0,51104
2025-12-29T11:15:00+05:30,2619.0,2623.3,2607.1,2612.8,21416
2025-12-29T11:30:00+05:30,2611.8,2613.3,2607.4,2610.0,4610
2025-12-29T11:45:00+05:30,2610.0,2613.6,2607.5,2611.2,9557
2025-12-29T12:00:00+05:30,2611.2,2611.7,2608.0,2609.0,3920
2025-12-29T12:15:00+05:30,2609.0,2610.0,2603.9,2607.4,10413
2025-12-29T12:30:00+05:30,2607.4,2607.5,2592.4,2596.0,18170
2025-12-29T12:45:00+05:30,2596.6,2597.1,2589.5,2595.8,12244
2025-12-29T13:00:00+05:30,2595.4,2595.4,2586.7,2589.9,13205
2025-12-29T13:15:00+05:30,2589.9,2590.0,2583.0,2589.6,15994
2025-12-29T13:30:00+05:30,2589.8,2590.0,2586.4,2588.3,3121
2025-12-29T13:45:00+05:30,2588.3,2590.0,2587.0,2588.1,3581
2025-12-29T14:00:00+05:30,2589.0,2589.7,2584.4,2585.0,11278
2025-12-29T14:15:00+05:30,2584.6,2585.0,2576.0,2580.0,26899
2025-12-29T14:30:00+05:30,2580.0,2580.0,2573.0,2577.0,10688
2025-12-29T14:45:00+05:30,2577.0,2580.0,2572.0,2580.0,11504
2025-12-29T15:00:00+05:30,2580.0,2582.6,2578.0,2579.5,26106
2025-12-29T15:15:00+05:30,2579.5,2580.0,2575.0,2577.0,33399
2025-12-30T09:15:00+05:30,2578.1,2582.0,2545.6,2548.5,33824
2025-12-30T09:30:00+05:30,2548.4,2559.0,2546.5,2558.2,10019
2025-12-30T09:45:00+05:30,2558.1,2560.1,2544.5,2545.7,13195
2025-12-30T10:00:00+05:30,2547.4,2551.7,2545.0,2549.4,5987
2025-12-30T10:15:00+05:30,2549.5,2558.0,2546.4,2551.5,7764
2025-12-30T10:30:00+05:30,2551.5,2555.0,2548.2,2551.4,5348
2025-12-30T10:45:00+05:30,2551.4,2551.8,2540.3,2542.2,9000
2025-12-30T11:00:00+05:30,2542.2,2545.0,2540.1,2543.0,4938
2025-12-30T11:15:00+05:30,2543.0,2554.6,2541.0,2552.4,6500
2025-12-30T11:30:00+05:30,2553.0,2555.6,2550.0,2554.1,6373
2025-12-30T11:45:00+05:30,2553.6,2557.0,2551.1,2553.2,5108
2025-12-30T12:00:00+05:30,2553.6,2553.6,2550.0,2551.2,3112
2025-12-30T12:15:00+05:30,2551.2,2553.5,2549.9,2553.5,5322
2025-12-30T12:30:00+05:30,2553.5,2556.2,2550.5,2556.0,5133
2025-12-30T12:45:00+05:30,2555.6,2563.2,2553.0,2553.8,11641
2025-12-30T13:00:00+05:30,2553.4,2576.0,2553.0,2574.0,20461
2025-12-30T13:15:00+05:30,2574.4,2577.7,2574.0,2576.9,6433
2025-12-30T13:30:00+05:30,2576.9,2577.0,2568.9,2576.7,10414
2025-12-30T13:45:00+05:30,2576.7,2576.9,2565.0,2571.8,18822
2025-12-30T14:00:00+05:30,2572.2,2574.4,2569.0,2573.9,14275
2025-12-30T14:15:00+05:30,2573.1,2579.1,2573.1,2576.1,5977
2025-12-30T14:30:00+05:30,2576.1,2577.4,2574.6,2575.0,2905
2025-12-30T14:45:00+05:30,2575.0,2576.5,2572.0,2575.0,27735
2025-12-30T15:00:00+05:30,2575.2,2581.0,2574.9,2576.4,11161
2025-12-30T15:15:00+05:30,2576.5,2582.5,2568.7,2577.5,47653
2025-12-31T09:15:00+05:30,2574.0,2594.0,2570.0,2590.2,17004
2025-12-31T09:30:00+05:30,2591.9,2593.4,2562.2,2564.2,17922
2025-12-31T09:45:00+05:30,2565.6,2567.5,2561.0,2564.5,7789
2025-12-31T10:00:00+05:30,2565.6,2570.0,2563.3,2565.2,3521
2025-12-31T10:15:00+05:30,2567.8,2578.9,2567.7,2574.8,5428
2025-12-31T10:30:00+05:30,2574.1,2579.5,2571.2,2574.2,6183
2025-12-31T10:45:00+05:30,2574.5,2579.9,2572.8,2574.2,3680
2025-12-31T11:00:00+05:30,2574.2,2577.7,2566.3,2568.6,5554
2025-12-31T11:15:00+05:30,2568.4,2571.0,2562.9,2568.1,5875
2025-12-31T11:30:00+05:30,2568.1,2579.4,2567.0,2573.9,7082
2025-12-31T11:45:00+05:30,2573.9,2575.8,2571.8,2573.6,4687
2025-12-31T12:00:00+05:30,2573.6,2576.0,2568.7,2571.9,7725
2025-12-31T12:15:00+05:30,2571.9,2578.0,2570.5,2576.4,6591
2025-12-31T12:30:00+05:30,2576.4,2578.0,2573.9,2575.0,4200
2025-12-31T12:45:00+05:30,2575.0,2578.8,2572.0,2575.0,6641
2025-12-31T13:00:00+05:30,2575.2,2578.0,2571.1,2573.9,3560
2025-12-31T13:15:00+05:30,2573.8,2574.0,2566.0,2567.7,5084
2025-12-31T13:30:00+05:30,2567.2,2568.5,2563.0,2566.9,8804
2025-12-31T13:45:00+05:30,2566.8,2569.0,2563.5,2564.0,4993
2025-12-31T14:00:00+05:30,2564.0,2567.2,2563.4,2564.6,3341
2025-12-31T14:15:00+05:30,2564.6,2565.6,2562.0,2564.0,6155
2025-12-31T14:30:00+05:30,2563.7,2566.9,2563.1,2564.7,5708
2025-12-31T14:45:00+05:30,2564.7,2575.7,2562.1,2567.5,16700
2025-12-31T15:00:00+05:30,2567.5,2572.1,2557.8,2562.5,18393
2025-12-31T15:15:00+05:30,2562.8,2562.8,2556.1,2560.0,31942
2026-01-01T09:15:00+05:30,2561.1,2566.7,2550.1,2552.8,13893
2026-01-01T09:30:00+05:30,2553.0,2553.3,2535.7,2538.1,20172
2026-01-01T09:45:00+05:30,2538.0,2549.8,2536.2,2538.9,28350
2026-01-01T10:00:00+05:30,2538.5,2541.5,2530.6,2531.9,11452
2026-01-01T10:15:00+05:30,2532.0,2533.6,2526.1,2532.1,12515
2026-01-01T10:30:00+05:30,2530.5,2534.7,2530.1,2533.6,3703
2026-01-01T10:45:00+05:30,2533.6,2540.0,2533.0,2534.1,6186
2026-01-01T11:00:00+05:30,2534.1,2535.9,2531.0,2533.7,2889
2026-01-01T11:15:00+05:30,2532.0,2537.3,2531.6,2535.5,2697
2026-01-01T11:30:00+05:30,2535.5,2537.9,2533.0,2533.0,1674
2026-01-01T11:45:00+05:30,2533.6,2537.9,2531.0,2533.0,3538
2026-01-01T12:00:00+05:30,2533.0,2535.0,2526.8,2531.6,7169
2026-01-01T12:15:00+05:30,2531.2,2532.0,2527.5,2531.9,4118
2026-01-01T12:30:00+05:30,2531.0,2533.0,2527.3,2530.0,6399
2026-01-01T12:45:00+05:30,2529.4,2533.0,2528.1,2531.7,2081
2026-01-01T13:00:00+05:30,2532.9,2533.5,2529.5,2529.5,3602
2026-01-01T13:15:00+05:30,2530.7,2533.5,2528.3,2533.4,2738
2026-01-01T13:30:00+05:30,2531.6,2533.5,2529.5,2531.0,1502
2026-01-01T13:45:00+05:30,2531.0,2531.5,2529.0,2531.0,2160
2026-01-01T14:00:00+05:30,2531.2,2535.0,2530.0,2535.0,3199
2026-01-01T14:15:00+05:30,2533.8,2544.4,2532.3,2543.0,9761
2026-01-01T14:30:00+05:30,2543.0,2543.9,2539.9,2542.2,5349
2026-01-01T14:45:00+05:30,2542.9,2544.3,2539.2,2544.0,9701
2026-01-01T15:00:00+05:30,2542.3,2544.9,2538.9,2540.5,8953
2026-01-01T15:15:00+05:30,2540.5,2540.8,2532.7,2536.0,28764
2026-01-02T09:15:00+05:30,2541.0,2556.0,2536.3,2542.6,17884
2026-01-02T09:30:00+05:30,2542.6,2546.3,2537.1,2544.0,8826
2026-01-02T09:45:00+05:30,2544.0,2550.0,2541.0,2546.9,5991
2026-01-02T10:00:00+05:30,2546.7,2549.0,2544.1,2547.0,2372
2026-01-02T10:15:00+05:30,2546.0,2551.7,2545.0,2548.1,6376
2026-01-02T10:30:00+05:30,2550.1,2553.8,2548.0,2551.0,2020
2026-01-02T10:45:00+05:30,2550.5,2552.6,2549.8,2552.3,2418
2026-01-02T11:00:00+05:30,2552.3,2553.4,2547.4,2548.4,4205
2026-01-02T11:15:00+05:30,2548.5,2557.5,2548.0,2554.0,6944
2026-01-02T11:30:00+05:30,2553.2,2554.8,2541.2,2544.1,6338
2026-01-02T11:45:00+05:30,2544.0,2544.8,2540.1,2543.0,1957
2026-01-02T12:00:00+05:30,2543.8,2546.0,2537.1,2539.0,6032
2026-01-02T12:15:00+05:30,2539.0,2539.2,2532.0,2535.0,6842
2026-01-02T12:30:00+05:30,2535.0,2539.1,2533.6,2533.6,3976
2026-01-02T12:45:00+05:30,2534.6,2538.0,2533.6,2535.0,2816
2026-01-02T13:00:00+05:30,2535.0,2535.7,2529.0,2530.0,7889
2026-01-02T13:15:00+05:30,2530.0,2533.5,2527.5,2528.7,5608
2026-01-02T13:30:00+05:30,2529.0,2529.9,2522.0,2523.9,9353
2026-01-02T13:45:00+05:30,2523.9,2532.3,2521.9,2527.5,7089
2026-01-02T14:00:00+05:30,2527.9,2537.8,2527.4,2534.1,6256
2026-01-02T14:15:00+05:30,2534.0,2536.0,2530.9,2531.8,3846
2026-01-02T14:30:00+05:30,2531.8,2532.0,2528.0,2529.0,3680
2026-01-02T14:45:00+05:30,2529.0,2537.0,2529.0,2536.0,5078
2026-01-02T15:00:00+05:30,2537.0,2551.0,2536.0,2544.4,22326
2026-01-02T15:15:00+05:30,2545.0,2549.0,2544.0,2547.0,21729
2026-01-05T09:15:00+05:30,2547.0,2570.0,2547.0,2557.4,41532
2026-01-05T09:30:00+05:30,2556.8,2566.0,2555.0,2564.9,7735
2026-01-05T09:45:00+05:30,2564.9,2572.7,2562.2,2565.0,8733
2026-01-05T10:00:00+05:30,2564.0,2566.8,2554.0,2557.6,7140
2026-01-05T10:15:00+05:30,2557.6,2579.9,2556.7,2569.1,73030
2026-01-05T10:30:00+05:30,2570.5,2586.9,2565.2,2565.4,14241
2026-01-05T10:45:00+05:30,2567.1,2567.1,2549.1,2550.0,20467
2026-01-05T11:00:00+05:30,2550.0,2562.0,2545.6,2560.5,23507
2026-01-05T11:15:00+05:30,2561.7,2570.0,2559.2,2564.6,6418
2026-01-05T11:30:00+05:30,2564.8,2565.0,2558.4,2561.9,5362
2026-01-05T11:45:00+05:30,2562.7,2564.0,2556.4,2562.3,5604
2026-01-05T12:00:00+05:30,2562.1,2569.2,2561.0,2566.1,3402
2026-01-05T12:15:00+05:30,2565.3,2574.4,2563.2,2570.8,5107
2026-01-05T12:30:00+05:30,2570.2,2575.0,2570.0,2572.0,3008
2026-01-05T12:45:00+05:30,2572.0,2578.8,2572.0,2577.0,4188
2026-01-05T13:00:00+05:30,2577.0,2577.0,2570.6,2572.1,2825
2026-01-05T13:15:00+05:30,2572.1,2578.0,2566.2,2571.8,79407
2026-01-05T13:30:00+05:30,2571.0,2571.0,2566.2,2570.0,3168
2026-01-05T13:45:00+05:30,2569.5,2569.7,2561.5,2564.5,2291
2026-01-05T14:00:00+05:30,2564.6,2565.0,2560.6,2563.5,6634
2026-01-05T14:15:00+05:30,2563.0,2564.9,2561.0,2563.5,2751
2026-01-05T14:30:00+05:30,2562.7,2567.5,2562.7,2565.4,3611
2026-01-05T14:45:00+05:30,2565.2,2570.0,2564.9,2569.4,7348
2026-01-05T15:00:00+05:30,2568.0,2574.0,2560.6,2566.8,18096
2026-01-05T15:15:00+05:30,2566.6,2571.9,2557.0,2561.0,25530
2026-01-06T09:15:00+05:30,2573.8,2598.0,2567.5,2592.0,21150
2026-01-06T09:30:00+05:30,2590.8,2611.0,2590.8,2605.0,24615
2026-01-06T09:45:00+05:30,2603.7,2610.1,2599.2,2604.7,14062
2026-01-06T10:00:00+05:30,2603.1,2618.0,2602.4,2605.0,28129
2026-01-06T10:15:00+05:30,2607.2,2615.0,2600.7,2611.6,21667
2026-01-06T10:30:00+05:30,2612.1,2624.6,2610.0,2612.5,36175
2026-01-06T10:45:00+05:30,2612.2,2613.7,2610.0,2611.9,8443
2026-01-06T11:00:00+05:30,2611.0,2613.0,2605.9,2610.1,9990
2026-01-06T11:15:00+05:30,2610.1,2620.5,2608.4,2620.0,12454
2026-01-06T11:30:00+05:30,2620.0,2624.0,2616.3,2621.4,12959
2026-01-06T11:45:00+05:30,2621.4,2621.5,2612.9,2614.0,9657
2026-01-06T12:00:00+05:30,2613.6,2616.8,2610.7,2612.1,9288
2026-01-06T12:15:00+05:30,2612.1,2616.0,2610.1,2613.8,6224
2026-01-06T12:30:00+05:30,2615.4,2615.7,2609.2,2612.8,5367
2026-01-06T12:45:00+05:30,2611.8,2616.1,2610.0,2614.8,6482
2026-01-06T13:00:00+05:30,2614.8,2617.1,2612.7,2614.8,6404
2026-01-06T13:15:00+05:30,2613.6,2616.3,2612.4,2612.7,5054
2026-01-06T13:30:00+05:30,2612.7,2614.0,2608.9,2611.7,10230
2026-01-06T13:45:00+05:30,2611.7,2616.0,2611.1,2612.7,6898
2026-01-06T14:00:00+05:30,2612.7,2614.0,2607.3,2610.0,11076
2026-01-06T14:15:00+05:30,2610.0,2611.9,2597.8,2601.3,15430
2026-01-06T14:30:00+05:30,2601.4,2610.0,2600.0,2609.7,15475
2026-01-06T14:45:00+05:30,2609.7,2619.9,2609.7,2616.0,21144
2026-01-06T15:00:00+05:30,2617.7,2628.0,2616.1,2624.1,52464
2026-01-06T15:15:00+05:30,2624.1,2627.0,2615.6,2623.0,52154
2026-01-07T09:15:00+05:30,2619.1,2621.0,2585.1,2586.9,18336
2026-01-07T09:30:00+05:30,2586.9,2586.9,2575.0,2576.0,9116
2026-01-07T09:45:00+05:30,2576.0,2592.0,2574.0,2586.0,9452
2026-01-07T10:00:00+05:30,2586.4,2589.7,2580.9,2583.6,4889
2026-01-07T10:15:00+05:30,2583.6,2603.3,2583.0,2597.8,7253
2026-01-07T10:30:00+05:30,2597.3,2598.0,2587.4,2589.0,2905
2026-01-07T10:45:00+05:30,2589.0,2597.0,2585.9,2593.0,4679
2026-01-07T11:00:00+05:30,2594.0,2599.9,2591.9,2595.8,8187
2026-01-07T11:15:00+05:30,2595.7,2595.7,2588.5,2591.6,4178
2026-01-07T11:30:00+05:30,2591.7,2594.0,2588.0,2589.9,5322
2026-01-07T11:45:00+05:30,2589.9,2590.3,2587.3,2590.0,1613
2026-01-07T12:00:00+05:30,2590.0,2591.8,2587.0,2590.0,2676
2026-01-07T12:15:00+05:30,2590.0,2592.2,2587.0,2589.7,2186
2026-01-07T12:30:00+05:30,2589.7,2592.3,2587.8,2590.0,1642
2026-01-07T12:45:00+05:30,2590.0,2591.6,2587.3,2590.0,2975
2026-01-07T13:00:00+05:30,2590.0,2595.5,2586.7,2590.3,4247
2026-01-07T13:15:00+05:30,2592.3,2593.4,2589.1,2590.2,4501
2026-01-07T13:30:00+05:30,2590.2,2593.0,2588.3,2589.6,3747
2026-01-07T13:45:00+05:30,2590.0,2595.8,2589.7,2595.6,4142
2026-01-07T14:00:00+05:30,2595.6,2597.3,2593.0,2593.8,3576
2026-01-07T14:15:00+05:30,2593.8,2596.5,2592.5,2595.5,4145
2026-01-07T14:30:00+05:30,2595.5,2596.9,2593.1,2594.8,5545
2026-01-07T14:45:00+05:30,2594.8,2601.0,2594.0,2596.8,7953
2026-01-07T15:00:00+05:30,2596.8,2612.0,2595.6,2606.3,20023
2026-01-07T15:15:00+05:30,2605.4,2608.4,2597.2,2601.0,18681
2026-01-08T09:15:00+05:30,2598.1,2635.0,2596.6,2627.6,24267
2026-01-08T09:30:00+05:30,2628.7,2640.0,2600.5,2636.1,23143
2026-01-08T09:45:00+05:30,2635.3,2641.2,2627.6,2634.0,22237
2026-01-08T10:00:00+05:30,2633.9,2633.9,2617.6,2619.3,10335
2026-01-08T10:15:00+05:30,2619.2,2622.9,2610.2,2621.6,7400
2026-01-08T10:30:00+05:30,2621.6,2623.2,2617.0,2619.0,5389
2026-01-08T10:45:00+05:30,2619.0,2629.3,2615.0,2615.4,12347
2026-01-08T11:00:00+05:30,2614.8,2617.7,2599.2,2600.1,9816
2026-01-08T11:15:00+05:30,2600.5,2602.3,2586.0,2591.4,15051
2026-01-08T11:30:00+05:30,2591.3,2592.0,2586.0,2589.0,6315
2026-01-08T11:45:00+05:30,2588.9,2592.6,2577.9,2578.4,6854
2026-01-08T12:00:00+05:30,2578.3,2580.0,2565.1,2568.9,13519
2026-01-08T12:15:00+05:30,2568.8,2577.0,2564.4,2574.5,9478
2026-01-08T12:30:00+05:30,2574.4,2575.4,2567.0,2573.5,4947
2026-01-08T12:45:00+05:30,2571.4,2573.0,2557.6,2561.0,10450
2026-01-08T13:00:00+05:30,2561.0,2571.0,2558.7,2568.7,5540
2026-01-08T13:15:00+05:30,2568.6,2568.6,2561.1,2561.1,5122
2026-01-08T13:30:00+05:30,2562.1,2566.4,2561.1,2566.3,5743
2026-01-08T13:45:00+05:30,2566.2,2577.0,2565.1,2573.0,6838
2026-01-08T14:00:00+05:30,2572.9,2575.0,2564.9,2570.4,13848
2026-01-08T14:15:00+05:30,2570.0,2570.4,2550.9,2552.0,10418
2026-01-08T14:30:00+05:30,2552.0,2565.0,2551.0,2565.0,8580
2026-01-08T14:45:00+05:30,2565.0,2565.0,2555.7,2557.8,12704
2026-01-08T15:00:00+05:30,2557.7,2559.7,2531.0,2534.6,32765
2026-01-08T15:15:00+05:30,2533.4,2535.0,2513.8,2527.9,135606
2026-01-09T09:15:00+05:30,2519.8,2532.6,2455.7,2463.6,60083
2026-01-09T09:30:00+05:30,2462.2,2471.5,2447.9,2467.5,39247
2026-01-09T09:45:00+05:30,2467.9,2500.0,2465.2,2493.4,28082
2026-01-09T10:00:00+05:30,2492.2,2504.0,2477.2,2477.2,19872
2026-01-09T10:15:00+05:30,2478.0,2485.0,2473.1,2482.6,14035
2026-01-09T10:30:00+05:30,2482.0,2485.1,2468.1,2472.3,41898
2026-01-09T10:45:00+05:30,2472.6,2478.7,2469.5,2470.7,10934
2026-01-09T11:00:00+05:30,2471.4,2481.2,2469.8,2470.4,21955
2026-01-09T11:15:00+05:30,2471.5,2472.1,2447.6,2450.9,23870
2026-01-09T11:30:00+05:30,2450.8,2453.6,2442.7,2446.6,18304
2026-01-09T11:45:00+05:30,2446.6,2449.8,2440.5,2442.0,15746
2026-01-09T12:00:00+05:30,2442.6,2445.8,2436.5,2439.4,10518
2026-01-09T12:15:00+05:30,2439.8,2442.2,2420.5,2423.2,26883
2026-01-09T12:30:00+05:30,2423.2,2428.3,2421.0,2428.3,16431
2026-01-09T12:45:00+05:30,2428.1,2432.0,2422.0,2425.0,18529
2026-01-09T13:00:00+05:30,2425.0,2425.9,2404.5,2404.5,38960
2026-01-09T13:15:00+05:30,2404.5,2413.0,2403.0,2409.5,19631
2026-01-09T13:30:00+05:30,2410.4,2423.6,2408.0,2415.0,39777
2026-01-09T13:45:00+05:30,2415.7,2416.0,2408.8,2415.0,35644
2026-01-09T14:00:00+05:30,2415.0,2415.1,2386.2,2389.7,41845
2026-01-09T14:15:00+05:30,2389.7,2425.2,2385.2,2420.9,82741
2026-01-09T14:30:00+05:30,2420.4,2425.4,2410.2,2415.6,40412
2026-01-09T14:45:00+05:30,2415.6,2422.5,2412.5,2418.6,21167
2026-01-09T15:00:00+05:30,2419.2,2420.5,2396.3,2398.3,39460
2026-01-09T15:15:00+05:30,2398.3,2415.7,2395.3,2413.0,133437
2026-01-12T09:15:00+05:30,2404.0,2407.8,2340.6,2345.0,108209
2026-01-12T09:30:00+05:30,2345.0,2367.6,2342.1,2343.9,88840
2026-01-12T09:45:00+05:30,2343.0,2357.0,2331.0,2344.7,104966
2026-01-12T10:00:00+05:30,2346.0,2349.9,2328.5,2337.6,43630
2026-01-12T10:15:00+05:30,2337.6,2353.2,2332.1,2341.0,24204
2026-01-12T10:30:00+05:30,2341.0,2343.9,2331.7,2339.5,30795
2026-01-12T10:45:00+05:30,2338.6,2348.8,2332.4,2335.7,21945
2026-01-12T11:00:00+05:30,2335.0,2340.8,2329.2,2338.7,26029
2026-01-12T11:15:00+05:30,2337.8,2344.0,2337.1,2339.1,14386
2026-01-12T11:30:00+05:30,2339.1,2339.8,2336.6,2337.7,22507
2026-01-12T11:45:00+05:30,2337.8,2337.8,2321.2,2324.0,27589
2026-01-12T12:00:00+05:30,2324.0,2339.6,2322.1,2336.1,20207
2026-01-12T12:15:00+05:30,2337.0,2349.0,2333.8,2343.3,23184
2026-01-12T12:30:00+05:30,2343.9,2349.5,2341.4,2343.9,23110
2026-01-12T12:45:00+05:30,2344.1,2347.7,2330.0,2330.0,19146
2026-01-12T13:00:00+05:30,2331.0,2335.9,2327.0,2333.7,17935
2026-01-12T13:15:00+05:30,2334.6,2336.5,2325.1,2325.7,15959
2026-01-12T13:30:00+05:30,2326.8,2351.0,2326.8,2342.0,38534
2026-01-12T13:45:00+05:30,2342.0,2360.0,2342.0,2350.4,27518
2026-01-12T14:00:00+05:30,2350.4,2352.0,2345.7,2349.7,11365
2026-01-12T14:15:00+05:30,2349.7,2361.3,2348.6,2355.7,19078
2026-01-12T14:30:00+05:30,2355.8,2378.9,2342.3,2377.9,30288
2026-01-12T14:45:00+05:30,2377.9,2381.0,2366.5,2372.7,34318
2026-01-12T15:00:00+05:30,2373.0,2382.0,2363.8,2367.6,26798
2026-01-12T15:15:00+05:30,2366.2,2398.0,2366.2,2380.1,35687
2026-01-13T09:15:00+05:30,2383.0,2417.9,2382.1,2383.7,26619
2026-01-13T09:30:00+05:30,2383.6,2386.7,2373.3,2379.7,9465
2026-01-13T09:45:00+05:30,2380.6,2419.0,2380.6,2411.0,24780
2026-01-13T10:00:00+05:30,2412.7,2419.0,2406.0,2410.2,11156
2026-01-13T10:15:00+05:30,2410.2,2423.8,2405.3,2408.8,108965
2026-01-13T10:30:00+05:30,2410.0,2413.9,2401.2,2403.2,8619
2026-01-13T10:45:00+05:30,2403.2,2407.8,2398.8,2404.0,4950
2026-01-13T11:00:00+05:30,2404.0,2406.0,2400.0,2401.8,3914
2026-01-13T11:15:00+05:30,2401.8,2407.0,2401.4,2404.0,4055
2026-01-13T11:30:00+05:30,2404.0,2407.8,2397.4,2400.2,7409
2026-01-13T11:45:00+05:30,2400.0,2400.2,2388.0,2390.1,25936
2026-01-13T12:00:00+05:30,2390.0,2392.0,2382.0,2382.6,7943
2026-01-13T12:15:00+05:30,2381.0,2388.4,2378.0,2381.9,8253
2026-01-13T12:30:00+05:30,2383.0,2387.6,2380.5,2385.0,7501
2026-01-13T12:45:00+05:30,2385.0,2387.5,2379.4,2381.0,7293
2026-01-13T13:00:00+05:30,2379.9,2379.9,2368.2,2372.1,11581
2026-01-13T13:15:00+05:30,2372.0,2381.3,2369.8,2372.0,38009
2026-01-13T13:30:00+05:30,2372.0,2376.6,2372.0,2374.2,4239
2026-01-13T13:45:00+05:30,2373.8,2378.1,2372.0,2376.0,5616
2026-01-13T14:00:00+05:30,2375.7,2377.4,2374.2,2375.2,3964
2026-01-13T14:15:00+05:30,2375.1,2383.7,2374.9,2380.5,8047
2026-01-13T14:30:00+05:30,2380.5,2394.5,2380.5,2391.2,7699
2026-01-13T14:45:00+05:30,2391.3,2392.5,2385.0,2389.9,7074
2026-01-13T15:00:00+05:30,2390.0,2411.0,2390.0,2405.1,52237
2026-01-13T15:15:00+05:30,2405.1,2408.0,2400.5,2405.0,20297
2026-01-14T09:15:00+05:30,2404.0,2424.5,2392.1,2409.5,19566
2026-01-14T09:30:00+05:30,2409.5,2411.0,2403.0,2407.1,8615
2026-01-14T09:45:00+05:30,2407.2,2422.0,2406.0,2414.0,8032
2026-01-14T10:00:00+05:30,2414.4,2417.0,2390.0,2393.0,28027
2026-01-14T10:15:00+05:30,2392.0,2404.0,2386.7,2398.8,12135
2026-01-14T10:30:00+05:30,2399.9,2400.4,2395.9,2399.2,57525
2026-01-14T10:45:00+05:30,2400.3,2403.0,2387.4,2388.5,197994
2026-01-14T11:00:00+05:30,2388.0,2391.5,2377.4,2387.1,14288
2026-01-14T11:15:00+05:30,2386.2,2386.2,2373.0,2381.4,9419
2026-01-14T11:30:00+05:30,2381.3,2385.2,2377.8,2381.9,6783
2026-01-14T11:45:00+05:30,2380.9,2383.6,2378.5,2380.0,5347
2026-01-14T12:00:00+05:30,2379.6,2383.4,2375.0,2377.5,7294
2026-01-14T12:15:00+05:30,2376.6,2380.6,2367.0,2368.0,11379
2026-01-14T12:30:00+05:30,2368.1,2370.5,2365.9,2367.2,11222
2026-01-14T12:45:00+05:30,2366.7,2370.0,2360.4,2362.5,8749
2026-01-14T13:00:00+05:30,2363.5,2363.5,2357.0,2359.0,6465
2026-01-14T13:15:00+05:30,2359.0,2360.8,2342.5,2344.5,17495
2026-01-14T13:30:00+05:30,2344.5,2352.5,2344.0,2347.2,14254
2026-01-14T13:45:00+05:30,2347.2,2348.6,2339.0,2344.0,17248
2026-01-14T14:00:00+05:30,2344.0,2367.2,2343.1,2361.9,37294
2026-01-14T14:15:00+05:30,2361.8,2363.0,2355.6,2360.0,12625
2026-01-14T14:30:00+05:30,2360.0,2365.9,2358.9,2364.3,13322
2026-01-14T14:45:00+05:30,2364.8,2367.4,2361.4,2362.7,13242
2026-01-14T15:00:00+05:30,2362.1,2364.0,2347.4,2357.5,62932
2026-01-14T15:15:00+05:30,2358.0,2375.0,2353.3,2367.0,127356
2026-01-16T09:15:00+05:30,2369.0,2377.2,2351.4,2369.1,20548
2026-01-16T09:30:00+05:30,2369.1,2370.0,2358.0,2367.5,9676
2026-01-16T09:45:00+05:30,2368.1,2383.1,2368.1,2372.0,12271
2026-01-16T10:00:00+05:30,2373.3,2373.3,2348.7,2367.9,20526
2026-01-16T10:15:00+05:30,2366.7,2373.7,2365.0,2372.7,7541
2026-01-16T10:30:00+05:30,2372.8,2386.1,2371.7,2381.0,10002
2026-01-16T10:45:00+05:30,2381.0,2384.0,2360.0,2361.7,134858
2026-01-16T11:00:00+05:30,2360.6,2366.1,2351.1,2354.3,14374
2026-01-16T11:15:00+05:30,2353.6,2357.6,2341.0,2354.5,21965
2026-01-16T11:30:00+05:30,2354.4,2355.7,2349.0,2352.9,5647
2026-01-16T11:45:00+05:30,2352.8,2352.9,2341.5,2345.0,10846
2026-01-16T12:00:00+05:30,2344.4,2349.0,2341.5,2348.3,4699
2026-01-16T12:15:00+05:30,2347.4,2349.3,2339.0,2342.4,8946
2026-01-16T12:30:00+05:30,2341.2,2344.3,2341.0,2341.0,5945
2026-01-16T12:45:00+05:30,2341.8,2343.0,2331.2,2333.7,11020
2026-01-16T13:00:00+05:30,2333.7,2334.1,2326.0,2327.9,9752
2026-01-16T13:15:00+05:30,2327.8,2338.9,2326.0,2327.0,18677
2026-01-16T13:30:00+05:30,2327.0,2333.8,2323.0,2331.9,19717
2026-01-16T13:45:00+05:30,2331.9,2335.2,2323.0,2324.0,23260
2026-01-16T14:00:00+05:30,2324.3,2328.2,2318.5,2321.8,24189
2026-01-16T14:15:00+05:30,2321.8,2324.9,2317.1,2320.0,16783
2026-01-16T14:30:00+05:30,2320.0,2326.8,2315.9,2323.1,18529
2026-01-16T14:45:00+05:30,2322.9,2331.0,2321.0,2330.0,24747
2026-01-16T15:00:00+05:30,2329.3,2333.3,2323.4,2325.8,30937
2026-01-16T15:15:00+05:30,2326.2,2329.0,2321.9,2327.5,34047
2026-01-19T09:15:00+05:30,2328.0,2373.4,2325.0,2344.5,53210
2026-01-19T09:30:00+05:30,2343.3,2351.8,2336.7,2348.8,16078
2026-01-19T09:45:00+05:30,2350.5,2352.6,2333.8,2343.2,14628
2026-01-19T10:00:00+05:30,2344.0,2355.0,2340.0,2352.2,7065
2026-01-19T10:15:00+05:30,2352.3,2355.3,2350.0,2355.0,5014
2026-01-19T10:30:00+05:30,2354.8,2356.8,2332.3,2336.0,9018
2026-01-19T10:45:00+05:30,2335.0,2335.1,2329.5,2334.1,7721
2026-01-19T11:00:00+05:30,2334.1,2335.9,2327.1,2327.7,8238
2026-01-19T11:15:00+05:30,2327.7,2332.7,2325.3,2328.5,8384
2026-01-19T11:30:00+05:30,2328.8,2330.1,2325.0,2327.9,5749
2026-01-19T11:45:00+05:30,2327.5,2329.6,2325.1,2325.2,4442
2026-01-19T12:00:00+05:30,2325.2,2327.0,2313.4,2317.9,13794
2026-01-19T12:15:00+05:30,2317.4,2319.5,2315.1,2315.1,4600
2026-01-19T12:30:00+05:30,2315.6,2319.5,2313.8,2315.0,10647
2026-01-19T12:45:00+05:30,2316.2,2318.9,2312.5,2318.0,7078
2026-01-19T13:00:00+05:30,2317.0,2319.0,2313.4,2318.9,5783
2026-01-19T13:15:00+05:30,2318.1,2326.3,2317.0,2323.2,6830
2026-01-19T13:30:00+05:30,2323.2,2326.2,2318.1,2318.9,11857
2026-01-19T13:45:00+05:30,2318.8,2318.8,2312.5,2315.0,15977
2026-01-19T14:00:00+05:30,2314.3,2315.0,2297.6,2300.0,42799
2026-01-19T14:15:00+05:30,2299.9,2312.0,2299.5,2312.0,16347
2026-01-19T14:30:00+05:30,2312.5,2318.6,2310.2,2318.6,7613
2026-01-19T14:45:00+05:30,2318.3,2325.0,2317.3,2323.6,16654
2026-01-19T15:00:00+05:30,2323.7,2325.8,2312.7,2313.7,21589
2026-01-19T15:15:00+05:30,2313.6,2322.0,2312.1,2321.3,25223
2026-01-20T09:15:00+05:30,2319.0,2338.5,2311.4,2330.0,36385
2026-01-20T09:30:00+05:30,2330.0,2342.0,2313.3,2336.0,31767
2026-01-20T09:45:00+05:30,2336.0,2339.6,2310.2,2318.2,17564
2026-01-20T10:00:00+05:30,2318.9,2328.6,2315.3,2323.9,8183
2026-01-20T10:15:00+05:30,2323.9,2327.0,2308.0,2317.1,9816
2026-01-20T10:30:00+05:30,2317.1,2323.6,2310.8,2320.5,7445
2026-01-20T10:45:00+05:30,2321.2,2321.4,2292.6,2295.2,17746
2026-01-20T11:00:00+05:30,2295.2,2297.4,2290.0,2291.1,8121
2026-01-20T11:15:00+05:30,2291.2,2299.5,2288.0,2295.9,7377
2026-01-20T11:30:00+05:30,2296.3,2298.4,2288.3,2290.5,6631
2026-01-20T11:45:00+05:30,2290.6,2294.7,2285.1,2285.2,9240
2026-01-20T12:00:00+05:30,2285.1,2285.8,2272.0,2275.1,31593
2026-01-20T12:15:00+05:30,2275.1,2280.4,2271.0,2275.5,8970
2026-01-20T12:30:00+05:30,2276.5,2282.5,2272.0,2275.2,7374
2026-01-20T12:45:00+05:30,2275.0,2285.0,2274.2,2276.4,9836
2026-01-20T13:00:00+05:30,2276.4,2280.0,2266.0,2271.2,8185
2026-01-20T13:15:00+05:30,2271.2,2272.8,2255.0,2255.0,10858
2026-01-20T13:30:00+05:30,2256.0,2257.7,2241.6,2241.6,16777
2026-01-20T13:45:00+05:30,2242.0,2245.0,2241.3,2243.2,6379
2026-01-20T14:00:00+05:30,2243.2,2247.6,2229.8,2232.5,35307
2026-01-20T14:15:00+05:30,2232.5,2260.0,2232.5,2255.7,25116
2026-01-20T14:30:00+05:30,2255.0,2260.0,2252.4,2257.0,8553
2026-01-20T14:45:00+05:30,2256.7,2279.7,2250.2,2277.4,24852
2026-01-20T15:00:00+05:30,2277.3,2277.3,2264.2,2270.0,29243
2026-01-20T15:15:00+05:30,2270.8,2275.0,2265.9,2272.3,39216
2026-01-21T09:15:00+05:30,2259.0,2280.4,2246.7,2265.5,31836
2026-01-21T09:30:00+05:30,2263.6,2281.7,2254.6,2258.5,34416
2026-01-21T09:45:00+05:30,2260.5,2280.5,2260.0,2272.2,45922
2026-01-21T10:00:00+05:30,2272.2,2279.5,2259.7,2262.5,43896
2026-01-21T10:15:00+05:30,2262.8,2268.0,2254.8,2257.5,10396
2026-01-21T10:30:00+05:30,2257.7,2257.7,2233.4,2235.1,8040
2026-01-21T10:45:00+05:30,2235.0,2241.5,2220.6,2223.9,10201
2026-01-21T11:00:00+05:30,2224.4,2233.6,2222.4,2229.5,17435
2026-01-21T11:15:00+05:30,2229.0,2237.4,2225.0,2225.1,11135
2026-01-21T11:30:00+05:30,2225.2,2233.6,2221.0,2222.3,15293
2026-01-21T11:45:00+05:30,2222.7,2227.0,2216.7,2222.6,14951
2026-01-21T12:00:00+05:30,2222.9,2243.9,2222.6,2241.4,12136
2026-01-21T12:15:00+05:30,2241.8,2244.6,2231.9,2234.9,8075
2026-01-21T12:30:00+05:30,2234.9,2243.0,2234.9,2237.4,7180
2026-01-21T12:45:00+05:30,2238.0,2246.0,2234.4,2244.4,11129
2026-01-21T13:00:00+05:30,2244.2,2259.0,2242.0,2255.8,18886
2026-01-21T13:15:00+05:30,2256.9,2265.0,2255.4,2255.4,7566
2026-01-21T13:30:00+05:30,2256.3,2257.1,2250.0,2251.0,6350
2026-01-21T13:45:00+05:30,2251.6,2253.1,2239.0,2240.0,11857
2026-01-21T14:00:00+05:30,2240.2,2247.6,2235.5,2238.0,5432
2026-01-21T14:15:00+05:30,2238.0,2251.2,2238.0,2246.2,12302
2026-01-21T14:30:00+05:30,2246.2,2255.8,2238.6,2255.8,12026
2026-01-21T14:45:00+05:30,2255.8,2257.1,2247.5,2250.2,12477
2026-01-21T15:00:00+05:30,2249.9,2253.5,2246.8,2250.0,36214
2026-01-21T15:15:00+05:30,2250.0,2258.9,2245.5,2245.6,68696
2026-01-22T09:15:00+05:30,2290.0,2290.0,2255.0,2283.1,19703
2026-01-22T09:30:00+05:30,2284.6,2293.0,2272.0,2274.0,12393
2026-01-22T09:45:00+05:30,2274.0,2284.7,2272.0,2278.7,8936
2026-01-22T10:00:00+05:30,2278.9,2284.2,2267.1,2268.0,12478
2026-01-22T10:15:00+05:30,2267.9,2269.2,2252.0,2253.2,22131
2026-01-22T10:30:00+05:30,2253.3,2259.2,2246.0,2247.8,16340
2026-01-22T10:45:00+05:30,2247.4,2247.8,2240.0,2241.6,20638
2026-01-22T11:00:00+05:30,2241.7,2244.7,2226.2,2228.7,13793
2026-01-22T11:15:00+05:30,2228.7,2231.4,2217.3,2218.5,13936
2026-01-22T11:30:00+05:30,2219.2,2222.5,2210.0,2212.7,20168
2026-01-22T11:45:00+05:30,2212.7,2216.5,2208.6,2209.2,19361
2026-01-22T12:00:00+05:30,2209.2,2219.6,2208.0,2214.8,19592
2026-01-22T12:15:00+05:30,2214.2,2217.8,2210.6,2213.0,13883
2026-01-22T12:30:00+05:30,2213.1,2216.5,2205.0,2206.0,19881
2026-01-22T12:45:00+05:30,2207.3,2209.1,2197.2,2199.4,33001
2026-01-22T13:00:00+05:30,2199.9,2212.6,2195.1,2195.1,83658
2026-01-22T13:15:00+05:30,2195.6,2207.2,2195.1,2203.0,24363
2026-01-22T13:30:00+05:30,2203.3,2210.9,2200.2,2203.3,18726
2026-01-22T13:45:00+05:30,2202.9,2204.9,2199.0,2204.9,23769
2026-01-22T14:00:00+05:30,2204.9,2210.8,2199.0,2206.5,77042
2026-01-22T14:15:00+05:30,2207.0,2216.6,2204.1,2213.7,38396
2026-01-22T14:30:00+05:30,2213.7,2221.0,2196.9,2200.0,42917
2026-01-22T14:45:00+05:30,2200.0,2202.9,2198.0,2199.0,25143
2026-01-22T15:00:00+05:30,2199.0,2202.6,2192.0,2196.6,34407
2026-01-22T15:15:00+05:30,2196.6,2215.0,2193.9,2212.0,70597
2026-01-23T09:15:00+05:30,2211.0,2216.4,2183.4,2195.3,35280
2026-01-23T09:30:00+05:30,2194.9,2195.4,2171.2,2176.1,48700
2026-01-23T09:45:00+05:30,2176.1,2176.1,2159.0,2161.1,36097
2026-01-23T10:00:00+05:30,2161.1,2192.0,2159.6,2178.7,61337
2026-01-23T10:15:00+05:30,2178.8,2187.7,2177.1,2183.3,16276
2026-01-23T10:30:00+05:30,2183.3,2191.0,2181.4,2185.6,14994
2026-01-23T10:45:00+05:30,2185.1,2188.1,2167.6,2167.6,86434
2026-01-23T11:00:00+05:30,2167.5,2176.9,2166.0,2170.2,14845
2026-01-23T11:15:00+05:30,2170.2,2171.4,2166.5,2170.0,21018
2026-01-23T11:30:00+05:30,2170.1,2178.7,2168.4,2172.2,15491
2026-01-23T11:45:00+05:30,2172.2,2178.7,2171.9,2175.6,13878
2026-01-23T12:00:00+05:30,2175.8,2177.7,2170.0,2172.1,14741
2026-01-23T12:15:00+05:30,2170.1,2174.4,2166.4,2170.0,13949
2026-01-23T12:30:00+05:30,2170.0,2172.1,2168.0,2170.0,16742
2026-01-23T12:45:00+05:30,2170.0,2170.9,2164.9,2168.1,14964
2026-01-23T13:00:00+05:30,2168.0,2171.0,2167.3,2170.0,15402
2026-01-23T13:15:00+05:30,2170.1,2170.4,2164.2,2165.0,15839
2026-01-23T13:30:00+05:30,2165.0,2165.5,2145.0,2145.3,32165
2026-01-23T13:45:00+05:30,2146.3,2151.9,2140.8,2143.1,20824
2026-01-23T14:00:00+05:30,2143.1,2146.0,2139.9,2141.5,20398
2026-01-23T14:15:00+05:30,2142.1,2146.9,2131.1,2137.2,26767
2026-01-23T14:30:00+05:30,2137.3,2141.3,2134.2,2135.0,32804
2026-01-23T14:45:00+05:30,2135.3,2147.0,2134.4,2142.0,26546
2026-01-23T15:00:00+05:30,2143.0,2147.5,2124.0,2125.0,80612
2026-01-23T15:15:00+05:30,2125.3,2126.2,2115.0,2124.0,75210
2026-01-27T09:15:00+05:30,2125.3,2164.0,2120.2,2162.2,48518
2026-01-27T09:30:00+05:30,2162.1,2172.8,2151.7,2159.0,20191
2026-01-27T09:45:00+05:30,2158.5,2178.2,2158.5,2175.0,12754
2026-01-27T10:00:00+05:30,2175.1,2178.2,2170.0,2173.2,6700
2026-01-27T10:15:00+05:30,2173.3,2175.0,2164.4,2170.0,7452
2026-01-27T10:30:00+05:30,2169.2,2175.0,2152.2,2154.9,7503
2026-01-27T10:45:00+05:30,2157.2,2158.6,2152.2,2156.4,7306
2026-01-27T11:00:00+05:30,2155.0,2170.0,2155.0,2163.0,5248
2026-01-27T11:15:00+05:30,2162.1,2163.0,2135.0,2149.1,9785
2026-01-27T11:30:00+05:30,2150.0,2160.8,2144.3,2155.7,7363
2026-01-27T11:45:00+05:30,2155.6,2159.0,2152.0,2152.6,2618
2026-01-27T12:00:00+05:30,2154.4,2156.3,2152.5,2152.5,2548
2026-01-27T12:15:00+05:30,2152.5,2155.6,2150.0,2152.1,3919
2026-01-27T12:30:00+05:30,2152.1,2159.7,2150.0,2158.5,12587
2026-01-27T12:45:00+05:30,2157.5,2157.5,2129.6,2152.2,83550
2026-01-27T13:00:00+05:30,2152.2,2170.8,2151.2,2168.6,12951
2026-01-27T13:15:00+05:30,2168.6,2175.0,2163.9,2170.0,15286
2026-01-27T13:30:00+05:30,2170.5,2172.0,2165.6,2169.9,12008
2026-01-27T13:45:00+05:30,2170.0,2173.6,2168.0,2170.0,11432
2026-01-27T14:00:00+05:30,2169.9,2179.1,2163.2,2173.5,20589
2026-01-27T14:15:00+05:30,2173.5,2175.8,2170.0,2173.2,10394
2026-01-27T14:30:00+05:30,2172.7,2184.0,2169.9,2180.2,13006
2026-01-27T14:45:00+05:30,2180.9,2183.0,2172.8,2174.0,16781
2026-01-27T15:00:00+05:30,2174.2,2186.0,2172.0,2175.3,32034
2026-01-27T15:15:00+05:30,2175.3,2204.0,2175.3,2190.0,36814
2026-01-28T09:15:00+05:30,2205.0,2231.7,2200.0,2221.0,32705
2026-01-28T09:30:00+05:30,2221.0,2231.0,2211.0,2227.1,18106
2026-01-28T09:45:00+05:30,2227.4,2243.5,2225.8,2242.2,17601
2026-01-28T10:00:00+05:30,2240.4,2253.7,2234.8,2251.6,64333
2026-01-28T10:15:00+05:30,2251.6,2298.0,2250.0,2266.4,103473
2026-01-28T10:30:00+05:30,2266.1,2303.5,2264.0,2298.1,101552
2026-01-28T10:45:00+05:30,2299.2,2312.8,2295.2,2306.0,36065
2026-01-28T11:00:00+05:30,2306.7,2323.5,2299.9,2319.9,43146
2026-01-28T11:15:00+05:30,2319.6,2325.5,2310.0,2314.4,50745
2026-01-28T11:30:00+05:30,2314.0,2329.0,2314.0,2322.1,30643
2026-01-28T11:45:00+05:30,2322.1,2333.3,2321.4,2331.0,27624
2026-01-28T12:00:00+05:30,2330.7,2337.8,2326.7,2335.4,29453
2026-01-28T12:15:00+05:30,2335.4,2336.6,2320.6,2325.6,18744
2026-01-28T12:30:00+05:30,2326.8,2351.7,2325.0,2346.1,71219
2026-01-28T12:45:00+05:30,2346.1,2351.1,2340.0,2345.3,21250
2026-01-28T13:00:00+05:30,2345.3,2349.0,2341.3,2346.0,11722
2026-01-28T13:15:00+05:30,2346.8,2355.1,2331.7,2335.2,34574
2026-01-28T13:30:00+05:30,2335.2,2344.0,2335.0,2340.5,14733
2026-01-28T13:45:00+05:30,2340.5,2345.0,2335.0,2344.4,16110
2026-01-28T14:00:00+05:30,2344.4,2346.0,2340.0,2342.7,11007
2026-01-28T14:15:00+05:30,2342.8,2367.5,2340.2,2358.0,68166
2026-01-28T14:30:00+05:30,2357.1,2359.5,2345.4,2350.1,31193
2026-01-28T14:45:00+05:30,2350.2,2358.3,2340.8,2350.7,27688
2026-01-28T15:00:00+05:30,2350.4,2360.7,2348.6,2354.4,66099
2026-01-28T15:15:00+05:30,2354.4,2363.7,2354.1,2356.1,49918
2026-01-29T09:15:00+05:30,2360.0,2394.0,2350.4,2378.0,91402
2026-01-29T09:30:00+05:30,2378.0,2380.0,2360.6,2377.7,30738
2026-01-29T09:45:00+05:30,2378.0,2395.0,2377.7,2386.0,21461
2026-01-29T10:00:00+05:30,2386.6,2393.9,2377.0,2381.6,12482
2026-01-29T10:15:00+05:30,2381.6,2384.7,2370.1,2380.7,14607
2026-01-29T10:30:00+05:30,2380.8,2393.8,2376.8,2388.0,69497
2026-01-29T10:45:00+05:30,2387.6,2395.2,2379.7,2391.6,100948
2026-01-29T11:00:00+05:30,2391.6,2423.9,2390.0,2415.3,61809
2026-01-29T11:15:00+05:30,2415.1,2416.7,2403.0,2415.0,29470
2026-01-29T11:30:00+05:30,2415.0,2436.4,2412.8,2430.0,39872
2026-01-29T11:45:00+05:30,2430.0,2440.0,2420.0,2429.0,28805
2026-01-29T12:00:00+05:30,2428.1,2439.8,2425.7,2437.7,36288
2026-01-29T12:15:00+05:30,2437.7,2447.9,2411.0,2430.8,57134
2026-01-29T12:30:00+05:30,2430.0,2438.0,2422.6,2433.2,29488
2026-01-29T12:45:00+05:30,2432.4,2447.9,2432.1,2444.6,24842
2026-01-29T13:00:00+05:30,2443.1,2457.5,2440.0,2451.4,28178
2026-01-29T13:15:00+05:30,2451.5,2453.9,2440.0,2442.5,22657
2026-01-29T13:30:00+05:30,2442.5,2448.0,2432.8,2440.2,24268
2026-01-29T13:45:00+05:30,2440.3,2447.9,2434.5,2447.9,17959
2026-01-29T14:00:00+05:30,2446.5,2450.0,2444.0,2446.0,15621
2026-01-29T14:15:00+05:30,2446.0,2448.7,2440.6,2446.1,13442
2026-01-29T14:30:00+05:30,2446.1,2450.0,2435.0,2436.9,22107
2026-01-29T14:45:00+05:30,2435.8,2446.5,2435.0,2442.0,19012
2026-01-29T15:00:00+05:30,2441.2,2460.0,2441.2,2456.0,54331
2026-01-29T15:15:00+05:30,2455.0,2546.0,2454.0,2508.0,145662
2026-01-30T09:15:00+05:30,2483.1,2524.4,2433.6,2454.8,59519
2026-01-30T09:30:00+05:30,2452.5,2469.9,2447.0,2468.0,21852
2026-01-30T09:45:00+05:30,2468.0,2469.6,2452.3,2458.3,12220
2026-01-30T10:00:00+05:30,2458.1,2468.7,2455.3,2466.6,15125
2026-01-30T10:15:00+05:30,2466.6,2474.0,2458.6,2468.4,11832
2026-01-30T10:30:00+05:30,2468.4,2477.5,2456.5,2459.4,14129
2026-01-30T10:45:00+05:30,2458.8,2458.8,2445.5,2452.2,17607
2026-01-30T11:00:00+05:30,2452.2,2460.9,2443.5,2447.3,22856
2026-01-30T11:15:00+05:30,2445.3,2447.9,2438.5,2441.9,10700
2026-01-30T11:30:00+05:30,2443.2,2443.2,2430.0,2435.5,10288
2026-01-30T11:45:00+05:30,2435.2,2446.3,2430.0,2442.5,13147
2026-01-30T12:00:00+05:30,2445.4,2452.6,2440.0,2441.5,10403
2026-01-30T12:15:00+05:30,2442.6,2453.9,2436.5,2448.8,9990
2026-01-30T12:30:00+05:30,2449.2,2462.0,2446.7,2450.8,10881
2026-01-30T12:45:00+05:30,2450.7,2456.0,2450.0,2452.8,6148
2026-01-30T13:00:00+05:30,2452.7,2453.9,2440.1,2443.0,7398
2026-01-30T13:15:00+05:30,2442.5,2449.2,2441.0,2442.3,6524
2026-01-30T13:30:00+05:30,2443.5,2456.0,2442.4,2455.1,6913
2026-01-30T13:45:00+05:30,2455.6,2456.3,2450.0,2450.0,6162
2026-01-30T14:00:00+05:30,2450.6,2455.2,2450.0,2452.1,6535
2026-01-30T14:15:00+05:30,2452.2,2459.7,2451.1,2457.1,8013
2026-01-30T14:30:00+05:30,2455.5,2475.2,2451.0,2464.7,12415
2026-01-30T14:45:00+05:30,2464.7,2472.3,2464.0,2469.2,10728
2026-01-30T15:00:00+05:30,2469.4,2506.1,2467.9,2481.3,78467
2026-01-30T15:15:00+05:30,2481.2,2538.6,2461.0,2480.3,114850
2026-02-01T09:15:00+05:30,2494.0,2494.0,2461.3,2469.1,3873
2026-02-01T09:30:00+05:30,2468.9,2469.1,2462.0,2466.4,2822
2026-02-01T09:45:00+05:30,2464.8,2470.0,2462.3,2462.3,3969
2026-02-01T10:00:00+05:30,2462.8,2474.3,2462.3,2470.0,3820
2026-02-01T10:15:00+05:30,2470.0,2474.9,2466.4,2474.8,1414
2026-02-01T10:30:00+05:30,2474.8,2494.0,2474.8,2486.0,4517
2026-02-01T10:45:00+05:30,2486.8,2491.6,2481.8,2487.6,2195
2026-02-01T11:00:00+05:30,2488.6,2492.1,2466.0,2471.1,4352
2026-02-01T11:15:00+05:30,2469.3,2469.3,2462.2,2464.3,2084
2026-02-01T11:30:00+05:30,2464.3,2473.2,2454.8,2455.0,5756
2026-02-01T11:45:00+05:30,2457.6,2465.1,2454.0,2454.1,3586
2026-02-01T12:00:00+05:30,2454.2,2468.0,2450.4,2455.0,3093
2026-02-01T12:15:00+05:30,2455.0,2455.0,2430.4,2430.4,6808
2026-02-01T12:30:00+05:30,2430.4,2449.6,2403.9,2448.2,8873
2026-02-01T12:45:00+05:30,2446.0,2456.3,2435.5,2450.9,2440
2026-02-01T13:00:00+05:30,2451.6,2455.1,2445.0,2449.3,1816
2026-02-01T13:15:00+05:30,2449.5,2454.5,2440.7,2454.5,2299
2026-02-01T13:30:00+05:30,2453.5,2532.0,2450.0,2508.5,22194
2026-02-01T13:45:00+05:30,2508.7,2513.0,2499.4,2502.4,10370
2026-02-01T14:00:00+05:30,2504.3,2516.7,2498.0,2509.0,6341
2026-02-01T14:15:00+05:30,2506.4,2521.0,2504.6,2513.1,3748
2026-02-01T14:30:00+05:30,2513.2,2517.7,2505.0,2505.8,3646
2026-02-01T14:45:00+05:30,2509.0,2512.5,2486.4,2490.0,3411
2026-02-01T15:00:00+05:30,2489.9,2496.8,2465.0,2466.1,6145
2026-02-01T15:15:00+05:30,2465.3,2476.7,2452.0,2460.0,6680
2026-02-02T09:15:00+05:30,2474.0,2482.3,2444.0,2460.3,17653
2026-02-02T09:30:00+05:30,2461.2,2468.0,2440.3,2451.7,5082
2026-02-02T09:45:00+05:30,2451.1,2459.8,2430.5,2444.4,12388
2026-02-02T10:00:00+05:30,2444.4,2452.4,2441.8,2448.2,5834
2026-02-02T10:15:00+05:30,2448.2,2450.6,2432.0,2433.2,3021
2026-02-02T10:30:00+05:30,2433.2,2440.7,2405.0,2405.6,7492
2026-02-02T10:45:00+05:30,2405.6,2405.6,2387.0,2393.6,11891
2026-02-02T11:00:00+05:30,2392.4,2393.2,2360.0,2375.9,17828
2026-02-02T11:15:00+05:30,2374.7,2397.0,2370.3,2387.6,12531
2026-02-02T11:30:00+05:30,2387.9,2410.3,2386.4,2405.3,12741
2026-02-02T11:45:00+05:30,2404.0,2410.0,2395.6,2403.9,3390
2026-02-02T12:00:00+05:30,2402.9,2404.9,2396.4,2400.0,2151
2026-02-02T12:15:00+05:30,2400.6,2402.2,2385.5,2395.5,7791
2026-02-02T12:30:00+05:30,2395.6,2396.3,2387.9,2392.9,3790
2026-02-02T12:45:00+05:30,2391.3,2399.9,2390.5,2399.9,3155
2026-02-02T13:00:00+05:30,2400.0,2412.0,2394.4,2406.5,7036
2026-02-02T13:15:00+05:30,2405.0,2418.9,2396.9,2418.9,10859
2026-02-02T13:30:00+05:30,2419.1,2420.5,2410.5,2413.3,4077
2026-02-02T13:45:00+05:30,2412.1,2413.9,2388.5,2396.9,17805
2026-02-02T14:00:00+05:30,2395.0,2398.0,2379.1,2388.0,14424
2026-02-02T14:15:00+05:30,2388.5,2401.8,2382.6,2398.8,16314
2026-02-02T14:30:00+05:30,2396.9,2405.3,2392.6,2402.0,13481
2026-02-02T14:45:00+05:30,2402.0,2419.0,2400.0,2418.9,16076
2026-02-02T15:00:00+05:30,2420.2,2445.0,2418.2,2437.2,23354
2026-02-02T15:15:00+05:30,2436.9,2458.0,2417.7,2445.0,33983
2026-02-03T09:15:00+05:30,2555.0,2585.7,2493.3,2536.8,71519
2026-02-03T09:30:00+05:30,2533.9,2557.0,2524.1,2526.7,35668
2026-02-03T09:45:00+05:30,2525.0,2540.0,2510.0,2531.0,38614
2026-02-03T10:00:00+05:30,2531.0,2537.8,2515.4,2526.1,21153
2026-02-03T10:15:00+05:30,2525.1,2541.7,2520.1,2530.3,20585
2026-02-03T10:30:00+05:30,2530.3,2540.0,2527.1,2533.2,7541
2026-02-03T10:45:00+05:30,2535.0,2540.0,2529.5,2537.0,6376
2026-02-03T11:00:00+05:30,2537.0,2540.0,2534.0,2537.8,4816
2026-02-03T11:15:00+05:30,2537.8,2540.0,2520.0,2526.6,9539
2026-02-03T11:30:00+05:30,2526.5,2532.3,2512.0,2520.0,26988
2026-02-03T11:45:00+05:30,2520.0,2525.0,2507.9,2517.7,19286
2026-02-03T12:00:00+05:30,2517.6,2517.6,2497.8,2512.8,28256
2026-02-03T12:15:00+05:30,2511.4,2514.4,2505.4,2505.5,5380
2026-02-03T12:30:00+05:30,2505.4,2512.3,2494.0,2508.5,8612
2026-02-03T12:45:00+05:30,2507.9,2511.3,2505.0,2509.6,4305
2026-02-03T13:00:00+05:30,2509.6,2516.8,2503.3,2515.2,15096
2026-02-03T13:15:00+05:30,2515.3,2517.5,2508.0,2513.2,4904
2026-02-03T13:30:00+05:30,2512.7,2515.0,2502.3,2509.4,6921
2026-02-03T13:45:00+05:30,2509.2,2512.8,2505.0,2509.7,4825
2026-02-03T14:00:00+05:30,2508.5,2511.9,2506.2,2508.4,4366
2026-02-03T14:15:00+05:30,2510.1,2514.7,2504.2,2514.2,8738
2026-02-03T14:30:00+05:30,2514.2,2514.2,2494.8,2498.2,18838
2026-02-03T14:45:00+05:30,2498.1,2509.9,2490.0,2505.0,23725
2026-02-03T15:00:00+05:30,2505.3,2530.0,2498.9,2527.8,98810
2026-02-03T15:15:00+05:30,2527.3,2570.0,2523.5,2555.0,77527
2026-02-04T09:15:00+05:30,2535.0,2628.6,2533.0,2613.7,122425
2026-02-04T09:30:00+05:30,2615.5,2639.9,2614.0,2635.7,75183
2026-02-04T09:45:00+05:30,2636.8,2645.0,2626.8,2642.0,58739
2026-02-04T10:00:00+05:30,2641.5,2665.0,2622.0,2658.9,83700
2026-02-04T10:15:00+05:30,2658.9,2662.7,2652.0,2658.3,40035
2026-02-04T10:30:00+05:30,2657.8,2658.9,2600.2,2612.0,107735
2026-02-04T10:45:00+05:30,2612.0,2628.0,2611.8,2621.0,47434
2026-02-04T11:00:00+05:30,2620.8,2626.4,2614.5,2620.7,29564
2026-02-04T11:15:00+05:30,2620.7,2625.0,2605.4,2610.0,24436
2026-02-04T11:30:00+05:30,2609.0,2613.9,2593.5,2613.2,32053
2026-02-04T11:45:00+05:30,2612.6,2626.3,2610.0,2625.0,21092
2026-02-04T12:00:00+05:30,2624.1,2628.0,2608.6,2611.3,28050
2026-02-04T12:15:00+05:30,2613.8,2614.6,2602.0,2610.3,16753
2026-02-04T12:30:00+05:30,2611.4,2619.0,2606.4,2613.0,16765
2026-02-04T12:45:00+05:30,2613.0,2615.5,2608.0,2614.4,15059
2026-02-04T13:00:00+05:30,2614.8,2621.4,2612.7,2619.2,16206
2026-02-04T13:15:00+05:30,2619.4,2624.9,2618.0,2622.4,11190
2026-02-04T13:30:00+05:30,2622.6,2626.1,2618.1,2623.2,17269
2026-02-04T13:45:00+05:30,2623.2,2624.3,2610.8,2616.7,19351
2026-02-04T14:00:00+05:30,2616.7,2622.6,2612.9,2618.3,18406
2026-02-04T14:15:00+05:30,2618.3,2625.0,2617.7,2622.8,18537
2026-02-04T14:30:00+05:30,2623.0,2625.0,2617.8,2621.0,16732
2026-02-04T14:45:00+05:30,2621.0,2626.8,2615.3,2615.8,24973
2026-02-04T15:00:00+05:30,2615.1,2618.5,2600.1,2607.1,44640
2026-02-04T15:15:00+05:30,2607.4,2611.6,2597.0,2603.0,41082
2026-02-05T09:15:00+05:30,2571.0,2594.7,2560.0,2569.7,21873
2026-02-05T09:30:00+05:30,2571.7,2583.1,2563.0,2563.0,11306
2026-02-05T09:45:00+05:30,2564.7,2571.2,2557.6,2565.0,9910
2026-02-05T10:00:00+05:30,2565.0,2574.8,2561.1,2572.8,5477
2026-02-05T10:15:00+05:30,2574.1,2585.6,2572.1,2579.6,5420
2026-02-05T10:30:00+05:30,2579.6,2590.0,2565.0,2565.0,7639
2026-02-05T10:45:00+05:30,2565.3,2577.7,2561.2,2574.8,3835
2026-02-05T11:00:00+05:30,2574.8,2574.8,2566.3,2573.8,2697
2026-02-05T11:15:00+05:30,2573.8,2579.3,2569.1,2578.1,6675
2026-02-05T11:30:00+05:30,2578.1,2604.9,2576.6,2601.7,9471
2026-02-05T11:45:00+05:30,2603.7,2614.5,2595.1,2612.2,7851
2026-02-05T12:00:00+05:30,2612.2,2614.0,2604.7,2609.1,4743
2026-02-05T12:15:00+05:30,2608.6,2608.6,2590.2,2594.7,4987
2026-02-05T12:30:00+05:30,2596.5,2605.0,2592.1,2600.0,7314
2026-02-05T12:45:00+05:30,2599.9,2601.1,2592.0,2600.0,2353
2026-02-05T13:00:00+05:30,2600.7,2606.4,2596.0,2602.9,6695
2026-02-05T13:15:00+05:30,2604.6,2607.9,2597.0,2599.8,4235
2026-02-05T13:30:00+05:30,2599.8,2604.0,2596.2,2599.8,1517
2026-02-05T13:45:00+05:30,2599.8,2603.0,2596.7,2597.8,2507
2026-02-05T14:00:00+05:30,2600.1,2602.1,2593.3,2598.0,2717
2026-02-05T14:15:00+05:30,2598.0,2612.8,2597.9,2610.1,10722
2026-02-05T14:30:00+05:30,2610.1,2612.0,2606.8,2609.9,3759
2026-02-05T14:45:00+05:30,2609.9,2616.2,2602.7,2610.0,8959
2026-02-05T15:00:00+05:30,2608.4,2611.6,2593.7,2595.9,20091
2026-02-05T15:15:00+05:30,2596.0,2600.0,2588.0,2594.7,20740
2026-02-06T09:15:00+05:30,2601.9,2690.0,2591.6,2683.3,154647
2026-02-06T09:30:00+05:30,2683.3,2709.0,2667.0,2677.9,123668
2026-02-06T09:45:00+05:30,2677.9,2699.0,2667.8,2678.3,45504
2026-02-06T10:00:00+05:30,2678.3,2685.0,2669.1,2675.6,31021
2026-02-06T10:15:00+05:30,2675.4,2699.0,2670.4,2694.6,51738
2026-02-06T10:30:00+05:30,2694.1,2708.0,2684.4,2706.1,53037
2026-02-06T10:45:00+05:30,2707.0,2715.0,2692.1,2709.9,69421
2026-02-06T11:00:00+05:30,2708.7,2719.0,2688.0,2713.0,59437
2026-02-06T11:15:00+05:30,2712.6,2731.0,2709.0,2712.9,56989
2026-02-06T11:30:00+05:30,2712.9,2725.0,2712.8,2714.5,21977
2026-02-06T11:45:00+05:30,2714.5,2724.3,2706.7,2709.8,21429
2026-02-06T12:00:00+05:30,2710.1,2722.3,2710.0,2719.5,21385
2026-02-06T12:15:00+05:30,2719.5,2728.9,2709.0,2712.6,28121
2026-02-06T12:30:00+05:30,2711.2,2723.0,2706.2,2713.3,18455
2026-02-06T12:45:00+05:30,2713.3,2725.0,2713.3,2714.9,16109
2026-02-06T13:00:00+05:30,2714.9,2720.0,2714.9,2718.0,12039
2026-02-06T13:15:00+05:30,2717.6,2732.7,2716.8,2719.7,32520
2026-02-06T13:30:00+05:30,2719.2,2719.8,2699.1,2713.0,28924
2026-02-06T13:45:00+05:30,2713.0,2720.0,2711.0,2715.9,11707
2026-02-06T14:00:00+05:30,2715.9,2737.0,2715.9,2734.8,43018
2026-02-06T14:15:00+05:30,2734.8,2736.9,2727.0,2734.2,31141
2026-02-06T14:30:00+05:30,2734.2,2736.0,2730.4,2733.0,20117
2026-02-06T14:45:00+05:30,2733.0,2747.8,2720.1,2736.9,37413
2026-02-06T15:00:00+05:30,2736.9,2747.3,2731.2,2740.8,39994
2026-02-06T15:15:00+05:30,2740.8,2749.9,2732.0,2742.5,59699
2026-02-09T09:15:00+05:30,2750.0,2755.2,2645.0,2668.3,67854
2026-02-09T09:30:00+05:30,2667.0,2687.1,2660.5,2682.1,28520
2026-02-09T09:45:00+05:30,2682.0,2697.1,2679.7,2690.0,20015
2026-02-09T10:00:00+05:30,2690.6,2740.7,2690.0,2734.3,28054
2026-02-09T10:15:00+05:30,2734.2,2744.6,2727.5,2737.7,17088
2026-02-09T10:30:00+05:30,2737.9,2745.0,2731.9,2742.0,12171
2026-02-09T10:45:00+05:30,2743.0,2748.8,2738.1,2741.7,7802
2026-02-09T11:00:00+05:30,2743.0,2744.5,2724.0,2726.0,7719
2026-02-09T11:15:00+05:30,2726.1,2729.8,2714.4,2718.3,9085
2026-02-09T11:30:00+05:30,2719.6,2720.9,2710.2,2719.6,5567
2026-02-09T11:45:00+05:30,2720.9,2726.0,2710.0,2724.5,7946
2026-02-09T12:00:00+05:30,2724.5,2734.0,2720.0,2731.3,7139
2026-02-09T12:15:00+05:30,2730.8,2739.4,2729.4,2734.6,3390
2026-02-09T12:30:00+05:30,2736.9,2737.4,2722.2,2723.1,4850
2026-02-09T12:45:00+05:30,2724.4,2725.9,2713.2,2718.8,5734
2026-02-09T13:00:00+05:30,2719.0,2725.1,2715.0,2721.8,9695
2026-02-09T13:15:00+05:30,2722.0,2722.4,2688.0,2689.9,20406
2026-02-09T13:30:00+05:30,2690.0,2700.1,2688.2,2697.0,11354
2026-02-09T13:45:00+05:30,2697.0,2705.4,2694.9,2697.9,7843
2026-02-09T14:00:00+05:30,2697.8,2714.2,2693.3,2701.2,60998
2026-02-09T14:15:00+05:30,2701.1,2701.1,2685.1,2686.0,14369
2026-02-09T14:30:00+05:30,2686.0,2699.0,2685.0,2689.6,12017
2026-02-09T14:45:00+05:30,2689.6,2693.6,2683.5,2691.3,13034
2026-02-09T15:00:00+05:30,2691.2,2698.4,2686.7,2688.4,11201
2026-02-09T15:15:00+05:30,2688.3,2708.8,2681.6,2708.0,66466
2026-02-10T09:15:00+05:30,2700.1,2720.4,2693.8,2701.6,22264
2026-02-10T09:30:00+05:30,2703.5,2725.1,2703.5,2714.6,11056
2026-02-10T09:45:00+05:30,2713.3,2713.4,2701.0,2706.0,4461
2026-02-10T10:00:00+05:30,2706.0,2707.0,2691.3,2695.0,8184
2026-02-10T10:15:00+05:30,2695.0,2704.6,2693.5,2698.0,3331
2026-02-10T10:30:00+05:30,2698.0,2701.7,2687.5,2689.1,8594
2026-02-10T10:45:00+05:30,2689.1,2695.6,2685.3,2689.1,4651
2026-02-10T11:00:00+05:30,2690.0,2707.0,2689.9,2704.0,5918
2026-02-10T11:15:00+05:30,2704.0,2705.5,2701.0,2701.6,3171
2026-02-10T11:30:00+05:30,2701.1,2706.0,2700.2,2703.9,1533
2026-02-10T11:45:00+05:30,2703.9,2703.9,2700.2,2702.7,1420
2026-02-10T12:00:00+05:30,2702.7,2703.3,2695.0,2699.7,1650
2026-02-10T12:15:00+05:30,2699.7,2722.0,2697.0,2713.6,13509
2026-02-10T12:30:00+05:30,2711.8,2726.0,2692.4,2708.0,19375
2026-02-10T12:45:00+05:30,2710.0,2714.0,2700.0,2700.0,2303
2026-02-10T13:00:00+05:30,2700.0,2702.7,2697.5,2699.1,2452
2026-02-10T13:15:00+05:30,2700.0,2700.0,2682.1,2689.3,9826
2026-02-10T13:30:00+05:30,2689.0,2689.1,2682.0,2682.7,2251
2026-02-10T13:45:00+05:30,2682.7,2688.8,2682.7,2686.1,2562
2026-02-10T14:00:00+05:30,2686.0,2688.7,2683.0,2687.0,3250
2026-02-10T14:15:00+05:30,2688.5,2690.2,2683.4,2685.8,1933
2026-02-10T14:30:00+05:30,2685.8,2685.8,2680.0,2683.3,5456
2026-02-10T14:45:00+05:30,2683.2,2686.2,2680.8,2684.4,1959
2026-02-10T15:00:00+05:30,2684.4,2689.0,2682.0,2686.4,9169
2026-02-10T15:15:00+05:30,2687.0,2695.0,2675.0,2678.0,23120
2026-02-11T09:15:00+05:30,2683.4,2689.3,2651.0,2653.5,23551
2026-02-11T09:30:00+05:30,2652.8,2660.0,2648.2,2650.0,22593
2026-02-11T09:45:00+05:30,2651.5,2655.0,2641.6,2647.6,15761
2026-02-11T10:00:00+05:30,2646.1,2647.4,2636.6,2639.9,11433
2026-02-11T10:15:00+05:30,2640.2,2651.5,2638.1,2644.5,7182
2026-02-11T10:30:00+05:30,2644.5,2646.1,2638.1,2639.6,6003
2026-02-11T10:45:00+05:30,2639.5,2656.6,2638.5,2648.2,13977
2026-02-11T11:00:00+05:30,2648.9,2651.0,2645.0,2646.2,5597
2026-02-11T11:15:00+05:30,2646.4,2653.8,2642.0,2647.1,9524
2026-02-11T11:30:00+05:30,2646.3,2647.7,2638.8,2641.6,5510
2026-02-11T11:45:00+05:30,2641.4,2646.7,2640.8,2641.9,3360
2026-02-11T12:00:00+05:30,2641.5,2641.9,2635.0,2636.6,4665
2026-02-11T12:15:00+05:30,2637.6,2642.0,2635.1,2638.8,4724
2026-02-11T12:30:00+05:30,2639.8,2642.7,2635.0,2635.1,6249
2026-02-11T12:45:00+05:30,2635.1,2648.1,2633.4,2647.1,5869
2026-02-11T13:00:00+05:30,2647.1,2654.9,2643.8,2650.0,7816
2026-02-11T13:15:00+05:30,2650.0,2656.6,2649.9,2650.0,5653
2026-02-11T13:30:00+05:30,2650.0,2651.5,2648.1,2650.0,5801
2026-02-11T13:45:00+05:30,2650.3,2653.0,2648.1,2650.9,7017
2026-02-11T14:00:00+05:30,2650.0,2652.8,2648.8,2651.5,7086
2026-02-11T14:15:00+05:30,2651.5,2657.7,2651.1,2656.1,8147
2026-02-11T14:30:00+05:30,2657.0,2661.0,2652.9,2652.9,9054
2026-02-11T14:45:00+05:30,2654.5,2659.7,2654.0,2658.5,6046
2026-02-11T15:00:00+05:30,2657.3,2665.0,2657.0,2660.4,17264
2026-02-11T15:15:00+05:30,2660.4,2680.0,2659.9,2675.0,21633
2026-02-12T09:15:00+05:30,2690.0,2760.0,2690.0,2734.5,122631
2026-02-12T09:30:00+05:30,2736.4,2744.0,2706.0,2714.5,67329
2026-02-12T09:45:00+05:30,2714.5,2724.9,2701.0,2710.2,27189
2026-02-12T10:00:00+05:30,2710.4,2713.9,2693.2,2704.1,22272
2026-02-12T10:15:00+05:30,2704.7,2707.4,2701.1,2704.4,5841
2026-02-12T10:30:00+05:30,2704.4,2709.0,2681.1,2700.0,13820
2026-02-12T10:45:00+05:30,2700.0,2712.4,2696.3,2702.2,12125
2026-02-12T11:00:00+05:30,2703.9,2710.0,2700.0,2709.1,6570
2026-02-12T11:15:00+05:30,2709.1,2713.0,2705.5,2711.4,6693
2026-02-12T11:30:00+05:30,2711.4,2713.0,2706.1,2710.8,4705
2026-02-12T11:45:00+05:30,2709.9,2712.9,2706.2,2711.7,6265
2026-02-12T12:00:00+05:30,2711.6,2722.1,2706.1,2722.0,12742
2026-02-12T12:15:00+05:30,2721.8,2727.4,2719.2,2722.7,13280
2026-02-12T12:30:00+05:30,2721.0,2729.0,2716.0,2726.0,24674
2026-02-12T12:45:00+05:30,2726.6,2729.0,2720.2,2721.3,6645
2026-02-12T13:00:00+05:30,2721.1,2725.9,2716.1,2723.1,5377
2026-02-12T13:15:00+05:30,2721.0,2734.0,2719.8,2730.9,59630
2026-02-12T13:30:00+05:30,2731.5,2735.0,2726.8,2729.1,6810
2026-02-12T13:45:00+05:30,2729.5,2734.0,2720.9,2729.1,9258
2026-02-12T14:00:00+05:30,2729.0,2734.0,2725.0,2730.0,8709
2026-02-12T14:15:00+05:30,2730.0,2733.0,2726.5,2730.9,5073
2026-02-12T14:30:00+05:30,2731.4,2732.3,2725.9,2730.0,7312
2026-02-12T14:45:00+05:30,2730.1,2733.0,2724.1,2731.3,16517
2026-02-12T15:00:00+05:30,2732.1,2734.2,2728.8,2730.4,21487
2026-02-12T15:15:00+05:30,2731.3,2734.3,2730.0,2730.0,25897
2026-02-13T09:15:00+05:30,2725.0,2725.1,2686.0,2709.1,27543
2026-02-13T09:30:00+05:30,2705.0,2708.9,2682.6,2695.0,8302
2026-02-13T09:45:00+05:30,2695.1,2711.0,2695.1,2703.8,7236
2026-02-13T10:00:00+05:30,2703.4,2717.6,2700.0,2716.0,11110
2026-02-13T10:15:00+05:30,2714.7,2716.0,2697.6,2703.0,12832
2026-02-13T10:30:00+05:30,2703.3,2717.5,2702.6,2715.7,9698
2026-02-13T10:45:00+05:30,2713.3,2742.7,2713.3,2728.1,17570
2026-02-13T11:00:00+05:30,2728.2,2732.1,2718.1,2727.3,7908
2026-02-13T11:15:00+05:30,2727.3,2740.3,2725.4,2735.4,8531
2026-02-13T11:30:00+05:30,2737.4,2737.8,2726.9,2729.2,5882
2026-02-13T11:45:00+05:30,2731.7,2747.0,2730.1,2742.3,14298
2026-02-13T12:00:00+05:30,2742.3,2742.4,2731.0,2733.5,7953
2026-02-13T12:15:00+05:30,2731.7,2744.0,2726.4,2739.1,6116
2026-02-13T12:30:00+05:30,2738.3,2747.0,2736.0,2743.7,8456
2026-02-13T12:45:00+05:30,2744.4,2756.3,2744.0,2747.2,12954
2026-02-13T13:00:00+05:30,2749.3,2766.9,2744.5,2761.7,17299
2026-02-13T13:15:00+05:30,2761.6,2766.0,2757.6,2760.1,8880
2026-02-13T13:30:00+05:30,2759.3,2762.0,2748.0,2750.5,13465
2026-02-13T13:45:00+05:30,2750.2,2770.0,2740.0,2764.6,39119
2026-02-13T14:00:00+05:30,2765.0,2849.9,2731.2,2820.0,312730
2026-02-13T14:15:00+05:30,2820.0,2825.0,2759.1,2763.8,201141
2026-02-13T14:30:00+05:30,2765.0,2770.8,2753.9,2763.1,30884
2026-02-13T14:45:00+05:30,2763.9,2765.0,2737.4,2738.1,40222
2026-02-13T15:00:00+05:30,2738.1,2744.9,2712.3,2742.0,75075
2026-02-13T15:15:00+05:30,2742.0,2751.3,2733.4,2745.6,100237
2026-02-16T09:15:00+05:30,2798.0,2860.0,2773.1,2815.1,223283
2026-02-16T09:30:00+05:30,2815.7,2867.0,2797.3,2865.0,126140
2026-02-16T09:45:00+05:30,2865.0,2870.0,2827.9,2850.0,75626
2026-02-16T10:00:00+05:30,2850.0,2855.0,2825.8,2840.7,40073
2026-02-16T10:15:00+05:30,2838.6,2849.6,2835.9,2845.7,36658
2026-02-16T10:30:00+05:30,2847.8,2847.8,2811.7,2821.0,41124
2026-02-16T10:45:00+05:30,2820.0,2840.0,2804.9,2818.1,33798
2026-02-16T11:00:00+05:30,2818.5,2823.6,2810.8,2815.2,12780
2026-02-16T11:15:00+05:30,2814.5,2829.9,2810.3,2822.3,20946
2026-02-16T11:30:00+05:30,2823.0,2839.2,2819.0,2825.7,22636
2026-02-16T11:45:00+05:30,2823.0,2834.6,2823.0,2825.4,11574
2026-02-16T12:00:00+05:30,2825.2,2830.6,2810.1,2815.2,29085
2026-02-16T12:15:00+05:30,2815.0,2818.0,2807.2,2810.8,21452
2026-02-16T12:30:00+05:30,2810.8,2816.1,2809.0,2811.4,11528
2026-02-16T12:45:00+05:30,2810.9,2815.0,2809.3,2809.9,9523
2026-02-16T13:00:00+05:30,2809.9,2826.2,2808.6,2821.4,13166
2026-02-16T13:15:00+05:30,2820.1,2828.0,2806.6,2809.1,28357
2026-02-16T13:30:00+05:30,2809.7,2821.9,2807.3,2814.7,14650
2026-02-16T13:45:00+05:30,2815.3,2816.9,2812.2,2812.7,4153
2026-02-16T14:00:00+05:30,2812.7,2812.8,2790.0,2798.2,40000
2026-02-16T14:15:00+05:30,2798.2,2808.0,2796.4,2802.3,12708
2026-02-16T14:30:00+05:30,2802.3,2818.8,2802.1,2808.1,20638
2026-02-16T14:45:00+05:30,2808.1,2825.0,2805.6,2816.8,25404
2026-02-16T15:00:00+05:30,2816.8,2822.9,2797.0,2812.5,47913
2026-02-16T15:15:00+05:30,2813.9,2815.0,2795.5,2795.5,41008
2026-02-17T09:15:00+05:30,2828.0,2829.5,2749.8,2798.9,47129
2026-02-17T09:30:00+05:30,2798.9,2800.0,2775.2,2790.8,15950
2026-02-17T09:45:00+05:30,2790.7,2797.0,2787.0,2792.3,9337
2026-02-17T10:00:00+05:30,2791.7,2797.0,2777.2,2782.0,9154
2026-02-17T10:15:00+05:30,2782.0,2789.1,2771.4,2781.9,13921
2026-02-17T10:30:00+05:30,2781.9,2795.0,2777.0,2790.2,8118
2026-02-17T10:45:00+05:30,2790.2,2793.0,2781.7,2791.1,4764
2026-02-17T11:00:00+05:30,2791.4,2794.0,2787.2,2792.2,2962
2026-02-17T11:15:00+05:30,2792.5,2798.6,2792.2,2796.0,2787
2026-02-17T11:30:00+05:30,2795.5,2798.9,2790.3,2791.5,3703
2026-02-17T11:45:00+05:30,2791.8,2795.2,2787.5,2789.8,3502
2026-02-17T12:00:00+05:30,2790.3,2792.6,2785.8,2786.5,1386
2026-02-17T12:15:00+05:30,2786.3,2825.0,2785.2,2822.6,25312
2026-02-17T12:30:00+05:30,2822.9,2841.7,2809.2,2839.3,76337
2026-02-17T12:45:00+05:30,2840.9,2841.0,2827.0,2831.4,12390
2026-02-17T13:00:00+05:30,2833.0,2844.7,2831.5,2835.9,12969
2026-02-17T13:15:00+05:30,2835.6,2835.6,2818.0,2825.3,4352
2026-02-17T13:30:00+05:30,2824.0,2825.3,2803.1,2806.1,20766
2026-02-17T13:45:00+05:30,2804.1,2805.6,2794.2,2797.9,2892
2026-02-17T14:00:00+05:30,2796.2,2802.1,2791.5,2795.9,3248
2026-02-17T14:15:00+05:30,2795.0,2800.0,2791.2,2797.9,6416
2026-02-17T14:30:00+05:30,2798.7,2802.6,2790.0,2791.5,6943
2026-02-17T14:45:00+05:30,2791.5,2796.8,2790.2,2796.8,1340
2026-02-17T15:00:00+05:30,2796.4,2803.5,2794.2,2799.6,14236
2026-02-17T15:15:00+05:30,2800.0,2806.3,2782.7,2791.0,36935
2026-02-18T09:15:00+05:30,2797.2,2838.0,2781.0,2815.9,36533
2026-02-18T09:30:00+05:30,2818.0,2818.6,2796.1,2804.6,23169
2026-02-18T09:45:00+05:30,2806.1,2810.0,2802.0,2803.9,7312
2026-02-18T10:00:00+05:30,2802.8,2810.0,2800.6,2810.0,12970
2026-02-18T10:15:00+05:30,2808.4,2813.9,2805.0,2810.0,12420
2026-02-18T10:30:00+05:30,2810.0,2810.0,2796.3,2796.4,4862
2026-02-18T10:45:00+05:30,2797.2,2809.8,2795.1,2797.8,6540
2026-02-18T11:00:00+05:30,2798.7,2799.8,2796.5,2798.8,1597
2026-02-18T11:15:00+05:30,2798.8,2800.0,2796.1,2797.6,2703
2026-02-18T11:30:00+05:30,2798.2,2800.0,2795.2,2799.9,2155
2026-02-18T11:45:00+05:30,2799.9,2800.0,2796.5,2797.8,2291
2026-02-18T12:00:00+05:30,2797.8,2799.3,2796.1,2799.0,1015
2026-02-18T12:15:00+05:30,2799.0,2799.2,2790.8,2791.0,4549
2026-02-18T12:30:00+05:30,2791.0,2795.0,2787.3,2792.1,7916
2026-02-18T12:45:00+05:30,2790.7,2794.8,2788.9,2792.0,3010
2026-02-18T13:00:00+05:30,2792.8,2800.0,2791.5,2799.9,3959
2026-02-18T13:15:00+05:30,2799.9,2800.0,2797.0,2798.4,3597
2026-02-18T13:30:00+05:30,2796.3,2799.1,2795.1,2796.1,1497
2026-02-18T13:45:00+05:30,2797.0,2799.9,2796.1,2798.9,1324
2026-02-18T14:00:00+05:30,2799.1,2799.9,2795.1,2799.0,1840
2026-02-18T14:15:00+05:30,2799.0,2800.0,2795.8,2799.0,2713
2026-02-18T14:30:00+05:30,2799.0,2799.1,2795.2,2797.8,2036
2026-02-18T14:45:00+05:30,2797.8,2800.0,2796.0,2798.7,6245
2026-02-18T15:00:00+05:30,2799.5,2800.0,2797.0,2799.7,16079
2026-02-18T15:15:00+05:30,2800.0,2805.5,2780.0,2785.0,47426
2026-02-19T09:15:00+05:30,2799.9,2806.6,2758.6,2762.3,20665
2026-02-19T09:30:00+05:30,2763.0,2766.8,2742.4,2744.6,21514
2026-02-19T09:45:00+05:30,2747.3,2753.4,2736.0,2738.8,17162
2026-02-19T10:00:00+05:30,2737.1,2739.8,2729.7,2731.9,13330
2026-02-19T10:15:00+05:30,2733.6,2749.8,2729.0,2742.0,10438
2026-02-19T10:30:00+05:30,2742.0,2743.0,2735.2,2739.8,3267
2026-02-19T10:45:00+05:30,2739.5,2740.9,2736.1,2737.6,1963
2026-02-19T11:00:00+05:30,2739.5,2739.8,2733.4,2736.7,2687
2026-02-19T11:15:00+05:30,2734.3,2753.4,2730.9,2750.0,10997
2026-02-19T11:30:00+05:30,2750.0,2751.8,2745.5,2747.0,2362
2026-02-19T11:45:00+05:30,2745.8,2748.5,2741.4,2744.3,4697
2026-02-19T12:00:00+05:30,2745.5,2745.5,2720.0,2720.0,19318
2026-02-19T12:15:00+05:30,2721.9,2742.3,2721.9,2739.4,7181
2026-02-19T12:30:00+05:30,2741.2,2746.0,2738.5,2739.5,4433
2026-02-19T12:45:00+05:30,2740.8,2751.1,2739.7,2749.0,6716
2026-02-19T13:00:00+05:30,2749.0,2759.0,2747.6,2752.1,12194
2026-02-19T13:15:00+05:30,2753.4,2756.2,2750.0,2752.2,4994
2026-02-19T13:30:00+05:30,2752.2,2754.0,2746.6,2751.8,16971
2026-02-19T13:45:00+05:30,2753.8,2755.2,2750.0,2750.1,3196
2026-02-19T14:00:00+05:30,2750.1,2755.9,2750.1,2752.6,7276
2026-02-19T14:15:00+05:30,2754.6,2765.0,2752.1,2761.5,11259
2026-02-19T14:30:00+05:30,2761.5,2771.2,2760.4,2764.0,55512
2026-02-19T14:45:00+05:30,2765.0,2768.0,2760.6,2764.7,6906
2026-02-19T15:00:00+05:30,2765.9,2767.9,2750.0,2751.7,12742
2026-02-19T15:15:00+05:30,2751.8,2765.0,2746.2,2760.0,32889
2026-02-20T09:15:00+05:30,2745.0,2784.8,2740.1,2746.8,13211
2026-02-20T09:30:00+05:30,2748.4,2755.0,2736.8,2744.8,9193
2026-02-20T09:45:00+05:30,2743.4,2750.0,2736.2,2745.7,8194
2026-02-20T10:00:00+05:30,2745.7,2747.0,2730.4,2732.4,4808
2026-02-20T10:15:00+05:30,2732.4,2748.3,2732.4,2746.1,5787
2026-02-20T10:30:00+05:30,2746.1,2776.0,2746.1,2771.0,19961
2026-02-20T10:45:00+05:30,2771.0,2779.7,2767.8,2776.3,13055
2026-02-20T11:00:00+05:30,2776.3,2798.0,2772.7,2796.8,14053
2026-02-20T11:15:00+05:30,2796.8,2799.0,2791.2,2796.7,7510
2026-02-20T11:30:00+05:30,2796.7,2800.0,2788.6,2796.8,7574
2026-02-20T11:45:00+05:30,2796.5,2797.2,2790.4,2792.2,2692
2026-02-20T12:00:00+05:30,2792.7,2793.6,2782.6,2789.9,6188
2026-02-20T12:15:00+05:30,2790.0,2792.7,2787.0,2790.5,1932
2026-02-20T12:30:00+05:30,2791.8,2804.0,2790.1,2798.8,22254
2026-02-20T12:45:00+05:30,2796.3,2800.0,2791.7,2795.0,15074
2026-02-20T13:00:00+05:30,2795.0,2799.6,2787.7,2795.0,19389
2026-02-20T13:15:00+05:30,2795.0,2800.0,2795.0,2799.0,3870
2026-02-20T13:30:00+05:30,2799.0,2801.6,2781.9,2793.0,11941
2026-02-20T13:45:00+05:30,2793.0,2816.7,2792.0,2812.1,22168
2026-02-20T14:00:00+05:30,2812.9,2818.0,2806.7,2810.1,8695
2026-02-20T14:15:00+05:30,2811.0,2812.2,2802.3,2805.0,6125
2026-02-20T14:30:00+05:30,2805.0,2806.7,2790.6,2796.9,27499
2026-02-20T14:45:00+05:30,2799.1,2809.9,2791.8,2798.0,33481
2026-02-20T15:00:00+05:30,2798.1,2799.7,2765.9,2770.3,18831
2026-02-20T15:15:00+05:30,2770.3,2784.0,2762.2,2780.0,37513
2026-02-23T09:15:00+05:30,2805.0,2820.8,2779.7,2808.2,16797
2026-02-23T09:30:00+05:30,2810.0,2833.5,2802.5,2830.0,18853
2026-02-23T09:45:00+05:30,2829.8,2834.6,2817.6,2821.0,15308
2026-02-23T10:00:00+05:30,2820.8,2821.2,2795.0,2795.8,9718
2026-02-23T10:15:00+05:30,2795.0,2817.0,2795.0,2807.5,8175
2026-02-23T10:30:00+05:30,2807.5,2809.2,2799.0,2799.0,4221
2026-02-23T10:45:00+05:30,2798.5,2804.0,2797.0,2803.6,3390
2026-02-23T11:00:00+05:30,2803.6,2809.0,2800.0,2802.6,2614
2026-02-23T11:15:00+05:30,2802.6,2802.6,2791.5,2798.7,4028
2026-02-23T11:30:00+05:30,2797.8,2799.1,2795.1,2797.8,1321
2026-02-23T11:45:00+05:30,2797.8,2798.5,2791.0,2794.2,2132
2026-02-23T12:00:00+05:30,2794.2,2799.0,2791.5,2793.3,2239
2026-02-23T12:15:00+05:30,2794.2,2801.7,2793.4,2800.0,3109
2026-02-23T12:30:00+05:30,2800.2,2800.2,2795.0,2796.7,1244
2026-02-23T12:45:00+05:30,2795.2,2799.5,2791.5,2791.5,2043
2026-02-23T13:00:00+05:30,2792.3,2792.3,2784.9,2788.7,2780
2026-02-23T13:15:00+05:30,2788.7,2793.2,2787.6,2791.1,2310
2026-02-23T13:30:00+05:30,2792.8,2803.9,2791.6,2798.0,2177
2026-02-23T13:45:00+05:30,2798.0,2799.5,2792.5,2796.0,974
2026-02-23T14:00:00+05:30,2794.5,2798.4,2787.5,2792.4,2389
2026-02-23T14:15:00+05:30,2790.9,2792.5,2781.0,2782.8,2402
2026-02-23T14:30:00+05:30,2782.8,2785.5,2780.8,2782.5,3644
2026-02-23T14:45:00+05:30,2782.5,2788.8,2771.3,2780.8,4672
2026-02-23T15:00:00+05:30,2780.8,2828.0,2780.8,2814.5,27943
2026-02-23T15:15:00+05:30,2814.5,2820.0,2792.4,2814.0,18445
2026-02-24T09:15:00+05:30,2829.3,2838.7,2810.1,2818.7,26021
2026-02-24T09:30:00+05:30,2818.7,2829.6,2809.6,2823.1,13834
2026-02-24T09:45:00+05:30,2821.5,2831.8,2820.0,2822.0,7515
2026-02-24T10:00:00+05:30,2824.0,2847.3,2820.6,2843.7,21117
2026-02-24T10:15:00+05:30,2843.9,2867.3,2835.8,2863.5,27709
2026-02-24T10:30:00+05:30,2864.0,2870.0,2848.0,2854.5,34257
2026-02-24T10:45:00+05:30,2853.2,2872.0,2852.6,2862.0,24680
2026-02-24T11:00:00+05:30,2860.6,2864.9,2845.3,2859.4,24223
2026-02-24T11:15:00+05:30,2858.3,2864.3,2855.2,2861.0,10573
2026-02-24T11:30:00+05:30,2859.4,2862.5,2856.7,2860.0,7661
2026-02-24T11:45:00+05:30,2860.0,2867.9,2858.0,2866.7,10505
2026-02-24T12:00:00+05:30,2865.7,2874.0,2860.0,2864.9,22210
2026-02-24T12:15:00+05:30,2865.6,2872.4,2864.6,2867.0,17103
2026-02-24T12:30:00+05:30,2868.0,2882.0,2868.0,2878.1,29637
2026-02-24T12:45:00+05:30,2878.1,2883.9,2872.0,2881.9,22872
2026-02-24T13:00:00+05:30,2881.9,2883.7,2877.0,2880.7,12159
2026-02-24T13:15:00+05:30,2880.0,2883.4,2875.6,2876.7,9627
2026-02-24T13:30:00+05:30,2876.7,2877.4,2870.1,2873.1,12887
2026-02-24T13:45:00+05:30,2873.1,2879.0,2871.8,2876.8,5082
2026-02-24T14:00:00+05:30,2879.0,2887.3,2877.1,2884.4,10908
2026-02-24T14:15:00+05:30,2884.5,2888.0,2882.6,2887.0,8029
2026-02-24T14:30:00+05:30,2888.0,2889.0,2883.4,2887.1,7649
2026-02-24T14:45:00+05:30,2887.2,2894.3,2884.0,2892.2,17973
2026-02-24T15:00:00+05:30,2893.8,2910.0,2893.8,2901.5,55619
2026-02-24T15:15:00+05:30,2903.0,2928.0,2898.0,2912.0,79413
2026-02-25T09:15:00+05:30,2920.0,2993.8,2885.0,2958.5,111397
2026-02-25T09:30:00+05:30,2960.1,2968.4,2952.0,2957.2,39385
2026-02-25T09:45:00+05:30,2959.3,2969.9,2943.2,2952.2,34189
2026-02-25T10:00:00+05:30,2951.7,2962.0,2946.5,2953.0,32086
2026-02-25T10:15:00+05:30,2954.7,2960.0,2953.0,2953.4,18646
2026-02-25T10:30:00+05:30,2954.0,2962.0,2953.4,2955.8,23516
2026-02-25T10:45:00+05:30,2957.6,2965.0,2956.2,2958.0,23034
2026-02-25T11:00:00+05:30,2958.0,2965.0,2956.0,2961.8,16147
2026-02-25T11:15:00+05:30,2961.9,2964.2,2955.4,2960.3,13562
2026-02-25T11:30:00+05:30,2960.3,2965.0,2959.2,2963.7,14963
2026-02-25T11:45:00+05:30,2964.8,2968.5,2958.0,2960.9,14631
2026-02-25T12:00:00+05:30,2961.1,2978.8,2959.7,2976.2,19149
2026-02-25T12:15:00+05:30,2975.1,2983.2,2970.2,2972.9,17363
2026-02-25T12:30:00+05:30,2973.9,2979.0,2969.8,2973.5,18364
2026-02-25T12:45:00+05:30,2973.0,2976.2,2962.0,2965.1,20236
2026-02-25T13:00:00+05:30,2966.0,2966.0,2942.2,2952.8,21864
2026-02-25T13:15:00+05:30,2952.8,2955.9,2945.1,2949.5,15022
2026-02-25T13:30:00+05:30,2950.8,2964.0,2949.5,2961.8,12422
2026-02-25T13:45:00+05:30,2963.3,2971.8,2960.3,2968.6,10312
2026-02-25T14:00:00+05:30,2970.1,2982.0,2968.5,2978.7,20682
2026-02-25T14:15:00+05:30,2978.7,2988.0,2977.0,2987.0,18966
2026-02-25T14:30:00+05:30,2987.0,2988.0,2980.0,2984.1,15536
2026-02-25T14:45:00+05:30,2985.0,2988.0,2981.5,2984.9,18026
2026-02-25T15:00:00+05:30,2984.9,3000.0,2984.9,2999.5,71982
2026-02-25T15:15:00+05:30,2999.5,3011.0,2991.2,2991.2,71207
2026-02-26T09:15:00+05:30,2999.9,3020.6,2950.0,2953.0,33612
2026-02-26T09:30:00+05:30,2953.0,2964.3,2942.0,2960.4,28431
2026-02-26T09:45:00+05:30,2960.4,2962.7,2932.0,2935.8,16136
2026-02-26T10:00:00+05:30,2938.5,2938.5,2922.6,2927.0,28446
2026-02-26T10:15:00+05:30,2927.0,2930.0,2907.0,2913.4,25460
2026-02-26T10:30:00+05:30,2913.4,2923.3,2900.1,2922.5,25296
2026-02-26T10:45:00+05:30,2923.5,2937.8,2920.4,2924.8,22006
2026-02-26T11:00:00+05:30,2922.5,2950.7,2918.9,2942.0,23546
2026-02-26T11:15:00+05:30,2942.1,2956.9,2941.4,2941.4,11846
2026-02-26T11:30:00+05:30,2944.2,2958.2,2940.0,2941.4,11329
2026-02-26T11:45:00+05:30,2940.1,2950.0,2939.8,2946.9,13390
2026-02-26T12:00:00+05:30,2947.1,2953.2,2946.4,2952.2,2955
2026-02-26T12:15:00+05:30,2950.2,2954.0,2939.0,2940.0,10452
2026-02-26T12:30:00+05:30,2940.0,2947.9,2936.5,2939.7,5245
2026-02-26T12:45:00+05:30,2939.8,2940.8,2891.3,2912.6,48725
2026-02-26T13:00:00+05:30,2913.5,2924.5,2896.4,2899.5,14105
2026-02-26T13:15:00+05:30,2899.5,2901.9,2893.0,2900.8,10630
2026-02-26T13:30:00+05:30,2900.2,2901.7,2897.0,2898.0,4494
2026-02-26T13:45:00+05:30,2897.1,2904.7,2875.0,2901.6,45452
2026-02-26T14:00:00+05:30,2903.0,2910.0,2896.2,2898.9,18120
2026-02-26T14:15:00+05:30,2897.0,2903.2,2896.1,2900.8,8760
2026-02-26T14:30:00+05:30,2900.9,2908.0,2898.4,2908.0,9093
2026-02-26T14:45:00+05:30,2907.0,2909.2,2900.8,2901.7,6762
2026-02-26T15:00:00+05:30,2903.5,2925.0,2901.4,2921.8,48519
2026-02-26T15:15:00+05:30,2922.0,2936.0,2913.6,2928.7,56554
2026-02-27T09:15:00+05:30,2926.0,2994.9,2925.0,2984.7,58256
2026-02-27T09:30:00+05:30,2984.8,2985.7,2968.1,2980.0,24751
2026-02-27T09:45:00+05:30,2980.0,2984.0,2919.0,2919.7,40128
2026-02-27T10:00:00+05:30,2922.0,2929.4,2917.5,2922.6,21476
2026-02-27T10:15:00+05:30,2924.7,2933.0,2918.6,2933.0,23171
2026-02-27T10:30:00+05:30,2931.3,2949.9,2906.3,2910.6,40796
2026-02-27T10:45:00+05:30,2910.0,2925.0,2897.4,2916.9,27367
2026-02-27T11:00:00+05:30,2915.1,2938.0,2913.8,2934.4,13816
2026-02-27T11:15:00+05:30,2933.0,2936.0,2927.4,2930.4,7206
2026-02-27T11:30:00+05:30,2929.1,2942.6,2924.6,2936.3,7690
2026-02-27T11:45:00+05:30,2938.3,2955.7,2934.2,2948.0,13898
2026-02-27T12:00:00+05:30,2949.2,2956.5,2940.3,2951.1,12215
2026-02-27T12:15:00+05:30,2950.9,2950.9,2943.7,2948.9,5306
2026-02-27T12:30:00+05:30,2948.8,2952.4,2945.6,2951.2,3620
2026-02-27T12:45:00+05:30,2950.0,2957.9,2945.8,2955.8,10822
2026-02-27T13:00:00+05:30,2953.9,2960.0,2950.1,2958.3,10551
2026-02-27T13:15:00+05:30,2957.2,2964.0,2950.0,2963.0,9803
2026-02-27T13:30:00+05:30,2962.1,2966.9,2956.8,2961.2,6439
2026-02-27T13:45:00+05:30,2962.1,2964.2,2954.0,2958.6,11604
2026-02-27T14:00:00+05:30,2958.5,2965.5,2947.0,2950.0,13642
2026-02-27T14:15:00+05:30,2951.5,2954.5,2941.5,2944.7,29465
2026-02-27T14:30:00+05:30,2941.3,2942.5,2922.0,2928.3,15079
2026-02-27T14:45:00+05:30,2926.4,2926.4,2902.0,2906.2,17793
2026-02-27T15:00:00+05:30,2906.2,2945.0,2904.2,2942.7,134583
2026-02-27T15:15:00+05:30,2943.2,2957.9,2934.2,2946.0,119387
2026-03-02T09:15:00+05:30,2840.0,2948.0,2840.0,2940.4,83532
2026-03-02T09:30:00+05:30,2940.5,2949.0,2930.0,2937.1,22064
2026-03-02T09:45:00+05:30,2938.4,2949.4,2930.0,2949.4,14161
2026-03-02T10:00:00+05:30,2949.5,2963.6,2945.0,2962.0,16322
2026-03-02T10:15:00+05:30,2963.0,2983.5,2959.5,2973.4,29148
2026-03-02T10:30:00+05:30,2971.6,2990.0,2962.9,2986.9,32565
2026-03-02T10:45:00+05:30,2986.4,3015.0,2986.4,3009.1,66321
2026-03-02T11:00:00+05:30,3010.0,3010.0,2968.4,2990.2,49487
2026-03-02T11:15:00+05:30,2992.0,2996.5,2977.5,2987.2,20117
2026-03-02T11:30:00+05:30,2987.2,2992.1,2982.0,2986.8,9318
2026-03-02T11:45:00+05:30,2986.8,2989.5,2968.0,2968.0,12635
2026-03-02T12:00:00+05:30,2968.0,2968.0,2930.4,2930.4,36728
2026-03-02T12:15:00+05:30,2930.0,2942.5,2927.7,2935.5,17357
2026-03-02T12:30:00+05:30,2935.3,2950.5,2930.0,2944.8,26126
2026-03-02T12:45:00+05:30,2944.8,2946.1,2915.0,2925.0,21739
2026-03-02T13:00:00+05:30,2926.9,2932.5,2906.8,2921.0,23903
2026-03-02T13:15:00+05:30,2922.7,2936.1,2920.6,2922.1,15181
2026-03-02T13:30:00+05:30,2922.4,2948.2,2922.4,2943.1,15315
2026-03-02T13:45:00+05:30,2941.7,2949.0,2926.7,2931.4,15776
2026-03-02T14:00:00+05:30,2932.0,2961.8,2928.0,2959.5,20553
2026-03-02T14:15:00+05:30,2959.6,2972.5,2958.3,2961.3,20226
2026-03-02T14:30:00+05:30,2961.1,2971.9,2956.1,2969.7,18834
2026-03-02T14:45:00+05:30,2968.1,2969.6,2952.2,2956.3,14643
2026-03-02T15:00:00+05:30,2955.8,2984.7,2951.0,2974.0,48661
2026-03-02T15:15:00+05:30,2974.0,2975.0,2945.0,2964.0,50279
2026-03-04T09:15:00+05:30,2924.7,2972.7,2910.1,2960.0,53395
2026-03-04T09:30:00+05:30,2958.6,2984.7,2953.5,2983.6,23956
2026-03-04T09:45:00+05:30,2983.6,2993.7,2976.2,2987.5,21222
2026-03-04T10:00:00+05:30,2987.5,2998.0,2983.6,2995.0,25087
2026-03-04T10:15:00+05:30,2995.0,2995.0,2957.1,2972.0,21588
2026-03-04T10:30:00+05:30,2973.3,2976.9,2959.0,2963.0,16624
2026-03-04T10:45:00+05:30,2963.0,2966.9,2948.4,2960.2,16927
2026-03-04T11:00:00+05:30,2960.2,2967.7,2958.0,2961.2,11748
2026-03-04T11:15:00+05:30,2961.2,2967.5,2953.8,2955.0,12044
2026-03-04T11:30:00+05:30,2957.8,2968.0,2955.2,2967.0,9624
2026-03-04T11:45:00+05:30,2966.9,2968.0,2953.4,2955.7,11145
2026-03-04T12:00:00+05:30,2957.5,2960.0,2942.0,2960.0,18338
2026-03-04T12:15:00+05:30,2957.6,2960.0,2950.0,2956.7,14321
2026-03-04T12:30:00+05:30,2956.7,2960.0,2948.0,2950.0,12281
2026-03-04T12:45:00+05:30,2948.0,2957.0,2948.0,2952.9,9866
2026-03-04T13:00:00+05:30,2951.3,2956.6,2951.3,2955.0,8945
2026-03-04T13:15:00+05:30,2953.9,2960.0,2951.6,2956.8,18580
2026-03-04T13:30:00+05:30,2958.4,2959.6,2943.5,2947.3,13160
2026-03-04T13:45:00+05:30,2949.4,2950.0,2945.1,2950.0,7696
2026-03-04T14:00:00+05:30,2950.0,2956.0,2947.8,2955.0,12558
2026-03-04T14:15:00+05:30,2955.0,2955.0,2945.0,2948.1,11684
2026-03-04T14:30:00+05:30,2948.9,2955.0,2940.9,2950.4,18174
2026-03-04T14:45:00+05:30,2951.2,2961.7,2946.2,2956.6,27931
2026-03-04T15:00:00+05:30,2955.0,2955.7,2936.2,2948.9,43740
2026-03-04T15:15:00+05:30,2948.9,2948.9,2930.3,2932.0,57128
2026-03-05T09:15:00+05:30,2942.0,2987.9,2893.9,2898.3,43442
2026-03-05T09:30:00+05:30,2897.7,2910.6,2891.1,2897.3,22390
2026-03-05T09:45:00+05:30,2896.4,2907.2,2886.4,2889.1,15756
2026-03-05T10:00:00+05:30,2889.0,2890.7,2860.5,2860.5,20752
2026-03-05T10:15:00+05:30,2860.1,2881.8,2860.0,2863.4,19719
2026-03-05T10:30:00+05:30,2863.8,2870.7,2853.4,2856.0,17312
2026-03-05T10:45:00+05:30,2856.0,2856.2,2842.0,2852.1,26198
2026-03-05T11:00:00+05:30,2851.3,2861.0,2843.0,2844.2,11386
2026-03-05T11:15:00+05:30,2843.0,2846.3,2837.0,2840.0,11559
2026-03-05T11:30:00+05:30,2839.2,2854.0,2837.3,2851.4,17512
2026-03-05T11:45:00+05:30,2850.0,2854.4,2843.0,2847.6,17816
2026-03-05T12:00:00+05:30,2846.6,2855.0,2846.0,2852.0,9005
2026-03-05T12:15:00+05:30,2852.0,2876.3,2848.0,2853.0,23546
2026-03-05T12:30:00+05:30,2853.1,2874.0,2851.0,2852.7,28143
2026-03-05T12:45:00+05:30,2853.2,2860.0,2851.6,2856.9,10807
2026-03-05T13:00:00+05:30,2856.9,2860.6,2851.1,2852.6,8261
2026-03-05T13:15:00+05:30,2851.7,2854.8,2838.8,2853.4,17146
2026-03-05T13:30:00+05:30,2853.4,2856.3,2850.8,2853.0,5051
2026-03-05T13:45:00+05:30,2853.0,2855.5,2847.3,2848.5,4235
2026-03-05T14:00:00+05:30,2847.0,2852.0,2837.4,2839.0,7975
2026-03-05T14:15:00+05:30,2838.2,2843.6,2830.5,2840.6,17205
2026-03-05T14:30:00+05:30,2840.0,2849.3,2835.0,2848.5,9813
2026-03-05T14:45:00+05:30,2848.7,2870.0,2845.2,2867.7,38254
2026-03-05T15:00:00+05:30,2867.7,2870.9,2858.9,2863.0,31515
2026-03-05T15:15:00+05:30,2863.1,2870.0,2842.7,2868.8,38970
2026-03-06T09:15:00+05:30,2864.0,2892.0,2863.0,2892.0,12479
2026-03-06T09:30:00+05:30,2892.0,2899.0,2875.0,2886.0,13474
2026-03-06T09:45:00+05:30,2886.0,2887.9,2872.7,2875.1,3453
2026-03-06T10:00:00+05:30,2877.8,2884.9,2869.2,2878.9,6899
2026-03-06T10:15:00+05:30,2876.4,2880.8,2871.4,2878.7,4388
2026-03-06T10:30:00+05:30,2878.5,2885.0,2870.8,2870.8,3664
2026-03-06T10:45:00+05:30,2872.8,2876.9,2859.1,2863.5,4280
2026-03-06T11:00:00+05:30,2863.6,2871.9,2861.0,2865.0,2817
2026-03-06T11:15:00+05:30,2863.1,2864.9,2847.7,2854.2,6753
2026-03-06T11:30:00+05:30,2852.2,2859.4,2850.0,2855.8,1402
2026-03-06T11:45:00+05:30,2855.9,2862.1,2851.3,2859.0,1843
2026-03-06T12:00:00+05:30,2857.5,2859.6,2850.0,2850.1,1677
2026-03-06T12:15:00+05:30,2851.8,2859.0,2850.1,2854.9,2881
2026-03-06T12:30:00+05:30,2854.9,2880.0,2851.8,2879.5,6252
2026-03-06T12:45:00+05:30,2879.0,2879.0,2865.4,2874.5,10032
2026-03-06T13:00:00+05:30,2874.7,2877.6,2870.0,2872.5,1632
2026-03-06T13:15:00+05:30,2874.0,2883.7,2871.5,2880.2,2673
2026-03-06T13:30:00+05:30,2879.5,2891.7,2874.9,2891.7,5245
2026-03-06T13:45:00+05:30,2891.2,2905.1,2890.9,2900.0,7158
2026-03-06T14:00:00+05:30,2900.0,2915.2,2900.0,2913.7,14067
2026-03-06T14:15:00+05:30,2913.7,2916.1,2906.0,2914.0,5381
2026-03-06T14:30:00+05:30,2914.0,2924.0,2912.0,2921.8,10396
2026-03-06T14:45:00+05:30,2922.0,2924.7,2910.8,2921.0,16802
2026-03-06T15:00:00+05:30,2920.6,2927.9,2920.0,2920.1,15072
2026-03-06T15:15:00+05:30,2920.1,2923.2,2915.2,2922.0,24842
2026-03-09T09:15:00+05:30,2885.0,2885.0,2819.0,2851.0,38241
2026-03-09T09:30:00+05:30,2848.5,2866.9,2843.6,2860.0,14819
2026-03-09T09:45:00+05:30,2859.3,2859.9,2835.0,2843.0,10421
2026-03-09T10:00:00+05:30,2844.4,2881.8,2842.0,2877.1,10258
2026-03-09T10:15:00+05:30,2876.8,2881.9,2852.1,2857.6,6898
2026-03-09T10:30:00+05:30,2857.6,2857.8,2835.0,2837.1,7751
2026-03-09T10:45:00+05:30,2840.2,2856.3,2829.0,2853.8,10090
2026-03-09T11:00:00+05:30,2855.1,2863.8,2850.0,2860.0,5761
2026-03-09T11:15:00+05:30,2859.9,2861.9,2852.9,2858.0,2983
2026-03-09T11:30:00+05:30,2857.8,2863.0,2853.0,2862.7,5461
2026-03-09T11:45:00+05:30,2863.0,2863.0,2847.7,2852.0,3424
2026-03-09T12:00:00+05:30,2852.0,2862.0,2852.0,2861.3,3150
2026-03-09T12:15:00+05:30,2861.3,2880.0,2858.1,2878.0,10654
2026-03-09T12:30:00+05:30,2878.0,2879.8,2854.0,2855.3,7929
2026-03-09T12:45:00+05:30,2855.3,2877.1,2850.0,2874.7,8716
2026-03-09T13:00:00+05:30,2875.2,2919.5,2874.2,2913.2,17549
2026-03-09T13:15:00+05:30,2913.9,2940.0,2912.0,2926.6,22156
2026-03-09T13:30:00+05:30,2926.6,2926.7,2902.9,2914.2,14851
2026-03-09T13:45:00+05:30,2914.1,2916.0,2909.1,2912.5,7386
2026-03-09T14:00:00+05:30,2913.5,2916.2,2880.0,2881.7,11318
2026-03-09T14:15:00+05:30,2882.8,2882.8,2869.0,2874.9,12074
2026-03-09T14:30:00+05:30,2875.0,2885.3,2872.2,2880.5,7358
2026-03-09T14:45:00+05:30,2882.6,2887.4,2873.4,2877.9,8421
2026-03-09T15:00:00+05:30,2879.5,2889.4,2873.8,2879.0,22169
2026-03-09T15:15:00+05:30,2880.6,2899.0,2878.6,2887.6,25848
2026-03-10T09:15:00+05:30,2934.0,2980.0,2915.1,2964.3,35829
2026-03-10T09:30:00+05:30,2964.4,2969.9,2958.0,2964.8,16113
2026-03-10T09:45:00+05:30,2964.9,2980.0,2953.4,2959.4,14223
2026-03-10T10:00:00+05:30,2958.4,2963.2,2947.4,2953.2,13005
2026-03-10T10:15:00+05:30,2954.2,2955.9,2936.5,2942.7,9419
2026-03-10T10:30:00+05:30,2942.8,2958.4,2937.6,2956.2,5916
2026-03-10T10:45:00+05:30,2957.0,2957.1,2940.5,2942.0,4842
2026-03-10T11:00:00+05:30,2944.0,2961.7,2941.3,2948.3,6557
2026-03-10T11:15:00+05:30,2948.4,2951.9,2945.9,2951.9,2038
2026-03-10T11:30:00+05:30,2951.7,2957.0,2948.5,2949.8,3043
2026-03-10T11:45:00+05:30,2949.6,2949.7,2940.4,2946.0,3674
2026-03-10T12:00:00+05:30,2946.0,2952.4,2935.0,2936.1,4749
2026-03-10T12:15:00+05:30,2936.0,2945.0,2935.4,2942.4,2533
2026-03-10T12:30:00+05:30,2944.0,2945.0,2940.0,2943.3,2311
2026-03-10T12:45:00+05:30,2942.3,2946.7,2940.3,2944.4,1633
2026-03-10T13:00:00+05:30,2944.4,2947.0,2940.1,2942.2,2496
2026-03-10T13:15:00+05:30,2942.0,2947.0,2941.3,2944.1,2394
2026-03-10T13:30:00+05:30,2945.0,2949.7,2944.0,2946.8,1436
2026-03-10T13:45:00+05:30,2946.8,2954.3,2941.3,2954.0,4936
2026-03-10T14:00:00+05:30,2953.3,2960.9,2948.1,2951.7,7526
2026-03-10T14:15:00+05:30,2951.9,2952.7,2941.6,2951.4,5730
2026-03-10T14:30:00+05:30,2951.4,2955.9,2951.4,2955.9,1801
2026-03-10T14:45:00+05:30,2956.8,2959.4,2950.0,2955.5,5468
2026-03-10T15:00:00+05:30,2954.0,2962.0,2949.4,2956.1,25162
2026-03-10T15:15:00+05:30,2956.2,2976.0,2951.2,2963.5,36378
2026-03-11T09:15:00+05:30,2960.0,2990.0,2957.6,2980.0,12677
2026-03-11T09:30:00+05:30,2981.0,2990.0,2966.4,2967.1,9021
2026-03-11T09:45:00+05:30,2968.4,2971.6,2964.0,2964.0,4132
2026-03-11T10:00:00+05:30,2964.0,2964.9,2948.0,2949.2,8715
2026-03-11T10:15:00+05:30,2948.0,2949.2,2940.0,2946.8,4974
2026-03-11T10:30:00+05:30,2946.8,2971.0,2945.0,2964.0,10986
2026-03-11T10:45:00+05:30,2964.0,2965.9,2947.1,2950.0,7073
2026-03-11T11:00:00+05:30,2949.7,2950.0,2942.7,2948.4,4538
2026-03-11T11:15:00+05:30,2948.5,2951.2,2944.7,2950.0,5992
2026-03-11T11:30:00+05:30,2949.9,2950.0,2933.4,2939.5,6380
2026-03-11T11:45:00+05:30,2938.0,2949.8,2936.9,2942.5,5536
2026-03-11T12:00:00+05:30,2942.3,2945.9,2939.0,2941.6,1180
2026-03-11T12:15:00+05:30,2941.8,2943.9,2939.0,2942.3,1759
2026-03-11T12:30:00+05:30,2942.3,2948.1,2938.0,2941.9,2720
2026-03-11T12:45:00+05:30,2941.9,2942.0,2938.0,2939.0,1341
2026-03-11T13:00:00+05:30,2940.7,2944.0,2938.1,2941.0,2645
2026-03-11T13:15:00+05:30,2941.9,2947.0,2937.0,2946.9,3665
2026-03-11T13:30:00+05:30,2946.9,2947.1,2935.2,2938.0,2291
2026-03-11T13:45:00+05:30,2939.6,2940.0,2932.0,2934.7,2486
2026-03-11T14:00:00+05:30,2934.2,2939.7,2932.9,2937.9,1362
2026-03-11T14:15:00+05:30,2938.2,2939.6,2926.0,2939.4,4089
2026-03-11T14:30:00+05:30,2939.3,2942.6,2935.1,2942.5,1547
2026-03-11T14:45:00+05:30,2942.0,2947.5,2935.9,2935.9,3252
2026-03-11T15:00:00+05:30,2936.7,2949.9,2936.7,2942.8,11690
2026-03-11T15:15:00+05:30,2943.8,2955.0,2915.8,2931.8,13944
2026-03-12T09:15:00+05:30,2925.0,2925.0,2866.6,2878.0,12668
2026-03-12T09:30:00+05:30,2875.0,2878.1,2865.0,2870.3,9046
2026-03-12T09:45:00+05:30,2870.0,2881.8,2865.0,2881.8,4481
2026-03-12T10:00:00+05:30,2881.7,2888.5,2873.3,2873.3,3711
2026-03-12T10:15:00+05:30,2874.8,2886.7,2868.9,2884.4,4226
2026-03-12T10:30:00+05:30,2884.6,2897.4,2881.2,2895.0,2568
2026-03-12T10:45:00+05:30,2895.0,2909.4,2888.2,2906.1,5988
2026-03-12T11:00:00+05:30,2907.9,2910.0,2890.0,2895.0,6931
2026-03-12T11:15:00+05:30,2895.5,2900.8,2882.8,2891.0,5781
2026-03-12T11:30:00+05:30,2888.2,2898.0,2882.6,2894.1,3398
2026-03-12T11:45:00+05:30,2894.2,2898.0,2884.1,2889.4,3412
2026-03-12T12:00:00+05:30,2888.1,2892.4,2884.5,2891.5,2328
2026-03-12T12:15:00+05:30,2891.4,2909.0,2888.1,2890.4,3614
2026-03-12T12:30:00+05:30,2889.3,2890.2,2884.5,2884.5,2186
2026-03-12T12:45:00+05:30,2884.5,2892.8,2880.4,2885.7,1723
2026-03-12T13:00:00+05:30,2885.7,2888.1,2881.0,2888.1,1266
2026-03-12T13:15:00+05:30,2885.8,2886.2,2873.7,2886.0,6237
2026-03-12T13:30:00+05:30,2886.0,2898.2,2885.2,2895.3,7340
2026-03-12T13:45:00+05:30,2894.0,2894.0,2884.1,2886.1,1170
2026-03-12T14:00:00+05:30,2885.8,2888.7,2880.0,2885.6,1252
2026-03-12T14:15:00+05:30,2885.6,2888.0,2882.0,2887.0,1253
2026-03-12T14:30:00+05:30,2887.0,2890.0,2882.0,2883.4,2051
2026-03-12T14:45:00+05:30,2884.0,2886.7,2879.0,2880.7,3377
2026-03-12T15:00:00+05:30,2880.7,2882.4,2862.5,2867.5,10059
2026-03-12T15:15:00+05:30,2867.5,2870.0,2861.3,2865.0,12514
2026-03-13T09:15:00+05:30,2866.9,2930.0,2866.9,2903.6,30942
2026-03-13T09:30:00+05:30,2903.6,2905.3,2873.8,2887.7,16791
2026-03-13T09:45:00+05:30,2886.5,2887.7,2832.9,2835.5,16952
2026-03-13T10:00:00+05:30,2835.5,2844.9,2825.8,2838.1,10531
2026-03-13T10:15:00+05:30,2837.3,2848.2,2832.2,2845.1,6615
2026-03-13T10:30:00+05:30,2845.2,2845.2,2810.1,2814.4,7694
2026-03-13T10:45:00+05:30,2815.8,2835.0,2808.5,2821.2,8431
2026-03-13T11:00:00+05:30,2823.4,2830.0,2803.3,2803.6,7350
2026-03-13T11:15:00+05:30,2803.6,2838.6,2795.0,2833.7,12693
2026-03-13T11:30:00+05:30,2832.0,2833.7,2824.5,2829.9,3125
2026-03-13T11:45:00+05:30,2828.0,2833.0,2805.0,2810.0,9336
2026-03-13T12:00:00+05:30,2810.2,2831.9,2809.1,2828.9,3742
2026-03-13T12:15:00+05:30,2831.0,2831.0,2804.0,2806.8,4931
2026-03-13T12:30:00+05:30,2804.8,2807.9,2796.3,2798.6,5286
2026-03-13T12:45:00+05:30,2797.0,2810.5,2795.1,2805.5,4907
2026-03-13T13:00:00+05:30,2803.1,2805.8,2784.1,2792.0,8445
2026-03-13T13:15:00+05:30,2793.0,2794.9,2786.0,2792.7,2467
2026-03-13T13:30:00+05:30,2793.6,2815.0,2787.1,2809.4,10777
2026-03-13T13:45:00+05:30,2809.9,2809.9,2798.9,2800.4,8664
2026-03-13T14:00:00+05:30,2802.4,2809.8,2799.2,2804.6,4658
2026-03-13T14:15:00+05:30,2804.6,2810.0,2798.6,2807.5,5301
2026-03-13T14:30:00+05:30,2807.5,2820.2,2807.5,2815.6,4452
2026-03-13T14:45:00+05:30,2815.6,2817.0,2799.8,2802.2,3712
2026-03-13T15:00:00+05:30,2802.2,2809.7,2792.8,2798.0,14106
2026-03-13T15:15:00+05:30,2797.0,2807.0,2776.0,2786.0,16796
2026-03-16T09:15:00+05:30,2821.0,2843.3,2790.0,2810.7,59130
2026-03-16T09:30:00+05:30,2810.6,2843.5,2807.4,2837.0,22550
2026-03-16T09:45:00+05:30,2837.1,2841.2,2820.2,2835.6,15113
2026-03-16T10:00:00+05:30,2835.9,2841.0,2821.3,2824.0,9308
2026-03-16T10:15:00+05:30,2822.5,2823.9,2799.6,2800.1,15601
2026-03-16T10:30:00+05:30,2801.4,2807.0,2790.1,2795.1,10642
2026-03-16T10:45:00+05:30,2795.0,2797.1,2773.3,2794.2,14330
2026-03-16T11:00:00+05:30,2794.2,2794.2,2785.0,2786.7,3615
2026-03-16T11:15:00+05:30,2786.6,2810.0,2785.0,2795.5,12691
2026-03-16T11:30:00+05:30,2797.2,2801.9,2787.6,2789.0,6627
2026-03-16T11:45:00+05:30,2789.9,2803.8,2781.9,2800.1,7970
2026-03-16T12:00:00+05:30,2800.3,2802.3,2785.9,2785.9,4916
2026-03-16T12:15:00+05:30,2788.5,2789.5,2739.1,2745.0,14021
2026-03-16T12:30:00+05:30,2745.5,2751.3,2740.1,2740.8,5736
2026-03-16T12:45:00+05:30,2742.3,2745.5,2724.0,2724.3,10174
2026-03-16T13:00:00+05:30,2724.2,2730.0,2719.6,2720.3,6049
2026-03-16T13:15:00+05:30,2721.0,2724.5,2711.0,2713.9,5001
2026-03-16T13:30:00+05:30,2713.2,2718.9,2712.3,2712.7,4613
2026-03-16T13:45:00+05:30,2713.9,2724.9,2712.8,2717.0,4678
2026-03-16T14:00:00+05:30,2716.1,2722.0,2711.0,2719.0,5696
2026-03-16T14:15:00+05:30,2717.2,2745.5,2713.7,2741.6,11820
2026-03-16T14:30:00+05:30,2742.5,2763.1,2742.4,2759.0,8452
2026-03-16T14:45:00+05:30,2758.7,2781.0,2758.7,2777.0,12968
2026-03-16T15:00:00+05:30,2778.0,2809.8,2766.0,2794.0,25127
2026-03-16T15:15:00+05:30,2794.0,2814.4,2769.2,2785.0,22810
2026-03-17T09:15:00+05:30,2791.0,2798.0,2759.5,2769.3,11031
2026-03-17T09:30:00+05:30,2770.0,2778.7,2760.1,2774.9,7710
2026-03-17T09:45:00+05:30,2774.6,2779.8,2765.3,2768.4,3842
2026-03-17T10:00:00+05:30,2769.9,2781.5,2756.9,2762.5,9296
2026-03-17T10:15:00+05:30,2762.5,2766.2,2755.0,2756.7,6999
2026-03-17T10:30:00+05:30,2756.4,2756.8,2736.4,2743.4,8795
2026-03-17T10:45:00+05:30,2742.1,2751.8,2742.0,2746.7,6883
2026-03-17T11:00:00+05:30,2746.7,2746.9,2740.1,2742.6,2636
2026-03-17T11:15:00+05:30,2742.6,2743.8,2734.0,2738.3,7263
2026-03-17T11:30:00+05:30,2737.2,2740.0,2734.0,2738.7,1970
2026-03-17T11:45:00+05:30,2740.0,2740.0,2736.0,2739.9,4886
2026-03-17T12:00:00+05:30,2739.9,2740.0,2730.1,2740.0,6069
2026-03-17T12:15:00+05:30,2740.0,2740.2,2735.0,2739.3,2569
2026-03-17T12:30:00+05:30,2739.3,2743.9,2737.1,2740.0,3405
2026-03-17T12:45:00+05:30,2740.0,2751.0,2738.2,2749.4,5100
2026-03-17T13:00:00+05:30,2749.2,2749.4,2739.0,2743.2,3931
2026-03-17T13:15:00+05:30,2743.0,2745.3,2739.0,2743.1,2689
2026-03-17T13:30:00+05:30,2743.1,2745.1,2738.7,2742.0,2606
2026-03-17T13:45:00+05:30,2742.0,2749.9,2739.1,2746.5,11541
2026-03-17T14:00:00+05:30,2747.8,2750.0,2743.2,2749.0,5142
2026-03-17T14:15:00+05:30,2747.7,2765.7,2743.2,2762.3,18337
2026-03-17T14:30:00+05:30,2762.3,2765.0,2752.3,2760.0,9694
2026-03-17T14:45:00+05:30,2760.0,2770.0,2758.0,2769.8,16047
2026-03-17T15:00:00+05:30,2769.8,2769.9,2763.0,2767.3,19479
2026-03-17T15:15:00+05:30,2768.5,2787.7,2766.0,2775.0,19858
2026-03-18T09:15:00+05:30,2779.8,2871.9,2766.8,2868.0,63131
2026-03-18T09:30:00+05:30,2868.0,2884.8,2862.1,2867.8,51694
2026-03-18T09:45:00+05:30,2869.9,2891.5,2869.9,2885.0,29917
2026-03-18T10:00:00+05:30,2884.9,2886.9,2862.0,2882.1,24503
2026-03-18T10:15:00+05:30,2883.7,2890.0,2869.5,2875.0,30961
2026-03-18T10:30:00+05:30,2876.3,2886.0,2871.7,2873.7,21116
2026-03-18T10:45:00+05:30,2874.5,2879.0,2873.0,2875.8,17088
2026-03-18T11:00:00+05:30,2876.0,2886.0,2872.2,2877.0,24436
2026-03-18T11:15:00+05:30,2877.0,2907.7,2872.8,2903.9,19250
2026-03-18T11:30:00+05:30,2903.0,2905.8,2866.0,2866.0,25304
2026-03-18T11:45:00+05:30,2866.0,2867.0,2840.0,2848.9,21916
2026-03-18T12:00:00+05:30,2847.6,2860.5,2841.6,2855.6,9671
2026-03-18T12:15:00+05:30,2855.6,2855.8,2849.7,2854.6,2251
2026-03-18T12:30:00+05:30,2852.5,2858.9,2847.0,2853.7,4874
2026-03-18T12:45:00+05:30,2853.7,2858.4,2848.0,2854.0,2611
2026-03-18T13:00:00+05:30,2853.0,2858.7,2848.5,2853.7,4239
2026-03-18T13:15:00+05:30,2854.5,2854.6,2842.3,2849.6,18996
2026-03-18T13:30:00+05:30,2849.0,2849.3,2832.0,2840.3,10841
2026-03-18T13:45:00+05:30,2840.0,2843.2,2835.4,2837.5,3961
2026-03-18T14:00:00+05:30,2839.0,2842.5,2833.8,2837.3,3904
2026-03-18T14:15:00+05:30,2837.4,2845.0,2836.9,2840.2,2825
2026-03-18T14:30:00+05:30,2841.5,2846.5,2839.0,2844.5,2466
2026-03-18T14:45:00+05:30,2844.1,2850.0,2841.0,2842.3,6887
2026-03-18T15:00:00+05:30,2842.0,2845.0,2828.0,2836.3,16830
2026-03-18T15:15:00+05:30,2836.2,2847.8,2836.2,2840.6,22016
2026-03-19T09:15:00+05:30,2770.0,2812.1,2770.0,2790.0,15919
2026-03-19T09:30:00+05:30,2790.6,2804.6,2784.0,2785.5,6938
2026-03-19T09:45:00+05:30,2785.5,2790.7,2783.3,2788.8,2363
2026-03-19T10:00:00+05:30,2786.8,2802.0,2786.4,2786.5,4955
2026-03-19T10:15:00+05:30,2786.4,2789.9,2780.0,2787.4,3339
2026-03-19T10:30:00+05:30,2787.7,2795.9,2787.7,2792.6,1993
2026-03-19T10:45:00+05:30,2792.6,2794.7,2786.0,2786.2,1698
2026-03-19T11:00:00+05:30,2788.3,2790.2,2780.0,2783.2,1727
2026-03-19T11:15:00+05:30,2783.2,2789.0,2780.1,2781.8,2518
2026-03-19T11:30:00+05:30,2782.7,2787.2,2781.8,2786.9,716
2026-03-19T11:45:00+05:30,2786.9,2794.8,2785.0,2789.4,3455
2026-03-19T12:00:00+05:30,2788.1,2789.4,2783.0,2787.1,1649
2026-03-19T12:15:00+05:30,2785.0,2794.8,2784.4,2786.7,1234
2026-03-19T12:30:00+05:30,2787.8,2788.5,2784.0,2785.3,1647
2026-03-19T12:45:00+05:30,2784.0,2791.9,2784.0,2784.8,1898
2026-03-19T13:00:00+05:30,2785.4,2786.6,2773.4,2773.7,3550
2026-03-19T13:15:00+05:30,2773.7,2775.6,2770.3,2773.7,1961
2026-03-19T13:30:00+05:30,2773.7,2781.4,2772.0,2781.2,1969
2026-03-19T13:45:00+05:30,2781.2,2785.0,2771.8,2773.1,95373
2026-03-19T14:00:00+05:30,2773.1,2774.0,2766.2,2767.5,3033
2026-03-19T14:15:00+05:30,2767.5,2772.0,2759.6,2763.2,5684
2026-03-19T14:30:00+05:30,2763.2,2774.6,2762.6,2774.1,2736
2026-03-19T14:45:00+05:30,2774.0,2774.0,2756.0,2756.0,5489
2026-03-19T15:00:00+05:30,2755.5,2758.9,2750.0,2758.1,8185
2026-03-19T15:15:00+05:30,2758.0,2762.0,2750.0,2759.4,11454
2026-03-20T09:15:00+05:30,2775.0,2839.9,2775.0,2836.0,16006
2026-03-20T09:30:00+05:30,2835.0,2842.0,2815.1,2826.4,8931
2026-03-20T09:45:00+05:30,2828.9,2834.4,2802.6,2809.3,14646
2026-03-20T10:00:00+05:30,2809.5,2817.0,2792.0,2798.9,12449
2026-03-20T10:15:00+05:30,2800.2,2800.2,2786.0,2794.5,5889
2026-03-20T10:30:00+05:30,2795.3,2806.6,2793.4,2798.0,4552
2026-03-20T10:45:00+05:30,2797.3,2805.2,2792.2,2794.2,3546
2026-03-20T11:00:00+05:30,2795.3,2797.5,2788.7,2793.6,2414
2026-03-20T11:15:00+05:30,2792.1,2809.0,2790.2,2794.7,6289
2026-03-20T11:30:00+05:30,2794.7,2803.3,2786.1,2786.9,6854
2026-03-20T11:45:00+05:30,2787.5,2791.9,2781.3,2791.9,6764
2026-03-20T12:00:00+05:30,2789.8,2791.4,2786.4,2787.8,2162
2026-03-20T12:15:00+05:30,2787.1,2792.0,2785.0,2786.9,3295
2026-03-20T12:30:00+05:30,2789.3,2790.0,2785.0,2790.0,2771
2026-03-20T12:45:00+05:30,2789.7,2790.0,2784.3,2787.9,4729
2026-03-20T13:00:00+05:30,2787.9,2794.2,2783.4,2792.8,4947
2026-03-20T13:15:00+05:30,2792.0,2799.4,2789.5,2792.0,3475
2026-03-20T13:30:00+05:30,2793.8,2796.3,2789.8,2790.0,2382
2026-03-20T13:45:00+05:30,2790.0,2799.6,2785.0,2793.0,5515
2026-03-20T14:00:00+05:30,2792.8,2797.0,2790.4,2792.4,2525
2026-03-20T14:15:00+05:30,2790.7,2793.5,2786.3,2789.6,2410
2026-03-20T14:30:00+05:30,2787.5,2791.0,2781.3,2785.8,4456
2026-03-20T14:45:00+05:30,2788.0,2792.7,2785.0,2790.7,5256
2026-03-20T15:00:00+05:30,2791.9,2799.5,2783.1,2793.2,76203
2026-03-20T15:15:00+05:30,2793.2,2807.0,2775.0,2780.0,78828
2026-03-23T09:15:00+05:30,2751.2,2758.5,2700.0,2734.3,23145
2026-03-23T09:30:00+05:30,2733.7,2741.0,2727.8,2734.3,11370
2026-03-23T09:45:00+05:30,2735.0,2735.0,2710.0,2713.9,10819
2026-03-23T10:00:00+05:30,2714.0,2721.1,2694.9,2695.1,14584
2026-03-23T10:15:00+05:30,2693.3,2696.1,2680.4,2688.0,7746
2026-03-23T10:30:00+05:30,2686.2,2693.4,2681.6,2684.4,6572
2026-03-23T10:45:00+05:30,2683.7,2684.9,2676.3,2676.3,4337
2026-03-23T11:00:00+05:30,2678.9,2688.4,2670.1,2675.0,8577
2026-03-23T11:15:00+05:30,2674.6,2682.4,2666.1,2671.8,6780
2026-03-23T11:30:00+05:30,2673.0,2689.9,2673.0,2682.0,20449
2026-03-23T11:45:00+05:30,2680.1,2690.0,2676.7,2678.5,4199
2026-03-23T12:00:00+05:30,2678.5,2694.0,2678.0,2685.7,8740
2026-03-23T12:15:00+05:30,2685.5,2687.7,2675.3,2682.9,2565
2026-03-23T12:30:00+05:30,2682.8,2691.0,2682.4,2688.0,3499
2026-03-23T12:45:00+05:30,2688.0,2697.6,2687.7,2692.8,6561
2026-03-23T13:00:00+05:30,2692.9,2694.6,2683.1,2683.1,4064
2026-03-23T13:15:00+05:30,2683.3,2691.6,2680.0,2680.8,3841
2026-03-23T13:30:00+05:30,2682.5,2694.8,2680.5,2694.0,3944
2026-03-23T13:45:00+05:30,2694.2,2705.5,2692.4,2703.5,6965
2026-03-23T14:00:00+05:30,2705.0,2718.9,2703.0,2711.5,7896
2026-03-23T14:15:00+05:30,2711.5,2718.0,2710.0,2712.3,4127
2026-03-23T14:30:00+05:30,2712.4,2714.4,2689.4,2704.0,17433
2026-03-23T14:45:00+05:30,2706.0,2715.0,2703.4,2712.6,5578
2026-03-23T15:00:00+05:30,2714.6,2717.4,2687.1,2693.6,12142
2026-03-23T15:15:00+05:30,2693.7,2702.4,2686.0,2697.0,15162
2026-03-24T09:15:00+05:30,2742.0,2745.0,2700.2,2745.0,25223
2026-03-24T09:30:00+05:30,2745.0,2752.3,2715.7,2725.0,9846
2026-03-24T09:45:00+05:30,2726.7,2726.8,2701.1,2708.7,9389
2026-03-24T10:00:00+05:30,2710.8,2711.7,2696.1,2697.0,7829
2026-03-24T10:15:00+05:30,2698.2,2700.8,2694.0,2696.0,2868
2026-03-24T10:30:00+05:30,2697.5,2697.5,2682.4,2686.4,3702
2026-03-24T10:45:00+05:30,2686.4,2697.1,2685.1,2693.8,3056
2026-03-24T11:00:00+05:30,2693.6,2694.7,2680.0,2686.8,2174
2026-03-24T11:15:00+05:30,2686.5,2699.8,2686.5,2691.7,4304
2026-03-24T11:30:00+05:30,2692.3,2700.2,2691.9,2696.0,5110
2026-03-24T11:45:00+05:30,2697.1,2714.8,2695.6,2708.2,7484
2026-03-24T12:00:00+05:30,2708.4,2708.4,2701.0,2701.8,5207
2026-03-24T12:15:00+05:30,2701.8,2720.2,2699.8,2715.5,9212
2026-03-24T12:30:00+05:30,2715.2,2727.6,2713.2,2720.5,10238
2026-03-24T12:45:00+05:30,2720.5,2730.0,2716.2,2720.9,13284
2026-03-24T13:00:00+05:30,2723.2,2726.2,2717.2,2723.5,5515
2026-03-24T13:15:00+05:30,2724.8,2730.0,2716.2,2718.6,7652
2026-03-24T13:30:00+05:30,2719.8,2721.6,2710.2,2710.4,5679
2026-03-24T13:45:00+05:30,2711.8,2717.3,2701.7,2711.3,8092
2026-03-24T14:00:00+05:30,2713.3,2714.3,2706.2,2709.1,4269
2026-03-24T14:15:00+05:30,2709.1,2714.8,2705.0,2705.3,3237
2026-03-24T14:30:00+05:30,2705.3,2708.0,2700.0,2702.3,3817
2026-03-24T14:45:00+05:30,2702.6,2708.6,2695.2,2702.0,6113
2026-03-24T15:00:00+05:30,2702.0,2702.0,2671.9,2682.4,29495
2026-03-24T15:15:00+05:30,2683.1,2702.0,2681.3,2700.0,28428
2026-03-25T09:15:00+05:30,2715.0,2750.9,2695.1,2733.1,31038
2026-03-25T09:30:00+05:30,2733.2,2752.1,2725.8,2747.5,11429
2026-03-25T09:45:00+05:30,2748.0,2754.8,2744.4,2749.5,6768
2026-03-25T10:00:00+05:30,2749.5,2752.0,2743.7,2748.8,5770
2026-03-25T10:15:00+05:30,2747.9,2750.5,2742.3,2744.1,5560
2026-03-25T10:30:00+05:30,2745.4,2749.5,2743.2,2748.2,7006
2026-03-25T10:45:00+05:30,2745.8,2747.6,2716.1,2720.0,11441
2026-03-25T11:00:00+05:30,2721.3,2730.0,2720.6,2727.8,4324
2026-03-25T11:15:00+05:30,2727.3,2730.0,2720.2,2720.6,4874
2026-03-25T11:30:00+05:30,2720.2,2725.6,2720.1,2724.7,4301
2026-03-25T11:45:00+05:30,2724.7,2730.1,2721.2,2728.6,5423
2026-03-25T12:00:00+05:30,2728.2,2734.0,2726.2,2733.2,1753
2026-03-25T12:15:00+05:30,2734.0,2739.3,2709.7,2714.5,18536
2026-03-25T12:30:00+05:30,2715.8,2726.5,2704.2,2723.3,16447
2026-03-25T12:45:00+05:30,2723.3,2740.4,2721.0,2739.1,22188
2026-03-25T13:00:00+05:30,2739.2,2748.0,2734.6,2739.8,18288
2026-03-25T13:15:00+05:30,2741.2,2745.0,2738.9,2743.7,11679
2026-03-25T13:30:00+05:30,2743.7,2744.8,2739.0,2741.1,9975
2026-03-25T13:45:00+05:30,2742.0,2743.0,2738.1,2740.0,10207
2026-03-25T14:00:00+05:30,2740.2,2743.0,2738.3,2738.5,10551
2026-03-25T14:15:00+05:30,2740.5,2749.0,2735.0,2744.2,17338
2026-03-25T14:30:00+05:30,2744.2,2774.0,2738.1,2769.7,22657
2026-03-25T14:45:00+05:30,2769.9,2781.0,2764.1,2764.1,12672
2026-03-25T15:00:00+05:30,2766.0,2778.0,2762.8,2772.5,22527
2026-03-25T15:15:00+05:30,2772.5,2775.3,2755.0,2768.2,18064
2026-03-27T09:15:00+05:30,2749.1,2749.1,2696.0,2699.0,28040
2026-03-27T09:30:00+05:30,2700.0,2704.1,2688.1,2688.1,16938
2026-03-27T09:45:00+05:30,2689.4,2700.1,2687.0,2691.3,12598
2026-03-27T10:00:00+05:30,2691.7,2696.2,2682.1,2683.3,12551
2026-03-27T10:15:00+05:30,2683.3,2684.5,2658.0,2660.2,20348
2026-03-27T10:30:00+05:30,2659.6,2669.9,2658.0,2661.5,16246
2026-03-27T10:45:00+05:30,2660.0,2663.6,2653.1,2655.0,12577
2026-03-27T11:00:00+05:30,2655.0,2659.0,2645.6,2645.6,17273
2026-03-27T11:15:00+05:30,2647.6,2648.8,2642.5,2644.2,11357
2026-03-27T11:30:00+05:30,2644.2,2650.0,2642.5,2643.1,10598
2026-03-27T11:45:00+05:30,2643.9,2650.0,2640.3,2642.0,6405
2026-03-27T12:00:00+05:30,2642.0,2642.0,2635.2,2639.7,10069
2026-03-27T12:15:00+05:30,2639.0,2639.5,2623.9,2634.6,18390
2026-03-27T12:30:00+05:30,2634.2,2634.6,2627.6,2630.5,8092
2026-03-27T12:45:00+05:30,2630.8,2630.8,2620.0,2623.3,13219
2026-03-27T13:00:00+05:30,2623.0,2633.3,2616.7,2622.7,13498
2026-03-27T13:15:00+05:30,2623.0,2632.9,2620.0,2623.9,9546
2026-03-27T13:30:00+05:30,2622.5,2626.9,2620.0,2622.9,8295
2026-03-27T13:45:00+05:30,2622.9,2625.1,2618.5,2620.0,7656
2026-03-27T14:00:00+05:30,2619.0,2628.5,2616.8,2624.1,16355
2026-03-27T14:15:00+05:30,2624.0,2625.0,2611.0,2614.4,20372
2026-03-27T14:30:00+05:30,2614.0,2617.3,2604.8,2612.0,28366
2026-03-27T14:45:00+05:30,2610.2,2617.9,2606.8,2615.1,19514
2026-03-27T15:00:00+05:30,2616.4,2638.5,2596.0,2634.1,125495
2026-03-27T15:15:00+05:30,2632.9,2643.3,2626.5,2634.0,94681
2026-03-30T09:15:00+05:30,2619.2,2620.0,2566.8,2597.1,36712
2026-03-30T09:30:00+05:30,2595.0,2657.5,2595.0,2651.0,31297
2026-03-30T09:45:00+05:30,2651.1,2661.0,2620.0,2628.8,11270
2026-03-30T10:00:00+05:30,2629.3,2634.2,2590.0,2598.1,18544
2026-03-30T10:15:00+05:30,2596.4,2597.5,2564.4,2566.6,17480
2026-03-30T10:30:00+05:30,2568.0,2579.9,2565.6,2570.4,9138
2026-03-30T10:45:00+05:30,2571.6,2575.0,2562.0,2562.0,8861
2026-03-30T11:00:00+05:30,2563.0,2583.5,2562.2,2577.1,12468
2026-03-30T11:15:00+05:30,2577.5,2581.8,2570.6,2573.4,4522
2026-03-30T11:30:00+05:30,2573.4,2587.6,2561.1,2561.1,8457
2026-03-30T11:45:00+05:30,2561.1,2569.8,2558.0,2567.9,5487
2026-03-30T12:00:00+05:30,2568.0,2581.8,2560.0,2568.1,9121
2026-03-30T12:15:00+05:30,2567.3,2578.0,2562.0,2565.4,7549
2026-03-30T12:30:00+05:30,2567.8,2569.6,2564.4,2567.2,3510
2026-03-30T12:45:00+05:30,2566.1,2571.8,2562.0,2570.0,12690
2026-03-30T13:00:00+05:30,2569.0,2582.2,2565.8,2578.0,8277
2026-03-30T13:15:00+05:30,2578.0,2584.4,2562.2,2573.3,15911
2026-03-30T13:30:00+05:30,2573.3,2581.4,2570.3,2573.5,3370
2026-03-30T13:45:00+05:30,2573.5,2577.9,2565.9,2567.0,7387
2026-03-30T14:00:00+05:30,2567.0,2578.7,2564.5,2576.9,8558
2026-03-30T14:15:00+05:30,2576.9,2581.0,2572.3,2572.8,8650
2026-03-30T14:30:00+05:30,2574.2,2574.2,2559.3,2563.2,5466
2026-03-30T14:45:00+05:30,2564.4,2566.8,2556.4,2557.5,8197
2026-03-30T15:00:00+05:30,2559.0,2565.5,2551.8,2560.0,39843
2026-03-30T15:15:00+05:30,2559.9,2620.0,2551.2,2599.0,53727
2026-04-01T09:15:00+05:30,2640.0,2648.2,2590.0,2643.2,56384
2026-04-01T09:30:00+05:30,2641.7,2644.7,2606.0,2624.1,21254
2026-04-01T09:45:00+05:30,2625.3,2640.0,2617.8,2629.2,14555
2026-04-01T10:00:00+05:30,2629.5,2639.6,2621.0,2622.8,13956
2026-04-01T10:15:00+05:30,2622.1,2626.5,2611.0,2615.1,12985
2026-04-01T10:30:00+05:30,2614.6,2614.6,2601.3,2606.0,11889
2026-04-01T10:45:00+05:30,2605.9,2609.5,2586.8,2592.5,16036
2026-04-01T11:00:00+05:30,2591.0,2594.0,2585.0,2593.2,8792
2026-04-01T11:15:00+05:30,2594.2,2640.0,2594.2,2629.7,23760
2026-04-01T11:30:00+05:30,2630.8,2634.3,2623.2,2625.9,7818
2026-04-01T11:45:00+05:30,2624.7,2633.7,2614.3,2631.4,8393
2026-04-01T12:00:00+05:30,2630.5,2641.4,2630.5,2638.8,11615
2026-04-01T12:15:00+05:30,2637.8,2638.9,2626.9,2630.5,8027
2026-04-01T12:30:00+05:30,2630.5,2634.3,2620.0,2622.3,6659
2026-04-01T12:45:00+05:30,2622.3,2630.0,2620.3,2628.9,6680
2026-04-01T13:00:00+05:30,2627.8,2632.1,2620.1,2623.3,6884
2026-04-01T13:15:00+05:30,2623.0,2628.0,2618.0,2620.1,27769
2026-04-01T13:30:00+05:30,2620.1,2652.8,2618.2,2623.6,30287
2026-04-01T13:45:00+05:30,2621.9,2626.3,2618.5,2620.0,10045
2026-04-01T14:00:00+05:30,2620.9,2625.0,2617.0,2622.7,12079
2026-04-01T14:15:00+05:30,2623.1,2623.1,2618.4,2620.1,9653
2026-04-01T14:30:00+05:30,2620.1,2621.6,2602.5,2603.7,20481
2026-04-01T14:45:00+05:30,2603.6,2607.7,2590.6,2597.8,14744
2026-04-01T15:00:00+05:30,2598.7,2623.0,2598.3,2608.0,30944
2026-04-01T15:15:00+05:30,2609.5,2639.0,2599.8,2625.0,43647
2026-04-02T09:15:00+05:30,2570.0,2573.9,2544.6,2549.8,22043
2026-04-02T09:30:00+05:30,2548.7,2555.8,2541.0,2550.5,10164
2026-04-02T09:45:00+05:30,2550.0,2551.6,2537.4,2541.9,13161
2026-04-02T10:00:00+05:30,2542.6,2558.7,2532.4,2540.6,13509
2026-04-02T10:15:00+05:30,2539.0,2539.0,2521.7,2529.0,8643
2026-04-02T10:30:00+05:30,2528.9,2546.1,2527.7,2544.3,4807
2026-04-02T10:45:00+05:30,2544.4,2555.7,2536.1,2551.2,5622
2026-04-02T11:00:00+05:30,2550.0,2551.1,2543.0,2545.4,2424
2026-04-02T11:15:00+05:30,2545.5,2562.0,2543.0,2561.8,7007
2026-04-02T11:30:00+05:30,2561.7,2578.0,2558.7,2570.8,6385
2026-04-02T11:45:00+05:30,2571.0,2589.8,2571.0,2583.0,7249
2026-04-02T12:00:00+05:30,2583.0,2607.0,2583.0,2603.0,10234
2026-04-02T12:15:00+05:30,2603.3,2605.0,2588.2,2592.3,5667
2026-04-02T12:30:00+05:30,2592.6,2594.1,2577.6,2586.0,4871
2026-04-02T12:45:00+05:30,2584.4,2586.7,2577.6,2581.7,2077
2026-04-02T13:00:00+05:30,2581.7,2584.7,2573.6,2576.7,2926
2026-04-02T13:15:00+05:30,2575.7,2603.9,2574.4,2600.1,10118
2026-04-02T13:30:00+05:30,2601.0,2605.0,2595.0,2600.8,3749
2026-04-02T13:45:00+05:30,2600.0,2619.0,2598.1,2616.0,8031
2026-04-02T14:00:00+05:30,2618.1,2629.0,2613.7,2629.0,5523
2026-04-02T14:15:00+05:30,2629.0,2631.4,2621.0,2621.0,6759
2026-04-02T14:30:00+05:30,2621.3,2633.5,2616.8,2616.8,9090
2026-04-02T14:45:00+05:30,2617.0,2623.0,2612.0,2619.4,9385
2026-04-02T15:00:00+05:30,2619.2,2625.5,2596.2,2612.0,33752
2026-04-02T15:15:00+05:30,2613.4,2627.4,2606.6,2623.0,40331
2026-04-06T09:15:00+05:30,2622.0,2640.0,2602.9,2616.9,24093
2026-04-06T09:30:00+05:30,2616.7,2644.9,2610.1,2642.4,11221
2026-04-06T09:45:00+05:30,2641.0,2643.0,2617.3,2625.1,6466
2026-04-06T10:00:00+05:30,2624.8,2643.4,2622.2,2633.6,14897
2026-04-06T10:15:00+05:30,2635.3,2640.0,2613.4,2625.0,10309
2026-04-06T10:30:00+05:30,2625.5,2627.0,2618.8,2623.4,4974
2026-04-06T10:45:00+05:30,2624.0,2628.8,2612.2,2622.0,9846
2026-04-06T11:00:00+05:30,2622.4,2625.0,2607.0,2613.7,6759
2026-04-06T11:15:00+05:30,2613.0,2613.3,2595.1,2612.1,7849
2026-04-06T11:30:00+05:30,2613.7,2628.0,2610.0,2622.8,8594
2026-04-06T11:45:00+05:30,2622.4,2640.0,2622.4,2638.1,9703
2026-04-06T12:00:00+05:30,2635.5,2637.9,2625.1,2626.5,1461
2026-04-06T12:15:00+05:30,2626.5,2636.4,2625.0,2635.7,3214
2026-04-06T12:30:00+05:30,2634.2,2635.6,2600.0,2602.9,9360
2026-04-06T12:45:00+05:30,2602.9,2623.9,2601.6,2615.6,14077
2026-04-06T13:00:00+05:30,2617.9,2626.9,2607.0,2607.5,33709
2026-04-06T13:15:00+05:30,2607.5,2616.1,2601.0,2609.0,14656
2026-04-06T13:30:00+05:30,2609.0,2622.0,2599.1,2615.1,33710
2026-04-06T13:45:00+05:30,2615.1,2626.9,2613.0,2625.0,5201
2026-04-06T14:00:00+05:30,2623.0,2629.0,2620.1,2627.5,5464
2026-04-06T14:15:00+05:30,2627.0,2635.6,2624.7,2631.5,6932
2026-04-06T14:30:00+05:30,2631.5,2635.0,2625.0,2625.0,3695
2026-04-06T14:45:00+05:30,2625.0,2629.8,2611.8,2613.9,4950
2026-04-06T15:00:00+05:30,2614.1,2628.0,2613.9,2623.5,10137
2026-04-06T15:15:00+05:30,2622.7,2629.4,2610.0,2619.9,32330
2026-04-07T09:15:00+05:30,2614.9,2614.9,2583.0,2608.0,16399
2026-04-07T09:30:00+05:30,2610.1,2611.7,2578.3,2580.6,15031
2026-04-07T09:45:00+05:30,2579.2,2592.0,2578.1,2589.2,6104
2026-04-07T10:00:00+05:30,2587.8,2605.0,2584.0,2603.3,9196
2026-04-07T10:15:00+05:30,2603.2,2633.9,2600.1,2633.8,19336
2026-04-07T10:30:00+05:30,2633.9,2646.3,2630.0,2645.5,13597
2026-04-07T10:45:00+05:30,2640.6,2644.0,2620.1,2625.3,7613
2026-04-07T11:00:00+05:30,2623.7,2630.5,2622.7,2626.3,7288
2026-04-07T11:15:00+05:30,2625.1,2636.1,2623.6,2635.9,7750
2026-04-07T11:30:00+05:30,2635.9,2638.9,2631.6,2637.4,7707
2026-04-07T11:45:00+05:30,2637.4,2644.0,2636.3,2642.9,3775
2026-04-07T12:00:00+05:30,2642.9,2642.9,2634.1,2638.9,4499
2026-04-07T12:15:00+05:30,2638.9,2642.0,2631.0,2633.6,3511
2026-04-07T12:30:00+05:30,2633.6,2638.8,2632.6,2638.6,4496
2026-04-07T12:45:00+05:30,2638.4,2641.2,2636.8,2637.5,2627
2026-04-07T13:00:00+05:30,2636.1,2636.7,2627.9,2633.0,3300
2026-04-07T13:15:00+05:30,2634.3,2637.8,2631.3,2632.5,3186
2026-04-07T13:30:00+05:30,2632.9,2637.5,2631.2,2635.1,5725
2026-04-07T13:45:00+05:30,2634.0,2635.2,2621.0,2623.9,5763
2026-04-07T14:00:00+05:30,2623.4,2628.4,2621.0,2623.3,3363
2026-04-07T14:15:00+05:30,2623.3,2626.4,2620.4,2625.4,2808
2026-04-07T14:30:00+05:30,2625.9,2626.9,2620.1,2623.9,2813
2026-04-07T14:45:00+05:30,2623.6,2629.4,2622.6,2627.4,2980
2026-04-07T15:00:00+05:30,2627.1,2634.9,2620.1,2629.9,16290
2026-04-07T15:15:00+05:30,2629.9,2631.0,2621.3,2629.9,27968
2026-04-08T09:15:00+05:30,2690.0,2712.6,2661.0,2672.6,68518
2026-04-08T09:30:00+05:30,2672.6,2682.2,2665.0,2673.0,23395
2026-04-08T09:45:00+05:30,2672.1,2679.0,2665.0,2665.0,9319
2026-04-08T10:00:00+05:30,2665.0,2682.5,2656.7,2674.7,14445
2026-04-08T10:15:00+05:30,2674.5,2689.5,2672.8,2687.0,16127
2026-04-08T10:30:00+05:30,2687.1,2694.0,2680.0,2689.3,11431
2026-04-08T10:45:00+05:30,2687.3,2715.4,2680.3,2712.9,22968
2026-04-08T11:00:00+05:30,2712.9,2719.0,2700.1,2714.0,15132
2026-04-08T11:15:00+05:30,2714.0,2717.0,2705.0,2707.0,11044
2026-04-08T11:30:00+05:30,2707.0,2711.0,2700.0,2706.4,8314
2026-04-08T11:45:00+05:30,2706.1,2711.0,2697.1,2708.0,10961
2026-04-08T12:00:00+05:30,2706.9,2713.4,2700.5,2707.4,6436
2026-04-08T12:15:00+05:30,2705.9,2709.0,2696.1,2704.3,10766
2026-04-08T12:30:00+05:30,2703.5,2706.9,2697.4,2702.8,7183
2026-04-08T12:45:00+05:30,2701.4,2703.9,2696.9,2700.2,6636
2026-04-08T13:00:00+05:30,2698.1,2704.0,2697.2,2702.2,6894
2026-04-08T13:15:00+05:30,2702.2,2707.0,2687.1,2703.2,14255
2026-04-08T13:30:00+05:30,2701.6,2703.2,2690.8,2693.9,13626
2026-04-08T13:45:00+05:30,2693.9,2696.8,2688.7,2695.0,5606
2026-04-08T14:00:00+05:30,2693.7,2704.5,2691.4,2702.7,6932
2026-04-08T14:15:00+05:30,2701.4,2707.4,2695.1,2699.9,12738
2026-04-08T14:30:00+05:30,2698.9,2706.2,2697.7,2700.7,11194
2026-04-08T14:45:00+05:30,2699.2,2705.0,2697.0,2703.0,14535
2026-04-08T15:00:00+05:30,2702.8,2706.4,2698.1,2703.1,32606
2026-04-08T15:15:00+05:30,2701.3,2704.8,2691.0,2695.0,72287
2026-04-09T09:15:00+05:30,2703.2,2729.2,2673.0,2729.2,38755
2026-04-09T09:30:00+05:30,2728.3,2735.0,2677.4,2682.5,24589
2026-04-09T09:45:00+05:30,2684.4,2689.5,2658.0,2664.9,18677
2026-04-09T10:00:00+05:30,2664.1,2679.9,2656.8,2677.0,12208
2026-04-09T10:15:00+05:30,2677.0,2689.8,2675.0,2689.0,7336
2026-04-09T10:30:00+05:30,2689.0,2695.7,2685.6,2689.7,6408
2026-04-09T10:45:00+05:30,2688.5,2699.9,2687.7,2697.8,9430
2026-04-09T11:00:00+05:30,2697.8,2718.0,2697.6,2716.0,11589
2026-04-09T11:15:00+05:30,2716.7,2721.4,2711.4,2719.4,11100
2026-04-09T11:30:00+05:30,2719.4,2744.9,2715.0,2739.0,21619
2026-04-09T11:45:00+05:30,2738.2,2743.0,2721.1,2739.0,15074
2026-04-09T12:00:00+05:30,2739.0,2774.4,2735.0,2770.3,26099
2026-04-09T12:15:00+05:30,2770.0,2771.0,2751.2,2761.0,11101
2026-04-09T12:30:00+05:30,2760.9,2768.9,2754.2,2757.8,7750
2026-04-09T12:45:00+05:30,2757.9,2760.0,2748.6,2756.0,7504
2026-04-09T13:00:00+05:30,2756.1,2759.5,2740.7,2748.0,12276
2026-04-09T13:15:00+05:30,2748.8,2752.0,2741.0,2747.1,8188
2026-04-09T13:30:00+05:30,2747.3,2756.0,2736.1,2736.5,12309
2026-04-09T13:45:00+05:30,2737.8,2742.1,2730.0,2739.1,5841
2026-04-09T14:00:00+05:30,2739.3,2762.2,2736.9,2749.8,14499
2026-04-09T14:15:00+05:30,2750.2,2767.9,2742.5,2756.4,18673
2026-04-09T14:30:00+05:30,2757.5,2765.0,2750.4,2765.0,20869
2026-04-09T14:45:00+05:30,2764.8,2771.4,2761.8,2768.1,20301
2026-04-09T15:00:00+05:30,2767.4,2772.5,2764.1,2771.0,39326
2026-04-09T15:15:00+05:30,2771.0,2773.0,2762.4,2766.5,30355
2026-04-10T09:15:00+05:30,2789.7,2855.4,2780.0,2831.3,46429
2026-04-10T09:30:00+05:30,2830.4,2845.9,2829.9,2839.1,15266
2026-04-10T09:45:00+05:30,2840.8,2850.0,2835.7,2845.2,12014
2026-04-10T10:00:00+05:30,2845.2,2846.0,2832.0,2843.7,5555
2026-04-10T10:15:00+05:30,2845.3,2845.7,2830.0,2832.2,7910
2026-04-10T10:30:00+05:30,2833.3,2835.9,2798.5,2811.5,25799
2026-04-10T10:45:00+05:30,2811.5,2815.4,2805.0,2814.3,3650
2026-04-10T11:00:00+05:30,2814.7,2815.7,2807.6,2811.8,3184
2026-04-10T11:15:00+05:30,2811.3,2817.8,2810.0,2813.1,4810
2026-04-10T11:30:00+05:30,2813.7,2819.8,2808.1,2809.6,3352
2026-04-10T11:45:00+05:30,2809.5,2811.0,2791.8,2808.6,10399
2026-04-10T12:00:00+05:30,2807.8,2813.9,2797.6,2799.7,9513
2026-04-10T12:15:00+05:30,2800.2,2800.3,2788.0,2789.3,9825
2026-04-10T12:30:00+05:30,2791.6,2800.0,2790.1,2796.7,4099
2026-04-10T12:45:00+05:30,2797.6,2800.0,2795.0,2795.8,3048
2026-04-10T13:00:00+05:30,2795.5,2803.7,2791.7,2797.3,5204
2026-04-10T13:15:00+05:30,2798.0,2802.3,2795.0,2800.3,1901
2026-04-10T13:30:00+05:30,2799.6,2803.4,2796.8,2800.3,3488
2026-04-10T13:45:00+05:30,2800.3,2801.1,2792.1,2800.5,3501
2026-04-10T14:00:00+05:30,2798.7,2809.8,2797.9,2802.8,53091
2026-04-10T14:15:00+05:30,2803.0,2805.0,2793.3,2795.2,6881
2026-04-10T14:30:00+05:30,2796.2,2803.3,2793.0,2798.9,3774
2026-04-10T14:45:00+05:30,2798.9,2803.7,2797.0,2803.3,5133
2026-04-10T15:00:00+05:30,2803.1,2809.5,2800.3,2804.3,13234
2026-04-10T15:15:00+05:30,2804.3,2827.1,2804.3,2821.4,33340
2026-04-13T09:15:00+05:30,2762.5,2838.0,2762.5,2815.6,52505
2026-04-13T09:30:00+05:30,2815.6,2819.0,2776.8,2788.0,20376
2026-04-13T09:45:00+05:30,2788.0,2803.0,2785.4,2801.0,10690
2026-04-13T10:00:00+05:30,2801.9,2814.9,2794.0,2803.3,10545
2026-04-13T10:15:00+05:30,2802.7,2819.8,2800.0,2816.8,8160
2026-04-13T10:30:00+05:30,2816.8,2828.0,2816.8,2825.8,10601
2026-04-13T10:45:00+05:30,2825.0,2835.0,2825.0,2828.4,6942
2026-04-13T11:00:00+05:30,2829.6,2838.9,2822.6,2835.9,7561
2026-04-13T11:15:00+05:30,2836.0,2855.0,2833.0,2853.1,12222
2026-04-13T11:30:00+05:30,2853.1,2885.0,2851.8,2867.3,29072
2026-04-13T11:45:00+05:30,2869.0,2870.3,2860.8,2862.6,7885
2026-04-13T12:00:00+05:30,2862.6,2864.0,2843.5,2846.0,13828
2026-04-13T12:15:00+05:30,2844.8,2860.4,2844.7,2857.8,8924
2026-04-13T12:30:00+05:30,2858.6,2859.2,2840.0,2848.2,12944
2026-04-13T12:45:00+05:30,2847.8,2854.5,2842.0,2845.2,6902
2026-04-13T13:00:00+05:30,2843.9,2852.0,2840.5,2851.6,3802
2026-04-13T13:15:00+05:30,2851.7,2855.9,2849.8,2851.6,3986
2026-04-13T13:30:00+05:30,2852.9,2856.5,2844.4,2847.6,4570
2026-04-13T13:45:00+05:30,2847.6,2852.0,2845.0,2850.0,2090
2026-04-13T14:00:00+05:30,2850.0,2850.7,2843.8,2847.5,2512
2026-04-13T14:15:00+05:30,2847.3,2849.6,2845.0,2848.9,1865
2026-04-13T14:30:00+05:30,2848.9,2849.0,2840.1,2845.2,3427
2026-04-13T14:45:00+05:30,2845.5,2865.0,2843.8,2860.7,16310
2026-04-13T15:00:00+05:30,2861.5,2862.5,2842.5,2845.0,30228
2026-04-13T15:15:00+05:30,2844.5,2849.0,2836.0,2845.0,27131
2026-04-15T09:15:00+05:30,2885.0,2917.4,2871.0,2889.0,39499
2026-04-15T09:30:00+05:30,2887.1,2895.0,2871.3,2885.0,14306
2026-04-15T09:45:00+05:30,2885.0,2891.0,2877.9,2887.9,11171
2026-04-15T10:00:00+05:30,2885.9,2891.0,2877.5,2890.0,10504
2026-04-15T10:15:00+05:30,2890.0,2895.3,2885.6,2893.8,66769
2026-04-15T10:30:00+05:30,2893.8,2925.0,2892.4,2921.8,32579
2026-04-15T10:45:00+05:30,2920.3,2924.8,2917.7,2922.9,16574
2026-04-15T11:00:00+05:30,2924.1,2928.0,2919.3,2927.6,14259
2026-04-15T11:15:00+05:30,2927.3,2939.0,2918.5,2920.9,22430
2026-04-15T11:30:00+05:30,2920.9,2929.6,2918.2,2924.2,6122
2026-04-15T11:45:00+05:30,2925.7,2925.8,2919.1,2921.8,2803
2026-04-15T12:00:00+05:30,2921.8,2927.7,2919.1,2920.7,3315
2026-04-15T12:15:00+05:30,2921.6,2925.0,2914.8,2919.0,5988
2026-04-15T12:30:00+05:30,2919.7,2922.0,2896.1,2901.0,19558
2026-04-15T12:45:00+05:30,2902.1,2902.4,2892.8,2898.4,4802
2026-04-15T13:00:00+05:30,2898.4,2907.0,2896.1,2896.3,6167
2026-04-15T13:15:00+05:30,2897.2,2908.7,2897.2,2904.0,5270
2026-04-15T13:30:00+05:30,2902.8,2907.3,2895.2,2900.0,7971
2026-04-15T13:45:00+05:30,2900.0,2907.8,2895.0,2907.8,6413
2026-04-15T14:00:00+05:30,2907.1,2907.1,2896.0,2898.1,6011
2026-04-15T14:15:00+05:30,2897.1,2917.2,2897.0,2915.0,13873
2026-04-15T14:30:00+05:30,2915.0,2915.9,2909.0,2910.0,8583
2026-04-15T14:45:00+05:30,2910.0,2914.7,2907.1,2910.0,7876
2026-04-15T15:00:00+05:30,2910.5,2925.0,2906.4,2916.2,29315
2026-04-15T15:15:00+05:30,2916.3,2925.0,2911.6,2918.0,28832
2026-04-16T09:15:00+05:30,2935.0,2982.0,2929.0,2976.4,36665
2026-04-16T09:30:00+05:30,2974.5,2979.0,2969.9,2975.6,24160
2026-04-16T09:45:00+05:30,2974.2,2975.1,2950.3,2961.4,21540
2026-04-16T10:00:00+05:30,2959.2,2962.5,2926.4,2931.5,19848
2026-04-16T10:15:00+05:30,2931.5,2945.0,2930.1,2940.5,7722
2026-04-16T10:30:00+05:30,2940.5,2945.5,2931.7,2937.2,7894
2026-04-16T10:45:00+05:30,2936.2,2939.9,2933.2,2936.4,4208
2026-04-16T11:00:00+05:30,2938.0,2944.2,2932.6,2942.2,2693
2026-04-16T11:15:00+05:30,2942.5,2945.0,2934.1,2937.6,3678
2026-04-16T11:30:00+05:30,2938.0,2939.9,2911.4,2920.0,11371
2026-04-16T11:45:00+05:30,2919.5,2920.3,2898.8,2899.0,10804
2026-04-16T12:00:00+05:30,2898.8,2900.0,2888.1,2892.0,8471
2026-04-16T12:15:00+05:30,2891.9,2900.7,2891.5,2895.0,5427
2026-04-16T12:30:00+05:30,2895.0,2897.3,2892.0,2892.3,3239
2026-04-16T12:45:00+05:30,2892.2,2896.0,2891.5,2892.1,3136
2026-04-16T13:00:00+05:30,2892.1,2912.0,2892.1,2898.0,5753
2026-04-16T13:15:00+05:30,2898.0,2903.9,2894.0,2896.0,2486
2026-04-16T13:30:00+05:30,2896.1,2908.8,2894.2,2908.6,6213
2026-04-16T13:45:00+05:30,2908.6,2914.1,2892.1,2900.9,47631
2026-04-16T14:00:00+05:30,2902.5,2909.3,2900.0,2909.3,6391
2026-04-16T14:15:00+05:30,2909.2,2910.0,2901.0,2905.9,7329
2026-04-16T14:30:00+05:30,2905.9,2907.0,2903.8,2904.5,6205
2026-04-16T14:45:00+05:30,2904.5,2906.8,2895.0,2896.4,8579
2026-04-16T15:00:00+05:30,2897.9,2907.0,2891.5,2905.9,18863
2026-04-16T15:15:00+05:30,2906.0,2907.0,2895.0,2896.1,20246
2026-04-17T09:15:00+05:30,2906.0,2916.9,2888.0,2905.9,19561
2026-04-17T09:30:00+05:30,2904.3,2939.8,2901.1,2930.9,13974
2026-04-17T09:45:00+05:30,2931.4,2947.4,2926.8,2945.0,9821
2026-04-17T10:00:00+05:30,2945.0,2968.0,2937.0,2963.6,13413
2026-04-17T10:15:00+05:30,2965.0,2969.0,2951.0,2955.3,13453
2026-04-17T10:30:00+05:30,2956.3,2975.0,2955.3,2962.2,12945
2026-04-17T10:45:00+05:30,2962.2,2965.0,2955.1,2955.1,4428
2026-04-17T11:00:00+05:30,2955.1,2988.0,2950.7,2988.0,23581
2026-04-17T11:15:00+05:30,2987.0,3008.0,2987.0,2992.1,30744
2026-04-17T11:30:00+05:30,2994.2,3004.6,2980.0,3004.6,18424
2026-04-17T11:45:00+05:30,3002.5,3035.0,2996.1,3027.0,35140
2026-04-17T12:00:00+05:30,3026.1,3038.8,3020.0,3024.4,29703
2026-04-17T12:15:00+05:30,3024.3,3031.7,3020.0,3026.5,11123
2026-04-17T12:30:00+05:30,3026.4,3034.7,3022.8,3031.3,8358
2026-04-17T12:45:00+05:30,3032.0,3050.0,3030.3,3043.8,29823
2026-04-17T13:00:00+05:30,3042.3,3050.0,3041.5,3045.6,17721
2026-04-17T13:15:00+05:30,3046.5,3054.4,3032.1,3050.6,26207
2026-04-17T13:30:00+05:30,3052.0,3056.0,3014.7,3041.4,35866
2026-04-17T13:45:00+05:30,3041.9,3046.1,3031.0,3037.3,10507
2026-04-17T14:00:00+05:30,3037.9,3049.0,3036.6,3046.1,14523
2026-04-17T14:15:00+05:30,3045.9,3054.5,3044.1,3047.0,8645
2026-04-17T14:30:00+05:30,3046.1,3049.4,3020.5,3028.8,16482
2026-04-17T14:45:00+05:30,3028.0,3033.0,3021.8,3026.6,9430
2026-04-17T15:00:00+05:30,3026.3,3029.6,3010.0,3014.0,46185
2026-04-17T15:15:00+05:30,3014.0,3054.0,3012.0,3029.0,45160
2026-04-20T09:15:00+05:30,3040.0,3098.7,3019.6,3092.9,109518
2026-04-20T09:30:00+05:30,3092.6,3097.9,3054.0,3057.3,49554
2026-04-20T09:45:00+05:30,3057.3,3076.7,3053.4,3066.7,25841
2026-04-20T10:00:00+05:30,3065.9,3086.4,3065.8,3084.5,24758
2026-04-20T10:15:00+05:30,3083.7,3115.0,3083.3,3108.5,55346
2026-04-20T10:30:00+05:30,3109.0,3120.0,3105.0,3113.7,34359
2026-04-20T10:45:00+05:30,3113.7,3114.5,3102.2,3104.0,23921
2026-04-20T11:00:00+05:30,3104.7,3129.9,3097.7,3122.9,24257
2026-04-20T11:15:00+05:30,3122.1,3147.2,3122.1,3141.6,44043
2026-04-20T11:30:00+05:30,3141.9,3152.0,3131.0,3133.6,38798
2026-04-20T11:45:00+05:30,3133.6,3152.0,3113.0,3132.8,33113
2026-04-20T12:00:00+05:30,3132.8,3139.8,3126.0,3133.6,16433
2026-04-20T12:15:00+05:30,3133.8,3154.0,3133.8,3150.7,24855
2026-04-20T12:30:00+05:30,3150.6,3160.0,3150.0,3155.5,32848
2026-04-20T12:45:00+05:30,3155.5,3167.0,3152.0,3154.9,45634
2026-04-20T13:00:00+05:30,3153.8,3159.7,3149.9,3159.0,16377
2026-04-20T13:15:00+05:30,3159.0,3171.0,3126.0,3132.1,53003
2026-04-20T13:30:00+05:30,3132.0,3141.6,3128.5,3137.2,11540
2026-04-20T13:45:00+05:30,3136.1,3144.7,3133.1,3139.5,19948
2026-04-20T14:00:00+05:30,3139.7,3145.0,3130.2,3135.4,12655
2026-04-20T14:15:00+05:30,3135.4,3145.0,3128.0,3139.4,16919
2026-04-20T14:30:00+05:30,3139.3,3143.1,3134.8,3137.8,12256
2026-04-20T14:45:00+05:30,3138.3,3138.3,3127.0,3128.3,12889
2026-04-20T15:00:00+05:30,3129.3,3150.0,3129.0,3139.0,39377
2026-04-20T15:15:00+05:30,3138.5,3151.0,3127.2,3134.0,50866
2026-04-21T09:15:00+05:30,3187.3,3214.8,3166.0,3202.8,166385
2026-04-21T09:30:00+05:30,3201.5,3229.4,3195.0,3202.1,87630
2026-04-21T09:45:00+05:30,3202.1,3217.7,3191.1,3214.0,43053
2026-04-21T10:00:00+05:30,3213.0,3228.9,3212.4,3226.5,39391
2026-04-21T10:15:00+05:30,3226.5,3245.0,3220.0,3242.1,48756
2026-04-21T10:30:00+05:30,3242.0,3264.7,3241.1,3253.2,80178
2026-04-21T10:45:00+05:30,3254.0,3268.4,3243.4,3258.0,49996
2026-04-21T11:00:00+05:30,3257.9,3266.8,3224.0,3230.4,51763
2026-04-21T11:15:00+05:30,3230.2,3240.0,3229.2,3235.9,42743
2026-04-21T11:30:00+05:30,3235.9,3243.2,3232.9,3238.1,40714
2026-04-21T11:45:00+05:30,3238.9,3240.0,3223.5,3232.7,25183
2026-04-21T12:00:00+05:30,3232.2,3240.0,3230.7,3238.0,14357
2026-04-21T12:15:00+05:30,3237.4,3241.5,3232.0,3234.0,12794
2026-04-21T12:30:00+05:30,3234.3,3238.2,3230.9,3235.5,11338
2026-04-21T12:45:00+05:30,3235.5,3236.1,3227.9,3230.1,8994
2026-04-21T13:00:00+05:30,3230.2,3233.0,3224.1,3231.5,11880
2026-04-21T13:15:00+05:30,3231.3,3244.0,3223.1,3229.7,46652
2026-04-21T13:30:00+05:30,3231.0,3231.5,3223.9,3225.2,8737
2026-04-21T13:45:00+05:30,3225.0,3230.9,3224.5,3227.5,7947
2026-04-21T14:00:00+05:30,3228.7,3230.0,3223.0,3229.0,10224
2026-04-21T14:15:00+05:30,3229.9,3231.5,3227.2,3231.0,5644
2026-04-21T14:30:00+05:30,3231.0,3232.9,3227.1,3231.0,7324
2026-04-21T14:45:00+05:30,3230.9,3232.5,3223.8,3225.6,14982
2026-04-21T15:00:00+05:30,3225.6,3235.0,3204.0,3224.0,48781
2026-04-21T15:15:00+05:30,3225.7,3226.6,3170.1,3176.0,74506
2026-04-22T09:15:00+05:30,3190.0,3250.0,3180.0,3218.3,53931
2026-04-22T09:30:00+05:30,3219.0,3248.0,3218.3,3234.4,21251
2026-04-22T09:45:00+05:30,3234.5,3234.8,3214.1,3216.0,12897
2026-04-22T10:00:00+05:30,3215.9,3227.1,3208.1,3209.8,11456
2026-04-22T10:15:00+05:30,3211.0,3243.0,3200.0,3241.4,24386
2026-04-22T10:30:00+05:30,3241.8,3255.9,3215.6,3220.0,49244
2026-04-22T10:45:00+05:30,3220.5,3223.3,3200.0,3209.1,19340
2026-04-22T11:00:00+05:30,3209.8,3226.3,3205.0,3210.0,36831
2026-04-22T11:15:00+05:30,3210.0,3211.4,3201.7,3209.9,17841
2026-04-22T11:30:00+05:30,3208.9,3210.0,3196.1,3197.4,21462
2026-04-22T11:45:00+05:30,3198.0,3203.7,3183.8,3201.0,13704
2026-04-22T12:00:00+05:30,3202.3,3202.3,3188.2,3189.9,10793
2026-04-22T12:15:00+05:30,3189.4,3196.9,3188.1,3189.9,24113
2026-04-22T12:30:00+05:30,3190.0,3193.4,3189.5,3190.0,9518
2026-04-22T12:45:00+05:30,3190.0,3192.0,3158.1,3178.2,19944
2026-04-22T13:00:00+05:30,3176.5,3188.8,3176.5,3185.5,5838
2026-04-22T13:15:00+05:30,3185.5,3191.2,3180.0,3188.0,5121
2026-04-22T13:30:00+05:30,3188.0,3188.7,3180.0,3183.2,4668
2026-04-22T13:45:00+05:30,3183.2,3190.0,3180.4,3187.4,4463
2026-04-22T14:00:00+05:30,3187.5,3190.0,3184.1,3187.8,4423
2026-04-22T14:15:00+05:30,3188.3,3193.2,3185.8,3190.0,7351
2026-04-22T14:30:00+05:30,3190.0,3196.8,3186.5,3190.0,21908
2026-04-22T14:45:00+05:30,3189.2,3190.7,3180.0,3189.0,19078
2026-04-22T15:00:00+05:30,3188.9,3191.9,3180.0,3188.2,20794
2026-04-22T15:15:00+05:30,3187.0,3192.5,3184.4,3190.0,35204
2026-04-23T09:15:00+05:30,3198.9,3222.1,3175.4,3213.2,43835
2026-04-23T09:30:00+05:30,3213.6,3250.0,3210.0,3245.3,61987
2026-04-23T09:45:00+05:30,3245.3,3275.0,3242.3,3272.0,46249
2026-04-23T10:00:00+05:30,3272.0,3294.4,3268.0,3274.2,68296
2026-04-23T10:15:00+05:30,3274.2,3282.0,3265.5,3269.2,18745
2026-04-23T10:30:00+05:30,3269.2,3270.9,3237.9,3247.2,25962
2026-04-23T10:45:00+05:30,3247.6,3254.1,3225.5,3232.0,27508
2026-04-23T11:00:00+05:30,3231.3,3258.1,3230.3,3244.4,39859
2026-04-23T11:15:00+05:30,3243.6,3245.0,3240.1,3240.4,8647
2026-04-23T11:30:00+05:30,3240.9,3254.3,3224.7,3229.0,11909
2026-04-23T11:45:00+05:30,3229.0,3237.3,3225.1,3233.1,13699
2026-04-23T12:00:00+05:30,3233.2,3237.6,3223.0,3234.9,14167
2026-04-23T12:15:00+05:30,3234.9,3235.0,3231.4,3232.7,8045
2026-04-23T12:30:00+05:30,3233.6,3243.8,3223.7,3230.9,19817
2026-04-23T12:45:00+05:30,3231.8,3236.4,3226.6,3232.0,14851
2026-04-23T13:00:00+05:30,3232.0,3238.0,3231.9,3234.9,20275
2026-04-23T13:15:00+05:30,3234.9,3239.6,3229.1,3234.8,15444
2026-04-23T13:30:00+05:30,3234.8,3235.5,3227.2,3228.6,13323
2026-04-23T13:45:00+05:30,3229.1,3235.0,3226.9,3229.6,13359
2026-04-23T14:00:00+05:30,3230.2,3235.3,3227.6,3232.0,16198
2026-04-23T14:15:00+05:30,3233.4,3236.4,3230.0,3231.1,17204
2026-04-23T14:30:00+05:30,3231.1,3235.0,3226.0,3228.7,13527
2026-04-23T14:45:00+05:30,3229.3,3231.9,3215.5,3223.5,17045
2026-04-23T15:00:00+05:30,3224.9,3227.9,3209.7,3219.6,25543
2026-04-23T15:15:00+05:30,3220.7,3235.6,3212.4,3219.0,27557
2026-04-24T09:15:00+05:30,3221.6,3244.7,3205.5,3225.0,35069
2026-04-24T09:30:00+05:30,3223.5,3281.5,3221.6,3261.3,53317
2026-04-24T09:45:00+05:30,3259.8,3265.0,3237.0,3261.0,32241
2026-04-24T10:00:00+05:30,3261.0,3289.0,3258.8,3272.3,52700
2026-04-24T10:15:00+05:30,3271.7,3271.8,3250.0,3250.0,27223
2026-04-24T10:30:00+05:30,3250.0,3256.8,3209.0,3211.7,31158
2026-04-24T10:45:00+05:30,3211.0,3220.1,3200.0,3202.0,21507
2026-04-24T11:00:00+05:30,3203.1,3203.1,3163.5,3165.0,14231
2026-04-24T11:15:00+05:30,3165.0,3167.8,3140.0,3150.0,23167
2026-04-24T11:30:00+05:30,3150.7,3170.5,3150.0,3156.1,16579
2026-04-24T11:45:00+05:30,3156.3,3160.6,3143.0,3144.3,5668
2026-04-24T12:00:00+05:30,3144.4,3170.0,3144.0,3169.0,8662
2026-04-24T12:15:00+05:30,3167.7,3184.1,3165.2,3170.0,8588
2026-04-24T12:30:00+05:30,3170.0,3173.0,3167.0,3171.7,2365
2026-04-24T12:45:00+05:30,3170.0,3188.0,3170.0,3182.4,7317
2026-04-24T13:00:00+05:30,3180.4,3180.5,3160.0,3161.6,9646
2026-04-24T13:15:00+05:30,3160.3,3184.6,3154.4,3182.0,12647
2026-04-24T13:30:00+05:30,3180.9,3181.5,3170.3,3176.9,4194
2026-04-24T13:45:00+05:30,3175.3,3213.2,3162.6,3201.0,20669
2026-04-24T14:00:00+05:30,3202.0,3208.0,3193.3,3196.3,7202
2026-04-24T14:15:00+05:30,3196.3,3217.8,3196.0,3210.0,14635
2026-04-24T14:30:00+05:30,3209.3,3213.8,3202.6,3210.0,11862
2026-04-24T14:45:00+05:30,3210.0,3215.2,3196.9,3200.0,40491
2026-04-24T15:00:00+05:30,3200.0,3212.7,3198.7,3206.9,40296
2026-04-24T15:15:00+05:30,3205.8,3212.8,3203.4,3209.1,27686
