datetime,open,high,low,close,volume
2025-11-12T10:00:00+05:30,112.01,121.79,112.0,121.1,113792270
2025-11-12T10:15:00+05:30,121.15,124.0,120.65,122.64,41817598
2025-11-12T10:30:00+05:30,122.64,123.77,121.51,122.69,17797541
2025-11-12T10:45:00+05:30,122.69,123.15,121.7,122.1,11777023
2025-11-12T11:00:00+05:30,122.04,124.0,121.26,123.93,16597222
2025-11-12T11:15:00+05:30,123.97,124.39,122.0,122.11,13303998
2025-11-12T11:30:00+05:30,122.06,122.7,122.0,122.15,4758999
2025-11-12T11:45:00+05:30,122.12,123.0,121.03,122.67,8237158
2025-11-12T12:00:00+05:30,122.67,122.68,121.6,122.1,4699896
2025-11-12T12:15:00+05:30,122.11,122.2,121.62,122.0,4387809
2025-11-12T12:30:00+05:30,122.01,122.8,121.75,122.02,5571814
2025-11-12T12:45:00+05:30,122.02,122.11,122.0,122.02,3385432
2025-11-12T13:00:00+05:30,122.02,122.48,122.0,122.35,3816229
2025-11-12T13:15:00+05:30,122.35,122.7,122.25,122.42,3460365
2025-11-12T13:30:00+05:30,122.42,122.62,122.1,122.32,3060702
2025-11-12T13:45:00+05:30,122.33,122.45,122.01,122.31,3707395
2025-11-12T14:00:00+05:30,122.31,126.33,122.25,124.95,27194378
2025-11-12T14:15:00+05:30,124.95,133.4,124.91,130.65,63543286
2025-11-12T14:30:00+05:30,130.69,133.49,130.56,132.68,22468198
2025-11-12T14:45:00+05:30,132.61,133.86,131.62,132.55,15472544
2025-11-12T15:00:00+05:30,132.55,134.4,130.7,131.24,30024985
2025-11-12T15:15:00+05:30,131.21,131.5,127.1,128.85,22393780
2025-11-13T09:15:00+05:30,131.0,137.44,129.55,135.12,57261976
2025-11-13T09:30:00+05:30,135.17,136.37,133.67,133.9,20571348
2025-11-13T09:45:00+05:30,133.89,134.73,132.2,134.34,15405836
2025-11-13T10:00:00+05:30,134.35,136.89,134.15,136.83,15713425
2025-11-13T10:15:00+05:30,136.75,139.83,136.46,139.66,30759145
2025-11-13T10:30:00+05:30,139.68,145.55,138.21,144.99,38037202
2025-11-13T10:45:00+05:30,144.97,148.0,142.39,147.77,38517846
2025-11-13T11:00:00+05:30,147.84,151.17,146.73,150.36,34461506
2025-11-13T11:15:00+05:30,150.4,153.5,146.3,147.13,59905314
2025-11-13T11:30:00+05:30,147.21,147.9,143.65,147.64,31855501
2025-11-13T11:45:00+05:30,147.64,148.9,145.0,145.74,17419139
2025-11-13T12:00:00+05:30,145.7,145.9,142.56,144.68,21008043
2025-11-13T12:15:00+05:30,144.59,146.0,143.5,145.4,10530384
2025-11-13T12:30:00+05:30,145.4,145.45,143.29,143.63,7339232
2025-11-13T12:45:00+05:30,143.6,145.9,143.31,145.75,5266682
2025-11-13T13:00:00+05:30,145.76,145.76,144.2,144.7,3951042
2025-11-13T13:15:00+05:30,144.7,145.7,144.6,144.99,4029825
2025-11-13T13:30:00+05:30,144.98,147.28,141.11,143.15,18057557
2025-11-13T13:45:00+05:30,143.14,143.17,139.0,141.47,24905524
2025-11-13T14:00:00+05:30,141.4,141.6,139.5,140.73,8416551
2025-11-13T14:15:00+05:30,140.67,142.5,139.85,140.38,12136795
2025-11-13T14:30:00+05:30,140.38,141.5,140.0,140.23,5879633
2025-11-13T14:45:00+05:30,140.3,140.69,138.11,140.15,17328482
2025-11-13T15:00:00+05:30,140.19,140.5,138.6,138.76,10654596
2025-11-13T15:15:00+05:30,138.76,139.0,135.0,137.45,22656984
2025-11-14T09:15:00+05:30,142.7,147.8,140.85,144.87,41065284
2025-11-14T09:30:00+05:30,144.84,146.0,144.31,145.36,17980073
2025-11-14T09:45:00+05:30,145.36,145.5,143.42,144.27,10294878
2025-11-14T10:00:00+05:30,144.27,144.77,142.1,142.41,9367668
2025-11-14T10:15:00+05:30,142.43,143.35,140.03,142.95,17597069
2025-11-14T10:30:00+05:30,142.91,143.7,141.51,142.26,8175665
2025-11-14T10:45:00+05:30,142.27,143.99,142.01,143.3,5815370
2025-11-14T11:00:00+05:30,143.3,144.7,142.7,143.8,7227947
2025-11-14T11:15:00+05:30,143.79,143.88,142.72,143.23,4823698
2025-11-14T11:30:00+05:30,143.23,144.5,143.0,144.0,3812124
2025-11-14T11:45:00+05:30,144.03,144.03,142.25,143.05,4069890
2025-11-14T12:00:00+05:30,143.05,144.1,143.01,143.94,2852817
2025-11-14T12:15:00+05:30,143.89,144.4,143.55,144.13,2881173
2025-11-14T12:30:00+05:30,144.13,145.29,144.0,144.6,8099221
2025-11-14T12:45:00+05:30,144.55,145.2,144.51,144.83,2993590
2025-11-14T13:00:00+05:30,144.84,145.2,143.55,144.75,3673268
2025-11-14T13:15:00+05:30,144.75,146.5,144.7,146.06,10629919
2025-11-14T13:30:00+05:30,146.0,146.05,144.66,145.25,5143792
2025-11-14T13:45:00+05:30,145.25,145.5,143.6,144.36,5911064
2025-11-14T14:00:00+05:30,144.36,146.0,144.35,145.71,4512904
2025-11-14T14:15:00+05:30,145.75,147.7,145.0,146.89,11679712
2025-11-14T14:30:00+05:30,146.9,148.2,145.65,146.32,15821780
2025-11-14T14:45:00+05:30,146.32,147.23,145.81,146.79,7002658
2025-11-14T15:00:00+05:30,146.79,148.8,146.23,148.69,15070614
2025-11-14T15:15:00+05:30,148.68,149.99,148.27,148.84,22550388
2025-11-17T09:15:00+05:30,154.15,159.72,152.25,157.25,55790002
2025-11-17T09:30:00+05:30,157.25,159.3,156.8,158.69,17055435
2025-11-17T09:45:00+05:30,158.7,160.9,158.12,159.11,20820193
2025-11-17T10:00:00+05:30,159.11,159.15,156.8,157.73,13390032
2025-11-17T10:15:00+05:30,157.73,158.0,156.31,157.41,8859768
2025-11-17T10:30:00+05:30,157.35,157.9,156.6,157.62,5481358
2025-11-17T10:45:00+05:30,157.62,158.5,156.6,157.29,6915496
2025-11-17T11:00:00+05:30,157.27,158.0,157.21,157.89,3345323
2025-11-17T11:15:00+05:30,157.84,158.43,157.33,158.0,3872360
2025-11-17T11:30:00+05:30,158.0,163.75,157.82,162.9,29789873
2025-11-17T11:45:00+05:30,162.94,164.5,161.71,164.19,22734302
2025-11-17T12:00:00+05:30,164.2,169.79,164.1,167.64,49360010
2025-11-17T12:15:00+05:30,167.64,169.4,166.52,168.91,20022013
2025-11-17T12:30:00+05:30,168.87,169.29,167.4,167.69,13627977
2025-11-17T12:45:00+05:30,167.69,168.9,167.12,167.75,8790084
2025-11-17T13:00:00+05:30,167.8,168.0,165.52,165.82,14956990
2025-11-17T13:15:00+05:30,165.82,171.7,165.73,170.89,25834542
2025-11-17T13:30:00+05:30,170.9,171.26,169.17,170.2,15528419
2025-11-17T13:45:00+05:30,170.19,171.9,169.8,171.1,11357278
2025-11-17T14:00:00+05:30,171.17,172.0,168.36,169.44,16054034
2025-11-17T14:15:00+05:30,169.44,171.5,168.18,170.58,16677531
2025-11-17T14:30:00+05:30,170.69,171.4,169.1,169.71,9247462
2025-11-17T14:45:00+05:30,169.7,170.0,168.67,169.32,13084430
2025-11-17T15:00:00+05:30,169.32,174.78,168.7,174.5,30222822
2025-11-17T15:15:00+05:30,174.5,178.23,173.47,178.23,31728077
2025-11-18T09:15:00+05:30,185.0,193.8,183.35,186.12,106057869
2025-11-18T09:30:00+05:30,186.12,188.5,182.31,184.56,35824162
2025-11-18T09:45:00+05:30,184.64,184.8,179.5,183.38,38292422
2025-11-18T10:00:00+05:30,183.48,184.85,182.0,183.41,13849837
2025-11-18T10:15:00+05:30,183.45,186.24,182.31,185.7,15473904
2025-11-18T10:30:00+05:30,185.7,188.7,185.32,187.0,20654418
2025-11-18T10:45:00+05:30,187.0,187.56,185.4,186.89,11028164
2025-11-18T11:00:00+05:30,186.89,186.95,185.11,185.82,5355263
2025-11-18T11:15:00+05:30,185.82,187.67,185.6,186.84,6569292
2025-11-18T11:30:00+05:30,186.75,188.0,186.31,187.99,6080104
2025-11-18T11:45:00+05:30,187.99,189.7,187.25,188.75,11680073
2025-11-18T12:00:00+05:30,188.74,189.3,187.8,188.31,7986182
2025-11-18T12:15:00+05:30,188.31,189.83,187.7,188.81,8107820
2025-11-18T12:30:00+05:30,188.83,189.7,187.75,188.44,6957977
2025-11-18T12:45:00+05:30,188.44,189.0,187.84,187.84,3810084
2025-11-18T13:00:00+05:30,187.9,188.4,186.28,187.77,6576295
2025-11-18T13:15:00+05:30,187.69,188.69,187.59,188.14,2986809
2025-11-18T13:30:00+05:30,188.08,190.8,188.0,189.2,13409912
2025-11-18T13:45:00+05:30,189.2,192.95,189.05,192.3,20034240
2025-11-18T14:00:00+05:30,192.3,193.0,190.4,191.8,15636183
2025-11-18T14:15:00+05:30,191.87,191.9,188.65,191.04,10468518
2025-11-18T14:30:00+05:30,191.04,191.9,188.3,189.15,9346881
2025-11-18T14:45:00+05:30,189.15,190.39,182.5,185.75,28024697
2025-11-18T15:00:00+05:30,185.84,193.25,185.3,188.94,34920776
2025-11-18T15:15:00+05:30,188.94,190.5,186.36,189.0,21116542
2025-11-19T09:15:00+05:30,187.99,187.99,177.0,180.74,54343921
2025-11-19T09:30:00+05:30,180.74,181.6,178.15,178.25,21266385
2025-11-19T09:45:00+05:30,178.25,179.16,169.89,169.89,51715544
2025-11-19T10:00:00+05:30,169.89,169.89,169.89,169.89,2363674
2025-11-19T10:15:00+05:30,169.89,169.89,169.89,169.89,715791
2025-11-19T10:30:00+05:30,169.89,169.89,169.89,169.89,446671
2025-11-19T10:45:00+05:30,169.89,169.89,169.89,169.89,310473
2025-11-19T11:00:00+05:30,169.89,169.89,169.89,169.89,250819
2025-11-19T11:15:00+05:30,169.89,169.89,169.89,169.89,184794
2025-11-19T11:30:00+05:30,169.89,169.89,169.89,169.89,157571
2025-11-19T11:45:00+05:30,169.89,169.89,169.89,169.89,144685
2025-11-19T12:00:00+05:30,169.89,169.89,169.89,169.89,118402
2025-11-19T12:15:00+05:30,169.89,169.89,169.89,169.89,123133
2025-11-19T12:30:00+05:30,169.89,169.89,169.89,169.89,103587
2025-11-19T12:45:00+05:30,169.89,169.89,169.89,169.89,138757
2025-11-19T13:00:00+05:30,169.89,169.89,169.89,169.89,99781
2025-11-19T13:15:00+05:30,169.89,169.89,169.89,169.89,77578
2025-11-19T13:30:00+05:30,169.89,169.89,169.89,169.89,78155
2025-11-19T13:45:00+05:30,169.89,169.89,169.89,169.89,61034
2025-11-19T14:00:00+05:30,169.89,169.89,169.89,169.89,131685
2025-11-19T14:15:00+05:30,169.89,169.89,169.89,169.89,84280
2025-11-19T14:30:00+05:30,169.89,169.89,169.89,169.89,70932
2025-11-19T14:45:00+05:30,169.89,169.89,169.89,169.89,72485
2025-11-19T15:00:00+05:30,169.89,169.89,169.89,169.89,6397888
2025-11-19T15:15:00+05:30,169.89,169.89,169.89,169.89,496238
2025-11-20T09:15:00+05:30,157.55,162.27,154.6,155.92,37300304
2025-11-20T09:30:00+05:30,155.9,159.5,154.1,159.1,14876093
2025-11-20T09:45:00+05:30,159.1,159.5,157.04,158.38,5397894
2025-11-20T10:00:00+05:30,158.45,158.5,155.5,156.18,4336152
2025-11-20T10:15:00+05:30,156.2,157.79,155.22,157.49,3740939
2025-11-20T10:30:00+05:30,157.49,158.79,157.0,157.19,3132014
2025-11-20T10:45:00+05:30,157.18,157.7,156.42,157.58,1418087
2025-11-20T11:00:00+05:30,157.51,157.6,156.1,156.34,1108339
2025-11-20T11:15:00+05:30,156.32,156.99,155.75,156.43,1600064
2025-11-20T11:30:00+05:30,156.43,158.4,156.3,157.37,1753814
2025-11-20T11:45:00+05:30,157.37,157.4,155.5,157.11,1830075
2025-11-20T12:00:00+05:30,157.12,157.4,156.64,156.9,892923
2025-11-20T12:15:00+05:30,156.92,157.29,156.64,156.73,531488
2025-11-20T12:30:00+05:30,156.73,157.37,155.63,155.93,1692984
2025-11-20T12:45:00+05:30,155.94,155.94,153.1,154.12,7333770
2025-11-20T13:00:00+05:30,154.22,154.79,153.4,154.47,1671200
2025-11-20T13:15:00+05:30,154.48,154.99,154.36,154.56,1005235
2025-11-20T13:30:00+05:30,154.56,155.99,154.01,155.7,1688975
2025-11-20T13:45:00+05:30,155.69,156.9,155.1,155.73,2149639
2025-11-20T14:00:00+05:30,155.73,156.9,155.62,156.45,1288862
2025-11-20T14:15:00+05:30,156.46,160.5,155.25,158.58,7526111
2025-11-20T14:30:00+05:30,158.65,159.7,157.2,157.55,4117334
2025-11-20T14:45:00+05:30,157.51,159.2,157.4,157.72,2111365
2025-11-20T15:00:00+05:30,157.72,158.75,155.6,155.94,4141411
2025-11-20T15:15:00+05:30,155.94,157.33,155.82,156.41,4299134
2025-11-21T09:15:00+05:30,156.02,165.77,156.0,164.44,34326274
2025-11-21T09:30:00+05:30,164.34,166.0,163.9,165.4,13543497
2025-11-21T09:45:00+05:30,165.4,168.39,164.75,167.23,16753436
2025-11-21T10:00:00+05:30,167.25,167.39,165.5,166.05,5148457
2025-11-21T10:15:00+05:30,166.1,166.36,164.16,164.45,8018810
2025-11-21T10:30:00+05:30,164.56,165.49,162.8,163.71,9173291
2025-11-21T10:45:00+05:30,163.71,164.9,163.53,164.44,4317103
2025-11-21T11:00:00+05:30,164.44,166.9,164.3,165.52,6388815
2025-11-21T11:15:00+05:30,165.61,165.62,164.13,164.96,3157070
2025-11-21T11:30:00+05:30,164.95,165.0,164.28,164.63,1633188
2025-11-21T11:45:00+05:30,164.63,165.3,164.3,164.88,1644636
2025-11-21T12:00:00+05:30,164.88,166.2,164.86,165.2,3314705
2025-11-21T12:15:00+05:30,165.16,165.75,164.62,164.75,2045413
2025-11-21T12:30:00+05:30,164.75,165.25,164.3,165.06,1335863
2025-11-21T12:45:00+05:30,165.06,165.19,164.46,164.52,882462
2025-11-21T13:00:00+05:30,164.52,164.99,158.05,158.6,11434920
2025-11-21T13:15:00+05:30,158.6,161.49,158.05,159.85,9486266
2025-11-21T13:30:00+05:30,159.86,160.5,155.6,157.43,10497375
2025-11-21T13:45:00+05:30,157.42,158.64,156.5,157.99,6810071
2025-11-21T14:00:00+05:30,157.91,158.5,156.52,157.96,4669804
2025-11-21T14:15:00+05:30,157.96,159.74,157.3,158.92,5132287
2025-11-21T14:30:00+05:30,158.88,159.15,157.33,157.95,2988384
2025-11-21T14:45:00+05:30,157.95,157.99,156.8,157.39,3667778
2025-11-21T15:00:00+05:30,157.39,161.0,157.01,158.87,7597208
2025-11-21T15:15:00+05:30,158.87,158.89,155.75,156.94,8074743
2025-11-24T09:15:00+05:30,159.26,163.38,159.26,163.2,19173292
2025-11-24T09:30:00+05:30,163.2,163.2,160.54,160.54,8298013
2025-11-24T09:45:00+05:30,160.54,161.38,157.4,158.54,8213230
2025-11-24T10:00:00+05:30,158.52,160.36,158.25,159.99,4645762
2025-11-24T10:15:00+05:30,159.99,160.8,158.58,158.65,3295597
2025-11-24T10:30:00+05:30,158.69,159.29,158.5,158.79,1436501
2025-11-24T10:45:00+05:30,158.8,160.2,158.7,158.95,1991316
2025-11-24T11:00:00+05:30,158.95,159.33,158.51,158.75,1193485
2025-11-24T11:15:00+05:30,158.75,159.11,156.33,156.59,3183927
2025-11-24T11:30:00+05:30,156.51,157.2,155.95,156.95,3150729
2025-11-24T11:45:00+05:30,156.95,156.95,153.3,153.81,5342250
2025-11-24T12:00:00+05:30,153.84,154.84,152.7,154.33,4514221
2025-11-24T12:15:00+05:30,154.39,155.2,153.6,153.7,2271737
2025-11-24T12:30:00+05:30,153.7,155.3,153.6,154.5,1609052
2025-11-24T12:45:00+05:30,154.5,154.75,153.8,154.1,831855
2025-11-24T13:00:00+05:30,154.1,155.67,153.61,154.85,1515141
2025-11-24T13:15:00+05:30,154.8,154.85,153.6,153.66,1061698
2025-11-24T13:30:00+05:30,153.62,154.18,153.5,153.89,908612
2025-11-24T13:45:00+05:30,153.83,155.42,153.8,154.44,2188489
2025-11-24T14:00:00+05:30,154.4,154.58,153.89,154.06,935838
2025-11-24T14:15:00+05:30,154.06,154.5,153.05,153.7,1564288
2025-11-24T14:30:00+05:30,153.7,154.43,153.2,153.87,1168236
2025-11-24T14:45:00+05:30,153.89,154.3,153.6,154.06,1125863
2025-11-24T15:00:00+05:30,154.06,154.5,151.0,152.51,5412168
2025-11-24T15:15:00+05:30,152.55,152.6,150.0,151.19,6357763
2025-11-25T09:15:00+05:30,152.55,157.29,152.55,156.75,15939363
2025-11-25T09:30:00+05:30,156.72,157.2,155.85,156.72,5853662
2025-11-25T09:45:00+05:30,156.72,159.34,156.5,157.1,9716012
2025-11-25T10:00:00+05:30,157.1,157.69,156.56,157.49,3754497
2025-11-25T10:15:00+05:30,157.48,158.0,156.81,157.15,1918132
2025-11-25T10:30:00+05:30,157.15,157.15,156.24,156.92,2061705
2025-11-25T10:45:00+05:30,156.93,156.94,155.85,156.33,1889918
2025-11-25T11:00:00+05:30,156.32,157.8,156.12,157.0,2021997
2025-11-25T11:15:00+05:30,157.08,157.33,156.36,156.92,1024028
2025-11-25T11:30:00+05:30,156.97,157.29,156.61,157.0,749056
2025-11-25T11:45:00+05:30,156.97,157.49,156.9,157.0,869203
2025-11-25T12:00:00+05:30,157.0,157.0,156.72,156.85,365821
2025-11-25T12:15:00+05:30,156.82,157.39,156.78,157.01,655441
2025-11-25T12:30:00+05:30,157.05,158.37,156.92,158.16,1422209
2025-11-25T12:45:00+05:30,158.2,158.49,157.5,158.02,1614749
2025-11-25T13:00:00+05:30,158.1,158.24,157.33,157.68,788419
2025-11-25T13:15:00+05:30,157.74,158.19,157.01,157.21,1130161
2025-11-25T13:30:00+05:30,157.21,157.43,156.7,156.97,1037803
2025-11-25T13:45:00+05:30,156.97,157.18,156.67,157.09,897870
2025-11-25T14:00:00+05:30,157.02,157.24,156.7,156.8,794810
2025-11-25T14:15:00+05:30,156.79,157.9,156.73,157.05,878978
2025-11-25T14:30:00+05:30,157.1,158.64,157.01,157.65,2049356
2025-11-25T14:45:00+05:30,157.6,162.8,157.16,161.63,13461201
2025-11-25T15:00:00+05:30,161.57,163.2,160.2,162.24,10998095
2025-11-25T15:15:00+05:30,162.28,162.39,159.12,160.3,9333507
2025-11-26T09:15:00+05:30,161.99,164.65,161.51,161.66,11416236
2025-11-26T09:30:00+05:30,161.57,165.45,160.55,164.45,10132002
2025-11-26T09:45:00+05:30,164.43,164.5,162.45,162.66,4092470
2025-11-26T10:00:00+05:30,162.6,163.7,162.5,163.42,1744671
2025-11-26T10:15:00+05:30,163.37,165.2,163.02,163.18,5205213
2025-11-26T10:30:00+05:30,163.1,164.33,162.9,163.6,1861774
2025-11-26T10:45:00+05:30,163.6,163.92,162.9,163.11,1484397
2025-11-26T11:00:00+05:30,163.12,163.74,162.92,163.59,1102167
2025-11-26T11:15:00+05:30,163.59,163.59,163.03,163.45,731145
2025-11-26T11:30:00+05:30,163.45,163.6,163.15,163.25,560574
2025-11-26T11:45:00+05:30,163.35,163.37,162.12,162.7,1897620
2025-11-26T12:00:00+05:30,162.7,162.78,161.22,161.75,2034892
2025-11-26T12:15:00+05:30,161.8,162.41,161.65,162.22,847735
2025-11-26T12:30:00+05:30,162.16,163.1,161.61,162.3,1590434
2025-11-26T12:45:00+05:30,162.3,162.5,162.02,162.23,480793
2025-11-26T13:00:00+05:30,162.24,162.45,162.1,162.22,323645
2025-11-26T13:15:00+05:30,162.14,162.3,160.8,161.11,1945429
2025-11-26T13:30:00+05:30,161.11,161.5,158.88,160.83,4204431
2025-11-26T13:45:00+05:30,160.88,161.7,160.52,161.52,1419773
2025-11-26T14:00:00+05:30,161.5,162.29,161.35,161.69,1474974
2025-11-26T14:15:00+05:30,161.67,162.5,161.5,161.93,1252289
2025-11-26T14:30:00+05:30,161.93,163.75,161.73,162.97,3260395
2025-11-26T14:45:00+05:30,162.95,163.4,162.52,163.0,1228588
2025-11-26T15:00:00+05:30,163.0,163.83,162.81,162.92,2952137
2025-11-26T15:15:00+05:30,162.91,163.0,162.11,162.9,4164015
2025-11-27T09:15:00+05:30,164.2,164.48,161.12,161.4,4916773
2025-11-27T09:30:00+05:30,161.36,162.2,160.52,161.4,2685200
2025-11-27T09:45:00+05:30,161.36,161.88,160.83,161.2,1063514
2025-11-27T10:00:00+05:30,161.2,162.45,160.54,161.4,1928108
2025-11-27T10:15:00+05:30,161.4,162.0,161.3,161.38,540651
2025-11-27T10:30:00+05:30,161.45,161.5,160.75,160.8,919466
2025-11-27T10:45:00+05:30,160.8,161.13,160.6,160.77,682781
2025-11-27T11:00:00+05:30,160.77,160.89,159.9,159.93,1482319
2025-11-27T11:15:00+05:30,159.93,161.0,159.51,160.42,1519479
2025-11-27T11:30:00+05:30,160.42,160.5,159.87,160.43,519534
2025-11-27T11:45:00+05:30,160.4,160.44,159.63,160.1,584252
2025-11-27T12:00:00+05:30,160.16,160.34,159.81,159.9,303406
2025-11-27T12:15:00+05:30,159.9,160.13,159.5,159.68,536164
2025-11-27T12:30:00+05:30,159.68,160.1,159.63,159.95,360012
2025-11-27T12:45:00+05:30,159.92,160.4,159.84,160.05,469563
2025-11-27T13:00:00+05:30,160.05,160.09,159.8,159.81,238577
2025-11-27T13:15:00+05:30,159.86,159.88,159.2,159.3,654154
2025-11-27T13:30:00+05:30,159.3,159.68,159.29,159.5,459740
2025-11-27T13:45:00+05:30,159.5,160.2,159.15,159.72,748798
2025-11-27T14:00:00+05:30,159.8,160.92,159.7,160.61,1119868
2025-11-27T14:15:00+05:30,160.6,161.1,160.54,160.94,1022676
2025-11-27T14:30:00+05:30,160.99,161.05,160.31,160.5,1038129
2025-11-27T14:45:00+05:30,160.5,160.76,160.1,160.11,729086
2025-11-27T15:00:00+05:30,160.11,160.7,159.9,160.22,1774102
2025-11-27T15:15:00+05:30,160.27,160.5,159.95,160.45,3097521
2025-11-28T09:15:00+05:30,160.29,163.25,159.26,160.99,5858476
2025-11-28T09:30:00+05:30,160.99,161.5,160.4,160.7,1628188
2025-11-28T09:45:00+05:30,160.7,160.95,160.24,160.35,999691
2025-11-28T10:00:00+05:30,160.35,160.37,159.43,159.9,1929657
2025-11-28T10:15:00+05:30,159.91,160.1,158.2,158.66,2185044
2025-11-28T10:30:00+05:30,158.7,159.2,158.6,158.9,677071
2025-11-28T10:45:00+05:30,158.9,159.08,158.51,158.65,513124
2025-11-28T11:00:00+05:30,158.67,158.67,158.1,158.45,648574
2025-11-28T11:15:00+05:30,158.45,159.47,158.3,159.15,882770
2025-11-28T11:30:00+05:30,159.21,159.22,158.6,158.71,457409
2025-11-28T11:45:00+05:30,158.79,159.24,158.72,158.94,229028
2025-11-28T12:00:00+05:30,158.94,159.1,158.6,159.06,398781
2025-11-28T12:15:00+05:30,159.06,159.09,158.54,158.6,311576
2025-11-28T12:30:00+05:30,158.62,158.8,158.41,158.48,311470
2025-11-28T12:45:00+05:30,158.45,158.79,158.39,158.79,193616
2025-11-28T13:00:00+05:30,158.72,159.05,158.65,158.93,340036
2025-11-28T13:15:00+05:30,158.95,158.99,158.64,158.73,239579
2025-11-28T13:30:00+05:30,158.76,158.97,158.73,158.84,152005
2025-11-28T13:45:00+05:30,158.84,158.9,158.61,158.78,210249
2025-11-28T14:00:00+05:30,158.78,159.0,158.73,158.88,217671
2025-11-28T14:15:00+05:30,158.88,158.9,158.7,158.84,233604
2025-11-28T14:30:00+05:30,158.84,159.51,158.8,158.91,930922
2025-11-28T14:45:00+05:30,158.91,158.98,158.8,158.94,357779
2025-11-28T15:00:00+05:30,158.93,159.25,158.42,158.54,1145052
2025-11-28T15:15:00+05:30,158.54,159.5,158.52,159.2,2135486
2025-12-01T09:15:00+05:30,160.0,160.4,156.63,157.56,3818450
2025-12-01T09:30:00+05:30,157.56,157.7,156.9,156.91,1097500
2025-12-01T09:45:00+05:30,157.02,157.4,156.25,156.27,1429568
2025-12-01T10:00:00+05:30,156.27,161.95,155.8,161.35,6637625
2025-12-01T10:15:00+05:30,161.35,161.4,158.71,159.24,2508987
2025-12-01T10:30:00+05:30,159.23,159.85,158.2,158.55,1387898
2025-12-01T10:45:00+05:30,158.55,158.7,158.12,158.66,538255
2025-12-01T11:00:00+05:30,158.66,158.8,157.8,158.15,654444
2025-12-01T11:15:00+05:30,158.15,158.46,157.9,158.18,351926
2025-12-01T11:30:00+05:30,158.19,158.3,157.9,157.99,294763
2025-12-01T11:45:00+05:30,158.0,158.2,157.93,158.03,310045
2025-12-01T12:00:00+05:30,158.04,158.18,157.75,157.91,266557
2025-12-01T12:15:00+05:30,157.98,157.99,157.25,157.48,543143
2025-12-01T12:30:00+05:30,157.5,157.65,157.3,157.64,269134
2025-12-01T12:45:00+05:30,157.65,158.1,157.5,158.04,355629
2025-12-01T13:00:00+05:30,158.09,158.18,157.56,157.75,306980
2025-12-01T13:15:00+05:30,157.75,157.97,157.5,157.6,197376
2025-12-01T13:30:00+05:30,157.6,157.95,157.5,157.81,236279
2025-12-01T13:45:00+05:30,157.85,157.85,157.54,157.77,154514
2025-12-01T14:00:00+05:30,157.77,158.0,157.6,157.65,240677
2025-12-01T14:15:00+05:30,157.65,157.71,157.11,157.41,454919
2025-12-01T14:30:00+05:30,157.4,157.49,156.61,156.69,584750
2025-12-01T14:45:00+05:30,156.69,156.75,156.24,156.72,544519
2025-12-01T15:00:00+05:30,156.72,157.79,156.54,157.22,1078390
2025-12-01T15:15:00+05:30,157.22,157.9,157.02,157.65,1913631
2025-12-02T09:15:00+05:30,157.47,160.45,156.89,157.86,5775895
2025-12-02T09:30:00+05:30,157.8,158.72,157.56,158.24,1428944
2025-12-02T09:45:00+05:30,158.24,158.49,157.77,158.1,1046323
2025-12-02T10:00:00+05:30,158.13,158.2,157.5,157.57,586656
2025-12-02T10:15:00+05:30,157.6,157.94,157.3,157.7,601237
2025-12-02T10:30:00+05:30,157.7,157.8,157.3,157.31,319800
2025-12-02T10:45:00+05:30,157.31,158.38,157.01,157.83,749674
2025-12-02T11:00:00+05:30,157.8,157.84,157.52,157.65,241197
2025-12-02T11:15:00+05:30,157.56,157.87,157.55,157.71,130038
2025-12-02T11:30:00+05:30,157.65,157.8,157.6,157.7,154932
2025-12-02T11:45:00+05:30,157.7,157.8,157.62,157.63,213293
2025-12-02T12:00:00+05:30,157.7,157.75,157.49,157.64,240505
2025-12-02T12:15:00+05:30,157.66,157.74,157.52,157.7,154134
2025-12-02T12:30:00+05:30,157.7,158.24,157.63,157.78,320529
2025-12-02T12:45:00+05:30,157.79,157.91,157.51,157.61,170400
2025-12-02T13:00:00+05:30,157.55,157.61,157.11,157.42,411642
2025-12-02T13:15:00+05:30,157.34,157.51,157.15,157.36,212200
2025-12-02T13:30:00+05:30,157.37,157.44,157.1,157.19,176885
2025-12-02T13:45:00+05:30,157.2,157.71,157.2,157.37,380977
2025-12-02T14:00:00+05:30,157.44,157.5,157.24,157.3,184675
2025-12-02T14:15:00+05:30,157.34,157.5,157.3,157.39,140158
2025-12-02T14:30:00+05:30,157.38,157.78,157.2,157.39,404139
2025-12-02T14:45:00+05:30,157.4,157.6,157.28,157.36,229833
2025-12-02T15:00:00+05:30,157.46,158.2,157.35,158.1,989976
2025-12-02T15:15:00+05:30,158.1,158.34,157.6,157.94,1724327
2025-12-03T09:15:00+05:30,158.8,159.7,156.79,156.92,2450564
2025-12-03T09:30:00+05:30,156.9,157.15,156.11,156.37,1266251
2025-12-03T09:45:00+05:30,156.32,156.52,155.88,156.31,753597
2025-12-03T10:00:00+05:30,156.31,156.47,155.31,155.64,842302
2025-12-03T10:15:00+05:30,155.64,155.75,155.0,155.35,911718
2025-12-03T10:30:00+05:30,155.42,155.69,155.17,155.23,373834
2025-12-03T10:45:00+05:30,155.23,155.49,154.7,154.86,645918
2025-12-03T11:00:00+05:30,154.9,155.0,154.1,154.4,774740
2025-12-03T11:15:00+05:30,154.49,154.5,153.51,153.85,890181
2025-12-03T11:30:00+05:30,153.85,154.45,153.8,154.29,355894
2025-12-03T11:45:00+05:30,154.33,154.34,154.0,154.2,269971
2025-12-03T12:00:00+05:30,154.2,154.76,154.1,154.42,361089
2025-12-03T12:15:00+05:30,154.45,154.73,154.4,154.57,320210
2025-12-03T12:30:00+05:30,154.57,154.6,154.13,154.45,266502
2025-12-03T12:45:00+05:30,154.39,154.72,154.27,154.65,175810
2025-12-03T13:00:00+05:30,154.6,154.73,154.41,154.66,208360
2025-12-03T13:15:00+05:30,154.6,154.71,154.05,154.2,290327
2025-12-03T13:30:00+05:30,154.27,154.34,154.0,154.11,213088
2025-12-03T13:45:00+05:30,154.14,154.32,153.7,154.17,293656
2025-12-03T14:00:00+05:30,154.16,154.68,154.1,154.31,173437
2025-12-03T14:15:00+05:30,154.37,154.6,154.2,154.26,194533
2025-12-03T14:30:00+05:30,154.26,154.51,154.0,154.35,382735
2025-12-03T14:45:00+05:30,154.35,154.49,154.16,154.4,206155
2025-12-03T15:00:00+05:30,154.4,155.0,154.02,154.4,1362112
2025-12-03T15:15:00+05:30,154.5,155.01,154.4,154.94,3127813
2025-12-04T09:15:00+05:30,154.6,154.9,148.41,149.5,7559399
2025-12-04T09:30:00+05:30,149.45,151.23,148.9,151.07,2699933
2025-12-04T09:45:00+05:30,151.03,151.59,150.26,151.35,2235073
2025-12-04T10:00:00+05:30,151.35,151.7,150.7,151.59,948483
2025-12-04T10:15:00+05:30,151.55,152.4,151.07,152.13,1084852
2025-12-04T10:30:00+05:30,152.1,152.7,151.7,151.98,1294732
2025-12-04T10:45:00+05:30,151.91,152.4,151.2,151.45,1024993
2025-12-04T11:00:00+05:30,151.44,151.45,150.66,151.1,777196
2025-12-04T11:15:00+05:30,151.1,151.2,150.66,150.7,515728
2025-12-04T11:30:00+05:30,150.7,151.3,150.55,150.75,752023
2025-12-04T11:45:00+05:30,150.75,150.91,150.3,150.55,502515
2025-12-04T12:00:00+05:30,150.55,150.6,149.4,149.65,1233653
2025-12-04T12:15:00+05:30,149.65,149.67,149.2,149.39,735764
2025-12-04T12:30:00+05:30,149.39,149.51,149.02,149.16,481442
2025-12-04T12:45:00+05:30,149.17,149.2,148.75,149.18,854603
2025-12-04T13:00:00+05:30,149.18,149.18,148.15,148.5,810577
2025-12-04T13:15:00+05:30,148.48,148.9,148.4,148.65,674292
2025-12-04T13:30:00+05:30,148.65,148.72,148.25,148.67,415072
2025-12-04T13:45:00+05:30,148.67,148.8,147.51,147.74,1320716
2025-12-04T14:00:00+05:30,147.7,147.8,146.15,146.35,2053723
2025-12-04T14:15:00+05:30,146.35,147.29,145.7,147.03,2076762
2025-12-04T14:30:00+05:30,147.08,147.28,144.11,144.38,3341854
2025-12-04T14:45:00+05:30,144.38,145.14,144.35,144.86,1963806
2025-12-04T15:00:00+05:30,144.87,146.49,142.91,146.18,5378370
2025-12-04T15:15:00+05:30,146.17,146.94,145.55,146.83,3528614
2025-12-05T09:15:00+05:30,146.24,150.39,146.21,147.93,6659337
2025-12-05T09:30:00+05:30,147.88,149.0,147.55,148.13,3098820
2025-12-05T09:45:00+05:30,148.07,149.4,148.07,148.85,2284379
2025-12-05T10:00:00+05:30,148.92,149.38,148.16,148.94,1757648
2025-12-05T10:15:00+05:30,148.94,149.2,147.77,147.85,1411699
2025-12-05T10:30:00+05:30,147.82,148.5,147.35,148.23,1490355
2025-12-05T10:45:00+05:30,148.19,148.7,148.1,148.2,862098
2025-12-05T11:00:00+05:30,148.22,148.5,148.1,148.37,401529
2025-12-05T11:15:00+05:30,148.37,148.9,148.13,148.55,449769
2025-12-05T11:30:00+05:30,148.55,148.8,148.34,148.65,360225
2025-12-05T11:45:00+05:30,148.65,148.7,148.02,148.2,358937
2025-12-05T12:00:00+05:30,148.24,148.4,147.98,148.04,403632
2025-12-05T12:15:00+05:30,148.04,148.24,148.0,148.12,169847
2025-12-05T12:30:00+05:30,148.19,148.51,148.12,148.37,282781
2025-12-05T12:45:00+05:30,148.32,149.0,148.19,148.4,776343
2025-12-05T13:00:00+05:30,148.36,149.45,148.31,148.68,786210
2025-12-05T13:15:00+05:30,148.68,149.7,148.66,149.06,1310341
2025-12-05T13:30:00+05:30,149.13,151.69,149.06,151.31,5047110
2025-12-05T13:45:00+05:30,151.33,152.95,151.01,151.6,6557438
2025-12-05T14:00:00+05:30,151.65,152.59,151.01,151.99,3821599
2025-12-05T14:15:00+05:30,151.99,152.11,150.81,151.27,1344185
2025-12-05T14:30:00+05:30,151.25,151.5,150.26,150.91,1377669
2025-12-05T14:45:00+05:30,150.85,151.29,149.8,150.4,3619110
2025-12-05T15:00:00+05:30,150.39,152.2,150.2,151.78,3502374
2025-12-05T15:15:00+05:30,151.78,152.25,150.26,151.2,5139686
2025-12-08T09:15:00+05:30,151.6,152.0,149.04,150.57,3823640
2025-12-08T09:30:00+05:30,150.57,154.0,150.21,153.36,4745032
2025-12-08T09:45:00+05:30,153.4,154.5,152.62,153.91,5107203
2025-12-08T10:00:00+05:30,153.91,154.65,153.27,154.49,4092823
2025-12-08T10:15:00+05:30,154.4,154.61,152.73,153.2,3160785
2025-12-08T10:30:00+05:30,153.22,153.6,152.7,153.01,1497584
2025-12-08T10:45:00+05:30,153.05,154.35,153.0,153.72,1679542
2025-12-08T11:00:00+05:30,153.64,154.77,153.15,154.15,2588687
2025-12-08T11:15:00+05:30,154.15,154.58,153.8,154.05,1329426
2025-12-08T11:30:00+05:30,154.05,154.95,154.0,154.78,1481910
2025-12-08T11:45:00+05:30,154.78,157.37,154.41,157.02,7206644
2025-12-08T12:00:00+05:30,157.06,157.5,155.72,155.98,5711450
2025-12-08T12:15:00+05:30,155.98,156.3,154.64,155.43,3387760
2025-12-08T12:30:00+05:30,155.48,157.4,155.43,156.68,3660193
2025-12-08T12:45:00+05:30,156.7,156.85,156.0,156.42,1788589
2025-12-08T13:00:00+05:30,156.36,156.87,156.01,156.17,1431040
2025-12-08T13:15:00+05:30,156.17,156.2,155.4,155.65,1745849
2025-12-08T13:30:00+05:30,155.57,156.3,154.92,155.99,2471465
2025-12-08T13:45:00+05:30,155.99,156.74,155.85,156.46,1676288
2025-12-08T14:00:00+05:30,156.42,156.64,155.7,156.1,1489883
2025-12-08T14:15:00+05:30,156.15,156.33,155.19,155.65,1848409
2025-12-08T14:30:00+05:30,155.65,155.65,153.01,153.96,5209056
2025-12-08T14:45:00+05:30,153.77,153.99,152.3,152.6,3763172
2025-12-08T15:00:00+05:30,152.6,153.5,151.8,151.99,3795419
2025-12-08T15:15:00+05:30,151.99,152.0,150.0,151.7,5335259
2025-12-09T09:15:00+05:30,152.0,152.29,146.3,147.55,8892576
2025-12-09T09:30:00+05:30,147.55,147.56,146.36,146.52,2663552
2025-12-09T09:45:00+05:30,146.5,146.73,144.4,144.5,3739228
2025-12-09T10:00:00+05:30,144.48,146.2,144.2,145.66,4006097
2025-12-09T10:15:00+05:30,145.66,146.7,145.52,146.11,2318775
2025-12-09T10:30:00+05:30,146.14,147.0,145.3,146.7,2507626
2025-12-09T10:45:00+05:30,146.75,147.2,146.1,147.19,1430379
2025-12-09T11:00:00+05:30,147.19,147.65,146.8,147.58,1689296
2025-12-09T11:15:00+05:30,147.5,147.8,147.11,147.41,1285174
2025-12-09T11:30:00+05:30,147.44,147.5,146.71,146.71,998470
2025-12-09T11:45:00+05:30,146.74,147.25,146.52,147.06,693478
2025-12-09T12:00:00+05:30,147.06,147.65,146.9,147.5,734430
2025-12-09T12:15:00+05:30,147.51,147.6,147.09,147.16,720266
2025-12-09T12:30:00+05:30,147.17,147.2,146.65,146.88,653718
2025-12-09T12:45:00+05:30,146.85,147.5,146.31,146.65,1003347
2025-12-09T13:00:00+05:30,146.65,147.05,146.48,146.74,576506
2025-12-09T13:15:00+05:30,146.74,146.99,146.64,146.95,423864
2025-12-09T13:30:00+05:30,146.95,147.44,146.71,147.3,514378
2025-12-09T13:45:00+05:30,147.28,147.3,146.88,146.99,445762
2025-12-09T14:00:00+05:30,146.99,147.2,146.74,146.83,443847
2025-12-09T14:15:00+05:30,146.83,146.98,146.1,146.35,1236693
2025-12-09T14:30:00+05:30,146.38,146.48,145.75,146.15,1138945
2025-12-09T14:45:00+05:30,146.19,147.48,146.1,147.35,1720564
2025-12-09T15:00:00+05:30,147.34,151.56,147.3,150.0,7123855
2025-12-09T15:15:00+05:30,150.0,150.38,149.71,150.03,3193252
2025-12-10T09:15:00+05:30,147.6,148.3,144.02,144.73,9522149
2025-12-10T09:30:00+05:30,144.73,145.69,144.7,144.85,4208931
2025-12-10T09:45:00+05:30,144.83,145.0,144.05,144.06,3123552
2025-12-10T10:00:00+05:30,144.11,144.42,143.29,144.32,3218947
2025-12-10T10:15:00+05:30,144.32,144.57,143.8,144.1,1296956
2025-12-10T10:30:00+05:30,144.11,144.11,142.89,143.0,2973948
2025-12-10T10:45:00+05:30,143.0,143.0,142.5,142.82,1697162
2025-12-10T11:00:00+05:30,142.88,143.39,142.7,142.77,1302123
2025-12-10T11:15:00+05:30,142.77,143.57,142.11,143.1,4615639
2025-12-10T11:30:00+05:30,143.14,143.91,142.7,143.34,3850253
2025-12-10T11:45:00+05:30,143.34,143.47,143.07,143.3,444726
2025-12-10T12:00:00+05:30,143.3,143.41,143.16,143.28,393740
2025-12-10T12:15:00+05:30,143.28,143.3,143.0,143.01,426596
2025-12-10T12:30:00+05:30,143.03,143.3,143.0,143.18,386742
2025-12-10T12:45:00+05:30,143.16,143.85,143.15,143.57,895090
2025-12-10T13:00:00+05:30,143.59,143.75,143.15,143.52,473166
2025-12-10T13:15:00+05:30,143.61,143.64,143.17,143.41,475410
2025-12-10T13:30:00+05:30,143.47,143.79,143.2,143.24,751568
2025-12-10T13:45:00+05:30,143.24,143.55,143.2,143.35,1658426
2025-12-10T14:00:00+05:30,143.35,144.3,143.24,144.0,1679111
2025-12-10T14:15:00+05:30,144.0,144.29,143.88,144.0,1410380
2025-12-10T14:30:00+05:30,144.01,144.9,143.0,143.18,2365209
2025-12-10T14:45:00+05:30,143.12,146.14,143.1,145.9,5714094
2025-12-10T15:00:00+05:30,145.9,146.82,145.01,145.84,5657046
2025-12-10T15:15:00+05:30,145.84,146.71,145.15,145.69,4419205
2025-12-11T09:15:00+05:30,145.75,149.22,145.75,148.21,4824269
2025-12-11T09:30:00+05:30,148.23,148.4,146.96,147.47,2040437
2025-12-11T09:45:00+05:30,147.47,148.2,147.2,147.75,1061468
2025-12-11T10:00:00+05:30,147.7,147.81,146.0,147.12,1608199
2025-12-11T10:15:00+05:30,147.18,148.66,147.1,148.0,1912706
2025-12-11T10:30:00+05:30,148.06,148.75,147.8,148.05,648083
2025-12-11T10:45:00+05:30,148.0,148.1,147.6,147.73,410200
2025-12-11T11:00:00+05:30,147.65,147.81,147.22,147.63,474126
2025-12-11T11:15:00+05:30,147.57,148.2,147.57,148.0,312432
2025-12-11T11:30:00+05:30,147.99,148.08,147.8,147.91,168701
2025-12-11T11:45:00+05:30,147.98,148.37,147.8,148.11,390420
2025-12-11T12:00:00+05:30,148.14,148.28,147.92,147.95,290802
2025-12-11T12:15:00+05:30,147.99,149.6,147.95,149.1,1537915
2025-12-11T12:30:00+05:30,149.05,149.13,147.8,148.2,790728
2025-12-11T12:45:00+05:30,148.2,148.36,148.01,148.17,427774
2025-12-11T13:00:00+05:30,148.14,148.34,147.05,147.6,1072426
2025-12-11T13:15:00+05:30,147.6,147.94,147.4,147.68,408673
2025-12-11T13:30:00+05:30,147.72,147.9,147.54,147.57,282981
2025-12-11T13:45:00+05:30,147.58,147.58,146.67,147.12,1101368
2025-12-11T14:00:00+05:30,147.12,147.23,146.12,146.9,1180960
2025-12-11T14:15:00+05:30,146.85,147.01,146.37,146.98,592448
2025-12-11T14:30:00+05:30,146.98,147.0,146.4,146.6,545110
2025-12-11T14:45:00+05:30,146.6,147.0,146.5,146.72,487358
2025-12-11T15:00:00+05:30,146.75,146.79,145.5,145.59,1762987
2025-12-11T15:15:00+05:30,145.59,145.6,144.15,144.75,2572877
2025-12-12T09:15:00+05:30,146.0,146.83,145.25,145.76,3546208
2025-12-12T09:30:00+05:30,145.76,146.4,144.65,144.7,2203070
2025-12-12T09:45:00+05:30,144.7,145.0,144.55,144.71,1162324
2025-12-12T10:00:00+05:30,144.73,144.85,144.41,144.7,831444
2025-12-12T10:15:00+05:30,144.7,144.75,144.1,144.19,624771
2025-12-12T10:30:00+05:30,144.18,144.55,144.1,144.2,587545
2025-12-12T10:45:00+05:30,144.2,145.15,143.96,144.63,1155048
2025-12-12T11:00:00+05:30,144.61,144.8,144.46,144.77,302173
2025-12-12T11:15:00+05:30,144.77,144.95,144.55,144.59,325101
2025-12-12T11:30:00+05:30,144.57,144.73,144.27,144.32,419221
2025-12-12T11:45:00+05:30,144.32,144.51,144.1,144.45,422888
2025-12-12T12:00:00+05:30,144.45,144.47,144.22,144.31,315464
2025-12-12T12:15:00+05:30,144.38,144.5,144.2,144.4,295250
2025-12-12T12:30:00+05:30,144.35,144.59,144.28,144.5,287145
2025-12-12T12:45:00+05:30,144.5,144.64,144.4,144.52,240056
2025-12-12T13:00:00+05:30,144.58,144.82,144.4,144.53,589722
2025-12-12T13:15:00+05:30,144.54,144.71,144.3,144.41,297136
2025-12-12T13:30:00+05:30,144.41,144.82,144.3,144.55,411726
2025-12-12T13:45:00+05:30,144.6,144.65,144.3,144.4,347270
2025-12-12T14:00:00+05:30,144.37,144.84,144.3,144.62,384295
2025-12-12T14:15:00+05:30,144.57,144.95,144.5,144.64,504864
2025-12-12T14:30:00+05:30,144.65,145.3,144.6,144.83,1039576
2025-12-12T14:45:00+05:30,144.8,146.0,144.75,145.63,2501973
2025-12-12T15:00:00+05:30,145.63,145.95,145.0,145.29,2106690
2025-12-12T15:15:00+05:30,145.24,145.5,144.2,144.4,2284698
2025-12-15T09:15:00+05:30,144.99,146.45,144.0,145.0,2776224
2025-12-15T09:30:00+05:30,145.04,145.5,144.87,145.1,839260
2025-12-15T09:45:00+05:30,145.1,145.9,144.96,145.48,690588
2025-12-15T10:00:00+05:30,145.48,146.0,145.27,145.6,676415
2025-12-15T10:15:00+05:30,145.6,145.84,145.15,145.31,431848
2025-12-15T10:30:00+05:30,145.37,145.45,144.85,145.28,452491
2025-12-15T10:45:00+05:30,145.25,145.67,145.21,145.36,465091
2025-12-15T11:00:00+05:30,145.39,145.57,145.32,145.35,177905
2025-12-15T11:15:00+05:30,145.4,145.78,145.1,145.48,286617
2025-12-15T11:30:00+05:30,145.48,145.48,145.01,145.04,272542
2025-12-15T11:45:00+05:30,145.02,145.4,145.02,145.37,248775
2025-12-15T12:00:00+05:30,145.32,145.38,145.2,145.22,168139
2025-12-15T12:15:00+05:30,145.22,145.3,145.03,145.29,153262
2025-12-15T12:30:00+05:30,145.3,145.4,144.81,144.93,300544
2025-12-15T12:45:00+05:30,144.99,145.13,144.85,144.94,206082
2025-12-15T13:00:00+05:30,144.94,145.0,144.71,144.93,265627
2025-12-15T13:15:00+05:30,144.87,145.15,144.8,144.81,225083
2025-12-15T13:30:00+05:30,144.81,145.1,144.8,144.9,168391
2025-12-15T13:45:00+05:30,144.9,145.15,144.61,144.67,212566
2025-12-15T14:00:00+05:30,144.74,144.94,144.74,144.85,122298
2025-12-15T14:15:00+05:30,144.85,144.95,144.8,144.92,176682
2025-12-15T14:30:00+05:30,144.92,145.42,144.75,145.42,508842
2025-12-15T14:45:00+05:30,145.4,145.7,144.83,145.58,913780
2025-12-15T15:00:00+05:30,145.52,145.65,145.09,145.4,1085049
2025-12-15T15:15:00+05:30,145.38,147.25,144.88,146.8,2875927
2025-12-16T09:15:00+05:30,146.0,146.42,144.6,144.6,1756626
2025-12-16T09:30:00+05:30,144.64,146.4,144.5,146.05,2183520
2025-12-16T09:45:00+05:30,146.04,146.67,145.75,146.0,1670798
2025-12-16T10:00:00+05:30,146.0,146.3,145.0,145.14,1304160
2025-12-16T10:15:00+05:30,145.2,145.43,145.0,145.18,435608
2025-12-16T10:30:00+05:30,145.18,145.28,144.9,145.18,342316
2025-12-16T10:45:00+05:30,145.18,145.19,145.0,145.02,218190
2025-12-16T11:00:00+05:30,145.02,145.04,144.6,144.84,308903
2025-12-16T11:15:00+05:30,144.84,145.17,144.7,144.89,187939
2025-12-16T11:30:00+05:30,144.89,145.08,144.81,144.83,158553
2025-12-16T11:45:00+05:30,144.89,144.97,144.76,144.81,145644
2025-12-16T12:00:00+05:30,144.79,145.3,144.77,144.9,221046
2025-12-16T12:15:00+05:30,144.94,145.1,144.9,144.96,128102
2025-12-16T12:30:00+05:30,144.91,145.0,144.73,144.76,209835
2025-12-16T12:45:00+05:30,144.76,144.99,144.62,144.96,213542
2025-12-16T13:00:00+05:30,144.96,144.99,144.7,144.77,176115
2025-12-16T13:15:00+05:30,144.75,144.96,144.7,144.81,134178
2025-12-16T13:30:00+05:30,144.89,145.02,144.75,144.97,149489
2025-12-16T13:45:00+05:30,144.93,145.05,144.8,144.83,150372
2025-12-16T14:00:00+05:30,144.81,144.97,144.7,144.79,189792
2025-12-16T14:15:00+05:30,144.79,144.97,144.75,144.79,136693
2025-12-16T14:30:00+05:30,144.79,144.95,144.7,144.95,242138
2025-12-16T14:45:00+05:30,144.92,145.19,144.7,144.83,577677
2025-12-16T15:00:00+05:30,144.82,145.45,144.2,144.39,1482073
2025-12-16T15:15:00+05:30,144.39,144.45,143.2,143.69,2332227
2025-12-17T09:15:00+05:30,144.25,144.5,142.7,143.13,1989849
2025-12-17T09:30:00+05:30,143.14,143.84,143.05,143.15,719358
2025-12-17T09:45:00+05:30,143.18,143.65,143.01,143.23,665041
2025-12-17T10:00:00+05:30,143.2,143.4,143.0,143.27,425395
2025-12-17T10:15:00+05:30,143.27,143.35,143.0,143.08,441923
2025-12-17T10:30:00+05:30,143.13,143.2,142.4,142.65,588623
2025-12-17T10:45:00+05:30,142.64,143.22,142.5,143.08,535616
2025-12-17T11:00:00+05:30,143.06,143.2,142.95,143.2,229150
2025-12-17T11:15:00+05:30,143.21,143.22,142.92,143.06,168334
2025-12-17T11:30:00+05:30,143.02,143.5,143.01,143.16,277424
2025-12-17T11:45:00+05:30,143.2,143.7,143.02,143.23,491382
2025-12-17T12:00:00+05:30,143.23,143.3,143.05,143.1,190548
2025-12-17T12:15:00+05:30,143.1,143.17,142.92,143.06,172110
2025-12-17T12:30:00+05:30,143.08,143.15,142.97,143.1,121664
2025-12-17T12:45:00+05:30,143.07,143.13,143.0,143.08,135886
2025-12-17T13:00:00+05:30,143.04,143.17,142.9,143.03,148593
2025-12-17T13:15:00+05:30,142.96,143.15,142.9,143.04,185726
2025-12-17T13:30:00+05:30,143.04,143.16,142.92,143.08,239999
2025-12-17T13:45:00+05:30,143.13,143.15,143.0,143.02,156549
2025-12-17T14:00:00+05:30,143.02,143.5,143.0,143.23,210450
2025-12-17T14:15:00+05:30,143.2,143.38,143.0,143.1,174218
2025-12-17T14:30:00+05:30,143.03,143.15,142.95,143.03,469666
2025-12-17T14:45:00+05:30,143.08,143.75,142.7,143.23,705827
2025-12-17T15:00:00+05:30,143.23,143.41,142.61,143.07,899813
2025-12-17T15:15:00+05:30,143.15,143.2,142.51,142.99,1240746
2025-12-18T09:15:00+05:30,142.92,146.7,142.9,145.84,4314511
2025-12-18T09:30:00+05:30,145.84,146.75,144.8,144.8,2117127
2025-12-18T09:45:00+05:30,144.81,145.33,144.31,144.76,1316263
2025-12-18T10:00:00+05:30,144.7,145.2,144.4,144.92,544266
2025-12-18T10:15:00+05:30,144.93,145.2,144.62,144.82,428166
2025-12-18T10:30:00+05:30,144.87,145.08,144.8,144.96,225449
2025-12-18T10:45:00+05:30,144.96,145.04,144.26,144.38,503634
2025-12-18T11:00:00+05:30,144.4,144.53,144.3,144.36,224900
2025-12-18T11:15:00+05:30,144.4,144.7,144.02,144.45,331074
2025-12-18T11:30:00+05:30,144.45,144.49,144.2,144.22,156111
2025-12-18T11:45:00+05:30,144.29,144.55,144.05,144.3,264916
2025-12-18T12:00:00+05:30,144.35,144.48,143.32,143.78,907006
2025-12-18T12:15:00+05:30,143.78,144.0,143.61,143.9,200772
2025-12-18T12:30:00+05:30,143.9,144.35,143.8,143.8,454041
2025-12-18T12:45:00+05:30,143.8,143.98,143.75,143.78,158157
2025-12-18T13:00:00+05:30,143.77,143.96,143.71,143.82,109076
2025-12-18T13:15:00+05:30,143.75,143.87,143.55,143.81,180498
2025-12-18T13:30:00+05:30,143.8,143.8,143.59,143.67,115915
2025-12-18T13:45:00+05:30,143.67,143.68,143.15,143.2,407835
2025-12-18T14:00:00+05:30,143.24,143.4,143.01,143.1,269490
2025-12-18T14:15:00+05:30,143.1,143.6,143.1,143.47,216457
2025-12-18T14:30:00+05:30,143.47,143.49,143.05,143.07,299384
2025-12-18T14:45:00+05:30,143.07,143.78,143.07,143.6,368566
2025-12-18T15:00:00+05:30,143.54,145.07,143.31,144.18,1540902
2025-12-18T15:15:00+05:30,144.24,144.28,143.4,143.57,1059592
2025-12-19T09:15:00+05:30,145.3,146.5,144.22,144.64,1622066
2025-12-19T09:30:00+05:30,144.64,144.8,144.01,144.23,692192
2025-12-19T09:45:00+05:30,144.28,144.4,143.6,143.98,756621
2025-12-19T10:00:00+05:30,143.98,144.23,143.52,143.76,377706
2025-12-19T10:15:00+05:30,143.76,144.45,143.75,144.22,463367
2025-12-19T10:30:00+05:30,144.27,144.47,144.02,144.1,370414
2025-12-19T10:45:00+05:30,144.17,145.47,144.0,145.08,1234827
2025-12-19T11:00:00+05:30,145.08,146.5,144.86,146.13,2658066
2025-12-19T11:15:00+05:30,146.13,156.5,146.0,156.05,19218766
2025-12-19T11:30:00+05:30,156.06,162.63,155.8,160.15,30465874
2025-12-19T11:45:00+05:30,160.1,161.47,157.66,158.17,14818142
2025-12-19T12:00:00+05:30,158.17,159.2,156.8,157.5,8187968
2025-12-19T12:15:00+05:30,157.41,159.02,156.2,158.37,7959416
2025-12-19T12:30:00+05:30,158.45,159.4,157.73,158.65,4440128
2025-12-19T12:45:00+05:30,158.65,160.34,157.9,158.65,8343706
2025-12-19T13:00:00+05:30,158.65,159.71,158.1,159.05,4379892
2025-12-19T13:15:00+05:30,159.0,163.0,158.8,162.11,14607465
2025-12-19T13:30:00+05:30,162.02,162.48,158.75,160.72,11960176
2025-12-19T13:45:00+05:30,160.79,160.79,159.3,160.2,3972880
2025-12-19T14:00:00+05:30,160.21,160.3,158.6,158.9,4989706
2025-12-19T14:15:00+05:30,158.9,160.0,157.32,157.58,7319578
2025-12-19T14:30:00+05:30,157.58,158.31,155.67,156.98,9528493
2025-12-19T14:45:00+05:30,156.98,157.77,156.13,157.1,4774374
2025-12-19T15:00:00+05:30,157.01,160.79,157.01,160.12,14508353
2025-12-19T15:15:00+05:30,160.14,163.5,160.1,161.89,19349424
2025-12-22T09:15:00+05:30,164.71,171.45,164.71,168.5,32339204
2025-12-22T09:30:00+05:30,168.5,169.28,166.72,167.75,13147666
2025-12-22T09:45:00+05:30,167.73,168.87,167.0,167.2,4858843
2025-12-22T10:00:00+05:30,167.15,171.5,167.15,171.02,12029896
2025-12-22T10:15:00+05:30,171.12,171.2,169.0,169.39,8035139
2025-12-22T10:30:00+05:30,169.32,170.45,169.0,169.59,3439270
2025-12-22T10:45:00+05:30,169.56,170.8,169.11,170.41,3727006
2025-12-22T11:00:00+05:30,170.42,171.43,169.7,169.99,6950103
2025-12-22T11:15:00+05:30,169.98,172.5,169.72,170.96,10567250
2025-12-22T11:30:00+05:30,170.96,171.46,169.34,169.67,5735856
2025-12-22T11:45:00+05:30,169.63,169.67,168.0,168.5,6326674
2025-12-22T12:00:00+05:30,168.5,169.25,168.06,168.59,3023015
2025-12-22T12:15:00+05:30,168.59,168.8,167.53,167.93,3323132
2025-12-22T12:30:00+05:30,167.95,168.0,167.4,167.84,2440085
2025-12-22T12:45:00+05:30,167.9,168.95,167.0,167.59,3993026
2025-12-22T13:00:00+05:30,167.59,168.5,167.21,167.4,2770797
2025-12-22T13:15:00+05:30,167.42,169.88,167.25,169.67,5853063
2025-12-22T13:30:00+05:30,169.7,169.74,168.76,169.07,2327455
2025-12-22T13:45:00+05:30,169.09,169.47,168.2,168.33,2437356
2025-12-22T14:00:00+05:30,168.3,168.7,167.7,167.89,2837952
2025-12-22T14:15:00+05:30,167.89,168.64,167.61,168.33,2086318
2025-12-22T14:30:00+05:30,168.3,168.87,168.0,168.24,2080543
2025-12-22T14:45:00+05:30,168.25,169.5,168.24,168.37,3941218
2025-12-22T15:00:00+05:30,168.41,168.76,167.1,167.43,5262100
2025-12-22T15:15:00+05:30,167.44,168.0,162.15,163.48,10302477
2025-12-23T09:15:00+05:30,163.26,165.69,160.58,163.89,11171533
2025-12-23T09:30:00+05:30,163.89,164.05,162.56,162.75,3426772
2025-12-23T09:45:00+05:30,162.78,162.99,160.68,161.28,5363056
2025-12-23T10:00:00+05:30,161.2,161.5,160.81,161.19,1803940
2025-12-23T10:15:00+05:30,161.19,161.3,160.03,161.1,2864263
2025-12-23T10:30:00+05:30,161.15,162.57,160.8,162.08,2284126
2025-12-23T10:45:00+05:30,162.09,167.1,162.09,163.6,11299025
2025-12-23T11:00:00+05:30,163.64,164.16,162.56,163.36,3282685
2025-12-23T11:15:00+05:30,163.42,163.86,162.8,162.87,1437075
2025-12-23T11:30:00+05:30,162.81,162.96,161.37,161.81,2263197
2025-12-23T11:45:00+05:30,161.75,162.48,161.7,161.97,928613
2025-12-23T12:00:00+05:30,161.97,162.25,161.4,161.66,1110904
2025-12-23T12:15:00+05:30,161.7,161.83,161.2,161.41,843878
2025-12-23T12:30:00+05:30,161.45,161.97,161.4,161.8,538055
2025-12-23T12:45:00+05:30,161.8,162.25,161.55,162.15,644403
2025-12-23T13:00:00+05:30,162.15,162.48,161.91,162.0,623709
2025-12-23T13:15:00+05:30,162.0,162.24,161.25,161.71,668865
2025-12-23T13:30:00+05:30,161.71,161.85,161.51,161.75,336504
2025-12-23T13:45:00+05:30,161.78,162.49,161.65,162.1,597703
2025-12-23T14:00:00+05:30,162.04,162.55,161.69,161.88,911163
2025-12-23T14:15:00+05:30,161.88,162.0,161.02,161.35,1220968
2025-12-23T14:30:00+05:30,161.4,161.48,160.3,161.19,1768560
2025-12-23T14:45:00+05:30,161.19,161.7,161.0,161.17,992438
2025-12-23T15:00:00+05:30,161.17,161.35,160.1,160.86,2104726
2025-12-23T15:15:00+05:30,160.93,161.4,160.3,160.95,3510393
2025-12-24T09:15:00+05:30,161.6,163.84,160.31,163.4,6503341
2025-12-24T09:30:00+05:30,163.34,165.65,163.2,164.78,7938810
2025-12-24T09:45:00+05:30,164.71,165.25,163.8,164.89,4117973
2025-12-24T10:00:00+05:30,164.97,174.4,164.54,173.78,32202877
2025-12-24T10:15:00+05:30,173.78,175.5,171.15,171.28,24570859
2025-12-24T10:30:00+05:30,171.28,172.82,169.33,170.2,9892136
2025-12-24T10:45:00+05:30,170.18,170.48,168.3,169.2,8038091
2025-12-24T11:00:00+05:30,169.17,169.31,166.76,167.21,6236646
2025-12-24T11:15:00+05:30,167.22,167.85,166.0,166.2,6705123
2025-12-24T11:30:00+05:30,166.2,166.7,165.58,166.16,4860833
2025-12-24T11:45:00+05:30,166.17,166.9,165.1,166.4,5897916
2025-12-24T12:00:00+05:30,166.34,166.7,163.88,164.29,6833786
2025-12-24T12:15:00+05:30,164.35,164.9,164.0,164.26,2510223
2025-12-24T12:30:00+05:30,164.26,165.48,164.03,165.1,3273457
2025-12-24T12:45:00+05:30,165.1,165.89,164.64,165.4,2879038
2025-12-24T13:00:00+05:30,165.44,165.79,165.01,165.38,1496848
2025-12-24T13:15:00+05:30,165.38,165.8,164.75,164.97,1911192
2025-12-24T13:30:00+05:30,164.9,165.25,164.8,164.8,1026149
2025-12-24T13:45:00+05:30,164.87,165.78,164.77,165.27,1422926
2025-12-24T14:00:00+05:30,165.22,165.33,164.1,164.26,1837355
2025-12-24T14:15:00+05:30,164.21,164.91,164.16,164.72,945635
2025-12-24T14:30:00+05:30,164.72,164.9,164.31,164.54,1033608
2025-12-24T14:45:00+05:30,164.63,165.5,164.45,165.01,2063442
2025-12-24T15:00:00+05:30,165.09,165.2,163.22,164.1,5485217
2025-12-24T15:15:00+05:30,164.03,164.1,162.85,163.89,6266482
2025-12-26T09:15:00+05:30,164.89,167.7,163.9,165.48,13022116
2025-12-26T09:30:00+05:30,165.53,166.45,164.5,164.96,4156467
2025-12-26T09:45:00+05:30,164.98,166.2,164.91,165.63,2778133
2025-12-26T10:00:00+05:30,165.6,166.7,164.61,166.2,4133106
2025-12-26T10:15:00+05:30,166.14,167.2,164.7,165.3,5239628
2025-12-26T10:30:00+05:30,165.3,165.5,165.02,165.38,1057896
2025-12-26T10:45:00+05:30,165.3,165.4,164.95,165.02,993610
2025-12-26T11:00:00+05:30,165.03,165.2,164.21,164.7,1302383
2025-12-26T11:15:00+05:30,164.7,165.2,164.52,165.0,771532
2025-12-26T11:30:00+05:30,164.92,165.0,164.59,164.7,544006
2025-12-26T11:45:00+05:30,164.75,164.82,164.05,164.37,1101273
2025-12-26T12:00:00+05:30,164.37,164.67,164.08,164.59,732154
2025-12-26T12:15:00+05:30,164.55,164.62,164.2,164.4,369818
2025-12-26T12:30:00+05:30,164.39,164.88,164.2,164.72,605778
2025-12-26T12:45:00+05:30,164.74,165.19,164.56,164.9,983103
2025-12-26T13:00:00+05:30,164.9,165.5,164.61,165.12,1092487
2025-12-26T13:15:00+05:30,165.15,166.0,165.12,165.58,1978923
2025-12-26T13:30:00+05:30,165.58,165.64,164.64,164.99,1258176
2025-12-26T13:45:00+05:30,164.99,165.19,164.84,164.96,568002
2025-12-26T14:00:00+05:30,164.95,165.05,164.6,164.7,437901
2025-12-26T14:15:00+05:30,164.7,164.82,164.3,164.33,754046
2025-12-26T14:30:00+05:30,164.33,164.9,164.24,164.5,826756
2025-12-26T14:45:00+05:30,164.41,164.77,164.3,164.5,847475
2025-12-26T15:00:00+05:30,164.51,166.48,164.3,165.07,4489461
2025-12-26T15:15:00+05:30,165.06,165.5,164.61,164.9,3419299
2025-12-29T09:15:00+05:30,165.6,166.84,161.83,162.93,5420119
2025-12-29T09:30:00+05:30,162.85,163.1,162.45,162.51,1614274
2025-12-29T09:45:00+05:30,162.51,162.8,162.2,162.55,1103614
2025-12-29T10:00:00+05:30,162.55,162.99,162.01,162.63,1032881
2025-12-29T10:15:00+05:30,162.63,162.7,162.1,162.16,581961
2025-12-29T10:30:00+05:30,162.19,162.25,161.52,161.95,968214
2025-12-29T10:45:00+05:30,161.99,162.3,161.9,162.19,422806
2025-12-29T11:00:00+05:30,162.19,162.19,161.75,161.76,394125
2025-12-29T11:15:00+05:30,161.8,161.9,161.4,161.53,525549
2025-12-29T11:30:00+05:30,161.52,162.15,161.51,162.08,353229
2025-12-29T11:45:00+05:30,162.1,162.45,161.8,162.1,443394
2025-12-29T12:00:00+05:30,162.15,162.15,161.4,161.42,488786
2025-12-29T12:15:00+05:30,161.42,161.6,160.55,161.07,1119156
2025-12-29T12:30:00+05:30,161.08,161.08,160.71,160.94,374304
2025-12-29T12:45:00+05:30,160.86,161.19,160.75,160.99,327685
2025-12-29T13:00:00+05:30,161.0,161.26,160.7,160.76,312500
2025-12-29T13:15:00+05:30,160.75,161.25,160.5,160.64,446006
2025-12-29T13:30:00+05:30,160.64,160.77,160.2,160.58,346132
2025-12-29T13:45:00+05:30,160.58,161.44,160.57,161.05,414074
2025-12-29T14:00:00+05:30,161.05,161.05,160.8,160.94,243666
2025-12-29T14:15:00+05:30,160.96,161.0,160.55,160.65,397355
2025-12-29T14:30:00+05:30,160.69,160.8,160.3,160.55,413407
2025-12-29T14:45:00+05:30,160.61,160.95,160.55,160.78,491913
2025-12-29T15:00:00+05:30,160.78,163.6,160.6,161.75,4126796
2025-12-29T15:15:00+05:30,161.76,162.5,161.1,162.19,2705022
2025-12-30T09:15:00+05:30,162.2,164.11,160.34,160.81,3876549
2025-12-30T09:30:00+05:30,160.81,161.5,160.45,161.3,979976
2025-12-30T09:45:00+05:30,161.36,161.5,160.8,161.12,569885
2025-12-30T10:00:00+05:30,161.11,161.2,160.61,160.77,423913
2025-12-30T10:15:00+05:30,160.71,161.0,160.7,160.7,327825
2025-12-30T10:30:00+05:30,160.71,160.88,160.4,160.5,409058
2025-12-30T10:45:00+05:30,160.45,161.88,160.45,160.65,723755
2025-12-30T11:00:00+05:30,160.69,160.94,160.5,160.7,299259
2025-12-30T11:15:00+05:30,160.7,160.9,160.59,160.75,273251
2025-12-30T11:30:00+05:30,160.8,160.8,160.5,160.69,255453
2025-12-30T11:45:00+05:30,160.62,160.77,160.01,160.29,516873
2025-12-30T12:00:00+05:30,160.25,160.29,159.3,159.37,767026
2025-12-30T12:15:00+05:30,159.35,159.64,159.05,159.25,755759
2025-12-30T12:30:00+05:30,159.25,159.8,159.2,159.8,254628
2025-12-30T12:45:00+05:30,159.78,159.85,159.53,159.73,207594
2025-12-30T13:00:00+05:30,159.73,159.96,159.48,159.77,236702
2025-12-30T13:15:00+05:30,159.77,160.29,159.7,160.08,362698
2025-12-30T13:30:00+05:30,160.08,160.14,159.8,160.0,265311
2025-12-30T13:45:00+05:30,160.0,160.36,159.91,160.22,313157
2025-12-30T14:00:00+05:30,160.22,160.39,160.21,160.3,226295
2025-12-30T14:15:00+05:30,160.3,160.39,159.76,159.85,272275
2025-12-30T14:30:00+05:30,159.85,160.41,159.8,160.39,329115
2025-12-30T14:45:00+05:30,160.4,160.8,160.0,160.38,594789
2025-12-30T15:00:00+05:30,160.38,161.2,159.75,160.19,1918871
2025-12-30T15:15:00+05:30,160.19,160.2,158.5,159.01,2220864
2025-12-31T09:15:00+05:30,160.0,160.2,157.32,157.63,3772708
2025-12-31T09:30:00+05:30,157.63,158.07,157.4,157.82,1090519
2025-12-31T09:45:00+05:30,157.84,157.91,157.12,157.4,910489
2025-12-31T10:00:00+05:30,157.4,157.8,157.21,157.62,553025
2025-12-31T10:15:00+05:30,157.62,157.84,157.45,157.8,426841
2025-12-31T10:30:00+05:30,157.8,158.25,157.6,157.7,428293
2025-12-31T10:45:00+05:30,157.7,157.75,157.01,157.34,652170
2025-12-31T11:00:00+05:30,157.29,157.62,157.28,157.46,293335
2025-12-31T11:15:00+05:30,157.5,157.5,157.05,157.22,487179
2025-12-31T11:30:00+05:30,157.24,157.75,157.2,157.39,206281
2025-12-31T11:45:00+05:30,157.39,157.44,156.5,156.5,890953
2025-12-31T12:00:00+05:30,156.57,156.69,156.3,156.41,587453
2025-12-31T12:15:00+05:30,156.38,156.5,156.01,156.09,536651
2025-12-31T12:30:00+05:30,156.09,156.5,156.02,156.46,397145
2025-12-31T12:45:00+05:30,156.5,156.6,156.3,156.5,254792
2025-12-31T13:00:00+05:30,156.5,156.58,155.5,155.5,695575
2025-12-31T13:15:00+05:30,155.5,155.73,154.8,155.19,1642969
2025-12-31T13:30:00+05:30,155.19,155.42,154.85,155.18,682509
2025-12-31T13:45:00+05:30,155.18,155.35,155.05,155.26,370101
2025-12-31T14:00:00+05:30,155.25,155.35,155.1,155.2,326158
2025-12-31T14:15:00+05:30,155.2,155.3,155.02,155.2,299021
2025-12-31T14:30:00+05:30,155.23,156.31,155.11,155.85,1286370
2025-12-31T14:45:00+05:30,155.8,156.7,155.69,156.57,1323732
2025-12-31T15:00:00+05:30,156.57,156.6,156.2,156.52,1465923
2025-12-31T15:15:00+05:30,156.52,156.59,155.0,155.91,2545200
2026-01-01T09:15:00+05:30,156.23,157.1,154.63,155.18,1879170
2026-01-01T09:30:00+05:30,155.19,155.2,153.92,154.3,1058299
2026-01-01T09:45:00+05:30,154.3,154.86,154.01,154.61,533653
2026-01-01T10:00:00+05:30,154.68,155.26,154.43,155.08,686125
2026-01-01T10:15:00+05:30,155.08,155.12,154.38,155.1,589133
2026-01-01T10:30:00+05:30,155.12,155.2,154.9,155.15,271577
2026-01-01T10:45:00+05:30,155.15,155.74,154.81,154.91,371243
2026-01-01T11:00:00+05:30,154.91,155.12,154.6,154.96,207846
2026-01-01T11:15:00+05:30,154.95,155.09,154.8,155.04,110880
2026-01-01T11:30:00+05:30,155.08,155.17,154.75,154.89,163037
2026-01-01T11:45:00+05:30,154.95,154.95,154.71,154.93,113726
2026-01-01T12:00:00+05:30,154.93,155.1,154.7,154.85,154760
2026-01-01T12:15:00+05:30,154.9,154.9,154.67,154.85,140094
2026-01-01T12:30:00+05:30,154.85,154.92,154.7,154.84,106259
2026-01-01T12:45:00+05:30,154.84,155.1,154.75,154.9,138493
2026-01-01T13:00:00+05:30,154.95,155.15,154.9,154.95,126018
2026-01-01T13:15:00+05:30,155.04,155.6,154.8,154.93,363603
2026-01-01T13:30:00+05:30,154.99,155.1,154.87,154.98,140838
2026-01-01T13:45:00+05:30,154.98,155.43,154.9,155.05,192248
2026-01-01T14:00:00+05:30,155.05,155.38,155.0,155.21,291126
2026-01-01T14:15:00+05:30,155.25,155.35,155.0,155.15,239377
2026-01-01T14:30:00+05:30,155.12,155.2,154.9,155.11,261259
2026-01-01T14:45:00+05:30,155.17,155.29,154.61,155.19,470383
2026-01-01T15:00:00+05:30,155.13,155.87,155.07,155.2,965290
2026-01-01T15:15:00+05:30,155.2,155.99,155.08,155.34,1159631
2026-01-02T09:15:00+05:30,155.6,155.7,153.45,154.65,1782145
2026-01-02T09:30:00+05:30,154.66,155.24,154.3,154.89,794767
2026-01-02T09:45:00+05:30,154.81,156.8,154.61,156.68,3019989
2026-01-02T10:00:00+05:30,156.68,157.05,155.5,156.09,2335946
2026-01-02T10:15:00+05:30,156.1,156.24,154.1,154.62,1807939
2026-01-02T10:30:00+05:30,154.62,155.32,154.52,155.14,939161
2026-01-02T10:45:00+05:30,155.09,155.29,154.85,154.93,423476
2026-01-02T11:00:00+05:30,154.93,155.09,154.8,154.95,204717
2026-01-02T11:15:00+05:30,154.95,155.2,154.89,155.02,309213
2026-01-02T11:30:00+05:30,155.09,155.12,154.87,154.98,223235
2026-01-02T11:45:00+05:30,154.98,155.09,154.9,154.98,160005
2026-01-02T12:00:00+05:30,154.95,155.2,154.85,155.1,268987
2026-01-02T12:15:00+05:30,155.1,155.1,154.85,154.93,183135
2026-01-02T12:30:00+05:30,154.93,155.07,154.77,154.85,175454
2026-01-02T12:45:00+05:30,154.85,154.98,154.56,154.84,313865
2026-01-02T13:00:00+05:30,154.84,154.92,154.7,154.88,257825
2026-01-02T13:15:00+05:30,154.86,155.0,154.65,154.68,285965
2026-01-02T13:30:00+05:30,154.73,154.85,154.6,154.75,160085
2026-01-02T13:45:00+05:30,154.73,155.11,154.5,154.57,418136
2026-01-02T14:00:00+05:30,154.57,154.98,154.5,154.71,212994
2026-01-02T14:15:00+05:30,154.71,154.99,154.71,154.8,175401
2026-01-02T14:30:00+05:30,154.8,155.25,154.7,155.15,374682
2026-01-02T14:45:00+05:30,155.18,155.21,154.9,154.93,432271
2026-01-02T15:00:00+05:30,154.93,155.85,154.7,155.01,1186842
2026-01-02T15:15:00+05:30,155.02,155.55,154.81,155.09,1765403
2026-01-05T09:15:00+05:30,155.0,155.34,153.77,153.86,1666975
2026-01-05T09:30:00+05:30,153.92,153.92,153.1,153.59,890918
2026-01-05T09:45:00+05:30,153.58,153.8,153.28,153.42,476897
2026-01-05T10:00:00+05:30,153.42,153.58,152.62,153.27,599764
2026-01-05T10:15:00+05:30,153.33,153.5,153.17,153.26,259392
2026-01-05T10:30:00+05:30,153.3,153.45,153.0,153.15,273798
2026-01-05T10:45:00+05:30,153.15,153.35,153.04,153.14,203789
2026-01-05T11:00:00+05:30,153.14,153.3,153.0,153.22,198389
2026-01-05T11:15:00+05:30,153.22,153.56,153.16,153.31,473622
2026-01-05T11:30:00+05:30,153.33,153.5,153.2,153.5,180920
2026-01-05T11:45:00+05:30,153.5,153.5,153.2,153.39,129825
2026-01-05T12:00:00+05:30,153.34,154.7,153.2,154.69,571854
2026-01-05T12:15:00+05:30,154.69,155.2,154.03,154.12,1039495
2026-01-05T12:30:00+05:30,154.12,155.5,154.02,154.77,1050387
2026-01-05T12:45:00+05:30,154.77,155.49,154.65,154.8,697544
2026-01-05T13:00:00+05:30,154.81,155.14,154.54,154.67,411927
2026-01-05T13:15:00+05:30,154.67,154.86,154.14,154.45,436795
2026-01-05T13:30:00+05:30,154.45,154.69,154.21,154.69,205630
2026-01-05T13:45:00+05:30,154.7,155.22,154.64,154.82,450232
2026-01-05T14:00:00+05:30,154.82,154.87,154.37,154.5,227153
2026-01-05T14:15:00+05:30,154.5,154.65,154.17,154.57,268488
2026-01-05T14:30:00+05:30,154.55,154.99,154.32,154.82,309415
2026-01-05T14:45:00+05:30,154.81,156.98,154.78,156.11,2346433
2026-01-05T15:00:00+05:30,156.14,156.45,155.61,155.65,1258048
2026-01-05T15:15:00+05:30,155.61,155.64,155.0,155.0,1557111
2026-01-06T09:15:00+05:30,157.0,159.7,155.66,157.18,6279079
2026-01-06T09:30:00+05:30,157.18,158.13,156.76,157.12,1593586
2026-01-06T09:45:00+05:30,157.12,157.15,156.07,156.17,1376651
2026-01-06T10:00:00+05:30,156.14,156.45,155.7,156.06,1188868
2026-01-06T10:15:00+05:30,156.14,156.2,155.72,156.08,596759
2026-01-06T10:30:00+05:30,156.08,156.74,156.0,156.25,525930
2026-01-06T10:45:00+05:30,156.21,156.42,156.0,156.1,433191
2026-01-06T11:00:00+05:30,156.1,156.32,155.8,156.0,347615
2026-01-06T11:15:00+05:30,156.0,156.19,155.05,155.4,836479
2026-01-06T11:30:00+05:30,155.34,155.9,155.21,155.88,333851
2026-01-06T11:45:00+05:30,155.81,156.35,155.8,156.18,500573
2026-01-06T12:00:00+05:30,156.18,156.26,155.75,155.94,292015
2026-01-06T12:15:00+05:30,156.0,156.23,155.94,156.0,306468
2026-01-06T12:30:00+05:30,156.0,156.12,155.8,155.96,188369
2026-01-06T12:45:00+05:30,155.95,156.29,155.85,155.92,214300
2026-01-06T13:00:00+05:30,155.92,156.3,155.82,155.89,249841
2026-01-06T13:15:00+05:30,155.89,156.03,155.75,155.82,191967
2026-01-06T13:30:00+05:30,155.82,156.33,155.65,156.1,295467
2026-01-06T13:45:00+05:30,156.1,156.39,155.78,155.85,442258
2026-01-06T14:00:00+05:30,155.85,155.9,154.8,155.18,886119
2026-01-06T14:15:00+05:30,155.18,155.4,154.91,155.11,353079
2026-01-06T14:30:00+05:30,155.14,155.58,154.96,155.31,423581
2026-01-06T14:45:00+05:30,155.36,155.74,155.25,155.4,376685
2026-01-06T15:00:00+05:30,155.4,157.0,154.91,155.15,1684257
2026-01-06T15:15:00+05:30,155.18,155.28,154.56,155.0,1811904
2026-01-07T09:15:00+05:30,155.16,155.35,154.5,154.8,990826
2026-01-07T09:30:00+05:30,154.76,155.29,154.61,154.87,484849
2026-01-07T09:45:00+05:30,154.87,156.03,154.81,155.45,765617
2026-01-07T10:00:00+05:30,155.41,158.9,155.2,158.27,3506926
2026-01-07T10:15:00+05:30,158.28,162.8,158.23,161.43,11676020
2026-01-07T10:30:00+05:30,161.55,164.83,161.0,163.37,11608673
2026-01-07T10:45:00+05:30,163.4,164.44,161.85,164.02,7379235
2026-01-07T11:00:00+05:30,164.11,165.15,162.55,162.9,8362804
2026-01-07T11:15:00+05:30,162.93,162.98,160.75,161.34,7255920
2026-01-07T11:30:00+05:30,161.34,164.8,161.3,164.46,6455021
2026-01-07T11:45:00+05:30,164.5,164.5,163.32,163.49,3493701
2026-01-07T12:00:00+05:30,163.5,163.89,162.53,162.75,3241872
2026-01-07T12:15:00+05:30,162.75,164.2,162.52,163.58,2856696
2026-01-07T12:30:00+05:30,163.67,163.67,162.4,162.73,2422702
2026-01-07T12:45:00+05:30,162.7,163.2,162.66,163.0,1104090
2026-01-07T13:00:00+05:30,163.03,163.4,162.9,163.28,1032752
2026-01-07T13:15:00+05:30,163.2,163.35,162.6,162.72,1048952
2026-01-07T13:30:00+05:30,162.73,162.8,162.12,162.43,1208264
2026-01-07T13:45:00+05:30,162.5,163.1,162.42,162.85,696584
2026-01-07T14:00:00+05:30,162.9,163.1,162.55,162.85,630815
2026-01-07T14:15:00+05:30,162.86,163.61,162.3,163.36,1556379
2026-01-07T14:30:00+05:30,163.31,163.5,162.83,163.24,1217180
2026-01-07T14:45:00+05:30,163.24,163.99,163.05,163.53,1638882
2026-01-07T15:00:00+05:30,163.6,163.66,162.2,162.4,2984886
2026-01-07T15:15:00+05:30,162.4,162.41,160.89,161.8,4812861
2026-01-08T09:15:00+05:30,162.05,165.8,161.29,164.4,8560263
2026-01-08T09:30:00+05:30,164.33,166.78,163.56,166.78,5942035
2026-01-08T09:45:00+05:30,166.69,167.2,165.99,166.35,6337116
2026-01-08T10:00:00+05:30,166.33,166.92,163.61,164.27,6358553
2026-01-08T10:15:00+05:30,164.27,165.43,164.21,164.66,3113540
2026-01-08T10:30:00+05:30,164.58,164.72,164.01,164.56,1559188
2026-01-08T10:45:00+05:30,164.56,164.7,163.8,163.88,1750741
2026-01-08T11:00:00+05:30,163.88,164.21,163.1,163.21,1778151
2026-01-08T11:15:00+05:30,163.29,163.5,162.63,163.13,1586169
2026-01-08T11:30:00+05:30,163.1,163.95,162.83,163.34,1541588
2026-01-08T11:45:00+05:30,163.42,163.45,162.55,162.55,861426
2026-01-08T12:00:00+05:30,162.55,162.73,161.2,162.0,2896813
2026-01-08T12:15:00+05:30,162.0,162.66,161.79,162.45,1498994
2026-01-08T12:30:00+05:30,162.42,162.87,161.5,161.9,1140187
2026-01-08T12:45:00+05:30,161.82,162.34,161.41,161.97,797266
2026-01-08T13:00:00+05:30,161.98,162.33,161.53,162.25,689232
2026-01-08T13:15:00+05:30,162.25,162.29,161.1,161.45,794947
2026-01-08T13:30:00+05:30,161.41,161.6,160.64,161.09,1160874
2026-01-08T13:45:00+05:30,161.09,161.71,160.96,161.27,786451
2026-01-08T14:00:00+05:30,161.27,161.4,160.56,160.95,893518
2026-01-08T14:15:00+05:30,160.93,161.19,160.1,160.17,901335
2026-01-08T14:30:00+05:30,160.24,160.7,159.53,160.6,1806332
2026-01-08T14:45:00+05:30,160.69,163.14,160.36,162.18,3221168
2026-01-08T15:00:00+05:30,162.18,162.33,160.3,160.45,2343863
2026-01-08T15:15:00+05:30,160.43,160.89,159.0,159.68,3558738
2026-01-09T09:15:00+05:30,160.7,163.7,160.25,160.9,4388622
2026-01-09T09:30:00+05:30,160.9,161.2,158.65,159.83,2737854
2026-01-09T09:45:00+05:30,159.86,162.7,159.51,161.71,2804739
2026-01-09T10:00:00+05:30,161.71,161.78,160.27,160.34,1218328
2026-01-09T10:15:00+05:30,160.31,161.49,160.22,161.2,779485
2026-01-09T10:30:00+05:30,161.2,161.4,160.53,161.01,491173
2026-01-09T10:45:00+05:30,161.07,161.28,159.65,159.9,785446
2026-01-09T11:00:00+05:30,159.9,160.2,159.25,159.7,695971
2026-01-09T11:15:00+05:30,159.77,159.77,159.25,159.73,326373
2026-01-09T11:30:00+05:30,159.66,160.0,159.4,159.6,354464
2026-01-09T11:45:00+05:30,159.6,159.75,159.1,159.28,408127
2026-01-09T12:00:00+05:30,159.35,159.69,159.2,159.28,229477
2026-01-09T12:15:00+05:30,159.23,159.7,158.7,158.81,381794
2026-01-09T12:30:00+05:30,158.81,159.09,158.25,158.56,746392
2026-01-09T12:45:00+05:30,158.64,158.86,158.11,158.86,472754
2026-01-09T13:00:00+05:30,158.86,158.97,158.3,158.38,285416
2026-01-09T13:15:00+05:30,158.46,158.98,158.37,158.8,243778
2026-01-09T13:30:00+05:30,158.83,158.95,158.33,158.33,187685
2026-01-09T13:45:00+05:30,158.4,158.48,157.8,158.2,573214
2026-01-09T14:00:00+05:30,158.24,158.35,157.66,157.74,469447
2026-01-09T14:15:00+05:30,157.79,158.09,157.3,157.38,570405
2026-01-09T14:30:00+05:30,157.44,157.73,156.65,157.49,1401596
2026-01-09T14:45:00+05:30,157.47,158.86,157.4,158.61,1383535
2026-01-09T15:00:00+05:30,158.61,159.89,158.21,159.0,2084921
2026-01-09T15:15:00+05:30,159.0,159.28,158.5,158.9,2125182
2026-01-12T09:15:00+05:30,160.0,161.99,158.32,160.19,5478431
2026-01-12T09:30:00+05:30,160.21,161.4,159.39,159.65,2814821
2026-01-12T09:45:00+05:30,159.72,160.9,159.01,160.24,1415443
2026-01-12T10:00:00+05:30,160.24,161.15,159.76,160.75,1076334
2026-01-12T10:15:00+05:30,160.75,161.75,160.66,161.32,1314434
2026-01-12T10:30:00+05:30,161.35,161.5,160.69,161.22,983855
2026-01-12T10:45:00+05:30,161.22,161.38,160.55,160.7,789934
2026-01-12T11:00:00+05:30,160.7,160.72,160.07,160.37,530274
2026-01-12T11:15:00+05:30,160.3,160.45,159.63,159.7,592350
2026-01-12T11:30:00+05:30,159.63,160.08,159.4,159.45,447135
2026-01-12T11:45:00+05:30,159.5,160.48,159.45,160.25,479886
2026-01-12T12:00:00+05:30,160.26,160.84,159.82,160.82,598136
2026-01-12T12:15:00+05:30,160.79,163.5,160.42,163.04,3303386
2026-01-12T12:30:00+05:30,163.04,163.19,161.81,162.55,1677756
2026-01-12T12:45:00+05:30,162.55,162.97,161.75,162.05,1020143
2026-01-12T13:00:00+05:30,162.05,162.75,161.7,162.35,609548
2026-01-12T13:15:00+05:30,162.35,162.58,161.82,162.01,557927
2026-01-12T13:30:00+05:30,162.0,162.44,161.94,161.99,378826
2026-01-12T13:45:00+05:30,161.99,162.25,161.96,162.05,234672
2026-01-12T14:00:00+05:30,162.09,162.45,161.7,162.2,572741
2026-01-12T14:15:00+05:30,162.24,162.96,162.16,162.73,829929
2026-01-12T14:30:00+05:30,162.73,162.99,162.13,162.93,1017020
2026-01-12T14:45:00+05:30,162.85,162.95,162.5,162.66,494978
2026-01-12T15:00:00+05:30,162.7,162.86,162.21,162.31,911500
2026-01-12T15:15:00+05:30,162.31,163.4,162.31,163.24,2652428
2026-01-13T09:15:00+05:30,164.0,165.9,164.0,164.99,4217594
2026-01-13T09:30:00+05:30,165.0,165.0,163.5,163.7,2023309
2026-01-13T09:45:00+05:30,163.73,164.4,163.52,163.85,1195363
2026-01-13T10:00:00+05:30,163.86,164.2,163.29,163.31,784194
2026-01-13T10:15:00+05:30,163.37,164.75,163.3,164.3,923423
2026-01-13T10:30:00+05:30,164.3,164.44,163.65,163.78,368548
2026-01-13T10:45:00+05:30,163.7,163.99,163.5,163.73,396971
2026-01-13T11:00:00+05:30,163.79,163.93,163.5,163.8,230668
2026-01-13T11:15:00+05:30,163.8,165.3,163.75,165.15,951691
2026-01-13T11:30:00+05:30,165.1,165.18,164.66,164.7,805585
2026-01-13T11:45:00+05:30,164.7,164.79,164.35,164.48,398049
2026-01-13T12:00:00+05:30,164.4,164.48,161.89,162.31,1869422
2026-01-13T12:15:00+05:30,162.35,162.75,162.06,162.62,643050
2026-01-13T12:30:00+05:30,162.65,162.88,161.63,161.76,752844
2026-01-13T12:45:00+05:30,161.76,162.16,161.25,161.51,882509
2026-01-13T13:00:00+05:30,161.51,161.99,161.38,161.71,395898
2026-01-13T13:15:00+05:30,161.71,162.33,161.5,162.13,445182
2026-01-13T13:30:00+05:30,162.13,162.39,161.85,162.16,451719
2026-01-13T13:45:00+05:30,162.2,162.32,161.73,161.9,192402
2026-01-13T14:00:00+05:30,161.98,161.98,160.9,161.4,717256
2026-01-13T14:15:00+05:30,161.4,161.56,161.2,161.2,301389
2026-01-13T14:30:00+05:30,161.25,161.99,161.2,161.8,526582
2026-01-13T14:45:00+05:30,161.8,162.25,161.52,161.72,686796
2026-01-13T15:00:00+05:30,161.73,163.74,161.38,163.13,2645287
2026-01-13T15:15:00+05:30,163.03,163.33,162.02,162.31,2107859
2026-01-14T09:15:00+05:30,163.5,163.5,161.6,162.34,2469468
2026-01-14T09:30:00+05:30,162.37,162.58,161.81,161.85,777395
2026-01-14T09:45:00+05:30,161.85,162.37,161.85,162.11,348847
2026-01-14T10:00:00+05:30,162.11,162.18,159.62,160.12,1991758
2026-01-14T10:15:00+05:30,160.12,161.25,159.61,161.1,1152001
2026-01-14T10:30:00+05:30,161.1,162.0,160.72,161.67,692991
2026-01-14T10:45:00+05:30,161.74,163.37,161.51,163.18,1188825
2026-01-14T11:00:00+05:30,163.22,165.44,162.65,162.81,5058804
2026-01-14T11:15:00+05:30,162.74,163.73,162.5,163.1,1752942
2026-01-14T11:30:00+05:30,163.1,163.4,162.72,162.94,591349
2026-01-14T11:45:00+05:30,162.93,163.5,162.9,163.1,480596
2026-01-14T12:00:00+05:30,163.08,163.3,162.54,162.7,566274
2026-01-14T12:15:00+05:30,162.68,162.9,162.4,162.72,651999
2026-01-14T12:30:00+05:30,162.7,167.29,160.25,162.13,13256359
2026-01-14T12:45:00+05:30,162.13,162.53,157.7,159.11,11791414
2026-01-14T13:00:00+05:30,159.11,166.99,158.9,166.48,14919933
2026-01-14T13:15:00+05:30,166.44,168.9,165.13,168.68,14231512
2026-01-14T13:30:00+05:30,168.79,169.4,166.83,167.8,11833411
2026-01-14T13:45:00+05:30,167.8,168.1,165.55,166.86,6289045
2026-01-14T14:00:00+05:30,166.86,168.5,166.42,167.19,4422507
2026-01-14T14:15:00+05:30,167.2,167.65,166.21,166.95,2554449
2026-01-14T14:30:00+05:30,166.87,167.5,166.75,166.98,1938733
2026-01-14T14:45:00+05:30,166.98,167.55,166.21,166.31,2079559
2026-01-14T15:00:00+05:30,166.39,166.39,163.1,164.12,6686136
2026-01-14T15:15:00+05:30,164.12,164.25,162.87,163.7,4193221
2026-01-16T09:15:00+05:30,167.0,170.95,166.65,169.85,15282922
2026-01-16T09:30:00+05:30,169.85,172.0,168.75,171.64,11758618
2026-01-16T09:45:00+05:30,171.64,177.0,171.57,176.1,25357783
2026-01-16T10:00:00+05:30,176.16,177.0,174.71,175.8,11140246
2026-01-16T10:15:00+05:30,175.76,176.69,174.62,175.25,7767575
2026-01-16T10:30:00+05:30,175.25,179.4,174.92,178.68,15040532
2026-01-16T10:45:00+05:30,178.68,179.78,176.41,176.84,12378825
2026-01-16T11:00:00+05:30,176.8,177.24,173.81,174.89,13632559
2026-01-16T11:15:00+05:30,174.89,176.07,173.78,174.25,6509039
2026-01-16T11:30:00+05:30,174.25,174.69,173.35,174.06,4144282
2026-01-16T11:45:00+05:30,174.15,177.86,173.95,177.48,10804926
2026-01-16T12:00:00+05:30,177.48,178.49,176.62,177.1,7729758
2026-01-16T12:15:00+05:30,177.1,177.52,176.42,176.92,3273294
2026-01-16T12:30:00+05:30,176.9,177.89,176.5,177.55,3299864
2026-01-16T12:45:00+05:30,177.51,178.0,176.7,177.53,2743221
2026-01-16T13:00:00+05:30,177.53,177.6,176.6,176.72,2391566
2026-01-16T13:15:00+05:30,176.72,177.2,176.53,177.15,1954968
2026-01-16T13:30:00+05:30,177.1,177.19,176.11,176.6,2050606
2026-01-16T13:45:00+05:30,176.6,177.0,176.2,176.74,1740060
2026-01-16T14:00:00+05:30,176.75,176.89,175.78,176.55,2443293
2026-01-16T14:15:00+05:30,176.55,176.62,174.6,175.75,4841231
2026-01-16T14:30:00+05:30,175.72,176.0,174.51,174.99,3073126
2026-01-16T14:45:00+05:30,174.9,175.21,172.62,174.15,6449309
2026-01-16T15:00:00+05:30,174.15,175.0,173.11,173.21,6038772
2026-01-16T15:15:00+05:30,173.25,173.45,172.11,173.0,7950222
2026-01-19T09:15:00+05:30,173.2,174.68,167.57,168.4,10083661
2026-01-19T09:30:00+05:30,168.49,170.5,167.62,170.34,4029030
2026-01-19T09:45:00+05:30,170.34,172.25,169.22,169.36,5085156
2026-01-19T10:00:00+05:30,169.35,170.0,167.03,167.81,3509932
2026-01-19T10:15:00+05:30,167.8,168.15,166.35,166.92,2149341
2026-01-19T10:30:00+05:30,166.92,167.32,166.3,167.06,1736842
2026-01-19T10:45:00+05:30,167.06,167.35,166.32,166.68,1308287
2026-01-19T11:00:00+05:30,166.68,166.87,164.49,165.2,2446904
2026-01-19T11:15:00+05:30,165.2,165.45,164.5,165.08,1718447
2026-01-19T11:30:00+05:30,165.08,165.4,164.8,165.34,861728
2026-01-19T11:45:00+05:30,165.33,165.49,163.7,163.86,1783271
2026-01-19T12:00:00+05:30,163.86,164.29,163.15,164.05,2022177
2026-01-19T12:15:00+05:30,164.0,164.33,163.7,163.92,851863
2026-01-19T12:30:00+05:30,163.92,164.01,163.35,163.97,1013917
2026-01-19T12:45:00+05:30,163.97,163.98,163.5,163.95,627465
2026-01-19T13:00:00+05:30,163.95,164.0,163.24,163.49,772774
2026-01-19T13:15:00+05:30,163.42,163.85,162.82,163.75,1095100
2026-01-19T13:30:00+05:30,163.75,164.39,163.68,164.0,887910
2026-01-19T13:45:00+05:30,164.0,164.64,163.82,164.2,986310
2026-01-19T14:00:00+05:30,164.15,164.25,163.19,163.4,1035384
2026-01-19T14:15:00+05:30,163.33,163.42,161.47,162.0,2783159
2026-01-19T14:30:00+05:30,161.98,162.8,161.61,162.7,1739295
2026-01-19T14:45:00+05:30,162.72,163.0,162.13,162.39,1469963
2026-01-19T15:00:00+05:30,162.39,162.75,161.13,161.64,2911641
2026-01-19T15:15:00+05:30,161.58,162.04,160.1,161.25,5540849
2026-01-20T09:15:00+05:30,161.99,164.3,158.72,160.17,6597104
2026-01-20T09:30:00+05:30,160.17,160.85,158.86,159.9,2896139
2026-01-20T09:45:00+05:30,159.85,160.45,158.8,159.79,2437681
2026-01-20T10:00:00+05:30,159.73,160.65,159.18,159.42,1568286
2026-01-20T10:15:00+05:30,159.45,160.19,159.02,159.44,956219
2026-01-20T10:30:00+05:30,159.47,160.45,159.21,159.5,917421
2026-01-20T10:45:00+05:30,159.51,159.67,158.81,158.9,870753
2026-01-20T11:00:00+05:30,158.9,159.2,158.3,158.58,934828
2026-01-20T11:15:00+05:30,158.58,159.3,158.48,159.14,497386
2026-01-20T11:30:00+05:30,159.14,159.25,158.51,158.89,462075
2026-01-20T11:45:00+05:30,158.84,159.2,158.7,159.19,274417
2026-01-20T12:00:00+05:30,159.15,159.2,158.35,158.66,362874
2026-01-20T12:15:00+05:30,158.65,158.8,156.36,157.05,1768198
2026-01-20T12:30:00+05:30,157.05,158.07,156.83,157.35,764151
2026-01-20T12:45:00+05:30,157.27,157.8,157.22,157.76,324818
2026-01-20T13:00:00+05:30,157.7,157.78,157.24,157.32,314540
2026-01-20T13:15:00+05:30,157.32,157.56,157.06,157.27,426090
2026-01-20T13:30:00+05:30,157.27,157.29,156.8,157.0,439082
2026-01-20T13:45:00+05:30,157.0,157.3,156.83,156.99,425409
2026-01-20T14:00:00+05:30,156.99,157.44,156.3,156.47,748421
2026-01-20T14:15:00+05:30,156.45,157.13,156.21,156.69,734563
2026-01-20T14:30:00+05:30,156.69,158.09,156.55,157.68,1362580
2026-01-20T14:45:00+05:30,157.68,157.69,156.0,157.14,1666801
2026-01-20T15:00:00+05:30,157.14,157.29,156.7,156.85,1436950
2026-01-20T15:15:00+05:30,156.85,157.6,156.31,157.5,2768801
2026-01-21T09:15:00+05:30,156.8,160.39,155.76,158.93,7303854
2026-01-21T09:30:00+05:30,158.85,160.4,156.82,157.02,3892031
2026-01-21T09:45:00+05:30,157.02,159.38,156.65,158.0,2797329
2026-01-21T10:00:00+05:30,157.97,159.5,157.61,159.03,1849723
2026-01-21T10:15:00+05:30,158.97,159.02,157.9,157.92,1072525
2026-01-21T10:30:00+05:30,158.0,158.35,157.56,157.65,601252
2026-01-21T10:45:00+05:30,157.65,157.7,156.3,157.3,1280394
2026-01-21T11:00:00+05:30,157.4,158.06,157.12,157.87,650251
2026-01-21T11:15:00+05:30,157.87,159.05,157.52,158.7,1305168
2026-01-21T11:30:00+05:30,158.7,159.14,158.0,158.55,739792
2026-01-21T11:45:00+05:30,158.52,158.8,158.0,158.57,439460
2026-01-21T12:00:00+05:30,158.62,160.2,158.51,160.1,1434006
2026-01-21T12:15:00+05:30,160.1,161.42,159.45,160.35,2494286
2026-01-21T12:30:00+05:30,160.4,161.48,160.06,160.83,1450654
2026-01-21T12:45:00+05:30,160.89,161.87,160.6,161.3,1145151
2026-01-21T13:00:00+05:30,161.33,162.3,161.06,161.75,1507509
2026-01-21T13:15:00+05:30,161.75,162.1,161.5,161.9,798761
2026-01-21T13:30:00+05:30,161.93,161.95,160.81,161.21,852712
2026-01-21T13:45:00+05:30,161.21,161.4,160.6,160.72,708815
2026-01-21T14:00:00+05:30,160.72,160.98,160.51,160.53,608382
2026-01-21T14:15:00+05:30,160.55,161.64,159.6,161.16,1562557
2026-01-21T14:30:00+05:30,161.22,162.1,161.0,161.5,2282536
2026-01-21T14:45:00+05:30,161.49,162.14,160.86,161.18,2097264
2026-01-21T15:00:00+05:30,161.18,161.5,160.62,160.76,2083312
2026-01-21T15:15:00+05:30,160.8,162.3,160.65,162.1,3312527
2026-01-22T09:15:00+05:30,164.5,166.11,163.52,165.33,4614403
2026-01-22T09:30:00+05:30,165.31,165.49,164.41,164.87,1282879
2026-01-22T09:45:00+05:30,164.85,165.02,163.75,164.07,1476088
2026-01-22T10:00:00+05:30,164.03,165.5,163.6,165.24,1326466
2026-01-22T10:15:00+05:30,165.24,165.77,164.65,165.17,1591457
2026-01-22T10:30:00+05:30,165.19,166.87,164.81,166.37,2754124
2026-01-22T10:45:00+05:30,166.37,166.4,164.75,164.8,1418084
2026-01-22T11:00:00+05:30,164.8,165.17,164.43,164.75,1092615
2026-01-22T11:15:00+05:30,164.78,165.48,164.75,165.4,618023
2026-01-22T11:30:00+05:30,165.4,165.8,165.05,165.1,594516
2026-01-22T11:45:00+05:30,165.14,165.43,164.89,165.16,507433
2026-01-22T12:00:00+05:30,165.23,166.35,165.01,166.0,1092183
2026-01-22T12:15:00+05:30,165.99,166.16,165.2,165.37,685032
2026-01-22T12:30:00+05:30,165.37,165.61,165.06,165.25,510013
2026-01-22T12:45:00+05:30,165.25,165.9,165.17,165.62,392944
2026-01-22T13:00:00+05:30,165.62,165.9,165.5,165.72,350919
2026-01-22T13:15:00+05:30,165.68,165.7,165.07,165.24,415463
2026-01-22T13:30:00+05:30,165.2,165.78,165.13,165.64,525984
2026-01-22T13:45:00+05:30,165.64,165.98,165.45,165.89,378506
2026-01-22T14:00:00+05:30,165.9,165.99,165.5,165.73,401550
2026-01-22T14:15:00+05:30,165.73,166.0,165.52,165.9,551571
2026-01-22T14:30:00+05:30,165.9,166.48,165.79,166.3,955189
2026-01-22T14:45:00+05:30,166.3,166.6,166.06,166.14,796255
2026-01-22T15:00:00+05:30,166.16,166.5,165.8,166.33,1165123
2026-01-22T15:15:00+05:30,166.29,166.5,165.9,166.25,1914778
2026-01-23T09:15:00+05:30,166.9,167.8,165.26,167.69,2546161
2026-01-23T09:30:00+05:30,167.69,168.8,166.82,168.5,2661515
2026-01-23T09:45:00+05:30,168.55,173.99,168.4,173.0,11357567
2026-01-23T10:00:00+05:30,172.95,173.16,170.25,170.78,4597520
2026-01-23T10:15:00+05:30,170.78,170.85,170.01,170.66,1710274
2026-01-23T10:30:00+05:30,170.69,171.15,169.8,170.23,1977328
2026-01-23T10:45:00+05:30,170.27,170.54,169.45,169.92,1015583
2026-01-23T11:00:00+05:30,169.85,170.35,169.75,170.05,917712
2026-01-23T11:15:00+05:30,170.04,170.12,169.7,169.75,404109
2026-01-23T11:30:00+05:30,169.75,171.54,169.09,171.29,2789602
2026-01-23T11:45:00+05:30,171.29,172.2,170.76,171.96,2433006
2026-01-23T12:00:00+05:30,171.9,172.44,171.0,171.0,1796412
2026-01-23T12:15:00+05:30,171.02,171.55,170.82,171.39,728614
2026-01-23T12:30:00+05:30,171.39,171.43,169.86,170.17,1572496
2026-01-23T12:45:00+05:30,170.2,170.4,169.5,169.79,632004
2026-01-23T13:00:00+05:30,169.71,169.86,169.23,169.35,685798
2026-01-23T13:15:00+05:30,169.31,169.37,168.8,169.05,1282619
2026-01-23T13:30:00+05:30,169.07,169.09,168.22,168.67,899717
2026-01-23T13:45:00+05:30,168.75,169.36,168.68,169.0,906117
2026-01-23T14:00:00+05:30,169.0,169.66,168.9,169.3,577914
2026-01-23T14:15:00+05:30,169.3,169.9,168.93,169.2,699702
2026-01-23T14:30:00+05:30,169.29,170.12,169.18,169.67,836198
2026-01-23T14:45:00+05:30,169.67,169.89,169.23,169.3,595353
2026-01-23T15:00:00+05:30,169.31,169.36,167.53,168.42,1751555
2026-01-23T15:15:00+05:30,168.42,168.55,165.53,167.3,3517107
2026-01-27T09:15:00+05:30,168.9,171.81,165.5,166.21,4266276
2026-01-27T09:30:00+05:30,166.3,166.97,164.76,165.85,2470883
2026-01-27T09:45:00+05:30,165.75,166.97,165.7,166.25,1338606
2026-01-27T10:00:00+05:30,166.25,166.97,165.7,166.05,661247
2026-01-27T10:15:00+05:30,166.01,166.25,164.1,164.29,1064448
2026-01-27T10:30:00+05:30,164.34,164.7,163.27,163.36,903343
2026-01-27T10:45:00+05:30,163.3,163.35,161.8,161.85,1908343
2026-01-27T11:00:00+05:30,161.9,163.02,161.8,162.57,750673
2026-01-27T11:15:00+05:30,162.5,163.49,162.48,163.35,590849
2026-01-27T11:30:00+05:30,163.35,163.93,163.21,163.51,505791
2026-01-27T11:45:00+05:30,163.51,163.55,162.8,163.0,429434
2026-01-27T12:00:00+05:30,162.95,163.2,162.87,163.1,167903
2026-01-27T12:15:00+05:30,163.05,163.29,162.72,162.84,315560
2026-01-27T12:30:00+05:30,162.84,163.09,162.5,162.83,300241
2026-01-27T12:45:00+05:30,162.85,162.98,162.6,162.8,181226
2026-01-27T13:00:00+05:30,162.8,164.75,162.66,164.35,1210178
2026-01-27T13:15:00+05:30,164.32,164.65,163.88,164.43,422542
2026-01-27T13:30:00+05:30,164.43,164.59,163.68,164.03,640120
2026-01-27T13:45:00+05:30,164.02,164.13,163.22,163.36,417798
2026-01-27T14:00:00+05:30,163.36,163.45,162.6,162.8,451693
2026-01-27T14:15:00+05:30,162.88,163.19,162.8,163.0,301633
2026-01-27T14:30:00+05:30,163.0,164.25,162.9,163.81,587787
2026-01-27T14:45:00+05:30,163.87,169.35,163.11,168.85,3264629
2026-01-27T15:00:00+05:30,168.85,169.7,166.84,169.33,5157384
2026-01-27T15:15:00+05:30,169.33,169.95,169.0,169.3,2356060
2026-01-28T09:15:00+05:30,169.65,173.5,168.52,171.8,5308924
2026-01-28T09:30:00+05:30,171.8,172.0,169.85,170.57,1926148
2026-01-28T09:45:00+05:30,170.57,170.85,170.01,170.6,1010924
2026-01-28T10:00:00+05:30,170.52,171.0,170.25,170.47,612159
2026-01-28T10:15:00+05:30,170.39,170.5,169.92,169.92,587755
2026-01-28T10:30:00+05:30,169.94,170.4,168.7,169.61,1106151
2026-01-28T10:45:00+05:30,169.68,169.76,169.3,169.5,466405
2026-01-28T11:00:00+05:30,169.55,169.8,169.5,169.75,357274
2026-01-28T11:15:00+05:30,169.8,170.25,169.3,170.17,368857
2026-01-28T11:30:00+05:30,170.18,170.19,169.5,169.52,259837
2026-01-28T11:45:00+05:30,169.52,170.0,169.41,169.98,285069
2026-01-28T12:00:00+05:30,169.9,170.04,169.06,169.29,472909
2026-01-28T12:15:00+05:30,169.29,169.4,168.3,168.5,705052
2026-01-28T12:30:00+05:30,168.55,169.24,168.55,169.06,467891
2026-01-28T12:45:00+05:30,169.06,169.18,168.8,168.8,187696
2026-01-28T13:00:00+05:30,168.84,168.9,168.5,168.68,370635
2026-01-28T13:15:00+05:30,168.68,168.98,168.31,168.57,350486
2026-01-28T13:30:00+05:30,168.57,168.67,168.25,168.3,322070
2026-01-28T13:45:00+05:30,168.33,169.23,168.12,169.11,479372
2026-01-28T14:00:00+05:30,169.06,169.18,168.8,169.09,300600
2026-01-28T14:15:00+05:30,169.13,170.8,168.92,169.71,1622224
2026-01-28T14:30:00+05:30,169.71,170.47,169.31,170.05,981312
2026-01-28T14:45:00+05:30,170.04,170.25,169.72,170.0,708449
2026-01-28T15:00:00+05:30,170.02,172.18,169.87,171.99,4119518
2026-01-28T15:15:00+05:30,172.0,173.0,171.77,172.6,3889062
2026-01-29T09:15:00+05:30,172.8,176.0,172.01,172.39,6293703
2026-01-29T09:30:00+05:30,172.4,172.83,171.6,171.8,2345933
2026-01-29T09:45:00+05:30,171.76,172.45,170.71,172.4,1836590
2026-01-29T10:00:00+05:30,172.31,173.67,171.4,171.48,2572559
2026-01-29T10:15:00+05:30,171.5,171.57,170.56,171.07,1155140
2026-01-29T10:30:00+05:30,171.06,171.52,169.68,170.13,1421234
2026-01-29T10:45:00+05:30,170.14,171.24,169.8,170.98,797366
2026-01-29T11:00:00+05:30,170.98,171.56,170.81,171.3,381425
2026-01-29T11:15:00+05:30,171.3,172.61,171.03,172.4,861517
2026-01-29T11:30:00+05:30,172.39,172.5,171.89,172.37,558868
2026-01-29T11:45:00+05:30,172.37,172.39,171.64,172.01,530715
2026-01-29T12:00:00+05:30,172.04,172.95,171.66,171.68,813717
2026-01-29T12:15:00+05:30,171.68,172.08,171.35,171.95,549320
2026-01-29T12:30:00+05:30,171.95,172.06,170.9,171.35,601179
2026-01-29T12:45:00+05:30,171.31,172.37,171.2,172.21,483299
2026-01-29T13:00:00+05:30,172.27,172.43,172.0,172.02,431745
2026-01-29T13:15:00+05:30,172.1,172.5,171.85,172.5,602308
2026-01-29T13:30:00+05:30,172.46,172.52,171.83,171.94,603084
2026-01-29T13:45:00+05:30,171.94,172.46,171.9,172.11,455107
2026-01-29T14:00:00+05:30,172.16,172.45,171.71,171.99,432814
2026-01-29T14:15:00+05:30,171.93,172.13,171.82,171.99,237298
2026-01-29T14:30:00+05:30,172.0,173.7,171.9,173.43,1240052
2026-01-29T14:45:00+05:30,173.43,174.8,173.39,173.84,3142011
2026-01-29T15:00:00+05:30,173.8,173.98,173.0,173.66,1678455
2026-01-29T15:15:00+05:30,173.7,173.96,172.45,172.5,2426263
2026-01-30T09:15:00+05:30,171.0,171.9,170.3,170.9,2181487
2026-01-30T09:30:00+05:30,170.9,172.7,170.71,172.2,1327360
2026-01-30T09:45:00+05:30,172.19,175.66,172.09,175.46,2218035
2026-01-30T10:00:00+05:30,175.38,177.2,174.6,177.14,4571927
2026-01-30T10:15:00+05:30,177.05,177.97,176.5,177.15,3351939
2026-01-30T10:30:00+05:30,177.11,177.8,176.81,177.28,1882149
2026-01-30T10:45:00+05:30,177.28,178.6,177.0,177.4,2422671
2026-01-30T11:00:00+05:30,177.32,177.75,176.74,177.34,941284
2026-01-30T11:15:00+05:30,177.3,182.88,177.04,182.6,8465867
2026-01-30T11:30:00+05:30,182.7,184.5,178.64,179.51,11421994
2026-01-30T11:45:00+05:30,179.51,181.52,179.5,180.1,3206288
2026-01-30T12:00:00+05:30,180.02,180.8,177.69,178.8,3026967
2026-01-30T12:15:00+05:30,178.75,179.32,177.22,178.03,2410476
2026-01-30T12:30:00+05:30,178.03,178.3,176.8,177.46,1847844
2026-01-30T12:45:00+05:30,177.5,178.47,177.19,177.73,867151
2026-01-30T13:00:00+05:30,177.85,178.0,177.26,177.28,882527
2026-01-30T13:15:00+05:30,177.26,177.5,177.0,177.21,954429
2026-01-30T13:30:00+05:30,177.25,178.5,177.2,178.3,1223573
2026-01-30T13:45:00+05:30,178.21,178.35,177.51,178.0,655993
2026-01-30T14:00:00+05:30,177.92,178.0,176.5,177.1,1132584
2026-01-30T14:15:00+05:30,177.1,177.75,177.0,177.5,956028
2026-01-30T14:30:00+05:30,177.5,179.05,177.28,177.88,1415842
2026-01-30T14:45:00+05:30,177.88,178.35,177.0,177.35,1448424
2026-01-30T15:00:00+05:30,177.35,177.79,177.0,177.0,2143830
2026-01-30T15:15:00+05:30,177.0,177.25,176.37,177.0,3941465
2026-02-01T09:15:00+05:30,177.9,184.0,176.88,176.95,4280276
2026-02-01T09:30:00+05:30,176.88,180.0,175.68,178.2,3769782
2026-02-01T09:45:00+05:30,178.2,178.6,177.48,177.9,751541
2026-02-01T10:00:00+05:30,177.84,178.5,176.6,176.71,961289
2026-02-01T10:15:00+05:30,176.71,178.0,176.6,177.59,869826
2026-02-01T10:30:00+05:30,177.6,178.2,177.06,177.52,747532
2026-02-01T10:45:00+05:30,177.52,179.11,177.52,178.36,722169
2026-02-01T11:00:00+05:30,178.24,179.7,176.8,177.4,1675105
2026-02-01T11:15:00+05:30,177.4,178.22,177.01,177.93,575271
2026-02-01T11:30:00+05:30,177.95,178.02,176.8,176.92,670159
2026-02-01T11:45:00+05:30,176.93,177.78,176.71,177.3,515674
2026-02-01T12:00:00+05:30,177.3,177.85,160.0,167.53,5250039
2026-02-01T12:15:00+05:30,167.5,167.5,156.0,156.71,12471421
2026-02-01T12:30:00+05:30,156.81,162.83,152.52,161.77,11726948
2026-02-01T12:45:00+05:30,161.6,163.75,159.0,160.69,6587915
2026-02-01T13:00:00+05:30,160.69,162.5,160.01,162.41,3064379
2026-02-01T13:15:00+05:30,162.43,164.73,162.34,162.88,3619174
2026-02-01T13:30:00+05:30,162.77,163.8,161.05,161.15,2136580
2026-02-01T13:45:00+05:30,161.15,162.34,161.1,161.95,1222420
2026-02-01T14:00:00+05:30,161.98,162.5,161.52,161.99,971498
2026-02-01T14:15:00+05:30,161.99,162.45,161.4,162.0,750908
2026-02-01T14:30:00+05:30,162.0,163.3,161.88,162.26,1190568
2026-02-01T14:45:00+05:30,162.27,165.17,162.18,164.79,4732349
2026-02-01T15:00:00+05:30,164.78,170.44,164.51,169.35,11194107
2026-02-01T15:15:00+05:30,169.36,169.5,167.0,167.99,5978279
2026-02-02T09:15:00+05:30,167.0,167.05,161.03,161.3,7645193
2026-02-02T09:30:00+05:30,161.3,162.28,160.2,161.15,4791917
2026-02-02T09:45:00+05:30,161.19,163.75,161.01,161.74,4557396
2026-02-02T10:00:00+05:30,161.74,162.0,160.5,161.0,3155421
2026-02-02T10:15:00+05:30,161.0,161.39,160.0,161.09,2674103
2026-02-02T10:30:00+05:30,161.05,161.91,160.75,161.18,1437450
2026-02-02T10:45:00+05:30,161.24,161.3,158.5,158.6,3793495
2026-02-02T11:00:00+05:30,158.6,158.95,157.61,158.44,2901364
2026-02-02T11:15:00+05:30,158.43,158.68,157.0,158.0,2280848
2026-02-02T11:30:00+05:30,158.07,159.3,157.8,158.73,2297791
2026-02-02T11:45:00+05:30,158.74,159.16,158.0,158.22,1426412
2026-02-02T12:00:00+05:30,158.28,158.49,157.67,158.45,837793
2026-02-02T12:15:00+05:30,158.45,159.49,158.44,159.24,1424718
2026-02-02T12:30:00+05:30,159.24,160.1,159.0,159.6,1195148
2026-02-02T12:45:00+05:30,159.53,160.16,159.17,159.99,776536
2026-02-02T13:00:00+05:30,159.98,160.45,159.47,159.92,1263823
2026-02-02T13:15:00+05:30,159.99,160.05,158.8,159.44,1092560
2026-02-02T13:30:00+05:30,159.43,160.31,158.91,160.02,837195
2026-02-02T13:45:00+05:30,160.12,160.35,159.85,160.01,770454
2026-02-02T14:00:00+05:30,160.06,160.15,159.46,160.09,754577
2026-02-02T14:15:00+05:30,160.1,160.69,159.77,160.6,1048474
2026-02-02T14:30:00+05:30,160.63,160.9,159.7,160.32,1164038
2026-02-02T14:45:00+05:30,160.32,164.49,159.77,164.48,5740991
2026-02-02T15:00:00+05:30,164.48,164.9,163.53,164.25,5384218
2026-02-02T15:15:00+05:30,164.25,164.77,163.1,164.0,3801957
2026-02-03T09:15:00+05:30,173.0,174.0,169.87,171.29,7841853
2026-02-03T09:30:00+05:30,171.4,171.85,170.0,170.38,2625491
2026-02-03T09:45:00+05:30,170.38,171.7,170.0,170.89,2355383
2026-02-03T10:00:00+05:30,170.89,171.9,170.78,171.43,1587428
2026-02-03T10:15:00+05:30,171.43,171.48,170.5,170.87,986225
2026-02-03T10:30:00+05:30,170.82,171.23,170.3,170.31,728152
2026-02-03T10:45:00+05:30,170.42,170.75,170.05,170.39,960701
2026-02-03T11:00:00+05:30,170.32,170.89,168.72,170.46,2380575
2026-02-03T11:15:00+05:30,170.41,170.9,170.0,170.16,1023264
2026-02-03T11:30:00+05:30,170.16,172.9,170.05,172.45,2862736
2026-02-03T11:45:00+05:30,172.5,172.59,171.37,171.79,1668335
2026-02-03T12:00:00+05:30,171.79,171.8,170.81,170.91,942095
2026-02-03T12:15:00+05:30,170.91,171.39,170.91,171.13,449477
2026-02-03T12:30:00+05:30,171.12,172.45,171.01,171.98,973672
2026-02-03T12:45:00+05:30,171.9,171.99,171.3,171.68,663261
2026-02-03T13:00:00+05:30,171.66,171.9,171.3,171.51,464192
2026-02-03T13:15:00+05:30,171.51,171.78,170.85,171.09,554350
2026-02-03T13:30:00+05:30,171.09,171.3,170.71,171.16,509655
2026-02-03T13:45:00+05:30,171.16,172.78,171.09,171.96,1375436
2026-02-03T14:00:00+05:30,171.96,172.18,171.7,171.99,592326
2026-02-03T14:15:00+05:30,172.07,173.95,171.17,173.34,2173111
2026-02-03T14:30:00+05:30,173.43,175.0,173.15,174.17,3469477
2026-02-03T14:45:00+05:30,174.17,174.5,172.62,173.38,1927182
2026-02-03T15:00:00+05:30,173.38,173.63,172.15,172.95,1847559
2026-02-03T15:15:00+05:30,172.9,173.28,172.5,172.9,3101542
2026-02-04T09:15:00+05:30,171.0,172.8,170.2,171.07,3364300
2026-02-04T09:30:00+05:30,171.07,171.58,169.64,170.14,1603862
2026-02-04T09:45:00+05:30,170.09,171.44,170.03,170.65,1098035
2026-02-04T10:00:00+05:30,170.65,170.69,170.0,170.15,659930
2026-02-04T10:15:00+05:30,170.16,170.31,169.1,169.3,1210660
2026-02-04T10:30:00+05:30,169.35,169.64,168.93,169.15,800532
2026-02-04T10:45:00+05:30,169.17,169.43,168.83,168.96,512261
2026-02-04T11:00:00+05:30,168.99,169.2,168.4,168.74,584525
2026-02-04T11:15:00+05:30,168.74,169.39,168.5,169.04,610824
2026-02-04T11:30:00+05:30,169.1,169.4,168.75,168.94,428491
2026-02-04T11:45:00+05:30,168.94,169.29,168.81,169.22,420122
2026-02-04T12:00:00+05:30,169.21,169.7,169.0,169.17,446783
2026-02-04T12:15:00+05:30,169.2,169.33,168.41,168.66,661882
2026-02-04T12:30:00+05:30,168.66,168.81,168.16,168.6,468236
2026-02-04T12:45:00+05:30,168.6,168.6,167.4,167.62,825834
2026-02-04T13:00:00+05:30,167.6,168.25,167.3,168.0,771443
2026-02-04T13:15:00+05:30,168.0,168.25,167.6,168.1,417827
2026-02-04T13:30:00+05:30,168.12,168.47,167.86,168.17,479678
2026-02-04T13:45:00+05:30,168.15,168.77,168.1,168.65,545412
2026-02-04T14:00:00+05:30,168.65,168.77,168.11,168.6,444889
2026-02-04T14:15:00+05:30,168.6,169.0,168.06,168.3,544769
2026-02-04T14:30:00+05:30,168.3,169.99,168.02,169.85,1546287
2026-02-04T14:45:00+05:30,169.85,170.5,169.42,169.85,1858391
2026-02-04T15:00:00+05:30,169.89,170.1,168.88,169.16,1594449
2026-02-04T15:15:00+05:30,169.22,169.4,167.55,168.35,2300300
2026-02-05T09:15:00+05:30,168.01,169.88,167.05,167.45,1961672
2026-02-05T09:30:00+05:30,167.45,167.9,166.55,166.77,981260
2026-02-05T09:45:00+05:30,166.77,167.36,166.4,166.9,521437
2026-02-05T10:00:00+05:30,166.88,167.37,166.58,167.3,395555
2026-02-05T10:15:00+05:30,167.35,167.36,166.7,166.87,364791
2026-02-05T10:30:00+05:30,166.87,166.93,166.4,166.52,338240
2026-02-05T10:45:00+05:30,166.52,166.68,166.04,166.33,384000
2026-02-05T11:00:00+05:30,166.33,166.6,166.1,166.5,228488
2026-02-05T11:15:00+05:30,166.54,166.66,166.21,166.3,219526
2026-02-05T11:30:00+05:30,166.32,166.37,165.81,166.08,362274
2026-02-05T11:45:00+05:30,166.07,166.11,165.74,166.08,239500
2026-02-05T12:00:00+05:30,166.08,166.32,165.8,165.88,363053
2026-02-05T12:15:00+05:30,165.87,165.89,165.5,165.7,339554
2026-02-05T12:30:00+05:30,165.7,166.0,165.55,165.7,254376
2026-02-05T12:45:00+05:30,165.7,166.36,165.65,166.17,358743
2026-02-05T13:00:00+05:30,166.17,166.24,165.93,166.08,175548
2026-02-05T13:15:00+05:30,166.08,166.25,165.9,166.0,144162
2026-02-05T13:30:00+05:30,166.0,166.2,165.9,165.98,139374
2026-02-05T13:45:00+05:30,165.98,167.15,165.96,167.05,542296
2026-02-05T14:00:00+05:30,167.03,167.39,166.05,166.35,555900
2026-02-05T14:15:00+05:30,166.33,166.64,166.3,166.55,255396
2026-02-05T14:30:00+05:30,166.54,166.66,166.3,166.56,279509
2026-02-05T14:45:00+05:30,166.56,168.95,166.5,168.11,3422455
2026-02-05T15:00:00+05:30,168.11,170.5,167.97,170.1,3252119
2026-02-05T15:15:00+05:30,170.1,171.35,170.1,171.0,3003069
2026-02-06T09:15:00+05:30,171.0,171.8,168.1,169.2,2209064
2026-02-06T09:30:00+05:30,169.12,169.34,168.6,168.7,456297
2026-02-06T09:45:00+05:30,168.7,170.02,168.66,169.61,828574
2026-02-06T10:00:00+05:30,169.7,169.75,168.64,168.83,581722
2026-02-06T10:15:00+05:30,168.83,169.19,168.4,168.59,402494
2026-02-06T10:30:00+05:30,168.51,168.96,168.4,168.85,286760
2026-02-06T10:45:00+05:30,168.83,170.87,168.65,170.35,1333806
2026-02-06T11:00:00+05:30,170.37,171.45,170.17,170.99,869526
2026-02-06T11:15:00+05:30,170.99,171.0,170.37,170.72,455087
2026-02-06T11:30:00+05:30,170.83,171.4,170.6,170.7,558508
2026-02-06T11:45:00+05:30,170.7,171.25,170.61,170.8,317891
2026-02-06T12:00:00+05:30,170.8,171.14,170.17,170.4,554469
2026-02-06T12:15:00+05:30,170.39,170.55,169.83,170.36,491318
2026-02-06T12:30:00+05:30,170.4,170.4,169.56,169.78,453202
2026-02-06T12:45:00+05:30,169.79,170.17,169.62,169.89,191637
2026-02-06T13:00:00+05:30,169.89,170.33,169.7,170.24,249954
2026-02-06T13:15:00+05:30,170.25,170.4,170.0,170.38,173789
2026-02-06T13:30:00+05:30,170.35,170.4,169.99,170.32,194106
2026-02-06T13:45:00+05:30,170.32,170.69,170.03,170.03,297614
2026-02-06T14:00:00+05:30,170.03,170.13,169.5,169.82,568658
2026-02-06T14:15:00+05:30,169.82,170.24,169.75,170.16,421082
2026-02-06T14:30:00+05:30,170.16,171.5,168.64,170.86,1492050
2026-02-06T14:45:00+05:30,170.95,171.3,169.6,170.0,1636709
2026-02-06T15:00:00+05:30,170.0,170.39,169.29,169.79,1605598
2026-02-06T15:15:00+05:30,169.84,169.84,168.1,168.3,2233590
2026-02-09T09:15:00+05:30,170.0,170.03,166.2,168.03,3746147
2026-02-09T09:30:00+05:30,168.02,168.3,167.12,167.58,1148916
2026-02-09T09:45:00+05:30,167.58,168.14,167.0,167.81,1040878
2026-02-09T10:00:00+05:30,167.81,169.2,167.36,168.85,1488960
2026-02-09T10:15:00+05:30,168.86,169.75,168.7,169.44,2455071
2026-02-09T10:30:00+05:30,169.42,170.43,169.01,169.54,1683476
2026-02-09T10:45:00+05:30,169.54,169.66,168.7,169.18,896610
2026-02-09T11:00:00+05:30,169.1,169.5,168.8,168.91,595160
2026-02-09T11:15:00+05:30,168.91,169.07,167.73,167.84,1602477
2026-02-09T11:30:00+05:30,167.84,168.32,167.51,167.92,828970
2026-02-09T11:45:00+05:30,167.93,168.05,167.2,167.42,783185
2026-02-09T12:00:00+05:30,167.42,167.9,167.4,167.75,545064
2026-02-09T12:15:00+05:30,167.74,168.0,167.51,167.56,498773
2026-02-09T12:30:00+05:30,167.59,167.7,167.1,167.11,744125
2026-02-09T12:45:00+05:30,167.1,167.34,166.6,166.69,1090361
2026-02-09T13:00:00+05:30,166.65,167.2,166.65,166.8,551573
2026-02-09T13:15:00+05:30,166.8,167.12,166.5,166.57,640967
2026-02-09T13:30:00+05:30,166.57,167.2,166.51,166.84,567324
2026-02-09T13:45:00+05:30,166.8,167.39,166.8,166.94,519253
2026-02-09T14:00:00+05:30,166.9,167.13,166.8,167.01,528217
2026-02-09T14:15:00+05:30,167.01,167.4,166.85,167.01,842427
2026-02-09T14:30:00+05:30,167.01,168.67,166.91,167.99,3470785
2026-02-09T14:45:00+05:30,167.93,168.9,167.71,168.12,2193688
2026-02-09T15:00:00+05:30,168.12,168.14,166.6,166.97,2583395
2026-02-09T15:15:00+05:30,167.0,167.0,164.55,165.0,4667075
2026-02-10T09:15:00+05:30,166.6,167.07,164.51,165.0,3779593
2026-02-10T09:30:00+05:30,164.99,164.99,164.06,164.72,1702462
2026-02-10T09:45:00+05:30,164.72,164.79,164.1,164.34,939567
2026-02-10T10:00:00+05:30,164.34,165.3,164.3,164.41,1074000
2026-02-10T10:15:00+05:30,164.47,165.15,164.41,165.13,433802
2026-02-10T10:30:00+05:30,165.11,165.45,164.81,164.88,403889
2026-02-10T10:45:00+05:30,164.88,165.17,164.61,164.97,377314
2026-02-10T11:00:00+05:30,164.95,165.17,164.81,165.07,273198
2026-02-10T11:15:00+05:30,165.03,165.15,164.9,164.94,247573
2026-02-10T11:30:00+05:30,164.94,165.19,164.82,165.04,272718
2026-02-10T11:45:00+05:30,165.04,165.35,164.9,165.2,345708
2026-02-10T12:00:00+05:30,165.25,165.25,165.0,165.19,185278
2026-02-10T12:15:00+05:30,165.16,165.2,164.6,164.7,363677
2026-02-10T12:30:00+05:30,164.7,165.1,164.65,164.94,183554
2026-02-10T12:45:00+05:30,164.94,165.9,164.9,165.36,532991
2026-02-10T13:00:00+05:30,165.36,165.55,165.05,165.16,236722
2026-02-10T13:15:00+05:30,165.16,165.29,164.5,164.98,410938
2026-02-10T13:30:00+05:30,164.98,165.26,164.8,165.25,225610
2026-02-10T13:45:00+05:30,165.24,165.3,164.78,164.9,246856
2026-02-10T14:00:00+05:30,164.9,165.09,164.75,165.0,279155
2026-02-10T14:15:00+05:30,165.0,165.3,164.85,165.12,525162
2026-02-10T14:30:00+05:30,165.14,168.23,164.85,167.8,4809837
2026-02-10T14:45:00+05:30,167.8,168.25,167.5,168.2,2986971
2026-02-10T15:00:00+05:30,168.2,168.79,167.25,168.7,2775820
2026-02-10T15:15:00+05:30,168.69,169.6,168.61,169.45,3716076
2026-02-11T09:15:00+05:30,170.0,173.5,169.26,172.37,9281532
2026-02-11T09:30:00+05:30,172.37,172.7,171.12,171.12,3754994
2026-02-11T09:45:00+05:30,171.22,171.87,171.05,171.7,1610273
2026-02-11T10:00:00+05:30,171.69,177.82,171.6,175.99,12249749
2026-02-11T10:15:00+05:30,175.99,177.49,175.24,176.38,4875393
2026-02-11T10:30:00+05:30,176.44,176.66,174.0,174.99,4848778
2026-02-11T10:45:00+05:30,174.99,179.28,174.75,177.61,9975046
2026-02-11T11:00:00+05:30,177.63,178.6,176.97,178.17,3790508
2026-02-11T11:15:00+05:30,178.17,178.95,176.22,176.9,3850101
2026-02-11T11:30:00+05:30,176.8,177.25,175.66,175.81,3053833
2026-02-11T11:45:00+05:30,175.81,176.38,174.2,174.5,3318941
2026-02-11T12:00:00+05:30,174.51,175.21,172.5,172.86,4463963
2026-02-11T12:15:00+05:30,172.86,173.8,172.75,173.01,3147288
2026-02-11T12:30:00+05:30,173.0,173.67,172.82,173.4,1418946
2026-02-11T12:45:00+05:30,173.4,173.44,172.9,173.14,996719
2026-02-11T13:00:00+05:30,173.14,173.44,173.0,173.16,1071467
2026-02-11T13:15:00+05:30,173.25,173.47,173.1,173.43,686508
2026-02-11T13:30:00+05:30,173.44,174.19,171.2,172.29,3518389
2026-02-11T13:45:00+05:30,172.28,172.74,171.65,172.02,1963166
2026-02-11T14:00:00+05:30,172.11,172.58,171.85,172.39,1075858
2026-02-11T14:15:00+05:30,172.44,172.59,171.52,172.1,1271074
2026-02-11T14:30:00+05:30,172.02,172.5,171.76,172.48,1111558
2026-02-11T14:45:00+05:30,172.47,173.1,171.88,172.16,2047093
2026-02-11T15:00:00+05:30,172.16,173.0,171.5,171.79,2525326
2026-02-11T15:15:00+05:30,171.75,172.45,171.5,172.0,5103421
2026-02-12T09:15:00+05:30,172.05,176.4,171.5,175.55,8004767
2026-02-12T09:30:00+05:30,175.63,176.6,174.25,175.8,4308762
2026-02-12T09:45:00+05:30,175.73,176.7,175.36,175.87,2695528
2026-02-12T10:00:00+05:30,175.78,176.3,175.4,175.41,1255103
2026-02-12T10:15:00+05:30,175.41,176.98,175.01,176.75,2293067
2026-02-12T10:30:00+05:30,176.67,177.24,175.91,176.0,2333264
2026-02-12T10:45:00+05:30,176.0,176.88,175.82,176.77,988509
2026-02-12T11:00:00+05:30,176.72,177.69,176.45,176.97,2156882
2026-02-12T11:15:00+05:30,176.96,177.25,176.5,176.9,864092
2026-02-12T11:30:00+05:30,176.9,177.87,176.65,177.7,1576311
2026-02-12T11:45:00+05:30,177.7,177.7,176.5,176.8,1113218
2026-02-12T12:00:00+05:30,176.76,176.94,176.2,176.6,855517
2026-02-12T12:15:00+05:30,176.6,177.25,175.72,176.39,1286400
2026-02-12T12:30:00+05:30,176.31,177.3,176.24,177.04,923289
2026-02-12T12:45:00+05:30,177.04,179.6,176.81,178.9,5781182
2026-02-12T13:00:00+05:30,178.9,181.25,178.5,178.75,8237874
2026-02-12T13:15:00+05:30,178.71,180.7,178.5,180.08,4253182
2026-02-12T13:30:00+05:30,180.08,180.25,178.05,178.6,3384295
2026-02-12T13:45:00+05:30,178.55,179.25,178.3,178.56,1270387
2026-02-12T14:00:00+05:30,178.6,178.95,178.23,178.7,1274170
2026-02-12T14:15:00+05:30,178.7,179.15,177.69,178.11,1886171
2026-02-12T14:30:00+05:30,178.12,179.0,178.1,178.67,1412246
2026-02-12T14:45:00+05:30,178.75,179.3,178.2,178.9,1807383
2026-02-12T15:00:00+05:30,178.88,180.0,178.63,179.23,3154344
2026-02-12T15:15:00+05:30,179.21,180.55,179.0,180.26,6204712
2026-02-13T09:15:00+05:30,180.1,184.0,176.35,176.81,12784759
2026-02-13T09:30:00+05:30,176.86,178.2,176.22,177.83,3266663
2026-02-13T09:45:00+05:30,177.88,177.9,176.74,177.6,1412137
2026-02-13T10:00:00+05:30,177.6,177.7,175.6,175.89,2469940
2026-02-13T10:15:00+05:30,175.99,176.05,173.1,173.75,4521491
2026-02-13T10:30:00+05:30,173.7,174.68,173.5,173.89,2279323
2026-02-13T10:45:00+05:30,173.88,174.25,173.15,173.99,1551002
2026-02-13T11:00:00+05:30,173.91,173.99,172.0,172.75,2680891
2026-02-13T11:15:00+05:30,172.75,173.38,172.04,173.27,1329939
2026-02-13T11:30:00+05:30,173.23,173.28,170.5,171.74,3455291
2026-02-13T11:45:00+05:30,171.74,171.98,171.1,171.7,1264601
2026-02-13T12:00:00+05:30,171.79,172.23,170.55,171.2,1536471
2026-02-13T12:15:00+05:30,171.2,175.1,170.9,174.75,4415932
2026-02-13T12:30:00+05:30,174.79,175.7,173.21,173.69,3143464
2026-02-13T12:45:00+05:30,173.69,174.13,172.66,173.1,1196151
2026-02-13T13:00:00+05:30,173.15,173.43,172.65,173.17,722266
2026-02-13T13:15:00+05:30,173.15,173.15,172.25,172.66,588893
2026-02-13T13:30:00+05:30,172.65,172.99,172.55,172.68,375658
2026-02-13T13:45:00+05:30,172.59,172.8,172.0,172.4,784610
2026-02-13T14:00:00+05:30,172.4,172.51,172.02,172.4,479398
2026-02-13T14:15:00+05:30,172.4,172.5,171.74,172.01,917180
2026-02-13T14:30:00+05:30,172.05,173.74,171.8,173.15,1945441
2026-02-13T14:45:00+05:30,173.15,173.4,172.56,173.15,1360265
2026-02-13T15:00:00+05:30,173.15,174.08,172.43,173.44,3713961
2026-02-13T15:15:00+05:30,173.33,173.89,171.15,172.0,4010229
2026-02-16T09:15:00+05:30,167.0,169.39,164.5,165.95,9738791
2026-02-16T09:30:00+05:30,165.95,166.76,165.55,166.36,3205013
2026-02-16T09:45:00+05:30,166.36,167.87,165.8,167.73,3459726
2026-02-16T10:00:00+05:30,167.83,168.25,166.7,166.83,2621172
2026-02-16T10:15:00+05:30,166.83,167.86,166.52,167.5,1328126
2026-02-16T10:30:00+05:30,167.5,167.9,167.02,167.5,1016950
2026-02-16T10:45:00+05:30,167.5,167.95,167.3,167.55,784032
2026-02-16T11:00:00+05:30,167.6,169.18,167.3,168.81,1491342
2026-02-16T11:15:00+05:30,168.81,171.98,168.81,171.01,4356647
2026-02-16T11:30:00+05:30,171.01,173.38,171.0,172.29,4694925
2026-02-16T11:45:00+05:30,172.25,172.37,169.71,170.24,2865952
2026-02-16T12:00:00+05:30,170.23,171.39,169.8,170.35,1231774
2026-02-16T12:15:00+05:30,170.3,170.47,168.74,169.11,1665765
2026-02-16T12:30:00+05:30,169.1,169.8,168.94,169.4,672483
2026-02-16T12:45:00+05:30,169.37,169.59,169.05,169.13,335593
2026-02-16T13:00:00+05:30,169.15,169.42,168.75,169.25,645360
2026-02-16T13:15:00+05:30,169.25,169.77,169.01,169.65,479117
2026-02-16T13:30:00+05:30,169.69,170.28,169.5,170.2,600778
2026-02-16T13:45:00+05:30,170.2,170.52,169.8,169.87,672146
2026-02-16T14:00:00+05:30,169.87,170.07,169.5,169.66,319791
2026-02-16T14:15:00+05:30,169.66,170.24,169.6,169.9,1015826
2026-02-16T14:30:00+05:30,169.97,171.37,169.82,171.25,1342332
2026-02-16T14:45:00+05:30,171.3,171.55,170.71,170.8,1486353
2026-02-16T15:00:00+05:30,170.85,171.1,170.06,170.08,1359305
2026-02-16T15:15:00+05:30,170.2,170.41,169.11,170.0,2125949
2026-02-17T09:15:00+05:30,170.1,170.75,168.75,169.98,2493565
2026-02-17T09:30:00+05:30,169.99,170.19,169.31,169.8,865563
2026-02-17T09:45:00+05:30,169.8,169.95,169.21,169.4,745933
2026-02-17T10:00:00+05:30,169.42,169.68,169.1,169.5,476055
2026-02-17T10:15:00+05:30,169.5,169.83,169.12,169.77,463554
2026-02-17T10:30:00+05:30,169.75,169.82,168.32,168.49,816031
2026-02-17T10:45:00+05:30,168.58,169.25,168.4,169.02,543152
2026-02-17T11:00:00+05:30,169.02,169.2,168.41,168.56,464289
2026-02-17T11:15:00+05:30,168.56,169.15,168.56,168.8,278423
2026-02-17T11:30:00+05:30,168.73,169.25,168.73,168.9,254734
2026-02-17T11:45:00+05:30,168.9,168.9,168.55,168.6,236492
2026-02-17T12:00:00+05:30,168.65,168.79,168.51,168.65,159368
2026-02-17T12:15:00+05:30,168.65,168.98,168.5,168.85,356341
2026-02-17T12:30:00+05:30,168.85,169.29,168.61,169.01,233635
2026-02-17T12:45:00+05:30,168.91,169.42,168.9,168.99,364243
2026-02-17T13:00:00+05:30,168.99,169.97,168.74,169.18,417193
2026-02-17T13:15:00+05:30,169.25,169.5,168.96,169.01,270752
2026-02-17T13:30:00+05:30,169.0,169.3,168.65,168.81,440074
2026-02-17T13:45:00+05:30,168.86,168.9,168.61,168.77,225751
2026-02-17T14:00:00+05:30,168.7,169.09,168.61,168.73,230539
2026-02-17T14:15:00+05:30,168.7,168.88,167.8,168.1,691943
2026-02-17T14:30:00+05:30,168.15,169.9,168.0,169.5,1872084
2026-02-17T14:45:00+05:30,169.5,169.8,169.05,169.3,1232136
2026-02-17T15:00:00+05:30,169.3,169.68,166.3,166.5,2276997
2026-02-17T15:15:00+05:30,166.57,167.11,166.1,166.69,2413248
2026-02-18T09:15:00+05:30,167.7,171.68,167.7,170.92,4141774
2026-02-18T09:30:00+05:30,171.0,171.0,169.8,170.0,1631656
2026-02-18T09:45:00+05:30,170.0,170.4,168.99,169.35,1103214
2026-02-18T10:00:00+05:30,169.36,169.5,167.66,168.14,1811504
2026-02-18T10:15:00+05:30,168.14,168.24,167.4,167.89,1278664
2026-02-18T10:30:00+05:30,167.85,168.35,167.7,168.12,678488
2026-02-18T10:45:00+05:30,168.11,168.19,167.76,168.19,401662
2026-02-18T11:00:00+05:30,168.19,168.48,167.8,168.02,578646
2026-02-18T11:15:00+05:30,168.02,168.54,168.0,168.2,415776
2026-02-18T11:30:00+05:30,168.19,168.26,167.7,168.01,469045
2026-02-18T11:45:00+05:30,168.01,168.4,167.65,168.14,333222
2026-02-18T12:00:00+05:30,168.14,168.4,167.85,167.85,381008
2026-02-18T12:15:00+05:30,167.91,167.91,167.4,167.79,516744
2026-02-18T12:30:00+05:30,167.79,168.49,167.74,168.23,441956
2026-02-18T12:45:00+05:30,168.2,168.33,168.1,168.17,175260
2026-02-18T13:00:00+05:30,168.17,169.39,168.1,168.99,822413
2026-02-18T13:15:00+05:30,168.97,169.13,168.38,169.06,540600
2026-02-18T13:30:00+05:30,169.06,171.9,169.0,171.15,5010614
2026-02-18T13:45:00+05:30,171.24,172.69,170.5,172.0,2386996
2026-02-18T14:00:00+05:30,172.0,172.09,171.04,171.25,1079222
2026-02-18T14:15:00+05:30,171.25,172.2,171.21,171.41,1017244
2026-02-18T14:30:00+05:30,171.49,172.0,171.37,171.65,763297
2026-02-18T14:45:00+05:30,171.65,171.88,170.94,171.57,1148556
2026-02-18T15:00:00+05:30,171.57,171.68,171.12,171.4,1078581
2026-02-18T15:15:00+05:30,171.44,171.69,170.77,171.6,1976929
2026-02-19T09:15:00+05:30,171.7,174.7,171.05,173.39,4286927
2026-02-19T09:30:00+05:30,173.38,174.5,172.41,172.6,2097982
2026-02-19T09:45:00+05:30,172.6,173.24,172.16,172.25,928660
2026-02-19T10:00:00+05:30,172.25,172.57,171.7,171.7,885511
2026-02-19T10:15:00+05:30,171.7,172.0,171.35,171.84,778659
2026-02-19T10:30:00+05:30,171.86,172.3,171.72,172.27,498517
2026-02-19T10:45:00+05:30,172.28,172.85,172.1,172.69,477823
2026-02-19T11:00:00+05:30,172.7,174.58,172.54,173.65,2084250
2026-02-19T11:15:00+05:30,173.65,174.89,173.22,174.35,1635967
2026-02-19T11:30:00+05:30,174.35,174.4,173.2,173.45,869113
2026-02-19T11:45:00+05:30,173.45,173.51,172.54,172.85,721552
2026-02-19T12:00:00+05:30,172.85,172.94,171.75,171.8,727710
2026-02-19T12:15:00+05:30,171.81,172.63,171.5,172.36,734783
2026-02-19T12:30:00+05:30,172.36,172.53,171.87,172.09,388289
2026-02-19T12:45:00+05:30,172.09,172.7,171.95,172.51,291479
2026-02-19T13:00:00+05:30,172.51,172.9,172.45,172.67,256364
2026-02-19T13:15:00+05:30,172.67,172.92,172.45,172.75,238026
2026-02-19T13:30:00+05:30,172.75,172.75,172.33,172.4,284296
2026-02-19T13:45:00+05:30,172.4,172.47,172.1,172.11,318742
2026-02-19T14:00:00+05:30,172.15,172.35,172.0,172.29,293132
2026-02-19T14:15:00+05:30,172.2,172.79,171.62,171.79,580805
2026-02-19T14:30:00+05:30,171.71,172.12,170.62,170.79,1038918
2026-02-19T14:45:00+05:30,170.85,171.6,170.8,171.13,673396
2026-02-19T15:00:00+05:30,171.13,171.13,169.12,169.29,2116911
2026-02-19T15:15:00+05:30,169.29,169.6,168.2,169.45,2761521
2026-02-20T09:15:00+05:30,170.01,171.25,169.5,169.9,2010772
2026-02-20T09:30:00+05:30,169.9,171.93,169.88,171.82,1070402
2026-02-20T09:45:00+05:30,171.82,172.45,171.56,171.75,1327067
2026-02-20T10:00:00+05:30,171.75,171.83,170.61,170.92,722505
2026-02-20T10:15:00+05:30,170.92,171.9,170.92,171.6,453581
2026-02-20T10:30:00+05:30,171.68,171.9,171.5,171.62,296211
2026-02-20T10:45:00+05:30,171.68,171.69,171.1,171.22,264540
2026-02-20T11:00:00+05:30,171.21,171.3,170.65,170.79,430390
2026-02-20T11:15:00+05:30,170.7,171.29,170.68,171.15,153938
2026-02-20T11:30:00+05:30,171.09,171.27,170.86,170.9,188179
2026-02-20T11:45:00+05:30,170.93,171.03,170.51,170.82,197200
2026-02-20T12:00:00+05:30,170.82,171.1,170.64,171.02,131506
2026-02-20T12:15:00+05:30,171.08,171.39,170.93,171.23,247454
2026-02-20T12:30:00+05:30,171.21,171.23,171.0,171.16,101197
2026-02-20T12:45:00+05:30,171.04,171.13,170.64,170.9,156495
2026-02-20T13:00:00+05:30,170.9,171.0,170.21,170.48,265072
2026-02-20T13:15:00+05:30,170.48,170.48,169.66,170.09,379165
2026-02-20T13:30:00+05:30,170.06,170.66,169.9,170.53,240850
2026-02-20T13:45:00+05:30,170.52,170.55,170.17,170.44,159635
2026-02-20T14:00:00+05:30,170.44,170.8,170.19,170.47,237175
2026-02-20T14:15:00+05:30,170.5,170.51,170.2,170.37,165195
2026-02-20T14:30:00+05:30,170.39,170.72,170.13,170.4,320463
2026-02-20T14:45:00+05:30,170.4,170.58,169.6,169.98,511438
2026-02-20T15:00:00+05:30,169.96,170.2,168.5,168.93,1088062
2026-02-20T15:15:00+05:30,168.91,169.5,168.5,169.3,1163565
2026-02-23T09:15:00+05:30,170.14,171.5,169.67,169.94,2143882
2026-02-23T09:30:00+05:30,169.99,170.0,168.81,169.11,1177979
2026-02-23T09:45:00+05:30,169.17,169.55,168.9,169.55,656178
2026-02-23T10:00:00+05:30,169.52,169.77,169.01,169.2,399994
2026-02-23T10:15:00+05:30,169.2,169.33,168.6,168.85,505744
2026-02-23T10:30:00+05:30,168.82,168.85,167.71,167.9,828417
2026-02-23T10:45:00+05:30,167.9,168.39,167.5,168.12,919029
2026-02-23T11:00:00+05:30,168.2,168.46,167.82,168.3,356278
2026-02-23T11:15:00+05:30,168.35,168.4,167.6,168.09,342465
2026-02-23T11:30:00+05:30,168.09,168.25,167.7,167.94,236209
2026-02-23T11:45:00+05:30,167.94,168.03,167.56,167.76,287261
2026-02-23T12:00:00+05:30,167.78,168.08,167.7,167.9,163724
2026-02-23T12:15:00+05:30,167.9,168.1,167.76,167.85,281482
2026-02-23T12:30:00+05:30,167.9,168.2,167.81,168.18,150225
2026-02-23T12:45:00+05:30,168.18,168.39,168.0,168.03,225422
2026-02-23T13:00:00+05:30,168.03,168.17,167.89,168.07,178032
2026-02-23T13:15:00+05:30,168.01,168.12,167.81,167.83,185722
2026-02-23T13:30:00+05:30,167.83,168.0,167.6,167.99,235478
2026-02-23T13:45:00+05:30,167.93,167.99,167.64,167.64,241499
2026-02-23T14:00:00+05:30,167.64,167.65,167.05,167.18,571607
2026-02-23T14:15:00+05:30,167.18,167.35,166.56,167.09,656246
2026-02-23T14:30:00+05:30,167.1,168.0,167.0,167.13,1129331
2026-02-23T14:45:00+05:30,167.06,168.53,167.03,167.82,1105051
2026-02-23T15:00:00+05:30,167.75,167.9,167.4,167.44,953366
2026-02-23T15:15:00+05:30,167.45,167.7,166.6,167.58,1789692
2026-02-24T09:15:00+05:30,167.0,167.0,163.67,164.51,3359624
2026-02-24T09:30:00+05:30,164.42,164.53,163.35,163.99,1310868
2026-02-24T09:45:00+05:30,163.99,164.51,163.9,164.18,593676
2026-02-24T10:00:00+05:30,164.18,164.2,163.8,163.83,479561
2026-02-24T10:15:00+05:30,163.82,163.83,162.83,163.21,1220407
2026-02-24T10:30:00+05:30,163.17,163.81,163.01,163.67,670759
2026-02-24T10:45:00+05:30,163.67,163.9,163.24,163.49,352513
2026-02-24T11:00:00+05:30,163.49,163.85,163.45,163.8,255072
2026-02-24T11:15:00+05:30,163.79,163.81,163.5,163.57,230064
2026-02-24T11:30:00+05:30,163.57,163.79,163.25,163.25,300810
2026-02-24T11:45:00+05:30,163.33,163.49,162.83,163.15,639748
2026-02-24T12:00:00+05:30,163.2,163.2,162.22,162.5,736581
2026-02-24T12:15:00+05:30,162.5,162.77,162.2,162.36,366391
2026-02-24T12:30:00+05:30,162.35,162.72,162.3,162.4,379707
2026-02-24T12:45:00+05:30,162.4,162.59,162.2,162.5,302208
2026-02-24T13:00:00+05:30,162.5,162.89,162.45,162.85,265080
2026-02-24T13:15:00+05:30,162.85,163.13,162.51,162.59,361775
2026-02-24T13:30:00+05:30,162.59,162.66,161.6,161.85,914198
2026-02-24T13:45:00+05:30,161.95,162.5,161.86,162.44,427369
2026-02-24T14:00:00+05:30,162.44,162.94,162.22,162.8,457373
2026-02-24T14:15:00+05:30,162.76,162.87,162.26,162.64,392676
2026-02-24T14:30:00+05:30,162.64,162.7,162.1,162.36,512369
2026-02-24T14:45:00+05:30,162.39,163.67,162.21,163.22,2117660
2026-02-24T15:00:00+05:30,163.19,163.45,162.8,163.3,1792357
2026-02-24T15:15:00+05:30,163.25,163.4,162.5,163.2,2308629
2026-02-25T09:15:00+05:30,164.5,165.11,163.61,164.19,2139321
2026-02-25T09:30:00+05:30,164.19,164.3,163.25,163.31,735995
2026-02-25T09:45:00+05:30,163.31,163.69,163.15,163.59,482051
2026-02-25T10:00:00+05:30,163.59,163.92,163.25,163.67,440595
2026-02-25T10:15:00+05:30,163.69,163.95,163.5,163.57,242446
2026-02-25T10:30:00+05:30,163.57,163.68,163.3,163.38,233055
2026-02-25T10:45:00+05:30,163.4,163.63,163.27,163.49,309601
2026-02-25T11:00:00+05:30,163.49,163.73,163.33,163.51,240493
2026-02-25T11:15:00+05:30,163.51,163.54,163.28,163.4,191273
2026-02-25T11:30:00+05:30,163.45,163.47,162.6,162.81,609660
2026-02-25T11:45:00+05:30,162.81,162.98,162.6,162.65,281701
2026-02-25T12:00:00+05:30,162.65,162.9,162.5,162.85,335085
2026-02-25T12:15:00+05:30,162.85,163.0,162.7,162.8,277381
2026-02-25T12:30:00+05:30,162.8,162.8,162.3,162.39,414457
2026-02-25T12:45:00+05:30,162.36,162.36,161.52,161.63,701076
2026-02-25T13:00:00+05:30,161.55,161.84,161.22,161.75,509472
2026-02-25T13:15:00+05:30,161.75,161.99,161.31,161.53,283139
2026-02-25T13:30:00+05:30,161.53,161.85,161.53,161.83,190516
2026-02-25T13:45:00+05:30,161.83,161.98,161.77,161.85,305122
2026-02-25T14:00:00+05:30,161.85,161.93,161.5,161.83,278997
2026-02-25T14:15:00+05:30,161.83,161.99,161.65,161.82,251066
2026-02-25T14:30:00+05:30,161.81,161.99,161.68,161.8,254139
2026-02-25T14:45:00+05:30,161.8,164.48,161.78,164.35,2276440
2026-02-25T15:00:00+05:30,164.4,164.6,163.84,164.48,1661071
2026-02-25T15:15:00+05:30,164.49,165.0,164.29,164.5,1591369
2026-02-26T09:15:00+05:30,165.0,165.2,163.8,164.07,1280235
2026-02-26T09:30:00+05:30,164.17,164.93,163.81,164.83,553917
2026-02-26T09:45:00+05:30,164.84,164.87,164.21,164.6,382921
2026-02-26T10:00:00+05:30,164.6,164.75,164.4,164.65,219645
2026-02-26T10:15:00+05:30,164.65,164.79,164.1,164.15,187707
2026-02-26T10:30:00+05:30,164.2,164.5,164.13,164.3,180387
2026-02-26T10:45:00+05:30,164.25,164.3,163.85,164.03,279880
2026-02-26T11:00:00+05:30,163.99,164.1,163.55,164.0,272386
2026-02-26T11:15:00+05:30,164.0,164.35,162.75,163.05,620884
2026-02-26T11:30:00+05:30,163.05,163.05,162.16,162.2,674782
2026-02-26T11:45:00+05:30,162.27,162.6,162.01,162.05,645877
2026-02-26T12:00:00+05:30,162.07,162.15,161.62,161.65,713124
2026-02-26T12:15:00+05:30,161.7,161.92,161.5,161.76,469958
2026-02-26T12:30:00+05:30,161.78,162.71,161.72,162.66,522250
2026-02-26T12:45:00+05:30,162.66,162.89,162.23,162.45,258400
2026-02-26T13:00:00+05:30,162.45,162.75,162.42,162.5,153270
2026-02-26T13:15:00+05:30,162.51,163.37,162.4,163.16,380985
2026-02-26T13:30:00+05:30,163.16,163.4,163.03,163.38,261660
2026-02-26T13:45:00+05:30,163.38,163.5,163.2,163.3,230169
2026-02-26T14:00:00+05:30,163.3,163.43,163.09,163.3,217112
2026-02-26T14:15:00+05:30,163.31,163.48,162.91,163.19,252940
2026-02-26T14:30:00+05:30,163.19,163.89,163.11,163.79,423651
2026-02-26T14:45:00+05:30,163.71,165.09,163.69,164.9,2330760
2026-02-26T15:00:00+05:30,164.91,165.16,164.73,165.02,1599179
2026-02-26T15:15:00+05:30,164.99,165.09,164.3,164.8,1463901
2026-02-27T09:15:00+05:30,163.0,164.12,163.0,163.5,1202466
2026-02-27T09:30:00+05:30,163.5,163.8,163.35,163.5,464876
2026-02-27T09:45:00+05:30,163.47,164.4,163.35,164.39,490582
2026-02-27T10:00:00+05:30,164.39,164.73,163.83,164.3,516838
2026-02-27T10:15:00+05:30,164.37,164.4,163.67,163.75,263905
2026-02-27T10:30:00+05:30,163.76,164.18,163.7,163.82,135536
2026-02-27T10:45:00+05:30,163.83,164.1,163.5,163.55,189109
2026-02-27T11:00:00+05:30,163.6,164.39,163.52,164.35,165161
2026-02-27T11:15:00+05:30,164.35,164.47,164.0,164.2,180958
2026-02-27T11:30:00+05:30,164.24,164.34,163.71,163.81,193994
2026-02-27T11:45:00+05:30,163.86,163.92,163.3,163.35,308277
2026-02-27T12:00:00+05:30,163.35,163.55,162.82,162.96,498065
2026-02-27T12:15:00+05:30,162.96,163.07,162.66,162.9,340810
2026-02-27T12:30:00+05:30,162.88,162.99,162.67,162.75,346125
2026-02-27T12:45:00+05:30,162.75,162.99,162.6,162.74,261451
2026-02-27T13:00:00+05:30,162.74,163.0,162.26,162.94,478938
2026-02-27T13:15:00+05:30,162.94,163.06,162.6,162.95,253951
2026-02-27T13:30:00+05:30,162.9,163.0,162.5,162.51,395775
2026-02-27T13:45:00+05:30,162.51,163.0,162.5,162.99,158731
2026-02-27T14:00:00+05:30,162.99,163.3,162.91,163.1,213531
2026-02-27T14:15:00+05:30,163.09,163.4,162.91,163.1,318308
2026-02-27T14:30:00+05:30,163.09,163.35,163.0,163.3,178547
2026-02-27T14:45:00+05:30,163.3,164.43,163.17,164.03,1344744
2026-02-27T15:00:00+05:30,164.14,164.24,163.2,163.37,1470309
2026-02-27T15:15:00+05:30,163.29,163.79,163.0,163.5,1505691
2026-03-02T09:15:00+05:30,155.49,159.67,155.02,159.48,3336915
2026-03-02T09:30:00+05:30,159.49,159.5,158.07,158.47,1321979
2026-03-02T09:45:00+05:30,158.47,159.95,157.6,159.4,1735837
2026-03-02T10:00:00+05:30,159.4,159.78,158.5,158.89,1167774
2026-03-02T10:15:00+05:30,158.95,159.05,158.3,158.31,465472
2026-03-02T10:30:00+05:30,158.32,158.84,158.01,158.15,435785
2026-03-02T10:45:00+05:30,158.19,158.3,157.25,157.4,852689
2026-03-02T11:00:00+05:30,157.35,157.95,157.01,157.44,475383
2026-03-02T11:15:00+05:30,157.44,157.58,156.7,156.96,524943
2026-03-02T11:30:00+05:30,156.96,157.46,156.56,157.34,556816
2026-03-02T11:45:00+05:30,157.3,157.32,156.8,156.9,440047
2026-03-02T12:00:00+05:30,156.9,156.93,156.01,156.34,675966
2026-03-02T12:15:00+05:30,156.34,156.6,156.1,156.58,397111
2026-03-02T12:30:00+05:30,156.57,157.34,156.55,156.7,556084
2026-03-02T12:45:00+05:30,156.64,156.84,156.4,156.7,311133
2026-03-02T13:00:00+05:30,156.7,156.74,156.2,156.4,385787
2026-03-02T13:15:00+05:30,156.4,156.41,156.0,156.2,384235
2026-03-02T13:30:00+05:30,156.2,156.32,156.0,156.15,293307
2026-03-02T13:45:00+05:30,156.2,156.39,155.81,155.95,417361
2026-03-02T14:00:00+05:30,155.86,157.42,155.78,157.29,681798
2026-03-02T14:15:00+05:30,157.3,157.37,156.99,157.02,374152
2026-03-02T14:30:00+05:30,157.0,157.99,156.9,157.64,646443
2026-03-02T14:45:00+05:30,157.64,163.1,157.32,161.71,4834306
2026-03-02T15:00:00+05:30,161.8,161.95,159.37,160.47,2672842
2026-03-02T15:15:00+05:30,160.45,162.0,160.39,161.2,2018115
2026-03-04T09:15:00+05:30,160.0,161.0,158.0,158.49,2687947
2026-03-04T09:30:00+05:30,158.5,159.79,158.1,159.55,870649
2026-03-04T09:45:00+05:30,159.54,159.7,158.55,158.85,600035
2026-03-04T10:00:00+05:30,158.85,159.35,158.55,159.35,409142
2026-03-04T10:15:00+05:30,159.35,159.45,158.88,159.25,365664
2026-03-04T10:30:00+05:30,159.25,159.3,157.8,157.98,905703
2026-03-04T10:45:00+05:30,157.94,158.0,157.27,157.4,772858
2026-03-04T11:00:00+05:30,157.41,157.97,157.3,157.3,642048
2026-03-04T11:15:00+05:30,157.32,157.4,156.63,156.7,609833
2026-03-04T11:30:00+05:30,156.66,156.75,155.81,156.09,939361
2026-03-04T11:45:00+05:30,156.05,156.88,156.04,156.53,302588
2026-03-04T12:00:00+05:30,156.59,156.6,156.1,156.17,274179
2026-03-04T12:15:00+05:30,156.17,156.59,156.03,156.05,379265
2026-03-04T12:30:00+05:30,156.06,156.81,156.06,156.69,331388
2026-03-04T12:45:00+05:30,156.61,156.99,156.51,156.6,304605
2026-03-04T13:00:00+05:30,156.61,156.97,156.6,156.71,244198
2026-03-04T13:15:00+05:30,156.71,156.99,156.51,156.8,319244
2026-03-04T13:30:00+05:30,156.8,156.95,156.34,156.57,350814
2026-03-04T13:45:00+05:30,156.55,157.35,156.48,157.21,562434
2026-03-04T14:00:00+05:30,157.22,157.85,157.18,157.71,561511
2026-03-04T14:15:00+05:30,157.7,158.48,157.5,157.84,1115949
2026-03-04T14:30:00+05:30,157.84,158.25,157.61,157.94,776338
2026-03-04T14:45:00+05:30,157.87,158.98,157.79,158.19,2276686
2026-03-04T15:00:00+05:30,158.2,158.22,156.68,157.26,2267032
2026-03-04T15:15:00+05:30,157.27,157.29,156.02,156.43,2120863
2026-03-05T09:15:00+05:30,158.95,158.95,157.2,158.0,2248485
2026-03-05T09:30:00+05:30,158.01,158.8,157.15,157.48,1241766
2026-03-05T09:45:00+05:30,157.48,157.82,157.3,157.59,622346
2026-03-05T10:00:00+05:30,157.59,157.59,156.4,157.13,1033379
2026-03-05T10:15:00+05:30,157.1,157.94,157.03,157.7,605667
2026-03-05T10:30:00+05:30,157.63,157.98,157.45,157.82,370577
2026-03-05T10:45:00+05:30,157.85,157.9,157.42,157.63,325906
2026-03-05T11:00:00+05:30,157.63,157.77,157.5,157.73,205548
2026-03-05T11:15:00+05:30,157.66,157.8,157.52,157.66,248978
2026-03-05T11:30:00+05:30,157.66,157.66,157.15,157.22,279887
2026-03-05T11:45:00+05:30,157.22,157.36,156.8,157.15,387574
2026-03-05T12:00:00+05:30,157.15,157.21,156.84,157.21,262353
2026-03-05T12:15:00+05:30,157.23,157.49,157.0,157.42,209303
2026-03-05T12:30:00+05:30,157.43,157.44,157.2,157.42,205517
2026-03-05T12:45:00+05:30,157.35,157.64,157.32,157.62,215755
2026-03-05T13:00:00+05:30,157.6,157.62,157.18,157.42,232467
2026-03-05T13:15:00+05:30,157.35,157.5,157.3,157.44,227362
2026-03-05T13:30:00+05:30,157.45,157.65,157.25,157.33,248628
2026-03-05T13:45:00+05:30,157.26,157.33,157.0,157.16,335034
2026-03-05T14:00:00+05:30,157.19,157.26,156.81,156.88,360558
2026-03-05T14:15:00+05:30,156.87,156.99,156.51,156.92,490470
2026-03-05T14:30:00+05:30,156.92,157.83,156.85,157.25,786097
2026-03-05T14:45:00+05:30,157.24,157.64,157.06,157.34,1100110
2026-03-05T15:00:00+05:30,157.33,157.4,155.82,156.43,2171496
2026-03-05T15:15:00+05:30,156.43,156.8,155.5,156.51,1847149
2026-03-06T09:15:00+05:30,156.3,158.18,156.05,158.18,1181537
2026-03-06T09:30:00+05:30,158.07,159.18,157.41,158.97,1413363
2026-03-06T09:45:00+05:30,158.85,159.06,158.24,158.97,782875
2026-03-06T10:00:00+05:30,158.99,159.15,158.63,159.0,515466
2026-03-06T10:15:00+05:30,159.05,159.4,157.81,158.07,547645
2026-03-06T10:30:00+05:30,158.07,158.27,157.31,157.6,525655
2026-03-06T10:45:00+05:30,157.68,157.92,157.2,157.31,329636
2026-03-06T11:00:00+05:30,157.31,157.65,157.31,157.41,139722
2026-03-06T11:15:00+05:30,157.4,157.74,157.3,157.55,146285
2026-03-06T11:30:00+05:30,157.55,157.85,157.54,157.66,155216
2026-03-06T11:45:00+05:30,157.66,157.85,157.48,157.78,176929
2026-03-06T12:00:00+05:30,157.78,157.78,157.54,157.61,198109
2026-03-06T12:15:00+05:30,157.61,157.72,157.4,157.42,130963
2026-03-06T12:30:00+05:30,157.42,157.48,155.85,156.15,1302232
2026-03-06T12:45:00+05:30,156.15,156.15,155.3,155.57,796485
2026-03-06T13:00:00+05:30,155.55,155.89,155.4,155.6,714953
2026-03-06T13:15:00+05:30,155.57,155.83,155.5,155.6,362749
2026-03-06T13:30:00+05:30,155.6,155.67,155.16,155.38,555360
2026-03-06T13:45:00+05:30,155.32,155.4,155.01,155.18,564848
2026-03-06T14:00:00+05:30,155.18,155.2,154.71,155.01,906944
2026-03-06T14:15:00+05:30,155.09,155.19,154.86,155.13,555083
2026-03-06T14:30:00+05:30,155.15,155.62,154.19,154.5,690359
2026-03-06T14:45:00+05:30,154.5,154.78,153.55,153.91,993763
2026-03-06T15:00:00+05:30,153.91,154.0,152.8,153.41,1362535
2026-03-06T15:15:00+05:30,153.41,153.45,152.0,153.15,1927979
2026-03-09T09:15:00+05:30,149.0,150.78,146.0,147.07,2703713
2026-03-09T09:30:00+05:30,147.07,147.35,146.46,146.72,1286649
2026-03-09T09:45:00+05:30,146.72,147.49,146.53,147.12,1079218
2026-03-09T10:00:00+05:30,147.12,148.7,147.0,147.7,901790
2026-03-09T10:15:00+05:30,147.7,147.7,147.12,147.39,455747
2026-03-09T10:30:00+05:30,147.38,147.45,146.8,147.25,660649
2026-03-09T10:45:00+05:30,147.18,148.48,146.36,148.09,927193
2026-03-09T11:00:00+05:30,148.15,148.18,147.49,147.84,449558
2026-03-09T11:15:00+05:30,147.84,148.2,147.36,148.1,259726
2026-03-09T11:30:00+05:30,148.13,148.4,147.87,148.12,301848
2026-03-09T11:45:00+05:30,148.17,148.19,147.22,147.48,376802
2026-03-09T12:00:00+05:30,147.5,147.74,147.28,147.6,275092
2026-03-09T12:15:00+05:30,147.6,147.97,147.39,147.69,271895
2026-03-09T12:30:00+05:30,147.74,147.94,147.5,147.75,181055
2026-03-09T12:45:00+05:30,147.79,147.98,147.55,147.86,177256
2026-03-09T13:00:00+05:30,147.86,147.89,147.2,147.28,183150
2026-03-09T13:15:00+05:30,147.3,147.43,146.8,146.94,475255
2026-03-09T13:30:00+05:30,146.94,147.23,146.92,147.02,280821
2026-03-09T13:45:00+05:30,147.03,147.11,146.81,146.93,183305
2026-03-09T14:00:00+05:30,146.98,146.99,146.76,146.9,180950
2026-03-09T14:15:00+05:30,146.93,146.93,146.44,146.55,571976
2026-03-09T14:30:00+05:30,146.6,149.15,146.44,148.91,1585749
2026-03-09T14:45:00+05:30,149.4,150.15,148.39,149.52,2450825
2026-03-09T15:00:00+05:30,149.53,150.3,148.7,148.99,1899771
2026-03-09T15:15:00+05:30,148.99,149.74,148.79,149.0,2142185
2026-03-10T09:15:00+05:30,152.0,155.55,151.3,155.49,3682776
2026-03-10T09:30:00+05:30,155.44,155.6,153.06,154.65,2051527
2026-03-10T09:45:00+05:30,154.64,154.85,154.18,154.31,777891
2026-03-10T10:00:00+05:30,154.31,155.25,154.25,154.85,816164
2026-03-10T10:15:00+05:30,154.85,155.36,154.71,154.8,601168
2026-03-10T10:30:00+05:30,154.74,155.36,154.55,155.18,360363
2026-03-10T10:45:00+05:30,155.18,155.78,154.89,155.3,753243
2026-03-10T11:00:00+05:30,155.3,155.69,155.28,155.5,395494
2026-03-10T11:15:00+05:30,155.5,155.69,155.27,155.5,293714
2026-03-10T11:30:00+05:30,155.5,155.95,155.48,155.93,595065
2026-03-10T11:45:00+05:30,155.95,156.35,155.45,155.93,883773
2026-03-10T12:00:00+05:30,155.93,156.66,155.51,155.75,686184
2026-03-10T12:15:00+05:30,155.65,155.9,155.11,155.19,472655
2026-03-10T12:30:00+05:30,155.19,156.38,155.05,155.79,443823
2026-03-10T12:45:00+05:30,155.79,156.34,155.74,156.21,292419
2026-03-10T13:00:00+05:30,156.21,156.59,155.81,156.35,570134
2026-03-10T13:15:00+05:30,156.35,156.89,156.35,156.72,510605
2026-03-10T13:30:00+05:30,156.72,156.99,156.53,156.53,401198
2026-03-10T13:45:00+05:30,156.53,156.9,156.5,156.85,299369
2026-03-10T14:00:00+05:30,156.89,157.77,156.58,157.3,839095
2026-03-10T14:15:00+05:30,157.29,157.56,157.2,157.37,469609
2026-03-10T14:30:00+05:30,157.37,159.39,157.3,158.55,2134398
2026-03-10T14:45:00+05:30,158.56,158.69,156.69,157.25,1407166
2026-03-10T15:00:00+05:30,157.35,157.95,156.46,157.01,1922932
2026-03-10T15:15:00+05:30,157.02,158.3,156.4,157.0,2030589
2026-03-11T09:15:00+05:30,157.6,161.9,157.41,158.14,3978776
2026-03-11T09:30:00+05:30,158.14,158.31,157.0,157.33,1494738
2026-03-11T09:45:00+05:30,157.3,158.0,156.62,156.62,959219
2026-03-11T10:00:00+05:30,156.69,157.39,156.62,156.8,628886
2026-03-11T10:15:00+05:30,156.81,157.49,156.65,157.31,590294
2026-03-11T10:30:00+05:30,157.31,157.35,156.83,156.89,403828
2026-03-11T10:45:00+05:30,156.89,157.7,156.81,157.65,392541
2026-03-11T11:00:00+05:30,157.58,157.85,157.02,157.1,259551
2026-03-11T11:15:00+05:30,157.05,157.3,156.51,157.05,449845
2026-03-11T11:30:00+05:30,157.05,157.05,156.55,156.88,253779
2026-03-11T11:45:00+05:30,156.8,157.0,156.74,156.91,130893
2026-03-11T12:00:00+05:30,156.96,157.49,156.91,157.26,215606
2026-03-11T12:15:00+05:30,157.26,157.44,157.02,157.13,172251
2026-03-11T12:30:00+05:30,157.13,157.36,157.0,157.3,209049
2026-03-11T12:45:00+05:30,157.34,157.35,157.1,157.27,116962
2026-03-11T13:00:00+05:30,157.27,157.32,156.71,156.8,370214
2026-03-11T13:15:00+05:30,156.84,157.14,156.71,157.07,125174
2026-03-11T13:30:00+05:30,157.07,157.25,157.03,157.05,156138
2026-03-11T13:45:00+05:30,157.09,157.09,156.85,157.03,128304
2026-03-11T14:00:00+05:30,157.03,157.2,156.81,156.95,212375
2026-03-11T14:15:00+05:30,156.9,157.15,156.02,156.47,590337
2026-03-11T14:30:00+05:30,156.56,157.18,156.25,157.03,449980
2026-03-11T14:45:00+05:30,157.03,157.55,155.12,155.6,1343300
2026-03-11T15:00:00+05:30,155.65,156.67,154.11,154.54,1135943
2026-03-11T15:15:00+05:30,154.52,155.15,154.02,154.11,1267092
2026-03-12T09:15:00+05:30,153.89,153.9,151.2,152.12,1397884
2026-03-12T09:30:00+05:30,152.12,152.65,151.79,152.31,878748
2026-03-12T09:45:00+05:30,152.3,153.17,152.15,152.75,450975
2026-03-12T10:00:00+05:30,152.8,153.04,152.2,152.25,309208
2026-03-12T10:15:00+05:30,152.25,152.88,152.12,152.88,217706
2026-03-12T10:30:00+05:30,152.79,153.61,152.34,153.35,462593
2026-03-12T10:45:00+05:30,153.35,153.72,152.75,153.72,494122
2026-03-12T11:00:00+05:30,153.69,154.23,153.6,154.02,489312
2026-03-12T11:15:00+05:30,154.09,154.33,153.13,153.55,512066
2026-03-12T11:30:00+05:30,153.55,154.24,153.4,153.9,248276
2026-03-12T11:45:00+05:30,153.9,154.3,153.84,154.3,188503
2026-03-12T12:00:00+05:30,154.3,154.47,153.7,154.4,376034
2026-03-12T12:15:00+05:30,154.4,154.73,154.33,154.41,274671
2026-03-12T12:30:00+05:30,154.41,154.56,154.15,154.42,158708
2026-03-12T12:45:00+05:30,154.44,154.9,154.39,154.9,218871
2026-03-12T13:00:00+05:30,154.89,154.94,154.2,154.6,321580
2026-03-12T13:15:00+05:30,154.59,155.3,154.51,155.06,386445
2026-03-12T13:30:00+05:30,155.1,155.39,154.83,154.88,391031
2026-03-12T13:45:00+05:30,154.88,156.43,154.88,155.58,1003570
2026-03-12T14:00:00+05:30,155.51,155.95,155.32,155.9,224374
2026-03-12T14:15:00+05:30,155.9,155.95,155.24,155.27,222156
2026-03-12T14:30:00+05:30,155.3,155.65,155.04,155.1,313305
2026-03-12T14:45:00+05:30,155.1,157.9,155.04,157.59,2043825
2026-03-12T15:00:00+05:30,157.59,158.5,156.93,157.91,2628728
2026-03-12T15:15:00+05:30,157.88,159.58,157.74,158.5,2183518
2026-03-13T09:15:00+05:30,157.01,157.38,155.5,155.66,1138672
2026-03-13T09:30:00+05:30,155.6,155.88,155.0,155.01,692721
2026-03-13T09:45:00+05:30,155.08,155.08,154.22,154.34,683407
2026-03-13T10:00:00+05:30,154.3,154.72,154.25,154.43,329256
2026-03-13T10:15:00+05:30,154.48,154.9,153.73,154.47,452871
2026-03-13T10:30:00+05:30,154.47,154.59,154.03,154.25,199042
2026-03-13T10:45:00+05:30,154.25,155.1,154.1,154.63,363054
2026-03-13T11:00:00+05:30,154.63,154.69,154.31,154.53,122402
2026-03-13T11:15:00+05:30,154.53,155.14,154.35,154.9,165849
2026-03-13T11:30:00+05:30,154.88,155.5,154.7,155.17,313464
2026-03-13T11:45:00+05:30,155.24,155.59,154.7,154.7,343559
2026-03-13T12:00:00+05:30,154.77,154.88,154.28,154.62,251743
2026-03-13T12:15:00+05:30,154.62,154.75,153.75,154.2,356437
2026-03-13T12:30:00+05:30,154.2,154.32,153.66,154.07,315924
2026-03-13T12:45:00+05:30,154.01,154.44,154.01,154.2,152440
2026-03-13T13:00:00+05:30,154.2,154.25,153.67,153.75,241177
2026-03-13T13:15:00+05:30,153.75,153.89,153.28,153.85,245855
2026-03-13T13:30:00+05:30,153.84,153.94,153.5,153.76,159745
2026-03-13T13:45:00+05:30,153.78,153.9,153.51,153.53,200206
2026-03-13T14:00:00+05:30,153.6,153.78,152.52,152.93,482970
2026-03-13T14:15:00+05:30,152.93,153.07,152.2,152.43,697760
2026-03-13T14:30:00+05:30,152.43,153.37,152.42,152.78,557568
2026-03-13T14:45:00+05:30,152.77,156.15,152.6,155.8,2843430
2026-03-13T15:00:00+05:30,155.73,156.4,155.21,156.3,1389139
2026-03-13T15:15:00+05:30,156.29,156.35,155.42,155.71,1338269
2026-03-16T09:15:00+05:30,155.0,156.7,154.27,155.33,1641471
2026-03-16T09:30:00+05:30,155.33,157.39,155.05,156.95,1267557
2026-03-16T09:45:00+05:30,156.96,157.7,156.5,156.6,651527
2026-03-16T10:00:00+05:30,156.52,156.95,155.51,156.06,478081
2026-03-16T10:15:00+05:30,156.06,156.06,154.5,154.95,759668
2026-03-16T10:30:00+05:30,154.85,155.43,154.4,154.41,520681
2026-03-16T10:45:00+05:30,154.41,155.25,153.81,155.06,484745
2026-03-16T11:00:00+05:30,155.12,155.8,154.87,155.12,428861
2026-03-16T11:15:00+05:30,155.14,156.48,155.04,156.07,410845
2026-03-16T11:30:00+05:30,156.07,156.48,155.54,155.84,383315
2026-03-16T11:45:00+05:30,155.8,156.49,155.75,156.08,237497
2026-03-16T12:00:00+05:30,156.08,156.54,156.01,156.29,224560
2026-03-16T12:15:00+05:30,156.29,157.1,155.7,156.7,429729
2026-03-16T12:30:00+05:30,156.63,156.79,156.0,156.32,333566
2026-03-16T12:45:00+05:30,156.26,156.4,155.63,156.17,360964
2026-03-16T13:00:00+05:30,156.1,156.75,155.4,156.5,472581
2026-03-16T13:15:00+05:30,156.41,156.51,155.92,156.14,132405
2026-03-16T13:30:00+05:30,156.1,156.69,155.96,156.39,361678
2026-03-16T13:45:00+05:30,156.4,156.8,156.1,156.62,310022
2026-03-16T14:00:00+05:30,156.69,157.21,156.46,157.15,452223
2026-03-16T14:15:00+05:30,157.09,157.89,156.61,157.55,689187
2026-03-16T14:30:00+05:30,157.59,158.0,157.34,157.8,657351
2026-03-16T14:45:00+05:30,157.91,159.0,157.3,158.68,1156180
2026-03-16T15:00:00+05:30,158.68,158.69,157.7,157.92,1031842
2026-03-16T15:15:00+05:30,157.91,158.27,157.15,157.3,870346
2026-03-17T09:15:00+05:30,159.4,159.8,157.75,158.54,1313133
2026-03-17T09:30:00+05:30,158.6,158.7,157.2,157.71,935309
2026-03-17T09:45:00+05:30,157.71,158.65,157.5,158.59,835441
2026-03-17T10:00:00+05:30,158.59,158.8,158.3,158.7,340109
2026-03-17T10:15:00+05:30,158.7,159.61,158.58,158.89,644922
2026-03-17T10:30:00+05:30,158.88,158.95,158.32,158.55,304002
2026-03-17T10:45:00+05:30,158.55,159.2,158.53,158.77,234923
2026-03-17T11:00:00+05:30,158.78,159.27,158.15,159.02,523291
2026-03-17T11:15:00+05:30,159.02,159.02,158.2,158.52,323702
2026-03-17T11:30:00+05:30,158.53,158.81,158.04,158.58,365253
2026-03-17T11:45:00+05:30,158.56,159.95,158.52,159.75,945018
2026-03-17T12:00:00+05:30,159.82,159.95,159.5,159.79,521334
2026-03-17T12:15:00+05:30,159.79,160.2,159.2,159.81,672107
2026-03-17T12:30:00+05:30,159.81,159.87,159.39,159.73,364043
2026-03-17T12:45:00+05:30,159.75,159.88,159.4,159.78,340439
2026-03-17T13:00:00+05:30,159.71,159.85,159.51,159.79,268373
2026-03-17T13:15:00+05:30,159.78,160.0,159.62,159.85,369681
2026-03-17T13:30:00+05:30,159.85,160.19,159.78,160.07,618227
2026-03-17T13:45:00+05:30,160.08,160.63,160.0,160.5,536506
2026-03-17T14:00:00+05:30,160.5,160.9,160.19,160.8,477433
2026-03-17T14:15:00+05:30,160.8,160.9,159.4,160.0,1112370
2026-03-17T14:30:00+05:30,160.0,160.79,159.85,160.5,1195606
2026-03-17T14:45:00+05:30,160.5,161.0,160.25,160.98,898641
2026-03-17T15:00:00+05:30,160.98,161.5,160.51,161.49,1442335
2026-03-17T15:15:00+05:30,161.49,161.5,160.6,160.65,1872506
2026-03-18T09:15:00+05:30,161.2,163.63,161.14,162.35,1498634
2026-03-18T09:30:00+05:30,162.35,162.7,161.54,161.9,754747
2026-03-18T09:45:00+05:30,161.9,163.7,161.4,163.08,1501946
2026-03-18T10:00:00+05:30,163.08,163.21,161.84,161.95,1106594
2026-03-18T10:15:00+05:30,161.95,162.62,161.8,161.98,692834
2026-03-18T10:30:00+05:30,161.9,161.99,160.8,160.92,687103
2026-03-18T10:45:00+05:30,160.96,161.63,160.7,161.49,611440
2026-03-18T11:00:00+05:30,161.49,161.8,161.49,161.69,235026
2026-03-18T11:15:00+05:30,161.69,161.8,161.28,161.5,315958
2026-03-18T11:30:00+05:30,161.49,161.5,161.1,161.3,316400
2026-03-18T11:45:00+05:30,161.35,161.5,161.21,161.47,245003
2026-03-18T12:00:00+05:30,161.47,161.91,161.4,161.45,488744
2026-03-18T12:15:00+05:30,161.45,161.58,160.82,161.0,618543
2026-03-18T12:30:00+05:30,161.0,161.89,160.97,161.76,476825
2026-03-18T12:45:00+05:30,161.84,161.84,161.38,161.65,173792
2026-03-18T13:00:00+05:30,161.68,162.69,161.62,162.53,678041
2026-03-18T13:15:00+05:30,162.58,163.07,162.32,162.62,589054
2026-03-18T13:30:00+05:30,162.6,163.35,162.21,163.2,600813
2026-03-18T13:45:00+05:30,163.24,163.4,162.8,163.05,611279
2026-03-18T14:00:00+05:30,162.96,163.03,162.1,162.5,493007
2026-03-18T14:15:00+05:30,162.5,163.07,162.43,162.8,319878
2026-03-18T14:30:00+05:30,162.74,163.0,161.85,162.62,697811
2026-03-18T14:45:00+05:30,162.62,163.61,162.21,163.3,1439568
2026-03-18T15:00:00+05:30,163.31,163.73,162.97,163.32,1602617
2026-03-18T15:15:00+05:30,163.32,163.5,162.9,163.27,1606932
2026-03-19T09:15:00+05:30,159.98,160.7,158.46,160.13,2062006
2026-03-19T09:30:00+05:30,160.13,160.87,159.55,159.81,643443
2026-03-19T09:45:00+05:30,159.8,160.44,159.5,159.63,336545
2026-03-19T10:00:00+05:30,159.61,160.25,159.44,160.15,217998
2026-03-19T10:15:00+05:30,160.11,160.12,159.77,160.01,310914
2026-03-19T10:30:00+05:30,160.04,160.44,160.0,160.18,179836
2026-03-19T10:45:00+05:30,160.2,160.27,159.99,160.09,122990
2026-03-19T11:00:00+05:30,160.03,160.2,159.4,159.4,346201
2026-03-19T11:15:00+05:30,159.44,159.58,158.56,158.88,425410
2026-03-19T11:30:00+05:30,158.88,159.22,158.8,159.22,261517
2026-03-19T11:45:00+05:30,159.22,159.45,159.1,159.3,133516
2026-03-19T12:00:00+05:30,159.3,160.05,159.23,160.04,846974
2026-03-19T12:15:00+05:30,160.0,160.1,159.7,159.94,226804
2026-03-19T12:30:00+05:30,159.94,159.95,159.62,159.8,126112
2026-03-19T12:45:00+05:30,159.8,159.99,159.72,159.99,77740
2026-03-19T13:00:00+05:30,159.95,160.0,159.68,159.72,130784
2026-03-19T13:15:00+05:30,159.73,159.79,159.35,159.4,236326
2026-03-19T13:30:00+05:30,159.38,159.6,158.75,159.09,315860
2026-03-19T13:45:00+05:30,159.05,159.35,158.58,158.6,316337
2026-03-19T14:00:00+05:30,158.6,158.66,157.5,157.61,740897
2026-03-19T14:15:00+05:30,157.6,158.0,157.25,157.4,469255
2026-03-19T14:30:00+05:30,157.42,157.78,157.05,157.6,541998
2026-03-19T14:45:00+05:30,157.6,158.2,156.2,157.86,1207329
2026-03-19T15:00:00+05:30,157.91,158.73,157.37,158.59,1783272
2026-03-19T15:15:00+05:30,158.51,159.1,158.01,158.9,1790426
2026-03-20T09:15:00+05:30,159.25,161.4,159.1,160.38,1333534
2026-03-20T09:30:00+05:30,160.51,160.52,159.5,159.79,443054
2026-03-20T09:45:00+05:30,159.71,159.85,159.3,159.5,229037
2026-03-20T10:00:00+05:30,159.41,159.9,159.01,159.59,261647
2026-03-20T10:15:00+05:30,159.5,160.1,159.06,159.8,243046
2026-03-20T10:30:00+05:30,159.8,160.34,159.55,159.63,300262
2026-03-20T10:45:00+05:30,159.55,159.93,159.39,159.5,195519
2026-03-20T11:00:00+05:30,159.5,159.75,159.35,159.75,96523
2026-03-20T11:15:00+05:30,159.67,159.97,159.5,159.8,135949
2026-03-20T11:30:00+05:30,159.75,159.79,159.17,159.31,254295
2026-03-20T11:45:00+05:30,159.37,159.42,158.8,159.0,339505
2026-03-20T12:00:00+05:30,158.98,158.99,157.8,158.44,432003
2026-03-20T12:15:00+05:30,158.44,158.49,157.16,157.86,483776
2026-03-20T12:30:00+05:30,157.95,158.88,157.7,158.8,470095
2026-03-20T12:45:00+05:30,158.74,158.99,158.6,158.85,143083
2026-03-20T13:00:00+05:30,158.85,158.99,158.18,158.7,187586
2026-03-20T13:15:00+05:30,158.74,159.2,158.65,158.96,197049
2026-03-20T13:30:00+05:30,159.03,159.1,158.64,158.97,95811
2026-03-20T13:45:00+05:30,158.99,158.99,158.6,158.63,120460
2026-03-20T14:00:00+05:30,158.6,159.0,158.02,158.72,260063
2026-03-20T14:15:00+05:30,158.63,159.5,158.34,159.4,501991
2026-03-20T14:30:00+05:30,159.4,159.99,159.13,159.6,587295
2026-03-20T14:45:00+05:30,159.64,160.49,159.64,159.9,1153406
2026-03-20T15:00:00+05:30,159.99,161.95,159.89,161.44,2104009
2026-03-20T15:15:00+05:30,161.41,162.0,161.05,161.1,1571555
2026-03-23T09:15:00+05:30,158.93,159.73,156.56,156.56,2134452
2026-03-23T09:30:00+05:30,156.56,157.98,156.42,157.85,723773
2026-03-23T09:45:00+05:30,157.78,157.99,156.33,156.66,896882
2026-03-23T10:00:00+05:30,156.66,157.23,156.09,156.1,468341
2026-03-23T10:15:00+05:30,156.1,157.42,156.05,156.9,455261
2026-03-23T10:30:00+05:30,156.9,157.74,156.89,156.95,359771
2026-03-23T10:45:00+05:30,156.95,157.3,156.83,157.1,226521
2026-03-23T11:00:00+05:30,157.14,157.75,156.85,157.39,363941
2026-03-23T11:15:00+05:30,157.37,157.52,156.91,157.45,248041
2026-03-23T11:30:00+05:30,157.45,157.84,157.02,157.5,283285
2026-03-23T11:45:00+05:30,157.46,157.97,157.21,157.67,302301
2026-03-23T12:00:00+05:30,157.7,158.25,157.61,157.95,370526
2026-03-23T12:15:00+05:30,157.95,158.05,156.89,157.31,522580
2026-03-23T12:30:00+05:30,157.3,157.65,156.91,157.19,150912
2026-03-23T12:45:00+05:30,157.2,157.3,156.81,157.08,144288
2026-03-23T13:00:00+05:30,157.08,157.1,156.7,156.92,184248
2026-03-23T13:15:00+05:30,156.9,157.5,156.9,157.26,155260
2026-03-23T13:30:00+05:30,157.26,157.88,157.17,157.71,260899
2026-03-23T13:45:00+05:30,157.75,158.0,157.65,157.83,231417
2026-03-23T14:00:00+05:30,157.78,158.18,157.61,158.15,348787
2026-03-23T14:15:00+05:30,158.1,158.2,157.5,157.5,279031
2026-03-23T14:30:00+05:30,157.51,160.99,157.5,160.48,1628733
2026-03-23T14:45:00+05:30,160.48,162.05,160.05,161.82,2467112
2026-03-23T15:00:00+05:30,161.89,162.4,161.01,162.4,1783108
2026-03-23T15:15:00+05:30,162.4,162.9,161.91,161.91,1897732
2026-03-24T09:15:00+05:30,165.0,165.5,162.75,163.77,2222265
2026-03-24T09:30:00+05:30,163.8,164.25,163.0,163.11,564121
2026-03-24T09:45:00+05:30,163.18,163.25,162.61,162.89,574047
2026-03-24T10:00:00+05:30,162.89,163.1,162.55,162.78,241843
2026-03-24T10:15:00+05:30,162.87,163.0,162.55,162.92,170543
2026-03-24T10:30:00+05:30,162.92,162.92,162.01,162.65,333443
2026-03-24T10:45:00+05:30,162.68,163.54,162.41,162.83,464634
2026-03-24T11:00:00+05:30,162.89,163.1,162.66,162.75,157788
2026-03-24T11:15:00+05:30,162.79,163.09,162.42,162.74,165629
2026-03-24T11:30:00+05:30,162.69,163.25,162.66,162.92,134727
2026-03-24T11:45:00+05:30,162.98,163.5,162.92,163.35,201920
2026-03-24T12:00:00+05:30,163.37,164.39,163.08,164.11,434860
2026-03-24T12:15:00+05:30,164.11,164.59,163.3,163.61,802377
2026-03-24T12:30:00+05:30,163.6,165.7,163.56,164.7,1701808
2026-03-24T12:45:00+05:30,164.66,164.95,164.5,164.66,437182
2026-03-24T13:00:00+05:30,164.7,165.0,164.31,164.74,353113
2026-03-24T13:15:00+05:30,164.74,164.95,164.5,164.55,325640
2026-03-24T13:30:00+05:30,164.56,164.79,163.5,163.87,755560
2026-03-24T13:45:00+05:30,163.89,164.5,163.78,164.15,341445
2026-03-24T14:00:00+05:30,164.15,164.37,164.0,164.08,242477
2026-03-24T14:15:00+05:30,164.08,164.35,163.73,163.85,393806
2026-03-24T14:30:00+05:30,163.89,163.97,161.45,162.85,1236876
2026-03-24T14:45:00+05:30,162.85,163.8,162.8,163.2,606844
2026-03-24T15:00:00+05:30,163.26,163.53,161.88,162.27,1112709
2026-03-24T15:15:00+05:30,162.27,162.3,159.76,160.58,2149643
2026-03-25T09:15:00+05:30,163.0,163.2,160.76,161.8,2608921
2026-03-25T09:30:00+05:30,161.84,162.47,161.4,162.2,834388
2026-03-25T09:45:00+05:30,162.2,163.3,161.84,162.31,1221119
2026-03-25T10:00:00+05:30,162.31,164.26,162.1,164.13,1244866
2026-03-25T10:15:00+05:30,164.25,166.28,163.69,165.2,4788501
2026-03-25T10:30:00+05:30,165.26,166.56,164.82,166.08,1914737
2026-03-25T10:45:00+05:30,166.0,166.25,165.5,166.0,1132094
2026-03-25T11:00:00+05:30,166.03,166.05,165.72,166.0,761589
2026-03-25T11:15:00+05:30,166.04,166.05,164.85,165.15,865710
2026-03-25T11:30:00+05:30,165.15,165.25,164.8,165.09,516076
2026-03-25T11:45:00+05:30,165.09,165.49,164.85,164.95,530758
2026-03-25T12:00:00+05:30,164.95,164.95,164.03,164.25,727080
2026-03-25T12:15:00+05:30,164.25,164.68,164.02,164.07,505134
2026-03-25T12:30:00+05:30,164.02,164.36,163.81,164.1,757945
2026-03-25T12:45:00+05:30,164.1,164.11,163.51,163.51,469575
2026-03-25T13:00:00+05:30,163.61,163.61,162.81,163.19,793623
2026-03-25T13:15:00+05:30,163.19,163.29,162.76,163.0,444935
2026-03-25T13:30:00+05:30,163.0,163.25,162.6,163.12,696016
2026-03-25T13:45:00+05:30,163.12,163.88,162.65,163.6,812322
2026-03-25T14:00:00+05:30,163.6,163.79,162.79,163.15,651598
2026-03-25T14:15:00+05:30,163.15,163.16,162.72,162.95,689922
2026-03-25T14:30:00+05:30,162.95,163.14,162.2,162.59,1122210
2026-03-25T14:45:00+05:30,162.59,163.29,161.32,161.65,1912504
2026-03-25T15:00:00+05:30,161.65,162.05,161.01,161.65,2356266
2026-03-25T15:15:00+05:30,161.57,162.0,161.05,161.99,2081404
2026-03-27T09:15:00+05:30,161.05,163.37,161.05,163.22,1902533
2026-03-27T09:30:00+05:30,163.25,163.89,162.71,163.2,935179
2026-03-27T09:45:00+05:30,163.27,163.27,162.51,162.72,464324
2026-03-27T10:00:00+05:30,162.72,163.06,162.01,162.07,500053
2026-03-27T10:15:00+05:30,162.07,162.85,161.58,162.61,371194
2026-03-27T10:30:00+05:30,162.62,163.19,162.41,162.5,329583
2026-03-27T10:45:00+05:30,162.5,163.65,162.32,163.44,593588
2026-03-27T11:00:00+05:30,163.4,163.47,162.4,162.76,370172
2026-03-27T11:15:00+05:30,162.76,163.0,162.62,162.91,206957
2026-03-27T11:30:00+05:30,162.91,163.14,162.65,162.76,182733
2026-03-27T11:45:00+05:30,162.8,163.24,162.75,163.02,221291
2026-03-27T12:00:00+05:30,163.1,163.4,162.88,163.26,225173
2026-03-27T12:15:00+05:30,163.26,163.49,163.01,163.43,225495
2026-03-27T12:30:00+05:30,163.43,163.43,163.08,163.3,220246
2026-03-27T12:45:00+05:30,163.21,163.4,163.01,163.19,211364
2026-03-27T13:00:00+05:30,163.18,163.34,163.03,163.28,167070
2026-03-27T13:15:00+05:30,163.2,163.7,163.11,163.34,322382
2026-03-27T13:30:00+05:30,163.33,163.6,163.3,163.49,256019
2026-03-27T13:45:00+05:30,163.49,163.55,163.35,163.5,198989
2026-03-27T14:00:00+05:30,163.48,163.95,163.3,163.82,566492
2026-03-27T14:15:00+05:30,163.83,163.85,162.42,162.48,660014
2026-03-27T14:30:00+05:30,162.42,162.87,162.02,162.54,713562
2026-03-27T14:45:00+05:30,162.56,163.55,162.56,163.37,736599
2026-03-27T15:00:00+05:30,163.4,163.55,160.5,162.07,5498612
2026-03-27T15:15:00+05:30,162.09,162.95,161.5,162.0,4441047
2026-03-30T09:15:00+05:30,160.0,160.0,154.0,154.5,4709753
2026-03-30T09:30:00+05:30,154.39,156.42,154.38,154.78,2417307
2026-03-30T09:45:00+05:30,154.78,155.16,153.8,153.87,1673664
2026-03-30T10:00:00+05:30,153.83,154.45,153.4,153.82,1233114
2026-03-30T10:15:00+05:30,153.84,153.94,153.11,153.2,754387
2026-03-30T10:30:00+05:30,153.2,154.07,153.01,153.72,970058
2026-03-30T10:45:00+05:30,153.73,153.9,152.7,152.91,893266
2026-03-30T11:00:00+05:30,152.91,153.1,152.4,152.94,649551
2026-03-30T11:15:00+05:30,152.94,153.38,152.8,153.08,405854
2026-03-30T11:30:00+05:30,153.08,153.48,152.77,152.86,580829
2026-03-30T11:45:00+05:30,152.85,152.87,152.5,152.63,432738
2026-03-30T12:00:00+05:30,152.63,153.36,152.55,152.85,645813
2026-03-30T12:15:00+05:30,152.85,153.1,152.55,152.68,487999
2026-03-30T12:30:00+05:30,152.66,152.9,152.4,152.8,544431
2026-03-30T12:45:00+05:30,152.8,152.8,152.2,152.46,508329
2026-03-30T13:00:00+05:30,152.45,152.68,152.02,152.13,622613
2026-03-30T13:15:00+05:30,152.13,152.3,151.55,151.88,670211
2026-03-30T13:30:00+05:30,151.88,151.89,151.16,151.38,827889
2026-03-30T13:45:00+05:30,151.38,152.3,151.25,151.42,722107
2026-03-30T14:00:00+05:30,151.37,152.48,151.3,151.92,889339
2026-03-30T14:15:00+05:30,151.92,152.19,151.32,151.36,711855
2026-03-30T14:30:00+05:30,151.32,152.0,150.32,151.54,1991955
2026-03-30T14:45:00+05:30,151.61,153.03,150.75,151.23,2764022
2026-03-30T15:00:00+05:30,151.23,151.28,150.0,150.1,3315956
2026-03-30T15:15:00+05:30,150.18,150.6,149.05,149.7,5087483
2026-04-01T09:15:00+05:30,158.0,158.0,154.15,156.46,2710364
2026-04-01T09:30:00+05:30,156.46,156.9,155.22,155.33,814586
2026-04-01T09:45:00+05:30,155.28,157.25,155.26,156.45,815145
2026-04-01T10:00:00+05:30,156.4,156.6,156.03,156.3,268030
2026-04-01T10:15:00+05:30,156.21,156.39,155.8,155.88,183720
2026-04-01T10:30:00+05:30,155.9,156.3,155.84,156.2,165870
2026-04-01T10:45:00+05:30,156.2,156.95,156.1,156.95,372797
2026-04-01T11:00:00+05:30,156.95,157.0,156.51,156.72,281457
2026-04-01T11:15:00+05:30,156.7,157.25,156.7,157.16,313277
2026-04-01T11:30:00+05:30,157.16,157.69,157.16,157.49,312959
2026-04-01T11:45:00+05:30,157.49,157.5,156.71,157.1,301614
2026-04-01T12:00:00+05:30,157.1,158.2,157.09,158.2,549998
2026-04-01T12:15:00+05:30,158.2,160.49,158.14,159.78,1449074
2026-04-01T12:30:00+05:30,159.75,160.8,159.42,160.66,920879
2026-04-01T12:45:00+05:30,160.65,160.9,160.03,160.8,660014
2026-04-01T13:00:00+05:30,160.81,160.91,160.53,160.85,461735
2026-04-01T13:15:00+05:30,160.85,160.93,160.1,160.29,564651
2026-04-01T13:30:00+05:30,160.28,160.58,159.37,160.35,789272
2026-04-01T13:45:00+05:30,160.35,161.8,160.02,161.49,1246617
2026-04-01T14:00:00+05:30,161.52,162.47,160.85,161.95,1495003
2026-04-01T14:15:00+05:30,161.95,162.33,160.89,161.4,825125
2026-04-01T14:30:00+05:30,161.47,162.19,160.58,162.04,847571
2026-04-01T14:45:00+05:30,162.04,162.04,160.6,160.68,760773
2026-04-01T15:00:00+05:30,160.68,161.45,160.44,161.44,1439449
2026-04-01T15:15:00+05:30,161.43,162.5,161.2,162.1,2517873
2026-04-02T09:15:00+05:30,157.48,159.2,156.5,157.84,3412321
2026-04-02T09:30:00+05:30,157.84,158.8,157.51,158.08,781082
2026-04-02T09:45:00+05:30,158.17,158.96,157.6,158.1,691575
2026-04-02T10:00:00+05:30,158.09,158.78,157.99,158.7,506227
2026-04-02T10:15:00+05:30,158.7,160.16,158.33,160.0,839787
2026-04-02T10:30:00+05:30,160.0,160.95,159.8,160.55,765731
2026-04-02T10:45:00+05:30,160.55,160.99,160.0,160.6,487785
2026-04-02T11:00:00+05:30,160.6,161.5,160.56,161.37,637017
2026-04-02T11:15:00+05:30,161.31,161.42,160.75,161.0,355339
2026-04-02T11:30:00+05:30,160.99,161.9,160.99,161.68,576541
2026-04-02T11:45:00+05:30,161.76,163.29,161.56,163.0,1234668
2026-04-02T12:00:00+05:30,163.06,163.15,161.2,161.92,1223983
2026-04-02T12:15:00+05:30,161.99,162.04,160.9,161.39,757172
2026-04-02T12:30:00+05:30,161.36,162.32,161.23,162.1,743269
2026-04-02T12:45:00+05:30,162.09,162.19,161.68,162.14,349863
2026-04-02T13:00:00+05:30,162.14,162.69,162.0,162.28,513649
2026-04-02T13:15:00+05:30,162.29,162.6,162.17,162.52,364233
2026-04-02T13:30:00+05:30,162.46,163.25,162.1,162.93,885067
2026-04-02T13:45:00+05:30,162.89,163.9,162.73,163.6,1042173
2026-04-02T14:00:00+05:30,163.59,163.98,163.36,163.87,794840
2026-04-02T14:15:00+05:30,163.87,164.86,163.8,164.1,1531225
2026-04-02T14:30:00+05:30,164.1,164.3,163.27,163.36,959830
2026-04-02T14:45:00+05:30,163.37,164.2,163.15,164.0,628636
2026-04-02T15:00:00+05:30,164.01,165.2,163.96,164.67,1763983
2026-04-02T15:15:00+05:30,164.56,165.4,164.35,165.05,2464126
2026-04-06T09:15:00+05:30,164.56,166.3,162.14,165.28,3120807
2026-04-06T09:30:00+05:30,165.33,167.44,164.91,166.48,2145120
2026-04-06T09:45:00+05:30,166.48,166.9,165.85,165.96,691518
2026-04-06T10:00:00+05:30,165.95,167.0,165.64,166.99,583070
2026-04-06T10:15:00+05:30,166.94,168.38,166.82,168.01,1911267
2026-04-06T10:30:00+05:30,168.11,168.11,167.24,167.64,430629
2026-04-06T10:45:00+05:30,167.64,167.94,167.0,167.53,316362
2026-04-06T11:00:00+05:30,167.53,167.55,166.07,166.88,763721
2026-04-06T11:15:00+05:30,166.88,166.89,166.25,166.8,398750
2026-04-06T11:30:00+05:30,166.79,166.88,166.39,166.53,193753
2026-04-06T11:45:00+05:30,166.55,167.3,166.4,167.02,385810
2026-04-06T12:00:00+05:30,167.06,167.6,167.0,167.55,358512
2026-04-06T12:15:00+05:30,167.55,167.99,167.41,167.84,324326
2026-04-06T12:30:00+05:30,167.84,167.84,167.07,167.3,247604
2026-04-06T12:45:00+05:30,167.37,167.8,167.29,167.7,175269
2026-04-06T13:00:00+05:30,167.69,167.8,167.35,167.7,258782
2026-04-06T13:15:00+05:30,167.69,167.78,167.37,167.45,300120
2026-04-06T13:30:00+05:30,167.43,167.6,167.01,167.1,214625
2026-04-06T13:45:00+05:30,167.14,167.28,166.91,167.1,221830
2026-04-06T14:00:00+05:30,167.1,169.2,167.09,169.16,1483358
2026-04-06T14:15:00+05:30,169.15,169.76,168.96,169.3,1136990
2026-04-06T14:30:00+05:30,169.29,169.5,169.04,169.11,556023
2026-04-06T14:45:00+05:30,169.13,169.17,168.42,168.72,852327
2026-04-06T15:00:00+05:30,168.7,168.98,168.01,168.26,716354
2026-04-06T15:15:00+05:30,168.29,169.25,168.11,169.0,1633504
2026-04-07T09:15:00+05:30,167.3,169.84,166.17,169.41,1458877
2026-04-07T09:30:00+05:30,169.41,169.6,167.81,167.94,784983
2026-04-07T09:45:00+05:30,167.95,168.99,167.6,168.78,433233
2026-04-07T10:00:00+05:30,168.75,168.95,168.35,168.57,216627
2026-04-07T10:15:00+05:30,168.66,169.15,168.45,169.13,235558
2026-04-07T10:30:00+05:30,169.09,169.25,168.53,169.1,233838
2026-04-07T10:45:00+05:30,169.1,169.19,168.3,168.52,188771
2026-04-07T11:00:00+05:30,168.59,168.9,168.5,168.72,119622
2026-04-07T11:15:00+05:30,168.72,168.93,168.6,168.73,64220
2026-04-07T11:30:00+05:30,168.66,169.05,168.64,168.84,147386
2026-04-07T11:45:00+05:30,168.78,169.0,168.69,168.9,81563
2026-04-07T12:00:00+05:30,168.9,168.98,168.66,168.89,88837
2026-04-07T12:15:00+05:30,168.83,168.88,168.45,168.6,165666
2026-04-07T12:30:00+05:30,168.65,168.7,168.17,168.5,193386
2026-04-07T12:45:00+05:30,168.5,169.45,168.32,168.65,422865
2026-04-07T13:00:00+05:30,168.65,168.65,168.1,168.36,199462
2026-04-07T13:15:00+05:30,168.31,168.37,167.87,168.0,285490
2026-04-07T13:30:00+05:30,168.0,168.48,167.79,168.25,332851
2026-04-07T13:45:00+05:30,168.25,168.47,167.8,167.92,246291
2026-04-07T14:00:00+05:30,167.92,168.24,167.53,167.75,184594
2026-04-07T14:15:00+05:30,167.74,167.75,167.04,167.6,307627
2026-04-07T14:30:00+05:30,167.6,168.08,167.26,167.92,386720
2026-04-07T14:45:00+05:30,167.92,167.92,167.01,167.27,298459
2026-04-07T15:00:00+05:30,167.16,167.24,166.62,166.75,663023
2026-04-07T15:15:00+05:30,166.71,166.75,166.01,166.4,1026578
2026-04-08T09:15:00+05:30,172.0,173.75,171.13,172.5,3696410
2026-04-08T09:30:00+05:30,172.5,173.3,172.1,173.09,1411184
2026-04-08T09:45:00+05:30,173.09,175.26,173.0,174.78,2640180
2026-04-08T10:00:00+05:30,174.7,176.4,174.26,176.2,2655199
2026-04-08T10:15:00+05:30,176.23,177.65,176.13,176.89,3032724
2026-04-08T10:30:00+05:30,176.95,177.0,175.4,175.4,1507179
2026-04-08T10:45:00+05:30,175.39,176.47,175.33,176.37,1029242
2026-04-08T11:00:00+05:30,176.4,177.09,175.75,176.36,1105674
2026-04-08T11:15:00+05:30,176.31,176.85,176.25,176.74,504880
2026-04-08T11:30:00+05:30,176.74,178.4,176.74,178.37,2234720
2026-04-08T11:45:00+05:30,178.32,179.8,177.51,179.76,2665005
2026-04-08T12:00:00+05:30,179.76,181.95,179.24,180.2,6757005
2026-04-08T12:15:00+05:30,180.05,180.67,178.8,179.25,3309001
2026-04-08T12:30:00+05:30,179.2,180.0,178.8,179.89,2083998
2026-04-08T12:45:00+05:30,179.81,180.3,179.32,179.54,1321386
2026-04-08T13:00:00+05:30,179.49,179.7,178.61,179.0,1083026
2026-04-08T13:15:00+05:30,178.96,179.4,177.75,178.66,1788869
2026-04-08T13:30:00+05:30,178.68,178.9,178.3,178.77,794863
2026-04-08T13:45:00+05:30,178.75,180.0,178.65,180.0,2063128
2026-04-08T14:00:00+05:30,179.97,180.2,179.25,179.43,1310492
2026-04-08T14:15:00+05:30,179.44,179.85,179.23,179.68,1277520
2026-04-08T14:30:00+05:30,179.68,180.9,178.77,180.56,2503218
2026-04-08T14:45:00+05:30,180.56,181.33,180.0,181.07,2785285
2026-04-08T15:00:00+05:30,181.1,181.5,179.54,179.63,3394856
2026-04-08T15:15:00+05:30,179.72,182.0,179.55,181.61,5046253
2026-04-09T09:15:00+05:30,182.0,185.49,180.19,184.68,8362961
2026-04-09T09:30:00+05:30,184.67,185.2,181.55,181.7,5167642
2026-04-09T09:45:00+05:30,181.7,182.55,180.2,181.36,2925033
2026-04-09T10:00:00+05:30,181.4,182.3,181.01,181.5,1473294
2026-04-09T10:15:00+05:30,181.53,182.21,180.65,181.89,945055
2026-04-09T10:30:00+05:30,181.89,182.2,181.33,181.41,370650
2026-04-09T10:45:00+05:30,181.41,182.95,181.41,182.95,816393
2026-04-09T11:00:00+05:30,182.93,186.5,182.6,186.11,4890277
2026-04-09T11:15:00+05:30,186.15,187.5,184.87,186.88,4664483
2026-04-09T11:30:00+05:30,186.97,187.2,186.1,186.75,1628208
2026-04-09T11:45:00+05:30,186.7,189.49,186.37,189.0,6028695
2026-04-09T12:00:00+05:30,188.92,189.0,187.11,187.18,3030638
2026-04-09T12:15:00+05:30,187.15,188.6,187.15,187.5,1431136
2026-04-09T12:30:00+05:30,187.58,187.92,187.0,187.45,988442
2026-04-09T12:45:00+05:30,187.45,189.0,186.6,188.29,2305612
2026-04-09T13:00:00+05:30,188.38,188.4,187.0,187.32,1392504
2026-04-09T13:15:00+05:30,187.32,188.05,186.62,187.0,1306796
2026-04-09T13:30:00+05:30,186.99,188.0,186.81,187.3,1002549
2026-04-09T13:45:00+05:30,187.31,187.8,187.06,187.67,662938
2026-04-09T14:00:00+05:30,187.67,187.93,187.39,187.73,658641
2026-04-09T14:15:00+05:30,187.75,187.89,187.41,187.64,624125
2026-04-09T14:30:00+05:30,187.53,188.75,186.32,186.6,2977108
2026-04-09T14:45:00+05:30,186.6,187.44,185.25,185.9,2137489
2026-04-09T15:00:00+05:30,185.9,187.1,185.49,186.49,1902066
2026-04-09T15:15:00+05:30,186.48,187.8,185.8,187.2,3502923
2026-04-10T09:15:00+05:30,188.7,196.87,188.7,194.8,14428990
2026-04-10T09:30:00+05:30,194.8,195.5,192.3,193.5,5831051
2026-04-10T09:45:00+05:30,193.44,193.79,192.4,193.65,2565502
2026-04-10T10:00:00+05:30,193.7,193.75,192.07,192.41,1554856
2026-04-10T10:15:00+05:30,192.45,193.3,192.3,192.48,985902
2026-04-10T10:30:00+05:30,192.37,192.79,191.71,192.25,1225602
2026-04-10T10:45:00+05:30,192.16,192.7,191.62,192.62,815495
2026-04-10T11:00:00+05:30,192.62,194.38,192.36,194.12,1955456
2026-04-10T11:15:00+05:30,194.03,197.48,193.42,194.96,8695888
2026-04-10T11:30:00+05:30,194.96,197.77,194.73,197.3,4378707
2026-04-10T11:45:00+05:30,197.22,198.1,196.21,196.4,4612098
2026-04-10T12:00:00+05:30,196.33,198.4,195.8,198.07,3190496
2026-04-10T12:15:00+05:30,198.0,198.5,196.51,196.73,1980323
2026-04-10T12:30:00+05:30,196.63,196.8,194.26,194.72,3780723
2026-04-10T12:45:00+05:30,194.72,195.2,194.18,194.57,1658484
2026-04-10T13:00:00+05:30,194.57,194.88,194.02,194.63,1160002
2026-04-10T13:15:00+05:30,194.72,195.34,194.6,194.77,1274925
2026-04-10T13:30:00+05:30,194.86,195.0,194.25,194.6,779779
2026-04-10T13:45:00+05:30,194.6,195.25,194.5,194.91,882649
2026-04-10T14:00:00+05:30,194.98,195.26,194.48,194.77,600138
2026-04-10T14:15:00+05:30,194.85,194.85,193.5,193.59,1747508
2026-04-10T14:30:00+05:30,193.52,194.83,193.52,194.59,1671568
2026-04-10T14:45:00+05:30,194.6,194.94,193.8,194.86,968040
2026-04-10T15:00:00+05:30,194.88,194.95,193.15,193.73,2251686
2026-04-10T15:15:00+05:30,193.67,194.15,193.02,193.65,3472232
2026-04-13T09:15:00+05:30,188.0,193.8,187.05,192.79,7840102
2026-04-13T09:30:00+05:30,192.72,197.5,192.52,194.67,6799381
2026-04-13T09:45:00+05:30,194.67,195.5,194.1,195.39,1994274
2026-04-13T10:00:00+05:30,195.4,195.5,193.8,194.14,1540150
2026-04-13T10:15:00+05:30,194.1,194.9,193.5,194.76,1351203
2026-04-13T10:30:00+05:30,194.88,194.95,194.1,194.83,662207
2026-04-13T10:45:00+05:30,194.83,195.0,194.53,194.78,532100
2026-04-13T11:00:00+05:30,194.84,195.1,194.41,194.7,471895
2026-04-13T11:15:00+05:30,194.75,194.99,194.3,194.37,442467
2026-04-13T11:30:00+05:30,194.37,195.34,194.3,195.1,479327
2026-04-13T11:45:00+05:30,195.05,197.6,194.95,197.2,3622552
2026-04-13T12:00:00+05:30,197.13,198.85,196.43,198.75,3544981
2026-04-13T12:15:00+05:30,198.75,198.8,196.25,196.68,1895659
2026-04-13T12:30:00+05:30,196.6,198.0,196.02,197.63,1423077
2026-04-13T12:45:00+05:30,197.63,197.63,193.36,194.12,3267422
2026-04-13T13:00:00+05:30,194.1,194.75,193.91,194.35,931709
2026-04-13T13:15:00+05:30,194.35,194.5,194.0,194.16,376558
2026-04-13T13:30:00+05:30,194.16,194.6,194.06,194.5,279815
2026-04-13T13:45:00+05:30,194.43,195.09,194.39,194.95,702939
2026-04-13T14:00:00+05:30,194.95,194.97,194.16,194.25,473054
2026-04-13T14:15:00+05:30,194.24,194.62,194.01,194.18,606881
2026-04-13T14:30:00+05:30,194.15,195.09,194.15,194.5,473551
2026-04-13T14:45:00+05:30,194.45,195.15,194.31,194.5,1222584
2026-04-13T15:00:00+05:30,194.5,195.0,194.12,194.6,1314307
2026-04-13T15:15:00+05:30,194.68,195.0,194.13,194.85,2586218
2026-04-15T09:15:00+05:30,201.01,207.6,201.01,204.0,17233218
2026-04-15T09:30:00+05:30,203.91,206.2,202.93,206.05,6147960
2026-04-15T09:45:00+05:30,206.05,209.23,205.77,209.03,10995462
2026-04-15T10:00:00+05:30,209.03,212.9,207.25,208.31,18427384
2026-04-15T10:15:00+05:30,208.31,208.6,207.0,207.78,4511499
2026-04-15T10:30:00+05:30,207.81,208.18,204.63,204.83,7479291
2026-04-15T10:45:00+05:30,204.93,206.45,204.4,206.22,4979984
2026-04-15T11:00:00+05:30,206.22,206.9,205.38,205.89,2844483
2026-04-15T11:15:00+05:30,205.84,206.94,205.7,206.25,1969291
2026-04-15T11:30:00+05:30,206.25,208.0,205.8,207.62,2841882
2026-04-15T11:45:00+05:30,207.62,208.0,207.21,207.73,1931023
2026-04-15T12:00:00+05:30,207.75,208.79,207.01,208.75,2424673
2026-04-15T12:15:00+05:30,208.75,210.11,208.3,209.78,4326613
2026-04-15T12:30:00+05:30,209.8,211.5,209.12,211.4,5640597
2026-04-15T12:45:00+05:30,211.44,211.99,210.7,211.3,5093478
2026-04-15T13:00:00+05:30,211.38,211.4,208.2,209.15,5379108
2026-04-15T13:15:00+05:30,209.15,209.44,207.78,208.33,3509768
2026-04-15T13:30:00+05:30,208.31,208.75,207.61,208.3,2355630
2026-04-15T13:45:00+05:30,208.2,208.75,208.0,208.42,1451413
2026-04-15T14:00:00+05:30,208.35,210.0,207.5,209.62,3419263
2026-04-15T14:15:00+05:30,209.68,209.8,207.47,207.85,3127725
2026-04-15T14:30:00+05:30,207.8,207.97,205.97,207.0,4206216
2026-04-15T14:45:00+05:30,207.01,208.65,207.0,208.09,2399115
2026-04-15T15:00:00+05:30,208.06,209.2,207.54,208.66,3410218
2026-04-15T15:15:00+05:30,208.7,208.81,208.0,208.25,4508932
2026-04-16T09:15:00+05:30,212.0,214.36,209.5,209.64,13079596
2026-04-16T09:30:00+05:30,209.64,210.1,208.35,209.3,4276533
2026-04-16T09:45:00+05:30,209.3,210.09,206.0,206.14,5218541
2026-04-16T10:00:00+05:30,206.14,206.73,202.95,205.55,6264197
2026-04-16T10:15:00+05:30,205.62,206.89,204.6,206.8,1746614
2026-04-16T10:30:00+05:30,206.88,206.9,205.61,206.39,1040996
2026-04-16T10:45:00+05:30,206.35,206.8,205.67,206.23,710088
2026-04-16T11:00:00+05:30,206.23,206.6,205.82,206.0,627332
2026-04-16T11:15:00+05:30,206.0,206.39,205.64,206.07,543319
2026-04-16T11:30:00+05:30,206.15,206.95,205.34,205.44,1307878
2026-04-16T11:45:00+05:30,205.4,205.41,202.64,203.9,2916281
2026-04-16T12:00:00+05:30,203.81,204.62,203.27,204.45,1271888
2026-04-16T12:15:00+05:30,204.49,204.9,204.14,204.7,550296
2026-04-16T12:30:00+05:30,204.78,204.79,203.9,204.2,693483
2026-04-16T12:45:00+05:30,204.15,204.42,204.0,204.05,523388
2026-04-16T13:00:00+05:30,204.08,204.65,203.54,203.94,611245
2026-04-16T13:15:00+05:30,203.98,204.17,203.6,203.95,380633
2026-04-16T13:30:00+05:30,203.95,204.25,203.55,203.72,543980
2026-04-16T13:45:00+05:30,203.63,203.9,203.31,203.67,700360
2026-04-16T14:00:00+05:30,203.64,203.71,201.5,202.75,2462820
2026-04-16T14:15:00+05:30,202.7,203.78,202.5,203.65,1216542
2026-04-16T14:30:00+05:30,203.62,203.99,203.5,203.76,1504127
2026-04-16T14:45:00+05:30,203.8,203.92,202.56,202.9,1663105
2026-04-16T15:00:00+05:30,202.85,203.15,202.3,202.8,2453248
2026-04-16T15:15:00+05:30,202.78,203.9,202.5,203.8,4745274
2026-04-17T09:15:00+05:30,205.0,208.8,204.0,207.85,7033835
2026-04-17T09:30:00+05:30,207.85,208.74,206.4,206.6,3453641
2026-04-17T09:45:00+05:30,206.55,206.86,202.5,203.28,5238053
2026-04-17T10:00:00+05:30,203.17,203.42,202.55,203.17,2285426
2026-04-17T10:15:00+05:30,203.25,203.29,202.5,203.12,1551972
2026-04-17T10:30:00+05:30,203.1,203.11,200.3,201.11,2921899
2026-04-17T10:45:00+05:30,201.13,201.76,200.0,200.2,2520663
2026-04-17T11:00:00+05:30,200.2,200.22,198.0,199.56,3630809
2026-04-17T11:15:00+05:30,199.51,199.7,198.81,199.5,779535
2026-04-17T11:30:00+05:30,199.5,199.65,199.1,199.32,587227
2026-04-17T11:45:00+05:30,199.35,199.48,197.01,197.42,1835187
2026-04-17T12:00:00+05:30,197.43,197.82,197.0,197.1,1597396
2026-04-17T12:15:00+05:30,197.13,198.2,197.01,198.02,1056014
2026-04-17T12:30:00+05:30,198.05,198.77,197.6,198.0,1451986
2026-04-17T12:45:00+05:30,197.98,202.48,197.8,202.14,6016879
2026-04-17T13:00:00+05:30,202.14,203.23,201.25,202.16,4318023
2026-04-17T13:15:00+05:30,202.15,202.35,200.63,201.6,1470297
2026-04-17T13:30:00+05:30,201.6,202.49,201.35,202.36,1336907
2026-04-17T13:45:00+05:30,202.36,202.57,201.6,201.85,1676871
2026-04-17T14:00:00+05:30,201.97,202.06,201.2,201.56,1118859
2026-04-17T14:15:00+05:30,201.58,202.24,201.17,201.21,801033
2026-04-17T14:30:00+05:30,201.24,201.67,200.01,200.27,2978697
2026-04-17T14:45:00+05:30,200.34,200.68,199.2,199.34,2430783
2026-04-17T15:00:00+05:30,199.3,199.38,197.0,198.05,5130869
2026-04-17T15:15:00+05:30,198.05,199.5,197.7,199.35,4495722
2026-04-20T09:15:00+05:30,201.0,205.55,200.11,202.35,10525672
2026-04-20T09:30:00+05:30,202.36,203.06,201.4,202.25,2494864
2026-04-20T09:45:00+05:30,202.25,202.4,199.02,200.3,3604475
2026-04-20T10:00:00+05:30,200.3,200.81,199.51,199.9,1878916
2026-04-20T10:15:00+05:30,199.9,200.49,199.7,200.39,964844
2026-04-20T10:30:00+05:30,200.47,201.1,200.3,200.54,1146857
2026-04-20T10:45:00+05:30,200.54,200.64,199.8,200.29,836368
2026-04-20T11:00:00+05:30,200.29,200.32,199.76,199.95,621453
2026-04-20T11:15:00+05:30,199.92,200.85,199.7,200.25,610381
2026-04-20T11:30:00+05:30,200.36,201.2,200.25,201.15,630240
2026-04-20T11:45:00+05:30,201.15,201.2,200.5,200.89,638498
2026-04-20T12:00:00+05:30,200.94,201.64,200.52,200.58,1084438
2026-04-20T12:15:00+05:30,200.62,201.88,200.4,201.51,893603
2026-04-20T12:30:00+05:30,201.51,202.1,201.2,201.83,1028886
2026-04-20T12:45:00+05:30,201.83,202.0,201.25,201.7,651935
2026-04-20T13:00:00+05:30,201.7,202.84,198.2,199.48,9079356
2026-04-20T13:15:00+05:30,199.48,200.96,196.56,200.84,9452355
2026-04-20T13:30:00+05:30,200.84,201.0,198.35,198.98,4802648
2026-04-20T13:45:00+05:30,198.9,199.49,197.2,199.15,2572867
2026-04-20T14:00:00+05:30,199.1,199.23,197.6,198.55,1831339
2026-04-20T14:15:00+05:30,198.5,198.99,195.2,196.31,4489993
2026-04-20T14:30:00+05:30,196.21,196.8,195.65,196.59,1871413
2026-04-20T14:45:00+05:30,196.54,196.59,193.88,194.75,4806167
2026-04-20T15:00:00+05:30,194.75,198.0,193.52,197.68,7372641
2026-04-20T15:15:00+05:30,197.68,197.7,196.5,197.4,5860310
2026-04-21T09:15:00+05:30,201.0,203.0,194.0,196.37,21846972
2026-04-21T09:30:00+05:30,196.4,201.0,195.62,200.46,11258592
2026-04-21T09:45:00+05:30,200.6,204.0,199.04,202.3,18982563
2026-04-21T10:00:00+05:30,202.23,208.8,201.76,205.35,23594309
2026-04-21T10:15:00+05:30,205.45,208.0,205.25,207.61,8177128
2026-04-21T10:30:00+05:30,207.61,209.85,206.2,207.48,14497269
2026-04-21T10:45:00+05:30,207.48,213.2,206.72,211.91,16105298
2026-04-21T11:00:00+05:30,211.9,212.67,209.25,210.29,11349866
2026-04-21T11:15:00+05:30,210.27,216.0,209.91,215.82,21375161
2026-04-21T11:30:00+05:30,215.77,216.25,213.21,213.8,13851172
2026-04-21T11:45:00+05:30,213.72,216.0,213.67,215.12,8214666
2026-04-21T12:00:00+05:30,215.03,215.35,214.02,214.46,4737488
2026-04-21T12:15:00+05:30,214.42,214.94,213.26,214.14,5625939
2026-04-21T12:30:00+05:30,214.11,214.4,212.17,213.51,6476539
2026-04-21T12:45:00+05:30,213.51,216.0,213.51,214.75,9881666
2026-04-21T13:00:00+05:30,214.76,214.76,210.6,211.63,11679028
2026-04-21T13:15:00+05:30,211.6,211.63,209.01,210.57,8512115
2026-04-21T13:30:00+05:30,210.57,210.88,208.2,208.77,7329417
2026-04-21T13:45:00+05:30,208.8,209.4,207.25,209.26,5489321
2026-04-21T14:00:00+05:30,209.28,209.5,208.6,209.44,3014863
2026-04-21T14:15:00+05:30,209.44,209.8,207.7,208.46,5021789
2026-04-21T14:30:00+05:30,208.46,211.48,208.4,211.24,7474701
2026-04-21T14:45:00+05:30,211.24,212.7,210.02,212.22,8315215
2026-04-21T15:00:00+05:30,212.2,216.75,211.8,216.4,18580552
2026-04-21T15:15:00+05:30,216.4,216.49,211.51,212.47,16846475
2026-04-22T09:15:00+05:30,214.82,218.0,213.15,215.3,20909381
2026-04-22T09:30:00+05:30,215.38,215.66,212.4,214.23,10014183
2026-04-22T09:45:00+05:30,214.25,219.0,214.2,217.6,13810038
2026-04-22T10:00:00+05:30,217.6,218.2,215.45,217.85,5638504
2026-04-22T10:15:00+05:30,217.85,219.0,217.01,217.15,5698233
2026-04-22T10:30:00+05:30,217.12,218.8,216.62,218.46,3096643
2026-04-22T10:45:00+05:30,218.47,219.62,217.7,219.47,3625211
2026-04-22T11:00:00+05:30,219.44,219.47,217.0,218.05,3563282
2026-04-22T11:15:00+05:30,218.15,218.15,217.31,218.0,1805281
2026-04-22T11:30:00+05:30,217.99,218.9,217.4,218.29,2039611
2026-04-22T11:45:00+05:30,218.38,218.5,217.8,218.11,1242811
2026-04-22T12:00:00+05:30,218.1,218.9,218.0,218.33,1338252
2026-04-22T12:15:00+05:30,218.33,218.43,217.11,217.96,1588634
2026-04-22T12:30:00+05:30,217.96,218.3,217.72,218.13,874537
2026-04-22T12:45:00+05:30,218.09,222.8,217.89,221.96,9142957
2026-04-22T13:00:00+05:30,221.96,222.88,221.02,221.35,5365387
2026-04-22T13:15:00+05:30,221.35,221.8,217.97,219.59,4667365
2026-04-22T13:30:00+05:30,219.55,220.34,217.12,218.16,5744104
2026-04-22T13:45:00+05:30,218.16,218.93,217.65,218.0,2807617
2026-04-22T14:00:00+05:30,218.0,218.21,217.2,217.97,2113814
2026-04-22T14:15:00+05:30,217.97,219.33,217.85,219.15,2359303
2026-04-22T14:30:00+05:30,219.2,219.99,218.51,219.4,2767764
2026-04-22T14:45:00+05:30,219.4,219.75,218.32,219.28,2424157
2026-04-22T15:00:00+05:30,219.19,219.28,217.5,217.7,3905876
2026-04-22T15:15:00+05:30,217.7,218.68,217.1,217.7,5114132
2026-04-23T09:15:00+05:30,217.7,221.5,214.7,221.07,13322879
2026-04-23T09:30:00+05:30,221.01,222.8,220.17,220.35,7607941
2026-04-23T09:45:00+05:30,220.35,220.67,218.71,219.62,4691837
2026-04-23T10:00:00+05:30,219.69,221.4,219.59,220.7,2844583
2026-04-23T10:15:00+05:30,220.75,222.15,220.54,221.19,3486025
2026-04-23T10:30:00+05:30,221.19,221.3,218.6,219.0,3403343
2026-04-23T10:45:00+05:30,219.03,219.64,217.85,218.65,3511305
2026-04-23T11:00:00+05:30,218.7,220.7,218.51,219.8,2646908
2026-04-23T11:15:00+05:30,219.86,220.34,218.9,219.35,1391638
2026-04-23T11:30:00+05:30,219.4,219.5,218.65,218.93,897532
2026-04-23T11:45:00+05:30,218.93,219.5,218.65,219.16,1127123
2026-04-23T12:00:00+05:30,219.06,219.38,218.6,219.16,702747
2026-04-23T12:15:00+05:30,219.15,220.75,219.0,220.3,1967329
2026-04-23T12:30:00+05:30,220.3,220.98,219.81,220.38,1659919
2026-04-23T12:45:00+05:30,220.4,221.4,220.15,220.93,1778310
2026-04-23T13:00:00+05:30,220.92,220.96,220.32,220.79,700462
2026-04-23T13:15:00+05:30,220.79,221.0,220.4,220.67,871325
2026-04-23T13:30:00+05:30,220.67,220.78,219.86,220.55,758553
2026-04-23T13:45:00+05:30,220.6,220.95,220.55,220.8,618639
2026-04-23T14:00:00+05:30,220.84,220.9,219.6,220.0,1076969
2026-04-23T14:15:00+05:30,220.0,221.5,219.3,219.8,2771998
2026-04-23T14:30:00+05:30,219.8,220.24,218.8,218.93,2272500
2026-04-23T14:45:00+05:30,219.0,219.5,218.25,218.99,1532161
2026-04-23T15:00:00+05:30,218.92,219.18,217.8,217.91,2746268
2026-04-23T15:15:00+05:30,217.88,218.0,216.5,217.6,5017262
2026-04-24T09:15:00+05:30,218.0,221.8,217.74,220.7,8428353
2026-04-24T09:30:00+05:30,220.57,221.47,219.2,219.94,4051593
2026-04-24T09:45:00+05:30,219.94,220.0,218.46,219.15,3089780
2026-04-24T10:00:00+05:30,219.03,223.7,219.01,221.0,9074355
2026-04-24T10:15:00+05:30,221.0,221.1,218.47,218.78,4637645
2026-04-24T10:30:00+05:30,218.78,219.0,216.51,217.11,4354509
2026-04-24T10:45:00+05:30,217.18,218.8,217.1,217.9,2357894
2026-04-24T11:00:00+05:30,217.96,218.4,217.15,217.63,1294328
2026-04-24T11:15:00+05:30,217.54,217.74,216.19,216.63,1347676
2026-04-24T11:30:00+05:30,216.52,217.0,215.11,215.62,1976289
2026-04-24T11:45:00+05:30,215.52,215.99,215.0,215.98,1399943
2026-04-24T12:00:00+05:30,215.99,217.3,215.86,217.3,1204740
2026-04-24T12:15:00+05:30,217.3,217.47,216.15,216.25,970166
2026-04-24T12:30:00+05:30,216.28,216.88,216.15,216.5,520813
2026-04-24T12:45:00+05:30,216.4,217.3,216.4,217.24,626903
2026-04-24T13:00:00+05:30,217.19,217.4,216.7,216.8,752461
2026-04-24T13:15:00+05:30,216.8,216.89,215.8,216.0,817472
2026-04-24T13:30:00+05:30,216.0,216.17,214.6,215.51,1595758
2026-04-24T13:45:00+05:30,215.51,216.2,215.22,215.63,859512
2026-04-24T14:00:00+05:30,215.63,216.0,215.16,215.73,859641
2026-04-24T14:15:00+05:30,215.73,216.7,215.51,216.49,1095040
2026-04-24T14:30:00+05:30,216.48,217.55,216.48,217.05,1720072
2026-04-24T14:45:00+05:30,217.05,217.45,216.81,217.13,1406052
2026-04-24T15:00:00+05:30,217.13,218.5,216.99,218.35,3773957
2026-04-24T15:15:00+05:30,218.43,218.6,217.0,217.9,3703462
