datetime,open,high,low,close,volume
2025-12-19T10:00:00+05:30,2600.1,2663.4,2600.1,2610.6,11577786
2025-12-19T10:15:00+05:30,2610.6,2614.9,2575.0,2576.2,3695809
2025-12-19T10:30:00+05:30,2576.2,2597.6,2575.0,2594.2,1455745
2025-12-19T10:45:00+05:30,2594.5,2600.0,2575.0,2586.1,1055396
2025-12-19T11:00:00+05:30,2586.1,2605.0,2586.0,2598.8,735405
2025-12-19T11:15:00+05:30,2598.8,2604.0,2577.7,2579.9,590198
2025-12-19T11:30:00+05:30,2580.0,2597.0,2578.5,2592.0,297943
2025-12-19T11:45:00+05:30,2591.9,2592.2,2582.3,2585.4,277124
2025-12-19T12:00:00+05:30,2585.4,2590.9,2580.1,2588.4,164200
2025-12-19T12:15:00+05:30,2588.4,2597.5,2587.3,2593.0,192493
2025-12-19T12:30:00+05:30,2592.9,2593.4,2585.0,2586.0,129998
2025-12-19T12:45:00+05:30,2586.2,2589.0,2581.2,2587.8,157745
2025-12-19T13:00:00+05:30,2587.9,2591.5,2576.6,2581.6,199944
2025-12-19T13:15:00+05:30,2581.6,2583.2,2575.0,2576.4,303600
2025-12-19T13:30:00+05:30,2576.4,2584.9,2576.3,2582.0,197087
2025-12-19T13:45:00+05:30,2582.0,2582.5,2575.2,2576.9,208790
2025-12-19T14:00:00+05:30,2576.9,2579.9,2575.0,2579.6,285018
2025-12-19T14:15:00+05:30,2579.8,2591.8,2577.0,2590.5,540513
2025-12-19T14:30:00+05:30,2590.3,2599.7,2587.5,2598.4,493075
2025-12-19T14:45:00+05:30,2598.9,2599.0,2590.0,2594.8,367275
2025-12-19T15:00:00+05:30,2595.0,2599.0,2581.0,2585.4,524563
2025-12-19T15:15:00+05:30,2585.5,2585.8,2575.0,2576.2,874765
2025-12-22T09:15:00+05:30,2579.9,2579.9,2530.0,2532.3,501385
2025-12-22T09:30:00+05:30,2532.3,2645.2,2530.2,2640.4,1254301
2025-12-22T09:45:00+05:30,2641.1,2646.5,2600.3,2601.1,587989
2025-12-22T10:00:00+05:30,2601.2,2619.0,2601.2,2607.2,236992
2025-12-22T10:15:00+05:30,2607.4,2617.4,2592.3,2601.3,196561
2025-12-22T10:30:00+05:30,2601.3,2608.4,2594.2,2606.3,193358
2025-12-22T10:45:00+05:30,2606.3,2619.0,2606.3,2610.7,163655
2025-12-22T11:00:00+05:30,2611.4,2622.0,2609.6,2615.3,194153
2025-12-22T11:15:00+05:30,2615.6,2618.0,2612.0,2614.6,66193
2025-12-22T11:30:00+05:30,2614.6,2617.3,2612.0,2615.8,62642
2025-12-22T11:45:00+05:30,2615.8,2615.8,2601.1,2614.0,126363
2025-12-22T12:00:00+05:30,2614.4,2619.7,2612.0,2618.6,79991
2025-12-22T12:15:00+05:30,2618.5,2632.0,2616.8,2630.0,263122
2025-12-22T12:30:00+05:30,2630.0,2630.9,2614.6,2626.8,102836
2025-12-22T12:45:00+05:30,2626.9,2629.4,2620.0,2621.0,75082
2025-12-22T13:00:00+05:30,2621.4,2624.7,2617.0,2620.0,60824
2025-12-22T13:15:00+05:30,2620.1,2625.0,2617.0,2619.6,57971
2025-12-22T13:30:00+05:30,2620.3,2621.0,2612.0,2616.4,56728
2025-12-22T13:45:00+05:30,2616.4,2620.0,2613.1,2620.0,43105
2025-12-22T14:00:00+05:30,2620.0,2621.0,2611.1,2616.7,44794
2025-12-22T14:15:00+05:30,2616.9,2621.5,2605.0,2618.3,117871
2025-12-22T14:30:00+05:30,2618.3,2620.0,2615.2,2615.4,38675
2025-12-22T14:45:00+05:30,2615.8,2622.0,2614.0,2616.9,88678
2025-12-22T15:00:00+05:30,2616.6,2618.0,2605.0,2606.2,128821
2025-12-22T15:15:00+05:30,2606.5,2620.0,2583.0,2609.0,289038
2025-12-23T09:15:00+05:30,2613.0,2630.0,2613.0,2617.1,140507
2025-12-23T09:30:00+05:30,2618.6,2618.8,2602.6,2602.6,113547
2025-12-23T09:45:00+05:30,2603.0,2610.0,2588.0,2605.8,127822
2025-12-23T10:00:00+05:30,2605.0,2605.8,2600.0,2601.2,42353
2025-12-23T10:15:00+05:30,2601.2,2603.8,2592.0,2594.5,53020
2025-12-23T10:30:00+05:30,2593.5,2617.0,2590.0,2606.0,97416
2025-12-23T10:45:00+05:30,2606.0,2607.5,2598.0,2599.7,31545
2025-12-23T11:00:00+05:30,2599.7,2617.1,2598.0,2616.1,72830
2025-12-23T11:15:00+05:30,2616.1,2618.0,2606.0,2608.3,44111
2025-12-23T11:30:00+05:30,2608.2,2613.9,2605.3,2610.5,31253
2025-12-23T11:45:00+05:30,2609.9,2611.0,2606.4,2609.8,26722
2025-12-23T12:00:00+05:30,2608.6,2610.3,2607.0,2608.9,17603
2025-12-23T12:15:00+05:30,2608.2,2614.7,2607.6,2610.0,33888
2025-12-23T12:30:00+05:30,2608.5,2611.0,2606.6,2610.5,24574
2025-12-23T12:45:00+05:30,2610.0,2611.5,2608.5,2610.0,21528
2025-12-23T13:00:00+05:30,2609.2,2610.9,2608.3,2608.6,27659
2025-12-23T13:15:00+05:30,2608.6,2610.0,2601.3,2604.9,26598
2025-12-23T13:30:00+05:30,2603.7,2608.0,2603.7,2605.5,17411
2025-12-23T13:45:00+05:30,2605.0,2610.0,2603.8,2610.0,22526
2025-12-23T14:00:00+05:30,2609.6,2611.0,2608.0,2609.0,32008
2025-12-23T14:15:00+05:30,2608.0,2611.5,2608.0,2609.6,63148
2025-12-23T14:30:00+05:30,2609.1,2610.5,2602.9,2606.8,31923
2025-12-23T14:45:00+05:30,2605.7,2609.4,2603.2,2609.0,34451
2025-12-23T15:00:00+05:30,2609.0,2611.2,2606.0,2610.0,106170
2025-12-23T15:15:00+05:30,2610.0,2611.5,2604.0,2605.0,125072
2025-12-24T09:15:00+05:30,2610.0,2628.0,2607.5,2610.9,109750
2025-12-24T09:30:00+05:30,2610.6,2612.1,2606.6,2608.4,35884
2025-12-24T09:45:00+05:30,2609.9,2638.5,2606.6,2627.5,252119
2025-12-24T10:00:00+05:30,2626.7,2641.9,2626.0,2637.0,179223
2025-12-24T10:15:00+05:30,2637.0,2652.1,2635.4,2642.0,367249
2025-12-24T10:30:00+05:30,2642.2,2649.0,2641.0,2646.2,79761
2025-12-24T10:45:00+05:30,2646.2,2665.0,2627.0,2641.8,311528
2025-12-24T11:00:00+05:30,2642.0,2648.9,2639.0,2648.9,64255
2025-12-24T11:15:00+05:30,2648.9,2649.0,2637.0,2638.0,51357
2025-12-24T11:30:00+05:30,2637.7,2646.0,2637.7,2646.0,46297
2025-12-24T11:45:00+05:30,2645.9,2654.3,2644.1,2652.4,70747
2025-12-24T12:00:00+05:30,2652.7,2654.0,2643.0,2651.0,47110
2025-12-24T12:15:00+05:30,2651.0,2655.0,2648.6,2654.8,39455
2025-12-24T12:30:00+05:30,2654.8,2660.0,2653.0,2659.9,68408
2025-12-24T12:45:00+05:30,2659.9,2660.0,2654.7,2658.9,55130
2025-12-24T13:00:00+05:30,2658.9,2659.9,2640.2,2649.7,60279
2025-12-24T13:15:00+05:30,2649.7,2659.0,2649.6,2653.7,53615
2025-12-24T13:30:00+05:30,2653.8,2653.8,2638.8,2641.0,70202
2025-12-24T13:45:00+05:30,2642.0,2645.0,2640.0,2643.6,50363
2025-12-24T14:00:00+05:30,2644.0,2655.0,2643.2,2654.4,57257
2025-12-24T14:15:00+05:30,2654.4,2655.0,2652.0,2654.9,40636
2025-12-24T14:30:00+05:30,2654.9,2655.0,2644.1,2646.1,51301
2025-12-24T14:45:00+05:30,2646.4,2649.1,2641.0,2645.3,49595
2025-12-24T15:00:00+05:30,2645.6,2649.0,2638.2,2641.2,70999
2025-12-24T15:15:00+05:30,2642.0,2648.0,2632.2,2637.1,130240
2025-12-26T09:15:00+05:30,2640.0,2648.0,2614.2,2615.3,58758
2025-12-26T09:30:00+05:30,2615.2,2623.0,2601.0,2613.2,59881
2025-12-26T09:45:00+05:30,2614.7,2628.0,2610.0,2621.2,33575
2025-12-26T10:00:00+05:30,2621.2,2625.0,2615.0,2615.7,17352
2025-12-26T10:15:00+05:30,2617.0,2619.9,2615.0,2617.9,14557
2025-12-26T10:30:00+05:30,2616.5,2619.0,2614.6,2615.6,15949
2025-12-26T10:45:00+05:30,2615.6,2616.6,2610.0,2612.0,15887
2025-12-26T11:00:00+05:30,2611.8,2615.5,2610.0,2610.8,16147
2025-12-26T11:15:00+05:30,2610.1,2612.0,2610.0,2611.8,11320
2025-12-26T11:30:00+05:30,2611.8,2619.8,2611.0,2612.0,11384
2025-12-26T11:45:00+05:30,2612.9,2615.0,2611.0,2612.0,7819
2025-12-26T12:00:00+05:30,2612.0,2617.9,2610.5,2614.9,9658
2025-12-26T12:15:00+05:30,2614.8,2628.0,2612.9,2625.3,36892
2025-12-26T12:30:00+05:30,2625.3,2645.0,2624.5,2643.0,60009
2025-12-26T12:45:00+05:30,2642.6,2648.0,2637.2,2643.0,57089
2025-12-26T13:00:00+05:30,2642.9,2644.0,2635.1,2640.0,23239
2025-12-26T13:15:00+05:30,2640.0,2641.0,2635.8,2640.0,15314
2025-12-26T13:30:00+05:30,2640.0,2642.0,2636.0,2639.8,14224
2025-12-26T13:45:00+05:30,2639.0,2640.5,2632.0,2638.6,20170
2025-12-26T14:00:00+05:30,2638.5,2640.0,2636.2,2637.9,16188
2025-12-26T14:15:00+05:30,2637.9,2639.0,2635.0,2638.5,19536
2025-12-26T14:30:00+05:30,2638.6,2638.9,2630.0,2631.0,24840
2025-12-26T14:45:00+05:30,2631.0,2638.0,2630.5,2636.9,29595
2025-12-26T15:00:00+05:30,2636.8,2636.9,2625.5,2629.6,47234
2025-12-26T15:15:00+05:30,2629.6,2634.0,2623.0,2632.0,49250
2025-12-29T09:15:00+05:30,2630.0,2630.0,2616.9,2625.9,40003
2025-12-29T09:30:00+05:30,2626.0,2689.0,2626.0,2687.3,270125
2025-12-29T09:45:00+05:30,2687.3,2688.0,2655.1,2657.7,110512
2025-12-29T10:00:00+05:30,2657.7,2668.0,2635.0,2662.0,103635
2025-12-29T10:15:00+05:30,2662.1,2667.4,2654.0,2665.9,36452
2025-12-29T10:30:00+05:30,2665.9,2669.0,2654.3,2659.1,35376
2025-12-29T10:45:00+05:30,2660.0,2671.0,2655.2,2666.9,47178
2025-12-29T11:00:00+05:30,2666.4,2667.0,2659.0,2664.0,20490
2025-12-29T11:15:00+05:30,2663.1,2666.7,2660.0,2661.9,19456
2025-12-29T11:30:00+05:30,2661.9,2663.0,2642.4,2650.1,46059
2025-12-29T11:45:00+05:30,2650.1,2654.6,2648.0,2652.3,15476
2025-12-29T12:00:00+05:30,2652.3,2655.0,2640.0,2640.9,19363
2025-12-29T12:15:00+05:30,2641.0,2649.9,2639.3,2645.8,21286
2025-12-29T12:30:00+05:30,2645.8,2649.0,2642.3,2647.3,15863
2025-12-29T12:45:00+05:30,2647.4,2660.0,2645.3,2658.7,27312
2025-12-29T13:00:00+05:30,2660.0,2660.0,2656.6,2658.8,24368
2025-12-29T13:15:00+05:30,2659.0,2660.0,2654.9,2656.9,24295
2025-12-29T13:30:00+05:30,2657.7,2660.0,2655.0,2657.3,26818
2025-12-29T13:45:00+05:30,2659.0,2660.0,2657.0,2659.7,23629
2025-12-29T14:00:00+05:30,2659.8,2663.7,2654.3,2654.7,28149
2025-12-29T14:15:00+05:30,2655.9,2661.0,2654.5,2659.5,26793
2025-12-29T14:30:00+05:30,2660.0,2661.0,2657.0,2657.5,33698
2025-12-29T14:45:00+05:30,2659.2,2660.0,2652.2,2657.2,35183
2025-12-29T15:00:00+05:30,2658.6,2666.7,2657.1,2661.0,56220
2025-12-29T15:15:00+05:30,2660.4,2664.9,2645.2,2646.8,70515
2025-12-30T09:15:00+05:30,2649.0,2649.0,2625.3,2632.0,60587
2025-12-30T09:30:00+05:30,2631.4,2645.2,2630.1,2642.6,25373
2025-12-30T09:45:00+05:30,2644.3,2647.9,2634.1,2640.6,24051
2025-12-30T10:00:00+05:30,2640.6,2642.7,2633.5,2637.5,12526
2025-12-30T10:15:00+05:30,2637.5,2639.4,2634.0,2634.7,8490
2025-12-30T10:30:00+05:30,2634.9,2645.0,2634.6,2642.8,15277
2025-12-30T10:45:00+05:30,2642.9,2644.9,2640.0,2640.0,11066
2025-12-30T11:00:00+05:30,2640.0,2642.5,2638.0,2640.0,14354
2025-12-30T11:15:00+05:30,2640.1,2643.0,2640.0,2642.0,8518
2025-12-30T11:30:00+05:30,2642.0,2655.0,2640.9,2653.8,28295
2025-12-30T11:45:00+05:30,2653.0,2656.8,2651.2,2652.7,17387
2025-12-30T12:00:00+05:30,2652.8,2655.0,2650.0,2652.9,17748
2025-12-30T12:15:00+05:30,2652.0,2654.0,2650.5,2651.5,8885
2025-12-30T12:30:00+05:30,2651.5,2658.0,2650.0,2651.9,12253
2025-12-30T12:45:00+05:30,2651.7,2652.8,2650.0,2650.4,8606
2025-12-30T13:00:00+05:30,2650.4,2652.4,2643.2,2643.2,18988
2025-12-30T13:15:00+05:30,2643.2,2646.1,2643.2,2644.7,8336
2025-12-30T13:30:00+05:30,2644.7,2649.4,2644.3,2645.9,9027
2025-12-30T13:45:00+05:30,2645.9,2649.9,2645.0,2647.0,8264
2025-12-30T14:00:00+05:30,2647.0,2648.9,2645.0,2646.9,8906
2025-12-30T14:15:00+05:30,2646.0,2648.0,2645.0,2646.0,8148
2025-12-30T14:30:00+05:30,2645.0,2647.5,2644.0,2646.0,11085
2025-12-30T14:45:00+05:30,2646.9,2647.5,2639.2,2643.1,23350
2025-12-30T15:00:00+05:30,2642.4,2645.7,2640.0,2640.0,32563
2025-12-30T15:15:00+05:30,2640.0,2643.6,2639.0,2640.5,33690
2025-12-31T09:15:00+05:30,2641.9,2674.0,2641.9,2649.0,65627
2025-12-31T09:30:00+05:30,2649.0,2649.8,2641.0,2644.1,17127
2025-12-31T09:45:00+05:30,2645.0,2655.4,2644.0,2653.1,16598
2025-12-31T10:00:00+05:30,2653.4,2656.9,2645.6,2647.1,16128
2025-12-31T10:15:00+05:30,2648.0,2664.0,2646.0,2663.0,32274
2025-12-31T10:30:00+05:30,2662.9,2663.4,2658.5,2662.0,14763
2025-12-31T10:45:00+05:30,2662.4,2668.0,2660.0,2663.3,23753
2025-12-31T11:00:00+05:30,2664.0,2664.4,2660.6,2663.0,27773
2025-12-31T11:15:00+05:30,2662.9,2663.9,2660.0,2663.8,26478
2025-12-31T11:30:00+05:30,2663.8,2669.0,2662.4,2665.7,19417
2025-12-31T11:45:00+05:30,2665.8,2669.4,2662.4,2666.1,15001
2025-12-31T12:00:00+05:30,2666.1,2673.4,2666.0,2669.9,43964
2025-12-31T12:15:00+05:30,2669.9,2673.0,2667.3,2667.3,33117
2025-12-31T12:30:00+05:30,2667.5,2671.7,2662.0,2668.0,31109
2025-12-31T12:45:00+05:30,2668.1,2671.0,2664.8,2668.6,19194
2025-12-31T13:00:00+05:30,2668.6,2671.8,2664.6,2667.6,16674
2025-12-31T13:15:00+05:30,2667.6,2669.7,2664.1,2664.2,15720
2025-12-31T13:30:00+05:30,2664.1,2668.0,2662.2,2663.1,16535
2025-12-31T13:45:00+05:30,2663.1,2668.0,2658.1,2661.1,25345
2025-12-31T14:00:00+05:30,2661.2,2670.0,2660.2,2668.7,17777
2025-12-31T14:15:00+05:30,2668.7,2678.0,2667.2,2673.6,74803
2025-12-31T14:30:00+05:30,2673.7,2676.0,2673.0,2674.6,27616
2025-12-31T14:45:00+05:30,2674.7,2675.5,2670.2,2673.0,23952
2025-12-31T15:00:00+05:30,2673.0,2674.2,2663.4,2665.0,43594
2025-12-31T15:15:00+05:30,2664.2,2665.0,2646.0,2650.0,45902
2026-01-01T09:15:00+05:30,2660.0,2665.0,2650.0,2654.6,14436
2026-01-01T09:30:00+05:30,2653.0,2655.1,2650.0,2654.1,10819
2026-01-01T09:45:00+05:30,2654.4,2657.8,2650.0,2650.0,10367
2026-01-01T10:00:00+05:30,2650.0,2652.0,2647.3,2648.1,7146
2026-01-01T10:15:00+05:30,2649.0,2654.4,2643.0,2651.3,18117
2026-01-01T10:30:00+05:30,2650.1,2652.0,2646.5,2649.0,2863
2026-01-01T10:45:00+05:30,2649.3,2653.0,2648.8,2651.5,5613
2026-01-01T11:00:00+05:30,2652.0,2654.4,2647.5,2650.0,6014
2026-01-01T11:15:00+05:30,2650.0,2651.0,2648.0,2650.3,6658
2026-01-01T11:30:00+05:30,2650.3,2654.0,2648.2,2650.5,3680
2026-01-01T11:45:00+05:30,2650.2,2652.2,2648.0,2650.0,9120
2026-01-01T12:00:00+05:30,2649.5,2650.9,2648.0,2648.9,6806
2026-01-01T12:15:00+05:30,2648.9,2650.5,2647.2,2648.5,8585
2026-01-01T12:30:00+05:30,2649.9,2650.5,2645.2,2649.3,8676
2026-01-01T12:45:00+05:30,2649.3,2652.0,2647.0,2648.9,7532
2026-01-01T13:00:00+05:30,2649.4,2650.0,2648.0,2649.9,5349
2026-01-01T13:15:00+05:30,2649.9,2649.9,2647.7,2649.0,10613
2026-01-01T13:30:00+05:30,2649.5,2649.9,2645.2,2647.0,8540
2026-01-01T13:45:00+05:30,2647.9,2648.0,2635.6,2638.1,26665
2026-01-01T14:00:00+05:30,2639.0,2647.0,2638.1,2645.8,7950
2026-01-01T14:15:00+05:30,2645.0,2648.5,2641.7,2648.5,13533
2026-01-01T14:30:00+05:30,2647.4,2649.8,2645.3,2649.0,21481
2026-01-01T14:45:00+05:30,2649.0,2651.0,2643.0,2646.7,21331
2026-01-01T15:00:00+05:30,2646.7,2648.0,2628.0,2631.1,65640
2026-01-01T15:15:00+05:30,2629.7,2630.7,2613.4,2624.9,58028
2026-01-02T09:15:00+05:30,2632.0,2639.2,2624.0,2634.1,26364
2026-01-02T09:30:00+05:30,2634.5,2647.0,2626.0,2642.7,19425
2026-01-02T09:45:00+05:30,2642.7,2645.0,2636.0,2637.0,5241
2026-01-02T10:00:00+05:30,2637.0,2642.0,2627.0,2637.8,26111
2026-01-02T10:15:00+05:30,2637.5,2647.5,2636.1,2637.7,28094
2026-01-02T10:30:00+05:30,2637.9,2640.0,2633.9,2637.4,13483
2026-01-02T10:45:00+05:30,2637.0,2638.0,2634.2,2635.6,10955
2026-01-02T11:00:00+05:30,2635.9,2639.9,2629.2,2636.5,54150
2026-01-02T11:15:00+05:30,2636.5,2639.3,2634.5,2637.0,21827
2026-01-02T11:30:00+05:30,2637.0,2643.0,2633.5,2641.1,46447
2026-01-02T11:45:00+05:30,2642.5,2642.5,2637.6,2640.0,7434
2026-01-02T12:00:00+05:30,2640.9,2644.4,2638.4,2642.0,7429
2026-01-02T12:15:00+05:30,2642.0,2648.0,2639.7,2646.7,15778
2026-01-02T12:30:00+05:30,2646.7,2656.0,2645.6,2655.0,21373
2026-01-02T12:45:00+05:30,2655.0,2657.0,2651.1,2655.5,17670
2026-01-02T13:00:00+05:30,2655.5,2656.1,2653.9,2655.0,22934
2026-01-02T13:15:00+05:30,2655.4,2657.7,2653.5,2655.0,12913
2026-01-02T13:30:00+05:30,2655.1,2655.9,2654.3,2655.0,7054
2026-01-02T13:45:00+05:30,2655.0,2658.0,2652.1,2654.6,19866
2026-01-02T14:00:00+05:30,2654.6,2656.0,2652.6,2655.9,15934
2026-01-02T14:15:00+05:30,2654.9,2663.0,2649.1,2655.0,26977
2026-01-02T14:30:00+05:30,2655.6,2677.0,2655.0,2672.0,69202
2026-01-02T14:45:00+05:30,2672.0,2684.0,2668.4,2675.6,52478
2026-01-02T15:00:00+05:30,2677.0,2678.0,2661.1,2669.0,38415
2026-01-02T15:15:00+05:30,2669.0,2669.1,2656.5,2658.5,163855
2026-01-05T09:15:00+05:30,2658.6,2658.7,2630.7,2634.2,32378
2026-01-05T09:30:00+05:30,2635.3,2648.5,2630.0,2642.9,23981
2026-01-05T09:45:00+05:30,2643.3,2644.1,2628.0,2632.0,23586
2026-01-05T10:00:00+05:30,2632.0,2632.7,2624.2,2632.2,20208
2026-01-05T10:15:00+05:30,2632.3,2636.8,2628.0,2628.0,19900
2026-01-05T10:30:00+05:30,2628.0,2635.0,2627.0,2634.0,18769
2026-01-05T10:45:00+05:30,2634.0,2641.0,2634.0,2639.1,14921
2026-01-05T11:00:00+05:30,2640.0,2649.1,2639.0,2640.1,16661
2026-01-05T11:15:00+05:30,2641.1,2645.2,2637.1,2640.0,14534
2026-01-05T11:30:00+05:30,2639.7,2644.0,2637.0,2642.0,6207
2026-01-05T11:45:00+05:30,2642.4,2649.9,2640.8,2648.0,7384
2026-01-05T12:00:00+05:30,2648.7,2654.4,2643.7,2649.9,13645
2026-01-05T12:15:00+05:30,2649.8,2651.0,2645.6,2646.5,4062
2026-01-05T12:30:00+05:30,2647.6,2650.4,2645.0,2650.0,3946
2026-01-05T12:45:00+05:30,2650.1,2652.9,2648.1,2651.5,3663
2026-01-05T13:00:00+05:30,2651.5,2657.0,2649.0,2655.0,17709
2026-01-05T13:15:00+05:30,2655.1,2656.0,2651.0,2653.2,7712
2026-01-05T13:30:00+05:30,2653.1,2657.5,2651.1,2655.2,7226
2026-01-05T13:45:00+05:30,2655.5,2657.0,2653.0,2656.8,4896
2026-01-05T14:00:00+05:30,2656.7,2684.0,2655.2,2667.1,57542
2026-01-05T14:15:00+05:30,2667.1,2667.8,2663.0,2665.2,13483
2026-01-05T14:30:00+05:30,2665.2,2670.9,2665.2,2669.0,18212
2026-01-05T14:45:00+05:30,2669.4,2673.0,2665.6,2670.3,22339
2026-01-05T15:00:00+05:30,2670.3,2681.2,2667.1,2668.1,51160
2026-01-05T15:15:00+05:30,2668.1,2684.5,2664.2,2673.0,106252
2026-01-06T09:15:00+05:30,2648.0,2703.3,2648.0,2664.9,72722
2026-01-06T09:30:00+05:30,2663.8,2691.0,2656.0,2672.9,31440
2026-01-06T09:45:00+05:30,2672.8,2690.6,2664.9,2678.3,29229
2026-01-06T10:00:00+05:30,2679.5,2682.9,2670.1,2679.9,9939
2026-01-06T10:15:00+05:30,2679.1,2686.0,2676.0,2677.3,8596
2026-01-06T10:30:00+05:30,2677.3,2678.7,2668.0,2669.6,12948
2026-01-06T10:45:00+05:30,2669.0,2688.4,2668.8,2682.2,20809
2026-01-06T11:00:00+05:30,2680.9,2689.9,2680.0,2687.0,16756
2026-01-06T11:15:00+05:30,2687.9,2689.0,2682.0,2688.5,13644
2026-01-06T11:30:00+05:30,2688.5,2695.5,2685.0,2687.7,26137
2026-01-06T11:45:00+05:30,2688.9,2696.0,2684.0,2687.0,10940
2026-01-06T12:00:00+05:30,2687.0,2698.0,2684.2,2695.0,15059
2026-01-06T12:15:00+05:30,2695.5,2696.9,2690.1,2692.4,15116
2026-01-06T12:30:00+05:30,2694.4,2696.8,2692.0,2693.9,12202
2026-01-06T12:45:00+05:30,2693.0,2695.0,2690.3,2693.1,10712
2026-01-06T13:00:00+05:30,2693.1,2696.0,2690.9,2694.0,15191
2026-01-06T13:15:00+05:30,2692.1,2699.0,2690.1,2696.6,18982
2026-01-06T13:30:00+05:30,2696.6,2697.5,2691.8,2694.9,10853
2026-01-06T13:45:00+05:30,2694.9,2697.0,2693.5,2694.3,10827
2026-01-06T14:00:00+05:30,2695.0,2699.9,2693.0,2697.8,25143
2026-01-06T14:15:00+05:30,2698.0,2699.2,2690.1,2692.3,16758
2026-01-06T14:30:00+05:30,2692.3,2698.4,2689.9,2692.2,22093
2026-01-06T14:45:00+05:30,2692.2,2696.0,2690.5,2694.0,12745
2026-01-06T15:00:00+05:30,2693.1,2697.8,2691.1,2696.0,27603
2026-01-06T15:15:00+05:30,2696.0,2699.0,2687.0,2689.0,39008
2026-01-07T09:15:00+05:30,2695.0,2719.0,2680.1,2710.0,70396
2026-01-07T09:30:00+05:30,2710.5,2712.0,2697.8,2698.6,19942
2026-01-07T09:45:00+05:30,2698.6,2700.0,2694.0,2698.2,11219
2026-01-07T10:00:00+05:30,2698.5,2704.0,2694.5,2697.8,15378
2026-01-07T10:15:00+05:30,2697.8,2700.0,2694.5,2694.9,10003
2026-01-07T10:30:00+05:30,2695.0,2696.0,2689.0,2690.2,10807
2026-01-07T10:45:00+05:30,2690.1,2699.0,2689.3,2697.6,9274
2026-01-07T11:00:00+05:30,2697.6,2698.5,2695.6,2695.7,3952
2026-01-07T11:15:00+05:30,2695.7,2698.1,2695.6,2697.6,4916
2026-01-07T11:30:00+05:30,2697.6,2699.4,2695.0,2695.6,5921
2026-01-07T11:45:00+05:30,2695.8,2696.3,2694.0,2695.9,6271
2026-01-07T12:00:00+05:30,2695.9,2698.9,2694.6,2696.4,5267
2026-01-07T12:15:00+05:30,2696.7,2698.0,2695.6,2696.1,4501
2026-01-07T12:30:00+05:30,2696.3,2696.5,2695.1,2695.7,5473
2026-01-07T12:45:00+05:30,2695.8,2700.0,2693.1,2699.4,23652
2026-01-07T13:00:00+05:30,2699.8,2704.6,2695.4,2697.9,43626
2026-01-07T13:15:00+05:30,2698.5,2699.0,2695.0,2696.6,5362
2026-01-07T13:30:00+05:30,2696.6,2699.0,2695.6,2696.9,6361
2026-01-07T13:45:00+05:30,2696.8,2700.0,2695.5,2696.8,7581
2026-01-07T14:00:00+05:30,2697.0,2700.0,2695.6,2696.4,7050
2026-01-07T14:15:00+05:30,2696.8,2698.8,2695.2,2696.2,6978
2026-01-07T14:30:00+05:30,2696.4,2700.0,2695.5,2697.0,9017
2026-01-07T14:45:00+05:30,2696.9,2698.2,2694.3,2697.0,10949
2026-01-07T15:00:00+05:30,2697.0,2698.0,2694.2,2695.6,15700
2026-01-07T15:15:00+05:30,2695.6,2696.5,2695.0,2696.0,48188
2026-01-08T09:15:00+05:30,2699.7,2725.2,2694.0,2714.9,82541
2026-01-08T09:30:00+05:30,2713.1,2717.7,2707.0,2714.3,17935
2026-01-08T09:45:00+05:30,2714.2,2716.6,2710.1,2715.0,13233
2026-01-08T10:00:00+05:30,2715.0,2716.0,2711.0,2711.0,13716
2026-01-08T10:15:00+05:30,2712.0,2714.4,2701.0,2702.2,12910
2026-01-08T10:30:00+05:30,2702.6,2703.4,2696.0,2702.3,39358
2026-01-08T10:45:00+05:30,2702.3,2708.5,2698.1,2705.6,10416
2026-01-08T11:00:00+05:30,2705.3,2706.2,2700.0,2703.2,16263
2026-01-08T11:15:00+05:30,2704.7,2710.3,2699.6,2706.5,29603
2026-01-08T11:30:00+05:30,2706.5,2706.9,2696.1,2696.1,25288
2026-01-08T11:45:00+05:30,2696.1,2698.0,2681.0,2687.3,14536
2026-01-08T12:00:00+05:30,2688.0,2697.0,2684.2,2696.3,17733
2026-01-08T12:15:00+05:30,2696.9,2705.0,2688.0,2702.1,32225
2026-01-08T12:30:00+05:30,2702.8,2704.0,2695.2,2696.7,3965
2026-01-08T12:45:00+05:30,2697.2,2701.8,2692.0,2701.3,17611
2026-01-08T13:00:00+05:30,2701.7,2704.0,2700.0,2700.0,6573
2026-01-08T13:15:00+05:30,2700.6,2703.0,2695.0,2695.0,6087
2026-01-08T13:30:00+05:30,2695.0,2703.1,2689.3,2700.5,25575
2026-01-08T13:45:00+05:30,2700.6,2702.0,2697.1,2700.0,19403
2026-01-08T14:00:00+05:30,2700.0,2709.9,2700.0,2708.3,15907
2026-01-08T14:15:00+05:30,2708.3,2713.9,2705.4,2708.0,15474
2026-01-08T14:30:00+05:30,2708.2,2716.2,2708.0,2715.2,23413
2026-01-08T14:45:00+05:30,2715.2,2725.0,2714.4,2715.3,52791
2026-01-08T15:00:00+05:30,2715.1,2721.0,2712.4,2720.0,51747
2026-01-08T15:15:00+05:30,2720.0,2724.6,2716.0,2716.1,60400
2026-01-09T09:15:00+05:30,2705.0,2717.2,2691.2,2703.1,20625
2026-01-09T09:30:00+05:30,2703.3,2706.1,2690.2,2698.7,12724
2026-01-09T09:45:00+05:30,2699.0,2709.0,2696.0,2708.0,13585
2026-01-09T10:00:00+05:30,2708.0,2708.3,2692.1,2692.9,10832
2026-01-09T10:15:00+05:30,2693.6,2699.9,2693.4,2695.0,11407
2026-01-09T10:30:00+05:30,2695.0,2696.0,2685.0,2688.1,16940
2026-01-09T10:45:00+05:30,2688.9,2689.9,2649.7,2660.8,42922
2026-01-09T11:00:00+05:30,2660.0,2674.1,2658.0,2663.0,16765
2026-01-09T11:15:00+05:30,2663.5,2677.7,2657.3,2659.0,18732
2026-01-09T11:30:00+05:30,2659.0,2660.0,2630.1,2644.2,43893
2026-01-09T11:45:00+05:30,2644.3,2648.0,2630.3,2631.2,16274
2026-01-09T12:00:00+05:30,2631.2,2661.0,2631.2,2651.2,27608
2026-01-09T12:15:00+05:30,2651.8,2655.8,2638.0,2639.5,17712
2026-01-09T12:30:00+05:30,2639.2,2641.0,2630.4,2638.9,20172
2026-01-09T12:45:00+05:30,2638.9,2644.0,2629.2,2642.9,22714
2026-01-09T13:00:00+05:30,2642.9,2653.5,2633.7,2650.9,25824
2026-01-09T13:15:00+05:30,2651.4,2668.8,2650.3,2667.9,21180
2026-01-09T13:30:00+05:30,2667.9,2674.8,2661.0,2670.5,15912
2026-01-09T13:45:00+05:30,2671.0,2672.8,2661.5,2666.8,20516
2026-01-09T14:00:00+05:30,2667.1,2669.9,2661.5,2665.1,12718
2026-01-09T14:15:00+05:30,2665.2,2667.3,2661.4,2663.0,9700
2026-01-09T14:30:00+05:30,2663.3,2668.0,2661.7,2665.4,20545
2026-01-09T14:45:00+05:30,2665.7,2668.0,2664.9,2666.3,24580
2026-01-09T15:00:00+05:30,2666.3,2669.4,2665.0,2665.6,24914
2026-01-09T15:15:00+05:30,2665.8,2670.0,2660.0,2660.5,59971
2026-01-12T09:15:00+05:30,2649.1,2649.1,2612.0,2618.4,40570
2026-01-12T09:30:00+05:30,2618.5,2623.3,2596.5,2601.4,57362
2026-01-12T09:45:00+05:30,2601.5,2611.0,2596.4,2598.7,23238
2026-01-12T10:00:00+05:30,2599.5,2609.0,2587.0,2588.0,24545
2026-01-12T10:15:00+05:30,2587.0,2625.0,2587.0,2617.0,49322
2026-01-12T10:30:00+05:30,2617.5,2628.0,2613.6,2624.5,15788
2026-01-12T10:45:00+05:30,2624.5,2629.6,2617.1,2623.5,46382
2026-01-12T11:00:00+05:30,2623.5,2625.0,2617.7,2620.5,38982
2026-01-12T11:15:00+05:30,2620.5,2623.4,2612.8,2619.6,86590
2026-01-12T11:30:00+05:30,2619.0,2622.0,2613.0,2619.6,17964
2026-01-12T11:45:00+05:30,2619.5,2629.9,2618.7,2627.3,69597
2026-01-12T12:00:00+05:30,2627.9,2628.5,2608.3,2612.8,17870
2026-01-12T12:15:00+05:30,2612.4,2623.9,2610.0,2622.7,33169
2026-01-12T12:30:00+05:30,2623.0,2626.4,2618.0,2623.8,13993
2026-01-12T12:45:00+05:30,2623.8,2626.2,2618.0,2619.1,7507
2026-01-12T13:00:00+05:30,2619.1,2627.0,2617.0,2626.5,8535
2026-01-12T13:15:00+05:30,2626.9,2627.9,2625.0,2625.2,8166
2026-01-12T13:30:00+05:30,2626.0,2630.0,2625.0,2626.7,9546
2026-01-12T13:45:00+05:30,2626.6,2627.9,2625.0,2625.9,8230
2026-01-12T14:00:00+05:30,2625.9,2632.0,2625.6,2630.0,9366
2026-01-12T14:15:00+05:30,2630.0,2635.0,2629.6,2634.5,14292
2026-01-12T14:30:00+05:30,2634.7,2635.0,2630.0,2630.6,9139
2026-01-12T14:45:00+05:30,2630.3,2631.5,2630.0,2630.2,10099
2026-01-12T15:00:00+05:30,2630.2,2632.9,2625.6,2629.9,23497
2026-01-12T15:15:00+05:30,2629.9,2632.0,2625.0,2630.0,34309
2026-01-13T09:15:00+05:30,2622.0,2654.5,2622.0,2627.5,28492
2026-01-13T09:30:00+05:30,2627.5,2629.4,2616.0,2617.2,13119
2026-01-13T09:45:00+05:30,2617.4,2626.0,2617.1,2618.0,16324
2026-01-13T10:00:00+05:30,2620.0,2622.9,2617.2,2617.2,9205
2026-01-13T10:15:00+05:30,2617.2,2624.6,2615.9,2623.4,5774
2026-01-13T10:30:00+05:30,2623.0,2624.0,2619.0,2624.0,5036
2026-01-13T10:45:00+05:30,2623.9,2631.0,2620.0,2626.5,8455
2026-01-13T11:00:00+05:30,2628.0,2628.0,2620.5,2622.9,4322
2026-01-13T11:15:00+05:30,2622.1,2624.5,2620.2,2622.2,3984
2026-01-13T11:30:00+05:30,2622.6,2623.3,2620.9,2622.4,1944
2026-01-13T11:45:00+05:30,2622.4,2623.0,2620.0,2622.1,2629
2026-01-13T12:00:00+05:30,2622.1,2623.1,2616.5,2619.3,87782
2026-01-13T12:15:00+05:30,2619.6,2624.3,2618.7,2620.0,11684
2026-01-13T12:30:00+05:30,2620.3,2623.9,2614.1,2618.1,37714
2026-01-13T12:45:00+05:30,2619.3,2620.0,2617.2,2620.0,7974
2026-01-13T13:00:00+05:30,2620.0,2620.0,2618.2,2619.6,5108
2026-01-13T13:15:00+05:30,2619.3,2624.5,2618.0,2620.0,18772
2026-01-13T13:30:00+05:30,2619.7,2630.0,2616.9,2624.0,28489
2026-01-13T13:45:00+05:30,2623.5,2624.8,2614.7,2619.2,33959
2026-01-13T14:00:00+05:30,2619.5,2620.0,2616.3,2619.7,25597
2026-01-13T14:15:00+05:30,2619.7,2639.9,2619.6,2639.7,26103
2026-01-13T14:30:00+05:30,2639.9,2654.9,2636.7,2653.6,27873
2026-01-13T14:45:00+05:30,2653.4,2682.5,2653.4,2670.1,47652
2026-01-13T15:00:00+05:30,2670.1,2678.0,2668.5,2674.9,27222
2026-01-13T15:15:00+05:30,2674.0,2676.0,2667.5,2673.0,42957
2026-01-14T09:15:00+05:30,2665.0,2685.1,2660.0,2664.0,14702
2026-01-14T09:30:00+05:30,2664.0,2671.3,2660.0,2664.9,6784
2026-01-14T09:45:00+05:30,2663.6,2668.2,2663.0,2664.0,3311
2026-01-14T10:00:00+05:30,2665.0,2680.5,2661.2,2671.1,14544
2026-01-14T10:15:00+05:30,2671.1,2684.7,2670.0,2680.1,14394
2026-01-14T10:30:00+05:30,2680.1,2682.4,2678.5,2680.0,11363
2026-01-14T10:45:00+05:30,2680.0,2694.4,2678.0,2693.1,11983
2026-01-14T11:00:00+05:30,2693.8,2694.4,2685.5,2687.0,6814
2026-01-14T11:15:00+05:30,2687.0,2702.0,2684.6,2698.8,23649
2026-01-14T11:30:00+05:30,2699.9,2701.0,2689.0,2690.0,15006
2026-01-14T11:45:00+05:30,2689.9,2693.2,2680.0,2685.0,16945
2026-01-14T12:00:00+05:30,2685.0,2689.8,2682.5,2686.4,11548
2026-01-14T12:15:00+05:30,2687.5,2695.0,2682.1,2694.9,13087
2026-01-14T12:30:00+05:30,2694.5,2700.0,2693.0,2698.7,11535
2026-01-14T12:45:00+05:30,2698.8,2710.0,2697.7,2700.1,23889
2026-01-14T13:00:00+05:30,2700.1,2703.5,2696.0,2698.1,18109
2026-01-14T13:15:00+05:30,2698.1,2700.3,2693.0,2699.5,15833
2026-01-14T13:30:00+05:30,2699.8,2699.9,2694.5,2697.0,10088
2026-01-14T13:45:00+05:30,2697.0,2698.5,2691.1,2697.9,11786
2026-01-14T14:00:00+05:30,2696.1,2698.9,2689.9,2695.0,16396
2026-01-14T14:15:00+05:30,2695.0,2698.5,2693.7,2697.0,10563
2026-01-14T14:30:00+05:30,2697.2,2708.0,2695.3,2704.5,29748
2026-01-14T14:45:00+05:30,2704.5,2739.6,2703.6,2739.0,84424
2026-01-14T15:00:00+05:30,2737.7,2749.0,2732.3,2735.8,67752
2026-01-14T15:15:00+05:30,2735.8,2740.0,2728.0,2729.0,85186
2026-01-16T09:15:00+05:30,2810.0,2886.9,2782.5,2829.0,495409
2026-01-16T09:30:00+05:30,2828.2,2861.8,2819.2,2841.5,222184
2026-01-16T09:45:00+05:30,2841.5,2878.0,2825.0,2873.4,143586
2026-01-16T10:00:00+05:30,2873.0,2886.0,2862.0,2882.3,145714
2026-01-16T10:15:00+05:30,2882.7,2948.0,2881.5,2907.8,340808
2026-01-16T10:30:00+05:30,2908.8,2938.0,2900.0,2931.0,114499
2026-01-16T10:45:00+05:30,2931.1,2972.0,2921.0,2937.7,208157
2026-01-16T11:00:00+05:30,2937.7,2953.8,2914.1,2947.9,124321
2026-01-16T11:15:00+05:30,2947.9,2969.4,2943.0,2953.1,90927
2026-01-16T11:30:00+05:30,2953.1,2955.0,2917.8,2930.6,90456
2026-01-16T11:45:00+05:30,2930.4,2949.9,2923.2,2948.0,48409
2026-01-16T12:00:00+05:30,2948.0,2954.5,2925.5,2941.7,59732
2026-01-16T12:15:00+05:30,2941.7,2949.6,2936.0,2939.4,29768
2026-01-16T12:30:00+05:30,2939.4,2959.7,2930.0,2940.0,78242
2026-01-16T12:45:00+05:30,2939.8,2941.0,2926.4,2933.4,30600
2026-01-16T13:00:00+05:30,2933.4,2938.0,2897.7,2906.5,96792
2026-01-16T13:15:00+05:30,2906.5,2932.7,2901.2,2920.0,79808
2026-01-16T13:30:00+05:30,2919.9,2939.9,2919.9,2939.8,36788
2026-01-16T13:45:00+05:30,2939.7,2939.9,2916.0,2930.0,59692
2026-01-16T14:00:00+05:30,2930.0,2940.0,2928.1,2937.0,32897
2026-01-16T14:15:00+05:30,2937.2,2939.8,2932.0,2939.0,29875
2026-01-16T14:30:00+05:30,2939.0,2948.0,2934.9,2946.9,47847
2026-01-16T14:45:00+05:30,2946.8,2948.9,2926.8,2939.7,45566
2026-01-16T15:00:00+05:30,2939.7,2945.0,2933.0,2940.0,47723
2026-01-16T15:15:00+05:30,2940.0,2941.7,2925.0,2932.5,99386
2026-01-19T09:15:00+05:30,2937.0,2969.7,2930.0,2968.2,74658
2026-01-19T09:30:00+05:30,2968.4,2969.0,2945.0,2958.0,25593
2026-01-19T09:45:00+05:30,2959.0,2977.7,2955.1,2968.6,50429
2026-01-19T10:00:00+05:30,2970.0,2970.8,2955.7,2961.0,20900
2026-01-19T10:15:00+05:30,2960.0,2963.0,2940.1,2945.5,26964
2026-01-19T10:30:00+05:30,2945.5,2947.0,2932.7,2943.2,16554
2026-01-19T10:45:00+05:30,2944.5,2944.9,2938.2,2940.9,8355
2026-01-19T11:00:00+05:30,2942.0,2943.0,2933.1,2935.8,18937
2026-01-19T11:15:00+05:30,2936.9,2937.0,2905.0,2908.0,19797
2026-01-19T11:30:00+05:30,2906.5,2907.0,2883.6,2888.5,21127
2026-01-19T11:45:00+05:30,2891.2,2893.3,2877.3,2884.1,16350
2026-01-19T12:00:00+05:30,2886.3,2890.0,2868.1,2870.3,14514
2026-01-19T12:15:00+05:30,2869.5,2877.0,2855.0,2861.4,22421
2026-01-19T12:30:00+05:30,2863.0,2895.2,2861.0,2892.8,21275
2026-01-19T12:45:00+05:30,2892.8,2916.8,2891.7,2909.0,18502
2026-01-19T13:00:00+05:30,2910.5,2910.5,2894.2,2902.2,10892
2026-01-19T13:15:00+05:30,2903.6,2906.0,2890.3,2897.8,11709
2026-01-19T13:30:00+05:30,2898.2,2910.0,2896.1,2909.0,11638
2026-01-19T13:45:00+05:30,2909.0,2935.0,2907.5,2933.0,28118
2026-01-19T14:00:00+05:30,2933.0,2948.7,2929.5,2930.0,35851
2026-01-19T14:15:00+05:30,2930.0,2936.4,2927.0,2931.2,10588
2026-01-19T14:30:00+05:30,2931.2,2935.5,2930.1,2935.0,7747
2026-01-19T14:45:00+05:30,2934.5,2944.0,2926.8,2939.9,29574
2026-01-19T15:00:00+05:30,2938.6,2940.1,2931.1,2933.2,14278
2026-01-19T15:15:00+05:30,2932.0,2934.5,2890.0,2910.0,27017
2026-01-20T09:15:00+05:30,2922.0,2922.0,2860.0,2861.2,42360
2026-01-20T09:30:00+05:30,2863.0,2874.5,2860.0,2863.4,19614
2026-01-20T09:45:00+05:30,2863.7,2868.0,2847.1,2861.8,23490
2026-01-20T10:00:00+05:30,2860.5,2865.0,2844.1,2844.1,13585
2026-01-20T10:15:00+05:30,2845.5,2854.0,2830.8,2833.1,22714
2026-01-20T10:30:00+05:30,2833.5,2840.0,2832.8,2837.0,5273
2026-01-20T10:45:00+05:30,2836.8,2838.3,2825.5,2829.4,9583
2026-01-20T11:00:00+05:30,2828.2,2830.3,2816.7,2817.6,10964
2026-01-20T11:15:00+05:30,2819.3,2821.0,2812.1,2817.0,8307
2026-01-20T11:30:00+05:30,2817.6,2820.9,2814.0,2814.0,6202
2026-01-20T11:45:00+05:30,2814.0,2815.0,2802.4,2803.0,12375
2026-01-20T12:00:00+05:30,2803.0,2822.5,2802.0,2812.0,17087
2026-01-20T12:15:00+05:30,2811.0,2812.4,2793.0,2798.2,12873
2026-01-20T12:30:00+05:30,2798.2,2803.4,2795.0,2801.8,5544
2026-01-20T12:45:00+05:30,2801.9,2808.8,2800.0,2800.7,7079
2026-01-20T13:00:00+05:30,2800.7,2807.5,2791.0,2807.1,9586
2026-01-20T13:15:00+05:30,2805.2,2813.5,2799.5,2804.4,14659
2026-01-20T13:30:00+05:30,2802.8,2808.3,2796.0,2806.9,8745
2026-01-20T13:45:00+05:30,2804.8,2807.8,2794.1,2795.0,10539
2026-01-20T14:00:00+05:30,2796.2,2800.0,2790.0,2799.7,11082
2026-01-20T14:15:00+05:30,2799.7,2812.5,2798.0,2809.6,13472
2026-01-20T14:30:00+05:30,2810.1,2837.4,2808.7,2835.9,19323
2026-01-20T14:45:00+05:30,2836.0,2852.0,2833.5,2841.1,35957
2026-01-20T15:00:00+05:30,2842.0,2842.0,2837.2,2842.0,25600
2026-01-20T15:15:00+05:30,2841.0,2842.0,2810.0,2827.0,53971
2026-01-21T09:15:00+05:30,2810.0,2810.0,2756.8,2797.4,56579
2026-01-21T09:30:00+05:30,2799.6,2804.8,2758.0,2777.8,54831
2026-01-21T09:45:00+05:30,2775.3,2788.0,2765.3,2769.5,27632
2026-01-21T10:00:00+05:30,2769.5,2795.0,2768.5,2784.2,25039
2026-01-21T10:15:00+05:30,2785.0,2788.0,2748.0,2753.9,24266
2026-01-21T10:30:00+05:30,2752.3,2773.3,2743.0,2750.8,19138
2026-01-21T10:45:00+05:30,2748.6,2754.0,2731.3,2737.7,13319
2026-01-21T11:00:00+05:30,2737.7,2776.8,2737.6,2773.0,26959
2026-01-21T11:15:00+05:30,2773.2,2800.0,2770.0,2777.7,15958
2026-01-21T11:30:00+05:30,2777.7,2781.7,2774.4,2777.6,6412
2026-01-21T11:45:00+05:30,2777.0,2778.9,2765.0,2772.0,6588
2026-01-21T12:00:00+05:30,2770.6,2775.0,2749.0,2757.0,16881
2026-01-21T12:15:00+05:30,2757.5,2780.4,2757.5,2763.1,16091
2026-01-21T12:30:00+05:30,2763.2,2811.5,2763.1,2799.8,31953
2026-01-21T12:45:00+05:30,2799.8,2813.8,2794.7,2810.0,50553
2026-01-21T13:00:00+05:30,2811.2,2813.9,2803.0,2805.4,7997
2026-01-21T13:15:00+05:30,2803.7,2807.9,2803.0,2804.4,5138
2026-01-21T13:30:00+05:30,2804.4,2810.8,2803.0,2806.1,7435
2026-01-21T13:45:00+05:30,2806.0,2808.5,2792.4,2803.0,20876
2026-01-21T14:00:00+05:30,2803.0,2820.0,2802.0,2817.4,14462
2026-01-21T14:15:00+05:30,2817.4,2839.0,2817.3,2839.0,26795
2026-01-21T14:30:00+05:30,2837.8,2849.6,2832.6,2835.4,22061
2026-01-21T14:45:00+05:30,2835.4,2846.7,2821.6,2837.0,16899
2026-01-21T15:00:00+05:30,2839.6,2848.9,2835.6,2840.0,19265
2026-01-21T15:15:00+05:30,2840.0,2850.0,2837.9,2847.0,23124
2026-01-22T09:15:00+05:30,2868.0,2895.0,2843.3,2884.4,26037
2026-01-22T09:30:00+05:30,2883.6,2887.9,2861.6,2874.2,11085
2026-01-22T09:45:00+05:30,2875.4,2881.0,2864.9,2869.2,8237
2026-01-22T10:00:00+05:30,2871.4,2872.4,2850.0,2860.6,4733
2026-01-22T10:15:00+05:30,2860.0,2866.0,2817.0,2822.4,11128
2026-01-22T10:30:00+05:30,2822.0,2833.9,2819.2,2820.7,10428
2026-01-22T10:45:00+05:30,2820.0,2827.9,2815.0,2815.0,8292
2026-01-22T11:00:00+05:30,2815.0,2838.9,2804.6,2834.5,14566
2026-01-22T11:15:00+05:30,2833.7,2839.9,2830.0,2833.3,5901
2026-01-22T11:30:00+05:30,2833.3,2840.0,2829.4,2830.8,3162
2026-01-22T11:45:00+05:30,2831.2,2835.1,2828.2,2830.0,5239
2026-01-22T12:00:00+05:30,2829.8,2832.3,2828.1,2830.0,5075
2026-01-22T12:15:00+05:30,2830.0,2835.0,2786.0,2795.7,60991
2026-01-22T12:30:00+05:30,2795.7,2818.2,2772.4,2784.4,58008
2026-01-22T12:45:00+05:30,2784.4,2799.0,2781.5,2792.1,8780
2026-01-22T13:00:00+05:30,2792.1,2794.5,2787.0,2791.4,12679
2026-01-22T13:15:00+05:30,2790.1,2802.0,2782.5,2788.3,36421
2026-01-22T13:30:00+05:30,2788.4,2791.5,2777.7,2789.6,12829
2026-01-22T13:45:00+05:30,2789.6,2794.4,2787.0,2791.3,6422
2026-01-22T14:00:00+05:30,2790.6,2793.7,2781.6,2784.4,7033
2026-01-22T14:15:00+05:30,2784.5,2794.1,2780.0,2792.0,11099
2026-01-22T14:30:00+05:30,2791.1,2795.2,2784.0,2786.5,8956
2026-01-22T14:45:00+05:30,2788.0,2803.4,2785.5,2796.0,43713
2026-01-22T15:00:00+05:30,2795.1,2796.5,2777.0,2788.7,22097
2026-01-22T15:15:00+05:30,2788.7,2790.0,2769.9,2774.4,37294
2026-01-23T09:15:00+05:30,2765.0,2782.8,2765.0,2773.0,9948
2026-01-23T09:30:00+05:30,2773.3,2788.5,2766.0,2780.0,22036
2026-01-23T09:45:00+05:30,2780.1,2790.0,2779.5,2781.2,7486
2026-01-23T10:00:00+05:30,2781.4,2783.7,2754.0,2764.0,16563
2026-01-23T10:15:00+05:30,2764.0,2764.8,2750.1,2751.0,10380
2026-01-23T10:30:00+05:30,2752.0,2777.0,2751.3,2773.1,14406
2026-01-23T10:45:00+05:30,2773.1,2780.0,2773.0,2775.0,6205
2026-01-23T11:00:00+05:30,2775.0,2787.0,2775.0,2787.0,4482
2026-01-23T11:15:00+05:30,2785.9,2803.1,2775.0,2799.4,38408
2026-01-23T11:30:00+05:30,2797.7,2803.7,2790.5,2795.7,25901
2026-01-23T11:45:00+05:30,2798.1,2807.4,2793.1,2807.4,17313
2026-01-23T12:00:00+05:30,2806.0,2815.6,2793.2,2800.0,18879
2026-01-23T12:15:00+05:30,2800.0,2801.0,2796.0,2798.3,9291
2026-01-23T12:30:00+05:30,2798.3,2800.0,2795.0,2798.0,10060
2026-01-23T12:45:00+05:30,2798.0,2800.5,2795.7,2799.4,9125
2026-01-23T13:00:00+05:30,2799.4,2802.2,2792.5,2800.9,8073
2026-01-23T13:15:00+05:30,2800.0,2801.9,2794.2,2798.6,8778
2026-01-23T13:30:00+05:30,2799.9,2800.0,2783.7,2786.6,14508
2026-01-23T13:45:00+05:30,2788.6,2794.0,2783.6,2789.2,10703
2026-01-23T14:00:00+05:30,2789.2,2794.9,2783.1,2783.7,9930
2026-01-23T14:15:00+05:30,2785.0,2786.3,2771.4,2775.0,16202
2026-01-23T14:30:00+05:30,2775.0,2786.9,2773.2,2783.6,22473
2026-01-23T14:45:00+05:30,2783.6,2785.0,2776.9,2779.1,12793
2026-01-23T15:00:00+05:30,2779.1,2780.0,2768.0,2775.0,22309
2026-01-23T15:15:00+05:30,2774.2,2780.0,2768.0,2768.0,49664
2026-01-27T09:15:00+05:30,2830.0,2830.1,2723.2,2738.4,30261
2026-01-27T09:30:00+05:30,2740.8,2740.8,2703.5,2711.2,28123
2026-01-27T09:45:00+05:30,2709.9,2729.9,2708.4,2724.9,23377
2026-01-27T10:00:00+05:30,2725.0,2759.0,2713.5,2745.6,34810
2026-01-27T10:15:00+05:30,2747.2,2753.6,2741.6,2742.0,19897
2026-01-27T10:30:00+05:30,2741.9,2746.9,2729.8,2730.1,15221
2026-01-27T10:45:00+05:30,2731.6,2735.0,2722.0,2725.0,10830
2026-01-27T11:00:00+05:30,2724.2,2726.9,2705.6,2720.6,27230
2026-01-27T11:15:00+05:30,2720.5,2735.0,2720.0,2733.9,13212
2026-01-27T11:30:00+05:30,2732.9,2735.3,2730.0,2732.0,14428
2026-01-27T11:45:00+05:30,2732.1,2735.3,2718.8,2726.3,6811
2026-01-27T12:00:00+05:30,2724.2,2734.5,2717.6,2730.0,10069
2026-01-27T12:15:00+05:30,2730.0,2752.0,2730.0,2734.1,32857
2026-01-27T12:30:00+05:30,2734.1,2738.0,2726.5,2726.5,4930
2026-01-27T12:45:00+05:30,2726.5,2727.6,2720.2,2721.5,4404
2026-01-27T13:00:00+05:30,2721.5,2738.0,2718.6,2736.1,14204
2026-01-27T13:15:00+05:30,2737.0,2741.0,2732.9,2738.0,7538
2026-01-27T13:30:00+05:30,2737.3,2752.8,2733.9,2750.7,14840
2026-01-27T13:45:00+05:30,2750.7,2761.0,2744.9,2752.5,28488
2026-01-27T14:00:00+05:30,2754.7,2754.7,2748.8,2752.2,13487
2026-01-27T14:15:00+05:30,2751.7,2752.2,2733.0,2735.2,25554
2026-01-27T14:30:00+05:30,2734.2,2737.7,2732.0,2736.0,14966
2026-01-27T14:45:00+05:30,2734.4,2738.0,2712.5,2714.8,26027
2026-01-27T15:00:00+05:30,2714.0,2721.1,2702.5,2703.0,29604
2026-01-27T15:15:00+05:30,2703.0,2719.0,2692.1,2716.0,60329
2026-01-28T09:15:00+05:30,2734.1,2765.9,2715.0,2760.0,31211
2026-01-28T09:30:00+05:30,2760.1,2773.0,2752.5,2763.0,13584
2026-01-28T09:45:00+05:30,2764.9,2768.3,2759.0,2761.8,7261
2026-01-28T10:00:00+05:30,2764.4,2777.1,2761.0,2776.2,11659
2026-01-28T10:15:00+05:30,2776.4,2785.9,2766.4,2769.0,13170
2026-01-28T10:30:00+05:30,2769.0,2769.0,2758.0,2760.3,7146
2026-01-28T10:45:00+05:30,2760.4,2764.9,2758.0,2759.4,4723
2026-01-28T11:00:00+05:30,2760.0,2776.8,2758.2,2773.3,8880
2026-01-28T11:15:00+05:30,2773.4,2778.8,2770.0,2773.0,29474
2026-01-28T11:30:00+05:30,2774.2,2778.9,2771.2,2778.2,3756
2026-01-28T11:45:00+05:30,2778.2,2807.5,2775.1,2801.4,22398
2026-01-28T12:00:00+05:30,2801.4,2811.0,2799.2,2806.7,40533
2026-01-28T12:15:00+05:30,2807.5,2809.9,2796.0,2805.1,27634
2026-01-28T12:30:00+05:30,2805.1,2805.1,2799.9,2800.9,6762
2026-01-28T12:45:00+05:30,2800.9,2806.4,2798.6,2805.4,7668
2026-01-28T13:00:00+05:30,2804.1,2805.8,2797.8,2800.4,7941
2026-01-28T13:15:00+05:30,2800.4,2823.5,2800.0,2820.1,19701
2026-01-28T13:30:00+05:30,2820.1,2860.0,2818.5,2843.3,36749
2026-01-28T13:45:00+05:30,2843.3,2849.6,2815.5,2826.4,28116
2026-01-28T14:00:00+05:30,2827.5,2837.0,2822.0,2833.0,14497
2026-01-28T14:15:00+05:30,2831.5,2843.0,2831.5,2841.8,7897
2026-01-28T14:30:00+05:30,2840.2,2843.3,2833.0,2836.9,8462
2026-01-28T14:45:00+05:30,2836.9,2849.8,2834.0,2845.1,13229
2026-01-28T15:00:00+05:30,2845.1,2848.0,2820.0,2823.1,29234
2026-01-28T15:15:00+05:30,2823.1,2840.0,2818.2,2840.0,30931
2026-01-29T09:15:00+05:30,2829.0,2893.8,2820.1,2882.0,31191
2026-01-29T09:30:00+05:30,2880.0,2881.9,2856.7,2860.6,22084
2026-01-29T09:45:00+05:30,2860.4,2865.8,2850.1,2863.0,12577
2026-01-29T10:00:00+05:30,2863.0,2868.9,2859.1,2863.5,7730
2026-01-29T10:15:00+05:30,2861.4,2864.0,2857.0,2861.7,13644
2026-01-29T10:30:00+05:30,2860.0,2863.0,2854.6,2860.7,16219
2026-01-29T10:45:00+05:30,2859.4,2868.9,2851.2,2868.9,10071
2026-01-29T11:00:00+05:30,2868.0,2870.1,2860.0,2861.0,4069
2026-01-29T11:15:00+05:30,2860.4,2877.0,2859.1,2875.8,8269
2026-01-29T11:30:00+05:30,2875.8,2882.7,2871.2,2880.3,10551
2026-01-29T11:45:00+05:30,2879.7,2893.6,2877.2,2891.9,17860
2026-01-29T12:00:00+05:30,2890.7,2908.9,2890.0,2903.5,19239
2026-01-29T12:15:00+05:30,2903.8,2906.6,2889.8,2903.0,16361
2026-01-29T12:30:00+05:30,2903.0,2916.9,2895.1,2915.0,15851
2026-01-29T12:45:00+05:30,2915.1,2923.7,2911.1,2922.6,14217
2026-01-29T13:00:00+05:30,2923.2,2932.4,2921.0,2926.9,13390
2026-01-29T13:15:00+05:30,2926.9,2930.5,2923.5,2927.3,9768
2026-01-29T13:30:00+05:30,2927.2,2935.0,2927.2,2931.0,7304
2026-01-29T13:45:00+05:30,2930.3,2942.8,2930.0,2942.0,19440
2026-01-29T14:00:00+05:30,2942.0,2942.0,2927.3,2934.1,13800
2026-01-29T14:15:00+05:30,2934.1,2938.4,2930.9,2932.0,6235
2026-01-29T14:30:00+05:30,2932.0,2938.0,2930.1,2933.5,5909
2026-01-29T14:45:00+05:30,2934.0,2940.0,2927.2,2930.0,12514
2026-01-29T15:00:00+05:30,2930.8,2931.4,2904.7,2910.2,24181
2026-01-29T15:15:00+05:30,2909.1,2920.0,2902.0,2907.4,30627
2026-01-30T09:15:00+05:30,2914.7,2939.5,2881.3,2930.6,24726
2026-01-30T09:30:00+05:30,2928.5,2950.6,2925.0,2927.7,21564
2026-01-30T09:45:00+05:30,2929.7,2937.7,2925.0,2929.0,6665
2026-01-30T10:00:00+05:30,2927.4,2940.0,2925.2,2931.9,10139
2026-01-30T10:15:00+05:30,2931.9,2933.9,2911.1,2918.1,8760
2026-01-30T10:30:00+05:30,2919.0,2919.0,2906.6,2912.8,5944
2026-01-30T10:45:00+05:30,2912.2,2919.9,2901.7,2905.0,8281
2026-01-30T11:00:00+05:30,2905.0,2916.6,2891.2,2898.5,22884
2026-01-30T11:15:00+05:30,2898.0,2902.5,2893.3,2897.1,5698
2026-01-30T11:30:00+05:30,2897.3,2903.0,2893.5,2895.1,10874
2026-01-30T11:45:00+05:30,2896.6,2897.4,2891.2,2891.5,3250
2026-01-30T12:00:00+05:30,2892.4,2919.9,2891.6,2907.8,10249
2026-01-30T12:15:00+05:30,2907.8,2909.1,2872.1,2889.9,76351
2026-01-30T12:30:00+05:30,2889.9,2914.0,2888.4,2910.6,19552
2026-01-30T12:45:00+05:30,2911.4,2929.5,2909.4,2924.5,7857
2026-01-30T13:00:00+05:30,2925.3,2932.7,2914.1,2921.6,6126
2026-01-30T13:15:00+05:30,2921.6,2929.0,2914.6,2925.0,6370
2026-01-30T13:30:00+05:30,2923.7,2929.9,2917.6,2925.0,7445
2026-01-30T13:45:00+05:30,2925.7,2985.3,2923.6,2981.0,81658
2026-01-30T14:00:00+05:30,2981.0,2987.8,2968.1,2975.0,32612
2026-01-30T14:15:00+05:30,2975.0,3012.0,2975.0,2999.6,57349
2026-01-30T14:30:00+05:30,2998.4,3001.2,2982.3,2985.5,21085
2026-01-30T14:45:00+05:30,2985.5,2988.4,2959.5,2978.5,22776
2026-01-30T15:00:00+05:30,2978.6,2984.0,2959.8,2975.0,34067
2026-01-30T15:15:00+05:30,2975.1,2977.0,2945.0,2948.0,144508
2026-02-01T09:15:00+05:30,2971.9,2971.9,2893.7,2901.6,14330
2026-02-01T09:30:00+05:30,2900.5,2911.2,2891.0,2905.0,8049
2026-02-01T09:45:00+05:30,2902.5,2909.2,2895.3,2900.1,5051
2026-02-01T10:00:00+05:30,2900.0,2912.0,2894.0,2911.9,4011
2026-02-01T10:15:00+05:30,2910.1,2920.0,2910.1,2913.4,6563
2026-02-01T10:30:00+05:30,2913.4,2919.0,2907.6,2911.8,3043
2026-02-01T10:45:00+05:30,2910.4,2910.7,2905.0,2910.1,3138
2026-02-01T11:00:00+05:30,2908.4,2925.0,2908.3,2912.1,3399
2026-02-01T11:15:00+05:30,2912.2,2926.0,2911.7,2922.0,3390
2026-02-01T11:30:00+05:30,2922.0,2933.9,2915.1,2916.7,6634
2026-02-01T11:45:00+05:30,2918.0,2930.0,2915.1,2918.0,3972
2026-02-01T12:00:00+05:30,2917.9,2924.6,2900.8,2904.7,8706
2026-02-01T12:15:00+05:30,2906.0,2907.4,2884.0,2884.0,11834
2026-02-01T12:30:00+05:30,2884.0,2918.1,2883.0,2910.8,16202
2026-02-01T12:45:00+05:30,2910.0,2920.0,2906.0,2919.0,5385
2026-02-01T13:00:00+05:30,2919.0,2921.0,2914.0,2920.9,5657
2026-02-01T13:15:00+05:30,2918.2,2925.0,2915.1,2915.5,2951
2026-02-01T13:30:00+05:30,2918.6,2922.4,2912.0,2916.6,3079
2026-02-01T13:45:00+05:30,2917.6,2923.6,2911.8,2913.8,4173
2026-02-01T14:00:00+05:30,2918.9,2929.1,2913.3,2923.9,4100
2026-02-01T14:15:00+05:30,2924.1,2928.0,2918.6,2922.9,1978
2026-02-01T14:30:00+05:30,2923.0,2935.0,2920.0,2920.0,4107
2026-02-01T14:45:00+05:30,2922.0,2929.7,2920.0,2925.0,5887
2026-02-01T15:00:00+05:30,2927.0,2934.9,2927.0,2927.5,8267
2026-02-01T15:15:00+05:30,2927.5,2930.6,2919.0,2920.0,10467
2026-02-02T09:15:00+05:30,2900.0,2915.0,2863.0,2897.9,21495
2026-02-02T09:30:00+05:30,2895.7,2909.9,2892.4,2895.9,53315
2026-02-02T09:45:00+05:30,2895.0,2907.2,2894.0,2899.5,4386
2026-02-02T10:00:00+05:30,2899.5,2910.9,2897.9,2906.0,5557
2026-02-02T10:15:00+05:30,2906.0,2918.7,2901.8,2908.6,13296
2026-02-02T10:30:00+05:30,2908.6,2910.0,2903.0,2905.9,3848
2026-02-02T10:45:00+05:30,2905.5,2907.3,2903.2,2905.9,2043
2026-02-02T11:00:00+05:30,2905.6,2906.1,2899.9,2905.0,5097
2026-02-02T11:15:00+05:30,2906.0,2906.0,2899.6,2906.0,3002
2026-02-02T11:30:00+05:30,2905.1,2908.1,2901.6,2904.9,2273
2026-02-02T11:45:00+05:30,2904.8,2906.6,2898.6,2905.0,5637
2026-02-02T12:00:00+05:30,2905.0,2906.6,2900.1,2903.4,1974
2026-02-02T12:15:00+05:30,2904.7,2906.6,2901.0,2905.0,2785
2026-02-02T12:30:00+05:30,2905.0,2910.0,2902.7,2905.1,2732
2026-02-02T12:45:00+05:30,2906.8,2913.3,2904.2,2907.3,2650
2026-02-02T13:00:00+05:30,2908.5,2910.0,2904.3,2906.6,1811
2026-02-02T13:15:00+05:30,2906.6,2910.6,2905.0,2907.5,2089
2026-02-02T13:30:00+05:30,2906.1,2910.1,2905.7,2909.2,1471
2026-02-02T13:45:00+05:30,2907.8,2914.8,2903.6,2910.1,2626
2026-02-02T14:00:00+05:30,2910.0,2915.4,2908.1,2914.0,8406
2026-02-02T14:15:00+05:30,2914.0,2914.0,2910.0,2912.1,2600
2026-02-02T14:30:00+05:30,2912.2,2915.1,2910.3,2912.1,3469
2026-02-02T14:45:00+05:30,2912.3,2916.1,2911.0,2916.0,4712
2026-02-02T15:00:00+05:30,2915.2,2931.0,2914.9,2925.2,10605
2026-02-02T15:15:00+05:30,2925.4,2949.9,2924.8,2938.0,24926
2026-02-03T09:15:00+05:30,3030.0,3090.5,3030.0,3083.1,110632
2026-02-03T09:30:00+05:30,3083.1,3090.0,3054.7,3088.5,80351
2026-02-03T09:45:00+05:30,3088.9,3110.1,3083.3,3090.0,119478
2026-02-03T10:00:00+05:30,3089.9,3098.7,3085.3,3092.8,40346
2026-02-03T10:15:00+05:30,3093.0,3131.0,3090.6,3101.1,188403
2026-02-03T10:30:00+05:30,3101.1,3109.2,3093.0,3097.9,25596
2026-02-03T10:45:00+05:30,3097.8,3100.0,3088.0,3090.1,15196
2026-02-03T11:00:00+05:30,3090.1,3095.0,3079.5,3090.0,50151
2026-02-03T11:15:00+05:30,3089.7,3092.1,3070.3,3077.3,68387
2026-02-03T11:30:00+05:30,3077.3,3086.0,3072.8,3075.2,17528
2026-02-03T11:45:00+05:30,3075.9,3080.0,3073.0,3077.1,11306
2026-02-03T12:00:00+05:30,3078.0,3079.0,3073.0,3076.2,8273
2026-02-03T12:15:00+05:30,3077.1,3084.7,3074.9,3084.0,6033
2026-02-03T12:30:00+05:30,3083.5,3088.0,3077.4,3079.9,6280
2026-02-03T12:45:00+05:30,3079.0,3080.0,3075.0,3078.5,6088
2026-02-03T13:00:00+05:30,3079.9,3085.0,3076.2,3076.9,8779
2026-02-03T13:15:00+05:30,3078.1,3080.0,3075.0,3077.7,5239
2026-02-03T13:30:00+05:30,3078.4,3082.0,3075.0,3078.3,5034
2026-02-03T13:45:00+05:30,3077.0,3082.0,3058.0,3064.2,157696
2026-02-03T14:00:00+05:30,3061.8,3067.5,3060.0,3061.0,5453
2026-02-03T14:15:00+05:30,3063.0,3065.4,3057.0,3064.7,10195
2026-02-03T14:30:00+05:30,3064.7,3065.1,3058.6,3060.7,8644
2026-02-03T14:45:00+05:30,3062.0,3064.0,3057.4,3063.0,16554
2026-02-03T15:00:00+05:30,3063.0,3064.4,3057.3,3060.6,19629
2026-02-03T15:15:00+05:30,3060.5,3067.0,3055.0,3062.9,26232
2026-02-04T09:15:00+05:30,3119.8,3119.8,3057.8,3085.7,127678
2026-02-04T09:30:00+05:30,3085.7,3087.9,3058.0,3069.3,8759
2026-02-04T09:45:00+05:30,3068.8,3071.9,3042.3,3055.4,15381
2026-02-04T10:00:00+05:30,3057.8,3065.0,3045.0,3060.0,9048
2026-02-04T10:15:00+05:30,3061.4,3074.5,3056.5,3063.5,10281
2026-02-04T10:30:00+05:30,3061.7,3065.1,3054.0,3061.3,28810
2026-02-04T10:45:00+05:30,3062.1,3070.0,3056.1,3063.6,4200
2026-02-04T11:00:00+05:30,3064.0,3071.4,3060.8,3069.2,5128
2026-02-04T11:15:00+05:30,3066.3,3072.0,3062.1,3067.5,3926
2026-02-04T11:30:00+05:30,3070.6,3072.0,3055.0,3062.1,9127
2026-02-04T11:45:00+05:30,3062.4,3065.4,3040.0,3053.5,133814
2026-02-04T12:00:00+05:30,3053.8,3061.8,3052.5,3056.9,12726
2026-02-04T12:15:00+05:30,3058.9,3060.9,3055.0,3057.2,8677
2026-02-04T12:30:00+05:30,3057.5,3060.0,3052.5,3055.1,10122
2026-02-04T12:45:00+05:30,3055.1,3061.2,3053.0,3054.6,7917
2026-02-04T13:00:00+05:30,3056.1,3061.5,3051.2,3056.0,42726
2026-02-04T13:15:00+05:30,3056.0,3059.9,3045.0,3045.0,11924
2026-02-04T13:30:00+05:30,3045.0,3060.0,3045.0,3056.6,8941
2026-02-04T13:45:00+05:30,3057.4,3060.0,3052.0,3054.6,9539
2026-02-04T14:00:00+05:30,3055.7,3059.0,3048.0,3050.4,6852
2026-02-04T14:15:00+05:30,3052.7,3056.0,3050.0,3052.9,4578
2026-02-04T14:30:00+05:30,3054.3,3063.6,3048.8,3049.6,21362
2026-02-04T14:45:00+05:30,3049.8,3055.0,3048.9,3051.8,4067
2026-02-04T15:00:00+05:30,3051.8,3060.0,3048.9,3055.1,15958
2026-02-04T15:15:00+05:30,3056.5,3057.6,3047.0,3048.0,24696
2026-02-05T09:15:00+05:30,3061.0,3070.1,3020.9,3043.0,13852
2026-02-05T09:30:00+05:30,3042.9,3070.5,3042.0,3060.0,17348
2026-02-05T09:45:00+05:30,3062.3,3100.0,3060.1,3095.0,31490
2026-02-05T10:00:00+05:30,3096.0,3129.0,3088.5,3107.6,39190
2026-02-05T10:15:00+05:30,3106.8,3118.7,3105.0,3105.7,11663
2026-02-05T10:30:00+05:30,3105.7,3118.0,3081.5,3104.6,129957
2026-02-05T10:45:00+05:30,3104.0,3121.9,3100.0,3121.9,17864
2026-02-05T11:00:00+05:30,3122.0,3125.0,3093.0,3102.6,24929
2026-02-05T11:15:00+05:30,3104.3,3105.3,3095.2,3100.0,6369
2026-02-05T11:30:00+05:30,3100.8,3103.3,3096.9,3102.5,2340
2026-02-05T11:45:00+05:30,3100.5,3104.9,3099.5,3102.6,3722
2026-02-05T12:00:00+05:30,3102.6,3102.6,3095.3,3096.7,2396
2026-02-05T12:15:00+05:30,3099.1,3101.0,3094.5,3099.0,3693
2026-02-05T12:30:00+05:30,3099.0,3100.0,3094.0,3098.3,3822
2026-02-05T12:45:00+05:30,3098.1,3100.0,3095.0,3099.0,3232
2026-02-05T13:00:00+05:30,3096.7,3099.9,3096.0,3098.9,2379
2026-02-05T13:15:00+05:30,3098.8,3100.5,3095.8,3096.9,4413
2026-02-05T13:30:00+05:30,3097.0,3100.0,3095.1,3099.0,4962
2026-02-05T13:45:00+05:30,3099.0,3100.0,3095.2,3099.9,85322
2026-02-05T14:00:00+05:30,3099.0,3099.9,3094.0,3099.0,6046
2026-02-05T14:15:00+05:30,3099.0,3100.0,3096.9,3099.0,5205
2026-02-05T14:30:00+05:30,3098.9,3100.0,3097.0,3098.6,6155
2026-02-05T14:45:00+05:30,3099.0,3105.8,3097.1,3099.8,16894
2026-02-05T15:00:00+05:30,3100.0,3102.0,3088.1,3091.7,75208
2026-02-05T15:15:00+05:30,3091.7,3100.0,3088.9,3096.0,12559
2026-02-06T09:15:00+05:30,3114.0,3122.7,3089.3,3099.8,11493
2026-02-06T09:30:00+05:30,3097.8,3104.0,3066.6,3066.8,8776
2026-02-06T09:45:00+05:30,3066.8,3068.4,3044.6,3051.1,8105
2026-02-06T10:00:00+05:30,3053.5,3058.1,3040.1,3040.1,6616
2026-02-06T10:15:00+05:30,3041.0,3057.0,3040.1,3056.4,4654
2026-02-06T10:30:00+05:30,3056.4,3067.8,3051.0,3060.6,5655
2026-02-06T10:45:00+05:30,3058.7,3063.0,3045.8,3050.0,5455
2026-02-06T11:00:00+05:30,3049.9,3065.1,3047.0,3061.7,7497
2026-02-06T11:15:00+05:30,3061.9,3069.0,3056.0,3058.8,5827
2026-02-06T11:30:00+05:30,3059.0,3065.0,3055.4,3058.4,6934
2026-02-06T11:45:00+05:30,3061.0,3063.4,3051.7,3054.5,2478
2026-02-06T12:00:00+05:30,3054.8,3061.0,3054.8,3059.9,2213
2026-02-06T12:15:00+05:30,3059.9,3065.1,3045.2,3057.7,9987
2026-02-06T12:30:00+05:30,3057.0,3063.0,3055.0,3060.0,2980
2026-02-06T12:45:00+05:30,3061.4,3061.7,3055.2,3060.1,2142
2026-02-06T13:00:00+05:30,3061.5,3067.0,3058.2,3060.6,4259
2026-02-06T13:15:00+05:30,3062.5,3065.0,3058.0,3062.0,5159
2026-02-06T13:30:00+05:30,3063.5,3064.1,3046.3,3055.2,9939
2026-02-06T13:45:00+05:30,3055.6,3065.0,3055.0,3064.8,2157
2026-02-06T14:00:00+05:30,3063.8,3065.0,3055.0,3059.9,5816
2026-02-06T14:15:00+05:30,3061.0,3064.7,3059.0,3061.4,1955
2026-02-06T14:30:00+05:30,3059.7,3064.0,3059.0,3059.1,2373
2026-02-06T14:45:00+05:30,3061.1,3067.3,3059.0,3062.8,3478
2026-02-06T15:00:00+05:30,3062.8,3072.4,3055.0,3062.0,15907
2026-02-06T15:15:00+05:30,3062.4,3065.0,3042.0,3053.0,65040
2026-02-09T09:15:00+05:30,3060.6,3075.1,2993.1,2996.0,32711
2026-02-09T09:30:00+05:30,2995.1,3000.0,2966.3,2974.0,22714
2026-02-09T09:45:00+05:30,2975.0,2995.8,2974.0,2989.1,25674
2026-02-09T10:00:00+05:30,2989.1,3003.2,2983.0,2996.8,39117
2026-02-09T10:15:00+05:30,2996.9,2998.8,2986.1,2995.0,10627
2026-02-09T10:30:00+05:30,2995.0,2999.8,2991.0,2992.7,11930
2026-02-09T10:45:00+05:30,2994.0,3005.9,2991.4,2995.1,14344
2026-02-09T11:00:00+05:30,2995.1,2999.5,2995.0,2999.0,4092
2026-02-09T11:15:00+05:30,2997.0,3011.0,2997.0,3005.0,26036
2026-02-09T11:30:00+05:30,3005.0,3017.0,3002.1,3012.0,22393
2026-02-09T11:45:00+05:30,3012.0,3015.0,3005.0,3014.0,8311
2026-02-09T12:00:00+05:30,3014.0,3020.9,3010.0,3013.9,9250
2026-02-09T12:15:00+05:30,3013.9,3021.9,3012.8,3018.4,6715
2026-02-09T12:30:00+05:30,3018.4,3020.0,3010.2,3010.7,7327
2026-02-09T12:45:00+05:30,3010.7,3020.0,3010.5,3013.8,4531
2026-02-09T13:00:00+05:30,3016.0,3019.8,3012.0,3012.6,6162
2026-02-09T13:15:00+05:30,3012.6,3020.0,3012.6,3016.3,8389
2026-02-09T13:30:00+05:30,3017.7,3019.5,3013.6,3017.6,3905
2026-02-09T13:45:00+05:30,3017.3,3019.9,3014.2,3016.3,4409
2026-02-09T14:00:00+05:30,3016.3,3029.0,3013.0,3022.4,30498
2026-02-09T14:15:00+05:30,3022.4,3026.2,3020.0,3020.0,10150
2026-02-09T14:30:00+05:30,3020.0,3024.7,3020.0,3022.6,8149
2026-02-09T14:45:00+05:30,3021.3,3032.0,3019.0,3030.0,39709
2026-02-09T15:00:00+05:30,3029.3,3039.5,3010.0,3011.1,29890
2026-02-09T15:15:00+05:30,3011.2,3026.5,3010.0,3015.0,26116
2026-02-10T09:15:00+05:30,3050.0,3050.0,3006.2,3025.0,12086
2026-02-10T09:30:00+05:30,3025.0,3037.9,3020.0,3033.7,9444
2026-02-10T09:45:00+05:30,3034.9,3040.0,3025.1,3026.1,9338
2026-02-10T10:00:00+05:30,3025.7,3032.0,3021.1,3028.1,6755
2026-02-10T10:15:00+05:30,3028.1,3062.0,3028.1,3059.2,9324
2026-02-10T10:30:00+05:30,3059.0,3089.9,3053.7,3089.9,12174
2026-02-10T10:45:00+05:30,3089.9,3090.0,3070.1,3079.6,10780
2026-02-10T11:00:00+05:30,3077.0,3078.8,3060.1,3066.6,6658
2026-02-10T11:15:00+05:30,3066.5,3070.7,3062.0,3064.0,3765
2026-02-10T11:30:00+05:30,3064.7,3070.9,3056.4,3057.0,4909
2026-02-10T11:45:00+05:30,3059.5,3060.0,3040.0,3044.0,5737
2026-02-10T12:00:00+05:30,3044.0,3054.0,3040.7,3051.2,5583
2026-02-10T12:15:00+05:30,3052.0,3060.0,3049.5,3054.0,5604
2026-02-10T12:30:00+05:30,3054.0,3055.0,3048.8,3051.8,2964
2026-02-10T12:45:00+05:30,3052.4,3054.0,3041.4,3042.2,7915
2026-02-10T13:00:00+05:30,3042.7,3045.3,3039.3,3040.5,4004
2026-02-10T13:15:00+05:30,3040.5,3045.0,3032.7,3033.7,5382
2026-02-10T13:30:00+05:30,3033.7,3045.3,3027.1,3041.9,13676
2026-02-10T13:45:00+05:30,3041.9,3044.0,3037.3,3040.5,4061
2026-02-10T14:00:00+05:30,3039.3,3059.9,3029.9,3059.5,10553
2026-02-10T14:15:00+05:30,3059.9,3069.3,3053.9,3060.7,8944
2026-02-10T14:30:00+05:30,3062.2,3064.9,3055.5,3058.4,7633
2026-02-10T14:45:00+05:30,3057.5,3069.0,3057.1,3062.1,13163
2026-02-10T15:00:00+05:30,3062.0,3063.0,3053.0,3057.3,11517
2026-02-10T15:15:00+05:30,3057.3,3063.6,3032.6,3060.0,22825
2026-02-11T09:15:00+05:30,3065.0,3072.0,3035.8,3060.8,15897
2026-02-11T09:30:00+05:30,3062.6,3063.7,3045.0,3050.9,6177
2026-02-11T09:45:00+05:30,3051.0,3055.5,3042.9,3048.0,4063
2026-02-11T10:00:00+05:30,3048.0,3050.0,3036.0,3040.8,6052
2026-02-11T10:15:00+05:30,3041.0,3051.9,3038.1,3047.2,4122
2026-02-11T10:30:00+05:30,3047.2,3051.9,3043.8,3048.4,4297
2026-02-11T10:45:00+05:30,3048.4,3064.9,3048.4,3057.7,7407
2026-02-11T11:00:00+05:30,3059.0,3064.9,3055.0,3057.0,4484
2026-02-11T11:15:00+05:30,3057.2,3060.1,3051.8,3060.1,2720
2026-02-11T11:30:00+05:30,3061.7,3068.1,3056.6,3061.9,6103
2026-02-11T11:45:00+05:30,3060.4,3086.9,3056.2,3059.0,81381
2026-02-11T12:00:00+05:30,3058.5,3064.1,3042.2,3043.8,11443
2026-02-11T12:15:00+05:30,3043.6,3052.5,3040.0,3046.3,6348
2026-02-11T12:30:00+05:30,3047.2,3052.5,3045.0,3047.2,3937
2026-02-11T12:45:00+05:30,3047.2,3053.8,3045.0,3045.0,5518
2026-02-11T13:00:00+05:30,3045.0,3047.8,3032.7,3044.0,161598
2026-02-11T13:15:00+05:30,3043.8,3047.6,3042.0,3043.4,1964
2026-02-11T13:30:00+05:30,3045.0,3046.7,3040.2,3044.0,12126
2026-02-11T13:45:00+05:30,3044.0,3044.0,3032.7,3037.4,5314
2026-02-11T14:00:00+05:30,3037.8,3041.0,3032.0,3036.6,5602
2026-02-11T14:15:00+05:30,3037.8,3051.0,3033.9,3046.7,20443
2026-02-11T14:30:00+05:30,3046.6,3049.5,3043.0,3046.5,6076
2026-02-11T14:45:00+05:30,3044.5,3048.2,3042.4,3045.0,10425
2026-02-11T15:00:00+05:30,3045.0,3046.0,3043.8,3045.0,12899
2026-02-11T15:15:00+05:30,3045.0,3050.0,3041.5,3050.0,27090
2026-02-12T09:15:00+05:30,3054.9,3086.3,3033.0,3071.2,61019
2026-02-12T09:30:00+05:30,3071.6,3094.0,3067.9,3093.9,44114
2026-02-12T09:45:00+05:30,3093.9,3110.0,3091.5,3097.9,123609
2026-02-12T10:00:00+05:30,3096.5,3103.9,3083.1,3089.0,78790
2026-02-12T10:15:00+05:30,3089.0,3094.4,3077.6,3089.7,13934
2026-02-12T10:30:00+05:30,3087.8,3091.3,3054.0,3055.2,12363
2026-02-12T10:45:00+05:30,3054.6,3058.0,3045.1,3052.1,11296
2026-02-12T11:00:00+05:30,3052.0,3054.2,3042.0,3047.3,5903
2026-02-12T11:15:00+05:30,3048.9,3069.5,3045.3,3067.0,14211
2026-02-12T11:30:00+05:30,3067.0,3076.5,3062.2,3067.4,8845
2026-02-12T11:45:00+05:30,3066.2,3076.3,3064.0,3065.0,3400
2026-02-12T12:00:00+05:30,3064.1,3083.2,3061.1,3080.0,9675
2026-02-12T12:15:00+05:30,3080.0,3087.3,3075.0,3081.0,7104
2026-02-12T12:30:00+05:30,3080.0,3102.6,3080.0,3095.0,30080
2026-02-12T12:45:00+05:30,3095.0,3104.9,3088.0,3094.2,9427
2026-02-12T13:00:00+05:30,3093.3,3101.0,3091.0,3092.6,8340
2026-02-12T13:15:00+05:30,3092.1,3100.9,3091.5,3098.8,11268
2026-02-12T13:30:00+05:30,3098.9,3135.0,3097.9,3131.0,51159
2026-02-12T13:45:00+05:30,3130.0,3150.6,3125.0,3133.1,62630
2026-02-12T14:00:00+05:30,3133.1,3135.2,3090.0,3095.0,29297
2026-02-12T14:15:00+05:30,3093.9,3100.0,3090.0,3097.5,10072
2026-02-12T14:30:00+05:30,3097.6,3105.0,3095.0,3104.6,8127
2026-02-12T14:45:00+05:30,3104.6,3110.0,3099.9,3105.8,11579
2026-02-12T15:00:00+05:30,3105.8,3123.9,3105.8,3108.2,18316
2026-02-12T15:15:00+05:30,3108.9,3115.0,3099.1,3109.0,26392
2026-02-13T09:15:00+05:30,3060.2,3079.9,2987.4,2990.5,48016
2026-02-13T09:30:00+05:30,2991.0,3013.0,2987.1,3005.9,24847
2026-02-13T09:45:00+05:30,3005.9,3010.0,2995.0,2998.0,17364
2026-02-13T10:00:00+05:30,2995.7,2999.9,2974.8,2989.2,28223
2026-02-13T10:15:00+05:30,2986.9,2992.8,2977.2,2984.3,17620
2026-02-13T10:30:00+05:30,2983.9,3007.0,2980.0,3003.8,18475
2026-02-13T10:45:00+05:30,3004.1,3007.9,3000.0,3005.0,13845
2026-02-13T11:00:00+05:30,3005.0,3005.3,3000.0,3003.1,10474
2026-02-13T11:15:00+05:30,3001.9,3007.0,3000.0,3004.0,14384
2026-02-13T11:30:00+05:30,3004.0,3006.0,2998.7,3000.0,11562
2026-02-13T11:45:00+05:30,3000.0,3009.9,2998.5,3005.1,105175
2026-02-13T12:00:00+05:30,3005.1,3007.0,3000.1,3003.5,10522
2026-02-13T12:15:00+05:30,3001.9,3014.0,3001.6,3007.3,19104
2026-02-13T12:30:00+05:30,3005.9,3013.4,3005.0,3007.8,12014
2026-02-13T12:45:00+05:30,3007.8,3024.7,3005.2,3022.2,14209
2026-02-13T13:00:00+05:30,3023.0,3030.0,3007.0,3020.7,24268
2026-02-13T13:15:00+05:30,3019.5,3025.0,3015.0,3023.2,10573
2026-02-13T13:30:00+05:30,3023.2,3032.0,3008.0,3009.0,18118
2026-02-13T13:45:00+05:30,3009.0,3012.0,3003.0,3008.8,11948
2026-02-13T14:00:00+05:30,3009.0,3014.0,3007.0,3010.1,10110
2026-02-13T14:15:00+05:30,3011.7,3012.8,3006.6,3009.6,9895
2026-02-13T14:30:00+05:30,3009.0,3011.0,3007.4,3007.4,8322
2026-02-13T14:45:00+05:30,3007.4,3013.0,3007.4,3011.7,13723
2026-02-13T15:00:00+05:30,3009.9,3015.9,3004.9,3013.5,36955
2026-02-13T15:15:00+05:30,3013.4,3015.0,3001.0,3010.0,57420
2026-02-16T09:15:00+05:30,3009.0,3010.0,2936.4,2962.8,29298
2026-02-16T09:30:00+05:30,2961.2,2988.9,2957.0,2984.9,14437
2026-02-16T09:45:00+05:30,2984.9,2997.1,2980.1,2994.9,12758
2026-02-16T10:00:00+05:30,2996.9,3008.8,2985.4,2993.3,12125
2026-02-16T10:15:00+05:30,2993.5,3025.0,2993.5,3015.1,21304
2026-02-16T10:30:00+05:30,3016.6,3020.0,3012.1,3017.1,4782
2026-02-16T10:45:00+05:30,3017.2,3027.0,3016.8,3021.9,5024
2026-02-16T11:00:00+05:30,3022.0,3028.7,3016.8,3026.0,6860
2026-02-16T11:15:00+05:30,3025.0,3027.0,3023.5,3026.9,2433
2026-02-16T11:30:00+05:30,3026.9,3028.7,3025.0,3028.5,2544
2026-02-16T11:45:00+05:30,3027.0,3039.0,3026.0,3038.2,5646
2026-02-16T12:00:00+05:30,3036.2,3038.0,3028.0,3031.9,4259
2026-02-16T12:15:00+05:30,3031.9,3035.0,3027.1,3027.4,4592
2026-02-16T12:30:00+05:30,3029.4,3032.3,3027.1,3030.5,1130
2026-02-16T12:45:00+05:30,3032.1,3032.3,3025.0,3025.5,2032
2026-02-16T13:00:00+05:30,3026.1,3032.0,3015.1,3016.8,4574
2026-02-16T13:15:00+05:30,3018.7,3025.0,3016.6,3018.3,3574
2026-02-16T13:30:00+05:30,3019.7,3022.9,3017.3,3019.2,2418
2026-02-16T13:45:00+05:30,3020.5,3024.6,3017.3,3018.4,4117
2026-02-16T14:00:00+05:30,3018.4,3023.8,3018.2,3021.7,2396
2026-02-16T14:15:00+05:30,3020.1,3028.5,3018.1,3028.5,3401
2026-02-16T14:30:00+05:30,3027.1,3032.7,3025.0,3029.0,5139
2026-02-16T14:45:00+05:30,3030.3,3038.0,3021.7,3036.2,6019
2026-02-16T15:00:00+05:30,3036.2,3046.0,3034.9,3045.0,28908
2026-02-16T15:15:00+05:30,3045.0,3064.0,3045.0,3050.0,40192
2026-02-17T09:15:00+05:30,3059.9,3059.9,3012.5,3017.0,12905
2026-02-17T09:30:00+05:30,3016.5,3022.6,3010.1,3021.0,9838
2026-02-17T09:45:00+05:30,3021.0,3022.6,3018.0,3020.1,3041
2026-02-17T10:00:00+05:30,3020.2,3022.4,3010.0,3017.5,4703
2026-02-17T10:15:00+05:30,3017.5,3030.0,3012.2,3016.0,11937
2026-02-17T10:30:00+05:30,3017.8,3018.9,3011.0,3014.0,3097
2026-02-17T10:45:00+05:30,3013.1,3021.1,3006.2,3012.0,6152
2026-02-17T11:00:00+05:30,3012.0,3021.4,3010.2,3010.5,2923
2026-02-17T11:15:00+05:30,3010.6,3028.4,3005.0,3026.9,10882
2026-02-17T11:30:00+05:30,3025.6,3028.8,3016.6,3016.9,2761
2026-02-17T11:45:00+05:30,3016.9,3022.1,3007.0,3009.5,4177
2026-02-17T12:00:00+05:30,3009.5,3011.1,3006.0,3007.0,2514
2026-02-17T12:15:00+05:30,3007.0,3015.0,2995.5,2995.5,9198
2026-02-17T12:30:00+05:30,2995.5,3014.6,2991.9,3012.1,9413
2026-02-17T12:45:00+05:30,3013.2,3019.0,3008.3,3012.9,5618
2026-02-17T13:00:00+05:30,3012.9,3014.8,3006.0,3007.9,4784
2026-02-17T13:15:00+05:30,3008.0,3011.2,3002.1,3002.8,7234
2026-02-17T13:30:00+05:30,3002.8,3007.5,2997.1,2999.7,7115
2026-02-17T13:45:00+05:30,3000.0,3009.9,2995.0,2998.0,6712
2026-02-17T14:00:00+05:30,2998.0,3005.0,2996.2,2998.0,4529
2026-02-17T14:15:00+05:30,2997.6,3005.0,2995.0,3002.7,8316
2026-02-17T14:30:00+05:30,3001.2,3015.0,3001.2,3010.1,10749
2026-02-17T14:45:00+05:30,3010.1,3012.3,3007.6,3010.1,5692
2026-02-17T15:00:00+05:30,3010.6,3019.4,3008.0,3010.2,12792
2026-02-17T15:15:00+05:30,3010.2,3010.4,3000.0,3007.5,18978
2026-02-18T09:15:00+05:30,3014.9,3033.5,2992.0,3027.1,16372
2026-02-18T09:30:00+05:30,3029.8,3037.6,3027.0,3031.9,5499
2026-02-18T09:45:00+05:30,3031.9,3036.8,3021.0,3027.5,6777
2026-02-18T10:00:00+05:30,3029.2,3036.0,3025.9,3033.3,3146
2026-02-18T10:15:00+05:30,3033.3,3043.8,3033.3,3042.1,6599
2026-02-18T10:30:00+05:30,3043.6,3045.7,3037.8,3041.1,3375
2026-02-18T10:45:00+05:30,3040.9,3054.9,3040.0,3050.0,19489
2026-02-18T11:00:00+05:30,3050.0,3051.4,3045.2,3050.0,4983
2026-02-18T11:15:00+05:30,3049.3,3051.4,3042.4,3048.2,8770
2026-02-18T11:30:00+05:30,3048.3,3051.0,3046.6,3050.0,4272
2026-02-18T11:45:00+05:30,3050.0,3052.0,3043.0,3048.9,6607
2026-02-18T12:00:00+05:30,3048.4,3051.0,3044.0,3050.0,4898
2026-02-18T12:15:00+05:30,3050.0,3054.0,3046.0,3051.4,2890
2026-02-18T12:30:00+05:30,3051.6,3055.0,3050.3,3051.3,2637
2026-02-18T12:45:00+05:30,3051.3,3066.9,3050.3,3064.5,9129
2026-02-18T13:00:00+05:30,3064.9,3065.0,3060.0,3062.4,6211
2026-02-18T13:15:00+05:30,3062.0,3063.8,3060.1,3061.6,2667
2026-02-18T13:30:00+05:30,3061.6,3072.8,3061.3,3072.4,10971
2026-02-18T13:45:00+05:30,3072.4,3077.0,3070.7,3075.8,5755
2026-02-18T14:00:00+05:30,3074.8,3078.0,3056.2,3059.3,17739
2026-02-18T14:15:00+05:30,3059.1,3072.0,3058.5,3069.5,6106
2026-02-18T14:30:00+05:30,3070.0,3073.9,3050.7,3060.0,13289
2026-02-18T14:45:00+05:30,3060.0,3063.2,3057.0,3060.1,3791
2026-02-18T15:00:00+05:30,3060.1,3079.1,3055.1,3075.0,12997
2026-02-18T15:15:00+05:30,3076.9,3085.0,3066.9,3066.9,27751
2026-02-19T09:15:00+05:30,3059.0,3084.6,3059.0,3070.0,11189
2026-02-19T09:30:00+05:30,3072.0,3072.7,3043.0,3049.8,6880
2026-02-19T09:45:00+05:30,3050.3,3063.9,3042.7,3046.3,4817
2026-02-19T10:00:00+05:30,3046.3,3057.8,3046.0,3046.1,2066
2026-02-19T10:15:00+05:30,3046.0,3056.2,3036.0,3043.2,6931
2026-02-19T10:30:00+05:30,3044.9,3049.0,3039.2,3040.0,2172
2026-02-19T10:45:00+05:30,3042.0,3044.9,3039.5,3040.8,1805
2026-02-19T11:00:00+05:30,3041.9,3043.9,3038.0,3038.0,1598
2026-02-19T11:15:00+05:30,3038.0,3039.5,3030.0,3036.0,3111
2026-02-19T11:30:00+05:30,3036.0,3037.1,3021.1,3027.1,6659
2026-02-19T11:45:00+05:30,3027.1,3027.1,3017.0,3022.0,4254
2026-02-19T12:00:00+05:30,3023.6,3023.6,3011.0,3012.0,5212
2026-02-19T12:15:00+05:30,3012.0,3022.0,3006.0,3020.6,4042
2026-02-19T12:30:00+05:30,3020.7,3021.8,3010.5,3012.5,3832
2026-02-19T12:45:00+05:30,3010.6,3030.2,3010.0,3027.7,7117
2026-02-19T13:00:00+05:30,3027.8,3035.0,3024.2,3031.6,3484
2026-02-19T13:15:00+05:30,3031.6,3036.0,3031.6,3033.0,2363
2026-02-19T13:30:00+05:30,3033.0,3041.9,3030.0,3035.7,4533
2026-02-19T13:45:00+05:30,3036.1,3038.5,3030.0,3031.1,1811
2026-02-19T14:00:00+05:30,3032.9,3034.0,3029.1,3034.0,1742
2026-02-19T14:15:00+05:30,3032.8,3037.5,3025.1,3032.8,2691
2026-02-19T14:30:00+05:30,3030.1,3041.9,3030.1,3038.5,7880
2026-02-19T14:45:00+05:30,3038.8,3042.0,3034.1,3040.1,12193
2026-02-19T15:00:00+05:30,3040.1,3041.7,3025.9,3027.0,17703
2026-02-19T15:15:00+05:30,3027.0,3040.0,3006.1,3014.0,46048
2026-02-20T09:15:00+05:30,3011.1,3044.5,3000.0,3027.0,9906
2026-02-20T09:30:00+05:30,3027.0,3042.0,3022.8,3038.0,3928
2026-02-20T09:45:00+05:30,3038.0,3049.9,3035.0,3046.2,7746
2026-02-20T10:00:00+05:30,3047.9,3047.9,3032.8,3039.0,5438
2026-02-20T10:15:00+05:30,3038.5,3046.5,3036.6,3042.0,2514
2026-02-20T10:30:00+05:30,3042.9,3058.9,3041.4,3052.0,5326
2026-02-20T10:45:00+05:30,3054.2,3058.9,3050.0,3050.7,3008
2026-02-20T11:00:00+05:30,3050.7,3059.9,3046.2,3053.9,4325
2026-02-20T11:15:00+05:30,3051.8,3054.0,3048.0,3052.5,2447
2026-02-20T11:30:00+05:30,3050.8,3053.9,3039.0,3042.8,11333
2026-02-20T11:45:00+05:30,3042.9,3050.0,3024.2,3030.7,6231
2026-02-20T12:00:00+05:30,3032.5,3032.9,3021.0,3022.6,7791
2026-02-20T12:15:00+05:30,3022.6,3031.0,3022.6,3026.1,6026
2026-02-20T12:30:00+05:30,3026.4,3035.4,3017.0,3019.9,9930
2026-02-20T12:45:00+05:30,3022.5,3027.9,3015.0,3021.4,9355
2026-02-20T13:00:00+05:30,3020.3,3025.0,3015.0,3018.2,7317
2026-02-20T13:15:00+05:30,3018.7,3025.0,3017.0,3020.2,5895
2026-02-20T13:30:00+05:30,3022.2,3025.1,3018.1,3023.9,5961
2026-02-20T13:45:00+05:30,3022.1,3029.0,3018.0,3027.5,5878
2026-02-20T14:00:00+05:30,3029.0,3029.0,3024.2,3024.7,9185
2026-02-20T14:15:00+05:30,3025.0,3037.9,3022.0,3022.0,11999
2026-02-20T14:30:00+05:30,3023.4,3028.8,3017.0,3024.3,9461
2026-02-20T14:45:00+05:30,3025.0,3050.0,3021.2,3040.6,31177
2026-02-20T15:00:00+05:30,3041.6,3048.3,3019.8,3023.9,9637
2026-02-20T15:15:00+05:30,3024.9,3025.0,3015.0,3021.7,12142
2026-02-23T09:15:00+05:30,3030.0,3049.0,2992.3,3030.0,13324
2026-02-23T09:30:00+05:30,3029.3,3033.1,3021.6,3024.3,6512
2026-02-23T09:45:00+05:30,3024.3,3033.1,3011.0,3031.6,10821
2026-02-23T10:00:00+05:30,3030.5,3032.1,3024.6,3030.3,4533
2026-02-23T10:15:00+05:30,3029.1,3054.0,3029.1,3043.5,6518
2026-02-23T10:30:00+05:30,3044.0,3053.7,3041.9,3050.2,6111
2026-02-23T10:45:00+05:30,3049.6,3059.5,3047.1,3056.0,4812
2026-02-23T11:00:00+05:30,3057.7,3062.2,3051.4,3059.5,4822
2026-02-23T11:15:00+05:30,3059.5,3060.9,3056.4,3060.9,1915
2026-02-23T11:30:00+05:30,3059.1,3072.9,3057.9,3072.0,5083
2026-02-23T11:45:00+05:30,3072.0,3074.0,3067.9,3069.9,7243
2026-02-23T12:00:00+05:30,3068.1,3105.0,3067.9,3102.9,25357
2026-02-23T12:15:00+05:30,3101.0,3118.0,3095.8,3114.9,15819
2026-02-23T12:30:00+05:30,3112.6,3130.0,3111.9,3128.1,20342
2026-02-23T12:45:00+05:30,3129.9,3138.0,3115.4,3122.7,19955
2026-02-23T13:00:00+05:30,3121.1,3132.9,3103.0,3103.5,17167
2026-02-23T13:15:00+05:30,3105.5,3116.6,3100.0,3112.3,11455
2026-02-23T13:30:00+05:30,3112.3,3119.0,3108.1,3115.5,9354
2026-02-23T13:45:00+05:30,3116.4,3119.0,3110.0,3114.5,6018
2026-02-23T14:00:00+05:30,3114.7,3116.0,3109.0,3114.7,4561
2026-02-23T14:15:00+05:30,3112.3,3115.0,3096.0,3110.0,8166
2026-02-23T14:30:00+05:30,3110.3,3118.9,3108.0,3115.0,5358
2026-02-23T14:45:00+05:30,3115.0,3126.8,3115.0,3124.7,10784
2026-02-23T15:00:00+05:30,3123.5,3149.9,3121.6,3123.0,37892
2026-02-23T15:15:00+05:30,3123.0,3140.0,3115.0,3120.0,20852
2026-02-24T09:15:00+05:30,3144.0,3170.0,3111.1,3165.1,41328
2026-02-24T09:30:00+05:30,3165.1,3172.0,3116.0,3122.9,32314
2026-02-24T09:45:00+05:30,3123.3,3149.0,3122.0,3148.8,8698
2026-02-24T10:00:00+05:30,3148.8,3165.0,3146.4,3152.6,15213
2026-02-24T10:15:00+05:30,3152.6,3158.0,3142.5,3147.0,10534
2026-02-24T10:30:00+05:30,3147.0,3159.2,3133.2,3136.0,267959
2026-02-24T10:45:00+05:30,3136.2,3145.5,3131.0,3140.1,5734
2026-02-24T11:00:00+05:30,3140.0,3147.5,3139.1,3140.0,3191
2026-02-24T11:15:00+05:30,3140.0,3141.3,3134.0,3140.0,4585
2026-02-24T11:30:00+05:30,3140.0,3144.7,3136.9,3140.0,2408
2026-02-24T11:45:00+05:30,3140.0,3141.0,3134.1,3140.0,3151
2026-02-24T12:00:00+05:30,3140.0,3142.0,3136.1,3141.2,3069
2026-02-24T12:15:00+05:30,3141.2,3152.0,3138.1,3150.6,6261
2026-02-24T12:30:00+05:30,3149.9,3153.7,3145.0,3147.0,5455
2026-02-24T12:45:00+05:30,3147.0,3149.8,3145.0,3146.3,3031
2026-02-24T13:00:00+05:30,3145.0,3147.9,3141.0,3142.6,3340
2026-02-24T13:15:00+05:30,3142.6,3147.7,3140.5,3145.0,2621
2026-02-24T13:30:00+05:30,3145.0,3154.0,3140.8,3150.2,32666
2026-02-24T13:45:00+05:30,3150.2,3153.0,3146.2,3150.2,30804
2026-02-24T14:00:00+05:30,3150.2,3152.0,3147.8,3151.0,2771
2026-02-24T14:15:00+05:30,3150.6,3153.0,3148.1,3150.0,3246
2026-02-24T14:30:00+05:30,3150.0,3151.4,3147.8,3150.4,2495
2026-02-24T14:45:00+05:30,3150.0,3152.0,3147.2,3150.0,3702
2026-02-24T15:00:00+05:30,3151.0,3151.0,3147.4,3150.2,9336
2026-02-24T15:15:00+05:30,3150.0,3152.3,3146.4,3151.0,15377
2026-02-25T09:15:00+05:30,3193.0,3193.0,3145.0,3166.9,11687
2026-02-25T09:30:00+05:30,3167.0,3191.5,3160.6,3181.2,13318
2026-02-25T09:45:00+05:30,3184.0,3188.7,3176.1,3181.5,6142
2026-02-25T10:00:00+05:30,3181.5,3190.5,3172.6,3180.0,16149
2026-02-25T10:15:00+05:30,3180.0,3190.3,3173.0,3173.1,12153
2026-02-25T10:30:00+05:30,3175.2,3181.9,3165.0,3165.9,4171
2026-02-25T10:45:00+05:30,3166.0,3169.8,3162.0,3166.9,3742
2026-02-25T11:00:00+05:30,3166.9,3173.7,3135.0,3136.0,52317
2026-02-25T11:15:00+05:30,3138.2,3142.9,3132.5,3134.8,4009
2026-02-25T11:30:00+05:30,3133.6,3164.0,3133.6,3150.6,21242
2026-02-25T11:45:00+05:30,3150.2,3159.9,3150.2,3157.8,3020
2026-02-25T12:00:00+05:30,3157.7,3159.9,3156.0,3157.4,2166
2026-02-25T12:15:00+05:30,3159.2,3164.9,3156.8,3160.6,2230
2026-02-25T12:30:00+05:30,3160.6,3162.7,3150.9,3157.4,6636
2026-02-25T12:45:00+05:30,3158.0,3168.0,3146.0,3150.6,7436
2026-02-25T13:00:00+05:30,3150.4,3157.4,3150.0,3152.4,3999
2026-02-25T13:15:00+05:30,3152.9,3155.1,3150.4,3153.4,2548
2026-02-25T13:30:00+05:30,3153.0,3154.8,3150.3,3151.6,2956
2026-02-25T13:45:00+05:30,3151.6,3153.9,3150.6,3151.3,2244
2026-02-25T14:00:00+05:30,3151.2,3162.0,3151.0,3151.0,3650
2026-02-25T14:15:00+05:30,3151.0,3156.8,3147.0,3151.1,42961
2026-02-25T14:30:00+05:30,3151.1,3155.9,3148.9,3150.0,4461
2026-02-25T14:45:00+05:30,3150.0,3153.1,3105.1,3121.2,42488
2026-02-25T15:00:00+05:30,3121.2,3134.1,3102.8,3102.8,20082
2026-02-25T15:15:00+05:30,3102.6,3114.0,3089.0,3092.0,36097
2026-02-26T09:15:00+05:30,3101.0,3133.9,3092.0,3102.3,15635
2026-02-26T09:30:00+05:30,3102.3,3115.5,3100.0,3109.3,4220
2026-02-26T09:45:00+05:30,3106.6,3109.7,3100.0,3102.2,3881
2026-02-26T10:00:00+05:30,3102.3,3105.0,3095.0,3098.3,6699
2026-02-26T10:15:00+05:30,3100.5,3100.5,3074.7,3086.4,13987
2026-02-26T10:30:00+05:30,3086.8,3088.8,3073.5,3083.1,6024
2026-02-26T10:45:00+05:30,3085.1,3096.0,3082.3,3082.3,4440
2026-02-26T11:00:00+05:30,3083.7,3087.2,3081.1,3087.1,1660
2026-02-26T11:15:00+05:30,3087.1,3092.8,3082.0,3084.9,3518
2026-02-26T11:30:00+05:30,3086.3,3086.3,3072.0,3075.0,3646
2026-02-26T11:45:00+05:30,3075.0,3091.0,3072.0,3075.3,7996
2026-02-26T12:00:00+05:30,3077.1,3087.6,3074.0,3082.8,3756
2026-02-26T12:15:00+05:30,3082.8,3083.3,3073.0,3074.0,4728
2026-02-26T12:30:00+05:30,3075.0,3078.1,3071.4,3073.7,8692
2026-02-26T12:45:00+05:30,3073.7,3075.0,3056.2,3062.0,12407
2026-02-26T13:00:00+05:30,3062.0,3068.9,3060.0,3068.9,3211
2026-02-26T13:15:00+05:30,3068.8,3070.9,3050.4,3053.0,5066
2026-02-26T13:30:00+05:30,3052.1,3071.0,3052.1,3067.9,6093
2026-02-26T13:45:00+05:30,3070.0,3070.1,3065.0,3068.0,4068
2026-02-26T14:00:00+05:30,3068.0,3074.0,3066.2,3071.0,3765
2026-02-26T14:15:00+05:30,3071.5,3075.1,3063.0,3066.6,6692
2026-02-26T14:30:00+05:30,3066.6,3109.9,3065.0,3108.5,34700
2026-02-26T14:45:00+05:30,3108.5,3109.6,3104.4,3108.5,27698
2026-02-26T15:00:00+05:30,3109.6,3114.0,3101.0,3110.5,35088
2026-02-26T15:15:00+05:30,3110.6,3123.9,3109.0,3120.0,38939
2026-02-27T09:15:00+05:30,3116.9,3127.9,3072.0,3075.0,13741
2026-02-27T09:30:00+05:30,3076.8,3105.0,3075.0,3092.1,14107
2026-02-27T09:45:00+05:30,3095.1,3103.0,3085.5,3096.9,7415
2026-02-27T10:00:00+05:30,3097.0,3104.4,3090.0,3101.7,7568
2026-02-27T10:15:00+05:30,3103.5,3120.0,3100.6,3117.2,9689
2026-02-27T10:30:00+05:30,3117.2,3122.9,3105.6,3112.2,11988
2026-02-27T10:45:00+05:30,3114.1,3115.0,3091.1,3093.3,4510
2026-02-27T11:00:00+05:30,3093.3,3120.6,3092.0,3115.3,10485
2026-02-27T11:15:00+05:30,3115.3,3115.3,3092.4,3095.5,5079
2026-02-27T11:30:00+05:30,3095.5,3106.5,3069.1,3098.6,35231
2026-02-27T11:45:00+05:30,3098.7,3108.0,3096.9,3099.0,8781
2026-02-27T12:00:00+05:30,3099.1,3104.3,3098.0,3099.7,5394
2026-02-27T12:15:00+05:30,3099.7,3105.0,3097.0,3099.8,4367
2026-02-27T12:30:00+05:30,3099.8,3110.0,3098.9,3099.2,4251
2026-02-27T12:45:00+05:30,3099.1,3120.0,3099.1,3110.1,7497
2026-02-27T13:00:00+05:30,3110.1,3117.6,3109.8,3110.1,4857
2026-02-27T13:15:00+05:30,3110.1,3113.7,3109.6,3109.9,3464
2026-02-27T13:30:00+05:30,3110.8,3110.8,3100.0,3105.0,4805
2026-02-27T13:45:00+05:30,3105.1,3114.5,3101.1,3111.0,4353
2026-02-27T14:00:00+05:30,3111.1,3119.0,3108.2,3116.4,3798
2026-02-27T14:15:00+05:30,3118.5,3120.9,3111.5,3111.5,5208
2026-02-27T14:30:00+05:30,3113.0,3116.8,3110.0,3112.9,3949
2026-02-27T14:45:00+05:30,3114.9,3117.1,3100.0,3101.9,11192
2026-02-27T15:00:00+05:30,3103.5,3121.0,3086.5,3118.5,43279
2026-02-27T15:15:00+05:30,3119.8,3125.7,3105.0,3107.7,34806
2026-03-02T09:15:00+05:30,3000.0,3054.8,2999.1,3035.1,18494
2026-03-02T09:30:00+05:30,3038.9,3060.0,3035.4,3050.0,15309
2026-03-02T09:45:00+05:30,3050.0,3082.6,3050.0,3074.4,16120
2026-03-02T10:00:00+05:30,3074.1,3105.0,3074.0,3090.3,18808
2026-03-02T10:15:00+05:30,3091.4,3097.3,3086.9,3090.0,5748
2026-03-02T10:30:00+05:30,3090.0,3092.0,3086.1,3090.0,9209
2026-03-02T10:45:00+05:30,3090.2,3100.7,3086.9,3090.0,11573
2026-03-02T11:00:00+05:30,3090.1,3098.2,3085.1,3091.0,5206
2026-03-02T11:15:00+05:30,3091.0,3091.5,3085.0,3090.0,14055
2026-03-02T11:30:00+05:30,3090.2,3092.0,3079.5,3080.0,5004
2026-03-02T11:45:00+05:30,3080.0,3082.2,3061.1,3061.2,7707
2026-03-02T12:00:00+05:30,3061.0,3064.7,3050.0,3057.6,4954
2026-03-02T12:15:00+05:30,3057.5,3064.3,3054.1,3060.0,5868
2026-03-02T12:30:00+05:30,3060.0,3063.0,3053.4,3056.6,12586
2026-03-02T12:45:00+05:30,3056.4,3061.8,3052.2,3055.2,4175
2026-03-02T13:00:00+05:30,3055.2,3070.0,3052.9,3063.1,15200
2026-03-02T13:15:00+05:30,3064.9,3070.7,3055.5,3065.9,3876
2026-03-02T13:30:00+05:30,3068.9,3069.6,3060.0,3063.2,3402
2026-03-02T13:45:00+05:30,3063.2,3074.3,3051.2,3053.0,56324
2026-03-02T14:00:00+05:30,3053.0,3084.3,3053.0,3081.5,6901
2026-03-02T14:15:00+05:30,3082.2,3084.0,3065.8,3071.1,4702
2026-03-02T14:30:00+05:30,3070.0,3086.9,3070.0,3082.3,11176
2026-03-02T14:45:00+05:30,3081.8,3090.0,3078.7,3086.6,14986
2026-03-02T15:00:00+05:30,3086.6,3095.2,3085.0,3090.6,11776
2026-03-02T15:15:00+05:30,3090.6,3093.0,3077.5,3090.0,21985
2026-03-04T09:15:00+05:30,3070.0,3071.0,3020.0,3026.0,43163
2026-03-04T09:30:00+05:30,3026.1,3039.9,3024.4,3030.8,15006
2026-03-04T09:45:00+05:30,3030.2,3035.0,2993.7,3010.0,24236
2026-03-04T10:00:00+05:30,3009.6,3019.9,3005.0,3014.2,15519
2026-03-04T10:15:00+05:30,3013.9,3015.4,3004.0,3006.1,10953
2026-03-04T10:30:00+05:30,3005.8,3017.8,2997.8,3003.4,15163
2026-03-04T10:45:00+05:30,3003.4,3006.0,2985.3,2997.8,19738
2026-03-04T11:00:00+05:30,3000.0,3000.5,2982.1,2991.9,13915
2026-03-04T11:15:00+05:30,2992.0,2994.4,2945.3,2956.5,21906
2026-03-04T11:30:00+05:30,2956.0,2959.8,2943.5,2949.0,7239
2026-03-04T11:45:00+05:30,2949.2,2950.4,2943.0,2945.2,6511
2026-03-04T12:00:00+05:30,2945.5,2949.3,2914.0,2918.2,15665
2026-03-04T12:15:00+05:30,2917.0,2919.3,2902.5,2908.4,15471
2026-03-04T12:30:00+05:30,2908.4,2935.0,2906.0,2930.5,11940
2026-03-04T12:45:00+05:30,2928.2,2943.0,2920.5,2940.8,15073
2026-03-04T13:00:00+05:30,2940.9,2976.7,2938.3,2975.0,23435
2026-03-04T13:15:00+05:30,2975.0,2994.0,2975.0,2988.5,108117
2026-03-04T13:30:00+05:30,2987.1,3015.0,2987.1,3011.9,22095
2026-03-04T13:45:00+05:30,3013.0,3019.0,3005.5,3015.3,15097
2026-03-04T14:00:00+05:30,3015.7,3020.0,3006.0,3018.8,11924
2026-03-04T14:15:00+05:30,3017.6,3025.0,3005.2,3006.7,12810
2026-03-04T14:30:00+05:30,3006.8,3016.9,2997.0,2997.1,11731
2026-03-04T14:45:00+05:30,2997.1,3004.9,2990.1,2990.8,16268
2026-03-04T15:00:00+05:30,2990.8,3004.4,2990.0,2992.8,28017
2026-03-04T15:15:00+05:30,2992.9,3007.5,2990.0,2990.1,34929
2026-03-05T09:15:00+05:30,3028.4,3050.0,3010.9,3030.8,21054
2026-03-05T09:30:00+05:30,3030.8,3044.9,3025.6,3036.5,5912
2026-03-05T09:45:00+05:30,3036.5,3039.2,3020.0,3021.6,8508
2026-03-05T10:00:00+05:30,3021.6,3029.0,3010.0,3026.0,10514
2026-03-05T10:15:00+05:30,3027.0,3028.0,3012.2,3015.0,6166
2026-03-05T10:30:00+05:30,3015.6,3021.0,3001.0,3005.8,7932
2026-03-05T10:45:00+05:30,3005.8,3019.9,3005.2,3006.4,5103
2026-03-05T11:00:00+05:30,3006.4,3013.3,3006.4,3008.4,2628
2026-03-05T11:15:00+05:30,3008.4,3013.2,3005.8,3006.7,2702
2026-03-05T11:30:00+05:30,3007.7,3011.9,3005.0,3005.0,4618
2026-03-05T11:45:00+05:30,3005.0,3006.6,2990.0,2990.0,11004
2026-03-05T12:00:00+05:30,2990.8,3000.0,2985.0,2993.8,6452
2026-03-05T12:15:00+05:30,2995.4,3006.8,2993.0,2993.0,8899
2026-03-05T12:30:00+05:30,2993.0,3005.0,2993.0,2996.7,6600
2026-03-05T12:45:00+05:30,2996.5,3003.9,2994.0,3001.3,6512
2026-03-05T13:00:00+05:30,3001.3,3003.5,2995.0,2995.0,5897
2026-03-05T13:15:00+05:30,2995.0,3004.9,2995.0,2995.9,7096
2026-03-05T13:30:00+05:30,2995.8,3004.1,2995.6,2996.5,7375
2026-03-05T13:45:00+05:30,2997.1,3012.9,2986.0,3010.0,14340
2026-03-05T14:00:00+05:30,3010.5,3017.0,3000.0,3010.0,17090
2026-03-05T14:15:00+05:30,3010.1,3013.9,3001.0,3012.1,14321
2026-03-05T14:30:00+05:30,3012.1,3015.0,3010.0,3010.1,9830
2026-03-05T14:45:00+05:30,3010.1,3020.0,3010.0,3011.6,13290
2026-03-05T15:00:00+05:30,3012.3,3022.0,3010.0,3010.0,16714
2026-03-05T15:15:00+05:30,3010.1,3017.7,2985.0,3005.0,25756
2026-03-06T09:15:00+05:30,2995.2,3007.9,2977.2,2997.0,11644
2026-03-06T09:30:00+05:30,2998.0,3001.3,2980.0,2997.8,11142
2026-03-06T09:45:00+05:30,2999.0,3000.0,2985.1,2989.9,7531
2026-03-06T10:00:00+05:30,2989.6,2999.0,2982.0,2995.1,5674
2026-03-06T10:15:00+05:30,2995.1,2998.8,2990.0,2991.1,4535
2026-03-06T10:30:00+05:30,2992.9,3007.9,2982.6,3004.0,102374
2026-03-06T10:45:00+05:30,3004.0,3015.0,2996.1,3013.0,10648
2026-03-06T11:00:00+05:30,3014.4,3014.8,3009.0,3012.8,7106
2026-03-06T11:15:00+05:30,3012.9,3012.9,3006.1,3009.5,2995
2026-03-06T11:30:00+05:30,3010.0,3023.0,3009.5,3018.0,7009
2026-03-06T11:45:00+05:30,3017.6,3018.0,3007.5,3013.5,7933
2026-03-06T12:00:00+05:30,3014.8,3021.2,3005.5,3005.5,9859
2026-03-06T12:15:00+05:30,3005.5,3015.5,3001.3,3009.6,9117
2026-03-06T12:30:00+05:30,3009.6,3019.6,3009.0,3016.0,7312
2026-03-06T12:45:00+05:30,3017.3,3020.0,3015.1,3016.6,7985
2026-03-06T13:00:00+05:30,3016.6,3022.3,2996.0,3001.3,10878
2026-03-06T13:15:00+05:30,3002.4,3009.4,3001.2,3005.3,8681
2026-03-06T13:30:00+05:30,3006.0,3011.6,3002.9,3010.1,9301
2026-03-06T13:45:00+05:30,3010.1,3013.9,3006.0,3006.5,7729
2026-03-06T14:00:00+05:30,3007.1,3010.4,2998.5,3003.6,9874
2026-03-06T14:15:00+05:30,3003.6,3013.4,3002.6,3005.1,10023
2026-03-06T14:30:00+05:30,3004.0,3009.6,2995.9,2997.5,8186
2026-03-06T14:45:00+05:30,2996.8,3003.8,2984.0,2987.4,10290
2026-03-06T15:00:00+05:30,2987.9,3007.0,2981.1,3001.0,27615
2026-03-06T15:15:00+05:30,3000.2,3011.0,2985.0,2999.0,28127
2026-03-09T09:15:00+05:30,2907.0,2907.0,2855.1,2893.1,54510
2026-03-09T09:30:00+05:30,2894.8,2922.5,2894.8,2901.8,19981
2026-03-09T09:45:00+05:30,2901.2,2933.9,2899.5,2926.6,15556
2026-03-09T10:00:00+05:30,2926.1,2935.7,2907.0,2931.0,14398
2026-03-09T10:15:00+05:30,2931.0,2933.7,2910.0,2914.4,16055
2026-03-09T10:30:00+05:30,2913.9,2916.8,2898.9,2902.3,17431
2026-03-09T10:45:00+05:30,2902.9,2914.6,2897.2,2907.8,21719
2026-03-09T11:00:00+05:30,2908.9,2919.8,2901.5,2902.0,11782
2026-03-09T11:15:00+05:30,2903.2,2909.4,2900.0,2901.6,10099
2026-03-09T11:30:00+05:30,2901.6,2919.0,2899.5,2911.7,12233
2026-03-09T11:45:00+05:30,2911.7,2914.4,2900.9,2903.2,12156
2026-03-09T12:00:00+05:30,2903.1,2910.1,2900.3,2908.5,9265
2026-03-09T12:15:00+05:30,2908.5,2908.8,2900.0,2902.5,8551
2026-03-09T12:30:00+05:30,2901.6,2915.0,2900.0,2906.6,10719
2026-03-09T12:45:00+05:30,2906.8,2915.1,2904.6,2910.4,11728
2026-03-09T13:00:00+05:30,2911.9,2916.4,2906.9,2910.3,22763
2026-03-09T13:15:00+05:30,2910.3,2915.1,2905.8,2909.2,10343
2026-03-09T13:30:00+05:30,2909.4,2915.8,2908.9,2910.9,11593
2026-03-09T13:45:00+05:30,2910.2,2913.1,2905.5,2906.0,6693
2026-03-09T14:00:00+05:30,2905.7,2908.1,2900.1,2907.2,10996
2026-03-09T14:15:00+05:30,2905.9,2908.8,2901.0,2902.3,9295
2026-03-09T14:30:00+05:30,2902.0,2905.6,2901.1,2904.8,9815
2026-03-09T14:45:00+05:30,2906.8,2914.0,2900.0,2900.0,18346
2026-03-09T15:00:00+05:30,2900.2,2912.0,2899.3,2912.0,43453
2026-03-09T15:15:00+05:30,2911.7,2920.0,2900.1,2907.0,88643
2026-03-10T09:15:00+05:30,2953.0,2998.3,2932.0,2975.5,23872
2026-03-10T09:30:00+05:30,2978.0,2980.0,2962.0,2973.8,11873
2026-03-10T09:45:00+05:30,2976.2,2978.0,2940.0,2958.0,11648
2026-03-10T10:00:00+05:30,2959.6,2961.8,2954.1,2956.5,2408
2026-03-10T10:15:00+05:30,2956.5,2966.2,2955.6,2962.2,3985
2026-03-10T10:30:00+05:30,2960.0,2976.9,2957.4,2959.0,8990
2026-03-10T10:45:00+05:30,2961.4,2994.0,2958.0,2969.9,19298
2026-03-10T11:00:00+05:30,2970.7,2980.0,2968.5,2975.5,5150
2026-03-10T11:15:00+05:30,2977.2,2990.4,2972.2,2982.9,9867
2026-03-10T11:30:00+05:30,2985.4,2990.9,2979.6,2985.4,7686
2026-03-10T11:45:00+05:30,2984.2,2988.0,2976.1,2985.3,6234
2026-03-10T12:00:00+05:30,2985.3,2988.0,2980.2,2981.0,5306
2026-03-10T12:15:00+05:30,2982.5,2988.0,2980.0,2987.0,4691
2026-03-10T12:30:00+05:30,2988.0,2994.0,2980.0,2993.0,6129
2026-03-10T12:45:00+05:30,2990.5,3014.0,2990.2,3000.0,22109
2026-03-10T13:00:00+05:30,3000.0,3001.8,2985.9,2999.3,12647
2026-03-10T13:15:00+05:30,3000.0,3057.5,2999.3,3050.0,32919
2026-03-10T13:30:00+05:30,3050.0,3052.4,3040.0,3040.0,11428
2026-03-10T13:45:00+05:30,3040.9,3053.9,3036.1,3042.3,12947
2026-03-10T14:00:00+05:30,3043.6,3063.4,3036.2,3060.4,11406
2026-03-10T14:15:00+05:30,3059.1,3093.8,3056.2,3092.9,23984
2026-03-10T14:30:00+05:30,3092.9,3094.0,3080.4,3087.0,14511
2026-03-10T14:45:00+05:30,3085.8,3094.9,3076.7,3090.0,29504
2026-03-10T15:00:00+05:30,3090.0,3092.7,3082.0,3088.2,19216
2026-03-10T15:15:00+05:30,3087.0,3092.0,3046.0,3080.0,38716
2026-03-11T09:15:00+05:30,3052.2,3089.0,3027.1,3062.0,27113
2026-03-11T09:30:00+05:30,3062.3,3064.8,3053.6,3061.3,3956
2026-03-11T09:45:00+05:30,3061.3,3067.0,3056.0,3062.1,3416
2026-03-11T10:00:00+05:30,3062.2,3063.0,3046.2,3047.7,5052
2026-03-11T10:15:00+05:30,3047.1,3050.2,3034.5,3039.9,12167
2026-03-11T10:30:00+05:30,3039.9,3042.6,3035.0,3038.2,5328
2026-03-11T10:45:00+05:30,3036.1,3041.2,3036.0,3038.6,3102
2026-03-11T11:00:00+05:30,3037.6,3039.0,3021.4,3022.5,12088
2026-03-11T11:15:00+05:30,3022.5,3024.3,3012.0,3016.0,9052
2026-03-11T11:30:00+05:30,3016.0,3018.2,3011.0,3013.1,7523
2026-03-11T11:45:00+05:30,3015.0,3015.0,3010.9,3012.4,5909
2026-03-11T12:00:00+05:30,3010.9,3015.0,3008.0,3013.4,4583
2026-03-11T12:15:00+05:30,3013.4,3014.0,3004.4,3006.6,10457
2026-03-11T12:30:00+05:30,3005.8,3008.2,3000.1,3002.8,6114
2026-03-11T12:45:00+05:30,3001.1,3007.4,3001.0,3007.0,2097
2026-03-11T13:00:00+05:30,3007.0,3008.2,2995.0,3000.0,9506
2026-03-11T13:15:00+05:30,3000.0,3005.0,2996.7,3000.0,14521
2026-03-11T13:30:00+05:30,2999.7,3004.5,2998.2,3000.0,8220
2026-03-11T13:45:00+05:30,3000.0,3004.5,2997.4,3001.6,8184
2026-03-11T14:00:00+05:30,3001.6,3003.0,2996.7,3000.0,12662
2026-03-11T14:15:00+05:30,3000.0,3003.0,2996.0,2998.2,11839
2026-03-11T14:30:00+05:30,3001.0,3001.5,2997.1,3000.0,10057
2026-03-11T14:45:00+05:30,2999.5,3001.2,2996.8,2999.5,9608
2026-03-11T15:00:00+05:30,2998.7,3002.4,2996.0,3000.4,43666
2026-03-11T15:15:00+05:30,3000.9,3005.0,3000.0,3003.0,34154
2026-03-12T09:15:00+05:30,2987.0,2990.0,2928.2,2939.0,20355
2026-03-12T09:30:00+05:30,2938.9,2940.4,2935.0,2936.2,6619
2026-03-12T09:45:00+05:30,2936.1,2951.2,2936.1,2949.4,8871
2026-03-12T10:00:00+05:30,2949.6,2952.3,2935.4,2935.7,14188
2026-03-12T10:15:00+05:30,2936.0,2943.0,2925.0,2926.9,11371
2026-03-12T10:30:00+05:30,2927.0,2937.8,2925.0,2926.1,8977
2026-03-12T10:45:00+05:30,2926.7,2930.5,2914.0,2915.2,11781
2026-03-12T11:00:00+05:30,2915.3,2925.8,2910.2,2920.0,20863
2026-03-12T11:15:00+05:30,2920.1,2923.5,2910.0,2912.6,21965
2026-03-12T11:30:00+05:30,2913.1,2916.7,2908.0,2910.0,17842
2026-03-12T11:45:00+05:30,2908.7,2911.3,2905.0,2906.1,18520
2026-03-12T12:00:00+05:30,2905.6,2926.6,2905.6,2926.0,23988
2026-03-12T12:15:00+05:30,2926.5,2935.2,2923.1,2932.0,21373
2026-03-12T12:30:00+05:30,2932.0,2942.0,2929.0,2930.3,37994
2026-03-12T12:45:00+05:30,2930.3,2935.0,2922.5,2932.5,45831
2026-03-12T13:00:00+05:30,2932.3,2935.9,2926.0,2932.0,29491
2026-03-12T13:15:00+05:30,2930.2,2942.0,2930.0,2936.0,34013
2026-03-12T13:30:00+05:30,2936.0,2948.4,2936.0,2941.3,36076
2026-03-12T13:45:00+05:30,2940.7,2943.0,2937.7,2939.4,24110
2026-03-12T14:00:00+05:30,2939.4,2942.0,2939.0,2940.0,21788
2026-03-12T14:15:00+05:30,2940.0,2968.4,2939.5,2957.3,25244
2026-03-12T14:30:00+05:30,2957.3,2960.1,2946.1,2946.9,28608
2026-03-12T14:45:00+05:30,2946.6,2947.1,2936.0,2936.9,43660
2026-03-12T15:00:00+05:30,2936.0,2939.1,2936.0,2936.0,50878
2026-03-12T15:15:00+05:30,2936.1,2940.0,2936.0,2936.4,45901
2026-03-13T09:15:00+05:30,2925.0,2931.3,2900.1,2908.0,18507
2026-03-13T09:30:00+05:30,2907.1,2922.0,2906.0,2916.3,5460
2026-03-13T09:45:00+05:30,2916.9,2917.4,2905.5,2908.0,4904
2026-03-13T10:00:00+05:30,2908.9,2909.0,2895.2,2903.1,9329
2026-03-13T10:15:00+05:30,2904.1,2906.0,2875.4,2876.5,12386
2026-03-13T10:30:00+05:30,2876.5,2881.5,2862.0,2864.1,10547
2026-03-13T10:45:00+05:30,2863.4,2883.1,2861.1,2873.8,21737
2026-03-13T11:00:00+05:30,2873.8,2876.4,2868.5,2871.8,5586
2026-03-13T11:15:00+05:30,2873.3,2879.1,2868.1,2874.5,5013
2026-03-13T11:30:00+05:30,2873.0,2877.9,2870.5,2872.5,8159
2026-03-13T11:45:00+05:30,2872.5,2880.6,2851.0,2851.3,25252
2026-03-13T12:00:00+05:30,2851.2,2879.9,2851.0,2870.0,11238
2026-03-13T12:15:00+05:30,2870.0,2873.0,2852.0,2855.1,8737
2026-03-13T12:30:00+05:30,2855.4,2867.0,2845.0,2861.8,20360
2026-03-13T12:45:00+05:30,2861.8,2868.0,2858.9,2863.5,14244
2026-03-13T13:00:00+05:30,2863.5,3003.0,2861.8,2875.4,262370
2026-03-13T13:15:00+05:30,2875.2,2895.0,2857.5,2860.6,189559
2026-03-13T13:30:00+05:30,2860.6,2872.0,2850.1,2854.5,11928
2026-03-13T13:45:00+05:30,2852.2,2856.9,2850.5,2854.0,6408
2026-03-13T14:00:00+05:30,2853.0,2866.7,2850.0,2862.6,10795
2026-03-13T14:15:00+05:30,2862.2,2885.5,2859.5,2883.2,38862
2026-03-13T14:30:00+05:30,2883.0,2890.0,2876.8,2883.3,13916
2026-03-13T14:45:00+05:30,2883.5,2886.7,2877.7,2882.9,17973
2026-03-13T15:00:00+05:30,2882.8,2886.0,2872.5,2882.5,34689
2026-03-13T15:15:00+05:30,2882.5,2883.2,2872.0,2879.7,26752
2026-03-16T09:15:00+05:30,2853.1,2879.7,2853.1,2860.2,11449
2026-03-16T09:30:00+05:30,2861.8,2879.3,2857.5,2874.4,10929
2026-03-16T09:45:00+05:30,2874.4,2878.4,2866.2,2868.9,5079
2026-03-16T10:00:00+05:30,2868.9,2894.2,2865.0,2870.2,10878
2026-03-16T10:15:00+05:30,2871.8,2871.8,2819.7,2853.5,24491
2026-03-16T10:30:00+05:30,2855.3,2855.3,2821.2,2841.8,15639
2026-03-16T10:45:00+05:30,2841.7,2845.2,2827.1,2840.0,7012
2026-03-16T11:00:00+05:30,2840.0,2849.9,2832.0,2844.3,6181
2026-03-16T11:15:00+05:30,2842.5,2861.0,2842.0,2852.2,5741
2026-03-16T11:30:00+05:30,2852.2,2867.8,2850.4,2861.6,6197
2026-03-16T11:45:00+05:30,2861.6,2867.5,2850.1,2855.2,6637
2026-03-16T12:00:00+05:30,2856.8,2864.9,2854.9,2855.0,4538
2026-03-16T12:15:00+05:30,2853.7,2864.9,2851.8,2859.7,5459
2026-03-16T12:30:00+05:30,2859.8,2865.0,2856.6,2859.7,3928
2026-03-16T12:45:00+05:30,2857.5,2860.0,2851.5,2856.1,6567
2026-03-16T13:00:00+05:30,2854.2,2864.9,2851.5,2857.5,7094
2026-03-16T13:15:00+05:30,2856.9,2870.0,2856.1,2863.5,7686
2026-03-16T13:30:00+05:30,2865.0,2903.6,2862.9,2896.0,20180
2026-03-16T13:45:00+05:30,2895.2,2898.1,2879.6,2893.3,9708
2026-03-16T14:00:00+05:30,2894.0,2894.0,2883.1,2885.3,7771
2026-03-16T14:15:00+05:30,2884.4,2890.0,2883.5,2887.0,10106
2026-03-16T14:30:00+05:30,2888.9,2900.0,2886.9,2898.0,11666
2026-03-16T14:45:00+05:30,2898.0,2899.9,2888.4,2894.5,9958
2026-03-16T15:00:00+05:30,2894.4,2894.6,2870.0,2883.9,16967
2026-03-16T15:15:00+05:30,2880.5,2894.9,2875.0,2883.1,16027
2026-03-17T09:15:00+05:30,2880.0,2880.0,2828.6,2830.0,124283
2026-03-17T09:30:00+05:30,2830.0,2848.5,2826.0,2840.0,92917
2026-03-17T09:45:00+05:30,2841.0,2860.2,2835.4,2853.1,78607
2026-03-17T10:00:00+05:30,2850.9,2889.5,2849.2,2880.2,26321
2026-03-17T10:15:00+05:30,2880.3,2949.0,2878.9,2937.0,37864
2026-03-17T10:30:00+05:30,2936.7,2937.0,2864.3,2897.1,176957
2026-03-17T10:45:00+05:30,2895.8,2915.9,2895.0,2901.9,17361
2026-03-17T11:00:00+05:30,2900.3,2918.0,2900.0,2907.1,12038
2026-03-17T11:15:00+05:30,2907.0,2909.0,2900.1,2906.0,7006
2026-03-17T11:30:00+05:30,2906.0,2917.0,2890.0,2905.0,27400
2026-03-17T11:45:00+05:30,2903.9,2909.0,2900.1,2908.0,5848
2026-03-17T12:00:00+05:30,2908.0,2913.3,2901.3,2907.3,17810
2026-03-17T12:15:00+05:30,2907.3,2911.0,2883.8,2908.7,15933
2026-03-17T12:30:00+05:30,2906.6,2934.0,2904.7,2920.0,11088
2026-03-17T12:45:00+05:30,2920.0,2925.0,2913.0,2918.8,8668
2026-03-17T13:00:00+05:30,2918.8,2924.2,2914.3,2921.9,7052
2026-03-17T13:15:00+05:30,2921.7,2931.0,2921.7,2930.9,12631
2026-03-17T13:30:00+05:30,2930.2,2935.0,2925.3,2930.0,14598
2026-03-17T13:45:00+05:30,2930.0,2941.0,2929.1,2936.3,11451
2026-03-17T14:00:00+05:30,2936.6,2945.5,2922.4,2931.2,14859
2026-03-17T14:15:00+05:30,2930.0,2934.3,2922.0,2931.4,26452
2026-03-17T14:30:00+05:30,2931.4,2941.4,2930.0,2935.0,28984
2026-03-17T14:45:00+05:30,2935.0,2944.0,2932.4,2943.8,26365
2026-03-17T15:00:00+05:30,2943.8,2958.0,2937.7,2956.1,47691
2026-03-17T15:15:00+05:30,2956.1,3008.6,2953.3,2970.0,97260
2026-03-18T09:15:00+05:30,2972.0,3017.7,2972.0,2990.2,16173
2026-03-18T09:30:00+05:30,2988.1,2994.1,2970.0,2971.8,7242
2026-03-18T09:45:00+05:30,2973.1,2984.4,2945.7,2952.0,10073
2026-03-18T10:00:00+05:30,2952.2,2959.0,2945.5,2947.6,5879
2026-03-18T10:15:00+05:30,2949.6,2958.2,2942.1,2942.8,9687
2026-03-18T10:30:00+05:30,2942.7,2953.0,2942.0,2947.8,4533
2026-03-18T10:45:00+05:30,2949.6,2955.9,2945.4,2955.5,4217
2026-03-18T11:00:00+05:30,2953.5,2958.8,2947.9,2955.2,6202
2026-03-18T11:15:00+05:30,2957.0,2973.8,2948.0,2972.8,14339
2026-03-18T11:30:00+05:30,2971.7,2978.6,2970.7,2977.9,3287
2026-03-18T11:45:00+05:30,2975.9,2978.6,2971.4,2976.8,2921
2026-03-18T12:00:00+05:30,2978.4,2980.0,2970.0,2979.0,5427
2026-03-18T12:15:00+05:30,2979.0,2980.0,2974.9,2977.0,1974
2026-03-18T12:30:00+05:30,2977.0,2988.0,2970.2,2987.9,4538
2026-03-18T12:45:00+05:30,2986.5,2989.2,2977.0,2981.1,2519
2026-03-18T13:00:00+05:30,2981.1,2986.4,2973.6,2978.9,4691
2026-03-18T13:15:00+05:30,2978.9,2985.9,2971.1,2983.4,6809
2026-03-18T13:30:00+05:30,2982.1,3023.5,2980.0,3013.9,15120
2026-03-18T13:45:00+05:30,3011.2,3024.0,3011.2,3012.5,6427
2026-03-18T14:00:00+05:30,3012.5,3020.0,3010.0,3016.0,6100
2026-03-18T14:15:00+05:30,3016.1,3022.0,3012.9,3017.1,4451
2026-03-18T14:30:00+05:30,3017.1,3018.3,3007.0,3011.0,3862
2026-03-18T14:45:00+05:30,3012.4,3029.9,3010.5,3028.8,6866
2026-03-18T15:00:00+05:30,3028.2,3028.2,3009.9,3020.1,106767
2026-03-18T15:15:00+05:30,3020.1,3022.0,3011.0,3020.0,19818
2026-03-19T09:15:00+05:30,2953.5,2974.3,2946.0,2954.3,18645
2026-03-19T09:30:00+05:30,2954.4,2955.0,2935.0,2941.1,13645
2026-03-19T09:45:00+05:30,2941.2,2947.0,2936.0,2943.7,7343
2026-03-19T10:00:00+05:30,2942.8,2945.0,2928.5,2933.1,8335
2026-03-19T10:15:00+05:30,2931.3,2934.4,2920.5,2925.0,7982
2026-03-19T10:30:00+05:30,2924.5,2931.1,2920.5,2926.3,6737
2026-03-19T10:45:00+05:30,2926.3,2926.8,2910.0,2916.0,19423
2026-03-19T11:00:00+05:30,2918.2,2918.2,2907.0,2913.2,8358
2026-03-19T11:15:00+05:30,2913.0,2916.0,2907.0,2910.0,4676
2026-03-19T11:30:00+05:30,2908.0,2915.8,2906.0,2914.4,43042
2026-03-19T11:45:00+05:30,2912.2,2924.7,2912.0,2919.5,3495
2026-03-19T12:00:00+05:30,2919.3,2921.4,2913.2,2920.2,1440
2026-03-19T12:15:00+05:30,2920.6,2923.4,2913.0,2913.3,4317
2026-03-19T12:30:00+05:30,2914.0,2915.0,2908.5,2911.4,3740
2026-03-19T12:45:00+05:30,2911.4,2916.4,2911.0,2913.5,2572
2026-03-19T13:00:00+05:30,2913.6,2913.6,2901.2,2902.8,7288
2026-03-19T13:15:00+05:30,2904.7,2905.8,2896.5,2899.8,6260
2026-03-19T13:30:00+05:30,2899.0,2903.1,2890.0,2891.3,6913
2026-03-19T13:45:00+05:30,2891.4,2899.4,2873.2,2875.0,15214
2026-03-19T14:00:00+05:30,2874.9,2879.0,2851.0,2855.0,19962
2026-03-19T14:15:00+05:30,2853.7,2858.7,2847.6,2850.0,27502
2026-03-19T14:30:00+05:30,2850.0,2850.0,2839.8,2849.5,17981
2026-03-19T14:45:00+05:30,2849.5,2854.8,2826.6,2830.1,24377
2026-03-19T15:00:00+05:30,2827.3,2834.2,2826.5,2829.9,37479
2026-03-19T15:15:00+05:30,2829.9,2831.0,2804.7,2828.0,78494
2026-03-20T09:15:00+05:30,2860.0,2879.7,2830.0,2848.0,26465
2026-03-20T09:30:00+05:30,2849.9,2859.6,2844.0,2846.7,50538
2026-03-20T09:45:00+05:30,2849.3,2850.3,2835.0,2837.3,6626
2026-03-20T10:00:00+05:30,2837.4,2860.0,2833.0,2841.6,7751
2026-03-20T10:15:00+05:30,2843.6,2843.7,2831.0,2833.4,5620
2026-03-20T10:30:00+05:30,2833.5,2844.0,2833.5,2842.3,8614
2026-03-20T10:45:00+05:30,2843.0,2847.9,2840.0,2840.4,2891
2026-03-20T11:00:00+05:30,2842.0,2842.0,2801.3,2805.9,14558
2026-03-20T11:15:00+05:30,2805.4,2830.8,2805.0,2826.5,12563
2026-03-20T11:30:00+05:30,2824.2,2836.0,2821.0,2822.6,6207
2026-03-20T11:45:00+05:30,2824.0,2834.2,2821.4,2831.4,5064
2026-03-20T12:00:00+05:30,2832.8,2840.0,2826.1,2839.7,18049
2026-03-20T12:15:00+05:30,2839.7,2842.0,2824.3,2829.0,5988
2026-03-20T12:30:00+05:30,2829.0,2839.6,2826.6,2832.0,3370
2026-03-20T12:45:00+05:30,2832.0,2833.8,2826.3,2829.0,5846
2026-03-20T13:00:00+05:30,2827.4,2837.0,2824.7,2832.0,19140
2026-03-20T13:15:00+05:30,2832.0,2832.1,2807.0,2817.6,16553
2026-03-20T13:30:00+05:30,2820.1,2828.7,2816.9,2823.5,6823
2026-03-20T13:45:00+05:30,2823.5,2826.6,2809.8,2820.5,9438
2026-03-20T14:00:00+05:30,2820.9,2827.3,2813.0,2825.0,9560
2026-03-20T14:15:00+05:30,2826.0,2826.0,2820.0,2824.5,8492
2026-03-20T14:30:00+05:30,2824.6,2825.0,2810.0,2815.5,12165
2026-03-20T14:45:00+05:30,2815.7,2822.9,2809.0,2812.7,18403
2026-03-20T15:00:00+05:30,2812.7,2816.9,2793.0,2796.9,24850
2026-03-20T15:15:00+05:30,2796.8,2809.9,2790.5,2800.0,29210
2026-03-23T09:15:00+05:30,2763.0,2774.5,2727.0,2731.8,15681
2026-03-23T09:30:00+05:30,2731.8,2739.6,2721.0,2724.3,9925
2026-03-23T09:45:00+05:30,2726.6,2726.8,2690.0,2706.1,17780
2026-03-23T10:00:00+05:30,2707.2,2730.0,2706.3,2715.0,9091
2026-03-23T10:15:00+05:30,2716.0,2719.2,2681.5,2688.5,10817
2026-03-23T10:30:00+05:30,2687.3,2695.0,2680.2,2686.0,10410
2026-03-23T10:45:00+05:30,2686.0,2686.9,2665.0,2669.2,11928
2026-03-23T11:00:00+05:30,2668.3,2673.0,2653.0,2659.9,11095
2026-03-23T11:15:00+05:30,2659.9,2660.0,2651.5,2651.5,9817
2026-03-23T11:30:00+05:30,2651.5,2684.0,2651.0,2670.0,22172
2026-03-23T11:45:00+05:30,2670.0,2685.4,2669.0,2681.0,12859
2026-03-23T12:00:00+05:30,2681.9,2684.8,2671.2,2672.2,9608
2026-03-23T12:15:00+05:30,2672.2,2672.3,2669.1,2670.3,25707
2026-03-23T12:30:00+05:30,2670.0,2671.5,2655.3,2665.7,16781
2026-03-23T12:45:00+05:30,2665.7,2672.0,2662.0,2669.8,14077
2026-03-23T13:00:00+05:30,2669.1,2669.8,2653.5,2662.9,17954
2026-03-23T13:15:00+05:30,2662.9,2668.0,2660.1,2664.0,14412
2026-03-23T13:30:00+05:30,2665.0,2666.1,2661.9,2665.0,14811
2026-03-23T13:45:00+05:30,2665.0,2675.0,2661.4,2670.2,18232
2026-03-23T14:00:00+05:30,2670.2,2680.1,2669.5,2672.8,16824
2026-03-23T14:15:00+05:30,2672.8,2680.0,2670.1,2675.1,16615
2026-03-23T14:30:00+05:30,2676.1,2680.0,2670.0,2675.4,29182
2026-03-23T14:45:00+05:30,2676.3,2679.8,2674.4,2676.3,19720
2026-03-23T15:00:00+05:30,2675.1,2679.8,2670.2,2675.3,33588
2026-03-23T15:15:00+05:30,2675.0,2715.0,2674.9,2713.0,77503
2026-03-24T09:15:00+05:30,2768.0,2769.0,2715.0,2728.2,27254
2026-03-24T09:30:00+05:30,2728.7,2729.9,2703.4,2704.8,20338
2026-03-24T09:45:00+05:30,2704.0,2704.4,2680.4,2699.0,20043
2026-03-24T10:00:00+05:30,2700.0,2700.1,2686.0,2698.5,8727
2026-03-24T10:15:00+05:30,2697.8,2697.8,2686.0,2691.6,8569
2026-03-24T10:30:00+05:30,2690.7,2707.8,2690.1,2707.7,7172
2026-03-24T10:45:00+05:30,2707.7,2715.0,2701.8,2710.0,10475
2026-03-24T11:00:00+05:30,2710.0,2711.8,2705.1,2707.1,5784
2026-03-24T11:15:00+05:30,2707.6,2712.0,2707.6,2709.6,5457
2026-03-24T11:30:00+05:30,2709.2,2712.0,2707.6,2709.9,9514
2026-03-24T11:45:00+05:30,2709.4,2712.5,2706.6,2710.0,7363
2026-03-24T12:00:00+05:30,2710.0,2712.9,2705.0,2710.0,10501
2026-03-24T12:15:00+05:30,2709.6,2712.3,2705.0,2708.9,10242
2026-03-24T12:30:00+05:30,2708.9,2737.8,2700.6,2724.4,71121
2026-03-24T12:45:00+05:30,2724.4,2726.8,2722.2,2722.5,22168
2026-03-24T13:00:00+05:30,2722.0,2743.0,2706.0,2738.4,22498
2026-03-24T13:15:00+05:30,2738.3,2750.0,2735.0,2745.9,9368
2026-03-24T13:30:00+05:30,2745.9,2768.0,2745.9,2765.9,13133
2026-03-24T13:45:00+05:30,2765.9,2769.9,2743.0,2767.9,17036
2026-03-24T14:00:00+05:30,2769.4,2790.1,2767.7,2782.6,22097
2026-03-24T14:15:00+05:30,2782.6,2786.9,2777.0,2780.0,10869
2026-03-24T14:30:00+05:30,2780.0,2803.2,2777.5,2796.4,15119
2026-03-24T14:45:00+05:30,2797.8,2807.6,2785.8,2800.4,17097
2026-03-24T15:00:00+05:30,2799.0,2804.1,2794.0,2799.3,12629
2026-03-24T15:15:00+05:30,2799.3,2801.1,2771.0,2798.0,33222
2026-03-25T09:15:00+05:30,2810.0,2840.0,2800.1,2826.3,30630
2026-03-25T09:30:00+05:30,2825.0,2848.8,2821.4,2830.9,19948
2026-03-25T09:45:00+05:30,2832.0,2849.5,2824.4,2834.1,17410
2026-03-25T10:00:00+05:30,2836.7,2878.0,2836.0,2875.0,25545
2026-03-25T10:15:00+05:30,2875.0,2879.9,2868.8,2877.0,14357
2026-03-25T10:30:00+05:30,2876.0,2904.0,2873.2,2900.0,39245
2026-03-25T10:45:00+05:30,2900.0,2904.9,2896.3,2899.2,16657
2026-03-25T11:00:00+05:30,2900.0,2903.0,2897.2,2900.2,14510
2026-03-25T11:15:00+05:30,2900.0,2905.0,2897.1,2900.0,8194
2026-03-25T11:30:00+05:30,2900.0,2908.0,2898.0,2905.0,20854
2026-03-25T11:45:00+05:30,2905.1,2907.3,2900.8,2905.0,8286
2026-03-25T12:00:00+05:30,2905.4,2908.9,2900.9,2905.0,9550
2026-03-25T12:15:00+05:30,2905.1,2905.4,2899.5,2904.2,27392
2026-03-25T12:30:00+05:30,2905.0,2906.4,2903.2,2905.0,9464
2026-03-25T12:45:00+05:30,2905.0,2905.7,2899.9,2901.0,15591
2026-03-25T13:00:00+05:30,2901.0,2905.3,2900.0,2901.1,12396
2026-03-25T13:15:00+05:30,2901.1,2906.4,2900.0,2901.1,8966
2026-03-25T13:30:00+05:30,2901.1,2902.7,2899.9,2901.0,10359
2026-03-25T13:45:00+05:30,2901.0,2913.3,2900.5,2904.6,12146
2026-03-25T14:00:00+05:30,2905.1,2908.9,2900.4,2905.6,11985
2026-03-25T14:15:00+05:30,2905.6,2907.5,2901.8,2905.0,14632
2026-03-25T14:30:00+05:30,2905.0,2905.1,2899.6,2900.6,11639
2026-03-25T14:45:00+05:30,2900.5,2901.9,2898.4,2900.6,15405
2026-03-25T15:00:00+05:30,2900.5,2905.1,2900.0,2901.0,30490
2026-03-25T15:15:00+05:30,2901.1,2911.0,2900.0,2902.0,41017
2026-03-27T09:15:00+05:30,2871.0,2874.9,2830.3,2869.8,29780
2026-03-27T09:30:00+05:30,2869.7,2879.5,2845.0,2864.3,12864
2026-03-27T09:45:00+05:30,2863.2,2869.0,2856.4,2862.6,6541
2026-03-27T10:00:00+05:30,2862.6,2868.0,2854.6,2857.1,9277
2026-03-27T10:15:00+05:30,2859.4,2875.0,2856.8,2873.0,6778
2026-03-27T10:30:00+05:30,2873.0,2877.0,2853.5,2859.2,6016
2026-03-27T10:45:00+05:30,2860.5,2897.0,2857.0,2893.8,27142
2026-03-27T11:00:00+05:30,2893.8,2907.0,2888.3,2896.5,17127
2026-03-27T11:15:00+05:30,2895.3,2898.9,2882.0,2893.4,6601
2026-03-27T11:30:00+05:30,2892.9,2895.0,2885.3,2887.3,3301
2026-03-27T11:45:00+05:30,2887.3,2905.0,2885.5,2890.3,29205
2026-03-27T12:00:00+05:30,2890.0,2899.9,2877.0,2883.0,131849
2026-03-27T12:15:00+05:30,2885.9,2890.7,2877.3,2883.3,1770
2026-03-27T12:30:00+05:30,2883.3,2888.2,2879.8,2885.9,4309
2026-03-27T12:45:00+05:30,2886.0,2888.7,2880.0,2883.5,1212
2026-03-27T13:00:00+05:30,2882.9,2888.1,2880.0,2884.6,2149
2026-03-27T13:15:00+05:30,2884.6,2887.7,2880.2,2884.0,2085
2026-03-27T13:30:00+05:30,2884.0,2895.3,2880.0,2882.4,7077
2026-03-27T13:45:00+05:30,2880.9,2888.1,2878.0,2884.0,2551
2026-03-27T14:00:00+05:30,2882.8,2888.1,2880.3,2884.2,3901
2026-03-27T14:15:00+05:30,2884.2,2890.0,2879.8,2883.4,8763
2026-03-27T14:30:00+05:30,2883.1,2886.2,2880.0,2882.8,3863
2026-03-27T14:45:00+05:30,2882.8,2890.0,2878.0,2885.0,16799
2026-03-27T15:00:00+05:30,2885.0,2887.0,2848.0,2849.9,153135
2026-03-27T15:15:00+05:30,2849.9,2884.9,2820.7,2849.9,193950
2026-03-30T09:15:00+05:30,2818.0,2835.9,2757.0,2770.0,35279
2026-03-30T09:30:00+05:30,2770.0,2794.8,2770.0,2786.1,14557
2026-03-30T09:45:00+05:30,2784.1,2802.1,2771.0,2774.9,11064
2026-03-30T10:00:00+05:30,2771.3,2779.0,2765.0,2770.6,8251
2026-03-30T10:15:00+05:30,2772.0,2774.0,2757.1,2757.5,7281
2026-03-30T10:30:00+05:30,2757.6,2763.4,2750.0,2752.9,9085
2026-03-30T10:45:00+05:30,2752.8,2752.8,2740.1,2742.9,8466
2026-03-30T11:00:00+05:30,2741.7,2751.0,2738.0,2748.4,7993
2026-03-30T11:15:00+05:30,2748.9,2763.8,2744.9,2756.5,4982
2026-03-30T11:30:00+05:30,2756.5,2765.0,2755.0,2762.3,6768
2026-03-30T11:45:00+05:30,2762.2,2767.3,2760.0,2762.7,3452
2026-03-30T12:00:00+05:30,2762.7,2784.9,2758.9,2764.9,13421
2026-03-30T12:15:00+05:30,2764.8,2777.9,2762.2,2763.0,17932
2026-03-30T12:30:00+05:30,2763.1,2769.8,2756.0,2767.0,6006
2026-03-30T12:45:00+05:30,2767.1,2767.6,2751.8,2754.1,4234
2026-03-30T13:00:00+05:30,2754.1,2764.3,2751.1,2758.9,6106
2026-03-30T13:15:00+05:30,2758.9,2769.8,2757.0,2760.4,5733
2026-03-30T13:30:00+05:30,2760.9,2764.2,2752.1,2753.5,5893
2026-03-30T13:45:00+05:30,2753.5,2756.7,2747.2,2750.0,8462
2026-03-30T14:00:00+05:30,2749.7,2757.4,2746.8,2753.7,10573
2026-03-30T14:15:00+05:30,2752.3,2754.5,2750.0,2751.7,6023
2026-03-30T14:30:00+05:30,2751.7,2770.9,2747.0,2769.2,13710
2026-03-30T14:45:00+05:30,2770.4,2774.5,2755.5,2765.0,15213
2026-03-30T15:00:00+05:30,2765.7,2812.0,2765.0,2804.0,55277
2026-03-30T15:15:00+05:30,2804.6,2874.0,2795.9,2846.0,43136
2026-04-01T09:15:00+05:30,2875.9,2894.0,2830.0,2861.4,53078
2026-04-01T09:30:00+05:30,2861.4,2865.0,2830.0,2830.0,25276
2026-04-01T09:45:00+05:30,2830.0,2833.6,2815.5,2832.0,27375
2026-04-01T10:00:00+05:30,2832.0,2835.0,2817.0,2827.8,20089
2026-04-01T10:15:00+05:30,2829.0,2838.5,2822.3,2825.3,14746
2026-04-01T10:30:00+05:30,2824.2,2827.0,2822.3,2825.0,8214
2026-04-01T10:45:00+05:30,2823.4,2835.0,2823.0,2827.0,13481
2026-04-01T11:00:00+05:30,2825.5,2827.1,2823.1,2825.1,6967
2026-04-01T11:15:00+05:30,2823.2,2826.5,2821.5,2823.3,13053
2026-04-01T11:30:00+05:30,2823.3,2825.5,2821.8,2825.1,12878
2026-04-01T11:45:00+05:30,2823.4,2827.0,2768.6,2769.2,38592
2026-04-01T12:00:00+05:30,2768.0,2792.9,2758.8,2769.2,29032
2026-04-01T12:15:00+05:30,2769.1,2773.5,2760.4,2765.4,13149
2026-04-01T12:30:00+05:30,2766.1,2798.0,2766.1,2793.6,21319
2026-04-01T12:45:00+05:30,2791.4,2813.6,2790.0,2812.6,18018
2026-04-01T13:00:00+05:30,2812.6,2822.6,2802.0,2820.0,16301
2026-04-01T13:15:00+05:30,2820.3,2830.9,2809.3,2823.4,19922
2026-04-01T13:30:00+05:30,2823.4,2829.9,2812.1,2829.7,17864
2026-04-01T13:45:00+05:30,2829.8,2849.7,2823.5,2843.9,18818
2026-04-01T14:00:00+05:30,2842.4,2857.3,2827.3,2847.5,42247
2026-04-01T14:15:00+05:30,2847.4,2857.3,2841.0,2851.1,13957
2026-04-01T14:30:00+05:30,2851.2,2857.3,2844.8,2851.0,19083
2026-04-01T14:45:00+05:30,2851.3,2852.2,2840.5,2849.0,19805
2026-04-01T15:00:00+05:30,2849.0,2869.2,2846.9,2850.8,37554
2026-04-01T15:15:00+05:30,2850.9,2870.0,2826.3,2851.0,34827
2026-04-02T09:15:00+05:30,2841.4,2841.4,2775.3,2791.2,18216
2026-04-02T09:30:00+05:30,2790.3,2798.2,2772.0,2777.5,8727
2026-04-02T09:45:00+05:30,2779.2,2785.0,2764.0,2768.0,7257
2026-04-02T10:00:00+05:30,2769.8,2771.4,2763.5,2768.5,5421
2026-04-02T10:15:00+05:30,2768.7,2769.6,2755.4,2760.2,6631
2026-04-02T10:30:00+05:30,2759.0,2775.2,2757.0,2774.9,6960
2026-04-02T10:45:00+05:30,2774.9,2776.5,2745.7,2748.7,37785
2026-04-02T11:00:00+05:30,2748.7,2761.2,2742.0,2761.1,12040
2026-04-02T11:15:00+05:30,2760.9,2772.0,2760.9,2767.8,8648
2026-04-02T11:30:00+05:30,2767.8,2778.2,2766.2,2777.9,7941
2026-04-02T11:45:00+05:30,2777.9,2781.7,2774.2,2774.2,5091
2026-04-02T12:00:00+05:30,2776.0,2810.0,2771.3,2790.1,21201
2026-04-02T12:15:00+05:30,2791.5,2806.0,2790.1,2796.4,11372
2026-04-02T12:30:00+05:30,2798.0,2820.2,2795.5,2811.4,21689
2026-04-02T12:45:00+05:30,2813.0,2828.8,2810.0,2824.3,11315
2026-04-02T13:00:00+05:30,2824.9,2860.4,2824.3,2859.8,22757
2026-04-02T13:15:00+05:30,2860.0,2860.5,2846.1,2850.0,10245
2026-04-02T13:30:00+05:30,2851.5,2856.9,2848.8,2856.0,6038
2026-04-02T13:45:00+05:30,2856.0,2869.6,2853.5,2856.5,85147
2026-04-02T14:00:00+05:30,2858.3,2871.5,2820.0,2869.4,73164
2026-04-02T14:15:00+05:30,2869.4,2869.6,2853.6,2857.5,8657
2026-04-02T14:30:00+05:30,2857.6,2860.2,2838.5,2844.0,35423
2026-04-02T14:45:00+05:30,2844.9,2853.5,2841.0,2848.5,29885
2026-04-02T15:00:00+05:30,2848.4,2856.0,2838.0,2838.8,35148
2026-04-02T15:15:00+05:30,2838.1,2850.0,2826.3,2836.0,33933
2026-04-06T09:15:00+05:30,2831.5,2842.2,2796.8,2807.5,20698
2026-04-06T09:30:00+05:30,2807.5,2837.0,2802.0,2822.3,17591
2026-04-06T09:45:00+05:30,2820.1,2830.4,2814.6,2823.3,6694
2026-04-06T10:00:00+05:30,2823.1,2849.5,2822.7,2848.7,13742
2026-04-06T10:15:00+05:30,2848.0,2863.9,2840.0,2861.8,11992
2026-04-06T10:30:00+05:30,2860.9,2864.5,2857.6,2860.0,5599
2026-04-06T10:45:00+05:30,2860.2,2898.2,2859.5,2878.1,25422
2026-04-06T11:00:00+05:30,2877.8,2882.7,2865.5,2866.3,8867
2026-04-06T11:15:00+05:30,2866.0,2877.6,2863.1,2866.8,8570
2026-04-06T11:30:00+05:30,2865.4,2885.0,2860.8,2872.8,17653
2026-04-06T11:45:00+05:30,2872.8,2877.5,2868.1,2870.0,8796
2026-04-06T12:00:00+05:30,2870.0,2872.8,2851.3,2852.5,7947
2026-04-06T12:15:00+05:30,2852.1,2855.0,2841.0,2843.5,11050
2026-04-06T12:30:00+05:30,2841.1,2863.8,2835.6,2851.0,29374
2026-04-06T12:45:00+05:30,2850.1,2867.7,2847.4,2863.0,11883
2026-04-06T13:00:00+05:30,2862.4,2872.8,2860.0,2867.1,10823
2026-04-06T13:15:00+05:30,2866.1,2888.0,2861.9,2884.0,17080
2026-04-06T13:30:00+05:30,2882.5,2897.8,2874.2,2891.5,19669
2026-04-06T13:45:00+05:30,2891.0,2903.0,2876.1,2878.7,24585
2026-04-06T14:00:00+05:30,2878.7,2911.0,2878.6,2903.7,29217
2026-04-06T14:15:00+05:30,2902.2,2921.3,2901.8,2921.3,13363
2026-04-06T14:30:00+05:30,2921.3,2934.0,2907.2,2909.4,26916
2026-04-06T14:45:00+05:30,2909.4,2910.6,2898.1,2903.8,14773
2026-04-06T15:00:00+05:30,2903.9,2908.0,2894.5,2901.1,26631
2026-04-06T15:15:00+05:30,2901.2,2915.5,2900.0,2910.0,49814
2026-04-07T09:15:00+05:30,2903.0,2935.0,2882.3,2930.0,45267
2026-04-07T09:30:00+05:30,2930.0,2932.0,2896.1,2898.1,10374
2026-04-07T09:45:00+05:30,2898.1,2908.4,2894.0,2905.6,6294
2026-04-07T10:00:00+05:30,2905.6,2914.3,2902.1,2911.5,9247
2026-04-07T10:15:00+05:30,2914.4,2942.0,2910.0,2940.0,21517
2026-04-07T10:30:00+05:30,2940.0,2953.8,2935.0,2950.3,27184
2026-04-07T10:45:00+05:30,2950.3,2950.3,2924.5,2926.0,34157
2026-04-07T11:00:00+05:30,2925.3,2943.0,2924.2,2930.1,12798
2026-04-07T11:15:00+05:30,2930.1,2950.0,2930.0,2944.6,11683
2026-04-07T11:30:00+05:30,2944.3,2951.5,2940.9,2942.2,8735
2026-04-07T11:45:00+05:30,2942.0,2945.0,2939.0,2940.5,8013
2026-04-07T12:00:00+05:30,2941.6,2944.0,2931.3,2937.0,7034
2026-04-07T12:15:00+05:30,2937.0,2939.6,2931.2,2934.7,6523
2026-04-07T12:30:00+05:30,2935.1,2945.9,2932.1,2942.6,7730
2026-04-07T12:45:00+05:30,2943.6,2945.0,2935.0,2941.2,6619
2026-04-07T13:00:00+05:30,2941.2,2941.4,2931.2,2934.1,6247
2026-04-07T13:15:00+05:30,2934.1,2937.8,2931.6,2934.4,5831
2026-04-07T13:30:00+05:30,2934.4,2944.7,2934.4,2943.4,7879
2026-04-07T13:45:00+05:30,2941.8,2944.9,2932.2,2937.1,11430
2026-04-07T14:00:00+05:30,2936.1,2938.0,2931.2,2936.0,5394
2026-04-07T14:15:00+05:30,2935.9,2946.9,2932.0,2946.9,9317
2026-04-07T14:30:00+05:30,2946.9,2975.1,2940.9,2975.1,28962
2026-04-07T14:45:00+05:30,2975.1,2980.8,2946.7,2957.5,21924
2026-04-07T15:00:00+05:30,2957.4,3003.0,2952.8,3000.0,57891
2026-04-07T15:15:00+05:30,3000.1,3055.0,2990.0,3050.0,82382
2026-04-08T09:15:00+05:30,3173.7,3189.0,3115.0,3120.0,89111
2026-04-08T09:30:00+05:30,3121.2,3148.7,3100.0,3118.0,36306
2026-04-08T09:45:00+05:30,3118.0,3122.6,3095.0,3107.3,42464
2026-04-08T10:00:00+05:30,3104.6,3109.7,3098.0,3108.6,27450
2026-04-08T10:15:00+05:30,3106.8,3138.3,3103.5,3122.9,55533
2026-04-08T10:30:00+05:30,3123.6,3130.2,3118.3,3124.0,24005
2026-04-08T10:45:00+05:30,3124.0,3128.0,3119.0,3124.0,33738
2026-04-08T11:00:00+05:30,3124.0,3128.5,3116.5,3120.0,156376
2026-04-08T11:15:00+05:30,3120.0,3151.0,3119.7,3149.9,43001
2026-04-08T11:30:00+05:30,3146.8,3175.0,3140.1,3174.0,41884
2026-04-08T11:45:00+05:30,3173.5,3177.9,3160.0,3162.2,24948
2026-04-08T12:00:00+05:30,3160.8,3180.0,3160.0,3160.0,27507
2026-04-08T12:15:00+05:30,3161.8,3176.0,3160.0,3165.2,66399
2026-04-08T12:30:00+05:30,3164.6,3170.0,3126.0,3152.7,32512
2026-04-08T12:45:00+05:30,3149.6,3155.3,3135.6,3142.0,26615
2026-04-08T13:00:00+05:30,3142.0,3157.6,3126.0,3134.9,31683
2026-04-08T13:15:00+05:30,3132.4,3137.1,3125.7,3130.2,22511
2026-04-08T13:30:00+05:30,3130.0,3168.5,3120.0,3130.0,30782
2026-04-08T13:45:00+05:30,3130.0,3135.7,3121.3,3124.2,18646
2026-04-08T14:00:00+05:30,3124.2,3125.0,3101.5,3120.0,30413
2026-04-08T14:15:00+05:30,3119.8,3127.1,3119.5,3124.9,20293
2026-04-08T14:30:00+05:30,3123.9,3135.0,3118.5,3119.4,20639
2026-04-08T14:45:00+05:30,3119.4,3125.0,3111.0,3116.8,19547
2026-04-08T15:00:00+05:30,3117.0,3125.0,3095.5,3123.4,35441
2026-04-08T15:15:00+05:30,3123.6,3145.0,3120.0,3140.0,68502
2026-04-09T09:15:00+05:30,3159.4,3239.9,3130.2,3197.9,84240
2026-04-09T09:30:00+05:30,3197.7,3198.3,3156.5,3184.9,35686
2026-04-09T09:45:00+05:30,3182.1,3187.0,3167.0,3176.0,14518
2026-04-09T10:00:00+05:30,3175.0,3193.8,3167.7,3187.1,82946
2026-04-09T10:15:00+05:30,3185.0,3186.0,3171.1,3175.9,16646
2026-04-09T10:30:00+05:30,3175.9,3177.0,3170.0,3173.7,14123
2026-04-09T10:45:00+05:30,3173.7,3183.0,3173.3,3179.8,6105
2026-04-09T11:00:00+05:30,3179.0,3200.0,3176.2,3187.7,9927
2026-04-09T11:15:00+05:30,3187.7,3197.0,3185.0,3189.8,8847
2026-04-09T11:30:00+05:30,3189.1,3200.0,3187.0,3190.7,11463
2026-04-09T11:45:00+05:30,3192.0,3239.0,3190.0,3205.9,196342
2026-04-09T12:00:00+05:30,3206.1,3221.9,3201.0,3204.3,9704
2026-04-09T12:15:00+05:30,3204.3,3210.0,3176.1,3207.6,17500
2026-04-09T12:30:00+05:30,3208.0,3213.5,3190.2,3210.0,26219
2026-04-09T12:45:00+05:30,3210.0,3217.0,3204.4,3213.4,6529
2026-04-09T13:00:00+05:30,3213.4,3226.0,3211.1,3218.0,8563
2026-04-09T13:15:00+05:30,3218.0,3229.9,3210.9,3221.1,9650
2026-04-09T13:30:00+05:30,3221.9,3230.0,3215.9,3219.9,12509
2026-04-09T13:45:00+05:30,3220.9,3240.0,3214.3,3236.4,23933
2026-04-09T14:00:00+05:30,3237.2,3244.8,3230.0,3243.2,18648
2026-04-09T14:15:00+05:30,3242.0,3243.8,3230.1,3234.1,50810
2026-04-09T14:30:00+05:30,3236.1,3272.4,3236.1,3264.8,69828
2026-04-09T14:45:00+05:30,3262.9,3267.1,3242.0,3244.0,208099
2026-04-09T15:00:00+05:30,3243.2,3271.0,3240.5,3270.5,118506
2026-04-09T15:15:00+05:30,3270.4,3275.0,3236.7,3262.0,130771
2026-04-10T09:15:00+05:30,3275.0,3316.0,3260.0,3275.0,55435
2026-04-10T09:30:00+05:30,3275.0,3292.6,3251.0,3259.9,15569
2026-04-10T09:45:00+05:30,3260.0,3266.4,3245.4,3250.1,21528
2026-04-10T10:00:00+05:30,3251.8,3260.8,3249.7,3255.7,8833
2026-04-10T10:15:00+05:30,3255.2,3257.8,3224.4,3230.3,10416
2026-04-10T10:30:00+05:30,3232.7,3233.4,3197.0,3217.8,30873
2026-04-10T10:45:00+05:30,3216.5,3219.0,3192.0,3202.7,18315
2026-04-10T11:00:00+05:30,3202.4,3210.6,3192.3,3199.4,8198
2026-04-10T11:15:00+05:30,3199.3,3215.0,3192.8,3214.0,19166
2026-04-10T11:30:00+05:30,3215.8,3223.7,3210.7,3219.9,13112
2026-04-10T11:45:00+05:30,3219.3,3222.0,3215.0,3220.7,10531
2026-04-10T12:00:00+05:30,3220.0,3223.5,3217.0,3221.5,11311
2026-04-10T12:15:00+05:30,3221.4,3240.0,3218.1,3238.5,15584
2026-04-10T12:30:00+05:30,3237.3,3267.0,3235.1,3261.7,29052
2026-04-10T12:45:00+05:30,3260.2,3298.4,3254.0,3295.8,52863
2026-04-10T13:00:00+05:30,3296.8,3300.0,3281.0,3293.3,33546
2026-04-10T13:15:00+05:30,3293.9,3308.0,3293.0,3300.0,14831
2026-04-10T13:30:00+05:30,3300.0,3324.9,3295.0,3310.1,26833
2026-04-10T13:45:00+05:30,3310.5,3335.0,3310.0,3326.0,65918
2026-04-10T14:00:00+05:30,3326.0,3355.0,3326.0,3333.2,34967
2026-04-10T14:15:00+05:30,3332.8,3339.9,3321.7,3334.2,30643
2026-04-10T14:30:00+05:30,3333.8,3336.0,3326.0,3336.0,30426
2026-04-10T14:45:00+05:30,3333.6,3339.0,3323.1,3324.3,16771
2026-04-10T15:00:00+05:30,3323.1,3397.9,3312.3,3397.1,106656
2026-04-10T15:15:00+05:30,3397.4,3430.0,3390.0,3400.0,218550
2026-04-13T09:15:00+05:30,3348.6,3370.0,3275.0,3358.1,97385
2026-04-13T09:30:00+05:30,3359.0,3359.7,3349.2,3355.2,11979
2026-04-13T09:45:00+05:30,3354.8,3369.2,3351.8,3363.0,9782
2026-04-13T10:00:00+05:30,3363.0,3364.8,3350.0,3350.0,4559
2026-04-13T10:15:00+05:30,3352.1,3362.0,3345.9,3359.6,44928
2026-04-13T10:30:00+05:30,3360.0,3366.4,3356.3,3363.2,6435
2026-04-13T10:45:00+05:30,3362.9,3382.1,3357.2,3363.8,13740
2026-04-13T11:00:00+05:30,3363.8,3367.2,3360.9,3361.0,2413
2026-04-13T11:15:00+05:30,3362.5,3367.1,3361.0,3363.2,2651
2026-04-13T11:30:00+05:30,3363.0,3369.6,3360.0,3361.0,5307
2026-04-13T11:45:00+05:30,3361.2,3368.1,3357.3,3360.3,6405
2026-04-13T12:00:00+05:30,3361.0,3366.0,3359.5,3363.0,7275
2026-04-13T12:15:00+05:30,3363.5,3368.0,3361.8,3362.5,4761
2026-04-13T12:30:00+05:30,3362.9,3389.5,3361.2,3383.9,11233
2026-04-13T12:45:00+05:30,3383.8,3390.0,3375.0,3385.0,11349
2026-04-13T13:00:00+05:30,3385.0,3400.2,3382.0,3385.8,22427
2026-04-13T13:15:00+05:30,3387.5,3387.6,3372.4,3379.5,37231
2026-04-13T13:30:00+05:30,3379.2,3384.0,3375.0,3380.0,20071
2026-04-13T13:45:00+05:30,3379.9,3383.7,3378.0,3379.5,22891
2026-04-13T14:00:00+05:30,3378.7,3382.0,3376.2,3376.3,16804
2026-04-13T14:15:00+05:30,3377.1,3396.0,3376.5,3381.2,23222
2026-04-13T14:30:00+05:30,3379.9,3385.0,3374.9,3374.9,20661
2026-04-13T14:45:00+05:30,3374.9,3377.8,3346.6,3369.0,37649
2026-04-13T15:00:00+05:30,3369.0,3369.9,3348.8,3353.2,35996
2026-04-13T15:15:00+05:30,3355.0,3363.6,3344.0,3353.0,64103
2026-04-15T09:15:00+05:30,3380.0,3397.0,3235.3,3248.5,306234
2026-04-15T09:30:00+05:30,3248.0,3253.9,3218.2,3222.9,132979
2026-04-15T09:45:00+05:30,3223.5,3239.0,3205.7,3224.7,121322
2026-04-15T10:00:00+05:30,3225.6,3238.7,3217.0,3226.0,46755
2026-04-15T10:15:00+05:30,3226.1,3241.5,3226.0,3236.1,55845
2026-04-15T10:30:00+05:30,3236.2,3238.0,3210.6,3216.2,66784
2026-04-15T10:45:00+05:30,3216.1,3231.7,3210.0,3212.5,93216
2026-04-15T11:00:00+05:30,3212.6,3216.1,3210.0,3214.4,34075
2026-04-15T11:15:00+05:30,3214.3,3218.8,3211.1,3214.1,20856
2026-04-15T11:30:00+05:30,3213.6,3216.1,3210.0,3210.2,22075
2026-04-15T11:45:00+05:30,3210.1,3214.2,3189.4,3194.3,84573
2026-04-15T12:00:00+05:30,3194.0,3195.0,3190.0,3191.7,28013
2026-04-15T12:15:00+05:30,3191.5,3192.9,3175.1,3180.5,60997
2026-04-15T12:30:00+05:30,3181.3,3190.0,3180.1,3182.1,37524
2026-04-15T12:45:00+05:30,3182.1,3190.0,3181.3,3181.8,59870
2026-04-15T13:00:00+05:30,3182.2,3186.0,3175.4,3181.0,43432
2026-04-15T13:15:00+05:30,3180.7,3196.0,3179.6,3195.9,199183
2026-04-15T13:30:00+05:30,3195.9,3203.0,3195.0,3200.0,172073
2026-04-15T13:45:00+05:30,3200.0,3207.0,3199.5,3200.4,44532
2026-04-15T14:00:00+05:30,3200.4,3214.0,3199.5,3214.0,73869
2026-04-15T14:15:00+05:30,3214.0,3239.0,3210.0,3237.7,199865
2026-04-15T14:30:00+05:30,3238.0,3239.0,3210.0,3221.1,150472
2026-04-15T14:45:00+05:30,3221.1,3221.9,3211.0,3212.1,40567
2026-04-15T15:00:00+05:30,3212.1,3225.0,3205.1,3223.4,95877
2026-04-15T15:15:00+05:30,3223.4,3226.0,3215.0,3225.1,189403
2026-04-16T09:15:00+05:30,3247.0,3264.0,3231.0,3231.3,62751
2026-04-16T09:30:00+05:30,3233.2,3233.2,3212.1,3215.5,25156
2026-04-16T09:45:00+05:30,3216.8,3242.9,3216.3,3234.2,88194
2026-04-16T10:00:00+05:30,3232.7,3239.0,3227.2,3231.0,8044
2026-04-16T10:15:00+05:30,3231.0,3233.4,3225.8,3230.0,5556
2026-04-16T10:30:00+05:30,3230.3,3235.0,3230.0,3233.2,4901
2026-04-16T10:45:00+05:30,3233.2,3244.0,3231.5,3242.8,10245
2026-04-16T11:00:00+05:30,3242.7,3243.0,3233.0,3236.3,7939
2026-04-16T11:15:00+05:30,3236.1,3236.3,3230.1,3231.9,2319
2026-04-16T11:30:00+05:30,3233.0,3238.9,3232.0,3233.5,10516
2026-04-16T11:45:00+05:30,3233.5,3233.6,3225.0,3226.9,9093
2026-04-16T12:00:00+05:30,3226.5,3230.1,3225.0,3228.8,7386
2026-04-16T12:15:00+05:30,3228.8,3229.9,3225.0,3225.0,125391
2026-04-16T12:30:00+05:30,3225.2,3233.9,3220.0,3232.6,27544
2026-04-16T12:45:00+05:30,3233.5,3254.4,3228.8,3230.1,43267
2026-04-16T13:00:00+05:30,3230.1,3234.4,3227.8,3233.7,6313
2026-04-16T13:15:00+05:30,3233.0,3238.5,3228.1,3231.5,12498
2026-04-16T13:30:00+05:30,3231.5,3252.0,3231.0,3243.0,23833
2026-04-16T13:45:00+05:30,3243.0,3262.0,3240.9,3258.5,47355
2026-04-16T14:00:00+05:30,3259.0,3275.0,3253.3,3260.0,61206
2026-04-16T14:15:00+05:30,3259.1,3275.0,3254.2,3273.0,18224
2026-04-16T14:30:00+05:30,3273.0,3290.9,3271.2,3274.2,49099
2026-04-16T14:45:00+05:30,3274.7,3285.0,3265.2,3277.2,24791
2026-04-16T15:00:00+05:30,3277.0,3309.0,3270.4,3300.0,82278
2026-04-16T15:15:00+05:30,3300.0,3301.0,3290.0,3295.0,49353
2026-04-17T09:15:00+05:30,3304.0,3320.0,3260.0,3291.3,37571
2026-04-17T09:30:00+05:30,3291.4,3300.8,3280.0,3291.4,13499
2026-04-17T09:45:00+05:30,3291.0,3308.8,3286.3,3298.0,17276
2026-04-17T10:00:00+05:30,3298.0,3320.0,3298.0,3318.0,15584
2026-04-17T10:15:00+05:30,3317.9,3323.8,3311.2,3320.3,13264
2026-04-17T10:30:00+05:30,3320.3,3323.0,3301.5,3315.6,28825
2026-04-17T10:45:00+05:30,3316.6,3318.5,3296.9,3310.1,17055
2026-04-17T11:00:00+05:30,3310.2,3326.0,3304.7,3323.1,12270
2026-04-17T11:15:00+05:30,3323.4,3347.0,3323.1,3344.0,16830
2026-04-17T11:30:00+05:30,3344.0,3351.9,3334.2,3349.5,22316
2026-04-17T11:45:00+05:30,3349.0,3362.0,3343.3,3345.8,21864
2026-04-17T12:00:00+05:30,3347.8,3357.0,3341.9,3346.1,72518
2026-04-17T12:15:00+05:30,3346.4,3360.0,3338.0,3359.8,13164
2026-04-17T12:30:00+05:30,3359.7,3365.6,3354.3,3362.2,12183
2026-04-17T12:45:00+05:30,3361.7,3364.4,3346.7,3360.0,65002
2026-04-17T13:00:00+05:30,3359.9,3375.0,3358.2,3373.9,46025
2026-04-17T13:15:00+05:30,3373.8,3374.5,3365.7,3373.9,20328
2026-04-17T13:30:00+05:30,3373.8,3375.0,3363.0,3373.4,28210
2026-04-17T13:45:00+05:30,3373.9,3374.0,3350.2,3358.3,21359
2026-04-17T14:00:00+05:30,3357.1,3380.0,3356.3,3368.0,18460
2026-04-17T14:15:00+05:30,3368.0,3371.0,3360.0,3369.2,8448
2026-04-17T14:30:00+05:30,3368.4,3373.9,3364.9,3370.0,8978
2026-04-17T14:45:00+05:30,3372.1,3373.0,3349.9,3363.7,23297
2026-04-17T15:00:00+05:30,3363.7,3370.0,3325.2,3330.1,42232
2026-04-17T15:15:00+05:30,3330.1,3340.8,3305.7,3329.9,49189
2026-04-20T09:15:00+05:30,3338.9,3389.1,3331.0,3347.8,51393
2026-04-20T09:30:00+05:30,3346.0,3359.3,3327.1,3352.0,22462
2026-04-20T09:45:00+05:30,3351.0,3351.0,3330.0,3335.3,11616
2026-04-20T10:00:00+05:30,3335.3,3353.4,3334.0,3350.7,6516
2026-04-20T10:15:00+05:30,3350.8,3351.9,3342.2,3345.2,4064
2026-04-20T10:30:00+05:30,3345.2,3351.8,3338.9,3345.5,6891
2026-04-20T10:45:00+05:30,3346.7,3352.1,3337.5,3349.8,8218
2026-04-20T11:00:00+05:30,3350.0,3350.0,3333.8,3335.6,12685
2026-04-20T11:15:00+05:30,3335.6,3341.9,3334.6,3339.3,6558
2026-04-20T11:30:00+05:30,3339.3,3341.0,3331.0,3331.3,6464
2026-04-20T11:45:00+05:30,3331.3,3345.8,3326.8,3345.8,13632
2026-04-20T12:00:00+05:30,3345.8,3360.0,3342.5,3360.0,11714
2026-04-20T12:15:00+05:30,3359.4,3369.9,3356.9,3369.5,11359
2026-04-20T12:30:00+05:30,3369.3,3369.5,3347.7,3349.1,10086
2026-04-20T12:45:00+05:30,3349.0,3350.0,3340.3,3343.0,8616
2026-04-20T13:00:00+05:30,3343.0,3349.0,3338.0,3342.0,11780
2026-04-20T13:15:00+05:30,3342.9,3346.9,3315.8,3321.9,19090
2026-04-20T13:30:00+05:30,3322.6,3323.1,3310.0,3314.9,11442
2026-04-20T13:45:00+05:30,3313.3,3314.9,3300.0,3302.5,13901
2026-04-20T14:00:00+05:30,3302.5,3303.0,3286.5,3297.6,21846
2026-04-20T14:15:00+05:30,3299.2,3304.9,3295.0,3302.3,11903
2026-04-20T14:30:00+05:30,3302.8,3317.0,3292.9,3315.0,23298
2026-04-20T14:45:00+05:30,3314.9,3321.5,3305.4,3306.9,17217
2026-04-20T15:00:00+05:30,3307.2,3320.0,3300.0,3300.2,22908
2026-04-20T15:15:00+05:30,3300.0,3300.4,3272.1,3291.0,35024
2026-04-21T09:15:00+05:30,3320.0,3339.0,3308.7,3325.0,15416
2026-04-21T09:30:00+05:30,3325.0,3336.7,3323.7,3334.7,7383
2026-04-21T09:45:00+05:30,3333.6,3350.0,3330.0,3347.1,9092
2026-04-21T10:00:00+05:30,3346.8,3359.8,3346.7,3358.9,8873
2026-04-21T10:15:00+05:30,3356.8,3359.0,3353.2,3354.7,6331
2026-04-21T10:30:00+05:30,3354.7,3359.9,3350.8,3353.9,12998
2026-04-21T10:45:00+05:30,3355.8,3368.9,3344.0,3365.0,11260
2026-04-21T11:00:00+05:30,3365.0,3369.9,3362.0,3369.9,7337
2026-04-21T11:15:00+05:30,3369.9,3380.0,3368.0,3378.2,32508
2026-04-21T11:30:00+05:30,3377.2,3388.0,3372.0,3373.8,13714
2026-04-21T11:45:00+05:30,3373.5,3404.0,3373.5,3400.3,40250
2026-04-21T12:00:00+05:30,3401.1,3415.0,3396.1,3403.7,21037
2026-04-21T12:15:00+05:30,3403.4,3423.8,3382.0,3420.0,35941
2026-04-21T12:30:00+05:30,3420.0,3428.6,3413.0,3425.0,15056
2026-04-21T12:45:00+05:30,3425.0,3451.0,3424.5,3451.0,42875
2026-04-21T13:00:00+05:30,3451.0,3463.7,3443.7,3448.2,39951
2026-04-21T13:15:00+05:30,3447.6,3455.0,3431.0,3453.9,35611
2026-04-21T13:30:00+05:30,3453.0,3453.8,3436.0,3445.7,15224
2026-04-21T13:45:00+05:30,3445.9,3450.0,3432.3,3447.0,16647
2026-04-21T14:00:00+05:30,3447.0,3450.0,3441.1,3449.9,27813
2026-04-21T14:15:00+05:30,3449.9,3460.0,3445.9,3457.0,19767
2026-04-21T14:30:00+05:30,3457.0,3504.9,3451.6,3503.4,85038
2026-04-21T14:45:00+05:30,3502.0,3509.8,3500.8,3508.3,48389
2026-04-21T15:00:00+05:30,3508.0,3512.7,3501.0,3504.2,44198
2026-04-21T15:15:00+05:30,3504.0,3540.9,3501.0,3540.0,180579
2026-04-22T09:15:00+05:30,3523.9,3597.5,3484.2,3491.7,98971
2026-04-22T09:30:00+05:30,3492.2,3498.3,3470.2,3477.8,29274
2026-04-22T09:45:00+05:30,3478.5,3485.7,3463.9,3479.0,14018
2026-04-22T10:00:00+05:30,3477.7,3499.7,3474.0,3492.0,14289
2026-04-22T10:15:00+05:30,3492.0,3517.0,3492.0,3506.1,25104
2026-04-22T10:30:00+05:30,3506.1,3510.0,3496.3,3500.7,9593
2026-04-22T10:45:00+05:30,3500.8,3503.7,3495.4,3498.4,4542
2026-04-22T11:00:00+05:30,3498.3,3503.8,3480.6,3480.6,12115
2026-04-22T11:15:00+05:30,3483.1,3491.2,3466.1,3466.5,12960
2026-04-22T11:30:00+05:30,3467.9,3474.3,3464.0,3466.0,12595
2026-04-22T11:45:00+05:30,3466.0,3470.7,3458.0,3466.9,8270
2026-04-22T12:00:00+05:30,3465.4,3467.5,3456.0,3459.9,6139
2026-04-22T12:15:00+05:30,3457.2,3464.7,3455.0,3458.0,5477
2026-04-22T12:30:00+05:30,3458.1,3464.0,3456.0,3458.2,4479
2026-04-22T12:45:00+05:30,3457.8,3460.0,3441.8,3444.4,12692
2026-04-22T13:00:00+05:30,3445.0,3461.7,3426.1,3432.5,24404
2026-04-22T13:15:00+05:30,3432.3,3437.3,3419.0,3422.2,11013
2026-04-22T13:30:00+05:30,3422.0,3447.8,3420.0,3430.1,14702
2026-04-22T13:45:00+05:30,3429.0,3431.6,3409.2,3418.0,17967
2026-04-22T14:00:00+05:30,3418.4,3429.0,3415.0,3425.6,13692
2026-04-22T14:15:00+05:30,3423.2,3428.0,3420.0,3424.9,10889
2026-04-22T14:30:00+05:30,3423.5,3427.5,3421.1,3425.7,10312
2026-04-22T14:45:00+05:30,3425.3,3431.7,3421.5,3431.7,14823
2026-04-22T15:00:00+05:30,3430.1,3434.0,3429.6,3431.4,23981
2026-04-22T15:15:00+05:30,3431.5,3436.0,3430.0,3431.5,30835
2026-04-23T09:15:00+05:30,3429.9,3455.0,3406.0,3407.6,14845
2026-04-23T09:30:00+05:30,3407.0,3447.9,3401.0,3420.0,10332
2026-04-23T09:45:00+05:30,3419.5,3431.6,3414.6,3422.8,3503
2026-04-23T10:00:00+05:30,3423.3,3448.8,3420.0,3439.3,10720
2026-04-23T10:15:00+05:30,3439.3,3441.9,3421.9,3422.4,7715
2026-04-23T10:30:00+05:30,3422.3,3426.3,3417.2,3418.0,4258
2026-04-23T10:45:00+05:30,3419.9,3423.3,3402.1,3411.1,8123
2026-04-23T11:00:00+05:30,3411.1,3421.0,3410.9,3413.0,6664
2026-04-23T11:15:00+05:30,3413.3,3416.8,3410.0,3411.0,3031
2026-04-23T11:30:00+05:30,3411.4,3415.0,3408.1,3413.4,3063
2026-04-23T11:45:00+05:30,3413.4,3424.8,3411.6,3421.2,4560
2026-04-23T12:00:00+05:30,3421.2,3429.8,3408.0,3421.1,14596
2026-04-23T12:15:00+05:30,3421.1,3427.2,3385.3,3391.8,17287
2026-04-23T12:30:00+05:30,3391.5,3398.9,3386.0,3393.1,4533
2026-04-23T12:45:00+05:30,3393.3,3398.0,3390.2,3391.9,2705
2026-04-23T13:00:00+05:30,3391.9,3397.4,3385.9,3387.3,2535
2026-04-23T13:15:00+05:30,3387.6,3387.9,3366.8,3368.2,14177
2026-04-23T13:30:00+05:30,3368.2,3397.9,3364.1,3380.9,14871
2026-04-23T13:45:00+05:30,3380.7,3380.9,3368.0,3369.0,12375
2026-04-23T14:00:00+05:30,3369.9,3370.5,3345.0,3345.5,19874
2026-04-23T14:15:00+05:30,3345.2,3354.2,3336.4,3340.0,15618
2026-04-23T14:30:00+05:30,3338.5,3340.0,3322.0,3331.7,16217
2026-04-23T14:45:00+05:30,3332.6,3350.0,3332.6,3345.4,7611
2026-04-23T15:00:00+05:30,3346.2,3357.6,3346.0,3350.2,13797
2026-04-23T15:15:00+05:30,3350.2,3350.5,3332.0,3339.0,25832
2026-04-24T09:15:00+05:30,3360.3,3367.4,3305.7,3331.1,24465
2026-04-24T09:30:00+05:30,3332.0,3343.0,3321.0,3330.4,10954
2026-04-24T09:45:00+05:30,3333.0,3337.8,3312.2,3322.1,8713
2026-04-24T10:00:00+05:30,3321.7,3343.0,3317.0,3339.0,9145
2026-04-24T10:15:00+05:30,3338.6,3375.0,3331.0,3372.0,14361
2026-04-24T10:30:00+05:30,3374.0,3394.0,3368.0,3388.9,14882
2026-04-24T10:45:00+05:30,3389.7,3392.4,3381.8,3389.0,10379
2026-04-24T11:00:00+05:30,3389.0,3390.0,3381.0,3385.1,6787
2026-04-24T11:15:00+05:30,3385.1,3390.0,3382.0,3385.0,6222
2026-04-24T11:30:00+05:30,3385.0,3399.0,3335.0,3337.0,28547
2026-04-24T11:45:00+05:30,3337.0,3344.8,3319.3,3323.8,13156
2026-04-24T12:00:00+05:30,3323.8,3329.9,3316.8,3326.0,7041
2026-04-24T12:15:00+05:30,3326.0,3330.0,3321.0,3321.0,7435
2026-04-24T12:30:00+05:30,3321.2,3328.3,3317.1,3321.7,5489
2026-04-24T12:45:00+05:30,3321.6,3333.8,3303.0,3306.3,11918
2026-04-24T13:00:00+05:30,3308.8,3308.9,3292.1,3292.9,9739
2026-04-24T13:15:00+05:30,3293.0,3299.3,3291.1,3299.3,5718
2026-04-24T13:30:00+05:30,3297.1,3309.0,3295.0,3300.4,6934
2026-04-24T13:45:00+05:30,3300.4,3304.0,3293.3,3293.3,9630
2026-04-24T14:00:00+05:30,3293.3,3308.0,3293.3,3301.7,7134
2026-04-24T14:15:00+05:30,3301.7,3319.0,3301.7,3314.2,8413
2026-04-24T14:30:00+05:30,3314.7,3319.2,3307.0,3310.2,6275
2026-04-24T14:45:00+05:30,3309.8,3320.9,3306.1,3317.3,8899
2026-04-24T15:00:00+05:30,3317.9,3317.9,3284.4,3287.0,22652
2026-04-24T15:15:00+05:30,3287.0,3298.9,3279.1,3291.1,24911
