datetime,open,high,low,close,volume
2023-11-29T09:30:00+05:30,50.0,50.0,50.0,50.0,86217551
2023-11-29T10:00:00+05:30,50.8,55.7,50.8,54.2,182402035
2023-11-29T10:15:00+05:30,54.15,55.65,53.5,55.15,44308196
2023-11-29T10:30:00+05:30,55.15,55.25,54.05,54.05,17282073
2023-11-29T10:45:00+05:30,54.1,54.6,54.0,54.5,13911129
2023-11-29T11:00:00+05:30,54.45,55.0,54.4,54.65,10573600
2023-11-29T11:15:00+05:30,54.7,55.85,54.65,55.6,20216746
2023-11-29T11:30:00+05:30,55.6,57.7,55.55,57.6,40237675
2023-11-29T11:45:00+05:30,57.65,58.9,56.6,58.6,35109521
2023-11-29T12:00:00+05:30,58.65,59.65,58.3,59.5,31153596
2023-11-29T12:15:00+05:30,59.45,59.85,59.15,59.15,19293038
2023-11-29T12:30:00+05:30,59.1,59.7,58.75,59.45,14081812
2023-11-29T12:45:00+05:30,59.4,59.75,59.15,59.45,10188960
2023-11-29T13:00:00+05:30,59.45,60.0,59.15,59.5,29162259
2023-11-29T13:15:00+05:30,59.45,60.0,59.4,60.0,7082429
2023-11-29T13:30:00+05:30,60.0,60.0,60.0,60.0,1345315
2023-11-29T13:45:00+05:30,60.0,60.0,60.0,60.0,888089
2023-11-29T14:00:00+05:30,60.0,60.0,60.0,60.0,564857
2023-11-29T14:15:00+05:30,60.0,60.0,60.0,60.0,387553
2023-11-29T14:30:00+05:30,60.0,60.0,60.0,60.0,634674
2023-11-29T14:45:00+05:30,60.0,60.0,60.0,60.0,361726
2023-11-29T15:00:00+05:30,60.0,60.0,60.0,60.0,414774
2023-11-29T15:15:00+05:30,60.0,60.0,60.0,60.0,716977
2023-11-30T09:15:00+05:30,64.3,68.9,64.3,67.2,99734603
2023-11-30T09:30:00+05:30,67.2,68.0,66.25,67.75,25957029
2023-11-30T09:45:00+05:30,67.7,67.85,66.0,66.55,17673643
2023-11-30T10:00:00+05:30,66.6,66.7,62.65,64.1,35365810
2023-11-30T10:15:00+05:30,64.2,64.4,60.65,63.1,29282851
2023-11-30T10:30:00+05:30,63.1,64.9,62.4,64.75,15808321
2023-11-30T10:45:00+05:30,64.75,65.4,64.6,64.95,13327162
2023-11-30T11:00:00+05:30,65.0,66.0,64.95,65.7,9738218
2023-11-30T11:15:00+05:30,65.7,65.9,65.15,65.65,5419922
2023-11-30T11:30:00+05:30,65.7,65.9,65.45,65.6,4209993
2023-11-30T11:45:00+05:30,65.6,65.65,65.1,65.3,4179578
2023-11-30T12:00:00+05:30,65.3,67.3,65.05,66.7,14118259
2023-11-30T12:15:00+05:30,66.75,67.3,66.5,66.6,6898772
2023-11-30T12:30:00+05:30,66.55,67.95,66.2,67.2,13659098
2023-11-30T12:45:00+05:30,67.15,67.8,66.9,67.6,7102392
2023-11-30T13:00:00+05:30,67.6,68.0,67.2,67.3,7243103
2023-11-30T13:15:00+05:30,67.3,67.9,67.25,67.35,4307889
2023-11-30T13:30:00+05:30,67.35,67.45,66.2,66.75,7188772
2023-11-30T13:45:00+05:30,66.75,67.8,66.65,67.55,6043964
2023-11-30T14:00:00+05:30,67.55,67.7,67.1,67.3,5077665
2023-11-30T14:15:00+05:30,67.3,67.65,67.2,67.4,3238115
2023-11-30T14:30:00+05:30,67.35,67.6,66.7,66.75,7141800
2023-11-30T14:45:00+05:30,66.8,67.2,66.1,66.2,6946782
2023-11-30T15:00:00+05:30,66.2,66.2,64.3,65.4,13819517
2023-11-30T15:15:00+05:30,65.4,66.1,64.8,66.0,14533000
2023-12-01T09:15:00+05:30,67.0,68.3,65.05,66.35,21905835
2023-12-01T09:15:00+05:30,67.0,68.3,65.05,66.35,21905835
2023-12-01T09:30:00+05:30,66.4,66.65,65.25,66.3,10658617
2023-12-01T09:45:00+05:30,66.25,66.3,65.5,65.8,5146747
2023-12-01T10:00:00+05:30,65.8,65.8,64.0,64.25,15246873
2023-12-01T10:15:00+05:30,64.25,65.1,63.8,64.3,9513246
2023-12-01T10:30:00+05:30,64.25,65.6,64.25,65.05,6027149
2023-12-01T10:45:00+05:30,65.1,65.1,64.65,64.9,2335466
2023-12-01T11:00:00+05:30,64.9,64.9,64.35,64.35,2769680
2023-12-01T11:15:00+05:30,64.45,64.5,63.85,64.5,4705301
2023-12-01T11:30:00+05:30,64.5,64.85,64.05,64.35,4732264
2023-12-01T11:45:00+05:30,64.3,64.45,63.85,64.3,3941049
2023-12-01T12:00:00+05:30,64.25,64.35,64.1,64.35,1294937
2023-12-01T12:15:00+05:30,64.35,64.5,63.75,64.15,3855458
2023-12-01T12:30:00+05:30,64.15,64.5,63.9,64.25,1947390
2023-12-01T12:45:00+05:30,64.2,64.25,63.5,63.75,5120998
2023-12-01T13:00:00+05:30,63.75,63.8,62.3,62.95,8140407
2023-12-01T13:15:00+05:30,62.95,63.25,62.5,62.95,3143778
2023-12-01T13:30:00+05:30,63.0,63.8,62.95,63.45,3217229
2023-12-01T13:45:00+05:30,63.45,63.75,63.25,63.6,1458086
2023-12-01T14:00:00+05:30,63.6,64.4,63.6,63.95,4912502
2023-12-01T14:15:00+05:30,64.0,64.05,63.55,63.55,1812002
2023-12-01T14:30:00+05:30,63.6,63.7,63.25,63.25,2322894
2023-12-01T14:45:00+05:30,63.25,63.5,63.15,63.25,2715848
2023-12-01T15:00:00+05:30,63.25,63.25,62.65,62.8,5380764
2023-12-01T15:15:00+05:30,62.8,63.0,62.5,62.7,9465065
2023-12-04T09:15:00+05:30,64.9,65.55,63.75,63.95,10890300
2023-12-04T09:30:00+05:30,63.95,64.0,63.2,63.25,3992281
2023-12-04T09:45:00+05:30,63.15,63.55,63.15,63.55,3017362
2023-12-04T10:00:00+05:30,63.55,64.45,63.55,64.3,5699808
2023-12-04T10:15:00+05:30,64.2,64.3,63.85,64.1,1953918
2023-12-04T10:30:00+05:30,64.2,64.3,64.0,64.1,1246206
2023-12-04T10:45:00+05:30,64.05,64.8,64.0,64.4,2527829
2023-12-04T11:00:00+05:30,64.4,64.55,64.2,64.4,1230928
2023-12-04T11:15:00+05:30,64.4,64.4,64.25,64.35,942549
2023-12-04T11:30:00+05:30,64.3,64.35,64.1,64.25,811670
2023-12-04T11:45:00+05:30,64.3,64.4,64.25,64.35,591690
2023-12-04T12:00:00+05:30,64.4,64.4,64.15,64.25,550739
2023-12-04T12:15:00+05:30,64.25,64.25,63.9,64.05,1094120
2023-12-04T12:30:00+05:30,64.1,64.4,64.05,64.4,800165
2023-12-04T12:45:00+05:30,64.7,65.1,64.35,64.9,5459829
2023-12-04T13:00:00+05:30,64.85,64.9,64.1,64.25,1816546
2023-12-04T13:15:00+05:30,64.25,64.6,64.2,64.55,1178569
2023-12-04T13:30:00+05:30,64.5,64.6,64.3,64.4,660804
2023-12-04T13:45:00+05:30,64.3,64.4,64.2,64.25,545593
2023-12-04T14:00:00+05:30,64.25,64.35,63.8,63.9,1576951
2023-12-04T14:15:00+05:30,63.85,64.0,63.75,64.0,1047605
2023-12-04T14:30:00+05:30,63.95,64.35,63.95,64.2,1216049
2023-12-04T14:45:00+05:30,64.15,64.5,64.1,64.35,1544423
2023-12-04T15:00:00+05:30,64.35,64.7,64.3,64.55,2597052
2023-12-04T15:15:00+05:30,64.55,64.75,64.3,64.7,4757900
2023-12-05T09:15:00+05:30,64.9,64.9,64.0,64.75,4250369
2023-12-05T09:30:00+05:30,64.75,64.75,64.2,64.3,1766409
2023-12-05T09:45:00+05:30,64.3,64.4,64.2,64.3,1413174
2023-12-05T10:00:00+05:30,64.3,64.3,63.9,63.95,3918965
2023-12-05T10:15:00+05:30,63.95,64.2,63.85,63.9,1585193
2023-12-05T10:30:00+05:30,63.9,64.0,63.4,63.65,1966676
2023-12-05T10:45:00+05:30,63.6,63.75,63.5,63.6,1297935
2023-12-05T11:00:00+05:30,63.6,63.7,63.55,63.65,739047
2023-12-05T11:15:00+05:30,63.6,63.7,63.45,63.45,915020
2023-12-05T11:30:00+05:30,63.5,63.5,63.15,63.2,1307121
2023-12-05T11:45:00+05:30,63.2,63.25,63.05,63.25,1320074
2023-12-05T12:00:00+05:30,63.25,63.3,63.1,63.2,657478
2023-12-05T12:15:00+05:30,63.2,63.7,63.15,63.65,712211
2023-12-05T12:30:00+05:30,63.6,63.65,63.3,63.55,616595
2023-12-05T12:45:00+05:30,63.55,63.7,63.4,63.5,1759561
2023-12-05T13:00:00+05:30,63.5,63.6,63.3,63.4,619169
2023-12-05T13:15:00+05:30,63.4,63.4,63.2,63.3,511177
2023-12-05T13:30:00+05:30,63.25,63.4,63.2,63.25,559870
2023-12-05T13:45:00+05:30,63.25,63.3,63.2,63.25,621854
2023-12-05T14:00:00+05:30,63.2,63.3,63.15,63.15,579942
2023-12-05T14:15:00+05:30,63.15,63.3,63.15,63.2,627417
2023-12-05T14:30:00+05:30,63.2,63.25,63.05,63.1,1167125
2023-12-05T14:45:00+05:30,63.05,63.2,63.05,63.05,1666989
2023-12-05T15:00:00+05:30,63.0,63.2,63.0,63.0,2002096
2023-12-05T15:15:00+05:30,63.0,63.15,62.85,63.1,3334567
2023-12-06T09:15:00+05:30,63.5,63.8,61.8,61.85,6174314
2023-12-06T09:30:00+05:30,61.9,62.05,61.5,61.55,2814060
2023-12-06T09:45:00+05:30,61.6,62.3,61.55,62.1,2137864
2023-12-06T10:00:00+05:30,62.0,62.2,62.0,62.1,969689
2023-12-06T10:15:00+05:30,62.05,62.2,61.9,62.0,826246
2023-12-06T10:30:00+05:30,62.0,62.15,61.95,62.1,850745
2023-12-06T10:45:00+05:30,62.05,62.2,61.95,62.1,744683
2023-12-06T11:00:00+05:30,62.1,62.1,62.0,62.05,487085
2023-12-06T11:15:00+05:30,62.05,62.2,62.0,62.05,629467
2023-12-06T11:30:00+05:30,62.05,62.15,62.0,62.0,527953
2023-12-06T11:45:00+05:30,62.0,62.1,62.0,62.0,384304
2023-12-06T12:00:00+05:30,62.0,62.1,61.95,62.05,523207
2023-12-06T12:15:00+05:30,62.1,62.25,62.05,62.25,825821
2023-12-06T12:30:00+05:30,62.35,62.7,62.3,62.35,1458725
2023-12-06T12:45:00+05:30,62.4,62.4,62.2,62.35,470489
2023-12-06T13:00:00+05:30,62.3,62.7,62.25,62.55,900367
2023-12-06T13:15:00+05:30,62.55,62.55,62.3,62.45,693794
2023-12-06T13:30:00+05:30,62.4,62.9,62.4,62.75,915157
2023-12-06T13:45:00+05:30,62.75,63.3,62.65,63.3,2140618
2023-12-06T14:00:00+05:30,63.35,63.9,63.1,63.75,3109299
2023-12-06T14:15:00+05:30,63.8,64.95,63.8,64.35,8221212
2023-12-06T14:30:00+05:30,64.35,64.55,63.75,63.85,2859701
2023-12-06T14:45:00+05:30,63.85,64.5,63.65,64.2,2049588
2023-12-06T15:00:00+05:30,64.2,64.4,63.65,64.2,2624893
2023-12-06T15:15:00+05:30,64.2,64.45,63.9,64.0,3327243
2023-12-07T09:15:00+05:30,64.15,64.3,63.5,63.7,2093781
2023-12-07T09:30:00+05:30,63.75,64.4,63.6,64.35,1411377
2023-12-07T09:45:00+05:30,64.35,64.85,64.35,64.45,2614942
2023-12-07T10:00:00+05:30,64.4,64.5,64.05,64.35,841717
2023-12-07T10:15:00+05:30,64.35,64.65,64.25,64.35,1090547
2023-12-07T10:30:00+05:30,64.4,64.45,64.25,64.35,550674
2023-12-07T10:45:00+05:30,64.4,64.5,64.35,64.45,586149
2023-12-07T11:00:00+05:30,64.45,64.65,64.4,64.5,748552
2023-12-07T11:15:00+05:30,64.55,64.55,64.35,64.35,405655
2023-12-07T11:30:00+05:30,64.4,64.55,64.35,64.4,449645
2023-12-07T11:45:00+05:30,64.4,64.5,64.3,64.4,586514
2023-12-07T12:00:00+05:30,64.4,64.45,64.3,64.4,373293
2023-12-07T12:15:00+05:30,64.35,64.5,64.3,64.4,384714
2023-12-07T12:30:00+05:30,64.4,64.5,64.3,64.35,374943
2023-12-07T12:45:00+05:30,64.4,64.4,63.7,63.9,1572593
2023-12-07T13:00:00+05:30,63.85,63.95,63.65,63.75,781719
2023-12-07T13:15:00+05:30,63.75,63.95,63.7,63.9,391216
2023-12-07T13:30:00+05:30,63.9,63.9,63.8,63.9,394364
2023-12-07T13:45:00+05:30,63.85,64.15,63.8,64.0,578439
2023-12-07T14:00:00+05:30,64.05,64.45,64.0,64.05,992792
2023-12-07T14:15:00+05:30,64.0,64.4,64.0,64.35,787987
2023-12-07T14:30:00+05:30,64.4,64.4,64.1,64.3,709464
2023-12-07T14:45:00+05:30,64.35,64.4,64.15,64.2,658483
2023-12-07T15:00:00+05:30,64.25,64.35,64.1,64.3,1584377
2023-12-07T15:15:00+05:30,64.3,64.3,64.05,64.1,2040157
2023-12-08T09:15:00+05:30,64.2,68.25,64.2,68.0,19347762
2023-12-08T09:30:00+05:30,68.0,69.9,67.9,68.9,25852603
2023-12-08T09:45:00+05:30,68.85,69.0,68.25,68.65,9178098
2023-12-08T10:00:00+05:30,68.65,71.25,68.55,70.7,22320389
2023-12-08T10:15:00+05:30,70.85,73.35,70.75,71.9,31361974
2023-12-08T10:30:00+05:30,72.0,73.65,72.0,73.2,14374898
2023-12-08T10:45:00+05:30,73.15,73.6,72.75,72.95,8826335
2023-12-08T11:00:00+05:30,72.9,73.05,71.2,72.0,12617592
2023-12-08T11:15:00+05:30,71.9,72.4,71.45,71.5,4224420
2023-12-08T11:30:00+05:30,71.45,72.05,71.25,71.75,4185709
2023-12-08T11:45:00+05:30,71.75,72.5,71.6,72.45,4300821
2023-12-08T12:00:00+05:30,72.45,72.7,72.05,72.15,3204360
2023-12-08T12:15:00+05:30,72.05,72.2,71.4,71.45,3241612
2023-12-08T12:30:00+05:30,71.45,71.65,70.75,70.85,5552472
2023-12-08T12:45:00+05:30,70.8,70.9,70.25,70.35,4508912
2023-12-08T13:00:00+05:30,70.35,70.45,69.7,70.25,5801184
2023-12-08T13:15:00+05:30,70.25,70.3,69.8,70.15,3537908
2023-12-08T13:30:00+05:30,70.1,70.2,68.8,68.9,5517403
2023-12-08T13:45:00+05:30,68.85,69.35,68.8,69.05,4440754
2023-12-08T14:00:00+05:30,69.15,69.6,69.0,69.3,4192896
2023-12-08T14:15:00+05:30,69.3,69.3,68.6,69.0,3536092
2023-12-08T14:30:00+05:30,69.0,70.3,69.0,69.7,5338986
2023-12-08T14:45:00+05:30,69.7,69.8,69.3,69.7,3187985
2023-12-08T15:00:00+05:30,69.65,70.9,69.2,70.75,9734851
2023-12-08T15:15:00+05:30,70.75,71.8,70.3,71.55,13787213
2023-12-11T09:15:00+05:30,74.0,76.35,73.4,75.95,34421808
2023-12-11T09:30:00+05:30,75.85,76.9,74.8,76.9,17457089
2023-12-11T09:45:00+05:30,77.0,79.75,76.9,79.0,35526095
2023-12-11T10:00:00+05:30,79.0,82.7,78.3,82.7,31572387
2023-12-11T10:15:00+05:30,82.75,84.3,82.75,83.45,27777645
2023-12-11T10:30:00+05:30,83.5,83.6,82.35,83.0,10698610
2023-12-11T10:45:00+05:30,82.95,84.2,82.8,83.95,9396718
2023-12-11T11:00:00+05:30,83.95,85.0,83.8,85.0,19209188
2023-12-11T11:15:00+05:30,85.0,85.0,85.0,85.0,689030
2023-12-11T11:30:00+05:30,85.0,85.0,85.0,85.0,308888
2023-12-11T11:45:00+05:30,85.0,85.0,85.0,85.0,223241
2023-12-11T12:00:00+05:30,85.0,85.0,85.0,85.0,182890
2023-12-11T12:15:00+05:30,85.0,85.0,85.0,85.0,115966
2023-12-11T12:30:00+05:30,85.0,85.0,85.0,85.0,136670
2023-12-11T12:45:00+05:30,85.0,85.0,85.0,85.0,129398
2023-12-11T13:00:00+05:30,85.0,85.0,85.0,85.0,96920
2023-12-11T13:15:00+05:30,85.0,85.0,85.0,85.0,93099
2023-12-11T13:30:00+05:30,85.0,85.0,85.0,85.0,78623
2023-12-11T13:45:00+05:30,85.0,85.0,85.0,85.0,75706
2023-12-11T14:00:00+05:30,85.0,85.0,85.0,85.0,82787
2023-12-11T14:15:00+05:30,85.0,85.0,85.0,85.0,91376
2023-12-11T14:30:00+05:30,85.0,85.0,85.0,85.0,80785
2023-12-11T14:45:00+05:30,85.0,85.0,85.0,85.0,81655
2023-12-11T15:00:00+05:30,85.0,85.0,85.0,85.0,103410
2023-12-11T15:15:00+05:30,85.0,85.0,85.0,85.0,268234
2023-12-12T09:15:00+05:30,94.0,99.8,93.0,99.55,85536048
2023-12-12T09:30:00+05:30,99.6,101.4,97.65,101.0,31895782
2023-12-12T09:45:00+05:30,101.0,102.0,98.55,98.6,49245074
2023-12-12T10:00:00+05:30,98.7,99.75,95.3,97.15,27148518
2023-12-12T10:15:00+05:30,97.1,97.45,95.7,96.25,11237660
2023-12-12T10:30:00+05:30,96.35,96.45,94.65,95.8,12378220
2023-12-12T10:45:00+05:30,95.7,97.65,95.65,97.35,7350198
2023-12-12T11:00:00+05:30,97.35,99.0,97.2,98.9,6974848
2023-12-12T11:15:00+05:30,98.85,99.25,97.85,98.7,6176295
2023-12-12T11:30:00+05:30,98.7,99.75,98.4,99.3,6138273
2023-12-12T11:45:00+05:30,99.25,99.3,98.6,98.8,3179747
2023-12-12T12:00:00+05:30,98.75,98.95,98.3,98.5,2365184
2023-12-12T12:15:00+05:30,98.45,98.75,98.1,98.3,2289743
2023-12-12T12:30:00+05:30,98.3,98.9,98.2,98.9,1733466
2023-12-12T12:45:00+05:30,98.9,101.5,98.85,100.25,15908408
2023-12-12T13:00:00+05:30,100.3,101.15,100.15,101.15,4731221
2023-12-12T13:15:00+05:30,101.2,101.95,100.8,101.7,16053279
2023-12-12T13:30:00+05:30,101.7,101.7,98.6,99.3,9293022
2023-12-12T13:45:00+05:30,99.4,99.9,98.8,99.8,5229659
2023-12-12T14:00:00+05:30,99.85,100.65,99.6,99.6,4460774
2023-12-12T14:15:00+05:30,99.6,100.35,99.2,100.0,3872200
2023-12-12T14:30:00+05:30,99.9,100.5,99.25,99.25,6272246
2023-12-12T14:45:00+05:30,99.25,101.7,98.6,101.6,9280776
2023-12-12T15:00:00+05:30,101.7,102.0,100.9,102.0,15807875
2023-12-12T15:15:00+05:30,102.0,102.0,102.0,102.0,770585
2023-12-13T09:15:00+05:30,104.6,106.4,99.2,104.45,54362452
2023-12-13T09:30:00+05:30,104.5,104.8,103.1,103.85,12709230
2023-12-13T09:45:00+05:30,103.85,110.7,103.75,110.2,37027141
2023-12-13T10:00:00+05:30,110.2,111.7,108.4,111.6,28391069
2023-12-13T10:15:00+05:30,111.6,112.0,110.65,112.0,22281793
2023-12-13T10:30:00+05:30,112.0,112.0,110.05,110.95,17156769
2023-12-13T10:45:00+05:30,111.0,112.0,110.8,112.0,9654776
2023-12-13T11:00:00+05:30,112.0,112.0,112.0,112.0,1135722
2023-12-13T11:15:00+05:30,112.0,112.0,111.2,112.0,8490639
2023-12-13T11:30:00+05:30,112.0,112.0,112.0,112.0,383618
2023-12-13T11:45:00+05:30,112.0,112.0,112.0,112.0,281153
2023-12-13T12:00:00+05:30,112.0,112.0,112.0,112.0,245609
2023-12-13T12:15:00+05:30,112.0,112.0,112.0,112.0,148591
2023-12-13T12:30:00+05:30,112.0,112.0,112.0,112.0,136413
2023-12-13T12:45:00+05:30,112.0,112.0,112.0,112.0,173593
2023-12-13T13:00:00+05:30,112.0,112.0,112.0,112.0,89013
2023-12-13T13:15:00+05:30,112.0,112.0,112.0,112.0,118595
2023-12-13T13:30:00+05:30,112.0,112.0,112.0,112.0,187860
2023-12-13T13:45:00+05:30,112.0,112.0,112.0,112.0,85140
2023-12-13T14:00:00+05:30,112.0,112.0,112.0,112.0,87213
2023-12-13T14:15:00+05:30,112.0,112.0,112.0,112.0,127381
2023-12-13T14:30:00+05:30,112.0,112.0,112.0,112.0,95029
2023-12-13T14:45:00+05:30,112.0,112.0,112.0,112.0,92160
2023-12-13T15:00:00+05:30,112.0,112.0,112.0,112.0,120890
2023-12-13T15:15:00+05:30,112.0,112.0,112.0,112.0,286137
2023-12-14T09:15:00+05:30,121.3,123.2,120.2,123.2,27025128
2023-12-14T09:30:00+05:30,123.2,123.2,115.55,119.65,47666871
2023-12-14T09:45:00+05:30,119.7,122.65,119.7,120.45,17540735
2023-12-14T10:00:00+05:30,120.45,121.15,117.1,117.25,19540505
2023-12-14T10:15:00+05:30,117.25,118.4,115.75,117.5,19538639
2023-12-14T10:30:00+05:30,117.65,119.3,115.55,115.55,13048067
2023-12-14T10:45:00+05:30,115.65,117.95,114.0,117.6,17953373
2023-12-14T11:00:00+05:30,117.4,118.4,116.55,116.75,5220366
2023-12-14T11:15:00+05:30,116.8,117.2,116.05,117.15,2605066
2023-12-14T11:30:00+05:30,117.15,118.3,117.05,117.5,3269566
2023-12-14T11:45:00+05:30,117.5,118.1,117.2,117.9,2010368
2023-12-14T12:00:00+05:30,117.95,119.0,117.35,118.9,3761795
2023-12-14T12:15:00+05:30,118.8,118.85,117.6,117.85,2316143
2023-12-14T12:30:00+05:30,117.85,118.7,117.85,118.2,2084245
2023-12-14T12:45:00+05:30,118.2,118.4,117.55,118.3,1958980
2023-12-14T13:00:00+05:30,118.3,118.35,116.7,117.65,2662493
2023-12-14T13:15:00+05:30,117.7,117.8,117.0,117.0,1173028
2023-12-14T13:30:00+05:30,117.2,118.75,117.0,118.2,2898192
2023-12-14T13:45:00+05:30,118.2,118.4,117.4,118.2,1601768
2023-12-14T14:00:00+05:30,118.2,119.45,117.8,118.85,4133212
2023-12-14T14:15:00+05:30,118.9,118.95,117.4,118.25,2418771
2023-12-14T14:30:00+05:30,118.7,119.35,117.8,118.65,3790437
2023-12-14T14:45:00+05:30,118.7,118.8,117.7,118.25,2248740
2023-12-14T15:00:00+05:30,118.25,121.1,118.25,120.5,10094971
2023-12-14T15:15:00+05:30,120.55,121.7,119.0,119.3,13044703
2023-12-15T09:15:00+05:30,120.4,121.0,110.7,112.9,35066022
2023-12-15T09:30:00+05:30,112.9,113.85,111.6,111.8,9722349
2023-12-15T09:45:00+05:30,112.45,113.4,112.0,113.1,4899778
2023-12-15T10:00:00+05:30,113.1,113.6,112.5,113.0,3479456
2023-12-15T10:15:00+05:30,112.9,113.0,112.0,112.65,3154895
2023-12-15T10:30:00+05:30,112.6,112.8,112.05,112.1,1622985
2023-12-15T10:45:00+05:30,112.15,112.2,109.5,109.6,12557541
2023-12-15T11:00:00+05:30,109.65,109.7,108.35,108.5,12007476
2023-12-15T11:15:00+05:30,108.5,109.4,108.4,109.3,4607028
2023-12-15T11:30:00+05:30,109.3,109.35,108.6,109.3,2686615
2023-12-15T11:45:00+05:30,109.3,109.5,108.4,108.8,3955490
2023-12-15T12:00:00+05:30,108.7,108.8,108.3,108.3,6628693
2023-12-15T12:15:00+05:30,108.3,108.3,108.3,108.3,863966
2023-12-15T12:30:00+05:30,108.3,108.3,108.3,108.3,376816
2023-12-15T12:45:00+05:30,108.3,108.3,108.3,108.3,511941
2023-12-15T13:00:00+05:30,108.3,108.3,108.3,108.3,296545
2023-12-15T13:15:00+05:30,108.3,108.3,108.3,108.3,254463
2023-12-15T13:30:00+05:30,108.3,108.3,108.3,108.3,242412
2023-12-15T13:45:00+05:30,108.3,108.3,108.3,108.3,235913
2023-12-15T14:00:00+05:30,108.3,108.3,108.3,108.3,256754
2023-12-15T14:15:00+05:30,108.3,108.3,108.3,108.3,248009
2023-12-15T14:30:00+05:30,108.3,108.3,108.3,108.3,219652
2023-12-15T14:45:00+05:30,108.3,108.3,108.3,108.3,280057
2023-12-15T15:00:00+05:30,108.3,108.3,108.3,108.3,390209
2023-12-15T15:15:00+05:30,108.3,108.3,108.3,108.3,651684
2023-12-18T09:15:00+05:30,102.0,103.8,98.3,102.9,41200013
2023-12-18T09:30:00+05:30,102.9,111.75,102.65,110.75,34818477
2023-12-18T09:45:00+05:30,110.75,113.25,108.7,110.1,22838770
2023-12-18T10:00:00+05:30,110.1,113.6,109.5,113.55,11650609
2023-12-18T10:15:00+05:30,113.75,114.2,112.25,112.4,8294249
2023-12-18T10:30:00+05:30,112.5,113.55,111.1,112.2,4639109
2023-12-18T10:45:00+05:30,112.35,112.4,111.55,111.75,2152427
2023-12-18T11:00:00+05:30,111.65,112.25,111.2,112.15,2073432
2023-12-18T11:15:00+05:30,112.15,112.25,111.65,111.95,939764
2023-12-18T11:30:00+05:30,111.9,111.95,109.75,110.4,3327809
2023-12-18T11:45:00+05:30,110.5,110.8,109.9,110.5,2012599
2023-12-18T12:00:00+05:30,110.45,111.2,110.45,110.75,1395060
2023-12-18T12:15:00+05:30,110.75,110.85,109.25,109.45,2082814
2023-12-18T12:30:00+05:30,109.4,109.65,108.5,109.35,3019255
2023-12-18T12:45:00+05:30,109.3,109.8,108.6,109.5,1372596
2023-12-18T13:00:00+05:30,109.45,110.35,109.25,110.2,1499639
2023-12-18T13:15:00+05:30,110.25,110.65,109.55,110.4,1395307
2023-12-18T13:30:00+05:30,110.35,111.15,109.9,110.85,1777479
2023-12-18T13:45:00+05:30,110.75,110.85,110.05,110.15,808688
2023-12-18T14:00:00+05:30,110.15,111.15,110.1,110.5,1269705
2023-12-18T14:15:00+05:30,110.4,110.85,110.4,110.7,754782
2023-12-18T14:30:00+05:30,110.75,112.9,110.6,111.4,5516816
2023-12-18T14:45:00+05:30,111.35,111.5,110.65,110.85,1790406
2023-12-18T15:00:00+05:30,110.9,111.1,109.5,110.55,3341572
2023-12-18T15:15:00+05:30,110.5,111.75,110.2,111.1,6140541
2023-12-19T09:15:00+05:30,113.0,116.0,112.0,113.65,15960980
2023-12-19T09:30:00+05:30,113.7,113.85,111.7,111.9,5889277
2023-12-19T09:45:00+05:30,111.85,112.7,111.35,112.35,3456044
2023-12-19T10:00:00+05:30,112.3,112.75,111.55,112.25,2003635
2023-12-19T10:15:00+05:30,112.1,112.7,111.8,112.55,1094881
2023-12-19T10:30:00+05:30,112.6,112.6,112.1,112.4,759522
2023-12-19T10:45:00+05:30,112.5,112.95,112.3,112.85,738014
2023-12-19T11:00:00+05:30,112.8,112.9,112.35,112.5,834854
2023-12-19T11:15:00+05:30,112.5,112.65,111.5,112.05,1614349
2023-12-19T11:30:00+05:30,112.1,112.5,112.0,112.45,551185
2023-12-19T11:45:00+05:30,112.5,112.7,112.25,112.4,678684
2023-12-19T12:00:00+05:30,112.55,112.8,112.45,112.8,674775
2023-12-19T12:15:00+05:30,112.8,112.8,112.2,112.35,482943
2023-12-19T12:30:00+05:30,112.35,112.6,112.25,112.5,385632
2023-12-19T12:45:00+05:30,112.5,113.6,112.4,113.55,1394000
2023-12-19T13:00:00+05:30,113.5,113.55,112.6,112.9,1200845
2023-12-19T13:15:00+05:30,112.8,112.9,112.5,112.75,400866
2023-12-19T13:30:00+05:30,112.75,112.95,112.65,112.85,331650
2023-12-19T13:45:00+05:30,112.9,112.95,112.55,112.85,448873
2023-12-19T14:00:00+05:30,112.85,112.9,112.7,112.8,415840
2023-12-19T14:15:00+05:30,112.75,112.9,112.15,112.3,607571
2023-12-19T14:30:00+05:30,112.35,112.65,112.25,112.45,379869
2023-12-19T14:45:00+05:30,112.4,112.6,112.1,112.1,654289
2023-12-19T15:00:00+05:30,112.1,112.95,112.0,112.6,1989039
2023-12-19T15:15:00+05:30,112.6,112.7,112.2,112.35,3329183
2023-12-20T09:15:00+05:30,114.0,114.7,110.5,111.9,6944255
2023-12-20T09:30:00+05:30,112.0,112.1,111.05,111.7,2712733
2023-12-20T09:45:00+05:30,111.8,111.8,111.4,111.45,903845
2023-12-20T10:00:00+05:30,111.45,111.5,109.25,109.85,4252582
2023-12-20T10:15:00+05:30,109.85,110.05,108.65,109.9,3303176
2023-12-20T10:30:00+05:30,109.8,110.65,109.4,110.65,1336871
2023-12-20T10:45:00+05:30,110.65,110.7,110.15,110.4,690939
2023-12-20T11:00:00+05:30,110.4,110.4,110.05,110.1,587339
2023-12-20T11:15:00+05:30,110.15,110.65,110.15,110.6,909601
2023-12-20T11:30:00+05:30,110.55,110.65,110.15,110.2,519895
2023-12-20T11:45:00+05:30,110.3,110.3,109.65,110.2,887281
2023-12-20T12:00:00+05:30,110.2,110.2,109.75,110.1,508727
2023-12-20T12:15:00+05:30,110.05,110.1,109.8,109.9,368257
2023-12-20T12:30:00+05:30,109.9,110.0,109.5,109.9,527253
2023-12-20T12:45:00+05:30,110.0,110.0,109.55,109.9,499337
2023-12-20T13:00:00+05:30,109.9,109.95,109.05,109.2,814550
2023-12-20T13:15:00+05:30,109.3,109.3,107.5,107.5,3737297
2023-12-20T13:30:00+05:30,107.7,108.25,103.4,107.7,6526236
2023-12-20T13:45:00+05:30,107.75,107.85,105.35,106.6,2670468
2023-12-20T14:00:00+05:30,106.5,106.65,104.6,105.45,3136184
2023-12-20T14:15:00+05:30,105.55,107.45,105.5,107.0,2411378
2023-12-20T14:30:00+05:30,106.95,107.2,105.65,105.8,1579059
2023-12-20T14:45:00+05:30,105.8,106.75,105.6,106.2,1547996
2023-12-20T15:00:00+05:30,106.3,106.35,105.15,105.15,1893011
2023-12-20T15:15:00+05:30,105.15,105.9,103.35,105.85,4954063
2023-12-21T09:15:00+05:30,102.0,107.7,100.0,105.4,11577812
2023-12-21T09:30:00+05:30,105.3,107.75,104.55,107.75,4194945
2023-12-21T09:45:00+05:30,107.7,108.5,107.15,107.75,3295921
2023-12-21T10:00:00+05:30,107.8,109.7,107.65,109.65,3683714
2023-12-21T10:15:00+05:30,109.55,109.8,108.05,108.1,2655672
2023-12-21T10:30:00+05:30,108.1,108.95,107.25,108.75,1906071
2023-12-21T10:45:00+05:30,108.9,109.15,108.35,108.85,1274874
2023-12-21T11:00:00+05:30,108.8,108.8,107.8,108.15,772663
2023-12-21T11:15:00+05:30,108.25,108.3,107.25,107.55,730415
2023-12-21T11:30:00+05:30,107.55,107.95,107.4,107.65,329527
2023-12-21T11:45:00+05:30,107.7,108.2,107.65,107.95,417734
2023-12-21T12:00:00+05:30,107.95,108.4,107.8,108.2,373627
2023-12-21T12:15:00+05:30,108.15,108.4,107.95,108.25,324272
2023-12-21T12:30:00+05:30,108.4,108.6,108.0,108.6,396561
2023-12-21T12:45:00+05:30,108.6,108.95,108.3,108.3,455954
2023-12-21T13:00:00+05:30,108.25,108.4,107.55,107.9,565873
2023-12-21T13:15:00+05:30,107.85,107.95,107.6,107.85,384893
2023-12-21T13:30:00+05:30,107.85,108.35,107.2,107.5,700603
2023-12-21T13:45:00+05:30,107.5,107.8,107.1,107.5,492621
2023-12-21T14:00:00+05:30,107.6,108.2,106.9,108.05,947668
2023-12-21T14:15:00+05:30,108.1,110.85,108.05,110.6,3946806
2023-12-21T14:30:00+05:30,110.6,111.25,109.45,109.65,3556658
2023-12-21T14:45:00+05:30,109.75,109.75,108.8,109.2,1163536
2023-12-21T15:00:00+05:30,109.05,110.25,108.85,109.9,1520650
2023-12-21T15:15:00+05:30,109.8,110.5,109.5,110.2,3953834
2023-12-22T09:15:00+05:30,111.3,111.8,109.35,110.25,5456066
2023-12-22T09:30:00+05:30,110.3,110.4,109.35,109.5,1797018
2023-12-22T09:45:00+05:30,109.55,111.35,109.45,110.8,1960684
2023-12-22T10:00:00+05:30,110.9,110.9,109.8,110.2,1063988
2023-12-22T10:15:00+05:30,110.15,110.25,109.8,109.8,578990
2023-12-22T10:30:00+05:30,109.9,109.9,109.5,109.7,581318
2023-12-22T10:45:00+05:30,109.7,110.35,109.55,110.1,747965
2023-12-22T11:00:00+05:30,110.2,110.4,110.0,110.0,455586
2023-12-22T11:15:00+05:30,110.05,110.05,109.8,109.9,516174
2023-12-22T11:30:00+05:30,110.0,110.1,109.8,109.85,787969
2023-12-22T11:45:00+05:30,109.85,110.2,109.75,109.9,509165
2023-12-22T12:00:00+05:30,109.85,109.95,109.7,109.8,279288
2023-12-22T12:15:00+05:30,109.75,109.85,109.25,109.35,658504
2023-12-22T12:30:00+05:30,109.25,109.25,108.25,109.1,1111511
2023-12-22T12:45:00+05:30,109.05,109.35,108.85,109.05,415002
2023-12-22T13:00:00+05:30,109.05,109.25,108.8,109.0,403973
2023-12-22T13:15:00+05:30,109.0,109.15,108.8,108.9,273949
2023-12-22T13:30:00+05:30,108.9,109.1,108.55,108.6,375001
2023-12-22T13:45:00+05:30,108.55,108.95,108.25,108.7,575125
2023-12-22T14:00:00+05:30,108.7,110.0,108.4,109.35,1358884
2023-12-22T14:15:00+05:30,109.4,110.1,109.3,109.75,707980
2023-12-22T14:30:00+05:30,109.8,110.1,109.7,110.1,631245
2023-12-22T14:45:00+05:30,110.1,110.15,109.6,109.9,513111
2023-12-22T15:00:00+05:30,109.9,110.2,109.6,110.0,1062441
2023-12-22T15:15:00+05:30,109.9,110.1,109.4,109.5,1968396
2023-12-26T09:15:00+05:30,103.85,105.75,101.35,104.25,22615500
2023-12-26T09:30:00+05:30,104.2,105.05,103.2,104.0,7628189
2023-12-26T09:45:00+05:30,103.8,104.3,103.8,104.0,3289592
2023-12-26T10:00:00+05:30,103.95,104.0,103.35,103.45,2444834
2023-12-26T10:15:00+05:30,103.4,103.5,102.85,102.9,3978290
2023-12-26T10:30:00+05:30,103.0,103.1,102.55,102.9,3268197
2023-12-26T10:45:00+05:30,102.9,102.9,102.0,102.7,4393239
2023-12-26T11:00:00+05:30,102.6,102.6,101.7,101.85,4276519
2023-12-26T11:15:00+05:30,101.9,102.6,101.4,102.55,4496338
2023-12-26T11:30:00+05:30,102.55,102.55,102.0,102.15,1531640
2023-12-26T11:45:00+05:30,102.15,102.35,101.95,102.25,1418098
2023-12-26T12:00:00+05:30,102.2,102.35,102.1,102.25,1348568
2023-12-26T12:15:00+05:30,102.3,102.3,102.05,102.15,1024666
2023-12-26T12:30:00+05:30,102.15,102.2,101.55,101.75,2351426
2023-12-26T12:45:00+05:30,101.7,101.75,101.1,101.25,3049868
2023-12-26T13:00:00+05:30,101.25,101.5,101.0,101.5,2366037
2023-12-26T13:15:00+05:30,101.45,101.6,101.1,101.25,1743944
2023-12-26T13:30:00+05:30,101.25,101.85,101.0,101.4,2734512
2023-12-26T13:45:00+05:30,101.4,101.5,100.35,100.6,3258734
2023-12-26T14:00:00+05:30,100.55,100.85,100.45,100.8,1805531
2023-12-26T14:15:00+05:30,100.75,101.7,100.75,101.45,2714333
2023-12-26T14:30:00+05:30,101.4,101.6,100.8,101.0,1865352
2023-12-26T14:45:00+05:30,101.05,101.55,100.9,101.55,1650500
2023-12-26T15:00:00+05:30,101.5,102.15,101.2,101.9,3625230
2023-12-26T15:15:00+05:30,101.9,102.6,101.6,102.2,7125683
2023-12-27T09:15:00+05:30,104.0,104.35,102.3,102.6,7918803
2023-12-27T09:30:00+05:30,102.6,102.85,102.4,102.75,2185420
2023-12-27T09:45:00+05:30,102.85,103.25,102.55,102.75,2125013
2023-12-27T10:00:00+05:30,102.75,102.75,102.3,102.55,1211355
2023-12-27T10:15:00+05:30,102.55,103.4,102.5,102.8,1797261
2023-12-27T10:30:00+05:30,102.8,102.85,100.7,101.5,4056781
2023-12-27T10:45:00+05:30,101.5,101.55,100.75,100.9,2241906
2023-12-27T11:00:00+05:30,100.9,101.4,100.85,101.1,1027580
2023-12-27T11:15:00+05:30,101.1,101.25,100.2,100.6,2439834
2023-12-27T11:30:00+05:30,100.6,100.8,100.3,100.3,1469867
2023-12-27T11:45:00+05:30,100.25,101.4,100.05,101.15,2534524
2023-12-27T12:00:00+05:30,101.1,101.2,100.75,100.85,885823
2023-12-27T12:15:00+05:30,100.8,100.8,98.75,99.1,4733121
2023-12-27T12:30:00+05:30,99.1,99.35,97.45,99.0,5102231
2023-12-27T12:45:00+05:30,98.95,99.4,98.95,99.1,1000243
2023-12-27T13:00:00+05:30,99.2,99.25,98.5,98.95,1468922
2023-12-27T13:15:00+05:30,98.95,99.4,98.9,99.15,743734
2023-12-27T13:30:00+05:30,99.25,99.3,98.8,99.15,750372
2023-12-27T13:45:00+05:30,99.15,100.3,99.15,99.95,2144028
2023-12-27T14:00:00+05:30,99.95,100.1,99.6,99.8,1026121
2023-12-27T14:15:00+05:30,99.9,99.95,99.6,99.7,638675
2023-12-27T14:30:00+05:30,99.8,100.3,99.7,100.0,1280150
2023-12-27T14:45:00+05:30,99.95,100.0,99.45,99.8,1141212
2023-12-27T15:00:00+05:30,99.85,100.05,99.6,99.6,1889368
2023-12-27T15:15:00+05:30,99.7,100.05,99.55,99.85,3393625
2023-12-28T09:15:00+05:30,99.85,100.7,98.55,98.9,5571412
2023-12-28T09:30:00+05:30,98.85,98.9,97.35,97.8,5460743
2023-12-28T09:45:00+05:30,97.8,98.15,97.55,97.6,2876943
2023-12-28T10:00:00+05:30,97.6,97.75,96.1,96.6,4219240
2023-12-28T10:15:00+05:30,96.65,96.85,95.6,96.35,4351516
2023-12-28T10:30:00+05:30,96.4,96.8,95.8,96.3,1971778
2023-12-28T10:45:00+05:30,96.3,96.95,96.2,96.85,1586011
2023-12-28T11:00:00+05:30,96.85,97.6,96.7,97.1,2494639
2023-12-28T11:15:00+05:30,97.1,97.15,96.6,96.7,1246968
2023-12-28T11:30:00+05:30,96.8,96.9,96.2,96.5,1151077
2023-12-28T11:45:00+05:30,96.55,96.8,96.35,96.75,740904
2023-12-28T12:00:00+05:30,96.8,97.45,96.7,96.9,1300358
2023-12-28T12:15:00+05:30,96.9,97.55,96.8,96.95,1634684
2023-12-28T12:30:00+05:30,96.9,97.45,96.65,96.8,1630167
2023-12-28T12:45:00+05:30,96.85,96.95,96.35,96.65,1295755
2023-12-28T13:00:00+05:30,96.7,96.85,96.55,96.65,663883
2023-12-28T13:15:00+05:30,96.65,96.9,96.65,96.7,507257
2023-12-28T13:30:00+05:30,96.8,96.8,96.4,96.65,884498
2023-12-28T13:45:00+05:30,96.75,96.8,96.55,96.75,568014
2023-12-28T14:00:00+05:30,96.75,97.35,96.7,96.9,1144777
2023-12-28T14:15:00+05:30,96.9,97.0,96.6,96.85,892054
2023-12-28T14:30:00+05:30,96.9,96.9,96.4,96.6,1287303
2023-12-28T14:45:00+05:30,96.55,97.15,96.5,97.1,1502116
2023-12-28T15:00:00+05:30,97.25,97.35,96.85,97.35,2468874
2023-12-28T15:15:00+05:30,97.3,97.75,96.9,97.55,4208463
2023-12-29T09:15:00+05:30,97.5,103.2,96.0,102.35,21398322
2023-12-29T09:30:00+05:30,102.4,105.55,101.85,104.15,21617451
2023-12-29T09:45:00+05:30,104.1,104.2,102.65,103.3,6494544
2023-12-29T10:00:00+05:30,103.25,103.35,101.8,102.2,4167231
2023-12-29T10:15:00+05:30,102.05,102.8,102.05,102.6,1795642
2023-12-29T10:30:00+05:30,102.75,102.75,102.1,102.35,1080096
2023-12-29T10:45:00+05:30,102.3,102.45,101.55,102.1,1840637
2023-12-29T11:00:00+05:30,102.1,102.15,101.0,101.65,1631027
2023-12-29T11:15:00+05:30,101.65,102.4,101.6,102.0,1283970
2023-12-29T11:30:00+05:30,102.1,102.15,101.75,101.9,833701
2023-12-29T11:45:00+05:30,101.85,102.0,101.75,101.95,626634
2023-12-29T12:00:00+05:30,102.0,102.0,101.85,101.85,608072
2023-12-29T12:15:00+05:30,101.9,102.5,101.85,102.35,1060872
2023-12-29T12:30:00+05:30,102.35,102.4,101.75,101.85,847423
2023-12-29T12:45:00+05:30,101.85,102.0,101.5,101.75,857046
2023-12-29T13:00:00+05:30,101.8,102.3,101.7,102.1,851499
2023-12-29T13:15:00+05:30,102.0,102.1,101.8,101.95,559153
2023-12-29T13:30:00+05:30,101.8,102.1,101.65,102.1,1220038
2023-12-29T13:45:00+05:30,102.1,102.2,101.85,102.0,928823
2023-12-29T14:00:00+05:30,102.0,102.9,101.85,102.2,2504858
2023-12-29T14:15:00+05:30,102.2,102.25,101.8,102.2,1308260
2023-12-29T14:30:00+05:30,102.2,102.45,102.15,102.4,850225
2023-12-29T14:45:00+05:30,102.4,102.6,102.2,102.4,1367296
2023-12-29T15:00:00+05:30,102.4,103.7,102.4,102.6,5151484
2023-12-29T15:15:00+05:30,102.6,102.95,102.15,102.6,4565087
2024-01-01T09:15:00+05:30,103.35,103.85,102.15,103.3,5822497
2024-01-01T09:30:00+05:30,103.35,104.6,103.1,104.35,4221855
2024-01-01T09:45:00+05:30,104.4,107.0,104.0,106.9,9487758
2024-01-01T10:00:00+05:30,106.85,107.45,105.9,106.25,6391543
2024-01-01T10:15:00+05:30,106.25,106.45,105.75,105.95,2180097
2024-01-01T10:30:00+05:30,105.95,106.2,105.3,105.4,1664283
2024-01-01T10:45:00+05:30,105.45,105.65,104.85,105.25,2056439
2024-01-01T11:00:00+05:30,105.2,105.45,104.85,105.1,1076956
2024-01-01T11:15:00+05:30,105.05,105.8,105.05,105.75,1289903
2024-01-01T11:30:00+05:30,105.75,105.85,105.4,105.55,745004
2024-01-01T11:45:00+05:30,105.65,105.7,105.2,105.2,654263
2024-01-01T12:00:00+05:30,105.2,105.5,105.15,105.4,457860
2024-01-01T12:15:00+05:30,105.4,105.5,105.0,105.2,665166
2024-01-01T12:30:00+05:30,105.25,105.3,104.6,105.05,1263036
2024-01-01T12:45:00+05:30,105.0,105.2,104.9,105.0,474718
2024-01-01T13:00:00+05:30,105.0,105.2,104.9,105.0,454516
2024-01-01T13:15:00+05:30,105.05,105.1,104.75,104.9,486147
2024-01-01T13:30:00+05:30,104.8,105.55,104.75,105.55,781575
2024-01-01T13:45:00+05:30,105.55,105.55,105.1,105.2,563225
2024-01-01T14:00:00+05:30,105.15,105.3,104.9,105.2,649390
2024-01-01T14:15:00+05:30,105.25,105.3,104.8,104.9,761386
2024-01-01T14:30:00+05:30,104.95,105.4,104.85,105.1,731153
2024-01-01T14:45:00+05:30,105.15,105.3,104.95,105.05,852477
2024-01-01T15:00:00+05:30,105.05,105.2,104.55,104.55,1943292
2024-01-01T15:15:00+05:30,104.55,104.75,104.3,104.5,2978548
2024-01-02T09:15:00+05:30,105.3,105.4,103.9,104.25,3800533
2024-01-02T09:30:00+05:30,104.35,105.0,104.1,104.85,1365445
2024-01-02T09:45:00+05:30,104.85,105.1,102.8,103.1,2442094
2024-01-02T10:00:00+05:30,103.05,103.95,103.05,103.3,1481935
2024-01-02T10:15:00+05:30,103.35,103.5,102.05,102.15,1899935
2024-01-02T10:30:00+05:30,102.2,102.6,101.8,102.3,2157513
2024-01-02T10:45:00+05:30,102.35,103.5,102.25,103.2,1074463
2024-01-02T11:00:00+05:30,103.35,103.4,102.8,103.0,641976
2024-01-02T11:15:00+05:30,103.0,103.4,102.8,103.4,499363
2024-01-02T11:30:00+05:30,103.4,103.4,102.9,103.3,352131
2024-01-02T11:45:00+05:30,103.3,103.7,103.25,103.55,394296
2024-01-02T12:00:00+05:30,103.55,103.7,103.4,103.4,375028
2024-01-02T12:15:00+05:30,103.45,103.85,103.4,103.8,418328
2024-01-02T12:30:00+05:30,103.75,103.9,103.4,103.5,413089
2024-01-02T12:45:00+05:30,103.6,103.65,103.3,103.5,242020
2024-01-02T13:00:00+05:30,103.5,103.5,103.1,103.35,330454
2024-01-02T13:15:00+05:30,103.35,103.45,103.1,103.3,278576
2024-01-02T13:30:00+05:30,103.35,103.65,103.3,103.55,255883
2024-01-02T13:45:00+05:30,103.6,103.6,103.4,103.55,583709
2024-01-02T14:00:00+05:30,103.5,103.75,103.35,103.75,394723
2024-01-02T14:15:00+05:30,103.75,103.85,103.5,103.65,483224
2024-01-02T14:30:00+05:30,103.65,103.75,103.4,103.6,431296
2024-01-02T14:45:00+05:30,103.55,103.75,103.3,103.4,513460
2024-01-02T15:00:00+05:30,103.4,103.55,103.2,103.4,935851
2024-01-02T15:15:00+05:30,103.4,103.7,103.35,103.7,1622921
2024-01-03T09:15:00+05:30,103.5,103.55,101.35,101.6,5206118
2024-01-03T09:30:00+05:30,101.5,102.0,100.6,100.75,3318503
2024-01-03T09:45:00+05:30,100.7,101.85,100.6,101.35,1803641
2024-01-03T10:00:00+05:30,101.4,101.6,101.05,101.5,739958
2024-01-03T10:15:00+05:30,101.55,101.8,101.2,101.55,706411
2024-01-03T10:30:00+05:30,101.55,101.9,101.5,101.6,639343
2024-01-03T10:45:00+05:30,101.6,101.75,101.35,101.6,459020
2024-01-03T11:00:00+05:30,101.7,102.3,101.6,102.25,821700
2024-01-03T11:15:00+05:30,102.25,102.35,101.8,101.85,522205
2024-01-03T11:30:00+05:30,101.8,102.1,101.7,102.05,429885
2024-01-03T11:45:00+05:30,102.05,102.6,102.05,102.4,1017679
2024-01-03T12:00:00+05:30,102.4,102.5,102.1,102.2,369479
2024-01-03T12:15:00+05:30,102.15,102.35,101.6,101.8,761272
2024-01-03T12:30:00+05:30,101.8,102.25,101.7,102.15,322261
2024-01-03T12:45:00+05:30,102.1,102.55,102.0,102.1,578849
2024-01-03T13:00:00+05:30,102.2,102.3,101.9,102.0,568228
2024-01-03T13:15:00+05:30,102.0,102.0,101.85,101.95,329001
2024-01-03T13:30:00+05:30,101.95,102.0,101.7,101.95,436608
2024-01-03T13:45:00+05:30,101.85,102.1,101.75,102.1,453737
2024-01-03T14:00:00+05:30,102.0,102.2,101.9,102.0,450941
2024-01-03T14:15:00+05:30,101.95,102.0,101.8,101.85,441267
2024-01-03T14:30:00+05:30,101.9,101.95,101.55,101.8,528975
2024-01-03T14:45:00+05:30,101.8,102.1,101.75,102.0,763999
2024-01-03T15:00:00+05:30,102.0,102.0,101.75,101.85,728850
2024-01-03T15:15:00+05:30,101.85,101.9,101.6,101.9,1578678
2024-01-04T09:15:00+05:30,102.7,103.7,102.55,103.25,3519248
2024-01-04T09:30:00+05:30,103.25,103.5,102.8,103.05,1010538
2024-01-04T09:45:00+05:30,103.0,103.35,103.0,103.3,921209
2024-01-04T10:00:00+05:30,103.3,105.3,103.3,104.75,4564154
2024-01-04T10:15:00+05:30,104.65,104.8,103.7,104.2,1694134
2024-01-04T10:30:00+05:30,104.2,104.2,103.65,103.75,661123
2024-01-04T10:45:00+05:30,103.8,103.85,103.2,103.5,886544
2024-01-04T11:00:00+05:30,103.5,103.75,103.45,103.45,702642
2024-01-04T11:15:00+05:30,103.5,103.7,103.45,103.65,434503
2024-01-04T11:30:00+05:30,103.65,103.7,103.4,103.5,493672
2024-01-04T11:45:00+05:30,103.5,103.9,103.45,103.85,446095
2024-01-04T12:00:00+05:30,103.85,104.15,103.75,103.95,663812
2024-01-04T12:15:00+05:30,103.9,104.0,103.65,103.8,378736
2024-01-04T12:30:00+05:30,103.85,104.0,103.55,104.0,454990
2024-01-04T12:45:00+05:30,104.0,104.3,103.85,104.1,779302
2024-01-04T13:00:00+05:30,104.05,104.2,103.85,104.1,388118
2024-01-04T13:15:00+05:30,104.1,104.1,103.65,103.7,611892
2024-01-04T13:30:00+05:30,103.7,103.9,103.4,103.75,710537
2024-01-04T13:45:00+05:30,103.8,104.0,103.65,103.85,410195
2024-01-04T14:00:00+05:30,103.9,104.0,103.65,103.9,483941
2024-01-04T14:15:00+05:30,103.9,106.25,103.85,104.6,10428827
2024-01-04T14:30:00+05:30,104.6,105.0,104.4,104.95,1493371
2024-01-04T14:45:00+05:30,104.9,105.1,104.65,104.75,1036129
2024-01-04T15:00:00+05:30,104.7,104.85,104.25,104.25,1482294
2024-01-04T15:15:00+05:30,104.2,104.55,104.15,104.2,2481968
2024-01-05T09:15:00+05:30,105.0,105.9,104.8,105.3,3204186
2024-01-05T09:30:00+05:30,105.3,105.3,104.85,104.85,1263529
2024-01-05T09:45:00+05:30,104.9,105.7,104.65,105.6,1585138
2024-01-05T10:00:00+05:30,105.6,107.25,105.45,106.4,7006744
2024-01-05T10:15:00+05:30,106.35,106.5,105.75,105.9,1878316
2024-01-05T10:30:00+05:30,105.9,106.65,105.7,106.0,2008025
2024-01-05T10:45:00+05:30,105.9,106.0,104.8,105.65,2511276
2024-01-05T11:00:00+05:30,105.65,105.95,105.55,105.65,730789
2024-01-05T11:15:00+05:30,105.65,105.75,105.1,105.4,711451
2024-01-05T11:30:00+05:30,105.4,105.7,105.4,105.65,430351
2024-01-05T11:45:00+05:30,105.6,105.85,105.25,105.85,524945
2024-01-05T12:00:00+05:30,105.85,106.25,105.7,105.95,829061
2024-01-05T12:15:00+05:30,105.95,105.95,105.5,105.5,323891
2024-01-05T12:30:00+05:30,105.5,105.65,105.3,105.45,482850
2024-01-05T12:45:00+05:30,105.5,105.65,105.35,105.35,312904
2024-01-05T13:00:00+05:30,105.3,105.5,105.15,105.45,395893
2024-01-05T13:15:00+05:30,105.4,105.45,105.3,105.4,263469
2024-01-05T13:30:00+05:30,105.4,105.4,104.55,104.85,1304144
2024-01-05T13:45:00+05:30,104.85,105.2,104.65,105.1,481161
2024-01-05T14:00:00+05:30,105.1,105.15,104.75,104.75,496972
2024-01-05T14:15:00+05:30,104.75,104.9,104.0,104.7,1327224
2024-01-05T14:30:00+05:30,104.7,105.25,104.55,105.05,792216
2024-01-05T14:45:00+05:30,105.1,105.5,105.05,105.25,745538
2024-01-05T15:00:00+05:30,105.2,105.4,105.05,105.35,1058194
2024-01-05T15:15:00+05:30,105.25,105.35,104.85,104.95,1801318
2024-01-08T09:15:00+05:30,105.8,106.3,103.9,104.2,4273255
2024-01-08T09:30:00+05:30,104.0,104.2,103.3,103.95,1924611
2024-01-08T09:45:00+05:30,104.0,104.7,103.65,104.35,1150774
2024-01-08T10:00:00+05:30,104.35,104.75,104.3,104.4,740180
2024-01-08T10:15:00+05:30,104.35,105.9,104.35,105.3,2149400
2024-01-08T10:30:00+05:30,105.3,105.4,104.8,104.95,877943
2024-01-08T10:45:00+05:30,104.95,105.0,104.2,104.3,669332
2024-01-08T11:00:00+05:30,104.3,104.8,104.15,104.6,708901
2024-01-08T11:15:00+05:30,104.6,104.95,104.45,104.75,425879
2024-01-08T11:30:00+05:30,104.75,104.85,104.5,104.6,376319
2024-01-08T11:45:00+05:30,104.6,104.6,104.0,104.15,669643
2024-01-08T12:00:00+05:30,104.2,104.6,104.15,104.6,388002
2024-01-08T12:15:00+05:30,104.55,104.7,104.4,104.55,326878
2024-01-08T12:30:00+05:30,104.6,104.6,104.15,104.4,331777
2024-01-08T12:45:00+05:30,104.3,104.5,104.2,104.4,368453
2024-01-08T13:00:00+05:30,104.4,104.65,104.4,104.6,278899
2024-01-08T13:15:00+05:30,104.65,104.65,104.45,104.55,266185
2024-01-08T13:30:00+05:30,104.6,104.6,104.05,104.1,378459
2024-01-08T13:45:00+05:30,104.15,104.5,104.0,104.35,491995
2024-01-08T14:00:00+05:30,104.3,104.6,104.3,104.45,316390
2024-01-08T14:15:00+05:30,104.45,104.6,103.9,103.9,841057
2024-01-08T14:30:00+05:30,103.95,104.1,103.8,104.05,654444
2024-01-08T14:45:00+05:30,104.1,104.1,103.8,104.0,454850
2024-01-08T15:00:00+05:30,103.95,104.35,103.75,103.9,1182213
2024-01-08T15:15:00+05:30,103.85,104.1,103.65,103.9,1734436
2024-01-09T09:15:00+05:30,104.7,104.85,102.9,104.3,2955250
2024-01-09T09:30:00+05:30,104.3,104.3,103.55,103.6,875260
2024-01-09T09:45:00+05:30,103.55,103.9,103.35,103.9,666405
2024-01-09T10:00:00+05:30,103.85,104.35,103.85,104.15,715293
2024-01-09T10:15:00+05:30,104.15,104.2,103.75,103.9,484351
2024-01-09T10:30:00+05:30,103.95,104.0,103.7,103.75,396465
2024-01-09T10:45:00+05:30,103.8,103.85,103.4,103.45,498789
2024-01-09T11:00:00+05:30,103.45,103.85,103.4,103.75,273796
2024-01-09T11:15:00+05:30,103.75,104.15,103.5,104.05,482475
2024-01-09T11:30:00+05:30,104.1,104.1,103.8,103.9,232354
2024-01-09T11:45:00+05:30,103.85,104.1,103.55,103.65,416896
2024-01-09T12:00:00+05:30,103.65,103.95,103.45,103.9,644545
2024-01-09T12:15:00+05:30,103.85,104.0,103.8,103.9,247635
2024-01-09T12:30:00+05:30,103.95,103.95,103.55,103.65,325353
2024-01-09T12:45:00+05:30,103.7,103.8,103.45,103.6,364711
2024-01-09T13:00:00+05:30,103.6,103.6,103.45,103.55,195903
2024-01-09T13:15:00+05:30,103.55,104.0,103.55,103.8,645850
2024-01-09T13:30:00+05:30,103.8,103.95,103.65,103.75,205727
2024-01-09T13:45:00+05:30,103.85,103.95,103.5,103.5,401746
2024-01-09T14:00:00+05:30,103.55,103.75,103.45,103.5,516667
2024-01-09T14:15:00+05:30,103.45,103.55,103.1,103.15,490868
2024-01-09T14:30:00+05:30,103.15,103.55,103.05,103.15,505281
2024-01-09T14:45:00+05:30,103.15,103.4,103.15,103.25,384993
2024-01-09T15:00:00+05:30,103.6,103.8,103.25,103.45,718405
2024-01-09T15:15:00+05:30,103.45,103.5,103.05,103.2,1125409
2024-01-10T09:15:00+05:30,103.5,103.75,102.0,102.1,2290937
2024-01-10T09:30:00+05:30,102.05,102.75,101.8,102.75,904246
2024-01-10T09:45:00+05:30,102.7,102.8,102.35,102.45,665488
2024-01-10T10:00:00+05:30,102.3,102.7,102.05,102.65,457120
2024-01-10T10:15:00+05:30,102.7,102.75,102.4,102.65,345884
2024-01-10T10:30:00+05:30,102.65,102.7,102.25,102.4,470586
2024-01-10T10:45:00+05:30,102.4,102.4,101.8,102.2,917733
2024-01-10T11:00:00+05:30,102.15,102.45,101.8,102.35,947081
2024-01-10T11:15:00+05:30,102.35,102.4,102.2,102.35,254113
2024-01-10T11:30:00+05:30,102.3,102.35,102.15,102.3,192740
2024-01-10T11:45:00+05:30,102.35,102.35,101.85,101.95,438785
2024-01-10T12:00:00+05:30,102.0,102.1,101.85,101.95,278701
2024-01-10T12:15:00+05:30,102.0,102.0,101.7,101.95,380337
2024-01-10T12:30:00+05:30,101.9,102.0,101.8,101.8,333933
2024-01-10T12:45:00+05:30,101.9,101.9,101.25,101.7,618206
2024-01-10T13:00:00+05:30,101.65,101.85,101.55,101.8,265876
2024-01-10T13:15:00+05:30,101.8,101.85,101.65,101.8,196885
2024-01-10T13:30:00+05:30,101.8,101.8,101.5,101.8,434523
2024-01-10T13:45:00+05:30,101.8,102.4,101.65,102.2,443050
2024-01-10T14:00:00+05:30,102.25,102.9,102.0,102.75,776292
2024-01-10T14:15:00+05:30,102.8,102.95,102.4,102.55,534013
2024-01-10T14:30:00+05:30,102.6,103.0,102.55,102.75,613801
2024-01-10T14:45:00+05:30,102.75,102.95,102.7,102.9,376318
2024-01-10T15:00:00+05:30,102.9,102.95,102.7,102.85,566741
2024-01-10T15:15:00+05:30,102.8,102.9,102.6,102.75,1016258
2024-01-11T09:15:00+05:30,103.4,104.7,103.3,104.5,2922890
2024-01-11T09:30:00+05:30,104.55,106.25,104.5,105.0,4531903
2024-01-11T09:45:00+05:30,104.95,105.2,104.55,104.7,991241
2024-01-11T10:00:00+05:30,104.7,104.95,104.45,104.5,647710
2024-01-11T10:15:00+05:30,104.55,104.7,104.15,104.35,611736
2024-01-11T10:30:00+05:30,104.3,104.35,103.85,104.15,813084
2024-01-11T10:45:00+05:30,104.15,104.35,103.8,103.9,595151
2024-01-11T11:00:00+05:30,103.95,104.2,103.9,104.05,282044
2024-01-11T11:15:00+05:30,104.15,104.25,103.9,104.05,322951
2024-01-11T11:30:00+05:30,104.05,104.25,103.85,104.25,336901
2024-01-11T11:45:00+05:30,104.2,104.25,104.0,104.15,216619
2024-01-11T12:00:00+05:30,104.15,104.2,104.0,104.05,166830
2024-01-11T12:15:00+05:30,104.0,104.2,103.85,103.9,315530
2024-01-11T12:30:00+05:30,103.95,104.15,103.85,104.15,198261
2024-01-11T12:45:00+05:30,104.1,104.7,104.05,104.7,559786
2024-01-11T13:00:00+05:30,104.7,104.85,104.35,104.5,406650
2024-01-11T13:15:00+05:30,104.5,104.6,104.35,104.55,237373
2024-01-11T13:30:00+05:30,104.55,104.55,104.25,104.25,221214
2024-01-11T13:45:00+05:30,104.3,104.35,104.15,104.35,203711
2024-01-11T14:00:00+05:30,104.3,104.35,103.7,103.75,617265
2024-01-11T14:15:00+05:30,103.7,104.1,103.7,103.95,708055
2024-01-11T14:30:00+05:30,103.95,104.0,103.6,103.9,437856
2024-01-11T14:45:00+05:30,103.9,104.1,103.7,103.75,419934
2024-01-11T15:00:00+05:30,103.75,103.75,103.2,103.4,998499
2024-01-11T15:15:00+05:30,103.4,103.55,103.0,103.55,1234240
2024-01-12T09:15:00+05:30,104.3,104.7,103.8,104.15,1530867
2024-01-12T09:30:00+05:30,104.1,104.75,104.1,104.4,1161173
2024-01-12T09:45:00+05:30,104.4,104.45,104.15,104.35,525662
2024-01-12T10:00:00+05:30,104.3,104.55,104.05,104.3,666514
2024-01-12T10:15:00+05:30,104.35,104.4,104.05,104.3,367166
2024-01-12T10:30:00+05:30,104.3,104.4,104.2,104.25,226687
2024-01-12T10:45:00+05:30,104.25,104.25,104.0,104.2,362069
2024-01-12T11:00:00+05:30,104.25,104.3,104.0,104.0,354533
2024-01-12T11:15:00+05:30,104.0,104.45,104.0,104.4,413994
2024-01-12T11:30:00+05:30,104.35,104.35,104.15,104.2,205763
2024-01-12T11:45:00+05:30,104.2,104.25,104.0,104.25,205985
2024-01-12T12:00:00+05:30,104.2,104.25,104.0,104.2,306022
2024-01-12T12:15:00+05:30,104.2,104.4,104.2,104.4,439986
2024-01-12T12:30:00+05:30,104.4,104.4,104.2,104.35,196394
2024-01-12T12:45:00+05:30,104.4,104.4,104.2,104.3,210888
2024-01-12T13:00:00+05:30,104.25,104.35,104.15,104.3,261978
2024-01-12T13:15:00+05:30,104.3,110.45,104.3,109.0,18127958
2024-01-12T13:30:00+05:30,109.05,109.3,107.6,108.25,6732297
2024-01-12T13:45:00+05:30,108.3,109.15,107.65,109.0,3186936
2024-01-12T14:00:00+05:30,109.0,109.35,108.3,108.9,4298271
2024-01-12T14:15:00+05:30,109.0,109.05,108.15,108.35,1874323
2024-01-12T14:30:00+05:30,108.35,108.95,107.9,108.75,2103843
2024-01-12T14:45:00+05:30,108.85,112.45,108.8,112.1,21637943
2024-01-12T15:00:00+05:30,112.15,112.5,110.2,110.65,8301670
2024-01-12T15:15:00+05:30,110.6,110.75,109.65,110.0,8529943
2024-01-15T09:15:00+05:30,111.6,114.3,111.6,114.0,17905489
2024-01-15T09:30:00+05:30,114.05,116.35,114.0,115.85,13820532
2024-01-15T09:45:00+05:30,115.75,116.05,113.35,113.9,6706555
2024-01-15T10:00:00+05:30,114.1,115.4,113.6,114.75,4302443
2024-01-15T10:15:00+05:30,114.85,116.8,114.7,116.4,8675674
2024-01-15T10:30:00+05:30,116.4,119.75,116.0,119.0,17404411
2024-01-15T10:45:00+05:30,119.0,120.5,118.1,120.4,10806590
2024-01-15T11:00:00+05:30,120.3,121.4,119.7,121.25,11566723
2024-01-15T11:15:00+05:30,121.3,121.45,120.15,120.25,5581976
2024-01-15T11:30:00+05:30,120.2,120.8,119.75,120.25,3369015
2024-01-15T11:45:00+05:30,120.25,120.4,119.8,120.35,2413867
2024-01-15T12:00:00+05:30,120.4,121.55,120.4,121.35,9964006
2024-01-15T12:15:00+05:30,121.45,121.8,120.7,120.85,15359060
2024-01-15T12:30:00+05:30,120.85,121.0,120.35,120.65,2627100
2024-01-15T12:45:00+05:30,120.7,121.35,120.4,121.35,1881905
2024-01-15T13:00:00+05:30,121.2,121.8,121.2,121.8,2702622
2024-01-15T13:15:00+05:30,121.8,121.8,121.8,121.8,390892
2024-01-15T13:30:00+05:30,121.8,121.8,121.8,121.8,652455
2024-01-15T13:45:00+05:30,121.8,121.8,118.85,121.35,13365410
2024-01-15T14:00:00+05:30,121.35,121.8,120.75,121.7,12912410
2024-01-15T14:15:00+05:30,121.65,121.8,121.65,121.8,754440
2024-01-15T14:30:00+05:30,121.8,121.8,121.8,121.8,297059
2024-01-15T14:45:00+05:30,121.8,121.8,121.8,121.8,222752
2024-01-15T15:00:00+05:30,121.8,121.8,121.8,121.8,291561
2024-01-15T15:15:00+05:30,121.8,121.8,121.8,121.8,375461
2024-01-16T09:15:00+05:30,125.0,127.4,122.55,124.3,31397329
2024-01-16T09:30:00+05:30,124.35,124.5,119.0,121.35,13408227
2024-01-16T09:45:00+05:30,121.35,123.45,121.3,121.8,6041523
2024-01-16T10:00:00+05:30,121.85,122.55,121.35,122.05,2784112
2024-01-16T10:15:00+05:30,122.1,122.25,119.4,120.7,4440183
2024-01-16T10:30:00+05:30,120.65,121.2,120.0,121.2,2568263
2024-01-16T10:45:00+05:30,121.25,121.65,121.1,121.35,1734422
2024-01-16T11:00:00+05:30,121.35,123.5,121.1,123.15,3759047
2024-01-16T11:15:00+05:30,123.15,123.5,122.7,123.25,2604755
2024-01-16T11:30:00+05:30,123.3,123.4,122.05,122.15,1922815
2024-01-16T11:45:00+05:30,122.05,122.7,121.75,122.6,1476216
2024-01-16T12:00:00+05:30,122.65,122.85,121.75,122.0,1325402
2024-01-16T12:15:00+05:30,122.1,122.25,121.8,121.95,827759
2024-01-16T12:30:00+05:30,121.9,122.55,121.7,121.8,953076
2024-01-16T12:45:00+05:30,121.8,122.15,120.7,120.85,1662890
2024-01-16T13:00:00+05:30,120.8,120.85,118.4,118.5,4793811
2024-01-16T13:15:00+05:30,118.55,119.0,117.5,118.7,3552810
2024-01-16T13:30:00+05:30,118.75,118.8,116.95,118.75,4133911
2024-01-16T13:45:00+05:30,118.6,120.75,118.6,120.6,2788161
2024-01-16T14:00:00+05:30,120.6,121.5,119.75,121.15,2221917
2024-01-16T14:15:00+05:30,121.15,121.45,120.6,121.25,1610955
2024-01-16T14:30:00+05:30,121.25,121.6,120.15,120.55,1955259
2024-01-16T14:45:00+05:30,120.45,120.8,119.85,120.3,1537640
2024-01-16T15:00:00+05:30,120.0,120.1,119.1,119.7,2511671
2024-01-16T15:15:00+05:30,119.75,120.0,119.0,119.4,5424456
2024-01-17T09:15:00+05:30,118.55,124.15,114.3,121.25,18429433
2024-01-17T09:30:00+05:30,121.2,123.6,120.75,123.0,5521618
2024-01-17T09:45:00+05:30,123.0,123.3,121.7,121.95,3167816
2024-01-17T10:00:00+05:30,121.9,125.0,121.6,124.95,5997935
2024-01-17T10:15:00+05:30,124.85,125.6,123.8,124.85,8388032
2024-01-17T10:30:00+05:30,124.85,125.2,123.0,123.6,3700543
2024-01-17T10:45:00+05:30,123.5,124.15,123.0,123.95,2000821
2024-01-17T11:00:00+05:30,124.0,124.35,123.6,124.0,1360859
2024-01-17T11:15:00+05:30,123.9,124.2,123.15,123.45,1170029
2024-01-17T11:30:00+05:30,123.35,123.5,122.25,122.6,1374777
2024-01-17T11:45:00+05:30,122.7,122.95,122.05,122.75,1380382
2024-01-17T12:00:00+05:30,122.75,122.75,121.8,122.25,1564269
2024-01-17T12:15:00+05:30,122.25,123.2,122.25,122.65,1070409
2024-01-17T12:30:00+05:30,122.7,122.95,121.9,122.05,860253
2024-01-17T12:45:00+05:30,122.05,122.45,121.6,121.75,1096442
2024-01-17T13:00:00+05:30,121.85,122.65,121.85,122.2,619134
2024-01-17T13:15:00+05:30,122.2,122.75,122.0,122.6,576065
2024-01-17T13:30:00+05:30,122.6,122.8,121.95,122.7,937543
2024-01-17T13:45:00+05:30,122.75,124.2,122.6,123.8,2169984
2024-01-17T14:00:00+05:30,123.75,124.05,123.35,123.7,1439396
2024-01-17T14:15:00+05:30,123.7,123.85,122.3,122.3,1460466
2024-01-17T14:30:00+05:30,122.3,122.65,121.55,121.55,1558281
2024-01-17T14:45:00+05:30,121.55,123.9,121.25,123.3,3963241
2024-01-17T15:00:00+05:30,123.55,124.7,123.3,124.7,4347469
2024-01-17T15:15:00+05:30,124.7,124.95,123.7,124.4,6314629
2024-01-18T09:15:00+05:30,125.0,126.4,122.2,122.35,10427154
2024-01-18T09:30:00+05:30,122.3,122.45,119.5,119.75,6443134
2024-01-18T09:45:00+05:30,119.6,120.1,116.05,118.8,7789159
2024-01-18T10:00:00+05:30,118.8,120.85,118.8,120.65,3848520
2024-01-18T10:15:00+05:30,120.9,121.7,119.8,121.35,2341808
2024-01-18T10:30:00+05:30,121.2,121.65,120.6,121.55,1437262
2024-01-18T10:45:00+05:30,121.55,123.0,121.45,122.75,1850019
2024-01-18T11:00:00+05:30,122.8,123.4,122.4,123.35,1970374
2024-01-18T11:15:00+05:30,123.1,123.35,122.3,123.35,1226340
2024-01-18T11:30:00+05:30,123.3,123.5,122.2,122.3,1190652
2024-01-18T11:45:00+05:30,122.25,122.9,121.9,122.9,911696
2024-01-18T12:00:00+05:30,122.9,123.3,122.55,123.2,636320
2024-01-18T12:15:00+05:30,123.25,123.3,122.65,122.9,585026
2024-01-18T12:30:00+05:30,122.85,123.25,121.6,121.75,1257179
2024-01-18T12:45:00+05:30,121.65,122.25,121.45,121.8,637037
2024-01-18T13:00:00+05:30,121.8,122.15,121.55,122.0,585084
2024-01-18T13:15:00+05:30,122.0,122.4,121.9,122.1,343123
2024-01-18T13:30:00+05:30,122.1,122.25,121.6,121.8,371444
2024-01-18T13:45:00+05:30,121.8,122.5,121.75,122.4,450682
2024-01-18T14:00:00+05:30,122.4,122.5,121.95,122.4,385725
2024-01-18T14:15:00+05:30,122.35,122.45,121.6,121.6,474996
2024-01-18T14:30:00+05:30,121.65,122.9,121.15,122.85,1055116
2024-01-18T14:45:00+05:30,122.85,124.75,122.85,123.35,4209851
2024-01-18T15:00:00+05:30,123.45,123.7,123.0,123.35,1243729
2024-01-18T15:15:00+05:30,123.3,123.3,122.65,122.7,2922527
2024-01-19T09:15:00+05:30,124.2,126.3,123.7,124.7,6329689
2024-01-19T09:30:00+05:30,124.7,128.7,124.5,127.8,12983977
2024-01-19T09:45:00+05:30,127.65,129.7,127.05,129.35,9922468
2024-01-19T10:00:00+05:30,129.25,132.7,128.6,131.45,14627502
2024-01-19T10:15:00+05:30,131.5,132.45,130.5,131.9,6910186
2024-01-19T10:30:00+05:30,131.9,132.45,131.05,131.6,3391460
2024-01-19T10:45:00+05:30,131.6,131.6,129.7,129.75,3219166
2024-01-19T11:00:00+05:30,129.9,131.1,129.7,130.1,2260444
2024-01-19T11:15:00+05:30,130.15,131.55,129.75,131.45,2148812
2024-01-19T11:30:00+05:30,131.45,132.1,131.15,131.65,2813872
2024-01-19T11:45:00+05:30,131.6,132.3,131.3,132.3,2126190
2024-01-19T12:00:00+05:30,132.35,133.8,132.2,132.8,7032325
2024-01-19T12:15:00+05:30,132.8,132.8,131.2,131.65,2131641
2024-01-19T12:30:00+05:30,131.65,132.2,131.5,132.1,1422073
2024-01-19T12:45:00+05:30,132.1,132.8,132.0,132.65,1438836
2024-01-19T13:00:00+05:30,132.7,133.2,132.05,132.8,1519744
2024-01-19T13:15:00+05:30,132.8,132.9,132.05,132.05,1036439
2024-01-19T13:30:00+05:30,131.9,132.45,131.9,132.4,999441
2024-01-19T13:45:00+05:30,132.4,132.9,132.4,132.85,1190019
2024-01-19T14:00:00+05:30,132.85,133.9,132.7,133.45,3979129
2024-01-19T14:15:00+05:30,133.55,134.2,132.65,134.2,3106386
2024-01-19T14:30:00+05:30,134.2,135.35,134.1,135.35,12215929
2024-01-19T14:45:00+05:30,135.35,135.35,134.15,135.35,6461478
2024-01-19T15:00:00+05:30,135.35,135.35,135.35,135.35,413775
2024-01-19T15:15:00+05:30,135.35,135.35,135.35,135.35,527592
2024-01-20T09:15:00+05:30,141.0,148.1,141.0,148.1,21073039
2024-01-20T09:30:00+05:30,148.0,148.3,144.5,146.85,9275198
2024-01-20T09:45:00+05:30,146.85,147.45,146.45,146.7,3226827
2024-01-20T10:00:00+05:30,146.75,146.8,144.7,146.2,4193699
2024-01-20T10:15:00+05:30,146.2,147.25,146.2,147.0,2110966
2024-01-20T10:30:00+05:30,147.0,148.1,146.85,148.05,2520010
2024-01-20T10:45:00+05:30,148.05,148.85,148.0,148.85,4593658
2024-01-20T11:00:00+05:30,148.85,148.85,146.8,148.85,7171118
2024-01-20T11:15:00+05:30,148.85,148.85,148.85,148.85,374350
2024-01-20T11:30:00+05:30,148.85,148.85,148.85,148.85,260753
2024-01-20T11:45:00+05:30,148.85,148.85,147.3,148.85,5251121
2024-01-20T12:00:00+05:30,148.85,148.85,148.85,148.85,314314
2024-01-20T12:15:00+05:30,148.85,148.85,148.85,148.85,140986
2024-01-20T12:30:00+05:30,148.85,148.85,148.85,148.85,495024
2024-01-20T12:45:00+05:30,148.85,148.85,148.85,148.85,189999
2024-01-20T13:00:00+05:30,148.85,148.85,148.85,148.85,112664
2024-01-20T13:15:00+05:30,148.85,148.85,148.85,148.85,94186
2024-01-20T13:30:00+05:30,148.85,148.85,148.85,148.85,604483
2024-01-20T13:45:00+05:30,148.85,148.85,148.85,148.85,127391
2024-01-20T14:00:00+05:30,148.85,148.85,148.85,148.85,128201
2024-01-20T14:15:00+05:30,148.85,148.85,148.85,148.85,113622
2024-01-20T14:30:00+05:30,148.85,148.85,148.85,148.85,131775
2024-01-20T14:45:00+05:30,148.85,148.85,148.85,148.85,111105
2024-01-20T15:00:00+05:30,148.85,148.85,148.85,148.85,277125
2024-01-20T15:15:00+05:30,148.85,148.85,148.85,148.85,185709
2024-01-23T09:15:00+05:30,156.25,156.25,156.25,156.25,2563967
2024-01-23T09:30:00+05:30,156.25,156.25,156.25,156.25,1150662
2024-01-23T09:45:00+05:30,156.25,156.25,156.25,156.25,583285
2024-01-23T10:00:00+05:30,156.25,156.25,144.3,147.7,36964665
2024-01-23T10:15:00+05:30,147.65,151.35,146.35,148.0,8913619
2024-01-23T10:30:00+05:30,148.0,152.45,147.95,150.75,6475654
2024-01-23T10:45:00+05:30,150.8,155.4,150.8,154.8,6546382
2024-01-23T11:00:00+05:30,154.65,155.0,153.85,154.15,2622119
2024-01-23T11:15:00+05:30,154.35,154.9,153.0,154.05,2952407
2024-01-23T11:30:00+05:30,154.1,154.35,150.15,150.55,3303710
2024-01-23T11:45:00+05:30,150.7,152.55,150.6,151.7,2292685
2024-01-23T12:00:00+05:30,151.8,151.9,145.65,147.75,7939720
2024-01-23T12:15:00+05:30,147.7,151.6,147.6,151.25,3032529
2024-01-23T12:30:00+05:30,151.25,153.2,151.05,152.7,2088517
2024-01-23T12:45:00+05:30,152.9,153.5,151.8,152.3,2065822
2024-01-23T13:00:00+05:30,152.2,152.75,150.75,151.75,1564584
2024-01-23T13:15:00+05:30,151.8,152.2,150.65,151.65,1153097
2024-01-23T13:30:00+05:30,151.6,153.0,151.6,152.7,1125563
2024-01-23T13:45:00+05:30,152.7,153.95,152.6,152.95,2391253
2024-01-23T14:00:00+05:30,152.95,153.5,152.1,152.6,1145878
2024-01-23T14:15:00+05:30,152.35,152.55,148.5,149.25,3123183
2024-01-23T14:30:00+05:30,149.4,150.9,148.45,148.55,3012104
2024-01-23T14:45:00+05:30,148.65,151.65,148.65,150.75,2613564
2024-01-23T15:00:00+05:30,150.75,153.6,149.85,152.75,3774764
2024-01-23T15:15:00+05:30,152.9,156.25,152.2,156.25,10618137
2024-01-24T09:15:00+05:30,157.5,158.6,148.65,156.15,20926902
2024-01-24T09:30:00+05:30,156.3,156.9,153.15,155.7,6111765
2024-01-24T09:45:00+05:30,155.7,160.6,155.7,160.15,9705727
2024-01-24T10:00:00+05:30,160.2,160.9,158.8,159.9,5045690
2024-01-24T10:15:00+05:30,159.8,161.75,159.75,161.75,7421674
2024-01-24T10:30:00+05:30,161.75,161.75,161.75,161.75,482285
2024-01-24T10:45:00+05:30,161.75,161.75,161.75,161.75,370470
2024-01-24T11:00:00+05:30,161.75,161.75,161.75,161.75,367929
2024-01-24T11:15:00+05:30,161.75,161.75,161.75,161.75,247424
2024-01-24T11:30:00+05:30,161.75,161.75,161.75,161.75,491028
2024-01-24T11:45:00+05:30,161.75,161.75,161.75,161.75,318086
2024-01-24T12:00:00+05:30,160.8,161.75,158.95,161.75,15843866
2024-01-24T12:15:00+05:30,161.75,161.75,160.7,161.75,3804906
2024-01-24T12:30:00+05:30,161.75,161.75,161.75,161.75,307122
2024-01-24T12:45:00+05:30,161.75,161.75,161.75,161.75,118041
2024-01-24T13:00:00+05:30,161.75,161.75,161.75,161.75,82494
2024-01-24T13:15:00+05:30,161.75,161.75,161.75,161.75,165465
2024-01-24T13:30:00+05:30,161.75,161.75,161.75,161.75,87646
2024-01-24T13:45:00+05:30,161.75,161.75,161.75,161.75,66668
2024-01-24T14:00:00+05:30,161.75,161.75,161.75,161.75,74321
2024-01-24T14:15:00+05:30,161.75,161.75,161.75,161.75,62947
2024-01-24T14:30:00+05:30,161.75,161.75,161.75,161.75,67841
2024-01-24T14:45:00+05:30,161.75,161.75,161.75,161.75,94392
2024-01-24T15:00:00+05:30,161.75,161.75,161.75,161.75,92480
2024-01-24T15:15:00+05:30,161.75,161.75,161.75,161.75,243960
2024-01-25T09:15:00+05:30,167.0,169.8,166.0,169.8,4435742
2024-01-25T09:30:00+05:30,169.8,169.8,169.8,169.8,267372
2024-01-25T09:45:00+05:30,169.8,169.8,169.8,169.8,245291
2024-01-25T10:00:00+05:30,169.8,169.8,169.8,169.8,126794
2024-01-25T10:15:00+05:30,169.8,169.8,169.8,169.8,332655
2024-01-25T10:30:00+05:30,169.8,169.8,169.8,169.8,114201
2024-01-25T10:45:00+05:30,169.8,169.8,169.8,169.8,159675
2024-01-25T11:00:00+05:30,169.8,169.8,169.8,169.8,110842
2024-01-25T11:15:00+05:30,169.8,169.8,169.8,169.8,296254
2024-01-25T11:30:00+05:30,169.8,169.8,169.8,169.8,75320
2024-01-25T11:45:00+05:30,169.8,169.8,169.8,169.8,127976
2024-01-25T12:00:00+05:30,169.8,169.8,169.8,169.8,76211
2024-01-25T12:15:00+05:30,169.8,169.8,169.8,169.8,57044
2024-01-25T12:30:00+05:30,169.8,169.8,169.8,169.8,95099
2024-01-25T12:45:00+05:30,169.8,169.8,169.8,169.8,58699
2024-01-25T13:00:00+05:30,169.8,169.8,169.8,169.8,50340
2024-01-25T13:15:00+05:30,169.8,169.8,169.8,169.8,400906
2024-01-25T13:30:00+05:30,169.8,169.8,169.8,169.8,55939
2024-01-25T13:45:00+05:30,169.8,169.8,169.8,169.8,62328
2024-01-25T14:00:00+05:30,169.8,169.8,169.8,169.8,52759
2024-01-25T14:15:00+05:30,169.8,169.8,169.8,169.8,44170
2024-01-25T14:30:00+05:30,169.8,169.8,169.8,169.8,54134
2024-01-25T14:45:00+05:30,169.8,169.8,169.8,169.8,123523
2024-01-25T15:00:00+05:30,169.8,169.8,169.8,169.8,68681
2024-01-25T15:15:00+05:30,169.8,169.8,169.8,169.8,145619
2024-01-29T09:15:00+05:30,177.8,178.25,175.9,178.25,1842010
2024-01-29T09:30:00+05:30,178.25,178.25,178.25,178.25,203178
2024-01-29T09:45:00+05:30,178.25,178.25,178.25,178.25,131919
2024-01-29T10:00:00+05:30,178.25,178.25,178.25,178.25,359240
2024-01-29T10:15:00+05:30,178.25,178.25,178.25,178.25,106419
2024-01-29T10:30:00+05:30,178.25,178.25,178.25,178.25,585054
2024-01-29T10:45:00+05:30,178.25,178.25,178.25,178.25,107390
2024-01-29T11:00:00+05:30,178.25,178.25,178.25,178.25,99655
2024-01-29T11:15:00+05:30,178.25,178.25,178.25,178.25,74266
2024-01-29T11:30:00+05:30,178.25,178.25,178.25,178.25,60416
2024-01-29T11:45:00+05:30,178.25,178.25,178.25,178.25,63229
2024-01-29T12:00:00+05:30,178.25,178.25,178.25,178.25,66268
2024-01-29T12:15:00+05:30,178.25,178.25,178.25,178.25,46929
2024-01-29T12:30:00+05:30,178.25,178.25,178.25,178.25,50751
2024-01-29T12:45:00+05:30,178.25,178.25,178.25,178.25,30000
2024-01-29T13:00:00+05:30,178.25,178.25,178.25,178.25,39859
2024-01-29T13:15:00+05:30,178.25,178.25,178.25,178.25,44339
2024-01-29T13:30:00+05:30,178.25,178.25,178.25,178.25,483729
2024-01-29T13:45:00+05:30,178.25,178.25,178.25,178.25,39986
2024-01-29T14:00:00+05:30,178.25,178.25,178.25,178.25,37457
2024-01-29T14:15:00+05:30,178.25,178.25,178.25,178.25,43901
2024-01-29T14:30:00+05:30,178.25,178.25,178.25,178.25,36591
2024-01-29T14:45:00+05:30,178.25,178.25,178.25,178.25,54612
2024-01-29T15:00:00+05:30,178.25,178.25,178.25,178.25,79184
2024-01-29T15:15:00+05:30,178.25,178.25,178.25,178.25,64302
2024-01-30T09:15:00+05:30,184.8,187.15,170.4,173.7,34626510
2024-01-30T09:30:00+05:30,173.7,184.6,173.65,183.6,13642817
2024-01-30T09:45:00+05:30,183.6,183.7,177.4,181.35,7037784
2024-01-30T10:00:00+05:30,181.4,181.4,177.1,177.4,3626758
2024-01-30T10:15:00+05:30,177.15,179.85,176.75,177.5,3227161
2024-01-30T10:30:00+05:30,177.65,177.8,172.5,173.2,5666310
2024-01-30T10:45:00+05:30,173.25,174.8,172.0,174.1,3356442
2024-01-30T11:00:00+05:30,174.2,175.0,173.05,174.85,1745923
2024-01-30T11:15:00+05:30,174.85,176.5,174.85,176.4,1686239
2024-01-30T11:30:00+05:30,176.4,177.65,176.3,177.25,1778859
2024-01-30T11:45:00+05:30,177.0,177.45,175.8,177.25,1334943
2024-01-30T12:00:00+05:30,177.25,177.35,174.85,176.15,1243094
2024-01-30T12:15:00+05:30,175.9,176.35,175.35,176.25,598673
2024-01-30T12:30:00+05:30,176.3,177.2,175.7,176.5,816073
2024-01-30T12:45:00+05:30,176.5,178.0,176.2,177.4,1312864
2024-01-30T13:00:00+05:30,177.4,177.6,176.2,176.25,686226
2024-01-30T13:15:00+05:30,176.25,176.75,175.55,176.5,810015
2024-01-30T13:30:00+05:30,176.4,176.65,174.45,175.1,1615494
2024-01-30T13:45:00+05:30,175.1,175.6,174.4,175.5,1057836
2024-01-30T14:00:00+05:30,175.25,175.5,174.65,175.35,935779
2024-01-30T14:15:00+05:30,175.25,175.35,173.55,173.9,1555103
2024-01-30T14:30:00+05:30,173.9,174.35,172.8,172.95,1845305
2024-01-30T14:45:00+05:30,172.95,174.0,172.45,173.4,1453968
2024-01-30T15:00:00+05:30,173.4,174.0,172.0,173.2,2673613
2024-01-30T15:15:00+05:30,173.0,173.95,172.95,173.95,2722316
2024-01-31T09:15:00+05:30,174.9,180.85,170.0,180.55,12369326
2024-01-31T09:30:00+05:30,180.5,181.8,179.7,181.8,7888469
2024-01-31T09:45:00+05:30,181.8,181.8,178.75,180.0,10164048
2024-01-31T10:00:00+05:30,179.9,181.8,179.75,181.8,8334080
2024-01-31T10:15:00+05:30,181.8,181.8,179.9,180.75,7809610
2024-01-31T10:30:00+05:30,180.75,181.8,180.75,181.75,2924646
2024-01-31T10:45:00+05:30,181.75,181.8,181.7,181.8,314430
2024-01-31T11:00:00+05:30,181.8,181.8,181.8,181.8,146352
2024-01-31T11:15:00+05:30,181.8,181.8,181.8,181.8,76141
2024-01-31T11:30:00+05:30,181.8,181.8,181.8,181.8,65714
2024-01-31T11:45:00+05:30,181.8,181.8,181.8,181.8,60685
2024-01-31T12:00:00+05:30,181.8,181.8,181.8,181.8,80182
2024-01-31T12:15:00+05:30,181.8,181.8,181.8,181.8,78333
2024-01-31T12:30:00+05:30,181.8,181.8,181.8,181.8,64083
2024-01-31T12:45:00+05:30,181.8,181.8,181.8,181.8,64071
2024-01-31T13:00:00+05:30,181.8,181.8,181.8,181.8,23630
2024-01-31T13:15:00+05:30,181.8,181.8,181.8,181.8,138393
2024-01-31T13:30:00+05:30,181.8,181.8,181.8,181.8,35742
2024-01-31T13:45:00+05:30,181.8,181.8,181.8,181.8,42613
2024-01-31T14:00:00+05:30,181.8,181.8,181.8,181.8,34148
2024-01-31T14:15:00+05:30,181.8,181.8,181.8,181.8,52285
2024-01-31T14:30:00+05:30,181.8,181.8,181.8,181.8,60021
2024-01-31T14:45:00+05:30,181.8,181.8,181.8,181.8,51961
2024-01-31T15:00:00+05:30,181.8,181.8,181.8,181.8,81360
2024-01-31T15:15:00+05:30,181.8,181.8,181.8,181.8,107267
2024-02-01T09:15:00+05:30,183.0,190.85,183.0,190.85,20884895
2024-02-01T09:30:00+05:30,190.85,190.85,187.55,190.2,13940431
2024-02-01T09:45:00+05:30,190.3,190.3,186.85,188.6,5610245
2024-02-01T10:00:00+05:30,188.65,190.85,188.65,190.85,5350948
2024-02-01T10:15:00+05:30,190.85,190.85,189.95,190.7,3889746
2024-02-01T10:30:00+05:30,190.75,190.85,189.5,190.85,2586582
2024-02-01T10:45:00+05:30,190.85,190.85,190.85,190.85,349844
2024-02-01T11:00:00+05:30,190.85,190.85,187.0,188.1,5338521
2024-02-01T11:15:00+05:30,188.3,190.85,186.5,190.85,6832261
2024-02-01T11:30:00+05:30,190.85,190.85,190.5,190.85,1284904
2024-02-01T11:45:00+05:30,190.85,190.85,187.7,189.9,4889472
2024-02-01T12:00:00+05:30,190.15,190.85,189.1,190.45,7441775
2024-02-01T12:15:00+05:30,190.4,190.85,182.4,182.6,6088533
2024-02-01T12:30:00+05:30,184.35,188.3,183.45,186.75,5113168
2024-02-01T12:45:00+05:30,186.7,188.15,185.5,186.7,2362864
2024-02-01T13:00:00+05:30,186.7,186.7,183.25,183.9,3378220
2024-02-01T13:15:00+05:30,183.95,184.9,178.2,179.45,5119415
2024-02-01T13:30:00+05:30,179.2,183.75,177.9,183.1,4023448
2024-02-01T13:45:00+05:30,183.1,185.45,183.0,185.05,2370364
2024-02-01T14:00:00+05:30,185.0,185.0,182.75,183.55,1415669
2024-02-01T14:15:00+05:30,183.45,184.9,182.65,184.8,1032398
2024-02-01T14:30:00+05:30,184.75,187.2,184.65,185.35,2679500
2024-02-01T14:45:00+05:30,185.25,187.0,185.2,186.55,1508386
2024-02-01T15:00:00+05:30,186.4,186.6,184.55,186.2,1783752
2024-02-01T15:15:00+05:30,186.25,186.35,185.3,186.0,2615456
2024-02-02T09:15:00+05:30,191.4,194.95,190.0,190.95,13329608
2024-02-02T09:30:00+05:30,190.95,191.45,186.3,189.4,6814499
2024-02-02T09:45:00+05:30,189.3,191.7,187.6,191.7,4271212
2024-02-02T10:00:00+05:30,191.7,193.85,190.7,193.0,4019837
2024-02-02T10:15:00+05:30,193.1,194.25,192.55,194.0,3172715
2024-02-02T10:30:00+05:30,194.0,194.7,193.3,193.65,3070408
2024-02-02T10:45:00+05:30,193.55,194.9,193.0,194.25,2181917
2024-02-02T11:00:00+05:30,194.25,195.0,193.4,194.85,2962141
2024-02-02T11:15:00+05:30,194.85,195.05,194.4,195.05,4060518
2024-02-02T11:30:00+05:30,195.05,195.05,195.05,195.05,329815
2024-02-02T11:45:00+05:30,195.05,195.05,195.05,195.05,273321
2024-02-02T12:00:00+05:30,195.05,195.05,195.05,195.05,234624
2024-02-02T12:15:00+05:30,195.05,195.05,195.05,195.05,170016
2024-02-02T12:30:00+05:30,195.05,195.05,192.85,195.05,10035149
2024-02-02T12:45:00+05:30,195.05,195.05,194.35,195.05,1443379
2024-02-02T13:00:00+05:30,195.05,195.05,195.05,195.05,322823
2024-02-02T13:15:00+05:30,195.05,195.05,195.05,195.05,191057
2024-02-02T13:30:00+05:30,195.05,195.05,195.05,195.05,1204911
2024-02-02T13:45:00+05:30,195.05,195.05,195.05,195.05,112455
2024-02-02T14:00:00+05:30,195.05,195.05,195.05,195.05,141368
2024-02-02T14:15:00+05:30,195.05,195.05,195.05,195.05,83992
2024-02-02T14:30:00+05:30,195.05,195.05,195.05,195.05,96843
2024-02-02T14:45:00+05:30,195.05,195.05,195.05,195.05,106170
2024-02-02T15:00:00+05:30,195.05,195.05,195.05,195.05,123388
2024-02-02T15:15:00+05:30,195.05,195.05,195.05,195.05,233507
2024-02-05T09:15:00+05:30,203.9,204.8,201.0,204.8,8077067
2024-02-05T09:30:00+05:30,204.8,204.8,204.8,204.8,310490
2024-02-05T09:45:00+05:30,204.8,204.8,204.8,204.8,435563
2024-02-05T10:00:00+05:30,204.8,204.8,204.8,204.8,136184
2024-02-05T10:15:00+05:30,204.8,204.8,204.8,204.8,677841
2024-02-05T10:30:00+05:30,204.8,204.8,204.8,204.8,127086
2024-02-05T10:45:00+05:30,204.8,204.8,204.8,204.8,106181
2024-02-05T11:00:00+05:30,204.8,204.8,204.8,204.8,106946
2024-02-05T11:15:00+05:30,204.8,204.8,204.8,204.8,55685
2024-02-05T11:30:00+05:30,204.8,204.8,204.8,204.8,47810
2024-02-05T11:45:00+05:30,204.8,204.8,204.8,204.8,69507
2024-02-05T12:00:00+05:30,204.8,204.8,204.8,204.8,47155
2024-02-05T12:15:00+05:30,204.8,204.8,204.8,204.8,52687
2024-02-05T12:30:00+05:30,204.8,204.8,204.8,204.8,55499
2024-02-05T12:45:00+05:30,204.8,204.8,204.8,204.8,36640
2024-02-05T13:00:00+05:30,204.8,204.8,204.8,204.8,29632
2024-02-05T13:15:00+05:30,204.8,204.8,204.8,204.8,87246
2024-02-05T13:30:00+05:30,204.8,204.8,204.8,204.8,30161
2024-02-05T13:45:00+05:30,204.8,204.8,204.8,204.8,29774
2024-02-05T14:00:00+05:30,204.8,204.8,204.8,204.8,44736
2024-02-05T14:15:00+05:30,204.8,204.8,204.8,204.8,124016
2024-02-05T14:30:00+05:30,204.8,204.8,196.15,204.8,11536700
2024-02-05T14:45:00+05:30,204.8,204.8,202.3,204.8,4234620
2024-02-05T15:00:00+05:30,204.8,204.8,204.8,204.8,183702
2024-02-05T15:15:00+05:30,204.8,204.8,204.8,204.8,204393
2024-02-06T09:15:00+05:30,214.8,214.8,198.2,211.65,20395304
2024-02-06T09:30:00+05:30,211.45,213.25,206.0,212.9,7100523
2024-02-06T09:45:00+05:30,213.0,213.45,211.15,212.05,3637758
2024-02-06T10:00:00+05:30,212.0,212.5,208.1,209.95,2864879
2024-02-06T10:15:00+05:30,209.8,209.8,202.35,203.8,5492916
2024-02-06T10:30:00+05:30,204.2,207.85,204.2,207.4,2880700
2024-02-06T10:45:00+05:30,207.45,208.55,205.4,206.25,1616798
2024-02-06T11:00:00+05:30,206.25,206.5,201.4,203.1,3577582
2024-02-06T11:15:00+05:30,203.2,204.65,202.25,202.35,1467308
2024-02-06T11:30:00+05:30,202.5,204.45,201.2,202.9,2129917
2024-02-06T11:45:00+05:30,202.8,205.8,202.8,204.6,1483467
2024-02-06T12:00:00+05:30,204.6,207.55,204.45,207.35,1615922
2024-02-06T12:15:00+05:30,207.25,207.35,206.0,206.1,914098
2024-02-06T12:30:00+05:30,206.1,207.05,206.1,206.9,403114
2024-02-06T12:45:00+05:30,206.8,206.95,204.6,205.8,973570
2024-02-06T13:00:00+05:30,205.95,206.55,205.0,206.4,493764
2024-02-06T13:15:00+05:30,206.35,207.35,205.75,206.8,555266
2024-02-06T13:30:00+05:30,206.85,207.4,205.9,206.3,678512
2024-02-06T13:45:00+05:30,206.25,207.7,205.75,207.4,730995
2024-02-06T14:00:00+05:30,207.65,207.7,206.2,206.5,741244
2024-02-06T14:15:00+05:30,206.6,207.45,206.4,207.15,592746
2024-02-06T14:30:00+05:30,207.05,211.75,207.05,209.7,3958156
2024-02-06T14:45:00+05:30,209.7,210.3,208.55,209.75,987863
2024-02-06T15:00:00+05:30,209.8,211.2,209.55,210.3,2044617
2024-02-06T15:15:00+05:30,210.25,210.25,207.55,209.3,2644960
2024-02-07T09:15:00+05:30,213.15,213.15,205.5,208.65,7430395
2024-02-07T09:30:00+05:30,208.6,208.7,205.4,205.4,3552100
2024-02-07T09:45:00+05:30,205.3,206.4,203.45,203.5,3890859
2024-02-07T10:00:00+05:30,203.6,204.6,201.5,204.0,4281370
2024-02-07T10:15:00+05:30,204.3,204.45,202.1,202.2,1716350
2024-02-07T10:30:00+05:30,202.15,202.3,200.25,200.45,5195002
2024-02-07T10:45:00+05:30,200.25,201.95,199.0,199.1,7362535
2024-02-07T11:00:00+05:30,199.0,199.5,199.0,199.0,2829188
2024-02-07T11:15:00+05:30,199.0,199.0,199.0,199.0,378473
2024-02-07T11:30:00+05:30,199.0,199.0,199.0,199.0,275994
2024-02-07T11:45:00+05:30,199.0,199.0,199.0,199.0,221866
2024-02-07T12:00:00+05:30,199.0,199.0,199.0,199.0,197338
2024-02-07T12:15:00+05:30,199.0,199.0,199.0,199.0,187465
2024-02-07T12:30:00+05:30,199.0,199.0,199.0,199.0,187767
2024-02-07T12:45:00+05:30,199.0,199.0,199.0,199.0,149324
2024-02-07T13:00:00+05:30,199.0,199.0,199.0,199.0,141366
2024-02-07T13:15:00+05:30,199.0,199.0,199.0,199.0,140717
2024-02-07T13:30:00+05:30,199.0,199.0,199.0,199.0,138562
2024-02-07T13:45:00+05:30,199.0,199.0,199.0,199.0,128189
2024-02-07T14:00:00+05:30,199.0,199.0,199.0,199.0,127275
2024-02-07T14:15:00+05:30,199.0,199.0,199.0,199.0,129912
2024-02-07T14:30:00+05:30,199.0,199.0,199.0,199.0,133056
2024-02-07T14:45:00+05:30,199.0,199.0,199.0,199.0,188357
2024-02-07T15:00:00+05:30,199.0,199.0,199.0,199.0,204536
2024-02-07T15:15:00+05:30,199.0,199.0,199.0,199.0,892512
2024-02-08T09:15:00+05:30,190.0,191.95,189.05,189.05,3846392
2024-02-08T09:30:00+05:30,189.05,189.05,189.05,189.05,332219
2024-02-08T09:45:00+05:30,189.05,189.05,189.05,189.05,204806
2024-02-08T10:00:00+05:30,189.05,189.05,189.05,189.05,150146
2024-02-08T10:15:00+05:30,189.05,189.05,189.05,189.05,129768
2024-02-08T10:30:00+05:30,189.05,189.05,189.05,189.05,108173
2024-02-08T10:45:00+05:30,189.05,189.05,189.05,189.05,97907
2024-02-08T11:00:00+05:30,189.05,189.05,189.05,189.05,81106
2024-02-08T11:15:00+05:30,189.05,189.05,189.05,189.05,66805
2024-02-08T11:30:00+05:30,189.05,189.05,189.05,189.05,71946
2024-02-08T11:45:00+05:30,189.05,189.05,189.05,189.05,82057
2024-02-08T12:00:00+05:30,189.05,189.05,189.05,189.05,71857
2024-02-08T12:15:00+05:30,189.05,189.05,189.05,189.05,62305
2024-02-08T12:30:00+05:30,189.05,189.05,189.05,189.05,61316
2024-02-08T12:45:00+05:30,189.05,189.05,189.05,189.05,69089
2024-02-08T13:00:00+05:30,189.05,189.05,189.05,189.05,50467
2024-02-08T13:15:00+05:30,189.05,189.05,189.05,189.05,57666
2024-02-08T13:30:00+05:30,189.05,189.05,189.05,189.05,53901
2024-02-08T13:45:00+05:30,189.05,189.05,189.05,189.05,50197
2024-02-08T14:00:00+05:30,189.05,189.05,189.05,189.05,60507
2024-02-08T14:15:00+05:30,189.05,189.05,189.05,189.05,56468
2024-02-08T14:30:00+05:30,189.05,189.05,189.05,189.05,54036
2024-02-08T14:45:00+05:30,189.05,189.05,189.05,189.05,60647
2024-02-08T15:00:00+05:30,189.05,189.05,189.05,189.05,92385
2024-02-08T15:15:00+05:30,189.05,189.05,189.05,189.05,153086
2024-02-09T09:15:00+05:30,179.6,179.6,179.6,179.6,1037417
2024-02-09T09:30:00+05:30,179.6,179.6,179.6,179.6,265691
2024-02-09T09:45:00+05:30,179.6,179.6,179.6,179.6,155641
2024-02-09T10:00:00+05:30,179.6,179.6,179.6,179.6,150803
2024-02-09T10:15:00+05:30,179.6,179.6,179.6,179.6,115931
2024-02-09T10:30:00+05:30,179.6,179.6,179.6,179.6,95949
2024-02-09T10:45:00+05:30,179.6,179.6,179.6,179.6,81723
2024-02-09T11:00:00+05:30,179.6,179.6,179.6,179.6,70807
2024-02-09T11:15:00+05:30,179.6,179.6,179.6,179.6,75277
2024-02-09T11:30:00+05:30,179.6,179.6,179.6,179.6,89181
2024-02-09T11:45:00+05:30,179.6,179.6,179.6,179.6,77857
2024-02-09T12:00:00+05:30,179.6,179.6,179.6,179.6,76469
2024-02-09T12:15:00+05:30,179.6,179.6,179.6,179.6,62707
2024-02-09T12:30:00+05:30,179.6,179.6,179.6,179.6,76018
2024-02-09T12:45:00+05:30,179.6,179.6,179.6,179.6,64055
2024-02-09T13:00:00+05:30,179.6,179.6,179.6,179.6,50073
2024-02-09T13:15:00+05:30,179.6,179.6,179.6,179.6,94508
2024-02-09T13:30:00+05:30,179.6,179.6,179.6,179.6,43850
2024-02-09T13:45:00+05:30,179.6,179.6,179.6,179.6,47381
2024-02-09T14:00:00+05:30,179.6,179.6,179.6,179.6,56927
2024-02-09T14:15:00+05:30,179.6,179.6,179.6,179.6,69160
2024-02-09T14:30:00+05:30,179.6,179.6,179.6,179.6,59121
2024-02-09T14:45:00+05:30,179.6,179.6,179.6,179.6,78378
2024-02-09T15:00:00+05:30,179.6,179.6,179.6,179.6,94308
2024-02-09T15:15:00+05:30,179.6,179.6,179.6,179.6,164293
2024-02-12T09:15:00+05:30,170.65,170.65,170.65,170.65,818074
2024-02-12T09:30:00+05:30,170.65,170.65,170.65,170.65,188160
2024-02-12T09:45:00+05:30,170.65,170.65,170.65,170.65,111359
2024-02-12T10:00:00+05:30,170.65,170.65,170.65,170.65,68264
2024-02-12T10:15:00+05:30,170.65,170.65,170.65,170.65,80878
2024-02-12T10:30:00+05:30,170.65,170.65,170.65,170.65,67334
2024-02-12T10:45:00+05:30,170.65,170.65,170.65,170.65,51675
2024-02-12T11:00:00+05:30,170.65,170.65,170.65,170.65,59820
2024-02-12T11:15:00+05:30,170.65,170.65,170.65,170.65,54159
2024-02-12T11:30:00+05:30,170.65,170.65,170.65,170.65,39858
2024-02-12T11:45:00+05:30,170.65,170.65,170.65,170.65,40261
2024-02-12T12:00:00+05:30,170.65,170.65,170.65,170.65,47408
2024-02-12T12:15:00+05:30,170.65,170.65,170.65,170.65,37157
2024-02-12T12:30:00+05:30,170.65,170.65,170.65,170.65,33880
2024-02-12T12:45:00+05:30,170.65,170.65,170.65,170.65,39136
2024-02-12T13:00:00+05:30,170.65,170.65,170.65,170.65,35399
2024-02-12T13:15:00+05:30,170.65,170.65,170.65,170.65,34987
2024-02-12T13:30:00+05:30,170.65,170.65,170.65,170.65,30560
2024-02-12T13:45:00+05:30,170.65,170.65,170.65,170.65,27666
2024-02-12T14:00:00+05:30,170.65,170.65,170.65,170.65,40654
2024-02-12T14:15:00+05:30,170.65,170.65,170.65,170.65,31747
2024-02-12T14:30:00+05:30,170.65,170.65,170.65,170.65,38405
2024-02-12T14:45:00+05:30,170.65,170.65,170.65,170.65,44944
2024-02-12T15:00:00+05:30,170.65,170.65,170.65,170.65,67669
2024-02-12T15:15:00+05:30,170.65,170.65,170.65,170.65,76544
2024-02-13T09:15:00+05:30,162.15,162.15,162.15,162.15,416856
2024-02-13T09:30:00+05:30,162.15,162.15,162.15,162.15,154133
2024-02-13T09:45:00+05:30,162.15,162.15,162.15,162.15,131055
2024-02-13T10:00:00+05:30,162.15,162.15,162.15,162.15,177335
2024-02-13T10:15:00+05:30,162.15,162.15,162.15,162.15,147514
2024-02-13T10:30:00+05:30,162.15,162.15,162.15,162.15,151747
2024-02-13T10:45:00+05:30,162.15,162.15,162.15,162.15,141304
2024-02-13T11:00:00+05:30,162.15,162.15,162.15,162.15,119576
2024-02-13T11:15:00+05:30,162.15,162.15,162.15,162.15,112216
2024-02-13T11:30:00+05:30,162.15,162.15,162.15,162.15,59762
2024-02-13T11:45:00+05:30,162.15,162.15,162.15,162.15,69250
2024-02-13T12:00:00+05:30,162.15,162.15,162.15,162.15,47767
2024-02-13T12:15:00+05:30,162.15,162.15,162.15,162.15,60240
2024-02-13T12:30:00+05:30,162.15,162.15,162.15,162.15,38418
2024-02-13T12:45:00+05:30,162.15,162.15,162.15,162.15,40378
2024-02-13T13:00:00+05:30,162.15,162.15,162.15,162.15,43452
2024-02-13T13:15:00+05:30,162.15,162.15,162.15,162.15,37862
2024-02-13T13:30:00+05:30,162.15,162.15,162.15,162.15,31900
2024-02-13T13:45:00+05:30,162.15,162.15,162.15,162.15,45886
2024-02-13T14:00:00+05:30,162.15,162.15,162.15,162.15,60032
2024-02-13T14:15:00+05:30,162.15,162.15,162.15,162.15,49996
2024-02-13T14:30:00+05:30,162.15,162.15,162.15,162.15,77624
2024-02-13T14:45:00+05:30,162.15,162.15,162.15,162.15,62057
2024-02-13T15:00:00+05:30,162.15,162.15,162.15,162.15,89952
2024-02-13T15:15:00+05:30,162.15,162.15,162.15,162.15,167956
2024-02-14T09:15:00+05:30,154.05,154.05,154.05,154.05,700400
2024-02-14T09:30:00+05:30,154.05,154.05,154.05,154.05,291355
2024-02-14T09:45:00+05:30,154.05,154.05,154.05,154.05,220425
2024-02-14T10:00:00+05:30,154.05,154.05,154.05,154.05,201650
2024-02-14T10:15:00+05:30,154.05,154.05,154.05,154.05,280319
2024-02-14T10:30:00+05:30,154.05,154.05,154.05,154.05,172893
2024-02-14T10:45:00+05:30,154.05,154.05,154.05,154.05,125429
2024-02-14T11:00:00+05:30,154.05,154.05,154.05,154.05,124198
2024-02-14T11:15:00+05:30,154.05,154.05,154.05,154.05,101671
2024-02-14T11:30:00+05:30,154.05,154.05,154.05,154.05,107629
2024-02-14T11:45:00+05:30,154.05,154.05,154.05,154.05,73109
2024-02-14T12:00:00+05:30,154.05,154.05,154.05,154.05,89580
2024-02-14T12:15:00+05:30,154.05,154.05,154.05,154.05,71598
2024-02-14T12:30:00+05:30,154.05,154.05,154.05,154.05,95726
2024-02-14T12:45:00+05:30,154.05,154.05,154.05,154.05,92226
2024-02-14T13:00:00+05:30,154.05,154.05,154.05,154.05,74819
2024-02-14T13:15:00+05:30,154.05,154.05,154.05,154.05,77023
2024-02-14T13:30:00+05:30,154.05,154.05,154.05,154.05,65611
2024-02-14T13:45:00+05:30,154.05,154.05,154.05,154.05,77161
2024-02-14T14:00:00+05:30,154.05,154.05,154.05,154.05,94614
2024-02-14T14:15:00+05:30,154.05,154.05,154.05,154.05,126396
2024-02-14T14:30:00+05:30,154.05,154.05,154.05,154.05,229623
2024-02-14T14:45:00+05:30,154.05,166.7,154.05,166.7,37012035
2024-02-14T15:00:00+05:30,166.7,170.25,166.25,170.25,11482688
2024-02-14T15:15:00+05:30,170.25,170.25,170.25,170.25,700275
2024-02-15T09:15:00+05:30,177.05,177.05,177.05,177.05,1059027
2024-02-15T09:30:00+05:30,177.05,177.05,177.05,177.05,332163
2024-02-15T09:45:00+05:30,177.05,177.05,177.05,177.05,239974
2024-02-15T10:00:00+05:30,177.05,177.05,177.05,177.05,211803
2024-02-15T10:15:00+05:30,177.05,177.05,177.05,177.05,103705
2024-02-15T10:30:00+05:30,177.05,177.05,177.05,177.05,105305
2024-02-15T10:45:00+05:30,177.05,177.05,177.05,177.05,106034
2024-02-15T11:00:00+05:30,177.05,177.05,177.05,177.05,95507
2024-02-15T11:15:00+05:30,177.05,177.05,177.05,177.05,71396
2024-02-15T11:30:00+05:30,177.05,177.05,177.05,177.05,67090
2024-02-15T11:45:00+05:30,177.05,177.05,177.05,177.05,68158
2024-02-15T12:00:00+05:30,177.05,177.05,177.05,177.05,69414
2024-02-15T12:15:00+05:30,177.05,177.05,177.05,177.05,72135
2024-02-15T12:30:00+05:30,177.05,177.05,177.05,177.05,58182
2024-02-15T12:45:00+05:30,177.05,177.05,177.05,177.05,106515
2024-02-15T13:00:00+05:30,177.05,177.05,177.05,177.05,48071
2024-02-15T13:15:00+05:30,177.05,177.05,177.05,177.05,47508
2024-02-15T13:30:00+05:30,177.05,177.05,177.05,177.05,31163
2024-02-15T13:45:00+05:30,177.05,177.05,177.05,177.05,30024
2024-02-15T14:00:00+05:30,177.05,177.05,177.05,177.05,36607
2024-02-15T14:15:00+05:30,177.05,177.05,177.05,177.05,47117
2024-02-15T14:30:00+05:30,177.05,177.05,177.05,177.05,29253
2024-02-15T14:45:00+05:30,177.05,177.05,177.05,177.05,63014
2024-02-15T15:00:00+05:30,177.05,177.05,177.05,177.05,73393
2024-02-15T15:15:00+05:30,177.05,177.05,177.05,177.05,83327
2024-02-16T09:15:00+05:30,175.0,185.4,171.35,183.35,22979736
2024-02-16T09:30:00+05:30,183.0,183.2,173.45,175.1,12338701
2024-02-16T09:45:00+05:30,175.2,178.65,173.65,178.4,5358269
2024-02-16T10:00:00+05:30,178.45,179.4,178.0,178.7,2353486
2024-02-16T10:15:00+05:30,178.55,178.9,177.55,178.4,1422220
2024-02-16T10:30:00+05:30,178.5,178.6,175.65,176.0,1841344
2024-02-16T10:45:00+05:30,176.0,177.35,175.65,177.25,1321927
2024-02-16T11:00:00+05:30,177.25,179.2,177.1,178.05,1772574
2024-02-16T11:15:00+05:30,178.0,178.75,177.6,178.4,598050
2024-02-16T11:30:00+05:30,178.4,179.0,177.15,177.35,922277
2024-02-16T11:45:00+05:30,177.35,178.25,177.1,177.9,573794
2024-02-16T12:00:00+05:30,177.95,178.55,177.8,177.9,530454
2024-02-16T12:15:00+05:30,178.0,178.0,176.5,176.7,650719
2024-02-16T12:30:00+05:30,176.65,177.5,175.35,175.35,895492
2024-02-16T12:45:00+05:30,175.3,176.7,175.3,176.5,592668
2024-02-16T13:00:00+05:30,176.6,176.6,175.55,176.2,500001
2024-02-16T13:15:00+05:30,176.1,181.7,175.9,181.2,2996547
2024-02-16T13:30:00+05:30,181.25,182.45,180.5,181.75,3012784
2024-02-16T13:45:00+05:30,181.8,181.85,179.3,179.95,1163035
2024-02-16T14:00:00+05:30,179.95,179.95,178.9,179.3,684884
2024-02-16T14:15:00+05:30,179.45,180.95,179.35,179.75,1090342
2024-02-16T14:30:00+05:30,179.7,180.95,179.2,179.2,799970
2024-02-16T14:45:00+05:30,179.2,179.7,178.55,178.95,802346
2024-02-16T15:00:00+05:30,179.0,179.5,177.35,177.35,1445244
2024-02-16T15:15:00+05:30,177.45,178.7,177.1,177.6,2083404
2024-02-19T09:15:00+05:30,179.0,180.6,175.2,175.25,3778175
2024-02-19T09:30:00+05:30,175.05,176.95,173.8,175.4,2213439
2024-02-19T09:45:00+05:30,175.5,176.4,174.25,175.8,1239463
2024-02-19T10:00:00+05:30,175.8,182.2,175.8,181.65,3907576
2024-02-19T10:15:00+05:30,181.65,182.2,180.0,181.0,2189358
2024-02-19T10:30:00+05:30,180.85,181.0,179.7,180.05,658088
2024-02-19T10:45:00+05:30,180.05,180.45,179.2,179.2,452410
2024-02-19T11:00:00+05:30,179.5,179.75,178.85,179.0,442948
2024-02-19T11:15:00+05:30,178.9,179.65,178.65,178.7,319575
2024-02-19T11:30:00+05:30,178.6,179.0,178.3,178.7,314676
2024-02-19T11:45:00+05:30,178.7,179.35,178.05,179.35,321809
2024-02-19T12:00:00+05:30,179.4,179.8,179.05,179.25,241148
2024-02-19T12:15:00+05:30,179.25,181.2,179.05,181.2,885548
2024-02-19T12:30:00+05:30,181.3,182.15,180.0,180.05,1761943
2024-02-19T12:45:00+05:30,180.0,180.6,179.5,179.5,379884
2024-02-19T13:00:00+05:30,179.6,180.35,179.6,180.3,274147
2024-02-19T13:15:00+05:30,180.3,180.65,179.1,179.3,255432
2024-02-19T13:30:00+05:30,179.3,179.65,179.2,179.25,193486
2024-02-19T13:45:00+05:30,179.25,180.1,179.25,179.35,294068
2024-02-19T14:00:00+05:30,179.35,179.75,178.55,179.1,373191
2024-02-19T14:15:00+05:30,179.15,179.55,178.6,178.8,300838
2024-02-19T14:30:00+05:30,178.8,179.2,178.6,178.95,281776
2024-02-19T14:45:00+05:30,179.0,179.0,177.45,177.9,865067
2024-02-19T15:00:00+05:30,178.25,178.75,178.0,178.2,596905
2024-02-19T15:15:00+05:30,178.15,178.75,177.7,178.2,1128728
2024-02-20T09:15:00+05:30,179.65,179.8,176.7,178.5,2410745
2024-02-20T09:30:00+05:30,178.65,179.1,177.2,178.35,1130258
2024-02-20T09:45:00+05:30,178.45,178.6,177.05,177.55,632856
2024-02-20T10:00:00+05:30,177.55,178.25,177.0,177.6,563280
2024-02-20T10:15:00+05:30,177.5,178.2,177.5,178.0,347316
2024-02-20T10:30:00+05:30,177.85,177.85,177.25,177.3,287306
2024-02-20T10:45:00+05:30,177.3,177.8,176.85,177.5,557625
2024-02-20T11:00:00+05:30,177.5,177.6,177.2,177.25,283840
2024-02-20T11:15:00+05:30,177.3,177.5,177.0,177.15,192696
2024-02-20T11:30:00+05:30,177.2,177.65,177.05,177.4,247558
2024-02-20T11:45:00+05:30,177.35,177.6,177.05,177.35,223308
2024-02-20T12:00:00+05:30,177.35,177.6,177.2,177.25,209348
2024-02-20T12:15:00+05:30,177.3,177.35,176.7,176.8,330903
2024-02-20T12:30:00+05:30,176.7,176.8,175.55,175.95,577549
2024-02-20T12:45:00+05:30,175.95,176.0,175.1,175.8,502207
2024-02-20T13:00:00+05:30,175.8,176.15,175.5,176.0,293177
2024-02-20T13:15:00+05:30,175.95,176.0,175.4,175.7,282555
2024-02-20T13:30:00+05:30,175.7,176.15,175.55,176.0,276599
2024-02-20T13:45:00+05:30,176.0,176.05,175.3,175.55,257272
2024-02-20T14:00:00+05:30,175.55,175.9,175.0,175.5,586196
2024-02-20T14:15:00+05:30,175.65,176.0,175.4,175.8,245672
2024-02-20T14:30:00+05:30,175.8,175.9,175.5,175.8,228836
2024-02-20T14:45:00+05:30,175.8,175.85,175.5,175.65,265770
2024-02-20T15:00:00+05:30,175.8,175.8,175.2,175.25,368286
2024-02-20T15:15:00+05:30,175.2,175.3,174.25,175.1,1288740
2024-02-21T09:15:00+05:30,172.45,176.3,172.45,173.15,2343171
2024-02-21T09:30:00+05:30,173.1,173.1,170.85,171.0,2384060
2024-02-21T09:45:00+05:30,170.9,171.45,168.35,170.85,3788283
2024-02-21T10:00:00+05:30,170.95,171.2,169.1,169.6,1318165
2024-02-21T10:15:00+05:30,169.55,170.0,168.0,168.0,1475641
2024-02-21T10:30:00+05:30,168.15,168.75,167.35,167.4,1800672
2024-02-21T10:45:00+05:30,167.4,167.75,166.7,167.45,2559215
2024-02-21T11:00:00+05:30,167.45,167.85,166.8,166.85,1252985
2024-02-21T11:15:00+05:30,166.8,166.85,166.3,166.45,2853107
2024-02-21T11:30:00+05:30,166.45,166.95,166.3,166.95,2028094
2024-02-21T11:45:00+05:30,166.95,167.3,166.3,166.95,2857725
2024-02-21T12:00:00+05:30,166.95,167.5,166.65,166.9,956017
2024-02-21T12:15:00+05:30,166.95,167.4,166.9,166.95,429555
2024-02-21T12:30:00+05:30,167.0,167.25,166.75,166.9,361063
2024-02-21T12:45:00+05:30,166.75,167.1,166.6,166.95,351354
2024-02-21T13:00:00+05:30,166.95,167.0,166.75,166.95,241093
2024-02-21T13:15:00+05:30,166.9,167.0,166.8,166.8,267840
2024-02-21T13:30:00+05:30,166.75,167.4,166.6,167.2,567958
2024-02-21T13:45:00+05:30,167.2,167.25,166.3,166.3,1223526
2024-02-21T14:00:00+05:30,166.3,166.3,166.3,166.3,159060
2024-02-21T14:15:00+05:30,166.3,166.3,166.3,166.3,191103
2024-02-21T14:30:00+05:30,166.3,166.3,166.3,166.3,150420
2024-02-21T14:45:00+05:30,166.3,166.3,166.3,166.3,170432
2024-02-21T15:00:00+05:30,166.3,166.3,166.3,166.3,196988
2024-02-21T15:15:00+05:30,166.3,166.3,166.3,166.3,297226
2024-02-22T09:15:00+05:30,167.0,171.45,161.2,163.65,7279269
2024-02-22T09:30:00+05:30,163.8,165.7,160.05,165.35,3935189
2024-02-22T09:45:00+05:30,165.3,165.9,163.05,163.45,1356711
2024-02-22T10:00:00+05:30,163.45,169.1,163.2,168.6,2172358
2024-02-22T10:15:00+05:30,168.6,169.7,166.9,169.0,1504197
2024-02-22T10:30:00+05:30,169.2,169.25,167.5,167.7,780056
2024-02-22T10:45:00+05:30,167.5,168.6,167.0,167.5,498837
2024-02-22T11:00:00+05:30,167.5,168.45,167.25,167.75,360241
2024-02-22T11:15:00+05:30,167.8,167.85,167.2,167.65,197395
2024-02-22T11:30:00+05:30,167.55,168.8,167.45,168.7,376664
2024-02-22T11:45:00+05:30,168.65,168.7,168.0,168.15,251747
2024-02-22T12:00:00+05:30,168.05,168.7,168.0,168.5,186678
2024-02-22T12:15:00+05:30,168.55,168.8,167.5,167.5,366032
2024-02-22T12:30:00+05:30,167.5,171.2,167.3,168.55,1945770
2024-02-22T12:45:00+05:30,168.45,169.1,168.05,168.55,399558
2024-02-22T13:00:00+05:30,168.65,168.65,167.5,167.95,332038
2024-02-22T13:15:00+05:30,167.95,168.3,167.8,167.8,180637
2024-02-22T13:30:00+05:30,167.9,168.15,167.55,168.0,215362
2024-02-22T13:45:00+05:30,168.1,169.35,167.8,169.0,740511
2024-02-22T14:00:00+05:30,168.9,169.55,167.7,167.9,684414
2024-02-22T14:15:00+05:30,167.95,168.9,167.55,168.7,603781
2024-02-22T14:30:00+05:30,168.55,168.55,167.6,167.65,795276
2024-02-22T14:45:00+05:30,167.65,168.8,167.65,168.4,570328
2024-02-22T15:00:00+05:30,168.35,168.45,167.55,167.75,662832
2024-02-22T15:15:00+05:30,167.85,168.2,167.5,167.6,996438
2024-02-23T09:15:00+05:30,160.6,162.05,159.45,159.45,2958304
2024-02-23T09:30:00+05:30,159.45,159.45,159.45,159.45,763396
2024-02-23T09:45:00+05:30,159.45,159.45,159.45,159.45,546978
2024-02-23T10:00:00+05:30,159.45,159.45,159.45,159.45,362933
2024-02-23T10:15:00+05:30,159.45,159.45,159.45,159.45,294933
2024-02-23T10:30:00+05:30,159.45,159.45,159.45,159.45,212843
2024-02-23T10:45:00+05:30,159.45,159.45,159.45,159.45,201027
2024-02-23T11:00:00+05:30,159.45,159.45,159.45,159.45,162406
2024-02-23T11:15:00+05:30,159.45,159.45,159.45,159.45,190292
2024-02-23T11:30:00+05:30,159.45,159.45,159.45,159.45,159160
2024-02-23T11:45:00+05:30,159.45,159.45,159.45,159.45,136419
2024-02-23T12:00:00+05:30,159.45,159.45,159.45,159.45,147220
2024-02-23T12:15:00+05:30,159.45,159.45,159.45,159.45,169281
2024-02-23T12:30:00+05:30,159.45,159.45,159.45,159.45,137020
2024-02-23T12:45:00+05:30,159.45,159.45,159.45,159.45,115947
2024-02-23T13:00:00+05:30,159.45,159.45,159.45,159.45,132148
2024-02-23T13:15:00+05:30,159.45,159.45,159.45,159.45,122509
2024-02-23T13:30:00+05:30,159.45,159.45,159.45,159.45,104778
2024-02-23T13:45:00+05:30,159.45,159.45,159.45,159.45,109256
2024-02-23T14:00:00+05:30,159.45,159.45,159.45,159.45,122750
2024-02-23T14:15:00+05:30,159.45,159.45,159.45,159.45,126776
2024-02-23T14:30:00+05:30,159.45,159.45,159.45,159.45,105679
2024-02-23T14:45:00+05:30,159.45,159.45,159.45,159.45,152888
2024-02-23T15:00:00+05:30,159.45,159.45,159.45,159.45,182828
2024-02-23T15:15:00+05:30,159.45,159.45,159.45,159.45,372270
2024-02-26T09:15:00+05:30,151.5,151.5,151.5,151.5,1500992
2024-02-26T09:30:00+05:30,151.5,151.5,151.5,151.5,668659
2024-02-26T09:45:00+05:30,151.5,151.5,151.5,151.5,469236
2024-02-26T10:00:00+05:30,151.5,151.5,151.5,151.5,340464
2024-02-26T10:15:00+05:30,151.5,151.5,151.5,151.5,614625
2024-02-26T10:30:00+05:30,151.5,151.5,151.5,151.5,254069
2024-02-26T10:45:00+05:30,151.5,151.5,151.5,151.5,215084
2024-02-26T11:00:00+05:30,151.5,151.5,151.5,151.5,179104
2024-02-26T11:15:00+05:30,151.5,151.5,151.5,151.5,182699
2024-02-26T11:30:00+05:30,151.5,151.5,151.5,151.5,162386
2024-02-26T11:45:00+05:30,151.5,151.5,151.5,151.5,136531
2024-02-26T12:00:00+05:30,151.5,151.5,151.5,151.5,141094
2024-02-26T12:15:00+05:30,151.5,151.5,151.5,151.5,124663
2024-02-26T12:30:00+05:30,151.5,151.5,151.5,151.5,148219
2024-02-26T12:45:00+05:30,151.5,151.5,151.5,151.5,124144
2024-02-26T13:00:00+05:30,151.5,151.5,151.5,151.5,100088
2024-02-26T13:15:00+05:30,151.5,151.5,151.5,151.5,120213
2024-02-26T13:30:00+05:30,151.5,151.5,151.5,151.5,107187
2024-02-26T13:45:00+05:30,151.5,151.5,151.5,151.5,110808
2024-02-26T14:00:00+05:30,151.5,151.5,151.5,151.5,146325
2024-02-26T14:15:00+05:30,151.5,151.5,151.5,151.5,128261
2024-02-26T14:30:00+05:30,151.5,151.5,151.5,151.5,131725
2024-02-26T14:45:00+05:30,151.5,151.5,151.5,151.5,140961
2024-02-26T15:00:00+05:30,151.5,151.5,151.5,151.5,166664
2024-02-26T15:15:00+05:30,151.5,151.5,151.5,151.5,317485
2024-02-27T09:15:00+05:30,146.6,156.65,146.6,152.3,40271386
2024-02-27T09:30:00+05:30,152.35,159.05,152.2,159.05,18633392
2024-02-27T09:45:00+05:30,159.05,159.05,157.65,159.05,10439294
2024-02-27T10:00:00+05:30,159.05,159.05,159.05,159.05,1091894
2024-02-27T10:15:00+05:30,159.05,159.05,157.15,159.05,14799864
2024-02-27T10:30:00+05:30,159.05,159.05,158.2,158.95,5284726
2024-02-27T10:45:00+05:30,158.95,159.05,158.85,159.05,2424580
2024-02-27T11:00:00+05:30,159.05,159.05,158.55,158.95,3812926
2024-02-27T11:15:00+05:30,159.0,159.05,158.8,159.05,1316692
2024-02-27T11:30:00+05:30,159.05,159.05,159.05,159.05,109009
2024-02-27T11:45:00+05:30,159.05,159.05,159.05,159.05,369057
2024-02-27T12:00:00+05:30,159.05,159.05,159.05,159.05,120196
2024-02-27T12:15:00+05:30,159.05,159.05,159.05,159.05,121914
2024-02-27T12:30:00+05:30,159.05,159.05,158.5,158.8,3842306
2024-02-27T12:45:00+05:30,158.85,159.05,158.6,159.05,1476439
2024-02-27T13:00:00+05:30,159.05,159.05,159.05,159.05,644580
2024-02-27T13:15:00+05:30,159.05,159.05,158.8,158.9,1640077
2024-02-27T13:30:00+05:30,158.85,159.05,154.05,155.95,4784068
2024-02-27T13:45:00+05:30,155.9,157.4,155.2,156.5,2804843
2024-02-27T14:00:00+05:30,156.45,156.7,151.6,153.1,5727375
2024-02-27T14:15:00+05:30,153.05,155.6,152.5,154.9,3428100
2024-02-27T14:30:00+05:30,154.9,157.05,154.65,154.75,2976903
2024-02-27T14:45:00+05:30,154.8,155.95,154.2,154.25,1389945
2024-02-27T15:00:00+05:30,154.35,155.55,153.65,155.15,1778669
2024-02-27T15:15:00+05:30,155.15,155.75,154.35,155.2,3196174
2024-02-28T09:15:00+05:30,156.8,158.5,153.05,156.2,6154588
2024-02-28T09:30:00+05:30,156.05,156.5,153.65,154.9,1765435
2024-02-28T09:45:00+05:30,154.9,155.45,153.35,153.35,1181991
2024-02-28T10:00:00+05:30,153.35,153.4,152.3,152.75,2084771
2024-02-28T10:15:00+05:30,152.75,154.35,152.7,153.0,1005432
2024-02-28T10:30:00+05:30,153.15,153.6,152.35,152.55,873372
2024-02-28T10:45:00+05:30,152.55,152.55,149.3,149.45,2886237
2024-02-28T11:00:00+05:30,149.85,151.0,148.5,150.55,1958496
2024-02-28T11:15:00+05:30,150.5,151.25,150.0,150.0,644950
2024-02-28T11:30:00+05:30,150.0,151.1,149.7,149.75,696738
2024-02-28T11:45:00+05:30,149.75,150.7,149.65,150.45,558062
2024-02-28T12:00:00+05:30,150.45,150.65,149.75,150.5,508065
2024-02-28T12:15:00+05:30,150.5,151.6,150.4,151.1,485647
2024-02-28T12:30:00+05:30,151.15,151.25,150.05,150.2,408420
2024-02-28T12:45:00+05:30,150.3,150.6,149.4,149.5,583401
2024-02-28T13:00:00+05:30,149.5,150.2,148.65,148.7,797572
2024-02-28T13:15:00+05:30,148.75,150.5,148.6,150.15,574909
2024-02-28T13:30:00+05:30,150.15,150.95,150.15,150.95,417326
2024-02-28T13:45:00+05:30,150.95,151.65,150.5,151.5,597972
2024-02-28T14:00:00+05:30,151.6,151.8,151.15,151.15,457849
2024-02-28T14:15:00+05:30,151.2,151.2,150.1,150.85,510680
2024-02-28T14:30:00+05:30,150.9,150.9,150.05,150.1,662501
2024-02-28T14:45:00+05:30,150.15,150.3,149.6,149.95,924143
2024-02-28T15:00:00+05:30,150.05,150.3,148.5,148.5,1439067
2024-02-28T15:15:00+05:30,148.4,149.75,148.2,149.6,1854660
2024-02-29T09:15:00+05:30,149.75,152.6,146.5,148.25,4478051
2024-02-29T09:30:00+05:30,148.25,150.5,147.7,148.7,2035656
2024-02-29T09:45:00+05:30,148.7,149.15,147.6,148.6,937041
2024-02-29T10:00:00+05:30,148.55,148.65,145.6,145.7,1636582
2024-02-29T10:15:00+05:30,144.9,146.4,144.8,146.05,2488520
2024-02-29T10:30:00+05:30,146.1,146.1,144.4,144.85,1280234
2024-02-29T10:45:00+05:30,145.0,145.4,141.8,141.8,4507850
2024-02-29T11:00:00+05:30,141.8,144.9,141.8,144.9,8164626
2024-02-29T11:15:00+05:30,144.9,145.5,143.75,143.85,2132976
2024-02-29T11:30:00+05:30,144.15,145.4,144.0,145.35,957336
2024-02-29T11:45:00+05:30,145.35,145.45,144.6,144.95,768493
2024-02-29T12:00:00+05:30,144.95,147.0,144.85,146.85,1208634
2024-02-29T12:15:00+05:30,146.8,148.4,146.8,147.2,1689093
2024-02-29T12:30:00+05:30,146.95,147.6,146.25,147.0,1022541
2024-02-29T12:45:00+05:30,146.9,147.8,146.45,147.25,781805
2024-02-29T13:00:00+05:30,147.4,147.9,147.05,147.15,654115
2024-02-29T13:15:00+05:30,147.2,148.5,146.95,147.65,692900
2024-02-29T13:30:00+05:30,147.65,148.1,145.5,146.45,967456
2024-02-29T13:45:00+05:30,146.45,146.6,145.6,145.95,629259
2024-02-29T14:00:00+05:30,146.0,147.55,146.0,147.1,719645
2024-02-29T14:15:00+05:30,147.05,148.0,146.5,147.75,813828
2024-02-29T14:30:00+05:30,147.8,150.85,147.0,150.0,2676511
2024-02-29T14:45:00+05:30,150.1,150.9,148.35,148.6,1567142
2024-02-29T15:00:00+05:30,148.7,151.0,147.3,150.05,10684286
2024-02-29T15:15:00+05:30,150.1,152.5,149.6,151.5,8816077
2024-03-01T09:15:00+05:30,153.45,155.25,152.55,153.6,3479077
2024-03-01T09:30:00+05:30,153.7,154.45,153.5,153.85,749503
2024-03-01T09:45:00+05:30,153.85,153.85,152.0,153.45,1088050
2024-03-01T10:00:00+05:30,153.3,153.85,153.25,153.55,533484
2024-03-01T10:15:00+05:30,153.6,153.6,152.7,152.7,521403
2024-03-01T10:30:00+05:30,152.75,152.85,152.1,152.85,500225
2024-03-01T10:45:00+05:30,152.8,153.05,151.75,151.85,469842
2024-03-01T11:00:00+05:30,151.9,152.05,151.75,152.0,352230
2024-03-01T11:15:00+05:30,152.1,152.1,150.85,151.65,503728
2024-03-01T11:30:00+05:30,151.7,152.25,151.55,152.0,399236
2024-03-01T11:45:00+05:30,151.95,152.05,151.65,151.85,212183
2024-03-01T12:00:00+05:30,151.8,151.95,151.25,151.65,222020
2024-03-01T12:15:00+05:30,151.7,151.7,151.2,151.25,227251
2024-03-01T12:30:00+05:30,151.4,151.75,151.15,151.65,155603
2024-03-01T12:45:00+05:30,151.6,151.8,151.5,151.55,132189
2024-03-01T13:00:00+05:30,151.5,151.6,151.05,151.15,208990
2024-03-01T13:15:00+05:30,151.25,151.45,151.1,151.25,234761
2024-03-01T13:30:00+05:30,151.2,151.45,151.1,151.45,223414
2024-03-01T13:45:00+05:30,151.35,151.55,151.3,151.55,156780
2024-03-01T14:00:00+05:30,151.5,151.75,151.4,151.5,182049
2024-03-01T14:15:00+05:30,151.5,153.3,151.5,152.7,610540
2024-03-01T14:30:00+05:30,152.6,154.45,152.6,153.6,1610333
2024-03-01T14:45:00+05:30,153.55,156.95,153.4,156.7,3782334
2024-03-01T15:00:00+05:30,156.7,157.55,155.3,157.55,7168121
2024-03-01T15:15:00+05:30,157.55,157.55,157.55,157.55,409131
2024-03-02T09:15:00+05:30,158.7,163.7,157.2,163.65,5353326
2024-03-02T09:30:00+05:30,163.65,163.7,161.25,162.3,2965429
2024-03-02T09:45:00+05:30,162.2,162.3,161.35,161.7,1079658
2024-03-02T11:15:00+05:30,161.7,161.7,161.7,161.7,38272
2024-03-02T11:30:00+05:30,161.7,163.15,161.5,161.8,1497308
2024-03-02T11:45:00+05:30,161.7,162.3,160.7,161.25,925249
2024-03-02T12:00:00+05:30,161.25,161.8,161.0,161.7,606988
2024-03-02T12:15:00+05:30,161.7,161.7,160.2,160.65,1334604
2024-03-02T12:30:00+05:30,160.6,160.9,160.6,160.9,9849
2024-03-02T12:45:00+05:30,160.9,160.9,160.9,160.9,15290
2024-03-04T09:15:00+05:30,160.8,160.8,154.55,154.55,4666134
2024-03-04T09:30:00+05:30,154.45,154.95,153.65,154.8,2630839
2024-03-04T09:45:00+05:30,154.9,155.3,154.25,154.75,1141768
2024-03-04T10:00:00+05:30,154.7,155.2,154.0,155.2,815296
2024-03-04T10:15:00+05:30,155.2,155.7,154.5,154.6,773130
2024-03-04T10:30:00+05:30,154.55,155.45,154.5,154.65,446560
2024-03-04T10:45:00+05:30,154.6,154.75,154.0,154.2,491572
2024-03-04T11:00:00+05:30,154.15,154.25,154.0,154.2,332791
2024-03-04T11:15:00+05:30,154.15,154.5,154.05,154.05,312312
2024-03-04T11:30:00+05:30,154.15,155.2,154.05,154.5,474126
2024-03-04T11:45:00+05:30,154.4,155.45,154.35,154.7,509396
2024-03-04T12:00:00+05:30,154.65,154.75,154.4,154.7,270025
2024-03-04T12:15:00+05:30,154.7,155.1,154.55,155.0,291707
2024-03-04T12:30:00+05:30,155.1,155.35,154.9,154.95,323506
2024-03-04T12:45:00+05:30,154.95,154.95,154.15,154.35,368768
2024-03-04T13:00:00+05:30,154.35,154.6,154.2,154.25,226460
2024-03-04T13:15:00+05:30,154.2,154.95,154.15,154.35,297023
2024-03-04T13:30:00+05:30,154.35,154.5,154.15,154.2,189740
2024-03-04T13:45:00+05:30,154.3,154.3,154.0,154.2,402199
2024-03-04T14:00:00+05:30,154.25,154.55,154.1,154.4,276700
2024-03-04T14:15:00+05:30,154.4,154.6,154.2,154.55,247959
2024-03-04T14:30:00+05:30,154.6,154.85,153.5,154.4,1086674
2024-03-04T14:45:00+05:30,154.3,154.7,153.0,153.15,1825142
2024-03-04T15:00:00+05:30,153.2,153.35,152.85,152.85,1185423
2024-03-04T15:15:00+05:30,152.85,152.85,152.85,152.85,396714
2024-03-05T09:15:00+05:30,151.0,154.1,148.35,153.05,3725586
2024-03-05T09:30:00+05:30,153.2,153.2,150.1,150.5,1471197
2024-03-05T09:45:00+05:30,150.45,150.45,148.95,149.0,1613476
2024-03-05T10:00:00+05:30,148.7,150.3,148.65,149.5,890535
2024-03-05T10:15:00+05:30,149.5,149.5,147.65,148.7,1592277
2024-03-05T10:30:00+05:30,148.75,149.15,147.8,148.9,898237
2024-03-05T10:45:00+05:30,148.95,148.95,148.0,148.45,590419
2024-03-05T11:00:00+05:30,148.45,148.9,147.75,148.6,749290
2024-03-05T11:15:00+05:30,148.55,148.75,147.9,148.75,363095
2024-03-05T11:30:00+05:30,148.7,149.0,148.1,148.45,541612
2024-03-05T11:45:00+05:30,148.45,148.75,148.15,148.45,338819
2024-03-05T12:00:00+05:30,148.45,148.45,147.7,148.2,632464
2024-03-05T12:15:00+05:30,148.1,148.45,148.0,148.1,353951
2024-03-05T12:30:00+05:30,148.1,148.5,148.0,148.2,306662
2024-03-05T12:45:00+05:30,148.2,148.25,146.55,147.65,1450958
2024-03-05T13:00:00+05:30,147.65,147.95,147.5,147.85,406186
2024-03-05T13:15:00+05:30,147.85,148.0,147.5,147.65,433165
2024-03-05T13:30:00+05:30,147.65,148.6,147.55,148.4,451086
2024-03-05T13:45:00+05:30,148.4,148.4,147.1,147.5,508913
2024-03-05T14:00:00+05:30,147.4,147.6,146.7,146.85,677013
2024-03-05T14:15:00+05:30,146.9,147.35,146.85,146.95,389113
2024-03-05T14:30:00+05:30,146.9,147.7,146.9,147.35,376481
2024-03-05T14:45:00+05:30,147.35,147.45,147.0,147.25,332772
2024-03-05T15:00:00+05:30,147.25,147.25,146.0,146.35,1470960
2024-03-05T15:15:00+05:30,146.15,147.95,146.05,147.8,1726044
2024-03-06T09:15:00+05:30,147.2,149.5,146.3,148.55,2349648
2024-03-06T09:30:00+05:30,148.3,148.3,145.1,147.7,2171707
2024-03-06T09:45:00+05:30,147.7,148.2,145.35,145.4,1192481
2024-03-06T10:00:00+05:30,145.3,145.6,142.95,143.35,3121200
2024-03-06T10:15:00+05:30,143.35,144.25,141.15,141.75,1806713
2024-03-06T10:30:00+05:30,141.75,142.75,140.6,141.3,2295214
2024-03-06T10:45:00+05:30,141.4,141.65,140.25,140.5,1896314
2024-03-06T11:00:00+05:30,140.5,141.2,140.0,141.05,1848070
2024-03-06T11:15:00+05:30,141.05,141.4,140.6,141.35,685179
2024-03-06T11:30:00+05:30,141.35,141.45,140.7,140.9,543378
2024-03-06T11:45:00+05:30,140.85,140.95,140.5,140.75,654924
2024-03-06T12:00:00+05:30,140.7,141.0,140.5,140.75,431170
2024-03-06T12:15:00+05:30,140.75,140.95,140.6,140.9,319030
2024-03-06T12:30:00+05:30,140.9,141.3,140.85,141.0,629213
2024-03-06T12:45:00+05:30,141.0,141.05,140.7,140.95,436509
2024-03-06T13:00:00+05:30,140.85,141.0,140.65,141.0,354830
2024-03-06T13:15:00+05:30,141.0,141.0,140.75,140.95,480261
2024-03-06T13:30:00+05:30,140.95,142.4,140.7,142.3,1241057
2024-03-06T13:45:00+05:30,142.3,143.45,142.05,142.55,1181092
2024-03-06T14:00:00+05:30,142.6,142.85,141.45,141.65,753096
2024-03-06T14:15:00+05:30,141.75,142.35,141.55,142.15,506944
2024-03-06T14:30:00+05:30,142.15,142.65,141.9,142.25,606624
2024-03-06T14:45:00+05:30,142.35,143.1,141.55,142.6,862721
2024-03-06T15:00:00+05:30,142.55,142.65,141.5,141.7,720853
2024-03-06T15:15:00+05:30,141.7,142.0,141.15,141.6,1397749
2024-03-07T09:15:00+05:30,142.05,145.4,140.15,144.5,3668654
2024-03-07T09:30:00+05:30,144.55,144.95,143.65,144.0,1044614
2024-03-07T09:45:00+05:30,144.05,144.2,142.4,143.5,1029873
2024-03-07T10:00:00+05:30,143.5,146.15,143.3,145.5,1589998
2024-03-07T10:15:00+05:30,145.4,145.65,144.35,144.55,615867
2024-03-07T10:30:00+05:30,144.55,144.75,144.0,144.0,324007
2024-03-07T10:45:00+05:30,144.15,144.35,143.7,144.2,376594
2024-03-07T11:00:00+05:30,144.2,145.3,144.05,145.1,442975
2024-03-07T11:15:00+05:30,145.2,146.3,145.05,145.6,665764
2024-03-07T11:30:00+05:30,145.65,148.1,145.3,147.65,1422986
2024-03-07T11:45:00+05:30,147.65,147.7,146.45,147.15,1042949
2024-03-07T12:00:00+05:30,147.2,147.25,146.35,146.65,447114
2024-03-07T12:15:00+05:30,146.65,147.05,146.1,146.4,382201
2024-03-07T12:30:00+05:30,146.45,146.75,146.1,146.6,275913
2024-03-07T12:45:00+05:30,146.65,146.9,146.45,146.5,219408
2024-03-07T13:00:00+05:30,146.5,146.7,146.25,146.5,245844
2024-03-07T13:15:00+05:30,146.3,146.75,146.25,146.7,245406
2024-03-07T13:30:00+05:30,146.7,147.35,146.7,147.25,514644
2024-03-07T13:45:00+05:30,147.25,148.4,147.1,148.3,1076978
2024-03-07T14:00:00+05:30,148.35,148.35,146.9,147.2,548374
2024-03-07T14:15:00+05:30,147.25,148.1,147.2,147.9,385124
2024-03-07T14:30:00+05:30,147.9,148.8,147.85,148.4,3245878
2024-03-07T14:45:00+05:30,148.4,148.5,147.8,148.25,680819
2024-03-07T15:00:00+05:30,148.25,148.75,148.05,148.1,814764
2024-03-07T15:15:00+05:30,148.05,148.1,147.2,147.85,1223701
2024-03-11T09:15:00+05:30,148.9,148.9,144.4,145.95,2305876
2024-03-11T09:30:00+05:30,145.6,145.9,143.75,144.2,1091748
2024-03-11T09:45:00+05:30,144.5,145.6,144.05,144.6,664422
2024-03-11T10:00:00+05:30,144.7,145.0,144.0,144.1,543899
2024-03-11T10:15:00+05:30,144.0,144.45,143.8,144.2,473288
2024-03-11T10:30:00+05:30,144.2,144.25,143.7,143.75,446512
2024-03-11T10:45:00+05:30,143.8,143.8,142.95,143.4,705690
2024-03-11T11:00:00+05:30,143.4,143.45,142.85,143.15,401670
2024-03-11T11:15:00+05:30,143.15,143.35,142.1,142.35,667586
2024-03-11T11:30:00+05:30,142.45,142.85,142.1,142.45,577773
2024-03-11T11:45:00+05:30,142.35,142.55,141.25,141.9,676195
2024-03-11T12:00:00+05:30,141.9,142.4,141.3,141.45,603618
2024-03-11T12:15:00+05:30,141.5,142.2,141.4,142.0,337625
2024-03-11T12:30:00+05:30,141.65,142.35,141.4,142.25,606250
2024-03-11T12:45:00+05:30,142.25,142.25,141.65,141.7,401724
2024-03-11T13:00:00+05:30,141.8,141.8,141.35,141.5,382157
2024-03-11T13:15:00+05:30,141.5,142.35,141.35,142.3,1118880
2024-03-11T13:30:00+05:30,142.35,142.5,141.8,142.1,400283
2024-03-11T13:45:00+05:30,142.1,142.3,141.8,141.95,364119
2024-03-11T14:00:00+05:30,141.9,142.05,141.25,141.4,434654
2024-03-11T14:15:00+05:30,141.3,141.7,141.2,141.45,441508
2024-03-11T14:30:00+05:30,141.55,141.6,141.25,141.5,325209
2024-03-11T14:45:00+05:30,141.5,142.5,141.4,141.9,686876
2024-03-11T15:00:00+05:30,141.9,141.9,141.2,141.25,696394
2024-03-11T15:15:00+05:30,141.2,141.25,140.8,141.2,1536144
2024-03-12T09:15:00+05:30,143.5,143.5,135.8,135.8,3964609
2024-03-12T09:30:00+05:30,136.05,139.45,136.05,137.65,2826335
2024-03-12T09:45:00+05:30,137.8,138.2,136.4,137.5,1158896
2024-03-12T10:00:00+05:30,137.2,138.2,137.2,137.85,735200
2024-03-12T10:15:00+05:30,137.85,137.9,136.65,136.75,697273
2024-03-12T10:30:00+05:30,136.6,136.6,135.3,135.4,1555247
2024-03-12T10:45:00+05:30,135.3,135.5,134.05,135.2,6478034
2024-03-12T11:00:00+05:30,135.1,135.75,134.3,134.45,1293976
2024-03-12T11:15:00+05:30,134.6,135.0,134.3,134.3,981570
2024-03-12T11:30:00+05:30,134.35,134.45,134.05,134.05,885642
2024-03-12T11:45:00+05:30,134.05,134.05,134.05,134.05,201074
2024-03-12T12:00:00+05:30,134.05,134.05,134.05,134.05,166916
2024-03-12T12:15:00+05:30,134.05,134.05,134.05,134.05,166858
2024-03-12T12:30:00+05:30,134.05,134.05,134.05,134.05,190868
2024-03-12T12:45:00+05:30,134.05,134.05,134.05,134.05,480925
2024-03-12T13:00:00+05:30,134.05,134.05,134.05,134.05,112821
2024-03-12T13:15:00+05:30,134.05,136.3,134.05,135.65,4056744
2024-03-12T13:30:00+05:30,135.5,135.5,134.05,134.7,1225659
2024-03-12T13:45:00+05:30,134.75,135.5,134.05,134.4,2434793
2024-03-12T14:00:00+05:30,134.35,134.8,134.05,134.3,837901
2024-03-12T14:15:00+05:30,134.05,134.2,134.05,134.05,334745
2024-03-12T14:30:00+05:30,134.05,134.35,134.05,134.05,860654
2024-03-12T14:45:00+05:30,134.05,134.05,134.05,134.05,143327
2024-03-12T15:00:00+05:30,134.05,134.05,134.05,134.05,168280
2024-03-12T15:15:00+05:30,134.05,134.05,134.05,134.05,261586
2024-03-13T09:15:00+05:30,133.75,136.5,128.85,132.0,6258135
2024-03-13T09:30:00+05:30,131.75,132.25,129.0,130.5,3774974
2024-03-13T09:45:00+05:30,130.85,130.85,127.6,128.0,6297910
2024-03-13T10:00:00+05:30,128.0,128.65,127.35,128.45,6566487
2024-03-13T10:15:00+05:30,128.4,128.8,127.35,127.35,5178290
2024-03-13T10:30:00+05:30,127.35,128.1,127.35,127.9,1654179
2024-03-13T10:45:00+05:30,127.85,127.9,127.35,127.45,885999
2024-03-13T11:00:00+05:30,127.45,127.45,127.35,127.35,337235
2024-03-13T11:15:00+05:30,127.35,127.35,127.35,127.35,160719
2024-03-13T11:30:00+05:30,127.35,127.35,127.35,127.35,127475
2024-03-13T11:45:00+05:30,127.35,127.35,127.35,127.35,112092
2024-03-13T12:00:00+05:30,127.35,127.35,127.35,127.35,115738
2024-03-13T12:15:00+05:30,127.35,127.35,127.35,127.35,86152
2024-03-13T12:30:00+05:30,127.35,127.35,127.35,127.35,119785
2024-03-13T12:45:00+05:30,127.35,127.35,127.35,127.35,123945
2024-03-13T13:00:00+05:30,127.35,127.35,127.35,127.35,136633
2024-03-13T13:15:00+05:30,127.35,127.35,127.35,127.35,107985
2024-03-13T13:30:00+05:30,127.35,127.35,127.35,127.35,106300
2024-03-13T13:45:00+05:30,127.35,127.35,127.35,127.35,101593
2024-03-13T14:00:00+05:30,127.35,127.35,127.35,127.35,87348
2024-03-13T14:15:00+05:30,127.35,127.35,127.35,127.35,98157
2024-03-13T14:30:00+05:30,127.35,127.35,127.35,127.35,97036
2024-03-13T14:45:00+05:30,127.35,127.35,127.35,127.35,116465
2024-03-13T15:00:00+05:30,127.35,127.35,127.35,127.35,159646
2024-03-13T15:15:00+05:30,127.35,127.35,127.35,127.35,185970
2024-03-14T09:15:00+05:30,122.55,126.4,121.1,124.95,11838483
2024-03-14T09:30:00+05:30,124.85,127.4,123.3,125.2,5254541
2024-03-14T09:45:00+05:30,125.2,126.0,123.25,124.8,3673666
2024-03-14T10:00:00+05:30,124.8,125.35,123.4,123.5,2347785
2024-03-14T10:15:00+05:30,123.5,124.8,122.45,122.6,2919787
2024-03-14T10:30:00+05:30,122.65,126.45,122.65,126.45,3069295
2024-03-14T10:45:00+05:30,126.55,129.85,126.55,128.95,5455043
2024-03-14T11:00:00+05:30,128.85,130.75,128.85,129.85,2941723
2024-03-14T11:15:00+05:30,129.8,130.4,128.65,129.6,1420633
2024-03-14T11:30:00+05:30,129.6,131.5,129.4,131.4,1478648
2024-03-14T11:45:00+05:30,131.5,131.85,130.45,131.4,1584858
2024-03-14T12:00:00+05:30,131.3,131.6,129.65,129.65,1185660
2024-03-14T12:15:00+05:30,129.65,130.75,129.3,130.1,926837
2024-03-14T12:30:00+05:30,130.1,130.1,127.35,127.65,1257250
2024-03-14T12:45:00+05:30,127.0,127.45,125.8,127.4,2278011
2024-03-14T13:00:00+05:30,127.35,127.75,126.4,126.5,815413
2024-03-14T13:15:00+05:30,126.5,130.7,126.5,130.25,2218950
2024-03-14T13:30:00+05:30,130.3,130.75,128.7,129.1,1237143
2024-03-14T13:45:00+05:30,128.75,129.4,128.25,128.8,769707
2024-03-14T14:00:00+05:30,128.7,128.95,127.7,128.35,840962
2024-03-14T14:15:00+05:30,128.35,130.65,128.1,130.65,1010700
2024-03-14T14:30:00+05:30,130.65,132.2,130.3,131.0,3092418
2024-03-14T14:45:00+05:30,130.7,131.75,130.5,131.25,1184763
2024-03-14T15:00:00+05:30,131.2,133.35,131.15,132.75,2938969
2024-03-14T15:15:00+05:30,132.8,132.8,131.25,131.5,2357262
2024-03-15T09:15:00+05:30,130.0,133.2,128.35,131.6,4171453
2024-03-15T09:30:00+05:30,131.35,132.1,128.65,129.45,2410013
2024-03-15T09:45:00+05:30,129.65,130.4,127.85,128.4,1918371
2024-03-15T10:00:00+05:30,128.4,129.3,128.0,129.0,680226
2024-03-15T10:15:00+05:30,128.9,129.25,127.6,127.6,537824
2024-03-15T10:30:00+05:30,127.65,127.9,126.7,127.6,904500
2024-03-15T10:45:00+05:30,127.65,128.15,127.15,127.75,672701
2024-03-15T11:00:00+05:30,127.8,127.9,126.7,127.15,530786
2024-03-15T11:15:00+05:30,127.15,127.5,126.7,127.1,555137
2024-03-15T11:30:00+05:30,127.0,127.8,126.9,127.4,422187
2024-03-15T11:45:00+05:30,127.4,127.95,126.85,127.2,433430
2024-03-15T12:00:00+05:30,127.35,127.8,127.0,127.25,378618
2024-03-15T12:15:00+05:30,127.2,127.45,127.0,127.4,200603
2024-03-15T12:30:00+05:30,127.35,127.85,126.8,126.9,473922
2024-03-15T12:45:00+05:30,126.95,127.95,126.95,127.85,632370
2024-03-15T13:00:00+05:30,127.8,128.4,127.2,128.4,439841
2024-03-15T13:15:00+05:30,128.4,128.6,128.0,128.4,337186
2024-03-15T13:30:00+05:30,128.4,129.35,128.2,129.05,597219
2024-03-15T13:45:00+05:30,129.0,129.7,128.4,128.75,605518
2024-03-15T14:00:00+05:30,128.85,130.4,128.75,129.45,682236
2024-03-15T14:15:00+05:30,129.3,129.9,128.8,129.25,496088
2024-03-15T14:30:00+05:30,129.3,129.35,128.8,129.2,451826
2024-03-15T14:45:00+05:30,129.3,130.0,129.2,129.75,630087
2024-03-15T15:00:00+05:30,129.75,129.75,128.5,128.75,1005374
2024-03-15T15:15:00+05:30,128.5,128.9,128.4,128.75,1304523
2024-03-18T09:15:00+05:30,129.55,134.6,127.8,133.15,5586573
2024-03-18T09:30:00+05:30,133.1,133.25,131.35,132.4,1766383
2024-03-18T09:45:00+05:30,132.25,132.9,131.6,132.7,963591
2024-03-18T10:00:00+05:30,132.6,133.35,132.0,132.35,884088
2024-03-18T10:15:00+05:30,132.35,132.9,132.15,132.8,438092
2024-03-18T10:30:00+05:30,132.8,133.2,132.5,132.8,596858
2024-03-18T10:45:00+05:30,132.8,132.8,132.0,132.25,451284
2024-03-18T11:00:00+05:30,132.3,132.3,131.05,131.05,467295
2024-03-18T11:15:00+05:30,131.1,131.5,130.8,131.0,370650
2024-03-18T11:30:00+05:30,131.05,132.3,130.8,132.0,462989
2024-03-18T11:45:00+05:30,132.0,132.45,131.7,131.85,288846
2024-03-18T12:00:00+05:30,131.85,132.7,131.65,132.15,275102
2024-03-18T12:15:00+05:30,132.25,132.7,132.1,132.7,264853
2024-03-18T12:30:00+05:30,132.7,132.7,132.1,132.2,171143
2024-03-18T12:45:00+05:30,132.2,132.4,131.9,132.05,178814
2024-03-18T13:00:00+05:30,132.1,132.3,131.8,132.2,201105
2024-03-18T13:15:00+05:30,132.3,132.35,132.05,132.25,176051
2024-03-18T13:30:00+05:30,132.2,132.8,132.1,132.45,205190
2024-03-18T13:45:00+05:30,132.5,132.5,132.05,132.4,198010
2024-03-18T14:00:00+05:30,132.45,132.75,132.2,132.7,172311
2024-03-18T14:15:00+05:30,132.7,133.3,132.5,133.1,872526
2024-03-18T14:30:00+05:30,133.1,134.3,133.05,134.3,1187920
2024-03-18T14:45:00+05:30,134.4,134.85,134.05,134.65,1768935
2024-03-18T15:00:00+05:30,134.65,134.65,132.7,133.0,1204232
2024-03-18T15:15:00+05:30,133.0,133.2,132.6,132.95,1324166
2024-03-19T09:15:00+05:30,132.0,132.5,131.0,132.1,1772722
2024-03-19T09:30:00+05:30,131.7,132.7,131.25,132.1,1037016
2024-03-19T09:45:00+05:30,132.05,132.15,131.15,131.15,565991
2024-03-19T10:00:00+05:30,131.2,131.25,130.25,130.85,1002869
2024-03-19T10:15:00+05:30,130.8,130.85,129.7,129.9,811620
2024-03-19T10:30:00+05:30,129.9,130.8,129.75,130.2,557601
2024-03-19T10:45:00+05:30,130.3,130.4,129.6,129.9,477122
2024-03-19T11:00:00+05:30,130.0,130.3,129.75,130.25,333112
2024-03-19T11:15:00+05:30,130.3,130.65,130.2,130.5,242304
2024-03-19T11:30:00+05:30,130.35,130.5,128.75,128.8,775764
2024-03-19T11:45:00+05:30,128.75,129.45,128.75,129.35,331661
2024-03-19T12:00:00+05:30,129.4,129.45,129.0,129.2,173287
2024-03-19T12:15:00+05:30,129.2,129.65,129.05,129.3,195442
2024-03-19T12:30:00+05:30,129.35,129.85,129.35,129.5,158387
2024-03-19T12:45:00+05:30,129.55,129.8,129.45,129.6,171424
2024-03-19T13:00:00+05:30,129.65,130.0,129.45,129.95,286877
2024-03-19T13:15:00+05:30,130.0,130.0,129.5,129.75,358346
2024-03-19T13:30:00+05:30,129.8,130.0,129.55,129.65,285223
2024-03-19T13:45:00+05:30,129.75,129.95,129.55,129.8,191018
2024-03-19T14:00:00+05:30,129.8,129.85,129.05,129.15,381552
2024-03-19T14:15:00+05:30,129.3,129.45,129.0,129.35,419233
2024-03-19T14:30:00+05:30,129.35,129.5,129.15,129.35,251764
2024-03-19T14:45:00+05:30,129.35,129.4,129.15,129.3,245293
2024-03-19T15:00:00+05:30,129.35,129.45,129.1,129.2,401154
2024-03-19T15:15:00+05:30,129.2,129.6,129.05,129.6,912918
2024-03-20T09:15:00+05:30,128.0,129.9,127.2,127.6,2278963
2024-03-20T09:30:00+05:30,127.75,128.6,127.0,127.1,1069159
2024-03-20T09:45:00+05:30,127.15,127.35,125.6,125.9,1013488
2024-03-20T10:00:00+05:30,125.7,126.05,124.9,124.95,996146
2024-03-20T10:15:00+05:30,124.65,125.8,124.65,125.6,646582
2024-03-20T10:30:00+05:30,125.65,125.85,124.55,124.9,627174
2024-03-20T10:45:00+05:30,124.9,125.8,124.5,125.8,641944
2024-03-20T11:00:00+05:30,125.8,126.3,125.05,126.05,657919
2024-03-20T11:15:00+05:30,125.95,126.1,125.45,126.05,317419
2024-03-20T11:30:00+05:30,126.0,126.7,125.9,126.5,415559
2024-03-20T11:45:00+05:30,126.45,126.65,126.15,126.25,226103
2024-03-20T12:00:00+05:30,126.25,126.55,126.1,126.2,180034
2024-03-20T12:15:00+05:30,126.2,126.6,126.1,126.15,218070
2024-03-20T12:30:00+05:30,126.15,126.35,126.05,126.2,123573
2024-03-20T12:45:00+05:30,126.3,126.7,126.05,126.25,485688
2024-03-20T13:00:00+05:30,126.2,127.35,126.15,127.3,434123
2024-03-20T13:15:00+05:30,127.3,127.6,126.9,126.95,472881
2024-03-20T13:30:00+05:30,127.0,127.4,126.55,127.35,285873
2024-03-20T13:45:00+05:30,127.35,127.35,126.3,126.4,281329
2024-03-20T14:00:00+05:30,126.4,126.5,126.0,126.5,425872
2024-03-20T14:15:00+05:30,126.5,126.7,125.7,126.4,269025
2024-03-20T14:30:00+05:30,126.35,126.45,126.0,126.25,206967
2024-03-20T14:45:00+05:30,126.3,126.3,125.8,126.1,226775
2024-03-20T15:00:00+05:30,126.1,126.1,125.5,125.85,472849
2024-03-20T15:15:00+05:30,125.9,126.0,125.75,125.95,720870
2024-03-21T09:15:00+05:30,127.25,129.1,126.55,128.45,2490834
2024-03-21T09:30:00+05:30,128.85,130.8,128.65,129.4,3229344
2024-03-21T09:45:00+05:30,129.25,130.05,129.15,129.5,697776
2024-03-21T10:00:00+05:30,129.7,131.1,129.5,130.95,1572981
2024-03-21T10:15:00+05:30,131.0,131.25,130.35,131.15,1002762
2024-03-21T10:30:00+05:30,131.1,131.4,130.3,130.55,1158942
2024-03-21T10:45:00+05:30,130.7,132.05,130.6,132.05,2358382
2024-03-21T11:00:00+05:30,132.05,132.05,132.05,132.05,387854
2024-03-21T11:15:00+05:30,132.05,132.05,132.05,132.05,110127
2024-03-21T11:30:00+05:30,132.05,132.05,132.05,132.05,234391
2024-03-21T11:45:00+05:30,132.05,132.05,132.05,132.05,152410
2024-03-21T12:00:00+05:30,132.05,132.05,130.75,131.35,3996254
2024-03-21T12:15:00+05:30,131.3,132.05,131.25,132.05,1324381
2024-03-21T12:30:00+05:30,132.05,132.05,132.05,132.05,97970
2024-03-21T12:45:00+05:30,132.05,132.05,132.05,132.05,56873
2024-03-21T13:00:00+05:30,132.05,132.05,132.05,132.05,32684
2024-03-21T13:15:00+05:30,132.05,132.05,132.05,132.05,59370
2024-03-21T13:30:00+05:30,132.05,132.05,132.05,132.05,42040
2024-03-21T13:45:00+05:30,132.05,132.05,132.05,132.05,39207
2024-03-21T14:00:00+05:30,132.05,132.05,132.05,132.05,38923
2024-03-21T14:15:00+05:30,132.05,132.05,132.05,132.05,55032
2024-03-21T14:30:00+05:30,132.05,132.05,132.05,132.05,70070
2024-03-21T14:45:00+05:30,132.05,132.05,132.05,132.05,54970
2024-03-21T15:00:00+05:30,132.05,132.05,132.05,132.05,59377
2024-03-21T15:15:00+05:30,132.05,132.05,132.05,132.05,112658
2024-03-22T09:15:00+05:30,133.7,136.35,132.45,133.5,6639287
2024-03-22T09:30:00+05:30,133.6,134.45,132.75,134.25,1774508
2024-03-22T09:45:00+05:30,134.1,134.75,133.7,134.7,958408
2024-03-22T10:00:00+05:30,134.7,136.1,134.7,136.1,1775113
2024-03-22T10:15:00+05:30,136.0,136.2,135.55,136.2,1022105
2024-03-22T10:30:00+05:30,136.2,138.25,135.9,137.9,2814292
2024-03-22T10:45:00+05:30,137.95,138.65,137.7,138.2,4716240
2024-03-22T11:00:00+05:30,138.45,138.65,138.15,138.65,1150696
2024-03-22T11:15:00+05:30,138.65,138.65,138.65,138.65,118760
2024-03-22T11:30:00+05:30,138.65,138.65,138.65,138.65,90300
2024-03-22T11:45:00+05:30,138.65,138.65,138.65,138.65,59149
2024-03-22T12:00:00+05:30,138.65,138.65,138.65,138.65,64121
2024-03-22T12:15:00+05:30,138.65,138.65,138.65,138.65,49939
2024-03-22T12:30:00+05:30,138.65,138.65,138.65,138.65,36127
2024-03-22T12:45:00+05:30,138.65,138.65,138.65,138.65,47257
2024-03-22T13:00:00+05:30,138.65,138.65,138.65,138.65,56178
2024-03-22T13:15:00+05:30,138.65,138.65,138.65,138.65,52793
2024-03-22T13:30:00+05:30,138.65,138.65,138.65,138.65,49164
2024-03-22T13:45:00+05:30,138.65,138.65,138.65,138.65,47890
2024-03-22T14:00:00+05:30,138.65,138.65,138.65,138.65,44101
2024-03-22T14:15:00+05:30,138.65,138.65,138.65,138.65,62537
2024-03-22T14:30:00+05:30,138.65,138.65,138.65,138.65,63256
2024-03-22T14:45:00+05:30,138.65,138.65,138.65,138.65,43482
2024-03-22T15:00:00+05:30,138.65,138.65,138.65,138.65,62596
2024-03-22T15:15:00+05:30,138.65,138.65,138.65,138.65,121556
2024-03-26T09:15:00+05:30,141.4,144.25,141.0,143.2,5734245
2024-03-26T09:30:00+05:30,143.1,143.25,139.4,141.35,3165662
2024-03-26T09:45:00+05:30,141.45,142.8,140.65,142.75,1231619
2024-03-26T10:00:00+05:30,142.75,143.15,142.2,142.5,1450715
2024-03-26T10:15:00+05:30,142.5,142.8,142.05,142.8,576411
2024-03-26T10:30:00+05:30,142.8,143.15,142.0,142.2,821650
2024-03-26T10:45:00+05:30,142.2,142.5,141.4,141.4,669702
2024-03-26T11:00:00+05:30,141.5,142.0,140.75,141.0,621556
2024-03-26T11:15:00+05:30,141.15,141.7,140.75,141.4,454558
2024-03-26T11:30:00+05:30,141.5,142.05,141.45,142.05,294847
2024-03-26T11:45:00+05:30,142.1,142.2,141.65,141.9,313498
2024-03-26T12:00:00+05:30,141.9,141.9,141.4,141.5,275597
2024-03-26T12:15:00+05:30,141.5,141.8,141.3,141.5,263413
2024-03-26T12:30:00+05:30,141.55,141.8,141.5,141.55,202896
2024-03-26T12:45:00+05:30,141.65,141.9,141.4,141.75,233012
2024-03-26T13:00:00+05:30,141.85,142.4,141.6,142.25,321508
2024-03-26T13:15:00+05:30,142.25,142.5,142.05,142.1,246637
2024-03-26T13:30:00+05:30,142.2,142.35,142.0,142.2,211544
2024-03-26T13:45:00+05:30,142.15,142.2,141.8,142.1,279435
2024-03-26T14:00:00+05:30,142.1,142.1,141.75,141.8,176098
2024-03-26T14:15:00+05:30,141.75,142.1,141.7,142.0,260511
2024-03-26T14:30:00+05:30,142.1,142.1,141.3,141.55,348520
2024-03-26T14:45:00+05:30,141.65,141.9,141.0,141.2,604657
2024-03-26T15:00:00+05:30,141.2,141.2,140.4,140.7,749493
2024-03-26T15:15:00+05:30,140.6,141.3,140.15,141.25,1256645
2024-03-27T09:15:00+05:30,142.9,144.35,142.15,143.7,2159215
2024-03-27T09:30:00+05:30,143.7,143.75,142.6,142.65,738365
2024-03-27T09:45:00+05:30,142.6,142.9,142.2,142.55,611358
2024-03-27T10:00:00+05:30,142.55,142.7,141.6,141.85,655850
2024-03-27T10:15:00+05:30,141.9,142.65,141.6,142.1,411695
2024-03-27T10:30:00+05:30,142.0,142.35,141.8,142.15,235025
2024-03-27T10:45:00+05:30,142.15,142.2,139.65,139.9,1345547
2024-03-27T11:00:00+05:30,139.55,139.6,138.2,138.95,1564596
2024-03-27T11:15:00+05:30,138.9,139.0,138.55,138.75,590251
2024-03-27T11:30:00+05:30,138.9,139.0,138.6,139.0,323584
2024-03-27T11:45:00+05:30,138.8,139.0,138.8,139.0,305686
2024-03-27T12:00:00+05:30,139.0,139.0,138.55,139.0,320750
2024-03-27T12:15:00+05:30,138.95,139.0,138.7,138.8,297373
2024-03-27T12:30:00+05:30,138.8,138.9,138.4,138.7,406842
2024-03-27T12:45:00+05:30,138.75,139.0,138.45,138.95,344585
2024-03-27T13:00:00+05:30,138.85,139.0,138.6,138.7,239827
2024-03-27T13:15:00+05:30,138.7,138.85,138.5,138.75,202179
2024-03-27T13:30:00+05:30,138.75,138.85,138.5,138.75,181135
2024-03-27T13:45:00+05:30,138.75,141.95,138.75,141.2,1690422
2024-03-27T14:00:00+05:30,141.35,142.5,139.5,139.5,2190679
2024-03-27T14:15:00+05:30,139.5,139.65,138.65,138.9,811787
2024-03-27T14:30:00+05:30,138.9,139.0,136.55,137.0,2547185
2024-03-27T14:45:00+05:30,136.9,137.75,136.8,136.9,720741
2024-03-27T15:00:00+05:30,136.9,136.9,135.3,136.0,1998057
2024-03-27T15:15:00+05:30,135.95,137.0,135.0,137.0,2103832
2024-03-28T09:15:00+05:30,138.0,139.3,137.1,137.2,1659693
2024-03-28T09:30:00+05:30,137.3,138.0,136.4,137.5,929149
2024-03-28T09:45:00+05:30,137.45,137.9,137.2,137.45,409500
2024-03-28T10:00:00+05:30,137.6,139.05,137.55,138.35,916201
2024-03-28T10:15:00+05:30,138.25,138.4,137.35,137.45,354558
2024-03-28T10:30:00+05:30,137.4,137.5,137.05,137.25,221939
2024-03-28T10:45:00+05:30,137.2,137.45,136.85,137.4,380580
2024-03-28T11:00:00+05:30,137.4,137.7,137.2,137.35,219283
2024-03-28T11:15:00+05:30,137.2,137.4,137.0,137.4,181635
2024-03-28T11:30:00+05:30,137.3,137.6,137.1,137.45,154104
2024-03-28T11:45:00+05:30,137.45,137.55,137.05,137.35,184289
2024-03-28T12:00:00+05:30,137.3,137.45,137.05,137.25,149908
2024-03-28T12:15:00+05:30,137.25,137.4,136.65,136.75,225611
2024-03-28T12:30:00+05:30,136.8,137.1,136.6,136.7,190247
2024-03-28T12:45:00+05:30,136.65,136.8,136.5,136.55,245317
2024-03-28T13:00:00+05:30,136.7,139.5,136.55,138.5,1707224
2024-03-28T13:15:00+05:30,138.6,138.6,137.1,137.2,618929
2024-03-28T13:30:00+05:30,137.3,137.5,136.6,136.85,517969
2024-03-28T13:45:00+05:30,136.8,136.9,136.35,136.8,658928
2024-03-28T14:00:00+05:30,136.75,137.35,136.5,137.2,301110
2024-03-28T14:15:00+05:30,137.1,137.35,136.8,136.8,220436
2024-03-28T14:30:00+05:30,136.8,136.95,136.25,136.8,448811
2024-03-28T14:45:00+05:30,136.8,136.9,136.1,136.25,325156
2024-03-28T15:00:00+05:30,136.15,136.4,135.65,136.1,905499
2024-03-28T15:15:00+05:30,136.2,136.2,135.6,135.9,1178385
2024-04-01T09:15:00+05:30,138.0,140.5,137.7,139.4,2261023
2024-04-01T09:30:00+05:30,139.5,141.2,139.1,139.55,1650346
2024-04-01T09:45:00+05:30,139.5,140.0,138.5,139.7,661055
2024-04-01T10:00:00+05:30,139.7,140.25,139.35,140.0,425253
2024-04-01T10:15:00+05:30,140.0,142.65,140.0,142.65,2814225
2024-04-01T10:30:00+05:30,142.65,142.65,141.3,142.65,2756315
2024-04-01T10:45:00+05:30,142.65,142.65,142.65,142.65,222527
2024-04-01T11:00:00+05:30,142.65,142.65,141.7,142.25,2741579
2024-04-01T11:15:00+05:30,142.2,142.65,142.0,142.65,1235059
2024-04-01T11:30:00+05:30,142.65,142.65,142.65,142.65,86516
2024-04-01T11:45:00+05:30,142.65,142.65,142.65,142.65,70639
2024-04-01T12:00:00+05:30,142.65,142.65,142.65,142.65,49503
2024-04-01T12:15:00+05:30,142.65,142.65,142.65,142.65,63692
2024-04-01T12:30:00+05:30,142.65,142.65,142.65,142.65,70169
2024-04-01T12:45:00+05:30,142.65,142.65,142.65,142.65,101955
2024-04-01T13:00:00+05:30,142.65,142.65,142.65,142.65,51926
2024-04-01T13:15:00+05:30,142.65,142.65,142.65,142.65,35946
2024-04-01T13:30:00+05:30,142.65,142.65,142.65,142.65,30948
2024-04-01T13:45:00+05:30,142.65,142.65,142.65,142.65,35015
2024-04-01T14:00:00+05:30,142.65,142.65,142.65,142.65,31038
2024-04-01T14:15:00+05:30,142.65,142.65,142.65,142.65,36079
2024-04-01T14:30:00+05:30,142.65,142.65,142.65,142.65,38397
2024-04-01T14:45:00+05:30,142.65,142.65,142.65,142.65,46091
2024-04-01T15:00:00+05:30,142.65,142.65,142.65,142.65,36918
2024-04-01T15:15:00+05:30,142.65,142.65,142.65,142.65,95507
2024-04-02T09:15:00+05:30,146.45,149.75,146.45,149.75,5638588
2024-04-02T09:30:00+05:30,149.75,149.75,149.75,149.75,368993
2024-04-02T09:45:00+05:30,149.75,149.75,149.75,149.75,200113
2024-04-02T10:00:00+05:30,149.75,149.75,149.75,149.75,132255
2024-04-02T10:15:00+05:30,149.75,149.75,149.75,149.75,108504
2024-04-02T10:30:00+05:30,149.75,149.75,149.75,149.75,124957
2024-04-02T10:45:00+05:30,149.75,149.75,149.75,149.75,78509
2024-04-02T11:00:00+05:30,149.75,149.75,149.75,149.75,91814
2024-04-02T11:15:00+05:30,149.75,149.75,149.75,149.75,68470
2024-04-02T11:30:00+05:30,149.75,149.75,149.75,149.75,36838
2024-04-02T11:45:00+05:30,149.75,149.75,149.75,149.75,38816
2024-04-02T12:00:00+05:30,149.75,149.75,149.75,149.75,36384
2024-04-02T12:15:00+05:30,149.75,149.75,149.75,149.75,45293
2024-04-02T12:30:00+05:30,149.75,149.75,149.75,149.75,31210
2024-04-02T12:45:00+05:30,149.75,149.75,149.75,149.75,26259
2024-04-02T13:00:00+05:30,149.75,149.75,149.75,149.75,26499
2024-04-02T13:15:00+05:30,149.75,149.75,149.75,149.75,41620
2024-04-02T13:30:00+05:30,149.75,149.75,149.75,149.75,42235
2024-04-02T13:45:00+05:30,149.75,149.75,149.75,149.75,34841
2024-04-02T14:00:00+05:30,149.75,149.75,149.75,149.75,37339
2024-04-02T14:15:00+05:30,149.75,149.75,149.75,149.75,34252
2024-04-02T14:30:00+05:30,149.75,149.75,149.75,149.75,51660
2024-04-02T14:45:00+05:30,149.75,149.75,149.75,149.75,32520
2024-04-02T15:00:00+05:30,149.75,149.75,149.75,149.75,33975
2024-04-02T15:15:00+05:30,149.75,149.75,149.75,149.75,163740
2024-04-03T09:15:00+05:30,148.85,157.2,147.1,157.2,20388653
2024-04-03T09:30:00+05:30,157.2,157.2,157.2,157.2,666194
2024-04-03T09:45:00+05:30,157.2,157.2,157.2,157.2,294474
2024-04-03T10:00:00+05:30,157.2,157.2,157.2,157.2,185596
2024-04-03T10:15:00+05:30,157.2,157.2,157.2,157.2,124853
2024-04-03T10:30:00+05:30,157.2,157.2,157.2,157.2,87305
2024-04-03T10:45:00+05:30,157.2,157.2,157.2,157.2,161690
2024-04-03T11:00:00+05:30,157.2,157.2,157.2,157.2,65263
2024-04-03T11:15:00+05:30,157.2,157.2,157.2,157.2,108214
2024-04-03T11:30:00+05:30,157.2,157.2,157.2,157.2,167731
2024-04-03T11:45:00+05:30,157.2,157.2,157.2,157.2,189543
2024-04-03T12:00:00+05:30,157.2,157.2,157.2,157.2,52092
2024-04-03T12:15:00+05:30,157.2,157.2,157.2,157.2,63739
2024-04-03T12:30:00+05:30,157.2,157.2,157.2,157.2,24181
2024-04-03T12:45:00+05:30,157.2,157.2,157.2,157.2,48071
2024-04-03T13:00:00+05:30,157.2,157.2,157.2,157.2,32296
2024-04-03T13:15:00+05:30,157.2,157.2,157.2,157.2,29947
2024-04-03T13:30:00+05:30,157.2,157.2,157.2,157.2,35273
2024-04-03T13:45:00+05:30,157.2,157.2,157.2,157.2,41029
2024-04-03T14:00:00+05:30,157.2,157.2,157.2,157.2,44193
2024-04-03T14:15:00+05:30,157.2,157.2,157.2,157.2,35805
2024-04-03T14:30:00+05:30,157.2,157.2,157.2,157.2,46046
2024-04-03T14:45:00+05:30,157.2,157.2,157.2,157.2,46940
2024-04-03T15:00:00+05:30,157.2,157.2,157.2,157.2,57742
2024-04-03T15:15:00+05:30,157.2,157.2,157.2,157.2,87543
2024-04-04T09:15:00+05:30,163.85,165.05,161.6,162.5,9454005
2024-04-04T09:30:00+05:30,162.3,162.7,159.35,160.85,9152617
2024-04-04T09:45:00+05:30,160.85,161.0,156.5,159.5,6624209
2024-04-04T10:00:00+05:30,159.5,161.9,159.3,159.75,2900948
2024-04-04T10:15:00+05:30,159.65,161.8,159.2,160.8,1470472
2024-04-04T10:30:00+05:30,160.9,161.45,160.75,161.3,843554
2024-04-04T10:45:00+05:30,161.1,161.3,159.3,160.05,1227530
2024-04-04T11:00:00+05:30,160.2,160.3,159.6,160.1,913937
2024-04-04T11:15:00+05:30,160.2,160.45,159.8,160.45,548562
2024-04-04T11:30:00+05:30,160.45,160.45,159.75,159.9,451790
2024-04-04T11:45:00+05:30,159.95,159.95,158.25,158.7,965357
2024-04-04T12:00:00+05:30,158.65,158.7,157.3,158.1,1438578
2024-04-04T12:15:00+05:30,158.15,158.35,154.5,155.6,2775223
2024-04-04T12:30:00+05:30,155.5,158.8,155.5,158.55,1539701
2024-04-04T12:45:00+05:30,158.6,160.0,158.45,159.25,1352388
2024-04-04T13:00:00+05:30,159.1,159.75,158.8,159.75,462585
2024-04-04T13:15:00+05:30,159.65,160.5,159.0,160.0,804980
2024-04-04T13:30:00+05:30,160.1,160.4,159.2,159.55,528571
2024-04-04T13:45:00+05:30,159.55,159.65,159.0,159.15,444425
2024-04-04T14:00:00+05:30,159.15,159.8,158.9,159.65,469827
2024-04-04T14:15:00+05:30,159.6,159.65,158.5,159.15,535279
2024-04-04T14:30:00+05:30,159.15,161.0,158.5,160.95,1514981
2024-04-04T14:45:00+05:30,160.9,160.95,159.5,159.55,1265887
2024-04-04T15:00:00+05:30,159.5,159.7,157.5,158.45,1587252
2024-04-04T15:15:00+05:30,158.5,158.7,157.7,158.5,2109210
2024-04-05T09:15:00+05:30,162.0,166.4,161.0,163.8,16412411
2024-04-05T09:30:00+05:30,163.75,164.2,162.15,163.45,3489672
2024-04-05T09:45:00+05:30,163.45,173.35,163.2,170.85,19254676
2024-04-05T10:00:00+05:30,170.9,174.5,169.4,173.1,14099272
2024-04-05T10:15:00+05:30,173.1,178.5,172.45,177.3,12348904
2024-04-05T10:30:00+05:30,177.25,178.9,174.75,177.1,9377878
2024-04-05T10:45:00+05:30,177.1,177.9,174.5,175.4,4022278
2024-04-05T11:00:00+05:30,175.25,175.5,173.15,174.2,3311982
2024-04-05T11:15:00+05:30,174.3,175.5,173.2,173.4,2549859
2024-04-05T11:30:00+05:30,173.4,176.45,172.7,176.25,3007154
2024-04-05T11:45:00+05:30,176.25,177.2,175.05,175.2,2024400
2024-04-05T12:00:00+05:30,175.2,178.4,174.85,176.95,4358136
2024-04-05T12:15:00+05:30,176.95,177.35,175.6,176.25,1603971
2024-04-05T12:30:00+05:30,176.35,177.25,175.4,176.05,1333763
2024-04-05T12:45:00+05:30,176.1,176.6,175.8,176.0,710826
2024-04-05T13:00:00+05:30,176.0,178.1,175.15,177.3,2568489
2024-04-05T13:15:00+05:30,177.25,178.85,176.25,177.8,3674395
2024-04-05T13:30:00+05:30,177.7,181.15,177.2,179.8,9623716
2024-04-05T13:45:00+05:30,179.7,180.8,178.4,178.6,5016638
2024-04-05T14:00:00+05:30,178.7,179.6,176.55,176.85,3156125
2024-04-05T14:15:00+05:30,176.9,177.55,173.65,176.3,5272900
2024-04-05T14:30:00+05:30,176.25,176.75,174.65,175.75,2123017
2024-04-05T14:45:00+05:30,175.85,178.5,175.3,177.65,3140654
2024-04-05T15:00:00+05:30,177.65,178.3,175.5,175.7,2885358
2024-04-05T15:15:00+05:30,175.7,177.85,175.1,176.4,5879218
2024-04-08T09:15:00+05:30,182.0,183.65,178.0,181.4,15105659
2024-04-08T09:30:00+05:30,181.4,183.3,178.75,179.45,8171459
2024-04-08T09:45:00+05:30,179.45,179.75,177.0,177.25,4802905
2024-04-08T10:00:00+05:30,177.35,178.1,176.2,177.15,2822371
2024-04-08T10:15:00+05:30,177.1,177.35,174.5,174.7,2688118
2024-04-08T10:30:00+05:30,174.7,176.1,173.7,173.9,2878867
2024-04-08T10:45:00+05:30,173.8,174.4,170.85,172.25,3995480
2024-04-08T11:00:00+05:30,172.25,175.5,172.1,174.75,2832835
2024-04-08T11:15:00+05:30,174.65,175.7,174.4,175.25,919033
2024-04-08T11:30:00+05:30,175.2,176.6,175.1,175.9,1402098
2024-04-08T11:45:00+05:30,175.8,176.0,174.7,175.0,596703
2024-04-08T12:00:00+05:30,175.0,175.5,174.3,175.05,439669
2024-04-08T12:15:00+05:30,175.05,175.5,174.05,174.2,493132
2024-04-08T12:30:00+05:30,174.2,174.7,173.85,174.2,475762
2024-04-08T12:45:00+05:30,174.35,174.35,173.5,173.6,525510
2024-04-08T13:00:00+05:30,173.65,174.1,173.1,173.7,680414
2024-04-08T13:15:00+05:30,173.8,174.3,172.45,172.6,725676
2024-04-08T13:30:00+05:30,172.6,173.4,172.5,173.2,546697
2024-04-08T13:45:00+05:30,173.1,173.45,172.7,173.45,381575
2024-04-08T14:00:00+05:30,173.4,173.45,172.5,172.9,437909
2024-04-08T14:15:00+05:30,172.9,173.4,172.7,173.35,454840
2024-04-08T14:30:00+05:30,173.3,173.95,173.05,173.3,556634
2024-04-08T14:45:00+05:30,173.25,173.7,172.85,173.4,657489
2024-04-08T15:00:00+05:30,173.4,174.1,172.8,173.25,1461249
2024-04-08T15:15:00+05:30,173.25,175.7,173.0,175.2,3591661
2024-04-09T09:15:00+05:30,175.2,175.2,167.85,171.0,9126034
2024-04-09T09:30:00+05:30,171.0,171.0,168.9,170.9,3411924
2024-04-09T09:45:00+05:30,170.95,171.4,169.7,170.25,2158103
2024-04-09T10:00:00+05:30,170.35,170.7,169.8,169.9,1231569
2024-04-09T10:15:00+05:30,170.0,171.65,169.45,170.75,1557574
2024-04-09T10:30:00+05:30,170.9,170.95,170.2,170.65,610709
2024-04-09T10:45:00+05:30,170.65,170.75,170.1,170.4,464997
2024-04-09T11:00:00+05:30,170.4,170.45,169.75,169.8,576795
2024-04-09T11:15:00+05:30,169.75,170.8,169.7,170.55,446113
2024-04-09T11:30:00+05:30,170.5,170.55,170.0,170.05,328654
2024-04-09T11:45:00+05:30,170.05,170.25,169.7,170.0,378440
2024-04-09T12:00:00+05:30,170.0,170.2,168.75,169.0,823429
2024-04-09T12:15:00+05:30,169.0,169.5,168.75,168.9,755832
2024-04-09T12:30:00+05:30,168.9,169.0,167.05,168.5,1976231
2024-04-09T12:45:00+05:30,168.55,168.95,168.1,168.55,484755
2024-04-09T13:00:00+05:30,168.55,168.55,167.8,167.9,499316
2024-04-09T13:15:00+05:30,167.8,168.0,166.9,167.7,1173423
2024-04-09T13:30:00+05:30,167.75,167.85,166.8,166.95,914796
2024-04-09T13:45:00+05:30,166.85,168.2,166.7,167.85,747341
2024-04-09T14:00:00+05:30,167.85,168.0,167.05,167.2,453529
2024-04-09T14:15:00+05:30,167.05,168.4,166.9,168.0,752154
2024-04-09T14:30:00+05:30,168.05,168.7,167.85,168.6,617407
2024-04-09T14:45:00+05:30,168.65,170.5,168.5,169.95,1970049
2024-04-09T15:00:00+05:30,169.95,170.0,169.15,169.5,763398
2024-04-09T15:15:00+05:30,169.5,169.8,168.6,168.9,1671834
2024-04-10T09:15:00+05:30,169.45,170.45,166.5,167.35,4353014
2024-04-10T09:30:00+05:30,167.4,168.6,166.1,167.6,1804295
2024-04-10T09:45:00+05:30,167.5,167.7,166.55,167.3,947590
2024-04-10T10:00:00+05:30,167.4,167.5,166.1,167.25,1089799
2024-04-10T10:15:00+05:30,167.0,167.25,166.25,166.65,501667
2024-04-10T10:30:00+05:30,166.55,167.15,166.0,166.8,774876
2024-04-10T10:45:00+05:30,166.75,166.9,166.3,166.4,383582
2024-04-10T11:00:00+05:30,166.4,166.5,165.6,165.8,796555
2024-04-10T11:15:00+05:30,165.8,165.9,165.0,165.7,971498
2024-04-10T11:30:00+05:30,165.7,166.1,165.4,165.8,456077
2024-04-10T11:45:00+05:30,165.8,165.85,165.35,165.75,328295
2024-04-10T12:00:00+05:30,165.75,166.4,165.6,166.2,376691
2024-04-10T12:15:00+05:30,166.25,166.75,166.1,166.6,379660
2024-04-10T12:30:00+05:30,166.6,167.65,166.4,167.6,571133
2024-04-10T12:45:00+05:30,167.6,168.2,166.75,166.95,862068
2024-04-10T13:00:00+05:30,166.85,167.4,166.8,167.25,230821
2024-04-10T13:15:00+05:30,167.25,167.5,166.7,167.0,255401
2024-04-10T13:30:00+05:30,167.0,167.25,166.8,167.15,183473
2024-04-10T13:45:00+05:30,167.2,167.25,167.0,167.2,184767
2024-04-10T14:00:00+05:30,167.2,167.35,167.0,167.1,228041
2024-04-10T14:15:00+05:30,167.1,167.45,167.05,167.25,212578
2024-04-10T14:30:00+05:30,167.25,167.3,167.1,167.15,235788
2024-04-10T14:45:00+05:30,167.2,167.2,166.3,166.7,521696
2024-04-10T15:00:00+05:30,166.7,166.9,166.25,166.4,525701
2024-04-10T15:15:00+05:30,166.4,166.5,166.0,166.25,1298855
2024-04-12T09:15:00+05:30,165.4,171.8,164.25,168.8,7208974
2024-04-12T09:30:00+05:30,168.8,168.95,166.7,167.0,1935313
2024-04-12T09:45:00+05:30,166.85,169.1,166.7,168.75,1280530
2024-04-12T10:00:00+05:30,168.75,168.9,167.6,168.5,621434
2024-04-12T10:15:00+05:30,168.55,168.65,167.55,168.35,432455
2024-04-12T10:30:00+05:30,168.35,173.0,168.0,172.5,3083401
2024-04-12T10:45:00+05:30,172.6,173.0,170.7,171.35,2040193
2024-04-12T11:00:00+05:30,171.4,171.7,170.55,170.85,729133
2024-04-12T11:15:00+05:30,171.0,171.45,170.4,170.45,479914
2024-04-12T11:30:00+05:30,170.45,170.95,170.05,170.95,459699
2024-04-12T11:45:00+05:30,170.95,170.95,170.4,170.55,280847
2024-04-12T12:00:00+05:30,170.5,170.7,170.3,170.5,229908
2024-04-12T12:15:00+05:30,170.4,170.5,169.0,169.1,869672
2024-04-12T12:30:00+05:30,169.25,169.25,168.3,168.75,628852
2024-04-12T12:45:00+05:30,168.8,168.95,168.45,168.7,418029
2024-04-12T13:00:00+05:30,168.7,168.95,168.2,168.7,442185
2024-04-12T13:15:00+05:30,168.7,169.25,168.5,169.25,302626
2024-04-12T13:30:00+05:30,169.25,169.55,168.4,168.9,518370
2024-04-12T13:45:00+05:30,168.8,168.95,168.35,168.7,206126
2024-04-12T14:00:00+05:30,168.7,168.8,168.15,168.35,250918
2024-04-12T14:15:00+05:30,168.25,168.7,167.55,168.2,967781
2024-04-12T14:30:00+05:30,168.1,168.5,167.05,167.5,650924
2024-04-12T14:45:00+05:30,167.6,167.8,167.1,167.4,500886
2024-04-12T15:00:00+05:30,167.45,167.5,166.9,167.3,997933
2024-04-12T15:15:00+05:30,167.2,167.65,166.75,167.15,1754338
2024-04-15T09:15:00+05:30,160.3,161.0,153.25,158.0,13719062
2024-04-15T09:30:00+05:30,158.0,158.7,155.0,157.3,4043547
2024-04-15T09:45:00+05:30,157.3,159.45,157.2,159.35,2659360
2024-04-15T10:00:00+05:30,159.4,161.7,158.55,161.25,4423009
2024-04-15T10:15:00+05:30,161.15,161.25,159.7,159.9,1838095
2024-04-15T10:30:00+05:30,159.9,163.1,159.7,162.5,2532674
2024-04-15T10:45:00+05:30,162.6,163.0,161.65,162.75,1295088
2024-04-15T11:00:00+05:30,162.8,162.85,159.65,160.2,1910459
2024-04-15T11:15:00+05:30,160.2,160.75,159.55,160.2,918618
2024-04-15T11:30:00+05:30,160.2,160.95,160.0,160.65,567058
2024-04-15T11:45:00+05:30,160.65,160.85,160.05,160.8,346761
2024-04-15T12:00:00+05:30,160.75,161.15,160.25,160.35,429817
2024-04-15T12:15:00+05:30,160.45,160.8,160.2,160.6,430387
2024-04-15T12:30:00+05:30,160.6,160.9,159.8,160.0,618903
2024-04-15T12:45:00+05:30,160.0,160.05,159.1,159.25,581310
2024-04-15T13:00:00+05:30,159.25,159.8,158.25,159.2,1216537
2024-04-15T13:15:00+05:30,159.25,159.8,158.85,159.8,362166
2024-04-15T13:30:00+05:30,159.8,159.9,159.05,159.5,387771
2024-04-15T13:45:00+05:30,159.6,160.3,159.5,160.05,642386
2024-04-15T14:00:00+05:30,160.05,160.15,159.4,159.5,359559
2024-04-15T14:15:00+05:30,159.5,159.55,158.3,158.6,700024
2024-04-15T14:30:00+05:30,158.7,159.45,158.2,159.35,554073
2024-04-15T14:45:00+05:30,159.3,159.35,158.5,158.85,645595
2024-04-15T15:00:00+05:30,158.85,158.95,158.05,158.4,942407
2024-04-15T15:15:00+05:30,158.4,159.2,158.1,158.9,1939055
2024-04-16T09:15:00+05:30,156.0,163.0,155.5,161.75,6737031
2024-04-16T09:30:00+05:30,161.75,163.5,161.3,161.5,2995007
2024-04-16T09:45:00+05:30,161.6,162.0,160.85,161.6,1157912
2024-04-16T10:00:00+05:30,161.5,161.9,161.05,161.55,616145
2024-04-16T10:15:00+05:30,161.6,161.6,160.35,160.6,951524
2024-04-16T10:30:00+05:30,160.7,161.5,160.3,160.4,596985
2024-04-16T10:45:00+05:30,160.3,160.75,159.75,160.25,801348
2024-04-16T11:00:00+05:30,160.25,160.85,160.1,160.85,308855
2024-04-16T11:15:00+05:30,160.85,160.9,160.25,160.3,336883
2024-04-16T11:30:00+05:30,160.4,160.7,160.3,160.4,316861
2024-04-16T11:45:00+05:30,160.4,160.5,160.0,160.15,422652
2024-04-16T12:00:00+05:30,160.05,160.15,159.35,160.1,595836
2024-04-16T12:15:00+05:30,160.1,160.1,159.05,159.1,451098
2024-04-16T12:30:00+05:30,159.15,159.5,159.0,159.2,352179
2024-04-16T12:45:00+05:30,159.2,160.0,159.05,159.9,473900
2024-04-16T13:00:00+05:30,159.9,160.0,159.55,159.55,240434
2024-04-16T13:15:00+05:30,159.6,160.65,159.25,160.5,556640
2024-04-16T13:30:00+05:30,160.5,160.7,160.05,160.25,368908
2024-04-16T13:45:00+05:30,160.2,160.35,160.0,160.1,182909
2024-04-16T14:00:00+05:30,160.2,160.35,160.1,160.2,172993
2024-04-16T14:15:00+05:30,160.15,160.3,159.5,159.6,535452
2024-04-16T14:30:00+05:30,159.65,160.15,159.5,160.15,368513
2024-04-16T14:45:00+05:30,160.15,160.35,159.5,159.75,406017
2024-04-16T15:00:00+05:30,159.75,160.1,159.6,160.1,630138
2024-04-16T15:15:00+05:30,160.05,160.6,159.7,159.95,1731330
2024-04-18T09:15:00+05:30,164.0,169.4,163.5,168.55,7056147
2024-04-18T09:30:00+05:30,168.65,169.7,166.5,166.9,4732563
2024-04-18T09:45:00+05:30,166.9,167.5,166.0,167.2,1596705
2024-04-18T10:00:00+05:30,167.2,167.4,165.5,166.25,1257785
2024-04-18T10:15:00+05:30,166.25,166.7,166.0,166.35,603665
2024-04-18T10:30:00+05:30,166.4,167.4,166.25,167.0,1848313
2024-04-18T10:45:00+05:30,167.0,167.4,166.35,167.4,789822
2024-04-18T11:00:00+05:30,167.4,167.8,166.65,167.0,854525
2024-04-18T11:15:00+05:30,167.1,167.4,166.85,167.1,364546
2024-04-18T11:30:00+05:30,167.1,167.15,166.6,166.7,347145
2024-04-18T11:45:00+05:30,166.8,167.0,166.4,166.95,403768
2024-04-18T12:00:00+05:30,166.95,167.0,166.55,166.65,254971
2024-04-18T12:15:00+05:30,166.6,166.75,166.4,166.45,333095
2024-04-18T12:30:00+05:30,166.45,166.5,166.0,166.1,427275
2024-04-18T12:45:00+05:30,166.1,166.4,166.0,166.25,226549
2024-04-18T13:00:00+05:30,166.3,166.65,166.1,166.4,345961
2024-04-18T13:15:00+05:30,166.4,166.6,165.0,165.2,873991
2024-04-18T13:30:00+05:30,165.35,165.95,164.7,164.85,1027457
2024-04-18T13:45:00+05:30,164.8,165.25,164.6,164.8,764007
2024-04-18T14:00:00+05:30,164.9,165.1,164.1,164.35,747114
2024-04-18T14:15:00+05:30,164.3,165.1,164.25,164.5,447033
2024-04-18T14:30:00+05:30,164.5,164.6,163.2,163.3,871685
2024-04-18T14:45:00+05:30,163.3,164.4,163.2,163.65,737781
2024-04-18T15:00:00+05:30,163.6,163.8,162.5,162.65,1348501
2024-04-18T15:15:00+05:30,162.6,163.5,162.5,163.3,1752684
2024-04-19T09:15:00+05:30,160.0,162.4,157.15,160.45,5370185
2024-04-19T09:30:00+05:30,160.55,162.95,159.55,161.9,2555199
2024-04-19T09:45:00+05:30,161.85,161.95,160.2,161.05,1138438
2024-04-19T10:00:00+05:30,161.2,162.25,161.0,161.6,994971
2024-04-19T10:15:00+05:30,161.7,162.4,160.85,160.95,621583
2024-04-19T10:30:00+05:30,160.8,161.5,160.35,160.5,470251
2024-04-19T10:45:00+05:30,160.5,160.65,159.5,160.0,877038
2024-04-19T11:00:00+05:30,160.0,160.2,159.5,159.95,371935
2024-04-19T11:15:00+05:30,159.85,160.9,159.65,160.7,593270
2024-04-19T11:30:00+05:30,160.7,161.4,160.2,161.1,551196
2024-04-19T11:45:00+05:30,161.0,161.25,160.55,160.85,262558
2024-04-19T12:00:00+05:30,160.8,160.95,160.7,160.9,178255
2024-04-19T12:15:00+05:30,160.9,161.6,160.85,161.0,298501
2024-04-19T12:30:00+05:30,161.1,161.8,161.0,161.8,342433
2024-04-19T12:45:00+05:30,161.7,161.95,161.4,161.9,389560
2024-04-19T13:00:00+05:30,161.8,161.95,161.15,161.35,254969
2024-04-19T13:15:00+05:30,161.45,161.5,160.8,161.4,316551
2024-04-19T13:30:00+05:30,161.35,161.45,160.8,161.1,248635
2024-04-19T13:45:00+05:30,161.1,161.75,161.0,161.4,398357
2024-04-19T14:00:00+05:30,161.3,161.5,161.05,161.1,309418
2024-04-19T14:15:00+05:30,161.1,161.25,160.65,160.85,479769
2024-04-19T14:30:00+05:30,160.8,161.1,160.15,160.25,427320
2024-04-19T14:45:00+05:30,160.2,160.7,160.2,160.7,420428
2024-04-19T15:00:00+05:30,160.7,160.7,160.25,160.35,654448
2024-04-19T15:15:00+05:30,160.45,161.2,160.35,160.95,1535871
2024-04-22T09:15:00+05:30,179.0,179.0,171.35,172.95,18778479
2024-04-22T09:30:00+05:30,172.9,174.45,170.65,171.7,6372661
2024-04-22T09:45:00+05:30,171.75,172.45,169.55,170.6,4910312
2024-04-22T10:00:00+05:30,170.55,172.35,170.5,171.95,2721078
2024-04-22T10:15:00+05:30,171.95,172.45,170.65,171.0,1485712
2024-04-22T10:30:00+05:30,171.05,171.8,170.9,171.3,839199
2024-04-22T10:45:00+05:30,171.2,174.7,171.15,173.5,4839946
2024-04-22T11:00:00+05:30,173.5,174.35,173.2,173.8,1952765
2024-04-22T11:15:00+05:30,173.85,173.85,173.0,173.05,1178029
2024-04-22T11:30:00+05:30,173.05,173.3,172.6,172.8,923274
2024-04-22T11:45:00+05:30,172.7,173.1,172.15,172.75,892124
2024-04-22T12:00:00+05:30,172.65,173.45,172.5,172.9,988446
2024-04-22T12:15:00+05:30,173.0,173.0,171.8,172.0,837940
2024-04-22T12:30:00+05:30,172.0,173.2,171.05,171.35,1589389
2024-04-22T12:45:00+05:30,171.35,172.3,171.15,171.7,629368
2024-04-22T13:00:00+05:30,171.75,172.4,171.5,172.3,543503
2024-04-22T13:15:00+05:30,172.3,172.35,171.65,172.1,410411
2024-04-22T13:30:00+05:30,172.0,172.5,171.85,172.25,692741
2024-04-22T13:45:00+05:30,172.25,172.3,171.7,172.1,467557
2024-04-22T14:00:00+05:30,172.0,172.3,171.85,171.95,490213
2024-04-22T14:15:00+05:30,172.0,172.1,171.35,171.45,657700
2024-04-22T14:30:00+05:30,171.45,171.8,171.05,171.15,870349
2024-04-22T14:45:00+05:30,171.15,171.75,170.75,170.8,1490537
2024-04-22T15:00:00+05:30,170.8,171.6,170.65,171.0,1781115
2024-04-22T15:15:00+05:30,171.0,171.2,169.25,170.95,4441257
2024-04-23T09:15:00+05:30,172.5,172.5,167.8,170.0,6541225
2024-04-23T09:30:00+05:30,169.95,170.2,168.8,169.25,2311403
2024-04-23T09:45:00+05:30,169.2,169.3,168.0,168.65,2011419
2024-04-23T10:00:00+05:30,168.55,169.5,168.55,169.4,809100
2024-04-23T10:15:00+05:30,169.4,169.45,168.8,168.8,557335
2024-04-23T10:30:00+05:30,168.9,169.0,168.3,168.4,742436
2024-04-23T10:45:00+05:30,168.3,168.5,168.0,168.5,1101725
2024-04-23T11:00:00+05:30,168.5,168.5,168.2,168.45,305535
2024-04-23T11:15:00+05:30,168.45,168.5,168.1,168.3,307296
2024-04-23T11:30:00+05:30,168.35,168.45,167.8,167.85,878043
2024-04-23T11:45:00+05:30,167.9,168.0,167.5,167.7,702018
2024-04-23T12:00:00+05:30,167.7,168.35,167.5,168.3,612857
2024-04-23T12:15:00+05:30,168.3,168.35,167.7,168.05,550193
2024-04-23T12:30:00+05:30,168.15,168.9,168.0,168.25,724707
2024-04-23T12:45:00+05:30,168.3,168.35,167.75,168.15,482125
2024-04-23T13:00:00+05:30,168.2,168.2,167.75,167.95,501446
2024-04-23T13:15:00+05:30,168.0,168.0,167.55,167.75,470351
2024-04-23T13:30:00+05:30,167.75,168.3,167.7,168.1,623116
2024-04-23T13:45:00+05:30,168.0,168.15,167.85,168.05,298417
2024-04-23T14:00:00+05:30,168.05,168.1,167.7,167.95,493494
2024-04-23T14:15:00+05:30,167.95,168.15,167.7,167.8,504831
2024-04-23T14:30:00+05:30,167.8,168.0,167.65,167.7,510262
2024-04-23T14:45:00+05:30,167.8,168.1,167.7,167.9,677437
2024-04-23T15:00:00+05:30,167.9,167.9,167.65,167.8,810562
2024-04-23T15:15:00+05:30,167.7,168.6,167.7,168.5,2183398
2024-04-24T09:15:00+05:30,168.55,169.5,167.0,167.15,3512940
2024-04-24T09:30:00+05:30,167.05,167.65,166.5,167.25,1697513
2024-04-24T09:45:00+05:30,167.3,170.95,166.8,167.9,4546559
2024-04-24T10:00:00+05:30,167.9,168.15,167.15,167.3,1022132
2024-04-24T10:15:00+05:30,167.2,167.6,167.0,167.5,559359
2024-04-24T10:30:00+05:30,167.5,168.0,167.4,167.95,499526
2024-04-24T10:45:00+05:30,167.95,167.95,167.35,167.65,341127
2024-04-24T11:00:00+05:30,167.7,167.7,167.35,167.6,216810
2024-04-24T11:15:00+05:30,167.55,168.1,167.5,167.95,355916
2024-04-24T11:30:00+05:30,167.95,168.15,167.5,167.65,264598
2024-04-24T11:45:00+05:30,167.55,167.9,167.5,167.9,254110
2024-04-24T12:00:00+05:30,167.9,168.0,167.65,167.9,232194
2024-04-24T12:15:00+05:30,167.85,168.2,167.75,167.9,633377
2024-04-24T12:30:00+05:30,167.85,167.9,167.5,167.7,224264
2024-04-24T12:45:00+05:30,167.7,168.0,167.3,167.75,533824
2024-04-24T13:00:00+05:30,167.8,167.9,167.35,167.7,246762
2024-04-24T13:15:00+05:30,167.75,167.75,167.5,167.7,160975
2024-04-24T13:30:00+05:30,167.6,167.7,167.4,167.6,244493
2024-04-24T13:45:00+05:30,167.6,167.65,167.35,167.35,323087
2024-04-24T14:00:00+05:30,167.4,167.7,167.2,167.25,295301
2024-04-24T14:15:00+05:30,167.25,167.45,166.8,166.9,672579
2024-04-24T14:30:00+05:30,166.9,167.05,165.65,166.5,1412390
2024-04-24T14:45:00+05:30,166.5,166.9,166.4,166.8,494272
2024-04-24T15:00:00+05:30,166.8,167.0,166.15,166.9,979336
2024-04-24T15:15:00+05:30,166.9,166.9,166.2,166.55,1449663
2024-04-25T09:15:00+05:30,166.5,169.8,165.4,168.85,3185327
2024-04-25T09:30:00+05:30,169.05,169.15,168.0,168.15,908988
2024-04-25T09:45:00+05:30,168.05,168.7,167.6,168.65,882087
2024-04-25T10:00:00+05:30,168.6,168.75,168.0,168.2,571179
2024-04-25T10:15:00+05:30,168.3,168.3,167.6,168.25,454940
2024-04-25T10:30:00+05:30,168.25,168.65,168.0,168.2,311644
2024-04-25T10:45:00+05:30,168.2,168.25,167.3,167.7,435185
2024-04-25T11:00:00+05:30,167.7,168.5,167.7,167.9,327076
2024-04-25T11:15:00+05:30,167.9,168.0,167.6,168.0,243239
2024-04-25T11:30:00+05:30,168.0,168.15,167.5,167.65,406236
2024-04-25T11:45:00+05:30,167.7,168.0,167.55,167.85,165645
2024-04-25T12:00:00+05:30,167.85,168.75,167.7,168.25,496815
2024-04-25T12:15:00+05:30,168.25,168.35,167.85,168.1,290109
2024-04-25T12:30:00+05:30,168.1,169.6,168.0,168.9,941537
2024-04-25T12:45:00+05:30,168.95,169.25,168.45,169.05,467508
2024-04-25T13:00:00+05:30,169.1,170.4,168.6,169.25,1572216
2024-04-25T13:15:00+05:30,169.3,169.5,168.45,168.6,472029
2024-04-25T13:30:00+05:30,168.6,168.6,168.05,168.3,345787
2024-04-25T13:45:00+05:30,168.3,168.65,168.25,168.5,276190
2024-04-25T14:00:00+05:30,168.4,168.55,167.35,167.9,700323
2024-04-25T14:15:00+05:30,167.9,168.0,167.3,167.5,419898
2024-04-25T14:30:00+05:30,167.5,167.85,167.25,167.55,386094
2024-04-25T14:45:00+05:30,167.5,167.9,167.35,167.6,462626
2024-04-25T15:00:00+05:30,167.7,167.7,167.25,167.5,591178
2024-04-25T15:15:00+05:30,167.5,167.5,166.95,167.2,1514205
2024-04-26T09:15:00+05:30,168.4,168.7,167.3,167.85,1791389
2024-04-26T09:30:00+05:30,167.85,168.0,167.0,167.4,834714
2024-04-26T09:45:00+05:30,167.45,167.65,167.0,167.45,656803
2024-04-26T10:00:00+05:30,167.45,167.6,166.8,167.5,581625
2024-04-26T10:15:00+05:30,167.6,167.7,167.0,167.2,285539
2024-04-26T10:30:00+05:30,167.3,167.5,167.0,167.3,263163
2024-04-26T10:45:00+05:30,167.3,169.5,167.15,168.15,1891331
2024-04-26T11:00:00+05:30,168.25,168.3,167.85,168.05,749149
2024-04-26T11:15:00+05:30,168.05,170.6,168.05,170.4,2288284
2024-04-26T11:30:00+05:30,170.3,173.0,169.6,172.85,6840720
2024-04-26T11:45:00+05:30,172.8,174.2,171.3,174.0,5687222
2024-04-26T12:00:00+05:30,174.0,174.65,173.0,173.25,3912108
2024-04-26T12:15:00+05:30,173.2,173.5,172.5,173.05,1710932
2024-04-26T12:30:00+05:30,173.05,173.85,172.25,173.75,1680444
2024-04-26T12:45:00+05:30,173.7,174.2,172.5,172.55,1562703
2024-04-26T13:00:00+05:30,172.55,172.8,172.0,172.5,837911
2024-04-26T13:15:00+05:30,172.45,173.3,172.05,172.15,947162
2024-04-26T13:30:00+05:30,172.1,172.4,171.7,172.2,910759
2024-04-26T13:45:00+05:30,172.15,172.4,171.6,171.85,767412
2024-04-26T14:00:00+05:30,171.85,172.0,171.2,171.8,657211
2024-04-26T14:15:00+05:30,171.75,171.8,171.05,171.2,634051
2024-04-26T14:30:00+05:30,171.1,171.2,170.3,170.95,1286130
2024-04-26T14:45:00+05:30,171.0,171.5,170.75,171.25,684741
2024-04-26T15:00:00+05:30,171.3,171.3,170.3,170.35,976165
2024-04-26T15:15:00+05:30,170.35,171.15,170.2,170.95,1994968
2024-04-29T09:15:00+05:30,187.1,192.2,182.15,188.7,41390542
2024-04-29T09:30:00+05:30,188.85,189.4,185.3,185.8,11290171
2024-04-29T09:45:00+05:30,185.85,186.25,184.45,185.25,5792903
2024-04-29T10:00:00+05:30,185.25,185.4,183.3,183.65,4000706
2024-04-29T10:15:00+05:30,183.75,185.0,182.55,184.6,4419335
2024-04-29T10:30:00+05:30,184.7,184.95,183.85,184.15,1751883
2024-04-29T10:45:00+05:30,184.15,185.65,183.95,185.35,1669472
2024-04-29T11:00:00+05:30,185.25,186.4,184.45,184.9,2994987
2024-04-29T11:15:00+05:30,184.85,185.0,183.6,183.95,1565043
2024-04-29T11:30:00+05:30,183.95,184.25,183.55,184.0,1190639
2024-04-29T11:45:00+05:30,183.95,184.05,183.7,183.9,682847
2024-04-29T12:00:00+05:30,183.8,184.75,183.6,184.05,1222356
2024-04-29T12:15:00+05:30,184.0,184.55,183.75,184.25,795669
2024-04-29T12:30:00+05:30,184.15,184.8,183.9,184.15,748494
2024-04-29T12:45:00+05:30,184.2,184.3,183.85,184.1,628413
2024-04-29T13:00:00+05:30,184.2,184.95,183.9,184.15,1362493
2024-04-29T13:15:00+05:30,184.15,184.2,183.65,183.95,1015836
2024-04-29T13:30:00+05:30,183.95,184.0,183.75,183.85,591688
2024-04-29T13:45:00+05:30,183.8,184.0,183.3,183.85,1014550
2024-04-29T14:00:00+05:30,183.85,183.9,181.0,181.8,3059978
2024-04-29T14:15:00+05:30,181.8,182.0,180.1,181.4,2547242
2024-04-29T14:30:00+05:30,181.4,181.5,180.55,180.9,1670543
2024-04-29T14:45:00+05:30,180.95,182.0,180.45,181.7,2026151
2024-04-29T15:00:00+05:30,181.75,182.5,181.05,181.25,2216350
2024-04-29T15:15:00+05:30,181.25,181.8,180.55,181.75,4851649
2024-04-30T09:15:00+05:30,182.7,184.3,181.05,183.65,7254679
2024-04-30T09:30:00+05:30,183.55,184.0,181.85,181.9,2497352
2024-04-30T09:45:00+05:30,182.0,182.5,181.8,182.05,1442542
2024-04-30T10:00:00+05:30,182.05,182.1,181.1,181.65,1497960
2024-04-30T10:15:00+05:30,181.65,181.8,180.6,180.7,1170999
2024-04-30T10:30:00+05:30,180.7,180.7,179.3,179.8,2165470
2024-04-30T10:45:00+05:30,179.75,180.7,179.6,180.55,792796
2024-04-30T11:00:00+05:30,180.55,180.65,179.8,180.3,466899
2024-04-30T11:15:00+05:30,180.3,180.4,179.75,179.8,432764
2024-04-30T11:30:00+05:30,179.8,179.85,178.7,178.9,1060191
2024-04-30T11:45:00+05:30,178.9,179.6,178.65,179.3,568767
2024-04-30T12:00:00+05:30,179.3,179.6,178.85,179.5,460466
2024-04-30T12:15:00+05:30,179.55,180.3,179.4,179.85,742398
2024-04-30T12:30:00+05:30,179.9,180.75,179.8,180.4,585398
2024-04-30T12:45:00+05:30,180.4,180.95,180.1,180.2,589940
2024-04-30T13:00:00+05:30,180.2,180.4,179.5,179.75,430643
2024-04-30T13:15:00+05:30,179.7,180.6,179.7,180.45,370898
2024-04-30T13:30:00+05:30,180.5,180.75,180.0,180.75,537161
2024-04-30T13:45:00+05:30,180.75,180.75,180.3,180.6,325932
2024-04-30T14:00:00+05:30,180.6,180.65,180.05,180.3,378292
2024-04-30T14:15:00+05:30,180.3,180.3,180.0,180.15,426303
2024-04-30T14:30:00+05:30,180.05,180.45,179.75,179.9,565765
2024-04-30T14:45:00+05:30,179.85,180.25,178.85,179.15,1211567
2024-04-30T15:00:00+05:30,179.15,179.2,177.45,178.25,2360176
2024-04-30T15:15:00+05:30,178.25,178.9,178.0,178.7,2547667
2024-05-02T09:15:00+05:30,179.45,180.3,176.25,180.25,6063730
2024-05-02T09:30:00+05:30,180.25,181.3,178.65,180.05,3362967
2024-05-02T09:45:00+05:30,180.05,180.45,179.6,180.0,1267787
2024-05-02T10:00:00+05:30,180.0,180.2,179.65,179.9,597451
2024-05-02T10:15:00+05:30,179.85,184.45,179.75,182.55,7630321
2024-05-02T10:30:00+05:30,182.65,184.0,182.3,183.0,2078153
2024-05-02T10:45:00+05:30,182.95,183.0,181.85,182.1,946613
2024-05-02T11:00:00+05:30,182.2,182.3,181.65,182.05,808109
2024-05-02T11:15:00+05:30,182.05,182.4,181.55,182.0,701760
2024-05-02T11:30:00+05:30,182.1,182.2,181.75,181.95,316444
2024-05-02T11:45:00+05:30,181.9,181.95,181.5,181.75,353125
2024-05-02T12:00:00+05:30,181.75,181.85,181.3,181.6,404666
2024-05-02T12:15:00+05:30,181.6,182.5,181.5,182.35,564694
2024-05-02T12:30:00+05:30,182.3,182.4,181.8,182.0,328360
2024-05-02T12:45:00+05:30,181.9,182.0,181.5,181.9,369202
2024-05-02T13:00:00+05:30,181.9,182.0,181.6,181.7,207095
2024-05-02T13:15:00+05:30,181.8,181.8,181.3,181.4,244863
2024-05-02T13:30:00+05:30,181.3,181.85,181.3,181.75,265065
2024-05-02T13:45:00+05:30,181.8,181.8,181.35,181.4,219704
2024-05-02T14:00:00+05:30,181.4,181.95,181.3,181.5,410379
2024-05-02T14:15:00+05:30,181.5,181.5,180.6,180.65,726329
2024-05-02T14:30:00+05:30,180.6,181.15,180.35,180.7,513213
2024-05-02T14:45:00+05:30,180.8,181.8,180.65,181.3,838501
2024-05-02T15:00:00+05:30,181.4,181.45,181.1,181.45,686610
2024-05-02T15:15:00+05:30,181.35,181.85,181.15,181.45,1852295
2024-05-03T09:15:00+05:30,182.8,183.7,181.75,182.3,3108645
2024-05-03T09:30:00+05:30,182.45,183.0,181.3,181.7,1333639
2024-05-03T09:45:00+05:30,181.55,181.7,180.35,180.8,1262482
2024-05-03T10:00:00+05:30,180.8,180.85,179.65,180.1,1301864
2024-05-03T10:15:00+05:30,180.15,180.55,179.55,180.05,736102
2024-05-03T10:30:00+05:30,180.05,180.5,179.5,179.85,670949
2024-05-03T10:45:00+05:30,179.8,180.2,179.4,179.85,637623
2024-05-03T11:00:00+05:30,179.8,180.0,179.5,179.75,323488
2024-05-03T11:15:00+05:30,179.9,180.0,179.1,179.55,464691
2024-05-03T11:30:00+05:30,179.6,179.6,178.4,179.3,828411
2024-05-03T11:45:00+05:30,179.15,179.3,178.2,179.0,572538
2024-05-03T12:00:00+05:30,179.1,179.1,178.2,178.2,431667
2024-05-03T12:15:00+05:30,178.2,178.9,178.0,178.6,635269
2024-05-03T12:30:00+05:30,178.55,179.35,178.5,179.3,300471
2024-05-03T12:45:00+05:30,179.25,179.35,178.3,178.7,487377
2024-05-03T13:00:00+05:30,178.7,179.25,178.4,178.9,279157
2024-05-03T13:15:00+05:30,178.9,179.25,178.75,179.2,204151
2024-05-03T13:30:00+05:30,179.2,179.25,178.5,178.8,244155
2024-05-03T13:45:00+05:30,178.8,178.85,177.7,178.55,733882
2024-05-03T14:00:00+05:30,178.55,179.15,178.3,179.1,299005
2024-05-03T14:15:00+05:30,179.1,179.15,178.7,179.15,259166
2024-05-03T14:30:00+05:30,179.05,179.7,178.9,179.3,570793
2024-05-03T14:45:00+05:30,179.35,179.55,179.0,179.5,353320
2024-05-03T15:00:00+05:30,179.55,179.65,179.15,179.6,780097
2024-05-03T15:15:00+05:30,179.6,180.0,179.35,179.65,1658052
2024-05-06T09:15:00+05:30,178.8,178.8,174.1,176.2,5245084
2024-05-06T09:30:00+05:30,176.25,176.7,171.05,173.0,4843206
2024-05-06T09:45:00+05:30,172.95,173.25,167.55,170.6,5526164
2024-05-06T10:00:00+05:30,170.6,171.7,169.35,171.35,2123643
2024-05-06T10:15:00+05:30,171.3,172.8,169.8,172.45,1892645
2024-05-06T10:30:00+05:30,172.45,173.5,172.1,172.75,1709567
2024-05-06T10:45:00+05:30,172.75,173.6,172.55,173.1,816406
2024-05-06T11:00:00+05:30,173.2,173.95,172.6,172.65,780526
2024-05-06T11:15:00+05:30,172.55,173.3,172.05,172.8,616642
2024-05-06T11:30:00+05:30,172.8,173.2,172.5,172.9,366686
2024-05-06T11:45:00+05:30,172.95,173.05,172.05,172.6,399690
2024-05-06T12:00:00+05:30,172.6,172.7,172.05,172.7,394410
2024-05-06T12:15:00+05:30,172.7,172.75,172.15,172.45,219137
2024-05-06T12:30:00+05:30,172.45,172.5,172.05,172.3,231904
2024-05-06T12:45:00+05:30,172.3,172.8,171.5,172.45,565472
2024-05-06T13:00:00+05:30,172.45,173.25,172.2,173.05,449687
2024-05-06T13:15:00+05:30,173.0,173.2,172.1,172.1,585484
2024-05-06T13:30:00+05:30,172.05,173.1,171.75,172.95,515775
2024-05-06T13:45:00+05:30,172.85,173.0,172.5,172.75,206357
2024-05-06T14:00:00+05:30,172.75,173.75,172.5,173.0,630222
2024-05-06T14:15:00+05:30,173.0,174.75,172.55,172.9,2946213
2024-05-06T14:30:00+05:30,172.9,172.95,171.85,172.4,787951
2024-05-06T14:45:00+05:30,172.4,172.85,172.15,172.25,646033
2024-05-06T15:00:00+05:30,172.3,172.6,172.0,172.4,862862
2024-05-06T15:15:00+05:30,172.4,172.5,171.9,172.45,1607506
2024-05-07T09:15:00+05:30,172.25,173.4,170.35,172.7,2661308
2024-05-07T09:30:00+05:30,172.55,172.8,171.05,171.9,1008422
2024-05-07T09:45:00+05:30,171.9,173.85,171.8,172.5,1602811
2024-05-07T10:00:00+05:30,172.45,172.5,171.3,171.35,825509
2024-05-07T10:15:00+05:30,171.35,171.65,170.75,171.0,668630
2024-05-07T10:30:00+05:30,171.0,171.4,170.4,170.75,476834
2024-05-07T10:45:00+05:30,170.75,171.0,169.55,170.65,769684
2024-05-07T11:00:00+05:30,170.8,170.8,169.2,169.35,414945
2024-05-07T11:15:00+05:30,169.3,169.35,168.0,168.35,1171936
2024-05-07T11:30:00+05:30,168.5,168.95,167.8,168.7,802369
2024-05-07T11:45:00+05:30,168.75,169.8,168.6,169.1,629031
2024-05-07T12:00:00+05:30,169.1,169.15,168.5,168.9,312601
2024-05-07T12:15:00+05:30,168.9,169.15,168.55,168.7,303072
2024-05-07T12:30:00+05:30,168.75,168.8,167.5,167.6,745018
2024-05-07T12:45:00+05:30,167.55,167.9,166.2,167.15,881008
2024-05-07T13:00:00+05:30,167.15,167.65,166.6,167.0,351038
2024-05-07T13:15:00+05:30,167.05,168.15,166.75,168.0,420116
2024-05-07T13:30:00+05:30,167.95,168.9,167.5,168.5,592319
2024-05-07T13:45:00+05:30,168.5,168.7,167.8,168.5,272510
2024-05-07T14:00:00+05:30,168.5,168.7,168.25,168.6,212549
2024-05-07T14:15:00+05:30,168.6,168.65,167.55,167.7,351951
2024-05-07T14:30:00+05:30,167.7,168.5,167.6,168.2,372915
2024-05-07T14:45:00+05:30,168.2,168.4,168.0,168.1,367531
2024-05-07T15:00:00+05:30,168.0,168.9,167.8,167.85,671598
2024-05-07T15:15:00+05:30,167.8,167.9,167.0,167.25,1212984
2024-05-08T09:15:00+05:30,165.65,170.5,165.1,168.7,4121212
2024-05-08T09:30:00+05:30,168.7,170.6,168.25,170.1,2664693
2024-05-08T09:45:00+05:30,170.2,171.95,170.0,170.9,1826172
2024-05-08T10:00:00+05:30,170.9,171.45,170.6,171.35,585986
2024-05-08T10:15:00+05:30,171.25,171.4,169.55,169.6,871729
2024-05-08T10:30:00+05:30,169.55,169.95,169.1,169.25,615049
2024-05-08T10:45:00+05:30,169.2,169.65,168.65,169.5,428981
2024-05-08T11:00:00+05:30,169.5,169.9,169.25,169.8,232379
2024-05-08T11:15:00+05:30,169.8,170.75,169.75,170.6,468810
2024-05-08T11:30:00+05:30,170.6,172.7,170.4,172.25,1267411
2024-05-08T11:45:00+05:30,172.3,174.0,171.9,173.0,1485103
2024-05-08T12:00:00+05:30,173.0,173.0,172.4,172.55,528487
2024-05-08T12:15:00+05:30,172.55,173.0,172.35,172.5,425899
2024-05-08T12:30:00+05:30,172.55,172.7,171.85,172.4,505865
2024-05-08T12:45:00+05:30,172.45,173.05,172.35,172.4,339667
2024-05-08T13:00:00+05:30,172.4,172.65,172.2,172.2,166918
2024-05-08T13:15:00+05:30,172.2,172.85,172.0,172.25,399225
2024-05-08T13:30:00+05:30,172.3,172.4,171.2,171.5,418094
2024-05-08T13:45:00+05:30,171.55,171.8,170.7,171.4,403643
2024-05-08T14:00:00+05:30,171.4,171.8,170.7,170.85,229542
2024-05-08T14:15:00+05:30,170.7,171.15,170.4,170.7,413291
2024-05-08T14:30:00+05:30,170.7,171.15,170.25,170.45,364751
2024-05-08T14:45:00+05:30,170.45,171.0,170.4,170.65,410148
2024-05-08T15:00:00+05:30,170.65,171.45,170.6,170.9,490856
2024-05-08T15:15:00+05:30,170.95,171.0,170.55,170.7,922968
2024-05-09T09:15:00+05:30,171.45,171.95,170.1,170.35,1602250
2024-05-09T09:30:00+05:30,170.4,171.0,169.35,170.15,802754
2024-05-09T09:45:00+05:30,170.15,170.6,169.1,169.6,416561
2024-05-09T10:00:00+05:30,169.7,169.85,168.35,168.45,681734
2024-05-09T10:15:00+05:30,168.65,168.8,167.3,167.65,779198
2024-05-09T10:30:00+05:30,167.5,168.4,167.05,167.2,469052
2024-05-09T10:45:00+05:30,167.15,167.85,167.1,167.8,302320
2024-05-09T11:00:00+05:30,167.8,167.85,167.2,167.45,237147
2024-05-09T11:15:00+05:30,167.45,167.85,167.3,167.65,205319
2024-05-09T11:30:00+05:30,167.7,168.55,167.35,168.2,311856
2024-05-09T11:45:00+05:30,168.2,168.35,167.55,168.2,192435
2024-05-09T12:00:00+05:30,168.2,168.45,167.8,168.05,166882
2024-05-09T12:15:00+05:30,168.15,168.55,167.65,168.0,168322
2024-05-09T12:30:00+05:30,168.0,168.3,167.6,167.6,124441
2024-05-09T12:45:00+05:30,167.7,167.7,167.0,167.2,499321
2024-05-09T13:00:00+05:30,167.25,168.05,167.2,167.4,255543
2024-05-09T13:15:00+05:30,167.4,167.5,166.75,167.15,402664
2024-05-09T13:30:00+05:30,167.15,167.45,166.5,167.15,274502
2024-05-09T13:45:00+05:30,167.15,167.75,166.75,166.85,259600
2024-05-09T14:00:00+05:30,166.85,167.4,166.6,167.0,236345
2024-05-09T14:15:00+05:30,167.05,167.2,166.5,166.75,213649
2024-05-09T14:30:00+05:30,166.7,166.9,165.7,165.75,546276
2024-05-09T14:45:00+05:30,165.9,166.8,165.75,166.3,477726
2024-05-09T15:00:00+05:30,166.2,166.4,163.9,164.05,1268580
2024-05-09T15:15:00+05:30,164.1,165.6,163.75,165.6,1195131
2024-05-10T09:15:00+05:30,166.0,167.4,164.0,166.0,2439192
2024-05-10T09:30:00+05:30,166.0,166.4,160.55,163.3,2059296
2024-05-10T09:45:00+05:30,163.4,163.75,162.2,163.2,738432
2024-05-10T10:00:00+05:30,163.25,165.5,162.1,165.2,950472
2024-05-10T10:15:00+05:30,165.2,165.45,164.15,164.2,739084
2024-05-10T10:30:00+05:30,164.15,165.0,164.0,164.65,310356
2024-05-10T10:45:00+05:30,164.6,164.75,163.35,163.7,424775
2024-05-10T11:00:00+05:30,163.7,164.4,163.25,164.25,255610
2024-05-10T11:15:00+05:30,164.2,165.1,164.1,164.8,337752
2024-05-10T11:30:00+05:30,164.8,165.4,164.6,165.0,265443
2024-05-10T11:45:00+05:30,165.0,165.0,163.9,164.3,303145
2024-05-10T12:00:00+05:30,164.35,164.65,164.0,164.0,127527
2024-05-10T12:15:00+05:30,164.1,164.2,163.0,163.45,300390
2024-05-10T12:30:00+05:30,163.45,163.95,163.45,163.5,208389
2024-05-10T12:45:00+05:30,163.45,163.7,162.7,163.0,314593
2024-05-10T13:00:00+05:30,163.0,163.45,162.65,162.85,220696
2024-05-10T13:15:00+05:30,162.85,163.0,161.85,162.95,447253
2024-05-10T13:30:00+05:30,162.95,163.7,162.95,163.65,219423
2024-05-10T13:45:00+05:30,163.65,164.3,163.3,164.3,194113
2024-05-10T14:00:00+05:30,164.3,164.4,163.45,163.95,218510
2024-05-10T14:15:00+05:30,163.9,164.0,163.4,163.9,151682
2024-05-10T14:30:00+05:30,163.9,164.25,163.65,163.9,162095
2024-05-10T14:45:00+05:30,164.1,164.6,163.9,164.0,293441
2024-05-10T15:00:00+05:30,164.1,164.5,164.0,164.35,436984
2024-05-10T15:15:00+05:30,164.25,165.7,164.2,165.5,958788
2024-05-13T09:15:00+05:30,164.95,165.2,162.3,163.25,1816602
2024-05-13T09:30:00+05:30,163.25,163.95,160.8,161.35,1195433
2024-05-13T09:45:00+05:30,161.25,162.2,160.55,160.65,955657
2024-05-13T10:00:00+05:30,160.6,161.15,160.0,161.05,973646
2024-05-13T10:15:00+05:30,161.1,161.15,159.55,160.65,610361
2024-05-13T10:30:00+05:30,160.65,160.7,158.7,159.0,627624
2024-05-13T10:45:00+05:30,159.15,160.9,158.8,160.55,524856
2024-05-13T11:00:00+05:30,160.55,161.7,160.1,161.35,492940
2024-05-13T11:15:00+05:30,161.4,162.2,161.3,162.0,385961
2024-05-13T11:30:00+05:30,162.05,162.3,161.7,161.75,315047
2024-05-13T11:45:00+05:30,161.75,162.2,161.45,162.05,202675
2024-05-13T12:00:00+05:30,162.05,162.5,161.8,162.15,233491
2024-05-13T12:15:00+05:30,162.15,162.25,161.4,162.2,204860
2024-05-13T12:30:00+05:30,162.25,162.75,162.15,162.4,319182
2024-05-13T12:45:00+05:30,162.35,162.4,161.75,162.3,246465
2024-05-13T13:00:00+05:30,162.3,162.65,162.1,162.4,155267
2024-05-13T13:15:00+05:30,162.4,162.6,161.5,161.8,234661
2024-05-13T13:30:00+05:30,161.75,161.95,161.25,161.9,270584
2024-05-13T13:45:00+05:30,161.95,163.3,161.85,163.1,402313
2024-05-13T14:00:00+05:30,163.15,163.4,162.8,163.2,353834
2024-05-13T14:15:00+05:30,163.2,163.5,162.7,163.15,245127
2024-05-13T14:30:00+05:30,163.15,164.05,163.05,163.7,526175
2024-05-13T14:45:00+05:30,163.75,163.9,163.3,163.4,235811
2024-05-13T15:00:00+05:30,163.4,163.6,163.0,163.1,363224
2024-05-13T15:15:00+05:30,163.1,163.35,162.8,163.25,606172
2024-05-14T09:15:00+05:30,164.35,170.4,164.0,168.65,3755254
2024-05-14T09:30:00+05:30,168.75,169.3,167.8,168.9,959320
2024-05-14T09:45:00+05:30,168.8,169.7,167.9,169.3,805145
2024-05-14T10:00:00+05:30,169.3,169.3,167.75,168.2,746353
2024-05-14T10:15:00+05:30,168.2,169.2,168.15,169.15,571382
2024-05-14T10:30:00+05:30,169.05,169.5,168.65,169.3,468932
2024-05-14T10:45:00+05:30,169.4,169.7,168.85,169.6,388040
2024-05-14T11:00:00+05:30,169.6,170.75,169.4,170.4,1118964
2024-05-14T11:15:00+05:30,170.35,170.6,169.7,170.35,543975
2024-05-14T11:30:00+05:30,170.35,172.5,170.05,172.0,1475406
2024-05-14T11:45:00+05:30,172.0,172.3,171.7,171.85,821566
2024-05-14T12:00:00+05:30,171.85,172.6,171.55,171.95,618949
2024-05-14T12:15:00+05:30,171.9,172.0,170.9,171.7,495101
2024-05-14T12:30:00+05:30,171.6,171.75,171.35,171.7,201213
2024-05-14T12:45:00+05:30,171.7,172.2,171.45,171.7,390187
2024-05-14T13:00:00+05:30,171.65,172.15,171.5,171.65,283925
2024-05-14T13:15:00+05:30,171.65,171.8,171.25,171.4,205979
2024-05-14T13:30:00+05:30,171.45,171.8,171.1,171.15,241845
2024-05-14T13:45:00+05:30,171.25,171.6,170.85,171.35,293136
2024-05-14T14:00:00+05:30,171.45,171.6,171.2,171.2,217087
2024-05-14T14:15:00+05:30,171.25,171.3,170.6,171.15,341380
2024-05-14T14:30:00+05:30,171.15,171.95,171.05,171.3,572114
2024-05-14T14:45:00+05:30,171.3,171.9,170.95,171.65,426714
2024-05-14T15:00:00+05:30,171.65,172.0,171.05,171.9,641972
2024-05-14T15:15:00+05:30,171.9,174.75,171.8,174.5,3949770
2024-05-15T09:15:00+05:30,175.0,175.9,173.95,174.55,3235689
2024-05-15T09:30:00+05:30,174.5,174.55,173.15,174.0,1117649
2024-05-15T09:45:00+05:30,174.0,174.45,172.7,173.4,973393
2024-05-15T10:00:00+05:30,173.4,173.6,171.1,172.0,1441406
2024-05-15T10:15:00+05:30,171.95,172.3,171.25,172.0,580602
2024-05-15T10:30:00+05:30,171.85,172.2,171.3,172.0,361485
2024-05-15T10:45:00+05:30,172.1,173.15,171.9,172.7,532025
2024-05-15T11:00:00+05:30,172.65,173.2,172.65,172.75,299891
2024-05-15T11:15:00+05:30,172.7,172.8,171.95,172.1,301197
2024-05-15T11:30:00+05:30,172.0,172.8,172.0,172.5,181916
2024-05-15T11:45:00+05:30,172.5,173.1,172.35,172.9,220971
2024-05-15T12:00:00+05:30,172.95,173.2,172.5,172.75,143341
2024-05-15T12:15:00+05:30,172.7,172.8,172.3,172.7,143279
2024-05-15T12:30:00+05:30,172.7,172.7,172.15,172.5,163336
2024-05-15T12:45:00+05:30,172.5,172.6,172.05,172.2,163301
2024-05-15T13:00:00+05:30,172.25,172.4,171.85,171.95,201114
2024-05-15T13:15:00+05:30,171.95,172.25,171.65,171.85,237042
2024-05-15T13:30:00+05:30,171.9,172.3,171.55,172.15,260039
2024-05-15T13:45:00+05:30,172.1,172.6,171.75,172.5,298008
2024-05-15T14:00:00+05:30,172.55,172.6,172.05,172.45,343170
2024-05-15T14:15:00+05:30,172.4,172.95,171.65,171.85,460407
2024-05-15T14:30:00+05:30,171.85,172.3,171.75,172.25,165896
2024-05-15T14:45:00+05:30,172.2,172.85,172.15,172.7,654714
2024-05-15T15:00:00+05:30,172.7,172.9,172.0,172.15,540674
2024-05-15T15:15:00+05:30,172.15,172.15,171.55,171.95,952132
2024-05-16T09:15:00+05:30,173.65,174.25,172.35,172.85,1910622
2024-05-16T09:30:00+05:30,172.95,173.0,171.6,171.8,922969
2024-05-16T09:45:00+05:30,171.85,172.35,171.5,171.95,488112
2024-05-16T10:00:00+05:30,171.95,173.65,171.55,172.9,847288
2024-05-16T10:15:00+05:30,172.9,173.35,171.9,172.6,607770
2024-05-16T10:30:00+05:30,172.7,172.95,171.9,172.85,413602
2024-05-16T10:45:00+05:30,172.85,172.9,171.8,172.25,400554
2024-05-16T11:00:00+05:30,172.3,172.5,171.6,171.85,302832
2024-05-16T11:15:00+05:30,171.85,171.85,170.7,171.25,634652
2024-05-16T11:30:00+05:30,171.25,171.4,170.8,171.05,264225
2024-05-16T11:45:00+05:30,171.0,171.35,170.6,170.95,476544
2024-05-16T12:00:00+05:30,170.95,171.7,170.85,171.65,281862
2024-05-16T12:15:00+05:30,171.6,171.8,171.1,171.25,290973
2024-05-16T12:30:00+05:30,171.35,171.65,171.15,171.55,118939
2024-05-16T12:45:00+05:30,171.55,171.65,171.1,171.25,135393
2024-05-16T13:00:00+05:30,171.35,171.45,170.9,171.0,149743
2024-05-16T13:15:00+05:30,171.0,171.4,170.5,171.15,337442
2024-05-16T13:30:00+05:30,171.05,171.15,170.6,170.9,185994
2024-05-16T13:45:00+05:30,171.0,171.65,170.5,171.4,265408
2024-05-16T14:00:00+05:30,171.3,171.4,170.6,170.7,141362
2024-05-16T14:15:00+05:30,170.75,171.0,170.6,170.75,286202
2024-05-16T14:30:00+05:30,170.8,171.0,170.7,170.95,272526
2024-05-16T14:45:00+05:30,170.95,171.0,170.6,170.95,516411
2024-05-16T15:00:00+05:30,170.95,171.45,170.9,171.35,562704
2024-05-16T15:15:00+05:30,171.3,171.3,171.0,171.15,894777
2024-05-17T09:15:00+05:30,171.9,175.6,170.7,174.75,3608289
2024-05-17T09:30:00+05:30,174.75,175.2,172.8,173.4,1455928
2024-05-17T09:45:00+05:30,173.4,173.9,173.1,173.7,581327
2024-05-17T10:00:00+05:30,173.6,173.7,173.1,173.15,375112
2024-05-17T10:15:00+05:30,173.25,173.4,172.8,173.1,514779
2024-05-17T10:30:00+05:30,173.1,173.6,172.9,173.5,567624
2024-05-17T10:45:00+05:30,173.45,173.55,172.55,173.1,503307
2024-05-17T11:00:00+05:30,173.1,174.45,172.85,173.8,702592
2024-05-17T11:15:00+05:30,173.85,173.9,173.2,173.4,364125
2024-05-17T11:30:00+05:30,173.45,173.75,173.15,173.4,300588
2024-05-17T11:45:00+05:30,173.5,175.25,173.25,173.65,1612556
2024-05-17T12:00:00+05:30,173.6,173.7,173.05,173.2,389791
2024-05-17T12:15:00+05:30,173.2,173.6,173.0,173.05,365198
2024-05-17T12:30:00+05:30,173.05,173.65,173.05,173.2,301587
2024-05-17T12:45:00+05:30,173.2,173.6,173.0,173.2,360317
2024-05-17T13:00:00+05:30,173.3,173.65,173.05,173.4,286747
2024-05-17T13:15:00+05:30,173.45,175.45,173.35,174.4,1399757
2024-05-17T13:30:00+05:30,174.4,178.5,173.7,177.3,4694171
2024-05-17T13:45:00+05:30,177.45,177.5,175.85,176.65,2101710
2024-05-17T14:00:00+05:30,176.65,177.15,175.6,176.15,1352370
2024-05-17T14:15:00+05:30,176.1,176.15,175.05,175.15,747578
2024-05-17T14:30:00+05:30,175.15,176.0,174.75,175.1,945405
2024-05-17T14:45:00+05:30,175.1,175.5,174.3,175.0,819733
2024-05-17T15:00:00+05:30,174.95,175.5,174.7,174.95,1042893
2024-05-17T15:15:00+05:30,174.95,175.1,174.55,174.55,1438569
2024-05-18T09:15:00+05:30,175.65,177.5,175.4,177.4,1628059
2024-05-18T09:30:00+05:30,177.35,177.5,176.5,176.7,756213
2024-05-18T09:45:00+05:30,176.7,176.85,176.05,176.25,560757
2024-05-18T11:30:00+05:30,176.25,177.0,175.8,176.5,701618
2024-05-18T11:45:00+05:30,176.5,176.5,176.0,176.25,476388
2024-05-18T12:00:00+05:30,176.25,176.5,176.25,176.35,505521
2024-05-18T12:15:00+05:30,176.35,176.4,176.0,176.05,681052
2024-05-21T09:15:00+05:30,177.0,180.7,174.6,179.5,6474942
2024-05-21T09:30:00+05:30,179.5,181.5,178.4,180.75,3962517
2024-05-21T09:45:00+05:30,180.9,183.1,180.65,181.45,4649433
2024-05-21T10:00:00+05:30,181.4,183.95,181.35,183.7,3269859
2024-05-21T10:15:00+05:30,183.7,183.9,182.15,182.3,1765068
2024-05-21T10:30:00+05:30,182.35,182.35,181.0,181.0,1491712
2024-05-21T10:45:00+05:30,181.0,182.0,180.5,181.2,1119825
2024-05-21T11:00:00+05:30,181.2,181.85,181.1,181.7,578199
2024-05-21T11:15:00+05:30,181.8,183.7,181.6,182.6,2372266
2024-05-21T11:30:00+05:30,182.6,183.85,182.5,182.85,1418055
2024-05-21T11:45:00+05:30,182.7,184.8,182.7,184.4,3937783
2024-05-21T12:00:00+05:30,184.5,184.75,183.55,184.15,1775006
2024-05-21T12:15:00+05:30,184.15,184.7,183.15,183.35,1316727
2024-05-21T12:30:00+05:30,183.4,183.7,183.1,183.25,914743
2024-05-21T12:45:00+05:30,183.25,184.2,182.75,183.5,1054931
2024-05-21T13:00:00+05:30,183.35,183.5,182.6,182.9,603114
2024-05-21T13:15:00+05:30,182.95,183.55,182.5,182.8,621118
2024-05-21T13:30:00+05:30,182.85,183.7,182.6,183.3,625342
2024-05-21T13:45:00+05:30,183.3,183.7,182.8,182.95,517830
2024-05-21T14:00:00+05:30,182.95,183.5,182.55,182.65,641426
2024-05-21T14:15:00+05:30,182.65,183.15,182.5,182.8,633378
2024-05-21T14:30:00+05:30,182.9,183.05,181.7,182.05,865130
2024-05-21T14:45:00+05:30,182.0,182.5,182.0,182.2,829443
2024-05-21T15:00:00+05:30,182.2,184.0,181.9,183.5,1858515
2024-05-21T15:15:00+05:30,183.5,184.55,183.05,183.75,4391378
2024-05-22T09:15:00+05:30,186.05,193.15,186.05,187.8,15860886
2024-05-22T09:30:00+05:30,187.9,188.0,183.15,183.95,7671482
2024-05-22T09:45:00+05:30,184.1,186.25,182.55,185.7,6053874
2024-05-22T10:00:00+05:30,185.8,187.25,185.2,186.95,3417037
2024-05-22T10:15:00+05:30,186.95,186.95,185.65,186.35,1192366
2024-05-22T10:30:00+05:30,186.35,187.0,186.0,186.3,779149
2024-05-22T10:45:00+05:30,186.25,188.15,186.15,187.5,2371109
2024-05-22T11:00:00+05:30,187.5,187.75,186.8,187.35,1067591
2024-05-22T11:15:00+05:30,187.3,187.8,186.5,186.85,1123341
2024-05-22T11:30:00+05:30,186.9,189.9,186.7,189.2,3121355
2024-05-22T11:45:00+05:30,189.35,190.7,188.95,189.35,3812241
2024-05-22T12:00:00+05:30,189.35,190.45,189.2,189.85,1895701
2024-05-22T12:15:00+05:30,189.8,191.4,189.7,191.3,3793905
2024-05-22T12:30:00+05:30,191.3,191.5,190.3,190.85,2028168
2024-05-22T12:45:00+05:30,190.7,191.85,190.45,190.9,2479441
2024-05-22T13:00:00+05:30,191.0,191.1,188.65,189.05,2466803
2024-05-22T13:15:00+05:30,188.95,190.3,188.1,189.9,1603361
2024-05-22T13:30:00+05:30,189.85,191.0,189.65,190.9,1671892
2024-05-22T13:45:00+05:30,190.95,191.25,190.4,190.7,1443643
2024-05-22T14:00:00+05:30,190.7,190.75,189.5,189.8,991044
2024-05-22T14:15:00+05:30,189.8,189.9,188.85,189.1,717127
2024-05-22T14:30:00+05:30,189.15,189.9,189.1,189.5,638558
2024-05-22T14:45:00+05:30,189.4,190.55,188.8,188.9,1534713
2024-05-22T15:00:00+05:30,188.9,189.5,188.75,189.35,1499098
2024-05-22T15:15:00+05:30,189.35,189.5,188.05,188.75,2844237
2024-05-23T09:15:00+05:30,189.15,194.2,187.2,192.85,9169058
2024-05-23T09:30:00+05:30,192.8,194.6,192.6,193.2,5301099
2024-05-23T09:45:00+05:30,193.1,194.2,192.65,193.0,2611914
2024-05-23T10:00:00+05:30,193.0,194.6,192.7,193.2,2470574
2024-05-23T10:15:00+05:30,193.1,193.35,191.6,191.9,2310622
2024-05-23T10:30:00+05:30,191.9,192.25,189.45,190.25,2229392
2024-05-23T10:45:00+05:30,190.4,191.35,189.9,190.95,1084117
2024-05-23T11:00:00+05:30,190.95,191.4,190.8,190.8,654412
2024-05-23T11:15:00+05:30,190.85,191.95,190.8,191.7,580507
2024-05-23T11:30:00+05:30,191.7,191.9,190.55,190.6,499576
2024-05-23T11:45:00+05:30,190.55,191.2,190.05,190.2,745284
2024-05-23T12:00:00+05:30,190.25,190.3,189.5,189.95,949580
2024-05-23T12:15:00+05:30,189.95,190.0,188.8,189.0,965918
2024-05-23T12:30:00+05:30,188.95,190.85,188.2,190.85,1340830
2024-05-23T12:45:00+05:30,190.85,191.5,190.3,190.9,861101
2024-05-23T13:00:00+05:30,190.85,191.4,190.4,191.05,717526
2024-05-23T13:15:00+05:30,191.05,191.7,190.1,191.15,1072851
2024-05-23T13:30:00+05:30,191.15,191.25,190.65,190.85,573064
2024-05-23T13:45:00+05:30,190.85,191.45,190.65,191.4,601596
2024-05-23T14:00:00+05:30,191.4,191.6,190.95,190.95,467735
2024-05-23T14:15:00+05:30,191.0,191.2,190.55,190.7,584066
2024-05-23T14:30:00+05:30,190.7,190.75,189.15,189.6,857009
2024-05-23T14:45:00+05:30,189.7,189.95,189.05,189.1,558640
2024-05-23T15:00:00+05:30,189.15,189.5,189.05,189.35,967309
2024-05-23T15:15:00+05:30,189.4,189.45,188.3,189.25,2095991
2024-05-24T09:15:00+05:30,189.65,193.5,188.2,193.5,6720594
2024-05-24T09:30:00+05:30,193.4,194.45,190.8,191.35,3908221
2024-05-24T09:45:00+05:30,191.4,191.45,189.65,189.95,1927704
2024-05-24T10:00:00+05:30,189.9,189.95,188.5,189.2,2109727
2024-05-24T10:15:00+05:30,189.2,189.95,188.75,189.6,988134
2024-05-24T10:30:00+05:30,189.6,189.65,188.35,188.7,999476
2024-05-24T10:45:00+05:30,188.7,189.75,188.5,189.6,518877
2024-05-24T11:00:00+05:30,189.6,190.3,189.55,189.85,657395
2024-05-24T11:15:00+05:30,189.7,189.95,189.35,189.5,442414
2024-05-24T11:30:00+05:30,189.6,190.5,189.25,190.1,948254
2024-05-24T11:45:00+05:30,190.1,190.65,189.7,190.35,570694
2024-05-24T12:00:00+05:30,190.4,190.75,189.7,189.8,517969
2024-05-24T12:15:00+05:30,189.85,190.3,189.8,190.3,332905
2024-05-24T12:30:00+05:30,190.3,190.5,190.0,190.3,301148
2024-05-24T12:45:00+05:30,190.3,190.4,189.8,190.15,235546
2024-05-24T13:00:00+05:30,190.15,190.2,189.35,189.85,387719
2024-05-24T13:15:00+05:30,189.85,189.95,189.2,189.9,523798
2024-05-24T13:30:00+05:30,189.85,190.2,189.55,189.8,368959
2024-05-24T13:45:00+05:30,189.8,189.85,189.3,189.45,265935
2024-05-24T14:00:00+05:30,189.5,189.75,189.4,189.65,353018
2024-05-24T14:15:00+05:30,189.6,189.65,185.0,185.6,2283740
2024-05-24T14:30:00+05:30,185.5,186.6,184.2,185.75,2633062
2024-05-24T14:45:00+05:30,185.8,185.8,184.25,185.4,1308569
2024-05-24T15:00:00+05:30,185.35,185.65,184.5,185.6,1231552
2024-05-24T15:15:00+05:30,185.65,186.0,185.4,185.85,2223228
2024-05-27T09:15:00+05:30,190.5,196.8,190.5,193.2,13692938
2024-05-27T09:30:00+05:30,193.1,196.0,192.05,194.55,5503415
2024-05-27T09:45:00+05:30,194.55,194.6,192.0,192.3,3355537
2024-05-27T10:00:00+05:30,192.3,193.2,191.4,192.3,2016256
2024-05-27T10:15:00+05:30,192.4,193.0,191.7,192.7,1092928
2024-05-27T10:30:00+05:30,192.7,194.6,192.25,194.0,2005608
2024-05-27T10:45:00+05:30,194.05,194.95,193.6,194.4,1881218
2024-05-27T11:00:00+05:30,194.5,194.7,193.8,193.85,1019801
2024-05-27T11:15:00+05:30,193.9,194.3,193.4,193.9,1031336
2024-05-27T11:30:00+05:30,193.95,194.3,193.35,193.5,605891
2024-05-27T11:45:00+05:30,193.5,193.7,193.15,193.6,453549
2024-05-27T12:00:00+05:30,193.6,193.7,192.75,193.0,605700
2024-05-27T12:15:00+05:30,193.0,193.15,192.4,192.7,578557
2024-05-27T12:30:00+05:30,192.7,193.05,192.5,192.9,502464
2024-05-27T12:45:00+05:30,192.8,193.55,192.6,192.95,509803
2024-05-27T13:00:00+05:30,192.95,194.2,192.9,193.95,745790
2024-05-27T13:15:00+05:30,193.95,194.05,193.1,193.25,410435
2024-05-27T13:30:00+05:30,193.2,193.3,192.75,192.9,487136
2024-05-27T13:45:00+05:30,192.9,193.15,192.35,193.05,626943
2024-05-27T14:00:00+05:30,193.05,193.3,192.65,192.75,289651
2024-05-27T14:15:00+05:30,192.9,193.0,192.7,192.95,351270
2024-05-27T14:30:00+05:30,192.9,192.95,192.3,192.5,555051
2024-05-27T14:45:00+05:30,192.45,194.2,192.1,192.55,2636516
2024-05-27T15:00:00+05:30,192.65,193.35,192.05,193.35,1609952
2024-05-27T15:15:00+05:30,193.25,194.4,193.0,194.15,3176450
2024-05-28T09:15:00+05:30,194.7,196.2,188.9,190.15,7683284
2024-05-28T09:30:00+05:30,190.15,190.3,186.7,187.9,4403372
2024-05-28T09:45:00+05:30,187.9,188.7,186.7,187.55,2251534
2024-05-28T10:00:00+05:30,187.55,187.9,185.4,187.05,2321847
2024-05-28T10:15:00+05:30,187.05,188.1,186.9,187.85,1197371
2024-05-28T10:30:00+05:30,187.85,188.6,187.7,188.3,1025251
2024-05-28T10:45:00+05:30,188.3,188.35,187.75,188.0,451863
2024-05-28T11:00:00+05:30,188.0,188.4,187.8,188.1,431330
2024-05-28T11:15:00+05:30,188.1,188.7,187.25,187.35,589130
2024-05-28T11:30:00+05:30,187.35,187.7,186.7,186.9,803753
2024-05-28T11:45:00+05:30,186.95,187.25,186.1,186.3,657365
2024-05-28T12:00:00+05:30,186.35,186.75,185.85,186.0,853362
2024-05-28T12:15:00+05:30,185.9,186.0,183.35,183.55,2794869
2024-05-28T12:30:00+05:30,183.55,184.0,182.35,183.85,2108171
2024-05-28T12:45:00+05:30,183.85,184.7,183.0,184.05,1330918
2024-05-28T13:00:00+05:30,184.05,184.9,183.8,184.3,760396
2024-05-28T13:15:00+05:30,184.3,185.45,184.2,185.15,760138
2024-05-28T13:30:00+05:30,185.2,185.2,184.35,184.9,596451
2024-05-28T13:45:00+05:30,184.8,184.9,184.15,184.7,411186
2024-05-28T14:00:00+05:30,184.7,185.0,184.45,184.85,516590
2024-05-28T14:15:00+05:30,184.9,185.85,184.8,185.45,918868
2024-05-28T14:30:00+05:30,185.5,185.8,184.85,185.75,703086
2024-05-28T14:45:00+05:30,185.7,185.8,184.4,185.25,913097
2024-05-28T15:00:00+05:30,185.25,185.4,185.0,185.1,932661
2024-05-28T15:15:00+05:30,185.1,185.4,184.2,185.4,2292479
2024-05-29T09:15:00+05:30,182.95,182.95,178.5,182.55,6135035
2024-05-29T09:30:00+05:30,182.6,185.45,182.5,183.95,3195411
2024-05-29T09:45:00+05:30,184.0,186.3,183.8,185.5,1996853
2024-05-29T10:00:00+05:30,185.5,185.6,183.55,183.75,1208777
2024-05-29T10:15:00+05:30,183.8,184.25,183.55,184.05,571261
2024-05-29T10:30:00+05:30,183.9,184.85,183.7,184.65,501536
2024-05-29T10:45:00+05:30,184.7,184.8,184.05,184.1,312920
2024-05-29T11:00:00+05:30,184.1,184.45,183.9,184.0,240851
2024-05-29T11:15:00+05:30,184.0,184.15,183.65,183.85,297874
2024-05-29T11:30:00+05:30,183.95,184.35,183.75,184.0,255023
2024-05-29T11:45:00+05:30,183.9,184.1,183.75,183.8,152578
2024-05-29T12:00:00+05:30,183.8,183.9,183.5,183.85,201549
2024-05-29T12:15:00+05:30,183.85,184.25,183.65,184.15,296743
2024-05-29T12:30:00+05:30,184.15,184.25,183.5,183.75,204645
2024-05-29T12:45:00+05:30,183.75,184.4,183.15,183.3,471683
2024-05-29T13:00:00+05:30,183.3,183.85,183.25,183.6,356953
2024-05-29T13:15:00+05:30,183.5,183.8,183.25,183.65,285099
2024-05-29T13:30:00+05:30,183.5,184.35,183.5,184.3,417785
2024-05-29T13:45:00+05:30,184.3,186.0,184.2,185.5,1243209
2024-05-29T14:00:00+05:30,185.45,185.7,184.5,184.9,564924
2024-05-29T14:15:00+05:30,184.9,185.6,184.85,185.15,603764
2024-05-29T14:30:00+05:30,185.15,185.35,184.4,184.45,445929
2024-05-29T14:45:00+05:30,184.45,184.9,184.15,184.3,705911
2024-05-29T15:00:00+05:30,184.35,185.7,184.35,185.6,1265096
2024-05-29T15:15:00+05:30,185.55,186.0,184.65,185.1,1812946
2024-05-30T09:15:00+05:30,184.95,185.8,182.85,184.1,2648395
2024-05-30T09:30:00+05:30,184.0,184.9,183.35,184.0,1082451
2024-05-30T09:45:00+05:30,183.9,184.15,182.55,183.0,912533
2024-05-30T10:00:00+05:30,183.0,183.2,182.05,182.1,854092
2024-05-30T10:15:00+05:30,182.05,182.95,181.7,182.5,1025097
2024-05-30T10:30:00+05:30,182.5,183.2,182.3,182.85,416529
2024-05-30T10:45:00+05:30,182.95,183.4,182.8,183.25,279657
2024-05-30T11:00:00+05:30,183.25,183.3,182.0,182.15,616152
2024-05-30T11:15:00+05:30,182.1,182.55,181.8,182.0,519043
2024-05-30T11:30:00+05:30,182.1,182.45,181.75,182.0,429205
2024-05-30T11:45:00+05:30,181.85,182.3,181.65,182.2,248201
2024-05-30T12:00:00+05:30,182.2,182.4,182.0,182.05,240044
2024-05-30T12:15:00+05:30,182.05,182.25,181.55,182.1,262842
2024-05-30T12:30:00+05:30,182.1,182.3,182.0,182.3,122801
2024-05-30T12:45:00+05:30,182.15,182.75,182.05,182.65,238112
2024-05-30T13:00:00+05:30,182.6,182.8,182.4,182.7,145150
2024-05-30T13:15:00+05:30,182.6,182.7,182.35,182.45,113370
2024-05-30T13:30:00+05:30,182.45,182.6,182.0,182.5,319061
2024-05-30T13:45:00+05:30,182.45,182.7,182.0,182.35,224653
2024-05-30T14:00:00+05:30,182.35,182.45,181.85,182.0,362586
2024-05-30T14:15:00+05:30,181.95,182.2,181.55,181.85,299913
2024-05-30T14:30:00+05:30,181.8,181.85,180.85,181.1,738236
2024-05-30T14:45:00+05:30,181.2,181.9,181.0,181.05,453529
2024-05-30T15:00:00+05:30,181.05,181.85,180.9,181.55,954075
2024-05-30T15:15:00+05:30,181.5,181.8,180.85,181.7,1498835
2024-05-31T09:15:00+05:30,182.55,184.2,181.7,183.35,2475358
2024-05-31T09:30:00+05:30,183.35,184.2,181.9,182.15,1268090
2024-05-31T09:45:00+05:30,182.3,182.35,179.65,179.7,1740107
2024-05-31T10:00:00+05:30,179.65,179.9,176.1,176.65,2157144
2024-05-31T10:15:00+05:30,176.65,178.6,176.4,177.35,1858233
2024-05-31T10:30:00+05:30,177.25,178.65,176.8,178.1,628880
2024-05-31T10:45:00+05:30,178.2,179.25,178.05,178.5,495426
2024-05-31T11:00:00+05:30,178.5,179.8,178.3,179.7,414138
2024-05-31T11:15:00+05:30,179.7,179.9,178.75,178.75,386688
2024-05-31T11:30:00+05:30,178.8,179.8,178.7,179.7,280035
2024-05-31T11:45:00+05:30,179.8,180.3,179.05,180.2,423220
2024-05-31T12:00:00+05:30,180.15,180.4,179.55,180.05,407373
2024-05-31T12:15:00+05:30,180.05,180.1,179.25,179.6,298937
2024-05-31T12:30:00+05:30,179.6,180.0,179.5,180.0,209238
2024-05-31T12:45:00+05:30,179.9,180.75,179.75,180.35,349553
2024-05-31T13:00:00+05:30,180.3,180.8,180.0,180.8,171231
2024-05-31T13:15:00+05:30,180.8,182.0,180.65,181.95,672739
2024-05-31T13:30:00+05:30,182.0,183.65,181.7,183.6,1198836
2024-05-31T13:45:00+05:30,183.6,184.2,183.2,184.2,904047
2024-05-31T14:00:00+05:30,184.15,184.45,183.1,183.9,810403
2024-05-31T14:15:00+05:30,183.85,183.9,182.05,182.25,890966
2024-05-31T14:30:00+05:30,182.35,183.25,181.7,183.05,742343
2024-05-31T14:45:00+05:30,183.0,183.6,182.6,182.9,747241
2024-05-31T15:00:00+05:30,182.9,184.8,182.9,184.7,1602609
2024-05-31T15:15:00+05:30,184.6,186.0,184.55,185.55,2595761
2024-06-03T09:15:00+05:30,200.0,200.25,191.05,191.3,11468422
2024-06-03T09:30:00+05:30,191.3,193.15,189.65,191.75,5061616
2024-06-03T09:45:00+05:30,191.75,192.0,190.75,191.9,2015586
2024-06-03T10:00:00+05:30,191.9,192.3,190.9,192.25,2044143
2024-06-03T10:15:00+05:30,192.15,192.5,191.0,192.45,1806967
2024-06-03T10:30:00+05:30,192.45,192.5,189.4,190.15,2640317
2024-06-03T10:45:00+05:30,190.2,190.9,189.55,190.0,1326734
2024-06-03T11:00:00+05:30,189.95,190.7,189.8,190.6,947759
2024-06-03T11:15:00+05:30,190.6,190.65,190.15,190.3,586588
2024-06-03T11:30:00+05:30,190.3,190.7,190.0,190.65,600279
2024-06-03T11:45:00+05:30,190.7,191.35,190.6,191.0,832315
2024-06-03T12:00:00+05:30,191.0,191.35,190.65,191.2,662032
2024-06-03T12:15:00+05:30,191.15,191.9,191.05,191.75,636308
2024-06-03T12:30:00+05:30,191.8,192.0,191.1,191.95,781002
2024-06-03T12:45:00+05:30,192.0,192.45,191.4,191.7,847019
2024-06-03T13:00:00+05:30,191.7,192.15,191.5,192.15,575568
2024-06-03T13:15:00+05:30,192.15,192.2,191.7,191.8,628762
2024-06-03T13:30:00+05:30,191.95,192.2,191.4,191.9,1102212
2024-06-03T13:45:00+05:30,191.9,192.1,191.65,191.9,565632
2024-06-03T14:00:00+05:30,191.9,192.1,191.55,191.9,581514
2024-06-03T14:15:00+05:30,191.9,191.9,191.55,191.65,536366
2024-06-03T14:30:00+05:30,191.75,191.9,191.5,191.6,767896
2024-06-03T14:45:00+05:30,191.6,192.7,191.05,192.6,1990472
2024-06-03T15:00:00+05:30,192.6,192.6,191.5,191.95,1682645
2024-06-03T15:15:00+05:30,191.95,192.55,191.55,192.5,2943968
2024-06-04T09:15:00+05:30,189.95,190.0,175.0,175.2,10183512
2024-06-04T09:30:00+05:30,175.1,182.2,174.0,180.95,7523382
2024-06-04T09:45:00+05:30,180.95,185.15,180.25,184.8,4387275
2024-06-04T10:00:00+05:30,184.8,185.15,183.05,184.15,2686608
2024-06-04T10:15:00+05:30,184.05,184.25,180.85,181.0,2399863
2024-06-04T10:30:00+05:30,181.0,181.2,176.6,177.35,3867405
2024-06-04T10:45:00+05:30,177.3,177.7,169.35,170.15,8626791
2024-06-04T11:00:00+05:30,170.15,171.7,160.0,166.85,6969485
2024-06-04T11:15:00+05:30,166.85,170.4,165.0,168.0,3137305
2024-06-04T11:30:00+05:30,167.95,171.45,167.0,169.95,2350247
2024-06-04T11:45:00+05:30,169.95,171.0,165.45,165.6,1984266
2024-06-04T12:00:00+05:30,165.55,166.75,159.6,159.9,4205875
2024-06-04T12:15:00+05:30,159.95,162.25,154.0,154.9,3739583
2024-06-04T12:30:00+05:30,154.9,166.1,154.6,165.55,2901825
2024-06-04T12:45:00+05:30,165.5,169.9,165.0,168.3,3134735
2024-06-04T13:00:00+05:30,168.25,170.7,166.2,170.7,2002522
2024-06-04T13:15:00+05:30,170.7,174.0,169.3,172.0,2483882
2024-06-04T13:30:00+05:30,172.0,174.5,170.5,174.35,1939952
2024-06-04T13:45:00+05:30,174.35,175.85,173.6,175.55,2437714
2024-06-04T14:00:00+05:30,175.5,175.6,171.2,172.9,1648595
2024-06-04T14:15:00+05:30,172.95,173.35,169.3,169.9,1775976
2024-06-04T14:30:00+05:30,170.0,172.65,169.85,171.1,1271524
2024-06-04T14:45:00+05:30,171.15,171.5,167.0,167.5,1781237
2024-06-04T15:00:00+05:30,167.5,169.2,167.15,168.65,1563897
2024-06-04T15:15:00+05:30,168.65,168.7,165.0,168.2,2188633
2024-06-05T09:15:00+05:30,168.0,173.0,155.0,161.3,9311584
2024-06-05T09:30:00+05:30,161.3,163.0,158.5,158.8,3274486
2024-06-05T09:45:00+05:30,158.85,159.7,156.8,158.75,2144048
2024-06-05T10:00:00+05:30,158.75,161.9,158.6,161.35,1450172
2024-06-05T10:15:00+05:30,161.3,161.4,159.6,159.95,1108948
2024-06-05T10:30:00+05:30,159.95,160.95,159.6,160.0,1102299
2024-06-05T10:45:00+05:30,159.9,165.55,159.85,165.5,2188514
2024-06-05T11:00:00+05:30,165.5,169.2,164.9,168.85,3599046
2024-06-05T11:15:00+05:30,168.9,172.95,167.35,170.2,3298104
2024-06-05T11:30:00+05:30,170.15,170.75,168.1,169.05,1337354
2024-06-05T11:45:00+05:30,169.05,169.95,166.65,168.55,1515593
2024-06-05T12:00:00+05:30,168.6,170.4,168.15,168.9,921297
2024-06-05T12:15:00+05:30,168.9,170.1,168.8,169.6,581616
2024-06-05T12:30:00+05:30,169.55,170.0,168.2,168.5,627594
2024-06-05T12:45:00+05:30,168.5,169.55,167.3,169.4,681434
2024-06-05T13:00:00+05:30,169.5,169.85,168.8,169.55,622535
2024-06-05T13:15:00+05:30,169.6,171.3,169.05,170.85,1365602
2024-06-05T13:30:00+05:30,170.85,171.2,170.25,170.7,545472
2024-06-05T13:45:00+05:30,170.8,172.15,169.75,171.8,905064
2024-06-05T14:00:00+05:30,171.75,174.7,171.3,172.7,1865664
2024-06-05T14:15:00+05:30,172.6,174.3,171.25,173.6,1349933
2024-06-05T14:30:00+05:30,173.6,173.9,172.55,173.0,719764
2024-06-05T14:45:00+05:30,173.15,174.0,172.5,173.1,936151
2024-06-05T15:00:00+05:30,173.2,173.5,172.25,173.15,807631
2024-06-05T15:15:00+05:30,173.1,173.2,172.15,173.0,1181762
2024-06-06T09:15:00+05:30,176.4,180.0,175.75,179.7,4828026
2024-06-06T09:30:00+05:30,179.7,181.0,178.95,179.25,2706727
2024-06-06T09:45:00+05:30,179.35,180.4,178.25,179.6,1515459
2024-06-06T10:00:00+05:30,179.6,179.9,179.05,179.1,812424
2024-06-06T10:15:00+05:30,179.1,181.0,179.05,180.75,1180790
2024-06-06T10:30:00+05:30,180.75,182.0,180.25,181.35,1632893
2024-06-06T10:45:00+05:30,181.35,181.4,179.7,180.55,692773
2024-06-06T11:00:00+05:30,180.5,180.9,180.05,180.55,394347
2024-06-06T11:15:00+05:30,180.55,180.6,179.4,179.9,556626
2024-06-06T11:30:00+05:30,179.95,179.95,178.0,178.5,1148598
2024-06-06T11:45:00+05:30,178.4,179.5,177.5,178.5,1005183
2024-06-06T12:00:00+05:30,178.4,178.7,177.8,177.9,459292
2024-06-06T12:15:00+05:30,177.95,178.85,177.8,178.2,322920
2024-06-06T12:30:00+05:30,178.25,178.75,177.2,177.4,525986
2024-06-06T12:45:00+05:30,177.35,178.5,177.2,178.0,334946
2024-06-06T13:00:00+05:30,178.0,178.05,176.6,177.65,644990
2024-06-06T13:15:00+05:30,177.6,178.4,177.4,178.2,367455
2024-06-06T13:30:00+05:30,178.25,178.7,177.85,178.65,246546
2024-06-06T13:45:00+05:30,178.65,178.7,178.0,178.3,162051
2024-06-06T14:00:00+05:30,178.3,178.65,177.8,178.15,258336
2024-06-06T14:15:00+05:30,178.15,178.2,177.5,177.75,235295
2024-06-06T14:30:00+05:30,177.75,178.0,177.05,177.5,345787
2024-06-06T14:45:00+05:30,177.5,178.2,177.45,177.95,301656
2024-06-06T15:00:00+05:30,178.0,178.65,178.0,178.45,431163
2024-06-06T15:15:00+05:30,178.45,178.65,177.8,178.4,1033226
2024-06-07T09:15:00+05:30,178.65,179.45,174.85,178.5,2676885
2024-06-07T09:30:00+05:30,178.55,179.15,178.0,178.1,969069
2024-06-07T09:45:00+05:30,178.1,178.15,176.4,177.35,1055473
2024-06-07T10:00:00+05:30,177.45,178.2,176.85,177.75,626584
2024-06-07T10:15:00+05:30,177.75,177.8,177.0,177.8,342242
2024-06-07T10:30:00+05:30,177.8,178.65,177.5,177.85,394239
2024-06-07T10:45:00+05:30,177.9,178.2,177.5,177.6,302014
2024-06-07T11:00:00+05:30,177.75,178.2,177.5,177.7,335780
2024-06-07T11:15:00+05:30,177.6,177.7,176.65,176.7,497961
2024-06-07T11:30:00+05:30,176.75,177.4,176.7,176.85,406198
2024-06-07T11:45:00+05:30,176.85,177.05,176.2,176.55,581145
2024-06-07T12:00:00+05:30,176.5,177.45,176.4,176.95,307818
2024-06-07T12:15:00+05:30,176.95,177.3,176.75,177.2,300487
2024-06-07T12:30:00+05:30,177.2,177.85,177.1,177.75,316621
2024-06-07T12:45:00+05:30,177.7,178.5,177.55,178.4,719288
2024-06-07T13:00:00+05:30,178.4,178.6,177.85,178.25,524305
2024-06-07T13:15:00+05:30,178.2,178.95,177.9,178.05,472806
2024-06-07T13:30:00+05:30,178.1,178.65,178.05,178.5,241015
2024-06-07T13:45:00+05:30,178.55,179.45,178.3,179.15,510464
2024-06-07T14:00:00+05:30,179.1,182.5,179.0,180.75,3480275
2024-06-07T14:15:00+05:30,180.8,180.9,180.2,180.25,538923
2024-06-07T14:30:00+05:30,180.35,180.8,180.05,180.1,560488
2024-06-07T14:45:00+05:30,180.1,180.95,180.05,180.85,552802
2024-06-07T15:00:00+05:30,180.8,181.25,180.35,180.85,1014935
2024-06-07T15:15:00+05:30,180.85,181.15,180.5,180.75,1877151
2024-06-10T09:15:00+05:30,182.2,182.7,180.6,181.83,2560048
2024-06-10T09:30:00+05:30,181.8,182.19,178.5,179.83,2054620
2024-06-10T09:45:00+05:30,179.83,180.3,179.0,179.33,738013
2024-06-10T10:00:00+05:30,179.33,181.3,178.75,180.9,1114399
2024-06-10T10:15:00+05:30,180.84,181.34,180.01,180.87,738298
2024-06-10T10:30:00+05:30,180.9,181.15,180.21,180.3,395485
2024-06-10T10:45:00+05:30,180.3,180.37,179.33,180.0,517017
2024-06-10T11:00:00+05:30,180.09,180.35,179.65,179.75,265007
2024-06-10T11:15:00+05:30,179.68,179.85,179.4,179.77,251183
2024-06-10T11:30:00+05:30,179.77,179.8,179.28,179.6,208472
2024-06-10T11:45:00+05:30,179.6,179.85,179.31,179.66,245759
2024-06-10T12:00:00+05:30,179.62,179.78,178.72,179.25,482112
2024-06-10T12:15:00+05:30,179.25,179.99,179.24,179.5,287081
2024-06-10T12:30:00+05:30,179.4,179.64,179.12,179.56,201231
2024-06-10T12:45:00+05:30,179.56,179.65,179.06,179.39,248419
2024-06-10T13:00:00+05:30,179.39,179.63,179.11,179.21,201039
2024-06-10T13:15:00+05:30,179.21,179.74,179.18,179.31,188305
2024-06-10T13:30:00+05:30,179.31,179.69,179.23,179.59,148829
2024-06-10T13:45:00+05:30,179.59,179.8,179.41,179.67,224159
2024-06-10T14:00:00+05:30,179.65,179.97,179.5,179.67,298536
2024-06-10T14:15:00+05:30,179.67,180.25,179.0,179.01,452232
2024-06-10T14:30:00+05:30,179.08,179.25,178.5,179.08,631998
2024-06-10T14:45:00+05:30,179.01,179.68,178.85,179.1,496356
2024-06-10T15:00:00+05:30,179.1,179.48,178.51,178.66,514160
2024-06-10T15:15:00+05:30,178.7,178.78,178.0,178.55,1059464
2024-06-11T09:15:00+05:30,180.7,181.5,178.6,181.4,2808882
2024-06-11T09:30:00+05:30,181.38,182.3,179.7,180.89,2108528
2024-06-11T09:45:00+05:30,180.9,181.44,180.63,181.12,713974
2024-06-11T10:00:00+05:30,181.1,181.44,180.71,180.9,378377
2024-06-11T10:15:00+05:30,180.9,181.1,180.8,180.93,421895
2024-06-11T10:30:00+05:30,181.0,181.15,180.81,180.9,267929
2024-06-11T10:45:00+05:30,180.91,181.1,180.75,180.93,297471
2024-06-11T11:00:00+05:30,180.93,180.93,180.0,180.5,400902
2024-06-11T11:15:00+05:30,180.5,183.0,180.4,181.71,2188779
2024-06-11T11:30:00+05:30,181.8,181.99,181.51,181.83,464400
2024-06-11T11:45:00+05:30,181.83,181.98,181.51,181.6,364413
2024-06-11T12:00:00+05:30,181.6,181.7,181.11,181.19,299498
2024-06-11T12:15:00+05:30,181.19,181.25,180.72,180.96,433756
2024-06-11T12:30:00+05:30,181.0,181.21,180.0,180.5,554832
2024-06-11T12:45:00+05:30,180.5,180.7,180.27,180.65,260278
2024-06-11T13:00:00+05:30,180.62,180.7,180.3,180.48,176278
2024-06-11T13:15:00+05:30,180.55,180.92,180.4,180.82,264694
2024-06-11T13:30:00+05:30,180.92,181.0,180.67,180.81,209566
2024-06-11T13:45:00+05:30,180.8,181.6,180.65,181.1,358495
2024-06-11T14:00:00+05:30,181.15,181.17,180.15,180.2,423714
2024-06-11T14:15:00+05:30,180.2,180.69,179.79,180.68,683188
2024-06-11T14:30:00+05:30,180.65,181.1,180.5,180.74,477088
2024-06-11T14:45:00+05:30,180.8,180.8,180.35,180.6,316649
2024-06-11T15:00:00+05:30,180.6,180.65,180.0,180.45,743867
2024-06-11T15:15:00+05:30,180.5,180.55,179.8,180.5,1087771
2024-06-12T09:15:00+05:30,180.35,184.7,179.92,184.45,4341112
2024-06-12T09:30:00+05:30,184.45,186.14,183.65,184.77,3522662
2024-06-12T09:45:00+05:30,184.76,185.2,184.23,184.27,1671983
2024-06-12T10:00:00+05:30,184.27,184.75,183.66,183.83,1022436
2024-06-12T10:15:00+05:30,183.82,184.1,183.28,183.5,568457
2024-06-12T10:30:00+05:30,183.48,183.6,183.21,183.27,381175
2024-06-12T10:45:00+05:30,183.3,183.44,183.02,183.09,442289
2024-06-12T11:00:00+05:30,183.09,183.12,182.55,182.59,665088
2024-06-12T11:15:00+05:30,182.6,183.43,182.58,182.71,473545
2024-06-12T11:30:00+05:30,182.74,183.16,182.31,183.09,444487
2024-06-12T11:45:00+05:30,183.15,183.45,182.93,183.29,245728
2024-06-12T12:00:00+05:30,183.35,183.39,182.75,182.85,139974
2024-06-12T12:15:00+05:30,182.84,182.99,182.67,182.84,182311
2024-06-12T12:30:00+05:30,182.84,183.69,182.55,183.18,412136
2024-06-12T12:45:00+05:30,183.19,183.2,182.12,182.23,403343
2024-06-12T13:00:00+05:30,182.28,182.4,182.17,182.35,187551
2024-06-12T13:15:00+05:30,182.34,182.39,181.6,181.8,474816
2024-06-12T13:30:00+05:30,181.8,182.27,181.64,182.1,466253
2024-06-12T13:45:00+05:30,182.13,182.39,181.37,181.62,457445
2024-06-12T14:00:00+05:30,181.62,182.0,181.47,181.66,338257
2024-06-12T14:15:00+05:30,181.7,181.89,181.4,181.62,286890
2024-06-12T14:30:00+05:30,181.62,182.3,181.6,182.08,374877
2024-06-12T14:45:00+05:30,182.1,182.75,181.91,182.6,582568
2024-06-12T15:00:00+05:30,182.55,182.63,182.22,182.5,731935
2024-06-12T15:15:00+05:30,182.48,182.96,182.35,182.8,1253688
2024-06-13T09:15:00+05:30,183.49,184.0,182.1,182.34,1811671
2024-06-13T09:30:00+05:30,182.34,182.48,181.21,181.6,1380222
2024-06-13T09:45:00+05:30,181.59,182.23,181.1,182.1,714006
2024-06-13T10:00:00+05:30,182.1,182.19,181.6,182.03,360119
2024-06-13T10:15:00+05:30,182.03,182.09,181.16,181.25,427530
2024-06-13T10:30:00+05:30,181.2,181.44,180.87,180.93,531447
2024-06-13T10:45:00+05:30,181.0,181.3,180.75,181.0,370893
2024-06-13T11:00:00+05:30,181.0,181.1,180.2,180.31,439124
2024-06-13T11:15:00+05:30,180.24,180.47,179.26,180.18,1105755
2024-06-13T11:30:00+05:30,180.27,180.5,180.03,180.37,280226
2024-06-13T11:45:00+05:30,180.37,180.6,179.9,180.5,405509
2024-06-13T12:00:00+05:30,180.51,180.75,180.4,180.45,212875
2024-06-13T12:15:00+05:30,180.45,180.59,180.25,180.4,185460
2024-06-13T12:30:00+05:30,180.51,180.73,180.45,180.73,167444
2024-06-13T12:45:00+05:30,180.7,180.73,180.3,180.48,186242
2024-06-13T13:00:00+05:30,180.48,180.6,180.4,180.6,89135
2024-06-13T13:15:00+05:30,180.6,180.64,180.4,180.5,114591
2024-06-13T13:30:00+05:30,180.5,180.7,180.41,180.57,168162
2024-06-13T13:45:00+05:30,180.57,180.68,180.32,180.64,273365
2024-06-13T14:00:00+05:30,180.63,180.7,180.3,180.3,187481
2024-06-13T14:15:00+05:30,180.3,180.37,179.8,180.1,379663
2024-06-13T14:30:00+05:30,180.0,180.45,180.0,180.35,211068
2024-06-13T14:45:00+05:30,180.34,180.39,179.75,180.15,537626
2024-06-13T15:00:00+05:30,180.15,180.39,179.9,180.01,655000
2024-06-13T15:15:00+05:30,180.01,180.25,179.9,180.24,986809
2024-06-14T09:15:00+05:30,180.26,180.5,177.5,178.07,2364566
2024-06-14T09:30:00+05:30,178.07,178.7,177.9,178.55,931914
2024-06-14T09:45:00+05:30,178.6,181.25,178.49,180.5,1645596
2024-06-14T10:00:00+05:30,180.6,180.6,179.51,179.75,899653
2024-06-14T10:15:00+05:30,179.67,180.2,179.34,180.1,829444
2024-06-14T10:30:00+05:30,180.1,180.2,179.71,180.0,493361
2024-06-14T10:45:00+05:30,180.0,180.1,179.58,179.75,257401
2024-06-14T11:00:00+05:30,179.8,179.8,179.4,179.65,242959
2024-06-14T11:15:00+05:30,179.62,180.54,179.4,180.54,512775
2024-06-14T11:30:00+05:30,180.54,182.3,180.51,180.6,1837697
2024-06-14T11:45:00+05:30,180.67,180.93,180.27,180.4,359052
2024-06-14T12:00:00+05:30,180.3,180.5,180.01,180.25,252415
2024-06-14T12:15:00+05:30,180.25,180.36,180.0,180.01,210392
2024-06-14T12:30:00+05:30,180.01,180.65,179.71,180.45,385337
2024-06-14T12:45:00+05:30,180.45,180.55,180.37,180.42,161205
2024-06-14T13:00:00+05:30,180.42,180.48,180.07,180.16,266915
2024-06-14T13:15:00+05:30,180.15,180.35,179.71,180.0,257562
2024-06-14T13:30:00+05:30,179.95,180.0,179.3,179.69,382707
2024-06-14T13:45:00+05:30,179.7,179.7,179.25,179.37,249594
2024-06-14T14:00:00+05:30,179.37,179.55,179.08,179.35,507315
2024-06-14T14:15:00+05:30,179.35,179.65,179.2,179.3,254451
2024-06-14T14:30:00+05:30,179.35,179.45,179.13,179.18,263276
2024-06-14T14:45:00+05:30,179.19,179.39,179.0,179.1,550179
2024-06-14T15:00:00+05:30,179.09,179.4,179.01,179.27,577479
2024-06-14T15:15:00+05:30,179.3,179.35,178.85,179.1,1105832
2024-06-18T09:15:00+05:30,180.19,180.8,178.36,178.85,2400847
2024-06-18T09:15:00+05:30,180.19,180.8,178.36,178.85,2400847
2024-06-18T09:30:00+05:30,178.87,180.2,178.75,179.75,1369868
2024-06-18T09:45:00+05:30,179.76,181.76,179.68,180.09,1849765
2024-06-18T10:00:00+05:30,180.01,180.2,179.1,179.1,558523
2024-06-18T10:15:00+05:30,179.17,179.32,178.6,179.11,704161
2024-06-18T10:30:00+05:30,179.11,179.5,179.0,179.2,314145
2024-06-18T10:45:00+05:30,179.25,179.25,178.96,179.01,251381
2024-06-18T11:00:00+05:30,179.01,179.28,178.9,179.03,248271
2024-06-18T11:15:00+05:30,179.11,179.14,178.81,178.98,301939
2024-06-18T11:30:00+05:30,178.98,179.0,178.76,178.89,245637
2024-06-18T11:45:00+05:30,178.85,178.99,178.65,178.88,278051
2024-06-18T12:00:00+05:30,178.88,179.0,178.73,178.78,228850
2024-06-18T12:15:00+05:30,178.77,178.78,178.32,178.6,469324
2024-06-18T12:30:00+05:30,178.57,178.75,178.5,178.55,192226
2024-06-18T12:45:00+05:30,178.55,178.6,178.36,178.4,292686
2024-06-18T13:00:00+05:30,178.45,178.9,178.39,178.55,265535
2024-06-18T13:15:00+05:30,178.65,178.65,178.25,178.42,256522
2024-06-18T13:30:00+05:30,178.43,178.45,178.19,178.28,224926
2024-06-18T13:45:00+05:30,178.26,178.39,178.01,178.2,323972
2024-06-18T14:00:00+05:30,178.2,178.5,178.14,178.34,317839
2024-06-18T14:15:00+05:30,178.34,178.34,178.02,178.13,276918
2024-06-18T14:30:00+05:30,178.07,178.15,177.73,177.9,703295
2024-06-18T14:45:00+05:30,177.94,178.14,177.82,178.0,458605
2024-06-18T15:00:00+05:30,178.0,178.4,178.0,178.05,605222
2024-06-18T15:15:00+05:30,178.05,178.2,177.71,178.0,937703
2024-06-19T09:15:00+05:30,178.76,178.79,175.1,175.15,1997088
2024-06-19T09:30:00+05:30,175.17,176.98,173.22,176.2,1873407
2024-06-19T09:45:00+05:30,176.2,176.79,175.6,176.55,452888
2024-06-19T10:00:00+05:30,176.55,177.0,175.61,175.8,424951
2024-06-19T10:15:00+05:30,175.8,176.36,175.1,175.24,448898
2024-06-19T10:30:00+05:30,175.32,175.64,174.8,175.02,586256
2024-06-19T10:45:00+05:30,175.1,176.38,174.8,176.3,380196
2024-06-19T11:00:00+05:30,176.3,176.33,175.73,176.15,308059
2024-06-19T11:15:00+05:30,176.15,176.5,176.05,176.38,210805
2024-06-19T11:30:00+05:30,176.39,176.75,176.12,176.74,285311
2024-06-19T11:45:00+05:30,176.75,176.83,176.31,176.62,184478
2024-06-19T12:00:00+05:30,176.7,176.8,176.4,176.51,216636
2024-06-19T12:15:00+05:30,176.5,176.77,176.41,176.65,242624
2024-06-19T12:30:00+05:30,176.65,176.9,176.6,176.8,117580
2024-06-19T12:45:00+05:30,176.8,177.1,176.43,176.9,359368
2024-06-19T13:00:00+05:30,176.9,176.9,176.51,176.63,179321
2024-06-19T13:15:00+05:30,176.64,176.69,176.0,176.13,183430
2024-06-19T13:30:00+05:30,176.1,176.49,176.03,176.3,106516
2024-06-19T13:45:00+05:30,176.3,176.9,176.05,176.75,188418
2024-06-19T14:00:00+05:30,176.75,176.95,176.09,176.2,265168
2024-06-19T14:15:00+05:30,176.2,176.45,176.11,176.3,107982
2024-06-19T14:30:00+05:30,176.3,176.3,176.0,176.05,165298
2024-06-19T14:45:00+05:30,176.04,176.28,175.5,175.55,402443
2024-06-19T15:00:00+05:30,175.6,176.0,175.55,175.7,356441
2024-06-19T15:15:00+05:30,175.69,175.99,175.6,175.97,642412
2024-06-20T09:15:00+05:30,176.63,178.65,174.8,178.55,2286615
2024-06-20T09:30:00+05:30,178.55,180.99,177.85,180.63,2951281
2024-06-20T09:45:00+05:30,180.7,180.71,178.4,178.86,1397678
2024-06-20T10:00:00+05:30,178.95,178.97,178.15,178.7,481328
2024-06-20T10:15:00+05:30,178.7,179.1,178.33,178.88,498449
2024-06-20T10:30:00+05:30,178.88,179.0,178.43,178.53,335969
2024-06-20T10:45:00+05:30,178.55,178.59,177.79,178.0,490247
2024-06-20T11:00:00+05:30,178.0,178.3,177.9,178.08,282344
2024-06-20T11:15:00+05:30,178.08,178.15,177.55,177.59,280223
2024-06-20T11:30:00+05:30,177.56,178.2,177.45,178.12,491934
2024-06-20T11:45:00+05:30,178.12,178.19,177.72,177.85,237687
2024-06-20T12:00:00+05:30,177.94,178.09,177.74,178.0,170796
2024-06-20T12:15:00+05:30,178.0,178.05,177.73,177.9,193655
2024-06-20T12:30:00+05:30,177.85,178.3,177.8,177.99,208082
2024-06-20T12:45:00+05:30,177.99,178.0,177.8,177.96,129424
2024-06-20T13:00:00+05:30,177.96,178.19,177.55,178.0,274079
2024-06-20T13:15:00+05:30,177.9,178.1,177.57,177.77,201713
2024-06-20T13:30:00+05:30,177.78,177.78,177.51,177.68,168526
2024-06-20T13:45:00+05:30,177.62,177.7,177.05,177.18,245050
2024-06-20T14:00:00+05:30,177.18,177.28,176.7,177.0,489645
2024-06-20T14:15:00+05:30,177.08,177.34,176.8,176.91,213595
2024-06-20T14:30:00+05:30,176.85,176.99,176.32,176.9,374941
2024-06-20T14:45:00+05:30,176.98,177.1,176.71,176.93,304165
2024-06-20T15:00:00+05:30,176.97,177.95,176.93,177.87,508384
2024-06-20T15:15:00+05:30,177.87,177.9,177.32,177.5,718682
2024-06-21T09:15:00+05:30,178.25,183.15,178.25,182.3,5825667
2024-06-21T09:30:00+05:30,182.37,184.9,182.01,184.79,5319422
2024-06-21T09:45:00+05:30,184.78,184.81,183.58,183.98,2702963
2024-06-21T10:00:00+05:30,184.0,187.17,183.9,186.8,6815281
2024-06-21T10:15:00+05:30,186.86,186.86,184.79,185.11,2668212
2024-06-21T10:30:00+05:30,185.13,185.3,183.51,183.6,1943003
2024-06-21T10:45:00+05:30,183.52,185.47,182.8,185.43,2101680
2024-06-21T11:00:00+05:30,185.43,186.61,185.4,186.42,2065206
2024-06-21T11:15:00+05:30,186.42,186.5,185.8,185.81,1295816
2024-06-21T11:30:00+05:30,185.88,185.9,185.31,185.72,773785
2024-06-21T11:45:00+05:30,185.72,185.9,185.27,185.42,653031
2024-06-21T12:00:00+05:30,185.42,185.56,185.2,185.3,576082
2024-06-21T12:15:00+05:30,185.29,185.35,184.75,184.83,720867
2024-06-21T12:30:00+05:30,184.83,184.9,183.5,183.79,813110
2024-06-21T12:45:00+05:30,183.79,184.26,183.35,184.2,659762
2024-06-21T13:00:00+05:30,184.2,184.34,183.19,183.59,932353
2024-06-21T13:15:00+05:30,183.52,184.4,183.33,183.99,617122
2024-06-21T13:30:00+05:30,184.0,184.44,183.87,184.23,568631
2024-06-21T13:45:00+05:30,184.16,184.98,184.16,184.88,594392
2024-06-21T14:00:00+05:30,184.88,185.0,184.6,184.7,619091
2024-06-21T14:15:00+05:30,184.7,184.72,183.4,183.66,770862
2024-06-21T14:30:00+05:30,183.67,183.88,182.75,183.31,1143208
2024-06-21T14:45:00+05:30,183.3,183.9,182.52,183.02,963988
2024-06-21T15:00:00+05:30,183.02,187.87,182.75,187.75,24855169
2024-06-21T15:15:00+05:30,187.76,191.0,186.42,190.1,28130282
2024-06-24T09:15:00+05:30,191.99,195.4,191.06,192.79,12762756
2024-06-24T09:30:00+05:30,192.7,192.77,190.22,191.9,4224196
2024-06-24T09:45:00+05:30,191.81,192.3,191.24,191.95,1842984
2024-06-24T10:00:00+05:30,191.9,192.0,190.42,190.89,1475609
2024-06-24T10:15:00+05:30,190.89,191.75,190.85,191.35,1074895
2024-06-24T10:30:00+05:30,191.35,193.0,191.07,192.78,1425847
2024-06-24T10:45:00+05:30,192.68,192.99,191.72,191.8,911142
2024-06-24T11:00:00+05:30,191.8,192.6,191.7,192.0,621928
2024-06-24T11:15:00+05:30,192.0,192.09,191.65,191.73,394935
2024-06-24T11:30:00+05:30,191.73,191.85,191.1,191.15,541301
2024-06-24T11:45:00+05:30,191.2,191.75,190.7,191.6,706048
2024-06-24T12:00:00+05:30,191.6,192.24,191.25,191.6,742667
2024-06-24T12:15:00+05:30,191.55,191.62,191.2,191.36,320174
2024-06-24T12:30:00+05:30,191.36,191.5,190.57,190.78,465235
2024-06-24T12:45:00+05:30,190.78,191.0,190.45,190.62,519316
2024-06-24T13:00:00+05:30,190.65,191.4,190.51,191.31,374516
2024-06-24T13:15:00+05:30,191.31,191.45,190.8,191.02,309608
2024-06-24T13:30:00+05:30,191.01,191.15,190.7,190.79,258043
2024-06-24T13:45:00+05:30,190.72,190.95,190.7,190.95,196702
2024-06-24T14:00:00+05:30,190.95,190.98,190.6,190.91,350107
2024-06-24T14:15:00+05:30,190.85,190.92,190.5,190.8,336595
2024-06-24T14:30:00+05:30,190.85,190.85,190.5,190.5,395006
2024-06-24T14:45:00+05:30,190.51,191.6,190.5,190.73,817154
2024-06-24T15:00:00+05:30,190.71,191.07,190.0,190.03,1255436
2024-06-24T15:15:00+05:30,190.03,190.06,188.4,189.2,2409513
2024-06-25T09:15:00+05:30,190.39,190.8,186.19,186.84,4369280
2024-06-25T09:30:00+05:30,186.84,186.98,185.85,186.44,1747788
2024-06-25T09:45:00+05:30,186.46,186.8,185.9,186.01,963811
2024-06-25T10:00:00+05:30,186.05,186.24,185.51,186.09,755738
2024-06-25T10:15:00+05:30,186.05,186.24,185.9,186.15,368034
2024-06-25T10:30:00+05:30,186.07,186.2,185.75,185.95,295536
2024-06-25T10:45:00+05:30,185.95,186.32,185.85,186.17,255397
2024-06-25T11:00:00+05:30,186.22,186.25,185.25,185.32,783128
2024-06-25T11:15:00+05:30,185.42,185.93,185.06,185.45,417308
2024-06-25T11:30:00+05:30,185.5,185.5,184.8,185.32,743954
2024-06-25T11:45:00+05:30,185.28,185.6,185.12,185.25,303197
2024-06-25T12:00:00+05:30,185.28,185.59,185.05,185.47,237698
2024-06-25T12:15:00+05:30,185.48,185.56,185.06,185.5,178851
2024-06-25T12:30:00+05:30,185.55,185.9,185.5,185.6,235640
2024-06-25T12:45:00+05:30,185.54,185.76,185.3,185.35,145045
2024-06-25T13:00:00+05:30,185.35,185.45,185.06,185.35,185125
2024-06-25T13:15:00+05:30,185.35,185.4,185.0,185.14,207320
2024-06-25T13:30:00+05:30,185.14,185.31,185.0,185.3,180791
2024-06-25T13:45:00+05:30,185.29,185.68,185.23,185.42,164157
2024-06-25T14:00:00+05:30,185.5,185.52,185.11,185.2,176605
2024-06-25T14:15:00+05:30,185.2,185.35,185.0,185.19,249537
2024-06-25T14:30:00+05:30,185.19,185.35,184.74,185.01,437974
2024-06-25T14:45:00+05:30,185.0,185.3,184.8,185.01,379046
2024-06-25T15:00:00+05:30,185.08,185.65,184.85,185.17,736549
2024-06-25T15:15:00+05:30,185.17,185.5,184.5,184.99,1407247
2024-06-26T09:15:00+05:30,185.05,185.9,183.1,184.45,2197142
2024-06-26T09:30:00+05:30,184.44,190.48,183.55,188.72,6940784
2024-06-26T09:45:00+05:30,188.8,188.87,186.9,187.01,1757881
2024-06-26T10:00:00+05:30,187.04,187.3,186.53,186.68,727945
2024-06-26T10:15:00+05:30,186.7,187.0,186.25,186.4,561495
2024-06-26T10:30:00+05:30,186.44,186.8,186.06,186.57,321721
2024-06-26T10:45:00+05:30,186.49,186.7,186.1,186.36,303239
2024-06-26T11:00:00+05:30,186.31,186.49,185.8,185.99,302588
2024-06-26T11:15:00+05:30,185.99,187.17,185.9,187.12,422927
2024-06-26T11:30:00+05:30,187.12,190.69,186.87,188.53,4559646
2024-06-26T11:45:00+05:30,188.48,192.0,188.21,191.61,4976136
2024-06-26T12:00:00+05:30,191.52,194.79,191.0,194.62,10326742
2024-06-26T12:15:00+05:30,194.54,194.69,192.52,193.03,4911640
2024-06-26T12:30:00+05:30,193.03,197.0,192.71,196.0,9497460
2024-06-26T12:45:00+05:30,195.9,199.44,195.85,198.7,16483372
2024-06-26T13:00:00+05:30,198.75,198.95,196.6,197.6,6590252
2024-06-26T13:15:00+05:30,197.51,198.99,197.45,197.79,4091297
2024-06-26T13:30:00+05:30,197.73,199.0,197.51,197.68,3403975
2024-06-26T13:45:00+05:30,197.6,199.0,196.15,198.5,5397779
2024-06-26T14:00:00+05:30,198.49,198.55,196.61,197.3,2599413
2024-06-26T14:15:00+05:30,197.4,197.44,196.12,196.33,1881324
2024-06-26T14:30:00+05:30,196.43,196.48,194.5,194.8,3601027
2024-06-26T14:45:00+05:30,194.81,195.8,194.61,195.04,1885997
2024-06-26T15:00:00+05:30,195.13,195.45,194.6,194.74,2290947
2024-06-26T15:15:00+05:30,194.7,195.2,194.01,195.05,4417409
2024-06-27T09:15:00+05:30,195.9,205.1,195.5,200.33,20533176
2024-06-27T09:30:00+05:30,200.25,204.5,200.25,202.8,8339279
2024-06-27T09:45:00+05:30,202.88,202.9,200.0,201.01,5000491
2024-06-27T10:00:00+05:30,201.01,201.5,200.06,200.86,2310139
2024-06-27T10:15:00+05:30,200.81,200.87,198.45,198.94,3725819
2024-06-27T10:30:00+05:30,198.84,199.0,197.15,197.49,2332239
2024-06-27T10:45:00+05:30,197.4,198.19,196.8,198.1,2136802
2024-06-27T11:00:00+05:30,198.1,198.75,197.51,198.51,1130020
2024-06-27T11:15:00+05:30,198.52,198.59,197.75,197.92,760978
2024-06-27T11:30:00+05:30,197.92,198.24,197.81,198.07,522242
2024-06-27T11:45:00+05:30,198.0,198.2,197.76,197.93,431181
2024-06-27T12:00:00+05:30,197.95,198.0,197.19,197.23,646544
2024-06-27T12:15:00+05:30,197.23,197.37,196.35,196.99,1154828
2024-06-27T12:30:00+05:30,197.0,197.07,196.03,196.21,788033
2024-06-27T12:45:00+05:30,196.12,197.3,196.1,196.35,665310
2024-06-27T13:00:00+05:30,196.3,196.69,195.8,196.08,831810
2024-06-27T13:15:00+05:30,196.08,196.4,195.55,195.68,670081
2024-06-27T13:30:00+05:30,195.68,195.74,193.5,194.2,2356556
2024-06-27T13:45:00+05:30,194.08,194.35,193.3,193.95,834351
2024-06-27T14:00:00+05:30,193.95,194.25,192.5,192.8,1588377
2024-06-27T14:15:00+05:30,192.79,193.0,192.26,192.87,837210
2024-06-27T14:30:00+05:30,192.78,193.19,192.34,193.1,1151472
2024-06-27T14:45:00+05:30,193.1,194.58,193.01,194.23,1577981
2024-06-27T15:00:00+05:30,194.34,194.55,192.65,193.0,2040918
2024-06-27T15:15:00+05:30,192.99,194.0,192.5,193.8,2973034
2024-06-28T09:15:00+05:30,195.3,195.7,190.4,191.86,5064809
2024-06-28T09:30:00+05:30,191.86,192.75,190.82,192.74,1918682
2024-06-28T09:45:00+05:30,192.75,192.8,190.2,190.3,1551916
2024-06-28T10:00:00+05:30,190.3,191.4,190.0,191.3,1515499
2024-06-28T10:15:00+05:30,191.29,191.3,190.3,190.98,602675
2024-06-28T10:30:00+05:30,190.98,191.2,190.3,190.45,670544
2024-06-28T10:45:00+05:30,190.45,190.8,190.4,190.69,308894
2024-06-28T11:00:00+05:30,190.69,191.48,190.2,191.1,637258
2024-06-28T11:15:00+05:30,191.19,191.3,190.72,191.2,333291
2024-06-28T11:30:00+05:30,191.2,191.64,190.99,191.45,405575
2024-06-28T11:45:00+05:30,191.45,191.45,190.62,190.89,476809
2024-06-28T12:00:00+05:30,190.89,190.93,190.3,190.45,537393
2024-06-28T12:15:00+05:30,190.4,190.5,188.76,189.45,1971302
2024-06-28T12:30:00+05:30,189.45,189.79,188.83,189.15,637384
2024-06-28T12:45:00+05:30,189.19,189.9,189.12,189.81,398330
2024-06-28T13:00:00+05:30,189.85,191.3,189.71,190.75,850497
2024-06-28T13:15:00+05:30,190.75,191.18,190.63,190.9,469507
2024-06-28T13:30:00+05:30,190.9,191.08,190.57,190.86,354662
2024-06-28T13:45:00+05:30,190.79,190.9,190.51,190.8,232102
2024-06-28T14:00:00+05:30,190.8,191.24,190.55,190.88,423137
2024-06-28T14:15:00+05:30,190.81,190.9,190.15,190.21,452722
2024-06-28T14:30:00+05:30,190.25,190.45,189.23,190.0,793322
2024-06-28T14:45:00+05:30,190.0,190.81,189.92,190.26,494386
2024-06-28T15:00:00+05:30,190.26,190.6,190.0,190.27,823974
2024-06-28T15:15:00+05:30,190.28,191.1,190.0,191.05,2023756
2024-07-01T09:15:00+05:30,200.05,201.82,196.25,197.3,10049686
2024-07-01T09:30:00+05:30,197.3,199.7,196.7,198.4,4277888
2024-07-01T09:45:00+05:30,198.36,198.4,197.4,197.5,1532100
2024-07-01T10:00:00+05:30,197.43,197.62,197.0,197.2,1201303
2024-07-01T10:15:00+05:30,197.22,197.59,197.0,197.3,766735
2024-07-01T10:30:00+05:30,197.3,197.55,197.0,197.39,684415
2024-07-01T10:45:00+05:30,197.39,197.4,195.15,195.4,1725894
2024-07-01T11:00:00+05:30,195.29,196.3,195.29,196.01,1048389
2024-07-01T11:15:00+05:30,196.06,196.45,195.95,196.2,419390
2024-07-01T11:30:00+05:30,196.2,196.9,195.76,196.53,704797
2024-07-01T11:45:00+05:30,196.6,196.7,196.06,196.2,414886
2024-07-01T12:00:00+05:30,196.3,196.5,196.02,196.06,303552
2024-07-01T12:15:00+05:30,196.06,196.3,195.81,196.25,526087
2024-07-01T12:30:00+05:30,196.24,196.29,195.8,196.23,293871
2024-07-01T12:45:00+05:30,196.21,196.23,195.8,195.93,329134
2024-07-01T13:00:00+05:30,195.9,196.0,195.0,195.14,960683
2024-07-01T13:15:00+05:30,195.14,195.15,194.61,194.99,578404
2024-07-01T13:30:00+05:30,194.96,195.45,194.85,195.29,428828
2024-07-01T13:45:00+05:30,195.3,195.35,194.85,194.98,278881
2024-07-01T14:00:00+05:30,194.98,195.33,194.85,195.2,444424
2024-07-01T14:15:00+05:30,195.16,195.5,194.8,195.5,544024
2024-07-01T14:30:00+05:30,195.5,195.7,195.1,195.11,566200
2024-07-01T14:45:00+05:30,195.15,195.88,195.03,195.76,524807
2024-07-01T15:00:00+05:30,195.76,196.0,195.4,195.6,1027775
2024-07-01T15:15:00+05:30,195.59,196.9,195.15,196.5,3102810
2024-07-02T09:15:00+05:30,197.11,197.75,195.15,195.6,3180530
2024-07-02T09:30:00+05:30,195.52,195.87,194.34,194.95,1968251
2024-07-02T09:45:00+05:30,194.99,195.49,194.05,195.16,824598
2024-07-02T10:00:00+05:30,195.27,195.7,195.01,195.6,651026
2024-07-02T10:15:00+05:30,195.54,195.8,194.91,195.15,523536
2024-07-02T10:30:00+05:30,195.24,195.36,195.0,195.2,433298
2024-07-02T10:45:00+05:30,195.1,195.2,194.8,195.16,326315
2024-07-02T11:00:00+05:30,195.16,195.6,195.02,195.5,338439
2024-07-02T11:15:00+05:30,195.5,195.5,194.95,195.11,293840
2024-07-02T11:30:00+05:30,195.03,195.25,194.25,194.43,379320
2024-07-02T11:45:00+05:30,194.3,195.1,194.23,194.73,316753
2024-07-02T12:00:00+05:30,194.62,194.99,194.2,194.29,288880
2024-07-02T12:15:00+05:30,194.29,194.6,194.1,194.23,449520
2024-07-02T12:30:00+05:30,194.22,194.25,193.5,193.62,610794
2024-07-02T12:45:00+05:30,193.62,194.25,193.3,193.4,546530
2024-07-02T13:00:00+05:30,193.4,194.14,192.8,193.93,816901
2024-07-02T13:15:00+05:30,193.9,194.3,193.5,194.2,318515
2024-07-02T13:30:00+05:30,194.2,194.65,194.09,194.53,259744
2024-07-02T13:45:00+05:30,194.45,194.73,194.0,194.14,242647
2024-07-02T14:00:00+05:30,194.14,194.27,194.01,194.12,118599
2024-07-02T14:15:00+05:30,194.11,195.4,194.08,195.3,664813
2024-07-02T14:30:00+05:30,195.29,201.4,195.25,199.8,6618225
2024-07-02T14:45:00+05:30,199.8,201.0,198.3,199.03,4318771
2024-07-02T15:00:00+05:30,199.1,204.5,198.11,204.1,14504678
2024-07-02T15:15:00+05:30,204.1,209.0,203.66,209.0,26559682
2024-07-03T09:15:00+05:30,212.15,217.0,208.75,215.6,32694670
2024-07-03T09:30:00+05:30,215.6,218.45,214.05,215.0,13610491
2024-07-03T09:45:00+05:30,215.06,218.85,214.8,216.6,11053469
2024-07-03T10:00:00+05:30,216.7,217.74,214.6,214.9,4488376
2024-07-03T10:15:00+05:30,214.9,216.65,214.81,215.93,2669018
2024-07-03T10:30:00+05:30,215.92,218.0,215.5,217.09,4275380
2024-07-03T10:45:00+05:30,217.1,217.15,215.75,215.87,1989600
2024-07-03T11:00:00+05:30,215.87,216.0,215.0,215.22,1741141
2024-07-03T11:15:00+05:30,215.3,215.9,214.6,215.65,1483757
2024-07-03T11:30:00+05:30,215.75,217.4,215.3,216.36,2809863
2024-07-03T11:45:00+05:30,216.41,218.4,216.3,217.05,4320858
2024-07-03T12:00:00+05:30,217.05,217.49,216.1,216.33,1672886
2024-07-03T12:15:00+05:30,216.33,216.98,215.5,215.85,1218465
2024-07-03T12:30:00+05:30,215.83,217.0,215.78,216.81,900716
2024-07-03T12:45:00+05:30,216.88,217.45,216.0,216.01,1198433
2024-07-03T13:00:00+05:30,216.07,216.75,216.0,216.31,951762
2024-07-03T13:15:00+05:30,216.35,219.4,216.15,219.28,6308351
2024-07-03T13:30:00+05:30,219.28,219.83,218.01,218.75,5764416
2024-07-03T13:45:00+05:30,218.78,220.65,218.15,218.27,7594063
2024-07-03T14:00:00+05:30,218.28,218.8,217.26,218.36,2924140
2024-07-03T14:15:00+05:30,218.23,219.35,217.5,219.35,3012867
2024-07-03T14:30:00+05:30,219.29,220.25,218.3,219.25,4503169
2024-07-03T14:45:00+05:30,219.2,225.45,219.14,224.38,21828456
2024-07-03T15:00:00+05:30,224.38,225.88,222.3,223.47,9680807
2024-07-03T15:15:00+05:30,223.4,224.0,221.1,221.51,9223013
2024-07-04T09:15:00+05:30,223.22,228.48,218.41,225.49,21950906
2024-07-04T09:30:00+05:30,225.63,225.63,221.5,224.44,6850701
2024-07-04T09:45:00+05:30,224.33,224.45,222.14,222.6,3416960
2024-07-04T10:00:00+05:30,222.7,222.7,220.0,221.07,4077245
2024-07-04T10:15:00+05:30,221.17,221.6,219.13,219.81,2988559
2024-07-04T10:30:00+05:30,219.94,220.6,218.5,220.12,3426249
2024-07-04T10:45:00+05:30,220.2,220.55,219.39,220.3,1357462
2024-07-04T11:00:00+05:30,220.3,222.62,219.99,221.81,2292637
2024-07-04T11:15:00+05:30,221.81,222.14,221.25,221.74,850768
2024-07-04T11:30:00+05:30,221.74,221.75,220.7,221.0,752615
2024-07-04T11:45:00+05:30,221.1,221.45,220.7,221.3,506806
2024-07-04T12:00:00+05:30,221.28,222.6,221.2,222.17,879604
2024-07-04T12:15:00+05:30,222.17,222.5,221.34,222.35,1075020
2024-07-04T12:30:00+05:30,222.35,222.44,221.42,221.69,730893
2024-07-04T12:45:00+05:30,221.68,221.9,220.8,220.8,807720
2024-07-04T13:00:00+05:30,220.88,221.5,220.6,220.84,720106
2024-07-04T13:15:00+05:30,220.85,222.7,220.7,221.91,1257685
2024-07-04T13:30:00+05:30,221.91,221.99,220.75,220.92,861464
2024-07-04T13:45:00+05:30,220.85,220.9,219.45,220.79,1759505
2024-07-04T14:00:00+05:30,220.79,221.5,220.4,220.95,1122044
2024-07-04T14:15:00+05:30,220.87,221.0,220.4,220.74,539724
2024-07-04T14:30:00+05:30,220.72,221.55,220.72,221.1,811677
2024-07-04T14:45:00+05:30,221.1,221.16,219.6,220.19,1555306
2024-07-04T15:00:00+05:30,220.19,220.99,220.0,220.09,1745831
2024-07-04T15:15:00+05:30,220.06,221.52,219.51,221.0,4853239
2024-07-05T09:15:00+05:30,220.8,226.37,219.26,223.08,9767161
2024-07-05T09:30:00+05:30,223.1,225.2,221.6,225.06,3177294
2024-07-05T09:45:00+05:30,225.06,225.2,222.0,222.7,2286614
2024-07-05T10:00:00+05:30,222.7,223.5,222.4,222.75,1257174
2024-07-05T10:15:00+05:30,222.75,223.18,222.0,222.2,1094788
2024-07-05T10:30:00+05:30,222.2,222.34,221.7,222.1,772531
2024-07-05T10:45:00+05:30,222.1,222.5,221.35,222.46,878550
2024-07-05T11:00:00+05:30,222.4,223.1,221.76,221.89,968541
2024-07-05T11:15:00+05:30,221.89,222.2,221.55,221.8,506325
2024-07-05T11:30:00+05:30,221.84,222.7,221.61,222.6,552083
2024-07-05T11:45:00+05:30,222.65,223.5,222.33,223.0,973051
2024-07-05T12:00:00+05:30,223.0,223.89,222.85,223.1,676090
2024-07-05T12:15:00+05:30,223.1,223.49,222.5,223.0,583173
2024-07-05T12:30:00+05:30,222.9,223.09,222.6,222.78,372609
2024-07-05T12:45:00+05:30,222.89,223.5,222.8,222.91,497505
2024-07-05T13:00:00+05:30,223.0,223.0,221.83,222.2,824294
2024-07-05T13:15:00+05:30,222.11,222.7,222.0,222.56,675462
2024-07-05T13:30:00+05:30,222.68,223.2,222.0,222.2,840113
2024-07-05T13:45:00+05:30,222.2,222.59,221.9,221.91,683933
2024-07-05T14:00:00+05:30,221.91,222.43,221.7,222.19,496897
2024-07-05T14:15:00+05:30,222.19,222.4,221.25,221.37,569035
2024-07-05T14:30:00+05:30,221.3,222.2,221.21,221.97,777485
2024-07-05T14:45:00+05:30,221.9,222.65,221.8,222.29,810479
2024-07-05T15:00:00+05:30,222.29,229.5,222.29,229.32,11434076
2024-07-05T15:15:00+05:30,229.46,232.0,229.0,229.0,13393173
2024-07-08T09:15:00+05:30,232.05,238.8,231.8,236.95,15258041
2024-07-08T09:30:00+05:30,236.9,240.0,236.0,237.37,7685626
2024-07-08T09:45:00+05:30,237.39,244.0,236.0,243.28,7776609
2024-07-08T10:00:00+05:30,243.42,248.0,242.1,246.3,10998600
2024-07-08T10:15:00+05:30,246.15,247.94,242.65,245.38,5451664
2024-07-08T10:30:00+05:30,245.38,245.6,242.6,243.0,2356694
2024-07-08T10:45:00+05:30,242.99,244.18,240.65,241.65,2835475
2024-07-08T11:00:00+05:30,241.65,242.2,236.32,238.0,4061257
2024-07-08T11:15:00+05:30,237.93,243.58,237.17,242.99,3927681
2024-07-08T11:30:00+05:30,242.9,243.8,241.0,241.22,1794953
2024-07-08T11:45:00+05:30,241.23,242.0,240.15,240.8,865928
2024-07-08T12:00:00+05:30,240.7,241.2,238.4,238.75,1697548
2024-07-08T12:15:00+05:30,238.64,240.39,238.59,239.4,1000751
2024-07-08T12:30:00+05:30,239.4,240.37,239.2,239.35,746908
2024-07-08T12:45:00+05:30,239.35,240.0,238.72,239.99,814818
2024-07-08T13:00:00+05:30,239.99,242.9,239.7,242.4,1405940
2024-07-08T13:15:00+05:30,242.4,244.0,241.58,242.81,2354588
2024-07-08T13:30:00+05:30,242.93,243.2,241.67,242.74,904933
2024-07-08T13:45:00+05:30,242.75,243.35,242.05,242.75,900946
2024-07-08T14:00:00+05:30,242.64,242.85,241.75,242.39,600052
2024-07-08T14:15:00+05:30,242.39,246.28,242.27,244.8,3873303
2024-07-08T14:30:00+05:30,244.8,245.1,242.2,242.98,1694707
2024-07-08T14:45:00+05:30,242.98,246.75,242.85,243.75,4159388
2024-07-08T15:00:00+05:30,243.86,248.85,243.71,245.94,7568291
2024-07-08T15:15:00+05:30,245.94,246.5,244.1,246.5,5615060
2024-07-09T09:15:00+05:30,251.01,254.0,241.5,245.0,16825432
2024-07-09T09:30:00+05:30,244.89,245.4,241.15,242.9,4719014
2024-07-09T09:45:00+05:30,242.9,243.99,241.6,243.85,2149709
2024-07-09T10:00:00+05:30,243.85,244.0,236.03,238.12,5790198
2024-07-09T10:15:00+05:30,238.12,239.35,228.01,237.06,10745541
2024-07-09T10:30:00+05:30,237.06,239.85,235.15,238.47,3176215
2024-07-09T10:45:00+05:30,238.58,240.75,236.65,236.96,2249622
2024-07-09T11:00:00+05:30,236.96,237.87,236.55,236.75,1239511
2024-07-09T11:15:00+05:30,236.75,238.79,235.58,237.97,1418319
2024-07-09T11:30:00+05:30,237.97,238.4,236.37,237.1,819032
2024-07-09T11:45:00+05:30,237.18,237.36,235.17,236.22,798724
2024-07-09T12:00:00+05:30,236.22,237.5,236.0,236.9,885433
2024-07-09T12:15:00+05:30,236.9,237.34,236.4,236.77,528714
2024-07-09T12:30:00+05:30,236.76,236.77,235.5,235.6,761184
2024-07-09T12:45:00+05:30,235.6,237.3,234.0,237.13,1764127
2024-07-09T13:00:00+05:30,237.1,238.5,236.71,237.6,897837
2024-07-09T13:15:00+05:30,237.62,242.65,237.5,242.29,2496809
2024-07-09T13:30:00+05:30,242.29,242.5,239.0,241.11,2202405
2024-07-09T13:45:00+05:30,241.1,241.6,240.16,241.0,983202
2024-07-09T14:00:00+05:30,240.95,242.45,240.63,241.13,1093918
2024-07-09T14:15:00+05:30,241.11,241.5,238.57,238.89,1204612
2024-07-09T14:30:00+05:30,238.89,241.29,238.76,240.98,967547
2024-07-09T14:45:00+05:30,240.98,242.01,239.57,239.64,1681797
2024-07-09T15:00:00+05:30,239.75,241.5,239.74,241.2,1974725
2024-07-09T15:15:00+05:30,241.2,241.25,239.5,240.75,3771311
2024-07-10T09:15:00+05:30,241.53,242.8,238.11,240.52,7506028
2024-07-10T09:30:00+05:30,240.65,247.6,240.5,245.4,6279411
2024-07-10T09:45:00+05:30,245.4,245.45,242.05,242.24,2850767
2024-07-10T10:00:00+05:30,242.21,242.5,236.1,237.99,4816510
2024-07-10T10:15:00+05:30,237.99,239.15,233.0,235.27,3938122
2024-07-10T10:30:00+05:30,235.28,236.6,230.0,234.34,4263059
2024-07-10T10:45:00+05:30,234.26,238.0,233.65,236.92,2744366
2024-07-10T11:00:00+05:30,236.92,238.99,236.36,237.38,1592867
2024-07-10T11:15:00+05:30,237.5,237.99,236.65,237.6,828942
2024-07-10T11:30:00+05:30,237.6,240.87,237.6,240.5,1564064
2024-07-10T11:45:00+05:30,240.51,242.1,239.11,241.95,1810029
2024-07-10T12:00:00+05:30,241.95,242.75,240.26,241.44,2145863
2024-07-10T12:15:00+05:30,241.28,241.5,239.3,239.78,2285460
2024-07-10T12:30:00+05:30,239.77,242.5,239.75,242.43,1177815
2024-07-10T12:45:00+05:30,242.4,242.49,241.5,241.85,878207
2024-07-10T13:00:00+05:30,241.8,244.0,241.64,243.1,1350959
2024-07-10T13:15:00+05:30,243.0,243.39,241.55,241.7,1087365
2024-07-10T13:30:00+05:30,241.83,243.03,241.55,241.79,723473
2024-07-10T13:45:00+05:30,241.79,241.91,240.6,241.17,813472
2024-07-10T14:00:00+05:30,241.04,241.22,238.5,239.97,1309112
2024-07-10T14:15:00+05:30,239.96,241.9,239.88,241.44,952060
2024-07-10T14:30:00+05:30,241.45,243.37,241.29,243.27,1593899
2024-07-10T14:45:00+05:30,243.29,244.77,242.02,242.61,2429454
2024-07-10T15:00:00+05:30,242.75,249.3,242.4,249.03,7943649
2024-07-10T15:15:00+05:30,249.04,249.55,246.95,247.3,7064386
2024-07-11T09:15:00+05:30,248.3,248.85,241.55,243.25,8228512
2024-07-11T09:30:00+05:30,243.4,245.84,242.3,245.0,2943062
2024-07-11T09:45:00+05:30,245.0,245.8,243.65,244.13,1628537
2024-07-11T10:00:00+05:30,244.24,247.9,244.1,244.69,2241097
2024-07-11T10:15:00+05:30,244.55,245.0,243.66,244.41,1350537
2024-07-11T10:30:00+05:30,244.41,244.75,243.61,244.36,703615
2024-07-11T10:45:00+05:30,244.36,245.89,243.7,244.94,969897
2024-07-11T11:00:00+05:30,244.8,252.4,244.5,251.03,6583660
2024-07-11T11:15:00+05:30,251.17,254.0,250.5,251.55,5836972
2024-07-11T11:30:00+05:30,251.7,251.76,248.31,249.74,3398021
2024-07-11T11:45:00+05:30,249.6,252.4,249.49,252.2,2635449
2024-07-11T12:00:00+05:30,252.25,253.0,250.05,251.02,2415105
2024-07-11T12:15:00+05:30,251.18,253.65,251.02,251.8,2111096
2024-07-11T12:30:00+05:30,251.8,255.99,251.5,255.43,4510311
2024-07-11T12:45:00+05:30,255.29,257.68,254.6,254.9,7210662
2024-07-11T13:00:00+05:30,254.9,257.3,254.2,256.3,2844907
2024-07-11T13:15:00+05:30,256.3,264.85,256.12,263.0,14071656
2024-07-11T13:30:00+05:30,263.0,272.68,261.57,271.6,21085805
2024-07-11T13:45:00+05:30,271.74,273.58,267.57,272.17,13558580
2024-07-11T14:00:00+05:30,272.34,277.2,272.05,275.16,15640870
2024-07-11T14:15:00+05:30,275.09,275.3,270.15,270.68,7917398
2024-07-11T14:30:00+05:30,270.68,278.88,270.6,278.7,9829017
2024-07-11T14:45:00+05:30,278.63,283.5,277.31,281.59,21608033
2024-07-11T15:00:00+05:30,281.59,289.33,281.59,283.86,24770898
2024-07-11T15:15:00+05:30,283.87,284.0,277.58,278.95,15770046
2024-07-12T09:15:00+05:30,282.8,297.9,275.05,294.86,43798256
2024-07-12T09:30:00+05:30,294.68,303.7,292.57,299.11,29914968
2024-07-12T09:45:00+05:30,299.26,300.84,291.25,294.63,16287976
2024-07-12T10:00:00+05:30,294.63,301.0,294.41,297.25,10437652
2024-07-12T10:15:00+05:30,297.16,298.53,295.65,298.23,4634801
2024-07-12T10:30:00+05:30,298.23,298.25,295.51,295.99,3399301
2024-07-12T10:45:00+05:30,295.99,299.75,295.8,297.11,3852721
2024-07-12T11:00:00+05:30,297.19,301.99,297.0,300.78,6801027
2024-07-12T11:15:00+05:30,300.7,304.5,298.41,300.85,13829264
2024-07-12T11:30:00+05:30,300.69,301.05,296.0,299.0,6229327
2024-07-12T11:45:00+05:30,299.0,300.4,297.5,299.77,2844982
2024-07-12T12:00:00+05:30,299.77,299.99,297.5,298.48,2459482
2024-07-12T12:15:00+05:30,298.48,298.48,286.01,287.3,8470069
2024-07-12T12:30:00+05:30,287.3,293.8,280.55,289.36,17254505
2024-07-12T12:45:00+05:30,289.37,293.5,289.17,291.94,5707700
2024-07-12T13:00:00+05:30,291.79,295.5,290.6,294.39,3845957
2024-07-12T13:15:00+05:30,294.45,296.0,290.0,291.52,5579163
2024-07-12T13:30:00+05:30,291.6,293.05,290.81,292.69,1883923
2024-07-12T13:45:00+05:30,292.69,295.0,291.3,291.95,3059660
2024-07-12T14:00:00+05:30,291.95,292.48,289.04,292.2,2673030
2024-07-12T14:15:00+05:30,292.2,292.2,290.6,290.71,1713004
2024-07-12T14:30:00+05:30,290.71,291.83,284.5,290.34,6736471
2024-07-12T14:45:00+05:30,290.21,292.3,287.36,288.57,4178272
2024-07-12T15:00:00+05:30,288.53,290.99,283.6,284.47,7196594
2024-07-12T15:15:00+05:30,284.47,285.9,280.0,284.0,12538037
2024-07-15T09:15:00+05:30,299.98,310.0,295.75,297.38,31071244
2024-07-15T09:30:00+05:30,297.22,303.95,295.0,298.7,13236132
2024-07-15T09:45:00+05:30,298.7,299.5,296.1,296.1,5162363
2024-07-15T10:00:00+05:30,296.16,299.9,296.01,298.01,3565437
2024-07-15T10:15:00+05:30,298.01,301.2,297.65,298.4,3245812
2024-07-15T10:30:00+05:30,298.48,301.6,298.11,298.31,4000934
2024-07-15T10:45:00+05:30,298.34,298.98,297.44,298.6,2084332
2024-07-15T11:00:00+05:30,298.6,298.85,296.79,296.8,1591467
2024-07-15T11:15:00+05:30,296.94,298.0,296.01,296.7,1936288
2024-07-15T11:30:00+05:30,296.78,297.56,296.05,296.85,1362210
2024-07-15T11:45:00+05:30,296.85,297.23,295.0,296.44,3495447
2024-07-15T12:00:00+05:30,296.29,296.45,293.7,294.87,2891530
2024-07-15T12:15:00+05:30,294.82,296.37,293.6,295.33,1846921
2024-07-15T12:30:00+05:30,295.25,297.6,294.5,295.5,1832475
2024-07-15T12:45:00+05:30,295.37,295.54,294.5,294.5,793638
2024-07-15T13:00:00+05:30,294.59,294.94,293.2,293.79,1853616
2024-07-15T13:15:00+05:30,293.79,294.55,292.5,294.5,1839395
2024-07-15T13:30:00+05:30,294.5,296.0,294.0,294.93,1449482
2024-07-15T13:45:00+05:30,294.93,297.25,294.8,296.19,1924425
2024-07-15T14:00:00+05:30,296.16,296.3,293.0,295.25,1690086
2024-07-15T14:15:00+05:30,295.2,296.0,293.62,294.11,1174039
2024-07-15T14:30:00+05:30,294.11,294.35,292.15,293.14,1716866
2024-07-15T14:45:00+05:30,293.09,296.0,292.85,293.15,2056105
2024-07-15T15:00:00+05:30,293.2,293.2,288.11,289.5,6070272
2024-07-15T15:15:00+05:30,289.4,291.5,286.88,291.5,7051638
2024-07-16T09:15:00+05:30,288.65,288.65,273.15,277.6,19320828
2024-07-16T09:30:00+05:30,277.6,282.5,277.6,281.09,8486670
2024-07-16T09:45:00+05:30,281.09,281.18,278.0,278.8,3753700
2024-07-16T10:00:00+05:30,278.8,280.1,276.7,277.96,2896631
2024-07-16T10:15:00+05:30,277.9,278.14,276.5,276.7,1884227
2024-07-16T10:30:00+05:30,276.79,279.0,276.51,278.1,1660232
2024-07-16T10:45:00+05:30,278.17,278.45,277.5,278.34,884035
2024-07-16T11:00:00+05:30,278.34,278.84,277.8,278.73,972948
2024-07-16T11:15:00+05:30,278.6,280.35,278.5,280.01,1478069
2024-07-16T11:30:00+05:30,280.01,280.7,278.0,278.05,1336983
2024-07-16T11:45:00+05:30,278.0,278.2,277.04,277.99,1210310
2024-07-16T12:00:00+05:30,277.99,278.0,276.6,276.9,1258664
2024-07-16T12:15:00+05:30,276.83,276.95,276.0,276.26,1229234
2024-07-16T12:30:00+05:30,276.26,276.8,275.18,276.6,1596084
2024-07-16T12:45:00+05:30,276.6,276.7,275.7,276.47,806777
2024-07-16T13:00:00+05:30,276.49,276.55,275.5,275.62,735559
2024-07-16T13:15:00+05:30,275.62,276.14,275.0,275.95,1471908
2024-07-16T13:30:00+05:30,275.95,276.48,275.3,275.97,915802
2024-07-16T13:45:00+05:30,275.99,276.3,275.2,275.25,767681
2024-07-16T14:00:00+05:30,275.21,275.31,273.01,274.35,3785781
2024-07-16T14:15:00+05:30,274.35,275.41,273.0,273.18,2103977
2024-07-16T14:30:00+05:30,273.1,274.0,271.0,272.06,3535442
2024-07-16T14:45:00+05:30,272.0,274.0,271.77,273.89,2539738
2024-07-16T15:00:00+05:30,273.89,274.9,271.75,271.9,3058292
2024-07-16T15:15:00+05:30,271.9,272.55,270.2,272.2,5507495
2024-07-18T09:15:00+05:30,267.35,267.38,256.25,257.37,21123914
2024-07-18T09:30:00+05:30,257.23,258.85,252.0,258.3,12964068
2024-07-18T09:45:00+05:30,258.3,261.76,257.58,259.63,7041482
2024-07-18T10:00:00+05:30,259.63,263.6,259.52,263.4,4605082
2024-07-18T10:15:00+05:30,263.46,264.0,258.8,258.8,3818723
2024-07-18T10:30:00+05:30,258.8,259.76,256.21,259.04,4016360
2024-07-18T10:45:00+05:30,259.04,259.5,255.66,256.53,2626687
2024-07-18T11:00:00+05:30,256.52,258.2,255.7,256.2,1696487
2024-07-18T11:15:00+05:30,256.2,257.96,255.31,257.63,2014967
2024-07-18T11:30:00+05:30,257.63,258.39,256.71,258.24,1461994
2024-07-18T11:45:00+05:30,258.24,258.83,257.21,258.25,1100165
2024-07-18T12:00:00+05:30,258.25,259.96,258.16,259.63,1961086
2024-07-18T12:15:00+05:30,259.76,259.95,258.55,259.65,1063335
2024-07-18T12:30:00+05:30,259.54,259.99,258.1,259.14,1197134
2024-07-18T12:45:00+05:30,259.23,259.75,258.76,259.25,787792
2024-07-18T13:00:00+05:30,259.22,261.0,258.3,260.48,1290385
2024-07-18T13:15:00+05:30,260.48,263.5,260.33,262.65,3688761
2024-07-18T13:30:00+05:30,262.61,262.85,260.55,261.39,1531070
2024-07-18T13:45:00+05:30,261.39,263.09,261.1,262.0,1832903
2024-07-18T14:00:00+05:30,262.09,262.2,260.5,261.2,1502097
2024-07-18T14:15:00+05:30,261.34,261.47,258.6,258.8,2035993
2024-07-18T14:30:00+05:30,258.8,259.8,257.6,259.68,1821297
2024-07-18T14:45:00+05:30,259.66,260.5,258.39,258.78,1213125
2024-07-18T15:00:00+05:30,258.78,258.78,256.75,256.97,2400324
2024-07-18T15:15:00+05:30,256.97,258.2,256.01,257.25,3728544
2024-07-19T09:15:00+05:30,253.4,272.3,251.25,271.99,21389766
2024-07-19T09:30:00+05:30,271.84,273.9,269.05,273.09,11293612
2024-07-19T09:45:00+05:30,272.93,274.8,269.0,270.7,7589109
2024-07-19T10:00:00+05:30,270.7,270.8,266.15,266.65,6141236
2024-07-19T10:15:00+05:30,266.75,272.5,266.61,270.16,4691388
2024-07-19T10:30:00+05:30,270.26,270.88,268.15,270.41,2199166
2024-07-19T10:45:00+05:30,270.5,270.9,267.65,267.83,1800763
2024-07-19T11:00:00+05:30,267.84,269.39,266.6,268.15,2022061
2024-07-19T11:15:00+05:30,268.05,270.3,266.5,269.83,3166934
2024-07-19T11:30:00+05:30,269.7,269.87,267.8,268.11,777127
2024-07-19T11:45:00+05:30,268.05,269.2,267.55,268.2,984938
2024-07-19T12:00:00+05:30,268.05,269.3,267.82,269.03,750233
2024-07-19T12:15:00+05:30,269.0,269.74,267.85,269.11,1052662
2024-07-19T12:30:00+05:30,269.22,270.8,268.5,269.71,1387783
2024-07-19T12:45:00+05:30,269.85,271.95,269.55,270.3,2168681
2024-07-19T13:00:00+05:30,270.3,271.7,269.63,271.67,1283863
2024-07-19T13:15:00+05:30,271.67,277.49,270.75,276.1,7730175
2024-07-19T13:30:00+05:30,276.12,278.49,274.65,276.71,5977122
2024-07-19T13:45:00+05:30,276.7,279.0,274.5,275.32,5653040
2024-07-19T14:00:00+05:30,275.2,275.68,271.51,273.1,4412019
2024-07-19T14:15:00+05:30,273.1,275.63,272.0,274.2,2841056
2024-07-19T14:30:00+05:30,274.16,275.3,272.5,273.76,2292125
2024-07-19T14:45:00+05:30,273.85,274.22,271.0,273.0,2976615
2024-07-19T15:00:00+05:30,272.99,273.25,270.32,271.25,2609760
2024-07-19T15:15:00+05:30,271.25,274.0,270.62,274.0,4901782
2024-07-22T09:15:00+05:30,273.95,279.88,266.3,273.9,10895727
2024-07-22T09:30:00+05:30,274.0,274.03,270.8,272.42,3737634
2024-07-22T09:45:00+05:30,272.43,272.48,270.05,270.31,2015205
2024-07-22T10:00:00+05:30,270.39,273.9,269.53,273.57,2380789
2024-07-22T10:15:00+05:30,273.57,273.75,272.25,273.56,1142838
2024-07-22T10:30:00+05:30,273.56,276.0,273.51,274.78,2130720
2024-07-22T10:45:00+05:30,274.89,274.95,272.34,273.0,1159129
2024-07-22T11:00:00+05:30,272.85,273.3,271.17,271.17,1276417
2024-07-22T11:15:00+05:30,271.21,272.47,270.55,271.98,944972
2024-07-22T11:30:00+05:30,271.9,272.2,271.27,272.2,350917
2024-07-22T11:45:00+05:30,272.2,272.5,271.59,271.9,369722
2024-07-22T12:00:00+05:30,271.8,272.0,271.22,271.64,330167
2024-07-22T12:15:00+05:30,271.64,273.3,271.25,271.9,770172
2024-07-22T12:30:00+05:30,272.0,272.16,271.2,271.9,381582
2024-07-22T12:45:00+05:30,271.96,272.8,271.93,272.41,489006
2024-07-22T13:00:00+05:30,272.41,272.55,271.77,272.3,415717
2024-07-22T13:15:00+05:30,272.3,273.85,271.82,272.09,1060287
2024-07-22T13:30:00+05:30,272.14,272.77,271.86,272.14,399723
2024-07-22T13:45:00+05:30,272.24,272.59,272.05,272.17,388341
2024-07-22T14:00:00+05:30,272.05,272.52,270.83,271.6,1020462
2024-07-22T14:15:00+05:30,271.67,271.87,270.68,271.06,513199
2024-07-22T14:30:00+05:30,271.09,272.42,271.09,272.0,569053
2024-07-22T14:45:00+05:30,272.07,272.15,271.1,271.4,747763
2024-07-22T15:00:00+05:30,271.47,271.57,269.2,269.52,1714056
2024-07-22T15:15:00+05:30,269.58,270.2,268.85,269.3,2555443
2024-07-23T09:15:00+05:30,272.7,276.63,270.5,273.64,8496585
2024-07-23T09:30:00+05:30,273.66,281.7,272.01,278.0,10620724
2024-07-23T09:45:00+05:30,278.0,279.65,275.5,275.5,3258396
2024-07-23T10:00:00+05:30,275.64,278.84,275.0,276.43,2979468
2024-07-23T10:15:00+05:30,276.43,277.89,275.8,277.37,1385120
2024-07-23T10:30:00+05:30,277.37,277.88,276.8,277.5,1066671
2024-07-23T10:45:00+05:30,277.5,279.37,276.54,278.93,1231460
2024-07-23T11:00:00+05:30,278.98,282.79,277.66,279.97,4829561
2024-07-23T11:15:00+05:30,279.88,280.53,273.43,276.4,5365247
2024-07-23T11:30:00+05:30,276.4,277.67,271.64,275.93,4841112
2024-07-23T11:45:00+05:30,275.98,277.21,272.59,273.37,2974883
2024-07-23T12:00:00+05:30,273.25,274.46,271.15,272.0,2391177
2024-07-23T12:15:00+05:30,272.02,272.1,253.51,253.74,12641666
2024-07-23T12:30:00+05:30,253.71,265.98,232.17,262.85,15099440
2024-07-23T12:45:00+05:30,262.78,268.33,261.0,265.32,5114908
2024-07-23T13:00:00+05:30,265.2,267.1,261.19,261.87,2742914
2024-07-23T13:15:00+05:30,261.81,264.88,261.66,263.52,2108779
2024-07-23T13:30:00+05:30,263.66,264.9,258.21,261.7,2807063
2024-07-23T13:45:00+05:30,261.6,263.32,258.0,262.6,2556218
2024-07-23T14:00:00+05:30,262.64,263.93,260.16,261.9,1870196
2024-07-23T14:15:00+05:30,261.81,262.55,259.06,259.57,1863720
2024-07-23T14:30:00+05:30,259.79,262.3,259.41,261.8,1700608
2024-07-23T14:45:00+05:30,261.8,262.28,259.46,259.8,1581628
2024-07-23T15:00:00+05:30,259.76,260.5,257.67,258.6,2545173
2024-07-23T15:15:00+05:30,258.67,260.1,256.62,260.1,4245889
2024-07-24T09:15:00+05:30,261.8,271.5,261.8,268.67,9667341
2024-07-24T09:30:00+05:30,268.51,271.29,267.15,269.96,3613431
2024-07-24T09:45:00+05:30,269.94,272.86,268.71,271.19,3186844
2024-07-24T10:00:00+05:30,271.27,272.4,269.8,270.7,2361811
2024-07-24T10:15:00+05:30,270.7,271.5,269.35,269.71,1219220
2024-07-24T10:30:00+05:30,269.55,270.35,268.8,269.2,857087
2024-07-24T10:45:00+05:30,269.15,270.15,269.11,269.67,535040
2024-07-24T11:00:00+05:30,269.67,269.9,268.28,268.52,641489
2024-07-24T11:15:00+05:30,268.52,269.22,268.25,268.45,646483
2024-07-24T11:30:00+05:30,268.5,268.99,268.0,268.25,751214
2024-07-24T11:45:00+05:30,268.1,269.35,268.08,269.0,393920
2024-07-24T12:00:00+05:30,269.0,269.2,268.05,268.5,350488
2024-07-24T12:15:00+05:30,268.49,268.67,266.58,267.4,917613
2024-07-24T12:30:00+05:30,267.48,267.95,266.8,267.37,405689
2024-07-24T12:45:00+05:30,267.38,268.7,267.38,268.3,500391
2024-07-24T13:00:00+05:30,268.41,268.95,267.8,268.55,375959
2024-07-24T13:15:00+05:30,268.56,268.7,267.35,267.91,410475
2024-07-24T13:30:00+05:30,267.82,268.1,266.77,268.1,479255
2024-07-24T13:45:00+05:30,268.03,268.2,267.33,267.79,370132
2024-07-24T14:00:00+05:30,267.83,267.89,267.1,267.8,341034
2024-07-24T14:15:00+05:30,267.78,271.89,267.72,269.19,1762548
2024-07-24T14:30:00+05:30,269.19,270.74,268.8,269.49,890263
2024-07-24T14:45:00+05:30,269.4,270.0,268.17,268.6,830461
2024-07-24T15:00:00+05:30,268.6,268.88,268.0,268.1,1182457
2024-07-24T15:15:00+05:30,268.1,270.84,267.9,270.02,2527395
2024-07-25T09:15:00+05:30,266.25,268.25,263.35,266.7,4053614
2024-07-25T09:30:00+05:30,266.6,267.4,264.5,265.25,1983767
2024-07-25T09:45:00+05:30,265.25,265.37,262.7,262.8,2275195
2024-07-25T10:00:00+05:30,262.8,263.9,261.5,263.11,2341981
2024-07-25T10:15:00+05:30,263.01,263.39,261.75,262.3,901844
2024-07-25T10:30:00+05:30,262.3,263.45,262.15,263.32,892100
2024-07-25T10:45:00+05:30,263.4,263.9,263.25,263.6,569388
2024-07-25T11:00:00+05:30,263.7,264.5,263.35,263.95,673523
2024-07-25T11:15:00+05:30,263.95,264.25,262.55,263.15,492119
2024-07-25T11:30:00+05:30,263.15,263.44,262.75,263.25,325616
2024-07-25T11:45:00+05:30,263.32,263.65,262.86,263.56,260566
2024-07-25T12:00:00+05:30,263.56,263.75,262.7,262.96,293579
2024-07-25T12:15:00+05:30,262.96,263.5,262.7,263.13,237219
2024-07-25T12:30:00+05:30,263.14,263.5,262.84,262.97,243407
2024-07-25T12:45:00+05:30,262.9,263.77,262.85,263.4,286918
2024-07-25T13:00:00+05:30,263.4,263.48,262.85,262.94,243767
2024-07-25T13:15:00+05:30,262.85,263.4,262.6,263.2,281881
2024-07-25T13:30:00+05:30,263.1,263.38,263.01,263.21,243969
2024-07-25T13:45:00+05:30,263.3,263.3,262.8,263.16,422468
2024-07-25T14:00:00+05:30,263.1,263.47,262.91,263.2,369488
2024-07-25T14:15:00+05:30,263.25,263.3,262.81,262.99,321450
2024-07-25T14:30:00+05:30,262.99,263.0,261.0,261.26,977161
2024-07-25T14:45:00+05:30,261.4,261.9,260.57,260.98,802150
2024-07-25T15:00:00+05:30,260.98,263.0,260.8,261.1,1483383
2024-07-25T15:15:00+05:30,261.05,262.45,260.0,262.29,2146299
2024-07-26T09:15:00+05:30,263.5,265.8,262.85,264.85,2891164
2024-07-26T09:30:00+05:30,264.85,268.1,264.62,265.45,2178715
2024-07-26T09:45:00+05:30,265.49,265.9,264.46,264.96,707320
2024-07-26T10:00:00+05:30,264.99,265.2,263.5,264.2,706727
2024-07-26T10:15:00+05:30,264.32,264.35,263.28,264.09,661100
2024-07-26T10:30:00+05:30,264.2,264.5,263.75,264.08,307598
2024-07-26T10:45:00+05:30,264.2,264.8,263.8,264.79,277264
2024-07-26T11:00:00+05:30,264.8,264.8,261.9,262.28,882279
2024-07-26T11:15:00+05:30,262.27,263.17,261.18,262.36,724531
2024-07-26T11:30:00+05:30,262.25,262.95,262.1,262.89,320331
2024-07-26T11:45:00+05:30,262.89,262.89,260.67,261.7,511500
2024-07-26T12:00:00+05:30,261.75,263.35,261.56,262.85,530027
2024-07-26T12:15:00+05:30,262.9,263.9,262.7,263.5,314114
2024-07-26T12:30:00+05:30,263.5,263.85,263.0,263.19,269111
2024-07-26T12:45:00+05:30,263.29,263.37,262.57,263.0,221028
2024-07-26T13:00:00+05:30,263.0,263.0,262.5,262.92,164223
2024-07-26T13:15:00+05:30,262.82,262.93,262.4,262.64,148362
2024-07-26T13:30:00+05:30,262.64,262.96,261.8,262.15,376032
2024-07-26T13:45:00+05:30,262.15,262.9,262.01,262.25,198335
2024-07-26T14:00:00+05:30,262.33,262.75,260.45,260.65,883487
2024-07-26T14:15:00+05:30,260.65,260.75,258.5,259.05,1201069
2024-07-26T14:30:00+05:30,259.16,259.95,257.84,257.98,1353609
2024-07-26T14:45:00+05:30,257.99,258.8,257.61,258.1,825220
2024-07-26T15:00:00+05:30,258.1,258.97,257.5,258.0,1195287
2024-07-26T15:15:00+05:30,258.12,258.7,257.01,258.63,1892023
2024-07-29T09:15:00+05:30,261.01,263.8,257.72,258.8,3444922
2024-07-29T09:30:00+05:30,258.95,259.6,257.01,259.42,1711665
2024-07-29T09:45:00+05:30,259.5,261.59,259.4,260.5,1369693
2024-07-29T10:00:00+05:30,260.5,262.64,260.2,261.0,994926
2024-07-29T10:15:00+05:30,261.0,261.9,260.69,260.93,553209
2024-07-29T10:30:00+05:30,260.93,261.0,259.5,260.2,614640
2024-07-29T10:45:00+05:30,260.2,261.8,259.9,261.47,651401
2024-07-29T11:00:00+05:30,261.47,261.7,260.4,261.41,481134
2024-07-29T11:15:00+05:30,261.5,264.59,261.29,264.44,1276686
2024-07-29T11:30:00+05:30,264.6,265.5,263.24,263.42,1648401
2024-07-29T11:45:00+05:30,263.43,263.69,262.13,263.47,706265
2024-07-29T12:00:00+05:30,263.47,263.5,261.81,262.14,503191
2024-07-29T12:15:00+05:30,262.07,262.35,260.38,261.97,706944
2024-07-29T12:30:00+05:30,261.99,262.0,260.85,261.32,512819
2024-07-29T12:45:00+05:30,261.3,262.25,261.3,262.17,333311
2024-07-29T13:00:00+05:30,262.18,263.65,261.9,262.03,832885
2024-07-29T13:15:00+05:30,261.99,263.0,261.78,262.9,229528
2024-07-29T13:30:00+05:30,262.88,264.98,262.76,263.64,913494
2024-07-29T13:45:00+05:30,263.64,267.65,263.31,266.49,2095370
2024-07-29T14:00:00+05:30,266.49,268.35,263.7,263.87,2234180
2024-07-29T14:15:00+05:30,263.8,264.99,263.35,264.2,828374
2024-07-29T14:30:00+05:30,264.2,265.0,263.55,264.33,599564
2024-07-29T14:45:00+05:30,264.33,265.8,264.3,265.1,931352
2024-07-29T15:00:00+05:30,265.1,267.0,264.8,266.83,1715855
2024-07-29T15:15:00+05:30,266.83,266.9,265.0,266.0,2487406
2024-07-30T09:15:00+05:30,265.85,269.95,264.55,269.32,4116427
2024-07-30T09:30:00+05:30,269.3,269.48,267.22,268.2,1478539
2024-07-30T09:45:00+05:30,268.2,268.2,266.5,267.68,658790
2024-07-30T10:00:00+05:30,267.68,267.84,265.77,267.0,751295
2024-07-30T10:15:00+05:30,267.1,268.25,266.88,267.77,526262
2024-07-30T10:30:00+05:30,267.78,268.0,267.5,267.77,307191
2024-07-30T10:45:00+05:30,267.77,268.0,266.8,266.92,435950
2024-07-30T11:00:00+05:30,266.92,268.0,266.8,267.44,363758
2024-07-30T11:15:00+05:30,267.44,267.49,265.91,266.17,517002
2024-07-30T11:30:00+05:30,266.19,266.84,266.0,266.7,239727
2024-07-30T11:45:00+05:30,266.7,266.75,265.07,266.12,401895
2024-07-30T12:00:00+05:30,266.05,266.17,264.55,265.14,1065606
2024-07-30T12:15:00+05:30,265.14,265.87,265.0,265.64,241105
2024-07-30T12:30:00+05:30,265.65,265.65,264.7,264.98,289747
2024-07-30T12:45:00+05:30,264.98,265.4,264.8,264.97,146009
2024-07-30T13:00:00+05:30,264.86,265.46,264.81,265.23,214331
2024-07-30T13:15:00+05:30,265.23,265.43,264.1,264.91,377715
2024-07-30T13:30:00+05:30,264.91,265.05,264.0,264.85,317500
2024-07-30T13:45:00+05:30,264.88,265.3,264.6,265.13,240448
2024-07-30T14:00:00+05:30,265.02,265.13,264.6,264.7,153180
2024-07-30T14:15:00+05:30,264.69,265.05,264.4,264.49,229146
2024-07-30T14:30:00+05:30,264.49,264.88,264.2,264.4,235855
2024-07-30T14:45:00+05:30,264.42,265.1,264.4,264.7,421003
2024-07-30T15:00:00+05:30,264.7,264.74,263.25,263.5,834094
2024-07-30T15:15:00+05:30,263.5,264.8,262.8,264.45,1342814
2024-07-31T09:15:00+05:30,265.2,268.74,264.41,266.22,3173796
2024-07-31T09:30:00+05:30,266.1,266.3,263.64,263.9,1446918
2024-07-31T09:45:00+05:30,263.89,266.25,263.81,265.6,1147336
2024-07-31T10:00:00+05:30,265.6,265.6,264.71,264.95,497819
2024-07-31T10:15:00+05:30,264.95,265.66,264.73,265.15,400272
2024-07-31T10:30:00+05:30,265.15,265.16,264.35,264.86,272699
2024-07-31T10:45:00+05:30,264.85,265.0,264.6,264.83,173522
2024-07-31T11:00:00+05:30,264.7,264.87,263.78,264.48,314011
2024-07-31T11:15:00+05:30,264.4,264.49,263.7,263.8,269159
2024-07-31T11:30:00+05:30,263.77,264.39,263.1,264.13,267223
2024-07-31T11:45:00+05:30,264.12,264.16,263.7,263.75,147081
2024-07-31T12:00:00+05:30,263.75,264.85,263.72,264.18,274653
2024-07-31T12:15:00+05:30,264.16,264.3,263.7,263.87,192660
2024-07-31T12:30:00+05:30,263.98,263.99,263.4,263.65,191418
2024-07-31T12:45:00+05:30,263.65,264.0,263.32,263.75,181825
2024-07-31T13:00:00+05:30,263.79,263.85,263.5,263.5,117940
2024-07-31T13:15:00+05:30,263.61,263.98,263.32,263.76,206738
2024-07-31T13:30:00+05:30,263.75,264.79,263.7,264.12,239794
2024-07-31T13:45:00+05:30,264.12,264.22,263.7,263.81,126002
2024-07-31T14:00:00+05:30,263.81,264.19,263.7,263.8,189087
2024-07-31T14:15:00+05:30,263.8,263.93,263.25,263.5,247657
2024-07-31T14:30:00+05:30,263.5,263.6,263.05,263.17,262426
2024-07-31T14:45:00+05:30,263.25,263.5,262.8,262.8,553502
2024-07-31T15:00:00+05:30,262.8,263.0,262.11,262.51,687793
2024-07-31T15:15:00+05:30,262.54,263.69,262.4,263.69,1067841
2024-08-01T09:15:00+05:30,264.15,265.4,263.1,263.55,1600708
2024-08-01T09:30:00+05:30,263.55,263.75,262.1,262.55,733066
2024-08-01T09:45:00+05:30,262.55,263.1,262.15,262.6,415143
2024-08-01T10:00:00+05:30,262.7,263.7,262.55,263.0,381363
2024-08-01T10:15:00+05:30,262.85,263.6,262.25,262.8,407046
2024-08-01T10:30:00+05:30,262.75,262.8,261.25,261.8,545541
2024-08-01T10:45:00+05:30,261.95,261.95,260.5,261.0,593922
2024-08-01T11:00:00+05:30,261.0,261.9,260.55,261.8,342657
2024-08-01T11:15:00+05:30,261.8,261.8,260.8,261.45,241623
2024-08-01T11:30:00+05:30,261.55,261.65,260.7,260.8,154292
2024-08-01T11:45:00+05:30,260.7,261.1,260.25,260.65,317414
2024-08-01T12:00:00+05:30,260.6,260.7,259.5,259.6,534200
2024-08-01T12:15:00+05:30,259.75,260.1,258.15,258.3,490221
2024-08-01T12:30:00+05:30,258.3,259.0,257.5,258.9,785675
2024-08-01T12:45:00+05:30,259.0,259.0,257.9,258.45,352379
2024-08-01T13:00:00+05:30,258.45,259.2,258.1,258.6,263525
2024-08-01T13:15:00+05:30,258.6,258.9,257.7,257.85,377949
2024-08-01T13:30:00+05:30,257.85,258.95,257.65,258.1,400121
2024-08-01T13:45:00+05:30,258.1,258.75,258.0,258.5,245123
2024-08-01T14:00:00+05:30,258.5,258.6,257.9,258.05,310122
2024-08-01T14:15:00+05:30,258.0,258.05,257.0,257.05,527139
2024-08-01T14:30:00+05:30,257.1,257.7,256.05,257.15,685979
2024-08-01T14:45:00+05:30,257.25,257.45,256.5,256.7,514174
2024-08-01T15:00:00+05:30,256.7,257.8,256.55,257.4,581927
2024-08-01T15:15:00+05:30,257.45,259.65,257.05,259.2,1259290
2024-08-02T09:15:00+05:30,254.0,257.0,252.1,254.95,2723293
2024-08-02T09:30:00+05:30,254.85,256.3,252.5,252.9,1334244
2024-08-02T09:45:00+05:30,252.8,253.5,251.8,253.35,1109091
2024-08-02T10:00:00+05:30,253.35,254.5,252.25,254.35,742736
2024-08-02T10:15:00+05:30,254.3,257.6,254.05,257.45,892342
2024-08-02T10:30:00+05:30,257.5,258.45,255.8,256.35,929269
2024-08-02T10:45:00+05:30,256.35,257.2,255.75,256.6,494416
2024-08-02T11:00:00+05:30,256.8,256.8,255.6,256.3,345484
2024-08-02T11:15:00+05:30,256.15,257.5,255.7,256.0,402474
2024-08-02T11:30:00+05:30,256.15,256.25,255.0,255.8,332828
2024-08-02T11:45:00+05:30,255.75,256.3,255.3,255.3,215545
2024-08-02T12:00:00+05:30,255.3,255.55,254.55,254.85,339625
2024-08-02T12:15:00+05:30,254.85,255.25,254.25,254.5,235717
2024-08-02T12:30:00+05:30,254.6,255.05,254.4,254.5,173128
2024-08-02T12:45:00+05:30,254.5,254.5,253.85,254.0,397663
2024-08-02T13:00:00+05:30,254.05,254.05,253.5,253.75,231243
2024-08-02T13:15:00+05:30,253.75,254.65,253.15,254.35,374090
2024-08-02T13:30:00+05:30,254.35,255.15,254.0,254.5,345160
2024-08-02T13:45:00+05:30,254.6,255.2,254.15,254.95,281776
2024-08-02T14:00:00+05:30,254.95,255.35,254.25,254.4,275743
2024-08-02T14:15:00+05:30,254.25,254.8,254.05,254.2,315483
2024-08-02T14:30:00+05:30,254.35,254.6,253.6,253.8,436955
2024-08-02T14:45:00+05:30,253.85,254.6,253.6,254.35,596020
2024-08-02T15:00:00+05:30,254.35,255.25,254.05,254.5,595135
2024-08-02T15:15:00+05:30,254.5,254.8,254.2,254.8,892847
2024-08-05T09:15:00+05:30,241.95,247.6,236.2,240.25,5808942
2024-08-05T09:30:00+05:30,240.25,246.4,237.55,245.25,3870616
2024-08-05T09:45:00+05:30,245.25,246.95,244.3,246.25,1448904
2024-08-05T10:00:00+05:30,246.25,246.5,243.8,244.95,1260053
2024-08-05T10:15:00+05:30,244.95,245.0,243.3,244.0,794108
2024-08-05T10:30:00+05:30,244.0,244.35,241.85,241.9,1090859
2024-08-05T10:45:00+05:30,241.9,242.2,240.15,240.55,1152232
2024-08-05T11:00:00+05:30,240.55,241.95,238.6,239.2,1469671
2024-08-05T11:15:00+05:30,239.2,241.3,238.0,240.4,1463005
2024-08-05T11:30:00+05:30,240.35,241.0,237.6,239.7,1883752
2024-08-05T11:45:00+05:30,239.6,241.25,238.6,238.85,1445630
2024-08-05T12:00:00+05:30,238.85,239.7,238.0,239.4,852927
2024-08-05T12:15:00+05:30,239.4,239.8,238.25,238.85,786337
2024-08-05T12:30:00+05:30,238.85,238.85,237.4,237.7,922829
2024-08-05T12:45:00+05:30,237.65,238.1,236.7,236.9,772010
2024-08-05T13:00:00+05:30,236.75,239.0,235.0,239.0,1591179
2024-08-05T13:15:00+05:30,238.9,239.5,238.0,239.3,617504
2024-08-05T13:30:00+05:30,239.3,240.95,238.7,239.9,948596
2024-08-05T13:45:00+05:30,239.85,242.0,239.4,241.3,795828
2024-08-05T14:00:00+05:30,241.3,241.8,240.1,240.15,488357
2024-08-05T14:15:00+05:30,240.2,240.9,238.5,239.15,789887
2024-08-05T14:30:00+05:30,239.15,239.95,238.15,239.95,604764
2024-08-05T14:45:00+05:30,239.95,240.8,239.8,240.55,544292
2024-08-05T15:00:00+05:30,240.55,240.55,239.0,239.45,881243
2024-08-05T15:15:00+05:30,239.25,239.5,238.0,238.2,1862196
2024-08-06T09:15:00+05:30,244.15,250.0,243.6,247.0,4600768
2024-08-06T09:30:00+05:30,246.8,247.35,243.8,244.1,1896237
2024-08-06T09:45:00+05:30,244.25,245.65,243.8,245.4,958719
2024-08-06T10:00:00+05:30,245.4,246.5,245.15,245.4,663427
2024-08-06T10:15:00+05:30,245.35,245.85,242.55,243.15,926549
2024-08-06T10:30:00+05:30,243.25,243.5,241.0,242.0,985715
2024-08-06T10:45:00+05:30,241.9,242.7,241.3,242.2,573120
2024-08-06T11:00:00+05:30,242.2,242.7,241.25,242.45,395354
2024-08-06T11:15:00+05:30,242.45,242.85,241.85,242.25,295018
2024-08-06T11:30:00+05:30,242.35,243.65,242.15,243.1,305054
2024-08-06T11:45:00+05:30,243.1,243.25,242.2,242.7,222035
2024-08-06T12:00:00+05:30,242.7,243.2,242.1,242.8,150592
2024-08-06T12:15:00+05:30,242.8,242.95,241.8,242.2,210514
2024-08-06T12:30:00+05:30,242.4,242.4,241.7,242.0,138644
2024-08-06T12:45:00+05:30,242.0,242.2,241.05,241.95,221681
2024-08-06T13:00:00+05:30,241.9,242.3,241.2,241.4,152683
2024-08-06T13:15:00+05:30,241.3,241.9,241.0,241.65,270776
2024-08-06T13:30:00+05:30,241.65,242.0,240.05,240.25,683735
2024-08-06T13:45:00+05:30,240.25,241.75,238.6,241.55,918307
2024-08-06T14:00:00+05:30,241.55,242.0,238.55,238.8,569793
2024-08-06T14:15:00+05:30,238.85,240.85,238.0,239.75,841698
2024-08-06T14:30:00+05:30,239.8,239.95,237.1,237.4,615647
2024-08-06T14:45:00+05:30,237.3,238.85,236.65,237.2,898024
2024-08-06T15:00:00+05:30,237.4,238.45,236.1,236.3,791194
2024-08-06T15:15:00+05:30,236.25,237.0,234.0,237.0,1618902
2024-08-07T09:15:00+05:30,245.95,246.0,237.7,238.75,2738864
2024-08-07T09:30:00+05:30,238.75,240.5,238.25,239.75,969642
2024-08-07T09:45:00+05:30,239.8,240.35,238.15,238.55,633550
2024-08-07T10:00:00+05:30,238.55,239.5,236.8,237.45,798393
2024-08-07T10:15:00+05:30,237.45,238.8,236.5,238.7,648054
2024-08-07T10:30:00+05:30,238.55,241.8,238.5,241.5,1524752
2024-08-07T10:45:00+05:30,241.3,242.7,241.1,241.55,847911
2024-08-07T11:00:00+05:30,241.65,241.65,239.55,239.7,505031
2024-08-07T11:15:00+05:30,239.75,240.0,238.75,239.6,591884
2024-08-07T11:30:00+05:30,239.6,239.8,239.2,239.7,208817
2024-08-07T11:45:00+05:30,239.75,241.9,239.65,241.0,856838
2024-08-07T12:00:00+05:30,240.85,241.7,240.4,240.8,337324
2024-08-07T12:15:00+05:30,240.85,242.45,240.7,241.75,422636
2024-08-07T12:30:00+05:30,241.75,242.95,240.85,241.0,531700
2024-08-07T12:45:00+05:30,241.05,242.05,240.9,241.45,386365
2024-08-07T13:00:00+05:30,241.55,242.95,241.3,242.5,300595
2024-08-07T13:15:00+05:30,242.6,242.6,241.2,241.55,249402
2024-08-07T13:30:00+05:30,241.55,244.0,241.5,243.75,635076
2024-08-07T13:45:00+05:30,243.9,246.5,243.55,243.7,1595828
2024-08-07T14:00:00+05:30,243.7,244.3,242.6,243.85,724449
2024-08-07T14:15:00+05:30,243.85,244.9,243.75,244.2,434309
2024-08-07T14:30:00+05:30,244.15,244.95,243.65,244.9,407374
2024-08-07T14:45:00+05:30,244.9,248.0,244.55,246.9,1563987
2024-08-07T15:00:00+05:30,247.0,248.95,246.7,248.8,1633108
2024-08-07T15:15:00+05:30,248.8,249.5,248.2,249.05,2004623
2024-08-08T09:15:00+05:30,249.0,249.0,244.6,246.5,2892643
2024-08-08T09:30:00+05:30,246.5,252.5,245.85,251.1,3355222
2024-08-08T09:45:00+05:30,251.1,252.3,248.5,249.85,2140408
2024-08-08T10:00:00+05:30,249.85,250.35,248.5,250.0,897008
2024-08-08T10:15:00+05:30,250.0,251.2,249.65,251.0,828254
2024-08-08T10:30:00+05:30,251.0,251.7,250.45,251.0,712929
2024-08-08T10:45:00+05:30,250.9,251.2,249.7,250.0,525077
2024-08-08T11:00:00+05:30,250.0,250.45,249.3,250.3,471214
2024-08-08T11:15:00+05:30,250.3,251.0,249.9,250.2,315818
2024-08-08T11:30:00+05:30,250.2,250.5,249.45,249.7,285731
2024-08-08T11:45:00+05:30,249.55,250.45,249.2,249.85,385270
2024-08-08T12:00:00+05:30,249.8,250.35,249.5,250.35,234197
2024-08-08T12:15:00+05:30,250.35,250.65,250.05,250.4,332212
2024-08-08T12:30:00+05:30,250.4,250.5,249.8,250.0,322151
2024-08-08T12:45:00+05:30,250.1,250.35,249.1,249.15,338216
2024-08-08T13:00:00+05:30,249.2,249.3,248.1,248.7,608282
2024-08-08T13:15:00+05:30,248.8,249.25,247.75,247.9,430629
2024-08-08T13:30:00+05:30,247.8,249.3,247.8,248.95,328046
2024-08-08T13:45:00+05:30,248.85,249.2,248.05,248.1,274485
2024-08-08T14:00:00+05:30,248.2,249.05,248.1,248.5,206561
2024-08-08T14:15:00+05:30,248.6,248.85,246.55,247.85,633003
2024-08-08T14:30:00+05:30,247.85,248.3,247.0,247.35,320956
2024-08-08T14:45:00+05:30,247.35,248.45,247.05,247.7,527631
2024-08-08T15:00:00+05:30,247.7,249.5,247.6,248.25,951289
2024-08-08T15:15:00+05:30,248.2,248.25,246.5,247.0,1324976
2024-08-09T09:15:00+05:30,251.25,251.8,247.55,248.95,2365128
2024-08-09T09:30:00+05:30,248.9,248.95,247.85,248.4,706190
2024-08-09T09:45:00+05:30,248.35,248.55,246.8,247.15,818856
2024-08-09T10:00:00+05:30,247.3,247.4,245.5,245.9,614659
2024-08-09T10:15:00+05:30,245.85,246.5,244.1,244.75,841015
2024-08-09T10:30:00+05:30,244.6,245.35,244.0,244.7,372108
2024-08-09T10:45:00+05:30,244.75,245.95,244.4,245.8,395428
2024-08-09T11:00:00+05:30,245.75,246.5,245.7,246.1,256088
2024-08-09T11:15:00+05:30,246.1,246.3,245.0,245.4,198163
2024-08-09T11:30:00+05:30,245.25,245.65,245.05,245.35,144575
2024-08-09T11:45:00+05:30,245.45,246.0,245.35,245.85,163409
2024-08-09T12:00:00+05:30,245.8,245.95,245.0,245.4,157621
2024-08-09T12:15:00+05:30,245.4,245.45,244.35,244.85,207923
2024-08-09T12:30:00+05:30,244.85,244.95,244.05,244.3,239660
2024-08-09T12:45:00+05:30,244.45,244.6,243.5,244.0,311187
2024-08-09T13:00:00+05:30,244.0,244.2,243.2,244.2,260139
2024-08-09T13:15:00+05:30,244.15,244.95,244.1,244.55,260232
2024-08-09T13:30:00+05:30,244.55,244.55,244.05,244.3,136473
2024-08-09T13:45:00+05:30,244.3,244.45,244.15,244.3,107085
2024-08-09T14:00:00+05:30,244.3,245.75,244.1,245.45,310894
2024-08-09T14:15:00+05:30,245.45,245.5,244.0,244.45,320952
2024-08-09T14:30:00+05:30,244.45,245.2,244.3,245.2,216160
2024-08-09T14:45:00+05:30,245.2,245.2,244.35,244.45,283389
2024-08-09T15:00:00+05:30,244.5,244.75,243.45,243.45,672578
2024-08-09T15:15:00+05:30,243.5,243.95,242.5,243.4,1459157
2024-08-12T09:15:00+05:30,240.0,243.2,236.85,241.0,2279018
2024-08-12T09:30:00+05:30,241.1,241.9,238.65,239.95,1190698
2024-08-12T09:45:00+05:30,240.0,240.6,237.5,237.75,1073041
2024-08-12T10:00:00+05:30,237.85,239.2,237.5,238.45,818846
2024-08-12T10:15:00+05:30,238.45,239.45,238.1,239.0,484437
2024-08-12T10:30:00+05:30,238.85,241.85,238.85,241.5,777470
2024-08-12T10:45:00+05:30,241.5,242.45,240.6,241.1,843368
2024-08-12T11:00:00+05:30,241.1,242.0,240.25,241.75,485762
2024-08-12T11:15:00+05:30,241.7,245.8,241.4,245.55,1458668
2024-08-12T11:30:00+05:30,245.4,245.9,242.2,242.8,1049248
2024-08-12T11:45:00+05:30,242.7,243.3,242.15,242.6,307788
2024-08-12T12:00:00+05:30,242.6,242.9,241.25,241.55,302031
2024-08-12T12:15:00+05:30,241.55,242.25,241.25,241.75,350568
2024-08-12T12:30:00+05:30,241.85,242.7,241.7,242.25,243704
2024-08-12T12:45:00+05:30,242.35,242.75,241.7,241.8,267714
2024-08-12T13:00:00+05:30,241.85,242.45,241.75,241.75,160645
2024-08-12T13:15:00+05:30,241.9,242.4,241.65,242.2,144415
2024-08-12T13:30:00+05:30,242.2,243.4,242.05,243.2,380915
2024-08-12T13:45:00+05:30,243.2,244.65,242.85,244.65,468481
2024-08-12T14:00:00+05:30,244.65,246.8,244.0,246.45,1207421
2024-08-12T14:15:00+05:30,246.45,248.0,246.1,246.9,1531871
2024-08-12T14:30:00+05:30,246.85,253.0,246.6,249.3,3993595
2024-08-12T14:45:00+05:30,249.45,249.65,246.55,246.8,1553568
2024-08-12T15:00:00+05:30,246.75,248.4,246.15,247.5,1083498
2024-08-12T15:15:00+05:30,247.5,249.0,247.1,248.3,1570476
2024-08-13T09:15:00+05:30,244.8,247.65,244.0,245.5,2150225
2024-08-13T09:30:00+05:30,245.6,245.9,244.05,245.6,882887
2024-08-13T09:45:00+05:30,245.6,245.9,244.1,244.35,562169
2024-08-13T10:00:00+05:30,244.5,245.0,244.1,244.55,310466
2024-08-13T10:15:00+05:30,244.55,244.8,243.5,244.2,437523
2024-08-13T10:30:00+05:30,244.2,244.5,243.5,243.85,264638
2024-08-13T10:45:00+05:30,243.85,244.35,243.5,244.05,258487
2024-08-13T11:00:00+05:30,244.15,244.45,243.55,244.45,182165
2024-08-13T11:15:00+05:30,244.4,244.85,244.15,244.65,209250
2024-08-13T11:30:00+05:30,244.65,244.8,244.3,244.35,118655
2024-08-13T11:45:00+05:30,244.45,244.5,244.0,244.4,161161
2024-08-13T12:00:00+05:30,244.35,244.45,243.15,243.6,210073
2024-08-13T12:15:00+05:30,243.6,243.8,243.25,243.5,171993
2024-08-13T12:30:00+05:30,243.5,243.5,242.4,242.85,388686
2024-08-13T12:45:00+05:30,243.0,243.45,242.5,242.8,224047
2024-08-13T13:00:00+05:30,242.85,243.4,242.0,243.15,276003
2024-08-13T13:15:00+05:30,243.1,243.2,242.7,243.0,135718
2024-08-13T13:30:00+05:30,243.0,243.4,242.55,242.65,329926
2024-08-13T13:45:00+05:30,242.75,242.95,242.0,242.15,195331
2024-08-13T14:00:00+05:30,242.05,242.5,241.2,242.1,410130
2024-08-13T14:15:00+05:30,242.0,242.2,241.25,242.0,194947
2024-08-13T14:30:00+05:30,242.0,242.0,240.5,240.95,403082
2024-08-13T14:45:00+05:30,240.95,241.7,240.5,240.9,375542
2024-08-13T15:00:00+05:30,240.9,241.25,240.25,240.45,456650
2024-08-13T15:15:00+05:30,240.5,241.0,240.0,241.0,1106841
2024-08-14T09:15:00+05:30,241.75,242.6,237.2,237.2,1577688
2024-08-14T09:30:00+05:30,237.25,237.65,234.3,235.85,1481592
2024-08-14T09:45:00+05:30,235.8,238.25,235.75,237.2,989140
2024-08-14T10:00:00+05:30,237.2,238.0,236.4,237.2,418537
2024-08-14T10:15:00+05:30,237.15,237.15,236.05,236.2,313676
2024-08-14T10:30:00+05:30,236.3,237.6,236.15,237.15,308540
2024-08-14T10:45:00+05:30,237.2,237.25,236.05,236.1,164297
2024-08-14T11:00:00+05:30,236.2,236.45,235.3,236.15,283049
2024-08-14T11:15:00+05:30,236.1,236.3,235.05,235.9,288602
2024-08-14T11:30:00+05:30,235.9,236.3,235.3,235.85,179243
2024-08-14T11:45:00+05:30,235.85,236.4,235.3,235.95,166408
2024-08-14T12:00:00+05:30,235.95,236.65,235.8,236.55,133530
2024-08-14T12:15:00+05:30,236.5,236.65,235.9,236.0,104193
2024-08-14T12:30:00+05:30,236.15,236.35,235.5,236.05,216299
2024-08-14T12:45:00+05:30,236.0,237.25,235.9,237.15,160874
2024-08-14T13:00:00+05:30,237.15,237.15,236.4,236.55,174770
2024-08-14T13:15:00+05:30,236.6,236.6,235.7,236.3,185889
2024-08-14T13:30:00+05:30,236.3,236.7,236.15,236.5,96489
2024-08-14T13:45:00+05:30,236.4,236.6,236.05,236.45,83070
2024-08-14T14:00:00+05:30,236.45,237.1,236.2,236.9,135210
2024-08-14T14:15:00+05:30,236.75,237.1,236.65,236.75,121697
2024-08-14T14:30:00+05:30,236.8,236.9,235.25,235.95,343132
2024-08-14T14:45:00+05:30,236.0,236.4,235.75,236.1,253892
2024-08-14T15:00:00+05:30,236.1,236.3,235.55,236.05,367451
2024-08-14T15:15:00+05:30,236.15,237.1,235.5,236.95,989780
2024-08-16T09:15:00+05:30,239.3,241.4,238.25,239.65,1362800
2024-08-16T09:30:00+05:30,239.6,241.0,239.3,240.0,738039
2024-08-16T09:45:00+05:30,240.1,242.65,239.6,239.8,865589
2024-08-16T10:00:00+05:30,239.85,240.4,239.4,240.1,290283
2024-08-16T10:15:00+05:30,240.1,240.25,239.25,239.65,189225
2024-08-16T10:30:00+05:30,239.6,239.9,239.0,239.8,193514
2024-08-16T10:45:00+05:30,239.75,240.45,239.6,240.15,186485
2024-08-16T11:00:00+05:30,240.0,240.2,239.3,239.55,136311
2024-08-16T11:15:00+05:30,239.55,240.45,239.5,240.35,140845
2024-08-16T11:30:00+05:30,240.25,241.35,240.0,240.95,241728
2024-08-16T11:45:00+05:30,240.95,241.25,240.5,240.75,122762
2024-08-16T12:00:00+05:30,240.85,241.5,240.75,241.1,182258
2024-08-16T12:15:00+05:30,241.2,241.3,240.15,240.4,233488
2024-08-16T12:30:00+05:30,240.4,240.85,239.95,240.25,214043
2024-08-16T12:45:00+05:30,240.25,240.6,240.05,240.05,146153
2024-08-16T13:00:00+05:30,240.1,240.5,240.05,240.3,155977
2024-08-16T13:15:00+05:30,240.35,240.6,239.8,240.45,175826
2024-08-16T13:30:00+05:30,240.45,240.85,240.3,240.35,145951
2024-08-16T13:45:00+05:30,240.5,241.7,240.45,240.75,413206
2024-08-16T14:00:00+05:30,240.75,241.6,240.75,241.35,269473
2024-08-16T14:15:00+05:30,241.35,241.35,240.6,240.7,176777
2024-08-16T14:30:00+05:30,240.6,240.7,240.2,240.4,161659
2024-08-16T14:45:00+05:30,240.4,240.45,239.55,239.9,341070
2024-08-16T15:00:00+05:30,239.9,240.7,239.9,240.4,471104
2024-08-16T15:15:00+05:30,240.4,240.5,239.25,239.8,743989
2024-08-19T09:15:00+05:30,241.65,246.6,241.2,245.75,2191739
2024-08-19T09:30:00+05:30,245.9,246.35,244.25,244.95,724834
2024-08-19T09:45:00+05:30,244.95,249.3,244.65,247.05,2103014
2024-08-19T10:00:00+05:30,247.2,247.6,245.65,247.0,736995
2024-08-19T10:15:00+05:30,247.0,247.25,245.05,245.9,416786
2024-08-19T10:30:00+05:30,245.8,246.9,245.05,246.45,349506
2024-08-19T10:45:00+05:30,246.4,246.6,245.3,245.55,269066
2024-08-19T11:00:00+05:30,245.55,245.55,244.15,244.7,403470
2024-08-19T11:15:00+05:30,244.55,245.3,244.5,245.3,227109
2024-08-19T11:30:00+05:30,245.2,245.5,244.65,244.8,181456
2024-08-19T11:45:00+05:30,244.85,244.95,244.2,244.65,185339
2024-08-19T12:00:00+05:30,244.65,244.65,243.55,243.95,276211
2024-08-19T12:15:00+05:30,243.95,244.3,243.65,243.65,145207
2024-08-19T12:30:00+05:30,243.8,244.5,243.65,244.2,148213
2024-08-19T12:45:00+05:30,244.2,244.65,244.0,244.2,107141
2024-08-19T13:00:00+05:30,244.2,244.9,244.0,244.65,165511
2024-08-19T13:15:00+05:30,244.65,244.65,244.0,244.25,119877
2024-08-19T13:30:00+05:30,244.2,244.6,243.85,244.05,152340
2024-08-19T13:45:00+05:30,244.0,244.25,243.5,243.8,150063
2024-08-19T14:00:00+05:30,243.8,244.1,243.65,243.75,84514
2024-08-19T14:15:00+05:30,243.85,244.0,243.55,243.65,110162
2024-08-19T14:30:00+05:30,243.7,243.9,243.2,243.8,315153
2024-08-19T14:45:00+05:30,243.8,244.2,243.7,243.9,141029
2024-08-19T15:00:00+05:30,243.9,244.5,243.65,244.5,294705
2024-08-19T15:15:00+05:30,244.5,245.65,244.45,245.0,769549
2024-08-20T09:15:00+05:30,245.6,245.95,242.35,242.85,1161921
2024-08-20T09:30:00+05:30,242.85,242.85,241.5,242.05,697044
2024-08-20T09:45:00+05:30,242.05,242.6,241.4,241.7,430344
2024-08-20T10:00:00+05:30,241.85,242.65,241.5,241.65,341012
2024-08-20T10:15:00+05:30,241.8,241.85,241.15,241.25,270081
2024-08-20T10:30:00+05:30,241.25,241.45,240.55,240.7,284256
2024-08-20T10:45:00+05:30,240.6,241.3,240.5,241.2,225777
2024-08-20T11:00:00+05:30,241.2,241.65,241.0,241.45,206477
2024-08-20T11:15:00+05:30,241.4,241.55,240.8,240.8,166077
2024-08-20T11:30:00+05:30,240.8,240.9,240.2,240.6,288265
2024-08-20T11:45:00+05:30,240.6,241.0,240.4,240.5,178557
2024-08-20T12:00:00+05:30,240.5,240.6,240.1,240.5,177705
2024-08-20T12:15:00+05:30,240.5,240.9,240.3,240.75,178819
2024-08-20T12:30:00+05:30,240.6,240.75,240.25,240.35,106248
2024-08-20T12:45:00+05:30,240.3,240.7,240.3,240.45,104760
2024-08-20T13:00:00+05:30,240.45,240.6,240.3,240.5,88271
2024-08-20T13:15:00+05:30,240.5,240.9,240.35,240.9,135909
2024-08-20T13:30:00+05:30,240.85,242.2,240.7,241.4,373225
2024-08-20T13:45:00+05:30,241.4,241.6,241.0,241.1,142419
2024-08-20T14:00:00+05:30,241.1,241.3,240.8,241.1,136136
2024-08-20T14:15:00+05:30,241.15,241.15,240.55,240.65,131960
2024-08-20T14:30:00+05:30,240.8,241.0,240.6,240.9,137575
2024-08-20T14:45:00+05:30,240.8,241.0,240.5,240.6,195711
2024-08-20T15:00:00+05:30,240.55,241.2,240.4,240.5,410209
2024-08-20T15:15:00+05:30,240.55,240.9,240.0,240.85,829389
2024-08-21T09:15:00+05:30,240.45,242.85,239.0,242.05,1044370
2024-08-21T09:30:00+05:30,242.15,242.5,239.8,240.4,794808
2024-08-21T09:45:00+05:30,240.4,241.2,239.7,240.05,442130
2024-08-21T10:00:00+05:30,240.1,240.25,239.5,239.9,258805
2024-08-21T10:15:00+05:30,239.9,240.4,239.6,240.0,259274
2024-08-21T10:30:00+05:30,240.0,240.9,239.85,240.35,159066
2024-08-21T10:45:00+05:30,240.35,240.4,240.0,240.1,85012
2024-08-21T11:00:00+05:30,240.1,240.2,239.7,240.05,150158
2024-08-21T11:15:00+05:30,240.05,240.45,240.0,240.25,79820
2024-08-21T11:30:00+05:30,240.35,240.4,239.9,240.1,97338
2024-08-21T11:45:00+05:30,240.0,240.15,239.75,239.9,104913
2024-08-21T12:00:00+05:30,240.05,240.1,239.7,239.8,72132
2024-08-21T12:15:00+05:30,239.75,240.2,239.6,240.15,128286
2024-08-21T12:30:00+05:30,240.2,240.4,239.45,239.8,238856
2024-08-21T12:45:00+05:30,239.8,240.0,239.7,239.9,95023
2024-08-21T13:00:00+05:30,239.9,239.95,239.0,239.5,238205
2024-08-21T13:15:00+05:30,239.5,239.65,239.25,239.55,120852
2024-08-21T13:30:00+05:30,239.5,239.9,239.4,239.6,99175
2024-08-21T13:45:00+05:30,239.6,239.85,239.5,239.7,109280
2024-08-21T14:00:00+05:30,239.6,239.9,239.55,239.8,98634
2024-08-21T14:15:00+05:30,239.8,239.85,239.25,239.3,171097
2024-08-21T14:30:00+05:30,239.3,239.4,239.05,239.15,148367
2024-08-21T14:45:00+05:30,239.3,239.4,239.05,239.3,182569
2024-08-21T15:00:00+05:30,239.3,239.65,239.0,239.25,314623
2024-08-21T15:15:00+05:30,239.25,239.35,238.5,239.1,770877
2024-08-22T09:15:00+05:30,246.0,254.2,246.0,252.75,9847259
2024-08-22T09:30:00+05:30,252.75,259.4,251.85,257.3,13038880
2024-08-22T09:45:00+05:30,257.3,258.75,254.3,255.1,4963956
2024-08-22T10:00:00+05:30,255.15,257.0,254.0,254.5,3110771
2024-08-22T10:15:00+05:30,254.4,255.7,254.25,255.15,1036919
2024-08-22T10:30:00+05:30,255.1,256.95,255.0,255.4,1522670
2024-08-22T10:45:00+05:30,255.5,256.0,254.55,256.0,833772
2024-08-22T11:00:00+05:30,256.0,256.85,255.35,256.75,743164
2024-08-22T11:15:00+05:30,256.75,265.7,256.45,263.75,15589522
2024-08-22T11:30:00+05:30,263.85,265.45,262.15,262.5,5060501
2024-08-22T11:45:00+05:30,262.45,264.0,262.3,263.25,2358860
2024-08-22T12:00:00+05:30,263.3,263.9,261.4,261.55,2049690
2024-08-22T12:15:00+05:30,261.55,262.0,260.05,261.45,2774049
2024-08-22T12:30:00+05:30,261.45,264.7,261.35,262.65,3180420
2024-08-22T12:45:00+05:30,262.65,263.5,262.5,262.8,1089455
2024-08-22T13:00:00+05:30,262.75,262.95,261.25,261.95,1321422
2024-08-22T13:15:00+05:30,261.95,263.0,261.7,262.3,1005920
2024-08-22T13:30:00+05:30,262.2,262.65,261.55,262.4,828328
2024-08-22T13:45:00+05:30,262.5,263.35,261.85,262.1,1035736
2024-08-22T14:00:00+05:30,262.0,262.1,258.2,258.7,2997468
2024-08-22T14:15:00+05:30,258.7,259.65,257.0,257.7,2477327
2024-08-22T14:30:00+05:30,257.7,258.95,256.4,258.35,2214312
2024-08-22T14:45:00+05:30,258.4,258.45,257.15,257.95,1089482
2024-08-22T15:00:00+05:30,257.95,257.95,255.2,256.55,2756469
2024-08-22T15:15:00+05:30,256.4,259.4,256.0,258.95,3643894
2024-08-23T09:15:00+05:30,260.8,265.8,260.1,262.5,6632893
2024-08-23T09:30:00+05:30,262.5,262.65,259.1,260.8,2456473
2024-08-23T09:45:00+05:30,260.8,261.4,260.05,260.4,883106
2024-08-23T10:00:00+05:30,260.35,260.5,259.3,259.8,807697
2024-08-23T10:15:00+05:30,259.8,260.15,259.3,259.75,379297
2024-08-23T10:30:00+05:30,259.85,259.85,258.35,259.2,676818
2024-08-23T10:45:00+05:30,259.2,260.45,259.05,259.5,523849
2024-08-23T11:00:00+05:30,259.65,259.65,258.7,259.25,259270
2024-08-23T11:15:00+05:30,259.1,259.75,258.8,259.7,187373
2024-08-23T11:30:00+05:30,259.65,259.75,258.8,258.9,202423
2024-08-23T11:45:00+05:30,258.9,259.0,258.5,258.85,205749
2024-08-23T12:00:00+05:30,258.95,258.95,258.35,258.7,305678
2024-08-23T12:15:00+05:30,258.65,258.7,257.85,258.2,462178
2024-08-23T12:30:00+05:30,258.25,258.6,257.85,258.3,250867
2024-08-23T12:45:00+05:30,258.3,258.6,257.75,258.25,218588
2024-08-23T13:00:00+05:30,258.25,259.15,257.4,258.7,512845
2024-08-23T13:15:00+05:30,258.7,258.8,257.9,258.25,236410
2024-08-23T13:30:00+05:30,258.15,258.4,257.8,258.35,165006
2024-08-23T13:45:00+05:30,258.25,258.65,257.85,258.3,181732
2024-08-23T14:00:00+05:30,258.4,260.15,258.3,259.9,732471
2024-08-23T14:15:00+05:30,259.9,259.95,258.45,259.8,697513
2024-08-23T14:30:00+05:30,259.9,261.85,257.3,260.4,3252850
2024-08-23T14:45:00+05:30,260.35,260.75,259.25,260.65,820248
2024-08-23T15:00:00+05:30,260.65,261.6,259.8,260.25,1276294
2024-08-23T15:15:00+05:30,260.15,260.7,259.25,259.5,1921940
2024-08-26T09:15:00+05:30,262.05,262.45,254.0,255.15,2917473
2024-08-26T09:30:00+05:30,255.0,255.5,253.65,254.4,1249415
2024-08-26T09:45:00+05:30,254.4,254.8,253.2,254.4,1044545
2024-08-26T10:00:00+05:30,254.4,254.65,253.6,254.35,514502
2024-08-26T10:15:00+05:30,254.35,254.35,253.5,253.9,331760
2024-08-26T10:30:00+05:30,253.8,254.3,253.5,253.7,317177
2024-08-26T10:45:00+05:30,253.65,254.2,253.3,253.9,327689
2024-08-26T11:00:00+05:30,253.95,254.0,253.55,253.85,148101
2024-08-26T11:15:00+05:30,253.75,254.6,253.65,254.15,300887
2024-08-26T11:30:00+05:30,254.15,254.5,254.0,254.35,130232
2024-08-26T11:45:00+05:30,254.45,254.45,254.0,254.05,132418
2024-08-26T12:00:00+05:30,254.0,254.4,253.7,254.2,159672
2024-08-26T12:15:00+05:30,254.25,254.35,253.95,254.1,112174
2024-08-26T12:30:00+05:30,254.2,254.25,253.6,254.05,162701
2024-08-26T12:45:00+05:30,254.05,254.2,253.8,253.85,129020
2024-08-26T13:00:00+05:30,253.85,254.0,253.3,253.65,181322
2024-08-26T13:15:00+05:30,253.65,253.9,253.25,253.7,223506
2024-08-26T13:30:00+05:30,253.7,255.1,253.55,254.05,516180
2024-08-26T13:45:00+05:30,254.1,254.2,253.25,253.55,323901
2024-08-26T14:00:00+05:30,253.55,254.0,253.3,253.7,215530
2024-08-26T14:15:00+05:30,253.65,254.2,253.5,254.0,221795
2024-08-26T14:30:00+05:30,254.0,254.0,253.5,253.55,214858
2024-08-26T14:45:00+05:30,253.6,254.1,253.55,253.75,279828
2024-08-26T15:00:00+05:30,253.8,253.9,253.2,253.7,655722
2024-08-26T15:15:00+05:30,253.6,254.15,253.1,253.6,1108662
2024-08-27T09:15:00+05:30,253.55,254.0,252.0,252.8,1577482
2024-08-27T09:30:00+05:30,252.85,253.1,251.35,251.95,751558
2024-08-27T09:45:00+05:30,251.85,252.0,250.7,251.1,600624
2024-08-27T10:00:00+05:30,251.0,254.75,250.85,254.75,815174
2024-08-27T10:15:00+05:30,254.75,258.5,254.3,254.45,2390134
2024-08-27T10:30:00+05:30,254.55,256.0,254.35,255.5,532357
2024-08-27T10:45:00+05:30,255.5,255.8,254.75,254.9,299934
2024-08-27T11:00:00+05:30,254.9,255.35,254.5,255.15,309067
2024-08-27T11:15:00+05:30,255.15,256.2,254.95,255.7,252406
2024-08-27T11:30:00+05:30,255.7,255.7,254.2,254.45,248150
2024-08-27T11:45:00+05:30,254.45,254.95,254.05,254.3,147978
2024-08-27T12:00:00+05:30,254.35,254.5,253.6,253.7,245414
2024-08-27T12:15:00+05:30,253.8,254.0,253.0,253.1,275132
2024-08-27T12:30:00+05:30,253.05,253.9,252.8,253.4,235677
2024-08-27T12:45:00+05:30,253.35,254.7,253.35,253.9,241937
2024-08-27T13:00:00+05:30,253.8,254.9,253.7,254.35,288041
2024-08-27T13:15:00+05:30,254.25,254.5,253.85,254.2,126367
2024-08-27T13:30:00+05:30,254.15,255.35,253.8,254.45,259362
2024-08-27T13:45:00+05:30,254.45,255.6,254.05,255.5,198373
2024-08-27T14:00:00+05:30,255.6,255.85,255.0,255.35,300470
2024-08-27T14:15:00+05:30,255.25,255.55,254.6,255.4,269332
2024-08-27T14:30:00+05:30,255.3,255.3,254.15,254.8,232815
2024-08-27T14:45:00+05:30,254.8,254.95,254.4,254.55,217980
2024-08-27T15:00:00+05:30,254.5,255.95,254.3,255.0,632056
2024-08-27T15:15:00+05:30,255.1,255.85,254.5,255.0,823497
2024-08-28T09:15:00+05:30,256.1,258.4,254.9,257.1,1701393
2024-08-28T09:30:00+05:30,256.95,257.75,256.2,257.4,767856
2024-08-28T09:45:00+05:30,257.4,257.4,255.4,256.25,505787
2024-08-28T10:00:00+05:30,256.25,256.4,254.6,255.5,515966
2024-08-28T10:15:00+05:30,255.5,255.55,254.4,254.9,458119
2024-08-28T10:30:00+05:30,254.9,255.95,254.7,255.7,228135
2024-08-28T10:45:00+05:30,255.65,255.8,254.85,255.5,208226
2024-08-28T11:00:00+05:30,255.45,256.65,255.4,256.5,327958
2024-08-28T11:15:00+05:30,256.4,256.5,255.5,255.8,181972
2024-08-28T11:30:00+05:30,255.8,256.15,255.6,255.7,131902
2024-08-28T11:45:00+05:30,255.8,256.0,255.2,255.4,157994
2024-08-28T12:00:00+05:30,255.45,255.5,255.0,255.45,141303
2024-08-28T12:15:00+05:30,255.5,255.7,255.1,255.7,165705
2024-08-28T12:30:00+05:30,255.7,258.0,255.0,257.55,1043441
2024-08-28T12:45:00+05:30,257.55,257.7,256.1,256.3,503291
2024-08-28T13:00:00+05:30,256.25,256.35,255.6,255.65,236241
2024-08-28T13:15:00+05:30,255.65,256.0,255.35,255.75,136521
2024-08-28T13:30:00+05:30,255.75,255.95,255.0,255.25,261672
2024-08-28T13:45:00+05:30,255.15,255.5,254.65,255.05,290650
2024-08-28T14:00:00+05:30,255.15,255.2,254.5,254.9,221182
2024-08-28T14:15:00+05:30,254.9,255.0,254.2,254.2,332091
2024-08-28T14:30:00+05:30,254.25,254.5,253.65,254.0,340053
2024-08-28T14:45:00+05:30,254.0,254.8,253.95,254.1,306235
2024-08-28T15:00:00+05:30,254.15,254.9,253.85,254.35,430021
2024-08-28T15:15:00+05:30,254.5,254.55,253.05,254.0,888560
2024-08-29T09:15:00+05:30,255.5,262.95,255.2,258.35,3740024
2024-08-29T09:30:00+05:30,258.35,258.95,257.05,257.9,855479
2024-08-29T09:45:00+05:30,257.9,258.45,256.9,257.25,631921
2024-08-29T10:00:00+05:30,257.2,257.85,256.5,256.7,532647
2024-08-29T10:15:00+05:30,256.7,257.2,255.7,255.7,307510
2024-08-29T10:30:00+05:30,255.75,255.95,254.5,255.1,505397
2024-08-29T10:45:00+05:30,255.05,255.35,254.05,255.35,416118
2024-08-29T11:00:00+05:30,255.35,255.5,254.5,255.2,185332
2024-08-29T11:15:00+05:30,255.15,255.9,254.5,254.5,242767
2024-08-29T11:30:00+05:30,254.6,254.8,254.2,254.5,171341
2024-08-29T11:45:00+05:30,254.5,255.0,254.25,254.5,155862
2024-08-29T12:00:00+05:30,254.6,254.7,253.5,254.35,267173
2024-08-29T12:15:00+05:30,254.25,255.35,254.15,255.25,199783
2024-08-29T12:30:00+05:30,255.25,255.5,254.8,255.2,227750
2024-08-29T12:45:00+05:30,255.2,255.2,254.35,254.7,96234
2024-08-29T13:00:00+05:30,254.75,254.9,254.15,254.45,169351
2024-08-29T13:15:00+05:30,254.45,254.85,254.25,254.6,73596
2024-08-29T13:30:00+05:30,254.65,254.7,253.8,254.55,154393
2024-08-29T13:45:00+05:30,254.55,257.45,254.35,255.85,1135999
2024-08-29T14:00:00+05:30,255.9,256.25,254.25,254.4,479927
2024-08-29T14:15:00+05:30,254.4,254.8,253.5,254.15,401553
2024-08-29T14:30:00+05:30,254.1,254.4,253.0,253.75,592721
2024-08-29T14:45:00+05:30,253.65,256.15,253.6,255.2,554416
2024-08-29T15:00:00+05:30,255.2,255.9,254.25,254.85,474655
2024-08-29T15:15:00+05:30,254.9,255.2,254.15,254.65,1079816
2024-08-30T09:15:00+05:30,258.2,259.5,253.5,253.7,2499630
2024-08-30T09:30:00+05:30,253.6,253.8,251.3,252.45,1060178
2024-08-30T09:45:00+05:30,252.45,253.3,252.05,252.3,365735
2024-08-30T10:00:00+05:30,252.3,252.65,251.8,252.3,354486
2024-08-30T10:15:00+05:30,252.3,252.65,251.95,252.45,192363
2024-08-30T10:30:00+05:30,252.45,253.2,252.25,252.8,303153
2024-08-30T10:45:00+05:30,252.75,253.55,252.4,253.1,252375
2024-08-30T11:00:00+05:30,253.2,253.3,252.15,252.9,192783
2024-08-30T11:15:00+05:30,252.85,253.2,252.5,252.75,133482
2024-08-30T11:30:00+05:30,252.75,253.7,252.75,252.8,253415
2024-08-30T11:45:00+05:30,252.95,253.1,252.5,252.75,120909
2024-08-30T12:00:00+05:30,252.85,252.95,251.95,252.3,253492
2024-08-30T12:15:00+05:30,252.3,252.8,252.1,252.55,137757
2024-08-30T12:30:00+05:30,252.65,253.05,252.25,252.5,147095
2024-08-30T12:45:00+05:30,252.5,252.8,252.4,252.75,91578
2024-08-30T13:00:00+05:30,252.75,252.8,252.4,252.4,91327
2024-08-30T13:15:00+05:30,252.5,253.1,252.4,252.55,189030
2024-08-30T13:30:00+05:30,252.5,253.0,252.15,252.35,224821
2024-08-30T13:45:00+05:30,252.35,252.5,252.0,252.1,277614
2024-08-30T14:00:00+05:30,252.1,252.45,251.75,252.1,301623
2024-08-30T14:15:00+05:30,252.05,252.3,251.3,251.5,334080
2024-08-30T14:30:00+05:30,251.55,251.55,250.2,250.5,693738
2024-08-30T14:45:00+05:30,250.6,250.95,250.1,250.45,429127
2024-08-30T15:00:00+05:30,250.45,250.45,240.2,240.85,17664878
2024-08-30T15:15:00+05:30,240.85,241.85,238.05,240.0,18509839
2024-09-02T09:15:00+05:30,241.33,241.35,238.16,239.65,3519259
2024-09-02T09:30:00+05:30,239.64,240.79,237.7,238.5,1714051
2024-09-02T09:45:00+05:30,238.5,239.25,238.04,238.25,787223
2024-09-02T10:00:00+05:30,238.3,238.95,237.6,237.85,562365
2024-09-02T10:15:00+05:30,237.85,237.94,236.65,237.44,865655
2024-09-02T10:30:00+05:30,237.44,238.11,237.2,237.98,388993
2024-09-02T10:45:00+05:30,237.98,238.4,237.75,238.28,304536
2024-09-02T11:00:00+05:30,238.28,238.3,237.56,237.65,226350
2024-09-02T11:15:00+05:30,237.65,237.8,237.2,237.45,237734
2024-09-02T11:30:00+05:30,237.45,237.47,237.01,237.14,237911
2024-09-02T11:45:00+05:30,237.05,237.3,236.55,236.61,365656
2024-09-02T12:00:00+05:30,236.7,237.18,236.55,236.95,264050
2024-09-02T12:15:00+05:30,236.93,237.0,236.55,236.69,213068
2024-09-02T12:30:00+05:30,236.61,237.03,236.6,236.85,238612
2024-09-02T12:45:00+05:30,236.8,236.86,235.5,235.89,830854
2024-09-02T13:00:00+05:30,235.87,236.19,235.5,235.68,388338
2024-09-02T13:15:00+05:30,235.68,236.15,235.3,236.15,395664
2024-09-02T13:30:00+05:30,236.15,237.75,236.0,237.55,661570
2024-09-02T13:45:00+05:30,237.5,238.35,237.29,237.35,577924
2024-09-02T14:00:00+05:30,237.35,238.6,237.32,238.25,425104
2024-09-02T14:15:00+05:30,238.28,239.4,238.11,238.9,329272
2024-09-02T14:30:00+05:30,238.9,239.0,237.5,237.76,542855
2024-09-02T14:45:00+05:30,237.85,238.45,237.7,238.45,312646
2024-09-02T15:00:00+05:30,238.45,239.8,238.35,238.88,805284
2024-09-02T15:15:00+05:30,238.86,239.44,238.4,239.1,1439345
2024-09-03T09:15:00+05:30,239.0,239.75,237.3,237.97,1473785
2024-09-03T09:30:00+05:30,237.96,238.8,237.4,237.58,784541
2024-09-03T09:45:00+05:30,237.58,238.15,237.13,237.65,383587
2024-09-03T10:00:00+05:30,237.65,238.35,237.41,237.8,299426
2024-09-03T10:15:00+05:30,237.8,238.0,237.01,237.15,450673
2024-09-03T10:30:00+05:30,237.2,237.35,236.44,236.74,402098
2024-09-03T10:45:00+05:30,236.66,237.35,236.51,237.23,241290
2024-09-03T11:00:00+05:30,237.23,237.4,236.92,237.02,196995
2024-09-03T11:15:00+05:30,236.95,237.02,236.71,236.9,131823
2024-09-03T11:30:00+05:30,236.9,236.97,236.65,236.96,128656
2024-09-03T11:45:00+05:30,236.96,237.49,236.8,237.26,230539
2024-09-03T12:00:00+05:30,237.25,237.28,237.0,237.1,98360
2024-09-03T12:15:00+05:30,237.1,237.24,236.9,237.16,95335
2024-09-03T12:30:00+05:30,237.06,238.25,237.01,237.7,382072
2024-09-03T12:45:00+05:30,237.7,237.7,237.3,237.4,84294
2024-09-03T13:00:00+05:30,237.3,238.45,237.29,238.33,242628
2024-09-03T13:15:00+05:30,238.21,238.4,237.75,237.84,197104
2024-09-03T13:30:00+05:30,237.84,237.84,237.2,237.23,111182
2024-09-03T13:45:00+05:30,237.25,237.61,237.1,237.6,205401
2024-09-03T14:00:00+05:30,237.6,238.58,237.36,237.85,309014
2024-09-03T14:15:00+05:30,237.9,237.96,237.69,237.78,157752
2024-09-03T14:30:00+05:30,237.75,238.15,237.7,238.12,272848
2024-09-03T14:45:00+05:30,238.1,239.99,238.05,239.91,750169
2024-09-03T15:00:00+05:30,239.75,240.0,238.62,239.07,798871
2024-09-03T15:15:00+05:30,239.1,239.75,238.8,239.4,802789
2024-09-04T09:15:00+05:30,235.0,238.33,235.0,235.99,1448839
2024-09-04T09:30:00+05:30,235.99,236.72,235.7,236.3,611200
2024-09-04T09:45:00+05:30,236.3,236.6,235.65,236.38,495075
2024-09-04T10:00:00+05:30,236.38,236.89,236.1,236.24,306813
2024-09-04T10:15:00+05:30,236.31,236.44,235.51,235.98,522424
2024-09-04T10:30:00+05:30,235.9,236.0,235.0,235.2,556808
2024-09-04T10:45:00+05:30,235.21,236.0,235.1,235.99,272558
2024-09-04T11:00:00+05:30,235.99,235.99,235.4,235.6,170374
2024-09-04T11:15:00+05:30,235.6,235.78,235.4,235.61,147623
2024-09-04T11:30:00+05:30,235.59,235.97,235.4,235.8,176434
2024-09-04T11:45:00+05:30,235.8,235.89,235.2,235.44,161141
2024-09-04T12:00:00+05:30,235.4,235.95,235.4,235.59,197189
2024-09-04T12:15:00+05:30,235.59,235.85,235.5,235.75,121476
2024-09-04T12:30:00+05:30,235.75,235.95,235.25,235.7,223789
2024-09-04T12:45:00+05:30,235.7,235.8,235.48,235.69,101082
2024-09-04T13:00:00+05:30,235.78,235.78,235.4,235.74,134866
2024-09-04T13:15:00+05:30,235.72,236.2,235.7,236.14,234092
2024-09-04T13:30:00+05:30,236.13,236.35,235.86,235.98,179183
2024-09-04T13:45:00+05:30,235.91,236.13,235.8,236.05,140227
2024-09-04T14:00:00+05:30,236.0,236.06,235.55,235.76,148688
2024-09-04T14:15:00+05:30,235.87,235.9,235.35,235.6,242312
2024-09-04T14:30:00+05:30,235.6,235.6,235.15,235.58,230136
2024-09-04T14:45:00+05:30,235.58,235.9,235.32,235.69,211361
2024-09-04T15:00:00+05:30,235.69,235.9,235.35,235.51,466088
2024-09-04T15:15:00+05:30,235.51,235.91,235.05,235.5,938277
2024-09-05T09:15:00+05:30,236.68,238.65,236.26,238.18,1439195
2024-09-05T09:30:00+05:30,238.18,238.62,236.44,237.28,727986
2024-09-05T09:45:00+05:30,237.28,237.55,236.25,236.74,366650
2024-09-05T10:00:00+05:30,236.74,236.74,235.7,235.87,370578
2024-09-05T10:15:00+05:30,235.87,235.97,234.6,234.65,672835
2024-09-05T10:30:00+05:30,234.65,235.35,234.36,235.21,270947
2024-09-05T10:45:00+05:30,235.15,235.5,235.0,235.45,155021
2024-09-05T11:00:00+05:30,235.4,236.37,235.3,235.79,270147
2024-09-05T11:15:00+05:30,235.79,235.88,235.0,235.05,155876
2024-09-05T11:30:00+05:30,235.05,235.8,235.05,235.7,163562
2024-09-05T11:45:00+05:30,235.7,236.49,235.63,236.31,230140
2024-09-05T12:00:00+05:30,236.3,236.99,236.29,236.3,165687
2024-09-05T12:15:00+05:30,236.3,237.24,236.13,237.24,186422
2024-09-05T12:30:00+05:30,237.24,237.3,236.42,236.8,155710
2024-09-05T12:45:00+05:30,236.78,236.81,236.35,236.7,89424
2024-09-05T13:00:00+05:30,236.76,236.78,236.16,236.29,96596
2024-09-05T13:15:00+05:30,236.28,236.63,235.71,235.93,174069
2024-09-05T13:30:00+05:30,236.07,236.32,235.77,235.96,145113
2024-09-05T13:45:00+05:30,235.96,236.45,235.95,236.1,110991
2024-09-05T14:00:00+05:30,236.1,236.1,235.52,235.91,186733
2024-09-05T14:15:00+05:30,235.9,235.9,235.5,235.5,157138
2024-09-05T14:30:00+05:30,235.51,235.99,235.4,235.45,213650
2024-09-05T14:45:00+05:30,235.55,235.84,235.3,235.54,179877
2024-09-05T15:00:00+05:30,235.54,235.8,235.1,235.1,305301
2024-09-05T15:15:00+05:30,235.15,235.69,235.0,235.21,615736
2024-09-06T09:15:00+05:30,234.3,235.7,230.6,231.05,1629064
2024-09-06T09:30:00+05:30,231.0,232.2,230.25,231.14,1219934
2024-09-06T09:45:00+05:30,231.23,231.23,227.7,228.73,2191664
2024-09-06T10:00:00+05:30,228.73,228.97,226.27,228.49,1442538
2024-09-06T10:15:00+05:30,228.45,228.65,227.27,228.48,735171
2024-09-06T10:30:00+05:30,228.35,228.5,227.21,227.68,491333
2024-09-06T10:45:00+05:30,227.66,228.78,227.35,228.35,484445
2024-09-06T11:00:00+05:30,228.35,228.38,227.62,227.87,387998
2024-09-06T11:15:00+05:30,227.87,228.45,227.62,228.18,325568
2024-09-06T11:30:00+05:30,228.18,228.59,227.81,228.4,295664
2024-09-06T11:45:00+05:30,228.4,228.74,228.11,228.57,320801
2024-09-06T12:00:00+05:30,228.51,228.7,228.11,228.53,227924
2024-09-06T12:15:00+05:30,228.5,228.59,228.2,228.44,188184
2024-09-06T12:30:00+05:30,228.44,228.49,227.62,228.28,377871
2024-09-06T12:45:00+05:30,228.28,228.28,227.5,227.7,307658
2024-09-06T13:00:00+05:30,227.7,227.92,227.55,227.87,161833
2024-09-06T13:15:00+05:30,227.87,228.09,227.38,228.06,248866
2024-09-06T13:30:00+05:30,228.07,228.35,227.62,228.08,239110
2024-09-06T13:45:00+05:30,228.08,228.32,227.69,227.8,203458
2024-09-06T14:00:00+05:30,227.81,228.16,227.58,227.87,217087
2024-09-06T14:15:00+05:30,227.85,228.0,227.17,227.35,334978
2024-09-06T14:30:00+05:30,227.25,227.68,227.0,227.27,397517
2024-09-06T14:45:00+05:30,227.35,227.8,227.02,227.6,447769
2024-09-06T15:00:00+05:30,227.6,227.74,227.1,227.3,645903
2024-09-06T15:15:00+05:30,227.25,228.0,227.0,228.0,1187462
2024-09-09T09:15:00+05:30,226.45,226.9,222.59,222.85,3163118
2024-09-09T09:30:00+05:30,222.76,224.89,222.01,224.2,1279380
2024-09-09T09:45:00+05:30,224.2,228.25,224.04,225.74,1360713
2024-09-09T10:00:00+05:30,225.61,225.95,223.1,223.59,674667
2024-09-09T10:15:00+05:30,223.5,224.24,223.08,223.49,413505
2024-09-09T10:30:00+05:30,223.39,223.77,221.2,223.15,1240730
2024-09-09T10:45:00+05:30,223.2,223.46,222.0,222.33,476535
2024-09-09T11:00:00+05:30,222.44,223.19,222.11,223.1,314251
2024-09-09T11:15:00+05:30,223.1,223.1,222.01,222.57,253756
2024-09-09T11:30:00+05:30,222.57,222.6,221.8,222.0,278867
2024-09-09T11:45:00+05:30,222.0,222.46,221.82,222.08,236461
2024-09-09T12:00:00+05:30,222.08,222.11,221.01,221.29,440667
2024-09-09T12:15:00+05:30,221.29,221.69,220.64,221.01,421281
2024-09-09T12:30:00+05:30,220.95,221.85,220.71,221.1,233642
2024-09-09T12:45:00+05:30,221.19,221.84,221.1,221.3,164806
2024-09-09T13:00:00+05:30,221.3,221.6,220.99,221.25,214046
2024-09-09T13:15:00+05:30,221.21,221.5,220.9,221.34,205614
2024-09-09T13:30:00+05:30,221.34,221.68,221.01,221.13,210804
2024-09-09T13:45:00+05:30,221.1,221.39,220.7,221.28,291488
2024-09-09T14:00:00+05:30,221.16,221.45,220.81,221.35,217830
2024-09-09T14:15:00+05:30,221.35,222.4,221.11,221.7,536974
2024-09-09T14:30:00+05:30,221.7,222.35,221.5,222.06,247036
2024-09-09T14:45:00+05:30,222.1,223.08,222.06,222.7,569161
2024-09-09T15:00:00+05:30,222.76,223.7,222.32,222.96,985793
2024-09-09T15:15:00+05:30,223.05,224.9,222.5,224.78,1255155
2024-09-10T09:15:00+05:30,228.77,238.89,228.41,238.0,7346083
2024-09-10T09:30:00+05:30,237.9,238.0,234.33,235.4,3276478
2024-09-10T09:45:00+05:30,235.4,238.5,233.8,237.01,3325767
2024-09-10T10:00:00+05:30,237.13,239.45,236.6,237.44,2402396
2024-09-10T10:15:00+05:30,237.35,238.18,236.2,236.5,1181164
2024-09-10T10:30:00+05:30,236.52,237.16,236.0,236.75,746490
2024-09-10T10:45:00+05:30,236.84,237.11,234.31,234.8,1395290
2024-09-10T11:00:00+05:30,234.8,234.85,233.0,234.3,1417788
2024-09-10T11:15:00+05:30,234.3,234.44,232.57,232.99,1159480
2024-09-10T11:30:00+05:30,232.9,233.2,231.55,231.85,933676
2024-09-10T11:45:00+05:30,231.99,232.79,231.92,232.6,516502
2024-09-10T12:00:00+05:30,232.6,232.7,230.8,231.15,792404
2024-09-10T12:15:00+05:30,231.12,232.15,230.96,232.15,462969
2024-09-10T12:30:00+05:30,232.13,233.5,232.0,232.82,799512
2024-09-10T12:45:00+05:30,232.69,233.75,232.66,233.25,334012
2024-09-10T13:00:00+05:30,233.25,233.29,232.6,232.65,240872
2024-09-10T13:15:00+05:30,232.61,233.9,232.33,233.39,571787
2024-09-10T13:30:00+05:30,233.33,233.49,232.95,233.39,212783
2024-09-10T13:45:00+05:30,233.37,233.59,232.9,232.95,225400
2024-09-10T14:00:00+05:30,232.95,233.67,232.69,233.64,290694
2024-09-10T14:15:00+05:30,233.65,233.68,232.9,233.1,259121
2024-09-10T14:30:00+05:30,233.05,233.15,232.5,232.58,293653
2024-09-10T14:45:00+05:30,232.58,233.12,232.5,232.87,333997
2024-09-10T15:00:00+05:30,232.87,233.18,232.7,232.97,604428
2024-09-10T15:15:00+05:30,232.9,235.0,232.65,235.0,1726062
2024-09-11T09:15:00+05:30,239.45,240.0,232.76,234.9,4732441
2024-09-11T09:30:00+05:30,234.9,235.1,231.59,232.5,2026813
2024-09-11T09:45:00+05:30,232.5,232.95,231.56,232.09,663990
2024-09-11T10:00:00+05:30,232.08,232.77,231.72,232.26,358078
2024-09-11T10:15:00+05:30,232.26,232.4,231.8,232.09,308365
2024-09-11T10:30:00+05:30,232.17,232.3,231.75,231.86,347664
2024-09-11T10:45:00+05:30,231.86,232.11,231.56,231.9,284943
2024-09-11T11:00:00+05:30,231.91,232.0,231.66,231.87,152850
2024-09-11T11:15:00+05:30,231.87,231.92,231.55,231.88,179254
2024-09-11T11:30:00+05:30,231.88,231.9,231.1,231.7,349173
2024-09-11T11:45:00+05:30,231.8,232.14,231.61,232.03,242065
2024-09-11T12:00:00+05:30,232.03,232.09,231.6,231.9,128844
2024-09-11T12:15:00+05:30,231.95,232.12,231.64,231.89,164808
2024-09-11T12:30:00+05:30,231.89,232.14,231.7,231.7,163159
2024-09-11T12:45:00+05:30,231.76,231.76,231.25,231.5,183638
2024-09-11T13:00:00+05:30,231.56,231.8,231.2,231.68,167779
2024-09-11T13:15:00+05:30,231.68,231.84,231.5,231.59,100723
2024-09-11T13:30:00+05:30,231.69,231.72,231.15,231.3,209269
2024-09-11T13:45:00+05:30,231.31,231.31,230.25,230.76,611646
2024-09-11T14:00:00+05:30,230.75,230.75,230.0,230.03,447763
2024-09-11T14:15:00+05:30,230.05,230.85,230.0,230.61,411189
2024-09-11T14:30:00+05:30,230.69,230.75,230.31,230.32,200729
2024-09-11T14:45:00+05:30,230.31,230.5,230.0,230.07,444233
2024-09-11T15:00:00+05:30,230.07,230.34,229.0,229.4,896810
2024-09-11T15:15:00+05:30,229.5,229.5,227.75,228.3,1573330
2024-09-12T09:15:00+05:30,231.2,231.4,226.02,227.24,2214355
2024-09-12T09:30:00+05:30,227.31,227.99,226.3,226.62,630702
2024-09-12T09:45:00+05:30,226.62,226.62,224.87,225.01,902564
2024-09-12T10:00:00+05:30,225.0,225.76,224.8,225.55,464908
2024-09-12T10:15:00+05:30,225.55,225.98,225.08,225.22,293379
2024-09-12T10:30:00+05:30,225.21,225.5,224.8,225.15,251813
2024-09-12T10:45:00+05:30,225.19,225.69,225.1,225.33,189957
2024-09-12T11:00:00+05:30,225.45,225.99,225.2,225.94,160821
2024-09-12T11:15:00+05:30,225.94,226.18,225.3,225.54,235873
2024-09-12T11:30:00+05:30,225.5,225.92,225.4,225.71,174688
2024-09-12T11:45:00+05:30,225.75,225.85,225.4,225.67,107247
2024-09-12T12:00:00+05:30,225.78,225.89,225.5,225.7,113806
2024-09-12T12:15:00+05:30,225.7,226.14,225.55,225.99,170311
2024-09-12T12:30:00+05:30,225.99,226.87,225.75,226.72,219636
2024-09-12T12:45:00+05:30,226.79,227.2,226.51,226.93,300118
2024-09-12T13:00:00+05:30,226.93,227.2,226.61,227.2,136205
2024-09-12T13:15:00+05:30,227.2,227.2,226.66,226.9,136209
2024-09-12T13:30:00+05:30,226.84,226.95,226.0,226.29,149525
2024-09-12T13:45:00+05:30,226.3,226.99,226.0,226.9,193598
2024-09-12T14:00:00+05:30,226.89,228.4,226.77,228.09,469072
2024-09-12T14:15:00+05:30,228.0,228.4,227.47,227.87,328256
2024-09-12T14:30:00+05:30,227.94,228.08,227.43,227.59,217038
2024-09-12T14:45:00+05:30,227.5,234.88,227.5,232.9,2087257
2024-09-12T15:00:00+05:30,232.85,233.4,231.69,232.69,1079194
2024-09-12T15:15:00+05:30,232.69,233.26,231.8,233.0,1126371
2024-09-13T09:15:00+05:30,232.5,234.94,229.82,234.8,2223331
2024-09-13T09:30:00+05:30,234.8,235.45,232.4,232.64,932748
2024-09-13T09:45:00+05:30,232.64,233.98,232.62,233.54,517081
2024-09-13T10:00:00+05:30,233.55,233.6,232.32,232.5,398074
2024-09-13T10:15:00+05:30,232.5,233.0,232.11,232.2,246797
2024-09-13T10:30:00+05:30,232.2,232.25,231.25,231.98,446135
2024-09-13T10:45:00+05:30,231.98,232.15,231.5,231.77,165395
2024-09-13T11:00:00+05:30,231.77,231.94,231.5,231.73,141022
2024-09-13T11:15:00+05:30,231.79,232.28,231.26,232.03,250410
2024-09-13T11:30:00+05:30,232.02,232.09,231.01,231.02,223261
2024-09-13T11:45:00+05:30,231.02,231.56,231.02,231.28,107194
2024-09-13T12:00:00+05:30,231.35,231.88,231.11,231.85,130070
2024-09-13T12:15:00+05:30,231.82,232.19,231.4,232.09,97594
2024-09-13T12:30:00+05:30,232.0,232.6,231.9,232.25,351083
2024-09-13T12:45:00+05:30,232.25,232.48,232.0,232.3,109821
2024-09-13T13:00:00+05:30,232.37,232.44,231.7,232.28,156595
2024-09-13T13:15:00+05:30,232.21,232.39,231.85,232.03,131497
2024-09-13T13:30:00+05:30,232.13,232.58,231.9,232.37,253721
2024-09-13T13:45:00+05:30,232.39,232.5,232.1,232.37,116494
2024-09-13T14:00:00+05:30,232.37,232.4,231.91,232.05,115088
2024-09-13T14:15:00+05:30,232.1,232.17,231.76,231.85,147863
2024-09-13T14:30:00+05:30,231.85,231.93,231.5,231.75,147176
2024-09-13T14:45:00+05:30,231.75,231.99,231.41,231.98,233377
2024-09-13T15:00:00+05:30,231.98,232.43,231.17,231.39,434812
2024-09-13T15:15:00+05:30,231.39,232.09,231.0,231.1,770395
2024-09-16T09:15:00+05:30,232.01,233.81,230.61,231.2,1343328
2024-09-16T09:30:00+05:30,231.1,231.49,230.01,230.62,571664
2024-09-16T09:45:00+05:30,230.6,230.62,228.5,228.67,674299
2024-09-16T10:00:00+05:30,228.78,228.99,227.84,228.25,528766
2024-09-16T10:15:00+05:30,228.25,229.25,228.2,228.64,213046
2024-09-16T10:30:00+05:30,228.7,228.89,227.5,228.26,475582
2024-09-16T10:45:00+05:30,228.37,228.7,228.0,228.1,210900
2024-09-16T11:00:00+05:30,228.1,228.4,227.8,228.26,151336
2024-09-16T11:15:00+05:30,228.3,228.57,228.01,228.1,155102
2024-09-16T11:30:00+05:30,228.1,228.35,227.8,227.86,183558
2024-09-16T11:45:00+05:30,227.86,228.2,227.6,228.1,140027
2024-09-16T12:00:00+05:30,228.1,228.16,227.55,227.75,169412
2024-09-16T12:15:00+05:30,227.75,228.55,227.64,228.54,183344
2024-09-16T12:30:00+05:30,228.54,228.95,228.47,228.95,142612
2024-09-16T12:45:00+05:30,228.94,228.95,228.56,228.65,92282
2024-09-16T13:00:00+05:30,228.65,228.85,228.52,228.7,69397
2024-09-16T13:15:00+05:30,228.7,229.25,228.6,229.1,145406
2024-09-16T13:30:00+05:30,229.03,229.49,228.8,229.49,151127
2024-09-16T13:45:00+05:30,229.45,230.5,229.36,230.17,396905
2024-09-16T14:00:00+05:30,230.17,230.29,228.7,228.92,248636
2024-09-16T14:15:00+05:30,228.92,228.95,228.51,228.84,114908
2024-09-16T14:30:00+05:30,228.75,228.84,228.25,228.47,169701
2024-09-16T14:45:00+05:30,228.47,229.25,228.19,229.17,228130
2024-09-16T15:00:00+05:30,229.1,229.45,228.11,228.12,446492
2024-09-16T15:15:00+05:30,228.2,229.0,227.5,228.8,752565
2024-09-17T09:15:00+05:30,230.2,230.47,226.26,228.56,1582950
2024-09-17T09:30:00+05:30,228.56,228.57,226.22,226.39,803896
2024-09-17T09:45:00+05:30,226.39,226.75,225.57,225.73,636428
2024-09-17T10:00:00+05:30,225.73,226.2,225.42,226.12,423769
2024-09-17T10:15:00+05:30,226.0,226.14,225.05,225.4,351253
2024-09-17T10:30:00+05:30,225.49,226.1,225.18,225.9,212359
2024-09-17T10:45:00+05:30,225.81,226.5,225.6,226.0,277520
2024-09-17T11:00:00+05:30,226.06,226.08,225.01,225.18,326917
2024-09-17T11:15:00+05:30,225.18,225.46,225.02,225.33,233232
2024-09-17T11:30:00+05:30,225.33,225.69,225.19,225.33,136498
2024-09-17T11:45:00+05:30,225.33,226.7,224.54,226.07,751988
2024-09-17T12:00:00+05:30,226.05,228.38,225.74,226.82,655784
2024-09-17T12:15:00+05:30,226.91,226.99,226.54,226.83,130655
2024-09-17T12:30:00+05:30,226.89,227.17,226.5,226.72,194344
2024-09-17T12:45:00+05:30,226.76,227.2,226.7,227.15,106929
2024-09-17T13:00:00+05:30,227.1,227.51,226.72,227.08,149602
2024-09-17T13:15:00+05:30,227.08,227.09,226.32,226.43,94044
2024-09-17T13:30:00+05:30,226.44,227.6,226.21,227.4,308370
2024-09-17T13:45:00+05:30,227.4,231.78,227.25,230.97,1690590
2024-09-17T14:00:00+05:30,230.96,235.0,230.74,232.48,4698044
2024-09-17T14:15:00+05:30,232.48,233.0,229.65,230.25,1636545
2024-09-17T14:30:00+05:30,230.25,231.45,230.25,230.4,724366
2024-09-17T14:45:00+05:30,230.28,230.42,228.8,229.1,831351
2024-09-17T15:00:00+05:30,229.11,229.38,227.7,228.16,927371
2024-09-17T15:15:00+05:30,228.19,228.2,226.88,227.94,1038668
2024-09-18T09:15:00+05:30,227.4,231.5,227.11,230.7,2136301
2024-09-18T09:30:00+05:30,230.61,231.35,229.31,231.33,1006482
2024-09-18T09:45:00+05:30,231.31,233.33,231.23,231.72,1508853
2024-09-18T10:00:00+05:30,231.84,231.98,230.6,231.31,553133
2024-09-18T10:15:00+05:30,231.31,231.66,230.5,230.55,291312
2024-09-18T10:30:00+05:30,230.55,231.05,230.3,230.78,233774
2024-09-18T10:45:00+05:30,230.84,230.99,230.1,230.19,191337
2024-09-18T11:00:00+05:30,230.26,230.5,229.5,229.65,367775
2024-09-18T11:15:00+05:30,229.65,230.5,229.54,230.29,225192
2024-09-18T11:30:00+05:30,230.37,230.4,229.75,230.11,110112
2024-09-18T11:45:00+05:30,230.11,230.5,229.8,230.19,140494
2024-09-18T12:00:00+05:30,230.19,230.45,230.04,230.34,83690
2024-09-18T12:15:00+05:30,230.38,230.39,230.1,230.2,57503
2024-09-18T12:30:00+05:30,230.3,230.3,230.0,230.19,67002
2024-09-18T12:45:00+05:30,230.13,230.45,229.89,229.9,161634
2024-09-18T13:00:00+05:30,229.9,229.99,229.0,229.14,314023
2024-09-18T13:15:00+05:30,229.05,229.28,228.55,228.94,254556
2024-09-18T13:30:00+05:30,228.94,229.18,228.0,228.65,284944
2024-09-18T13:45:00+05:30,228.72,229.75,228.53,229.49,234289
2024-09-18T14:00:00+05:30,229.58,229.65,228.78,228.85,132577
2024-09-18T14:15:00+05:30,228.85,229.73,228.65,229.05,173987
2024-09-18T14:30:00+05:30,229.14,229.36,228.82,228.88,134508
2024-09-18T14:45:00+05:30,228.88,229.3,227.75,227.99,498066
2024-09-18T15:00:00+05:30,228.0,228.3,227.11,227.42,363861
2024-09-18T15:15:00+05:30,227.39,227.5,227.0,227.37,699105
2024-09-19T09:15:00+05:30,235.05,237.5,232.68,233.91,5261536
2024-09-19T09:30:00+05:30,234.0,234.33,231.36,231.65,1875106
2024-09-19T09:45:00+05:30,231.54,235.75,231.54,232.37,1864734
2024-09-19T10:00:00+05:30,232.37,233.55,231.31,232.29,1113392
2024-09-19T10:15:00+05:30,232.21,232.67,230.73,230.9,951161
2024-09-19T10:30:00+05:30,230.89,231.42,230.35,230.4,512634
2024-09-19T10:45:00+05:30,230.4,231.25,230.02,230.22,535451
2024-09-19T11:00:00+05:30,230.15,230.5,228.3,228.5,845574
2024-09-19T11:15:00+05:30,228.5,228.65,225.94,226.1,1315245
2024-09-19T11:30:00+05:30,226.1,228.0,225.75,226.82,699992
2024-09-19T11:45:00+05:30,226.84,229.67,226.33,227.7,857981
2024-09-19T12:00:00+05:30,227.75,229.9,227.51,229.18,666930
2024-09-19T12:15:00+05:30,229.28,229.4,228.5,228.9,372206
2024-09-19T12:30:00+05:30,228.9,230.54,228.82,230.54,554845
2024-09-19T12:45:00+05:30,230.5,230.9,229.2,229.29,460229
2024-09-19T13:00:00+05:30,229.2,229.43,228.31,228.38,260159
2024-09-19T13:15:00+05:30,228.3,229.85,228.23,229.64,268244
2024-09-19T13:30:00+05:30,229.64,230.3,229.19,229.89,294241
2024-09-19T13:45:00+05:30,229.9,230.09,229.25,229.45,239790
2024-09-19T14:00:00+05:30,229.45,230.3,229.45,229.76,270102
2024-09-19T14:15:00+05:30,229.8,229.97,228.66,228.93,324370
2024-09-19T14:30:00+05:30,228.93,229.52,228.75,228.91,222280
2024-09-19T14:45:00+05:30,228.91,232.48,228.8,230.78,1281731
2024-09-19T15:00:00+05:30,230.85,231.63,230.01,230.29,654096
2024-09-19T15:15:00+05:30,230.2,230.55,229.01,230.2,1756338
2024-09-20T09:15:00+05:30,231.18,231.6,228.04,229.67,1357441
2024-09-20T09:30:00+05:30,229.59,229.9,228.28,229.3,493898
2024-09-20T09:45:00+05:30,229.35,231.0,228.9,230.14,649996
2024-09-20T10:00:00+05:30,230.14,230.26,229.0,229.42,227874
2024-09-20T10:15:00+05:30,229.42,230.0,229.2,229.61,205536
2024-09-20T10:30:00+05:30,229.69,231.3,229.4,230.62,874629
2024-09-20T10:45:00+05:30,230.68,233.2,230.52,231.6,1259039
2024-09-20T11:00:00+05:30,231.6,232.0,230.31,231.36,710111
2024-09-20T11:15:00+05:30,231.36,232.95,230.72,232.42,544709
2024-09-20T11:30:00+05:30,232.42,232.65,231.75,231.94,382670
2024-09-20T11:45:00+05:30,231.94,234.0,231.72,232.3,1018486
2024-09-20T12:00:00+05:30,232.3,232.3,231.5,231.65,447439
2024-09-20T12:15:00+05:30,231.6,231.69,230.55,230.85,298450
2024-09-20T12:30:00+05:30,230.85,231.49,230.66,231.3,157243
2024-09-20T12:45:00+05:30,231.21,231.69,231.08,231.21,170453
2024-09-20T13:00:00+05:30,231.21,231.42,230.81,231.13,134065
2024-09-20T13:15:00+05:30,231.13,231.59,230.91,231.07,206521
2024-09-20T13:30:00+05:30,231.08,231.14,228.81,229.85,739990
2024-09-20T13:45:00+05:30,229.84,231.4,229.65,231.37,335712
2024-09-20T14:00:00+05:30,231.35,232.5,231.1,232.4,469745
2024-09-20T14:15:00+05:30,232.4,233.1,231.88,232.23,1063344
2024-09-20T14:30:00+05:30,232.23,232.55,231.91,231.95,269214
2024-09-20T14:45:00+05:30,232.0,232.25,231.25,231.61,423332
2024-09-20T15:00:00+05:30,231.53,232.49,231.53,232.49,561589
2024-09-20T15:15:00+05:30,232.49,233.0,232.0,232.5,1319393
2024-09-23T09:15:00+05:30,232.89,233.4,228.3,230.71,1430726
2024-09-23T09:30:00+05:30,230.71,230.78,229.5,230.2,416480
2024-09-23T09:45:00+05:30,230.34,230.7,229.52,229.8,311271
2024-09-23T10:00:00+05:30,229.62,230.45,229.5,230.44,240683
2024-09-23T10:15:00+05:30,230.44,230.75,230.05,230.75,168365
2024-09-23T10:30:00+05:30,230.73,230.79,230.15,230.34,132162
2024-09-23T10:45:00+05:30,230.34,231.68,230.06,231.31,332552
2024-09-23T11:00:00+05:30,231.21,231.5,231.0,231.02,136007
2024-09-23T11:15:00+05:30,231.02,231.08,230.52,230.64,94367
2024-09-23T11:30:00+05:30,230.64,230.65,230.01,230.39,133702
2024-09-23T11:45:00+05:30,230.3,230.56,230.05,230.33,77105
2024-09-23T12:00:00+05:30,230.33,230.77,230.22,230.49,106014
2024-09-23T12:15:00+05:30,230.49,230.5,230.23,230.43,72101
2024-09-23T12:30:00+05:30,230.3,230.85,230.25,230.59,61548
2024-09-23T12:45:00+05:30,230.5,230.59,230.13,230.2,90023
2024-09-23T13:00:00+05:30,230.15,230.46,230.01,230.4,79330
2024-09-23T13:15:00+05:30,230.32,230.5,230.11,230.4,77746
2024-09-23T13:30:00+05:30,230.41,230.69,230.25,230.37,87637
2024-09-23T13:45:00+05:30,230.5,230.6,230.2,230.6,62495
2024-09-23T14:00:00+05:30,230.6,230.6,230.22,230.5,78190
2024-09-23T14:15:00+05:30,230.5,230.85,230.2,230.26,97614
2024-09-23T14:30:00+05:30,230.26,230.4,230.01,230.1,131834
2024-09-23T14:45:00+05:30,230.2,230.4,230.0,230.03,172873
2024-09-23T15:00:00+05:30,230.14,230.53,229.75,229.94,364334
2024-09-23T15:15:00+05:30,229.9,231.09,229.55,230.48,598277
2024-09-24T09:15:00+05:30,230.0,230.42,228.25,228.5,556124
2024-09-24T09:30:00+05:30,228.49,228.85,227.7,228.85,322257
2024-09-24T09:45:00+05:30,228.85,228.85,228.28,228.35,188191
2024-09-24T10:00:00+05:30,228.35,228.35,228.0,228.1,154805
2024-09-24T10:15:00+05:30,228.1,228.79,228.02,228.5,119911
2024-09-24T10:30:00+05:30,228.4,228.5,228.03,228.21,113353
2024-09-24T10:45:00+05:30,228.3,228.31,227.75,227.81,174042
2024-09-24T11:00:00+05:30,227.81,228.15,227.8,227.95,82177
2024-09-24T11:15:00+05:30,227.95,228.2,227.75,227.91,94697
2024-09-24T11:30:00+05:30,227.85,228.12,227.7,228.02,100936
2024-09-24T11:45:00+05:30,228.0,228.13,227.9,227.91,67999
2024-09-24T12:00:00+05:30,228.0,228.0,227.8,227.89,65896
2024-09-24T12:15:00+05:30,227.8,228.2,227.8,228.06,62883
2024-09-24T12:30:00+05:30,228.06,228.18,228.0,228.15,62636
2024-09-24T12:45:00+05:30,228.14,228.65,228.0,228.53,101013
2024-09-24T13:00:00+05:30,228.46,228.5,228.05,228.26,69370
2024-09-24T13:15:00+05:30,228.15,228.38,228.0,228.15,62865
2024-09-24T13:30:00+05:30,228.15,228.4,228.01,228.2,84598
2024-09-24T13:45:00+05:30,228.2,228.4,228.0,228.1,89670
2024-09-24T14:00:00+05:30,228.1,228.14,228.0,228.0,93380
2024-09-24T14:15:00+05:30,228.02,228.15,227.8,228.05,138059
2024-09-24T14:30:00+05:30,228.0,228.1,227.89,227.95,82268
2024-09-24T14:45:00+05:30,227.99,228.73,227.9,228.09,202551
2024-09-24T15:00:00+05:30,228.08,228.2,227.1,227.16,284251
2024-09-24T15:15:00+05:30,227.15,227.6,227.0,227.35,504765
2024-09-25T09:15:00+05:30,227.4,228.58,226.61,226.97,518893
2024-09-25T09:30:00+05:30,226.97,227.1,225.2,225.74,360412
2024-09-25T09:45:00+05:30,225.69,225.79,225.0,225.58,245589
2024-09-25T10:00:00+05:30,225.58,225.58,223.56,223.65,425658
2024-09-25T10:15:00+05:30,223.7,224.4,223.26,223.66,316500
2024-09-25T10:30:00+05:30,223.6,223.7,222.87,223.32,409590
2024-09-25T10:45:00+05:30,223.25,223.96,223.16,223.71,145174
2024-09-25T11:00:00+05:30,223.71,224.25,223.57,224.0,156740
2024-09-25T11:15:00+05:30,224.0,224.2,223.8,223.85,91460
2024-09-25T11:30:00+05:30,223.85,224.4,223.81,223.95,115912
2024-09-25T11:45:00+05:30,223.95,223.96,223.6,223.74,70858
2024-09-25T12:00:00+05:30,223.74,223.89,223.5,223.7,79748
2024-09-25T12:15:00+05:30,223.85,223.97,223.5,223.71,123603
2024-09-25T12:30:00+05:30,223.65,223.87,223.0,223.39,110021
2024-09-25T12:45:00+05:30,223.39,223.97,223.25,223.85,57590
2024-09-25T13:00:00+05:30,223.89,224.18,223.71,223.75,71863
2024-09-25T13:15:00+05:30,223.85,224.0,223.61,223.75,85830
2024-09-25T13:30:00+05:30,223.75,224.35,223.61,224.03,81367
2024-09-25T13:45:00+05:30,224.0,224.27,223.92,224.1,53446
2024-09-25T14:00:00+05:30,224.18,224.25,224.02,224.2,78390
2024-09-25T14:15:00+05:30,224.12,224.23,223.75,223.87,92532
2024-09-25T14:30:00+05:30,223.87,223.91,223.6,223.8,87096
2024-09-25T14:45:00+05:30,223.8,223.8,223.3,223.45,150675
2024-09-25T15:00:00+05:30,223.4,223.94,223.29,223.54,321108
2024-09-25T15:15:00+05:30,223.54,224.24,223.0,223.45,550827
2024-09-26T09:15:00+05:30,220.0,222.85,219.98,220.8,892818
2024-09-26T09:30:00+05:30,220.82,220.88,217.0,217.12,1768398
2024-09-26T09:45:00+05:30,217.13,218.55,217.1,218.37,673401
2024-09-26T10:00:00+05:30,218.23,219.61,218.21,218.99,446336
2024-09-26T10:15:00+05:30,218.99,224.8,218.96,223.44,1491236
2024-09-26T10:30:00+05:30,223.58,227.49,223.4,225.86,1774705
2024-09-26T10:45:00+05:30,226.01,227.5,225.54,227.06,912281
2024-09-26T11:00:00+05:30,227.14,227.2,225.85,226.01,413013
2024-09-26T11:15:00+05:30,226.01,226.3,225.5,225.7,262139
2024-09-26T11:30:00+05:30,225.66,226.5,225.57,225.8,202009
2024-09-26T11:45:00+05:30,225.8,225.99,225.5,225.5,163703
2024-09-26T12:00:00+05:30,225.65,225.66,223.73,224.26,450200
2024-09-26T12:15:00+05:30,224.12,224.4,223.15,224.3,335930
2024-09-26T12:30:00+05:30,224.28,224.4,223.6,224.2,162579
2024-09-26T12:45:00+05:30,224.19,224.5,223.92,224.09,130515
2024-09-26T13:00:00+05:30,224.22,224.5,223.9,224.1,92120
2024-09-26T13:15:00+05:30,224.14,225.5,224.0,225.14,188573
2024-09-26T13:30:00+05:30,225.14,226.11,224.91,225.6,283179
2024-09-26T13:45:00+05:30,225.6,226.22,225.3,226.19,251492
2024-09-26T14:00:00+05:30,226.2,226.2,225.15,225.48,147243
2024-09-26T14:15:00+05:30,225.48,225.7,224.7,224.86,137030
2024-09-26T14:30:00+05:30,224.95,228.9,224.84,225.59,1458023
2024-09-26T14:45:00+05:30,225.59,225.8,224.01,225.15,411895
2024-09-26T15:00:00+05:30,225.1,225.2,224.5,224.9,320022
2024-09-26T15:15:00+05:30,224.83,225.0,224.0,224.19,656238
2024-09-27T09:15:00+05:30,224.86,226.9,224.03,226.04,773536
2024-09-27T09:30:00+05:30,226.04,226.19,224.85,224.91,314312
2024-09-27T09:45:00+05:30,225.05,225.75,223.5,223.99,368547
2024-09-27T10:00:00+05:30,223.99,225.04,223.81,225.0,203370
2024-09-27T10:15:00+05:30,224.91,225.9,224.71,225.38,163581
2024-09-27T10:30:00+05:30,225.53,226.25,225.34,226.16,202087
2024-09-27T10:45:00+05:30,226.14,226.5,224.9,225.1,232749
2024-09-27T11:00:00+05:30,225.16,225.51,224.11,224.88,166362
2024-09-27T11:15:00+05:30,224.88,224.99,224.21,224.54,103782
2024-09-27T11:30:00+05:30,224.43,224.8,224.22,224.7,80659
2024-09-27T11:45:00+05:30,224.7,225.0,224.5,224.76,80574
2024-09-27T12:00:00+05:30,224.76,224.89,224.5,224.85,60172
2024-09-27T12:15:00+05:30,224.75,225.65,224.53,225.32,158710
2024-09-27T12:30:00+05:30,225.32,225.34,224.8,224.8,52843
2024-09-27T12:45:00+05:30,224.89,224.89,224.25,224.4,199506
2024-09-27T13:00:00+05:30,224.42,224.45,224.1,224.25,72723
2024-09-27T13:15:00+05:30,224.25,224.29,224.0,224.05,112474
2024-09-27T13:30:00+05:30,224.1,225.25,224.01,225.1,133155
2024-09-27T13:45:00+05:30,225.1,225.7,225.03,225.4,116196
2024-09-27T14:00:00+05:30,225.45,225.5,225.02,225.35,109057
2024-09-27T14:15:00+05:30,225.39,226.2,225.25,226.2,188192
2024-09-27T14:30:00+05:30,226.19,226.2,225.25,225.45,147328
2024-09-27T14:45:00+05:30,225.49,228.0,225.36,227.95,713441
2024-09-27T15:00:00+05:30,227.95,233.83,227.95,233.61,2556051
2024-09-27T15:15:00+05:30,233.74,234.0,231.56,233.0,2803119
2024-09-30T09:15:00+05:30,232.3,232.38,227.1,227.64,1628138
2024-09-30T09:30:00+05:30,227.79,228.08,226.5,226.62,689350
2024-09-30T09:45:00+05:30,226.75,227.4,226.27,227.07,385596
2024-09-30T10:00:00+05:30,227.15,227.98,226.8,227.62,233081
2024-09-30T10:15:00+05:30,227.78,228.0,227.14,227.85,172778
2024-09-30T10:30:00+05:30,227.85,228.19,227.28,228.1,149317
2024-09-30T10:45:00+05:30,228.1,228.63,227.7,228.12,192710
2024-09-30T11:00:00+05:30,228.12,228.3,227.88,228.18,94642
2024-09-30T11:15:00+05:30,228.18,228.4,227.39,227.65,145343
2024-09-30T11:30:00+05:30,227.65,228.14,227.4,227.71,110588
2024-09-30T11:45:00+05:30,227.71,228.3,227.61,228.05,98576
2024-09-30T12:00:00+05:30,228.19,229.59,228.1,229.12,301156
2024-09-30T12:15:00+05:30,229.12,229.18,228.4,229.06,133679
2024-09-30T12:30:00+05:30,228.88,229.3,228.61,229.25,149808
2024-09-30T12:45:00+05:30,229.24,230.9,229.08,230.65,381717
2024-09-30T13:00:00+05:30,230.65,230.94,229.04,230.17,238830
2024-09-30T13:15:00+05:30,230.17,231.6,229.39,229.58,307476
2024-09-30T13:30:00+05:30,229.58,230.85,229.22,230.41,199712
2024-09-30T13:45:00+05:30,230.41,231.2,230.14,230.85,193803
2024-09-30T14:00:00+05:30,230.82,231.45,230.72,230.85,264745
2024-09-30T14:15:00+05:30,230.85,230.9,230.26,230.89,152979
2024-09-30T14:30:00+05:30,230.75,230.8,230.05,230.05,176673
2024-09-30T14:45:00+05:30,230.05,236.84,229.5,236.57,1734560
2024-09-30T15:00:00+05:30,236.43,237.0,233.35,234.9,1766217
2024-09-30T15:15:00+05:30,234.88,234.93,232.9,233.0,937841
2024-10-01T09:15:00+05:30,235.95,237.0,232.49,232.87,1342560
2024-10-01T09:30:00+05:30,232.94,233.5,232.12,232.8,428778
2024-10-01T09:45:00+05:30,232.81,233.01,231.8,232.01,406230
2024-10-01T10:00:00+05:30,232.16,232.66,231.85,232.0,234399
2024-10-01T10:15:00+05:30,231.95,232.17,231.0,231.1,316047
2024-10-01T10:30:00+05:30,231.01,231.6,230.81,231.54,208786
2024-10-01T10:45:00+05:30,231.42,232.5,231.3,231.68,238350
2024-10-01T11:00:00+05:30,231.68,231.97,231.0,231.84,178650
2024-10-01T11:15:00+05:30,231.85,232.0,231.5,231.87,104618
2024-10-01T11:30:00+05:30,231.83,232.0,231.5,232.0,122222
2024-10-01T11:45:00+05:30,231.99,232.0,231.41,231.75,220993
2024-10-01T12:00:00+05:30,231.62,232.0,231.62,231.87,98692
2024-10-01T12:15:00+05:30,231.87,231.99,231.44,231.77,89511
2024-10-01T12:30:00+05:30,231.77,231.86,230.9,231.36,175360
2024-10-01T12:45:00+05:30,231.23,231.49,231.0,231.39,70742
2024-10-01T13:00:00+05:30,231.39,231.69,231.0,231.5,83994
2024-10-01T13:15:00+05:30,231.58,232.23,231.19,232.2,129497
2024-10-01T13:30:00+05:30,232.2,232.8,232.0,232.65,300865
2024-10-01T13:45:00+05:30,232.65,232.81,232.07,232.5,221124
2024-10-01T14:00:00+05:30,232.51,232.66,232.1,232.33,125325
2024-10-01T14:15:00+05:30,232.46,232.5,231.8,231.8,103583
2024-10-01T14:30:00+05:30,231.9,232.05,231.66,232.0,113839
2024-10-01T14:45:00+05:30,232.0,232.35,231.79,231.98,123156
2024-10-01T15:00:00+05:30,231.98,231.99,230.65,230.65,344871
2024-10-01T15:15:00+05:30,230.75,231.8,230.0,230.6,581220
2024-10-03T09:15:00+05:30,224.91,228.49,223.02,227.26,1427830
2024-10-03T09:30:00+05:30,227.1,227.69,226.5,227.33,391271
2024-10-03T09:45:00+05:30,227.5,227.5,226.5,226.69,282420
2024-10-03T10:00:00+05:30,226.69,227.13,226.05,226.28,290367
2024-10-03T10:15:00+05:30,226.2,227.0,226.0,226.7,248436
2024-10-03T10:30:00+05:30,226.8,227.0,226.4,226.54,132666
2024-10-03T10:45:00+05:30,226.54,226.57,226.02,226.37,127385
2024-10-03T11:00:00+05:30,226.3,226.5,226.03,226.24,107061
2024-10-03T11:15:00+05:30,226.24,226.3,225.1,225.11,231573
2024-10-03T11:30:00+05:30,225.11,225.5,225.01,225.31,128179
2024-10-03T11:45:00+05:30,225.36,225.5,225.05,225.2,120264
2024-10-03T12:00:00+05:30,225.2,225.41,224.56,225.3,283212
2024-10-03T12:15:00+05:30,225.2,225.49,224.88,225.07,110776
2024-10-03T12:30:00+05:30,225.0,225.5,224.3,225.4,256551
2024-10-03T12:45:00+05:30,225.4,225.5,224.64,224.96,98503
2024-10-03T13:00:00+05:30,225.09,225.25,224.3,224.7,155275
2024-10-03T13:15:00+05:30,224.7,224.99,224.1,224.36,148780
2024-10-03T13:30:00+05:30,224.36,224.47,223.8,224.0,278035
2024-10-03T13:45:00+05:30,224.1,224.19,223.1,223.72,395877
2024-10-03T14:00:00+05:30,223.72,224.0,223.05,223.25,190250
2024-10-03T14:15:00+05:30,223.22,224.0,223.21,223.6,163942
2024-10-03T14:30:00+05:30,223.6,224.0,223.5,223.84,185538
2024-10-03T14:45:00+05:30,223.84,224.2,223.5,223.92,192445
2024-10-03T15:00:00+05:30,223.92,224.13,223.06,223.4,356360
2024-10-03T15:15:00+05:30,223.4,224.2,222.3,224.2,725887
2024-10-04T09:15:00+05:30,224.29,226.69,219.03,219.54,1160381
2024-10-04T09:30:00+05:30,219.4,222.95,218.0,222.77,793970
2024-10-04T09:45:00+05:30,222.9,225.0,222.66,224.88,488201
2024-10-04T10:00:00+05:30,224.88,225.0,223.13,223.88,362559
2024-10-04T10:15:00+05:30,223.88,224.0,222.12,222.32,227420
2024-10-04T10:30:00+05:30,222.4,224.75,222.01,224.68,204496
2024-10-04T10:45:00+05:30,224.75,225.45,224.08,224.98,383274
2024-10-04T11:00:00+05:30,224.99,225.15,224.2,224.88,129099
2024-10-04T11:15:00+05:30,224.87,225.0,223.5,223.91,154968
2024-10-04T11:30:00+05:30,223.91,224.4,223.44,224.33,95302
2024-10-04T11:45:00+05:30,224.32,224.95,223.5,224.84,129473
2024-10-04T12:00:00+05:30,224.94,225.0,224.51,224.67,118593
2024-10-04T12:15:00+05:30,224.74,225.2,224.5,225.1,156990
2024-10-04T12:30:00+05:30,225.01,225.15,223.0,223.35,162802
2024-10-04T12:45:00+05:30,223.35,223.84,222.1,222.88,215582
2024-10-04T13:00:00+05:30,222.8,222.8,221.51,221.7,237902
2024-10-04T13:15:00+05:30,221.7,222.71,221.41,222.31,161750
2024-10-04T13:30:00+05:30,222.21,222.32,221.5,222.16,80563
2024-10-04T13:45:00+05:30,222.16,222.98,221.7,222.72,109276
2024-10-04T14:00:00+05:30,222.7,223.08,222.26,223.07,79340
2024-10-04T14:15:00+05:30,223.07,224.0,222.11,222.39,188472
2024-10-04T14:30:00+05:30,222.49,223.2,222.15,222.21,139762
2024-10-04T14:45:00+05:30,222.21,222.59,221.44,221.5,159590
2024-10-04T15:00:00+05:30,221.52,222.9,221.0,221.8,266144
2024-10-04T15:15:00+05:30,221.8,222.38,221.0,222.0,415429
2024-10-07T09:15:00+05:30,223.66,225.59,221.4,221.65,721446
2024-10-07T09:30:00+05:30,221.68,221.96,219.2,219.36,561020
2024-10-07T09:45:00+05:30,219.21,219.47,215.56,217.51,854753
2024-10-07T10:00:00+05:30,217.68,217.7,215.0,215.72,631042
2024-10-07T10:15:00+05:30,215.68,216.0,214.2,214.54,499357
2024-10-07T10:30:00+05:30,214.54,214.6,211.14,213.62,753966
2024-10-07T10:45:00+05:30,213.84,214.1,211.5,212.4,569606
2024-10-07T11:00:00+05:30,212.4,214.65,210.0,213.86,860698
2024-10-07T11:15:00+05:30,213.99,216.77,213.36,214.9,560093
2024-10-07T11:30:00+05:30,214.9,216.16,214.31,214.94,225415
2024-10-07T11:45:00+05:30,214.94,215.0,213.1,213.18,211126
2024-10-07T12:00:00+05:30,213.18,214.15,212.2,214.08,220819
2024-10-07T12:15:00+05:30,214.1,214.14,212.39,213.0,229189
2024-10-07T12:30:00+05:30,213.0,213.23,212.61,212.78,108719
2024-10-07T12:45:00+05:30,212.77,212.82,212.01,212.29,156447
2024-10-07T13:00:00+05:30,212.36,212.4,211.34,211.52,249696
2024-10-07T13:15:00+05:30,211.52,212.9,211.21,212.88,186813
2024-10-07T13:30:00+05:30,212.88,212.89,211.95,212.1,202294
2024-10-07T13:45:00+05:30,212.1,212.8,211.62,212.5,213614
2024-10-07T14:00:00+05:30,212.5,212.7,211.85,212.0,192418
2024-10-07T14:15:00+05:30,211.86,212.15,211.0,211.1,242110
2024-10-07T14:30:00+05:30,211.01,211.59,211.0,211.38,235467
2024-10-07T14:45:00+05:30,211.38,212.48,211.15,211.81,263922
2024-10-07T15:00:00+05:30,211.82,211.93,211.0,211.05,292832
2024-10-07T15:15:00+05:30,211.05,211.5,210.3,211.4,616464
2024-10-08T09:15:00+05:30,208.99,214.5,206.0,214.5,2241719
2024-10-08T09:30:00+05:30,214.5,214.66,211.0,211.55,657710
2024-10-08T09:45:00+05:30,211.5,215.4,211.39,214.51,658451
2024-10-08T10:00:00+05:30,214.51,215.0,212.0,213.25,490027
2024-10-08T10:15:00+05:30,213.25,215.2,212.68,214.86,352285
2024-10-08T10:30:00+05:30,214.86,218.8,214.4,217.4,1056975
2024-10-08T10:45:00+05:30,217.39,218.9,215.6,216.19,643480
2024-10-08T11:00:00+05:30,216.19,218.5,216.08,218.45,399487
2024-10-08T11:15:00+05:30,218.45,221.9,217.55,221.0,887335
2024-10-08T11:30:00+05:30,221.0,224.8,220.97,222.39,1107318
2024-10-08T11:45:00+05:30,222.39,223.3,221.1,221.31,491169
2024-10-08T12:00:00+05:30,221.48,221.55,219.61,220.6,430735
2024-10-08T12:15:00+05:30,220.49,221.33,219.25,220.27,253133
2024-10-08T12:30:00+05:30,220.23,220.89,219.6,220.75,154792
2024-10-08T12:45:00+05:30,220.75,220.8,219.71,220.24,144408
2024-10-08T13:00:00+05:30,220.24,221.74,220.1,221.16,262827
2024-10-08T13:15:00+05:30,221.15,222.18,220.25,222.18,209592
2024-10-08T13:30:00+05:30,222.01,224.0,221.13,222.49,510263
2024-10-08T13:45:00+05:30,222.49,223.27,222.04,222.45,271190
2024-10-08T14:00:00+05:30,222.45,223.3,222.16,223.16,292785
2024-10-08T14:15:00+05:30,223.15,223.6,222.89,223.14,272997
2024-10-08T14:30:00+05:30,223.12,224.68,223.0,223.41,384345
2024-10-08T14:45:00+05:30,223.5,223.51,221.65,223.2,405076
2024-10-08T15:00:00+05:30,223.1,224.5,223.09,224.1,833240
2024-10-08T15:15:00+05:30,224.03,225.4,224.0,225.11,1001242
2024-10-09T09:15:00+05:30,226.2,227.99,225.51,227.02,1436008
2024-10-09T09:30:00+05:30,227.01,228.7,226.01,228.31,501209
2024-10-09T09:45:00+05:30,228.35,228.4,227.0,227.05,411329
2024-10-09T10:00:00+05:30,227.06,228.7,226.31,228.48,372027
2024-10-09T10:15:00+05:30,228.35,229.37,227.25,227.4,451521
2024-10-09T10:30:00+05:30,227.45,228.95,227.36,228.07,252103
2024-10-09T10:45:00+05:30,228.1,228.49,227.86,228.0,131700
2024-10-09T11:00:00+05:30,228.0,229.65,227.95,229.0,346309
2024-10-09T11:15:00+05:30,229.0,229.3,228.8,229.25,136791
2024-10-09T11:30:00+05:30,229.25,229.94,229.0,229.18,272323
2024-10-09T11:45:00+05:30,229.18,229.18,227.8,227.8,288081
2024-10-09T12:00:00+05:30,227.96,228.5,227.0,227.99,273495
2024-10-09T12:15:00+05:30,228.0,228.8,227.7,228.46,103640
2024-10-09T12:30:00+05:30,228.64,228.64,228.1,228.13,59783
2024-10-09T12:45:00+05:30,228.13,228.19,227.56,227.96,75759
2024-10-09T13:00:00+05:30,227.82,228.22,227.6,227.95,73254
2024-10-09T13:15:00+05:30,227.95,227.95,226.69,227.02,173786
2024-10-09T13:30:00+05:30,227.02,228.22,227.0,227.86,151104
2024-10-09T13:45:00+05:30,227.86,228.0,227.4,227.7,91054
2024-10-09T14:00:00+05:30,227.7,227.99,227.1,227.66,109929
2024-10-09T14:15:00+05:30,227.75,227.83,226.62,226.96,167542
2024-10-09T14:30:00+05:30,227.1,234.0,226.96,232.73,3185464
2024-10-09T14:45:00+05:30,232.73,232.99,231.51,231.7,733847
2024-10-09T15:00:00+05:30,231.75,231.78,229.5,230.71,913206
2024-10-09T15:15:00+05:30,230.62,232.5,230.15,232.5,1094457
2024-10-10T09:15:00+05:30,233.5,235.79,233.0,235.05,2092616
2024-10-10T09:30:00+05:30,235.05,235.22,231.6,232.7,822302
2024-10-10T09:45:00+05:30,232.78,233.88,232.5,233.44,312711
2024-10-10T10:00:00+05:30,233.44,233.49,232.57,233.0,204511
2024-10-10T10:15:00+05:30,233.11,233.2,232.04,232.1,221982
2024-10-10T10:30:00+05:30,232.1,232.89,232.04,232.15,154774
2024-10-10T10:45:00+05:30,232.14,232.8,232.13,232.7,119516
2024-10-10T11:00:00+05:30,232.78,232.8,232.05,232.39,108149
2024-10-10T11:15:00+05:30,232.37,232.75,232.0,232.7,120345
2024-10-10T11:30:00+05:30,232.65,232.79,232.05,232.6,103517
2024-10-10T11:45:00+05:30,232.6,234.33,232.5,234.0,360059
2024-10-10T12:00:00+05:30,234.0,234.1,233.28,233.52,120262
2024-10-10T12:15:00+05:30,233.53,234.95,233.52,234.59,336378
2024-10-10T12:30:00+05:30,234.59,234.68,233.76,233.96,215095
2024-10-10T12:45:00+05:30,233.96,234.6,233.75,234.06,227712
2024-10-10T13:00:00+05:30,234.22,237.0,233.95,236.1,954712
2024-10-10T13:15:00+05:30,236.09,237.0,235.02,235.51,744256
2024-10-10T13:30:00+05:30,235.52,236.01,234.5,234.52,429149
2024-10-10T13:45:00+05:30,234.5,234.85,233.55,234.73,354431
2024-10-10T14:00:00+05:30,234.6,234.73,233.5,233.91,156251
2024-10-10T14:15:00+05:30,234.0,234.99,233.8,234.5,199746
2024-10-10T14:30:00+05:30,234.5,235.0,233.8,234.85,225419
2024-10-10T14:45:00+05:30,234.85,236.4,234.53,235.2,587595
2024-10-10T15:00:00+05:30,235.06,236.0,234.01,234.46,517703
2024-10-10T15:15:00+05:30,234.47,234.7,232.25,232.7,998933
2024-10-11T09:15:00+05:30,238.0,239.9,235.0,236.1,5928960
2024-10-11T09:30:00+05:30,236.1,236.78,235.0,236.18,1355272
2024-10-11T09:45:00+05:30,236.18,236.75,235.5,235.6,641471
2024-10-11T10:00:00+05:30,235.52,236.49,234.01,234.3,854363
2024-10-11T10:15:00+05:30,234.29,235.5,233.11,235.13,1402605
2024-10-11T10:30:00+05:30,235.13,235.9,234.26,234.68,557929
2024-10-11T10:45:00+05:30,234.68,235.0,233.62,233.85,370427
2024-10-11T11:00:00+05:30,234.0,234.5,233.5,233.97,303812
2024-10-11T11:15:00+05:30,233.9,234.2,233.0,233.3,467400
2024-10-11T11:30:00+05:30,233.39,234.01,232.51,232.8,406749
2024-10-11T11:45:00+05:30,232.8,233.8,232.52,233.08,301072
2024-10-11T12:00:00+05:30,233.08,233.6,232.8,232.88,213665
2024-10-11T12:15:00+05:30,232.88,233.31,232.88,233.07,140969
2024-10-11T12:30:00+05:30,233.15,233.6,233.06,233.3,132136
2024-10-11T12:45:00+05:30,233.3,233.3,232.79,232.9,170810
2024-10-11T13:00:00+05:30,232.95,233.32,232.8,233.27,129812
2024-10-11T13:15:00+05:30,233.23,233.5,232.7,233.5,211284
2024-10-11T13:30:00+05:30,233.5,233.6,232.65,232.81,187471
2024-10-11T13:45:00+05:30,232.81,233.29,232.6,232.96,201205
2024-10-11T14:00:00+05:30,232.96,233.25,232.82,233.0,136318
2024-10-11T14:15:00+05:30,232.92,233.19,232.8,232.98,201826
2024-10-11T14:30:00+05:30,233.0,233.0,232.8,232.82,259973
2024-10-11T14:45:00+05:30,232.82,235.15,232.8,232.95,700841
2024-10-11T15:00:00+05:30,232.95,233.14,230.0,230.09,1062586
2024-10-11T15:15:00+05:30,230.09,230.1,225.0,227.4,2233929
2024-10-14T09:15:00+05:30,229.49,229.7,225.1,225.31,1310238
2024-10-14T09:30:00+05:30,225.31,225.35,224.28,224.96,717613
2024-10-14T09:45:00+05:30,224.91,226.19,224.32,224.74,488291
2024-10-14T10:00:00+05:30,224.71,225.54,224.6,224.88,184351
2024-10-14T10:15:00+05:30,224.74,225.09,224.4,224.43,192663
2024-10-14T10:30:00+05:30,224.51,224.94,224.08,224.13,150057
2024-10-14T10:45:00+05:30,224.2,224.5,223.5,223.99,320807
2024-10-14T11:00:00+05:30,223.9,224.0,223.5,223.88,160074
2024-10-14T11:15:00+05:30,223.89,224.59,223.83,224.04,173639
2024-10-14T11:30:00+05:30,224.0,224.52,223.82,224.4,107522
2024-10-14T11:45:00+05:30,224.52,224.55,224.21,224.39,92123
2024-10-14T12:00:00+05:30,224.39,224.44,224.0,224.06,94907
2024-10-14T12:15:00+05:30,224.06,224.2,224.0,224.2,71586
2024-10-14T12:30:00+05:30,224.2,224.39,224.01,224.2,96121
2024-10-14T12:45:00+05:30,224.2,224.3,221.35,221.82,562254
2024-10-14T13:00:00+05:30,221.82,222.48,221.15,221.93,296393
2024-10-14T13:15:00+05:30,221.91,222.2,221.0,221.99,273727
2024-10-14T13:30:00+05:30,221.99,222.54,221.49,222.4,239484
2024-10-14T13:45:00+05:30,222.4,222.5,221.5,222.0,209667
2024-10-14T14:00:00+05:30,222.0,222.19,221.48,221.99,284139
2024-10-14T14:15:00+05:30,221.99,222.49,221.2,222.09,195903
2024-10-14T14:30:00+05:30,222.09,222.3,221.8,221.99,186601
2024-10-14T14:45:00+05:30,221.99,222.14,221.48,221.85,282050
2024-10-14T15:00:00+05:30,221.85,221.97,221.0,221.02,479581
2024-10-14T15:15:00+05:30,221.06,221.95,221.0,221.86,803031
2024-10-15T09:15:00+05:30,222.6,223.8,221.63,222.8,730756
2024-10-15T09:30:00+05:30,222.91,223.33,222.1,223.27,268770
2024-10-15T09:45:00+05:30,223.15,223.3,220.29,220.7,457885
2024-10-15T10:00:00+05:30,220.72,221.37,220.16,220.38,248390
2024-10-15T10:15:00+05:30,220.37,221.4,220.19,221.0,108031
2024-10-15T10:30:00+05:30,221.0,221.4,220.5,221.28,145096
2024-10-15T10:45:00+05:30,221.28,221.63,220.64,220.94,83565
2024-10-15T11:00:00+05:30,220.94,221.0,220.41,220.65,118174
2024-10-15T11:15:00+05:30,220.65,220.98,220.32,220.5,83752
2024-10-15T11:30:00+05:30,220.5,220.73,220.3,220.5,67272
2024-10-15T11:45:00+05:30,220.5,220.8,220.32,220.74,55016
2024-10-15T12:00:00+05:30,220.74,220.8,220.35,220.41,96329
2024-10-15T12:15:00+05:30,220.41,220.65,220.35,220.65,59247
2024-10-15T12:30:00+05:30,220.53,224.79,220.5,224.18,593671
2024-10-15T12:45:00+05:30,224.17,225.9,223.61,224.11,714682
2024-10-15T13:00:00+05:30,224.19,224.5,223.5,223.8,182720
2024-10-15T13:15:00+05:30,223.86,224.1,223.07,223.8,155875
2024-10-15T13:30:00+05:30,223.8,224.69,223.8,223.95,135846
2024-10-15T13:45:00+05:30,223.95,224.0,223.31,223.4,122012
2024-10-15T14:00:00+05:30,223.45,223.51,223.0,223.39,80824
2024-10-15T14:15:00+05:30,223.39,224.0,223.0,223.74,101362
2024-10-15T14:30:00+05:30,223.77,223.85,223.25,223.69,93429
2024-10-15T14:45:00+05:30,223.69,224.75,223.4,223.45,190141
2024-10-15T15:00:00+05:30,223.45,223.68,222.1,222.29,262716
2024-10-15T15:15:00+05:30,222.29,223.0,222.0,222.79,451123
2024-10-16T09:15:00+05:30,222.61,224.29,221.5,223.9,512013
2024-10-16T09:30:00+05:30,223.71,224.0,223.0,223.65,274277
2024-10-16T09:45:00+05:30,223.65,224.24,223.07,223.15,173198
2024-10-16T10:00:00+05:30,223.15,223.5,222.7,222.99,177403
2024-10-16T10:15:00+05:30,222.88,223.48,222.71,223.0,128242
2024-10-16T10:30:00+05:30,222.91,223.08,222.5,222.51,56376
2024-10-16T10:45:00+05:30,222.56,223.0,222.5,222.66,65713
2024-10-16T11:00:00+05:30,222.79,223.83,222.79,223.19,112678
2024-10-16T11:15:00+05:30,223.19,223.2,222.27,222.51,100182
2024-10-16T11:30:00+05:30,222.49,222.5,222.0,222.2,129432
2024-10-16T11:45:00+05:30,222.2,222.64,221.6,222.33,146472
2024-10-16T12:00:00+05:30,222.34,222.47,221.6,221.69,92039
2024-10-16T12:15:00+05:30,221.7,221.7,221.34,221.55,86858
2024-10-16T12:30:00+05:30,221.6,222.18,221.31,221.51,134741
2024-10-16T12:45:00+05:30,221.65,222.0,221.51,221.97,51561
2024-10-16T13:00:00+05:30,221.97,222.38,221.71,222.15,47406
2024-10-16T13:15:00+05:30,222.15,222.24,221.8,221.96,43436
2024-10-16T13:30:00+05:30,221.96,222.04,221.77,221.99,44308
2024-10-16T13:45:00+05:30,221.88,222.25,221.53,221.8,70121
2024-10-16T14:00:00+05:30,221.8,222.0,221.54,221.77,62518
2024-10-16T14:15:00+05:30,221.84,221.97,221.5,221.8,72684
2024-10-16T14:30:00+05:30,221.8,221.95,221.66,221.66,67877
2024-10-16T14:45:00+05:30,221.7,221.82,221.31,221.4,83975
2024-10-16T15:00:00+05:30,221.4,221.43,221.0,221.19,191082
2024-10-16T15:15:00+05:30,221.2,221.3,220.93,221.15,397973
2024-10-17T09:15:00+05:30,221.94,223.99,221.22,223.79,561582
2024-10-17T09:30:00+05:30,223.77,224.4,222.56,222.56,494460
2024-10-17T09:45:00+05:30,222.73,222.73,221.01,221.86,344060
2024-10-17T10:00:00+05:30,221.84,222.49,221.0,221.69,239701
2024-10-17T10:15:00+05:30,221.82,222.0,220.61,221.0,187423
2024-10-17T10:30:00+05:30,221.0,222.0,220.75,221.57,96529
2024-10-17T10:45:00+05:30,221.72,221.95,220.25,220.95,132831
2024-10-17T11:00:00+05:30,221.11,221.17,220.0,220.1,139686
2024-10-17T11:15:00+05:30,220.05,220.1,219.4,219.4,156687
2024-10-17T11:30:00+05:30,219.5,220.09,219.1,219.58,140287
2024-10-17T11:45:00+05:30,219.45,219.8,219.0,219.15,110549
2024-10-17T12:00:00+05:30,219.25,219.5,219.0,219.3,76632
2024-10-17T12:15:00+05:30,219.29,219.4,218.5,218.85,129466
2024-10-17T12:30:00+05:30,218.85,219.49,218.0,218.25,145427
2024-10-17T12:45:00+05:30,218.25,219.0,218.0,218.76,127060
2024-10-17T13:00:00+05:30,218.76,219.17,218.51,218.78,74044
2024-10-17T13:15:00+05:30,218.8,219.2,218.5,218.5,73872
2024-10-17T13:30:00+05:30,218.55,219.03,218.25,218.99,67624
2024-10-17T13:45:00+05:30,218.99,219.23,217.45,217.98,175719
2024-10-17T14:00:00+05:30,217.95,218.6,217.83,218.33,84134
2024-10-17T14:15:00+05:30,218.25,219.0,218.2,218.86,104453
2024-10-17T14:30:00+05:30,218.91,218.99,218.4,218.59,99019
2024-10-17T14:45:00+05:30,218.57,219.2,218.2,218.48,131995
2024-10-17T15:00:00+05:30,218.48,218.55,217.95,218.02,170239
2024-10-17T15:15:00+05:30,218.02,218.18,217.02,217.94,426641
2024-10-18T09:15:00+05:30,215.89,216.9,211.37,213.01,965267
2024-10-18T09:30:00+05:30,213.14,215.9,213.0,215.01,572047
2024-10-18T09:45:00+05:30,215.1,216.4,214.26,214.79,232719
2024-10-18T10:00:00+05:30,214.79,215.15,213.62,215.12,184600
2024-10-18T10:15:00+05:30,215.01,215.9,214.61,215.8,107674
2024-10-18T10:30:00+05:30,215.9,216.24,215.0,215.43,199791
2024-10-18T10:45:00+05:30,215.25,216.2,215.24,215.66,97746
2024-10-18T11:00:00+05:30,215.53,215.96,215.0,215.29,64602
2024-10-18T11:15:00+05:30,215.29,215.44,214.5,215.37,90214
2024-10-18T11:30:00+05:30,215.37,216.0,215.05,215.99,81175
2024-10-18T11:45:00+05:30,215.99,216.2,215.19,216.19,91991
2024-10-18T12:00:00+05:30,216.19,216.95,215.73,216.2,110353
2024-10-18T12:15:00+05:30,216.2,216.74,215.56,216.5,104816
2024-10-18T12:30:00+05:30,216.5,217.0,216.27,216.69,124876
2024-10-18T12:45:00+05:30,216.69,216.98,216.2,216.3,111920
2024-10-18T13:00:00+05:30,216.4,221.0,216.02,218.05,839382
2024-10-18T13:15:00+05:30,218.1,218.55,217.8,218.22,162687
2024-10-18T13:30:00+05:30,218.18,218.29,217.2,217.51,129529
2024-10-18T13:45:00+05:30,217.51,217.69,216.7,216.96,117393
2024-10-18T14:00:00+05:30,217.08,217.35,216.91,217.3,88181
2024-10-18T14:15:00+05:30,217.29,217.45,217.02,217.45,74403
2024-10-18T14:30:00+05:30,217.44,217.66,216.64,216.65,117673
2024-10-18T14:45:00+05:30,216.77,216.96,216.25,216.6,110546
2024-10-18T15:00:00+05:30,216.6,216.95,215.6,215.82,273913
2024-10-18T15:15:00+05:30,215.94,216.65,215.55,215.99,403923
2024-10-21T09:15:00+05:30,216.18,218.2,214.9,215.21,656145
2024-10-21T09:30:00+05:30,215.28,215.86,213.41,213.8,331989
2024-10-21T09:45:00+05:30,213.7,214.4,212.5,213.15,273573
2024-10-21T10:00:00+05:30,213.25,215.1,213.16,214.2,226639
2024-10-21T10:15:00+05:30,214.2,214.5,213.35,213.4,127673
2024-10-21T10:30:00+05:30,213.4,213.72,213.0,213.1,116302
2024-10-21T10:45:00+05:30,213.02,213.46,212.55,213.27,130435
2024-10-21T11:00:00+05:30,213.44,213.79,213.0,213.17,78342
2024-10-21T11:15:00+05:30,213.08,213.2,212.5,212.71,126625
2024-10-21T11:30:00+05:30,212.83,212.96,212.26,212.88,100394
2024-10-21T11:45:00+05:30,212.85,212.9,212.0,212.06,102595
2024-10-21T12:00:00+05:30,212.05,212.4,211.95,212.0,154140
2024-10-21T12:15:00+05:30,211.92,212.5,211.4,212.48,145011
2024-10-21T12:30:00+05:30,212.5,212.5,211.0,211.5,181302
2024-10-21T12:45:00+05:30,211.45,211.6,211.0,211.1,97541
2024-10-21T13:00:00+05:30,211.27,211.7,211.06,211.65,71974
2024-10-21T13:15:00+05:30,211.5,212.29,211.5,211.84,101265
2024-10-21T13:30:00+05:30,211.7,212.1,211.35,212.1,85533
2024-10-21T13:45:00+05:30,212.1,213.3,211.75,212.44,225118
2024-10-21T14:00:00+05:30,212.4,213.3,211.8,211.96,149958
2024-10-21T14:15:00+05:30,211.95,212.0,211.7,211.71,60666
2024-10-21T14:30:00+05:30,211.8,212.0,211.3,211.36,104519
2024-10-21T14:45:00+05:30,211.36,211.65,211.0,211.01,188443
2024-10-21T15:00:00+05:30,211.01,211.04,210.0,210.15,320834
2024-10-21T15:15:00+05:30,210.15,210.2,209.0,209.99,581338
2024-10-22T09:15:00+05:30,209.99,210.0,204.26,204.87,1257089
2024-10-22T09:30:00+05:30,205.0,205.9,204.27,205.2,585994
2024-10-22T09:45:00+05:30,205.2,206.76,205.2,206.0,446190
2024-10-22T10:00:00+05:30,206.0,206.49,203.1,203.4,463191
2024-10-22T10:15:00+05:30,203.4,203.4,201.5,201.65,645127
2024-10-22T10:30:00+05:30,201.65,203.2,201.2,203.0,477984
2024-10-22T10:45:00+05:30,203.0,205.99,202.9,205.75,495926
2024-10-22T11:00:00+05:30,205.6,206.49,203.99,204.99,398042
2024-10-22T11:15:00+05:30,204.78,205.18,203.14,203.51,302578
2024-10-22T11:30:00+05:30,203.64,204.31,202.71,202.98,215800
2024-10-22T11:45:00+05:30,202.99,203.35,202.01,202.3,248764
2024-10-22T12:00:00+05:30,202.3,202.55,201.25,201.74,272962
2024-10-22T12:15:00+05:30,201.74,202.65,201.12,201.74,299524
2024-10-22T12:30:00+05:30,201.65,201.98,201.1,201.58,237909
2024-10-22T12:45:00+05:30,201.58,202.4,201.15,202.35,219833
2024-10-22T13:00:00+05:30,202.35,202.69,201.55,202.65,192752
2024-10-22T13:15:00+05:30,202.65,202.68,201.6,202.56,210780
2024-10-22T13:30:00+05:30,202.5,203.77,202.33,203.2,250596
2024-10-22T13:45:00+05:30,203.2,203.77,202.62,203.36,153108
2024-10-22T14:00:00+05:30,203.3,203.48,202.1,203.07,236668
2024-10-22T14:15:00+05:30,203.07,203.35,201.6,201.89,269968
2024-10-22T14:30:00+05:30,201.89,201.98,201.15,201.83,201861
2024-10-22T14:45:00+05:30,201.78,201.84,200.2,200.41,346046
2024-10-22T15:00:00+05:30,200.39,200.54,198.1,198.77,852006
2024-10-22T15:15:00+05:30,198.77,201.9,198.0,201.5,792081
2024-10-23T09:15:00+05:30,199.01,202.9,194.11,197.06,2196984
2024-10-23T09:30:00+05:30,196.81,197.09,190.11,190.72,1802755
2024-10-23T09:45:00+05:30,190.58,194.65,188.47,194.65,2181484
2024-10-23T10:00:00+05:30,194.54,198.0,194.01,197.7,1231525
2024-10-23T10:15:00+05:30,197.7,199.68,195.71,197.05,699582
2024-10-23T10:30:00+05:30,197.02,197.69,196.0,197.0,286309
2024-10-23T10:45:00+05:30,197.18,198.6,196.62,197.89,243760
2024-10-23T11:00:00+05:30,197.68,201.55,197.68,199.82,813553
2024-10-23T11:15:00+05:30,199.62,200.5,198.41,199.25,270414
2024-10-23T11:30:00+05:30,199.2,200.4,199.0,199.85,217996
2024-10-23T11:45:00+05:30,199.86,200.33,198.51,198.83,223258
2024-10-23T12:00:00+05:30,198.78,199.99,197.61,198.25,206662
2024-10-23T12:15:00+05:30,198.25,198.41,197.2,198.3,209645
2024-10-23T12:30:00+05:30,198.27,199.7,197.76,199.19,161280
2024-10-23T12:45:00+05:30,199.18,200.5,199.0,200.15,255974
2024-10-23T13:00:00+05:30,200.15,200.47,199.3,199.87,113423
2024-10-23T13:15:00+05:30,199.87,202.5,199.51,201.1,511446
2024-10-23T13:30:00+05:30,201.1,203.87,200.97,202.68,514099
2024-10-23T13:45:00+05:30,202.68,203.0,202.1,202.9,185187
2024-10-23T14:00:00+05:30,202.9,203.51,201.61,201.76,303583
2024-10-23T14:15:00+05:30,201.78,202.1,200.2,200.88,358659
2024-10-23T14:30:00+05:30,200.93,200.94,199.35,199.76,275225
2024-10-23T14:45:00+05:30,199.75,201.5,199.57,201.1,235280
2024-10-23T15:00:00+05:30,201.2,201.99,199.73,200.26,299753
2024-10-23T15:15:00+05:30,200.4,200.6,199.01,200.0,477423
2024-10-24T09:15:00+05:30,200.37,201.8,197.66,199.13,799431
2024-10-24T09:30:00+05:30,199.07,199.73,197.2,197.5,414464
2024-10-24T09:45:00+05:30,197.69,199.78,197.27,199.38,430693
2024-10-24T10:00:00+05:30,199.37,200.58,198.28,200.12,368723
2024-10-24T10:15:00+05:30,200.12,201.69,200.0,201.13,419577
2024-10-24T10:30:00+05:30,200.92,202.35,200.61,201.06,300442
2024-10-24T10:45:00+05:30,201.06,201.37,200.11,200.49,204935
2024-10-24T11:00:00+05:30,200.46,200.81,199.68,199.72,209068
2024-10-24T11:15:00+05:30,199.85,200.24,199.51,200.14,124838
2024-10-24T11:30:00+05:30,200.14,200.75,199.57,200.6,75125
2024-10-24T11:45:00+05:30,200.6,200.9,200.01,200.2,72070
2024-10-24T12:00:00+05:30,200.1,200.3,199.22,200.12,164430
2024-10-24T12:15:00+05:30,200.2,202.0,199.16,201.47,223928
2024-10-24T12:30:00+05:30,201.48,202.5,200.77,202.49,231003
2024-10-24T12:45:00+05:30,202.4,202.65,201.12,201.7,211593
2024-10-24T13:00:00+05:30,201.7,203.0,201.7,202.32,180347
2024-10-24T13:15:00+05:30,202.49,202.81,201.8,202.0,176311
2024-10-24T13:30:00+05:30,201.96,202.29,201.34,201.49,128204
2024-10-24T13:45:00+05:30,201.5,202.0,201.11,201.7,68492
2024-10-24T14:00:00+05:30,201.69,201.93,200.9,201.17,127108
2024-10-24T14:15:00+05:30,201.15,201.17,200.1,200.2,132206
2024-10-24T14:30:00+05:30,200.2,200.5,199.81,200.2,184601
2024-10-24T14:45:00+05:30,200.32,201.0,199.92,200.56,151663
2024-10-24T15:00:00+05:30,200.6,201.3,199.4,200.05,377646
2024-10-24T15:15:00+05:30,200.05,200.99,199.76,200.21,445974
2024-10-25T09:15:00+05:30,199.98,200.89,195.36,196.38,811199
2024-10-25T09:30:00+05:30,196.2,196.48,193.17,193.45,854765
2024-10-25T09:45:00+05:30,193.51,194.48,192.5,192.63,555558
2024-10-25T10:00:00+05:30,192.63,193.69,192.01,192.2,511969
2024-10-25T10:15:00+05:30,192.2,193.68,192.0,192.31,488764
2024-10-25T10:30:00+05:30,192.2,192.41,190.51,190.95,513836
2024-10-25T10:45:00+05:30,190.95,191.38,190.0,191.28,535795
2024-10-25T11:00:00+05:30,191.28,192.26,191.0,192.26,377445
2024-10-25T11:15:00+05:30,192.12,194.12,192.01,192.72,375722
2024-10-25T11:30:00+05:30,192.74,193.57,192.16,192.99,212520
2024-10-25T11:45:00+05:30,192.99,194.0,192.66,193.31,217150
2024-10-25T12:00:00+05:30,193.11,194.19,193.11,193.66,160223
2024-10-25T12:15:00+05:30,193.66,193.66,192.0,192.65,159438
2024-10-25T12:30:00+05:30,192.51,193.37,192.23,192.81,151805
2024-10-25T12:45:00+05:30,192.96,193.47,192.56,193.27,100794
2024-10-25T13:00:00+05:30,193.27,193.28,192.5,192.73,119457
2024-10-25T13:15:00+05:30,192.73,192.8,192.01,192.39,121999
2024-10-25T13:30:00+05:30,192.36,192.7,191.66,192.69,190804
2024-10-25T13:45:00+05:30,192.55,192.8,192.0,192.3,110357
2024-10-25T14:00:00+05:30,192.3,192.33,191.5,191.61,147206
2024-10-25T14:15:00+05:30,191.61,191.99,191.05,191.5,221910
2024-10-25T14:30:00+05:30,191.5,191.75,191.01,191.6,217520
2024-10-25T14:45:00+05:30,191.6,192.32,191.42,191.91,199204
2024-10-25T15:00:00+05:30,191.97,191.98,191.0,191.1,369849
2024-10-25T15:15:00+05:30,191.08,192.0,190.5,192.0,714005
2024-10-28T09:15:00+05:30,193.0,195.5,188.0,194.27,1616164
2024-10-28T09:30:00+05:30,194.46,194.7,190.1,190.35,722993
2024-10-28T09:45:00+05:30,190.35,193.17,189.79,192.3,464265
2024-10-28T10:00:00+05:30,192.3,192.95,191.0,192.12,320766
2024-10-28T10:15:00+05:30,192.0,193.5,191.92,192.94,213857
2024-10-28T10:30:00+05:30,193.19,194.2,192.84,194.19,201185
2024-10-28T10:45:00+05:30,194.19,195.87,194.1,195.19,317460
2024-10-28T11:00:00+05:30,195.19,197.79,194.99,197.01,417902
2024-10-28T11:15:00+05:30,197.01,197.99,197.0,197.71,280977
2024-10-28T11:30:00+05:30,197.52,197.81,196.46,196.67,189633
2024-10-28T11:45:00+05:30,196.66,197.28,196.5,197.0,118764
2024-10-28T12:00:00+05:30,197.0,197.18,196.0,196.85,157189
2024-10-28T12:15:00+05:30,196.75,197.36,196.52,196.92,78891
2024-10-28T12:30:00+05:30,197.0,197.1,195.6,195.92,111322
2024-10-28T12:45:00+05:30,195.91,196.49,195.01,196.3,163632
2024-10-28T13:00:00+05:30,196.3,197.86,196.18,197.5,128674
2024-10-28T13:15:00+05:30,197.61,198.89,197.32,198.27,255899
2024-10-28T13:30:00+05:30,198.29,199.45,198.0,198.4,190076
2024-10-28T13:45:00+05:30,198.48,199.24,198.17,198.2,140438
2024-10-28T14:00:00+05:30,198.2,198.35,197.5,197.89,133988
2024-10-28T14:15:00+05:30,197.9,198.2,197.39,197.57,125492
2024-10-28T14:30:00+05:30,197.57,199.91,197.45,199.5,285726
2024-10-28T14:45:00+05:30,199.39,200.45,199.0,199.68,364699
2024-10-28T15:00:00+05:30,199.65,199.79,198.18,198.8,251095
2024-10-28T15:15:00+05:30,198.8,199.9,198.42,199.1,419143
2024-10-29T09:15:00+05:30,199.75,201.5,197.48,201.31,766565
2024-10-29T09:30:00+05:30,201.3,201.5,199.41,200.2,350962
2024-10-29T09:45:00+05:30,200.13,200.69,199.21,199.36,242272
2024-10-29T10:00:00+05:30,199.36,201.5,198.75,201.4,412626
2024-10-29T10:15:00+05:30,201.3,209.51,201.21,206.89,1694045
2024-10-29T10:30:00+05:30,206.89,206.9,204.0,204.18,890588
2024-10-29T10:45:00+05:30,204.03,205.5,204.0,205.48,518297
2024-10-29T11:00:00+05:30,205.47,205.49,202.61,203.23,503945
2024-10-29T11:15:00+05:30,203.3,203.45,202.5,202.85,291173
2024-10-29T11:30:00+05:30,202.85,204.3,202.16,204.01,265943
2024-10-29T11:45:00+05:30,204.05,204.29,203.37,203.4,163797
2024-10-29T12:00:00+05:30,203.5,204.55,203.4,204.37,165992
2024-10-29T12:15:00+05:30,204.27,204.87,203.06,203.4,196803
2024-10-29T12:30:00+05:30,203.49,203.5,203.0,203.4,135183
2024-10-29T12:45:00+05:30,203.38,203.88,203.15,203.77,104596
2024-10-29T13:00:00+05:30,203.77,204.3,203.54,203.92,106347
2024-10-29T13:15:00+05:30,203.91,203.91,203.0,203.05,76823
2024-10-29T13:30:00+05:30,203.05,203.47,202.5,203.0,116962
2024-10-29T13:45:00+05:30,203.0,204.08,202.85,203.9,161436
2024-10-29T14:00:00+05:30,203.96,204.8,203.76,204.65,181550
2024-10-29T14:15:00+05:30,204.7,204.95,204.07,204.9,155004
2024-10-29T14:30:00+05:30,204.9,205.0,204.1,204.79,154264
2024-10-29T14:45:00+05:30,204.79,204.95,204.11,204.92,212575
2024-10-29T15:00:00+05:30,204.79,206.0,204.61,204.8,457326
2024-10-29T15:15:00+05:30,204.8,206.5,204.7,205.5,626531
2024-10-30T09:15:00+05:30,205.51,206.9,201.91,206.7,825812
2024-10-30T09:30:00+05:30,206.7,207.4,203.74,206.29,673196
2024-10-30T09:45:00+05:30,206.22,207.87,206.0,207.6,302649
2024-10-30T10:00:00+05:30,207.6,208.25,206.31,208.0,340679
2024-10-30T10:15:00+05:30,207.95,209.4,207.61,208.83,375286
2024-10-30T10:30:00+05:30,208.86,209.39,207.8,208.85,206001
2024-10-30T10:45:00+05:30,208.84,210.0,208.7,209.5,371326
2024-10-30T11:00:00+05:30,209.5,210.7,209.0,210.0,364191
2024-10-30T11:15:00+05:30,210.0,210.3,209.26,210.13,176591
2024-10-30T11:30:00+05:30,210.13,210.15,209.03,209.4,142404
2024-10-30T11:45:00+05:30,209.4,209.9,209.0,209.66,145928
2024-10-30T12:00:00+05:30,209.61,210.42,209.01,209.77,210638
2024-10-30T12:15:00+05:30,209.85,211.83,209.6,211.36,374351
2024-10-30T12:30:00+05:30,211.36,211.39,210.05,210.5,203759
2024-10-30T12:45:00+05:30,210.47,210.8,210.05,210.7,100922
2024-10-30T13:00:00+05:30,210.7,211.0,209.71,210.17,159563
2024-10-30T13:15:00+05:30,210.08,210.73,209.15,209.39,183360
2024-10-30T13:30:00+05:30,209.5,210.18,208.71,209.29,142988
2024-10-30T13:45:00+05:30,209.29,209.45,208.03,208.49,220061
2024-10-30T14:00:00+05:30,208.49,208.5,207.05,207.42,216505
2024-10-30T14:15:00+05:30,207.38,209.5,207.3,209.3,161231
2024-10-30T14:30:00+05:30,209.35,209.5,208.13,208.92,178713
2024-10-30T14:45:00+05:30,208.92,209.06,208.51,208.67,63636
2024-10-30T15:00:00+05:30,208.67,210.69,208.54,210.6,323358
2024-10-30T15:15:00+05:30,210.6,211.8,209.5,211.8,655250
2024-10-31T09:15:00+05:30,210.95,213.95,208.81,213.3,1138140
2024-10-31T09:30:00+05:30,213.3,213.48,210.9,212.64,521895
2024-10-31T09:45:00+05:30,212.6,213.9,212.21,212.76,385332
2024-10-31T10:00:00+05:30,213.0,213.46,211.85,212.0,198737
2024-10-31T10:15:00+05:30,212.15,212.43,211.0,211.45,200649
2024-10-31T10:30:00+05:30,211.45,211.68,210.95,211.11,154090
2024-10-31T10:45:00+05:30,211.11,211.6,210.42,211.59,140196
2024-10-31T11:00:00+05:30,211.59,211.59,210.64,210.88,78376
2024-10-31T11:15:00+05:30,210.88,210.9,210.35,210.82,97344
2024-10-31T11:30:00+05:30,210.82,210.9,210.01,210.34,133911
2024-10-31T11:45:00+05:30,210.34,210.89,210.0,210.11,180589
2024-10-31T12:00:00+05:30,210.08,210.6,210.0,210.29,100190
2024-10-31T12:15:00+05:30,210.25,210.3,209.21,209.97,188391
2024-10-31T12:30:00+05:30,209.97,209.99,209.04,209.09,111341
2024-10-31T12:45:00+05:30,209.2,209.79,208.8,208.95,172845
2024-10-31T13:00:00+05:30,208.91,209.43,208.21,208.5,145097
2024-10-31T13:15:00+05:30,208.62,209.89,208.5,209.43,161764
2024-10-31T13:30:00+05:30,209.42,210.0,209.0,209.8,74861
2024-10-31T13:45:00+05:30,209.76,210.8,209.7,210.11,129264
2024-10-31T14:00:00+05:30,210.26,210.26,209.5,209.5,66183
2024-10-31T14:15:00+05:30,209.5,210.5,209.5,210.38,88619
2024-10-31T14:30:00+05:30,210.37,210.4,209.43,210.2,107700
2024-10-31T14:45:00+05:30,210.06,211.25,209.35,209.5,173889
2024-10-31T15:00:00+05:30,209.5,211.0,209.42,210.5,236067
2024-10-31T15:15:00+05:30,210.5,210.55,209.5,209.7,437228
2024-11-01T18:00:00+05:30,211.6,212.73,211.12,212.05,607963
2024-11-01T18:15:00+05:30,212.05,212.1,211.23,212.1,346113
2024-11-01T18:30:00+05:30,212.1,212.24,211.8,212.1,290048
2024-11-01T18:45:00+05:30,212.1,212.12,211.7,211.9,265987
2024-11-04T09:15:00+05:30,212.0,212.0,205.8,207.23,955900
2024-11-04T09:30:00+05:30,207.3,208.5,206.21,206.65,338598
2024-11-04T09:45:00+05:30,206.61,206.68,204.55,205.74,421289
2024-11-04T10:00:00+05:30,205.75,205.99,203.12,203.69,426452
2024-11-04T10:15:00+05:30,203.69,205.25,203.13,204.15,292664
2024-11-04T10:30:00+05:30,204.1,204.66,203.51,204.14,177812
2024-11-04T10:45:00+05:30,204.14,204.7,203.84,204.0,114432
2024-11-04T11:00:00+05:30,204.0,204.12,203.6,204.04,122522
2024-11-04T11:15:00+05:30,204.1,205.6,203.83,205.1,176266
2024-11-04T11:30:00+05:30,205.12,205.2,204.4,204.97,114948
2024-11-04T11:45:00+05:30,204.97,205.31,204.72,205.31,110460
2024-11-04T12:00:00+05:30,205.31,205.75,205.01,205.3,101300
2024-11-04T12:15:00+05:30,205.3,205.68,204.7,205.17,95430
2024-11-04T12:30:00+05:30,205.04,205.19,204.68,205.06,59546
2024-11-04T12:45:00+05:30,205.0,205.09,204.2,204.68,74006
2024-11-04T13:00:00+05:30,204.67,205.34,204.57,205.3,74145
2024-11-04T13:15:00+05:30,205.3,205.49,204.61,204.84,63234
2024-11-04T13:30:00+05:30,204.84,205.5,204.58,205.2,66727
2024-11-04T13:45:00+05:30,205.1,205.5,204.62,205.1,76194
2024-11-04T14:00:00+05:30,205.1,205.45,204.8,205.22,80583
2024-11-04T14:15:00+05:30,205.22,205.35,204.83,205.0,95894
2024-11-04T14:30:00+05:30,205.0,205.9,204.89,205.67,103124
2024-11-04T14:45:00+05:30,205.77,207.33,205.54,205.6,432833
2024-11-04T15:00:00+05:30,205.67,206.2,205.22,205.65,248091
2024-11-04T15:15:00+05:30,205.61,205.7,204.8,205.1,314790
2024-11-05T09:15:00+05:30,203.98,205.3,201.41,204.17,680252
2024-11-05T09:30:00+05:30,204.06,204.69,203.35,203.6,190560
2024-11-05T09:45:00+05:30,203.52,204.91,202.7,204.78,268503
2024-11-05T10:00:00+05:30,204.79,206.7,204.62,205.68,288695
2024-11-05T10:15:00+05:30,205.67,205.9,204.56,204.9,191008
2024-11-05T10:30:00+05:30,205.0,205.9,204.53,204.72,132070
2024-11-05T10:45:00+05:30,204.59,205.5,204.23,205.15,100972
2024-11-05T11:00:00+05:30,205.15,205.2,204.52,204.56,71588
2024-11-05T11:15:00+05:30,204.7,205.0,203.75,203.94,99831
2024-11-05T11:30:00+05:30,203.94,204.15,203.16,203.47,96565
2024-11-05T11:45:00+05:30,203.34,203.84,202.8,203.15,143532
2024-11-05T12:00:00+05:30,203.15,203.89,203.05,203.39,126442
2024-11-05T12:15:00+05:30,203.39,204.4,203.32,203.85,93797
2024-11-05T12:30:00+05:30,203.89,204.25,203.6,203.9,60021
2024-11-05T12:45:00+05:30,204.06,204.5,203.9,204.38,71847
2024-11-05T13:00:00+05:30,204.38,204.38,203.5,203.98,84092
2024-11-05T13:15:00+05:30,203.98,204.5,203.13,204.25,105535
2024-11-05T13:30:00+05:30,204.25,205.6,204.25,205.19,194257
2024-11-05T13:45:00+05:30,205.2,206.28,205.0,205.62,227667
2024-11-05T14:00:00+05:30,205.79,206.28,205.5,205.88,197555
2024-11-05T14:15:00+05:30,205.7,206.4,205.65,206.29,199023
2024-11-05T14:30:00+05:30,206.28,206.84,205.24,205.54,175741
2024-11-05T14:45:00+05:30,205.54,205.74,204.2,204.4,212546
2024-11-05T15:00:00+05:30,204.4,205.99,204.24,205.14,267254
2024-11-05T15:15:00+05:30,205.14,205.21,204.0,204.6,353883
2024-11-06T09:15:00+05:30,205.99,208.99,205.8,208.14,658037
2024-11-06T09:30:00+05:30,208.25,208.41,207.0,207.3,294286
2024-11-06T09:45:00+05:30,207.4,208.04,206.7,206.94,236185
2024-11-06T10:00:00+05:30,206.94,207.98,206.81,207.79,154051
2024-11-06T10:15:00+05:30,207.79,207.85,206.66,206.97,144834
2024-11-06T10:30:00+05:30,206.85,206.97,206.05,206.05,125827
2024-11-06T10:45:00+05:30,206.05,207.48,206.05,207.35,141374
2024-11-06T11:00:00+05:30,207.41,207.5,207.01,207.21,56772
2024-11-06T11:15:00+05:30,207.21,207.78,207.08,207.64,102858
2024-11-06T11:30:00+05:30,207.64,207.81,207.48,207.7,69795
2024-11-06T11:45:00+05:30,207.7,208.3,207.52,207.94,158968
2024-11-06T12:00:00+05:30,207.94,208.25,207.7,207.88,88466
2024-11-06T12:15:00+05:30,207.88,207.93,207.22,207.43,112686
2024-11-06T12:30:00+05:30,207.4,208.0,207.33,207.82,67341
2024-11-06T12:45:00+05:30,207.82,208.0,207.28,207.55,105555
2024-11-06T13:00:00+05:30,207.68,208.29,207.26,208.15,118606
2024-11-06T13:15:00+05:30,208.15,208.25,207.57,207.99,119168
2024-11-06T13:30:00+05:30,207.97,208.5,207.72,208.2,132099
2024-11-06T13:45:00+05:30,208.2,208.59,208.1,208.45,123409
2024-11-06T14:00:00+05:30,208.45,208.6,207.9,208.4,151714
2024-11-06T14:15:00+05:30,208.49,211.75,208.25,209.81,852537
2024-11-06T14:30:00+05:30,209.97,210.1,208.01,208.1,364528
2024-11-06T14:45:00+05:30,208.24,209.35,208.24,209.3,250623
2024-11-06T15:00:00+05:30,209.35,210.49,209.23,209.93,431606
2024-11-06T15:15:00+05:30,209.94,210.28,209.51,210.28,462760
2024-11-07T09:15:00+05:30,210.41,211.58,207.65,208.56,992194
2024-11-07T09:30:00+05:30,208.64,210.7,207.7,209.67,584554
2024-11-07T09:45:00+05:30,209.67,209.76,208.23,208.32,312576
2024-11-07T10:00:00+05:30,208.32,208.74,207.8,208.37,253789
2024-11-07T10:15:00+05:30,208.5,208.88,207.5,207.72,204741
2024-11-07T10:30:00+05:30,207.66,207.7,206.5,207.29,268298
2024-11-07T10:45:00+05:30,207.19,208.48,206.85,207.65,122641
2024-11-07T11:00:00+05:30,207.8,208.35,207.54,207.95,97209
2024-11-07T11:15:00+05:30,207.95,208.3,207.43,208.13,119873
2024-11-07T11:30:00+05:30,208.13,208.3,207.84,208.01,51201
2024-11-07T11:45:00+05:30,208.12,208.27,207.7,207.8,51928
2024-11-07T12:00:00+05:30,207.88,207.95,207.11,207.4,102677
2024-11-07T12:15:00+05:30,207.4,207.99,207.12,207.87,79107
2024-11-07T12:30:00+05:30,207.8,207.97,207.29,207.53,87655
2024-11-07T12:45:00+05:30,207.54,207.8,207.31,207.47,54102
2024-11-07T13:00:00+05:30,207.4,207.5,206.9,207.26,125472
2024-11-07T13:15:00+05:30,207.26,207.38,206.6,206.61,93627
2024-11-07T13:30:00+05:30,206.61,207.42,206.61,206.89,105745
2024-11-07T13:45:00+05:30,206.85,207.38,206.82,207.0,86880
2024-11-07T14:00:00+05:30,207.0,207.01,206.8,206.83,49543
2024-11-07T14:15:00+05:30,206.83,207.0,206.52,206.7,101756
2024-11-07T14:30:00+05:30,206.7,206.7,206.0,206.1,162369
2024-11-07T14:45:00+05:30,206.21,207.12,206.05,206.9,179811
2024-11-07T15:00:00+05:30,206.85,207.0,206.1,206.17,223062
2024-11-07T15:15:00+05:30,206.25,206.43,205.25,206.0,450470
2024-11-08T09:15:00+05:30,205.79,205.95,201.48,204.2,512994
2024-11-08T09:30:00+05:30,204.2,204.6,202.31,203.45,262739
2024-11-08T09:45:00+05:30,203.45,204.2,203.15,203.2,206170
2024-11-08T10:00:00+05:30,203.2,203.99,203.01,203.89,123082
2024-11-08T10:15:00+05:30,203.95,203.99,203.02,203.35,88643
2024-11-08T10:30:00+05:30,203.44,203.44,202.6,202.7,85247
2024-11-08T10:45:00+05:30,202.7,203.0,202.5,202.94,46467
2024-11-08T11:00:00+05:30,202.94,203.17,202.5,202.6,57504
2024-11-08T11:15:00+05:30,202.53,202.72,202.1,202.29,79340
2024-11-08T11:30:00+05:30,202.3,202.55,201.77,201.77,112858
2024-11-08T11:45:00+05:30,201.79,202.17,201.5,201.6,150468
2024-11-08T12:00:00+05:30,201.6,202.0,201.5,201.89,79164
2024-11-08T12:15:00+05:30,201.89,202.67,201.75,202.05,76319
2024-11-08T12:30:00+05:30,202.09,202.21,201.77,201.88,50222
2024-11-08T12:45:00+05:30,201.86,202.15,201.69,202.09,39263
2024-11-08T13:00:00+05:30,202.2,202.89,202.0,202.44,46645
2024-11-08T13:15:00+05:30,202.5,202.68,201.85,202.64,80163
2024-11-08T13:30:00+05:30,202.64,204.0,201.9,202.27,258557
2024-11-08T13:45:00+05:30,202.27,202.67,202.0,202.29,65154
2024-11-08T14:00:00+05:30,202.3,202.47,201.7,201.86,68257
2024-11-08T14:15:00+05:30,201.87,202.02,201.5,201.7,87300
2024-11-08T14:30:00+05:30,201.7,202.1,201.0,202.1,134891
2024-11-08T14:45:00+05:30,202.1,202.25,201.8,202.17,86272
2024-11-08T15:00:00+05:30,202.17,202.25,201.3,201.3,146834
2024-11-08T15:15:00+05:30,201.41,201.43,200.0,200.1,488877
2024-11-11T09:15:00+05:30,199.47,199.97,196.21,197.36,762502
2024-11-11T09:30:00+05:30,197.3,199.04,196.74,196.86,396621
2024-11-11T09:45:00+05:30,196.96,199.2,196.9,197.86,316651
2024-11-11T10:00:00+05:30,197.86,199.53,197.86,198.6,182075
2024-11-11T10:15:00+05:30,198.6,199.37,197.29,199.11,196508
2024-11-11T10:30:00+05:30,199.2,200.45,198.45,198.64,342881
2024-11-11T10:45:00+05:30,198.79,200.4,198.5,200.0,155725
2024-11-11T11:00:00+05:30,200.1,201.39,200.0,201.2,338677
2024-11-11T11:15:00+05:30,201.2,201.8,200.75,201.65,216528
2024-11-11T11:30:00+05:30,201.53,202.29,201.06,201.71,208512
2024-11-11T11:45:00+05:30,201.71,201.79,200.69,200.8,138214
2024-11-11T12:00:00+05:30,200.7,201.0,200.07,200.4,125897
2024-11-11T12:15:00+05:30,200.45,200.59,199.22,199.78,150977
2024-11-11T12:30:00+05:30,199.78,199.96,199.3,199.84,69905
2024-11-11T12:45:00+05:30,199.92,200.64,199.45,199.87,74979
2024-11-11T13:00:00+05:30,199.8,200.4,199.54,200.17,70516
2024-11-11T13:15:00+05:30,200.17,200.23,199.05,199.12,64415
2024-11-11T13:30:00+05:30,199.12,199.4,198.52,198.76,122974
2024-11-11T13:45:00+05:30,198.75,199.4,198.5,199.14,81901
2024-11-11T14:00:00+05:30,199.13,199.32,198.31,198.5,59688
2024-11-11T14:15:00+05:30,198.5,198.59,197.62,198.13,108021
2024-11-11T14:30:00+05:30,198.29,198.97,197.9,198.92,99110
2024-11-11T14:45:00+05:30,198.8,198.9,198.5,198.5,66079
2024-11-11T15:00:00+05:30,198.51,198.6,197.4,197.59,168943
2024-11-11T15:15:00+05:30,197.59,197.97,197.0,197.97,333786
2024-11-12T09:15:00+05:30,198.46,200.85,198.06,199.65,462706
2024-11-12T09:30:00+05:30,199.79,199.9,198.56,198.77,239820
2024-11-12T09:45:00+05:30,198.7,199.34,197.8,199.16,195261
2024-11-12T10:00:00+05:30,199.1,199.57,198.1,198.91,132970
2024-11-12T10:15:00+05:30,198.92,199.0,198.1,198.53,85277
2024-11-12T10:30:00+05:30,198.54,198.99,198.07,198.1,93059
2024-11-12T10:45:00+05:30,198.23,198.8,197.8,198.3,72885
2024-11-12T11:00:00+05:30,198.4,199.32,198.12,198.6,74507
2024-11-12T11:15:00+05:30,198.63,198.85,198.12,198.19,51270
2024-11-12T11:30:00+05:30,198.28,198.72,198.11,198.41,41640
2024-11-12T11:45:00+05:30,198.41,198.48,197.6,197.97,70647
2024-11-12T12:00:00+05:30,197.95,198.0,197.2,197.45,65072
2024-11-12T12:15:00+05:30,197.4,197.62,197.28,197.31,58960
2024-11-12T12:30:00+05:30,197.39,197.5,196.75,196.76,78918
2024-11-12T12:45:00+05:30,196.75,196.94,196.01,196.26,112036
2024-11-12T13:00:00+05:30,196.26,196.75,196.0,196.09,109350
2024-11-12T13:15:00+05:30,196.2,196.21,195.4,195.83,135646
2024-11-12T13:30:00+05:30,195.73,195.96,195.0,195.56,146093
2024-11-12T13:45:00+05:30,195.56,195.8,195.0,195.45,149063
2024-11-12T14:00:00+05:30,195.45,195.7,195.1,195.4,65176
2024-11-12T14:15:00+05:30,195.4,195.8,195.01,195.44,61342
2024-11-12T14:30:00+05:30,195.52,196.0,195.21,195.79,88711
2024-11-12T14:45:00+05:30,195.79,196.6,195.54,195.54,194253
2024-11-12T15:00:00+05:30,195.54,195.7,195.0,195.0,264265
2024-11-12T15:15:00+05:30,195.07,195.1,193.2,194.1,464601
2024-11-13T09:15:00+05:30,192.7,195.29,192.34,194.3,521139
2024-11-13T09:30:00+05:30,194.38,194.38,190.0,190.14,585737
2024-11-13T09:45:00+05:30,190.04,192.5,189.01,191.68,566716
2024-11-13T10:00:00+05:30,191.79,191.99,190.04,190.1,242551
2024-11-13T10:15:00+05:30,190.18,191.99,189.4,191.89,317437
2024-11-13T10:30:00+05:30,191.79,193.61,191.54,193.46,383837
2024-11-13T10:45:00+05:30,193.39,193.6,192.26,192.65,122153
2024-11-13T11:00:00+05:30,192.65,193.03,191.21,192.0,187532
2024-11-13T11:15:00+05:30,192.0,192.39,191.06,191.15,91914
2024-11-13T11:30:00+05:30,191.27,191.4,190.22,190.38,186382
2024-11-13T11:45:00+05:30,190.38,191.31,190.14,191.09,98645
2024-11-13T12:00:00+05:30,191.1,191.45,190.14,190.4,86168
2024-11-13T12:15:00+05:30,190.4,190.88,190.22,190.87,60760
2024-11-13T12:30:00+05:30,190.87,191.3,190.7,190.7,55264
2024-11-13T12:45:00+05:30,190.74,190.85,190.15,190.34,110361
2024-11-13T13:00:00+05:30,190.34,191.38,190.1,190.71,346256
2024-11-13T13:15:00+05:30,190.71,190.74,190.2,190.5,94711
2024-11-13T13:30:00+05:30,190.5,191.0,190.21,190.72,71901
2024-11-13T13:45:00+05:30,190.73,191.1,190.35,190.54,86055
2024-11-13T14:00:00+05:30,190.54,190.6,189.2,189.64,235422
2024-11-13T14:15:00+05:30,189.64,189.67,188.05,188.19,244161
2024-11-13T14:30:00+05:30,188.19,188.63,187.2,187.65,320449
2024-11-13T14:45:00+05:30,187.7,188.45,187.35,187.7,309433
2024-11-13T15:00:00+05:30,187.7,187.99,187.3,187.49,285502
2024-11-13T15:15:00+05:30,187.49,188.45,187.0,188.45,497886
2024-11-14T09:15:00+05:30,187.9,192.95,187.71,191.0,748661
2024-11-14T09:30:00+05:30,191.0,192.8,190.48,190.88,395233
2024-11-14T09:45:00+05:30,190.75,193.68,189.6,193.42,529125
2024-11-14T10:00:00+05:30,193.42,195.1,193.33,194.51,407114
2024-11-14T10:15:00+05:30,194.48,194.48,193.51,193.63,191083
2024-11-14T10:30:00+05:30,193.51,194.25,193.0,193.2,188602
2024-11-14T10:45:00+05:30,193.2,193.48,191.72,192.25,224867
2024-11-14T11:00:00+05:30,192.25,192.36,191.7,191.83,126518
2024-11-14T11:15:00+05:30,191.93,191.99,191.1,191.39,124573
2024-11-14T11:30:00+05:30,191.39,192.17,191.02,191.62,105849
2024-11-14T11:45:00+05:30,191.7,191.82,191.1,191.82,73644
2024-11-14T12:00:00+05:30,191.83,192.69,191.51,192.52,80700
2024-11-14T12:15:00+05:30,192.4,192.52,191.66,191.85,74905
2024-11-14T12:30:00+05:30,191.96,192.0,191.2,191.42,58534
2024-11-14T12:45:00+05:30,191.31,191.88,190.4,190.88,147443
2024-11-14T13:00:00+05:30,190.76,191.95,190.75,191.7,44950
2024-11-14T13:15:00+05:30,191.71,192.5,191.41,192.18,68783
2024-11-14T13:30:00+05:30,192.15,192.2,191.1,191.28,41680
2024-11-14T13:45:00+05:30,191.28,191.33,190.1,190.36,106275
2024-11-14T14:00:00+05:30,190.4,190.82,190.31,190.6,47170
2024-11-14T14:15:00+05:30,190.6,190.6,190.17,190.3,51461
2024-11-14T14:30:00+05:30,190.3,190.45,189.8,190.18,138421
2024-11-14T14:45:00+05:30,190.19,190.19,189.53,189.99,90965
2024-11-14T15:00:00+05:30,189.99,190.38,189.14,189.87,158048
2024-11-14T15:15:00+05:30,189.73,190.5,189.45,190.02,257748
2024-11-18T09:15:00+05:30,191.66,192.8,188.37,189.18,600764
2024-11-18T09:30:00+05:30,189.19,189.19,186.0,186.46,499930
2024-11-18T09:45:00+05:30,186.31,188.8,186.29,187.6,340623
2024-11-18T10:00:00+05:30,187.6,189.96,187.46,189.41,225752
2024-11-18T10:15:00+05:30,189.5,189.56,187.58,188.0,162628
2024-11-18T10:30:00+05:30,188.09,188.27,187.12,187.26,109131
2024-11-18T10:45:00+05:30,187.26,188.0,187.05,187.85,137107
2024-11-18T11:00:00+05:30,187.93,188.54,187.51,187.85,120297
2024-11-18T11:15:00+05:30,187.85,188.8,187.71,188.3,63202
2024-11-18T11:30:00+05:30,188.42,188.48,187.7,188.02,60571
2024-11-18T11:45:00+05:30,188.09,188.74,187.91,188.35,102999
2024-11-18T12:00:00+05:30,188.31,189.16,188.31,189.04,69157
2024-11-18T12:15:00+05:30,189.03,189.85,188.69,189.6,98892
2024-11-18T12:30:00+05:30,189.6,190.2,189.48,189.9,259149
2024-11-18T12:45:00+05:30,189.99,190.5,188.55,189.01,163334
2024-11-18T13:00:00+05:30,189.1,189.88,189.0,189.31,56360
2024-11-18T13:15:00+05:30,189.31,189.5,188.7,188.83,62645
2024-11-18T13:30:00+05:30,188.83,189.84,188.52,189.28,86147
2024-11-18T13:45:00+05:30,189.27,189.9,188.91,189.59,48016
2024-11-18T14:00:00+05:30,189.69,190.15,189.23,189.39,87522
2024-11-18T14:15:00+05:30,189.39,189.42,188.12,188.16,142118
2024-11-18T14:30:00+05:30,188.31,188.4,187.55,188.02,129756
2024-11-18T14:45:00+05:30,188.11,188.79,187.98,188.29,76090
2024-11-18T15:00:00+05:30,188.2,188.26,187.27,187.55,138878
2024-11-18T15:15:00+05:30,187.55,187.95,187.01,187.5,248716
2024-11-19T09:15:00+05:30,187.92,192.43,187.92,192.2,709763
2024-11-19T09:30:00+05:30,192.19,192.2,191.05,191.32,261899
2024-11-19T09:45:00+05:30,191.35,192.5,191.2,192.1,294814
2024-11-19T10:00:00+05:30,192.1,192.94,191.85,192.85,262859
2024-11-19T10:15:00+05:30,192.85,193.27,192.34,193.0,211849
2024-11-19T10:30:00+05:30,193.05,193.34,192.4,192.86,239598
2024-11-19T10:45:00+05:30,192.86,193.0,192.02,192.4,153902
2024-11-19T11:00:00+05:30,192.28,192.8,191.31,192.52,205795
2024-11-19T11:15:00+05:30,192.59,193.0,192.41,192.9,66684
2024-11-19T11:30:00+05:30,192.98,193.0,192.7,192.88,46790
2024-11-19T11:45:00+05:30,192.85,192.95,192.41,192.45,50378
2024-11-19T12:00:00+05:30,192.5,192.59,192.07,192.38,80096
2024-11-19T12:15:00+05:30,192.48,192.87,192.33,192.57,43517
2024-11-19T12:30:00+05:30,192.57,192.66,192.2,192.35,28859
2024-11-19T12:45:00+05:30,192.25,192.35,192.1,192.27,41838
2024-11-19T13:00:00+05:30,192.27,192.38,192.16,192.3,42833
2024-11-19T13:15:00+05:30,192.34,192.37,192.01,192.2,44174
2024-11-19T13:30:00+05:30,192.2,192.3,192.02,192.2,49253
2024-11-19T13:45:00+05:30,192.18,192.29,192.05,192.18,26504
2024-11-19T14:00:00+05:30,192.25,192.25,191.5,191.56,112875
2024-11-19T14:15:00+05:30,191.56,191.86,191.5,191.58,68717
2024-11-19T14:30:00+05:30,191.58,191.95,191.5,191.78,58109
2024-11-19T14:45:00+05:30,191.85,192.15,191.0,191.01,169399
2024-11-19T15:00:00+05:30,191.12,191.5,190.0,190.01,261026
2024-11-19T15:15:00+05:30,190.0,190.43,188.63,188.63,308774
2024-11-21T09:15:00+05:30,189.95,190.0,186.47,186.83,624297
2024-11-21T09:30:00+05:30,186.83,186.9,185.16,186.78,384079
2024-11-21T09:45:00+05:30,186.75,186.9,185.4,186.1,222740
2024-11-21T10:00:00+05:30,186.1,187.28,185.32,185.62,277823
2024-11-21T10:15:00+05:30,185.77,186.06,184.0,185.73,366867
2024-11-21T10:30:00+05:30,185.73,186.22,184.23,184.44,195591
2024-11-21T10:45:00+05:30,184.44,185.35,184.0,185.02,302474
2024-11-21T11:00:00+05:30,185.02,186.18,185.02,185.53,124934
2024-11-21T11:15:00+05:30,185.7,186.29,185.53,185.94,81398
2024-11-21T11:30:00+05:30,185.94,186.16,185.5,185.82,81088
2024-11-21T11:45:00+05:30,185.67,185.9,185.5,185.71,61821
2024-11-21T12:00:00+05:30,185.8,186.14,185.3,185.7,113665
2024-11-21T12:15:00+05:30,185.85,186.1,185.54,185.97,60245
2024-11-21T12:30:00+05:30,185.97,186.0,185.55,185.7,55001
2024-11-21T12:45:00+05:30,185.67,185.75,185.1,185.38,67561
2024-11-21T13:00:00+05:30,185.27,185.88,185.27,185.85,48362
2024-11-21T13:15:00+05:30,185.8,186.15,185.47,185.8,68804
2024-11-21T13:30:00+05:30,185.8,185.98,185.39,185.8,93380
2024-11-21T13:45:00+05:30,185.8,185.83,185.3,185.68,62221
2024-11-21T14:00:00+05:30,185.67,185.75,185.21,185.51,62366
2024-11-21T14:15:00+05:30,185.51,185.75,185.33,185.51,42440
2024-11-21T14:30:00+05:30,185.59,185.6,185.15,185.23,71045
2024-11-21T14:45:00+05:30,185.3,185.34,184.62,184.83,123091
2024-11-21T15:00:00+05:30,184.84,185.2,184.7,184.71,145299
2024-11-21T15:15:00+05:30,184.78,185.23,184.0,184.7,380227
2024-11-22T09:15:00+05:30,184.59,185.9,181.4,182.6,1011047
2024-11-22T09:30:00+05:30,182.6,185.39,182.59,183.31,699340
2024-11-22T09:45:00+05:30,183.42,183.54,181.9,183.2,322017
2024-11-22T10:00:00+05:30,183.2,183.9,182.5,183.68,182962
2024-11-22T10:15:00+05:30,183.75,183.9,182.21,183.4,264739
2024-11-22T10:30:00+05:30,183.43,183.9,182.85,182.9,105124
2024-11-22T10:45:00+05:30,182.96,183.2,182.25,182.92,127535
2024-11-22T11:00:00+05:30,182.92,183.5,182.74,183.45,115106
2024-11-22T11:15:00+05:30,183.48,183.48,182.87,182.91,62336
2024-11-22T11:30:00+05:30,182.98,183.45,182.6,182.62,80455
2024-11-22T11:45:00+05:30,182.62,183.22,182.51,183.15,79966
2024-11-22T12:00:00+05:30,183.15,183.6,183.1,183.59,104476
2024-11-22T12:15:00+05:30,183.59,183.8,183.1,183.43,91405
2024-11-22T12:30:00+05:30,183.43,183.51,182.7,182.89,184720
2024-11-22T12:45:00+05:30,182.89,183.0,182.75,182.95,116119
2024-11-22T13:00:00+05:30,182.94,183.0,182.56,182.7,186841
2024-11-22T13:15:00+05:30,182.68,184.9,182.6,184.49,300610
2024-11-22T13:30:00+05:30,184.42,185.0,184.15,184.44,242803
2024-11-22T13:45:00+05:30,184.4,184.99,182.99,184.99,350270
2024-11-22T14:00:00+05:30,184.97,187.85,184.89,185.3,576362
2024-11-22T14:15:00+05:30,185.43,186.44,184.64,185.82,220295
2024-11-22T14:30:00+05:30,185.89,185.9,184.85,185.0,139292
2024-11-22T14:45:00+05:30,185.0,185.8,184.69,185.3,121460
2024-11-22T15:00:00+05:30,185.24,186.0,185.0,185.15,206384
2024-11-22T15:15:00+05:30,185.16,185.95,185.01,185.89,314180
2024-11-25T09:15:00+05:30,192.39,195.47,191.12,195.06,1422944
2024-11-25T09:30:00+05:30,195.05,196.39,194.01,194.2,669345
2024-11-25T09:45:00+05:30,194.2,194.69,192.57,192.77,468280
2024-11-25T10:00:00+05:30,192.75,193.73,192.57,192.94,188458
2024-11-25T10:15:00+05:30,192.82,193.62,192.45,192.93,248616
2024-11-25T10:30:00+05:30,192.93,193.69,192.81,192.98,141268
2024-11-25T10:45:00+05:30,192.98,193.2,191.59,191.99,258455
2024-11-25T11:00:00+05:30,191.91,192.74,191.84,192.24,111623
2024-11-25T11:15:00+05:30,192.12,192.84,192.07,192.27,63766
2024-11-25T11:30:00+05:30,192.39,192.71,192.1,192.11,74882
2024-11-25T11:45:00+05:30,192.11,192.23,191.4,191.41,129657
2024-11-25T12:00:00+05:30,191.5,192.41,191.4,191.9,74295
2024-11-25T12:15:00+05:30,191.9,191.95,191.31,191.5,38417
2024-11-25T12:30:00+05:30,191.5,191.88,191.21,191.76,104942
2024-11-25T12:45:00+05:30,191.76,191.84,190.22,190.63,168511
2024-11-25T13:00:00+05:30,190.6,190.95,190.1,190.85,86132
2024-11-25T13:15:00+05:30,190.86,191.45,190.5,191.28,114280
2024-11-25T13:30:00+05:30,191.3,191.44,190.68,190.8,69058
2024-11-25T13:45:00+05:30,190.9,191.37,190.51,191.3,62455
2024-11-25T14:00:00+05:30,191.18,191.7,191.02,191.06,49752
2024-11-25T14:15:00+05:30,191.06,191.39,190.65,190.7,74626
2024-11-25T14:30:00+05:30,190.66,191.58,190.51,191.2,83840
2024-11-25T14:45:00+05:30,191.2,191.43,190.8,191.08,78463
2024-11-25T15:00:00+05:30,191.2,191.2,190.0,190.29,299828
2024-11-25T15:15:00+05:30,190.29,190.47,189.01,190.0,457077
2024-11-26T09:15:00+05:30,190.3,191.99,189.26,191.41,461079
2024-11-26T09:30:00+05:30,191.42,192.6,191.18,192.02,364450
2024-11-26T09:45:00+05:30,192.05,192.14,190.55,190.6,218508
2024-11-26T10:00:00+05:30,190.6,191.7,190.55,191.25,160620
2024-11-26T10:15:00+05:30,191.21,191.5,190.37,191.5,110935
2024-11-26T10:30:00+05:30,191.5,191.6,190.56,191.33,114560
2024-11-26T10:45:00+05:30,191.33,191.5,190.82,191.18,74634
2024-11-26T11:00:00+05:30,191.07,191.39,191.0,191.22,46300
2024-11-26T11:15:00+05:30,191.26,191.4,190.7,191.11,59322
2024-11-26T11:30:00+05:30,191.22,191.26,191.0,191.12,32336
2024-11-26T11:45:00+05:30,191.12,191.2,190.55,190.64,79756
2024-11-26T12:00:00+05:30,190.76,190.78,190.4,190.43,75457
2024-11-26T12:15:00+05:30,190.5,190.77,190.4,190.55,66763
2024-11-26T12:30:00+05:30,190.5,190.58,190.16,190.5,52035
2024-11-26T12:45:00+05:30,190.5,190.85,190.45,190.83,25470
2024-11-26T13:00:00+05:30,190.83,190.92,190.39,190.68,70996
2024-11-26T13:15:00+05:30,190.68,190.85,190.45,190.6,40711
2024-11-26T13:30:00+05:30,190.6,190.61,190.2,190.37,36130
2024-11-26T13:45:00+05:30,190.37,190.84,190.12,190.84,57283
2024-11-26T14:00:00+05:30,190.84,190.85,190.21,190.35,34393
2024-11-26T14:15:00+05:30,190.23,190.76,190.1,190.2,47822
2024-11-26T14:30:00+05:30,190.2,191.2,190.13,190.99,81082
2024-11-26T14:45:00+05:30,191.0,191.0,190.4,190.69,83547
2024-11-26T15:00:00+05:30,190.69,190.77,190.0,190.13,132053
2024-11-26T15:15:00+05:30,190.13,190.93,190.1,190.8,216656
2024-11-27T09:15:00+05:30,190.99,191.3,189.5,190.29,478500
2024-11-27T09:30:00+05:30,190.29,192.23,189.75,192.11,346935
2024-11-27T09:45:00+05:30,192.19,193.5,191.81,193.32,593144
2024-11-27T10:00:00+05:30,193.29,193.4,192.01,192.14,282075
2024-11-27T10:15:00+05:30,192.01,192.7,191.95,192.25,168565
2024-11-27T10:30:00+05:30,192.25,194.29,192.0,194.13,352629
2024-11-27T10:45:00+05:30,194.09,194.19,193.08,193.25,181870
2024-11-27T11:00:00+05:30,193.25,194.9,193.08,194.69,267350
2024-11-27T11:15:00+05:30,194.61,194.7,193.65,193.9,151532
2024-11-27T11:30:00+05:30,193.91,193.95,193.11,193.63,98779
2024-11-27T11:45:00+05:30,193.75,193.84,192.45,193.4,181232
2024-11-27T12:00:00+05:30,193.55,193.7,193.0,193.39,69596
2024-11-27T12:15:00+05:30,193.39,193.97,193.31,193.31,94314
2024-11-27T12:30:00+05:30,193.51,193.82,193.2,193.64,62709
2024-11-27T12:45:00+05:30,193.65,193.84,193.3,193.4,72933
2024-11-27T13:00:00+05:30,193.4,193.89,193.25,193.7,105860
2024-11-27T13:15:00+05:30,193.69,193.89,193.5,193.8,72301
2024-11-27T13:30:00+05:30,193.8,194.3,193.21,194.02,181668
2024-11-27T13:45:00+05:30,194.1,194.5,193.83,194.02,113794
2024-11-27T14:00:00+05:30,194.15,194.25,193.8,193.92,147851
2024-11-27T14:15:00+05:30,193.92,195.8,193.8,194.9,531431
2024-11-27T14:30:00+05:30,194.83,197.7,194.36,197.58,789622
2024-11-27T14:45:00+05:30,197.48,197.9,196.55,197.22,535708
2024-11-27T15:00:00+05:30,197.2,197.25,196.01,196.7,426176
2024-11-27T15:15:00+05:30,196.73,198.4,196.45,198.4,815843
2024-11-28T09:15:00+05:30,200.0,211.0,200.0,209.93,5957776
2024-11-28T09:30:00+05:30,209.79,210.04,206.4,207.3,2790305
2024-11-28T09:45:00+05:30,207.25,207.89,206.25,207.82,891340
2024-11-28T10:00:00+05:30,207.88,208.5,207.23,207.61,719585
2024-11-28T10:15:00+05:30,207.62,213.0,207.0,209.85,3641713
2024-11-28T10:30:00+05:30,209.85,210.0,207.2,208.74,1445711
2024-11-28T10:45:00+05:30,208.75,208.81,207.0,207.73,758797
2024-11-28T11:00:00+05:30,207.8,207.99,206.18,207.01,735622
2024-11-28T11:15:00+05:30,207.01,207.01,206.0,206.68,492193
2024-11-28T11:30:00+05:30,206.61,207.95,206.5,207.9,495377
2024-11-28T11:45:00+05:30,207.81,208.95,206.9,207.54,663561
2024-11-28T12:00:00+05:30,207.48,207.6,206.5,206.82,309364
2024-11-28T12:15:00+05:30,206.82,207.0,205.7,206.25,577873
2024-11-28T12:30:00+05:30,206.25,206.38,204.66,204.94,626941
2024-11-28T12:45:00+05:30,204.84,206.1,204.6,205.05,410571
2024-11-28T13:00:00+05:30,205.05,205.69,204.5,204.66,352867
2024-11-28T13:15:00+05:30,204.65,206.49,204.26,206.41,496285
2024-11-28T13:30:00+05:30,206.41,207.26,205.72,206.81,438681
2024-11-28T13:45:00+05:30,206.85,208.49,206.23,208.15,639452
2024-11-28T14:00:00+05:30,208.2,208.24,205.76,206.8,755090
2024-11-28T14:15:00+05:30,206.65,206.94,206.0,206.62,305635
2024-11-28T14:30:00+05:30,206.7,208.2,206.51,207.33,624644
2024-11-28T14:45:00+05:30,207.27,208.0,207.11,207.15,541048
2024-11-28T15:00:00+05:30,207.17,207.95,206.52,207.8,712296
2024-11-28T15:15:00+05:30,207.8,210.0,207.21,209.5,1947129
2024-11-29T09:15:00+05:30,210.2,210.7,204.0,205.39,2380116
2024-11-29T09:30:00+05:30,205.38,205.45,204.0,204.0,774631
2024-11-29T09:45:00+05:30,204.04,205.4,203.25,204.51,756706
2024-11-29T10:00:00+05:30,204.51,204.74,202.1,202.1,793504
2024-11-29T10:15:00+05:30,202.1,203.35,202.0,203.11,444200
2024-11-29T10:30:00+05:30,203.15,204.3,203.01,203.49,374713
2024-11-29T10:45:00+05:30,203.49,204.1,203.2,203.66,158580
2024-11-29T11:00:00+05:30,203.81,203.86,202.82,202.87,205740
2024-11-29T11:15:00+05:30,203.0,203.77,202.8,203.5,174766
2024-11-29T11:30:00+05:30,203.53,203.85,203.1,203.54,122698
2024-11-29T11:45:00+05:30,203.5,203.54,202.81,203.4,153101
2024-11-29T12:00:00+05:30,203.45,203.73,203.0,203.55,126171
2024-11-29T12:15:00+05:30,203.55,203.75,203.0,203.72,98113
2024-11-29T12:30:00+05:30,203.6,204.3,203.34,203.84,190421
2024-11-29T12:45:00+05:30,203.8,204.17,203.5,203.89,120662
2024-11-29T13:00:00+05:30,204.0,204.32,203.6,203.61,128163
2024-11-29T13:15:00+05:30,203.7,203.92,203.5,203.74,82003
2024-11-29T13:30:00+05:30,203.8,204.75,203.65,204.53,313818
2024-11-29T13:45:00+05:30,204.5,204.95,204.21,204.9,142637
2024-11-29T14:00:00+05:30,204.85,205.55,204.72,204.75,415419
2024-11-29T14:15:00+05:30,204.8,205.38,204.16,205.3,268319
2024-11-29T14:30:00+05:30,205.3,205.55,204.9,205.4,229951
2024-11-29T14:45:00+05:30,205.4,205.84,204.88,205.17,378458
2024-11-29T15:00:00+05:30,205.06,205.4,204.51,204.62,512416
2024-11-29T15:15:00+05:30,204.52,205.9,204.4,205.2,928572
2024-12-02T09:15:00+05:30,203.3,203.9,201.0,203.5,1071548
2024-12-02T09:30:00+05:30,203.46,207.47,203.32,205.66,1465638
2024-12-02T09:45:00+05:30,205.66,206.37,204.6,205.6,444837
2024-12-02T10:00:00+05:30,205.62,205.73,204.3,204.55,273154
2024-12-02T10:15:00+05:30,204.64,205.98,204.5,204.69,275508
2024-12-02T10:30:00+05:30,204.69,205.0,203.21,203.78,286318
2024-12-02T10:45:00+05:30,203.78,204.68,203.3,203.96,265617
2024-12-02T11:00:00+05:30,203.96,204.65,203.82,204.36,107790
2024-12-02T11:15:00+05:30,204.38,204.75,204.0,204.14,120578
2024-12-02T11:30:00+05:30,204.14,204.38,203.57,203.93,148611
2024-12-02T11:45:00+05:30,203.93,204.27,203.3,203.77,158671
2024-12-02T12:00:00+05:30,203.77,203.98,203.5,203.68,87166
2024-12-02T12:15:00+05:30,203.6,204.35,203.51,204.18,136064
2024-12-02T12:30:00+05:30,204.18,204.25,203.32,203.7,116433
2024-12-02T12:45:00+05:30,203.7,203.99,203.51,203.75,66226
2024-12-02T13:00:00+05:30,203.85,203.85,203.3,203.41,98510
2024-12-02T13:15:00+05:30,203.4,203.6,203.03,203.34,102141
2024-12-02T13:30:00+05:30,203.39,203.99,203.22,203.99,82046
2024-12-02T13:45:00+05:30,203.99,204.65,203.52,204.47,179365
2024-12-02T14:00:00+05:30,204.48,204.69,203.75,204.15,93645
2024-12-02T14:15:00+05:30,204.16,204.26,203.9,203.98,84268
2024-12-02T14:30:00+05:30,203.98,204.29,203.95,204.1,80702
2024-12-02T14:45:00+05:30,204.1,204.19,203.7,203.93,162783
2024-12-02T15:00:00+05:30,203.92,204.53,203.54,203.94,410623
2024-12-02T15:15:00+05:30,203.91,204.2,203.3,203.99,459455
2024-12-03T09:15:00+05:30,205.09,207.25,204.66,206.67,965326
2024-12-03T09:30:00+05:30,206.78,206.89,205.7,206.0,397423
2024-12-03T09:45:00+05:30,206.0,206.27,205.27,205.75,305075
2024-12-03T10:00:00+05:30,205.75,206.3,205.4,206.0,198679
2024-12-03T10:15:00+05:30,205.9,206.89,205.9,206.42,306426
2024-12-03T10:30:00+05:30,206.45,208.42,206.35,207.25,557899
2024-12-03T10:45:00+05:30,207.33,207.76,206.5,206.64,298589
2024-12-03T11:00:00+05:30,206.64,207.25,206.53,207.01,111544
2024-12-03T11:15:00+05:30,207.04,207.04,206.55,206.58,130538
2024-12-03T11:30:00+05:30,206.58,206.9,206.23,206.66,183482
2024-12-03T11:45:00+05:30,206.65,206.75,206.31,206.69,72146
2024-12-03T12:00:00+05:30,206.61,206.74,206.11,206.35,85791
2024-12-03T12:15:00+05:30,206.35,206.59,205.5,206.02,196176
2024-12-03T12:30:00+05:30,206.15,206.35,206.0,206.31,67034
2024-12-03T12:45:00+05:30,206.31,206.7,206.04,206.22,88897
2024-12-03T13:00:00+05:30,206.33,206.41,206.01,206.25,105937
2024-12-03T13:15:00+05:30,206.25,206.45,206.05,206.32,54604
2024-12-03T13:30:00+05:30,206.32,206.45,206.0,206.15,98594
2024-12-03T13:45:00+05:30,206.15,206.3,206.0,206.08,91913
2024-12-03T14:00:00+05:30,206.08,206.45,205.76,206.22,132275
2024-12-03T14:15:00+05:30,206.25,206.49,206.0,206.32,76912
2024-12-03T14:30:00+05:30,206.39,206.39,206.0,206.26,113104
2024-12-03T14:45:00+05:30,206.2,207.3,206.02,206.94,383969
2024-12-03T15:00:00+05:30,207.07,207.28,206.51,206.9,251435
2024-12-03T15:15:00+05:30,206.93,207.0,206.2,206.8,424806
2024-12-04T09:15:00+05:30,207.7,209.47,206.36,208.74,928532
2024-12-04T09:30:00+05:30,208.82,212.05,208.4,210.9,1959813
2024-12-04T09:45:00+05:30,210.9,211.6,210.26,210.8,947096
2024-12-04T10:00:00+05:30,210.8,213.4,210.75,211.96,1543464
2024-12-04T10:15:00+05:30,211.83,212.35,210.5,210.87,638382
2024-12-04T10:30:00+05:30,210.98,211.35,210.51,210.68,223171
2024-12-04T10:45:00+05:30,210.61,211.0,210.21,210.65,325474
2024-12-04T11:00:00+05:30,210.77,210.94,210.21,210.75,279162
2024-12-04T11:15:00+05:30,210.63,210.75,209.66,210.38,256107
2024-12-04T11:30:00+05:30,210.24,210.43,209.36,209.97,179822
2024-12-04T11:45:00+05:30,209.9,210.4,208.01,208.83,446180
2024-12-04T12:00:00+05:30,208.82,209.61,208.07,209.13,311951
2024-12-04T12:15:00+05:30,209.19,209.49,208.73,209.44,132020
2024-12-04T12:30:00+05:30,209.44,209.75,208.8,208.82,224023
2024-12-04T12:45:00+05:30,208.99,209.87,208.81,209.77,154216
2024-12-04T13:00:00+05:30,209.77,210.44,209.3,210.31,155280
2024-12-04T13:15:00+05:30,210.31,210.78,209.71,210.3,176303
2024-12-04T13:30:00+05:30,210.3,212.6,210.17,211.76,739055
2024-12-04T13:45:00+05:30,211.83,213.5,211.76,211.9,985398
2024-12-04T14:00:00+05:30,211.9,212.3,211.31,211.4,271269
2024-12-04T14:15:00+05:30,211.4,211.6,210.8,210.98,322002
2024-12-04T14:30:00+05:30,210.91,212.0,210.83,211.9,236851
2024-12-04T14:45:00+05:30,211.88,214.5,211.51,214.0,1219924
2024-12-04T15:00:00+05:30,214.0,217.8,212.95,217.19,4014111
2024-12-04T15:15:00+05:30,217.19,219.0,217.0,218.83,3439960
2024-12-05T09:15:00+05:30,220.55,221.97,217.15,218.67,3041295
2024-12-05T09:30:00+05:30,218.58,220.46,218.02,218.96,1379696
2024-12-05T09:45:00+05:30,218.8,219.65,217.22,218.45,833964
2024-12-05T10:00:00+05:30,218.48,224.39,218.45,222.84,3077205
2024-12-05T10:15:00+05:30,222.99,225.0,222.43,223.4,2390245
2024-12-05T10:30:00+05:30,223.4,223.47,222.2,222.85,785578
2024-12-05T10:45:00+05:30,222.91,223.45,221.05,221.9,693018
2024-12-05T11:00:00+05:30,221.83,222.49,221.29,222.38,469826
2024-12-05T11:15:00+05:30,222.38,222.38,221.4,222.25,339566
2024-12-05T11:30:00+05:30,222.25,223.48,222.07,222.64,528273
2024-12-05T11:45:00+05:30,222.65,222.65,221.4,221.79,357645
2024-12-05T12:00:00+05:30,221.79,222.99,221.7,222.3,421108
2024-12-05T12:15:00+05:30,222.3,222.7,221.32,221.6,321334
2024-12-05T12:30:00+05:30,221.6,222.55,221.6,222.0,238189
2024-12-05T12:45:00+05:30,222.0,223.25,221.8,222.44,373212
2024-12-05T13:00:00+05:30,222.44,222.75,222.13,222.67,117591
2024-12-05T13:15:00+05:30,222.65,223.64,222.55,223.15,440370
2024-12-05T13:30:00+05:30,223.15,226.0,223.01,224.26,1787556
2024-12-05T13:45:00+05:30,224.26,224.4,222.0,222.7,808251
2024-12-05T14:00:00+05:30,222.7,222.71,219.5,221.69,1346922
2024-12-05T14:15:00+05:30,221.61,221.8,220.1,220.24,546980
2024-12-05T14:30:00+05:30,220.15,220.89,219.7,220.68,500869
2024-12-05T14:45:00+05:30,220.68,221.79,219.2,219.87,541780
2024-12-05T15:00:00+05:30,219.87,222.21,219.7,222.05,790959
2024-12-05T15:15:00+05:30,221.99,222.03,220.01,220.4,936227
2024-12-06T09:15:00+05:30,220.35,220.84,216.3,217.8,1718078
2024-12-06T09:30:00+05:30,217.9,218.59,216.85,218.49,722304
2024-12-06T09:45:00+05:30,218.49,218.75,217.68,217.72,404327
2024-12-06T10:00:00+05:30,217.86,218.8,216.8,217.77,501884
2024-12-06T10:15:00+05:30,217.7,219.4,217.0,219.2,463060
2024-12-06T10:30:00+05:30,219.2,219.38,217.95,218.95,368762
2024-12-06T10:45:00+05:30,218.99,220.49,218.72,220.13,635648
2024-12-06T11:00:00+05:30,220.01,222.65,219.56,220.8,1411150
2024-12-06T11:15:00+05:30,220.7,220.8,218.77,219.39,439111
2024-12-06T11:30:00+05:30,219.39,219.75,219.0,219.05,191769
2024-12-06T11:45:00+05:30,219.05,219.5,218.46,219.12,247206
2024-12-06T12:00:00+05:30,219.12,219.48,219.0,219.0,163515
2024-12-06T12:15:00+05:30,219.05,219.48,218.64,219.2,107998
2024-12-06T12:30:00+05:30,219.2,219.8,219.06,219.59,136838
2024-12-06T12:45:00+05:30,219.5,219.8,219.5,219.68,86677
2024-12-06T13:00:00+05:30,219.68,220.29,219.5,219.84,179129
2024-12-06T13:15:00+05:30,219.85,220.0,219.1,219.29,322627
2024-12-06T13:30:00+05:30,219.4,220.14,219.26,219.76,144262
2024-12-06T13:45:00+05:30,219.76,220.8,219.66,220.42,226134
2024-12-06T14:00:00+05:30,220.39,223.47,220.22,221.75,869460
2024-12-06T14:15:00+05:30,221.84,222.13,220.79,220.9,338494
2024-12-06T14:30:00+05:30,221.11,221.7,220.35,220.79,394874
2024-12-06T14:45:00+05:30,220.8,221.06,220.0,220.8,272081
2024-12-06T15:00:00+05:30,220.8,221.8,220.5,221.8,534510
2024-12-06T15:15:00+05:30,221.7,221.99,221.0,221.18,918364
2024-12-09T09:15:00+05:30,222.14,224.8,222.0,223.07,1559835
2024-12-09T09:30:00+05:30,223.02,225.9,222.5,223.32,887617
2024-12-09T09:45:00+05:30,223.38,223.97,222.52,222.97,347121
2024-12-09T10:00:00+05:30,222.93,222.96,222.0,222.15,257212
2024-12-09T10:15:00+05:30,222.15,223.6,222.06,223.2,292175
2024-12-09T10:30:00+05:30,223.3,223.33,222.71,223.1,161496
2024-12-09T10:45:00+05:30,223.03,223.3,222.6,222.65,101789
2024-12-09T11:00:00+05:30,222.75,223.25,222.4,223.05,193865
2024-12-09T11:15:00+05:30,223.05,223.05,222.4,222.7,114746
2024-12-09T11:30:00+05:30,222.6,222.8,221.68,222.06,285070
2024-12-09T11:45:00+05:30,222.06,222.55,221.66,222.01,150417
2024-12-09T12:00:00+05:30,222.01,222.1,221.75,221.9,85463
2024-12-09T12:15:00+05:30,222.0,222.0,221.65,221.89,136100
2024-12-09T12:30:00+05:30,221.89,222.25,221.07,222.25,136343
2024-12-09T12:45:00+05:30,222.25,222.25,221.42,221.64,126926
2024-12-09T13:00:00+05:30,221.64,221.7,220.6,220.95,229298
2024-12-09T13:15:00+05:30,220.96,221.0,220.6,220.84,86438
2024-12-09T13:30:00+05:30,220.84,221.12,220.6,221.05,81947
2024-12-09T13:45:00+05:30,221.05,221.43,220.9,221.2,71206
2024-12-09T14:00:00+05:30,221.15,221.2,220.71,220.9,70153
2024-12-09T14:15:00+05:30,220.86,221.0,220.62,220.77,85039
2024-12-09T14:30:00+05:30,220.77,221.3,220.6,221.17,90623
2024-12-09T14:45:00+05:30,221.04,223.35,221.0,222.75,425708
2024-12-09T15:00:00+05:30,222.7,223.4,221.41,221.92,623658
2024-12-09T15:15:00+05:30,221.98,222.05,220.47,221.0,672263
2024-12-10T09:15:00+05:30,221.95,222.18,217.8,218.71,1145201
2024-12-10T09:30:00+05:30,218.71,219.49,218.03,219.15,432899
2024-12-10T09:45:00+05:30,219.08,219.48,218.65,218.83,241435
2024-12-10T10:00:00+05:30,218.79,218.84,217.1,217.61,404784
2024-12-10T10:15:00+05:30,217.5,218.5,217.39,218.16,195097
2024-12-10T10:30:00+05:30,218.04,218.56,217.7,218.08,133856
2024-12-10T10:45:00+05:30,218.01,218.48,217.7,218.07,110200
2024-12-10T11:00:00+05:30,218.19,218.87,218.04,218.7,108535
2024-12-10T11:15:00+05:30,218.83,218.85,218.02,218.1,75523
2024-12-10T11:30:00+05:30,218.09,218.48,217.81,218.06,114521
2024-12-10T11:45:00+05:30,218.0,218.17,217.05,217.78,155131
2024-12-10T12:00:00+05:30,217.78,217.99,217.6,217.8,43699
2024-12-10T12:15:00+05:30,217.8,218.01,217.4,217.6,102345
2024-12-10T12:30:00+05:30,217.63,217.75,217.1,217.35,97400
2024-12-10T12:45:00+05:30,217.35,217.66,217.2,217.65,81415
2024-12-10T13:00:00+05:30,217.65,217.66,217.25,217.35,62056
2024-12-10T13:15:00+05:30,217.35,217.9,217.2,217.83,97065
2024-12-10T13:30:00+05:30,217.8,218.56,217.68,217.68,111427
2024-12-10T13:45:00+05:30,217.68,218.4,217.67,218.34,101769
2024-12-10T14:00:00+05:30,218.34,219.45,218.0,218.84,232245
2024-12-10T14:15:00+05:30,218.84,218.87,218.3,218.78,75773
2024-12-10T14:30:00+05:30,218.78,219.74,218.67,219.09,227820
2024-12-10T14:45:00+05:30,219.09,219.34,218.55,218.6,110862
2024-12-10T15:00:00+05:30,218.73,220.0,218.2,219.98,368474
2024-12-10T15:15:00+05:30,219.99,223.5,219.83,222.11,1398981
2024-12-11T09:15:00+05:30,221.9,224.79,221.69,222.8,1161614
2024-12-11T09:30:00+05:30,222.8,223.48,222.08,222.65,314234
2024-12-11T09:45:00+05:30,222.7,226.0,222.01,224.51,1379805
2024-12-11T10:00:00+05:30,224.63,225.0,223.31,223.54,447174
2024-12-11T10:15:00+05:30,223.54,223.73,223.0,223.23,204852
2024-12-11T10:30:00+05:30,223.23,224.5,223.13,224.23,256204
2024-12-11T10:45:00+05:30,224.35,224.5,223.21,223.46,291090
2024-12-11T11:00:00+05:30,223.34,223.85,223.3,223.52,159850
2024-12-11T11:15:00+05:30,223.51,224.3,223.35,224.0,249421
2024-12-11T11:30:00+05:30,224.1,227.0,223.5,225.87,1329770
2024-12-11T11:45:00+05:30,225.87,227.83,225.8,225.81,1070642
2024-12-11T12:00:00+05:30,225.81,226.45,224.65,224.95,410217
2024-12-11T12:15:00+05:30,224.9,225.24,224.19,224.72,375837
2024-12-11T12:30:00+05:30,224.71,224.75,224.0,224.4,216765
2024-12-11T12:45:00+05:30,224.35,224.7,223.5,223.83,181073
2024-12-11T13:00:00+05:30,223.83,224.0,223.63,223.89,92276
2024-12-11T13:15:00+05:30,223.89,224.59,223.8,224.01,140757
2024-12-11T13:30:00+05:30,224.11,224.38,223.52,223.73,147044
2024-12-11T13:45:00+05:30,223.73,224.25,223.6,223.88,108315
2024-12-11T14:00:00+05:30,223.88,224.2,223.65,223.85,93517
2024-12-11T14:15:00+05:30,223.9,224.14,223.42,223.89,173057
2024-12-11T14:30:00+05:30,223.89,224.48,223.6,223.8,231331
2024-12-11T14:45:00+05:30,223.9,225.5,223.7,225.05,584830
2024-12-11T15:00:00+05:30,225.18,226.73,225.0,226.0,860681
2024-12-11T15:15:00+05:30,226.0,226.0,224.28,224.28,826252
2024-12-12T09:15:00+05:30,224.43,224.74,222.5,223.7,795019
2024-12-12T09:30:00+05:30,223.7,224.24,220.5,221.42,736562
2024-12-12T09:45:00+05:30,221.42,222.34,220.9,222.0,306858
2024-12-12T10:00:00+05:30,222.0,222.45,221.2,221.73,219711
2024-12-12T10:15:00+05:30,221.61,222.49,221.46,221.99,156532
2024-12-12T10:30:00+05:30,221.9,222.2,221.21,221.56,165759
2024-12-12T10:45:00+05:30,221.56,221.76,221.1,221.16,157008
2024-12-12T11:00:00+05:30,221.16,221.6,221.0,221.45,116522
2024-12-12T11:15:00+05:30,221.4,221.55,221.0,221.35,104056
2024-12-12T11:30:00+05:30,221.51,221.55,220.6,220.99,219174
2024-12-12T11:45:00+05:30,221.0,221.22,220.51,220.85,143325
2024-12-12T12:00:00+05:30,220.99,221.17,220.0,220.0,256942
2024-12-12T12:15:00+05:30,220.13,220.8,220.0,220.6,116682
2024-12-12T12:30:00+05:30,220.6,220.99,220.57,220.98,84975
2024-12-12T12:45:00+05:30,220.9,221.59,220.77,221.44,158357
2024-12-12T13:00:00+05:30,221.44,221.58,220.55,221.08,100503
2024-12-12T13:15:00+05:30,221.08,221.08,220.31,220.91,120342
2024-12-12T13:30:00+05:30,220.8,221.13,220.41,220.83,124004
2024-12-12T13:45:00+05:30,220.75,220.83,220.25,220.26,63886
2024-12-12T14:00:00+05:30,220.26,220.8,220.26,220.45,56123
2024-12-12T14:15:00+05:30,220.4,220.58,220.26,220.45,56542
2024-12-12T14:30:00+05:30,220.4,220.54,220.1,220.43,83978
2024-12-12T14:45:00+05:30,220.43,221.16,220.3,220.8,128235
2024-12-12T15:00:00+05:30,220.85,221.24,220.3,221.01,315454
2024-12-12T15:15:00+05:30,221.01,221.88,220.87,221.55,696484
2024-12-13T09:15:00+05:30,219.7,219.97,216.5,217.15,725753
2024-12-13T09:30:00+05:30,217.27,217.76,216.16,217.0,460203
2024-12-13T09:45:00+05:30,217.08,217.2,215.8,216.47,341891
2024-12-13T10:00:00+05:30,216.47,217.0,215.51,215.65,207931
2024-12-13T10:15:00+05:30,215.69,215.7,214.0,214.09,474127
2024-12-13T10:30:00+05:30,214.09,214.74,212.7,214.48,368844
2024-12-13T10:45:00+05:30,214.4,215.88,213.75,215.6,286389
2024-12-13T11:00:00+05:30,215.5,216.0,215.0,215.74,213055
2024-12-13T11:15:00+05:30,215.58,216.48,215.1,215.9,188558
2024-12-13T11:30:00+05:30,215.81,216.39,215.61,216.15,83372
2024-12-13T11:45:00+05:30,216.05,217.35,215.8,217.15,186853
2024-12-13T12:00:00+05:30,217.15,217.3,216.15,216.7,186006
2024-12-13T12:15:00+05:30,216.8,216.9,216.18,216.34,95566
2024-12-13T12:30:00+05:30,216.35,216.39,215.6,215.9,130294
2024-12-13T12:45:00+05:30,215.9,216.5,215.73,216.45,79464
2024-12-13T13:00:00+05:30,216.5,217.55,216.5,216.88,206929
2024-12-13T13:15:00+05:30,216.88,217.1,216.05,216.75,160988
2024-12-13T13:30:00+05:30,216.63,217.38,216.6,217.28,114731
2024-12-13T13:45:00+05:30,217.29,217.59,217.0,217.2,165075
2024-12-13T14:00:00+05:30,217.2,217.4,216.7,216.99,93441
2024-12-13T14:15:00+05:30,216.95,217.75,216.82,217.39,137166
2024-12-13T14:30:00+05:30,217.39,217.8,217.02,217.8,154666
2024-12-13T14:45:00+05:30,217.75,217.8,217.2,217.67,97944
2024-12-13T15:00:00+05:30,217.67,218.0,217.2,217.47,245774
2024-12-13T15:15:00+05:30,217.48,217.7,217.1,217.65,396978
2024-12-16T09:15:00+05:30,217.48,220.76,217.0,218.39,886123
2024-12-16T09:30:00+05:30,218.38,219.38,217.81,218.83,348747
2024-12-16T09:45:00+05:30,218.61,218.9,217.1,217.57,286562
2024-12-16T10:00:00+05:30,217.4,217.6,216.65,217.17,266975
2024-12-16T10:15:00+05:30,217.3,217.48,216.61,217.48,201107
2024-12-16T10:30:00+05:30,217.48,218.7,217.19,218.1,165537
2024-12-16T10:45:00+05:30,218.0,218.1,217.1,217.24,142652
2024-12-16T11:00:00+05:30,217.15,217.5,216.85,216.85,125454
2024-12-16T11:15:00+05:30,216.85,217.71,216.73,217.3,113969
2024-12-16T11:30:00+05:30,217.3,217.84,217.23,217.34,67521
2024-12-16T11:45:00+05:30,217.3,217.4,216.71,216.75,105131
2024-12-16T12:00:00+05:30,216.8,217.08,216.75,216.9,63485
2024-12-16T12:15:00+05:30,216.9,217.0,216.7,216.98,69235
2024-12-16T12:30:00+05:30,216.93,217.66,216.71,217.21,71486
2024-12-16T12:45:00+05:30,217.29,217.29,216.8,216.81,59208
2024-12-16T13:00:00+05:30,216.92,217.3,216.8,217.15,91159
2024-12-16T13:15:00+05:30,217.08,217.9,217.01,217.3,102058
2024-12-16T13:30:00+05:30,217.42,217.44,217.01,217.18,62572
2024-12-16T13:45:00+05:30,217.09,217.35,216.9,217.12,70921
2024-12-16T14:00:00+05:30,217.01,217.49,216.9,217.0,57033
2024-12-16T14:15:00+05:30,217.11,217.38,216.9,216.99,86249
2024-12-16T14:30:00+05:30,216.9,217.3,216.77,217.14,125648
2024-12-16T14:45:00+05:30,217.14,217.76,217.0,217.41,188789
2024-12-16T15:00:00+05:30,217.41,217.68,216.6,216.63,209336
2024-12-16T15:15:00+05:30,216.61,216.63,215.12,215.9,621155
2024-12-17T09:15:00+05:30,215.26,216.74,214.35,214.8,566650
2024-12-17T09:30:00+05:30,214.8,215.37,213.75,214.0,508701
2024-12-17T09:45:00+05:30,214.0,214.49,213.5,214.41,243577
2024-12-17T10:00:00+05:30,214.44,215.47,214.0,215.25,256577
2024-12-17T10:15:00+05:30,215.29,215.29,213.75,214.31,295074
2024-12-17T10:30:00+05:30,214.31,214.93,213.56,214.8,195461
2024-12-17T10:45:00+05:30,214.8,215.79,214.59,215.22,239804
2024-12-17T11:00:00+05:30,215.33,215.5,214.41,214.6,139072
2024-12-17T11:15:00+05:30,214.61,214.96,214.0,214.0,143460
2024-12-17T11:30:00+05:30,214.0,214.5,213.7,213.77,138430
2024-12-17T11:45:00+05:30,213.9,214.1,213.6,213.65,110704
2024-12-17T12:00:00+05:30,213.65,214.0,213.6,213.82,78263
2024-12-17T12:15:00+05:30,213.9,214.49,213.5,214.49,125062
2024-12-17T12:30:00+05:30,214.47,214.65,214.0,214.15,70054
2024-12-17T12:45:00+05:30,214.0,214.28,213.88,214.16,56907
2024-12-17T13:00:00+05:30,214.16,214.17,213.8,213.93,64742
2024-12-17T13:15:00+05:30,213.93,214.03,213.75,213.8,59881
2024-12-17T13:30:00+05:30,213.82,214.11,213.6,213.88,72757
2024-12-17T13:45:00+05:30,213.87,213.97,213.51,213.6,64392
2024-12-17T14:00:00+05:30,213.58,213.95,213.0,213.01,205284
2024-12-17T14:15:00+05:30,213.08,213.35,212.7,212.81,182514
2024-12-17T14:30:00+05:30,212.75,213.37,212.65,213.01,96484
2024-12-17T14:45:00+05:30,212.99,213.49,212.6,212.78,121887
2024-12-17T15:00:00+05:30,212.78,213.29,212.35,212.96,348321
2024-12-17T15:15:00+05:30,212.97,212.98,212.0,212.3,519347
2024-12-18T09:15:00+05:30,212.37,213.25,209.77,211.89,731406
2024-12-18T09:30:00+05:30,211.89,213.95,210.7,211.74,457179
2024-12-18T09:45:00+05:30,211.74,211.86,209.19,209.39,472021
2024-12-18T10:00:00+05:30,209.35,209.75,208.71,208.96,289718
2024-12-18T10:15:00+05:30,208.91,210.33,208.91,209.91,194557
2024-12-18T10:30:00+05:30,209.91,210.62,208.71,209.0,285134
2024-12-18T10:45:00+05:30,209.0,209.05,206.55,206.99,635707
2024-12-18T11:00:00+05:30,206.98,207.5,206.66,206.87,251115
2024-12-18T11:15:00+05:30,206.9,208.15,206.19,207.69,263391
2024-12-18T11:30:00+05:30,207.58,208.64,207.16,208.5,188452
2024-12-18T11:45:00+05:30,208.52,208.63,207.51,208.15,108697
2024-12-18T12:00:00+05:30,208.27,208.39,207.35,207.68,89320
2024-12-18T12:15:00+05:30,207.68,208.0,207.11,207.15,84512
2024-12-18T12:30:00+05:30,207.15,207.55,206.5,207.04,177658
2024-12-18T12:45:00+05:30,207.04,207.5,206.52,207.5,126287
2024-12-18T13:00:00+05:30,207.5,208.39,207.41,208.1,126820
2024-12-18T13:15:00+05:30,208.1,208.4,207.8,207.97,73940
2024-12-18T13:30:00+05:30,207.97,208.19,207.5,207.65,63664
2024-12-18T13:45:00+05:30,207.65,207.84,207.01,207.55,110802
2024-12-18T14:00:00+05:30,207.6,208.01,207.24,207.25,76265
2024-12-18T14:15:00+05:30,207.36,207.49,206.8,206.99,105581
2024-12-18T14:30:00+05:30,206.99,207.2,206.8,206.88,85660
2024-12-18T14:45:00+05:30,206.88,206.92,206.21,206.25,253504
2024-12-18T15:00:00+05:30,206.25,206.92,206.0,206.49,298722
2024-12-18T15:15:00+05:30,206.49,207.0,205.67,206.9,564273
2024-12-19T09:15:00+05:30,200.33,204.19,200.0,203.15,1115169
2024-12-19T09:30:00+05:30,203.03,205.25,202.19,204.78,463375
2024-12-19T09:45:00+05:30,204.78,205.5,204.05,204.6,257523
2024-12-19T10:00:00+05:30,204.52,204.6,203.11,203.87,260366
2024-12-19T10:15:00+05:30,203.88,204.2,203.1,204.19,190744
2024-12-19T10:30:00+05:30,204.19,204.8,203.99,204.7,130141
2024-12-19T10:45:00+05:30,204.8,204.82,204.12,204.3,104857
2024-12-19T11:00:00+05:30,204.3,204.5,204.15,204.2,74363
2024-12-19T11:15:00+05:30,204.2,205.4,204.15,205.27,128981
2024-12-19T11:30:00+05:30,205.2,205.5,204.85,205.25,103014
2024-12-19T11:45:00+05:30,205.25,205.25,203.9,204.19,159312
2024-12-19T12:00:00+05:30,204.19,204.46,203.9,204.12,92357
2024-12-19T12:15:00+05:30,204.0,204.29,203.96,204.18,50963
2024-12-19T12:30:00+05:30,204.18,204.46,204.04,204.22,54545
2024-12-19T12:45:00+05:30,204.22,204.3,204.0,204.26,42694
2024-12-19T13:00:00+05:30,204.26,204.4,204.0,204.24,73700
2024-12-19T13:15:00+05:30,204.4,204.46,203.7,204.1,112595
2024-12-19T13:30:00+05:30,204.25,205.3,203.96,204.78,123733
2024-12-19T13:45:00+05:30,204.78,204.88,204.13,204.71,69560
2024-12-19T14:00:00+05:30,204.71,205.27,204.41,204.99,107494
2024-12-19T14:15:00+05:30,204.99,205.3,204.55,204.89,99726
2024-12-19T14:30:00+05:30,204.89,205.48,204.54,205.48,81082
2024-12-19T14:45:00+05:30,205.39,212.75,205.27,209.15,2163650
2024-12-19T15:00:00+05:30,209.28,210.43,208.22,208.24,543807
2024-12-19T15:15:00+05:30,208.24,209.49,208.05,209.2,611782
2024-12-20T09:15:00+05:30,209.1,209.79,206.43,207.2,756616
2024-12-20T09:30:00+05:30,207.19,208.5,206.9,208.19,311270
2024-12-20T09:45:00+05:30,208.11,208.24,206.2,206.45,315288
2024-12-20T10:00:00+05:30,206.45,206.45,205.26,205.88,224154
2024-12-20T10:15:00+05:30,205.88,206.8,205.51,206.0,160896
2024-12-20T10:30:00+05:30,206.0,207.35,206.0,206.9,154275
2024-12-20T10:45:00+05:30,206.9,207.3,206.21,206.9,76904
2024-12-20T11:00:00+05:30,206.9,207.39,206.8,207.3,95502
2024-12-20T11:15:00+05:30,207.3,207.39,206.45,206.77,65439
2024-12-20T11:30:00+05:30,206.88,207.2,206.32,207.2,57107
2024-12-20T11:45:00+05:30,207.14,209.15,207.0,209.15,337893
2024-12-20T12:00:00+05:30,209.11,209.49,207.51,207.65,189392
2024-12-20T12:15:00+05:30,207.65,207.88,206.75,206.94,142121
2024-12-20T12:30:00+05:30,206.85,207.36,206.21,206.25,108588
2024-12-20T12:45:00+05:30,206.33,206.56,205.36,205.7,188286
2024-12-20T13:00:00+05:30,205.66,205.7,205.0,205.18,154679
2024-12-20T13:15:00+05:30,205.3,205.7,204.3,205.4,188560
2024-12-20T13:30:00+05:30,205.4,205.78,203.9,204.16,243067
2024-12-20T13:45:00+05:30,204.08,204.88,203.9,204.59,140512
2024-12-20T14:00:00+05:30,204.59,204.59,203.25,203.75,305262
2024-12-20T14:15:00+05:30,203.61,204.4,203.37,204.25,215092
2024-12-20T14:30:00+05:30,204.25,205.0,203.31,204.38,311633
2024-12-20T14:45:00+05:30,204.26,205.2,203.8,204.49,257397
2024-12-20T15:00:00+05:30,204.49,206.99,204.31,206.41,887775
2024-12-20T15:15:00+05:30,206.24,207.1,205.6,206.5,787957
2024-12-23T09:15:00+05:30,207.99,208.75,201.7,202.47,763777
2024-12-23T09:30:00+05:30,202.29,203.55,200.51,202.4,564095
2024-12-23T09:45:00+05:30,202.4,203.45,201.0,201.77,255428
2024-12-23T10:00:00+05:30,201.77,203.49,201.35,202.59,165754
2024-12-23T10:15:00+05:30,202.76,202.92,201.25,202.22,134084
2024-12-23T10:30:00+05:30,202.05,203.0,201.95,202.73,120052
2024-12-23T10:45:00+05:30,202.73,203.7,202.33,203.41,135135
2024-12-23T11:00:00+05:30,203.46,203.75,203.1,203.33,99856
2024-12-23T11:15:00+05:30,203.37,203.75,203.0,203.45,78817
2024-12-23T11:30:00+05:30,203.32,203.59,202.51,203.13,109033
2024-12-23T11:45:00+05:30,203.01,203.11,202.37,202.41,65113
2024-12-23T12:00:00+05:30,202.42,202.95,202.3,202.31,73199
2024-12-23T12:15:00+05:30,202.3,202.85,202.0,202.12,68153
2024-12-23T12:30:00+05:30,202.2,202.54,201.75,202.35,109858
2024-12-23T12:45:00+05:30,202.48,202.48,201.95,202.2,50391
2024-12-23T13:00:00+05:30,202.2,203.19,202.13,202.55,99027
2024-12-23T13:15:00+05:30,202.55,203.69,202.51,203.4,95787
2024-12-23T13:30:00+05:30,203.23,203.84,202.51,203.84,101422
2024-12-23T13:45:00+05:30,203.8,204.85,203.53,203.98,201255
2024-12-23T14:00:00+05:30,203.98,204.2,203.25,204.19,75341
2024-12-23T14:15:00+05:30,204.19,204.6,203.74,203.74,83308
2024-12-23T14:30:00+05:30,203.94,204.35,202.98,203.33,155673
2024-12-23T14:45:00+05:30,203.45,203.59,202.21,202.34,128381
2024-12-23T15:00:00+05:30,202.46,202.76,201.48,201.67,297527
2024-12-23T15:15:00+05:30,201.67,201.84,200.7,201.49,367055
2024-12-24T09:15:00+05:30,202.11,203.25,200.88,201.9,405993
2024-12-24T09:30:00+05:30,201.89,202.87,200.88,202.47,212960
2024-12-24T09:45:00+05:30,202.5,203.25,202.05,203.01,182109
2024-12-24T10:00:00+05:30,203.13,204.35,203.01,203.55,195978
2024-12-24T10:15:00+05:30,203.55,203.93,202.75,203.16,119148
2024-12-24T10:30:00+05:30,203.21,203.37,202.25,202.38,113074
2024-12-24T10:45:00+05:30,202.4,202.98,202.38,202.41,113368
2024-12-24T11:00:00+05:30,202.41,202.9,202.25,202.28,51725
2024-12-24T11:15:00+05:30,202.41,202.5,202.15,202.28,36767
2024-12-24T11:30:00+05:30,202.35,202.4,201.8,202.08,94910
2024-12-24T11:45:00+05:30,202.06,202.28,201.42,201.74,95390
2024-12-24T12:00:00+05:30,201.74,201.85,201.0,201.05,98685
2024-12-24T12:15:00+05:30,201.05,201.35,200.5,201.16,147248
2024-12-24T12:30:00+05:30,201.17,202.0,201.0,201.83,64259
2024-12-24T12:45:00+05:30,201.85,202.0,201.6,201.71,28193
2024-12-24T13:00:00+05:30,201.71,201.79,201.15,201.25,56517
2024-12-24T13:15:00+05:30,201.25,201.35,201.1,201.2,28950
2024-12-24T13:30:00+05:30,201.17,201.75,201.1,201.18,53317
2024-12-24T13:45:00+05:30,201.18,201.5,201.0,201.22,58721
2024-12-24T14:00:00+05:30,201.24,201.9,201.0,201.88,69290
2024-12-24T14:15:00+05:30,201.77,201.85,201.1,201.3,46362
2024-12-24T14:30:00+05:30,201.26,201.56,201.0,201.19,70492
2024-12-24T14:45:00+05:30,201.19,201.77,201.01,201.16,100405
2024-12-24T15:00:00+05:30,201.29,201.6,201.0,201.25,240222
2024-12-24T15:15:00+05:30,201.26,201.28,200.35,200.6,274149
2024-12-26T09:15:00+05:30,201.97,203.49,201.01,202.69,472557
2024-12-26T09:30:00+05:30,202.61,202.91,201.24,201.56,170192
2024-12-26T09:45:00+05:30,201.41,201.69,200.55,201.18,230758
2024-12-26T10:00:00+05:30,201.18,201.4,200.4,200.45,179422
2024-12-26T10:15:00+05:30,200.45,201.0,200.0,200.6,132912
2024-12-26T10:30:00+05:30,200.6,200.8,200.22,200.4,58623
2024-12-26T10:45:00+05:30,200.5,200.58,199.62,200.2,166622
2024-12-26T11:00:00+05:30,200.2,200.96,200.16,200.65,82220
2024-12-26T11:15:00+05:30,200.54,201.0,200.2,200.43,72528
2024-12-26T11:30:00+05:30,200.43,200.82,199.9,199.96,83097
2024-12-26T11:45:00+05:30,199.96,199.97,199.15,199.48,130185
2024-12-26T12:00:00+05:30,199.48,199.66,199.12,199.35,46931
2024-12-26T12:15:00+05:30,199.33,199.35,199.0,199.14,99375
2024-12-26T12:30:00+05:30,199.15,199.5,199.05,199.47,45318
2024-12-26T12:45:00+05:30,199.47,199.5,199.0,199.39,60057
2024-12-26T13:00:00+05:30,199.39,199.46,199.1,199.22,44612
2024-12-26T13:15:00+05:30,199.2,199.4,199.05,199.35,34050
2024-12-26T13:30:00+05:30,199.36,199.39,198.51,199.25,107777
2024-12-26T13:45:00+05:30,199.25,199.34,198.66,199.0,48955
2024-12-26T14:00:00+05:30,198.91,199.0,198.65,198.86,57452
2024-12-26T14:15:00+05:30,198.78,198.86,198.5,198.72,62452
2024-12-26T14:30:00+05:30,198.72,198.76,198.51,198.75,44345
2024-12-26T14:45:00+05:30,198.75,199.47,198.66,199.1,106798
2024-12-26T15:00:00+05:30,199.1,199.47,199.1,199.3,140218
2024-12-26T15:15:00+05:30,199.3,200.27,198.5,198.6,403572
2024-12-27T09:15:00+05:30,200.2,201.0,198.54,200.35,483523
2024-12-27T09:30:00+05:30,200.3,200.4,199.45,200.12,186005
2024-12-27T09:45:00+05:30,200.12,200.24,199.25,199.39,111312
2024-12-27T10:00:00+05:30,199.39,199.61,198.79,198.98,122683
2024-12-27T10:15:00+05:30,198.98,199.0,198.75,198.89,90270
2024-12-27T10:30:00+05:30,198.89,199.5,198.18,198.35,199005
2024-12-27T10:45:00+05:30,198.44,198.52,198.22,198.37,62251
2024-12-27T11:00:00+05:30,198.37,199.0,198.25,198.97,81757
2024-12-27T11:15:00+05:30,198.97,198.98,198.06,198.2,86115
2024-12-27T11:30:00+05:30,198.3,198.4,197.7,197.91,174771
2024-12-27T11:45:00+05:30,197.96,198.19,197.71,198.19,58535
2024-12-27T12:00:00+05:30,198.18,198.18,197.61,197.78,58117
2024-12-27T12:15:00+05:30,197.83,197.99,197.66,197.77,79226
2024-12-27T12:30:00+05:30,197.76,197.99,197.63,197.9,43233
2024-12-27T12:45:00+05:30,197.82,198.27,197.61,197.86,96706
2024-12-27T13:00:00+05:30,197.86,198.12,197.61,198.06,45580
2024-12-27T13:15:00+05:30,198.06,198.18,197.75,198.0,52556
2024-12-27T13:30:00+05:30,198.0,198.4,197.88,198.3,59838
2024-12-27T13:45:00+05:30,198.3,198.3,197.6,198.18,120563
2024-12-27T14:00:00+05:30,198.18,198.35,198.01,198.24,46353
2024-12-27T14:15:00+05:30,198.2,198.36,198.0,198.07,67566
2024-12-27T14:30:00+05:30,198.07,198.43,198.0,198.2,73957
2024-12-27T14:45:00+05:30,198.11,198.4,197.31,197.5,174655
2024-12-27T15:00:00+05:30,197.5,197.59,197.1,197.33,171670
2024-12-27T15:15:00+05:30,197.3,197.38,196.1,196.8,333837
2024-12-30T09:15:00+05:30,196.94,198.14,195.32,197.12,507194
2024-12-30T09:30:00+05:30,197.04,198.47,196.57,197.89,379971
2024-12-30T09:45:00+05:30,197.75,203.15,197.53,202.76,1141553
2024-12-30T10:00:00+05:30,202.84,204.29,202.05,203.18,962715
2024-12-30T10:15:00+05:30,203.18,203.7,200.8,201.11,566833
2024-12-30T10:30:00+05:30,201.08,201.45,200.23,200.76,203245
2024-12-30T10:45:00+05:30,200.76,201.5,200.25,200.3,227174
2024-12-30T11:00:00+05:30,200.3,200.74,199.69,200.5,182101
2024-12-30T11:15:00+05:30,200.59,201.4,200.38,201.24,133325
2024-12-30T11:30:00+05:30,201.23,201.59,200.29,200.73,118644
2024-12-30T11:45:00+05:30,200.74,200.9,200.01,200.19,98811
2024-12-30T12:00:00+05:30,200.19,200.45,199.65,200.33,111169
2024-12-30T12:15:00+05:30,200.33,200.43,199.91,200.0,76775
2024-12-30T12:30:00+05:30,199.95,200.4,199.63,200.26,114891
2024-12-30T12:45:00+05:30,200.38,201.11,200.25,200.53,129023
2024-12-30T13:00:00+05:30,200.48,203.48,199.7,203.05,606506
2024-12-30T13:15:00+05:30,203.19,204.1,202.09,202.92,634010
2024-12-30T13:30:00+05:30,203.0,203.4,202.22,202.98,309616
2024-12-30T13:45:00+05:30,202.98,203.0,202.24,202.9,259959
2024-12-30T14:00:00+05:30,202.9,203.0,202.11,202.71,225285
2024-12-30T14:15:00+05:30,202.76,203.49,202.36,202.62,355904
2024-12-30T14:30:00+05:30,202.78,207.9,202.7,207.79,2038408
2024-12-30T14:45:00+05:30,207.79,214.8,207.56,213.99,4205747
2024-12-30T15:00:00+05:30,213.99,220.5,213.99,218.89,8461183
2024-12-30T15:15:00+05:30,219.0,222.5,216.9,217.24,5013147
2024-12-31T09:15:00+05:30,215.6,215.74,211.6,214.86,2992769
2024-12-31T09:30:00+05:30,214.99,216.95,212.8,213.22,2013894
2024-12-31T09:45:00+05:30,213.23,214.98,213.22,214.76,572095
2024-12-31T10:00:00+05:30,214.8,215.47,211.8,213.0,1033752
2024-12-31T10:15:00+05:30,213.11,216.47,213.0,214.5,879505
2024-12-31T10:30:00+05:30,214.63,215.94,214.3,215.94,367722
2024-12-31T10:45:00+05:30,215.81,216.62,213.61,214.09,438718
2024-12-31T11:00:00+05:30,214.2,215.6,213.8,214.86,278254
2024-12-31T11:15:00+05:30,214.94,215.09,213.15,213.44,315406
2024-12-31T11:30:00+05:30,213.42,214.18,212.85,214.0,206926
2024-12-31T11:45:00+05:30,214.0,215.48,213.85,215.03,347133
2024-12-31T12:00:00+05:30,215.1,215.38,214.0,214.48,187873
2024-12-31T12:15:00+05:30,214.48,215.5,214.2,214.53,234300
2024-12-31T12:30:00+05:30,214.65,214.75,214.27,214.31,106829
2024-12-31T12:45:00+05:30,214.41,215.41,214.05,215.15,236595
2024-12-31T13:00:00+05:30,215.24,215.6,214.74,215.0,342422
2024-12-31T13:15:00+05:30,214.99,215.9,214.98,215.49,185011
2024-12-31T13:30:00+05:30,215.52,219.58,215.31,217.81,1863455
2024-12-31T13:45:00+05:30,217.81,218.49,217.05,218.18,651376
2024-12-31T14:00:00+05:30,218.18,219.0,217.79,218.0,693338
2024-12-31T14:15:00+05:30,218.09,218.47,217.1,217.26,599277
2024-12-31T14:30:00+05:30,217.33,217.74,216.25,217.22,478211
2024-12-31T14:45:00+05:30,217.29,218.1,217.02,217.64,356340
2024-12-31T15:00:00+05:30,217.68,217.79,215.81,216.05,599406
2024-12-31T15:15:00+05:30,216.2,216.99,213.48,215.0,1223236
2025-01-01T09:15:00+05:30,216.45,227.65,215.05,226.0,7627471
2025-01-01T09:30:00+05:30,226.0,226.19,222.28,223.06,3485101
2025-01-01T09:45:00+05:30,223.1,223.95,221.2,223.86,2088229
2025-01-01T10:00:00+05:30,223.9,224.54,222.3,223.22,1178156
2025-01-01T10:15:00+05:30,223.22,223.77,222.31,222.68,803379
2025-01-01T10:30:00+05:30,222.68,223.15,221.8,222.92,729383
2025-01-01T10:45:00+05:30,223.0,223.5,222.01,222.23,590820
2025-01-01T11:00:00+05:30,222.3,223.1,221.86,222.73,416809
2025-01-01T11:15:00+05:30,222.66,223.1,222.32,222.65,304829
2025-01-01T11:30:00+05:30,222.65,222.76,221.55,222.06,511523
2025-01-01T11:45:00+05:30,222.1,222.65,221.63,222.4,335478
2025-01-01T12:00:00+05:30,222.4,222.79,222.1,222.46,324268
2025-01-01T12:15:00+05:30,222.46,222.46,221.51,221.81,387989
2025-01-01T12:30:00+05:30,221.81,222.39,221.76,222.0,315568
2025-01-01T12:45:00+05:30,222.0,222.6,221.84,222.38,303355
2025-01-01T13:00:00+05:30,222.31,223.99,222.0,223.68,908275
2025-01-01T13:15:00+05:30,223.69,225.98,222.8,224.82,2524456
2025-01-01T13:30:00+05:30,224.9,225.5,224.51,225.1,1023055
2025-01-01T13:45:00+05:30,225.1,225.45,224.9,225.09,782176
2025-01-01T14:00:00+05:30,225.15,225.27,224.15,225.06,953337
2025-01-01T14:15:00+05:30,225.0,225.46,222.6,222.69,1269034
2025-01-01T14:30:00+05:30,222.6,223.25,221.8,222.78,1048289
2025-01-01T14:45:00+05:30,222.77,222.78,221.79,222.63,734871
2025-01-01T15:00:00+05:30,222.74,222.97,221.81,222.08,880687
2025-01-01T15:15:00+05:30,222.02,222.15,221.0,221.05,1434199
2025-01-02T09:15:00+05:30,223.5,224.4,220.11,222.42,1896618
2025-01-02T09:30:00+05:30,222.31,223.4,221.76,223.12,804034
2025-01-02T09:45:00+05:30,223.2,223.3,222.01,222.35,450982
2025-01-02T10:00:00+05:30,222.36,222.69,221.82,221.99,490942
2025-01-02T10:15:00+05:30,222.0,222.74,221.32,221.61,382154
2025-01-02T10:30:00+05:30,221.6,221.7,220.25,220.76,505374
2025-01-02T10:45:00+05:30,220.7,221.4,220.4,221.06,237097
2025-01-02T11:00:00+05:30,221.06,221.25,220.74,221.08,114172
2025-01-02T11:15:00+05:30,221.09,222.45,220.57,222.38,323769
2025-01-02T11:30:00+05:30,222.38,224.99,222.02,223.2,1481929
2025-01-02T11:45:00+05:30,223.2,223.37,222.24,223.24,502649
2025-01-02T12:00:00+05:30,223.23,223.3,222.41,222.54,190816
2025-01-02T12:15:00+05:30,222.45,222.85,222.32,222.45,148109
2025-01-02T12:30:00+05:30,222.55,222.79,222.05,222.25,256372
2025-01-02T12:45:00+05:30,222.15,222.66,221.77,222.2,193865
2025-01-02T13:00:00+05:30,222.27,222.6,222.0,222.15,123188
2025-01-02T13:15:00+05:30,222.1,222.58,222.05,222.2,159847
2025-01-02T13:30:00+05:30,222.16,222.6,221.7,222.15,214175
2025-01-02T13:45:00+05:30,222.15,222.41,221.79,222.18,156432
2025-01-02T14:00:00+05:30,222.18,222.4,222.0,222.2,120422
2025-01-02T14:15:00+05:30,222.21,223.83,222.13,222.32,488252
2025-01-02T14:30:00+05:30,222.44,222.68,222.0,222.25,188785
2025-01-02T14:45:00+05:30,222.2,222.74,221.9,222.25,265930
2025-01-02T15:00:00+05:30,222.3,223.42,222.02,222.69,860298
2025-01-02T15:15:00+05:30,222.63,222.75,221.56,221.6,747363
2025-01-03T09:15:00+05:30,221.55,226.5,220.61,223.71,2212364
2025-01-03T09:30:00+05:30,223.71,224.09,222.65,222.85,844750
2025-01-03T09:45:00+05:30,222.7,223.52,222.36,222.71,356146
2025-01-03T10:00:00+05:30,222.73,223.5,222.06,222.31,357451
2025-01-03T10:15:00+05:30,222.25,222.78,221.5,221.8,484153
2025-01-03T10:30:00+05:30,221.77,222.41,221.51,221.87,297381
2025-01-03T10:45:00+05:30,222.0,222.15,221.6,221.81,159309
2025-01-03T11:00:00+05:30,221.81,222.4,221.78,222.27,140419
2025-01-03T11:15:00+05:30,222.17,222.29,221.8,222.0,251350
2025-01-03T11:30:00+05:30,222.0,222.14,221.7,221.9,164428
2025-01-03T11:45:00+05:30,221.9,223.45,221.7,223.14,442431
2025-01-03T12:00:00+05:30,223.06,223.16,222.26,222.75,164092
2025-01-03T12:15:00+05:30,222.75,228.69,222.33,227.7,4112983
2025-01-03T12:30:00+05:30,227.6,229.7,226.7,228.9,3769052
2025-01-03T12:45:00+05:30,228.9,228.98,227.51,228.0,1293422
2025-01-03T13:00:00+05:30,227.94,229.24,227.7,228.3,964777
2025-01-03T13:15:00+05:30,228.25,228.44,227.11,227.53,793382
2025-01-03T13:30:00+05:30,227.53,228.45,227.28,228.07,658647
2025-01-03T13:45:00+05:30,228.08,228.19,227.0,227.05,500023
2025-01-03T14:00:00+05:30,227.05,227.44,226.1,227.29,952366
2025-01-03T14:15:00+05:30,227.28,230.0,227.01,229.7,1898751
2025-01-03T14:30:00+05:30,229.78,232.0,228.81,231.25,4113473
2025-01-03T14:45:00+05:30,231.38,234.29,230.4,232.75,4881679
2025-01-03T15:00:00+05:30,232.8,233.15,229.6,230.24,3476353
2025-01-03T15:15:00+05:30,230.24,231.0,229.3,229.5,2399448
2025-01-06T09:15:00+05:30,231.4,231.8,225.25,225.98,2759075
2025-01-06T09:30:00+05:30,225.84,229.4,225.81,227.9,1403925
2025-01-06T09:45:00+05:30,227.89,228.89,226.7,227.46,714659
2025-01-06T10:00:00+05:30,227.46,228.4,226.21,227.2,515375
2025-01-06T10:15:00+05:30,227.32,227.4,225.25,225.36,708668
2025-01-06T10:30:00+05:30,225.3,225.3,223.26,223.74,1103403
2025-01-06T10:45:00+05:30,223.74,223.74,221.37,221.65,931650
2025-01-06T11:00:00+05:30,221.7,222.07,219.25,219.85,1266427
2025-01-06T11:15:00+05:30,219.85,220.82,218.6,220.6,1062097
2025-01-06T11:30:00+05:30,220.6,221.7,219.5,219.68,776634
2025-01-06T11:45:00+05:30,219.57,219.69,217.51,218.83,1240836
2025-01-06T12:00:00+05:30,218.9,220.4,218.87,219.5,725292
2025-01-06T12:15:00+05:30,219.5,219.89,218.24,218.6,424692
2025-01-06T12:30:00+05:30,218.6,220.34,218.45,219.9,589548
2025-01-06T12:45:00+05:30,219.89,220.9,219.34,220.62,444386
2025-01-06T13:00:00+05:30,220.62,220.9,218.81,219.08,307753
2025-01-06T13:15:00+05:30,219.01,219.38,217.0,217.4,838576
2025-01-06T13:30:00+05:30,217.4,217.56,216.5,217.3,615511
2025-01-06T13:45:00+05:30,217.2,217.8,215.6,216.11,719514
2025-01-06T14:00:00+05:30,216.23,217.38,215.8,216.0,582594
2025-01-06T14:15:00+05:30,216.01,217.31,215.65,215.7,532189
2025-01-06T14:30:00+05:30,215.7,216.0,214.0,214.88,967910
2025-01-06T14:45:00+05:30,214.94,216.69,214.69,216.39,685679
2025-01-06T15:00:00+05:30,216.35,216.69,214.2,214.64,1099323
2025-01-06T15:15:00+05:30,214.54,214.99,213.4,214.7,1776663
2025-01-07T09:15:00+05:30,215.69,219.12,213.64,217.82,3492395
2025-01-07T09:30:00+05:30,217.76,221.73,216.8,221.41,2377771
2025-01-07T09:45:00+05:30,221.36,221.6,216.23,217.38,2033257
2025-01-07T10:00:00+05:30,217.47,218.9,215.8,218.83,1007994
2025-01-07T10:15:00+05:30,218.9,219.9,217.47,219.15,735330
2025-01-07T10:30:00+05:30,219.2,219.37,217.83,218.34,293664
2025-01-07T10:45:00+05:30,218.36,219.19,218.05,218.98,403385
2025-01-07T11:00:00+05:30,218.98,220.35,218.5,219.25,562625
2025-01-07T11:15:00+05:30,219.24,222.5,219.0,220.51,1222762
2025-01-07T11:30:00+05:30,220.48,222.9,220.36,221.12,971231
2025-01-07T11:45:00+05:30,221.2,222.35,220.51,220.75,498948
2025-01-07T12:00:00+05:30,220.74,221.7,219.75,220.36,413301
2025-01-07T12:15:00+05:30,220.5,221.0,219.67,220.39,292350
2025-01-07T12:30:00+05:30,220.3,221.0,219.4,219.65,318601
2025-01-07T12:45:00+05:30,219.65,220.54,219.44,219.68,273144
2025-01-07T13:00:00+05:30,219.66,220.85,219.29,220.58,254695
2025-01-07T13:15:00+05:30,220.46,220.7,219.8,220.27,157732
2025-01-07T13:30:00+05:30,220.27,220.99,219.78,219.9,282181
2025-01-07T13:45:00+05:30,219.82,220.12,218.49,218.87,360636
2025-01-07T14:00:00+05:30,218.8,220.14,218.73,219.66,251999
2025-01-07T14:15:00+05:30,219.79,220.59,219.37,219.71,329744
2025-01-07T14:30:00+05:30,219.63,219.86,219.1,219.2,161504
2025-01-07T14:45:00+05:30,219.12,219.63,218.71,219.36,315564
2025-01-07T15:00:00+05:30,219.36,219.58,218.6,218.72,502124
2025-01-07T15:15:00+05:30,218.72,219.0,218.15,218.83,816048
2025-01-08T09:15:00+05:30,220.91,222.44,215.66,216.53,2305537
2025-01-08T09:30:00+05:30,216.42,218.92,215.6,217.0,987639
2025-01-08T09:45:00+05:30,216.92,220.31,216.67,219.6,1056327
2025-01-08T10:00:00+05:30,219.75,222.48,218.91,222.25,1762823
2025-01-08T10:15:00+05:30,222.25,225.84,221.25,224.06,3836244
2025-01-08T10:30:00+05:30,224.01,224.5,222.31,222.98,1530082
2025-01-08T10:45:00+05:30,222.9,225.68,222.9,225.65,1189601
2025-01-08T11:00:00+05:30,225.65,225.98,221.6,221.92,1309378
2025-01-08T11:15:00+05:30,221.81,222.15,220.32,221.85,1223197
2025-01-08T11:30:00+05:30,221.94,222.36,220.04,220.13,493967
2025-01-08T11:45:00+05:30,220.15,220.7,219.35,220.36,668180
2025-01-08T12:00:00+05:30,220.46,221.29,219.5,220.0,396791
2025-01-08T12:15:00+05:30,220.0,220.34,219.29,219.58,331344
2025-01-08T12:30:00+05:30,219.53,219.68,218.64,219.45,468177
2025-01-08T12:45:00+05:30,219.45,219.74,218.5,219.25,307167
2025-01-08T13:00:00+05:30,219.34,219.6,218.75,219.27,284318
2025-01-08T13:15:00+05:30,219.27,220.5,218.6,220.17,512162
2025-01-08T13:30:00+05:30,220.14,220.7,219.59,220.49,339624
2025-01-08T13:45:00+05:30,220.4,221.7,220.21,221.34,511538
2025-01-08T14:00:00+05:30,221.29,223.24,220.92,222.92,843767
2025-01-08T14:15:00+05:30,222.82,224.79,222.38,223.31,1205956
2025-01-08T14:30:00+05:30,223.31,223.46,222.01,223.06,604450
2025-01-08T14:45:00+05:30,223.06,225.7,223.06,223.5,1809960
2025-01-08T15:00:00+05:30,223.59,224.8,223.0,223.81,948271
2025-01-08T15:15:00+05:30,223.86,223.86,222.25,222.9,1152463
2025-01-09T09:15:00+05:30,224.91,227.3,223.01,225.06,3913807
2025-01-09T09:30:00+05:30,225.06,225.99,224.0,224.8,1352464
2025-01-09T09:45:00+05:30,224.83,225.9,223.6,225.8,1132156
2025-01-09T10:00:00+05:30,225.8,225.83,224.65,225.15,596589
2025-01-09T10:15:00+05:30,225.2,225.29,224.23,224.8,572366
2025-01-09T10:30:00+05:30,224.8,224.8,223.51,223.67,625983
2025-01-09T10:45:00+05:30,223.66,224.07,223.0,223.01,636221
2025-01-09T11:00:00+05:30,223.02,223.2,220.49,222.05,1382473
2025-01-09T11:15:00+05:30,222.04,222.97,221.81,222.68,345692
2025-01-09T11:30:00+05:30,222.65,222.95,221.8,222.27,205241
2025-01-09T11:45:00+05:30,222.21,222.5,221.8,222.4,184143
2025-01-09T12:00:00+05:30,222.4,222.67,222.0,222.6,124700
2025-01-09T12:15:00+05:30,222.58,223.3,221.59,221.61,315253
2025-01-09T12:30:00+05:30,221.71,222.2,221.15,221.35,231651
2025-01-09T12:45:00+05:30,221.35,221.5,220.15,221.33,471438
2025-01-09T13:00:00+05:30,221.3,221.87,220.8,221.83,211511
2025-01-09T13:15:00+05:30,221.85,222.24,221.0,221.7,304896
2025-01-09T13:30:00+05:30,221.75,221.85,220.55,221.01,201367
2025-01-09T13:45:00+05:30,221.1,221.99,221.0,221.44,198034
2025-01-09T14:00:00+05:30,221.44,221.99,221.1,221.35,185988
2025-01-09T14:15:00+05:30,221.36,221.77,220.71,220.78,258647
2025-01-09T14:30:00+05:30,220.78,221.2,215.4,218.0,2158801
2025-01-09T14:45:00+05:30,218.06,220.5,216.82,219.28,1177153
2025-01-09T15:00:00+05:30,219.35,219.49,216.5,216.54,1064767
2025-01-09T15:15:00+05:30,216.59,216.9,213.66,215.75,2586834
2025-01-10T09:15:00+05:30,217.9,222.86,210.6,211.84,7341935
2025-01-10T09:30:00+05:30,211.87,211.99,208.42,210.18,3556823
2025-01-10T09:45:00+05:30,210.08,212.76,209.05,211.01,1973529
2025-01-10T10:00:00+05:30,211.01,212.6,208.77,211.61,1874275
2025-01-10T10:15:00+05:30,211.57,212.39,209.6,210.12,1285720
2025-01-10T10:30:00+05:30,210.22,211.2,209.6,210.78,735097
2025-01-10T10:45:00+05:30,210.75,211.2,210.2,210.68,452527
2025-01-10T11:00:00+05:30,210.68,211.49,210.42,211.49,550653
2025-01-10T11:15:00+05:30,211.49,212.8,210.9,211.69,1112053
2025-01-10T11:30:00+05:30,211.69,212.39,209.85,210.04,773798
2025-01-10T11:45:00+05:30,210.03,210.72,209.71,210.36,468554
2025-01-10T12:00:00+05:30,210.36,210.8,209.02,209.83,525824
2025-01-10T12:15:00+05:30,209.83,210.1,205.58,206.4,1473728
2025-01-10T12:30:00+05:30,206.4,206.65,204.25,206.45,1971710
2025-01-10T12:45:00+05:30,206.45,206.97,205.6,206.2,791877
2025-01-10T13:00:00+05:30,206.2,206.42,205.41,206.2,639500
2025-01-10T13:15:00+05:30,206.22,206.77,205.2,205.33,654535
2025-01-10T13:30:00+05:30,205.33,206.18,205.04,206.0,511410
2025-01-10T13:45:00+05:30,206.0,206.08,204.6,204.84,771301
2025-01-10T14:00:00+05:30,204.95,205.17,202.5,202.63,1552430
2025-01-10T14:15:00+05:30,202.63,203.8,201.11,202.5,1774525
2025-01-10T14:30:00+05:30,202.41,202.8,201.5,202.8,1084265
2025-01-10T14:45:00+05:30,202.8,203.3,201.61,202.17,1212785
2025-01-10T15:00:00+05:30,202.17,202.17,200.6,200.84,1633617
2025-01-10T15:15:00+05:30,200.8,203.5,198.61,203.5,3806756
2025-01-13T09:15:00+05:30,200.4,209.53,196.55,209.24,6023779
2025-01-13T09:30:00+05:30,209.24,211.1,207.3,209.1,4659940
2025-01-13T09:45:00+05:30,209.11,210.96,207.61,209.48,2950677
2025-01-13T10:00:00+05:30,209.49,212.35,208.77,211.25,3666262
2025-01-13T10:15:00+05:30,211.28,211.85,208.5,209.66,2124244
2025-01-13T10:30:00+05:30,209.65,210.23,208.31,209.92,1172595
2025-01-13T10:45:00+05:30,209.92,209.93,207.3,207.5,1466014
2025-01-13T11:00:00+05:30,207.5,208.32,206.81,207.31,1002068
2025-01-13T11:15:00+05:30,207.27,207.34,205.8,205.99,1176331
2025-01-13T11:30:00+05:30,205.99,206.8,205.75,206.1,808870
2025-01-13T11:45:00+05:30,206.06,206.44,203.51,203.94,1492533
2025-01-13T12:00:00+05:30,203.94,204.75,203.01,203.5,958576
2025-01-13T12:15:00+05:30,203.4,205.29,202.8,204.82,1379972
2025-01-13T12:30:00+05:30,204.92,205.09,203.1,204.0,717237
2025-01-13T12:45:00+05:30,204.0,204.01,201.72,202.0,1038599
2025-01-13T13:00:00+05:30,202.11,202.8,201.51,202.5,722948
2025-01-13T13:15:00+05:30,202.5,203.24,201.6,202.6,789471
2025-01-13T13:30:00+05:30,202.61,202.96,200.75,201.73,940861
2025-01-13T13:45:00+05:30,201.83,202.2,200.52,201.23,1007193
2025-01-13T14:00:00+05:30,201.28,201.96,200.16,200.87,1063607
2025-01-13T14:15:00+05:30,200.83,201.64,200.22,200.81,809120
2025-01-13T14:30:00+05:30,200.81,200.87,198.1,200.04,1914046
2025-01-13T14:45:00+05:30,200.04,202.9,199.84,201.61,1858472
2025-01-13T15:00:00+05:30,201.61,202.1,199.3,199.55,1690049
2025-01-13T15:15:00+05:30,199.55,200.59,198.35,200.1,2343793
2025-01-14T09:15:00+05:30,204.1,206.76,200.6,203.77,3767100
2025-01-14T09:30:00+05:30,203.76,207.08,202.5,205.77,2117955
2025-01-14T09:45:00+05:30,205.77,207.85,202.62,204.51,2226638
2025-01-14T10:00:00+05:30,204.6,206.74,203.33,206.11,1086802
2025-01-14T10:15:00+05:30,206.11,206.55,203.8,204.79,924310
2025-01-14T10:30:00+05:30,204.72,206.7,204.66,205.59,795860
2025-01-14T10:45:00+05:30,205.5,207.2,205.47,206.74,827161
2025-01-14T11:00:00+05:30,206.85,207.85,206.39,207.32,778669
2025-01-14T11:15:00+05:30,207.32,209.8,207.1,208.22,1258573
2025-01-14T11:30:00+05:30,208.22,208.35,206.68,207.28,880742
2025-01-14T11:45:00+05:30,207.27,207.45,206.62,207.45,375139
2025-01-14T12:00:00+05:30,207.34,207.49,206.35,207.14,332930
2025-01-14T12:15:00+05:30,207.04,207.14,205.61,206.19,476374
2025-01-14T12:30:00+05:30,206.19,206.45,205.64,205.9,286260
2025-01-14T12:45:00+05:30,205.9,206.99,204.65,204.93,627231
2025-01-14T13:00:00+05:30,204.85,205.45,204.4,205.2,302171
2025-01-14T13:15:00+05:30,205.2,205.45,204.95,205.24,171511
2025-01-14T13:30:00+05:30,205.29,205.95,205.02,205.84,215528
2025-01-14T13:45:00+05:30,205.75,206.65,205.33,206.53,344036
2025-01-14T14:00:00+05:30,206.5,207.3,205.91,206.6,415126
2025-01-14T14:15:00+05:30,206.7,207.08,206.21,206.29,303099
2025-01-14T14:30:00+05:30,206.21,206.42,205.0,205.85,519786
2025-01-14T14:45:00+05:30,205.78,206.65,205.7,206.25,472933
2025-01-14T15:00:00+05:30,206.25,206.35,205.32,205.98,570091
2025-01-14T15:15:00+05:30,205.99,206.99,205.65,206.9,1156298
2025-01-15T09:15:00+05:30,208.0,209.89,206.8,207.8,1572206
2025-01-15T09:30:00+05:30,207.78,208.19,204.17,207.45,1487185
2025-01-15T09:45:00+05:30,207.3,207.5,205.71,206.63,577233
2025-01-15T10:00:00+05:30,206.63,206.94,204.4,205.39,576872
2025-01-15T10:15:00+05:30,205.3,206.5,205.15,205.9,331613
2025-01-15T10:30:00+05:30,205.94,206.65,205.2,206.2,299000
2025-01-15T10:45:00+05:30,206.2,207.4,206.08,206.7,416275
2025-01-15T11:00:00+05:30,206.7,206.75,205.7,206.7,335974
2025-01-15T11:15:00+05:30,206.7,206.98,206.35,206.42,198148
2025-01-15T11:30:00+05:30,206.35,206.5,205.7,206.21,306565
2025-01-15T11:45:00+05:30,206.21,206.69,206.05,206.3,146659
2025-01-15T12:00:00+05:30,206.41,206.6,206.04,206.26,170896
2025-01-15T12:15:00+05:30,206.25,207.46,205.9,206.97,533165
2025-01-15T12:30:00+05:30,207.0,207.1,206.51,206.92,120096
2025-01-15T12:45:00+05:30,206.81,207.49,206.76,206.81,244930
2025-01-15T13:00:00+05:30,206.85,206.91,205.65,205.78,419710
2025-01-15T13:15:00+05:30,205.78,206.13,204.7,205.0,655249
2025-01-15T13:30:00+05:30,204.9,205.45,203.46,204.55,729926
2025-01-15T13:45:00+05:30,204.39,204.79,203.63,204.62,269985
2025-01-15T14:00:00+05:30,204.64,205.3,204.25,204.62,304725
2025-01-15T14:15:00+05:30,204.61,205.1,204.08,204.1,152832
2025-01-15T14:30:00+05:30,204.09,205.3,203.57,205.07,438686
2025-01-15T14:45:00+05:30,205.07,205.6,204.85,205.01,313372
2025-01-15T15:00:00+05:30,205.1,205.5,203.9,204.09,548085
2025-01-15T15:15:00+05:30,204.09,204.1,202.5,202.75,1042028
2025-01-16T09:15:00+05:30,205.3,208.98,205.22,206.78,1856259
2025-01-16T09:30:00+05:30,206.78,208.68,206.0,207.68,1337229
2025-01-16T09:45:00+05:30,207.68,207.86,205.81,206.1,770992
2025-01-16T10:00:00+05:30,206.11,206.5,205.67,206.08,513191
2025-01-16T10:15:00+05:30,206.0,206.85,205.8,205.95,391024
2025-01-16T10:30:00+05:30,205.95,206.9,205.8,206.42,442994
2025-01-16T10:45:00+05:30,206.42,206.5,205.57,206.09,290680
2025-01-16T11:00:00+05:30,206.13,206.43,205.56,205.62,244839
2025-01-16T11:15:00+05:30,205.7,205.9,204.52,204.9,583458
2025-01-16T11:30:00+05:30,204.91,205.6,204.79,205.33,250572
2025-01-16T11:45:00+05:30,205.33,205.33,204.3,204.82,234934
2025-01-16T12:00:00+05:30,204.82,205.21,204.4,204.55,196972
2025-01-16T12:15:00+05:30,204.55,205.47,204.37,204.65,242595
2025-01-16T12:30:00+05:30,204.7,205.44,204.62,205.35,111356
2025-01-16T12:45:00+05:30,205.35,205.6,205.0,205.15,143700
2025-01-16T13:00:00+05:30,205.1,205.63,205.05,205.22,104220
2025-01-16T13:15:00+05:30,205.23,205.4,204.85,205.02,98912
2025-01-16T13:30:00+05:30,205.02,205.38,204.88,205.25,97042
2025-01-16T13:45:00+05:30,205.25,205.5,205.11,205.24,113105
2025-01-16T14:00:00+05:30,205.36,205.84,205.21,205.45,182966
2025-01-16T14:15:00+05:30,205.44,205.55,204.55,205.02,288502
2025-01-16T14:30:00+05:30,205.03,205.27,204.65,204.73,169362
2025-01-16T14:45:00+05:30,204.87,205.38,204.7,205.09,248430
2025-01-16T15:00:00+05:30,205.09,205.16,204.5,204.59,433376
2025-01-16T15:15:00+05:30,204.59,204.63,203.35,204.36,1232473
2025-01-17T09:15:00+05:30,204.6,207.88,203.5,207.79,2512828
2025-01-17T09:30:00+05:30,207.79,207.9,205.4,205.81,765575
2025-01-17T09:45:00+05:30,205.9,210.85,205.8,210.8,1599643
2025-01-17T10:00:00+05:30,210.8,212.55,209.41,210.56,2373788
2025-01-17T10:15:00+05:30,210.51,211.47,209.31,209.98,806946
2025-01-17T10:30:00+05:30,209.92,210.28,208.8,209.14,562401
2025-01-17T10:45:00+05:30,209.19,209.49,207.68,207.94,720475
2025-01-17T11:00:00+05:30,207.94,209.15,207.67,208.82,426999
2025-01-17T11:15:00+05:30,208.85,209.3,208.09,208.48,319067
2025-01-17T11:30:00+05:30,208.4,208.48,207.96,208.17,233873
2025-01-17T11:45:00+05:30,208.1,208.44,207.75,207.91,258571
2025-01-17T12:00:00+05:30,207.98,208.65,207.85,208.0,123448
2025-01-17T12:15:00+05:30,208.01,208.59,207.6,208.0,230704
2025-01-17T12:30:00+05:30,207.99,208.15,207.66,207.83,103309
2025-01-17T12:45:00+05:30,207.93,208.0,206.33,206.99,620883
2025-01-17T13:00:00+05:30,206.99,207.19,206.9,206.99,134571
2025-01-17T13:15:00+05:30,206.98,207.44,206.61,207.2,169958
2025-01-17T13:30:00+05:30,207.19,207.25,206.55,206.86,171238
2025-01-17T13:45:00+05:30,206.82,207.48,206.69,207.11,155142
2025-01-17T14:00:00+05:30,207.13,207.34,206.63,207.29,159896
2025-01-17T14:15:00+05:30,207.25,207.45,206.91,207.31,143996
2025-01-17T14:30:00+05:30,207.31,208.15,207.31,207.84,412080
2025-01-17T14:45:00+05:30,207.9,208.58,207.01,207.4,535397
2025-01-17T15:00:00+05:30,207.4,207.45,206.9,207.24,471948
2025-01-17T15:15:00+05:30,207.24,207.4,206.7,206.8,914123
2025-01-20T09:15:00+05:30,208.51,209.35,206.26,208.2,1689082
2025-01-20T09:30:00+05:30,208.09,208.91,207.45,208.67,717828
2025-01-20T09:45:00+05:30,208.67,209.8,208.31,208.31,853047
2025-01-20T10:00:00+05:30,208.39,208.54,207.56,207.85,433161
2025-01-20T10:15:00+05:30,207.85,208.39,207.59,207.78,215956
2025-01-20T10:30:00+05:30,207.85,208.15,207.1,207.4,385612
2025-01-20T10:45:00+05:30,207.4,207.59,206.67,207.43,241889
2025-01-20T11:00:00+05:30,207.48,207.7,206.7,207.05,186043
2025-01-20T11:15:00+05:30,207.06,207.7,206.91,207.48,150995
2025-01-20T11:30:00+05:30,207.47,207.68,207.1,207.36,110280
2025-01-20T11:45:00+05:30,207.44,207.81,207.3,207.37,124594
2025-01-20T12:00:00+05:30,207.3,207.7,206.9,207.35,173744
2025-01-20T12:15:00+05:30,207.41,207.79,207.15,207.51,144301
2025-01-20T12:30:00+05:30,207.49,207.75,207.1,207.24,117469
2025-01-20T12:45:00+05:30,207.25,207.65,207.05,207.55,121370
2025-01-20T13:00:00+05:30,207.55,208.25,207.55,208.1,284069
2025-01-20T13:15:00+05:30,208.06,208.2,207.52,207.91,121193
2025-01-20T13:30:00+05:30,207.9,208.55,207.51,208.42,214981
2025-01-20T13:45:00+05:30,208.36,208.42,207.5,207.6,189232
2025-01-20T14:00:00+05:30,207.61,208.0,207.33,207.89,229848
2025-01-20T14:15:00+05:30,207.94,208.05,207.35,207.41,189085
2025-01-20T14:30:00+05:30,207.45,207.89,207.45,207.78,121116
2025-01-20T14:45:00+05:30,207.78,207.84,207.4,207.54,162753
2025-01-20T15:00:00+05:30,207.54,207.72,207.3,207.31,359381
2025-01-20T15:15:00+05:30,207.31,208.75,207.0,207.4,878765
2025-01-21T09:15:00+05:30,208.79,209.6,207.1,208.65,1288019
2025-01-21T09:30:00+05:30,208.6,208.88,207.65,208.02,447887
2025-01-21T09:45:00+05:30,208.1,208.2,206.15,206.37,692321
2025-01-21T10:00:00+05:30,206.37,206.4,205.05,205.21,513817
2025-01-21T10:15:00+05:30,205.15,205.25,203.4,203.65,692338
2025-01-21T10:30:00+05:30,203.76,204.65,203.6,204.14,376464
2025-01-21T10:45:00+05:30,204.14,204.5,203.61,203.65,232016
2025-01-21T11:00:00+05:30,203.62,203.98,203.0,203.4,263999
2025-01-21T11:15:00+05:30,203.39,203.94,203.15,203.36,157761
2025-01-21T11:30:00+05:30,203.36,204.58,203.2,204.58,244490
2025-01-21T11:45:00+05:30,204.59,205.59,204.52,205.08,495500
2025-01-21T12:00:00+05:30,205.05,205.2,204.13,204.39,170415
2025-01-21T12:15:00+05:30,204.36,204.39,203.51,203.84,276929
2025-01-21T12:30:00+05:30,203.84,204.5,203.7,204.4,150867
2025-01-21T12:45:00+05:30,204.4,204.95,204.07,204.63,132314
2025-01-21T13:00:00+05:30,204.6,204.95,204.28,204.6,87520
2025-01-21T13:15:00+05:30,204.53,204.66,203.7,204.55,163315
2025-01-21T13:30:00+05:30,204.54,204.6,203.85,204.46,175578
2025-01-21T13:45:00+05:30,204.4,205.2,204.39,205.09,186211
2025-01-21T14:00:00+05:30,205.19,205.49,204.7,204.7,156477
2025-01-21T14:15:00+05:30,204.72,205.11,204.6,205.01,181961
2025-01-21T14:30:00+05:30,204.95,205.33,204.1,204.19,337229
2025-01-21T14:45:00+05:30,204.25,205.0,204.19,204.81,266155
2025-01-21T15:00:00+05:30,204.93,205.31,204.64,205.08,499433
2025-01-21T15:15:00+05:30,205.18,206.3,205.0,205.6,899318
2025-01-22T09:15:00+05:30,205.6,206.45,199.51,200.09,1855558
2025-01-22T09:30:00+05:30,200.14,201.0,199.05,199.98,906472
2025-01-22T09:45:00+05:30,199.9,201.61,199.21,200.81,513567
2025-01-22T10:00:00+05:30,200.84,201.45,199.7,199.95,404786
2025-01-22T10:15:00+05:30,199.99,201.39,199.8,200.84,279143
2025-01-22T10:30:00+05:30,200.85,201.15,199.8,200.69,232121
2025-01-22T10:45:00+05:30,200.69,201.25,200.23,200.56,154173
2025-01-22T11:00:00+05:30,200.64,200.64,199.15,199.3,330755
2025-01-22T11:15:00+05:30,199.3,199.86,199.25,199.74,167201
2025-01-22T11:30:00+05:30,199.82,199.99,199.0,199.1,251315
2025-01-22T11:45:00+05:30,199.05,199.42,198.22,198.8,378019
2025-01-22T12:00:00+05:30,198.78,198.8,197.57,198.17,358949
2025-01-22T12:15:00+05:30,198.18,198.69,197.9,198.49,223960
2025-01-22T12:30:00+05:30,198.42,199.2,198.3,198.74,267287
2025-01-22T12:45:00+05:30,198.78,199.0,198.21,198.77,159564
2025-01-22T13:00:00+05:30,198.78,199.28,198.4,199.24,167679
2025-01-22T13:15:00+05:30,199.23,199.25,198.36,198.71,118533
2025-01-22T13:30:00+05:30,198.7,199.0,198.06,198.3,158512
2025-01-22T13:45:00+05:30,198.3,199.1,198.24,198.92,184017
2025-01-22T14:00:00+05:30,199.02,199.5,198.5,199.29,266720
2025-01-22T14:15:00+05:30,199.36,199.8,198.74,199.73,217591
2025-01-22T14:30:00+05:30,199.7,200.59,199.4,199.95,476009
2025-01-22T14:45:00+05:30,200.01,200.8,199.85,200.69,378034
2025-01-22T15:00:00+05:30,200.62,201.25,200.1,200.6,596559
2025-01-22T15:15:00+05:30,200.68,200.99,199.44,199.99,777866
2025-01-23T09:15:00+05:30,198.55,199.8,195.2,195.29,1583566
2025-01-23T09:30:00+05:30,195.22,198.3,195.03,197.63,1040531
2025-01-23T09:45:00+05:30,197.5,198.68,197.45,197.57,534697
2025-01-23T10:00:00+05:30,197.7,198.75,197.23,198.22,496633
2025-01-23T10:15:00+05:30,198.15,198.8,197.7,198.0,526068
2025-01-23T10:30:00+05:30,198.0,198.59,197.54,197.89,389916
2025-01-23T10:45:00+05:30,197.9,197.97,197.05,197.53,279111
2025-01-23T11:00:00+05:30,197.53,197.83,197.2,197.65,133727
2025-01-23T11:15:00+05:30,197.65,197.74,197.1,197.65,130617
2025-01-23T11:30:00+05:30,197.64,197.78,196.0,196.11,335457
2025-01-23T11:45:00+05:30,196.17,196.95,196.03,196.83,184712
2025-01-23T12:00:00+05:30,196.8,197.16,196.28,197.02,161911
2025-01-23T12:15:00+05:30,197.02,197.14,196.84,197.01,107176
2025-01-23T12:30:00+05:30,197.01,197.3,196.8,196.83,150463
2025-01-23T12:45:00+05:30,196.83,197.0,196.28,196.63,148326
2025-01-23T13:00:00+05:30,196.75,197.24,196.55,197.2,137254
2025-01-23T13:15:00+05:30,197.19,197.2,196.6,196.73,114767
2025-01-23T13:30:00+05:30,196.73,197.65,196.63,197.35,325639
2025-01-23T13:45:00+05:30,197.39,201.7,197.27,198.69,2755370
2025-01-23T14:00:00+05:30,198.57,198.85,197.31,198.27,659182
2025-01-23T14:15:00+05:30,198.33,198.6,197.4,197.59,375201
2025-01-23T14:30:00+05:30,197.5,197.9,196.5,196.84,374831
2025-01-23T14:45:00+05:30,196.84,198.2,196.83,197.67,346981
2025-01-23T15:00:00+05:30,197.67,197.99,197.02,197.3,466031
2025-01-23T15:15:00+05:30,197.29,197.45,196.01,196.05,1017003
2025-01-24T09:15:00+05:30,196.85,197.56,194.84,196.38,1401365
2025-01-24T09:30:00+05:30,196.4,198.25,196.02,197.8,599090
2025-01-24T09:45:00+05:30,197.8,198.37,195.63,195.81,638670
2025-01-24T10:00:00+05:30,195.81,196.5,195.53,195.63,319353
2025-01-24T10:15:00+05:30,195.53,196.8,194.65,196.32,386901
2025-01-24T10:30:00+05:30,196.3,196.96,196.0,196.42,217125
2025-01-24T10:45:00+05:30,196.5,196.59,195.95,196.4,129210
2025-01-24T11:00:00+05:30,196.35,196.69,195.77,196.23,120822
2025-01-24T11:15:00+05:30,196.35,196.49,196.01,196.35,52927
2025-01-24T11:30:00+05:30,196.36,196.79,196.01,196.62,98994
2025-01-24T11:45:00+05:30,196.62,197.2,196.51,196.63,201797
2025-01-24T12:00:00+05:30,196.64,196.73,196.25,196.3,81601
2025-01-24T12:15:00+05:30,196.3,196.93,196.25,196.59,58526
2025-01-24T12:30:00+05:30,196.51,196.51,195.6,195.62,145939
2025-01-24T12:45:00+05:30,195.72,196.15,195.59,195.9,81730
2025-01-24T13:00:00+05:30,195.81,196.35,195.34,196.21,111274
2025-01-24T13:15:00+05:30,196.1,196.15,195.41,195.82,63076
2025-01-24T13:30:00+05:30,195.82,195.86,195.2,195.44,138682
2025-01-24T13:45:00+05:30,195.44,195.6,195.11,195.44,84253
2025-01-24T14:00:00+05:30,195.46,195.9,195.0,195.01,163197
2025-01-24T14:15:00+05:30,195.01,195.35,194.75,195.0,233810
2025-01-24T14:30:00+05:30,194.9,195.55,194.65,194.66,231762
2025-01-24T14:45:00+05:30,194.66,195.92,194.6,195.46,266307
2025-01-24T15:00:00+05:30,195.45,195.94,194.82,194.87,370412
2025-01-24T15:15:00+05:30,194.87,195.1,194.0,194.0,566806
2025-01-27T09:15:00+05:30,192.11,192.49,187.01,187.31,1472663
2025-01-27T09:30:00+05:30,187.45,188.59,186.24,188.27,834567
2025-01-27T09:45:00+05:30,188.32,189.25,186.31,186.77,775961
2025-01-27T10:00:00+05:30,186.72,187.83,186.33,186.51,462370
2025-01-27T10:15:00+05:30,186.5,186.51,184.43,184.46,866414
2025-01-27T10:30:00+05:30,184.54,186.42,184.48,186.3,393079
2025-01-27T10:45:00+05:30,186.3,186.85,185.84,186.25,259880
2025-01-27T11:00:00+05:30,186.32,186.7,186.02,186.6,164275
2025-01-27T11:15:00+05:30,186.61,187.45,186.6,187.4,251973
2025-01-27T11:30:00+05:30,187.4,187.65,185.89,185.99,329087
2025-01-27T11:45:00+05:30,185.99,186.89,185.9,186.89,126477
2025-01-27T12:00:00+05:30,186.85,187.2,185.98,186.24,233672
2025-01-27T12:15:00+05:30,186.24,187.85,186.07,187.85,177119
2025-01-27T12:30:00+05:30,187.8,188.27,186.71,187.05,220128
2025-01-27T12:45:00+05:30,187.0,187.7,186.8,187.5,102774
2025-01-27T13:00:00+05:30,187.49,188.3,187.38,188.2,242811
2025-01-27T13:15:00+05:30,188.2,188.45,187.3,187.44,109569
2025-01-27T13:30:00+05:30,187.44,187.99,187.2,187.95,126778
2025-01-27T13:45:00+05:30,187.9,188.17,187.42,187.77,111111
2025-01-27T14:00:00+05:30,187.77,187.79,186.91,187.43,200007
2025-01-27T14:15:00+05:30,187.43,188.75,186.91,187.08,526504
2025-01-27T14:30:00+05:30,187.08,187.18,186.6,186.65,170793
2025-01-27T14:45:00+05:30,186.75,187.21,186.3,187.1,249605
2025-01-27T15:00:00+05:30,187.1,187.66,186.7,187.07,323310
2025-01-27T15:15:00+05:30,187.07,187.65,186.2,186.64,766540
2025-01-28T09:15:00+05:30,187.83,189.99,184.56,185.14,1262508
2025-01-28T09:30:00+05:30,185.11,185.25,181.51,181.65,888524
2025-01-28T09:45:00+05:30,181.7,182.89,179.6,181.25,1219189
2025-01-28T10:00:00+05:30,181.13,182.79,179.84,179.99,766484
2025-01-28T10:15:00+05:30,180.05,180.17,178.0,178.51,699469
2025-01-28T10:30:00+05:30,178.42,179.49,177.33,179.23,505564
2025-01-28T10:45:00+05:30,179.13,180.0,178.9,179.2,310783
2025-01-28T11:00:00+05:30,179.29,179.76,178.45,179.14,301255
2025-01-28T11:15:00+05:30,179.19,180.24,178.37,180.16,264140
2025-01-28T11:30:00+05:30,180.16,180.65,179.5,180.22,226471
2025-01-28T11:45:00+05:30,180.22,182.25,180.03,182.12,397940
2025-01-28T12:00:00+05:30,182.06,183.9,181.72,183.53,571039
2025-01-28T12:15:00+05:30,183.49,184.36,183.3,183.65,452893
2025-01-28T12:30:00+05:30,183.53,186.8,183.41,186.61,812775
2025-01-28T12:45:00+05:30,186.6,188.05,186.58,187.13,781952
2025-01-28T13:00:00+05:30,187.2,188.45,187.15,187.7,464113
2025-01-28T13:15:00+05:30,187.79,187.9,186.35,186.36,408211
2025-01-28T13:30:00+05:30,186.36,187.58,186.1,187.58,268127
2025-01-28T13:45:00+05:30,187.46,187.75,186.97,187.1,180752
2025-01-28T14:00:00+05:30,187.17,187.75,187.03,187.54,310047
2025-01-28T14:15:00+05:30,187.45,188.2,187.25,188.1,292834
2025-01-28T14:30:00+05:30,188.09,188.1,187.12,187.8,229513
2025-01-28T14:45:00+05:30,187.8,188.1,185.71,186.39,514213
2025-01-28T15:00:00+05:30,186.39,186.49,185.11,185.83,394379
2025-01-28T15:15:00+05:30,185.83,188.15,185.55,188.15,780331
2025-01-29T09:15:00+05:30,187.5,192.24,187.07,191.21,1530678
2025-01-29T09:30:00+05:30,191.24,194.4,190.85,193.4,1139821
2025-01-29T09:45:00+05:30,193.4,194.88,192.6,193.46,680877
2025-01-29T10:00:00+05:30,193.49,194.5,192.8,193.05,478041
2025-01-29T10:15:00+05:30,193.05,193.6,192.33,192.93,347741
2025-01-29T10:30:00+05:30,192.95,192.95,192.2,192.58,173368
2025-01-29T10:45:00+05:30,192.51,193.5,192.5,193.29,221125
2025-01-29T11:00:00+05:30,193.19,193.48,192.31,192.45,129018
2025-01-29T11:15:00+05:30,192.49,192.5,191.22,191.95,322322
2025-01-29T11:30:00+05:30,191.95,192.75,191.61,191.78,159786
2025-01-29T11:45:00+05:30,191.78,192.18,191.6,191.77,122984
2025-01-29T12:00:00+05:30,191.77,191.85,191.5,191.7,64105
2025-01-29T12:15:00+05:30,191.69,192.06,191.25,191.48,106649
2025-01-29T12:30:00+05:30,191.55,191.83,191.29,191.78,102802
2025-01-29T12:45:00+05:30,191.78,191.85,191.2,191.37,81178
2025-01-29T13:00:00+05:30,191.37,191.44,190.55,190.75,276422
2025-01-29T13:15:00+05:30,190.7,191.5,190.7,191.3,93202
2025-01-29T13:30:00+05:30,191.3,191.46,190.86,191.0,73083
2025-01-29T13:45:00+05:30,190.95,191.83,190.93,191.61,138147
2025-01-29T14:00:00+05:30,191.69,191.78,191.2,191.52,72526
2025-01-29T14:15:00+05:30,191.59,191.8,190.96,191.45,129955
2025-01-29T14:30:00+05:30,191.48,192.99,191.32,192.97,249610
2025-01-29T14:45:00+05:30,192.96,193.4,191.01,191.8,438604
2025-01-29T15:00:00+05:30,191.8,192.25,191.2,191.8,446927
2025-01-29T15:15:00+05:30,191.8,193.0,191.35,192.99,884601
2025-01-30T09:15:00+05:30,192.6,195.99,192.45,194.49,1317499
2025-01-30T09:30:00+05:30,194.5,195.5,194.34,195.4,377419
2025-01-30T09:45:00+05:30,195.36,196.9,195.35,196.6,634543
2025-01-30T10:00:00+05:30,196.56,197.25,196.06,196.59,346500
2025-01-30T10:15:00+05:30,196.58,197.48,195.62,196.1,443835
2025-01-30T10:30:00+05:30,196.09,196.12,195.35,195.5,215067
2025-01-30T10:45:00+05:30,195.45,196.71,194.81,195.5,428875
2025-01-30T11:00:00+05:30,195.58,197.17,195.46,196.75,261625
2025-01-30T11:15:00+05:30,196.7,196.9,196.1,196.13,116204
2025-01-30T11:30:00+05:30,196.13,196.19,195.55,195.75,148459
2025-01-30T11:45:00+05:30,195.75,196.2,195.67,196.19,74513
2025-01-30T12:00:00+05:30,196.19,196.42,195.7,195.75,87998
2025-01-30T12:15:00+05:30,195.72,196.43,195.52,196.24,79508
2025-01-30T12:30:00+05:30,196.25,196.49,196.13,196.23,55202
2025-01-30T12:45:00+05:30,196.36,196.43,195.95,196.05,92293
2025-01-30T13:00:00+05:30,196.1,196.5,196.0,196.34,71783
2025-01-30T13:15:00+05:30,196.35,196.39,195.6,195.7,91126
2025-01-30T13:30:00+05:30,195.65,195.76,195.1,195.2,170311
2025-01-30T13:45:00+05:30,195.3,195.44,194.3,194.6,243315
2025-01-30T14:00:00+05:30,194.61,195.28,194.01,194.4,195150
2025-01-30T14:15:00+05:30,194.38,195.18,194.32,194.59,130042
2025-01-30T14:30:00+05:30,194.59,195.1,194.4,195.1,86654
2025-01-30T14:45:00+05:30,195.1,195.85,194.75,195.37,183641
2025-01-30T15:00:00+05:30,195.37,196.23,195.37,195.81,266440
2025-01-30T15:15:00+05:30,195.81,197.5,195.3,196.3,807398
2025-01-31T09:15:00+05:30,198.19,198.9,194.2,195.76,1144872
2025-01-31T09:30:00+05:30,195.76,198.5,195.31,197.8,869144
2025-01-31T09:45:00+05:30,197.8,199.78,196.9,197.62,893028
2025-01-31T10:00:00+05:30,197.72,198.46,197.12,198.04,387484
2025-01-31T10:15:00+05:30,198.05,199.23,197.5,198.75,416119
2025-01-31T10:30:00+05:30,198.73,198.99,198.5,198.8,201317
2025-01-31T10:45:00+05:30,198.8,200.5,198.71,200.0,634553
2025-01-31T11:00:00+05:30,200.09,201.28,199.85,200.59,637067
2025-01-31T11:15:00+05:30,200.82,200.98,198.81,198.97,589232
2025-01-31T11:30:00+05:30,198.88,199.84,198.59,199.75,295180
2025-01-31T11:45:00+05:30,199.75,200.3,199.68,200.2,312990
2025-01-31T12:00:00+05:30,200.2,201.15,200.0,200.76,318080
2025-01-31T12:15:00+05:30,200.76,203.4,200.36,202.62,1116795
2025-01-31T12:30:00+05:30,202.51,202.65,201.5,201.85,285506
2025-01-31T12:45:00+05:30,201.85,202.25,201.31,201.86,257398
2025-01-31T13:00:00+05:30,201.76,201.97,200.85,201.1,234897
2025-01-31T13:15:00+05:30,201.03,202.34,201.0,202.08,246478
2025-01-31T13:30:00+05:30,202.01,202.2,201.5,201.7,234518
2025-01-31T13:45:00+05:30,201.7,201.84,200.5,200.75,250670
2025-01-31T14:00:00+05:30,200.75,200.8,200.25,200.42,264349
2025-01-31T14:15:00+05:30,200.49,201.2,200.2,200.76,332259
2025-01-31T14:30:00+05:30,200.65,201.42,200.59,201.33,202131
2025-01-31T14:45:00+05:30,201.34,201.7,201.16,201.58,226711
2025-01-31T15:00:00+05:30,201.57,201.99,201.4,201.97,471093
2025-01-31T15:15:00+05:30,201.97,202.91,201.71,202.5,1159817
2025-02-01T09:15:00+05:30,203.94,208.7,203.48,207.05,2095197
2025-02-01T09:30:00+05:30,207.16,208.9,206.93,207.82,900046
2025-02-01T09:45:00+05:30,207.8,208.3,206.21,207.15,659434
2025-02-01T10:00:00+05:30,207.2,207.63,206.75,206.89,326363
2025-02-01T10:15:00+05:30,206.82,207.5,206.8,207.23,235035
2025-02-01T10:30:00+05:30,207.27,207.98,206.95,207.88,243685
2025-02-01T10:45:00+05:30,207.88,208.44,207.64,207.91,408107
2025-02-01T11:00:00+05:30,207.91,208.03,203.66,205.92,1141059
2025-02-01T11:15:00+05:30,205.92,206.7,205.1,205.98,431195
2025-02-01T11:30:00+05:30,205.88,207.9,202.27,204.3,1018267
2025-02-01T11:45:00+05:30,204.3,204.32,196.18,201.0,2145093
2025-02-01T12:00:00+05:30,200.95,204.32,199.61,202.07,1092835
2025-02-01T12:15:00+05:30,202.0,202.7,196.51,196.7,1228348
2025-02-01T12:30:00+05:30,196.77,198.63,195.1,197.93,892367
2025-02-01T12:45:00+05:30,197.97,198.2,196.84,197.77,276499
2025-02-01T13:00:00+05:30,197.8,198.09,194.6,194.95,678825
2025-02-01T13:15:00+05:30,194.95,196.61,191.86,196.0,931076
2025-02-01T13:30:00+05:30,195.99,197.4,195.62,197.2,388235
2025-02-01T13:45:00+05:30,197.2,197.83,196.01,197.0,357131
2025-02-01T14:00:00+05:30,197.0,197.2,195.66,196.9,241267
2025-02-01T14:15:00+05:30,196.9,197.2,195.8,196.33,225193
2025-02-01T14:30:00+05:30,196.33,196.52,194.65,195.0,377233
2025-02-01T14:45:00+05:30,195.06,195.43,193.15,194.4,463015
2025-02-01T15:00:00+05:30,194.4,194.5,193.55,193.97,482534
2025-02-01T15:15:00+05:30,193.97,194.7,193.0,194.7,934654
2025-02-03T09:15:00+05:30,189.75,191.49,187.65,188.55,1694172
2025-02-03T09:30:00+05:30,188.55,188.59,184.87,185.99,1209914
2025-02-03T09:45:00+05:30,185.96,186.88,185.7,186.19,423420
2025-02-03T10:00:00+05:30,186.32,187.45,186.0,186.8,348010
2025-02-03T10:15:00+05:30,186.75,186.89,185.8,186.19,459353
2025-02-03T10:30:00+05:30,186.19,186.75,185.98,186.7,210559
2025-02-03T10:45:00+05:30,186.65,186.94,185.81,186.7,221091
2025-02-03T11:00:00+05:30,186.7,186.85,186.32,186.79,130871
2025-02-03T11:15:00+05:30,186.79,187.44,186.15,186.29,290024
2025-02-03T11:30:00+05:30,186.29,186.5,185.87,186.11,209679
2025-02-03T11:45:00+05:30,186.11,186.81,185.85,186.6,125854
2025-02-03T12:00:00+05:30,186.69,186.72,184.66,184.89,574523
2025-02-03T12:15:00+05:30,184.8,185.21,184.75,185.0,189775
2025-02-03T12:30:00+05:30,184.92,185.21,183.87,184.06,531673
2025-02-03T12:45:00+05:30,184.06,184.3,183.8,184.3,166706
2025-02-03T13:00:00+05:30,184.22,184.5,183.95,184.35,217536
2025-02-03T13:15:00+05:30,184.36,184.48,183.9,184.23,228279
2025-02-03T13:30:00+05:30,184.19,184.69,183.9,184.6,217774
2025-02-03T13:45:00+05:30,184.6,185.43,184.47,184.47,326053
2025-02-03T14:00:00+05:30,184.52,185.0,184.45,184.78,171651
2025-02-03T14:15:00+05:30,184.68,184.9,184.37,184.73,172697
2025-02-03T14:30:00+05:30,184.86,185.3,184.41,185.17,227434
2025-02-03T14:45:00+05:30,185.16,186.35,184.9,185.57,480129
2025-02-03T15:00:00+05:30,185.57,187.2,185.5,186.58,704777
2025-02-03T15:15:00+05:30,186.56,186.9,186.02,186.9,616306
2025-02-04T09:15:00+05:30,190.0,192.69,189.34,191.09,1079015
2025-02-04T09:30:00+05:30,191.05,193.35,191.03,192.4,682999
2025-02-04T09:45:00+05:30,192.44,194.2,192.12,193.8,507780
2025-02-04T10:00:00+05:30,193.75,193.8,192.25,192.3,312655
2025-02-04T10:15:00+05:30,192.4,192.63,191.3,191.55,261354
2025-02-04T10:30:00+05:30,191.65,191.79,191.06,191.41,230410
2025-02-04T10:45:00+05:30,191.47,191.88,190.66,191.8,266536
2025-02-04T11:00:00+05:30,191.85,192.93,191.29,191.55,214410
2025-02-04T11:15:00+05:30,191.5,191.9,191.25,191.8,106274
2025-02-04T11:30:00+05:30,191.8,191.99,191.36,191.58,66047
2025-02-04T11:45:00+05:30,191.55,191.9,191.35,191.4,46485
2025-02-04T12:00:00+05:30,191.4,191.52,191.03,191.42,96263
2025-02-04T12:15:00+05:30,191.34,192.29,191.34,192.15,129579
2025-02-04T12:30:00+05:30,192.15,192.27,191.87,192.2,106373
2025-02-04T12:45:00+05:30,192.2,192.24,191.49,191.99,55224
2025-02-04T13:00:00+05:30,191.99,192.1,191.46,191.75,95127
2025-02-04T13:15:00+05:30,191.87,192.09,191.65,192.08,72881
2025-02-04T13:30:00+05:30,192.07,192.2,191.69,191.8,85504
2025-02-04T13:45:00+05:30,191.89,192.49,191.8,192.09,93812
2025-02-04T14:00:00+05:30,192.09,192.1,191.75,191.77,67633
2025-02-04T14:15:00+05:30,191.76,192.0,191.7,191.8,67085
2025-02-04T14:30:00+05:30,191.8,192.45,191.75,192.11,89652
2025-02-04T14:45:00+05:30,192.24,192.48,191.98,192.21,98677
2025-02-04T15:00:00+05:30,192.21,192.22,191.9,192.11,192014
2025-02-04T15:15:00+05:30,192.15,192.2,191.5,191.89,406635
2025-02-05T09:15:00+05:30,193.2,195.6,192.5,194.91,848061
2025-02-05T09:30:00+05:30,194.81,196.4,194.59,195.53,457674
2025-02-05T09:45:00+05:30,195.59,195.62,194.4,194.8,258808
2025-02-05T10:00:00+05:30,194.71,195.38,193.89,194.3,224224
2025-02-05T10:15:00+05:30,194.31,194.7,193.6,193.99,211665
2025-02-05T10:30:00+05:30,194.0,194.0,193.3,193.9,165897
2025-02-05T10:45:00+05:30,194.0,194.16,193.7,193.95,117733
2025-02-05T11:00:00+05:30,194.03,194.2,193.5,193.69,101354
2025-02-05T11:15:00+05:30,193.65,194.07,193.22,193.93,142363
2025-02-05T11:30:00+05:30,193.92,194.0,193.51,193.9,68661
2025-02-05T11:45:00+05:30,193.9,193.9,193.5,193.9,54109
2025-02-05T12:00:00+05:30,193.8,193.9,193.32,193.32,92487
2025-02-05T12:15:00+05:30,193.35,193.79,193.2,193.51,63911
2025-02-05T12:30:00+05:30,193.52,193.74,193.34,193.56,54659
2025-02-05T12:45:00+05:30,193.53,193.59,193.0,193.31,91932
2025-02-05T13:00:00+05:30,193.31,193.68,193.15,193.68,70829
2025-02-05T13:15:00+05:30,193.68,193.68,193.1,193.18,57586
2025-02-05T13:30:00+05:30,193.18,193.38,193.01,193.03,52131
2025-02-05T13:45:00+05:30,193.13,193.3,192.66,193.24,105564
2025-02-05T14:00:00+05:30,193.24,193.25,192.81,193.06,63883
2025-02-05T14:15:00+05:30,193.19,193.22,192.71,192.91,108751
2025-02-05T14:30:00+05:30,192.91,193.15,192.85,193.0,74107
2025-02-05T14:45:00+05:30,193.0,193.0,192.63,192.8,113282
2025-02-05T15:00:00+05:30,192.8,193.1,192.5,192.94,233919
2025-02-05T15:15:00+05:30,193.01,193.3,192.5,192.75,410170
2025-02-06T09:15:00+05:30,193.49,193.9,189.8,190.0,833077
2025-02-06T09:30:00+05:30,190.0,190.4,188.55,190.17,654444
2025-02-06T09:45:00+05:30,190.16,190.69,189.75,190.11,333461
2025-02-06T10:00:00+05:30,190.01,190.77,189.58,189.91,236121
2025-02-06T10:15:00+05:30,189.98,190.5,189.91,190.02,95779
2025-02-06T10:30:00+05:30,190.02,190.3,189.65,189.84,134208
2025-02-06T10:45:00+05:30,190.0,190.09,189.6,189.9,117550
2025-02-06T11:00:00+05:30,189.94,190.0,189.72,189.82,71963
2025-02-06T11:15:00+05:30,189.75,189.85,189.5,189.52,99683
2025-02-06T11:30:00+05:30,189.53,189.85,189.5,189.68,57836
2025-02-06T11:45:00+05:30,189.67,189.85,189.53,189.55,57252
2025-02-06T12:00:00+05:30,189.55,189.62,188.65,188.8,239075
2025-02-06T12:15:00+05:30,188.8,189.33,188.77,188.95,89980
2025-02-06T12:30:00+05:30,188.95,189.13,188.7,188.82,105450
2025-02-06T12:45:00+05:30,188.8,188.91,188.6,188.9,78861
2025-02-06T13:00:00+05:30,188.9,189.1,188.64,189.06,88736
2025-02-06T13:15:00+05:30,189.06,189.62,188.94,189.29,99144
2025-02-06T13:30:00+05:30,189.29,189.35,188.9,189.0,43474
2025-02-06T13:45:00+05:30,189.09,189.09,188.6,188.7,105237
2025-02-06T14:00:00+05:30,188.72,189.01,188.64,188.8,80028
2025-02-06T14:15:00+05:30,188.8,189.0,188.61,188.61,74527
2025-02-06T14:30:00+05:30,188.69,189.1,188.55,188.83,112252
2025-02-06T14:45:00+05:30,188.82,189.1,188.7,188.76,112768
2025-02-06T15:00:00+05:30,188.75,189.24,188.71,188.85,252641
2025-02-06T15:15:00+05:30,188.85,188.89,188.05,188.7,587096
2025-02-07T09:15:00+05:30,189.01,189.98,186.53,187.56,626041
2025-02-07T09:30:00+05:30,187.56,188.75,186.94,188.3,340171
2025-02-07T09:45:00+05:30,188.33,189.9,187.9,189.13,322095
2025-02-07T10:00:00+05:30,189.06,190.39,188.6,189.86,397317
2025-02-07T10:15:00+05:30,189.86,189.94,186.7,188.21,471193
2025-02-07T10:30:00+05:30,188.25,188.99,187.69,188.77,152975
2025-02-07T10:45:00+05:30,188.77,189.99,188.5,189.89,186992
2025-02-07T11:00:00+05:30,189.77,190.35,189.67,189.99,199085
2025-02-07T11:15:00+05:30,189.98,190.97,189.87,190.81,220703
2025-02-07T11:30:00+05:30,190.81,191.5,190.63,191.15,377764
2025-02-07T11:45:00+05:30,191.15,191.49,190.14,190.28,162676
2025-02-07T12:00:00+05:30,190.27,190.42,189.15,189.33,199697
2025-02-07T12:15:00+05:30,189.33,189.75,189.01,189.47,112526
2025-02-07T12:30:00+05:30,189.47,190.25,189.21,189.81,155298
2025-02-07T12:45:00+05:30,189.69,190.71,189.49,190.42,144953
2025-02-07T13:00:00+05:30,190.41,192.5,189.32,189.93,621374
2025-02-07T13:15:00+05:30,189.92,190.49,189.8,190.05,123845
2025-02-07T13:30:00+05:30,190.14,190.48,189.7,189.75,103865
2025-02-07T13:45:00+05:30,189.75,189.75,188.7,189.0,246824
2025-02-07T14:00:00+05:30,189.0,189.13,188.0,188.02,143026
2025-02-07T14:15:00+05:30,188.1,188.28,187.54,187.91,140373
2025-02-07T14:30:00+05:30,187.91,188.63,187.81,188.35,114056
2025-02-07T14:45:00+05:30,188.32,189.4,188.17,189.28,222129
2025-02-07T15:00:00+05:30,189.28,189.94,189.01,189.19,247047
2025-02-07T15:15:00+05:30,189.19,189.35,187.8,188.2,543252
2025-02-10T09:15:00+05:30,188.9,189.5,186.55,187.31,609745
2025-02-10T09:30:00+05:30,187.31,187.4,185.72,185.87,323020
2025-02-10T09:45:00+05:30,185.92,186.78,185.85,185.97,259174
2025-02-10T10:00:00+05:30,185.97,186.21,184.95,185.09,257863
2025-02-10T10:15:00+05:30,185.12,185.3,184.82,185.17,195817
2025-02-10T10:30:00+05:30,185.17,185.58,184.73,184.91,150548
2025-02-10T10:45:00+05:30,184.99,185.3,184.5,185.0,174612
2025-02-10T11:00:00+05:30,185.0,185.35,184.83,185.18,87340
2025-02-10T11:15:00+05:30,185.17,185.25,184.77,184.96,102732
2025-02-10T11:30:00+05:30,185.06,185.25,184.89,185.12,66941
2025-02-10T11:45:00+05:30,185.14,185.23,184.52,184.56,84963
2025-02-10T12:00:00+05:30,184.56,184.68,184.1,184.5,209199
2025-02-10T12:15:00+05:30,184.4,185.0,184.1,184.8,74364
2025-02-10T12:30:00+05:30,184.89,185.2,184.55,185.1,55345
2025-02-10T12:45:00+05:30,185.09,185.32,184.6,184.7,69258
2025-02-10T13:00:00+05:30,184.7,184.7,184.33,184.44,68787
2025-02-10T13:15:00+05:30,184.55,184.85,184.1,184.75,119962
2025-02-10T13:30:00+05:30,184.75,184.9,184.5,184.89,59281
2025-02-10T13:45:00+05:30,184.88,184.99,184.61,184.85,55218
2025-02-10T14:00:00+05:30,184.85,184.95,184.41,184.55,66372
2025-02-10T14:15:00+05:30,184.55,184.65,184.1,184.34,161520
2025-02-10T14:30:00+05:30,184.34,184.79,184.3,184.72,69454
2025-02-10T14:45:00+05:30,184.71,185.18,184.59,185.05,200499
2025-02-10T15:00:00+05:30,185.05,185.38,184.5,184.55,194351
2025-02-10T15:15:00+05:30,184.55,184.69,184.0,184.31,436178
2025-02-11T09:15:00+05:30,183.99,184.45,178.31,178.77,1052674
2025-02-11T09:30:00+05:30,178.77,179.71,178.3,178.82,569966
2025-02-11T09:45:00+05:30,178.82,178.9,176.64,177.19,606871
2025-02-11T10:00:00+05:30,177.09,177.5,176.28,177.1,347423
2025-02-11T10:15:00+05:30,177.0,177.48,176.61,177.28,268704
2025-02-11T10:30:00+05:30,177.21,177.28,176.61,176.7,188917
2025-02-11T10:45:00+05:30,176.69,177.3,176.5,177.09,157751
2025-02-11T11:00:00+05:30,177.09,177.19,176.45,176.76,173537
2025-02-11T11:15:00+05:30,176.76,177.12,176.37,176.48,172897
2025-02-11T11:30:00+05:30,176.49,176.89,176.3,176.78,124053
2025-02-11T11:45:00+05:30,176.78,177.2,176.65,176.7,125735
2025-02-11T12:00:00+05:30,176.7,177.2,176.61,177.09,125105
2025-02-11T12:15:00+05:30,177.09,177.09,176.6,176.92,93261
2025-02-11T12:30:00+05:30,176.85,177.1,176.64,176.78,94898
2025-02-11T12:45:00+05:30,176.8,176.91,176.5,176.55,136026
2025-02-11T13:00:00+05:30,176.55,176.56,175.41,175.5,277196
2025-02-11T13:15:00+05:30,175.42,176.37,175.41,176.18,188450
2025-02-11T13:30:00+05:30,176.18,176.79,175.83,176.66,189227
2025-02-11T13:45:00+05:30,176.66,176.66,175.8,176.11,125201
2025-02-11T14:00:00+05:30,176.11,176.6,175.9,176.54,163168
2025-02-11T14:15:00+05:30,176.54,176.65,176.01,176.1,106753
2025-02-11T14:30:00+05:30,176.1,176.49,175.88,176.46,222036
2025-02-11T14:45:00+05:30,176.39,177.74,176.1,176.85,475462
2025-02-11T15:00:00+05:30,176.85,177.0,176.53,176.7,228825
2025-02-11T15:15:00+05:30,176.7,176.9,176.0,176.4,504312
2025-02-12T09:15:00+05:30,175.01,175.9,170.55,170.92,1397734
2025-02-12T09:30:00+05:30,170.92,171.16,168.1,168.81,1467908
2025-02-12T09:45:00+05:30,168.9,169.19,166.01,166.16,1046109
2025-02-12T10:00:00+05:30,166.16,167.3,165.05,166.18,824261
2025-02-12T10:15:00+05:30,166.18,167.8,164.85,167.74,742556
2025-02-12T10:30:00+05:30,167.74,170.93,167.13,169.81,753871
2025-02-12T10:45:00+05:30,169.94,172.6,169.89,171.12,522334
2025-02-12T11:00:00+05:30,171.0,172.2,169.73,171.98,319107
2025-02-12T11:15:00+05:30,171.96,173.7,171.51,173.45,347839
2025-02-12T11:30:00+05:30,173.48,174.0,171.78,173.85,356441
2025-02-12T11:45:00+05:30,173.95,175.46,173.6,174.88,517867
2025-02-12T12:00:00+05:30,174.88,175.0,172.5,172.65,313114
2025-02-12T12:15:00+05:30,172.6,172.7,171.21,171.99,341378
2025-02-12T12:30:00+05:30,171.99,174.82,171.88,174.18,476450
2025-02-12T12:45:00+05:30,174.1,175.9,174.1,174.87,422144
2025-02-12T13:00:00+05:30,174.77,175.5,174.42,175.3,195234
2025-02-12T13:15:00+05:30,175.3,175.38,174.76,174.98,149075
2025-02-12T13:30:00+05:30,174.93,175.5,174.0,174.55,223088
2025-02-12T13:45:00+05:30,174.53,174.59,173.33,173.6,221808
2025-02-12T14:00:00+05:30,173.51,173.64,172.52,173.1,159982
2025-02-12T14:15:00+05:30,173.08,173.38,172.34,172.75,151815
2025-02-12T14:30:00+05:30,172.75,173.65,172.4,173.41,202368
2025-02-12T14:45:00+05:30,173.41,173.5,172.49,173.46,169282
2025-02-12T15:00:00+05:30,173.46,175.11,173.37,174.97,525520
2025-02-12T15:15:00+05:30,174.97,175.43,174.05,175.0,453690
2025-02-13T09:15:00+05:30,175.01,179.0,174.99,177.83,998109
2025-02-13T09:30:00+05:30,177.7,180.55,177.7,179.83,966014
2025-02-13T09:45:00+05:30,179.83,180.9,179.31,179.83,635776
2025-02-13T10:00:00+05:30,179.83,180.59,179.5,180.1,273690
2025-02-13T10:15:00+05:30,180.0,180.35,178.61,179.29,284272
2025-02-13T10:30:00+05:30,179.29,180.1,179.01,179.42,257535
2025-02-13T10:45:00+05:30,179.49,179.56,179.02,179.29,169752
2025-02-13T11:00:00+05:30,179.2,179.82,178.9,179.36,194719
2025-02-13T11:15:00+05:30,179.39,179.5,179.15,179.48,102005
2025-02-13T11:30:00+05:30,179.39,179.49,178.67,179.14,124129
2025-02-13T11:45:00+05:30,179.14,180.19,179.14,179.78,171363
2025-02-13T12:00:00+05:30,179.8,179.93,178.91,179.0,127540
2025-02-13T12:15:00+05:30,179.0,179.63,178.85,179.4,81259
2025-02-13T12:30:00+05:30,179.32,179.75,179.01,179.4,65097
2025-02-13T12:45:00+05:30,179.4,179.57,178.91,179.0,101839
2025-02-13T13:00:00+05:30,179.01,179.23,178.55,178.71,109699
2025-02-13T13:15:00+05:30,178.65,179.24,178.54,179.01,116577
2025-02-13T13:30:00+05:30,179.06,179.08,177.5,177.8,234981
2025-02-13T13:45:00+05:30,177.9,177.9,176.8,177.09,191343
2025-02-13T14:00:00+05:30,177.09,177.85,176.71,177.35,157833
2025-02-13T14:15:00+05:30,177.42,177.42,176.78,177.08,94617
2025-02-13T14:30:00+05:30,177.08,177.16,176.25,176.81,151002
2025-02-13T14:45:00+05:30,176.81,177.7,176.59,177.65,141734
2025-02-13T15:00:00+05:30,177.59,177.93,176.63,176.79,223721
2025-02-13T15:15:00+05:30,176.68,177.02,176.12,176.67,254325
2025-02-14T09:15:00+05:30,177.5,178.23,172.55,172.81,826762
2025-02-14T09:30:00+05:30,172.81,174.47,172.65,173.6,416802
2025-02-14T09:45:00+05:30,173.65,173.85,172.32,173.19,291617
2025-02-14T10:00:00+05:30,173.19,173.72,172.39,172.74,180841
2025-02-14T10:15:00+05:30,172.66,172.99,171.64,171.96,184613
2025-02-14T10:30:00+05:30,171.97,172.16,170.76,170.82,291574
2025-02-14T10:45:00+05:30,170.81,170.9,169.86,170.2,361020
2025-02-14T11:00:00+05:30,170.21,171.08,169.5,170.94,276536
2025-02-14T11:15:00+05:30,170.96,170.96,170.42,170.56,153217
2025-02-14T11:30:00+05:30,170.65,170.85,169.6,170.4,166221
2025-02-14T11:45:00+05:30,170.4,171.43,170.4,171.4,192287
2025-02-14T12:00:00+05:30,171.4,171.4,169.7,169.7,165833
2025-02-14T12:15:00+05:30,169.76,170.05,169.43,169.9,153209
2025-02-14T12:30:00+05:30,169.85,170.0,169.03,169.15,137279
2025-02-14T12:45:00+05:30,169.15,169.39,168.3,168.45,222788
2025-02-14T13:00:00+05:30,168.45,168.59,167.75,168.35,247671
2025-02-14T13:15:00+05:30,168.35,169.18,168.15,168.95,196069
2025-02-14T13:30:00+05:30,168.95,168.95,168.23,168.64,121331
2025-02-14T13:45:00+05:30,168.64,168.73,167.4,168.08,190236
2025-02-14T14:00:00+05:30,168.12,168.4,167.51,167.98,151388
2025-02-14T14:15:00+05:30,167.94,169.45,167.78,169.13,251251
2025-02-14T14:30:00+05:30,169.13,170.89,168.86,170.69,365066
2025-02-14T14:45:00+05:30,170.68,170.75,169.0,169.97,319678
2025-02-14T15:00:00+05:30,169.98,170.12,168.0,168.18,399675
2025-02-14T15:15:00+05:30,168.18,168.25,167.43,167.51,718740
2025-02-17T09:15:00+05:30,164.89,169.77,161.87,167.83,1979262
2025-02-17T09:30:00+05:30,167.73,169.97,164.9,169.5,996572
2025-02-17T09:45:00+05:30,169.5,170.66,166.8,168.64,926809
2025-02-17T10:00:00+05:30,168.64,168.67,165.9,166.26,557978
2025-02-17T10:15:00+05:30,166.15,167.92,165.95,167.92,386365
2025-02-17T10:30:00+05:30,167.95,169.2,167.09,169.2,365622
2025-02-17T10:45:00+05:30,169.12,169.4,167.65,167.95,215961
2025-02-17T11:00:00+05:30,167.99,168.42,165.7,165.86,400141
2025-02-17T11:15:00+05:30,165.73,165.99,164.8,165.1,353161
2025-02-17T11:30:00+05:30,165.09,165.24,164.25,164.7,284805
2025-02-17T11:45:00+05:30,164.63,164.99,164.16,164.68,202519
2025-02-17T12:00:00+05:30,164.65,165.16,163.33,163.75,436559
2025-02-17T12:15:00+05:30,163.75,164.38,163.5,164.22,252918
2025-02-17T12:30:00+05:30,164.22,164.69,163.85,164.19,139644
2025-02-17T12:45:00+05:30,164.17,165.36,164.05,165.35,178001
2025-02-17T13:00:00+05:30,165.24,165.85,164.4,164.48,122888
2025-02-17T13:15:00+05:30,164.48,165.09,164.0,164.74,128162
2025-02-17T13:30:00+05:30,164.74,166.85,164.58,166.68,272862
2025-02-17T13:45:00+05:30,166.76,167.0,164.73,165.35,263765
2025-02-17T14:00:00+05:30,165.3,166.13,164.87,165.14,125713
2025-02-17T14:15:00+05:30,165.2,165.8,164.91,165.3,137472
2025-02-17T14:30:00+05:30,165.3,165.3,164.3,165.0,203530
2025-02-17T14:45:00+05:30,164.95,165.42,164.4,165.37,162562
2025-02-17T15:00:00+05:30,165.38,165.99,165.0,165.1,358427
2025-02-17T15:15:00+05:30,165.15,166.7,164.76,166.6,558435
2025-02-18T09:15:00+05:30,166.39,166.98,162.01,162.28,1082026
2025-02-18T09:30:00+05:30,162.2,163.69,160.85,162.28,625247
2025-02-18T09:45:00+05:30,162.29,162.9,161.74,162.01,317651
2025-02-18T10:00:00+05:30,162.09,162.76,161.7,161.87,255707
2025-02-18T10:15:00+05:30,161.81,162.25,160.16,160.92,537229
2025-02-18T10:30:00+05:30,160.98,161.48,160.51,161.2,222068
2025-02-18T10:45:00+05:30,161.2,161.8,160.82,161.54,207761
2025-02-18T11:00:00+05:30,161.54,161.71,160.47,160.59,172960
2025-02-18T11:15:00+05:30,160.59,161.15,160.3,160.57,177769
2025-02-18T11:30:00+05:30,160.57,160.8,160.0,160.47,301835
2025-02-18T11:45:00+05:30,160.5,161.18,160.48,160.66,193503
2025-02-18T12:00:00+05:30,160.6,160.94,160.41,160.64,93292
2025-02-18T12:15:00+05:30,160.64,160.74,159.85,160.31,205102
2025-02-18T12:30:00+05:30,160.24,160.69,160.05,160.19,118210
2025-02-18T12:45:00+05:30,160.19,160.35,159.7,159.82,173717
2025-02-18T13:00:00+05:30,159.83,160.3,159.49,160.19,205561
2025-02-18T13:15:00+05:30,160.15,160.25,159.84,160.06,141923
2025-02-18T13:30:00+05:30,160.01,160.34,159.0,159.9,309119
2025-02-18T13:45:00+05:30,159.93,160.4,159.81,160.01,182101
2025-02-18T14:00:00+05:30,160.08,160.38,159.83,160.1,183516
2025-02-18T14:15:00+05:30,160.1,160.28,159.9,160.27,179209
2025-02-18T14:30:00+05:30,160.28,161.19,160.06,160.99,414211
2025-02-18T14:45:00+05:30,160.92,161.79,160.71,160.99,434411
2025-02-18T15:00:00+05:30,160.99,161.69,160.99,161.45,348885
2025-02-18T15:15:00+05:30,161.45,161.45,159.75,160.2,772511
2025-02-19T09:15:00+05:30,159.5,165.22,157.05,164.5,1685446
2025-02-19T09:30:00+05:30,164.54,167.23,164.22,166.88,980153
2025-02-19T09:45:00+05:30,166.88,168.6,166.83,168.23,799613
2025-02-19T10:00:00+05:30,168.15,168.76,167.02,167.39,591832
2025-02-19T10:15:00+05:30,167.39,168.95,167.23,168.71,486631
2025-02-19T10:30:00+05:30,168.71,168.99,168.15,168.6,258380
2025-02-19T10:45:00+05:30,168.56,168.84,166.2,166.5,543594
2025-02-19T11:00:00+05:30,166.49,168.2,166.4,167.92,290188
2025-02-19T11:15:00+05:30,167.95,168.37,167.61,167.83,237794
2025-02-19T11:30:00+05:30,167.82,168.9,167.6,168.32,228185
2025-02-19T11:45:00+05:30,168.22,169.6,168.22,169.6,364320
2025-02-19T12:00:00+05:30,169.6,170.49,169.37,169.4,486953
2025-02-19T12:15:00+05:30,169.45,169.84,168.68,168.95,193912
2025-02-19T12:30:00+05:30,168.86,169.1,168.55,168.8,147900
2025-02-19T12:45:00+05:30,168.8,169.18,168.6,168.99,122635
2025-02-19T13:00:00+05:30,168.95,169.3,168.05,168.54,186991
2025-02-19T13:15:00+05:30,168.44,168.55,167.7,168.06,133977
2025-02-19T13:30:00+05:30,168.05,169.24,168.0,168.8,220325
2025-02-19T13:45:00+05:30,168.75,168.97,168.4,168.56,81589
2025-02-19T14:00:00+05:30,168.56,169.94,168.5,169.75,249765
2025-02-19T14:15:00+05:30,169.77,169.8,167.86,168.2,343093
2025-02-19T14:30:00+05:30,168.19,169.1,168.1,168.96,159640
2025-02-19T14:45:00+05:30,168.94,170.68,168.83,170.09,481432
2025-02-19T15:00:00+05:30,170.09,170.45,169.55,170.26,398046
2025-02-19T15:15:00+05:30,170.29,171.36,169.3,169.95,987245
2025-02-20T09:15:00+05:30,170.95,175.6,170.61,171.76,3480832
2025-02-20T09:30:00+05:30,171.74,174.0,171.63,173.18,1228945
2025-02-20T09:45:00+05:30,173.15,173.45,171.8,172.61,687251
2025-02-20T10:00:00+05:30,172.61,172.9,171.38,172.2,480110
2025-02-20T10:15:00+05:30,172.26,172.65,171.6,171.89,280701
2025-02-20T10:30:00+05:30,171.88,172.49,171.8,172.15,198132
2025-02-20T10:45:00+05:30,172.15,172.74,171.9,172.74,208580
2025-02-20T11:00:00+05:30,172.74,173.47,172.5,173.3,238419
2025-02-20T11:15:00+05:30,173.37,173.4,172.45,172.87,232940
2025-02-20T11:30:00+05:30,172.79,173.0,172.55,172.58,115483
2025-02-20T11:45:00+05:30,172.66,172.67,172.05,172.62,137718
2025-02-20T12:00:00+05:30,172.62,172.65,172.38,172.46,123947
2025-02-20T12:15:00+05:30,172.46,172.95,172.22,172.88,141948
2025-02-20T12:30:00+05:30,172.88,172.89,172.51,172.66,56865
2025-02-20T12:45:00+05:30,172.64,173.0,172.55,173.0,77139
2025-02-20T13:00:00+05:30,172.99,173.1,172.55,172.7,107157
2025-02-20T13:15:00+05:30,172.7,172.78,172.45,172.5,98358
2025-02-20T13:30:00+05:30,172.5,172.9,172.45,172.85,109507
2025-02-20T13:45:00+05:30,172.85,173.5,172.73,173.48,291283
2025-02-20T14:00:00+05:30,173.48,173.55,173.11,173.52,180561
2025-02-20T14:15:00+05:30,173.55,173.75,173.5,173.51,175544
2025-02-20T14:30:00+05:30,173.57,173.9,173.42,173.62,187697
2025-02-20T14:45:00+05:30,173.69,173.74,173.2,173.6,228975
2025-02-20T15:00:00+05:30,173.62,173.8,173.5,173.78,344457
2025-02-20T15:15:00+05:30,173.69,174.3,173.02,173.25,926892
2025-02-21T09:15:00+05:30,173.5,186.49,172.8,185.23,5384323
2025-02-21T09:30:00+05:30,185.1,186.5,183.31,184.37,3633978
2025-02-21T09:45:00+05:30,184.46,187.7,184.05,185.94,4558354
2025-02-21T10:00:00+05:30,185.96,186.16,182.0,182.29,3385044
2025-02-21T10:15:00+05:30,182.35,183.75,181.19,183.38,2456313
2025-02-21T10:30:00+05:30,183.38,184.75,181.9,182.39,1955102
2025-02-21T10:45:00+05:30,182.39,182.91,180.37,181.85,1539461
2025-02-21T11:00:00+05:30,181.83,182.55,181.05,182.0,710570
2025-02-21T11:15:00+05:30,182.07,182.07,181.03,181.39,365178
2025-02-21T11:30:00+05:30,181.29,183.29,181.06,182.3,699439
2025-02-21T11:45:00+05:30,182.3,182.46,181.31,181.68,544399
2025-02-21T12:00:00+05:30,181.69,181.8,180.57,181.1,522522
2025-02-21T12:15:00+05:30,181.15,181.57,180.75,181.0,365100
2025-02-21T12:30:00+05:30,181.05,181.65,180.35,180.48,600083
2025-02-21T12:45:00+05:30,180.41,180.98,179.55,180.9,676871
2025-02-21T13:00:00+05:30,180.96,181.25,179.4,180.77,505222
2025-02-21T13:15:00+05:30,180.84,180.98,179.4,179.64,349388
2025-02-21T13:30:00+05:30,179.54,179.8,178.05,178.7,745824
2025-02-21T13:45:00+05:30,178.7,178.85,178.03,178.65,366768
2025-02-21T14:00:00+05:30,178.57,178.85,177.65,178.4,473048
2025-02-21T14:15:00+05:30,178.55,179.54,178.25,178.65,386679
2025-02-21T14:30:00+05:30,178.65,179.78,178.5,179.43,480239
2025-02-21T14:45:00+05:30,179.5,180.76,178.6,178.63,883808
2025-02-21T15:00:00+05:30,178.75,179.69,177.77,178.6,894983
2025-02-21T15:15:00+05:30,178.51,178.7,175.5,176.0,1875486
2025-02-24T09:15:00+05:30,174.75,175.6,171.12,173.03,1897443
2025-02-24T09:30:00+05:30,173.09,174.15,172.13,172.28,741773
2025-02-24T09:45:00+05:30,172.3,173.99,172.13,173.59,466919
2025-02-24T10:00:00+05:30,173.6,174.3,173.1,173.78,254904
2025-02-24T10:15:00+05:30,173.78,174.19,172.71,173.21,274349
2025-02-24T10:30:00+05:30,173.21,173.77,173.05,173.33,166175
2025-02-24T10:45:00+05:30,173.3,173.39,172.8,172.92,142618
2025-02-24T11:00:00+05:30,172.9,173.0,172.43,172.86,160078
2025-02-24T11:15:00+05:30,172.85,173.59,172.64,173.28,143462
2025-02-24T11:30:00+05:30,173.3,174.45,173.0,174.39,210520
2025-02-24T11:45:00+05:30,174.35,175.25,173.92,173.95,325122
2025-02-24T12:00:00+05:30,174.0,174.31,173.43,173.48,149268
2025-02-24T12:15:00+05:30,173.51,173.76,173.01,173.3,91326
2025-02-24T12:30:00+05:30,173.36,173.69,173.03,173.09,126926
2025-02-24T12:45:00+05:30,173.17,173.73,173.06,173.48,74819
2025-02-24T13:00:00+05:30,173.49,173.61,173.07,173.08,54821
2025-02-24T13:15:00+05:30,173.17,173.3,172.55,172.8,131295
2025-02-24T13:30:00+05:30,172.8,172.9,172.1,172.25,203917
2025-02-24T13:45:00+05:30,172.26,172.42,171.7,172.27,201825
2025-02-24T14:00:00+05:30,172.27,172.46,171.99,172.24,101582
2025-02-24T14:15:00+05:30,172.24,172.38,171.9,171.9,95686
2025-02-24T14:30:00+05:30,171.94,172.9,171.94,172.45,183013
2025-02-24T14:45:00+05:30,172.49,172.75,172.21,172.27,162562
2025-02-24T15:00:00+05:30,172.35,172.6,172.0,172.06,276242
2025-02-24T15:15:00+05:30,172.06,172.2,171.62,171.99,514470
2025-02-25T09:15:00+05:30,173.73,178.45,173.4,174.74,3316457
2025-02-25T09:30:00+05:30,174.66,176.17,174.1,174.89,953663
2025-02-25T09:45:00+05:30,174.9,175.24,173.85,174.79,633039
2025-02-25T10:00:00+05:30,174.88,174.9,174.01,174.11,247845
2025-02-25T10:15:00+05:30,174.18,174.35,172.81,173.43,501376
2025-02-25T10:30:00+05:30,173.44,174.5,173.41,174.29,441310
2025-02-25T10:45:00+05:30,174.3,174.6,173.74,174.45,183907
2025-02-25T11:00:00+05:30,174.44,174.8,174.27,174.7,164749
2025-02-25T11:15:00+05:30,174.7,174.7,173.68,174.05,282634
2025-02-25T11:30:00+05:30,174.05,174.35,173.68,174.24,221477
2025-02-25T11:45:00+05:30,174.2,174.29,173.7,174.06,86077
2025-02-25T12:00:00+05:30,174.09,174.45,173.77,174.35,198476
2025-02-25T12:15:00+05:30,174.35,174.57,174.13,174.57,106911
2025-02-25T12:30:00+05:30,174.57,174.57,173.9,173.9,79280
2025-02-25T12:45:00+05:30,173.94,173.95,173.75,173.81,160784
2025-02-25T13:00:00+05:30,173.85,174.18,173.75,174.02,89767
2025-02-25T13:15:00+05:30,174.02,174.02,173.5,173.66,105784
2025-02-25T13:30:00+05:30,173.69,174.2,173.52,173.99,81991
2025-02-25T13:45:00+05:30,173.99,174.15,173.75,173.92,82786
2025-02-25T14:00:00+05:30,173.92,174.09,173.65,173.97,76959
2025-02-25T14:15:00+05:30,173.97,174.04,173.6,173.79,119093
2025-02-25T14:30:00+05:30,173.8,173.98,173.6,173.94,119983
2025-02-25T14:45:00+05:30,173.94,174.5,173.63,173.81,254754
2025-02-25T15:00:00+05:30,173.81,173.87,173.01,173.38,470143
2025-02-25T15:15:00+05:30,173.38,174.24,173.0,173.09,765755
2025-02-27T09:15:00+05:30,173.55,174.5,170.83,172.32,1007137
2025-02-27T09:30:00+05:30,172.41,172.55,169.63,170.0,531110
2025-02-27T09:45:00+05:30,170.02,170.56,169.36,170.01,348392
2025-02-27T10:00:00+05:30,170.12,170.2,169.55,169.94,215997
2025-02-27T10:15:00+05:30,169.94,170.14,169.24,169.36,210571
2025-02-27T10:30:00+05:30,169.36,169.64,169.2,169.45,95495
2025-02-27T10:45:00+05:30,169.45,169.84,168.8,169.13,210046
2025-02-27T11:00:00+05:30,169.2,169.25,168.51,168.52,112482
2025-02-27T11:15:00+05:30,168.66,168.89,168.4,168.5,121545
2025-02-27T11:30:00+05:30,168.54,168.55,168.24,168.3,97339
2025-02-27T11:45:00+05:30,168.32,168.78,168.11,168.13,105400
2025-02-27T12:00:00+05:30,168.21,168.5,167.85,167.86,147353
2025-02-27T12:15:00+05:30,167.89,168.0,167.57,167.73,109457
2025-02-27T12:30:00+05:30,167.8,168.03,167.5,167.93,143826
2025-02-27T12:45:00+05:30,167.92,168.0,167.45,167.55,79849
2025-02-27T13:00:00+05:30,167.63,167.83,167.4,167.57,80967
2025-02-27T13:15:00+05:30,167.57,168.09,167.11,167.98,242726
2025-02-27T13:30:00+05:30,167.98,168.0,167.55,167.63,119379
2025-02-27T13:45:00+05:30,167.56,167.68,167.21,167.49,158855
2025-02-27T14:00:00+05:30,167.5,167.5,167.0,167.21,131624
2025-02-27T14:15:00+05:30,167.2,167.88,167.11,167.8,180629
2025-02-27T14:30:00+05:30,167.8,168.0,167.34,167.5,131987
2025-02-27T14:45:00+05:30,167.52,167.85,167.46,167.65,133513
2025-02-27T15:00:00+05:30,167.66,167.7,166.5,166.53,356694
2025-02-27T15:15:00+05:30,166.55,166.84,165.5,165.78,716450
2025-02-28T09:15:00+05:30,161.1,162.33,156.56,160.05,5542178
2025-02-28T09:30:00+05:30,160.01,160.09,157.14,158.42,2048866
2025-02-28T09:45:00+05:30,158.41,159.29,156.8,157.0,1547447
2025-02-28T10:00:00+05:30,157.0,157.0,153.96,155.74,3209340
2025-02-28T10:15:00+05:30,155.75,156.97,155.6,156.31,1199477
2025-02-28T10:30:00+05:30,156.32,157.24,155.63,156.14,967117
2025-02-28T10:45:00+05:30,156.2,156.48,155.34,155.35,761321
2025-02-28T11:00:00+05:30,155.44,155.85,154.8,154.98,946527
2025-02-28T11:15:00+05:30,154.93,155.28,154.11,155.23,1006588
2025-02-28T11:30:00+05:30,155.18,155.48,154.79,154.95,548601
2025-02-28T11:45:00+05:30,154.85,154.96,154.11,154.64,555438
2025-02-28T12:00:00+05:30,154.61,155.16,153.0,153.8,1105769
2025-02-28T12:15:00+05:30,153.8,154.59,152.84,153.19,1239715
2025-02-28T12:30:00+05:30,153.3,153.6,151.5,152.3,2311985
2025-02-28T12:45:00+05:30,152.29,152.5,151.79,152.24,896565
2025-02-28T13:00:00+05:30,152.24,153.5,152.12,153.09,947360
2025-02-28T13:15:00+05:30,153.05,153.75,152.96,153.64,683577
2025-02-28T13:30:00+05:30,153.64,154.25,153.12,153.43,820465
2025-02-28T13:45:00+05:30,153.43,154.15,153.1,154.1,490639
2025-02-28T14:00:00+05:30,154.1,155.8,153.63,155.65,1153290
2025-02-28T14:15:00+05:30,155.65,155.88,154.5,154.7,882836
2025-02-28T14:30:00+05:30,154.74,155.77,154.41,155.7,723897
2025-02-28T14:45:00+05:30,155.7,156.38,155.42,155.97,1191573
2025-02-28T15:00:00+05:30,156.0,156.04,155.0,155.25,1032769
2025-02-28T15:15:00+05:30,155.23,157.36,155.1,156.6,2347461
2025-03-03T09:15:00+05:30,156.75,158.62,151.05,151.17,3367168
2025-03-03T09:30:00+05:30,151.17,153.19,149.25,149.31,1893171
2025-03-03T09:45:00+05:30,149.31,150.49,149.3,149.64,1099734
2025-03-03T10:00:00+05:30,149.63,150.05,144.56,145.17,2792380
2025-03-03T10:15:00+05:30,145.17,147.65,144.26,147.3,2202278
2025-03-03T10:30:00+05:30,147.3,147.35,145.02,145.8,1048961
2025-03-03T10:45:00+05:30,145.8,146.46,144.0,145.18,1445818
2025-03-03T11:00:00+05:30,145.12,145.66,144.22,144.94,749278
2025-03-03T11:15:00+05:30,144.94,145.0,144.05,144.6,590467
2025-03-03T11:30:00+05:30,144.6,144.62,144.01,144.1,497109
2025-03-03T11:45:00+05:30,144.15,144.19,143.22,143.46,1234608
2025-03-03T12:00:00+05:30,143.46,144.7,143.3,144.59,713194
2025-03-03T12:15:00+05:30,144.55,147.2,143.81,145.78,1643009
2025-03-03T12:30:00+05:30,145.7,146.85,145.17,146.59,817091
2025-03-03T12:45:00+05:30,146.57,147.9,146.25,146.64,1062487
2025-03-03T13:00:00+05:30,146.72,147.62,146.61,147.6,571817
2025-03-03T13:15:00+05:30,147.6,148.0,146.21,146.46,934614
2025-03-03T13:30:00+05:30,146.46,147.0,145.74,146.88,586712
2025-03-03T13:45:00+05:30,146.88,147.42,146.21,146.21,421188
2025-03-03T14:00:00+05:30,146.29,147.19,146.07,146.98,563833
2025-03-03T14:15:00+05:30,146.93,147.89,146.56,147.6,702055
2025-03-03T14:30:00+05:30,147.55,148.9,147.12,148.88,740213
2025-03-03T14:45:00+05:30,148.9,148.9,147.25,147.66,831496
2025-03-03T15:00:00+05:30,147.68,147.89,147.0,147.01,825654
2025-03-03T15:15:00+05:30,147.09,147.9,146.97,147.7,1581722
2025-03-04T09:15:00+05:30,144.88,149.2,144.1,148.86,3336642
2025-03-04T09:30:00+05:30,148.82,149.45,147.5,149.12,1636070
2025-03-04T09:45:00+05:30,149.12,150.87,148.65,150.54,1593145
2025-03-04T10:00:00+05:30,150.55,151.3,148.28,149.5,1295129
2025-03-04T10:15:00+05:30,149.5,150.67,148.76,148.99,711678
2025-03-04T10:30:00+05:30,148.9,149.9,148.7,149.29,311645
2025-03-04T10:45:00+05:30,149.31,150.24,149.2,149.65,329578
2025-03-04T11:00:00+05:30,149.65,149.78,148.85,148.96,384448
2025-03-04T11:15:00+05:30,148.96,149.0,148.5,148.72,389670
2025-03-04T11:30:00+05:30,148.67,148.8,147.79,147.93,276619
2025-03-04T11:45:00+05:30,147.86,147.91,146.8,147.56,592757
2025-03-04T12:00:00+05:30,147.5,147.55,146.03,146.4,560108
2025-03-04T12:15:00+05:30,146.46,147.13,146.22,146.98,345596
2025-03-04T12:30:00+05:30,146.98,147.24,146.51,146.71,244243
2025-03-04T12:45:00+05:30,146.71,146.88,144.51,145.0,927235
2025-03-04T13:00:00+05:30,145.0,145.73,144.1,144.63,814045
2025-03-04T13:15:00+05:30,144.57,145.43,144.2,145.08,810815
2025-03-04T13:30:00+05:30,145.07,145.24,144.01,144.22,466128
2025-03-04T13:45:00+05:30,144.29,144.66,144.03,144.12,486654
2025-03-04T14:00:00+05:30,144.12,145.58,144.11,145.46,587067
2025-03-04T14:15:00+05:30,145.46,146.0,145.05,145.81,659723
2025-03-04T14:30:00+05:30,145.8,145.8,144.78,145.21,405930
2025-03-04T14:45:00+05:30,145.22,145.22,144.5,145.08,548270
2025-03-04T15:00:00+05:30,145.08,145.09,144.4,144.53,696019
2025-03-04T15:15:00+05:30,144.56,145.2,144.1,144.2,1396956
2025-03-05T09:15:00+05:30,145.5,148.79,145.5,148.56,3363386
2025-03-05T09:30:00+05:30,148.56,149.87,147.33,149.68,1794633
2025-03-05T09:45:00+05:30,149.68,149.7,148.14,149.08,1249015
2025-03-05T10:00:00+05:30,149.08,149.15,147.23,147.48,895021
2025-03-05T10:15:00+05:30,147.47,147.76,146.6,147.53,955977
2025-03-05T10:30:00+05:30,147.53,148.14,147.2,147.38,924910
2025-03-05T10:45:00+05:30,147.38,147.7,146.8,146.98,830174
2025-03-05T11:00:00+05:30,146.98,147.55,145.6,146.59,958755
2025-03-05T11:15:00+05:30,146.59,146.8,145.5,146.8,1309561
2025-03-05T11:30:00+05:30,146.75,149.17,146.66,148.98,1601002
2025-03-05T11:45:00+05:30,148.88,149.1,147.55,147.92,750493
2025-03-05T12:00:00+05:30,147.88,148.78,147.81,148.43,355113
2025-03-05T12:15:00+05:30,148.5,148.7,147.91,148.0,211359
2025-03-05T12:30:00+05:30,148.0,148.26,147.75,148.01,370718
2025-03-05T12:45:00+05:30,148.06,148.15,147.15,147.36,303536
2025-03-05T13:00:00+05:30,147.36,147.92,147.33,147.55,265352
2025-03-05T13:15:00+05:30,147.56,148.32,147.4,148.11,358529
2025-03-05T13:30:00+05:30,148.13,148.2,147.2,147.45,228987
2025-03-05T13:45:00+05:30,147.45,147.75,147.33,147.52,142413
2025-03-05T14:00:00+05:30,147.6,147.7,147.33,147.42,132838
2025-03-05T14:15:00+05:30,147.5,147.9,146.62,146.75,601633
2025-03-05T14:30:00+05:30,146.76,147.4,146.3,147.2,573290
2025-03-05T14:45:00+05:30,147.3,147.67,147.0,147.6,410888
2025-03-05T15:00:00+05:30,147.61,147.75,147.21,147.38,698925
2025-03-05T15:15:00+05:30,147.4,147.5,146.75,147.5,1262043
2025-03-06T09:15:00+05:30,150.2,152.46,150.05,151.52,3035996
2025-03-06T09:30:00+05:30,151.63,151.8,149.42,151.45,1946426
2025-03-06T09:45:00+05:30,151.45,151.5,149.44,149.83,1047959
2025-03-06T10:00:00+05:30,149.86,151.44,149.66,150.98,972936
2025-03-06T10:15:00+05:30,151.0,151.25,150.36,151.0,383435
2025-03-06T10:30:00+05:30,151.0,151.16,150.7,150.9,318337
2025-03-06T10:45:00+05:30,150.9,151.16,150.6,150.78,296879
2025-03-06T11:00:00+05:30,150.71,151.5,150.5,151.33,431820
2025-03-06T11:15:00+05:30,151.33,151.36,150.2,150.4,424484
2025-03-06T11:30:00+05:30,150.4,150.7,150.01,150.48,257062
2025-03-06T11:45:00+05:30,150.49,150.81,150.32,150.55,242916
2025-03-06T12:00:00+05:30,150.55,150.79,150.31,150.45,131669
2025-03-06T12:15:00+05:30,150.45,150.61,150.27,150.44,149598
2025-03-06T12:30:00+05:30,150.45,150.7,150.3,150.54,218488
2025-03-06T12:45:00+05:30,150.54,150.75,150.21,150.35,227955
2025-03-06T13:00:00+05:30,150.28,150.7,150.22,150.58,135602
2025-03-06T13:15:00+05:30,150.57,150.6,150.3,150.47,139414
2025-03-06T13:30:00+05:30,150.47,150.6,150.27,150.55,143321
2025-03-06T13:45:00+05:30,150.52,150.9,150.49,150.72,166813
2025-03-06T14:00:00+05:30,150.72,150.75,150.55,150.64,116410
2025-03-06T14:15:00+05:30,150.6,150.7,150.05,150.18,309679
2025-03-06T14:30:00+05:30,150.17,150.46,150.0,150.17,288684
2025-03-06T14:45:00+05:30,150.15,150.49,150.05,150.46,352469
2025-03-06T15:00:00+05:30,150.45,150.49,149.7,149.72,635465
2025-03-06T15:15:00+05:30,149.71,149.98,149.0,149.5,932502
2025-03-07T09:15:00+05:30,149.79,151.4,148.22,151.35,2005069
2025-03-07T09:30:00+05:30,151.4,152.5,150.5,152.33,1366020
2025-03-07T09:45:00+05:30,152.33,152.5,151.2,152.18,1037228
2025-03-07T10:00:00+05:30,152.15,153.3,151.84,153.26,1089937
2025-03-07T10:15:00+05:30,153.26,153.35,152.35,152.8,541111
2025-03-07T10:30:00+05:30,152.8,153.68,152.46,153.02,772560
2025-03-07T10:45:00+05:30,153.12,153.13,151.6,151.79,574117
2025-03-07T11:00:00+05:30,151.74,152.24,151.63,152.04,436001
2025-03-07T11:15:00+05:30,152.04,152.3,151.85,151.94,177963
2025-03-07T11:30:00+05:30,151.95,152.25,151.85,152.12,168952
2025-03-07T11:45:00+05:30,152.12,152.12,151.05,151.44,435437
2025-03-07T12:00:00+05:30,151.43,151.44,150.3,150.5,453567
2025-03-07T12:15:00+05:30,150.54,150.65,150.0,150.33,591923
2025-03-07T12:30:00+05:30,150.25,150.74,150.2,150.35,242807
2025-03-07T12:45:00+05:30,150.35,150.36,149.05,149.42,739587
2025-03-07T13:00:00+05:30,149.42,149.5,148.82,149.26,417816
2025-03-07T13:15:00+05:30,149.28,149.79,149.21,149.4,266129
2025-03-07T13:30:00+05:30,149.44,149.79,149.21,149.51,253440
2025-03-07T13:45:00+05:30,149.5,149.56,149.0,149.14,186931
2025-03-07T14:00:00+05:30,149.1,149.49,149.1,149.25,166458
2025-03-07T14:15:00+05:30,149.25,150.29,149.2,150.17,295918
2025-03-07T14:30:00+05:30,150.17,150.79,149.89,150.4,469129
2025-03-07T14:45:00+05:30,150.35,150.85,150.35,150.64,206517
2025-03-07T15:00:00+05:30,150.64,150.7,149.72,149.8,532561
2025-03-07T15:15:00+05:30,149.8,149.85,149.1,149.4,807511
2025-03-10T09:15:00+05:30,149.17,150.5,147.2,148.2,1830889
2025-03-10T09:30:00+05:30,148.2,148.71,147.2,148.15,772082
2025-03-10T09:45:00+05:30,148.24,149.19,147.84,147.99,580790
2025-03-10T10:00:00+05:30,147.99,148.08,146.81,148.0,620081
2025-03-10T10:15:00+05:30,148.0,148.23,147.6,147.81,200794
2025-03-10T10:30:00+05:30,147.95,148.15,147.51,147.86,221148
2025-03-10T10:45:00+05:30,147.86,148.36,147.67,148.12,281042
2025-03-10T11:00:00+05:30,148.15,148.2,147.7,147.75,144846
2025-03-10T11:15:00+05:30,147.75,148.1,147.7,147.9,108924
2025-03-10T11:30:00+05:30,147.9,148.25,147.85,148.06,104670
2025-03-10T11:45:00+05:30,148.07,148.07,147.51,147.6,181644
2025-03-10T12:00:00+05:30,147.6,147.7,147.05,147.05,224399
2025-03-10T12:15:00+05:30,147.1,147.42,146.8,147.14,296595
2025-03-10T12:30:00+05:30,147.15,147.28,146.85,147.07,145586
2025-03-10T12:45:00+05:30,147.07,147.15,146.77,146.9,124654
2025-03-10T13:00:00+05:30,146.99,147.1,146.6,146.8,144515
2025-03-10T13:15:00+05:30,146.8,146.81,146.57,146.75,101764
2025-03-10T13:30:00+05:30,146.75,147.49,146.75,146.86,203710
2025-03-10T13:45:00+05:30,146.9,147.1,146.2,146.35,339826
2025-03-10T14:00:00+05:30,146.33,146.33,145.55,145.6,388469
2025-03-10T14:15:00+05:30,145.65,145.76,144.35,144.42,652943
2025-03-10T14:30:00+05:30,144.4,145.45,144.23,145.12,382630
2025-03-10T14:45:00+05:30,145.12,145.37,144.9,145.15,228771
2025-03-10T15:00:00+05:30,145.15,145.35,144.55,144.8,409301
2025-03-10T15:15:00+05:30,144.74,144.79,142.94,143.5,1119619
2025-03-11T09:15:00+05:30,141.21,142.0,140.1,140.8,1742112
2025-03-11T09:30:00+05:30,140.81,141.55,139.73,141.15,1341099
2025-03-11T09:45:00+05:30,141.15,141.48,140.3,141.02,643616
2025-03-11T10:00:00+05:30,141.1,141.5,140.08,140.5,519554
2025-03-11T10:15:00+05:30,140.55,140.8,140.02,140.27,418379
2025-03-11T10:30:00+05:30,140.27,140.85,139.29,140.75,745742
2025-03-11T10:45:00+05:30,140.79,142.2,140.45,142.1,805394
2025-03-11T11:00:00+05:30,142.1,142.78,141.45,141.65,588500
2025-03-11T11:15:00+05:30,141.68,141.8,140.72,140.81,324519
2025-03-11T11:30:00+05:30,140.9,140.9,140.3,140.84,376407
2025-03-11T11:45:00+05:30,140.84,141.15,140.66,141.15,341787
2025-03-11T12:00:00+05:30,141.15,141.25,140.75,141.12,209598
2025-03-11T12:15:00+05:30,141.1,141.15,140.62,140.93,155833
2025-03-11T12:30:00+05:30,140.93,141.4,140.72,141.2,205191
2025-03-11T12:45:00+05:30,141.2,141.34,140.45,140.58,182404
2025-03-11T13:00:00+05:30,140.58,140.65,140.2,140.56,174429
2025-03-11T13:15:00+05:30,140.56,141.3,140.3,141.17,240466
2025-03-11T13:30:00+05:30,141.19,141.35,140.7,141.33,210060
2025-03-11T13:45:00+05:30,141.33,141.79,140.95,141.7,237988
2025-03-11T14:00:00+05:30,141.7,141.74,141.1,141.29,352079
2025-03-11T14:15:00+05:30,141.34,142.5,141.26,142.42,542596
2025-03-11T14:30:00+05:30,142.47,142.5,141.67,141.86,381227
2025-03-11T14:45:00+05:30,141.95,142.14,141.55,141.95,281859
2025-03-11T15:00:00+05:30,141.95,142.25,141.4,141.74,572772
2025-03-11T15:15:00+05:30,141.7,142.5,141.7,142.5,855174
2025-03-12T09:15:00+05:30,143.11,144.39,142.48,142.75,1094442
2025-03-12T09:30:00+05:30,142.7,144.1,142.53,143.19,517058
2025-03-12T09:45:00+05:30,143.2,143.3,142.26,142.55,479593
2025-03-12T10:00:00+05:30,142.56,142.79,141.27,141.47,474132
2025-03-12T10:15:00+05:30,141.54,142.12,141.11,141.32,343141
2025-03-12T10:30:00+05:30,141.39,142.23,141.23,141.84,236479
2025-03-12T10:45:00+05:30,141.82,141.83,141.0,141.06,312033
2025-03-12T11:00:00+05:30,141.14,141.34,140.9,141.24,256291
2025-03-12T11:15:00+05:30,141.24,141.29,140.17,140.49,275915
2025-03-12T11:30:00+05:30,140.49,140.8,140.15,140.42,226636
2025-03-12T11:45:00+05:30,140.48,141.15,140.27,140.59,267386
2025-03-12T12:00:00+05:30,140.62,140.75,140.26,140.54,204829
2025-03-12T12:15:00+05:30,140.54,140.66,140.2,140.63,210093
2025-03-12T12:30:00+05:30,140.6,141.0,140.35,140.5,155606
2025-03-12T12:45:00+05:30,140.5,141.19,140.16,140.85,344936
2025-03-12T13:00:00+05:30,140.85,141.2,140.65,141.15,166452
2025-03-12T13:15:00+05:30,141.15,141.86,141.15,141.35,259068
2025-03-12T13:30:00+05:30,141.35,141.7,140.88,141.09,175856
2025-03-12T13:45:00+05:30,141.18,141.35,140.7,141.13,119451
2025-03-12T14:00:00+05:30,141.13,141.35,141.05,141.33,146640
2025-03-12T14:15:00+05:30,141.33,141.8,141.21,141.76,227100
2025-03-12T14:30:00+05:30,141.76,141.76,141.1,141.1,146302
2025-03-12T14:45:00+05:30,141.19,141.48,141.09,141.45,134611
2025-03-12T15:00:00+05:30,141.41,141.6,141.02,141.35,415578
2025-03-12T15:15:00+05:30,141.35,141.4,141.0,141.3,402044
2025-03-13T09:15:00+05:30,141.99,142.45,139.21,139.95,1179561
2025-03-13T09:30:00+05:30,139.95,140.89,139.85,140.46,377080
2025-03-13T09:45:00+05:30,140.49,141.25,140.21,141.13,450149
2025-03-13T10:00:00+05:30,141.13,141.82,140.85,141.69,387345
2025-03-13T10:15:00+05:30,141.69,142.4,141.69,142.33,479085
2025-03-13T10:30:00+05:30,142.34,142.39,141.3,141.49,335384
2025-03-13T10:45:00+05:30,141.59,141.71,140.69,140.84,439481
2025-03-13T11:00:00+05:30,140.84,141.33,140.65,141.18,186610
2025-03-13T11:15:00+05:30,141.18,141.26,140.6,140.63,161078
2025-03-13T11:30:00+05:30,140.7,140.96,140.18,140.44,313496
2025-03-13T11:45:00+05:30,140.5,140.58,140.13,140.56,177461
2025-03-13T12:00:00+05:30,140.56,140.65,140.25,140.47,116076
2025-03-13T12:15:00+05:30,140.46,140.55,140.21,140.34,108701
2025-03-13T12:30:00+05:30,140.37,140.49,140.25,140.47,99878
2025-03-13T12:45:00+05:30,140.47,140.7,140.38,140.65,114340
2025-03-13T13:00:00+05:30,140.65,140.67,140.3,140.35,168628
2025-03-13T13:15:00+05:30,140.38,140.4,140.1,140.11,143777
2025-03-13T13:30:00+05:30,140.2,140.67,140.12,140.5,93242
2025-03-13T13:45:00+05:30,140.55,140.58,140.3,140.44,85243
2025-03-13T14:00:00+05:30,140.45,140.55,140.11,140.35,180803
2025-03-13T14:15:00+05:30,140.35,140.42,139.82,140.16,311516
2025-03-13T14:30:00+05:30,140.2,140.25,140.0,140.25,184423
2025-03-13T14:45:00+05:30,140.25,140.29,139.87,140.01,217755
2025-03-13T15:00:00+05:30,140.0,140.25,139.8,140.19,322137
2025-03-13T15:15:00+05:30,140.15,140.19,139.51,139.73,579651
2025-03-17T09:15:00+05:30,140.6,141.53,139.75,141.51,918896
2025-03-17T09:30:00+05:30,141.46,142.44,139.81,140.95,1030206
2025-03-17T09:45:00+05:30,140.94,141.25,140.05,140.8,461857
2025-03-17T10:00:00+05:30,140.8,140.89,140.36,140.71,182932
2025-03-17T10:15:00+05:30,140.65,140.8,140.1,140.4,237563
2025-03-17T10:30:00+05:30,140.39,140.4,140.05,140.32,152583
2025-03-17T10:45:00+05:30,140.33,140.9,140.32,140.81,219581
2025-03-17T11:00:00+05:30,140.81,140.89,140.3,140.46,109462
2025-03-17T11:15:00+05:30,140.46,140.6,140.3,140.4,115483
2025-03-17T11:30:00+05:30,140.4,140.45,140.07,140.24,161247
2025-03-17T11:45:00+05:30,140.24,140.26,139.7,139.95,256923
2025-03-17T12:00:00+05:30,139.95,140.4,139.91,140.07,142961
2025-03-17T12:15:00+05:30,140.0,140.09,139.44,139.79,190363
2025-03-17T12:30:00+05:30,139.72,139.84,139.32,139.75,190412
2025-03-17T12:45:00+05:30,139.8,139.83,139.46,139.52,80505
2025-03-17T13:00:00+05:30,139.52,139.77,139.34,139.5,133063
2025-03-17T13:15:00+05:30,139.52,139.88,139.4,139.8,105103
2025-03-17T13:30:00+05:30,139.8,140.14,139.7,139.99,181543
2025-03-17T13:45:00+05:30,140.0,140.23,139.69,140.22,146586
2025-03-17T14:00:00+05:30,140.22,140.23,139.6,139.74,162265
2025-03-17T14:15:00+05:30,139.74,139.85,139.5,139.65,176897
2025-03-17T14:30:00+05:30,139.65,139.87,139.5,139.68,152997
2025-03-17T14:45:00+05:30,139.65,139.78,139.3,139.31,203350
2025-03-17T15:00:00+05:30,139.31,139.33,138.25,138.36,758507
2025-03-17T15:15:00+05:30,138.33,138.4,137.01,137.15,957440
2025-03-18T09:15:00+05:30,140.15,143.32,139.98,143.07,3797770
2025-03-18T09:30:00+05:30,143.04,144.25,142.28,144.04,2793336
2025-03-18T09:45:00+05:30,144.04,144.49,143.51,144.09,1573148
2025-03-18T10:00:00+05:30,144.09,144.6,143.91,144.46,1270549
2025-03-18T10:15:00+05:30,144.46,144.75,143.73,143.9,844816
2025-03-18T10:30:00+05:30,143.9,144.21,143.13,144.15,1544893
2025-03-18T10:45:00+05:30,144.1,144.64,143.5,143.77,704895
2025-03-18T11:00:00+05:30,143.77,143.9,143.3,143.56,406864
2025-03-18T11:15:00+05:30,143.57,144.25,143.33,143.87,457244
2025-03-18T11:30:00+05:30,143.88,143.98,143.5,143.55,310536
2025-03-18T11:45:00+05:30,143.58,143.91,143.42,143.89,300804
2025-03-18T12:00:00+05:30,143.88,144.3,143.76,144.23,383193
2025-03-18T12:15:00+05:30,144.23,144.26,143.85,143.85,373580
2025-03-18T12:30:00+05:30,143.9,143.97,143.4,143.5,397636
2025-03-18T12:45:00+05:30,143.48,143.99,143.4,143.95,205843
2025-03-18T13:00:00+05:30,143.99,144.11,143.61,143.84,214643
2025-03-18T13:15:00+05:30,143.84,143.99,143.7,143.95,217791
2025-03-18T13:30:00+05:30,143.94,144.85,143.7,144.8,697404
2025-03-18T13:45:00+05:30,144.75,144.89,144.11,144.21,452508
2025-03-18T14:00:00+05:30,144.27,144.68,144.22,144.66,276079
2025-03-18T14:15:00+05:30,144.65,145.23,144.55,145.15,1016280
2025-03-18T14:30:00+05:30,145.15,145.2,144.8,145.07,623980
2025-03-18T14:45:00+05:30,145.07,145.19,144.86,145.06,447878
2025-03-18T15:00:00+05:30,145.06,145.95,145.02,145.85,1049604
2025-03-18T15:15:00+05:30,145.8,147.3,145.51,147.2,2462031
2025-03-19T09:15:00+05:30,147.5,148.78,147.05,148.42,3056767
2025-03-19T09:30:00+05:30,148.42,148.67,147.72,148.47,892899
2025-03-19T09:45:00+05:30,148.47,148.99,148.12,148.94,705940
2025-03-19T10:00:00+05:30,148.95,149.38,148.5,148.8,1002205
2025-03-19T10:15:00+05:30,148.84,149.75,148.79,149.7,704734
2025-03-19T10:30:00+05:30,149.7,150.78,149.41,150.7,885663
2025-03-19T10:45:00+05:30,150.75,150.8,149.6,150.34,875067
2025-03-19T11:00:00+05:30,150.29,150.6,150.05,150.38,507473
2025-03-19T11:15:00+05:30,150.38,150.38,149.9,150.1,267785
2025-03-19T11:30:00+05:30,150.06,151.84,150.02,151.45,981667
2025-03-19T11:45:00+05:30,151.47,151.5,151.06,151.38,436193
2025-03-19T12:00:00+05:30,151.36,152.49,151.3,151.91,1067994
2025-03-19T12:15:00+05:30,151.91,152.25,151.9,151.95,337004
2025-03-19T12:30:00+05:30,151.95,152.0,151.76,151.81,204995
2025-03-19T12:45:00+05:30,151.79,152.4,151.78,152.34,471932
2025-03-19T13:00:00+05:30,152.4,152.5,151.7,152.16,467375
2025-03-19T13:15:00+05:30,152.16,152.21,151.77,151.85,226920
2025-03-19T13:30:00+05:30,151.85,152.18,150.89,151.49,512185
2025-03-19T13:45:00+05:30,151.49,151.5,151.05,151.34,310476
2025-03-19T14:00:00+05:30,151.34,151.5,151.07,151.07,253253
2025-03-19T14:15:00+05:30,151.11,151.47,151.06,151.38,381387
2025-03-19T14:30:00+05:30,151.3,152.38,151.2,152.27,456362
2025-03-19T14:45:00+05:30,152.27,152.38,151.87,152.0,403228
2025-03-19T15:00:00+05:30,151.93,152.12,151.7,151.98,486905
2025-03-19T15:15:00+05:30,151.94,152.15,151.52,151.73,1280111
2025-03-20T09:15:00+05:30,153.12,154.8,152.5,154.59,2475966
2025-03-20T09:30:00+05:30,154.6,154.75,152.8,152.9,1099467
2025-03-20T09:45:00+05:30,152.9,152.94,150.1,150.32,1416009
2025-03-20T10:00:00+05:30,150.38,150.77,149.0,149.55,1002899
2025-03-20T10:15:00+05:30,149.62,150.95,149.44,150.95,681275
2025-03-20T10:30:00+05:30,150.95,151.49,150.15,150.35,606410
2025-03-20T10:45:00+05:30,150.38,150.43,149.01,149.78,501986
2025-03-20T11:00:00+05:30,149.74,150.34,149.63,150.25,253190
2025-03-20T11:15:00+05:30,150.25,150.3,149.6,149.89,282199
2025-03-20T11:30:00+05:30,149.88,150.0,149.7,149.84,153903
2025-03-20T11:45:00+05:30,149.84,150.0,149.1,149.63,378017
2025-03-20T12:00:00+05:30,149.63,149.97,149.43,149.87,197975
2025-03-20T12:15:00+05:30,149.95,150.33,149.93,150.19,237587
2025-03-20T12:30:00+05:30,150.15,150.19,149.8,150.08,135064
2025-03-20T12:45:00+05:30,150.1,150.67,150.01,150.29,222674
2025-03-20T13:00:00+05:30,150.29,150.32,149.8,150.12,199968
2025-03-20T13:15:00+05:30,150.12,150.26,149.81,150.1,212135
2025-03-20T13:30:00+05:30,150.1,150.4,149.95,150.17,147708
2025-03-20T13:45:00+05:30,150.22,150.9,150.1,150.74,275271
2025-03-20T14:00:00+05:30,150.74,150.8,149.7,149.79,444551
2025-03-20T14:15:00+05:30,149.79,150.25,149.4,150.09,426866
2025-03-20T14:30:00+05:30,150.07,150.3,149.95,150.13,248818
2025-03-20T14:45:00+05:30,150.13,150.26,150.0,150.17,225481
2025-03-20T15:00:00+05:30,150.17,150.37,149.85,150.3,717980
2025-03-20T15:15:00+05:30,150.23,150.4,149.55,149.66,854910
2025-03-21T09:15:00+05:30,149.96,151.85,149.09,151.5,2009329
2025-03-21T09:30:00+05:30,151.51,152.85,151.32,152.74,1368023
2025-03-21T09:45:00+05:30,152.79,153.27,152.41,152.6,851751
2025-03-21T10:00:00+05:30,152.6,152.8,151.87,152.49,823013
2025-03-21T10:15:00+05:30,152.49,153.65,152.4,153.59,739530
2025-03-21T10:30:00+05:30,153.54,156.67,153.17,155.26,3292740
2025-03-21T10:45:00+05:30,155.26,156.08,155.0,155.12,1105354
2025-03-21T11:00:00+05:30,155.19,155.45,154.0,154.65,819343
2025-03-21T11:15:00+05:30,154.7,155.15,154.5,154.84,364913
2025-03-21T11:30:00+05:30,154.84,154.9,154.01,154.12,359881
2025-03-21T11:45:00+05:30,154.1,154.5,154.0,154.2,346112
2025-03-21T12:00:00+05:30,154.2,154.84,154.12,154.7,259740
2025-03-21T12:15:00+05:30,154.8,155.0,154.6,154.91,360758
2025-03-21T12:30:00+05:30,154.91,155.18,154.76,155.04,270913
2025-03-21T12:45:00+05:30,155.04,155.04,154.59,154.8,142139
2025-03-21T13:00:00+05:30,154.8,154.84,154.4,154.5,152182
2025-03-21T13:15:00+05:30,154.54,155.74,154.2,155.14,827269
2025-03-21T13:30:00+05:30,155.14,155.16,154.23,154.5,320776
2025-03-21T13:45:00+05:30,154.49,154.49,153.5,154.3,503369
2025-03-21T14:00:00+05:30,154.25,154.97,154.2,154.77,312178
2025-03-21T14:15:00+05:30,154.77,155.25,154.65,155.11,407927
2025-03-21T14:30:00+05:30,155.18,155.2,154.9,155.09,272625
2025-03-21T14:45:00+05:30,155.09,155.2,154.8,155.04,406709
2025-03-21T15:00:00+05:30,155.1,155.1,154.79,154.85,780850
2025-03-21T15:15:00+05:30,154.79,155.0,154.5,154.99,1221606
2025-03-24T09:15:00+05:30,156.38,160.8,156.23,160.69,3398340
2025-03-24T09:30:00+05:30,160.74,161.85,159.59,160.75,3218148
2025-03-24T09:45:00+05:30,160.75,163.2,160.0,162.7,2308231
2025-03-24T10:00:00+05:30,162.75,163.2,160.83,161.64,1940788
2025-03-24T10:15:00+05:30,161.64,165.7,161.58,165.41,3940811
2025-03-24T10:30:00+05:30,165.42,167.9,165.0,167.34,4832990
2025-03-24T10:45:00+05:30,167.4,167.59,165.98,166.1,2491274
2025-03-24T11:00:00+05:30,166.1,166.3,164.7,164.93,1883642
2025-03-24T11:15:00+05:30,164.93,166.73,164.55,166.61,1779854
2025-03-24T11:30:00+05:30,166.63,166.63,165.1,165.4,1055056
2025-03-24T11:45:00+05:30,165.4,166.44,165.25,165.61,873752
2025-03-24T12:00:00+05:30,165.6,165.83,165.2,165.45,549980
2025-03-24T12:15:00+05:30,165.48,166.35,165.4,166.3,573902
2025-03-24T12:30:00+05:30,166.29,166.5,165.71,166.25,685260
2025-03-24T12:45:00+05:30,166.22,167.5,166.05,166.52,1835586
2025-03-24T13:00:00+05:30,166.41,167.2,166.1,166.61,707994
2025-03-24T13:15:00+05:30,166.68,168.44,166.6,167.84,1884066
2025-03-24T13:30:00+05:30,167.84,169.44,167.16,169.03,2904695
2025-03-24T13:45:00+05:30,169.03,169.59,168.5,169.52,1915411
2025-03-24T14:00:00+05:30,169.55,169.83,168.8,169.79,2209248
2025-03-24T14:15:00+05:30,169.8,170.3,169.61,170.3,5306833
2025-03-24T14:30:00+05:30,170.3,173.3,169.0,169.95,13369501
2025-03-24T14:45:00+05:30,169.95,171.94,169.2,169.75,4566846
2025-03-24T15:00:00+05:30,169.7,171.25,168.6,170.69,4675869
2025-03-24T15:15:00+05:30,170.6,171.0,169.76,170.5,4145467
2025-03-25T09:15:00+05:30,172.05,176.67,172.05,175.2,17557090
2025-03-25T09:30:00+05:30,175.2,176.77,174.15,176.28,7005551
2025-03-25T09:45:00+05:30,176.28,176.28,174.55,175.17,3660169
2025-03-25T10:00:00+05:30,175.17,175.19,172.2,172.25,5056778
2025-03-25T10:15:00+05:30,172.22,173.7,171.33,172.8,3568147
2025-03-25T10:30:00+05:30,172.73,172.95,170.61,172.1,3349019
2025-03-25T10:45:00+05:30,172.1,172.97,171.2,171.9,2147131
2025-03-25T11:00:00+05:30,171.9,172.35,171.51,171.7,1216177
2025-03-25T11:15:00+05:30,171.7,172.0,170.52,170.72,1457510
2025-03-25T11:30:00+05:30,170.72,171.35,169.64,169.84,2080324
2025-03-25T11:45:00+05:30,169.84,171.4,169.1,171.32,2397643
2025-03-25T12:00:00+05:30,171.4,172.4,171.0,171.22,1860089
2025-03-25T12:15:00+05:30,171.22,171.6,170.65,171.15,1032072
2025-03-25T12:30:00+05:30,171.15,171.69,170.71,171.62,660804
2025-03-25T12:45:00+05:30,171.62,171.7,170.7,170.99,567109
2025-03-25T13:00:00+05:30,171.0,171.19,170.61,170.85,438238
2025-03-25T13:15:00+05:30,170.85,171.25,170.17,170.61,651259
2025-03-25T13:30:00+05:30,170.61,171.29,170.55,170.9,555435
2025-03-25T13:45:00+05:30,170.9,171.9,170.8,171.78,904379
2025-03-25T14:00:00+05:30,171.76,171.78,171.22,171.68,558749
2025-03-25T14:15:00+05:30,171.7,172.1,170.6,170.6,1182759
2025-03-25T14:30:00+05:30,170.61,171.0,170.1,170.45,826159
2025-03-25T14:45:00+05:30,170.42,171.2,170.32,170.61,1411264
2025-03-25T15:00:00+05:30,170.7,170.9,170.5,170.58,1573719
2025-03-25T15:15:00+05:30,170.62,170.8,168.1,168.1,4202582
2025-03-26T09:15:00+05:30,170.01,171.0,166.55,169.64,6149811
2025-03-26T09:30:00+05:30,169.75,170.6,166.68,166.81,3078681
2025-03-26T09:45:00+05:30,166.81,168.2,166.0,167.7,2193819
2025-03-26T10:00:00+05:30,167.66,169.16,167.21,168.77,1555609
2025-03-26T10:15:00+05:30,168.77,169.3,167.65,168.43,827641
2025-03-26T10:30:00+05:30,168.42,169.09,167.9,168.23,707911
2025-03-26T10:45:00+05:30,168.23,168.47,167.86,168.17,370362
2025-03-26T11:00:00+05:30,168.17,168.5,167.5,168.23,567494
2025-03-26T11:15:00+05:30,168.23,168.88,167.7,168.15,417954
2025-03-26T11:30:00+05:30,168.15,168.7,167.9,167.98,365338
2025-03-26T11:45:00+05:30,167.9,167.99,167.0,167.13,561745
2025-03-26T12:00:00+05:30,167.13,167.6,166.68,167.4,581112
2025-03-26T12:15:00+05:30,167.4,167.89,166.9,167.03,404366
2025-03-26T12:30:00+05:30,167.03,167.6,167.01,167.5,227626
2025-03-26T12:45:00+05:30,167.5,168.0,167.05,167.1,325294
2025-03-26T13:00:00+05:30,167.1,167.33,166.67,166.97,401274
2025-03-26T13:15:00+05:30,166.97,167.0,166.13,166.48,573718
2025-03-26T13:30:00+05:30,166.48,166.48,165.16,165.47,1015449
2025-03-26T13:45:00+05:30,165.41,165.76,165.29,165.7,590787
2025-03-26T14:00:00+05:30,165.69,165.8,164.29,164.6,820289
2025-03-26T14:15:00+05:30,164.59,164.88,164.01,164.32,715683
2025-03-26T14:30:00+05:30,164.39,164.39,163.42,163.45,1173744
2025-03-26T14:45:00+05:30,163.45,164.19,162.8,163.03,1202781
2025-03-26T15:00:00+05:30,163.04,163.63,162.83,163.15,1093503
2025-03-26T15:15:00+05:30,163.15,163.19,162.25,162.7,1682672
2025-03-27T09:15:00+05:30,161.61,165.67,160.76,164.58,4436549
2025-03-27T09:30:00+05:30,164.58,165.39,162.81,165.04,2402039
2025-03-27T09:45:00+05:30,165.01,167.4,164.63,166.63,2796252
2025-03-27T10:00:00+05:30,166.62,166.8,165.11,165.3,1214059
2025-03-27T10:15:00+05:30,165.31,166.27,165.25,165.92,859865
2025-03-27T10:30:00+05:30,165.98,166.29,165.2,165.62,662393
2025-03-27T10:45:00+05:30,165.61,165.76,164.51,164.81,750416
2025-03-27T11:00:00+05:30,164.83,165.47,164.72,165.36,365329
2025-03-27T11:15:00+05:30,165.36,165.5,164.92,165.0,359012
2025-03-27T11:30:00+05:30,165.09,165.69,164.46,164.48,535266
2025-03-27T11:45:00+05:30,164.55,164.89,164.05,164.28,440318
2025-03-27T12:00:00+05:30,164.34,164.35,163.64,163.96,442113
2025-03-27T12:15:00+05:30,163.85,164.39,162.47,162.7,1057278
2025-03-27T12:30:00+05:30,162.7,165.1,162.21,164.91,1393310
2025-03-27T12:45:00+05:30,164.95,165.0,163.53,164.18,534741
2025-03-27T13:00:00+05:30,164.2,164.39,163.22,163.45,629689
2025-03-27T13:15:00+05:30,163.44,164.9,163.21,164.76,565325
2025-03-27T13:30:00+05:30,164.72,165.5,164.1,165.09,876819
2025-03-27T13:45:00+05:30,165.02,166.73,164.5,165.59,1349477
2025-03-27T14:00:00+05:30,165.6,166.19,165.22,165.54,714259
2025-03-27T14:15:00+05:30,165.54,166.0,164.01,164.25,981170
2025-03-27T14:30:00+05:30,164.32,164.75,162.6,163.2,1383155
2025-03-27T14:45:00+05:30,163.25,164.2,162.86,163.28,1051256
2025-03-27T15:00:00+05:30,163.28,163.4,161.1,161.54,2955950
2025-03-27T15:15:00+05:30,161.58,162.3,161.02,162.0,3502865
2025-03-28T09:15:00+05:30,163.3,166.77,163.11,165.25,3784657
2025-03-28T09:30:00+05:30,165.25,165.68,163.92,164.02,1757382
2025-03-28T09:45:00+05:30,164.02,164.82,163.6,164.63,890393
2025-03-28T10:00:00+05:30,164.63,164.63,163.85,163.88,601278
2025-03-28T10:15:00+05:30,163.86,164.3,163.4,163.99,543142
2025-03-28T10:30:00+05:30,164.0,164.68,164.0,164.22,454999
2025-03-28T10:45:00+05:30,164.22,164.49,163.8,163.94,378973
2025-03-28T11:00:00+05:30,163.95,164.1,163.12,163.12,407366
2025-03-28T11:15:00+05:30,163.13,163.64,162.8,162.95,648006
2025-03-28T11:30:00+05:30,162.94,163.13,162.7,162.8,340761
2025-03-28T11:45:00+05:30,162.87,163.53,162.8,163.02,240578
2025-03-28T12:00:00+05:30,163.09,163.2,162.91,162.95,151152
2025-03-28T12:15:00+05:30,163.0,163.0,162.2,162.43,477344
2025-03-28T12:30:00+05:30,162.43,162.6,162.15,162.21,301823
2025-03-28T12:45:00+05:30,162.3,162.3,162.01,162.2,240875
2025-03-28T13:00:00+05:30,162.2,162.2,161.4,161.5,535693
2025-03-28T13:15:00+05:30,161.5,162.2,161.22,162.09,411639
2025-03-28T13:30:00+05:30,162.08,162.48,161.8,161.8,362160
2025-03-28T13:45:00+05:30,161.87,161.98,161.45,161.5,376707
2025-03-28T14:00:00+05:30,161.46,161.56,160.6,161.31,420616
2025-03-28T14:15:00+05:30,161.31,162.25,161.11,162.15,399967
2025-03-28T14:30:00+05:30,162.19,162.3,161.75,162.23,443457
2025-03-28T14:45:00+05:30,162.23,162.75,161.85,162.13,653386
2025-03-28T15:00:00+05:30,162.13,162.18,160.8,160.9,740116
2025-03-28T15:15:00+05:30,160.95,161.0,159.0,159.5,1735587
2025-04-01T09:15:00+05:30,160.35,161.85,158.75,160.07,3113385
2025-04-01T09:30:00+05:30,160.06,162.0,159.65,161.73,1277693
2025-04-01T09:45:00+05:30,161.8,162.4,160.6,161.14,942919
2025-04-01T10:00:00+05:30,161.05,161.19,159.2,159.58,903703
2025-04-01T10:15:00+05:30,159.57,160.35,159.21,159.36,468629
2025-04-01T10:30:00+05:30,159.36,160.45,159.15,160.32,461653
2025-04-01T10:45:00+05:30,160.32,160.39,159.3,159.37,341647
2025-04-01T11:00:00+05:30,159.4,159.8,159.11,159.5,281949
2025-04-01T11:15:00+05:30,159.49,159.97,159.22,159.58,190045
2025-04-01T11:30:00+05:30,159.57,159.57,158.61,159.0,515125
2025-04-01T11:45:00+05:30,158.91,159.55,158.84,159.07,287737
2025-04-01T12:00:00+05:30,159.07,159.99,158.9,159.88,234176
2025-04-01T12:15:00+05:30,159.9,160.4,159.71,160.01,341844
2025-04-01T12:30:00+05:30,160.06,160.74,160.06,160.52,243003
2025-04-01T12:45:00+05:30,160.6,161.34,160.4,160.65,422993
2025-04-01T13:00:00+05:30,160.65,161.05,160.42,160.85,211146
2025-04-01T13:15:00+05:30,160.85,160.89,160.0,160.5,216666
2025-04-01T13:30:00+05:30,160.5,161.02,160.2,160.97,182341
2025-04-01T13:45:00+05:30,160.98,161.2,160.52,160.68,193748
2025-04-01T14:00:00+05:30,160.67,160.87,160.1,160.1,233842
2025-04-01T14:15:00+05:30,160.1,160.15,159.82,160.07,194183
2025-04-01T14:30:00+05:30,160.09,160.7,160.05,160.54,266879
2025-04-01T14:45:00+05:30,160.54,160.66,160.16,160.57,217184
2025-04-01T15:00:00+05:30,160.58,160.82,160.15,160.79,461082
2025-04-01T15:15:00+05:30,160.79,161.05,160.46,161.0,914479
2025-04-02T09:15:00+05:30,161.47,162.1,157.5,158.16,2150545
2025-04-02T09:30:00+05:30,158.16,159.4,157.84,158.69,810935
2025-04-02T09:45:00+05:30,158.7,158.79,157.56,158.34,621727
2025-04-02T10:00:00+05:30,158.35,158.94,158.05,158.4,467830
2025-04-02T10:15:00+05:30,158.54,159.09,158.2,158.99,258899
2025-04-02T10:30:00+05:30,158.98,159.75,158.62,159.45,535736
2025-04-02T10:45:00+05:30,159.49,160.56,159.47,160.45,626873
2025-04-02T11:00:00+05:30,160.45,160.91,160.01,160.02,495051
2025-04-02T11:15:00+05:30,160.09,160.47,159.75,160.16,288395
2025-04-02T11:30:00+05:30,160.16,160.62,159.6,159.8,302995
2025-04-02T11:45:00+05:30,159.83,160.18,159.76,159.95,114388
2025-04-02T12:00:00+05:30,159.95,160.38,159.82,160.05,192470
2025-04-02T12:15:00+05:30,160.01,160.22,159.15,159.54,344216
2025-04-02T12:30:00+05:30,159.6,159.9,159.4,159.67,171382
2025-04-02T12:45:00+05:30,159.67,160.19,159.55,159.76,178090
2025-04-02T13:00:00+05:30,159.82,160.4,159.82,160.2,253990
2025-04-02T13:15:00+05:30,160.19,161.29,160.12,160.99,421607
2025-04-02T13:30:00+05:30,160.94,160.94,160.39,160.68,236331
2025-04-02T13:45:00+05:30,160.75,160.9,160.29,160.65,152578
2025-04-02T14:00:00+05:30,160.64,160.79,160.34,160.48,107303
2025-04-02T14:15:00+05:30,160.45,161.2,160.43,161.02,256311
2025-04-02T14:30:00+05:30,161.01,161.39,160.88,160.96,339960
2025-04-02T14:45:00+05:30,160.96,161.29,160.47,160.86,561726
2025-04-02T15:00:00+05:30,160.88,161.3,160.75,161.19,583189
2025-04-02T15:15:00+05:30,161.18,162.05,161.0,161.8,1251400
2025-04-03T09:15:00+05:30,158.56,162.75,158.56,162.23,2216974
2025-04-03T09:30:00+05:30,162.29,162.4,160.75,162.12,1042974
2025-04-03T09:45:00+05:30,162.12,162.2,160.7,161.09,589213
2025-04-03T10:00:00+05:30,161.09,162.25,160.9,162.2,372949
2025-04-03T10:15:00+05:30,162.2,162.6,161.67,162.5,753313
2025-04-03T10:30:00+05:30,162.42,162.54,161.8,162.06,474086
2025-04-03T10:45:00+05:30,162.06,163.17,161.61,163.15,646679
2025-04-03T11:00:00+05:30,163.17,163.24,161.85,162.14,611350
2025-04-03T11:15:00+05:30,162.07,162.31,161.77,162.19,234054
2025-04-03T11:30:00+05:30,162.19,162.54,162.06,162.2,184562
2025-04-03T11:45:00+05:30,162.15,162.49,162.02,162.38,175077
2025-04-03T12:00:00+05:30,162.37,162.47,162.1,162.18,165688
2025-04-03T12:15:00+05:30,162.2,162.24,161.85,162.02,260206
2025-04-03T12:30:00+05:30,162.02,162.19,161.77,161.8,155040
2025-04-03T12:45:00+05:30,161.84,161.86,161.4,161.66,296390
2025-04-03T13:00:00+05:30,161.66,161.75,161.34,161.47,197093
2025-04-03T13:15:00+05:30,161.47,161.9,161.45,161.83,154132
2025-04-03T13:30:00+05:30,161.9,162.66,161.81,162.2,315730
2025-04-03T13:45:00+05:30,162.21,162.39,162.03,162.29,200397
2025-04-03T14:00:00+05:30,162.21,162.65,162.17,162.21,353761
2025-04-03T14:15:00+05:30,162.23,162.48,161.65,161.75,482104
2025-04-03T14:30:00+05:30,161.7,161.84,161.0,161.2,593684
2025-04-03T14:45:00+05:30,161.19,161.36,161.01,161.11,401908
2025-04-03T15:00:00+05:30,161.15,161.65,161.1,161.48,765461
2025-04-03T15:15:00+05:30,161.45,162.46,161.12,162.07,1104347
2025-04-04T09:15:00+05:30,162.03,162.59,158.9,159.24,2270446
2025-04-04T09:30:00+05:30,159.24,159.95,158.5,158.58,922005
2025-04-04T09:45:00+05:30,158.68,158.71,156.75,157.37,1051312
2025-04-04T10:00:00+05:30,157.39,157.49,156.55,157.1,547589
2025-04-04T10:15:00+05:30,157.1,157.4,155.8,155.83,589697
2025-04-04T10:30:00+05:30,155.83,157.5,155.83,157.38,488363
2025-04-04T10:45:00+05:30,157.38,158.4,157.25,158.3,454256
2025-04-04T11:00:00+05:30,158.39,158.59,157.4,158.08,535247
2025-04-04T11:15:00+05:30,158.12,158.18,157.11,157.74,292247
2025-04-04T11:30:00+05:30,157.74,157.95,157.04,157.19,180002
2025-04-04T11:45:00+05:30,157.21,157.41,156.25,156.85,289444
2025-04-04T12:00:00+05:30,156.84,156.94,156.31,156.69,147963
2025-04-04T12:15:00+05:30,156.7,157.3,156.63,156.87,131268
2025-04-04T12:30:00+05:30,156.87,157.2,156.5,156.6,150215
2025-04-04T12:45:00+05:30,156.64,156.85,156.16,156.78,201765
2025-04-04T13:00:00+05:30,156.79,156.9,156.1,156.1,150367
2025-04-04T13:15:00+05:30,156.09,156.8,156.06,156.61,220371
2025-04-04T13:30:00+05:30,156.69,156.69,155.3,155.5,411622
2025-04-04T13:45:00+05:30,155.41,156.14,155.36,155.6,243451
2025-04-04T14:00:00+05:30,155.6,155.89,155.31,155.64,315849
2025-04-04T14:15:00+05:30,155.6,155.7,155.0,155.13,597264
2025-04-04T14:30:00+05:30,155.1,155.25,154.7,155.18,286082
2025-04-04T14:45:00+05:30,155.15,156.08,155.04,155.58,427435
2025-04-04T15:00:00+05:30,155.51,156.64,155.5,156.34,681894
2025-04-04T15:15:00+05:30,156.33,157.09,156.06,156.88,925776
2025-04-07T09:15:00+05:30,140.8,147.7,140.8,147.52,3092990
2025-04-07T09:30:00+05:30,147.43,148.95,145.05,145.63,1902458
2025-04-07T09:45:00+05:30,145.66,147.2,145.1,146.36,827469
2025-04-07T10:00:00+05:30,146.37,147.24,145.1,145.4,682993
2025-04-07T10:15:00+05:30,145.37,146.65,144.26,146.52,633861
2025-04-07T10:30:00+05:30,146.64,147.03,145.81,146.91,413890
2025-04-07T10:45:00+05:30,146.94,148.09,146.42,147.1,650487
2025-04-07T11:00:00+05:30,147.1,147.68,146.83,147.5,264660
2025-04-07T11:15:00+05:30,147.46,147.79,147.11,147.79,222831
2025-04-07T11:30:00+05:30,147.79,148.77,147.21,147.79,528635
2025-04-07T11:45:00+05:30,147.8,147.83,146.82,147.13,369692
2025-04-07T12:00:00+05:30,147.17,147.29,146.25,146.96,281633
2025-04-07T12:15:00+05:30,146.94,147.11,146.28,146.49,180401
2025-04-07T12:30:00+05:30,146.49,146.74,146.0,146.74,218169
2025-04-07T12:45:00+05:30,146.74,147.5,146.44,146.44,381580
2025-04-07T13:00:00+05:30,146.49,146.76,146.21,146.76,142450
2025-04-07T13:15:00+05:30,146.76,147.27,146.31,146.93,198477
2025-04-07T13:30:00+05:30,146.94,147.89,146.91,147.65,525656
2025-04-07T13:45:00+05:30,147.69,148.29,146.74,147.28,394210
2025-04-07T14:00:00+05:30,147.28,147.6,146.76,147.32,247381
2025-04-07T14:15:00+05:30,147.29,147.89,147.05,147.53,259603
2025-04-07T14:30:00+05:30,147.6,148.45,147.58,147.81,344680
2025-04-07T14:45:00+05:30,147.83,148.46,147.6,148.1,315840
2025-04-07T15:00:00+05:30,148.1,149.5,148.04,149.11,777402
2025-04-07T15:15:00+05:30,149.07,151.76,148.9,151.47,1197564
2025-04-08T09:15:00+05:30,156.5,157.0,154.2,155.85,2109423
2025-04-08T09:30:00+05:30,155.9,156.1,153.35,153.43,1227326
2025-04-08T09:45:00+05:30,153.5,154.25,153.0,153.72,615728
2025-04-08T10:00:00+05:30,153.8,154.13,153.25,153.84,311404
2025-04-08T10:15:00+05:30,153.91,154.39,153.4,154.38,309592
2025-04-08T10:30:00+05:30,154.38,154.57,152.65,152.87,506158
2025-04-08T10:45:00+05:30,152.87,153.63,152.06,153.54,449128
2025-04-08T11:00:00+05:30,153.54,154.71,153.4,154.01,416447
2025-04-08T11:15:00+05:30,154.03,154.55,153.5,154.26,329518
2025-04-08T11:30:00+05:30,154.26,154.35,153.15,153.18,238307
2025-04-08T11:45:00+05:30,153.15,153.9,153.15,153.59,122069
2025-04-08T12:00:00+05:30,153.6,154.5,153.5,154.4,201704
2025-04-08T12:15:00+05:30,154.45,154.48,153.61,154.12,162921
2025-04-08T12:30:00+05:30,154.2,155.3,153.94,155.2,557405
2025-04-08T12:45:00+05:30,155.16,155.49,154.6,154.78,383265
2025-04-08T13:00:00+05:30,154.78,154.78,154.18,154.64,278142
2025-04-08T13:15:00+05:30,154.65,155.62,154.49,155.47,431554
2025-04-08T13:30:00+05:30,155.44,155.61,154.16,154.47,289934
2025-04-08T13:45:00+05:30,154.39,154.48,153.8,154.15,263879
2025-04-08T14:00:00+05:30,154.15,155.0,153.9,154.97,226501
2025-04-08T14:15:00+05:30,154.97,155.1,154.4,154.93,267443
2025-04-08T14:30:00+05:30,154.93,154.93,154.1,154.34,225616
2025-04-08T14:45:00+05:30,154.3,154.6,154.1,154.5,175991
2025-04-08T15:00:00+05:30,154.5,154.6,153.51,153.53,470266
2025-04-08T15:15:00+05:30,153.55,154.56,153.4,154.55,791005
2025-04-09T09:15:00+05:30,153.95,155.0,152.62,152.81,1386983
2025-04-09T09:30:00+05:30,152.86,152.86,151.8,152.74,692624
2025-04-09T09:45:00+05:30,152.7,152.82,151.48,151.58,344136
2025-04-09T10:00:00+05:30,151.58,152.49,151.2,151.29,301650
2025-04-09T10:15:00+05:30,151.23,151.92,150.31,151.59,496894
2025-04-09T10:30:00+05:30,151.62,151.7,151.21,151.4,126278
2025-04-09T10:45:00+05:30,151.39,151.74,150.78,151.17,249324
2025-04-09T11:00:00+05:30,151.17,151.17,150.5,150.8,172510
2025-04-09T11:15:00+05:30,150.88,151.14,150.71,150.98,174013
2025-04-09T11:30:00+05:30,150.95,151.7,150.75,151.62,250177
2025-04-09T11:45:00+05:30,151.65,151.99,151.38,151.44,167331
2025-04-09T12:00:00+05:30,151.44,151.8,151.34,151.75,124519
2025-04-09T12:15:00+05:30,151.75,151.91,151.6,151.89,142808
2025-04-09T12:30:00+05:30,151.83,152.22,151.7,152.0,182172
2025-04-09T12:45:00+05:30,152.05,152.49,151.84,152.08,184817
2025-04-09T13:00:00+05:30,152.08,152.55,151.81,152.44,182474
2025-04-09T13:15:00+05:30,152.45,152.49,151.3,151.63,237774
2025-04-09T13:30:00+05:30,151.56,151.7,151.0,151.23,212042
2025-04-09T13:45:00+05:30,151.24,151.4,151.04,151.2,138748
2025-04-09T14:00:00+05:30,151.15,151.24,150.73,151.09,143474
2025-04-09T14:15:00+05:30,151.09,151.35,150.93,151.24,108372
2025-04-09T14:30:00+05:30,151.24,151.85,151.1,151.84,238804
2025-04-09T14:45:00+05:30,151.84,151.9,151.48,151.56,197299
2025-04-09T15:00:00+05:30,151.52,151.95,151.5,151.77,440154
2025-04-09T15:15:00+05:30,151.82,152.0,151.25,151.84,590651
2025-04-11T09:15:00+05:30,156.2,157.68,154.07,154.79,1907594
2025-04-11T09:30:00+05:30,154.79,155.5,154.55,154.68,544475
2025-04-11T09:45:00+05:30,154.68,154.89,153.8,153.9,506480
2025-04-11T10:00:00+05:30,153.89,154.45,153.7,153.99,473118
2025-04-11T10:15:00+05:30,153.91,154.32,153.3,153.8,392743
2025-04-11T10:30:00+05:30,153.78,154.11,153.2,153.69,249223
2025-04-11T10:45:00+05:30,153.73,153.85,153.5,153.69,130212
2025-04-11T11:00:00+05:30,153.62,154.5,153.62,154.45,210722
2025-04-11T11:15:00+05:30,154.48,154.58,154.23,154.4,176715
2025-04-11T11:30:00+05:30,154.4,154.73,154.31,154.4,192877
2025-04-11T11:45:00+05:30,154.4,154.54,154.2,154.45,143704
2025-04-11T12:00:00+05:30,154.42,154.49,154.07,154.39,110187
2025-04-11T12:15:00+05:30,154.32,154.45,154.01,154.29,135731
2025-04-11T12:30:00+05:30,154.29,154.32,153.95,154.18,126949
2025-04-11T12:45:00+05:30,154.18,154.5,154.07,154.3,149311
2025-04-11T13:00:00+05:30,154.32,154.45,154.17,154.35,83097
2025-04-11T13:15:00+05:30,154.31,154.39,153.8,153.85,163953
2025-04-11T13:30:00+05:30,153.87,154.0,153.5,153.91,297861
2025-04-11T13:45:00+05:30,153.91,154.0,153.6,153.68,88757
2025-04-11T14:00:00+05:30,153.69,153.75,153.23,153.46,221141
2025-04-11T14:15:00+05:30,153.5,153.74,153.31,153.5,134299
2025-04-11T14:30:00+05:30,153.55,154.16,153.47,154.08,238509
2025-04-11T14:45:00+05:30,154.08,154.58,154.0,154.28,402125
2025-04-11T15:00:00+05:30,154.29,154.41,153.8,154.26,445473
2025-04-11T15:15:00+05:30,154.26,154.5,154.05,154.25,734544
2025-04-15T09:15:00+05:30,159.01,161.94,158.6,161.7,4287435
2025-04-15T09:30:00+05:30,161.73,161.8,160.5,161.1,1835833
2025-04-15T09:45:00+05:30,161.13,161.35,160.4,160.41,1082788
2025-04-15T10:00:00+05:30,160.41,161.59,160.31,161.49,837946
2025-04-15T10:15:00+05:30,161.49,162.45,161.1,162.06,1456161
2025-04-15T10:30:00+05:30,162.06,162.2,161.25,161.41,580773
2025-04-15T10:45:00+05:30,161.41,161.85,161.1,161.52,397474
2025-04-15T11:00:00+05:30,161.59,162.1,161.51,162.08,424968
2025-04-15T11:15:00+05:30,162.04,162.37,161.82,162.08,633098
2025-04-15T11:30:00+05:30,162.1,162.13,161.8,161.98,345392
2025-04-15T11:45:00+05:30,162.0,162.12,161.79,162.09,256440
2025-04-15T12:00:00+05:30,162.09,162.28,161.66,161.78,545272
2025-04-15T12:15:00+05:30,161.81,162.2,161.73,162.03,272920
2025-04-15T12:30:00+05:30,162.1,163.15,162.02,162.54,1054884
2025-04-15T12:45:00+05:30,162.6,162.61,162.06,162.28,411198
2025-04-15T13:00:00+05:30,162.38,162.48,162.24,162.32,290105
2025-04-15T13:15:00+05:30,162.33,162.4,162.11,162.3,269898
2025-04-15T13:30:00+05:30,162.3,162.67,162.17,162.3,261997
2025-04-15T13:45:00+05:30,162.35,162.84,162.06,162.59,384301
2025-04-15T14:00:00+05:30,162.59,162.8,162.45,162.52,249190
2025-04-15T14:15:00+05:30,162.52,162.98,162.21,162.39,485044
2025-04-15T14:30:00+05:30,162.45,164.0,162.32,163.93,1290683
2025-04-15T14:45:00+05:30,163.9,164.65,163.74,164.56,2333379
2025-04-15T15:00:00+05:30,164.56,166.5,164.1,166.47,2253605
2025-04-15T15:15:00+05:30,166.38,168.75,166.35,168.16,5136310
2025-04-16T09:15:00+05:30,177.05,179.5,174.0,178.0,34388640
2025-04-16T09:30:00+05:30,178.0,178.37,175.66,176.5,9972866
2025-04-16T09:45:00+05:30,176.5,177.2,176.06,177.08,4280081
2025-04-16T10:00:00+05:30,177.0,177.65,175.57,175.7,5275436
2025-04-16T10:15:00+05:30,175.66,175.97,174.25,175.1,6101094
2025-04-16T10:30:00+05:30,175.07,175.5,174.56,175.27,2134045
2025-04-16T10:45:00+05:30,175.27,175.72,174.92,175.25,2108774
2025-04-16T11:00:00+05:30,175.25,175.79,174.8,175.25,1805886
2025-04-16T11:15:00+05:30,175.3,175.6,175.2,175.34,829627
2025-04-16T11:30:00+05:30,175.37,176.25,175.16,175.9,1632541
2025-04-16T11:45:00+05:30,175.9,176.64,175.83,176.27,2440463
2025-04-16T12:00:00+05:30,176.27,177.4,176.11,177.11,2673486
2025-04-16T12:15:00+05:30,177.11,177.35,176.55,176.82,1622071
2025-04-16T12:30:00+05:30,176.85,178.0,176.75,177.59,3145309
2025-04-16T12:45:00+05:30,177.59,177.79,176.8,177.74,2085310
2025-04-16T13:00:00+05:30,177.75,178.55,177.62,178.55,3727566
2025-04-16T13:15:00+05:30,178.5,179.68,176.0,176.26,8679070
2025-04-16T13:30:00+05:30,176.36,178.29,175.91,178.09,3691582
2025-04-16T13:45:00+05:30,178.19,178.49,177.5,178.03,2433447
2025-04-16T14:00:00+05:30,178.03,178.2,176.8,177.66,2810820
2025-04-16T14:15:00+05:30,177.69,177.69,176.7,177.18,1567205
2025-04-16T14:30:00+05:30,177.19,177.57,176.6,177.21,1635775
2025-04-16T14:45:00+05:30,177.24,177.3,176.25,176.61,1883114
2025-04-16T15:00:00+05:30,176.6,176.8,175.8,175.98,2625921
2025-04-16T15:15:00+05:30,175.98,176.95,175.91,176.41,4722834
2025-04-17T09:15:00+05:30,175.2,175.4,172.8,173.11,4429435
2025-04-17T09:30:00+05:30,173.17,173.67,172.85,173.66,1154582
2025-04-17T09:45:00+05:30,173.67,174.14,173.32,173.43,880019
2025-04-17T10:00:00+05:30,173.5,173.67,172.55,173.4,1565791
2025-04-17T10:15:00+05:30,173.5,174.38,173.4,174.0,824170
2025-04-17T10:30:00+05:30,174.03,174.03,173.6,173.97,467515
2025-04-17T10:45:00+05:30,173.97,174.25,173.61,173.74,537491
2025-04-17T11:00:00+05:30,173.74,174.0,173.28,173.9,406272
2025-04-17T11:15:00+05:30,173.94,174.07,173.8,174.01,285039
2025-04-17T11:30:00+05:30,174.01,175.0,173.9,174.98,1015265
2025-04-17T11:45:00+05:30,174.98,175.25,174.3,174.73,738731
2025-04-17T12:00:00+05:30,174.73,174.85,174.41,174.69,403925
2025-04-17T12:15:00+05:30,174.69,175.25,174.61,175.12,450612
2025-04-17T12:30:00+05:30,175.12,175.12,174.04,174.38,467199
2025-04-17T12:45:00+05:30,174.38,174.63,174.15,174.16,255825
2025-04-17T13:00:00+05:30,174.2,174.43,174.01,174.13,383199
2025-04-17T13:15:00+05:30,174.19,174.5,174.0,174.12,249534
2025-04-17T13:30:00+05:30,174.19,174.24,173.8,174.24,556851
2025-04-17T13:45:00+05:30,174.23,174.25,174.0,174.1,220366
2025-04-17T14:00:00+05:30,174.15,174.25,173.87,173.91,251132
2025-04-17T14:15:00+05:30,173.95,174.11,173.8,173.84,452693
2025-04-17T14:30:00+05:30,173.84,174.15,173.7,174.1,254622
2025-04-17T14:45:00+05:30,174.1,174.1,173.7,173.89,348158
2025-04-17T15:00:00+05:30,173.89,173.89,173.3,173.5,743679
2025-04-17T15:15:00+05:30,173.5,173.56,173.05,173.23,1368667
2025-04-21T09:15:00+05:30,173.88,174.85,171.1,172.16,2966655
2025-04-21T09:30:00+05:30,172.13,173.65,171.81,173.4,1265368
2025-04-21T09:45:00+05:30,173.33,174.65,173.28,173.69,1265924
2025-04-21T10:00:00+05:30,173.77,174.2,173.4,173.95,536781
2025-04-21T10:15:00+05:30,173.86,173.98,173.3,173.45,399924
2025-04-21T10:30:00+05:30,173.49,174.0,173.35,173.42,393682
2025-04-21T10:45:00+05:30,173.41,173.96,173.3,173.6,386853
2025-04-21T11:00:00+05:30,173.6,173.91,173.1,173.8,498562
2025-04-21T11:15:00+05:30,173.85,173.9,173.49,173.57,239226
2025-04-21T11:30:00+05:30,173.6,173.95,173.44,173.94,303661
2025-04-21T11:45:00+05:30,173.92,174.15,173.8,174.0,391430
2025-04-21T12:00:00+05:30,174.02,174.5,173.72,174.24,432319
2025-04-21T12:15:00+05:30,174.2,174.5,173.93,174.3,412872
2025-04-21T12:30:00+05:30,174.25,174.3,173.9,173.93,262492
2025-04-21T12:45:00+05:30,173.93,174.8,173.8,174.62,474087
2025-04-21T13:00:00+05:30,174.62,174.65,174.09,174.35,215733
2025-04-21T13:15:00+05:30,174.3,174.35,174.02,174.14,201589
2025-04-21T13:30:00+05:30,174.13,174.76,174.05,174.13,429073
2025-04-21T13:45:00+05:30,174.2,174.39,173.85,174.07,328728
2025-04-21T14:00:00+05:30,174.14,174.45,174.0,174.3,190708
2025-04-21T14:15:00+05:30,174.3,175.5,174.25,175.1,1094320
2025-04-21T14:30:00+05:30,175.04,175.9,174.91,175.39,791108
2025-04-21T14:45:00+05:30,175.39,175.65,175.23,175.6,469389
2025-04-21T15:00:00+05:30,175.56,175.64,175.3,175.44,565971
2025-04-21T15:15:00+05:30,175.38,176.41,175.1,175.2,1590583
2025-04-22T09:15:00+05:30,175.95,176.29,173.8,175.46,1924299
2025-04-22T09:30:00+05:30,175.35,176.42,175.11,175.85,920371
2025-04-22T09:45:00+05:30,175.86,176.2,175.24,175.4,456782
2025-04-22T10:00:00+05:30,175.36,176.1,175.35,175.5,330420
2025-04-22T10:15:00+05:30,175.5,176.18,175.32,176.0,384666
2025-04-22T10:30:00+05:30,175.94,176.75,175.9,176.28,613868
2025-04-22T10:45:00+05:30,176.39,176.95,176.31,176.49,283699
2025-04-22T11:00:00+05:30,176.5,176.6,175.87,176.44,256340
2025-04-22T11:15:00+05:30,176.49,176.5,175.87,175.96,254445
2025-04-22T11:30:00+05:30,175.95,176.01,175.33,175.92,357721
2025-04-22T11:45:00+05:30,175.91,177.49,175.9,176.72,636842
2025-04-22T12:00:00+05:30,176.73,177.4,176.66,177.3,522867
2025-04-22T12:15:00+05:30,177.29,177.65,176.91,177.31,525934
2025-04-22T12:30:00+05:30,177.3,177.4,176.9,177.16,278707
2025-04-22T12:45:00+05:30,177.16,178.2,177.16,177.81,929651
2025-04-22T13:00:00+05:30,177.81,178.3,177.72,178.27,458492
2025-04-22T13:15:00+05:30,178.2,179.0,178.16,178.95,743574
2025-04-22T13:30:00+05:30,178.95,179.0,178.15,178.24,503495
2025-04-22T13:45:00+05:30,178.28,178.67,177.7,178.3,573797
2025-04-22T14:00:00+05:30,178.3,179.1,178.05,179.0,387012
2025-04-22T14:15:00+05:30,179.0,179.27,178.45,178.54,667190
2025-04-22T14:30:00+05:30,178.54,178.85,177.99,178.6,553753
2025-04-22T14:45:00+05:30,178.59,178.72,177.82,178.38,761896
2025-04-22T15:00:00+05:30,178.3,178.8,178.05,178.7,812244
2025-04-22T15:15:00+05:30,178.7,179.0,178.46,178.61,1352135
2025-04-23T09:15:00+05:30,179.65,183.2,179.45,182.8,6264117
2025-04-23T09:30:00+05:30,182.7,182.83,178.4,178.73,4018285
2025-04-23T09:45:00+05:30,178.8,180.45,178.6,180.15,1961479
2025-04-23T10:00:00+05:30,180.15,180.15,175.02,175.21,2933597
2025-04-23T10:15:00+05:30,175.28,176.3,174.76,176.25,1819297
2025-04-23T10:30:00+05:30,176.25,176.5,174.31,174.37,1125100
2025-04-23T10:45:00+05:30,174.35,175.45,174.0,175.29,969564
2025-04-23T11:00:00+05:30,175.21,175.79,174.86,175.17,975684
2025-04-23T11:15:00+05:30,175.18,175.83,175.02,175.31,415418
2025-04-23T11:30:00+05:30,175.39,176.13,175.16,176.01,402836
2025-04-23T11:45:00+05:30,176.06,176.1,175.07,175.27,512072
2025-04-23T12:00:00+05:30,175.25,175.6,175.01,175.46,534804
2025-04-23T12:15:00+05:30,175.46,175.89,174.9,175.7,634572
2025-04-23T12:30:00+05:30,175.74,176.15,175.3,175.95,434971
2025-04-23T12:45:00+05:30,175.95,176.76,175.87,176.73,512122
2025-04-23T13:00:00+05:30,176.73,177.4,176.27,176.69,777565
2025-04-23T13:15:00+05:30,176.59,177.25,176.5,176.77,422908
2025-04-23T13:30:00+05:30,176.68,176.77,176.0,176.26,663596
2025-04-23T13:45:00+05:30,176.26,177.07,176.25,176.88,426154
2025-04-23T14:00:00+05:30,176.88,178.0,176.75,177.67,597334
2025-04-23T14:15:00+05:30,177.67,178.3,177.01,177.25,600898
2025-04-23T14:30:00+05:30,177.3,177.8,177.2,177.21,378626
2025-04-23T14:45:00+05:30,177.29,178.17,176.8,177.5,678325
2025-04-23T15:00:00+05:30,177.41,177.94,177.25,177.94,964838
2025-04-23T15:15:00+05:30,177.82,178.03,177.5,177.98,1835265
2025-04-24T09:15:00+05:30,178.0,180.49,177.1,179.15,2764588
2025-04-24T09:30:00+05:30,179.2,179.79,178.5,179.3,796938
2025-04-24T09:45:00+05:30,179.3,181.5,179.05,181.28,1821269
2025-04-24T10:00:00+05:30,181.26,181.78,180.44,181.15,1595263
2025-04-24T10:15:00+05:30,181.25,181.29,180.0,180.05,807213
2025-04-24T10:30:00+05:30,180.03,180.11,179.5,179.74,720591
2025-04-24T10:45:00+05:30,179.76,179.99,179.6,179.65,246046
2025-04-24T11:00:00+05:30,179.61,180.22,179.46,180.19,412857
2025-04-24T11:15:00+05:30,180.11,180.2,178.64,178.82,1181663
2025-04-24T11:30:00+05:30,178.83,179.2,178.6,178.8,329497
2025-04-24T11:45:00+05:30,178.78,179.0,178.33,178.68,315886
2025-04-24T12:00:00+05:30,178.68,179.0,178.55,178.7,190896
2025-04-24T12:15:00+05:30,178.61,178.81,178.56,178.6,128951
2025-04-24T12:30:00+05:30,178.61,178.83,178.45,178.52,180796
2025-04-24T12:45:00+05:30,178.52,178.97,178.3,178.95,292431
2025-04-24T13:00:00+05:30,178.95,179.35,178.5,179.21,349283
2025-04-24T13:15:00+05:30,179.13,179.44,178.75,178.96,288205
2025-04-24T13:30:00+05:30,178.94,179.0,178.7,178.9,159765
2025-04-24T13:45:00+05:30,178.81,178.97,178.21,178.25,361697
2025-04-24T14:00:00+05:30,178.3,178.4,177.39,177.7,703099
2025-04-24T14:15:00+05:30,177.63,177.7,177.16,177.53,375529
2025-04-24T14:30:00+05:30,177.53,177.6,176.5,177.11,514983
2025-04-24T14:45:00+05:30,177.05,177.25,176.84,177.03,305276
2025-04-24T15:00:00+05:30,177.0,177.2,175.0,175.22,1091019
2025-04-24T15:15:00+05:30,175.2,175.25,174.1,174.93,1750382
2025-04-25T09:15:00+05:30,175.15,176.43,173.15,174.1,2070524
2025-04-25T09:30:00+05:30,174.18,174.23,170.85,171.07,1504949
2025-04-25T09:45:00+05:30,171.14,171.79,168.8,169.18,1598182
2025-04-25T10:00:00+05:30,169.06,169.49,168.0,169.19,1474561
2025-04-25T10:15:00+05:30,169.19,169.9,167.5,167.58,1313173
2025-04-25T10:30:00+05:30,167.57,168.62,167.34,168.38,774387
2025-04-25T10:45:00+05:30,168.38,169.0,168.0,168.1,461431
2025-04-25T11:00:00+05:30,168.17,168.58,167.51,168.34,452178
2025-04-25T11:15:00+05:30,168.34,168.39,167.12,167.87,529930
2025-04-25T11:30:00+05:30,167.91,168.22,167.2,167.91,309612
2025-04-25T11:45:00+05:30,167.9,167.91,166.35,167.49,703283
2025-04-25T12:00:00+05:30,167.49,168.7,167.19,168.52,547039
2025-04-25T12:15:00+05:30,168.63,168.98,168.09,168.38,439367
2025-04-25T12:30:00+05:30,168.38,169.1,168.29,168.35,311750
2025-04-25T12:45:00+05:30,168.37,169.15,168.16,169.1,313915
2025-04-25T13:00:00+05:30,169.1,169.46,168.58,169.43,380333
2025-04-25T13:15:00+05:30,169.46,169.79,168.81,168.82,378596
2025-04-25T13:30:00+05:30,168.85,169.7,168.83,169.25,259517
2025-04-25T13:45:00+05:30,169.25,170.15,169.21,170.08,311379
2025-04-25T14:00:00+05:30,170.08,170.1,168.3,168.95,459585
2025-04-25T14:15:00+05:30,168.94,169.49,168.8,168.99,184058
2025-04-25T14:30:00+05:30,168.93,169.0,167.85,168.14,481739
2025-04-25T14:45:00+05:30,168.14,169.1,167.91,168.73,379452
2025-04-25T15:00:00+05:30,168.66,168.9,168.0,168.0,479012
2025-04-25T15:15:00+05:30,168.01,168.05,166.5,166.71,1162808
2025-04-28T09:15:00+05:30,166.51,168.16,165.51,167.05,2757845
2025-04-28T09:30:00+05:30,167.05,168.5,166.94,167.55,1053792
2025-04-28T09:45:00+05:30,167.55,168.19,167.42,167.9,481711
2025-04-28T10:00:00+05:30,167.82,168.64,167.82,168.16,660863
2025-04-28T10:15:00+05:30,168.1,168.29,167.42,167.71,472771
2025-04-28T10:30:00+05:30,167.8,168.2,167.71,167.89,251718
2025-04-28T10:45:00+05:30,167.89,168.39,167.7,168.11,217309
2025-04-28T11:00:00+05:30,168.14,168.9,167.85,167.85,365276
2025-04-28T11:15:00+05:30,167.88,168.3,167.78,168.27,140827
2025-04-28T11:30:00+05:30,168.28,168.7,168.09,168.52,224653
2025-04-28T11:45:00+05:30,168.52,169.25,168.46,168.93,376409
2025-04-28T12:00:00+05:30,168.97,169.3,168.4,168.64,268519
2025-04-28T12:15:00+05:30,168.64,169.3,168.55,168.99,209568
2025-04-28T12:30:00+05:30,169.0,169.23,168.7,169.07,175075
2025-04-28T12:45:00+05:30,168.94,169.25,168.56,168.73,177190
2025-04-28T13:00:00+05:30,168.74,168.84,168.16,168.35,224750
2025-04-28T13:15:00+05:30,168.45,168.49,168.2,168.3,113289
2025-04-28T13:30:00+05:30,168.25,168.5,168.25,168.3,114528
2025-04-28T13:45:00+05:30,168.3,168.45,167.9,167.99,337465
2025-04-28T14:00:00+05:30,168.05,168.22,167.6,167.7,188923
2025-04-28T14:15:00+05:30,167.7,167.94,167.06,167.14,308362
2025-04-28T14:30:00+05:30,167.14,167.6,167.02,167.2,308542
2025-04-28T14:45:00+05:30,167.15,167.7,166.85,167.55,615074
2025-04-28T15:00:00+05:30,167.6,168.06,167.53,167.85,381476
2025-04-28T15:15:00+05:30,167.85,168.25,167.7,168.23,719809
2025-04-29T09:15:00+05:30,168.8,171.14,168.74,170.11,1331126
2025-04-29T09:30:00+05:30,170.04,170.88,169.16,169.4,659703
2025-04-29T09:45:00+05:30,169.4,170.21,168.8,169.84,480628
2025-04-29T10:00:00+05:30,169.84,170.13,169.25,169.3,253400
2025-04-29T10:15:00+05:30,169.3,169.62,169.1,169.11,170054
2025-04-29T10:30:00+05:30,169.23,169.43,168.8,169.0,232043
2025-04-29T10:45:00+05:30,168.95,169.95,168.95,169.45,200209
2025-04-29T11:00:00+05:30,169.47,170.5,169.43,169.9,271878
2025-04-29T11:15:00+05:30,169.9,170.0,169.5,169.93,105720
2025-04-29T11:30:00+05:30,169.92,170.0,169.45,169.75,159429
2025-04-29T11:45:00+05:30,169.75,169.77,169.01,169.15,153344
2025-04-29T12:00:00+05:30,169.15,169.48,168.9,169.12,147404
2025-04-29T12:15:00+05:30,169.1,169.44,168.6,168.67,183270
2025-04-29T12:30:00+05:30,168.68,169.81,168.61,169.16,279597
2025-04-29T12:45:00+05:30,169.16,169.4,169.0,169.14,130121
2025-04-29T13:00:00+05:30,169.06,169.3,168.8,168.83,85104
2025-04-29T13:15:00+05:30,168.9,169.1,168.79,168.94,115499
2025-04-29T13:30:00+05:30,169.0,169.19,168.85,168.97,70999
2025-04-29T13:45:00+05:30,168.94,169.14,168.7,168.8,95802
2025-04-29T14:00:00+05:30,168.8,168.85,168.61,168.67,83081
2025-04-29T14:15:00+05:30,168.67,168.7,167.8,167.93,293023
2025-04-29T14:30:00+05:30,167.97,168.2,167.75,167.96,169406
2025-04-29T14:45:00+05:30,167.9,168.79,167.75,168.56,263744
2025-04-29T15:00:00+05:30,168.56,168.7,167.8,168.44,457014
2025-04-29T15:15:00+05:30,168.4,168.44,167.7,168.19,642742
2025-04-30T09:15:00+05:30,168.0,168.0,164.6,165.58,2045781
2025-04-30T09:30:00+05:30,165.66,167.8,165.42,167.49,1212139
2025-04-30T09:45:00+05:30,167.45,168.11,167.0,167.16,629004
2025-04-30T10:00:00+05:30,167.2,167.43,166.51,167.0,323165
2025-04-30T10:15:00+05:30,167.0,167.44,166.6,166.69,243220
2025-04-30T10:30:00+05:30,166.77,166.8,166.04,166.54,376140
2025-04-30T10:45:00+05:30,166.53,167.2,166.35,166.98,207876
2025-04-30T11:00:00+05:30,166.98,167.1,166.69,166.8,146861
2025-04-30T11:15:00+05:30,166.73,167.35,166.72,167.04,198360
2025-04-30T11:30:00+05:30,167.0,167.04,166.5,166.86,134843
2025-04-30T11:45:00+05:30,166.85,166.89,166.4,166.58,176036
2025-04-30T12:00:00+05:30,166.56,166.81,166.4,166.65,124169
2025-04-30T12:15:00+05:30,166.74,167.2,166.32,167.14,553931
2025-04-30T12:30:00+05:30,167.15,167.15,166.77,166.96,174134
2025-04-30T12:45:00+05:30,166.94,167.1,166.61,166.63,154401
2025-04-30T13:00:00+05:30,166.69,166.77,166.09,166.26,338240
2025-04-30T13:15:00+05:30,166.25,166.79,166.15,166.6,309744
2025-04-30T13:30:00+05:30,166.53,167.6,166.5,167.2,566777
2025-04-30T13:45:00+05:30,167.2,167.2,166.45,166.77,180925
2025-04-30T14:00:00+05:30,166.71,166.78,166.29,166.45,157137
2025-04-30T14:15:00+05:30,166.5,166.59,166.18,166.27,228389
2025-04-30T14:30:00+05:30,166.3,166.66,166.11,166.14,254187
2025-04-30T14:45:00+05:30,166.19,167.79,166.1,167.56,623454
2025-04-30T15:00:00+05:30,167.6,168.49,167.0,167.02,825008
2025-04-30T15:15:00+05:30,167.04,167.04,166.0,166.0,734677
2025-05-02T09:15:00+05:30,166.11,168.1,165.81,167.52,1122228
2025-05-02T09:30:00+05:30,167.62,167.7,166.83,167.29,446796
2025-05-02T09:45:00+05:30,167.29,167.95,167.0,167.65,306511
2025-05-02T10:00:00+05:30,167.65,167.9,167.3,167.5,239030
2025-05-02T10:15:00+05:30,167.58,167.95,167.3,167.6,419242
2025-05-02T10:30:00+05:30,167.68,168.2,167.07,167.97,512243
2025-05-02T10:45:00+05:30,167.97,167.98,166.73,167.0,398608
2025-05-02T11:00:00+05:30,167.0,167.16,166.82,166.93,202832
2025-05-02T11:15:00+05:30,166.93,166.99,166.06,166.4,409756
2025-05-02T11:30:00+05:30,166.4,166.44,165.83,166.13,328748
2025-05-02T11:45:00+05:30,166.09,166.25,165.7,166.01,168366
2025-05-02T12:00:00+05:30,166.07,166.08,165.28,165.46,198427
2025-05-02T12:15:00+05:30,165.44,165.47,164.34,164.48,373923
2025-05-02T12:30:00+05:30,164.48,164.95,164.4,164.95,185457
2025-05-02T12:45:00+05:30,164.95,165.45,164.92,165.0,163626
2025-05-02T13:00:00+05:30,165.06,165.19,164.3,164.51,203704
2025-05-02T13:15:00+05:30,164.53,165.3,164.53,165.2,178559
2025-05-02T13:30:00+05:30,165.28,165.95,165.2,165.83,298447
2025-05-02T13:45:00+05:30,165.76,165.86,165.49,165.8,137804
2025-05-02T14:00:00+05:30,165.82,166.6,165.71,165.97,367052
2025-05-02T14:15:00+05:30,165.9,166.23,165.25,165.27,208652
2025-05-02T14:30:00+05:30,165.27,165.5,164.8,165.0,217357
2025-05-02T14:45:00+05:30,165.06,165.98,164.85,165.79,264815
2025-05-02T15:00:00+05:30,165.8,165.99,165.5,165.94,411134
2025-05-02T15:15:00+05:30,165.9,165.95,165.2,165.4,563266
2025-05-05T09:15:00+05:30,166.3,166.8,165.34,165.69,951118
2025-05-05T09:30:00+05:30,165.69,166.33,165.15,165.88,494767
2025-05-05T09:45:00+05:30,165.96,166.7,165.65,166.59,411986
2025-05-05T10:00:00+05:30,166.58,166.9,165.9,166.37,297564
2025-05-05T10:15:00+05:30,166.37,166.48,166.01,166.2,141927
2025-05-05T10:30:00+05:30,166.24,166.8,166.2,166.7,160451
2025-05-05T10:45:00+05:30,166.69,166.7,166.05,166.32,159124
2025-05-05T11:00:00+05:30,166.31,166.49,166.1,166.45,91283
2025-05-05T11:15:00+05:30,166.4,166.57,166.15,166.15,119941
2025-05-05T11:30:00+05:30,166.21,166.25,165.82,165.95,169085
2025-05-05T11:45:00+05:30,166.0,166.17,165.61,166.1,140237
2025-05-05T12:00:00+05:30,166.17,167.3,166.1,167.13,507715
2025-05-05T12:15:00+05:30,167.13,167.15,166.5,166.91,159997
2025-05-05T12:30:00+05:30,166.9,166.96,166.56,166.68,73576
2025-05-05T12:45:00+05:30,166.68,166.68,166.32,166.52,106126
2025-05-05T13:00:00+05:30,166.52,166.71,166.3,166.54,165882
2025-05-05T13:15:00+05:30,166.58,166.65,166.3,166.45,149516
2025-05-05T13:30:00+05:30,166.46,167.01,166.36,166.91,183176
2025-05-05T13:45:00+05:30,166.91,167.1,166.71,166.86,165760
2025-05-05T14:00:00+05:30,166.79,167.05,166.74,166.75,120263
2025-05-05T14:15:00+05:30,166.74,167.0,166.7,166.98,119598
2025-05-05T14:30:00+05:30,166.98,167.74,166.91,167.4,420391
2025-05-05T14:45:00+05:30,167.4,168.54,167.3,168.48,531195
2025-05-05T15:00:00+05:30,168.47,169.6,167.91,168.6,1328022
2025-05-05T15:15:00+05:30,168.65,168.95,168.46,168.52,720988
2025-05-06T09:15:00+05:30,168.51,168.74,165.56,165.98,1156469
2025-05-06T09:30:00+05:30,165.98,166.3,165.1,165.95,559831
2025-05-06T09:45:00+05:30,165.95,165.95,163.64,164.25,889776
2025-05-06T10:00:00+05:30,164.24,164.84,163.65,163.76,543613
2025-05-06T10:15:00+05:30,163.76,164.19,163.5,163.86,484240
2025-05-06T10:30:00+05:30,163.86,164.27,163.6,164.2,261781
2025-05-06T10:45:00+05:30,164.15,164.49,163.7,164.37,222062
2025-05-06T11:00:00+05:30,164.35,164.38,163.6,163.73,229640
2025-05-06T11:15:00+05:30,163.7,163.73,163.18,163.19,486189
2025-05-06T11:30:00+05:30,163.19,163.36,162.55,162.8,408071
2025-05-06T11:45:00+05:30,162.75,163.65,162.75,163.48,291250
2025-05-06T12:00:00+05:30,163.48,163.5,163.12,163.32,149085
2025-05-06T12:15:00+05:30,163.33,163.4,163.2,163.39,115878
2025-05-06T12:30:00+05:30,163.39,163.4,163.0,163.01,152223
2025-05-06T12:45:00+05:30,163.03,163.24,162.63,162.8,226596
2025-05-06T13:00:00+05:30,162.8,162.95,162.35,162.89,248775
2025-05-06T13:15:00+05:30,162.88,162.97,162.11,162.35,255523
2025-05-06T13:30:00+05:30,162.31,162.49,162.2,162.33,189718
2025-05-06T13:45:00+05:30,162.33,162.87,162.25,162.47,208715
2025-05-06T14:00:00+05:30,162.47,162.58,161.52,161.6,424033
2025-05-06T14:15:00+05:30,161.6,161.64,160.74,160.85,457087
2025-05-06T14:30:00+05:30,160.78,161.43,160.63,160.92,359539
2025-05-06T14:45:00+05:30,160.98,161.12,159.77,159.9,747854
2025-05-06T15:00:00+05:30,159.88,160.32,159.75,160.3,715606
2025-05-06T15:15:00+05:30,160.3,160.95,159.85,160.6,1117396
2025-05-07T09:15:00+05:30,157.03,161.28,156.55,161.03,2761131
2025-05-07T09:30:00+05:30,160.97,161.74,159.06,159.43,961914
2025-05-07T09:45:00+05:30,159.36,159.7,158.0,159.36,924919
2025-05-07T10:00:00+05:30,159.41,159.47,158.11,158.39,326779
2025-05-07T10:15:00+05:30,158.39,159.74,158.21,159.21,397275
2025-05-07T10:30:00+05:30,159.21,160.49,158.96,160.3,381038
2025-05-07T10:45:00+05:30,160.25,160.77,159.51,159.71,271046
2025-05-07T11:00:00+05:30,159.72,160.79,159.66,160.79,222228
2025-05-07T11:15:00+05:30,160.79,161.7,160.79,161.49,541058
2025-05-07T11:30:00+05:30,161.49,162.17,161.49,161.86,633241
2025-05-07T11:45:00+05:30,161.86,161.87,160.4,160.91,353134
2025-05-07T12:00:00+05:30,160.9,161.45,160.65,161.23,146572
2025-05-07T12:15:00+05:30,161.23,161.6,161.1,161.33,112026
2025-05-07T12:30:00+05:30,161.34,161.5,161.07,161.2,108495
2025-05-07T12:45:00+05:30,161.1,161.45,160.78,160.81,143239
2025-05-07T13:00:00+05:30,160.86,160.96,160.05,160.34,264221
2025-05-07T13:15:00+05:30,160.33,160.94,160.27,160.37,117500
2025-05-07T13:30:00+05:30,160.37,160.5,159.91,160.2,230533
2025-05-07T13:45:00+05:30,160.25,160.8,160.1,160.73,148790
2025-05-07T14:00:00+05:30,160.79,161.8,160.73,161.33,381920
2025-05-07T14:15:00+05:30,161.35,161.9,160.69,161.41,355842
2025-05-07T14:30:00+05:30,161.42,162.39,161.37,161.81,504658
2025-05-07T14:45:00+05:30,161.88,162.1,161.51,161.72,277042
2025-05-07T15:00:00+05:30,161.74,162.65,161.72,162.55,696632
2025-05-07T15:15:00+05:30,162.45,163.0,162.0,162.51,1019927
2025-05-08T09:15:00+05:30,163.48,164.76,163.02,163.85,903125
2025-05-08T09:30:00+05:30,163.84,164.09,163.21,163.99,258439
2025-05-08T09:45:00+05:30,163.99,163.99,163.4,163.62,140860
2025-05-08T10:00:00+05:30,163.7,164.95,163.63,164.79,411062
2025-05-08T10:15:00+05:30,164.73,164.73,164.05,164.23,169162
2025-05-08T10:30:00+05:30,164.23,164.64,163.9,163.98,152005
2025-05-08T10:45:00+05:30,163.98,164.29,163.51,164.0,185926
2025-05-08T11:00:00+05:30,164.0,164.24,163.9,163.9,82611
2025-05-08T11:15:00+05:30,163.95,164.12,163.76,164.05,70995
2025-05-08T11:30:00+05:30,164.1,164.1,163.51,163.8,92127
2025-05-08T11:45:00+05:30,163.84,164.0,163.71,163.83,66799
2025-05-08T12:00:00+05:30,163.83,164.36,163.72,164.09,118800
2025-05-08T12:15:00+05:30,164.02,164.79,163.92,164.37,243135
2025-05-08T12:30:00+05:30,164.37,164.67,164.18,164.2,138314
2025-05-08T12:45:00+05:30,164.19,164.29,163.45,163.55,187301
2025-05-08T13:00:00+05:30,163.58,163.59,162.77,163.1,192258
2025-05-08T13:15:00+05:30,163.18,163.18,162.56,162.81,195144
2025-05-08T13:30:00+05:30,162.87,162.87,161.7,161.87,289529
2025-05-08T13:45:00+05:30,161.8,162.35,161.28,161.34,289406
2025-05-08T14:00:00+05:30,161.35,161.36,160.36,160.5,320622
2025-05-08T14:15:00+05:30,160.5,161.59,160.42,161.28,196360
2025-05-08T14:30:00+05:30,161.28,161.46,160.95,161.15,125115
2025-05-08T14:45:00+05:30,161.15,161.22,159.15,159.3,444727
2025-05-08T15:00:00+05:30,159.3,159.98,158.75,159.1,616631
2025-05-08T15:15:00+05:30,159.12,159.19,157.45,157.8,892423
2025-05-09T09:15:00+05:30,153.2,156.39,153.2,154.77,2635227
2025-05-09T09:30:00+05:30,154.71,155.89,153.5,155.35,994037
2025-05-09T09:45:00+05:30,155.35,155.57,153.58,153.65,590784
2025-05-09T10:00:00+05:30,153.65,154.79,153.0,154.65,731046
2025-05-09T10:15:00+05:30,154.65,154.99,154.23,154.65,439832
2025-05-09T10:30:00+05:30,154.71,154.8,153.4,153.78,378629
2025-05-09T10:45:00+05:30,153.8,154.11,153.5,153.87,359752
2025-05-09T11:00:00+05:30,153.86,154.45,153.81,154.1,207938
2025-05-09T11:15:00+05:30,154.1,154.89,153.7,154.89,216842
2025-05-09T11:30:00+05:30,154.83,155.25,154.71,154.72,353647
2025-05-09T11:45:00+05:30,154.72,154.94,154.25,154.91,204780
2025-05-09T12:00:00+05:30,154.85,155.73,154.71,155.69,249632
2025-05-09T12:15:00+05:30,155.69,155.89,154.76,155.38,301259
2025-05-09T12:30:00+05:30,155.37,155.37,154.61,154.64,152487
2025-05-09T12:45:00+05:30,154.64,155.29,154.32,155.03,214401
2025-05-09T13:00:00+05:30,155.03,155.19,154.51,154.85,100385
2025-05-09T13:15:00+05:30,154.82,155.25,154.1,154.1,149638
2025-05-09T13:30:00+05:30,154.11,154.75,154.05,154.49,139130
2025-05-09T13:45:00+05:30,154.52,155.03,154.36,154.6,150450
2025-05-09T14:00:00+05:30,154.6,154.97,154.55,154.83,106658
2025-05-09T14:15:00+05:30,154.8,155.39,154.3,154.37,475164
2025-05-09T14:30:00+05:30,154.37,155.0,154.37,154.7,199487
2025-05-09T14:45:00+05:30,154.65,155.5,154.6,155.15,308058
2025-05-09T15:00:00+05:30,155.19,155.75,155.11,155.62,538013
2025-05-09T15:15:00+05:30,155.62,158.0,155.6,157.9,1319776
2025-05-12T09:15:00+05:30,164.5,165.99,163.0,165.49,2433687
2025-05-12T09:30:00+05:30,165.34,165.85,164.43,164.7,936070
2025-05-12T09:45:00+05:30,164.63,166.0,164.63,165.85,680643
2025-05-12T10:00:00+05:30,165.87,166.25,165.24,165.47,656157
2025-05-12T10:15:00+05:30,165.54,166.25,165.48,166.0,448073
2025-05-12T10:30:00+05:30,166.0,166.14,165.2,165.72,386153
2025-05-12T10:45:00+05:30,165.63,165.85,165.3,165.38,199861
2025-05-12T11:00:00+05:30,165.48,165.65,165.25,165.5,249434
2025-05-12T11:15:00+05:30,165.46,165.95,165.42,165.65,135900
2025-05-12T11:30:00+05:30,165.65,165.91,165.46,165.52,182586
2025-05-12T11:45:00+05:30,165.52,165.56,165.19,165.36,179104
2025-05-12T12:00:00+05:30,165.36,165.7,165.22,165.45,135862
2025-05-12T12:15:00+05:30,165.5,165.59,165.25,165.4,113592
2025-05-12T12:30:00+05:30,165.4,166.4,165.37,165.76,515390
2025-05-12T12:45:00+05:30,165.77,165.9,165.5,165.87,143604
2025-05-12T13:00:00+05:30,165.87,165.9,165.5,165.6,121723
2025-05-12T13:15:00+05:30,165.6,165.96,165.55,165.79,174034
2025-05-12T13:30:00+05:30,165.74,165.88,165.56,165.7,185803
2025-05-12T13:45:00+05:30,165.7,166.2,165.6,166.15,222773
2025-05-12T14:00:00+05:30,166.19,166.7,166.15,166.3,467575
2025-05-12T14:15:00+05:30,166.35,166.47,166.05,166.27,173555
2025-05-12T14:30:00+05:30,166.27,166.84,166.08,166.09,410508
2025-05-12T14:45:00+05:30,166.11,166.83,166.08,166.67,324731
2025-05-12T15:00:00+05:30,166.67,168.38,166.63,167.99,1195578
2025-05-12T15:15:00+05:30,167.9,168.85,167.86,168.52,1165920
2025-05-13T09:15:00+05:30,168.36,168.5,166.61,166.94,1775149
2025-05-13T09:30:00+05:30,166.94,169.25,166.15,168.25,990363
2025-05-13T09:45:00+05:30,168.25,168.75,167.83,168.25,458642
2025-05-13T10:00:00+05:30,168.26,169.31,168.16,168.8,421025
2025-05-13T10:15:00+05:30,168.7,168.89,167.8,167.8,322062
2025-05-13T10:30:00+05:30,167.85,168.38,167.7,168.19,240194
2025-05-13T10:45:00+05:30,168.2,168.57,168.1,168.47,169248
2025-05-13T11:00:00+05:30,168.49,168.74,168.02,168.21,229121
2025-05-13T11:15:00+05:30,168.22,168.99,168.15,168.91,225131
2025-05-13T11:30:00+05:30,168.94,169.29,168.41,168.67,272891
2025-05-13T11:45:00+05:30,168.66,168.85,168.33,168.49,160702
2025-05-13T12:00:00+05:30,168.55,168.84,168.41,168.69,120230
2025-05-13T12:15:00+05:30,168.69,168.7,168.33,168.5,154000
2025-05-13T12:30:00+05:30,168.5,168.64,168.05,168.1,210159
2025-05-13T12:45:00+05:30,168.1,168.2,167.2,167.3,340843
2025-05-13T13:00:00+05:30,167.3,167.78,167.2,167.66,148950
2025-05-13T13:15:00+05:30,167.58,167.7,167.1,167.33,191287
2025-05-13T13:30:00+05:30,167.33,167.57,167.15,167.44,134885
2025-05-13T13:45:00+05:30,167.44,167.57,166.8,166.9,213129
2025-05-13T14:00:00+05:30,166.81,167.49,166.7,167.12,226307
2025-05-13T14:15:00+05:30,167.13,167.23,166.7,167.0,189425
2025-05-13T14:30:00+05:30,167.0,167.21,166.71,167.19,176672
2025-05-13T14:45:00+05:30,167.19,167.68,167.13,167.44,255788
2025-05-13T15:00:00+05:30,167.35,167.47,166.8,166.95,302835
2025-05-13T15:15:00+05:30,166.95,167.5,166.63,167.5,519870
2025-05-14T09:15:00+05:30,167.95,168.49,166.2,168.05,1564997
2025-05-14T09:30:00+05:30,168.06,168.3,167.21,168.15,491221
2025-05-14T09:45:00+05:30,168.13,168.4,167.5,167.97,480334
2025-05-14T10:00:00+05:30,167.97,168.4,167.81,168.29,282337
2025-05-14T10:15:00+05:30,168.34,168.48,167.81,167.95,284194
2025-05-14T10:30:00+05:30,167.95,168.08,167.6,167.81,200984
2025-05-14T10:45:00+05:30,167.88,169.25,167.75,168.6,658522
2025-05-14T11:00:00+05:30,168.6,168.85,167.82,168.41,197352
2025-05-14T11:15:00+05:30,168.35,169.2,168.1,169.01,299072
2025-05-14T11:30:00+05:30,169.09,170.59,168.43,168.76,1173957
2025-05-14T11:45:00+05:30,168.8,168.98,167.84,168.85,547778
2025-05-14T12:00:00+05:30,168.82,168.84,168.02,168.26,255438
2025-05-14T12:15:00+05:30,168.28,168.3,167.8,168.09,280010
2025-05-14T12:30:00+05:30,168.09,168.3,167.36,167.89,409306
2025-05-14T12:45:00+05:30,167.91,167.91,166.6,167.08,510037
2025-05-14T13:00:00+05:30,167.17,167.92,167.07,167.64,372074
2025-05-14T13:15:00+05:30,167.63,167.8,167.19,167.59,136194
2025-05-14T13:30:00+05:30,167.59,167.6,166.75,167.0,373694
2025-05-14T13:45:00+05:30,167.01,167.18,166.15,166.15,430044
2025-05-14T14:00:00+05:30,166.15,166.8,166.05,166.6,326010
2025-05-14T14:15:00+05:30,166.6,167.15,166.45,167.05,318390
2025-05-14T14:30:00+05:30,167.05,167.54,166.8,167.37,428899
2025-05-14T14:45:00+05:30,167.36,167.59,167.15,167.3,426439
2025-05-14T15:00:00+05:30,167.3,168.16,167.22,168.05,611916
2025-05-14T15:15:00+05:30,168.05,168.15,167.58,168.1,712785
2025-05-15T09:15:00+05:30,166.87,169.25,165.7,168.36,2699486
2025-05-15T09:30:00+05:30,168.35,168.87,166.8,166.9,1034399
2025-05-15T09:45:00+05:30,166.88,167.35,166.4,166.93,707768
2025-05-15T10:00:00+05:30,166.9,167.14,166.45,166.65,502841
2025-05-15T10:15:00+05:30,166.65,166.82,166.1,166.27,439727
2025-05-15T10:30:00+05:30,166.32,167.19,166.25,166.94,485159
2025-05-15T10:45:00+05:30,166.94,167.01,166.7,166.95,315950
2025-05-15T11:00:00+05:30,166.93,167.12,166.12,166.25,512634
2025-05-15T11:15:00+05:30,166.25,166.57,166.1,166.17,311684
2025-05-15T11:30:00+05:30,166.16,166.24,165.55,166.15,576910
2025-05-15T11:45:00+05:30,166.15,166.33,165.8,165.92,281002
2025-05-15T12:00:00+05:30,165.92,165.95,165.31,165.81,431421
2025-05-15T12:15:00+05:30,165.83,165.95,165.35,165.4,380596
2025-05-15T12:30:00+05:30,165.39,165.75,165.31,165.6,241313
2025-05-15T12:45:00+05:30,165.55,166.18,165.35,166.08,339833
2025-05-15T13:00:00+05:30,166.08,166.29,165.8,166.15,301550
2025-05-15T13:15:00+05:30,166.15,166.28,165.63,165.95,358445
2025-05-15T13:30:00+05:30,165.95,166.45,165.86,166.22,307376
2025-05-15T13:45:00+05:30,166.3,166.65,166.12,166.4,509566
2025-05-15T14:00:00+05:30,166.4,166.92,166.31,166.59,545119
2025-05-15T14:15:00+05:30,166.59,167.3,166.5,167.15,596789
2025-05-15T14:30:00+05:30,167.15,167.29,166.85,167.0,481650
2025-05-15T14:45:00+05:30,167.0,167.3,166.8,167.1,600448
2025-05-15T15:00:00+05:30,167.1,167.1,166.53,166.78,716491
2025-05-15T15:15:00+05:30,166.78,166.88,166.5,166.8,948457
2025-05-16T09:15:00+05:30,167.5,170.46,167.02,170.19,2543625
2025-05-16T09:30:00+05:30,170.1,171.3,169.9,171.21,1563919
2025-05-16T09:45:00+05:30,171.21,172.67,170.91,171.39,2144799
2025-05-16T10:00:00+05:30,171.3,172.46,171.2,171.4,1434405
2025-05-16T10:15:00+05:30,171.4,172.18,171.36,171.85,663238
2025-05-16T10:30:00+05:30,171.87,172.47,171.3,171.45,657006
2025-05-16T10:45:00+05:30,171.5,172.1,170.75,171.67,837225
2025-05-16T11:00:00+05:30,171.73,172.0,170.8,171.65,542798
2025-05-16T11:15:00+05:30,171.63,174.38,171.48,172.7,1989012
2025-05-16T11:30:00+05:30,172.78,173.6,172.5,173.59,944026
2025-05-16T11:45:00+05:30,173.55,174.84,173.32,173.6,1430684
2025-05-16T12:00:00+05:30,173.55,174.44,173.51,174.0,491490
2025-05-16T12:15:00+05:30,173.95,174.55,173.9,174.48,616180
2025-05-16T12:30:00+05:30,174.5,175.98,174.44,174.83,1946414
2025-05-16T12:45:00+05:30,174.83,174.89,174.02,174.22,554646
2025-05-16T13:00:00+05:30,174.22,174.73,174.01,174.06,447976
2025-05-16T13:15:00+05:30,174.06,174.14,173.15,173.78,601373
2025-05-16T13:30:00+05:30,173.82,174.0,173.52,173.6,272489
2025-05-16T13:45:00+05:30,173.7,173.7,173.06,173.06,403339
2025-05-16T14:00:00+05:30,173.13,173.84,173.06,173.73,386973
2025-05-16T14:15:00+05:30,173.79,174.3,173.32,173.32,406443
2025-05-16T14:30:00+05:30,173.32,173.4,172.56,173.2,689269
2025-05-16T14:45:00+05:30,173.2,173.44,172.9,173.25,388690
2025-05-16T15:00:00+05:30,173.25,173.8,173.1,173.35,679515
2025-05-16T15:15:00+05:30,173.39,173.43,172.75,173.0,1500957
2025-05-19T09:15:00+05:30,174.15,176.3,174.0,175.8,2417617
2025-05-19T09:30:00+05:30,175.77,176.2,172.9,174.53,1759340
2025-05-19T09:45:00+05:30,174.53,174.74,173.71,174.39,501473
2025-05-19T10:00:00+05:30,174.39,175.0,174.1,175.0,431396
2025-05-19T10:15:00+05:30,174.99,176.09,174.97,175.7,902562
2025-05-19T10:30:00+05:30,175.72,178.52,175.63,177.93,3078022
2025-05-19T10:45:00+05:30,177.85,177.95,176.85,177.16,900416
2025-05-19T11:00:00+05:30,177.16,177.65,176.5,176.75,580288
2025-05-19T11:15:00+05:30,176.79,177.45,176.72,177.0,411988
2025-05-19T11:30:00+05:30,176.93,177.15,176.52,177.07,255103
2025-05-19T11:45:00+05:30,176.99,177.21,176.82,176.95,250604
2025-05-19T12:00:00+05:30,176.95,176.99,176.0,176.09,513980
2025-05-19T12:15:00+05:30,176.09,176.41,175.74,176.27,297691
2025-05-19T12:30:00+05:30,176.27,176.41,175.9,176.4,191149
2025-05-19T12:45:00+05:30,176.42,176.88,176.17,176.68,245072
2025-05-19T13:00:00+05:30,176.68,176.68,176.22,176.46,187741
2025-05-19T13:15:00+05:30,176.46,176.46,175.83,176.05,287579
2025-05-19T13:30:00+05:30,176.0,176.14,175.4,175.6,304796
2025-05-19T13:45:00+05:30,175.6,175.74,175.21,175.3,226556
2025-05-19T14:00:00+05:30,175.24,175.3,174.11,174.4,733004
2025-05-19T14:15:00+05:30,174.4,175.2,174.36,174.76,369896
2025-05-19T14:30:00+05:30,174.81,175.2,174.63,174.8,288731
2025-05-19T14:45:00+05:30,174.8,175.24,174.25,174.35,549816
2025-05-19T15:00:00+05:30,174.35,174.63,174.1,174.3,565478
2025-05-19T15:15:00+05:30,174.27,174.5,174.0,174.49,912539
2025-05-20T09:15:00+05:30,175.6,175.9,171.4,171.4,1621271
2025-05-20T09:30:00+05:30,171.41,172.58,170.91,171.3,766148
2025-05-20T09:45:00+05:30,171.35,171.43,170.17,171.28,745719
2025-05-20T10:00:00+05:30,171.28,171.93,170.75,171.89,370215
2025-05-20T10:15:00+05:30,171.86,171.95,171.21,171.6,231743
2025-05-20T10:30:00+05:30,171.6,172.5,171.5,172.38,307729
2025-05-20T10:45:00+05:30,172.38,172.86,172.3,172.6,251469
2025-05-20T11:00:00+05:30,172.6,172.97,172.52,172.9,247825
2025-05-20T11:15:00+05:30,172.9,172.97,172.03,172.23,139591
2025-05-20T11:30:00+05:30,172.29,172.67,172.0,172.22,125752
2025-05-20T11:45:00+05:30,172.2,172.4,171.6,171.96,151891
2025-05-20T12:00:00+05:30,172.0,172.69,171.94,172.16,107082
2025-05-20T12:15:00+05:30,172.29,172.4,172.12,172.2,96815
2025-05-20T12:30:00+05:30,172.17,172.59,171.8,171.85,152362
2025-05-20T12:45:00+05:30,171.85,171.85,170.6,170.74,288766
2025-05-20T13:00:00+05:30,170.74,171.48,170.66,171.25,141910
2025-05-20T13:15:00+05:30,171.28,171.73,170.95,171.71,159949
2025-05-20T13:30:00+05:30,171.71,171.74,171.02,171.06,140531
2025-05-20T13:45:00+05:30,171.1,171.49,171.0,171.25,91996
2025-05-20T14:00:00+05:30,171.31,171.31,170.1,170.36,278777
2025-05-20T14:15:00+05:30,170.35,170.43,169.59,169.66,487268
2025-05-20T14:30:00+05:30,169.66,170.48,169.52,169.6,384574
2025-05-20T14:45:00+05:30,169.53,170.41,169.25,169.3,425497
2025-05-20T15:00:00+05:30,169.3,169.8,169.16,169.72,501650
2025-05-20T15:15:00+05:30,169.73,169.95,169.27,169.7,684282
2025-05-21T09:15:00+05:30,169.7,170.23,167.49,169.12,1753829
2025-05-21T09:30:00+05:30,169.01,170.75,168.4,170.11,687802
2025-05-21T09:45:00+05:30,170.11,171.8,170.0,170.82,769305
2025-05-21T10:00:00+05:30,170.8,171.89,170.78,171.8,444622
2025-05-21T10:15:00+05:30,171.8,172.1,171.25,171.46,313933
2025-05-21T10:30:00+05:30,171.38,171.9,171.35,171.68,191807
2025-05-21T10:45:00+05:30,171.62,173.0,171.5,172.52,757306
2025-05-21T11:00:00+05:30,172.5,172.75,171.47,171.91,374739
2025-05-21T11:15:00+05:30,171.91,172.99,171.81,172.64,434107
2025-05-21T11:30:00+05:30,172.59,172.9,171.5,172.19,270256
2025-05-21T11:45:00+05:30,172.19,172.19,171.22,171.63,218965
2025-05-21T12:00:00+05:30,171.59,171.71,170.15,170.29,439117
2025-05-21T12:15:00+05:30,170.28,170.68,169.5,170.56,371402
2025-05-21T12:30:00+05:30,170.64,171.2,170.56,170.76,198888
2025-05-21T12:45:00+05:30,170.76,170.9,170.35,170.74,141957
2025-05-21T13:00:00+05:30,170.78,171.9,170.62,171.75,169562
2025-05-21T13:15:00+05:30,171.75,172.0,171.39,171.45,161835
2025-05-21T13:30:00+05:30,171.42,171.75,171.1,171.2,126279
2025-05-21T13:45:00+05:30,171.21,171.8,171.06,171.61,103857
2025-05-21T14:00:00+05:30,171.66,171.74,171.15,171.72,113710
2025-05-21T14:15:00+05:30,171.65,171.85,171.38,171.74,110934
2025-05-21T14:30:00+05:30,171.75,172.0,171.51,171.51,163337
2025-05-21T14:45:00+05:30,171.52,172.25,171.33,172.15,337868
2025-05-21T15:00:00+05:30,172.15,172.67,172.01,172.31,422386
2025-05-21T15:15:00+05:30,172.3,172.31,171.8,172.3,617475
2025-05-22T09:15:00+05:30,170.5,171.9,170.0,170.89,954515
2025-05-22T09:30:00+05:30,170.89,171.48,170.59,171.15,425409
2025-05-22T09:45:00+05:30,171.25,171.25,170.55,171.0,204986
2025-05-22T10:00:00+05:30,170.91,171.0,170.36,170.95,209852
2025-05-22T10:15:00+05:30,170.97,171.25,170.32,170.64,319932
2025-05-22T10:30:00+05:30,170.65,170.89,170.32,170.57,157868
2025-05-22T10:45:00+05:30,170.57,170.9,170.4,170.75,119668
2025-05-22T11:00:00+05:30,170.75,170.83,170.01,170.01,218184
2025-05-22T11:15:00+05:30,170.07,170.4,169.7,170.11,507020
2025-05-22T11:30:00+05:30,170.1,170.24,169.82,170.17,94985
2025-05-22T11:45:00+05:30,170.15,170.47,169.86,170.3,111903
2025-05-22T12:00:00+05:30,170.3,170.4,170.11,170.25,90445
2025-05-22T12:15:00+05:30,170.25,170.29,169.8,169.92,108438
2025-05-22T12:30:00+05:30,169.92,170.07,169.75,169.91,93332
2025-05-22T12:45:00+05:30,169.98,170.06,169.13,169.25,278296
2025-05-22T13:00:00+05:30,169.29,169.74,169.1,169.65,170308
2025-05-22T13:15:00+05:30,169.73,169.74,169.2,169.3,153344
2025-05-22T13:30:00+05:30,169.3,169.45,168.8,168.94,249646
2025-05-22T13:45:00+05:30,168.94,169.18,168.9,169.02,141897
2025-05-22T14:00:00+05:30,169.02,169.28,168.85,169.13,209022
2025-05-22T14:15:00+05:30,169.14,169.15,168.51,168.6,244162
2025-05-22T14:30:00+05:30,168.6,169.5,168.31,169.5,414383
2025-05-22T14:45:00+05:30,169.49,170.9,169.3,170.65,523110
2025-05-22T15:00:00+05:30,170.62,171.0,170.5,170.64,476682
2025-05-22T15:15:00+05:30,170.72,170.9,170.3,170.85,555154
2025-05-23T09:15:00+05:30,171.18,171.3,169.63,170.63,795399
2025-05-23T09:30:00+05:30,170.66,171.45,170.5,170.95,370094
2025-05-23T09:45:00+05:30,170.93,171.26,170.44,170.9,342965
2025-05-23T10:00:00+05:30,170.94,171.17,169.82,170.16,302657
2025-05-23T10:15:00+05:30,170.16,170.25,169.23,169.71,278222
2025-05-23T10:30:00+05:30,169.7,170.0,169.3,169.88,236131
2025-05-23T10:45:00+05:30,169.87,170.26,169.74,170.11,150169
2025-05-23T11:00:00+05:30,170.02,170.65,170.02,170.45,125343
2025-05-23T11:15:00+05:30,170.45,170.49,170.2,170.35,66654
2025-05-23T11:30:00+05:30,170.36,171.1,170.19,170.45,183974
2025-05-23T11:45:00+05:30,170.45,170.61,170.0,170.47,111211
2025-05-23T12:00:00+05:30,170.46,171.1,170.4,170.98,161074
2025-05-23T12:15:00+05:30,170.98,171.09,170.72,170.95,106688
2025-05-23T12:30:00+05:30,170.95,171.4,170.94,171.07,332045
2025-05-23T12:45:00+05:30,171.07,172.3,171.01,171.64,439164
2025-05-23T13:00:00+05:30,171.55,171.94,171.3,171.35,189375
2025-05-23T13:15:00+05:30,171.35,171.75,171.1,171.58,143326
2025-05-23T13:30:00+05:30,171.58,171.75,171.26,171.48,175293
2025-05-23T13:45:00+05:30,171.48,172.25,171.48,171.9,326370
2025-05-23T14:00:00+05:30,171.9,172.1,171.7,171.8,153910
2025-05-23T14:15:00+05:30,171.72,171.99,171.41,171.79,156589
2025-05-23T14:30:00+05:30,171.79,172.45,171.77,172.02,405474
2025-05-23T14:45:00+05:30,172.05,172.3,171.7,172.24,322153
2025-05-23T15:00:00+05:30,172.24,172.3,171.7,171.77,326468
2025-05-23T15:15:00+05:30,171.83,172.08,171.53,171.67,671451
2025-05-26T09:15:00+05:30,171.85,174.6,171.85,174.0,1618135
2025-05-26T09:30:00+05:30,173.98,174.36,173.2,173.52,682172
2025-05-26T09:45:00+05:30,173.52,174.22,172.66,173.57,567257
2025-05-26T10:00:00+05:30,173.57,173.77,172.51,172.88,435191
2025-05-26T10:15:00+05:30,172.82,173.13,172.2,172.7,354264
2025-05-26T10:30:00+05:30,172.74,173.0,172.1,172.76,312064
2025-05-26T10:45:00+05:30,172.76,174.1,172.58,173.39,479748
2025-05-26T11:00:00+05:30,173.39,173.62,173.04,173.19,171424
2025-05-26T11:15:00+05:30,173.13,173.37,172.75,173.13,179768
2025-05-26T11:30:00+05:30,173.19,173.89,172.95,173.0,281515
2025-05-26T11:45:00+05:30,172.96,173.24,172.82,173.19,131029
2025-05-26T12:00:00+05:30,173.19,173.5,172.95,173.38,129214
2025-05-26T12:15:00+05:30,173.3,173.53,172.9,173.11,128558
2025-05-26T12:30:00+05:30,173.11,173.38,173.0,173.14,79644
2025-05-26T12:45:00+05:30,173.17,173.35,173.05,173.2,130741
2025-05-26T13:00:00+05:30,173.13,173.22,172.85,172.91,75130
2025-05-26T13:15:00+05:30,172.95,173.17,172.8,172.9,92457
2025-05-26T13:30:00+05:30,172.92,173.66,172.89,173.65,178249
2025-05-26T13:45:00+05:30,173.59,173.87,173.33,173.56,190829
2025-05-26T14:00:00+05:30,173.56,173.86,173.06,173.25,307868
2025-05-26T14:15:00+05:30,173.25,175.19,173.0,174.77,1187335
2025-05-26T14:30:00+05:30,174.71,174.74,173.7,174.15,540681
2025-05-26T14:45:00+05:30,174.12,174.5,173.91,174.06,410178
2025-05-26T15:00:00+05:30,174.1,174.14,173.5,173.8,477857
2025-05-26T15:15:00+05:30,173.73,173.79,173.0,173.45,643739
2025-05-27T09:15:00+05:30,173.7,174.07,172.5,173.29,1028526
2025-05-27T09:30:00+05:30,173.2,173.22,172.5,172.71,319208
2025-05-27T09:45:00+05:30,172.71,172.8,171.56,171.77,496155
2025-05-27T10:00:00+05:30,171.77,172.5,171.52,172.47,190520
2025-05-27T10:15:00+05:30,172.45,172.49,171.28,172.05,206113
2025-05-27T10:30:00+05:30,172.05,172.3,171.82,172.2,98029
2025-05-27T10:45:00+05:30,172.19,173.1,172.11,172.5,207964
2025-05-27T11:00:00+05:30,172.57,173.6,172.5,173.58,335971
2025-05-27T11:15:00+05:30,173.58,173.78,173.13,173.52,235127
2025-05-27T11:30:00+05:30,173.59,173.77,173.3,173.75,213503
2025-05-27T11:45:00+05:30,173.75,174.1,173.5,173.62,251269
2025-05-27T12:00:00+05:30,173.71,174.1,173.63,173.95,213776
2025-05-27T12:15:00+05:30,173.95,174.1,173.48,173.7,254626
2025-05-27T12:30:00+05:30,173.74,174.25,173.62,174.02,225993
2025-05-27T12:45:00+05:30,174.03,174.25,173.61,173.92,160751
2025-05-27T13:00:00+05:30,173.91,174.39,173.6,174.22,321520
2025-05-27T13:15:00+05:30,174.22,174.35,173.71,173.96,129944
2025-05-27T13:30:00+05:30,173.94,174.2,173.8,174.0,146406
2025-05-27T13:45:00+05:30,174.0,174.0,173.43,173.5,145344
2025-05-27T14:00:00+05:30,173.5,173.72,173.38,173.46,125087
2025-05-27T14:15:00+05:30,173.5,173.94,173.24,173.68,151240
2025-05-27T14:30:00+05:30,173.66,174.15,173.5,174.02,266358
2025-05-27T14:45:00+05:30,174.0,175.0,173.85,174.58,687631
2025-05-27T15:00:00+05:30,174.6,175.65,174.43,175.36,1075509
2025-05-27T15:15:00+05:30,175.44,175.5,175.03,175.25,862045
2025-05-28T09:15:00+05:30,175.99,177.5,175.66,176.19,1507690
2025-05-28T09:30:00+05:30,176.12,176.5,175.8,176.45,667790
2025-05-28T09:45:00+05:30,176.45,176.85,175.01,175.48,728508
2025-05-28T10:00:00+05:30,175.41,176.2,175.2,175.84,333831
2025-05-28T10:15:00+05:30,175.77,176.0,175.02,175.09,297169
2025-05-28T10:30:00+05:30,175.09,175.89,175.01,175.72,273654
2025-05-28T10:45:00+05:30,175.72,175.8,175.12,175.24,232265
2025-05-28T11:00:00+05:30,175.24,175.4,174.62,174.92,328857
2025-05-28T11:15:00+05:30,174.92,175.25,174.72,174.95,190339
2025-05-28T11:30:00+05:30,174.92,175.0,174.43,174.45,240747
2025-05-28T11:45:00+05:30,174.45,174.6,174.1,174.3,346717
2025-05-28T12:00:00+05:30,174.3,174.49,174.06,174.31,203532
2025-05-28T12:15:00+05:30,174.31,174.45,174.02,174.45,142925
2025-05-28T12:30:00+05:30,174.42,174.59,174.11,174.5,161221
2025-05-28T12:45:00+05:30,174.45,174.85,174.41,174.62,152261
2025-05-28T13:00:00+05:30,174.62,174.9,174.46,174.5,130767
2025-05-28T13:15:00+05:30,174.55,174.57,174.11,174.21,217768
2025-05-28T13:30:00+05:30,174.21,174.53,174.1,174.5,136423
2025-05-28T13:45:00+05:30,174.48,174.5,174.11,174.26,91483
2025-05-28T14:00:00+05:30,174.3,174.4,174.05,174.07,195103
2025-05-28T14:15:00+05:30,174.07,174.35,174.05,174.2,245302
2025-05-28T14:30:00+05:30,174.17,174.21,174.0,174.06,155908
2025-05-28T14:45:00+05:30,174.12,174.5,174.05,174.05,246223
2025-05-28T15:00:00+05:30,174.06,174.09,173.6,173.77,455963
2025-05-28T15:15:00+05:30,173.77,173.79,173.11,173.35,748869
2025-05-29T09:15:00+05:30,174.6,175.51,174.24,174.31,950734
2025-05-29T09:30:00+05:30,174.32,174.52,173.45,174.0,454160
2025-05-29T09:45:00+05:30,173.92,174.43,173.7,174.26,200909
2025-05-29T10:00:00+05:30,174.3,175.3,174.16,175.11,556004
2025-05-29T10:15:00+05:30,175.13,176.15,174.82,175.5,761753
2025-05-29T10:30:00+05:30,175.5,175.5,175.1,175.33,320974
2025-05-29T10:45:00+05:30,175.4,176.41,175.32,175.82,773690
2025-05-29T11:00:00+05:30,175.76,175.82,175.05,175.15,362424
2025-05-29T11:15:00+05:30,175.15,175.47,175.05,175.1,207049
2025-05-29T11:30:00+05:30,175.14,175.59,175.0,175.58,198618
2025-05-29T11:45:00+05:30,175.58,175.85,175.33,175.75,183552
2025-05-29T12:00:00+05:30,175.75,176.9,175.63,176.78,558004
2025-05-29T12:15:00+05:30,176.79,177.0,175.87,176.25,517106
2025-05-29T12:30:00+05:30,176.25,176.99,176.01,176.34,482505
2025-05-29T12:45:00+05:30,176.39,176.57,176.2,176.57,261132
2025-05-29T13:00:00+05:30,176.58,177.2,176.51,176.81,719707
2025-05-29T13:15:00+05:30,176.81,176.92,176.3,176.71,271788
2025-05-29T13:30:00+05:30,176.71,177.0,176.5,176.53,299139
2025-05-29T13:45:00+05:30,176.63,176.73,176.27,176.39,225229
2025-05-29T14:00:00+05:30,176.33,176.4,176.03,176.08,233586
2025-05-29T14:15:00+05:30,176.18,176.84,175.91,176.31,350087
2025-05-29T14:30:00+05:30,176.35,176.4,175.81,175.9,235333
2025-05-29T14:45:00+05:30,175.88,176.19,175.7,176.1,302193
2025-05-29T15:00:00+05:30,176.09,176.44,176.08,176.25,489359
2025-05-29T15:15:00+05:30,176.32,177.0,176.25,176.95,1418135
2025-05-30T09:15:00+05:30,177.13,177.9,176.16,176.36,1663577
2025-05-30T09:30:00+05:30,176.36,176.48,175.2,175.48,800924
2025-05-30T09:45:00+05:30,175.41,175.49,174.45,174.61,783457
2025-05-30T10:00:00+05:30,174.67,175.16,174.1,174.21,472413
2025-05-30T10:15:00+05:30,174.12,174.46,173.88,174.28,354017
2025-05-30T10:30:00+05:30,174.27,174.35,173.6,174.03,262313
2025-05-30T10:45:00+05:30,174.0,174.15,173.25,174.08,349879
2025-05-30T11:00:00+05:30,174.1,174.25,173.73,173.89,162856
2025-05-30T11:15:00+05:30,173.89,174.5,173.89,174.45,190091
2025-05-30T11:30:00+05:30,174.4,174.9,174.35,174.39,174484
2025-05-30T11:45:00+05:30,174.39,174.77,174.28,174.51,144314
2025-05-30T12:00:00+05:30,174.59,174.59,174.25,174.4,102596
2025-05-30T12:15:00+05:30,174.4,174.48,174.05,174.14,87471
2025-05-30T12:30:00+05:30,174.14,174.15,173.7,173.7,189576
2025-05-30T12:45:00+05:30,173.71,174.28,173.67,174.24,155068
2025-05-30T13:00:00+05:30,174.24,174.35,174.0,174.35,117399
2025-05-30T13:15:00+05:30,174.3,174.85,174.28,174.71,143892
2025-05-30T13:30:00+05:30,174.79,175.21,174.66,174.77,381068
2025-05-30T13:45:00+05:30,174.77,174.9,174.52,174.75,124420
2025-05-30T14:00:00+05:30,174.75,174.8,174.41,174.42,91141
2025-05-30T14:15:00+05:30,174.5,174.75,174.4,174.58,92902
2025-05-30T14:30:00+05:30,174.58,174.73,174.4,174.5,104309
2025-05-30T14:45:00+05:30,174.57,174.85,174.43,174.7,175420
2025-05-30T15:00:00+05:30,174.77,174.79,174.5,174.66,385869
2025-05-30T15:15:00+05:30,174.66,175.1,174.48,175.04,767299
2025-06-02T09:15:00+05:30,174.6,174.68,173.01,173.79,914736
2025-06-02T09:30:00+05:30,173.79,175.49,173.45,175.2,609330
2025-06-02T09:45:00+05:30,175.2,175.86,175.03,175.44,453413
2025-06-02T10:00:00+05:30,175.49,176.4,175.05,175.26,521024
2025-06-02T10:15:00+05:30,175.33,175.5,174.5,175.09,317299
2025-06-02T10:30:00+05:30,175.09,175.46,174.8,175.0,198803
2025-06-02T10:45:00+05:30,175.01,175.45,174.9,175.11,233393
2025-06-02T11:00:00+05:30,175.17,175.4,175.06,175.3,197153
2025-06-02T11:15:00+05:30,175.3,175.35,175.06,175.09,88431
2025-06-02T11:30:00+05:30,175.09,175.35,175.05,175.24,111289
2025-06-02T11:45:00+05:30,175.24,175.7,175.1,175.1,220568
2025-06-02T12:00:00+05:30,175.1,175.24,175.02,175.11,102731
2025-06-02T12:15:00+05:30,175.11,175.33,174.9,175.29,147006
2025-06-02T12:30:00+05:30,175.26,175.5,175.26,175.45,124773
2025-06-02T12:45:00+05:30,175.39,175.6,175.1,175.19,203050
2025-06-02T13:00:00+05:30,175.2,175.65,175.08,175.37,134787
2025-06-02T13:15:00+05:30,175.36,176.4,175.12,175.58,344072
2025-06-02T13:30:00+05:30,175.58,175.9,175.4,175.9,160263
2025-06-02T13:45:00+05:30,175.89,176.0,175.6,175.7,202733
2025-06-02T14:00:00+05:30,175.7,175.85,175.32,175.41,122696
2025-06-02T14:15:00+05:30,175.41,175.52,175.18,175.31,142332
2025-06-02T14:30:00+05:30,175.32,175.49,175.1,175.13,180612
2025-06-02T14:45:00+05:30,175.2,175.66,175.08,175.39,207229
2025-06-02T15:00:00+05:30,175.39,175.65,175.3,175.45,279024
2025-06-02T15:15:00+05:30,175.49,175.49,174.51,175.0,620327
2025-06-03T09:15:00+05:30,175.5,175.5,172.67,173.5,1494297
2025-06-03T09:30:00+05:30,173.5,174.8,173.05,174.33,792152
2025-06-03T09:45:00+05:30,174.23,174.55,172.85,172.93,693502
2025-06-03T10:00:00+05:30,172.96,173.13,172.0,173.1,1132388
2025-06-03T10:15:00+05:30,173.04,173.7,172.8,173.4,622025
2025-06-03T10:30:00+05:30,173.39,173.8,173.0,173.47,397770
2025-06-03T10:45:00+05:30,173.47,173.55,173.15,173.21,213442
2025-06-03T11:00:00+05:30,173.28,173.3,172.2,172.23,438312
2025-06-03T11:15:00+05:30,172.32,172.55,171.69,172.34,700594
2025-06-03T11:30:00+05:30,172.35,172.79,172.06,172.64,210284
2025-06-03T11:45:00+05:30,172.64,173.15,172.4,172.98,224457
2025-06-03T12:00:00+05:30,172.98,172.98,172.5,172.64,93312
2025-06-03T12:15:00+05:30,172.53,172.64,171.76,172.26,291051
2025-06-03T12:30:00+05:30,172.26,172.75,172.21,172.58,114416
2025-06-03T12:45:00+05:30,172.58,172.6,172.11,172.22,187698
2025-06-03T13:00:00+05:30,172.14,172.4,171.79,172.2,195145
2025-06-03T13:15:00+05:30,172.15,172.38,171.9,172.29,128003
2025-06-03T13:30:00+05:30,172.29,172.5,172.06,172.12,134804
2025-06-03T13:45:00+05:30,172.12,172.75,172.06,172.52,153677
2025-06-03T14:00:00+05:30,172.52,172.64,172.31,172.6,125196
2025-06-03T14:15:00+05:30,172.6,172.6,172.3,172.34,109727
2025-06-03T14:30:00+05:30,172.38,172.9,172.37,172.75,186626
2025-06-03T14:45:00+05:30,172.69,173.5,172.59,173.0,401340
2025-06-03T15:00:00+05:30,173.0,173.07,172.8,172.97,342767
2025-06-03T15:15:00+05:30,172.97,172.99,172.4,172.7,743612
2025-06-04T09:15:00+05:30,172.69,174.6,172.05,174.11,993007
2025-06-04T09:30:00+05:30,174.11,174.47,172.7,172.84,649221
2025-06-04T09:45:00+05:30,172.75,172.91,171.5,172.44,527582
2025-06-04T10:00:00+05:30,172.5,173.79,172.21,173.4,366894
2025-06-04T10:15:00+05:30,173.44,174.4,173.08,173.8,370095
2025-06-04T10:30:00+05:30,173.73,174.17,173.6,173.66,211822
2025-06-04T10:45:00+05:30,173.66,174.3,173.2,174.21,328814
2025-06-04T11:00:00+05:30,174.22,175.14,173.9,174.12,924313
2025-06-04T11:15:00+05:30,174.04,175.1,173.65,174.88,485053
2025-06-04T11:30:00+05:30,174.91,176.6,174.91,176.0,1605929
2025-06-04T11:45:00+05:30,176.0,176.75,175.8,176.0,1099592
2025-06-04T12:00:00+05:30,176.0,176.1,175.0,175.61,889121
2025-06-04T12:15:00+05:30,175.6,175.89,175.01,175.2,300397
2025-06-04T12:30:00+05:30,175.25,175.48,174.5,175.0,647462
2025-06-04T12:45:00+05:30,175.0,175.0,174.13,174.75,292327
2025-06-04T13:00:00+05:30,174.75,174.8,174.4,174.76,203755
2025-06-04T13:15:00+05:30,174.76,174.8,174.17,174.3,218013
2025-06-04T13:30:00+05:30,174.28,174.45,173.71,173.92,319341
2025-06-04T13:45:00+05:30,173.93,173.95,173.71,173.88,189204
2025-06-04T14:00:00+05:30,173.92,173.92,173.69,173.92,196143
2025-06-04T14:15:00+05:30,173.92,174.32,173.59,173.74,366775
2025-06-04T14:30:00+05:30,173.71,174.18,173.67,174.1,210648
2025-06-04T14:45:00+05:30,174.1,174.8,174.01,174.1,296998
2025-06-04T15:00:00+05:30,174.04,174.45,174.02,174.31,354647
2025-06-04T15:15:00+05:30,174.33,174.34,173.5,173.5,812101
2025-06-05T09:15:00+05:30,174.48,176.75,174.22,176.03,1392896
2025-06-05T09:30:00+05:30,176.0,176.03,174.96,175.14,597736
2025-06-05T09:45:00+05:30,175.19,175.34,174.72,174.8,346594
2025-06-05T10:00:00+05:30,174.73,175.95,174.51,175.4,459073
2025-06-05T10:15:00+05:30,175.4,175.6,174.92,175.5,231467
2025-06-05T10:30:00+05:30,175.5,175.72,175.31,175.56,212773
2025-06-05T10:45:00+05:30,175.56,175.9,175.12,175.16,233509
2025-06-05T11:00:00+05:30,175.3,177.25,175.2,177.19,1621291
2025-06-05T11:15:00+05:30,177.19,178.3,176.7,177.74,2107174
2025-06-05T11:30:00+05:30,177.74,179.0,177.71,178.29,2558360
2025-06-05T11:45:00+05:30,178.29,178.31,177.31,177.44,1172424
2025-06-05T12:00:00+05:30,177.4,177.5,176.6,176.87,923836
2025-06-05T12:15:00+05:30,176.87,177.55,176.56,177.18,703678
2025-06-05T12:30:00+05:30,177.18,177.3,176.67,176.73,487412
2025-06-05T12:45:00+05:30,176.73,177.25,176.65,177.1,304706
2025-06-05T13:00:00+05:30,177.1,177.3,177.1,177.22,237292
2025-06-05T13:15:00+05:30,177.12,177.48,176.8,176.93,294187
2025-06-05T13:30:00+05:30,176.84,176.91,176.2,176.38,455726
2025-06-05T13:45:00+05:30,176.38,176.77,176.12,176.53,272922
2025-06-05T14:00:00+05:30,176.55,176.7,176.16,176.45,183336
2025-06-05T14:15:00+05:30,176.45,176.49,175.72,176.19,476087
2025-06-05T14:30:00+05:30,176.19,176.5,176.0,176.23,258584
2025-06-05T14:45:00+05:30,176.14,176.38,176.07,176.26,314609
2025-06-05T15:00:00+05:30,176.3,176.5,176.11,176.4,411349
2025-06-05T15:15:00+05:30,176.4,177.0,176.3,176.5,951055
2025-06-06T09:15:00+05:30,174.0,175.94,172.51,173.2,5146210
2025-06-06T09:30:00+05:30,173.26,174.35,173.14,174.0,968633
2025-06-06T09:45:00+05:30,174.04,174.53,173.35,173.58,949501
2025-06-06T10:00:00+05:30,173.58,174.53,173.05,173.9,914589
2025-06-06T10:15:00+05:30,173.92,174.98,173.6,174.94,883439
2025-06-06T10:30:00+05:30,174.98,175.2,174.29,174.5,617621
2025-06-06T10:45:00+05:30,174.5,174.99,173.5,174.01,521907
2025-06-06T11:00:00+05:30,174.08,174.68,173.86,174.49,431147
2025-06-06T11:15:00+05:30,174.49,175.38,174.41,174.76,519828
2025-06-06T11:30:00+05:30,174.84,175.42,174.75,174.92,352314
2025-06-06T11:45:00+05:30,174.99,175.6,174.7,175.45,431633
2025-06-06T12:00:00+05:30,175.45,175.73,175.05,175.2,365053
2025-06-06T12:15:00+05:30,175.2,175.38,174.82,175.05,264272
2025-06-06T12:30:00+05:30,175.05,175.2,174.71,174.88,260419
2025-06-06T12:45:00+05:30,174.88,175.03,174.6,174.65,213834
2025-06-06T13:00:00+05:30,174.65,174.7,174.15,174.47,264125
2025-06-06T13:15:00+05:30,174.47,174.9,174.4,174.86,160863
2025-06-06T13:30:00+05:30,174.79,175.2,174.75,174.76,195023
2025-06-06T13:45:00+05:30,174.8,175.05,174.21,174.77,333627
2025-06-06T14:00:00+05:30,174.77,175.09,174.59,174.95,175304
2025-06-06T14:15:00+05:30,174.95,175.03,174.81,174.99,211783
2025-06-06T14:30:00+05:30,174.92,175.14,174.65,174.76,262940
2025-06-06T14:45:00+05:30,174.79,174.99,174.7,174.8,223167
2025-06-06T15:00:00+05:30,174.84,174.92,174.6,174.89,383083
2025-06-06T15:15:00+05:30,174.87,175.05,174.75,175.0,967976
2025-06-09T09:15:00+05:30,175.6,177.99,175.5,176.0,1855442
2025-06-09T09:30:00+05:30,175.99,176.54,175.36,176.4,704559
2025-06-09T09:45:00+05:30,176.37,180.5,176.23,180.2,4973315
2025-06-09T10:00:00+05:30,180.17,182.0,180.1,181.69,5868016
2025-06-09T10:15:00+05:30,181.73,182.85,180.6,181.23,4560404
2025-06-09T10:30:00+05:30,181.3,182.36,180.64,182.19,1925937
2025-06-09T10:45:00+05:30,182.19,184.2,181.72,184.12,4029939
2025-06-09T11:00:00+05:30,184.1,186.58,183.98,184.09,8601143
2025-06-09T11:15:00+05:30,184.11,185.5,183.51,185.24,3269602
2025-06-09T11:30:00+05:30,185.25,185.49,184.18,184.22,1614061
2025-06-09T11:45:00+05:30,184.22,184.9,183.8,184.24,1936503
2025-06-09T12:00:00+05:30,184.24,184.5,184.1,184.39,856636
2025-06-09T12:15:00+05:30,184.39,184.75,183.0,183.5,2033616
2025-06-09T12:30:00+05:30,183.5,183.86,182.8,183.05,1152713
2025-06-09T12:45:00+05:30,183.05,183.8,182.9,183.44,937524
2025-06-09T13:00:00+05:30,183.44,184.26,183.23,184.05,978709
2025-06-09T13:15:00+05:30,184.08,184.37,183.54,183.95,857767
2025-06-09T13:30:00+05:30,183.95,184.87,183.83,184.45,1261782
2025-06-09T13:45:00+05:30,184.4,184.47,183.55,183.7,745674
2025-06-09T14:00:00+05:30,183.75,184.19,183.69,183.8,455671
2025-06-09T14:15:00+05:30,183.75,184.25,183.31,184.06,941274
2025-06-09T14:30:00+05:30,184.1,184.18,183.58,183.65,866818
2025-06-09T14:45:00+05:30,183.65,183.8,183.35,183.64,841056
2025-06-09T15:00:00+05:30,183.64,183.85,183.1,183.33,1598263
2025-06-09T15:15:00+05:30,183.33,183.48,182.61,183.25,2887408
2025-06-10T09:15:00+05:30,184.3,185.24,182.06,182.31,5386700
2025-06-10T09:30:00+05:30,182.22,183.88,181.6,183.35,2114385
2025-06-10T09:45:00+05:30,183.35,183.64,182.3,182.55,1040297
2025-06-10T10:00:00+05:30,182.55,184.3,182.54,184.25,1036051
2025-06-10T10:15:00+05:30,184.25,185.94,183.69,183.81,2791662
2025-06-10T10:30:00+05:30,183.8,184.85,183.59,184.66,754625
2025-06-10T10:45:00+05:30,184.73,184.95,183.83,184.38,719938
2025-06-10T11:00:00+05:30,184.4,184.47,183.9,184.47,509630
2025-06-10T11:15:00+05:30,184.44,184.74,183.58,183.65,539752
2025-06-10T11:30:00+05:30,183.65,184.0,183.52,183.7,398373
2025-06-10T11:45:00+05:30,183.75,184.2,183.6,184.16,343053
2025-06-10T12:00:00+05:30,184.08,184.22,183.41,183.73,415503
2025-06-10T12:15:00+05:30,183.79,183.84,183.06,183.31,418364
2025-06-10T12:30:00+05:30,183.25,183.7,183.01,183.6,410811
2025-06-10T12:45:00+05:30,183.6,183.68,182.91,183.39,402165
2025-06-10T13:00:00+05:30,183.33,183.9,183.29,183.6,225415
2025-06-10T13:15:00+05:30,183.6,184.2,183.4,184.2,357527
2025-06-10T13:30:00+05:30,184.17,184.3,183.85,183.9,382559
2025-06-10T13:45:00+05:30,183.86,184.06,183.7,183.74,195976
2025-06-10T14:00:00+05:30,183.74,184.08,183.51,183.93,299387
2025-06-10T14:15:00+05:30,183.85,183.93,183.02,183.06,450742
2025-06-10T14:30:00+05:30,183.06,183.3,182.73,183.04,512914
2025-06-10T14:45:00+05:30,183.0,183.12,182.0,182.37,1094704
2025-06-10T15:00:00+05:30,182.39,182.74,182.1,182.46,957308
2025-06-10T15:15:00+05:30,182.46,182.75,182.1,182.57,1554278
2025-06-11T09:15:00+05:30,181.85,183.54,181.25,181.91,3229023
2025-06-11T09:30:00+05:30,181.89,181.96,180.65,181.38,1821353
2025-06-11T09:45:00+05:30,181.35,181.6,181.0,181.32,727861
2025-06-11T10:00:00+05:30,181.3,184.28,181.16,183.7,1940910
2025-06-11T10:15:00+05:30,183.65,183.77,182.7,182.75,846523
2025-06-11T10:30:00+05:30,182.77,182.77,181.83,182.0,501659
2025-06-11T10:45:00+05:30,182.06,183.0,182.0,182.51,417145
2025-06-11T11:00:00+05:30,182.52,182.6,182.21,182.58,223239
2025-06-11T11:15:00+05:30,182.53,182.89,182.51,182.86,298690
2025-06-11T11:30:00+05:30,182.8,183.8,182.7,182.88,698900
2025-06-11T11:45:00+05:30,182.89,183.0,182.7,183.0,218423
2025-06-11T12:00:00+05:30,182.99,183.28,182.78,182.9,333986
2025-06-11T12:15:00+05:30,182.9,184.25,182.81,183.85,658051
2025-06-11T12:30:00+05:30,183.85,184.48,183.33,183.45,678716
2025-06-11T12:45:00+05:30,183.44,183.61,183.33,183.4,223006
2025-06-11T13:00:00+05:30,183.4,183.5,183.21,183.28,247365
2025-06-11T13:15:00+05:30,183.28,183.4,181.5,181.62,989853
2025-06-11T13:30:00+05:30,181.57,181.8,181.12,181.15,590773
2025-06-11T13:45:00+05:30,181.15,181.19,179.5,181.1,1803798
2025-06-11T14:00:00+05:30,181.08,181.08,180.0,180.89,645082
2025-06-11T14:15:00+05:30,180.89,181.4,180.72,181.11,509810
2025-06-11T14:30:00+05:30,181.11,181.8,181.07,181.55,361388
2025-06-11T14:45:00+05:30,181.55,182.25,181.51,181.98,425798
2025-06-11T15:00:00+05:30,181.97,182.9,181.8,182.4,673598
2025-06-11T15:15:00+05:30,182.47,182.6,182.0,182.5,1068228
2025-06-12T09:15:00+05:30,182.18,183.49,178.85,178.97,3286786
2025-06-12T09:30:00+05:30,178.93,179.88,178.29,178.92,1414859
2025-06-12T09:45:00+05:30,178.88,179.6,178.4,179.2,987610
2025-06-12T10:00:00+05:30,179.2,179.49,178.83,179.13,347718
2025-06-12T10:15:00+05:30,179.13,179.49,178.95,179.29,261736
2025-06-12T10:30:00+05:30,179.29,179.47,178.8,178.8,264937
2025-06-12T10:45:00+05:30,178.8,179.18,178.8,179.0,194216
2025-06-12T11:00:00+05:30,178.93,179.15,178.38,178.56,382993
2025-06-12T11:15:00+05:30,178.55,179.0,178.41,179.0,258537
2025-06-12T11:30:00+05:30,179.0,179.0,178.4,178.73,234820
2025-06-12T11:45:00+05:30,178.73,178.77,178.41,178.55,163333
2025-06-12T12:00:00+05:30,178.55,178.75,178.21,178.58,236662
2025-06-12T12:15:00+05:30,178.58,178.71,178.55,178.65,95550
2025-06-12T12:30:00+05:30,178.65,179.3,178.6,179.28,246373
2025-06-12T12:45:00+05:30,179.29,179.38,179.01,179.13,152119
2025-06-12T13:00:00+05:30,179.13,179.22,178.67,179.0,281977
2025-06-12T13:15:00+05:30,179.0,179.1,178.3,178.35,218828
2025-06-12T13:30:00+05:30,178.35,178.38,177.0,177.04,855946
2025-06-12T13:45:00+05:30,177.12,177.4,176.6,177.0,628290
2025-06-12T14:00:00+05:30,177.0,177.0,175.81,175.93,790605
2025-06-12T14:15:00+05:30,176.0,176.88,175.88,176.3,424804
2025-06-12T14:30:00+05:30,176.3,177.18,176.25,176.97,468140
2025-06-12T14:45:00+05:30,176.97,177.48,176.5,176.6,597752
2025-06-12T15:00:00+05:30,176.55,176.7,175.6,175.91,624790
2025-06-12T15:15:00+05:30,175.99,175.99,174.5,175.23,1720112
2025-06-13T09:15:00+05:30,167.0,168.3,162.77,168.1,12148036
2025-06-13T09:30:00+05:30,168.11,169.2,166.75,169.1,4763610
2025-06-13T09:45:00+05:30,169.1,169.89,167.6,169.38,3346409
2025-06-13T10:00:00+05:30,169.35,170.14,168.82,169.8,2254933
2025-06-13T10:15:00+05:30,169.73,169.9,168.55,169.57,1309280
2025-06-13T10:30:00+05:30,169.51,169.9,168.94,169.0,932304
2025-06-13T10:45:00+05:30,168.97,169.4,168.91,169.39,543140
2025-06-13T11:00:00+05:30,169.39,169.85,168.85,168.87,996135
2025-06-13T11:15:00+05:30,168.87,169.38,168.63,169.35,656254
2025-06-13T11:30:00+05:30,169.35,169.99,169.3,169.38,899833
2025-06-13T11:45:00+05:30,169.35,169.55,169.12,169.33,381111
2025-06-13T12:00:00+05:30,169.33,169.67,169.21,169.3,366403
2025-06-13T12:15:00+05:30,169.24,169.55,169.0,169.18,416838
2025-06-13T12:30:00+05:30,169.1,169.16,168.8,168.99,375511
2025-06-13T12:45:00+05:30,168.97,169.01,168.55,168.58,356029
2025-06-13T13:00:00+05:30,168.58,168.69,168.1,168.69,524925
2025-06-13T13:15:00+05:30,168.61,169.1,168.32,168.8,496351
2025-06-13T13:30:00+05:30,168.8,168.9,168.05,168.3,568724
2025-06-13T13:45:00+05:30,168.28,168.9,168.25,168.41,603042
2025-06-13T14:00:00+05:30,168.4,168.76,168.3,168.44,565002
2025-06-13T14:15:00+05:30,168.43,168.56,168.2,168.36,503135
2025-06-13T14:30:00+05:30,168.35,168.4,167.65,167.74,993996
2025-06-13T14:45:00+05:30,167.74,168.0,167.0,167.16,1293941
2025-06-13T15:00:00+05:30,167.12,167.74,167.0,167.2,1614705
2025-06-13T15:15:00+05:30,167.25,168.0,167.0,167.95,2568535
2025-06-16T09:15:00+05:30,168.0,170.09,168.0,168.37,2796144
2025-06-16T09:30:00+05:30,168.35,168.35,165.77,166.13,1633251
2025-06-16T09:45:00+05:30,166.14,166.7,165.0,166.37,954559
2025-06-16T10:00:00+05:30,166.36,167.09,166.0,166.81,629652
2025-06-16T10:15:00+05:30,166.8,168.5,166.72,168.25,696183
2025-06-16T10:30:00+05:30,168.25,168.73,167.86,168.4,397312
2025-06-16T10:45:00+05:30,168.4,168.65,167.75,167.85,363746
2025-06-16T11:00:00+05:30,167.87,168.3,167.44,167.92,532010
2025-06-16T11:15:00+05:30,167.88,168.38,167.62,167.75,218573
2025-06-16T11:30:00+05:30,167.8,168.6,167.69,168.29,310711
2025-06-16T11:45:00+05:30,168.33,168.33,167.75,167.8,159175
2025-06-16T12:00:00+05:30,167.83,168.0,167.56,167.7,122261
2025-06-16T12:15:00+05:30,167.7,167.92,167.28,167.5,249725
2025-06-16T12:30:00+05:30,167.5,167.87,167.5,167.75,148878
2025-06-16T12:45:00+05:30,167.75,167.89,167.6,167.79,101272
2025-06-16T13:00:00+05:30,167.79,167.95,167.61,167.7,87159
2025-06-16T13:15:00+05:30,167.7,167.9,167.61,167.7,147916
2025-06-16T13:30:00+05:30,167.7,168.15,167.63,168.03,415548
2025-06-16T13:45:00+05:30,168.03,168.2,167.88,167.95,247928
2025-06-16T14:00:00+05:30,167.95,168.43,167.9,168.1,311073
2025-06-16T14:15:00+05:30,168.1,168.5,167.94,168.09,337656
2025-06-16T14:30:00+05:30,168.09,168.66,168.0,168.57,371957
2025-06-16T14:45:00+05:30,168.57,168.65,167.9,168.0,727220
2025-06-16T15:00:00+05:30,168.06,168.42,167.8,168.19,830341
2025-06-16T15:15:00+05:30,168.18,168.49,167.3,167.71,1851057
2025-06-17T09:15:00+05:30,168.0,169.25,167.99,168.4,1272091
2025-06-17T09:30:00+05:30,168.4,168.4,167.72,167.95,659640
2025-06-17T09:45:00+05:30,167.95,168.88,167.9,168.23,532385
2025-06-17T10:00:00+05:30,168.24,168.4,167.75,168.18,395765
2025-06-17T10:15:00+05:30,168.18,168.48,168.06,168.16,342056
2025-06-17T10:30:00+05:30,168.19,168.32,167.84,168.11,317406
2025-06-17T10:45:00+05:30,168.11,168.12,167.56,167.72,413275
2025-06-17T11:00:00+05:30,167.75,167.75,167.1,167.35,276875
2025-06-17T11:15:00+05:30,167.36,167.48,167.1,167.12,286391
2025-06-17T11:30:00+05:30,167.16,167.34,167.02,167.25,153443
2025-06-17T11:45:00+05:30,167.25,167.25,166.3,166.45,537023
2025-06-17T12:00:00+05:30,166.45,166.66,166.02,166.34,336988
2025-06-17T12:15:00+05:30,166.34,166.45,166.1,166.22,240664
2025-06-17T12:30:00+05:30,166.22,166.37,165.69,165.69,339299
2025-06-17T12:45:00+05:30,165.89,165.98,165.2,165.69,426399
2025-06-17T13:00:00+05:30,165.7,165.8,165.42,165.74,194796
2025-06-17T13:15:00+05:30,165.74,165.9,165.32,165.66,200922
2025-06-17T13:30:00+05:30,165.66,165.89,165.5,165.79,123533
2025-06-17T13:45:00+05:30,165.78,165.79,165.3,165.6,195333
2025-06-17T14:00:00+05:30,165.6,166.0,165.5,165.76,186339
2025-06-17T14:15:00+05:30,165.83,165.86,165.41,165.64,199963
2025-06-17T14:30:00+05:30,165.64,165.7,165.11,165.3,332244
2025-06-17T14:45:00+05:30,165.35,165.45,165.1,165.25,260409
2025-06-17T15:00:00+05:30,165.25,165.48,164.81,165.25,1188848
2025-06-17T15:15:00+05:30,165.2,165.25,164.52,165.0,1405175
2025-06-18T09:15:00+05:30,165.1,165.66,163.81,165.45,1664114
2025-06-18T09:30:00+05:30,165.45,166.39,165.24,166.07,619465
2025-06-18T09:45:00+05:30,166.07,166.95,166.0,166.08,616644
2025-06-18T10:00:00+05:30,166.08,166.47,165.85,166.22,355635
2025-06-18T10:15:00+05:30,166.29,166.39,165.74,165.99,258358
2025-06-18T10:30:00+05:30,166.0,166.15,165.38,165.6,252606
2025-06-18T10:45:00+05:30,165.6,165.6,164.9,165.03,409277
2025-06-18T11:00:00+05:30,165.12,165.12,164.6,164.99,233883
2025-06-18T11:15:00+05:30,164.98,165.5,164.9,164.98,321876
2025-06-18T11:30:00+05:30,164.99,165.23,164.56,165.14,117459
2025-06-18T11:45:00+05:30,165.15,165.15,164.62,164.73,79663
2025-06-18T12:00:00+05:30,164.73,165.28,164.5,165.14,286815
2025-06-18T12:15:00+05:30,165.13,165.13,164.68,164.83,103849
2025-06-18T12:30:00+05:30,164.83,164.86,164.38,164.51,124807
2025-06-18T12:45:00+05:30,164.5,165.25,164.41,165.09,272252
2025-06-18T13:00:00+05:30,165.09,165.43,165.0,165.06,137578
2025-06-18T13:15:00+05:30,165.06,165.06,164.7,164.89,133609
2025-06-18T13:30:00+05:30,164.88,165.2,164.81,165.02,100968
2025-06-18T13:45:00+05:30,165.08,165.08,164.7,164.8,149531
2025-06-18T14:00:00+05:30,164.75,164.99,164.7,164.76,56233
2025-06-18T14:15:00+05:30,164.75,164.78,164.25,164.4,183136
2025-06-18T14:30:00+05:30,164.4,164.69,164.27,164.65,189488
2025-06-18T14:45:00+05:30,164.62,165.62,164.61,165.42,391675
2025-06-18T15:00:00+05:30,165.42,165.76,165.01,165.2,451912
2025-06-18T15:15:00+05:30,165.2,165.34,164.86,165.2,566854
2025-06-19T09:15:00+05:30,165.0,167.14,164.46,165.0,2041073
2025-06-19T09:30:00+05:30,164.95,165.48,164.12,164.7,959417
2025-06-19T09:45:00+05:30,164.7,164.88,162.6,163.28,1122765
2025-06-19T10:00:00+05:30,163.24,163.28,162.01,162.55,1071861
2025-06-19T10:15:00+05:30,162.54,162.54,161.0,161.53,972470
2025-06-19T10:30:00+05:30,161.55,161.83,160.91,161.17,822545
2025-06-19T10:45:00+05:30,161.25,161.7,160.9,161.17,598004
2025-06-19T11:00:00+05:30,161.17,161.2,160.15,160.6,902349
2025-06-19T11:15:00+05:30,160.6,160.89,160.25,160.56,467510
2025-06-19T11:30:00+05:30,160.56,161.1,160.31,160.71,483284
2025-06-19T11:45:00+05:30,160.71,160.85,160.25,160.44,418348
2025-06-19T12:00:00+05:30,160.44,160.5,160.05,160.14,397942
2025-06-19T12:15:00+05:30,160.14,160.25,159.7,160.15,815570
2025-06-19T12:30:00+05:30,160.15,160.24,159.2,159.45,479046
2025-06-19T12:45:00+05:30,159.43,159.78,158.95,159.34,670133
2025-06-19T13:00:00+05:30,159.27,159.9,158.93,159.11,537369
2025-06-19T13:15:00+05:30,159.12,159.25,158.71,158.9,509151
2025-06-19T13:30:00+05:30,158.96,159.35,158.59,159.0,496097
2025-06-19T13:45:00+05:30,158.99,159.4,158.94,159.29,390674
2025-06-19T14:00:00+05:30,159.29,159.96,159.28,159.54,723380
2025-06-19T14:15:00+05:30,159.54,160.17,159.25,159.45,559535
2025-06-19T14:30:00+05:30,159.44,159.77,159.01,159.21,468273
2025-06-19T14:45:00+05:30,159.21,159.23,158.8,159.1,650332
2025-06-19T15:00:00+05:30,159.1,159.24,158.6,159.13,1147722
2025-06-19T15:15:00+05:30,159.13,159.25,158.05,158.1,1710989
2025-06-20T09:15:00+05:30,162.5,162.62,160.1,160.58,4136994
2025-06-20T09:30:00+05:30,160.58,162.23,159.81,162.15,1863420
2025-06-20T09:45:00+05:30,162.15,164.1,162.12,162.76,3567868
2025-06-20T10:00:00+05:30,162.81,163.9,162.63,163.49,1376405
2025-06-20T10:15:00+05:30,163.53,164.26,163.04,163.35,985700
2025-06-20T10:30:00+05:30,163.39,163.42,162.6,162.78,901470
2025-06-20T10:45:00+05:30,162.78,162.94,162.37,162.43,631388
2025-06-20T11:00:00+05:30,162.47,163.59,162.4,163.5,619563
2025-06-20T11:15:00+05:30,163.5,164.44,163.42,164.16,949808
2025-06-20T11:30:00+05:30,164.16,165.0,164.01,164.15,1324177
2025-06-20T11:45:00+05:30,164.1,164.29,163.72,164.11,580993
2025-06-20T12:00:00+05:30,164.17,164.6,164.0,164.4,374879
2025-06-20T12:15:00+05:30,164.4,164.96,164.2,164.31,687186
2025-06-20T12:30:00+05:30,164.31,165.26,163.91,165.2,1586921
2025-06-20T12:45:00+05:30,165.14,165.48,164.71,164.93,1072450
2025-06-20T13:00:00+05:30,164.93,165.69,164.92,165.28,890346
2025-06-20T13:15:00+05:30,165.28,165.39,164.75,165.05,724550
2025-06-20T13:30:00+05:30,165.05,165.9,164.85,165.65,1093310
2025-06-20T13:45:00+05:30,165.65,166.5,165.52,165.9,1776433
2025-06-20T14:00:00+05:30,165.9,166.05,164.85,164.89,1514701
2025-06-20T14:15:00+05:30,164.9,165.3,164.25,164.25,975926
2025-06-20T14:30:00+05:30,164.32,164.64,164.2,164.36,644317
2025-06-20T14:45:00+05:30,164.4,164.77,164.36,164.48,566591
2025-06-20T15:00:00+05:30,164.51,165.25,164.4,164.89,1441490
2025-06-20T15:15:00+05:30,164.86,165.73,164.79,165.4,2006033
2025-06-23T09:15:00+05:30,162.9,165.0,162.5,164.82,2496097
2025-06-23T09:30:00+05:30,164.82,165.63,164.4,164.94,1512585
2025-06-23T09:45:00+05:30,164.92,166.7,164.5,165.87,1218232
2025-06-23T10:00:00+05:30,165.87,166.0,165.31,165.74,507918
2025-06-23T10:15:00+05:30,165.66,166.0,165.07,165.26,422407
2025-06-23T10:30:00+05:30,165.26,165.65,164.41,165.5,786880
2025-06-23T10:45:00+05:30,165.5,165.74,164.94,165.62,451385
2025-06-23T11:00:00+05:30,165.62,165.89,165.21,165.84,259017
2025-06-23T11:15:00+05:30,165.89,166.0,165.46,165.9,294156
2025-06-23T11:30:00+05:30,165.9,165.98,165.62,165.85,226628
2025-06-23T11:45:00+05:30,165.84,165.99,165.0,165.1,362908
2025-06-23T12:00:00+05:30,165.1,165.54,165.0,165.47,181238
2025-06-23T12:15:00+05:30,165.47,165.78,165.14,165.32,146454
2025-06-23T12:30:00+05:30,165.33,165.46,164.85,165.25,375815
2025-06-23T12:45:00+05:30,165.2,165.48,165.0,165.34,173690
2025-06-23T13:00:00+05:30,165.31,165.5,165.18,165.24,102152
2025-06-23T13:15:00+05:30,165.33,165.9,165.24,165.86,232445
2025-06-23T13:30:00+05:30,165.86,166.09,165.54,165.72,276321
2025-06-23T13:45:00+05:30,165.7,165.8,165.05,165.24,195081
2025-06-23T14:00:00+05:30,165.24,166.04,165.24,165.59,371245
2025-06-23T14:15:00+05:30,165.6,165.9,165.21,165.68,220684
2025-06-23T14:30:00+05:30,165.6,165.85,165.21,165.27,202407
2025-06-23T14:45:00+05:30,165.28,165.8,165.2,165.7,443325
2025-06-23T15:00:00+05:30,165.7,165.75,165.22,165.39,418254
2025-06-23T15:15:00+05:30,165.37,165.74,165.3,165.65,622724
2025-06-24T09:15:00+05:30,168.1,169.0,166.8,167.1,2726032
2025-06-24T09:30:00+05:30,167.1,167.5,166.72,167.11,969618
2025-06-24T09:45:00+05:30,167.11,168.0,166.8,167.72,1018535
2025-06-24T10:00:00+05:30,167.72,168.0,167.35,167.7,556858
2025-06-24T10:15:00+05:30,167.68,167.9,167.36,167.76,337418
2025-06-24T10:30:00+05:30,167.76,168.45,167.64,168.25,570336
2025-06-24T10:45:00+05:30,168.25,168.65,167.46,167.78,554437
2025-06-24T11:00:00+05:30,167.84,168.11,167.55,167.7,163279
2025-06-24T11:15:00+05:30,167.62,168.0,167.62,167.99,210498
2025-06-24T11:30:00+05:30,167.94,168.4,167.8,168.29,182003
2025-06-24T11:45:00+05:30,168.32,168.32,167.9,168.05,170690
2025-06-24T12:00:00+05:30,168.05,168.15,167.7,167.76,227982
2025-06-24T12:15:00+05:30,167.8,167.84,167.5,167.7,231792
2025-06-24T12:30:00+05:30,167.7,167.84,167.2,167.22,362969
2025-06-24T12:45:00+05:30,167.23,167.6,167.15,167.39,215151
2025-06-24T13:00:00+05:30,167.4,167.93,167.15,167.74,252378
2025-06-24T13:15:00+05:30,167.72,167.88,167.05,167.12,152282
2025-06-24T13:30:00+05:30,167.1,167.24,166.5,166.65,440386
2025-06-24T13:45:00+05:30,166.62,166.72,166.0,166.45,391201
2025-06-24T14:00:00+05:30,166.49,166.49,165.61,166.15,327856
2025-06-24T14:15:00+05:30,166.15,166.91,166.1,166.21,308666
2025-06-24T14:30:00+05:30,166.29,166.76,166.12,166.35,222185
2025-06-24T14:45:00+05:30,166.32,166.45,166.05,166.26,188088
2025-06-24T15:00:00+05:30,166.25,166.61,165.86,166.37,554362
2025-06-24T15:15:00+05:30,166.37,166.37,166.0,166.09,693254
2025-06-25T09:15:00+05:30,167.0,167.8,166.64,167.74,831887
2025-06-25T09:30:00+05:30,167.74,168.55,167.5,168.28,871693
2025-06-25T09:45:00+05:30,168.23,168.95,168.05,168.57,694386
2025-06-25T10:00:00+05:30,168.51,169.77,168.22,169.33,1326526
2025-06-25T10:15:00+05:30,169.34,170.9,169.33,170.7,2299390
2025-06-25T10:30:00+05:30,170.7,171.0,169.8,169.8,1187542
2025-06-25T10:45:00+05:30,169.85,170.0,169.3,169.9,594957
2025-06-25T11:00:00+05:30,169.86,170.18,169.62,170.11,532048
2025-06-25T11:15:00+05:30,170.07,170.84,169.84,169.92,554359
2025-06-25T11:30:00+05:30,169.92,170.0,169.68,169.88,221951
2025-06-25T11:45:00+05:30,169.88,169.88,169.4,169.66,208653
2025-06-25T12:00:00+05:30,169.66,169.78,169.36,169.56,227039
2025-06-25T12:15:00+05:30,169.51,170.2,169.41,169.87,282111
2025-06-25T12:30:00+05:30,169.9,170.45,169.86,170.18,480861
2025-06-25T12:45:00+05:30,170.15,171.23,170.03,171.16,843137
2025-06-25T13:00:00+05:30,171.24,171.3,170.44,170.86,879700
2025-06-25T13:15:00+05:30,170.92,171.2,170.75,171.1,481442
2025-06-25T13:30:00+05:30,171.1,171.85,171.05,171.82,909182
2025-06-25T13:45:00+05:30,171.82,172.64,171.6,172.38,1715285
2025-06-25T14:00:00+05:30,172.38,172.61,171.75,171.85,914517
2025-06-25T14:15:00+05:30,171.85,172.5,171.77,172.38,763977
2025-06-25T14:30:00+05:30,172.38,172.41,171.83,171.85,564517
2025-06-25T14:45:00+05:30,171.85,172.0,171.43,171.91,597890
2025-06-25T15:00:00+05:30,171.91,172.0,171.2,171.34,1035202
2025-06-25T15:15:00+05:30,171.34,172.0,171.2,172.0,1093716
2025-06-26T09:15:00+05:30,172.5,173.1,170.61,171.39,1934213
2025-06-26T09:30:00+05:30,171.43,171.93,170.84,171.5,656299
2025-06-26T09:45:00+05:30,171.51,171.75,171.0,171.2,410812
2025-06-26T10:00:00+05:30,171.2,171.4,170.8,170.8,335643
2025-06-26T10:15:00+05:30,170.82,170.86,169.79,170.28,992581
2025-06-26T10:30:00+05:30,170.35,170.67,169.8,169.89,333732
2025-06-26T10:45:00+05:30,169.89,170.24,169.6,169.78,360345
2025-06-26T11:00:00+05:30,169.7,170.09,169.64,169.81,308781
2025-06-26T11:15:00+05:30,169.87,169.87,169.1,169.21,387224
2025-06-26T11:30:00+05:30,169.25,169.4,169.05,169.3,249964
2025-06-26T11:45:00+05:30,169.3,169.7,169.15,169.27,216837
2025-06-26T12:00:00+05:30,169.26,169.45,169.15,169.41,161448
2025-06-26T12:15:00+05:30,169.43,169.7,169.26,169.41,165344
2025-06-26T12:30:00+05:30,169.41,169.6,169.2,169.3,246106
2025-06-26T12:45:00+05:30,169.35,169.45,169.21,169.26,144693
2025-06-26T13:00:00+05:30,169.26,169.95,169.26,169.65,305897
2025-06-26T13:15:00+05:30,169.65,170.19,169.55,169.83,342908
2025-06-26T13:30:00+05:30,169.9,170.0,169.54,169.81,190848
2025-06-26T13:45:00+05:30,169.8,170.15,169.7,170.09,192636
2025-06-26T14:00:00+05:30,170.09,170.24,169.65,170.04,285152
2025-06-26T14:15:00+05:30,170.04,170.48,170.0,170.1,295945
2025-06-26T14:30:00+05:30,170.1,170.55,169.99,170.15,317914
2025-06-26T14:45:00+05:30,170.15,170.41,170.05,170.39,272125
2025-06-26T15:00:00+05:30,170.4,171.25,170.33,171.18,855148
2025-06-26T15:15:00+05:30,171.18,171.35,170.77,170.97,1080901
2025-06-27T09:15:00+05:30,171.35,172.4,171.0,171.52,1311919
2025-06-27T09:30:00+05:30,171.52,172.14,171.3,171.4,746030
2025-06-27T09:45:00+05:30,171.41,171.75,171.02,171.3,440114
2025-06-27T10:00:00+05:30,171.35,172.5,171.25,172.05,642972
2025-06-27T10:15:00+05:30,172.1,172.4,171.9,172.05,444314
2025-06-27T10:30:00+05:30,172.12,172.39,171.52,172.0,422506
2025-06-27T10:45:00+05:30,172.01,172.15,171.7,171.95,209800
2025-06-27T11:00:00+05:30,171.92,172.14,171.8,172.01,197186
2025-06-27T11:15:00+05:30,172.01,172.12,171.51,171.69,247396
2025-06-27T11:30:00+05:30,171.63,171.9,171.3,171.85,358176
2025-06-27T11:45:00+05:30,171.85,172.2,171.5,171.62,216510
2025-06-27T12:00:00+05:30,171.62,171.68,171.15,171.2,208611
2025-06-27T12:15:00+05:30,171.2,171.45,171.15,171.23,112584
2025-06-27T12:30:00+05:30,171.2,171.29,171.02,171.02,120084
2025-06-27T12:45:00+05:30,171.06,171.15,170.7,170.77,335446
2025-06-27T13:00:00+05:30,170.8,170.89,170.06,170.14,334885
2025-06-27T13:15:00+05:30,170.12,170.37,169.8,170.25,392436
2025-06-27T13:30:00+05:30,170.25,170.3,169.85,169.87,312764
2025-06-27T13:45:00+05:30,169.89,170.22,169.81,170.16,194641
2025-06-27T14:00:00+05:30,170.12,170.18,169.89,169.92,253565
2025-06-27T14:15:00+05:30,169.91,170.01,169.75,169.9,212599
2025-06-27T14:30:00+05:30,169.88,170.15,169.8,170.01,275187
2025-06-27T14:45:00+05:30,170.01,170.6,169.9,169.95,534045
2025-06-27T15:00:00+05:30,169.95,170.22,169.33,169.37,1624676
2025-06-27T15:15:00+05:30,169.37,169.95,169.1,169.78,1612583
2025-06-30T09:15:00+05:30,170.21,172.32,170.02,171.71,1360593
2025-06-30T09:30:00+05:30,171.71,172.4,171.45,171.87,679882
2025-06-30T09:45:00+05:30,171.87,171.87,171.0,171.21,343155
2025-06-30T10:00:00+05:30,171.21,171.8,171.13,171.52,237761
2025-06-30T10:15:00+05:30,171.53,172.0,171.2,171.37,320035
2025-06-30T10:30:00+05:30,171.37,171.55,171.1,171.19,227872
2025-06-30T10:45:00+05:30,171.19,171.2,170.7,171.05,220924
2025-06-30T11:00:00+05:30,171.1,171.38,170.83,170.87,138839
2025-06-30T11:15:00+05:30,170.87,171.0,170.6,170.83,144922
2025-06-30T11:30:00+05:30,170.91,170.93,170.6,170.72,146766
2025-06-30T11:45:00+05:30,170.72,170.78,170.13,170.21,248108
2025-06-30T12:00:00+05:30,170.3,170.55,170.18,170.44,149839
2025-06-30T12:15:00+05:30,170.44,170.65,170.32,170.4,137470
2025-06-30T12:30:00+05:30,170.4,170.45,170.0,170.05,218498
2025-06-30T12:45:00+05:30,170.05,170.29,169.8,169.83,225490
2025-06-30T13:00:00+05:30,169.84,170.45,169.6,170.19,196906
2025-06-30T13:15:00+05:30,170.19,170.55,170.03,170.44,110064
2025-06-30T13:30:00+05:30,170.45,170.51,170.26,170.33,83173
2025-06-30T13:45:00+05:30,170.41,170.42,169.6,170.03,278153
2025-06-30T14:00:00+05:30,169.97,170.18,169.8,170.06,106969
2025-06-30T14:15:00+05:30,170.0,170.06,169.41,169.9,350478
2025-06-30T14:30:00+05:30,169.85,170.45,169.8,170.4,153745
2025-06-30T14:45:00+05:30,170.34,170.44,170.15,170.33,147800
2025-06-30T15:00:00+05:30,170.33,170.44,169.9,170.27,402142
2025-06-30T15:15:00+05:30,170.21,170.45,169.95,170.2,648159
2025-07-01T09:15:00+05:30,171.85,174.6,171.35,171.98,5596261
2025-07-01T09:30:00+05:30,171.95,172.23,170.66,170.88,1917598
2025-07-01T09:45:00+05:30,170.87,171.5,170.65,171.19,741012
2025-07-01T10:00:00+05:30,171.23,171.34,170.0,170.0,855296
2025-07-01T10:15:00+05:30,170.0,170.4,169.8,170.24,627886
2025-07-01T10:30:00+05:30,170.23,170.67,170.1,170.2,360258
2025-07-01T10:45:00+05:30,170.2,170.38,169.4,169.62,504687
2025-07-01T11:00:00+05:30,169.62,170.25,169.42,170.22,296606
2025-07-01T11:15:00+05:30,170.19,170.3,169.89,170.2,232400
2025-07-01T11:30:00+05:30,170.2,170.28,169.73,169.85,241449
2025-07-01T11:45:00+05:30,169.9,170.0,169.55,169.81,186815
2025-07-01T12:00:00+05:30,169.81,170.2,169.55,170.15,191141
2025-07-01T12:15:00+05:30,170.1,170.48,170.0,170.24,211785
2025-07-01T12:30:00+05:30,170.24,170.48,170.09,170.25,182031
2025-07-01T12:45:00+05:30,170.25,170.41,170.14,170.18,118400
2025-07-01T13:00:00+05:30,170.28,170.28,169.7,170.04,356784
2025-07-01T13:15:00+05:30,170.03,170.08,169.74,169.93,159595
2025-07-01T13:30:00+05:30,169.93,170.13,169.6,169.97,227506
2025-07-01T13:45:00+05:30,169.96,169.98,169.75,169.97,177725
2025-07-01T14:00:00+05:30,169.97,170.15,169.93,170.09,200958
2025-07-01T14:15:00+05:30,170.09,170.15,169.9,169.95,167395
2025-07-01T14:30:00+05:30,170.0,170.15,169.8,170.0,496080
2025-07-01T14:45:00+05:30,170.0,170.07,169.81,169.9,294296
2025-07-01T15:00:00+05:30,169.9,170.43,169.85,170.15,944676
2025-07-01T15:15:00+05:30,170.15,170.98,170.05,170.6,1827373
2025-07-02T09:15:00+05:30,171.0,171.3,170.0,170.65,1032242
2025-07-02T09:30:00+05:30,170.65,170.85,169.6,169.75,507198
2025-07-02T09:45:00+05:30,169.75,169.99,169.15,169.27,525073
2025-07-02T10:00:00+05:30,169.27,169.7,168.83,168.98,430228
2025-07-02T10:15:00+05:30,168.98,169.4,168.7,169.24,384938
2025-07-02T10:30:00+05:30,169.25,169.3,168.25,168.5,454761
2025-07-02T10:45:00+05:30,168.48,168.93,168.41,168.89,191746
2025-07-02T11:00:00+05:30,168.88,168.89,168.5,168.75,162065
2025-07-02T11:15:00+05:30,168.75,168.95,168.41,168.82,200704
2025-07-02T11:30:00+05:30,168.82,168.98,168.63,168.9,158913
2025-07-02T11:45:00+05:30,168.9,169.23,168.83,169.03,166282
2025-07-02T12:00:00+05:30,169.08,169.09,168.74,168.99,90747
2025-07-02T12:15:00+05:30,168.99,169.0,168.72,168.81,82771
2025-07-02T12:30:00+05:30,168.87,168.96,168.62,168.68,172488
2025-07-02T12:45:00+05:30,168.68,168.74,168.4,168.67,246939
2025-07-02T13:00:00+05:30,168.67,168.86,168.4,168.46,168195
2025-07-02T13:15:00+05:30,168.46,168.46,167.33,167.5,725978
2025-07-02T13:30:00+05:30,167.5,168.05,167.4,167.72,231501
2025-07-02T13:45:00+05:30,167.7,167.85,167.5,167.79,165566
2025-07-02T14:00:00+05:30,167.79,168.21,167.6,168.1,190865
2025-07-02T14:15:00+05:30,168.1,168.1,167.71,167.99,146067
2025-07-02T14:30:00+05:30,168.0,168.05,167.78,167.9,183819
2025-07-02T14:45:00+05:30,167.94,168.13,167.8,168.05,338534
2025-07-02T15:00:00+05:30,168.05,168.58,168.01,168.42,407395
2025-07-02T15:15:00+05:30,168.42,168.44,168.01,168.11,736985
2025-07-03T09:15:00+05:30,168.25,168.75,166.85,166.88,964213
2025-07-03T09:30:00+05:30,166.83,168.0,166.8,167.8,351948
2025-07-03T09:45:00+05:30,167.8,168.68,167.7,168.25,372257
2025-07-03T10:00:00+05:30,168.21,168.42,168.0,168.3,271638
2025-07-03T10:15:00+05:30,168.3,168.55,168.26,168.32,215237
2025-07-03T10:30:00+05:30,168.32,168.5,168.08,168.12,182039
2025-07-03T10:45:00+05:30,168.12,168.13,167.91,168.05,166532
2025-07-03T11:00:00+05:30,168.05,168.45,168.0,168.37,93149
2025-07-03T11:15:00+05:30,168.35,168.48,168.18,168.32,130173
2025-07-03T11:30:00+05:30,168.35,168.44,168.09,168.21,112420
2025-07-03T11:45:00+05:30,168.22,168.32,167.76,168.31,174418
2025-07-03T12:00:00+05:30,168.31,168.42,168.1,168.4,144097
2025-07-03T12:15:00+05:30,168.4,168.43,168.0,168.12,67473
2025-07-03T12:30:00+05:30,168.12,168.18,167.86,168.1,82321
2025-07-03T12:45:00+05:30,168.1,168.31,168.01,168.16,62205
2025-07-03T13:00:00+05:30,168.25,168.25,168.0,168.14,73530
2025-07-03T13:15:00+05:30,168.14,168.23,167.83,168.05,90740
2025-07-03T13:30:00+05:30,168.05,168.37,167.94,168.31,91996
2025-07-03T13:45:00+05:30,168.35,168.35,167.8,167.94,184225
2025-07-03T14:00:00+05:30,167.9,168.13,167.84,168.08,86172
2025-07-03T14:15:00+05:30,168.08,168.08,167.56,167.59,144909
2025-07-03T14:30:00+05:30,167.65,167.87,167.47,167.82,164914
2025-07-03T14:45:00+05:30,167.75,167.86,167.4,167.5,203628
2025-07-03T15:00:00+05:30,167.5,167.92,167.47,167.61,293103
2025-07-03T15:15:00+05:30,167.67,167.73,167.2,167.29,550721
2025-07-04T09:15:00+05:30,167.83,168.3,167.1,167.9,713015
2025-07-04T09:30:00+05:30,167.9,168.29,167.7,167.81,422973
2025-07-04T09:45:00+05:30,167.81,168.0,167.6,167.97,146840
2025-07-04T10:00:00+05:30,167.97,168.0,167.7,167.96,116719
2025-07-04T10:15:00+05:30,167.96,167.97,167.71,167.86,98790
2025-07-04T10:30:00+05:30,167.93,167.99,167.66,167.95,119973
2025-07-04T10:45:00+05:30,167.95,167.97,167.75,167.91,83224
2025-07-04T11:00:00+05:30,167.91,168.05,167.8,167.98,128263
2025-07-04T11:15:00+05:30,168.0,168.0,167.65,167.7,106999
2025-07-04T11:30:00+05:30,167.75,167.8,166.73,166.8,315571
2025-07-04T11:45:00+05:30,166.88,166.95,166.3,166.6,278340
2025-07-04T12:00:00+05:30,166.63,166.86,166.4,166.54,153064
2025-07-04T12:15:00+05:30,166.6,166.6,166.1,166.38,207250
2025-07-04T12:30:00+05:30,166.38,166.51,165.85,166.02,328115
2025-07-04T12:45:00+05:30,166.02,166.05,165.7,165.91,197840
2025-07-04T13:00:00+05:30,165.91,166.23,165.83,165.93,239418
2025-07-04T13:15:00+05:30,165.93,165.99,165.85,165.95,102274
2025-07-04T13:30:00+05:30,165.95,165.98,165.53,165.89,189199
2025-07-04T13:45:00+05:30,165.88,166.0,165.85,165.97,99608
2025-07-04T14:00:00+05:30,165.97,166.03,165.82,165.9,121050
2025-07-04T14:15:00+05:30,165.95,165.99,165.85,165.9,91239
2025-07-04T14:30:00+05:30,165.9,166.5,165.84,166.36,289511
2025-07-04T14:45:00+05:30,166.36,166.55,166.26,166.35,193094
2025-07-04T15:00:00+05:30,166.4,166.9,166.25,166.81,314792
2025-07-04T15:15:00+05:30,166.81,167.0,166.5,167.0,542156
2025-07-07T09:15:00+05:30,166.67,167.48,165.71,167.29,703476
2025-07-07T09:30:00+05:30,167.26,167.88,166.86,166.99,336517
2025-07-07T09:45:00+05:30,166.99,167.36,166.66,166.97,212728
2025-07-07T10:00:00+05:30,166.9,167.26,166.4,166.61,268862
2025-07-07T10:15:00+05:30,166.61,166.98,166.4,166.89,135786
2025-07-07T10:30:00+05:30,166.89,167.0,166.57,166.99,185182
2025-07-07T10:45:00+05:30,166.92,167.24,166.9,167.24,88137
2025-07-07T11:00:00+05:30,167.3,167.39,166.8,166.93,132108
2025-07-07T11:15:00+05:30,167.0,167.1,166.7,166.9,93263
2025-07-07T11:30:00+05:30,166.94,166.94,166.51,166.85,80826
2025-07-07T11:45:00+05:30,166.92,167.14,166.64,167.09,90542
2025-07-07T12:00:00+05:30,167.09,167.2,166.76,167.0,91594
2025-07-07T12:15:00+05:30,167.08,167.1,166.81,167.08,76670
2025-07-07T12:30:00+05:30,167.08,167.45,166.92,166.98,129541
2025-07-07T12:45:00+05:30,166.93,167.1,166.65,166.84,64480
2025-07-07T13:00:00+05:30,166.77,166.84,166.6,166.7,70127
2025-07-07T13:15:00+05:30,166.7,166.95,166.65,166.84,74771
2025-07-07T13:30:00+05:30,166.9,166.9,166.65,166.8,50664
2025-07-07T13:45:00+05:30,166.78,167.39,166.73,167.01,127166
2025-07-07T14:00:00+05:30,167.01,167.37,166.95,167.3,98020
2025-07-07T14:15:00+05:30,167.26,167.28,167.09,167.15,62737
2025-07-07T14:30:00+05:30,167.2,167.2,166.9,166.91,158974
2025-07-07T14:45:00+05:30,166.91,167.14,166.8,167.14,99488
2025-07-07T15:00:00+05:30,167.2,167.34,167.12,167.17,259617
2025-07-07T15:15:00+05:30,167.2,167.25,166.65,166.65,456451
2025-07-08T09:15:00+05:30,167.49,167.91,166.35,167.59,636648
2025-07-08T09:30:00+05:30,167.59,167.97,167.02,167.3,438608
2025-07-08T09:45:00+05:30,167.3,167.75,166.45,166.55,431963
2025-07-08T10:00:00+05:30,166.55,166.71,166.15,166.5,256102
2025-07-08T10:15:00+05:30,166.54,166.88,166.32,166.54,142301
2025-07-08T10:30:00+05:30,166.61,166.63,166.3,166.38,126799
2025-07-08T10:45:00+05:30,166.38,166.4,166.01,166.18,126849
2025-07-08T11:00:00+05:30,166.19,166.19,165.47,165.74,316135
2025-07-08T11:15:00+05:30,165.74,166.0,165.5,165.78,120416
2025-07-08T11:30:00+05:30,165.78,166.0,165.72,165.75,104577
2025-07-08T11:45:00+05:30,165.79,166.0,165.56,165.94,84063
2025-07-08T12:00:00+05:30,165.94,165.99,165.75,165.8,72315
2025-07-08T12:15:00+05:30,165.76,165.8,165.2,165.67,219342
2025-07-08T12:30:00+05:30,165.67,165.99,165.61,165.92,104841
2025-07-08T12:45:00+05:30,165.89,165.98,165.85,165.92,55164
2025-07-08T13:00:00+05:30,165.92,165.97,165.82,165.93,56427
2025-07-08T13:15:00+05:30,165.93,166.32,165.93,166.05,132960
2025-07-08T13:30:00+05:30,166.05,166.62,166.0,166.45,97894
2025-07-08T13:45:00+05:30,166.42,166.48,166.2,166.3,73153
2025-07-08T14:00:00+05:30,166.3,166.48,166.0,166.14,84613
2025-07-08T14:15:00+05:30,166.11,166.27,166.0,166.2,74603
2025-07-08T14:30:00+05:30,166.18,166.29,166.1,166.15,56594
2025-07-08T14:45:00+05:30,166.15,166.4,166.0,166.4,113838
2025-07-08T15:00:00+05:30,166.4,166.71,166.22,166.6,257782
2025-07-08T15:15:00+05:30,166.6,166.65,166.34,166.59,481098
2025-07-09T09:15:00+05:30,167.1,167.27,165.55,166.11,978334
2025-07-09T09:30:00+05:30,166.06,166.51,165.6,165.77,525468
2025-07-09T09:45:00+05:30,165.77,165.86,165.45,165.74,388789
2025-07-09T10:00:00+05:30,165.73,165.74,164.8,165.41,729129
2025-07-09T10:15:00+05:30,165.41,165.72,165.28,165.5,287074
2025-07-09T10:30:00+05:30,165.5,165.54,165.26,165.52,172637
2025-07-09T10:45:00+05:30,165.48,165.67,165.3,165.53,147561
2025-07-09T11:00:00+05:30,165.5,165.7,165.28,165.47,151020
2025-07-09T11:15:00+05:30,165.5,166.58,165.5,165.77,568689
2025-07-09T11:30:00+05:30,165.77,165.77,165.2,165.35,267195
2025-07-09T11:45:00+05:30,165.35,165.47,164.2,164.24,754930
2025-07-09T12:00:00+05:30,164.29,164.68,164.12,164.54,460448
2025-07-09T12:15:00+05:30,164.5,164.75,164.5,164.66,172909
2025-07-09T12:30:00+05:30,164.64,164.66,164.35,164.41,203177
2025-07-09T12:45:00+05:30,164.41,164.63,164.25,164.51,191663
2025-07-09T13:00:00+05:30,164.51,164.67,164.14,164.6,183607
2025-07-09T13:15:00+05:30,164.6,164.7,164.25,164.61,159710
2025-07-09T13:30:00+05:30,164.6,164.99,164.5,164.95,175197
2025-07-09T13:45:00+05:30,164.95,165.24,164.9,165.18,178519
2025-07-09T14:00:00+05:30,165.18,165.2,165.0,165.13,103005
2025-07-09T14:15:00+05:30,165.16,165.19,164.86,164.97,124723
2025-07-09T14:30:00+05:30,164.99,165.44,164.75,165.4,250545
2025-07-09T14:45:00+05:30,165.4,165.56,165.12,165.45,316573
2025-07-09T15:00:00+05:30,165.48,165.9,165.48,165.79,403723
2025-07-09T15:15:00+05:30,165.79,166.3,165.7,166.2,899807
2025-07-10T09:15:00+05:30,167.19,169.0,167.0,168.35,2979401
2025-07-10T09:30:00+05:30,168.32,168.97,168.0,168.26,1237277
2025-07-10T09:45:00+05:30,168.26,168.83,168.0,168.31,931767
2025-07-10T10:00:00+05:30,168.32,168.7,168.28,168.53,418707
2025-07-10T10:15:00+05:30,168.57,169.16,168.5,168.97,681954
2025-07-10T10:30:00+05:30,168.96,169.6,168.33,168.56,1597834
2025-07-10T10:45:00+05:30,168.56,168.99,168.3,168.45,448931
2025-07-10T11:00:00+05:30,168.5,168.69,168.1,168.64,288494
2025-07-10T11:15:00+05:30,168.6,169.5,168.5,168.75,706118
2025-07-10T11:30:00+05:30,168.78,169.2,168.75,169.18,411425
2025-07-10T11:45:00+05:30,169.18,169.2,168.9,169.01,349709
2025-07-10T12:00:00+05:30,168.96,168.99,168.37,168.56,595214
2025-07-10T12:15:00+05:30,168.58,169.3,168.56,169.17,312408
2025-07-10T12:30:00+05:30,169.17,170.16,169.13,169.8,1931233
2025-07-10T12:45:00+05:30,169.8,170.1,169.4,169.46,619647
2025-07-10T13:00:00+05:30,169.49,169.89,169.43,169.69,260493
2025-07-10T13:15:00+05:30,169.68,169.87,169.45,169.5,303330
2025-07-10T13:30:00+05:30,169.5,169.79,168.3,168.3,1194544
2025-07-10T13:45:00+05:30,168.3,168.95,168.0,168.8,1043048
2025-07-10T14:00:00+05:30,168.8,168.95,168.56,168.75,214254
2025-07-10T14:15:00+05:30,168.75,169.98,168.67,169.94,753766
2025-07-10T14:30:00+05:30,169.94,169.99,169.45,169.51,421361
2025-07-10T14:45:00+05:30,169.51,169.98,169.48,169.95,459380
2025-07-10T15:00:00+05:30,169.98,169.98,169.55,169.61,678306
2025-07-10T15:15:00+05:30,169.61,169.9,169.4,169.88,1691301
2025-07-11T09:15:00+05:30,160.9,163.55,160.0,162.55,9021066
2025-07-11T09:30:00+05:30,162.52,163.2,161.8,162.5,2827841
2025-07-11T09:45:00+05:30,162.54,162.63,161.36,161.6,2814431
2025-07-11T10:00:00+05:30,161.64,161.64,161.0,161.09,2291889
2025-07-11T10:15:00+05:30,161.09,161.09,160.01,160.21,3375693
2025-07-11T10:30:00+05:30,160.2,160.65,159.8,160.38,2743637
2025-07-11T10:45:00+05:30,160.38,161.33,160.33,161.05,1590847
2025-07-11T11:00:00+05:30,161.05,161.6,160.7,161.45,1304084
2025-07-11T11:15:00+05:30,161.45,161.5,161.1,161.25,606652
2025-07-11T11:30:00+05:30,161.25,161.8,161.22,161.66,770464
2025-07-11T11:45:00+05:30,161.68,161.9,161.14,161.18,805803
2025-07-11T12:00:00+05:30,161.19,161.45,161.0,161.4,525739
2025-07-11T12:15:00+05:30,161.4,161.43,161.2,161.34,242951
2025-07-11T12:30:00+05:30,161.35,161.65,161.3,161.39,510899
2025-07-11T12:45:00+05:30,161.39,161.6,161.1,161.14,372832
2025-07-11T13:00:00+05:30,161.19,161.3,161.0,161.2,483146
2025-07-11T13:15:00+05:30,161.2,161.27,160.56,160.9,622725
2025-07-11T13:30:00+05:30,160.9,160.97,160.45,160.6,663102
2025-07-11T13:45:00+05:30,160.59,160.95,160.51,160.81,500868
2025-07-11T14:00:00+05:30,160.8,160.85,160.6,160.7,309850
2025-07-11T14:15:00+05:30,160.72,160.85,160.5,160.56,457754
2025-07-11T14:30:00+05:30,160.52,160.59,160.1,160.25,963112
2025-07-11T14:45:00+05:30,160.19,160.4,160.13,160.28,740063
2025-07-11T15:00:00+05:30,160.23,160.29,160.0,160.02,1839589
2025-07-11T15:15:00+05:30,160.01,160.05,159.75,160.0,3349342
2025-07-14T09:15:00+05:30,159.97,160.0,156.87,157.26,2836865
2025-07-14T09:30:00+05:30,157.24,158.15,156.5,158.08,1438775
2025-07-14T09:45:00+05:30,158.08,158.6,158.0,158.59,649375
2025-07-14T10:00:00+05:30,158.59,158.6,157.8,158.58,482273
2025-07-14T10:15:00+05:30,158.58,159.66,158.5,159.33,779272
2025-07-14T10:30:00+05:30,159.35,159.48,158.65,159.39,369485
2025-07-14T10:45:00+05:30,159.39,159.55,159.02,159.19,245946
2025-07-14T11:00:00+05:30,159.1,159.35,158.7,158.79,272909
2025-07-14T11:15:00+05:30,158.79,158.9,158.1,158.24,406335
2025-07-14T11:30:00+05:30,158.24,158.4,158.1,158.18,239899
2025-07-14T11:45:00+05:30,158.17,158.99,158.05,158.6,200829
2025-07-14T12:00:00+05:30,158.6,158.95,158.44,158.88,103849
2025-07-14T12:15:00+05:30,158.9,159.18,158.7,158.85,192328
2025-07-14T12:30:00+05:30,158.78,159.25,158.56,159.21,233255
2025-07-14T12:45:00+05:30,159.15,159.3,158.81,158.81,130320
2025-07-14T13:00:00+05:30,158.84,158.98,158.43,158.78,135238
2025-07-14T13:15:00+05:30,158.84,159.25,158.75,159.08,193181
2025-07-14T13:30:00+05:30,159.05,159.18,158.64,159.13,276571
2025-07-14T13:45:00+05:30,159.13,159.25,158.75,158.91,208492
2025-07-14T14:00:00+05:30,158.91,159.45,158.9,159.36,172341
2025-07-14T14:15:00+05:30,159.4,159.5,159.1,159.13,261375
2025-07-14T14:30:00+05:30,159.19,159.35,159.01,159.27,214474
2025-07-14T14:45:00+05:30,159.3,159.45,159.11,159.44,319712
2025-07-14T15:00:00+05:30,159.44,159.44,159.0,159.0,440232
2025-07-14T15:15:00+05:30,159.0,159.17,158.76,159.1,957769
2025-07-15T09:15:00+05:30,160.0,160.75,159.15,160.3,1547508
2025-07-15T09:30:00+05:30,160.39,160.44,159.5,159.6,1035902
2025-07-15T09:45:00+05:30,159.6,159.84,158.91,159.53,650125
2025-07-15T10:00:00+05:30,159.49,159.8,159.22,159.65,230944
2025-07-15T10:15:00+05:30,159.65,159.74,159.06,159.74,193911
2025-07-15T10:30:00+05:30,159.74,159.93,159.63,159.73,162016
2025-07-15T10:45:00+05:30,159.73,160.15,159.65,160.14,251198
2025-07-15T11:00:00+05:30,160.14,160.6,160.06,160.33,492847
2025-07-15T11:15:00+05:30,160.33,160.6,160.2,160.28,245198
2025-07-15T11:30:00+05:30,160.26,160.35,159.8,160.09,329382
2025-07-15T11:45:00+05:30,160.1,160.16,159.98,160.08,92981
2025-07-15T12:00:00+05:30,160.05,160.27,160.02,160.18,104625
2025-07-15T12:15:00+05:30,160.17,160.2,159.76,159.97,127982
2025-07-15T12:30:00+05:30,159.97,160.0,159.88,159.93,59765
2025-07-15T12:45:00+05:30,159.93,160.0,159.71,159.92,99659
2025-07-15T13:00:00+05:30,159.92,160.0,159.85,159.95,66759
2025-07-15T13:15:00+05:30,159.93,160.0,159.75,159.8,75985
2025-07-15T13:30:00+05:30,159.8,159.85,159.55,159.8,121476
2025-07-15T13:45:00+05:30,159.77,159.98,159.62,159.98,89136
2025-07-15T14:00:00+05:30,159.95,160.02,159.7,159.93,145744
2025-07-15T14:15:00+05:30,159.93,160.08,159.75,159.88,169759
2025-07-15T14:30:00+05:30,159.79,159.99,159.77,159.9,138359
2025-07-15T14:45:00+05:30,159.86,159.93,159.6,159.65,124771
2025-07-15T15:00:00+05:30,159.65,160.13,159.5,159.89,456198
2025-07-15T15:15:00+05:30,159.85,159.88,159.38,159.7,690851
2025-07-16T09:15:00+05:30,159.95,160.48,159.5,160.25,888549
2025-07-16T09:30:00+05:30,160.25,160.4,160.0,160.08,331490
2025-07-16T09:45:00+05:30,160.02,160.46,159.8,160.0,428261
2025-07-16T10:00:00+05:30,159.95,160.18,159.8,160.04,207412
2025-07-16T10:15:00+05:30,160.04,160.35,159.9,160.28,129842
2025-07-16T10:30:00+05:30,160.3,160.47,160.18,160.26,138181
2025-07-16T10:45:00+05:30,160.25,160.8,160.1,160.57,294388
2025-07-16T11:00:00+05:30,160.54,160.58,160.21,160.31,127086
2025-07-16T11:15:00+05:30,160.31,160.31,159.81,159.89,270105
2025-07-16T11:30:00+05:30,159.89,160.13,159.85,159.88,90777
2025-07-16T11:45:00+05:30,159.88,160.23,159.81,160.09,117594
2025-07-16T12:00:00+05:30,160.05,160.3,160.0,160.19,86726
2025-07-16T12:15:00+05:30,160.11,160.2,160.01,160.06,52923
2025-07-16T12:30:00+05:30,160.09,160.29,160.05,160.26,58522
2025-07-16T12:45:00+05:30,160.26,160.3,160.18,160.25,51569
2025-07-16T13:00:00+05:30,160.25,160.3,160.09,160.19,102741
2025-07-16T13:15:00+05:30,160.19,160.5,160.14,160.39,140119
2025-07-16T13:30:00+05:30,160.4,160.5,160.11,160.44,166470
2025-07-16T13:45:00+05:30,160.49,160.5,160.28,160.34,64393
2025-07-16T14:00:00+05:30,160.34,160.35,160.2,160.35,103375
2025-07-16T14:15:00+05:30,160.33,160.35,160.18,160.18,91097
2025-07-16T14:30:00+05:30,160.2,160.28,160.1,160.24,98981
2025-07-16T14:45:00+05:30,160.26,160.27,160.11,160.15,97182
2025-07-16T15:00:00+05:30,160.19,160.25,160.0,160.08,353340
2025-07-16T15:15:00+05:30,160.04,160.2,159.66,160.0,584435
2025-07-17T09:15:00+05:30,160.5,160.75,159.5,159.89,685112
2025-07-17T09:30:00+05:30,159.81,159.9,159.52,159.62,360350
2025-07-17T09:45:00+05:30,159.65,159.9,159.51,159.78,212666
2025-07-17T10:00:00+05:30,159.75,159.9,159.56,159.57,204386
2025-07-17T10:15:00+05:30,159.57,159.95,159.5,159.75,177450
2025-07-17T10:30:00+05:30,159.73,159.76,159.51,159.51,121447
2025-07-17T10:45:00+05:30,159.51,159.8,159.5,159.78,131273
2025-07-17T11:00:00+05:30,159.75,159.99,159.68,159.87,101243
2025-07-17T11:15:00+05:30,159.9,159.98,159.65,159.89,75916
2025-07-17T11:30:00+05:30,159.89,159.99,159.79,159.95,79917
2025-07-17T11:45:00+05:30,159.95,159.96,159.7,159.77,62888
2025-07-17T12:00:00+05:30,159.77,159.84,159.4,159.47,181408
2025-07-17T12:15:00+05:30,159.45,159.46,159.2,159.43,116691
2025-07-17T12:30:00+05:30,159.45,159.71,159.4,159.65,94045
2025-07-17T12:45:00+05:30,159.69,159.83,159.35,159.5,118070
2025-07-17T13:00:00+05:30,159.46,159.67,159.35,159.5,97419
2025-07-17T13:15:00+05:30,159.54,159.89,159.51,159.75,85278
2025-07-17T13:30:00+05:30,159.74,159.74,159.54,159.67,58754
2025-07-17T13:45:00+05:30,159.67,159.77,159.61,159.68,70966
2025-07-17T14:00:00+05:30,159.73,159.73,159.5,159.59,116586
2025-07-17T14:15:00+05:30,159.51,159.7,159.5,159.6,128278
2025-07-17T14:30:00+05:30,159.57,159.66,159.35,159.54,136144
2025-07-17T14:45:00+05:30,159.54,159.55,159.28,159.46,146264
2025-07-17T15:00:00+05:30,159.46,159.53,159.25,159.47,342287
2025-07-17T15:15:00+05:30,159.46,159.47,159.01,159.19,532877
2025-07-18T09:15:00+05:30,159.59,159.7,158.55,159.02,494104
2025-07-18T09:30:00+05:30,159.1,159.29,158.81,158.93,265333
2025-07-18T09:45:00+05:30,158.93,159.19,158.75,158.89,176739
2025-07-18T10:00:00+05:30,158.9,158.98,158.2,158.27,354836
2025-07-18T10:15:00+05:30,158.2,158.2,157.6,157.76,458443
2025-07-18T10:30:00+05:30,157.76,157.88,157.5,157.55,202950
2025-07-18T10:45:00+05:30,157.61,158.14,157.4,157.83,246400
2025-07-18T11:00:00+05:30,157.81,158.19,157.67,158.19,117897
2025-07-18T11:15:00+05:30,158.19,158.62,158.13,158.35,150975
2025-07-18T11:30:00+05:30,158.29,158.39,158.05,158.07,65729
2025-07-18T11:45:00+05:30,158.06,158.23,158.0,158.03,71922
2025-07-18T12:00:00+05:30,158.03,158.25,158.0,158.07,104536
2025-07-18T12:15:00+05:30,158.06,158.22,157.93,158.19,80312
2025-07-18T12:30:00+05:30,158.2,158.24,157.83,157.92,127271
2025-07-18T12:45:00+05:30,157.92,157.96,157.7,157.92,78708
2025-07-18T13:00:00+05:30,157.96,158.1,157.76,157.86,84292
2025-07-18T13:15:00+05:30,157.88,158.0,157.79,157.87,57052
2025-07-18T13:30:00+05:30,157.94,158.26,157.85,158.26,113008
2025-07-18T13:45:00+05:30,158.21,158.26,157.8,157.97,111981
2025-07-18T14:00:00+05:30,157.98,157.99,157.68,157.77,106374
2025-07-18T14:15:00+05:30,157.77,157.88,157.68,157.84,142312
2025-07-18T14:30:00+05:30,157.84,158.0,157.81,157.93,103461
2025-07-18T14:45:00+05:30,157.91,157.95,157.8,157.85,71061
2025-07-18T15:00:00+05:30,157.85,157.85,157.5,157.64,462095
2025-07-18T15:15:00+05:30,157.6,157.68,157.1,157.14,656486
2025-07-21T09:15:00+05:30,157.39,157.9,156.31,156.65,688334
2025-07-21T09:30:00+05:30,156.66,156.92,155.61,156.73,583186
2025-07-21T09:45:00+05:30,156.73,157.05,156.46,156.72,274868
2025-07-21T10:00:00+05:30,156.72,157.2,156.6,157.05,398084
2025-07-21T10:15:00+05:30,157.05,157.35,156.84,157.18,165592
2025-07-21T10:30:00+05:30,157.18,157.59,157.11,157.45,210010
2025-07-21T10:45:00+05:30,157.46,158.08,157.1,157.95,330532
2025-07-21T11:00:00+05:30,157.9,158.18,157.81,157.89,173293
2025-07-21T11:15:00+05:30,157.83,157.97,157.57,157.95,156812
2025-07-21T11:30:00+05:30,157.96,158.2,157.7,157.72,167383
2025-07-21T11:45:00+05:30,157.72,157.95,157.7,157.82,64189
2025-07-21T12:00:00+05:30,157.81,158.13,157.76,158.09,154931
2025-07-21T12:15:00+05:30,158.09,158.25,157.9,157.9,152181
2025-07-21T12:30:00+05:30,157.98,158.29,157.87,158.09,181871
2025-07-21T12:45:00+05:30,158.1,158.2,157.76,157.93,108922
2025-07-21T13:00:00+05:30,157.85,157.95,157.8,157.87,58534
2025-07-21T13:15:00+05:30,157.84,157.91,157.72,157.78,50559
2025-07-21T13:30:00+05:30,157.78,157.78,157.56,157.6,61351
2025-07-21T13:45:00+05:30,157.6,157.6,157.15,157.24,205230
2025-07-21T14:00:00+05:30,157.21,157.58,157.2,157.3,111070
2025-07-21T14:15:00+05:30,157.3,157.42,157.2,157.25,57830
2025-07-21T14:30:00+05:30,157.24,157.49,157.22,157.37,118299
2025-07-21T14:45:00+05:30,157.43,157.46,157.23,157.43,181267
2025-07-21T15:00:00+05:30,157.43,157.46,157.0,157.19,249387
2025-07-21T15:15:00+05:30,157.19,157.75,157.14,157.4,525783
2025-07-22T09:15:00+05:30,157.48,158.49,157.22,157.29,657493
2025-07-22T09:30:00+05:30,157.25,157.49,156.85,157.1,387597
2025-07-22T09:45:00+05:30,157.08,157.77,157.07,157.4,232688
2025-07-22T10:00:00+05:30,157.41,157.97,157.3,157.8,203281
2025-07-22T10:15:00+05:30,157.8,157.9,157.41,157.43,94268
2025-07-22T10:30:00+05:30,157.48,157.55,157.3,157.41,95581
2025-07-22T10:45:00+05:30,157.42,157.45,157.25,157.3,85934
2025-07-22T11:00:00+05:30,157.3,157.35,157.01,157.21,144492
2025-07-22T11:15:00+05:30,157.25,157.4,157.11,157.2,88345
2025-07-22T11:30:00+05:30,157.2,157.29,157.05,157.23,69116
2025-07-22T11:45:00+05:30,157.17,157.25,157.0,157.18,94761
2025-07-22T12:00:00+05:30,157.22,157.25,157.1,157.2,102239
2025-07-22T12:15:00+05:30,157.14,157.2,157.02,157.18,67027
2025-07-22T12:30:00+05:30,157.18,157.27,157.12,157.25,47674
2025-07-22T12:45:00+05:30,157.25,157.25,157.07,157.15,62929
2025-07-22T13:00:00+05:30,157.15,157.4,157.06,157.12,126517
2025-07-22T13:15:00+05:30,157.18,157.19,157.05,157.1,70564
2025-07-22T13:30:00+05:30,157.1,157.1,156.85,156.89,151219
2025-07-22T13:45:00+05:30,156.87,157.21,156.85,157.08,88260
2025-07-22T14:00:00+05:30,157.01,157.08,156.9,156.91,77675
2025-07-22T14:15:00+05:30,156.94,156.97,156.25,156.55,201815
2025-07-22T14:30:00+05:30,156.55,156.55,156.17,156.38,168619
2025-07-22T14:45:00+05:30,156.38,156.5,156.22,156.32,117265
2025-07-22T15:00:00+05:30,156.42,156.65,156.0,156.42,380307
2025-07-22T15:15:00+05:30,156.49,156.53,156.0,156.22,458608
2025-07-23T09:15:00+05:30,156.5,157.1,155.61,155.81,867766
2025-07-23T09:15:00+05:30,156.5,157.1,155.61,155.81,867766
2025-07-23T09:30:00+05:30,155.81,156.09,155.3,155.36,395521
2025-07-23T09:45:00+05:30,155.37,156.2,155.25,156.0,264421
2025-07-23T10:00:00+05:30,156.0,156.0,155.35,155.8,152330
2025-07-23T10:15:00+05:30,155.78,155.82,155.45,155.55,188070
2025-07-23T10:30:00+05:30,155.55,155.76,155.5,155.6,105549
2025-07-23T10:45:00+05:30,155.57,155.75,155.42,155.64,124877
2025-07-23T11:00:00+05:30,155.64,156.0,155.6,155.9,121670
2025-07-23T11:15:00+05:30,155.92,155.99,155.57,155.6,83993
2025-07-23T11:30:00+05:30,155.6,155.66,155.25,155.43,189584
2025-07-23T11:45:00+05:30,155.43,155.7,155.34,155.62,78000
2025-07-23T12:00:00+05:30,155.62,155.8,155.55,155.75,77869
2025-07-23T12:15:00+05:30,155.75,157.1,155.6,156.42,446966
2025-07-23T12:30:00+05:30,156.43,156.89,156.25,156.46,147206
2025-07-23T12:45:00+05:30,156.49,156.75,156.49,156.5,94844
2025-07-23T13:00:00+05:30,156.55,156.74,156.49,156.54,76433
2025-07-23T13:15:00+05:30,156.52,156.67,156.35,156.43,76917
2025-07-23T13:30:00+05:30,156.42,156.5,156.35,156.42,84126
2025-07-23T13:45:00+05:30,156.42,156.74,156.35,156.74,109562
2025-07-23T14:00:00+05:30,156.72,156.75,156.36,156.37,71262
2025-07-23T14:15:00+05:30,156.43,156.55,156.25,156.27,80160
2025-07-23T14:30:00+05:30,156.27,156.69,156.26,156.62,72993
2025-07-23T14:45:00+05:30,156.58,156.95,156.58,156.88,286640
2025-07-23T15:00:00+05:30,156.9,156.95,156.8,156.82,270626
2025-07-23T15:15:00+05:30,156.82,157.5,156.75,157.3,492165
2025-07-24T09:15:00+05:30,156.98,158.07,156.83,157.89,684123
2025-07-24T09:30:00+05:30,157.94,157.98,157.1,157.42,198794
2025-07-24T09:45:00+05:30,157.49,157.91,157.15,157.46,243333
2025-07-24T10:00:00+05:30,157.46,157.46,156.7,156.75,200426
2025-07-24T10:15:00+05:30,156.77,157.35,156.6,157.25,173377
2025-07-24T10:30:00+05:30,157.27,157.3,156.81,156.95,143538
2025-07-24T10:45:00+05:30,156.95,157.13,156.82,156.9,72993
2025-07-24T11:00:00+05:30,156.9,157.25,156.8,156.97,114746
2025-07-24T11:15:00+05:30,156.97,156.99,156.6,156.78,201160
2025-07-24T11:30:00+05:30,156.83,156.98,156.68,156.92,86537
2025-07-24T11:45:00+05:30,156.94,156.98,156.5,156.55,121283
2025-07-24T12:00:00+05:30,156.55,156.7,156.2,156.65,131629
2025-07-24T12:15:00+05:30,156.68,157.2,156.52,157.15,116291
2025-07-24T12:30:00+05:30,157.16,157.16,156.61,156.69,55237
2025-07-24T12:45:00+05:30,156.62,156.74,156.41,156.6,105966
2025-07-24T13:00:00+05:30,156.65,156.81,156.4,156.56,60143
2025-07-24T13:15:00+05:30,156.56,156.76,156.5,156.75,54589
2025-07-24T13:30:00+05:30,156.77,156.86,156.53,156.84,64299
2025-07-24T13:45:00+05:30,156.8,157.13,156.71,156.87,84150
2025-07-24T14:00:00+05:30,156.83,157.29,156.74,157.17,143470
2025-07-24T14:15:00+05:30,157.21,157.22,156.8,156.86,84894
2025-07-24T14:30:00+05:30,156.82,156.95,156.72,156.75,60645
2025-07-24T14:45:00+05:30,156.8,156.8,156.51,156.56,160752
2025-07-24T15:00:00+05:30,156.55,156.72,156.0,156.08,470395
2025-07-24T15:15:00+05:30,156.08,156.25,156.0,156.2,498176
2025-07-25T09:15:00+05:30,156.2,156.21,154.95,156.12,684513
2025-07-25T09:30:00+05:30,156.12,156.35,155.23,155.25,366764
2025-07-25T09:45:00+05:30,155.25,155.66,154.98,155.43,269705
2025-07-25T10:00:00+05:30,155.43,155.64,155.1,155.23,139174
2025-07-25T10:15:00+05:30,155.19,155.19,154.65,154.91,194275
2025-07-25T10:30:00+05:30,154.91,154.98,154.45,154.75,145500
2025-07-25T10:45:00+05:30,154.72,154.79,154.2,154.54,202062
2025-07-25T11:00:00+05:30,154.53,154.54,154.05,154.1,264625
2025-07-25T11:15:00+05:30,154.1,154.58,153.85,154.41,293704
2025-07-25T11:30:00+05:30,154.42,154.6,154.06,154.22,94008
2025-07-25T11:45:00+05:30,154.22,154.45,153.62,153.96,183724
2025-07-25T12:00:00+05:30,153.94,154.05,153.63,153.77,155047
2025-07-25T12:15:00+05:30,153.75,153.86,153.03,153.3,241568
2025-07-25T12:30:00+05:30,153.3,154.6,153.22,154.29,214727
2025-07-25T12:45:00+05:30,154.33,154.6,154.3,154.45,87052
2025-07-25T13:00:00+05:30,154.47,154.49,153.97,154.17,105944
2025-07-25T13:15:00+05:30,154.17,154.32,153.99,154.0,72984
2025-07-25T13:30:00+05:30,154.0,154.29,153.68,154.28,199540
2025-07-25T13:45:00+05:30,154.28,154.48,154.15,154.42,66692
2025-07-25T14:00:00+05:30,154.42,154.45,153.78,153.87,76863
2025-07-25T14:15:00+05:30,153.85,153.99,153.2,153.51,243397
2025-07-25T14:30:00+05:30,153.51,153.68,153.24,153.47,157805
2025-07-25T14:45:00+05:30,153.5,153.64,153.27,153.53,171034
2025-07-25T15:00:00+05:30,153.48,153.75,153.1,153.4,289548
2025-07-25T15:15:00+05:30,153.4,153.44,153.0,153.15,546130
2025-07-28T09:15:00+05:30,153.25,154.81,152.7,154.78,791682
2025-07-28T09:30:00+05:30,154.77,155.4,154.67,155.06,489123
2025-07-28T09:45:00+05:30,155.1,155.68,154.8,155.03,336436
2025-07-28T10:00:00+05:30,155.09,155.79,155.09,155.39,186849
2025-07-28T10:15:00+05:30,155.34,155.67,154.85,155.11,170878
2025-07-28T10:30:00+05:30,155.2,155.29,154.59,154.69,147023
2025-07-28T10:45:00+05:30,154.62,154.69,154.02,154.28,158247
2025-07-28T11:00:00+05:30,154.27,154.42,153.75,154.23,148553
2025-07-28T11:15:00+05:30,154.16,154.4,153.9,154.11,65948
2025-07-28T11:30:00+05:30,154.02,154.18,153.6,153.6,111524
2025-07-28T11:45:00+05:30,153.64,153.85,153.22,153.74,184409
2025-07-28T12:00:00+05:30,153.73,153.75,152.97,153.25,151535
2025-07-28T12:15:00+05:30,153.25,153.39,152.93,153.33,132444
2025-07-28T12:30:00+05:30,153.39,153.47,153.05,153.09,94781
2025-07-28T12:45:00+05:30,153.1,153.1,152.3,152.34,193938
2025-07-28T13:00:00+05:30,152.33,152.5,151.56,151.96,193836
2025-07-28T13:15:00+05:30,151.89,151.97,151.13,151.26,317514
2025-07-28T13:30:00+05:30,151.29,151.48,151.01,151.12,153899
2025-07-28T13:45:00+05:30,151.12,151.67,151.0,151.19,183001
2025-07-28T14:00:00+05:30,151.2,151.2,150.5,150.53,270032
2025-07-28T14:15:00+05:30,150.6,150.72,150.0,150.09,329746
2025-07-28T14:30:00+05:30,150.1,152.2,149.9,152.2,384755
2025-07-28T14:45:00+05:30,152.2,152.2,150.9,151.14,193056
2025-07-28T15:00:00+05:30,151.13,151.31,150.5,150.99,296654
2025-07-28T15:15:00+05:30,150.99,151.03,149.95,150.18,600931
2025-07-29T09:15:00+05:30,150.49,150.97,148.0,148.99,1679061
2025-07-29T09:30:00+05:30,148.99,149.83,148.55,148.92,547981
2025-07-29T09:45:00+05:30,148.99,149.95,148.92,149.54,249611
2025-07-29T10:00:00+05:30,149.55,149.58,148.62,148.7,333039
2025-07-29T10:15:00+05:30,148.64,148.8,147.9,148.1,377607
2025-07-29T10:30:00+05:30,148.1,148.5,147.8,147.87,208112
2025-07-29T10:45:00+05:30,147.9,147.92,147.17,147.58,358433
2025-07-29T11:00:00+05:30,147.58,147.6,147.11,147.59,234186
2025-07-29T11:15:00+05:30,147.59,148.98,147.56,148.8,463274
2025-07-29T11:30:00+05:30,148.75,148.98,148.6,148.85,164821
2025-07-29T11:45:00+05:30,148.77,149.09,148.55,148.8,142367
2025-07-29T12:00:00+05:30,148.79,149.59,148.75,149.15,307361
2025-07-29T12:15:00+05:30,149.18,150.0,149.06,149.43,254666
2025-07-29T12:30:00+05:30,149.47,149.88,149.47,149.8,94314
2025-07-29T12:45:00+05:30,149.82,149.9,149.66,149.83,123813
2025-07-29T13:00:00+05:30,149.83,149.96,149.5,149.85,190232
2025-07-29T13:15:00+05:30,149.8,149.93,149.65,149.75,127395
2025-07-29T13:30:00+05:30,149.74,150.14,149.68,150.0,172199
2025-07-29T13:45:00+05:30,150.0,150.4,150.0,150.09,109914
2025-07-29T14:00:00+05:30,150.14,150.25,149.9,149.97,116387
2025-07-29T14:15:00+05:30,149.94,150.55,149.94,150.21,146207
2025-07-29T14:30:00+05:30,150.25,150.5,150.02,150.17,103776
2025-07-29T14:45:00+05:30,150.16,150.42,150.1,150.16,218720
2025-07-29T15:00:00+05:30,150.2,150.49,149.81,150.43,389243
2025-07-29T15:15:00+05:30,150.41,150.89,150.4,150.74,548227
2025-07-30T09:15:00+05:30,150.92,151.65,150.64,150.95,813848
2025-07-30T09:30:00+05:30,150.93,151.36,150.06,150.64,463479
2025-07-30T09:45:00+05:30,150.61,150.95,150.15,150.87,235339
2025-07-30T10:00:00+05:30,150.89,151.35,150.61,150.62,180986
2025-07-30T10:15:00+05:30,150.62,150.7,150.11,150.18,192720
2025-07-30T10:30:00+05:30,150.11,150.62,150.11,150.24,129688
2025-07-30T10:45:00+05:30,150.23,150.6,150.05,150.36,190966
2025-07-30T11:00:00+05:30,150.39,150.53,150.0,150.4,175912
2025-07-30T11:15:00+05:30,150.47,150.71,150.41,150.6,85191
2025-07-30T11:30:00+05:30,150.64,151.45,150.5,151.19,256089
2025-07-30T11:45:00+05:30,151.21,151.42,151.03,151.26,160417
2025-07-30T12:00:00+05:30,151.28,151.3,150.9,150.95,167824
2025-07-30T12:15:00+05:30,150.94,151.23,150.8,150.88,150201
2025-07-30T12:30:00+05:30,150.88,151.27,150.86,151.24,111952
2025-07-30T12:45:00+05:30,151.24,151.77,151.14,151.4,246173
2025-07-30T13:00:00+05:30,151.38,151.43,151.13,151.2,72406
2025-07-30T13:15:00+05:30,151.25,151.25,150.9,150.98,96953
2025-07-30T13:30:00+05:30,150.9,150.98,150.6,150.89,100458
2025-07-30T13:45:00+05:30,150.88,150.92,150.5,150.6,72785
2025-07-30T14:00:00+05:30,150.64,151.08,150.53,151.06,176153
2025-07-30T14:15:00+05:30,151.04,151.17,150.85,151.0,114201
2025-07-30T14:30:00+05:30,151.05,151.11,150.91,151.0,82101
2025-07-30T14:45:00+05:30,151.0,151.02,150.52,150.52,120399
2025-07-30T15:00:00+05:30,150.57,150.61,150.01,150.15,257945
2025-07-30T15:15:00+05:30,150.15,150.38,150.0,150.1,453030
2025-07-31T09:15:00+05:30,149.0,149.49,145.0,149.3,1086007
2025-07-31T09:30:00+05:30,149.27,149.69,148.75,149.47,421676
2025-07-31T09:45:00+05:30,149.46,149.59,148.9,148.9,204152
2025-07-31T10:00:00+05:30,148.96,148.97,148.3,148.4,242795
2025-07-31T10:15:00+05:30,148.47,148.57,148.09,148.15,205896
2025-07-31T10:30:00+05:30,148.2,148.96,148.02,148.63,307343
2025-07-31T10:45:00+05:30,148.64,149.24,148.55,149.0,148839
2025-07-31T11:00:00+05:30,149.03,149.25,148.54,148.63,137856
2025-07-31T11:15:00+05:30,148.63,149.4,148.52,149.34,196774
2025-07-31T11:30:00+05:30,149.34,149.85,149.25,149.73,283103
2025-07-31T11:45:00+05:30,149.68,149.78,149.21,149.4,185195
2025-07-31T12:00:00+05:30,149.4,149.67,149.02,149.55,121601
2025-07-31T12:15:00+05:30,149.55,149.8,149.38,149.69,126817
2025-07-31T12:30:00+05:30,149.68,149.95,149.58,149.78,133766
2025-07-31T12:45:00+05:30,149.79,150.16,149.64,149.94,182493
2025-07-31T13:00:00+05:30,149.93,149.95,149.31,149.57,227898
2025-07-31T13:15:00+05:30,149.58,149.6,149.2,149.25,99005
2025-07-31T13:30:00+05:30,149.25,149.43,148.7,148.77,250920
2025-07-31T13:45:00+05:30,148.76,148.89,148.35,148.55,317730
2025-07-31T14:00:00+05:30,148.61,148.7,148.34,148.46,148222
2025-07-31T14:15:00+05:30,148.46,148.6,148.0,148.01,204073
2025-07-31T14:30:00+05:30,148.01,148.23,147.52,148.07,552730
2025-07-31T14:45:00+05:30,148.07,148.15,147.5,147.7,323139
2025-07-31T15:00:00+05:30,147.69,147.69,147.18,147.41,431496
2025-07-31T15:15:00+05:30,147.41,147.5,147.2,147.45,558980
2025-08-01T09:15:00+05:30,147.45,148.65,147.45,147.83,791045
2025-08-01T09:30:00+05:30,147.84,148.43,147.6,148.16,547438
2025-08-01T09:45:00+05:30,148.1,148.16,147.1,147.21,320863
2025-08-01T10:00:00+05:30,147.21,147.8,147.0,147.77,213839
2025-08-01T10:15:00+05:30,147.79,148.18,147.53,148.1,155249
2025-08-01T10:30:00+05:30,148.12,148.45,147.95,148.08,152661
2025-08-01T10:45:00+05:30,148.1,148.22,147.81,148.03,77294
2025-08-01T11:00:00+05:30,148.03,148.24,147.85,147.94,75317
2025-08-01T11:15:00+05:30,147.95,147.95,147.55,147.72,110928
2025-08-01T11:30:00+05:30,147.74,147.74,147.0,147.2,166698
2025-08-01T11:45:00+05:30,147.2,147.48,147.11,147.26,77626
2025-08-01T12:00:00+05:30,147.26,147.28,147.06,147.22,69626
2025-08-01T12:15:00+05:30,147.22,147.45,147.05,147.32,94118
2025-08-01T12:30:00+05:30,147.31,147.36,146.79,146.94,161577
2025-08-01T12:45:00+05:30,146.96,147.15,146.79,147.1,104261
2025-08-01T13:00:00+05:30,147.05,147.43,146.82,147.38,91924
2025-08-01T13:15:00+05:30,147.37,147.5,147.21,147.49,91708
2025-08-01T13:30:00+05:30,147.49,147.96,147.0,147.32,205348
2025-08-01T13:45:00+05:30,147.34,147.39,147.15,147.25,96238
2025-08-01T14:00:00+05:30,147.25,147.25,147.0,147.07,74124
2025-08-01T14:15:00+05:30,147.08,147.14,146.51,146.65,123840
2025-08-01T14:30:00+05:30,146.64,147.0,146.31,146.53,266401
2025-08-01T14:45:00+05:30,146.6,146.93,146.3,146.39,214568
2025-08-01T15:00:00+05:30,146.39,146.39,145.53,145.66,432762
2025-08-01T15:15:00+05:30,145.66,146.0,145.2,146.0,574244
2025-08-04T09:15:00+05:30,146.5,147.19,145.86,147.08,856684
2025-08-04T09:30:00+05:30,147.01,147.88,146.63,146.76,528310
2025-08-04T09:45:00+05:30,146.76,147.44,146.35,147.24,309043
2025-08-04T10:00:00+05:30,147.24,147.48,146.73,147.33,280620
2025-08-04T10:15:00+05:30,147.33,147.6,147.01,147.19,129252
2025-08-04T10:30:00+05:30,147.08,147.64,146.99,147.54,174880
2025-08-04T10:45:00+05:30,147.52,147.52,147.05,147.2,83179
2025-08-04T11:00:00+05:30,147.22,147.49,147.1,147.34,74872
2025-08-04T11:15:00+05:30,147.3,147.49,147.2,147.38,50293
2025-08-04T11:30:00+05:30,147.4,147.42,147.0,147.2,68222
2025-08-04T11:45:00+05:30,147.2,147.35,147.01,147.27,53881
2025-08-04T12:00:00+05:30,147.27,147.6,147.2,147.42,79650
2025-08-04T12:15:00+05:30,147.42,147.75,147.31,147.69,103629
2025-08-04T12:30:00+05:30,147.69,148.09,147.4,147.51,168256
2025-08-04T12:45:00+05:30,147.5,147.99,147.5,147.85,62664
2025-08-04T13:00:00+05:30,147.87,148.15,147.72,147.89,87402
2025-08-04T13:15:00+05:30,147.8,147.93,147.34,147.43,130387
2025-08-04T13:30:00+05:30,147.43,147.68,147.35,147.55,67234
2025-08-04T13:45:00+05:30,147.53,148.0,147.53,147.86,117857
2025-08-04T14:00:00+05:30,147.9,148.03,147.75,147.85,123081
2025-08-04T14:15:00+05:30,147.85,147.95,147.5,147.65,160501
2025-08-04T14:30:00+05:30,147.62,148.21,147.62,147.79,379735
2025-08-04T14:45:00+05:30,147.72,148.05,147.7,147.9,205440
2025-08-04T15:00:00+05:30,147.9,148.0,147.72,147.99,359289
2025-08-04T15:15:00+05:30,147.98,148.49,147.92,148.46,786351
2025-08-05T09:15:00+05:30,148.03,149.0,147.71,148.68,601923
2025-08-05T09:30:00+05:30,148.7,148.95,148.03,148.14,216785
2025-08-05T09:45:00+05:30,148.11,148.14,147.55,147.59,315375
2025-08-05T10:00:00+05:30,147.55,147.79,147.22,147.58,162464
2025-08-05T10:15:00+05:30,147.51,147.66,147.3,147.33,85307
2025-08-05T10:30:00+05:30,147.32,147.58,147.04,147.48,129156
2025-08-05T10:45:00+05:30,147.47,147.47,146.9,147.0,196033
2025-08-05T11:00:00+05:30,147.0,147.28,146.81,147.28,123133
2025-08-05T11:15:00+05:30,147.28,147.43,147.1,147.25,67279
2025-08-05T11:30:00+05:30,147.24,147.24,146.95,147.15,51647
2025-08-05T11:45:00+05:30,147.15,147.2,147.0,147.11,41480
2025-08-05T12:00:00+05:30,147.1,147.24,147.02,147.24,65475
2025-08-05T12:15:00+05:30,147.21,147.38,147.08,147.25,69468
2025-08-05T12:30:00+05:30,147.29,147.33,147.08,147.19,42295
2025-08-05T12:45:00+05:30,147.19,147.25,147.02,147.09,45348
2025-08-05T13:00:00+05:30,147.09,147.12,146.57,146.81,156581
2025-08-05T13:15:00+05:30,146.82,146.87,146.31,146.51,165074
2025-08-05T13:30:00+05:30,146.5,146.77,146.47,146.64,73884
2025-08-05T13:45:00+05:30,146.62,146.78,146.5,146.77,52882
2025-08-05T14:00:00+05:30,146.77,146.78,146.0,146.35,297578
2025-08-05T14:15:00+05:30,146.31,146.45,146.19,146.43,66922
2025-08-05T14:30:00+05:30,146.43,146.77,146.3,146.66,136843
2025-08-05T14:45:00+05:30,146.66,146.68,146.34,146.42,82472
2025-08-05T15:00:00+05:30,146.42,146.9,146.06,146.86,244178
2025-08-05T15:15:00+05:30,146.89,146.89,146.41,146.7,401217
2025-08-06T09:15:00+05:30,146.77,147.32,146.25,146.56,527449
2025-08-06T09:30:00+05:30,146.56,146.56,145.6,145.8,328829
2025-08-06T09:45:00+05:30,145.83,146.1,145.39,145.86,178447
2025-08-06T10:00:00+05:30,145.81,145.9,144.9,145.19,412442
2025-08-06T10:15:00+05:30,145.24,145.98,145.1,145.63,241343
2025-08-06T10:30:00+05:30,145.61,145.81,145.25,145.43,129421
2025-08-06T10:45:00+05:30,145.4,145.54,145.11,145.19,89096
2025-08-06T11:00:00+05:30,145.19,145.23,144.79,145.09,206099
2025-08-06T11:15:00+05:30,145.07,145.1,144.52,144.76,182814
2025-08-06T11:30:00+05:30,144.76,144.78,143.62,144.03,340881
2025-08-06T11:45:00+05:30,144.07,144.42,143.8,144.17,178746
2025-08-06T12:00:00+05:30,144.18,144.97,143.91,144.87,200991
2025-08-06T12:15:00+05:30,144.83,145.41,144.75,145.2,145072
2025-08-06T12:30:00+05:30,145.2,145.39,144.92,145.05,87225
2025-08-06T12:45:00+05:30,145.06,145.18,144.75,145.17,81508
2025-08-06T13:00:00+05:30,145.17,145.6,145.11,145.35,189807
2025-08-06T13:15:00+05:30,145.35,145.6,145.25,145.54,73298
2025-08-06T13:30:00+05:30,145.59,145.68,145.13,145.3,126082
2025-08-06T13:45:00+05:30,145.29,145.35,145.11,145.25,48511
2025-08-06T14:00:00+05:30,145.22,145.28,145.0,145.1,41864
2025-08-06T14:15:00+05:30,145.1,145.17,144.91,145.04,138500
2025-08-06T14:30:00+05:30,145.04,145.04,144.51,144.74,96843
2025-08-06T14:45:00+05:30,144.75,145.05,144.6,144.83,106218
2025-08-06T15:00:00+05:30,144.8,144.8,144.5,144.58,210068
2025-08-06T15:15:00+05:30,144.58,144.58,144.02,144.38,430619
2025-08-07T09:15:00+05:30,143.8,144.11,142.57,143.89,612606
2025-08-07T09:30:00+05:30,143.88,144.08,143.5,143.6,396082
2025-08-07T09:45:00+05:30,143.6,143.82,143.01,143.1,198548
2025-08-07T10:00:00+05:30,143.1,143.46,143.05,143.22,118106
2025-08-07T10:15:00+05:30,143.2,143.35,142.87,142.9,160142
2025-08-07T10:30:00+05:30,142.94,142.94,142.49,142.69,204527
2025-08-07T10:45:00+05:30,142.7,142.79,142.38,142.78,192896
2025-08-07T11:00:00+05:30,142.8,142.8,142.34,142.44,124849
2025-08-07T11:15:00+05:30,142.44,142.77,142.36,142.72,104502
2025-08-07T11:30:00+05:30,142.72,142.72,142.21,142.52,119952
2025-08-07T11:45:00+05:30,142.52,142.59,142.37,142.57,61026
2025-08-07T12:00:00+05:30,142.57,142.74,142.2,142.66,147511
2025-08-07T12:15:00+05:30,142.73,142.73,142.41,142.55,64478
2025-08-07T12:30:00+05:30,142.5,142.55,142.05,142.29,147661
2025-08-07T12:45:00+05:30,142.32,142.32,141.74,141.77,244575
2025-08-07T13:00:00+05:30,141.77,141.96,141.4,141.45,295767
2025-08-07T13:15:00+05:30,141.45,141.5,140.9,140.95,415088
2025-08-07T13:30:00+05:30,140.95,141.28,140.26,140.98,563104
2025-08-07T13:45:00+05:30,140.98,141.65,140.86,141.51,338334
2025-08-07T14:00:00+05:30,141.5,142.67,141.41,142.45,291938
2025-08-07T14:15:00+05:30,142.47,143.15,142.47,142.85,443152
2025-08-07T14:30:00+05:30,142.85,143.25,142.78,143.22,185557
2025-08-07T14:45:00+05:30,143.24,143.98,143.24,143.84,315774
2025-08-07T15:00:00+05:30,143.85,144.69,143.8,144.56,398441
2025-08-07T15:15:00+05:30,144.57,145.45,144.5,145.45,571841
2025-08-08T09:15:00+05:30,145.01,145.55,144.0,145.28,694879
2025-08-08T09:30:00+05:30,145.2,145.53,144.74,144.97,275634
2025-08-08T09:45:00+05:30,144.96,144.96,144.43,144.56,251309
2025-08-08T10:00:00+05:30,144.55,144.6,143.83,144.13,276476
2025-08-08T10:15:00+05:30,144.12,144.49,143.84,143.98,166209
2025-08-08T10:30:00+05:30,143.98,144.0,143.57,143.7,125247
2025-08-08T10:45:00+05:30,143.66,143.83,143.51,143.51,142597
2025-08-08T11:00:00+05:30,143.53,143.9,143.31,143.85,98505
2025-08-08T11:15:00+05:30,143.85,144.0,143.67,143.82,114537
2025-08-08T11:30:00+05:30,143.81,143.83,143.45,143.63,88831
2025-08-08T11:45:00+05:30,143.63,143.7,143.48,143.48,68483
2025-08-08T12:00:00+05:30,143.48,143.59,143.21,143.45,95446
2025-08-08T12:15:00+05:30,143.5,143.55,143.29,143.54,81309
2025-08-08T12:30:00+05:30,143.54,143.6,143.21,143.3,83620
2025-08-08T12:45:00+05:30,143.34,143.98,143.29,143.89,103759
2025-08-08T13:00:00+05:30,143.89,143.89,143.3,143.46,80308
2025-08-08T13:15:00+05:30,143.46,143.78,143.46,143.51,61731
2025-08-08T13:30:00+05:30,143.54,143.83,143.47,143.68,104095
2025-08-08T13:45:00+05:30,143.72,143.78,143.42,143.5,79445
2025-08-08T14:00:00+05:30,143.55,143.74,143.3,143.37,83301
2025-08-08T14:15:00+05:30,143.41,143.54,143.11,143.24,103552
2025-08-08T14:30:00+05:30,143.25,143.5,143.15,143.35,104218
2025-08-08T14:45:00+05:30,143.33,143.38,142.72,142.86,238184
2025-08-08T15:00:00+05:30,142.81,142.87,142.25,142.34,278925
2025-08-08T15:15:00+05:30,142.33,142.39,142.0,142.3,456209
2025-08-11T09:15:00+05:30,142.6,143.5,141.55,143.15,661233
2025-08-11T09:30:00+05:30,143.15,143.55,142.51,142.69,340618
2025-08-11T09:45:00+05:30,142.7,143.17,142.04,143.01,259321
2025-08-11T10:00:00+05:30,143.05,143.35,142.81,143.12,161993
2025-08-11T10:15:00+05:30,143.08,144.09,143.05,144.07,276523
2025-08-11T10:30:00+05:30,144.07,144.5,143.77,144.43,236459
2025-08-11T10:45:00+05:30,144.42,144.48,144.2,144.33,134006
2025-08-11T11:00:00+05:30,144.33,144.67,144.22,144.3,140529
2025-08-11T11:15:00+05:30,144.3,144.5,144.17,144.25,107212
2025-08-11T11:30:00+05:30,144.25,144.26,143.71,143.76,128796
2025-08-11T11:45:00+05:30,143.76,143.76,143.4,143.66,134905
2025-08-11T12:00:00+05:30,143.66,143.92,143.6,143.85,59884
2025-08-11T12:15:00+05:30,143.85,144.24,143.78,143.97,116330
2025-08-11T12:30:00+05:30,144.04,144.05,143.6,143.7,96435
2025-08-11T12:45:00+05:30,143.7,144.1,143.64,144.1,83957
2025-08-11T13:00:00+05:30,144.1,144.24,143.74,143.95,72638
2025-08-11T13:15:00+05:30,143.89,143.99,143.75,143.94,29709
2025-08-11T13:30:00+05:30,143.94,144.1,143.85,144.1,62388
2025-08-11T13:45:00+05:30,144.1,144.25,143.95,144.15,60192
2025-08-11T14:00:00+05:30,144.16,144.46,144.14,144.36,104170
2025-08-11T14:15:00+05:30,144.3,144.45,144.13,144.24,86749
2025-08-11T14:30:00+05:30,144.24,144.97,144.24,144.64,248482
2025-08-11T14:45:00+05:30,144.64,144.97,144.62,144.88,107136
2025-08-11T15:00:00+05:30,144.87,145.09,144.71,145.0,251720
2025-08-11T15:15:00+05:30,145.0,145.0,144.6,144.9,395201
2025-08-12T09:15:00+05:30,144.9,145.94,144.81,145.35,393963
2025-08-12T09:30:00+05:30,145.35,145.5,144.76,145.15,195989
2025-08-12T09:45:00+05:30,145.15,145.52,145.01,145.33,143058
2025-08-12T10:00:00+05:30,145.32,145.6,145.12,145.3,126123
2025-08-12T10:15:00+05:30,145.3,145.4,145.05,145.11,73760
2025-08-12T10:30:00+05:30,145.1,145.28,144.75,144.98,127090
2025-08-12T10:45:00+05:30,144.98,145.05,144.91,144.92,41511
2025-08-12T11:00:00+05:30,144.97,145.0,144.72,144.87,80652
2025-08-12T11:15:00+05:30,144.88,145.15,144.85,144.9,61892
2025-08-12T11:30:00+05:30,144.92,145.0,144.81,144.89,32550
2025-08-12T11:45:00+05:30,144.97,145.0,144.7,144.99,55259
2025-08-12T12:00:00+05:30,144.99,145.0,144.9,145.0,31286
2025-08-12T12:15:00+05:30,145.0,145.3,144.91,145.25,40526
2025-08-12T12:30:00+05:30,145.22,145.5,145.22,145.32,86612
2025-08-12T12:45:00+05:30,145.26,145.32,145.08,145.14,35820
2025-08-12T13:00:00+05:30,145.14,145.21,145.05,145.15,25934
2025-08-12T13:15:00+05:30,145.14,145.14,144.73,144.84,133377
2025-08-12T13:30:00+05:30,144.85,144.86,144.56,144.67,51583
2025-08-12T13:45:00+05:30,144.67,145.0,144.6,145.0,62810
2025-08-12T14:00:00+05:30,144.99,144.99,144.22,144.25,77464
2025-08-12T14:15:00+05:30,144.25,144.35,143.76,144.35,150634
2025-08-12T14:30:00+05:30,144.35,144.39,144.11,144.15,56817
2025-08-12T14:45:00+05:30,144.2,144.2,143.72,143.93,159702
2025-08-12T15:00:00+05:30,143.93,143.97,143.3,143.54,238604
2025-08-12T15:15:00+05:30,143.54,143.8,143.4,143.5,392293
2025-08-13T09:15:00+05:30,144.25,145.0,143.85,143.94,351506
2025-08-13T09:30:00+05:30,143.94,144.2,143.78,143.92,204497
2025-08-13T09:45:00+05:30,143.92,144.66,143.85,144.29,202959
2025-08-13T10:00:00+05:30,144.3,144.65,144.03,144.47,167050
2025-08-13T10:15:00+05:30,144.47,144.49,144.05,144.37,106124
2025-08-13T10:30:00+05:30,144.37,144.38,144.1,144.2,50162
2025-08-13T10:45:00+05:30,144.2,144.35,144.06,144.17,59116
2025-08-13T11:00:00+05:30,144.16,144.39,144.15,144.18,46236
2025-08-13T11:15:00+05:30,144.23,144.45,144.06,144.06,79440
2025-08-13T11:30:00+05:30,144.06,144.1,143.75,143.77,151287
2025-08-13T11:45:00+05:30,143.77,143.96,143.3,143.42,204958
2025-08-13T12:00:00+05:30,143.42,143.84,143.25,143.78,77114
2025-08-13T12:15:00+05:30,143.78,143.83,143.58,143.71,59340
2025-08-13T12:30:00+05:30,143.71,144.0,143.62,143.99,82714
2025-08-13T12:45:00+05:30,143.99,144.17,143.73,144.12,159636
2025-08-13T13:00:00+05:30,144.17,144.3,144.0,144.06,36562
2025-08-13T13:15:00+05:30,144.06,144.15,143.79,144.08,81601
2025-08-13T13:30:00+05:30,144.01,144.1,143.9,144.01,29334
2025-08-13T13:45:00+05:30,144.02,144.23,143.99,144.21,55718
2025-08-13T14:00:00+05:30,144.21,144.22,143.99,144.16,94566
2025-08-13T14:15:00+05:30,144.16,144.19,144.0,144.05,50857
2025-08-13T14:30:00+05:30,144.1,144.57,144.1,144.42,127299
2025-08-13T14:45:00+05:30,144.42,144.87,144.21,144.84,159123
2025-08-13T15:00:00+05:30,144.8,144.8,144.11,144.23,217918
2025-08-13T15:15:00+05:30,144.23,144.49,144.1,144.25,270882
2025-08-14T09:15:00+05:30,144.24,145.0,144.07,144.84,436153
2025-08-14T09:30:00+05:30,144.77,144.81,143.8,144.06,282622
2025-08-14T09:45:00+05:30,144.06,144.18,143.5,143.56,200233
2025-08-14T10:00:00+05:30,143.6,143.75,143.22,143.59,117323
2025-08-14T10:15:00+05:30,143.59,144.15,143.5,143.96,119224
2025-08-14T10:30:00+05:30,143.93,144.05,143.75,143.85,55805
2025-08-14T10:45:00+05:30,143.85,143.95,143.67,143.95,46736
2025-08-14T11:00:00+05:30,143.95,144.08,143.62,143.69,68545
2025-08-14T11:15:00+05:30,143.69,143.75,143.11,143.4,152633
2025-08-14T11:30:00+05:30,143.4,143.65,143.28,143.4,52129
2025-08-14T11:45:00+05:30,143.4,143.5,143.27,143.4,50527
2025-08-14T12:00:00+05:30,143.4,143.68,143.36,143.56,46340
2025-08-14T12:15:00+05:30,143.66,143.67,143.5,143.51,34952
2025-08-14T12:30:00+05:30,143.51,143.64,143.45,143.56,42914
2025-08-14T12:45:00+05:30,143.54,143.75,143.46,143.64,38036
2025-08-14T13:00:00+05:30,143.64,143.65,143.4,143.41,36096
2025-08-14T13:15:00+05:30,143.4,143.57,143.02,143.04,105457
2025-08-14T13:30:00+05:30,143.04,143.57,143.0,143.5,65835
2025-08-14T13:45:00+05:30,143.45,143.5,143.16,143.21,34683
2025-08-14T14:00:00+05:30,143.21,143.49,143.15,143.49,55097
2025-08-14T14:15:00+05:30,143.48,143.49,143.11,143.23,52753
2025-08-14T14:30:00+05:30,143.23,143.48,143.0,143.48,183044
2025-08-14T14:45:00+05:30,143.46,143.99,143.46,143.9,198063
2025-08-14T15:00:00+05:30,143.9,143.96,143.73,143.75,183386
2025-08-14T15:15:00+05:30,143.79,143.99,143.75,143.9,216073
2025-08-18T09:15:00+05:30,145.54,146.0,144.9,145.1,562967
2025-08-18T09:30:00+05:30,145.1,145.48,144.92,145.33,235647
2025-08-18T09:45:00+05:30,145.33,145.8,145.3,145.74,201708
2025-08-18T10:00:00+05:30,145.74,147.23,145.67,146.93,699472
2025-08-18T10:15:00+05:30,146.95,147.33,146.91,147.07,272192
2025-08-18T10:30:00+05:30,147.08,147.62,146.85,147.43,304177
2025-08-18T10:45:00+05:30,147.42,147.42,146.5,146.74,275343
2025-08-18T11:00:00+05:30,146.71,147.44,146.7,147.22,234314
2025-08-18T11:15:00+05:30,147.2,147.23,146.9,147.02,92552
2025-08-18T11:30:00+05:30,147.07,147.43,146.84,146.96,147320
2025-08-18T11:45:00+05:30,146.96,147.1,146.84,146.9,83777
2025-08-18T12:00:00+05:30,146.87,146.93,146.02,146.12,297121
2025-08-18T12:15:00+05:30,146.15,146.49,145.81,146.46,172697
2025-08-18T12:30:00+05:30,146.46,146.5,146.15,146.34,69607
2025-08-18T12:45:00+05:30,146.42,147.25,146.32,147.1,274812
2025-08-18T13:00:00+05:30,147.14,147.15,147.01,147.09,108262
2025-08-18T13:15:00+05:30,147.09,147.1,146.91,147.0,81141
2025-08-18T13:30:00+05:30,147.03,147.39,146.94,147.35,141148
2025-08-18T13:45:00+05:30,147.35,147.39,147.12,147.2,62862
2025-08-18T14:00:00+05:30,147.2,147.29,147.04,147.2,75654
2025-08-18T14:15:00+05:30,147.16,147.5,147.14,147.45,114609
2025-08-18T14:30:00+05:30,147.42,148.09,147.32,147.85,289696
2025-08-18T14:45:00+05:30,147.86,148.4,147.73,147.95,399606
2025-08-18T15:00:00+05:30,147.95,147.95,147.09,147.2,413443
2025-08-18T15:15:00+05:30,147.2,148.0,147.14,147.5,453423
2025-08-19T09:15:00+05:30,147.9,147.9,146.81,146.99,601676
2025-08-19T09:30:00+05:30,146.99,147.13,146.57,146.71,240016
2025-08-19T09:45:00+05:30,146.69,147.4,146.63,147.29,122183
2025-08-19T10:00:00+05:30,147.29,147.73,147.02,147.62,146325
2025-08-19T10:15:00+05:30,147.7,148.25,147.51,148.14,237038
2025-08-19T10:30:00+05:30,148.13,148.25,147.78,148.04,130132
2025-08-19T10:45:00+05:30,148.09,148.19,147.9,147.9,103382
2025-08-19T11:00:00+05:30,147.93,148.3,147.85,148.19,116770
2025-08-19T11:15:00+05:30,148.14,148.2,147.92,147.99,58571
2025-08-19T11:30:00+05:30,147.95,148.29,147.91,148.29,100755
2025-08-19T11:45:00+05:30,148.26,148.7,148.23,148.49,277636
2025-08-19T12:00:00+05:30,148.59,148.75,148.48,148.65,85289
2025-08-19T12:15:00+05:30,148.65,148.7,148.2,148.25,94573
2025-08-19T12:30:00+05:30,148.29,148.57,148.25,148.4,67519
2025-08-19T12:45:00+05:30,148.38,148.49,148.3,148.3,41550
2025-08-19T13:00:00+05:30,148.37,148.38,148.13,148.23,54536
2025-08-19T13:15:00+05:30,148.23,148.4,148.12,148.25,63006
2025-08-19T13:30:00+05:30,148.24,148.28,147.96,147.96,71672
2025-08-19T13:45:00+05:30,148.0,148.04,147.75,147.75,69629
2025-08-19T14:00:00+05:30,147.74,147.88,147.7,147.75,52441
2025-08-19T14:15:00+05:30,147.83,148.2,147.75,147.91,74667
2025-08-19T14:30:00+05:30,147.93,148.82,147.92,148.53,212684
2025-08-19T14:45:00+05:30,148.57,148.7,148.45,148.5,116453
2025-08-19T15:00:00+05:30,148.55,149.0,148.51,148.99,233576
2025-08-19T15:15:00+05:30,148.99,149.1,148.75,148.94,335914
2025-08-20T09:15:00+05:30,148.91,149.18,147.79,148.0,381194
2025-08-20T09:30:00+05:30,148.0,148.65,147.88,148.63,230029
2025-08-20T09:45:00+05:30,148.57,148.75,148.25,148.42,150910
2025-08-20T10:00:00+05:30,148.42,148.8,148.25,148.8,96694
2025-08-20T10:15:00+05:30,148.75,148.97,148.7,148.88,187497
2025-08-20T10:30:00+05:30,148.81,149.17,148.5,149.1,172031
2025-08-20T10:45:00+05:30,149.03,149.5,148.8,148.89,282979
2025-08-20T11:00:00+05:30,148.89,149.5,148.7,149.24,176235
2025-08-20T11:15:00+05:30,149.28,149.29,148.97,149.1,98957
2025-08-20T11:30:00+05:30,149.08,149.19,148.71,148.9,135241
2025-08-20T11:45:00+05:30,148.9,149.07,148.84,148.98,70564
2025-08-20T12:00:00+05:30,148.98,149.05,148.6,148.77,135593
2025-08-20T12:15:00+05:30,148.75,148.87,148.6,148.62,82398
2025-08-20T12:30:00+05:30,148.62,148.77,148.53,148.73,50547
2025-08-20T12:45:00+05:30,148.67,149.1,148.65,149.05,61139
2025-08-20T13:00:00+05:30,149.01,149.14,149.0,149.0,65124
2025-08-20T13:15:00+05:30,149.0,149.04,148.57,148.68,64212
2025-08-20T13:30:00+05:30,148.68,148.89,148.62,148.8,52580
2025-08-20T13:45:00+05:30,148.8,148.99,148.76,148.92,55972
2025-08-20T14:00:00+05:30,148.8,148.97,148.76,148.9,54517
2025-08-20T14:15:00+05:30,148.85,148.92,148.7,148.71,45677
2025-08-20T14:30:00+05:30,148.71,148.86,148.7,148.84,49762
2025-08-20T14:45:00+05:30,148.78,148.85,148.6,148.7,78923
2025-08-20T15:00:00+05:30,148.69,148.91,148.51,148.8,213847
2025-08-20T15:15:00+05:30,148.84,149.0,148.65,148.9,360776
2025-08-21T09:15:00+05:30,148.9,151.99,148.9,149.9,2112715
2025-08-21T09:30:00+05:30,149.9,150.59,149.53,150.09,936486
2025-08-21T09:45:00+05:30,150.02,150.34,149.8,150.05,303252
2025-08-21T10:00:00+05:30,150.02,150.08,149.56,149.78,254442
2025-08-21T10:15:00+05:30,149.82,150.0,149.68,149.86,99100
2025-08-21T10:30:00+05:30,149.83,149.98,149.76,149.81,102029
2025-08-21T10:45:00+05:30,149.84,150.26,149.73,150.25,164059
2025-08-21T11:00:00+05:30,150.25,150.7,150.21,150.45,519926
2025-08-21T11:15:00+05:30,150.46,150.53,150.14,150.38,190499
2025-08-21T11:30:00+05:30,150.4,150.6,150.13,150.58,180750
2025-08-21T11:45:00+05:30,150.58,150.59,150.07,150.16,193251
2025-08-21T12:00:00+05:30,150.15,150.44,149.7,150.3,203152
2025-08-21T12:15:00+05:30,150.3,150.32,149.65,149.68,195779
2025-08-21T12:30:00+05:30,149.68,150.18,149.64,150.1,84225
2025-08-21T12:45:00+05:30,150.1,150.1,149.75,149.94,97509
2025-08-21T13:00:00+05:30,149.93,149.96,149.64,149.7,99607
2025-08-21T13:15:00+05:30,149.7,149.78,149.05,149.18,170978
2025-08-21T13:30:00+05:30,149.22,149.29,148.5,149.0,269533
2025-08-21T13:45:00+05:30,148.94,149.0,148.35,148.66,197893
2025-08-21T14:00:00+05:30,148.66,148.66,148.2,148.47,106545
2025-08-21T14:15:00+05:30,148.48,148.77,148.31,148.34,78919
2025-08-21T14:30:00+05:30,148.38,148.4,148.0,148.12,142952
2025-08-21T14:45:00+05:30,148.1,148.15,147.56,147.57,208958
2025-08-21T15:00:00+05:30,147.62,147.7,147.2,147.48,454437
2025-08-21T15:15:00+05:30,147.48,147.53,146.61,147.1,812944
2025-08-22T09:15:00+05:30,147.1,148.1,146.91,147.43,376747
2025-08-22T09:30:00+05:30,147.42,147.6,146.6,147.59,267137
2025-08-22T09:45:00+05:30,147.59,148.1,147.55,148.0,157577
2025-08-22T10:00:00+05:30,148.04,148.97,147.83,148.8,330424
2025-08-22T10:15:00+05:30,148.8,149.12,148.49,148.9,247906
2025-08-22T10:30:00+05:30,148.97,149.2,148.06,148.55,277057
2025-08-22T10:45:00+05:30,148.55,148.55,148.05,148.5,189485
2025-08-22T11:00:00+05:30,148.5,148.8,148.37,148.64,109053
2025-08-22T11:15:00+05:30,148.63,148.64,148.33,148.55,117125
2025-08-22T11:30:00+05:30,148.53,148.66,148.36,148.6,49903
2025-08-22T11:45:00+05:30,148.6,148.92,148.53,148.86,80745
2025-08-22T12:00:00+05:30,148.85,148.9,148.28,148.43,91706
2025-08-22T12:15:00+05:30,148.43,148.48,148.15,148.29,85350
2025-08-22T12:30:00+05:30,148.33,148.43,148.22,148.34,46693
2025-08-22T12:45:00+05:30,148.3,148.43,148.21,148.25,30385
2025-08-22T13:00:00+05:30,148.25,148.3,148.05,148.23,54532
2025-08-22T13:15:00+05:30,148.22,148.29,148.02,148.16,55134
2025-08-22T13:30:00+05:30,148.16,148.18,147.9,147.9,97769
2025-08-22T13:45:00+05:30,147.95,148.22,147.7,148.21,68736
2025-08-22T14:00:00+05:30,148.13,148.3,148.0,148.1,53836
2025-08-22T14:15:00+05:30,148.09,148.16,147.9,148.0,78694
2025-08-22T14:30:00+05:30,148.0,148.03,147.75,147.93,97830
2025-08-22T14:45:00+05:30,147.93,148.13,147.76,148.1,70234
2025-08-22T15:00:00+05:30,148.12,148.12,147.7,147.78,159340
2025-08-22T15:15:00+05:30,147.78,147.79,146.9,147.4,451027
2025-08-25T09:15:00+05:30,147.98,148.19,146.73,147.15,436927
2025-08-25T09:30:00+05:30,147.15,147.95,146.8,147.91,136772
2025-08-25T09:45:00+05:30,147.91,147.94,147.4,147.5,126145
2025-08-25T10:00:00+05:30,147.5,147.75,147.21,147.28,128422
2025-08-25T10:15:00+05:30,147.28,147.9,147.11,147.83,211460
2025-08-25T10:30:00+05:30,147.85,148.13,147.82,147.98,97053
2025-08-25T10:45:00+05:30,147.98,148.28,147.87,148.08,111705
2025-08-25T11:00:00+05:30,148.12,148.15,147.76,147.99,87734
2025-08-25T11:15:00+05:30,147.97,148.2,147.86,147.92,97671
2025-08-25T11:30:00+05:30,147.9,147.98,147.67,147.79,56257
2025-08-25T11:45:00+05:30,147.76,147.9,147.68,147.85,73793
2025-08-25T12:00:00+05:30,147.84,147.93,147.63,147.93,52823
2025-08-25T12:15:00+05:30,147.95,147.99,147.76,147.85,59863
2025-08-25T12:30:00+05:30,147.85,147.96,147.75,147.8,69468
2025-08-25T12:45:00+05:30,147.75,148.1,147.75,148.1,110060
2025-08-25T13:00:00+05:30,148.1,148.15,147.75,147.88,60468
2025-08-25T13:15:00+05:30,147.9,148.97,147.84,148.9,701122
2025-08-25T13:30:00+05:30,148.9,149.48,148.66,148.7,727426
2025-08-25T13:45:00+05:30,148.68,149.0,148.65,148.91,159004
2025-08-25T14:00:00+05:30,148.91,149.1,148.62,148.82,201015
2025-08-25T14:15:00+05:30,148.81,148.9,148.2,148.25,246823
2025-08-25T14:30:00+05:30,148.25,148.7,148.22,148.4,159064
2025-08-25T14:45:00+05:30,148.4,148.84,148.13,148.17,205219
2025-08-25T15:00:00+05:30,148.17,148.18,147.52,147.6,388614
2025-08-25T15:15:00+05:30,147.61,148.21,147.33,148.15,380244
2025-08-26T09:15:00+05:30,147.95,148.67,145.8,146.04,772428
2025-08-26T09:30:00+05:30,146.06,146.06,145.12,145.41,352667
2025-08-26T09:45:00+05:30,145.39,145.74,144.82,145.64,331051
2025-08-26T10:00:00+05:30,145.64,145.98,145.3,145.89,213476
2025-08-26T10:15:00+05:30,145.89,146.47,145.7,146.3,220144
2025-08-26T10:30:00+05:30,146.3,146.3,145.4,145.41,202516
2025-08-26T10:45:00+05:30,145.48,145.5,145.17,145.4,96658
2025-08-26T11:00:00+05:30,145.38,145.5,145.2,145.31,151090
2025-08-26T11:15:00+05:30,145.31,145.5,145.2,145.45,92336
2025-08-26T11:30:00+05:30,145.45,145.47,145.2,145.37,66834
2025-08-26T11:45:00+05:30,145.33,145.58,144.66,144.86,268075
2025-08-26T12:00:00+05:30,144.87,145.33,144.6,145.28,164697
2025-08-26T12:15:00+05:30,145.23,146.0,145.22,145.66,163260
2025-08-26T12:30:00+05:30,145.64,145.66,145.11,145.2,74168
2025-08-26T12:45:00+05:30,145.22,145.42,145.04,145.24,55970
2025-08-26T13:00:00+05:30,145.24,145.35,145.07,145.19,55260
2025-08-26T13:15:00+05:30,145.19,145.25,145.07,145.19,26033
2025-08-26T13:30:00+05:30,145.19,145.3,144.9,144.95,78269
2025-08-26T13:45:00+05:30,144.9,145.05,144.8,144.87,110181
2025-08-26T14:00:00+05:30,144.87,144.88,144.5,144.5,128020
2025-08-26T14:15:00+05:30,144.5,144.54,144.17,144.46,196076
2025-08-26T14:30:00+05:30,144.46,144.48,144.14,144.24,117891
2025-08-26T14:45:00+05:30,144.23,144.39,144.11,144.31,178371
2025-08-26T15:00:00+05:30,144.34,144.5,143.83,144.23,496261
2025-08-26T15:15:00+05:30,144.29,144.37,143.8,144.16,420580
2025-08-28T09:15:00+05:30,144.0,144.06,142.0,142.12,794073
2025-08-28T09:30:00+05:30,142.12,142.68,141.54,142.28,533280
2025-08-28T09:45:00+05:30,142.35,143.25,142.17,143.15,399833
2025-08-28T10:00:00+05:30,143.2,144.17,143.07,143.7,469222
2025-08-28T10:15:00+05:30,143.66,143.99,143.15,143.64,485481
2025-08-28T10:30:00+05:30,143.63,144.0,143.57,143.78,142846
2025-08-28T10:45:00+05:30,143.78,144.65,143.73,144.59,194558
2025-08-28T11:00:00+05:30,144.59,144.64,144.14,144.19,152155
2025-08-28T11:15:00+05:30,144.19,144.35,143.86,144.02,130461
2025-08-28T11:30:00+05:30,144.03,144.2,143.86,143.98,116677
2025-08-28T11:45:00+05:30,143.98,144.08,143.7,143.79,57494
2025-08-28T12:00:00+05:30,143.78,143.78,143.08,143.14,163217
2025-08-28T12:15:00+05:30,143.2,143.27,143.0,143.12,97081
2025-08-28T12:30:00+05:30,143.19,143.22,142.84,142.9,83560
2025-08-28T12:45:00+05:30,142.9,142.98,142.52,142.54,148186
2025-08-28T13:00:00+05:30,142.57,142.6,142.16,142.16,187237
2025-08-28T13:15:00+05:30,142.16,142.29,142.05,142.16,164277
2025-08-28T13:30:00+05:30,142.16,142.18,141.6,141.78,279520
2025-08-28T13:45:00+05:30,141.78,142.13,141.78,142.12,151356
2025-08-28T14:00:00+05:30,142.12,142.7,142.09,142.65,171118
2025-08-28T14:15:00+05:30,142.6,142.79,142.4,142.59,150316
2025-08-28T14:30:00+05:30,142.55,142.65,141.6,141.7,319108
2025-08-28T14:45:00+05:30,141.69,141.77,141.5,141.67,330062
2025-08-28T15:00:00+05:30,141.67,141.68,141.0,141.09,491287
2025-08-28T15:15:00+05:30,141.09,141.1,140.63,141.0,761836
2025-08-29T09:15:00+05:30,141.49,142.5,141.12,141.28,759698
2025-08-29T09:30:00+05:30,141.28,141.47,140.49,140.82,387325
2025-08-29T09:45:00+05:30,140.81,140.9,140.27,140.47,291657
2025-08-29T10:00:00+05:30,140.46,140.7,140.1,140.59,215900
2025-08-29T10:15:00+05:30,140.59,141.15,140.4,140.79,325810
2025-08-29T10:30:00+05:30,140.79,141.5,140.71,141.45,353506
2025-08-29T10:45:00+05:30,141.45,141.45,141.01,141.24,117613
2025-08-29T11:00:00+05:30,141.24,141.36,140.9,141.11,194822
2025-08-29T11:15:00+05:30,141.19,141.64,141.11,141.52,224567
2025-08-29T11:30:00+05:30,141.5,141.74,141.44,141.71,121255
2025-08-29T11:45:00+05:30,141.7,141.71,141.0,141.0,165043
2025-08-29T12:00:00+05:30,141.1,141.39,140.9,141.27,158754
2025-08-29T12:15:00+05:30,141.37,141.37,140.7,140.73,251737
2025-08-29T12:30:00+05:30,140.7,140.84,140.5,140.54,118019
2025-08-29T12:45:00+05:30,140.54,140.56,140.1,140.21,202721
2025-08-29T13:00:00+05:30,140.2,140.49,140.01,140.46,155456
2025-08-29T13:15:00+05:30,140.45,140.91,140.43,140.88,119432
2025-08-29T13:30:00+05:30,140.88,140.9,140.56,140.68,52048
2025-08-29T13:45:00+05:30,140.68,140.83,140.5,140.52,127719
2025-08-29T14:00:00+05:30,140.53,140.83,140.3,140.83,143329
2025-08-29T14:15:00+05:30,140.83,140.95,140.31,140.46,152744
2025-08-29T14:30:00+05:30,140.47,140.65,140.3,140.55,117660
2025-08-29T14:45:00+05:30,140.55,141.11,140.5,141.1,179487
2025-08-29T15:00:00+05:30,141.09,141.13,140.2,140.33,288608
2025-08-29T15:15:00+05:30,140.33,140.85,140.1,140.74,460208
2025-09-01T09:15:00+05:30,141.15,142.28,140.76,141.47,671534
2025-09-01T09:30:00+05:30,141.47,141.99,141.2,141.91,283586
2025-09-01T09:45:00+05:30,141.88,142.74,141.84,142.31,375601
2025-09-01T10:00:00+05:30,142.24,142.32,141.75,141.8,222436
2025-09-01T10:15:00+05:30,141.8,141.89,141.22,141.58,204147
2025-09-01T10:30:00+05:30,141.58,141.61,141.31,141.61,104805
2025-09-01T10:45:00+05:30,141.6,141.74,141.41,141.6,76428
2025-09-01T11:00:00+05:30,141.52,141.71,141.43,141.63,97619
2025-09-01T11:15:00+05:30,141.63,141.75,141.51,141.7,83241
2025-09-01T11:30:00+05:30,141.7,142.2,141.68,142.19,210737
2025-09-01T11:45:00+05:30,142.19,142.19,141.45,141.56,171522
2025-09-01T12:00:00+05:30,141.56,142.17,141.52,142.1,69593
2025-09-01T12:15:00+05:30,142.1,142.28,142.01,142.21,85305
2025-09-01T12:30:00+05:30,142.25,142.4,142.09,142.2,99978
2025-09-01T12:45:00+05:30,142.2,142.2,141.61,141.83,96099
2025-09-01T13:00:00+05:30,141.83,142.0,141.82,141.99,48629
2025-09-01T13:15:00+05:30,141.99,142.13,141.81,141.88,72510
2025-09-01T13:30:00+05:30,141.88,141.94,141.7,141.71,74702
2025-09-01T13:45:00+05:30,141.71,141.85,141.7,141.75,53134
2025-09-01T14:00:00+05:30,141.8,142.3,141.73,142.1,151676
2025-09-01T14:15:00+05:30,142.14,142.14,141.9,141.99,94314
2025-09-01T14:30:00+05:30,142.0,142.3,142.0,142.14,94199
2025-09-01T14:45:00+05:30,142.22,142.5,142.08,142.4,194219
2025-09-01T15:00:00+05:30,142.4,142.6,142.25,142.36,303213
2025-09-01T15:15:00+05:30,142.36,142.74,142.3,142.74,588158
2025-09-02T09:15:00+05:30,143.25,144.36,142.45,142.74,659015
2025-09-02T09:30:00+05:30,142.74,143.96,142.56,143.92,291936
2025-09-02T09:45:00+05:30,143.92,144.87,143.92,144.47,505435
2025-09-02T10:00:00+05:30,144.47,144.89,144.36,144.36,215841
2025-09-02T10:15:00+05:30,144.36,144.86,144.36,144.82,162073
2025-09-02T10:30:00+05:30,144.86,145.19,144.7,145.12,228744
2025-09-02T10:45:00+05:30,145.11,145.27,144.95,145.15,111324
2025-09-02T11:00:00+05:30,145.18,145.28,145.07,145.08,94543
2025-09-02T11:15:00+05:30,145.13,145.33,144.76,144.88,164047
2025-09-02T11:30:00+05:30,144.95,145.35,144.88,145.18,102997
2025-09-02T11:45:00+05:30,145.18,145.47,145.12,145.31,94565
2025-09-02T12:00:00+05:30,145.38,145.64,145.31,145.48,128422
2025-09-02T12:15:00+05:30,145.54,145.8,145.0,145.68,167912
2025-09-02T12:30:00+05:30,145.73,146.0,145.6,145.7,267579
2025-09-02T12:45:00+05:30,145.7,145.94,145.6,145.65,141933
2025-09-02T13:00:00+05:30,145.6,146.75,145.5,146.27,374446
2025-09-02T13:15:00+05:30,146.24,146.25,145.25,145.32,319812
2025-09-02T13:30:00+05:30,145.39,145.75,144.9,145.0,237140
2025-09-02T13:45:00+05:30,145.0,145.0,144.0,144.08,382210
2025-09-02T14:00:00+05:30,144.08,144.45,143.75,144.3,328828
2025-09-02T14:15:00+05:30,144.3,144.66,144.0,144.05,115524
2025-09-02T14:30:00+05:30,144.05,144.59,144.02,144.58,104222
2025-09-02T14:45:00+05:30,144.51,144.78,143.94,144.06,242780
2025-09-02T15:00:00+05:30,144.11,144.47,143.85,144.32,184053
2025-09-02T15:15:00+05:30,144.32,144.33,144.0,144.2,442267
2025-09-03T09:15:00+05:30,144.8,145.68,144.5,145.57,547561
2025-09-03T09:30:00+05:30,145.57,145.7,145.18,145.39,223735
2025-09-03T09:45:00+05:30,145.39,145.89,145.3,145.49,164005
2025-09-03T10:00:00+05:30,145.49,145.97,145.31,145.95,201580
2025-09-03T10:15:00+05:30,145.95,145.99,145.57,145.78,150495
2025-09-03T10:30:00+05:30,145.74,145.8,145.1,145.13,140186
2025-09-03T10:45:00+05:30,145.13,145.2,145.05,145.15,87027
2025-09-03T11:00:00+05:30,145.15,145.35,144.87,145.19,145255
2025-09-03T11:15:00+05:30,145.19,145.38,145.0,145.18,64540
2025-09-03T11:30:00+05:30,145.18,145.25,145.03,145.17,46198
2025-09-03T11:45:00+05:30,145.12,145.31,145.04,145.31,55689
2025-09-03T12:00:00+05:30,145.31,145.45,145.1,145.16,39051
2025-09-03T12:15:00+05:30,145.22,145.4,145.1,145.25,56619
2025-09-03T12:30:00+05:30,145.25,145.44,145.19,145.24,61653
2025-09-03T12:45:00+05:30,145.25,145.25,144.8,144.9,195837
2025-09-03T13:00:00+05:30,144.9,145.0,144.79,144.99,55772
2025-09-03T13:15:00+05:30,145.0,145.27,144.91,145.02,56547
2025-09-03T13:30:00+05:30,145.02,145.07,144.8,144.97,85123
2025-09-03T13:45:00+05:30,144.97,145.1,144.91,145.03,53888
2025-09-03T14:00:00+05:30,145.1,145.44,145.0,145.29,57978
2025-09-03T14:15:00+05:30,145.29,145.39,145.06,145.37,48885
2025-09-03T14:30:00+05:30,145.35,145.69,145.09,145.19,148825
2025-09-03T14:45:00+05:30,145.19,145.64,145.08,145.35,111372
2025-09-03T15:00:00+05:30,145.42,145.7,145.35,145.61,162180
2025-09-03T15:15:00+05:30,145.65,146.0,145.6,145.95,409472
2025-09-04T09:15:00+05:30,147.69,147.8,145.84,146.27,668065
2025-09-04T09:30:00+05:30,146.25,147.08,146.23,146.66,354717
2025-09-04T09:45:00+05:30,146.66,146.89,146.4,146.62,194762
2025-09-04T10:00:00+05:30,146.62,146.98,146.01,146.01,188757
2025-09-04T10:15:00+05:30,146.05,146.72,145.85,146.47,333824
2025-09-04T10:30:00+05:30,146.47,146.47,145.75,145.8,143766
2025-09-04T10:45:00+05:30,145.82,146.28,145.71,146.13,142103
2025-09-04T11:00:00+05:30,146.06,146.41,145.7,145.79,121168
2025-09-04T11:15:00+05:30,145.79,145.96,145.39,145.75,120955
2025-09-04T11:30:00+05:30,145.75,145.8,145.53,145.65,82484
2025-09-04T11:45:00+05:30,145.65,145.67,145.33,145.56,54996
2025-09-04T12:00:00+05:30,145.55,145.68,145.45,145.59,51724
2025-09-04T12:15:00+05:30,145.57,145.66,145.1,145.37,92078
2025-09-04T12:30:00+05:30,145.35,145.98,145.25,145.85,107282
2025-09-04T12:45:00+05:30,145.81,146.0,145.57,145.8,74995
2025-09-04T13:00:00+05:30,145.8,145.99,145.6,145.64,42979
2025-09-04T13:15:00+05:30,145.67,145.7,145.0,145.39,215454
2025-09-04T13:30:00+05:30,145.4,145.45,144.91,144.92,90784
2025-09-04T13:45:00+05:30,144.92,145.07,144.75,144.76,110723
2025-09-04T14:00:00+05:30,144.82,144.96,144.77,144.86,44056
2025-09-04T14:15:00+05:30,144.81,144.87,144.38,144.44,118358
2025-09-04T14:30:00+05:30,144.4,144.85,144.25,144.55,116938
2025-09-04T14:45:00+05:30,144.54,144.75,144.15,144.2,117918
2025-09-04T15:00:00+05:30,144.21,144.32,144.0,144.0,245852
2025-09-04T15:15:00+05:30,144.05,144.2,143.77,144.1,353634
2025-09-05T09:15:00+05:30,144.8,145.49,144.13,145.21,404590
2025-09-05T09:30:00+05:30,145.21,145.5,144.8,144.83,196550
2025-09-05T09:45:00+05:30,144.83,145.29,144.81,145.29,131096
2025-09-05T10:00:00+05:30,145.25,145.42,144.38,144.39,150077
2025-09-05T10:15:00+05:30,144.37,145.1,144.04,144.94,264618
2025-09-05T10:30:00+05:30,144.93,144.99,144.42,144.6,78905
2025-09-05T10:45:00+05:30,144.59,144.59,144.07,144.34,74961
2025-09-05T11:00:00+05:30,144.34,144.41,144.1,144.15,91111
2025-09-05T11:15:00+05:30,144.27,144.48,144.02,144.34,73481
2025-09-05T11:30:00+05:30,144.44,144.62,144.2,144.3,54755
2025-09-05T11:45:00+05:30,144.24,144.31,143.82,143.96,112943
2025-09-05T12:00:00+05:30,143.95,143.95,143.34,143.43,86889
2025-09-05T12:15:00+05:30,143.47,143.5,143.2,143.42,75405
2025-09-05T12:30:00+05:30,143.44,143.7,143.25,143.6,87167
2025-09-05T12:45:00+05:30,143.58,143.58,143.2,143.44,63359
2025-09-05T13:00:00+05:30,143.44,143.98,143.25,143.96,52191
2025-09-05T13:15:00+05:30,143.9,144.48,143.81,144.2,116686
2025-09-05T13:30:00+05:30,144.21,145.31,144.13,144.97,209003
2025-09-05T13:45:00+05:30,145.0,145.49,144.9,145.38,167045
2025-09-05T14:00:00+05:30,145.38,146.21,145.34,145.62,340545
2025-09-05T14:15:00+05:30,145.63,145.9,145.51,145.82,91796
2025-09-05T14:30:00+05:30,145.82,145.9,145.5,145.7,55167
2025-09-05T14:45:00+05:30,145.65,145.9,145.55,145.71,86373
2025-09-05T15:00:00+05:30,145.71,145.73,145.1,145.49,251688
2025-09-05T15:15:00+05:30,145.45,145.9,145.32,145.89,328649
2025-09-08T09:15:00+05:30,146.01,146.5,145.35,145.6,332540
2025-09-08T09:30:00+05:30,145.64,146.74,145.6,146.6,220644
2025-09-08T09:45:00+05:30,146.6,146.81,146.15,146.36,131407
2025-09-08T10:00:00+05:30,146.36,146.85,146.32,146.66,141681
2025-09-08T10:15:00+05:30,146.65,147.3,146.61,146.62,249706
2025-09-08T10:30:00+05:30,146.7,146.97,146.5,146.7,94780
2025-09-08T10:45:00+05:30,146.67,146.85,146.51,146.51,50162
2025-09-08T11:00:00+05:30,146.55,146.99,146.42,146.78,97558
2025-09-08T11:15:00+05:30,146.78,147.17,146.65,146.75,95727
2025-09-08T11:30:00+05:30,146.79,146.85,146.62,146.85,46613
2025-09-08T11:45:00+05:30,146.85,146.85,146.5,146.52,40069
2025-09-08T12:00:00+05:30,146.52,146.79,146.5,146.6,66990
2025-09-08T12:15:00+05:30,146.65,146.66,146.3,146.46,84207
2025-09-08T12:30:00+05:30,146.45,146.99,146.31,146.89,130422
2025-09-08T12:45:00+05:30,146.89,147.0,146.7,146.77,59241
2025-09-08T13:00:00+05:30,146.83,146.84,146.7,146.7,40504
2025-09-08T13:15:00+05:30,146.7,146.75,146.32,146.45,60531
2025-09-08T13:30:00+05:30,146.45,146.52,146.11,146.21,76547
2025-09-08T13:45:00+05:30,146.22,146.22,146.0,146.01,106504
2025-09-08T14:00:00+05:30,146.07,146.14,145.82,146.13,56993
2025-09-08T14:15:00+05:30,146.06,146.25,145.98,146.24,51103
2025-09-08T14:30:00+05:30,146.24,146.46,146.23,146.34,63893
2025-09-08T14:45:00+05:30,146.36,146.39,145.72,146.07,110275
2025-09-08T15:00:00+05:30,146.06,146.06,145.45,145.55,157086
2025-09-08T15:15:00+05:30,145.55,145.9,145.28,145.8,295389
2025-09-09T09:15:00+05:30,145.69,146.19,144.36,144.87,345892
2025-09-09T09:30:00+05:30,144.81,146.04,144.36,145.79,236685
2025-09-09T09:45:00+05:30,145.8,145.95,145.53,145.68,130321
2025-09-09T10:00:00+05:30,145.67,145.7,145.29,145.35,68611
2025-09-09T10:15:00+05:30,145.32,145.53,145.0,145.36,149869
2025-09-09T10:30:00+05:30,145.41,145.6,145.2,145.27,84252
2025-09-09T10:45:00+05:30,145.25,145.5,145.0,145.43,82661
2025-09-09T11:00:00+05:30,145.43,145.86,145.39,145.58,97402
2025-09-09T11:15:00+05:30,145.58,145.86,145.51,145.62,66772
2025-09-09T11:30:00+05:30,145.58,145.66,145.35,145.35,66995
2025-09-09T11:45:00+05:30,145.35,145.43,145.11,145.11,47928
2025-09-09T12:00:00+05:30,145.11,145.2,144.82,145.1,98287
2025-09-09T12:15:00+05:30,145.06,145.45,145.06,145.32,69049
2025-09-09T12:30:00+05:30,145.32,145.33,145.06,145.1,38768
2025-09-09T12:45:00+05:30,145.1,145.28,145.06,145.16,29025
2025-09-09T13:00:00+05:30,145.24,145.29,145.1,145.13,31557
2025-09-09T13:15:00+05:30,145.14,145.38,145.14,145.38,35541
2025-09-09T13:30:00+05:30,145.37,145.4,145.23,145.31,32870
2025-09-09T13:45:00+05:30,145.31,145.33,145.1,145.28,52220
2025-09-09T14:00:00+05:30,145.28,145.32,145.11,145.32,27629
2025-09-09T14:15:00+05:30,145.32,145.33,145.05,145.17,49979
2025-09-09T14:30:00+05:30,145.17,145.22,145.0,145.06,56150
2025-09-09T14:45:00+05:30,145.06,145.27,145.04,145.1,61089
2025-09-09T15:00:00+05:30,145.1,145.28,144.92,145.26,186668
2025-09-09T15:15:00+05:30,145.18,145.5,144.8,145.46,364411
2025-09-10T09:15:00+05:30,145.44,146.84,145.44,146.48,440108
2025-09-10T09:30:00+05:30,146.48,146.96,146.11,146.94,340642
2025-09-10T09:45:00+05:30,146.94,147.3,146.77,146.93,496047
2025-09-10T10:00:00+05:30,146.98,147.2,146.83,147.14,161130
2025-09-10T10:15:00+05:30,147.14,147.49,146.87,147.34,225438
2025-09-10T10:30:00+05:30,147.39,147.39,147.02,147.07,149018
2025-09-10T10:45:00+05:30,147.04,147.7,147.0,147.55,285681
2025-09-10T11:00:00+05:30,147.55,148.49,147.55,148.14,699275
2025-09-10T11:15:00+05:30,148.14,148.3,147.55,147.67,285778
2025-09-10T11:30:00+05:30,147.6,148.0,147.5,147.83,183524
2025-09-10T11:45:00+05:30,147.85,148.16,147.51,147.79,163193
2025-09-10T12:00:00+05:30,147.79,148.69,147.65,148.46,269056
2025-09-10T12:15:00+05:30,148.5,148.7,148.44,148.69,202770
2025-09-10T12:30:00+05:30,148.69,148.69,148.5,148.55,187596
2025-09-10T12:45:00+05:30,148.58,149.1,148.53,148.74,428867
2025-09-10T13:00:00+05:30,148.78,149.0,148.54,148.54,231128
2025-09-10T13:15:00+05:30,148.55,148.7,148.22,148.7,221922
2025-09-10T13:30:00+05:30,148.62,148.66,148.32,148.44,88765
2025-09-10T13:45:00+05:30,148.44,148.65,148.33,148.34,110432
2025-09-10T14:00:00+05:30,148.38,148.4,148.1,148.17,109439
2025-09-10T14:15:00+05:30,148.17,148.19,147.85,147.86,210295
2025-09-10T14:30:00+05:30,147.86,148.1,147.62,147.68,198551
2025-09-10T14:45:00+05:30,147.69,147.97,147.65,147.7,194650
2025-09-10T15:00:00+05:30,147.71,147.85,147.51,147.59,230656
2025-09-10T15:15:00+05:30,147.56,148.05,147.38,147.99,489118
2025-09-11T09:15:00+05:30,147.57,148.26,147.35,148.0,450162
2025-09-11T09:30:00+05:30,147.99,148.44,147.6,148.4,257393
2025-09-11T09:45:00+05:30,148.4,148.46,148.05,148.1,172330
2025-09-11T10:00:00+05:30,148.1,148.19,147.3,147.55,261858
2025-09-11T10:15:00+05:30,147.55,148.31,147.54,148.18,171114
2025-09-11T10:30:00+05:30,148.17,148.37,148.04,148.09,60304
2025-09-11T10:45:00+05:30,148.06,148.1,147.89,148.0,107133
2025-09-11T11:00:00+05:30,147.96,148.19,147.93,148.02,82132
2025-09-11T11:15:00+05:30,148.09,148.17,147.9,147.94,88769
2025-09-11T11:30:00+05:30,147.95,147.95,147.05,147.15,176681
2025-09-11T11:45:00+05:30,147.16,147.5,147.01,147.36,159779
2025-09-11T12:00:00+05:30,147.35,147.45,147.26,147.36,47069
2025-09-11T12:15:00+05:30,147.39,147.65,147.36,147.47,124705
2025-09-11T12:30:00+05:30,147.45,147.49,147.01,147.01,90100
2025-09-11T12:45:00+05:30,147.01,147.09,146.81,146.98,146232
2025-09-11T13:00:00+05:30,147.0,147.12,146.5,146.71,240399
2025-09-11T13:15:00+05:30,146.7,146.76,146.52,146.67,56394
2025-09-11T13:30:00+05:30,146.65,146.77,146.6,146.68,25646
2025-09-11T13:45:00+05:30,146.65,146.84,146.6,146.62,52593
2025-09-11T14:00:00+05:30,146.62,146.74,146.55,146.69,57314
2025-09-11T14:15:00+05:30,146.7,146.83,146.6,146.81,63305
2025-09-11T14:30:00+05:30,146.73,147.0,146.61,146.85,71096
2025-09-11T14:45:00+05:30,146.9,146.9,146.56,146.76,112506
2025-09-11T15:00:00+05:30,146.8,146.8,146.5,146.61,109984
2025-09-11T15:15:00+05:30,146.59,146.99,146.5,146.99,376869
2025-09-12T09:15:00+05:30,147.4,148.46,147.3,147.8,1013182
2025-09-12T09:30:00+05:30,147.83,148.15,147.38,147.61,494328
2025-09-12T09:45:00+05:30,147.67,147.76,147.15,147.38,265742
2025-09-12T10:00:00+05:30,147.38,147.8,147.1,147.39,170984
2025-09-12T10:15:00+05:30,147.33,147.57,147.33,147.4,98749
2025-09-12T10:30:00+05:30,147.4,147.59,147.21,147.3,133014
2025-09-12T10:45:00+05:30,147.35,147.45,146.8,146.96,158828
2025-09-12T11:00:00+05:30,146.95,147.45,146.85,147.42,85772
2025-09-12T11:15:00+05:30,147.41,147.6,147.36,147.55,89532
2025-09-12T11:30:00+05:30,147.57,147.57,147.32,147.36,86708
2025-09-12T11:45:00+05:30,147.4,147.42,146.86,147.08,117423
2025-09-12T12:00:00+05:30,147.08,147.27,147.05,147.11,46903
2025-09-12T12:15:00+05:30,147.19,147.28,147.05,147.26,37751
2025-09-12T12:30:00+05:30,147.26,147.35,147.11,147.21,55877
2025-09-12T12:45:00+05:30,147.25,147.26,146.75,146.9,114389
2025-09-12T13:00:00+05:30,146.86,147.16,146.8,147.1,48670
2025-09-12T13:15:00+05:30,147.1,147.25,147.03,147.25,59725
2025-09-12T13:30:00+05:30,147.25,147.25,147.0,147.0,45541
2025-09-12T13:45:00+05:30,147.0,147.12,146.81,147.12,63622
2025-09-12T14:00:00+05:30,147.12,147.22,146.92,147.18,84512
2025-09-12T14:15:00+05:30,147.17,147.2,146.95,147.1,67540
2025-09-12T14:30:00+05:30,147.11,147.11,146.9,146.96,139360
2025-09-12T14:45:00+05:30,147.0,147.05,146.73,146.88,161756
2025-09-12T15:00:00+05:30,146.96,147.38,146.93,147.27,263728
2025-09-12T15:15:00+05:30,147.27,147.75,147.2,147.73,473955
2025-09-15T09:15:00+05:30,147.9,151.25,147.89,150.98,2018736
2025-09-15T09:30:00+05:30,150.98,151.9,150.98,151.65,1727082
2025-09-15T09:45:00+05:30,151.6,152.8,151.5,152.8,1501394
2025-09-15T10:00:00+05:30,152.8,154.44,152.51,153.76,3270953
2025-09-15T10:15:00+05:30,153.76,153.84,153.01,153.13,1040671
2025-09-15T10:30:00+05:30,153.13,154.34,153.1,153.59,991407
2025-09-15T10:45:00+05:30,153.59,153.62,152.47,153.05,837349
2025-09-15T11:00:00+05:30,153.01,153.38,152.53,152.63,360699
2025-09-15T11:15:00+05:30,152.69,152.9,152.32,152.76,278976
2025-09-15T11:30:00+05:30,152.77,152.84,152.35,152.45,324358
2025-09-15T11:45:00+05:30,152.45,152.7,152.31,152.7,196800
2025-09-15T12:00:00+05:30,152.71,152.84,152.46,152.5,150462
2025-09-15T12:15:00+05:30,152.5,153.35,152.46,153.3,236545
2025-09-15T12:30:00+05:30,153.3,153.41,153.01,153.11,255083
2025-09-15T12:45:00+05:30,153.1,153.61,152.77,153.5,321195
2025-09-15T13:00:00+05:30,153.47,153.9,153.31,153.9,378137
2025-09-15T13:15:00+05:30,153.86,154.2,153.52,153.66,588184
2025-09-15T13:30:00+05:30,153.66,153.73,152.21,152.6,606868
2025-09-15T13:45:00+05:30,152.67,152.76,152.21,152.65,303942
2025-09-15T14:00:00+05:30,152.64,152.81,152.37,152.52,216865
2025-09-15T14:15:00+05:30,152.52,152.9,152.45,152.85,149685
2025-09-15T14:30:00+05:30,152.85,153.0,152.7,152.85,140963
2025-09-15T14:45:00+05:30,152.89,152.9,152.64,152.79,217233
2025-09-15T15:00:00+05:30,152.78,152.9,152.45,152.51,609510
2025-09-15T15:15:00+05:30,152.46,152.55,152.0,152.44,1220139
2025-09-16T09:15:00+05:30,152.85,152.85,150.56,151.28,1013999
2025-09-16T09:30:00+05:30,151.3,152.34,151.16,152.31,507832
2025-09-16T09:45:00+05:30,152.23,153.12,152.2,152.8,537601
2025-09-16T10:00:00+05:30,152.8,152.84,152.36,152.4,277063
2025-09-16T10:15:00+05:30,152.44,152.75,152.3,152.73,198692
2025-09-16T10:30:00+05:30,152.71,152.71,152.35,152.43,115388
2025-09-16T10:45:00+05:30,152.43,152.43,151.9,152.07,230465
2025-09-16T11:00:00+05:30,152.07,152.42,152.06,152.35,110513
2025-09-16T11:15:00+05:30,152.35,152.45,152.18,152.44,62451
2025-09-16T11:30:00+05:30,152.4,152.65,152.37,152.5,82536
2025-09-16T11:45:00+05:30,152.5,152.6,152.3,152.39,108960
2025-09-16T12:00:00+05:30,152.39,152.54,152.28,152.53,74230
2025-09-16T12:15:00+05:30,152.53,152.98,152.5,152.79,97743
2025-09-16T12:30:00+05:30,152.79,152.9,152.5,152.5,90794
2025-09-16T12:45:00+05:30,152.6,152.75,152.45,152.75,66570
2025-09-16T13:00:00+05:30,152.68,152.85,152.52,152.54,79298
2025-09-16T13:15:00+05:30,152.55,152.63,152.22,152.26,78256
2025-09-16T13:30:00+05:30,152.26,152.49,152.22,152.3,100870
2025-09-16T13:45:00+05:30,152.3,152.38,152.21,152.35,75395
2025-09-16T14:00:00+05:30,152.35,152.42,152.25,152.37,70028
2025-09-16T14:15:00+05:30,152.37,152.75,152.25,152.7,115015
2025-09-16T14:30:00+05:30,152.74,152.75,152.5,152.6,105510
2025-09-16T14:45:00+05:30,152.6,152.7,152.42,152.43,154608
2025-09-16T15:00:00+05:30,152.48,152.72,152.36,152.72,260994
2025-09-16T15:15:00+05:30,152.71,153.42,152.65,153.0,767297
2025-09-17T09:15:00+05:30,153.69,154.5,153.1,153.65,1134083
2025-09-17T09:30:00+05:30,153.65,153.84,153.37,153.71,299093
2025-09-17T09:45:00+05:30,153.7,153.7,153.0,153.23,276081
2025-09-17T10:00:00+05:30,153.25,153.74,153.15,153.26,157060
2025-09-17T10:15:00+05:30,153.25,153.68,153.0,153.57,160400
2025-09-17T10:30:00+05:30,153.57,153.68,153.11,153.21,118071
2025-09-17T10:45:00+05:30,153.21,153.41,153.04,153.36,88166
2025-09-17T11:00:00+05:30,153.36,153.65,153.3,153.54,137005
2025-09-17T11:15:00+05:30,153.55,153.63,153.5,153.62,67311
2025-09-17T11:30:00+05:30,153.62,153.87,153.54,153.6,94361
2025-09-17T11:45:00+05:30,153.6,153.68,153.5,153.58,49119
2025-09-17T12:00:00+05:30,153.62,153.65,153.5,153.5,46640
2025-09-17T12:15:00+05:30,153.5,153.62,153.5,153.56,110967
2025-09-17T12:30:00+05:30,153.58,153.64,153.51,153.52,56290
2025-09-17T12:45:00+05:30,153.55,153.59,153.5,153.59,91703
2025-09-17T13:00:00+05:30,153.59,153.73,153.54,153.58,57262
2025-09-17T13:15:00+05:30,153.64,153.95,153.57,153.95,156332
2025-09-17T13:30:00+05:30,153.95,154.69,153.85,153.87,448399
2025-09-17T13:45:00+05:30,153.88,153.95,153.55,153.77,104121
2025-09-17T14:00:00+05:30,153.71,153.75,153.26,153.38,615224
2025-09-17T14:15:00+05:30,153.38,153.6,153.26,153.28,116817
2025-09-17T14:30:00+05:30,153.35,153.44,153.1,153.33,123203
2025-09-17T14:45:00+05:30,153.26,153.55,153.26,153.55,81071
2025-09-17T15:00:00+05:30,153.52,153.9,153.38,153.75,349757
2025-09-17T15:15:00+05:30,153.75,154.5,153.71,154.17,656630
2025-09-18T09:15:00+05:30,154.8,157.62,154.2,156.79,3335249
2025-09-18T09:30:00+05:30,156.79,159.29,156.75,158.44,3881156
2025-09-18T09:45:00+05:30,158.44,158.92,157.63,158.12,2092953
2025-09-18T10:00:00+05:30,158.05,158.05,156.34,156.71,1455576
2025-09-18T10:15:00+05:30,156.73,157.6,156.7,157.33,884785
2025-09-18T10:30:00+05:30,157.33,157.36,156.72,156.95,439513
2025-09-18T10:45:00+05:30,156.95,157.1,156.64,156.65,309062
2025-09-18T11:00:00+05:30,156.65,157.3,156.65,156.85,290013
2025-09-18T11:15:00+05:30,156.92,157.13,156.81,157.0,197672
2025-09-18T11:30:00+05:30,157.04,157.05,156.5,156.5,207805
2025-09-18T11:45:00+05:30,156.5,156.57,155.8,156.25,510059
2025-09-18T12:00:00+05:30,156.25,156.4,156.05,156.22,170866
2025-09-18T12:15:00+05:30,156.2,156.38,156.09,156.15,128160
2025-09-18T12:30:00+05:30,156.23,156.23,155.34,155.7,377965
2025-09-18T12:45:00+05:30,155.67,156.01,155.61,155.79,225864
2025-09-18T13:00:00+05:30,155.78,155.78,155.12,155.19,341141
2025-09-18T13:15:00+05:30,155.17,155.89,155.1,155.69,232172
2025-09-18T13:30:00+05:30,155.7,155.83,155.62,155.69,91529
2025-09-18T13:45:00+05:30,155.69,155.85,155.37,155.49,185090
2025-09-18T14:00:00+05:30,155.48,155.6,155.15,155.2,225602
2025-09-18T14:15:00+05:30,155.2,155.45,155.1,155.14,279566
2025-09-18T14:30:00+05:30,155.13,155.7,155.13,155.6,255049
2025-09-18T14:45:00+05:30,155.55,155.8,155.5,155.64,222556
2025-09-18T15:00:00+05:30,155.67,155.79,155.26,155.36,522165
2025-09-18T15:15:00+05:30,155.34,155.73,155.3,155.4,1034618
2025-09-19T09:15:00+05:30,155.51,155.95,154.11,155.65,894392
2025-09-19T09:30:00+05:30,155.65,156.0,155.27,155.67,463798
2025-09-19T09:45:00+05:30,155.67,155.99,155.49,155.75,281242
2025-09-19T10:00:00+05:30,155.76,156.21,155.57,155.98,319439
2025-09-19T10:15:00+05:30,156.05,156.5,155.75,156.38,208259
2025-09-19T10:30:00+05:30,156.33,158.21,156.13,157.8,873590
2025-09-19T10:45:00+05:30,157.79,160.56,157.08,160.36,2935910
2025-09-19T11:00:00+05:30,160.37,161.15,159.8,160.39,3420201
2025-09-19T11:15:00+05:30,160.34,161.13,160.07,160.8,2087834
2025-09-19T11:30:00+05:30,160.73,160.88,159.9,160.45,1003565
2025-09-19T11:45:00+05:30,160.44,160.6,159.5,159.86,891380
2025-09-19T12:00:00+05:30,159.86,160.6,159.8,160.45,614220
2025-09-19T12:15:00+05:30,160.49,160.7,160.01,160.05,472953
2025-09-19T12:30:00+05:30,160.05,160.29,159.89,159.92,425954
2025-09-19T12:45:00+05:30,159.92,160.0,159.61,159.76,414865
2025-09-19T13:00:00+05:30,159.76,160.5,159.75,160.39,382975
2025-09-19T13:15:00+05:30,160.48,160.5,160.19,160.29,302244
2025-09-19T13:30:00+05:30,160.28,160.49,159.94,160.02,245612
2025-09-19T13:45:00+05:30,160.02,160.17,159.8,159.82,268153
2025-09-19T14:00:00+05:30,159.85,160.49,159.83,160.44,394950
2025-09-19T14:15:00+05:30,160.44,160.65,160.07,160.3,462464
2025-09-19T14:30:00+05:30,160.3,160.8,160.15,160.36,396155
2025-09-19T14:45:00+05:30,160.36,160.6,160.31,160.36,320620
2025-09-19T15:00:00+05:30,160.36,161.0,160.15,160.64,3902702
2025-09-19T15:15:00+05:30,160.64,161.2,160.1,160.6,4129021
2025-09-22T09:15:00+05:30,160.85,162.38,159.8,162.05,2382738
2025-09-22T09:30:00+05:30,162.02,163.2,162.02,162.99,2318692
2025-09-22T09:45:00+05:30,162.92,163.2,162.33,162.85,809821
2025-09-22T10:00:00+05:30,162.79,163.35,161.21,161.59,1572140
2025-09-22T10:15:00+05:30,161.59,161.95,160.69,161.1,708203
2025-09-22T10:30:00+05:30,161.03,162.12,161.03,161.5,486901
2025-09-22T10:45:00+05:30,161.47,161.54,161.0,161.29,267799
2025-09-22T11:00:00+05:30,161.2,161.33,160.8,160.92,267138
2025-09-22T11:15:00+05:30,160.84,160.98,160.5,160.6,315661
2025-09-22T11:30:00+05:30,160.57,160.87,160.2,160.87,282770
2025-09-22T11:45:00+05:30,160.8,161.0,160.53,160.53,248487
2025-09-22T12:00:00+05:30,160.52,160.68,159.52,159.9,438843
2025-09-22T12:15:00+05:30,159.93,159.98,159.25,159.4,448701
2025-09-22T12:30:00+05:30,159.4,159.8,159.3,159.6,313283
2025-09-22T12:45:00+05:30,159.6,159.69,159.3,159.4,148973
2025-09-22T13:00:00+05:30,159.39,159.67,159.35,159.6,157148
2025-09-22T13:15:00+05:30,159.6,160.49,159.32,160.49,382938
2025-09-22T13:30:00+05:30,160.45,160.48,159.84,160.27,199963
2025-09-22T13:45:00+05:30,160.25,160.25,159.5,159.52,154483
2025-09-22T14:00:00+05:30,159.5,159.7,159.15,159.5,224943
2025-09-22T14:15:00+05:30,159.47,159.53,159.1,159.1,201964
2025-09-22T14:30:00+05:30,159.1,159.38,158.3,158.86,516839
2025-09-22T14:45:00+05:30,158.83,159.1,158.4,158.83,357171
2025-09-22T15:00:00+05:30,158.83,159.04,158.7,159.0,324516
2025-09-22T15:15:00+05:30,159.0,159.38,158.7,158.75,1057261
2025-09-23T09:15:00+05:30,159.3,159.81,157.55,157.65,715855
2025-09-23T09:30:00+05:30,157.59,157.8,157.03,157.09,787912
2025-09-23T09:45:00+05:30,157.09,157.14,156.48,156.57,619715
2025-09-23T10:00:00+05:30,156.61,157.24,156.52,157.16,562862
2025-09-23T10:15:00+05:30,157.11,157.22,156.41,156.77,346377
2025-09-23T10:30:00+05:30,156.78,157.1,156.52,156.52,301461
2025-09-23T10:45:00+05:30,156.56,156.6,156.01,156.14,322478
2025-09-23T11:00:00+05:30,156.14,156.15,155.4,155.52,427010
2025-09-23T11:15:00+05:30,155.49,155.64,155.0,155.45,947830
2025-09-23T11:30:00+05:30,155.47,155.5,155.1,155.4,200051
2025-09-23T11:45:00+05:30,155.43,155.96,155.36,155.68,215779
2025-09-23T12:00:00+05:30,155.7,156.14,155.65,156.14,142999
2025-09-23T12:15:00+05:30,156.14,156.4,155.83,156.38,179422
2025-09-23T12:30:00+05:30,156.38,156.68,156.1,156.15,146574
2025-09-23T12:45:00+05:30,156.16,156.39,156.1,156.25,65268
2025-09-23T13:00:00+05:30,156.26,156.55,156.12,156.23,88389
2025-09-23T13:15:00+05:30,156.25,156.49,156.01,156.48,81122
2025-09-23T13:30:00+05:30,156.4,156.55,156.26,156.4,89697
2025-09-23T13:45:00+05:30,156.4,156.76,156.32,156.4,140680
2025-09-23T14:00:00+05:30,156.42,156.8,156.3,156.31,149691
2025-09-23T14:15:00+05:30,156.32,156.48,156.04,156.4,116731
2025-09-23T14:30:00+05:30,156.4,156.4,156.05,156.2,97755
2025-09-23T14:45:00+05:30,156.15,156.26,155.85,156.0,185631
2025-09-23T15:00:00+05:30,155.98,156.08,155.62,155.7,240151
2025-09-23T15:15:00+05:30,155.7,155.8,155.21,155.59,875690
2025-09-24T09:15:00+05:30,155.5,155.67,154.12,154.7,601559
2025-09-24T09:30:00+05:30,154.68,155.57,154.32,154.85,367117
2025-09-24T09:45:00+05:30,154.87,155.42,154.53,155.27,229622
2025-09-24T10:00:00+05:30,155.33,156.24,155.1,156.18,480125
2025-09-24T10:15:00+05:30,156.07,156.3,155.8,156.0,253821
2025-09-24T10:30:00+05:30,156.0,156.0,155.5,155.5,155718
2025-09-24T10:45:00+05:30,155.5,155.55,155.0,155.02,139405
2025-09-24T11:00:00+05:30,155.04,155.06,154.41,154.61,172993
2025-09-24T11:15:00+05:30,154.56,154.67,154.25,154.26,114198
2025-09-24T11:30:00+05:30,154.26,154.38,154.0,154.09,165143
2025-09-24T11:45:00+05:30,154.11,154.42,154.11,154.35,63683
2025-09-24T12:00:00+05:30,154.35,154.35,153.37,154.04,329299
2025-09-24T12:15:00+05:30,154.02,154.12,153.71,153.71,77659
2025-09-24T12:30:00+05:30,153.71,154.0,153.71,153.86,47512
2025-09-24T12:45:00+05:30,153.86,153.87,153.4,153.77,91693
2025-09-24T13:00:00+05:30,153.77,153.99,153.75,153.92,48111
2025-09-24T13:15:00+05:30,153.92,154.28,153.81,153.92,131447
2025-09-24T13:30:00+05:30,154.0,154.6,154.0,154.4,152089
2025-09-24T13:45:00+05:30,154.41,154.89,154.3,154.6,143868
2025-09-24T14:00:00+05:30,154.6,154.75,154.32,154.35,82218
2025-09-24T14:15:00+05:30,154.35,154.5,154.05,154.08,94436
2025-09-24T14:30:00+05:30,154.09,154.13,153.3,153.44,214072
2025-09-24T14:45:00+05:30,153.48,153.49,153.1,153.15,117987
2025-09-24T15:00:00+05:30,153.15,153.22,152.72,152.72,280321
2025-09-24T15:15:00+05:30,152.72,152.75,152.2,152.67,557109
2025-09-25T09:15:00+05:30,152.5,155.4,151.02,154.41,1106523
2025-09-25T09:30:00+05:30,154.4,154.64,153.2,153.37,381452
2025-09-25T09:45:00+05:30,153.43,153.44,152.6,153.37,207493
2025-09-25T10:00:00+05:30,153.36,153.95,153.32,153.68,147010
2025-09-25T10:15:00+05:30,153.71,153.9,153.25,153.42,65806
2025-09-25T10:30:00+05:30,153.38,153.61,153.01,153.17,144529
2025-09-25T10:45:00+05:30,153.17,153.58,152.81,152.93,124280
2025-09-25T11:00:00+05:30,152.95,153.18,152.82,152.86,90330
2025-09-25T11:15:00+05:30,152.86,153.35,152.7,152.95,86102
2025-09-25T11:30:00+05:30,152.92,153.0,152.21,152.31,114800
2025-09-25T11:45:00+05:30,152.31,152.38,151.9,152.14,167712
2025-09-25T12:00:00+05:30,152.13,152.19,151.9,152.01,72675
2025-09-25T12:15:00+05:30,152.0,152.4,151.9,152.32,98253
2025-09-25T12:30:00+05:30,152.33,152.77,152.06,152.45,153537
2025-09-25T12:45:00+05:30,152.49,152.7,152.25,152.59,76674
2025-09-25T13:00:00+05:30,152.6,152.87,152.35,152.42,103215
2025-09-25T13:15:00+05:30,152.38,152.43,151.9,152.0,111689
2025-09-25T13:30:00+05:30,152.09,152.28,151.96,152.11,74014
2025-09-25T13:45:00+05:30,152.11,152.32,151.72,151.74,111497
2025-09-25T14:00:00+05:30,151.82,151.9,151.7,151.75,63468
2025-09-25T14:15:00+05:30,151.75,151.94,151.74,151.85,53999
2025-09-25T14:30:00+05:30,151.85,151.93,151.6,151.6,75046
2025-09-25T14:45:00+05:30,151.62,151.75,151.05,151.11,207720
2025-09-25T15:00:00+05:30,151.18,151.25,150.12,150.24,478920
2025-09-25T15:15:00+05:30,150.24,150.39,149.81,150.39,705270
2025-09-26T09:15:00+05:30,149.99,150.26,148.5,148.84,658973
2025-09-26T09:30:00+05:30,148.8,148.9,148.05,148.82,392372
2025-09-26T09:45:00+05:30,148.82,149.5,148.76,149.4,263836
2025-09-26T10:00:00+05:30,149.4,149.47,148.5,148.59,140881
2025-09-26T10:15:00+05:30,148.59,149.06,148.4,148.78,123885
2025-09-26T10:30:00+05:30,148.79,149.1,148.58,149.1,98021
2025-09-26T10:45:00+05:30,149.1,149.21,148.73,148.89,92442
2025-09-26T11:00:00+05:30,148.83,148.92,148.5,148.79,66567
2025-09-26T11:15:00+05:30,148.82,148.82,148.1,148.39,147218
2025-09-26T11:30:00+05:30,148.38,148.4,147.85,147.91,174627
2025-09-26T11:45:00+05:30,147.95,148.49,147.91,148.39,91986
2025-09-26T12:00:00+05:30,148.39,148.39,148.0,148.2,80605
2025-09-26T12:15:00+05:30,148.14,148.25,147.9,148.01,69976
2025-09-26T12:30:00+05:30,148.01,148.06,147.6,147.84,78588
2025-09-26T12:45:00+05:30,147.84,148.27,147.71,147.98,59764
2025-09-26T13:00:00+05:30,147.97,148.18,147.8,147.8,59482
2025-09-26T13:15:00+05:30,147.8,147.82,147.01,147.19,204074
2025-09-26T13:30:00+05:30,147.17,147.25,146.65,147.0,233925
2025-09-26T13:45:00+05:30,146.97,147.1,146.44,146.72,176721
2025-09-26T14:00:00+05:30,146.72,146.91,146.3,146.87,198915
2025-09-26T14:15:00+05:30,146.87,146.9,146.55,146.72,158905
2025-09-26T14:30:00+05:30,146.72,147.0,146.62,146.87,193359
2025-09-26T14:45:00+05:30,146.86,147.0,146.5,146.63,194406
2025-09-26T15:00:00+05:30,146.65,146.7,146.1,146.18,427469
2025-09-26T15:15:00+05:30,146.19,146.86,146.0,146.69,707913
2025-09-29T09:15:00+05:30,146.9,148.5,146.63,148.29,602497
2025-09-29T09:30:00+05:30,148.29,149.1,148.21,148.6,372760
2025-09-29T09:45:00+05:30,148.6,149.38,148.53,149.26,256730
2025-09-29T10:00:00+05:30,149.31,150.13,149.26,149.57,573583
2025-09-29T10:15:00+05:30,149.57,150.5,149.51,150.17,466941
2025-09-29T10:30:00+05:30,150.1,150.18,149.56,150.0,219106
2025-09-29T10:45:00+05:30,150.06,150.48,149.71,150.14,258927
2025-09-29T11:00:00+05:30,150.14,150.62,149.82,149.89,210935
2025-09-29T11:15:00+05:30,149.89,149.92,149.55,149.75,155656
2025-09-29T11:30:00+05:30,149.75,149.83,149.05,149.2,297829
2025-09-29T11:45:00+05:30,149.17,149.44,148.83,149.27,224395
2025-09-29T12:00:00+05:30,149.26,149.39,148.75,148.85,116401
2025-09-29T12:15:00+05:30,148.88,149.92,148.8,149.8,207838
2025-09-29T12:30:00+05:30,149.8,149.85,149.15,149.2,113503
2025-09-29T12:45:00+05:30,149.14,149.25,148.48,149.25,235813
2025-09-29T13:00:00+05:30,149.19,150.23,149.08,150.17,206491
2025-09-29T13:15:00+05:30,150.17,150.47,149.88,150.33,184462
2025-09-29T13:30:00+05:30,150.3,150.38,149.8,149.85,86692
2025-09-29T13:45:00+05:30,149.85,150.3,149.83,150.28,175844
2025-09-29T14:00:00+05:30,150.26,150.28,150.0,150.06,84957
2025-09-29T14:15:00+05:30,150.04,150.29,150.0,150.11,95819
2025-09-29T14:30:00+05:30,150.11,150.2,149.53,149.6,157713
2025-09-29T14:45:00+05:30,149.6,149.79,149.5,149.65,130492
2025-09-29T15:00:00+05:30,149.56,149.56,148.5,148.66,418681
2025-09-29T15:15:00+05:30,148.66,149.3,148.4,149.12,560836
2025-09-30T09:15:00+05:30,149.59,150.5,148.68,149.76,537663
2025-09-30T09:30:00+05:30,149.7,150.75,149.69,149.95,459026
2025-09-30T09:45:00+05:30,149.9,150.5,149.55,150.27,313935
2025-09-30T10:00:00+05:30,150.29,150.43,149.73,149.81,136039
2025-09-30T10:15:00+05:30,149.81,149.98,149.24,149.26,189541
2025-09-30T10:30:00+05:30,149.3,149.34,148.8,149.23,216195
2025-09-30T10:45:00+05:30,149.2,149.24,148.78,148.9,121946
2025-09-30T11:00:00+05:30,148.93,149.12,148.8,148.95,87089
2025-09-30T11:15:00+05:30,148.96,149.15,148.7,148.75,161785
2025-09-30T11:30:00+05:30,148.75,148.79,148.28,148.28,134394
2025-09-30T11:45:00+05:30,148.31,148.31,148.02,148.03,135372
2025-09-30T12:00:00+05:30,148.1,148.46,148.02,148.28,107930
2025-09-30T12:15:00+05:30,148.25,148.5,148.01,148.47,65971
2025-09-30T12:30:00+05:30,148.47,148.52,148.26,148.47,51595
2025-09-30T12:45:00+05:30,148.46,148.54,148.08,148.15,62762
2025-09-30T13:00:00+05:30,148.12,148.14,147.65,147.78,151761
2025-09-30T13:15:00+05:30,147.74,147.93,147.5,147.6,115890
2025-09-30T13:30:00+05:30,147.63,147.69,147.26,147.37,218819
2025-09-30T13:45:00+05:30,147.37,148.27,147.26,147.99,288561
2025-09-30T14:00:00+05:30,147.98,148.15,147.59,147.91,145788
2025-09-30T14:15:00+05:30,147.84,148.42,147.66,148.4,188271
2025-09-30T14:30:00+05:30,148.35,149.31,147.85,149.31,301233
2025-09-30T14:45:00+05:30,149.3,149.55,149.05,149.38,444882
2025-09-30T15:00:00+05:30,149.4,149.47,148.39,148.59,360407
2025-09-30T15:15:00+05:30,148.56,150.0,148.26,150.0,801330
2025-10-01T09:15:00+05:30,151.68,154.35,151.01,152.21,5215213
2025-10-01T09:30:00+05:30,152.12,152.22,150.71,151.87,1878898
2025-10-01T09:45:00+05:30,151.78,151.9,150.3,150.72,976339
2025-10-01T10:00:00+05:30,150.72,151.08,149.77,150.35,801253
2025-10-01T10:15:00+05:30,150.34,151.18,150.24,151.12,519173
2025-10-01T10:30:00+05:30,151.13,155.37,151.08,154.3,4568534
2025-10-01T10:45:00+05:30,154.35,154.41,152.89,153.21,1128733
2025-10-01T11:00:00+05:30,153.16,153.48,152.7,153.38,421786
2025-10-01T11:15:00+05:30,153.38,153.54,152.51,152.9,310758
2025-10-01T11:30:00+05:30,152.83,153.3,152.8,153.02,226847
2025-10-01T11:45:00+05:30,153.02,153.02,152.3,152.8,293275
2025-10-01T12:00:00+05:30,152.75,152.98,152.34,152.42,354576
2025-10-01T12:15:00+05:30,152.4,152.66,152.21,152.38,215024
2025-10-01T12:30:00+05:30,152.38,152.8,152.21,152.21,211405
2025-10-01T12:45:00+05:30,152.21,152.38,152.05,152.22,203981
2025-10-01T13:00:00+05:30,152.22,152.75,152.15,152.62,178776
2025-10-01T13:15:00+05:30,152.62,152.71,151.7,151.8,369915
2025-10-01T13:30:00+05:30,151.87,152.45,151.87,152.37,126699
2025-10-01T13:45:00+05:30,152.37,152.37,151.9,152.0,160954
2025-10-01T14:00:00+05:30,152.0,152.35,152.0,152.05,139607
2025-10-01T14:15:00+05:30,152.11,152.77,152.01,152.46,252064
2025-10-01T14:30:00+05:30,152.48,152.8,152.4,152.7,200000
2025-10-01T14:45:00+05:30,152.7,152.94,152.63,152.78,422703
2025-10-01T15:00:00+05:30,152.78,152.9,152.3,152.86,686453
2025-10-01T15:15:00+05:30,152.86,153.0,152.5,152.81,1074766
2025-10-03T09:15:00+05:30,152.65,156.4,152.21,155.14,2010118
2025-10-03T09:30:00+05:30,155.15,155.15,153.77,154.03,665389
2025-10-03T09:45:00+05:30,154.03,154.49,153.5,154.23,415569
2025-10-03T10:00:00+05:30,154.25,154.68,153.8,154.42,329734
2025-10-03T10:15:00+05:30,154.38,154.45,153.51,153.83,244337
2025-10-03T10:30:00+05:30,153.83,153.94,152.94,153.21,309187
2025-10-03T10:45:00+05:30,153.21,153.21,152.75,152.89,281546
2025-10-03T11:00:00+05:30,152.89,153.09,152.77,153.03,204042
2025-10-03T11:15:00+05:30,153.03,153.54,152.99,153.22,219680
2025-10-03T11:30:00+05:30,153.26,153.5,152.73,153.13,324832
2025-10-03T11:45:00+05:30,153.12,153.12,152.17,152.54,418801
2025-10-03T12:00:00+05:30,152.54,152.91,152.06,152.48,393914
2025-10-03T12:15:00+05:30,152.42,152.58,151.8,152.23,457181
2025-10-03T12:30:00+05:30,152.2,152.47,152.0,152.47,109965
2025-10-03T12:45:00+05:30,152.47,153.0,152.35,152.95,246785
2025-10-03T13:00:00+05:30,152.95,153.24,152.65,153.08,200735
2025-10-03T13:15:00+05:30,153.08,153.09,152.53,152.63,76140
2025-10-03T13:30:00+05:30,152.63,152.69,152.47,152.67,79493
2025-10-03T13:45:00+05:30,152.65,152.78,152.53,152.7,82508
2025-10-03T14:00:00+05:30,152.7,153.19,152.65,153.06,229786
2025-10-03T14:15:00+05:30,153.05,153.1,153.0,153.07,250966
2025-10-03T14:30:00+05:30,153.07,153.7,152.92,153.48,434950
2025-10-03T14:45:00+05:30,153.48,155.0,153.48,153.85,814566
2025-10-03T15:00:00+05:30,153.8,154.0,153.72,153.98,413660
2025-10-03T15:15:00+05:30,153.96,154.5,153.82,154.31,867780
2025-10-06T09:15:00+05:30,154.09,154.75,153.02,153.23,678800
2025-10-06T09:30:00+05:30,153.15,153.35,152.6,152.83,380482
2025-10-06T09:45:00+05:30,152.9,152.95,152.05,152.1,465914
2025-10-06T10:00:00+05:30,152.1,152.34,151.54,152.12,506185
2025-10-06T10:15:00+05:30,152.17,152.26,151.7,151.79,235457
2025-10-06T10:30:00+05:30,151.76,151.82,150.86,151.18,744917
2025-10-06T10:45:00+05:30,151.18,151.25,150.68,150.99,290247
2025-10-06T11:00:00+05:30,150.99,151.19,150.8,151.04,149333
2025-10-06T11:15:00+05:30,151.04,151.08,150.51,151.0,282781
2025-10-06T11:30:00+05:30,151.0,151.33,150.85,151.09,156829
2025-10-06T11:45:00+05:30,151.05,151.4,150.95,151.0,136745
2025-10-06T12:00:00+05:30,151.0,151.13,150.86,151.0,95569
2025-10-06T12:15:00+05:30,151.05,151.25,150.83,150.83,121625
2025-10-06T12:30:00+05:30,150.82,150.91,150.7,150.8,147662
2025-10-06T12:45:00+05:30,150.8,150.87,150.7,150.82,152801
2025-10-06T13:00:00+05:30,150.83,150.97,150.61,150.83,99890
2025-10-06T13:15:00+05:30,150.81,151.27,150.67,151.27,166811
2025-10-06T13:30:00+05:30,151.27,151.4,151.19,151.31,102222
2025-10-06T13:45:00+05:30,151.31,151.38,150.98,151.23,102006
2025-10-06T14:00:00+05:30,151.28,151.45,151.15,151.16,92654
2025-10-06T14:15:00+05:30,151.2,151.34,151.1,151.15,74409
2025-10-06T14:30:00+05:30,151.14,151.42,151.09,151.21,170737
2025-10-06T14:45:00+05:30,151.26,151.31,150.91,151.0,224023
2025-10-06T15:00:00+05:30,151.02,151.3,150.9,151.2,423014
2025-10-06T15:15:00+05:30,151.2,151.45,151.1,151.35,824857
2025-10-07T09:15:00+05:30,151.16,152.42,151.16,152.28,714009
2025-10-07T09:30:00+05:30,152.22,152.54,152.0,152.12,376308
2025-10-07T09:45:00+05:30,152.13,152.57,151.95,151.95,219867
2025-10-07T10:00:00+05:30,152.0,152.3,151.7,151.7,147334
2025-10-07T10:15:00+05:30,151.7,151.93,151.5,151.55,111309
2025-10-07T10:30:00+05:30,151.6,151.75,151.4,151.56,104133
2025-10-07T10:45:00+05:30,151.56,151.7,150.67,150.97,359601
2025-10-07T11:00:00+05:30,150.97,151.33,150.6,150.89,187105
2025-10-07T11:15:00+05:30,150.94,151.15,150.5,150.9,110431
2025-10-07T11:30:00+05:30,150.9,150.99,150.64,150.71,90539
2025-10-07T11:45:00+05:30,150.76,151.39,150.76,151.3,72357
2025-10-07T12:00:00+05:30,151.33,151.98,151.3,151.67,193030
2025-10-07T12:15:00+05:30,151.67,151.79,151.16,151.29,90188
2025-10-07T12:30:00+05:30,151.33,151.36,150.93,151.08,63822
2025-10-07T12:45:00+05:30,151.08,151.86,150.95,151.57,163904
2025-10-07T13:00:00+05:30,151.62,152.4,151.59,151.8,386670
2025-10-07T13:15:00+05:30,151.8,151.98,151.65,151.84,94820
2025-10-07T13:30:00+05:30,151.84,152.0,151.65,152.0,89339
2025-10-07T13:45:00+05:30,152.0,152.1,151.76,151.83,145649
2025-10-07T14:00:00+05:30,151.83,153.42,151.8,153.36,443646
2025-10-07T14:15:00+05:30,153.35,153.41,152.65,152.77,345968
2025-10-07T14:30:00+05:30,152.75,153.01,152.61,152.79,288095
2025-10-07T14:45:00+05:30,152.79,152.86,152.17,152.4,181682
2025-10-07T15:00:00+05:30,152.4,152.59,152.05,152.4,316986
2025-10-07T15:15:00+05:30,152.4,152.8,152.3,152.8,616931
2025-10-08T09:15:00+05:30,152.45,152.99,151.4,151.84,549544
2025-10-08T09:30:00+05:30,151.84,152.4,151.6,152.27,275212
2025-10-08T09:45:00+05:30,152.2,152.27,151.4,151.75,201596
2025-10-08T10:00:00+05:30,151.86,152.18,151.25,151.47,190325
2025-10-08T10:15:00+05:30,151.47,151.57,150.4,150.97,439594
2025-10-08T10:30:00+05:30,150.92,150.94,150.5,150.63,130310
2025-10-08T10:45:00+05:30,150.63,150.9,150.5,150.6,84539
2025-10-08T11:00:00+05:30,150.65,150.65,150.01,150.1,235183
2025-10-08T11:15:00+05:30,150.09,150.25,149.51,149.7,224721
2025-10-08T11:30:00+05:30,149.7,149.73,149.4,149.41,214940
2025-10-08T11:45:00+05:30,149.41,149.85,149.3,149.47,125583
2025-10-08T12:00:00+05:30,149.52,149.75,149.12,149.56,169782
2025-10-08T12:15:00+05:30,149.55,149.6,149.29,149.52,52829
2025-10-08T12:30:00+05:30,149.59,149.84,149.5,149.77,65091
2025-10-08T12:45:00+05:30,149.84,150.0,149.65,149.85,128738
2025-10-08T13:00:00+05:30,149.9,149.9,149.55,149.8,115495
2025-10-08T13:15:00+05:30,149.8,150.03,149.0,149.05,460675
2025-10-08T13:30:00+05:30,149.03,149.55,148.75,149.19,306716
2025-10-08T13:45:00+05:30,149.2,149.42,148.95,149.24,222475
2025-10-08T14:00:00+05:30,149.24,149.34,148.9,148.99,144717
2025-10-08T14:15:00+05:30,148.99,149.0,148.85,148.9,124256
2025-10-08T14:30:00+05:30,148.94,149.0,148.82,148.9,110517
2025-10-08T14:45:00+05:30,148.9,148.99,148.5,148.58,254419
2025-10-08T15:00:00+05:30,148.64,149.0,148.4,148.47,508064
2025-10-08T15:15:00+05:30,148.48,148.85,148.4,148.5,846607
2025-10-09T09:15:00+05:30,148.64,149.36,148.45,148.64,675678
2025-10-09T09:30:00+05:30,148.63,148.83,147.4,147.42,630223
2025-10-09T09:45:00+05:30,147.42,147.45,147.01,147.42,326138
2025-10-09T10:00:00+05:30,147.42,147.83,147.23,147.32,256040
2025-10-09T10:15:00+05:30,147.39,149.1,147.3,148.52,1078534
2025-10-09T10:30:00+05:30,148.51,148.9,148.37,148.63,227803
2025-10-09T10:45:00+05:30,148.69,148.8,148.55,148.78,110430
2025-10-09T11:00:00+05:30,148.71,149.0,148.55,148.63,231000
2025-10-09T11:15:00+05:30,148.63,148.78,148.51,148.67,89602
2025-10-09T11:30:00+05:30,148.67,148.97,148.62,148.7,112426
2025-10-09T11:45:00+05:30,148.69,148.7,148.5,148.55,104182
2025-10-09T12:00:00+05:30,148.55,148.71,148.51,148.7,59937
2025-10-09T12:15:00+05:30,148.66,148.97,148.61,148.65,139507
2025-10-09T12:30:00+05:30,148.65,148.72,148.22,148.27,113889
2025-10-09T12:45:00+05:30,148.33,148.64,148.27,148.45,66735
2025-10-09T13:00:00+05:30,148.45,148.52,148.3,148.37,46143
2025-10-09T13:15:00+05:30,148.42,148.43,148.17,148.36,114603
2025-10-09T13:30:00+05:30,148.33,148.43,148.05,148.18,113536
2025-10-09T13:45:00+05:30,148.18,148.38,148.1,148.26,89993
2025-10-09T14:00:00+05:30,148.26,148.9,148.26,148.73,209703
2025-10-09T14:15:00+05:30,148.73,148.74,148.2,148.3,204028
2025-10-09T14:30:00+05:30,148.32,148.73,148.27,148.37,294860
2025-10-09T14:45:00+05:30,148.37,148.48,148.29,148.44,512663
2025-10-09T15:00:00+05:30,148.44,148.77,148.36,148.69,1046829
2025-10-09T15:15:00+05:30,148.69,150.0,148.65,149.6,1067217
2025-10-10T09:15:00+05:30,149.3,150.5,149.0,150.16,593087
2025-10-10T09:30:00+05:30,150.16,150.48,149.81,150.48,310869
2025-10-10T09:45:00+05:30,150.45,150.75,150.28,150.74,296435
2025-10-10T10:00:00+05:30,150.74,151.78,150.73,151.32,420609
2025-10-10T10:15:00+05:30,151.38,151.59,151.16,151.59,293010
2025-10-10T10:30:00+05:30,151.56,152.25,151.36,151.4,403935
2025-10-10T10:45:00+05:30,151.48,151.75,151.36,151.37,119042
2025-10-10T11:00:00+05:30,151.37,151.7,150.8,151.29,240057
2025-10-10T11:15:00+05:30,151.29,151.9,151.16,151.22,193467
2025-10-10T11:30:00+05:30,151.23,151.26,150.9,151.17,80428
2025-10-10T11:45:00+05:30,151.17,151.23,150.94,151.13,63756
2025-10-10T12:00:00+05:30,151.15,151.3,150.95,150.98,58224
2025-10-10T12:15:00+05:30,150.98,151.14,150.81,150.98,69015
2025-10-10T12:30:00+05:30,150.97,151.78,150.92,151.32,117827
2025-10-10T12:45:00+05:30,151.33,151.61,151.25,151.39,99229
2025-10-10T13:00:00+05:30,151.44,151.69,151.44,151.44,65572
2025-10-10T13:15:00+05:30,151.53,151.65,151.32,151.41,95042
2025-10-10T13:30:00+05:30,151.37,151.67,151.35,151.54,110280
2025-10-10T13:45:00+05:30,151.59,151.78,151.32,151.55,108062
2025-10-10T14:00:00+05:30,151.55,151.63,151.2,151.25,115416
2025-10-10T14:15:00+05:30,151.22,151.25,151.09,151.11,101538
2025-10-10T14:30:00+05:30,151.15,151.3,151.01,151.22,96881
2025-10-10T14:45:00+05:30,151.17,151.25,150.81,151.15,147438
2025-10-10T15:00:00+05:30,151.2,151.22,150.62,150.8,224495
2025-10-10T15:15:00+05:30,150.8,151.25,150.8,151.09,503661
2025-10-13T09:15:00+05:30,149.9,150.8,149.11,149.19,760460
2025-10-13T09:30:00+05:30,149.19,149.4,148.57,149.24,520794
2025-10-13T09:45:00+05:30,149.29,149.7,149.1,149.64,235196
2025-10-13T10:00:00+05:30,149.64,149.69,149.21,149.42,172991
2025-10-13T10:15:00+05:30,149.4,149.46,148.91,149.26,234070
2025-10-13T10:30:00+05:30,149.26,149.58,149.19,149.4,195969
2025-10-13T10:45:00+05:30,149.4,149.58,149.1,149.1,132449
2025-10-13T11:00:00+05:30,149.15,149.4,148.91,149.3,122315
2025-10-13T11:15:00+05:30,149.3,149.4,148.72,149.1,205933
2025-10-13T11:30:00+05:30,149.13,149.2,148.89,149.0,141995
2025-10-13T11:45:00+05:30,149.0,149.4,148.9,149.2,150007
2025-10-13T12:00:00+05:30,149.2,149.3,148.8,149.25,94005
2025-10-13T12:15:00+05:30,149.24,149.31,149.01,149.22,35993
2025-10-13T12:30:00+05:30,149.24,149.44,149.08,149.42,52145
2025-10-13T12:45:00+05:30,149.44,149.48,149.1,149.27,64839
2025-10-13T13:00:00+05:30,149.29,149.3,149.0,149.15,75284
2025-10-13T13:15:00+05:30,149.21,149.22,149.0,149.16,65924
2025-10-13T13:30:00+05:30,149.21,149.27,149.09,149.19,51287
2025-10-13T13:45:00+05:30,149.18,149.4,149.17,149.19,75547
2025-10-13T14:00:00+05:30,149.19,149.4,149.17,149.3,62044
2025-10-13T14:15:00+05:30,149.3,149.55,149.26,149.46,105443
2025-10-13T14:30:00+05:30,149.45,149.6,149.25,149.3,130889
2025-10-13T14:45:00+05:30,149.29,149.74,149.26,149.7,125029
2025-10-13T15:00:00+05:30,149.7,150.15,149.6,150.14,467664
2025-10-13T15:15:00+05:30,150.14,150.5,150.06,150.15,529331
2025-10-14T09:15:00+05:30,151.0,151.87,150.6,150.79,911273
2025-10-14T09:30:00+05:30,150.8,151.3,149.45,149.72,639768
2025-10-14T09:45:00+05:30,149.72,150.48,148.34,148.58,600552
2025-10-14T10:00:00+05:30,148.58,152.37,148.31,151.51,2097682
2025-10-14T10:15:00+05:30,151.51,155.59,151.05,153.23,8728944
2025-10-14T10:30:00+05:30,153.33,153.69,150.6,152.1,3886883
2025-10-14T10:45:00+05:30,152.1,154.4,151.9,154.25,3145735
2025-10-14T11:00:00+05:30,154.2,154.65,153.69,154.54,2491399
2025-10-14T11:15:00+05:30,154.44,154.56,153.25,154.22,1780272
2025-10-14T11:30:00+05:30,154.22,154.6,153.59,154.4,1415852
2025-10-14T11:45:00+05:30,154.46,155.86,153.55,155.66,2492582
2025-10-14T12:00:00+05:30,155.61,155.64,154.16,155.16,2396430
2025-10-14T12:15:00+05:30,155.25,155.27,154.5,154.64,959889
2025-10-14T12:30:00+05:30,154.6,154.9,153.71,153.93,1121789
2025-10-14T12:45:00+05:30,153.95,154.9,153.6,154.76,766084
2025-10-14T13:00:00+05:30,154.79,155.5,154.6,155.27,1563057
2025-10-14T13:15:00+05:30,155.24,155.5,154.61,155.23,1095562
2025-10-14T13:30:00+05:30,155.24,155.6,154.83,155.04,1333017
2025-10-14T13:45:00+05:30,155.04,155.23,154.5,154.74,740562
2025-10-14T14:00:00+05:30,154.72,155.0,154.56,154.74,428704
2025-10-14T14:15:00+05:30,154.74,155.15,154.67,154.93,583771
2025-10-14T14:30:00+05:30,154.9,155.13,154.71,154.95,560303
2025-10-14T14:45:00+05:30,154.95,155.5,154.8,155.36,751260
2025-10-14T15:00:00+05:30,155.34,155.4,154.2,154.51,1499711
2025-10-14T15:15:00+05:30,154.54,154.8,154.11,154.5,1953398
2025-10-15T09:15:00+05:30,156.39,157.37,154.42,155.01,5924941
2025-10-15T09:30:00+05:30,154.93,155.22,153.29,154.2,2373644
2025-10-15T09:45:00+05:30,154.2,154.3,153.69,153.98,754972
2025-10-15T10:00:00+05:30,153.99,154.72,153.99,154.63,746925
2025-10-15T10:15:00+05:30,154.63,154.75,154.27,154.6,427977
2025-10-15T10:30:00+05:30,154.63,155.16,154.18,154.99,566285
2025-10-15T10:45:00+05:30,154.99,157.0,154.69,156.49,1479546
2025-10-15T11:00:00+05:30,156.49,157.2,156.2,156.95,2296958
2025-10-15T11:15:00+05:30,156.94,157.1,156.5,156.85,846499
2025-10-15T11:30:00+05:30,156.84,158.5,156.66,157.91,2509698
2025-10-15T11:45:00+05:30,157.91,158.0,157.61,157.99,827457
2025-10-15T12:00:00+05:30,157.99,158.7,157.86,157.9,1564771
2025-10-15T12:15:00+05:30,157.94,158.25,157.61,158.16,784575
2025-10-15T12:30:00+05:30,158.1,158.17,157.32,157.5,630847
2025-10-15T12:45:00+05:30,157.5,157.51,157.1,157.3,407777
2025-10-15T13:00:00+05:30,157.33,157.49,157.24,157.34,241152
2025-10-15T13:15:00+05:30,157.34,157.48,156.71,156.78,604004
2025-10-15T13:30:00+05:30,156.76,156.97,156.32,156.36,483636
2025-10-15T13:45:00+05:30,156.4,156.76,156.11,156.29,407510
2025-10-15T14:00:00+05:30,156.3,156.5,155.4,155.65,649126
2025-10-15T14:15:00+05:30,155.65,155.67,155.1,155.16,516986
2025-10-15T14:30:00+05:30,155.19,155.26,155.0,155.21,401035
2025-10-15T14:45:00+05:30,155.2,155.49,154.54,154.94,608028
2025-10-15T15:00:00+05:30,154.91,154.94,154.5,154.72,618092
2025-10-15T15:15:00+05:30,154.7,155.44,154.59,155.19,1292441
2025-10-16T09:15:00+05:30,155.9,156.0,154.66,154.79,1128014
2025-10-16T09:30:00+05:30,154.8,155.49,154.66,154.94,515760
2025-10-16T09:45:00+05:30,154.97,155.1,154.6,154.77,355635
2025-10-16T10:00:00+05:30,154.8,155.1,154.52,154.57,268697
2025-10-16T10:15:00+05:30,154.57,154.89,154.51,154.6,236436
2025-10-16T10:30:00+05:30,154.6,154.75,154.5,154.6,275936
2025-10-16T10:45:00+05:30,154.61,154.69,154.22,154.57,226224
2025-10-16T11:00:00+05:30,154.52,154.65,154.4,154.4,128033
2025-10-16T11:15:00+05:30,154.41,154.5,154.09,154.18,149684
2025-10-16T11:30:00+05:30,154.2,154.24,153.7,153.7,691447
2025-10-16T11:45:00+05:30,153.75,153.9,153.7,153.9,183798
2025-10-16T12:00:00+05:30,153.85,154.23,153.8,154.08,169470
2025-10-16T12:15:00+05:30,154.03,154.21,153.8,153.9,120315
2025-10-16T12:30:00+05:30,153.9,153.95,153.51,153.53,341739
2025-10-16T12:45:00+05:30,153.53,153.89,153.5,153.8,176618
2025-10-16T13:00:00+05:30,153.8,153.81,153.48,153.64,180211
2025-10-16T13:15:00+05:30,153.64,153.72,153.4,153.55,254699
2025-10-16T13:30:00+05:30,153.58,153.86,153.42,153.78,182678
2025-10-16T13:45:00+05:30,153.8,153.88,153.7,153.75,116966
2025-10-16T14:00:00+05:30,153.73,153.78,153.42,153.52,225598
2025-10-16T14:15:00+05:30,153.53,153.67,153.34,153.51,207050
2025-10-16T14:30:00+05:30,153.51,153.6,153.45,153.5,110507
2025-10-16T14:45:00+05:30,153.5,153.65,153.18,153.25,238169
2025-10-16T15:00:00+05:30,153.3,153.33,152.86,153.05,670045
2025-10-16T15:15:00+05:30,153.05,153.4,152.95,153.01,860837
2025-10-17T09:15:00+05:30,153.0,153.38,152.2,152.84,777474
2025-10-17T09:30:00+05:30,152.77,152.77,151.68,152.19,720518
2025-10-17T09:45:00+05:30,152.19,152.25,151.52,152.03,496318
2025-10-17T10:00:00+05:30,152.05,152.15,151.8,152.05,199058
2025-10-17T10:15:00+05:30,152.06,152.11,151.51,151.75,209372
2025-10-17T10:30:00+05:30,151.81,151.99,151.61,151.8,197077
2025-10-17T10:45:00+05:30,151.8,152.5,151.79,152.33,276367
2025-10-17T11:00:00+05:30,152.34,152.68,152.06,152.25,196940
2025-10-17T11:15:00+05:30,152.28,152.38,152.13,152.2,85244
2025-10-17T11:30:00+05:30,152.23,152.64,151.78,152.02,233428
2025-10-17T11:45:00+05:30,152.08,152.2,151.81,151.89,128699
2025-10-17T12:00:00+05:30,151.89,152.3,151.87,152.19,100382
2025-10-17T12:15:00+05:30,152.22,152.28,151.84,151.92,103941
2025-10-17T12:30:00+05:30,151.92,151.98,151.7,151.85,104654
2025-10-17T12:45:00+05:30,151.8,151.8,151.2,151.32,254250
2025-10-17T13:00:00+05:30,151.36,151.49,150.9,151.05,317462
2025-10-17T13:15:00+05:30,151.0,151.17,150.95,151.04,110121
2025-10-17T13:30:00+05:30,151.0,151.08,149.63,149.99,643288
2025-10-17T13:45:00+05:30,149.96,150.52,149.79,150.4,258220
2025-10-17T14:00:00+05:30,150.4,151.07,150.2,150.85,251657
2025-10-17T14:15:00+05:30,150.83,150.99,150.6,150.75,120644
2025-10-17T14:30:00+05:30,150.75,151.12,150.58,151.0,195039
2025-10-17T14:45:00+05:30,151.0,151.0,150.8,150.9,115931
2025-10-17T15:00:00+05:30,150.85,150.95,150.71,150.89,326280
2025-10-17T15:15:00+05:30,150.89,151.5,150.84,151.42,623164
2025-10-20T09:15:00+05:30,151.54,154.98,151.54,152.92,2341599
2025-10-20T09:30:00+05:30,152.96,153.51,152.4,152.58,671588
2025-10-20T09:45:00+05:30,152.55,153.38,152.22,153.37,465714
2025-10-20T10:00:00+05:30,153.36,153.6,152.75,152.82,292701
2025-10-20T10:15:00+05:30,152.76,153.04,152.31,152.34,244434
2025-10-20T10:30:00+05:30,152.4,153.13,152.22,152.95,170463
2025-10-20T10:45:00+05:30,152.95,153.3,152.7,152.77,141335
2025-10-20T11:00:00+05:30,152.73,153.3,152.72,152.95,138813
2025-10-20T11:15:00+05:30,152.95,153.06,152.81,153.05,106433
2025-10-20T11:30:00+05:30,153.05,153.05,152.71,152.73,67673
2025-10-20T11:45:00+05:30,152.75,152.81,152.58,152.71,113418
2025-10-20T12:00:00+05:30,152.71,152.82,152.6,152.82,47423
2025-10-20T12:15:00+05:30,152.82,153.25,152.82,153.05,112435
2025-10-20T12:30:00+05:30,153.07,153.5,153.01,153.43,140130
2025-10-20T12:45:00+05:30,153.4,153.44,153.08,153.24,104316
2025-10-20T13:00:00+05:30,153.3,153.5,153.02,153.35,190649
2025-10-20T13:15:00+05:30,153.3,153.35,153.06,153.23,96522
2025-10-20T13:30:00+05:30,153.23,153.25,153.01,153.06,75440
2025-10-20T13:45:00+05:30,153.06,153.69,153.01,153.47,279186
2025-10-20T14:00:00+05:30,153.47,153.56,153.31,153.4,106447
2025-10-20T14:15:00+05:30,153.44,153.58,153.21,153.28,85396
2025-10-20T14:30:00+05:30,153.25,153.3,153.11,153.2,133844
2025-10-20T14:45:00+05:30,153.22,153.3,153.05,153.23,120557
2025-10-20T15:00:00+05:30,153.24,153.24,153.05,153.15,167323
2025-10-20T15:15:00+05:30,153.17,153.45,153.1,153.42,477089
2025-10-21T13:45:00+05:30,153.25,154.02,153.0,153.1,753191
2025-10-21T14:00:00+05:30,153.2,153.5,153.11,153.49,319801
2025-10-21T14:15:00+05:30,153.5,153.5,153.07,153.1,249793
2025-10-21T14:30:00+05:30,153.09,153.95,152.66,153.0,587892
2025-10-23T09:15:00+05:30,153.65,154.48,153.2,154.48,729495
2025-10-23T09:30:00+05:30,154.49,155.39,154.21,154.91,1200730
2025-10-23T09:45:00+05:30,154.9,155.0,154.31,154.45,267619
2025-10-23T10:00:00+05:30,154.47,155.05,154.4,155.03,327732
2025-10-23T10:15:00+05:30,155.01,155.19,154.76,155.01,361347
2025-10-23T10:30:00+05:30,155.01,155.1,154.69,154.75,197922
2025-10-23T10:45:00+05:30,154.75,154.83,154.35,154.56,170868
2025-10-23T11:00:00+05:30,154.52,154.73,154.28,154.42,102515
2025-10-23T11:15:00+05:30,154.42,154.49,154.06,154.14,109354
2025-10-23T11:30:00+05:30,154.14,154.41,154.0,154.2,129234
2025-10-23T11:45:00+05:30,154.28,154.35,154.11,154.28,68123
2025-10-23T12:00:00+05:30,154.28,154.35,154.1,154.27,66481
2025-10-23T12:15:00+05:30,154.22,154.8,154.17,154.68,160583
2025-10-23T12:30:00+05:30,154.68,154.9,154.55,154.72,123971
2025-10-23T12:45:00+05:30,154.79,154.89,154.58,154.62,107745
2025-10-23T13:00:00+05:30,154.62,154.7,154.43,154.52,79075
2025-10-23T13:15:00+05:30,154.58,154.8,154.41,154.63,118959
2025-10-23T13:30:00+05:30,154.65,154.7,154.35,154.55,105135
2025-10-23T13:45:00+05:30,154.57,154.84,154.2,154.25,119588
2025-10-23T14:00:00+05:30,154.25,154.45,154.1,154.29,98486
2025-10-23T14:15:00+05:30,154.29,154.37,154.12,154.2,97265
2025-10-23T14:30:00+05:30,154.15,154.69,154.07,154.53,238800
2025-10-23T14:45:00+05:30,154.53,154.8,154.45,154.72,141552
2025-10-23T15:00:00+05:30,154.69,154.74,153.03,153.1,575291
2025-10-23T15:15:00+05:30,153.1,153.6,153.04,153.31,593948
2025-10-24T09:15:00+05:30,153.54,154.18,152.75,154.1,738598
2025-10-24T09:30:00+05:30,154.05,154.73,153.81,154.4,425968
2025-10-24T09:45:00+05:30,154.34,154.9,153.84,154.46,666708
2025-10-24T10:00:00+05:30,154.46,155.19,154.1,154.8,832272
2025-10-24T10:15:00+05:30,154.75,154.83,153.96,154.05,379483
2025-10-24T10:30:00+05:30,154.14,154.28,153.81,154.0,528819
2025-10-24T10:45:00+05:30,154.01,154.06,153.3,153.35,216818
2025-10-24T11:00:00+05:30,153.4,153.59,153.24,153.51,139289
2025-10-24T11:15:00+05:30,153.56,153.6,153.15,153.2,133227
2025-10-24T11:30:00+05:30,153.2,153.35,153.11,153.27,83084
2025-10-24T11:45:00+05:30,153.35,153.75,153.25,153.75,110374
2025-10-24T12:00:00+05:30,153.7,154.05,153.6,154.0,99957
2025-10-24T12:15:00+05:30,153.95,154.67,153.79,154.6,187328
2025-10-24T12:30:00+05:30,154.6,154.62,154.14,154.18,141612
2025-10-24T12:45:00+05:30,154.18,154.27,154.11,154.21,87391
2025-10-24T13:00:00+05:30,154.23,154.25,154.1,154.22,81707
2025-10-24T13:15:00+05:30,154.22,154.22,153.7,153.78,121330
2025-10-24T13:30:00+05:30,153.75,153.78,153.3,153.32,101915
2025-10-24T13:45:00+05:30,153.38,153.59,153.31,153.39,139742
2025-10-24T14:00:00+05:30,153.39,153.75,153.2,153.65,106314
2025-10-24T14:15:00+05:30,153.64,153.88,153.5,153.62,93043
2025-10-24T14:30:00+05:30,153.64,153.65,153.23,153.35,93726
2025-10-24T14:45:00+05:30,153.35,153.36,153.11,153.18,105866
2025-10-24T15:00:00+05:30,153.13,153.7,153.13,153.68,164548
2025-10-24T15:15:00+05:30,153.61,153.72,153.06,153.47,712605
2025-10-27T09:15:00+05:30,153.58,155.27,153.3,154.8,889325
2025-10-27T09:30:00+05:30,154.8,155.04,154.21,154.4,334886
2025-10-27T09:45:00+05:30,154.31,154.5,154.05,154.46,233413
2025-10-27T10:00:00+05:30,154.46,154.62,154.14,154.39,234694
2025-10-27T10:15:00+05:30,154.35,155.0,154.11,154.61,324377
2025-10-27T10:30:00+05:30,154.67,154.75,154.15,154.2,123319
2025-10-27T10:45:00+05:30,154.2,154.46,154.05,154.15,101768
2025-10-27T11:00:00+05:30,154.12,154.27,153.94,154.0,135936
2025-10-27T11:15:00+05:30,154.04,154.27,153.9,154.25,271031
2025-10-27T11:30:00+05:30,154.25,155.2,154.21,155.0,410338
2025-10-27T11:45:00+05:30,154.96,155.6,154.66,155.31,888162
2025-10-27T12:00:00+05:30,155.3,155.75,155.25,155.7,533497
2025-10-27T12:15:00+05:30,155.69,155.7,155.27,155.48,288050
2025-10-27T12:30:00+05:30,155.47,155.6,155.01,155.02,160422
2025-10-27T12:45:00+05:30,155.09,155.14,154.6,154.6,172666
2025-10-27T13:00:00+05:30,154.63,154.66,154.3,154.41,148803
2025-10-27T13:15:00+05:30,154.38,154.4,154.03,154.15,167862
2025-10-27T13:30:00+05:30,154.14,154.33,154.0,154.27,184048
2025-10-27T13:45:00+05:30,154.27,154.27,153.85,153.95,185721
2025-10-27T14:00:00+05:30,153.99,154.06,153.88,153.9,90362
2025-10-27T14:15:00+05:30,153.9,154.02,153.62,153.7,170982
2025-10-27T14:30:00+05:30,153.7,153.85,153.56,153.6,133852
2025-10-27T14:45:00+05:30,153.6,153.66,153.15,153.3,196678
2025-10-27T15:00:00+05:30,153.3,153.45,153.13,153.28,266374
2025-10-27T15:15:00+05:30,153.3,153.64,153.22,153.44,492462
2025-10-28T09:15:00+05:30,153.9,153.99,152.9,152.96,450211
2025-10-28T09:30:00+05:30,152.99,153.35,152.87,153.06,255195
2025-10-28T09:45:00+05:30,153.06,153.18,152.6,152.75,306901
2025-10-28T10:00:00+05:30,152.82,153.15,152.5,152.59,365076
2025-10-28T10:15:00+05:30,152.59,152.74,152.32,152.48,198175
2025-10-28T10:30:00+05:30,152.47,152.49,152.01,152.12,273222
2025-10-28T10:45:00+05:30,152.14,152.25,151.71,151.8,364971
2025-10-28T11:00:00+05:30,151.86,151.96,151.72,151.89,250649
2025-10-28T11:15:00+05:30,151.89,152.06,151.71,152.04,188514
2025-10-28T11:30:00+05:30,152.04,152.2,152.0,152.14,118727
2025-10-28T11:45:00+05:30,152.14,152.43,151.99,152.26,368502
2025-10-28T12:00:00+05:30,152.34,152.43,151.91,152.01,110731
2025-10-28T12:15:00+05:30,152.06,152.83,152.0,152.51,399890
2025-10-28T12:30:00+05:30,152.58,153.65,152.49,153.5,450467
2025-10-28T12:45:00+05:30,153.4,153.6,152.68,152.82,305810
2025-10-28T13:00:00+05:30,152.83,152.87,152.39,152.48,393147
2025-10-28T13:15:00+05:30,152.44,152.93,152.42,152.61,145358
2025-10-28T13:30:00+05:30,152.67,152.67,151.85,151.9,228719
2025-10-28T13:45:00+05:30,151.9,151.96,151.64,151.74,324059
2025-10-28T14:00:00+05:30,151.76,151.77,151.0,151.17,441063
2025-10-28T14:15:00+05:30,151.26,151.34,150.92,151.16,379156
2025-10-28T14:30:00+05:30,151.16,151.23,150.9,150.99,164867
2025-10-28T14:45:00+05:30,150.99,151.23,150.95,151.12,172036
2025-10-28T15:00:00+05:30,151.1,151.7,150.9,151.69,501953
2025-10-28T15:15:00+05:30,151.65,151.7,151.29,151.65,1090854
2025-10-29T09:15:00+05:30,151.74,152.5,151.15,152.4,579815
2025-10-29T09:30:00+05:30,152.41,152.49,151.86,151.91,269212
2025-10-29T09:45:00+05:30,151.91,152.38,151.7,152.1,147919
2025-10-29T10:00:00+05:30,152.08,153.03,151.95,152.95,424027
2025-10-29T10:15:00+05:30,152.95,153.95,152.47,153.74,631375
2025-10-29T10:30:00+05:30,153.74,154.27,153.27,153.46,621084
2025-10-29T10:45:00+05:30,153.49,154.27,153.4,154.0,408413
2025-10-29T11:00:00+05:30,153.99,154.64,153.6,153.81,624714
2025-10-29T11:15:00+05:30,153.81,154.6,153.72,154.58,248299
2025-10-29T11:30:00+05:30,154.54,154.6,154.03,154.23,221364
2025-10-29T11:45:00+05:30,154.3,154.55,154.0,154.0,213006
2025-10-29T12:00:00+05:30,154.05,155.11,154.0,154.75,677797
2025-10-29T12:15:00+05:30,154.7,154.91,154.58,154.75,154366
2025-10-29T12:30:00+05:30,154.78,154.83,154.43,154.63,241400
2025-10-29T12:45:00+05:30,154.63,154.73,154.25,154.35,139238
2025-10-29T13:00:00+05:30,154.38,154.43,153.9,154.13,310450
2025-10-29T13:15:00+05:30,154.08,154.36,153.96,154.04,92913
2025-10-29T13:30:00+05:30,154.04,154.18,153.93,154.15,96761
2025-10-29T13:45:00+05:30,154.15,154.3,154.03,154.03,97814
2025-10-29T14:00:00+05:30,154.12,154.5,154.0,154.44,181788
2025-10-29T14:15:00+05:30,154.42,155.1,154.41,155.09,464585
2025-10-29T14:30:00+05:30,155.05,155.19,154.69,154.91,495282
2025-10-29T14:45:00+05:30,154.97,155.1,154.76,155.0,439971
2025-10-29T15:00:00+05:30,154.97,155.08,154.82,154.95,384883
2025-10-29T15:15:00+05:30,154.9,156.75,154.87,156.43,1772612
2025-10-30T09:15:00+05:30,155.96,156.66,154.8,155.43,1101040
2025-10-30T09:30:00+05:30,155.44,155.48,154.3,154.46,685919
2025-10-30T09:45:00+05:30,154.5,154.62,153.85,153.86,330242
2025-10-30T10:00:00+05:30,153.9,154.18,153.67,154.18,255782
2025-10-30T10:15:00+05:30,154.1,154.44,153.95,154.16,329886
2025-10-30T10:30:00+05:30,154.14,154.18,153.81,153.91,156843
2025-10-30T10:45:00+05:30,153.91,154.18,153.75,153.85,116909
2025-10-30T11:00:00+05:30,153.85,154.1,153.7,154.07,106771
2025-10-30T11:15:00+05:30,154.1,154.23,154.0,154.0,92269
2025-10-30T11:30:00+05:30,154.01,154.19,154.0,154.11,71457
2025-10-30T11:45:00+05:30,154.1,154.32,153.78,153.95,145052
2025-10-30T12:00:00+05:30,153.89,154.19,153.76,153.85,81173
2025-10-30T12:15:00+05:30,153.8,154.14,153.79,153.83,90242
2025-10-30T12:30:00+05:30,153.9,153.96,153.5,153.63,182219
2025-10-30T12:45:00+05:30,153.62,153.63,153.3,153.44,223314
2025-10-30T13:00:00+05:30,153.43,153.62,153.3,153.5,191076
2025-10-30T13:15:00+05:30,153.5,153.73,153.47,153.49,69488
2025-10-30T13:30:00+05:30,153.49,153.5,153.11,153.25,131714
2025-10-30T13:45:00+05:30,153.29,153.4,153.12,153.33,102436
2025-10-30T14:00:00+05:30,153.39,153.46,153.2,153.3,73873
2025-10-30T14:15:00+05:30,153.36,153.57,153.25,153.49,63986
2025-10-30T14:30:00+05:30,153.47,153.6,153.4,153.54,69894
2025-10-30T14:45:00+05:30,153.51,153.55,153.25,153.38,119260
2025-10-30T15:00:00+05:30,153.36,153.7,153.33,153.62,283593
2025-10-30T15:15:00+05:30,153.58,154.1,153.5,153.74,574709
2025-10-31T09:15:00+05:30,153.74,154.52,153.6,154.12,342809
2025-10-31T09:30:00+05:30,154.11,154.47,154.0,154.03,166265
2025-10-31T09:45:00+05:30,154.03,154.75,154.02,154.55,243229
2025-10-31T10:00:00+05:30,154.57,154.58,153.8,153.94,196578
2025-10-31T10:15:00+05:30,153.94,153.94,153.5,153.84,161151
2025-10-31T10:30:00+05:30,153.82,153.85,153.11,153.6,166587
2025-10-31T10:45:00+05:30,153.47,153.66,152.87,152.9,176760
2025-10-31T11:00:00+05:30,152.91,153.09,152.66,152.82,176059
2025-10-31T11:15:00+05:30,152.85,153.25,152.72,153.05,89750
2025-10-31T11:30:00+05:30,153.05,153.49,153.01,153.48,69613
2025-10-31T11:45:00+05:30,153.48,153.5,153.21,153.38,53520
2025-10-31T12:00:00+05:30,153.31,153.47,153.1,153.14,67581
2025-10-31T12:15:00+05:30,153.1,153.28,153.05,153.05,41736
2025-10-31T12:30:00+05:30,153.09,153.15,152.91,152.95,65336
2025-10-31T12:45:00+05:30,152.95,153.05,152.85,152.93,94511
2025-10-31T13:00:00+05:30,152.9,153.1,152.88,153.05,63209
2025-10-31T13:15:00+05:30,153.05,153.06,152.86,152.9,215658
2025-10-31T13:30:00+05:30,152.9,152.97,152.77,152.9,153587
2025-10-31T13:45:00+05:30,152.9,153.15,152.85,153.09,50911
2025-10-31T14:00:00+05:30,153.03,153.13,152.92,153.13,54643
2025-10-31T14:15:00+05:30,153.12,153.15,152.92,153.05,56885
2025-10-31T14:30:00+05:30,153.05,153.15,153.0,153.0,39616
2025-10-31T14:45:00+05:30,153.04,153.08,152.52,152.62,188563
2025-10-31T15:00:00+05:30,152.62,152.63,151.42,151.73,640633
2025-10-31T15:15:00+05:30,151.8,152.32,151.5,152.14,678284
2025-11-03T09:15:00+05:30,152.15,153.34,151.56,153.33,467150
2025-11-03T09:30:00+05:30,153.23,153.74,152.71,153.34,294474
2025-11-03T09:45:00+05:30,153.42,153.74,152.88,153.19,240331
2025-11-03T10:00:00+05:30,153.19,153.35,153.0,153.15,106547
2025-11-03T10:15:00+05:30,153.22,153.5,152.9,152.95,156849
2025-11-03T10:30:00+05:30,153.04,153.05,152.66,152.75,109428
2025-11-03T10:45:00+05:30,152.76,152.81,152.25,152.27,100684
2025-11-03T11:00:00+05:30,152.3,152.83,152.26,152.7,90491
2025-11-03T11:15:00+05:30,152.71,152.74,152.3,152.37,119101
2025-11-03T11:30:00+05:30,152.42,152.5,152.25,152.46,63192
2025-11-03T11:45:00+05:30,152.5,152.54,152.3,152.4,49247
2025-11-03T12:00:00+05:30,152.4,152.76,152.27,152.55,87725
2025-11-03T12:15:00+05:30,152.55,152.84,152.5,152.75,34693
2025-11-03T12:30:00+05:30,152.75,152.75,152.5,152.67,37699
2025-11-03T12:45:00+05:30,152.66,152.98,152.57,152.88,81188
2025-11-03T13:00:00+05:30,152.88,153.25,152.84,152.97,125348
2025-11-03T13:15:00+05:30,152.97,153.24,152.92,152.94,80669
2025-11-03T13:30:00+05:30,153.0,153.1,152.85,152.87,61629
2025-11-03T13:45:00+05:30,152.87,152.94,152.67,152.74,53719
2025-11-03T14:00:00+05:30,152.74,152.88,152.67,152.74,42069
2025-11-03T14:15:00+05:30,152.75,153.74,152.73,153.62,213654
2025-11-03T14:30:00+05:30,153.66,153.69,153.44,153.56,166190
2025-11-03T14:45:00+05:30,153.56,153.59,153.2,153.3,115895
2025-11-03T15:00:00+05:30,153.3,153.37,153.07,153.24,260635
2025-11-03T15:15:00+05:30,153.29,153.5,153.2,153.49,382417
2025-11-04T09:15:00+05:30,153.44,153.44,152.09,152.36,442572
2025-11-04T09:30:00+05:30,152.34,153.3,152.05,152.99,532004
2025-11-04T09:45:00+05:30,152.97,153.02,152.26,152.28,224296
2025-11-04T10:00:00+05:30,152.27,152.32,151.37,151.99,494844
2025-11-04T10:15:00+05:30,151.96,152.9,151.7,152.25,300342
2025-11-04T10:30:00+05:30,152.25,152.25,151.91,151.98,113003
2025-11-04T10:45:00+05:30,151.95,152.17,151.82,152.1,65414
2025-11-04T11:00:00+05:30,152.17,152.21,151.62,151.75,174179
2025-11-04T11:15:00+05:30,151.75,151.95,151.6,151.71,196968
2025-11-04T11:30:00+05:30,151.7,151.71,151.27,151.46,178237
2025-11-04T11:45:00+05:30,151.46,152.2,151.1,151.82,315360
2025-11-04T12:00:00+05:30,151.83,151.97,151.67,151.87,82657
2025-11-04T12:15:00+05:30,151.87,151.96,151.62,151.63,76653
2025-11-04T12:30:00+05:30,151.63,151.8,151.6,151.8,28835
2025-11-04T12:45:00+05:30,151.73,151.81,151.5,151.6,54078
2025-11-04T13:00:00+05:30,151.55,151.7,151.5,151.63,77148
2025-11-04T13:15:00+05:30,151.63,151.67,151.2,151.27,111548
2025-11-04T13:30:00+05:30,151.25,151.6,151.12,151.5,85620
2025-11-04T13:45:00+05:30,151.54,151.59,151.17,151.27,64962
2025-11-04T14:00:00+05:30,151.29,151.29,150.51,150.93,403232
2025-11-04T14:15:00+05:30,150.93,151.0,150.45,150.7,286631
2025-11-04T14:30:00+05:30,150.7,150.82,150.5,150.77,175736
2025-11-04T14:45:00+05:30,150.77,150.77,150.45,150.58,139717
2025-11-04T15:00:00+05:30,150.65,151.25,150.6,151.08,340321
2025-11-04T15:15:00+05:30,151.08,151.2,150.86,151.2,525849
2025-11-06T09:15:00+05:30,151.2,151.5,149.95,150.27,673946
2025-11-06T09:30:00+05:30,150.2,150.4,149.7,149.74,400576
2025-11-06T09:45:00+05:30,149.7,149.8,149.34,149.49,261659
2025-11-06T10:00:00+05:30,149.49,149.86,149.13,149.15,214904
2025-11-06T10:15:00+05:30,149.15,149.25,148.9,149.15,326415
2025-11-06T10:30:00+05:30,149.05,149.35,148.7,148.87,227389
2025-11-06T10:45:00+05:30,148.9,149.33,148.86,149.29,136572
2025-11-06T11:00:00+05:30,149.29,150.1,149.27,149.71,382047
2025-11-06T11:15:00+05:30,149.7,149.7,149.14,149.4,129316
2025-11-06T11:30:00+05:30,149.4,149.4,149.0,149.12,113128
2025-11-06T11:45:00+05:30,149.11,149.48,149.01,149.19,125084
2025-11-06T12:00:00+05:30,149.19,149.3,148.8,148.97,200046
2025-11-06T12:15:00+05:30,148.96,149.17,148.8,148.97,119350
2025-11-06T12:30:00+05:30,149.0,149.29,148.8,149.1,64953
2025-11-06T12:45:00+05:30,149.17,149.81,149.07,149.8,112170
2025-11-06T13:00:00+05:30,149.79,149.94,149.43,149.63,149989
2025-11-06T13:15:00+05:30,149.6,149.85,149.47,149.57,132867
2025-11-06T13:30:00+05:30,149.55,149.57,149.06,149.14,127937
2025-11-06T13:45:00+05:30,149.16,149.21,148.7,148.9,186091
2025-11-06T14:00:00+05:30,148.9,149.1,148.7,148.93,154894
2025-11-06T14:15:00+05:30,148.99,149.0,148.58,148.81,222853
2025-11-06T14:30:00+05:30,148.82,149.2,148.82,149.05,122611
2025-11-06T14:45:00+05:30,149.05,149.27,148.6,148.88,298905
2025-11-06T15:00:00+05:30,148.88,148.89,148.32,148.4,388410
2025-11-06T15:15:00+05:30,148.4,148.75,148.2,148.38,539889
2025-11-07T09:15:00+05:30,148.0,148.0,146.52,146.9,576178
2025-11-07T09:30:00+05:30,147.0,147.2,146.25,147.12,397855
2025-11-07T09:45:00+05:30,147.13,147.99,146.9,146.98,480947
2025-11-07T10:00:00+05:30,147.0,147.2,146.65,147.05,264068
2025-11-07T10:15:00+05:30,147.09,147.15,146.7,146.94,165057
2025-11-07T10:30:00+05:30,146.98,147.47,146.81,147.34,213279
2025-11-07T10:45:00+05:30,147.34,147.65,147.01,147.07,126280
2025-11-07T11:00:00+05:30,147.12,147.45,146.95,147.37,85289
2025-11-07T11:15:00+05:30,147.4,147.69,147.35,147.69,89159
2025-11-07T11:30:00+05:30,147.68,147.95,147.6,147.71,129810
2025-11-07T11:45:00+05:30,147.71,147.77,147.42,147.5,63977
2025-11-07T12:00:00+05:30,147.5,147.88,147.4,147.81,119483
2025-11-07T12:15:00+05:30,147.8,148.22,147.67,147.91,133481
2025-11-07T12:30:00+05:30,148.0,149.5,147.98,148.82,459868
2025-11-07T12:45:00+05:30,148.8,149.0,148.63,148.97,79970
2025-11-07T13:00:00+05:30,148.97,149.43,148.9,149.36,158763
2025-11-07T13:15:00+05:30,149.36,150.0,149.32,149.9,216622
2025-11-07T13:30:00+05:30,149.89,150.38,149.86,150.24,140439
2025-11-07T13:45:00+05:30,150.24,150.39,149.37,149.46,155406
2025-11-07T14:00:00+05:30,149.48,149.6,149.2,149.31,146921
2025-11-07T14:15:00+05:30,149.36,149.94,149.24,149.88,116626
2025-11-07T14:30:00+05:30,149.88,150.19,149.81,150.07,218439
2025-11-07T14:45:00+05:30,150.07,150.08,149.47,149.62,127156
2025-11-07T15:00:00+05:30,149.62,149.77,149.06,149.26,198554
2025-11-07T15:15:00+05:30,149.26,149.88,149.14,149.88,458841
2025-11-10T09:15:00+05:30,149.95,150.19,148.61,149.25,467094
2025-11-10T09:30:00+05:30,149.17,150.25,149.13,149.79,273260
2025-11-10T09:45:00+05:30,149.79,150.05,149.42,149.44,194879
2025-11-10T10:00:00+05:30,149.44,149.67,149.0,149.3,142464
2025-11-10T10:15:00+05:30,149.3,149.7,149.1,149.42,100650
2025-11-10T10:30:00+05:30,149.45,149.5,149.08,149.2,60242
2025-11-10T10:45:00+05:30,149.2,149.35,149.0,149.17,116584
2025-11-10T11:00:00+05:30,149.2,149.5,149.1,149.5,132024
2025-11-10T11:15:00+05:30,149.5,149.56,149.2,149.22,90478
2025-11-10T11:30:00+05:30,149.22,149.24,148.89,149.13,112404
2025-11-10T11:45:00+05:30,149.04,149.2,148.9,149.0,83682
2025-11-10T12:00:00+05:30,149.04,149.11,148.9,148.96,49260
2025-11-10T12:15:00+05:30,148.9,149.14,148.81,148.99,81432
2025-11-10T12:30:00+05:30,149.0,149.1,148.93,149.01,47568
2025-11-10T12:45:00+05:30,149.01,149.6,149.0,149.32,142353
2025-11-10T13:00:00+05:30,149.33,149.54,149.0,149.01,54306
2025-11-10T13:15:00+05:30,149.03,149.5,149.01,149.5,64855
2025-11-10T13:30:00+05:30,149.5,149.5,149.06,149.08,72979
2025-11-10T13:45:00+05:30,149.08,149.21,149.01,149.08,41039
2025-11-10T14:00:00+05:30,149.02,149.18,149.02,149.17,59515
2025-11-10T14:15:00+05:30,149.17,149.37,149.1,149.35,60435
2025-11-10T14:30:00+05:30,149.36,149.5,149.06,149.12,96007
2025-11-10T14:45:00+05:30,149.12,149.12,148.78,148.8,132682
2025-11-10T15:00:00+05:30,148.8,148.9,148.42,148.6,206341
2025-11-10T15:15:00+05:30,148.6,148.99,148.48,148.99,324792
2025-11-11T09:15:00+05:30,148.9,149.11,147.8,148.01,478022
2025-11-11T09:30:00+05:30,147.95,148.01,147.1,147.28,452796
2025-11-11T09:45:00+05:30,147.28,147.3,146.8,147.05,303622
2025-11-11T10:00:00+05:30,147.0,147.16,146.58,146.65,293904
2025-11-11T10:15:00+05:30,146.71,147.7,146.61,147.32,255743
2025-11-11T10:30:00+05:30,147.39,147.43,146.76,147.0,99030
2025-11-11T10:45:00+05:30,146.96,147.4,146.93,147.34,69676
2025-11-11T11:00:00+05:30,147.33,148.1,147.22,147.75,338379
2025-11-11T11:15:00+05:30,147.7,147.74,147.48,147.5,58065
2025-11-11T11:30:00+05:30,147.5,147.65,147.4,147.62,49090
2025-11-11T11:45:00+05:30,147.61,148.74,147.55,148.49,308188
2025-11-11T12:00:00+05:30,148.49,148.69,148.4,148.52,113605
2025-11-11T12:15:00+05:30,148.52,148.89,148.45,148.75,96884
2025-11-11T12:30:00+05:30,148.75,148.95,148.74,148.84,93047
2025-11-11T12:45:00+05:30,148.8,149.0,148.51,148.53,101374
2025-11-11T13:00:00+05:30,148.53,148.77,148.5,148.59,51667
2025-11-11T13:15:00+05:30,148.7,149.1,148.7,148.9,102177
2025-11-11T13:30:00+05:30,148.9,149.35,148.68,148.78,110466
2025-11-11T13:45:00+05:30,148.71,148.98,148.7,148.8,94119
2025-11-11T14:00:00+05:30,148.76,148.99,148.66,148.85,106193
2025-11-11T14:15:00+05:30,148.83,148.95,148.7,148.83,84131
2025-11-11T14:30:00+05:30,148.9,149.16,148.75,148.8,169931
2025-11-11T14:45:00+05:30,148.8,149.1,148.75,148.99,135284
2025-11-11T15:00:00+05:30,148.98,149.14,148.75,149.13,210611
2025-11-11T15:15:00+05:30,149.1,149.39,148.94,149.25,435381
2025-11-12T09:15:00+05:30,149.76,151.45,149.55,151.2,647782
2025-11-12T09:30:00+05:30,151.16,153.48,151.04,152.79,1282093
2025-11-12T09:45:00+05:30,152.79,153.46,152.75,152.88,650489
2025-11-12T10:00:00+05:30,152.95,153.35,152.67,152.68,563383
2025-11-12T10:15:00+05:30,152.68,152.77,151.71,151.88,371019
2025-11-12T10:30:00+05:30,151.9,151.96,151.17,151.38,378935
2025-11-12T10:45:00+05:30,151.29,151.68,151.22,151.26,162841
2025-11-12T11:00:00+05:30,151.26,151.35,150.9,151.16,158554
2025-11-12T11:15:00+05:30,151.16,151.5,150.82,151.34,135286
2025-11-12T11:30:00+05:30,151.36,151.54,151.17,151.34,82905
2025-11-12T11:45:00+05:30,151.31,151.45,151.21,151.29,63886
2025-11-12T12:00:00+05:30,151.24,151.42,151.15,151.33,80136
2025-11-12T12:15:00+05:30,151.33,151.42,151.2,151.33,69141
2025-11-12T12:30:00+05:30,151.33,151.65,151.21,151.54,90995
2025-11-12T12:45:00+05:30,151.54,151.55,150.96,151.09,112937
2025-11-12T13:00:00+05:30,151.09,151.24,151.08,151.2,35536
2025-11-12T13:15:00+05:30,151.15,151.21,150.95,150.99,81300
2025-11-12T13:30:00+05:30,150.98,151.0,150.83,150.84,54254
2025-11-12T13:45:00+05:30,150.84,151.0,150.6,150.64,182079
2025-11-12T14:00:00+05:30,150.69,150.77,150.51,150.57,80146
2025-11-12T14:15:00+05:30,150.6,150.74,150.28,150.31,146731
2025-11-12T14:30:00+05:30,150.33,150.98,150.32,150.68,88158
2025-11-12T14:45:00+05:30,150.65,151.2,150.6,151.04,255349
2025-11-12T15:00:00+05:30,151.02,151.19,150.85,151.05,200762
2025-11-12T15:15:00+05:30,151.02,151.08,150.4,150.96,650475
2025-11-13T09:15:00+05:30,150.96,152.13,150.33,151.87,1129944
2025-11-13T09:30:00+05:30,151.83,151.9,150.6,150.78,321612
2025-11-13T09:45:00+05:30,150.8,151.06,150.6,150.67,184237
2025-11-13T10:00:00+05:30,150.6,150.88,150.6,150.71,115862
2025-11-13T10:15:00+05:30,150.74,150.88,150.41,150.71,139381
2025-11-13T10:30:00+05:30,150.82,151.37,150.72,151.14,130266
2025-11-13T10:45:00+05:30,151.18,151.8,151.12,151.23,136802
2025-11-13T11:00:00+05:30,151.23,151.39,151.05,151.09,109225
2025-11-13T11:15:00+05:30,151.09,151.12,150.65,150.69,125043
2025-11-13T11:30:00+05:30,150.66,150.84,150.61,150.78,50956
2025-11-13T11:45:00+05:30,150.79,150.8,150.57,150.71,91871
2025-11-13T12:00:00+05:30,150.74,150.85,150.63,150.8,72143
2025-11-13T12:15:00+05:30,150.8,150.83,150.52,150.55,87219
2025-11-13T12:30:00+05:30,150.56,150.68,150.06,150.19,152683
2025-11-13T12:45:00+05:30,150.11,150.29,149.93,150.16,145434
2025-11-13T13:00:00+05:30,150.27,150.44,150.19,150.34,90823
2025-11-13T13:15:00+05:30,150.34,150.34,150.12,150.25,52737
2025-11-13T13:30:00+05:30,150.25,150.45,150.25,150.26,60727
2025-11-13T13:45:00+05:30,150.26,150.35,149.92,149.94,210033
2025-11-13T14:00:00+05:30,149.92,149.95,149.28,149.54,157074
2025-11-13T14:15:00+05:30,149.59,149.75,149.45,149.52,88568
2025-11-13T14:30:00+05:30,149.53,149.7,149.46,149.69,91116
2025-11-13T14:45:00+05:30,149.68,149.75,149.5,149.54,75492
2025-11-13T15:00:00+05:30,149.54,149.74,149.05,149.22,304562
2025-11-13T15:15:00+05:30,149.22,149.58,149.05,149.55,450216
2025-11-14T09:15:00+05:30,149.51,149.87,148.9,149.62,547988
2025-11-14T09:30:00+05:30,149.61,150.95,149.48,150.16,527182
2025-11-14T09:45:00+05:30,150.15,150.53,149.75,150.06,617940
2025-11-14T10:00:00+05:30,150.2,150.31,149.65,149.8,464258
2025-11-14T10:15:00+05:30,149.79,149.94,148.76,148.92,357383
2025-11-14T10:30:00+05:30,148.92,148.92,148.31,148.7,899937
2025-11-14T10:45:00+05:30,148.74,150.52,148.63,150.5,291972
2025-11-14T11:00:00+05:30,150.44,150.59,149.92,149.98,130014
2025-11-14T11:15:00+05:30,149.93,150.04,149.52,149.63,62985
2025-11-14T11:30:00+05:30,149.63,149.67,149.1,149.15,47887
2025-11-14T11:45:00+05:30,149.13,149.39,149.0,149.2,62211
2025-11-14T12:00:00+05:30,149.22,149.5,149.2,149.41,39025
2025-11-14T12:15:00+05:30,149.42,150.03,149.37,149.86,110821
2025-11-14T12:30:00+05:30,149.86,149.9,149.45,149.5,70546
2025-11-14T12:45:00+05:30,149.64,149.77,149.42,149.42,37855
2025-11-14T13:00:00+05:30,149.44,149.44,149.0,149.23,76653
2025-11-14T13:15:00+05:30,149.21,149.62,149.21,149.48,59469
2025-11-14T13:30:00+05:30,149.56,149.7,149.01,149.09,64137
2025-11-14T13:45:00+05:30,149.07,149.15,148.81,149.0,105042
2025-11-14T14:00:00+05:30,149.0,149.26,148.89,149.24,34399
2025-11-14T14:15:00+05:30,149.23,149.23,148.78,148.89,58627
2025-11-14T14:30:00+05:30,148.91,149.25,148.8,149.11,64433
2025-11-14T14:45:00+05:30,149.08,149.11,148.8,148.85,80019
2025-11-14T15:00:00+05:30,148.85,149.98,148.85,149.79,253978
2025-11-14T15:15:00+05:30,149.83,149.84,149.18,149.7,366931
2025-11-17T09:15:00+05:30,149.61,152.38,149.51,151.89,794473
2025-11-17T09:30:00+05:30,151.94,152.2,151.03,151.26,292329
2025-11-17T09:45:00+05:30,151.3,151.65,151.23,151.25,123418
2025-11-17T10:00:00+05:30,151.32,151.87,151.2,151.84,219596
2025-11-17T10:15:00+05:30,151.85,152.1,151.41,151.43,276948
2025-11-17T10:30:00+05:30,151.43,151.51,151.23,151.36,98580
2025-11-17T10:45:00+05:30,151.36,151.49,150.97,151.07,122559
2025-11-17T11:00:00+05:30,151.07,151.26,150.9,150.99,123371
2025-11-17T11:15:00+05:30,151.01,151.18,150.55,150.65,180510
2025-11-17T11:30:00+05:30,150.63,150.88,150.5,150.61,111771
2025-11-17T11:45:00+05:30,150.62,150.9,150.5,150.75,88296
2025-11-17T12:00:00+05:30,150.75,151.0,150.71,150.97,69647
2025-11-17T12:15:00+05:30,150.96,151.0,150.56,150.57,280140
2025-11-17T12:30:00+05:30,150.64,150.65,150.25,150.54,364281
2025-11-17T12:45:00+05:30,150.57,150.7,150.38,150.42,469082
2025-11-17T13:00:00+05:30,150.42,150.47,150.07,150.21,90163
2025-11-17T13:15:00+05:30,150.21,150.44,150.13,150.39,61723
2025-11-17T13:30:00+05:30,150.39,150.5,150.29,150.49,70544
2025-11-17T13:45:00+05:30,150.49,150.5,150.33,150.45,49231
2025-11-17T14:00:00+05:30,150.45,150.59,150.31,150.51,83926
2025-11-17T14:15:00+05:30,150.51,150.83,150.5,150.63,104583
2025-11-17T14:30:00+05:30,150.66,150.7,150.5,150.51,75769
2025-11-17T14:45:00+05:30,150.56,150.56,150.31,150.32,102317
2025-11-17T15:00:00+05:30,150.33,150.64,150.33,150.53,214955
2025-11-17T15:15:00+05:30,150.54,151.2,150.42,151.09,855004
2025-11-18T09:15:00+05:30,151.0,151.0,149.16,149.5,736602
2025-11-18T09:30:00+05:30,149.5,149.5,148.9,148.95,331341
2025-11-18T09:45:00+05:30,148.96,149.19,148.55,148.59,285513
2025-11-18T10:00:00+05:30,148.59,149.24,148.4,148.5,273249
2025-11-18T10:15:00+05:30,148.55,148.89,148.5,148.51,184709
2025-11-18T10:30:00+05:30,148.56,148.62,148.1,148.15,243403
2025-11-18T10:45:00+05:30,148.15,148.5,148.12,148.33,99270
2025-11-18T11:00:00+05:30,148.33,148.46,148.24,148.34,104039
2025-11-18T11:15:00+05:30,148.34,148.61,148.2,148.28,136848
2025-11-18T11:30:00+05:30,148.25,148.48,148.11,148.38,114223
2025-11-18T11:45:00+05:30,148.38,148.95,148.2,148.83,166094
2025-11-18T12:00:00+05:30,148.89,148.91,148.65,148.77,93094
2025-11-18T12:15:00+05:30,148.77,148.95,148.66,148.89,72943
2025-11-18T12:30:00+05:30,148.95,148.95,148.61,148.73,60734
2025-11-18T12:45:00+05:30,148.73,148.78,148.6,148.68,48410
2025-11-18T13:00:00+05:30,148.7,148.87,148.6,148.84,33863
2025-11-18T13:15:00+05:30,148.85,148.85,148.3,148.51,176480
2025-11-18T13:30:00+05:30,148.55,148.85,148.51,148.76,52606
2025-11-18T13:45:00+05:30,148.76,148.76,148.51,148.66,71943
2025-11-18T14:00:00+05:30,148.65,148.8,148.57,148.7,54872
2025-11-18T14:15:00+05:30,148.72,148.96,148.05,148.91,398351
2025-11-18T14:30:00+05:30,148.92,149.12,148.35,148.36,379424
2025-11-18T14:45:00+05:30,148.37,148.4,148.1,148.22,191796
2025-11-18T15:00:00+05:30,148.3,148.35,148.0,148.2,470353
2025-11-18T15:15:00+05:30,148.16,148.24,148.0,148.14,632736
2025-11-19T09:15:00+05:30,148.0,148.37,146.63,147.18,672354
2025-11-19T09:30:00+05:30,147.25,147.62,147.04,147.25,200975
2025-11-19T09:45:00+05:30,147.25,147.59,147.03,147.52,148709
2025-11-19T10:00:00+05:30,147.5,147.53,147.01,147.25,141391
2025-11-19T10:15:00+05:30,147.2,147.36,146.94,147.0,132172
2025-11-19T10:30:00+05:30,147.0,147.1,146.85,146.87,83225
2025-11-19T10:45:00+05:30,146.86,147.0,146.6,146.89,111808
2025-11-19T11:00:00+05:30,146.89,146.92,146.68,146.73,80827
2025-11-19T11:15:00+05:30,146.75,146.85,146.5,146.76,123690
2025-11-19T11:30:00+05:30,146.8,146.9,146.6,146.8,79656
2025-11-19T11:45:00+05:30,146.82,146.92,146.8,146.92,48417
2025-11-19T12:00:00+05:30,146.92,146.92,146.7,146.86,50524
2025-11-19T12:15:00+05:30,146.89,147.2,146.89,147.2,65682
2025-11-19T12:30:00+05:30,147.2,147.3,147.1,147.2,56487
2025-11-19T12:45:00+05:30,147.22,147.28,147.1,147.1,36821
2025-11-19T13:00:00+05:30,147.15,147.35,147.11,147.24,37373
2025-11-19T13:15:00+05:30,147.25,147.3,146.61,146.75,103936
2025-11-19T13:30:00+05:30,146.77,146.88,146.55,146.67,98192
2025-11-19T13:45:00+05:30,146.7,146.91,146.66,146.87,61583
2025-11-19T14:00:00+05:30,146.87,147.0,146.8,146.86,69170
2025-11-19T14:15:00+05:30,146.9,147.0,146.69,146.73,73215
2025-11-19T14:30:00+05:30,146.71,146.99,146.71,146.82,98756
2025-11-19T14:45:00+05:30,146.82,147.26,146.82,147.0,177146
2025-11-19T15:00:00+05:30,147.07,147.29,146.97,147.2,164603
2025-11-19T15:15:00+05:30,147.2,147.44,147.0,147.3,406768
2025-11-20T09:15:00+05:30,147.29,148.16,147.26,147.45,381130
2025-11-20T09:30:00+05:30,147.45,147.55,146.92,147.13,239371
2025-11-20T09:45:00+05:30,147.13,147.42,147.02,147.13,160256
2025-11-20T10:00:00+05:30,147.1,147.25,146.94,147.0,122554
2025-11-20T10:15:00+05:30,147.0,147.15,146.76,147.15,143215
2025-11-20T10:30:00+05:30,147.15,147.8,147.08,147.65,202030
2025-11-20T10:45:00+05:30,147.65,147.67,147.07,147.3,128155
2025-11-20T11:00:00+05:30,147.27,147.5,147.22,147.3,57537
2025-11-20T11:15:00+05:30,147.28,147.4,147.22,147.38,54308
2025-11-20T11:30:00+05:30,147.4,147.87,147.35,147.58,147200
2025-11-20T11:45:00+05:30,147.58,147.58,147.36,147.58,46694
2025-11-20T12:00:00+05:30,147.58,147.6,147.45,147.45,48892
2025-11-20T12:15:00+05:30,147.45,147.55,147.38,147.49,74503
2025-11-20T12:30:00+05:30,147.49,147.74,147.48,147.56,74786
2025-11-20T12:45:00+05:30,147.56,147.63,147.12,147.21,136298
2025-11-20T13:00:00+05:30,147.21,147.27,147.0,147.07,56939
2025-11-20T13:15:00+05:30,147.07,147.25,147.0,147.25,67472
2025-11-20T13:30:00+05:30,147.26,147.26,147.02,147.11,43516
2025-11-20T13:45:00+05:30,147.1,147.12,147.02,147.1,32595
2025-11-20T14:00:00+05:30,147.09,147.14,147.02,147.03,61117
2025-11-20T14:15:00+05:30,147.07,147.15,146.95,146.97,114215
2025-11-20T14:30:00+05:30,146.95,147.0,146.7,146.77,99951
2025-11-20T14:45:00+05:30,146.8,146.89,146.7,146.71,118032
2025-11-20T15:00:00+05:30,146.71,146.71,146.5,146.6,163468
2025-11-20T15:15:00+05:30,146.6,146.9,146.45,146.8,358154
2025-11-21T09:15:00+05:30,146.5,146.77,146.0,146.77,399115
2025-11-21T09:30:00+05:30,146.76,146.77,145.83,145.88,231899
2025-11-21T09:45:00+05:30,145.86,146.08,145.43,145.5,285956
2025-11-21T10:00:00+05:30,145.49,145.54,145.1,145.23,191327
2025-11-21T10:15:00+05:30,145.23,145.24,144.75,144.87,283932
2025-11-21T10:30:00+05:30,144.85,144.95,144.52,144.91,243912
2025-11-21T10:45:00+05:30,144.9,144.94,144.6,144.79,111716
2025-11-21T11:00:00+05:30,144.81,144.88,144.52,144.88,142783
2025-11-21T11:15:00+05:30,144.85,145.0,144.75,144.87,61497
2025-11-21T11:30:00+05:30,144.89,145.1,144.7,145.1,69501
2025-11-21T11:45:00+05:30,145.06,145.2,145.0,145.0,58851
2025-11-21T12:00:00+05:30,145.05,145.49,144.9,145.44,132444
2025-11-21T12:15:00+05:30,145.44,145.57,145.36,145.55,90980
2025-11-21T12:30:00+05:30,145.55,145.59,145.22,145.4,70955
2025-11-21T12:45:00+05:30,145.45,145.75,145.3,145.65,103023
2025-11-21T13:00:00+05:30,145.61,145.67,145.3,145.35,61959
2025-11-21T13:15:00+05:30,145.35,145.38,145.01,145.11,82069
2025-11-21T13:30:00+05:30,145.16,145.41,145.0,145.05,70413
2025-11-21T13:45:00+05:30,145.1,145.25,145.0,145.2,67612
2025-11-21T14:00:00+05:30,145.24,145.46,145.0,145.27,65740
2025-11-21T14:15:00+05:30,145.31,145.35,145.07,145.35,59562
2025-11-21T14:30:00+05:30,145.35,145.36,145.0,145.0,69105
2025-11-21T14:45:00+05:30,145.03,145.09,144.51,144.51,336588
2025-11-21T15:00:00+05:30,144.52,144.7,144.5,144.62,232855
2025-11-21T15:15:00+05:30,144.59,144.7,144.0,144.2,547635
2025-11-24T09:15:00+05:30,144.41,144.87,143.45,144.58,561286
2025-11-24T09:30:00+05:30,144.62,144.8,144.35,144.72,226545
2025-11-24T09:45:00+05:30,144.72,145.16,144.53,144.72,204803
2025-11-24T10:00:00+05:30,144.72,145.1,144.55,144.88,85169
2025-11-24T10:15:00+05:30,144.8,144.87,144.08,144.2,151098
2025-11-24T10:30:00+05:30,144.22,144.46,144.06,144.08,101170
2025-11-24T10:45:00+05:30,144.08,144.12,143.66,143.71,181678
2025-11-24T11:00:00+05:30,143.66,144.0,143.66,143.9,70314
2025-11-24T11:15:00+05:30,143.94,144.21,143.8,144.01,111579
2025-11-24T11:30:00+05:30,144.06,144.2,143.9,143.96,72541
2025-11-24T11:45:00+05:30,143.96,144.18,143.68,144.08,86028
2025-11-24T12:00:00+05:30,144.08,144.15,143.68,143.72,98769
2025-11-24T12:15:00+05:30,143.72,144.05,143.5,143.95,83128
2025-11-24T12:30:00+05:30,143.96,144.03,143.6,143.78,67180
2025-11-24T12:45:00+05:30,143.78,143.82,143.53,143.55,45953
2025-11-24T13:00:00+05:30,143.6,143.75,143.55,143.69,52596
2025-11-24T13:15:00+05:30,143.68,143.7,143.51,143.51,62178
2025-11-24T13:30:00+05:30,143.56,143.72,143.37,143.64,89001
2025-11-24T13:45:00+05:30,143.6,143.64,143.31,143.32,44333
2025-11-24T14:00:00+05:30,143.38,143.39,143.0,143.24,125971
2025-11-24T14:15:00+05:30,143.28,143.4,143.0,143.16,168278
2025-11-24T14:30:00+05:30,143.2,143.26,143.01,143.07,86229
2025-11-24T14:45:00+05:30,143.09,143.19,142.71,142.75,160638
2025-11-24T15:00:00+05:30,142.75,142.98,142.2,142.4,352758
2025-11-24T15:15:00+05:30,142.4,142.59,142.34,142.5,445847
2025-11-25T09:15:00+05:30,142.49,143.28,141.71,142.47,455053
2025-11-25T09:30:00+05:30,142.42,142.8,142.3,142.67,151764
2025-11-25T09:45:00+05:30,142.67,142.84,142.27,142.66,185128
2025-11-25T10:00:00+05:30,142.61,142.84,142.32,142.7,237888
2025-11-25T10:15:00+05:30,142.67,142.78,142.45,142.62,99796
2025-11-25T10:30:00+05:30,142.66,143.08,142.5,142.58,117006
2025-11-25T10:45:00+05:30,142.58,142.59,141.98,142.0,216759
2025-11-25T11:00:00+05:30,142.0,142.16,141.92,142.11,152578
2025-11-25T11:15:00+05:30,142.12,142.34,142.0,142.28,108417
2025-11-25T11:30:00+05:30,142.28,142.39,142.14,142.29,101299
2025-11-25T11:45:00+05:30,142.29,142.33,142.03,142.1,59078
2025-11-25T12:00:00+05:30,142.1,142.11,141.8,141.85,128964
2025-11-25T12:15:00+05:30,141.86,141.87,141.4,141.57,140435
2025-11-25T12:30:00+05:30,141.63,141.65,141.51,141.58,80485
2025-11-25T12:45:00+05:30,141.54,141.58,141.3,141.34,127050
2025-11-25T13:00:00+05:30,141.31,141.35,140.75,141.1,333479
2025-11-25T13:15:00+05:30,141.1,141.19,140.89,141.15,94781
2025-11-25T13:30:00+05:30,141.11,141.13,140.53,140.9,249350
2025-11-25T13:45:00+05:30,140.94,141.15,140.91,141.1,170466
2025-11-25T14:00:00+05:30,141.1,141.82,141.08,141.82,407599
2025-11-25T14:15:00+05:30,141.82,142.39,141.8,141.98,387681
2025-11-25T14:30:00+05:30,142.0,142.0,141.12,141.47,175552
2025-11-25T14:45:00+05:30,141.45,141.53,141.2,141.26,95748
2025-11-25T15:00:00+05:30,141.27,141.49,141.12,141.46,263006
2025-11-25T15:15:00+05:30,141.41,141.8,141.18,141.5,407264
2025-11-26T09:15:00+05:30,142.11,144.19,142.1,144.06,679214
2025-11-26T09:30:00+05:30,144.05,144.45,143.56,143.75,278907
2025-11-26T09:45:00+05:30,143.75,144.15,143.48,143.52,193924
2025-11-26T10:00:00+05:30,143.53,144.79,143.52,144.44,447378
2025-11-26T10:15:00+05:30,144.4,144.48,144.1,144.32,109485
2025-11-26T10:30:00+05:30,144.34,144.39,144.06,144.15,77957
2025-11-26T10:45:00+05:30,144.15,144.27,144.05,144.1,47625
2025-11-26T11:00:00+05:30,144.1,144.3,144.04,144.07,73468
2025-11-26T11:15:00+05:30,144.13,144.16,143.62,143.7,83492
2025-11-26T11:30:00+05:30,143.7,143.76,143.35,143.48,116628
2025-11-26T11:45:00+05:30,143.53,143.6,143.4,143.59,40304
2025-11-26T12:00:00+05:30,143.59,143.87,143.58,143.81,65087
2025-11-26T12:15:00+05:30,143.8,143.85,143.61,143.7,29420
2025-11-26T12:30:00+05:30,143.7,143.9,143.61,143.8,51421
2025-11-26T12:45:00+05:30,143.8,143.88,143.74,143.78,37527
2025-11-26T13:00:00+05:30,143.8,144.15,143.75,143.9,84002
2025-11-26T13:15:00+05:30,143.9,144.39,143.75,144.25,57505
2025-11-26T13:30:00+05:30,144.25,144.29,143.8,143.89,102474
2025-11-26T13:45:00+05:30,143.87,144.0,143.8,143.94,45027
2025-11-26T14:00:00+05:30,143.93,144.2,143.84,144.09,65912
2025-11-26T14:15:00+05:30,144.14,144.31,143.98,143.98,64010
2025-11-26T14:30:00+05:30,144.02,144.26,143.99,144.09,53829
2025-11-26T14:45:00+05:30,144.09,144.19,144.02,144.13,61366
2025-11-26T15:00:00+05:30,144.16,144.59,144.13,144.44,226536
2025-11-26T15:15:00+05:30,144.41,144.5,144.15,144.5,578824
2025-11-27T09:15:00+05:30,144.44,145.48,144.44,145.2,285419
2025-11-27T09:30:00+05:30,145.25,145.25,144.44,144.46,178977
2025-11-27T09:45:00+05:30,144.5,144.89,144.31,144.84,84085
2025-11-27T10:00:00+05:30,144.81,145.05,144.11,144.31,89175
2025-11-27T10:15:00+05:30,144.33,144.59,144.23,144.45,56573
2025-11-27T10:30:00+05:30,144.45,144.7,144.24,144.47,89897
2025-11-27T10:45:00+05:30,144.48,144.79,144.23,144.39,118127
2025-11-27T11:00:00+05:30,144.39,144.54,144.17,144.21,118812
2025-11-27T11:15:00+05:30,144.2,144.29,143.5,143.63,229367
2025-11-27T11:30:00+05:30,143.63,143.89,143.63,143.86,55973
2025-11-27T11:45:00+05:30,143.86,143.88,143.54,143.59,67303
2025-11-27T12:00:00+05:30,143.66,143.68,143.32,143.32,71393
2025-11-27T12:15:00+05:30,143.4,143.53,143.33,143.35,57170
2025-11-27T12:30:00+05:30,143.35,143.7,143.34,143.69,54258
2025-11-27T12:45:00+05:30,143.62,143.85,143.62,143.65,45835
2025-11-27T13:00:00+05:30,143.7,143.7,143.32,143.36,74201
2025-11-27T13:15:00+05:30,143.32,143.48,143.11,143.15,73024
2025-11-27T13:30:00+05:30,143.2,143.54,143.1,143.3,47161
2025-11-27T13:45:00+05:30,143.3,143.5,143.11,143.47,59434
2025-11-27T14:00:00+05:30,143.5,143.68,143.38,143.45,41195
2025-11-27T14:15:00+05:30,143.45,143.64,143.18,143.55,38865
2025-11-27T14:30:00+05:30,143.5,143.74,143.41,143.5,49888
2025-11-27T14:45:00+05:30,143.55,143.59,143.3,143.46,41747
2025-11-27T15:00:00+05:30,143.42,144.1,143.42,143.93,187495
2025-11-27T15:15:00+05:30,143.93,143.93,143.5,143.62,194854
2025-11-28T09:15:00+05:30,143.92,144.2,142.65,142.91,316352
2025-11-28T09:30:00+05:30,142.94,143.19,142.61,142.98,235487
2025-11-28T09:45:00+05:30,142.94,143.2,142.66,142.99,117483
2025-11-28T10:00:00+05:30,142.93,143.1,142.7,142.75,90891
2025-11-28T10:15:00+05:30,142.72,142.8,142.45,142.49,139519
2025-11-28T10:30:00+05:30,142.49,142.81,142.45,142.73,68381
2025-11-28T10:45:00+05:30,142.73,142.86,142.62,142.72,46466
2025-11-28T11:00:00+05:30,142.71,142.8,142.6,142.68,52908
2025-11-28T11:15:00+05:30,142.7,142.86,142.64,142.8,124914
2025-11-28T11:30:00+05:30,142.84,143.12,142.8,143.0,112422
2025-11-28T11:45:00+05:30,142.96,143.09,142.68,142.78,47012
2025-11-28T12:00:00+05:30,142.78,142.88,142.55,142.66,49877
2025-11-28T12:15:00+05:30,142.63,142.71,142.48,142.59,66989
2025-11-28T12:30:00+05:30,142.56,142.67,142.47,142.53,83296
2025-11-28T12:45:00+05:30,142.52,142.83,142.42,142.72,79863
2025-11-28T13:00:00+05:30,142.72,142.77,142.61,142.67,23657
2025-11-28T13:15:00+05:30,142.67,142.7,142.5,142.6,57315
2025-11-28T13:30:00+05:30,142.6,142.7,142.53,142.68,26339
2025-11-28T13:45:00+05:30,142.68,142.7,142.53,142.63,33957
2025-11-28T14:00:00+05:30,142.57,142.7,142.52,142.59,32036
2025-11-28T14:15:00+05:30,142.59,142.69,142.52,142.65,34138
2025-11-28T14:30:00+05:30,142.65,142.85,142.6,142.74,50524
2025-11-28T14:45:00+05:30,142.75,142.79,142.64,142.78,104218
2025-11-28T15:00:00+05:30,142.79,143.0,142.68,142.81,158760
2025-11-28T15:15:00+05:30,142.92,143.0,142.7,142.99,297511
2025-12-01T09:15:00+05:30,142.9,144.3,142.9,144.1,430669
2025-12-01T09:30:00+05:30,144.1,144.25,143.55,143.68,205877
2025-12-01T09:45:00+05:30,143.67,143.69,142.93,143.12,196064
2025-12-01T10:00:00+05:30,143.12,143.33,143.06,143.24,106034
2025-12-01T10:15:00+05:30,143.24,143.34,143.1,143.2,98019
2025-12-01T10:30:00+05:30,143.2,143.58,143.13,143.2,93020
2025-12-01T10:45:00+05:30,143.19,143.2,142.8,143.01,115920
2025-12-01T11:00:00+05:30,143.1,143.12,142.8,142.97,66996
2025-12-01T11:15:00+05:30,142.91,143.39,142.91,143.2,64859
2025-12-01T11:30:00+05:30,143.23,143.27,142.8,142.81,73966
2025-12-01T11:45:00+05:30,142.8,142.87,142.5,142.65,94341
2025-12-01T12:00:00+05:30,142.67,142.77,142.26,142.41,91318
2025-12-01T12:15:00+05:30,142.42,142.5,142.13,142.33,74638
2025-12-01T12:30:00+05:30,142.33,142.42,142.17,142.33,57126
2025-12-01T12:45:00+05:30,142.31,142.64,142.22,142.56,101723
2025-12-01T13:00:00+05:30,142.56,142.65,142.5,142.6,48551
2025-12-01T13:15:00+05:30,142.6,142.65,142.35,142.44,86898
2025-12-01T13:30:00+05:30,142.46,142.54,142.2,142.42,67219
2025-12-01T13:45:00+05:30,142.46,142.6,142.25,142.35,36618
2025-12-01T14:00:00+05:30,142.34,142.6,142.25,142.38,63030
2025-12-01T14:15:00+05:30,142.38,142.5,142.27,142.49,96490
2025-12-01T14:30:00+05:30,142.46,142.5,142.27,142.29,76453
2025-12-01T14:45:00+05:30,142.27,142.35,142.0,142.19,150775
2025-12-01T15:00:00+05:30,142.19,142.83,142.17,142.81,222303
2025-12-01T15:15:00+05:30,142.81,142.83,142.2,142.25,327221
2025-12-02T09:15:00+05:30,142.01,142.39,141.02,141.28,457929
2025-12-02T09:30:00+05:30,141.28,141.31,140.95,141.0,355563
2025-12-02T09:45:00+05:30,141.02,141.39,140.9,141.28,183213
2025-12-02T10:00:00+05:30,141.28,141.5,141.09,141.26,111688
2025-12-02T10:15:00+05:30,141.26,141.5,141.09,141.32,116204
2025-12-02T10:30:00+05:30,141.32,141.6,141.28,141.38,134366
2025-12-02T10:45:00+05:30,141.39,141.53,141.2,141.42,84927
2025-12-02T11:00:00+05:30,141.42,141.55,141.26,141.35,66537
2025-12-02T11:15:00+05:30,141.35,141.37,141.1,141.17,94494
2025-12-02T11:30:00+05:30,141.17,141.29,141.04,141.15,61392
2025-12-02T11:45:00+05:30,141.15,141.2,140.8,140.92,297113
2025-12-02T12:00:00+05:30,140.92,141.12,140.85,141.05,76563
2025-12-02T12:15:00+05:30,141.05,141.05,140.9,140.95,58478
2025-12-02T12:30:00+05:30,140.99,141.0,140.75,140.79,189791
2025-12-02T12:45:00+05:30,140.79,140.83,140.4,140.62,249354
2025-12-02T13:00:00+05:30,140.62,140.71,140.4,140.49,185935
2025-12-02T13:15:00+05:30,140.49,140.55,140.35,140.51,102899
2025-12-02T13:30:00+05:30,140.51,140.65,140.4,140.5,246060
2025-12-02T13:45:00+05:30,140.5,140.7,140.45,140.67,64366
2025-12-02T14:00:00+05:30,140.66,140.67,140.35,140.4,205132
2025-12-02T14:15:00+05:30,140.37,140.41,140.25,140.25,174851
2025-12-02T14:30:00+05:30,140.28,140.28,140.01,140.1,202883
2025-12-02T14:45:00+05:30,140.1,140.22,139.61,139.89,671597
2025-12-02T15:00:00+05:30,139.88,140.34,139.88,140.25,397768
2025-12-02T15:15:00+05:30,140.24,140.5,140.0,140.48,718628
2025-12-03T09:15:00+05:30,140.24,140.95,139.58,139.8,634420
2025-12-03T09:30:00+05:30,139.78,139.97,138.97,139.3,452686
2025-12-03T09:45:00+05:30,139.3,139.44,138.8,139.06,210757
2025-12-03T10:00:00+05:30,139.03,139.03,138.2,138.43,438336
2025-12-03T10:15:00+05:30,138.43,138.5,138.14,138.25,221715
2025-12-03T10:30:00+05:30,138.25,138.39,137.77,137.94,351547
2025-12-03T10:45:00+05:30,137.94,138.19,137.85,138.11,153571
2025-12-03T11:00:00+05:30,138.11,138.23,137.86,138.05,114791
2025-12-03T11:15:00+05:30,138.05,138.05,137.6,137.83,158727
2025-12-03T11:30:00+05:30,137.84,138.21,137.63,138.2,135009
2025-12-03T11:45:00+05:30,138.2,138.25,138.0,138.06,93385
2025-12-03T12:00:00+05:30,138.06,138.6,138.0,138.24,104614
2025-12-03T12:15:00+05:30,138.33,138.43,138.12,138.27,131041
2025-12-03T12:30:00+05:30,138.28,138.31,137.71,137.92,204751
2025-12-03T12:45:00+05:30,137.94,137.99,137.7,137.84,148464
2025-12-03T13:00:00+05:30,137.86,138.14,137.7,137.98,127763
2025-12-03T13:15:00+05:30,137.98,138.0,137.8,137.95,72488
2025-12-03T13:30:00+05:30,137.95,138.03,137.6,137.69,98947
2025-12-03T13:45:00+05:30,137.63,137.78,137.5,137.69,130784
2025-12-03T14:00:00+05:30,137.76,137.99,137.51,137.88,102684
2025-12-03T14:15:00+05:30,137.88,137.89,137.34,137.41,159900
2025-12-03T14:30:00+05:30,137.41,137.58,136.87,137.11,455747
2025-12-03T14:45:00+05:30,137.09,137.1,136.2,136.58,485607
2025-12-03T15:00:00+05:30,136.58,137.0,136.42,137.0,465712
2025-12-03T15:15:00+05:30,137.0,137.23,136.7,137.15,652217
2025-12-04T09:15:00+05:30,137.0,137.68,136.3,137.25,662007
2025-12-04T09:30:00+05:30,137.25,137.55,136.77,137.42,359190
2025-12-04T09:45:00+05:30,137.39,137.62,137.06,137.53,167969
2025-12-04T10:00:00+05:30,137.53,137.6,137.16,137.4,202118
2025-12-04T10:15:00+05:30,137.41,138.79,137.38,138.79,446326
2025-12-04T10:30:00+05:30,138.79,138.8,138.41,138.54,133686
2025-12-04T10:45:00+05:30,138.54,138.58,137.85,138.02,171923
2025-12-04T11:00:00+05:30,138.02,138.1,137.5,137.7,97391
2025-12-04T11:15:00+05:30,137.67,137.7,137.32,137.51,155461
2025-12-04T11:30:00+05:30,137.5,137.57,137.0,137.1,157873
2025-12-04T11:45:00+05:30,137.08,137.46,136.9,137.12,181500
2025-12-04T12:00:00+05:30,137.14,137.67,137.14,137.57,97314
2025-12-04T12:15:00+05:30,137.55,137.65,137.2,137.52,91388
2025-12-04T12:30:00+05:30,137.55,137.77,137.41,137.5,74879
2025-12-04T12:45:00+05:30,137.51,137.51,137.26,137.32,66471
2025-12-04T13:00:00+05:30,137.37,137.5,137.2,137.3,54994
2025-12-04T13:15:00+05:30,137.3,137.41,137.11,137.19,49722
2025-12-04T13:30:00+05:30,137.2,137.25,136.62,136.84,160688
2025-12-04T13:45:00+05:30,136.84,137.0,136.57,136.69,151488
2025-12-04T14:00:00+05:30,136.69,137.15,136.6,137.0,86983
2025-12-04T14:15:00+05:30,137.0,137.1,136.75,136.93,77338
2025-12-04T14:30:00+05:30,136.93,136.96,136.6,136.66,74787
2025-12-04T14:45:00+05:30,136.6,136.9,136.5,136.8,187324
2025-12-04T15:00:00+05:30,136.79,137.08,136.71,136.82,173510
2025-12-04T15:15:00+05:30,136.82,136.89,136.5,136.71,346330
2025-12-05T09:15:00+05:30,136.75,137.29,134.16,134.36,1107582
2025-12-05T09:30:00+05:30,134.36,134.57,133.4,133.57,815422
2025-12-05T09:45:00+05:30,133.6,133.87,133.0,133.01,791536
2025-12-05T10:00:00+05:30,133.05,134.28,133.0,133.4,767356
2025-12-05T10:15:00+05:30,133.42,134.1,133.1,133.23,510863
2025-12-05T10:30:00+05:30,133.23,133.5,133.02,133.27,498032
2025-12-05T10:45:00+05:30,133.27,133.75,133.0,133.46,445722
2025-12-05T11:00:00+05:30,133.41,134.45,133.05,134.16,646940
2025-12-05T11:15:00+05:30,134.17,134.34,133.7,133.85,222494
2025-12-05T11:30:00+05:30,133.85,133.94,133.6,133.83,160329
2025-12-05T11:45:00+05:30,133.81,133.84,133.25,133.31,208552
2025-12-05T12:00:00+05:30,133.31,133.64,133.05,133.08,241965
2025-12-05T12:15:00+05:30,133.08,133.49,133.03,133.3,205545
2025-12-05T12:30:00+05:30,133.3,133.45,132.76,133.25,567501
2025-12-05T12:45:00+05:30,133.25,133.29,132.88,133.08,280151
2025-12-05T13:00:00+05:30,133.08,133.19,132.85,133.02,187175
2025-12-05T13:15:00+05:30,133.02,133.38,132.95,133.22,197098
2025-12-05T13:30:00+05:30,133.22,133.29,133.05,133.29,98204
2025-12-05T13:45:00+05:30,133.26,133.38,133.07,133.25,233760
2025-12-05T14:00:00+05:30,133.25,133.49,133.07,133.35,173493
2025-12-05T14:15:00+05:30,133.31,133.55,133.21,133.35,146319
2025-12-05T14:30:00+05:30,133.38,133.38,132.39,132.47,421396
2025-12-05T14:45:00+05:30,132.47,132.5,132.0,132.13,825487
2025-12-05T15:00:00+05:30,132.13,133.59,132.09,133.34,864639
2025-12-05T15:15:00+05:30,133.32,134.15,133.18,133.85,1022564
2025-12-08T09:15:00+05:30,133.69,134.43,133.25,134.14,843330
2025-12-08T09:30:00+05:30,134.14,134.75,133.9,133.9,592122
2025-12-08T09:45:00+05:30,133.92,133.92,132.8,132.9,763210
2025-12-08T10:00:00+05:30,132.9,132.96,132.05,132.23,484630
2025-12-08T10:15:00+05:30,132.3,132.74,132.28,132.55,279076
2025-12-08T10:30:00+05:30,132.57,132.64,132.21,132.37,241387
2025-12-08T10:45:00+05:30,132.38,132.43,132.01,132.01,170038
2025-12-08T11:00:00+05:30,132.04,132.27,131.8,132.2,270508
2025-12-08T11:15:00+05:30,132.2,132.2,131.8,131.9,151465
2025-12-08T11:30:00+05:30,131.92,131.93,131.4,131.64,299188
2025-12-08T11:45:00+05:30,131.64,131.92,131.41,131.59,147902
2025-12-08T12:00:00+05:30,131.6,131.65,131.1,131.21,287193
2025-12-08T12:15:00+05:30,131.21,131.31,131.0,131.02,225549
2025-12-08T12:30:00+05:30,131.08,131.2,130.9,131.08,232429
2025-12-08T12:45:00+05:30,131.08,131.1,130.66,130.72,216702
2025-12-08T13:00:00+05:30,130.72,130.99,130.63,130.76,206907
2025-12-08T13:15:00+05:30,130.78,130.78,130.08,130.15,438168
2025-12-08T13:30:00+05:30,130.17,130.47,129.78,130.32,555395
2025-12-08T13:45:00+05:30,130.32,130.88,130.3,130.57,339638
2025-12-08T14:00:00+05:30,130.59,130.77,130.4,130.59,130379
2025-12-08T14:15:00+05:30,130.59,130.75,130.26,130.45,225764
2025-12-08T14:30:00+05:30,130.49,130.55,130.15,130.39,291334
2025-12-08T14:45:00+05:30,130.39,130.78,130.1,130.5,331278
2025-12-08T15:00:00+05:30,130.51,131.79,130.51,131.35,621012
2025-12-08T15:15:00+05:30,131.36,131.36,130.5,131.05,628505
2025-12-09T09:15:00+05:30,131.0,131.2,129.58,129.71,1323721
2025-12-09T09:30:00+05:30,129.71,129.98,129.15,129.4,588622
2025-12-09T09:45:00+05:30,129.4,129.72,129.11,129.47,496934
2025-12-09T10:00:00+05:30,129.47,130.9,129.2,130.76,531568
2025-12-09T10:15:00+05:30,130.75,132.14,130.75,131.92,784234
2025-12-09T10:30:00+05:30,131.93,132.32,131.36,131.98,501886
2025-12-09T10:45:00+05:30,131.98,132.01,131.27,131.95,278579
2025-12-09T11:00:00+05:30,131.95,132.72,131.73,132.4,516143
2025-12-09T11:15:00+05:30,132.4,132.68,132.12,132.5,289618
2025-12-09T11:30:00+05:30,132.55,132.65,132.26,132.29,230045
2025-12-09T11:45:00+05:30,132.3,133.45,132.15,133.34,413680
2025-12-09T12:00:00+05:30,133.35,133.74,133.16,133.6,213610
2025-12-09T12:15:00+05:30,133.64,133.98,133.46,133.76,224960
2025-12-09T12:30:00+05:30,133.76,134.05,133.56,133.83,396862
2025-12-09T12:45:00+05:30,133.8,133.94,133.16,133.45,240788
2025-12-09T13:00:00+05:30,133.47,133.84,133.38,133.6,170227
2025-12-09T13:15:00+05:30,133.6,133.95,133.35,133.93,221444
2025-12-09T13:30:00+05:30,133.95,134.25,133.81,133.94,215963
2025-12-09T13:45:00+05:30,133.94,134.36,133.93,134.1,266898
2025-12-09T14:00:00+05:30,134.1,134.29,134.0,134.24,142517
2025-12-09T14:15:00+05:30,134.24,134.24,133.81,133.85,283439
2025-12-09T14:30:00+05:30,133.85,133.92,133.5,133.5,260474
2025-12-09T14:45:00+05:30,133.5,133.76,133.36,133.68,266603
2025-12-09T15:00:00+05:30,133.74,134.67,133.74,134.58,484205
2025-12-09T15:15:00+05:30,134.58,134.98,134.32,134.72,711342
2025-12-10T09:15:00+05:30,135.0,135.83,134.65,135.59,883964
2025-12-10T09:30:00+05:30,135.56,136.33,135.52,135.99,602695
2025-12-10T09:45:00+05:30,135.97,136.05,135.27,135.33,396844
2025-12-10T10:00:00+05:30,135.33,135.69,135.11,135.32,265955
2025-12-10T10:15:00+05:30,135.32,135.45,135.15,135.24,161790
2025-12-10T10:30:00+05:30,135.24,135.33,134.86,135.03,226958
2025-12-10T10:45:00+05:30,135.03,135.06,134.05,134.1,255278
2025-12-10T11:00:00+05:30,134.1,134.32,133.8,134.0,263933
2025-12-10T11:15:00+05:30,134.0,134.1,133.72,133.86,167024
2025-12-10T11:30:00+05:30,133.85,133.9,133.55,133.74,117349
2025-12-10T11:45:00+05:30,133.73,133.99,133.63,133.74,114564
2025-12-10T12:00:00+05:30,133.74,133.98,133.6,133.95,116923
2025-12-10T12:15:00+05:30,133.96,133.97,133.48,133.58,176997
2025-12-10T12:30:00+05:30,133.58,133.58,133.31,133.37,128091
2025-12-10T12:45:00+05:30,133.38,133.76,133.38,133.5,86207
2025-12-10T13:00:00+05:30,133.5,133.74,133.49,133.54,73943
2025-12-10T13:15:00+05:30,133.56,133.95,133.51,133.89,98307
2025-12-10T13:30:00+05:30,133.93,134.04,133.58,133.6,90959
2025-12-10T13:45:00+05:30,133.65,133.71,133.35,133.5,84066
2025-12-10T14:00:00+05:30,133.5,133.62,133.26,133.26,146789
2025-12-10T14:15:00+05:30,133.28,133.48,132.8,132.91,205152
2025-12-10T14:30:00+05:30,132.91,133.36,132.85,132.91,148097
2025-12-10T14:45:00+05:30,132.91,132.98,132.54,132.89,212415
2025-12-10T15:00:00+05:30,132.89,133.6,132.89,133.3,441846
2025-12-10T15:15:00+05:30,133.3,133.3,132.0,132.6,445176
2025-12-11T09:15:00+05:30,133.02,133.72,132.25,133.47,599822
2025-12-11T09:30:00+05:30,133.43,133.7,132.91,133.49,513168
2025-12-11T09:45:00+05:30,133.43,134.18,133.32,133.78,236672
2025-12-11T10:00:00+05:30,133.79,134.31,133.52,134.25,219623
2025-12-11T10:15:00+05:30,134.33,134.78,134.23,134.35,235002
2025-12-11T10:30:00+05:30,134.36,134.68,134.34,134.57,117872
2025-12-11T10:45:00+05:30,134.6,134.79,134.1,134.15,105041
2025-12-11T11:00:00+05:30,134.14,134.19,133.52,133.75,172795
2025-12-11T11:15:00+05:30,133.75,133.86,133.5,133.63,65511
2025-12-11T11:30:00+05:30,133.65,133.78,133.26,133.53,113625
2025-12-11T11:45:00+05:30,133.57,133.98,133.47,133.9,53141
2025-12-11T12:00:00+05:30,133.96,134.6,133.91,134.5,144152
2025-12-11T12:15:00+05:30,134.51,134.69,134.13,134.3,172546
2025-12-11T12:30:00+05:30,134.28,134.5,134.07,134.39,71779
2025-12-11T12:45:00+05:30,134.41,134.91,134.29,134.38,123970
2025-12-11T13:00:00+05:30,134.35,134.44,133.81,134.0,116030
2025-12-11T13:15:00+05:30,134.0,134.36,133.93,134.21,53113
2025-12-11T13:30:00+05:30,134.26,134.74,134.2,134.55,113667
2025-12-11T13:45:00+05:30,134.55,134.77,134.52,134.56,116954
2025-12-11T14:00:00+05:30,134.6,134.6,134.26,134.39,53258
2025-12-11T14:15:00+05:30,134.34,134.59,134.33,134.47,59553
2025-12-11T14:30:00+05:30,134.47,134.6,134.0,134.1,126077
2025-12-11T14:45:00+05:30,134.05,134.26,133.7,134.05,135676
2025-12-11T15:00:00+05:30,134.05,134.7,134.05,134.55,270970
2025-12-11T15:15:00+05:30,134.5,134.69,134.31,134.49,332497
2025-12-12T09:15:00+05:30,135.0,135.73,134.73,135.05,531414
2025-12-12T09:30:00+05:30,135.06,135.37,135.05,135.14,186297
2025-12-12T09:45:00+05:30,135.14,135.4,135.1,135.27,118806
2025-12-12T10:00:00+05:30,135.27,135.4,134.81,135.04,182889
2025-12-12T10:15:00+05:30,135.02,135.21,134.56,134.85,159075
2025-12-12T10:30:00+05:30,134.85,135.18,134.72,134.89,150318
2025-12-12T10:45:00+05:30,134.87,134.99,134.5,134.53,100601
2025-12-12T11:00:00+05:30,134.57,134.88,134.5,134.68,67690
2025-12-12T11:15:00+05:30,134.67,134.98,134.65,134.91,41868
2025-12-12T11:30:00+05:30,134.9,135.0,134.7,134.93,48863
2025-12-12T11:45:00+05:30,134.87,135.09,134.81,134.9,107438
2025-12-12T12:00:00+05:30,134.91,135.0,134.7,134.8,56566
2025-12-12T12:15:00+05:30,134.84,134.96,134.71,134.89,39908
2025-12-12T12:30:00+05:30,134.89,135.0,134.6,134.87,68618
2025-12-12T12:45:00+05:30,134.86,135.0,134.72,134.95,50828
2025-12-12T13:00:00+05:30,134.97,135.09,134.82,134.96,72408
2025-12-12T13:15:00+05:30,135.0,135.0,134.76,134.84,40721
2025-12-12T13:30:00+05:30,134.83,135.22,134.77,135.1,92781
2025-12-12T13:45:00+05:30,135.15,135.45,135.11,135.35,99182
2025-12-12T14:00:00+05:30,135.35,135.9,135.32,135.68,241661
2025-12-12T14:15:00+05:30,135.6,135.68,135.3,135.5,93432
2025-12-12T14:30:00+05:30,135.5,135.66,135.3,135.44,99716
2025-12-12T14:45:00+05:30,135.44,135.72,135.29,135.7,98982
2025-12-12T15:00:00+05:30,135.7,136.64,135.66,136.49,445420
2025-12-12T15:15:00+05:30,136.49,136.54,135.91,135.91,381545
2025-12-15T09:15:00+05:30,136.16,136.16,135.3,135.43,408911
2025-12-15T09:30:00+05:30,135.39,135.45,134.62,134.63,434971
2025-12-15T09:45:00+05:30,134.63,135.03,134.5,134.89,190020
2025-12-15T10:00:00+05:30,134.89,135.44,134.85,135.17,159881
2025-12-15T10:15:00+05:30,135.22,135.4,135.04,135.36,100677
2025-12-15T10:30:00+05:30,135.35,135.39,135.0,135.05,95731
2025-12-15T10:45:00+05:30,135.07,135.25,135.0,135.13,40594
2025-12-15T11:00:00+05:30,135.17,135.36,135.03,135.11,38752
2025-12-15T11:15:00+05:30,135.11,135.41,135.07,135.36,55161
2025-12-15T11:30:00+05:30,135.35,135.4,135.01,135.19,33322
2025-12-15T11:45:00+05:30,135.19,135.82,135.15,135.82,134640
2025-12-15T12:00:00+05:30,135.82,135.85,135.56,135.6,71605
2025-12-15T12:15:00+05:30,135.67,135.69,135.2,135.34,71462
2025-12-15T12:30:00+05:30,135.34,135.52,135.13,135.17,53651
2025-12-15T12:45:00+05:30,135.17,135.4,135.12,135.35,50703
2025-12-15T13:00:00+05:30,135.35,135.58,135.25,135.53,50921
2025-12-15T13:15:00+05:30,135.55,135.67,135.27,135.35,63289
2025-12-15T13:30:00+05:30,135.39,135.6,135.32,135.41,65316
2025-12-15T13:45:00+05:30,135.45,135.65,135.35,135.48,39591
2025-12-15T14:00:00+05:30,135.48,135.65,135.22,135.37,60371
2025-12-15T14:15:00+05:30,135.33,135.58,135.3,135.5,84441
2025-12-15T14:30:00+05:30,135.45,135.6,135.32,135.55,57880
2025-12-15T14:45:00+05:30,135.57,135.78,135.41,135.7,157169
2025-12-15T15:00:00+05:30,135.76,135.8,135.45,135.53,164709
2025-12-15T15:15:00+05:30,135.52,135.6,135.14,135.14,268781
2025-12-16T09:15:00+05:30,135.46,135.5,134.3,134.55,275497
2025-12-16T09:30:00+05:30,134.5,134.85,134.25,134.71,185149
2025-12-16T09:45:00+05:30,134.71,135.0,134.31,134.31,110951
2025-12-16T10:00:00+05:30,134.37,134.58,134.1,134.27,163220
2025-12-16T10:15:00+05:30,134.31,134.6,134.2,134.4,63446
2025-12-16T10:30:00+05:30,134.4,134.68,134.34,134.53,100112
2025-12-16T10:45:00+05:30,134.48,134.71,134.45,134.53,51902
2025-12-16T11:00:00+05:30,134.53,134.55,134.15,134.36,126944
2025-12-16T11:15:00+05:30,134.36,134.39,134.14,134.27,66077
2025-12-16T11:30:00+05:30,134.25,134.29,134.0,134.07,75645
2025-12-16T11:45:00+05:30,134.07,134.21,134.03,134.14,37707
2025-12-16T12:00:00+05:30,134.14,134.29,134.0,134.0,73660
2025-12-16T12:15:00+05:30,134.04,134.37,134.0,134.32,59539
2025-12-16T12:30:00+05:30,134.31,134.31,134.05,134.05,35373
2025-12-16T12:45:00+05:30,134.05,134.13,133.9,134.01,90256
2025-12-16T13:00:00+05:30,134.05,134.08,133.91,134.02,33260
2025-12-16T13:15:00+05:30,134.02,134.02,133.67,133.85,91253
2025-12-16T13:30:00+05:30,133.85,134.08,133.75,134.05,47475
2025-12-16T13:45:00+05:30,134.04,134.26,133.97,133.99,56755
2025-12-16T14:00:00+05:30,133.99,134.0,133.75,133.81,36747
2025-12-16T14:15:00+05:30,133.84,133.88,133.57,133.62,59877
2025-12-16T14:30:00+05:30,133.62,133.75,133.51,133.74,60142
2025-12-16T14:45:00+05:30,133.71,134.17,133.63,134.15,140562
2025-12-16T15:00:00+05:30,134.15,134.39,134.0,134.08,182838
2025-12-16T15:15:00+05:30,134.05,134.1,133.25,133.35,301046
2025-12-17T09:15:00+05:30,133.5,134.13,133.02,133.64,390475
2025-12-17T09:30:00+05:30,133.63,134.21,133.35,133.63,195172
2025-12-17T09:45:00+05:30,133.65,133.83,133.2,133.35,178890
2025-12-17T10:00:00+05:30,133.43,133.44,133.03,133.13,136889
2025-12-17T10:15:00+05:30,133.15,133.34,132.7,132.75,155519
2025-12-17T10:30:00+05:30,132.81,132.97,132.5,132.58,129124
2025-12-17T10:45:00+05:30,132.58,132.74,132.15,132.3,146696
2025-12-17T11:00:00+05:30,132.3,132.74,132.26,132.69,78498
2025-12-17T11:15:00+05:30,132.69,132.85,132.4,132.5,78806
2025-12-17T11:30:00+05:30,132.5,132.7,132.36,132.56,46247
2025-12-17T11:45:00+05:30,132.55,132.69,132.38,132.4,67359
2025-12-17T12:00:00+05:30,132.4,132.5,132.3,132.38,68544
2025-12-17T12:15:00+05:30,132.35,132.56,132.25,132.29,56273
2025-12-17T12:30:00+05:30,132.32,132.36,132.05,132.13,92516
2025-12-17T12:45:00+05:30,132.14,132.21,131.77,132.02,205564
2025-12-17T13:00:00+05:30,132.02,132.2,131.64,131.85,136246
2025-12-17T13:15:00+05:30,131.85,132.13,131.8,132.07,67393
2025-12-17T13:30:00+05:30,132.07,132.24,131.81,131.85,66056
2025-12-17T13:45:00+05:30,131.85,131.98,131.55,131.8,83611
2025-12-17T14:00:00+05:30,131.78,131.98,131.7,131.8,84613
2025-12-17T14:15:00+05:30,131.86,132.0,131.6,131.72,75221
2025-12-17T14:30:00+05:30,131.71,131.73,131.1,131.33,249536
2025-12-17T14:45:00+05:30,131.33,131.66,131.19,131.55,154967
2025-12-17T15:00:00+05:30,131.58,132.04,131.5,131.65,441836
2025-12-17T15:15:00+05:30,131.68,131.69,131.0,131.1,638568
2025-12-18T09:15:00+05:30,131.3,131.43,130.71,130.87,359276
2025-12-18T09:30:00+05:30,130.85,130.95,129.86,129.95,356514
2025-12-18T09:45:00+05:30,129.93,130.02,129.6,129.67,283234
2025-12-18T10:00:00+05:30,129.67,130.72,129.58,130.68,320184
2025-12-18T10:15:00+05:30,130.67,131.47,130.5,131.12,346077
2025-12-18T10:30:00+05:30,131.13,131.65,131.08,131.65,172196
2025-12-18T10:45:00+05:30,131.61,132.07,131.32,131.55,259069
2025-12-18T11:00:00+05:30,131.6,131.94,131.36,131.65,306142
2025-12-18T11:15:00+05:30,131.64,132.38,131.5,131.91,306291
2025-12-18T11:30:00+05:30,131.91,132.0,131.73,131.94,65465
2025-12-18T11:45:00+05:30,131.94,132.6,131.8,132.43,188338
2025-12-18T12:00:00+05:30,132.39,132.49,132.25,132.43,76379
2025-12-18T12:15:00+05:30,132.45,132.46,131.9,132.04,103911
2025-12-18T12:30:00+05:30,132.04,132.31,132.0,132.3,36079
2025-12-18T12:45:00+05:30,132.24,132.45,132.1,132.18,77235
2025-12-18T13:00:00+05:30,132.18,132.28,132.01,132.12,46596
2025-12-18T13:15:00+05:30,132.06,132.17,131.88,131.93,55277
2025-12-18T13:30:00+05:30,131.94,131.94,131.4,131.52,68888
2025-12-18T13:45:00+05:30,131.45,131.69,131.39,131.47,67236
2025-12-18T14:00:00+05:30,131.49,131.49,131.0,131.15,58645
2025-12-18T14:15:00+05:30,131.14,131.14,130.7,130.82,126269
2025-12-18T14:30:00+05:30,130.86,131.38,130.75,130.75,103756
2025-12-18T14:45:00+05:30,130.79,131.22,130.7,131.06,97761
2025-12-18T15:00:00+05:30,131.09,131.9,131.09,131.45,236545
2025-12-18T15:15:00+05:30,131.45,131.53,131.0,131.25,325988
2025-12-19T09:15:00+05:30,132.0,132.6,132.0,132.58,328453
2025-12-19T09:30:00+05:30,132.55,132.82,132.03,132.03,203412
2025-12-19T09:45:00+05:30,132.05,132.28,131.43,131.5,247049
2025-12-19T10:00:00+05:30,131.47,131.59,131.05,131.16,191175
2025-12-19T10:15:00+05:30,131.13,131.42,131.1,131.4,95432
2025-12-19T10:30:00+05:30,131.4,131.6,131.22,131.55,103977
2025-12-19T10:45:00+05:30,131.57,131.65,131.28,131.37,107779
2025-12-19T11:00:00+05:30,131.37,131.47,131.1,131.2,88230
2025-12-19T11:15:00+05:30,131.2,131.46,131.14,131.24,71100
2025-12-19T11:30:00+05:30,131.24,131.42,131.1,131.25,109521
2025-12-19T11:45:00+05:30,131.25,131.44,131.05,131.27,67746
2025-12-19T12:00:00+05:30,131.32,131.5,131.2,131.4,113069
2025-12-19T12:15:00+05:30,131.4,131.64,131.33,131.5,64127
2025-12-19T12:30:00+05:30,131.5,131.89,131.42,131.61,131846
2025-12-19T12:45:00+05:30,131.61,131.69,131.44,131.53,76436
2025-12-19T13:00:00+05:30,131.58,131.65,131.47,131.51,33796
2025-12-19T13:15:00+05:30,131.51,132.2,131.51,132.16,151789
2025-12-19T13:30:00+05:30,132.18,132.37,131.94,132.2,127658
2025-12-19T13:45:00+05:30,132.2,132.25,132.0,132.23,72319
2025-12-19T14:00:00+05:30,132.23,132.39,132.13,132.28,64773
2025-12-19T14:15:00+05:30,132.28,132.46,132.03,132.08,79201
2025-12-19T14:30:00+05:30,132.16,132.72,132.02,132.55,192423
2025-12-19T14:45:00+05:30,132.54,133.18,132.52,132.83,268035
2025-12-19T15:00:00+05:30,132.9,133.38,132.9,133.15,459137
2025-12-19T15:15:00+05:30,133.15,133.42,132.99,133.0,565110
2025-12-22T09:15:00+05:30,134.0,135.09,133.77,134.61,531295
2025-12-22T09:30:00+05:30,134.64,134.85,134.4,134.77,227759
2025-12-22T09:45:00+05:30,134.79,135.37,134.4,135.22,340066
2025-12-22T10:00:00+05:30,135.23,136.2,135.13,135.91,847168
2025-12-22T10:15:00+05:30,135.87,136.2,135.75,136.1,267063
2025-12-22T10:30:00+05:30,136.1,136.41,135.9,135.91,265585
2025-12-22T10:45:00+05:30,135.93,136.25,135.84,136.13,198600
2025-12-22T11:00:00+05:30,136.09,136.23,136.0,136.19,178245
2025-12-22T11:15:00+05:30,136.15,136.4,136.05,136.27,240162
2025-12-22T11:30:00+05:30,136.29,136.34,136.06,136.1,136661
2025-12-22T11:45:00+05:30,136.11,136.12,135.75,136.05,163445
2025-12-22T12:00:00+05:30,136.05,136.07,135.75,135.78,103323
2025-12-22T12:15:00+05:30,135.8,136.0,135.79,135.95,64665
2025-12-22T12:30:00+05:30,135.95,135.99,135.87,135.87,43503
2025-12-22T12:45:00+05:30,135.87,135.92,135.72,135.76,146869
2025-12-22T13:00:00+05:30,135.79,135.9,135.74,135.81,83575
2025-12-22T13:15:00+05:30,135.86,136.14,135.77,136.0,83023
2025-12-22T13:30:00+05:30,136.03,136.09,135.77,136.0,74722
2025-12-22T13:45:00+05:30,136.01,136.01,135.82,135.86,46265
2025-12-22T14:00:00+05:30,135.86,135.93,135.6,135.67,107883
2025-12-22T14:15:00+05:30,135.72,135.87,135.61,135.83,52894
2025-12-22T14:30:00+05:30,135.84,135.84,135.51,135.54,156296
2025-12-22T14:45:00+05:30,135.52,135.87,135.5,135.87,145901
2025-12-22T15:00:00+05:30,135.85,136.04,135.7,135.71,261059
2025-12-22T15:15:00+05:30,135.7,135.83,135.35,135.7,428440
2025-12-23T09:15:00+05:30,136.2,137.0,135.38,136.84,653704
2025-12-23T09:30:00+05:30,136.8,137.53,136.52,136.53,685773
2025-12-23T09:45:00+05:30,136.61,137.79,136.36,137.59,545798
2025-12-23T10:00:00+05:30,137.58,137.7,137.11,137.18,331997
2025-12-23T10:15:00+05:30,137.11,137.4,136.86,137.4,218083
2025-12-23T10:30:00+05:30,137.4,137.55,137.1,137.44,169021
2025-12-23T10:45:00+05:30,137.43,138.0,137.36,137.45,336526
2025-12-23T11:00:00+05:30,137.49,137.7,137.31,137.59,132970
2025-12-23T11:15:00+05:30,137.6,137.99,137.36,137.88,164772
2025-12-23T11:30:00+05:30,137.95,138.65,137.78,138.5,616087
2025-12-23T11:45:00+05:30,138.47,139.08,138.4,138.95,780478
2025-12-23T12:00:00+05:30,139.0,139.75,138.9,139.58,1000477
2025-12-23T12:15:00+05:30,139.6,141.1,139.6,140.8,1856824
2025-12-23T12:30:00+05:30,140.78,140.87,140.04,140.34,1107065
2025-12-23T12:45:00+05:30,140.29,140.4,139.6,139.71,607574
2025-12-23T13:00:00+05:30,139.71,139.83,139.37,139.59,415082
2025-12-23T13:15:00+05:30,139.53,139.59,138.8,139.2,711022
2025-12-23T13:30:00+05:30,139.23,139.25,138.75,138.82,266119
2025-12-23T13:45:00+05:30,138.82,138.92,138.6,138.8,278236
2025-12-23T14:00:00+05:30,138.82,139.3,138.8,139.28,314369
2025-12-23T14:15:00+05:30,139.24,139.29,138.65,138.66,257941
2025-12-23T14:30:00+05:30,138.69,138.69,138.08,138.13,501447
2025-12-23T14:45:00+05:30,138.1,138.82,138.04,138.82,485225
2025-12-23T15:00:00+05:30,138.82,139.24,138.6,138.75,654172
2025-12-23T15:15:00+05:30,138.75,139.0,138.4,139.0,654517
2025-12-24T09:15:00+05:30,139.0,139.95,138.36,139.7,926078
2025-12-24T09:30:00+05:30,139.7,139.73,139.03,139.38,377094
2025-12-24T09:45:00+05:30,139.38,139.5,138.7,138.74,335253
2025-12-24T10:00:00+05:30,138.75,138.96,138.51,138.67,188758
2025-12-24T10:15:00+05:30,138.71,139.39,138.5,139.31,282900
2025-12-24T10:30:00+05:30,139.31,139.6,138.91,139.06,262362
2025-12-24T10:45:00+05:30,139.04,139.59,138.9,139.37,165144
2025-12-24T11:00:00+05:30,139.37,139.37,138.9,139.1,114946
2025-12-24T11:15:00+05:30,139.08,139.18,138.85,138.91,81350
2025-12-24T11:30:00+05:30,138.95,138.97,138.74,138.75,97139
2025-12-24T11:45:00+05:30,138.73,138.83,138.52,138.58,108416
2025-12-24T12:00:00+05:30,138.54,138.66,138.52,138.57,98825
2025-12-24T12:15:00+05:30,138.6,138.75,138.53,138.62,101651
2025-12-24T12:30:00+05:30,138.62,138.71,138.51,138.55,59563
2025-12-24T12:45:00+05:30,138.55,138.58,138.31,138.52,134854
2025-12-24T13:00:00+05:30,138.52,138.85,138.43,138.47,99260
2025-12-24T13:15:00+05:30,138.53,138.55,138.17,138.29,121541
2025-12-24T13:30:00+05:30,138.29,138.35,138.09,138.24,139385
2025-12-24T13:45:00+05:30,138.26,138.42,138.11,138.2,113089
2025-12-24T14:00:00+05:30,138.2,138.28,138.09,138.2,54798
2025-12-24T14:15:00+05:30,138.2,138.46,138.16,138.36,232441
2025-12-24T14:30:00+05:30,138.36,138.47,138.06,138.17,174477
2025-12-24T14:45:00+05:30,138.19,138.6,138.09,138.4,371709
2025-12-24T15:00:00+05:30,138.45,138.73,138.05,138.18,351467
2025-12-24T15:15:00+05:30,138.19,138.3,137.55,137.75,461792
2025-12-26T09:15:00+05:30,137.76,139.49,137.21,139.49,754580
2025-12-26T09:30:00+05:30,139.49,141.65,139.27,140.61,2226343
2025-12-26T09:45:00+05:30,140.61,141.5,140.4,141.24,959030
2025-12-26T10:00:00+05:30,141.24,142.09,141.11,141.87,1976397
2025-12-26T10:15:00+05:30,141.85,142.82,141.51,142.68,1832899
2025-12-26T10:30:00+05:30,142.68,143.0,141.9,142.2,1485839
2025-12-26T10:45:00+05:30,142.14,143.3,141.9,142.73,1481623
2025-12-26T11:00:00+05:30,142.73,142.98,142.41,142.65,762266
2025-12-26T11:15:00+05:30,142.65,142.95,142.2,142.85,805240
2025-12-26T11:30:00+05:30,142.86,143.25,142.66,142.83,753891
2025-12-26T11:45:00+05:30,142.82,143.0,142.22,142.3,715169
2025-12-26T12:00:00+05:30,142.25,142.7,141.83,141.88,674547
2025-12-26T12:15:00+05:30,141.91,142.74,141.88,142.6,465852
2025-12-26T12:30:00+05:30,142.6,142.6,141.86,142.08,543615
2025-12-26T12:45:00+05:30,142.05,142.2,141.65,141.7,407953
2025-12-26T13:00:00+05:30,141.7,142.5,141.65,142.2,577476
2025-12-26T13:15:00+05:30,142.14,142.42,142.11,142.24,310731
2025-12-26T13:30:00+05:30,142.24,142.3,142.04,142.25,206989
2025-12-26T13:45:00+05:30,142.25,142.29,141.76,142.17,303601
2025-12-26T14:00:00+05:30,142.17,142.38,141.9,142.15,464409
2025-12-26T14:15:00+05:30,142.18,142.35,141.6,141.76,473031
2025-12-26T14:30:00+05:30,141.77,141.95,141.15,141.5,559057
2025-12-26T14:45:00+05:30,141.5,141.56,140.8,141.09,714204
2025-12-26T15:00:00+05:30,141.12,141.64,141.09,141.28,968820
2025-12-26T15:15:00+05:30,141.28,141.28,140.5,140.86,1587848
2025-12-29T09:15:00+05:30,141.99,142.24,139.63,140.87,1474010
2025-12-29T09:30:00+05:30,140.85,141.95,140.69,141.65,628581
2025-12-29T09:45:00+05:30,141.68,142.75,141.53,141.62,718195
2025-12-29T10:00:00+05:30,141.62,141.81,141.1,141.11,434517
2025-12-29T10:15:00+05:30,141.14,141.17,140.31,140.51,330198
2025-12-29T10:30:00+05:30,140.48,140.48,139.8,139.96,518435
2025-12-29T10:45:00+05:30,139.92,139.95,139.55,139.81,204925
2025-12-29T11:00:00+05:30,139.83,139.84,139.38,139.8,177969
2025-12-29T11:15:00+05:30,139.78,139.78,139.19,139.29,202047
2025-12-29T11:30:00+05:30,139.26,139.66,139.11,139.58,159427
2025-12-29T11:45:00+05:30,139.63,140.22,139.6,139.89,150192
2025-12-29T12:00:00+05:30,139.9,139.9,139.53,139.72,90362
2025-12-29T12:15:00+05:30,139.7,139.8,139.42,139.57,96710
2025-12-29T12:30:00+05:30,139.61,139.73,139.3,139.3,89055
2025-12-29T12:45:00+05:30,139.3,139.52,139.2,139.4,113817
2025-12-29T13:00:00+05:30,139.4,139.58,139.16,139.16,86480
2025-12-29T13:15:00+05:30,139.2,139.23,139.0,139.19,159740
2025-12-29T13:30:00+05:30,139.19,139.25,138.74,139.13,158977
2025-12-29T13:45:00+05:30,139.13,139.35,139.04,139.23,128103
2025-12-29T14:00:00+05:30,139.2,139.3,138.95,138.96,120650
2025-12-29T14:15:00+05:30,138.96,139.11,138.75,139.01,97903
2025-12-29T14:30:00+05:30,139.0,139.19,138.85,138.98,76775
2025-12-29T14:45:00+05:30,138.98,138.99,138.55,138.87,274907
2025-12-29T15:00:00+05:30,138.92,139.04,138.55,138.84,398098
2025-12-29T15:15:00+05:30,138.84,138.92,138.1,138.65,647581
2025-12-30T09:15:00+05:30,138.69,138.69,137.22,137.35,662514
2025-12-30T09:30:00+05:30,137.31,138.04,137.22,137.5,274835
2025-12-30T09:45:00+05:30,137.55,137.59,136.8,137.04,346531
2025-12-30T10:00:00+05:30,137.04,137.06,136.69,136.96,180157
2025-12-30T10:15:00+05:30,136.97,137.18,136.56,136.7,286564
2025-12-30T10:30:00+05:30,136.7,137.0,136.63,136.71,114280
2025-12-30T10:45:00+05:30,136.7,137.34,136.55,136.89,265994
2025-12-30T11:00:00+05:30,136.84,136.93,136.6,136.68,96814
2025-12-30T11:15:00+05:30,136.68,136.81,136.29,136.46,175874
2025-12-30T11:30:00+05:30,136.46,136.5,136.16,136.2,131718
2025-12-30T11:45:00+05:30,136.2,136.24,135.8,135.91,273314
2025-12-30T12:00:00+05:30,135.91,135.97,135.81,135.88,92512
2025-12-30T12:15:00+05:30,135.91,135.92,135.67,135.85,137452
2025-12-30T12:30:00+05:30,135.85,136.44,135.62,136.43,191182
2025-12-30T12:45:00+05:30,136.43,136.56,136.29,136.35,155058
2025-12-30T13:00:00+05:30,136.35,136.48,136.04,136.37,77975
2025-12-30T13:15:00+05:30,136.35,136.47,136.05,136.35,78535
2025-12-30T13:30:00+05:30,136.39,136.84,136.35,136.8,154717
2025-12-30T13:45:00+05:30,136.8,136.97,136.72,136.72,177379
2025-12-30T14:00:00+05:30,136.72,136.82,136.58,136.72,198309
2025-12-30T14:15:00+05:30,136.72,137.15,136.69,136.94,259929
2025-12-30T14:30:00+05:30,136.94,137.2,136.83,137.03,249844
2025-12-30T14:45:00+05:30,137.02,137.32,136.65,137.21,342238
2025-12-30T15:00:00+05:30,137.21,137.27,136.65,136.85,320604
2025-12-30T15:15:00+05:30,136.85,137.25,136.62,137.25,738407
2025-12-31T09:15:00+05:30,136.86,139.7,136.85,139.31,898098
2025-12-31T09:30:00+05:30,139.26,139.44,138.74,138.93,365322
2025-12-31T09:45:00+05:30,138.93,139.39,138.82,138.9,280723
2025-12-31T10:00:00+05:30,138.93,140.4,138.89,140.29,673295
2025-12-31T10:15:00+05:30,140.31,141.25,140.26,140.95,1263188
2025-12-31T10:30:00+05:30,140.92,141.1,140.5,141.0,610213
2025-12-31T10:45:00+05:30,140.95,141.0,140.63,140.79,380629
2025-12-31T11:00:00+05:30,140.79,140.93,140.51,140.53,189015
2025-12-31T11:15:00+05:30,140.53,140.68,140.02,140.19,250338
2025-12-31T11:30:00+05:30,140.19,140.49,140.1,140.32,137676
2025-12-31T11:45:00+05:30,140.32,140.59,140.28,140.4,127540
2025-12-31T12:00:00+05:30,140.37,140.59,140.26,140.45,104876
2025-12-31T12:15:00+05:30,140.45,140.5,140.3,140.41,55459
2025-12-31T12:30:00+05:30,140.45,140.51,140.25,140.4,69764
2025-12-31T12:45:00+05:30,140.4,140.54,140.34,140.51,64853
2025-12-31T13:00:00+05:30,140.45,140.53,140.32,140.4,52768
2025-12-31T13:15:00+05:30,140.4,140.45,140.21,140.38,84650
2025-12-31T13:30:00+05:30,140.38,140.48,140.1,140.19,77306
2025-12-31T13:45:00+05:30,140.2,140.38,140.17,140.33,65238
2025-12-31T14:00:00+05:30,140.33,140.4,140.07,140.15,109504
2025-12-31T14:15:00+05:30,140.11,140.15,139.76,139.86,262903
2025-12-31T14:30:00+05:30,139.88,140.05,139.55,139.83,252693
2025-12-31T14:45:00+05:30,139.87,140.44,139.8,140.33,213638
2025-12-31T15:00:00+05:30,140.33,140.45,139.73,139.85,255787
2025-12-31T15:15:00+05:30,139.87,140.1,139.71,139.71,549337
2026-01-01T09:15:00+05:30,141.0,142.3,140.65,141.47,2230788
2026-01-01T09:30:00+05:30,141.42,141.48,140.28,140.53,580422
2026-01-01T09:45:00+05:30,140.52,140.6,140.02,140.05,387413
2026-01-01T10:00:00+05:30,140.09,140.2,139.36,139.37,461962
2026-01-01T10:15:00+05:30,139.39,139.77,138.82,139.75,452456
2026-01-01T10:30:00+05:30,139.77,140.0,139.5,139.91,239570
2026-01-01T10:45:00+05:30,139.9,140.2,139.78,139.86,231091
2026-01-01T11:00:00+05:30,139.95,140.13,139.82,139.9,116255
2026-01-01T11:15:00+05:30,139.89,139.9,139.57,139.58,125050
2026-01-01T11:30:00+05:30,139.61,139.63,139.25,139.4,160328
2026-01-01T11:45:00+05:30,139.4,139.45,139.12,139.26,65584
2026-01-01T12:00:00+05:30,139.35,139.45,139.05,139.1,114144
2026-01-01T12:15:00+05:30,139.06,139.13,138.74,139.1,252467
2026-01-01T12:30:00+05:30,139.1,139.17,138.86,138.94,137338
2026-01-01T12:45:00+05:30,138.95,139.28,138.87,139.22,75006
2026-01-01T13:00:00+05:30,139.24,139.26,138.85,139.04,98306
2026-01-01T13:15:00+05:30,139.04,139.28,138.95,139.17,226653
2026-01-01T13:30:00+05:30,139.17,139.45,139.0,139.42,97658
2026-01-01T13:45:00+05:30,139.42,139.61,139.05,139.35,185601
2026-01-01T14:00:00+05:30,139.3,139.65,139.19,139.24,155648
2026-01-01T14:15:00+05:30,139.24,139.35,139.06,139.22,144438
2026-01-01T14:30:00+05:30,139.22,139.22,138.95,139.1,117237
2026-01-01T14:45:00+05:30,139.09,139.71,139.02,139.66,369325
2026-01-01T15:00:00+05:30,139.66,139.81,139.0,139.47,511601
2026-01-01T15:15:00+05:30,139.47,139.65,139.06,139.15,654960
2026-01-02T09:15:00+05:30,140.05,141.8,140.05,141.24,1281704
2026-01-02T09:30:00+05:30,141.24,141.25,140.5,140.7,520241
2026-01-02T09:45:00+05:30,140.73,141.18,140.65,140.94,231668
2026-01-02T10:00:00+05:30,141.0,142.1,140.95,142.04,626697
2026-01-02T10:15:00+05:30,142.04,144.23,141.81,143.6,3675779
2026-01-02T10:30:00+05:30,143.55,143.8,143.0,143.0,1413142
2026-01-02T10:45:00+05:30,143.0,143.59,143.0,143.29,542635
2026-01-02T11:00:00+05:30,143.29,143.67,143.12,143.42,716817
2026-01-02T11:15:00+05:30,143.41,145.5,143.33,145.19,2529662
2026-01-02T11:30:00+05:30,145.2,146.4,144.8,146.14,2819840
2026-01-02T11:45:00+05:30,146.13,147.6,145.8,146.09,3151551
2026-01-02T12:00:00+05:30,146.12,146.59,145.9,146.48,988336
2026-01-02T12:15:00+05:30,146.48,146.86,146.17,146.34,797939
2026-01-02T12:30:00+05:30,146.34,146.8,146.05,146.31,629938
2026-01-02T12:45:00+05:30,146.31,146.44,145.65,145.77,678944
2026-01-02T13:00:00+05:30,145.77,145.93,145.61,145.78,441242
2026-01-02T13:15:00+05:30,145.78,146.0,145.5,145.51,353903
2026-01-02T13:30:00+05:30,145.51,145.69,145.0,145.13,607096
2026-01-02T13:45:00+05:30,145.13,145.68,144.93,145.45,701343
2026-01-02T14:00:00+05:30,145.49,146.0,145.4,145.95,426182
2026-01-02T14:15:00+05:30,145.98,146.18,145.64,146.13,387544
2026-01-02T14:30:00+05:30,146.13,146.6,145.64,146.46,1072823
2026-01-02T14:45:00+05:30,146.48,146.88,146.24,146.58,847445
2026-01-02T15:00:00+05:30,146.6,146.77,146.27,146.56,821319
2026-01-02T15:15:00+05:30,146.55,147.0,146.32,146.98,2274005
2026-01-05T09:15:00+05:30,147.5,149.48,146.02,146.07,3469275
2026-01-05T09:30:00+05:30,146.08,146.44,145.32,145.55,931891
2026-01-05T09:45:00+05:30,145.53,145.84,145.16,145.57,503303
2026-01-05T10:00:00+05:30,145.57,145.77,145.21,145.75,325110
2026-01-05T10:15:00+05:30,145.75,146.17,145.54,145.65,589341
2026-01-05T10:30:00+05:30,145.68,146.6,145.26,145.5,557794
2026-01-05T10:45:00+05:30,145.44,145.79,145.3,145.49,247061
2026-01-05T11:00:00+05:30,145.5,145.63,145.15,145.31,261484
2026-01-05T11:15:00+05:30,145.35,145.35,144.5,144.8,515777
2026-01-05T11:30:00+05:30,144.8,144.9,144.5,144.83,178304
2026-01-05T11:45:00+05:30,144.89,145.08,144.66,144.96,121881
2026-01-05T12:00:00+05:30,144.95,145.29,144.76,145.25,360343
2026-01-05T12:15:00+05:30,145.28,145.4,145.01,145.23,166869
2026-01-05T12:30:00+05:30,145.23,145.39,145.01,145.04,79265
2026-01-05T12:45:00+05:30,145.09,145.38,145.01,145.28,81343
2026-01-05T13:00:00+05:30,145.33,145.39,144.7,144.8,226558
2026-01-05T13:15:00+05:30,144.8,144.96,144.61,144.68,176901
2026-01-05T13:30:00+05:30,144.68,144.73,144.2,144.45,262146
2026-01-05T13:45:00+05:30,144.45,144.5,144.1,144.18,237744
2026-01-05T14:00:00+05:30,144.18,144.38,143.64,144.15,478491
2026-01-05T14:15:00+05:30,144.23,144.34,143.8,144.01,150444
2026-01-05T14:30:00+05:30,144.03,144.38,143.95,144.35,179000
2026-01-05T14:45:00+05:30,144.38,145.03,144.19,145.02,656009
2026-01-05T15:00:00+05:30,145.02,145.19,144.44,144.66,624445
2026-01-05T15:15:00+05:30,144.66,144.7,144.1,144.27,698432
2026-01-06T09:15:00+05:30,144.59,144.75,143.41,143.8,1041853
2026-01-06T09:30:00+05:30,143.75,144.2,143.2,143.96,383296
2026-01-06T09:45:00+05:30,143.95,146.02,143.92,145.29,1516503
2026-01-06T10:00:00+05:30,145.34,145.57,144.25,144.27,709767
2026-01-06T10:15:00+05:30,144.25,144.63,143.8,144.15,573297
2026-01-06T10:30:00+05:30,144.15,144.29,143.91,144.26,132439
2026-01-06T10:45:00+05:30,144.2,144.37,143.58,143.7,159254
2026-01-06T11:00:00+05:30,143.66,144.1,143.66,143.8,287616
2026-01-06T11:15:00+05:30,143.81,143.81,142.69,143.5,708472
2026-01-06T11:30:00+05:30,143.48,143.95,143.35,143.95,121462
2026-01-06T11:45:00+05:30,143.91,144.14,143.7,143.75,188524
2026-01-06T12:00:00+05:30,143.75,143.8,143.25,143.47,125227
2026-01-06T12:15:00+05:30,143.5,143.5,143.01,143.2,116070
2026-01-06T12:30:00+05:30,143.2,143.5,143.0,143.41,223679
2026-01-06T12:45:00+05:30,143.47,143.84,143.39,143.73,82072
2026-01-06T13:00:00+05:30,143.66,143.74,143.35,143.45,111894
2026-01-06T13:15:00+05:30,143.45,143.5,143.24,143.4,54127
2026-01-06T13:30:00+05:30,143.4,143.45,143.0,143.45,159445
2026-01-06T13:45:00+05:30,143.44,143.59,143.2,143.28,85695
2026-01-06T14:00:00+05:30,143.27,143.29,142.6,142.79,339149
2026-01-06T14:15:00+05:30,142.72,142.77,142.33,142.55,139375
2026-01-06T14:30:00+05:30,142.55,143.45,142.39,143.25,223180
2026-01-06T14:45:00+05:30,143.25,143.98,143.14,143.86,330808
2026-01-06T15:00:00+05:30,143.9,144.12,143.42,143.65,302638
2026-01-06T15:15:00+05:30,143.7,143.73,143.24,143.55,532675
2026-01-07T09:15:00+05:30,143.7,144.45,143.17,143.61,1002242
2026-01-07T09:30:00+05:30,143.67,143.83,143.33,143.4,349387
2026-01-07T09:45:00+05:30,143.4,144.3,142.85,143.99,581746
2026-01-07T10:00:00+05:30,144.02,144.35,143.68,144.3,396021
2026-01-07T10:15:00+05:30,144.3,144.99,144.12,144.21,433611
2026-01-07T10:30:00+05:30,144.2,144.39,144.05,144.36,156016
2026-01-07T10:45:00+05:30,144.35,144.7,144.2,144.6,138026
2026-01-07T11:00:00+05:30,144.6,145.25,144.55,144.87,448572
2026-01-07T11:15:00+05:30,144.91,145.05,144.5,144.9,168252
2026-01-07T11:30:00+05:30,144.9,146.3,144.85,145.94,929449
2026-01-07T11:45:00+05:30,145.94,146.0,145.4,145.55,442914
2026-01-07T12:00:00+05:30,145.52,145.8,145.28,145.75,222478
2026-01-07T12:15:00+05:30,145.75,145.87,145.36,145.54,249684
2026-01-07T12:30:00+05:30,145.57,145.6,144.96,145.04,212964
2026-01-07T12:45:00+05:30,144.99,145.49,144.88,145.4,131665
2026-01-07T13:00:00+05:30,145.4,145.46,145.35,145.37,246504
2026-01-07T13:15:00+05:30,145.37,145.5,144.75,144.8,241849
2026-01-07T13:30:00+05:30,144.78,145.1,144.74,145.0,113581
2026-01-07T13:45:00+05:30,145.0,145.34,144.91,145.3,112342
2026-01-07T14:00:00+05:30,145.3,145.43,145.07,145.39,107242
2026-01-07T14:15:00+05:30,145.42,145.47,144.98,145.17,194221
2026-01-07T14:30:00+05:30,145.17,145.59,144.9,145.43,203538
2026-01-07T14:45:00+05:30,145.46,146.25,145.36,146.11,639111
2026-01-07T15:00:00+05:30,146.14,146.2,145.62,146.05,473068
2026-01-07T15:15:00+05:30,146.05,146.21,145.95,146.13,839721
2026-01-08T09:15:00+05:30,146.3,146.9,144.91,144.97,1418304
2026-01-08T09:30:00+05:30,144.97,145.3,144.23,145.05,584630
2026-01-08T09:45:00+05:30,145.0,145.18,144.7,145.11,249583
2026-01-08T10:00:00+05:30,145.09,145.09,143.82,144.1,566813
2026-01-08T10:15:00+05:30,144.1,144.12,143.5,144.09,366705
2026-01-08T10:30:00+05:30,144.09,144.12,143.63,143.83,164757
2026-01-08T10:45:00+05:30,143.84,144.08,143.1,143.13,443254
2026-01-08T11:00:00+05:30,143.13,143.19,142.4,142.56,495747
2026-01-08T11:15:00+05:30,142.56,142.92,142.3,142.53,255808
2026-01-08T11:30:00+05:30,142.53,143.19,142.16,142.76,318327
2026-01-08T11:45:00+05:30,142.75,142.85,141.8,141.87,235250
2026-01-08T12:00:00+05:30,141.93,142.44,141.51,142.44,384706
2026-01-08T12:15:00+05:30,142.44,142.86,142.35,142.82,300344
2026-01-08T12:30:00+05:30,142.81,142.98,142.3,142.45,182390
2026-01-08T12:45:00+05:30,142.44,142.5,141.78,142.17,183399
2026-01-08T13:00:00+05:30,142.17,142.6,142.03,142.5,159276
2026-01-08T13:15:00+05:30,142.5,142.51,141.72,141.75,193143
2026-01-08T13:30:00+05:30,141.79,141.94,141.36,141.94,332563
2026-01-08T13:45:00+05:30,141.9,142.21,141.65,141.95,189281
2026-01-08T14:00:00+05:30,141.95,142.04,141.43,141.51,241263
2026-01-08T14:15:00+05:30,141.58,141.72,141.05,141.1,276134
2026-01-08T14:30:00+05:30,141.15,142.23,141.1,142.11,416559
2026-01-08T14:45:00+05:30,142.11,142.5,141.85,142.3,585713
2026-01-08T15:00:00+05:30,142.29,142.4,141.0,141.23,682263
2026-01-08T15:15:00+05:30,141.2,141.44,140.5,140.95,1245623
2026-01-09T09:15:00+05:30,141.0,141.64,138.31,138.39,2216458
2026-01-09T09:30:00+05:30,138.39,138.87,137.31,138.8,1509676
2026-01-09T09:45:00+05:30,138.75,140.36,138.57,140.1,1064215
2026-01-09T10:00:00+05:30,140.14,140.57,139.79,139.79,561779
2026-01-09T10:15:00+05:30,139.79,140.9,139.61,140.51,536205
2026-01-09T10:30:00+05:30,140.6,140.65,139.32,139.9,429875
2026-01-09T10:45:00+05:30,139.98,140.56,139.3,139.46,484522
2026-01-09T11:00:00+05:30,139.45,139.68,139.0,139.35,251815
2026-01-09T11:15:00+05:30,139.35,139.39,138.71,139.25,276505
2026-01-09T11:30:00+05:30,139.2,139.71,138.81,138.85,270330
2026-01-09T11:45:00+05:30,138.85,139.0,138.33,138.59,223971
2026-01-09T12:00:00+05:30,138.55,138.69,138.04,138.38,423016
2026-01-09T12:15:00+05:30,138.38,139.11,138.24,138.24,319211
2026-01-09T12:30:00+05:30,138.3,138.57,138.1,138.4,370986
2026-01-09T12:45:00+05:30,138.44,138.64,137.75,138.54,400158
2026-01-09T13:00:00+05:30,138.54,138.65,137.85,137.85,223107
2026-01-09T13:15:00+05:30,137.84,138.48,137.76,138.42,176612
2026-01-09T13:30:00+05:30,138.42,138.75,137.71,137.8,378070
2026-01-09T13:45:00+05:30,137.73,137.89,136.47,136.95,1175311
2026-01-09T14:00:00+05:30,136.95,137.07,136.52,136.6,263434
2026-01-09T14:15:00+05:30,136.67,136.9,136.12,136.16,572224
2026-01-09T14:30:00+05:30,136.16,137.44,135.6,137.2,961168
2026-01-09T14:45:00+05:30,137.2,137.95,136.83,137.78,748614
2026-01-09T15:00:00+05:30,137.8,137.99,136.6,136.8,700639
2026-01-09T15:15:00+05:30,136.74,137.1,135.95,137.1,1042327
2026-01-12T09:15:00+05:30,139.99,142.3,138.6,139.01,10189534
2026-01-12T09:30:00+05:30,139.03,140.2,137.55,137.67,4087585
2026-01-12T09:45:00+05:30,137.67,140.73,137.46,139.34,4516461
2026-01-12T10:00:00+05:30,139.34,141.83,138.89,140.34,3432970
2026-01-12T10:15:00+05:30,140.39,141.9,140.31,140.76,1838474
2026-01-12T10:30:00+05:30,140.81,140.99,138.99,139.24,2020392
2026-01-12T10:45:00+05:30,139.2,139.92,138.8,139.17,1005718
2026-01-12T11:00:00+05:30,139.17,139.37,138.15,138.28,1064599
2026-01-12T11:15:00+05:30,138.34,138.54,137.85,138.05,1131783
2026-01-12T11:30:00+05:30,138.05,138.42,137.6,137.99,784541
2026-01-12T11:45:00+05:30,137.98,138.99,137.94,138.78,725532
2026-01-12T12:00:00+05:30,138.72,140.0,138.6,139.92,1505510
2026-01-12T12:15:00+05:30,139.92,141.59,139.79,140.61,3444671
2026-01-12T12:30:00+05:30,140.61,141.2,140.37,141.0,1148034
2026-01-12T12:45:00+05:30,141.0,141.9,140.99,141.22,1312334
2026-01-12T13:00:00+05:30,141.27,142.29,140.81,142.07,1850861
2026-01-12T13:15:00+05:30,142.09,142.2,141.02,141.15,1018556
2026-01-12T13:30:00+05:30,141.16,142.48,141.1,141.56,1332905
2026-01-12T13:45:00+05:30,141.64,141.9,141.32,141.53,585120
2026-01-12T14:00:00+05:30,141.53,141.58,140.85,140.91,626510
2026-01-12T14:15:00+05:30,140.95,141.39,140.5,140.93,798251
2026-01-12T14:30:00+05:30,140.94,141.5,140.12,141.36,1150029
2026-01-12T14:45:00+05:30,141.43,142.19,141.2,141.98,1263659
2026-01-12T15:00:00+05:30,141.98,141.99,141.2,141.32,1077406
2026-01-12T15:15:00+05:30,141.34,142.0,141.25,141.95,1724853
2026-01-13T09:15:00+05:30,141.4,143.0,140.51,140.64,2316675
2026-01-13T09:30:00+05:30,140.6,140.76,138.25,139.09,2309168
2026-01-13T09:45:00+05:30,139.1,139.85,138.66,138.9,1174083
2026-01-13T10:00:00+05:30,138.9,140.6,138.72,139.69,1012374
2026-01-13T10:15:00+05:30,139.64,140.55,139.55,140.4,498267
2026-01-13T10:30:00+05:30,140.4,140.4,139.0,139.32,555658
2026-01-13T10:45:00+05:30,139.27,139.69,138.92,139.22,367883
2026-01-13T11:00:00+05:30,139.28,139.39,139.0,139.24,202526
2026-01-13T11:15:00+05:30,139.16,139.33,138.8,138.95,276754
2026-01-13T11:30:00+05:30,138.84,139.12,138.7,138.85,360293
2026-01-13T11:45:00+05:30,138.86,139.37,138.75,139.01,217132
2026-01-13T12:00:00+05:30,139.05,139.05,138.7,138.85,282657
2026-01-13T12:15:00+05:30,138.8,140.2,138.72,140.16,882324
2026-01-13T12:30:00+05:30,140.19,140.52,139.42,139.74,569418
2026-01-13T12:45:00+05:30,139.7,139.74,139.28,139.51,160021
2026-01-13T13:00:00+05:30,139.5,140.06,139.34,139.95,238343
2026-01-13T13:15:00+05:30,139.98,140.45,139.8,139.93,414998
2026-01-13T13:30:00+05:30,139.95,140.23,139.56,139.71,229908
2026-01-13T13:45:00+05:30,139.7,139.75,139.05,139.28,269271
2026-01-13T14:00:00+05:30,139.28,139.31,138.55,138.8,343575
2026-01-13T14:15:00+05:30,138.8,138.98,138.52,138.66,223565
2026-01-13T14:30:00+05:30,138.66,139.84,138.61,139.47,383950
2026-01-13T14:45:00+05:30,139.47,140.15,139.4,140.01,837203
2026-01-13T15:00:00+05:30,140.05,140.24,139.76,139.98,426132
2026-01-13T15:15:00+05:30,139.92,140.2,139.75,140.1,932653
2026-01-14T09:15:00+05:30,139.0,141.75,138.7,141.11,1122460
2026-01-14T09:30:00+05:30,141.09,141.37,140.03,140.26,594093
2026-01-14T09:45:00+05:30,140.26,140.55,140.0,140.0,299116
2026-01-14T10:00:00+05:30,140.03,140.16,138.89,138.9,567822
2026-01-14T10:15:00+05:30,138.89,139.36,138.28,139.28,631303
2026-01-14T10:30:00+05:30,139.34,139.7,138.9,138.99,286573
2026-01-14T10:45:00+05:30,138.99,139.46,138.84,139.36,185706
2026-01-14T11:00:00+05:30,139.4,139.64,139.02,139.16,177308
2026-01-14T11:15:00+05:30,139.16,139.58,139.0,139.5,198631
2026-01-14T11:30:00+05:30,139.5,139.8,139.31,139.48,206921
2026-01-14T11:45:00+05:30,139.46,139.89,139.32,139.67,193108
2026-01-14T12:00:00+05:30,139.67,139.95,139.4,139.48,250928
2026-01-14T12:15:00+05:30,139.44,139.87,139.21,139.67,177280
2026-01-14T12:30:00+05:30,139.67,139.86,139.42,139.49,140782
2026-01-14T12:45:00+05:30,139.49,139.53,139.08,139.26,163782
2026-01-14T13:00:00+05:30,139.28,139.4,139.1,139.32,146736
2026-01-14T13:15:00+05:30,139.3,139.4,138.7,139.04,289717
2026-01-14T13:30:00+05:30,139.05,139.14,138.84,139.01,149417
2026-01-14T13:45:00+05:30,139.05,139.22,138.6,138.86,163368
2026-01-14T14:00:00+05:30,138.84,139.02,138.6,138.79,169402
2026-01-14T14:15:00+05:30,138.79,138.83,138.01,138.15,412598
2026-01-14T14:30:00+05:30,138.14,138.8,138.05,138.71,319062
2026-01-14T14:45:00+05:30,138.71,139.1,138.52,138.7,456579
2026-01-14T15:00:00+05:30,138.76,138.78,138.1,138.18,412020
2026-01-14T15:15:00+05:30,138.18,138.18,137.7,138.06,846516
2026-01-16T09:15:00+05:30,138.77,139.34,137.59,138.75,1047436
2026-01-16T09:30:00+05:30,138.75,138.8,137.5,137.87,512905
2026-01-16T09:45:00+05:30,137.87,138.9,137.81,138.09,430988
2026-01-16T10:00:00+05:30,138.18,138.85,138.06,138.7,203444
2026-01-16T10:15:00+05:30,138.68,139.45,138.6,139.18,303449
2026-01-16T10:30:00+05:30,139.18,139.48,138.65,138.74,367778
2026-01-16T10:45:00+05:30,138.73,138.95,138.55,138.74,182522
2026-01-16T11:00:00+05:30,138.74,138.75,137.83,138.12,209981
2026-01-16T11:15:00+05:30,138.12,138.22,137.8,137.9,212040
2026-01-16T11:30:00+05:30,137.93,138.14,137.8,137.94,227305
2026-01-16T11:45:00+05:30,137.91,138.0,137.71,137.76,103444
2026-01-16T12:00:00+05:30,137.75,137.99,137.6,137.91,119810
2026-01-16T12:15:00+05:30,137.93,137.98,137.3,137.3,214447
2026-01-16T12:30:00+05:30,137.32,137.66,136.8,136.92,440711
2026-01-16T12:45:00+05:30,136.91,137.3,136.75,137.01,217839
2026-01-16T13:00:00+05:30,137.04,137.09,136.61,136.71,144514
2026-01-16T13:15:00+05:30,136.71,136.88,136.38,136.61,276707
2026-01-16T13:30:00+05:30,136.62,136.99,136.62,136.79,195782
2026-01-16T13:45:00+05:30,136.78,136.94,136.52,136.54,122223
2026-01-16T14:00:00+05:30,136.54,136.55,136.05,136.07,238142
2026-01-16T14:15:00+05:30,136.13,136.21,135.56,135.91,445320
2026-01-16T14:30:00+05:30,135.98,136.99,135.73,136.83,437179
2026-01-16T14:45:00+05:30,136.8,137.1,136.51,136.97,377944
2026-01-16T15:00:00+05:30,136.96,136.97,136.2,136.25,236247
2026-01-16T15:15:00+05:30,136.24,136.5,136.0,136.24,911432
2026-01-19T09:15:00+05:30,136.29,136.44,134.71,135.06,1480503
2026-01-19T09:30:00+05:30,135.07,135.89,134.85,135.27,647985
2026-01-19T09:45:00+05:30,135.21,135.95,134.85,135.32,551709
2026-01-19T10:00:00+05:30,135.38,136.09,134.8,135.9,622198
2026-01-19T10:15:00+05:30,135.88,135.9,134.71,134.96,392327
2026-01-19T10:30:00+05:30,134.96,135.2,134.5,134.8,513725
2026-01-19T10:45:00+05:30,134.84,134.98,134.52,134.73,168780
2026-01-19T11:00:00+05:30,134.73,135.17,134.21,134.34,348658
2026-01-19T11:15:00+05:30,134.3,134.5,134.01,134.08,286390
2026-01-19T11:30:00+05:30,134.08,134.7,134.0,134.58,227951
2026-01-19T11:45:00+05:30,134.63,134.99,134.36,134.38,212132
2026-01-19T12:00:00+05:30,134.38,134.77,134.18,134.75,127703
2026-01-19T12:15:00+05:30,134.75,135.13,134.64,134.8,195751
2026-01-19T12:30:00+05:30,134.76,134.81,134.3,134.65,104979
2026-01-19T12:45:00+05:30,134.62,134.81,134.36,134.72,87175
2026-01-19T13:00:00+05:30,134.72,135.05,134.52,134.85,161270
2026-01-19T13:15:00+05:30,134.84,135.15,134.6,134.9,162883
2026-01-19T13:30:00+05:30,134.9,135.08,134.85,134.96,149727
2026-01-19T13:45:00+05:30,134.97,135.15,134.6,134.66,175830
2026-01-19T14:00:00+05:30,134.66,134.77,134.26,134.28,353459
2026-01-19T14:15:00+05:30,134.34,134.6,133.91,134.2,414119
2026-01-19T14:30:00+05:30,134.21,134.89,133.98,134.89,350280
2026-01-19T14:45:00+05:30,134.9,135.45,134.8,135.17,684767
2026-01-19T15:00:00+05:30,135.19,135.63,134.26,134.37,1356031
2026-01-19T15:15:00+05:30,134.31,134.37,133.78,133.99,690219
2026-01-20T09:15:00+05:30,134.41,134.81,132.03,132.07,1366145
2026-01-20T09:30:00+05:30,132.06,132.52,131.34,132.03,1161167
2026-01-20T09:45:00+05:30,132.03,132.37,131.58,131.76,752330
2026-01-20T10:00:00+05:30,131.7,133.0,131.62,132.56,589229
2026-01-20T10:15:00+05:30,132.6,132.97,132.11,132.38,359977
2026-01-20T10:30:00+05:30,132.33,132.86,132.1,132.5,359625
2026-01-20T10:45:00+05:30,132.5,132.57,132.0,132.25,183666
2026-01-20T11:00:00+05:30,132.24,132.49,131.76,131.81,211601
2026-01-20T11:15:00+05:30,131.82,132.29,131.59,132.05,282817
2026-01-20T11:30:00+05:30,132.05,132.3,131.9,132.08,189814
2026-01-20T11:45:00+05:30,132.13,132.16,131.76,131.84,114525
2026-01-20T12:00:00+05:30,131.92,131.92,131.34,131.5,341998
2026-01-20T12:15:00+05:30,131.49,131.77,131.21,131.35,281211
2026-01-20T12:30:00+05:30,131.35,131.74,131.31,131.39,239028
2026-01-20T12:45:00+05:30,131.38,131.68,131.3,131.43,177462
2026-01-20T13:00:00+05:30,131.42,131.42,131.0,131.09,410217
2026-01-20T13:15:00+05:30,131.02,131.36,131.0,131.1,201218
2026-01-20T13:30:00+05:30,131.1,131.1,130.6,130.75,300769
2026-01-20T13:45:00+05:30,130.75,130.76,130.08,130.19,433259
2026-01-20T14:00:00+05:30,130.18,130.6,129.81,130.16,621092
2026-01-20T14:15:00+05:30,130.16,130.57,130.01,130.53,359690
2026-01-20T14:30:00+05:30,130.54,131.2,130.49,131.15,568540
2026-01-20T14:45:00+05:30,131.15,131.36,130.73,130.78,509318
2026-01-20T15:00:00+05:30,130.79,130.81,129.81,130.05,611430
2026-01-20T15:15:00+05:30,130.0,130.3,129.45,130.3,1052395
2026-01-21T09:15:00+05:30,129.94,131.1,129.02,129.78,1705645
2026-01-21T09:30:00+05:30,129.85,130.52,129.11,129.17,1119090
2026-01-21T09:45:00+05:30,129.13,129.76,128.61,128.9,984892
2026-01-21T10:00:00+05:30,128.9,130.13,128.75,129.46,711064
2026-01-21T10:15:00+05:30,129.52,129.9,128.9,129.0,437211
2026-01-21T10:30:00+05:30,129.01,129.35,128.06,128.18,494576
2026-01-21T10:45:00+05:30,128.18,128.31,127.04,127.77,726197
2026-01-21T11:00:00+05:30,127.8,128.69,127.76,128.04,457864
2026-01-21T11:15:00+05:30,128.04,128.44,127.75,127.84,440170
2026-01-21T11:30:00+05:30,127.84,128.13,127.25,127.37,234745
2026-01-21T11:45:00+05:30,127.37,127.73,127.02,127.33,250492
2026-01-21T12:00:00+05:30,127.33,128.8,127.25,128.8,398647
2026-01-21T12:15:00+05:30,128.85,128.85,128.11,128.15,289109
2026-01-21T12:30:00+05:30,128.15,128.69,128.14,128.52,310208
2026-01-21T12:45:00+05:30,128.48,128.82,128.48,128.8,369564
2026-01-21T13:00:00+05:30,128.8,129.04,128.32,128.69,496332
2026-01-21T13:15:00+05:30,128.7,128.8,128.27,128.34,192460
2026-01-21T13:30:00+05:30,128.34,128.4,127.36,127.46,489338
2026-01-21T13:45:00+05:30,127.44,127.62,126.72,126.82,583290
2026-01-21T14:00:00+05:30,126.88,127.3,126.27,126.48,570752
2026-01-21T14:15:00+05:30,126.48,127.33,126.32,126.64,299838
2026-01-21T14:30:00+05:30,126.64,127.2,126.52,127.11,336378
2026-01-21T14:45:00+05:30,127.07,127.52,126.85,127.05,482851
2026-01-21T15:00:00+05:30,127.03,127.36,126.74,126.91,468500
2026-01-21T15:15:00+05:30,126.91,128.39,126.72,127.88,857326
2026-01-22T09:15:00+05:30,129.53,131.55,129.26,131.45,1114076
2026-01-22T09:30:00+05:30,131.42,131.45,130.69,130.72,453556
2026-01-22T09:45:00+05:30,130.72,131.3,130.35,130.6,496621
2026-01-22T10:00:00+05:30,130.6,131.35,130.35,131.1,476627
2026-01-22T10:15:00+05:30,131.11,131.25,130.35,130.39,337894
2026-01-22T10:30:00+05:30,130.38,130.99,130.11,130.6,319975
2026-01-22T10:45:00+05:30,130.6,130.69,129.58,129.67,390965
2026-01-22T11:00:00+05:30,129.67,130.35,129.55,129.72,337660
2026-01-22T11:15:00+05:30,129.72,130.19,129.53,129.76,333680
2026-01-22T11:30:00+05:30,129.81,129.98,129.32,129.35,211078
2026-01-22T11:45:00+05:30,129.33,129.62,129.2,129.3,133692
2026-01-22T12:00:00+05:30,129.3,129.88,129.29,129.74,116933
2026-01-22T12:15:00+05:30,129.68,129.75,129.25,129.49,237605
2026-01-22T12:30:00+05:30,129.49,129.85,129.4,129.59,260893
2026-01-22T12:45:00+05:30,129.6,129.9,129.53,129.57,263020
2026-01-22T13:00:00+05:30,129.65,129.66,129.1,129.1,193420
2026-01-22T13:15:00+05:30,129.13,129.2,128.8,128.98,183229
2026-01-22T13:30:00+05:30,128.96,129.05,128.6,129.0,303281
2026-01-22T13:45:00+05:30,128.95,129.48,128.81,129.11,243615
2026-01-22T14:00:00+05:30,129.18,129.4,128.9,128.97,165093
2026-01-22T14:15:00+05:30,128.97,129.04,128.82,128.98,183510
2026-01-22T14:30:00+05:30,128.97,129.4,128.88,129.32,249808
2026-01-22T14:45:00+05:30,129.35,129.89,129.2,129.79,441037
2026-01-22T15:00:00+05:30,129.79,129.87,129.25,129.55,392254
2026-01-22T15:15:00+05:30,129.53,130.67,129.46,130.51,690868
2026-01-23T09:15:00+05:30,130.51,130.6,129.26,130.55,690969
2026-01-23T09:30:00+05:30,130.55,130.81,129.63,129.64,685271
2026-01-23T09:45:00+05:30,129.64,130.75,129.41,130.52,652480
2026-01-23T10:00:00+05:30,130.54,130.9,130.28,130.58,434097
2026-01-23T10:15:00+05:30,130.58,130.99,130.41,130.6,319231
2026-01-23T10:30:00+05:30,130.6,130.99,130.12,130.35,304633
2026-01-23T10:45:00+05:30,130.27,130.35,129.8,129.93,277048
2026-01-23T11:00:00+05:30,129.98,130.0,129.53,129.79,177503
2026-01-23T11:15:00+05:30,129.79,129.79,129.2,129.41,200642
2026-01-23T11:30:00+05:30,129.47,129.67,129.2,129.3,163947
2026-01-23T11:45:00+05:30,129.3,129.3,128.82,129.04,229243
2026-01-23T12:00:00+05:30,129.04,129.25,128.86,128.95,109686
2026-01-23T12:15:00+05:30,128.94,129.09,128.73,128.85,196154
2026-01-23T12:30:00+05:30,128.85,129.4,128.8,129.3,120408
2026-01-23T12:45:00+05:30,129.3,129.48,129.1,129.2,132274
2026-01-23T13:00:00+05:30,129.19,129.9,129.1,129.9,266315
2026-01-23T13:15:00+05:30,129.9,129.95,128.94,129.27,225516
2026-01-23T13:30:00+05:30,129.3,129.34,128.7,128.77,306886
2026-01-23T13:45:00+05:30,128.76,129.28,128.0,128.09,489372
2026-01-23T14:00:00+05:30,128.05,128.5,128.04,128.12,251932
2026-01-23T14:15:00+05:30,128.15,128.32,127.63,128.1,419866
2026-01-23T14:30:00+05:30,128.1,128.65,127.87,127.9,373878
2026-01-23T14:45:00+05:30,127.98,128.55,127.65,128.22,339716
2026-01-23T15:00:00+05:30,128.18,128.18,127.16,127.25,573103
2026-01-23T15:15:00+05:30,127.25,127.91,127.0,127.8,872283
2026-01-27T09:15:00+05:30,127.8,128.49,126.15,127.75,1341176
2026-01-27T09:30:00+05:30,127.75,128.16,126.9,127.5,818154
2026-01-27T09:45:00+05:30,127.57,128.32,127.47,128.15,523649
2026-01-27T10:00:00+05:30,128.15,128.9,127.99,128.61,425132
2026-01-27T10:15:00+05:30,128.55,128.69,128.03,128.06,180908
2026-01-27T10:30:00+05:30,128.1,128.34,127.35,127.4,391056
2026-01-27T10:45:00+05:30,127.4,127.45,126.95,127.09,434220
2026-01-27T11:00:00+05:30,127.14,128.27,127.09,128.21,331083
2026-01-27T11:15:00+05:30,128.27,129.46,128.05,129.4,500701
2026-01-27T11:30:00+05:30,129.34,129.43,128.66,129.14,268999
2026-01-27T11:45:00+05:30,129.14,129.24,128.76,128.97,172605
2026-01-27T12:00:00+05:30,129.0,129.14,128.76,128.76,130217
2026-01-27T12:15:00+05:30,128.76,128.84,128.15,128.23,192865
2026-01-27T12:30:00+05:30,128.21,128.5,128.01,128.25,175339
2026-01-27T12:45:00+05:30,128.25,128.88,128.24,128.8,160816
2026-01-27T13:00:00+05:30,128.8,128.85,128.38,128.57,180952
2026-01-27T13:15:00+05:30,128.58,129.1,128.56,128.96,331387
2026-01-27T13:30:00+05:30,129.04,129.08,128.02,128.08,356766
2026-01-27T13:45:00+05:30,128.14,128.33,127.71,127.94,396840
2026-01-27T14:00:00+05:30,127.94,127.95,127.22,127.31,286565
2026-01-27T14:15:00+05:30,127.27,127.4,126.96,127.22,320658
2026-01-27T14:30:00+05:30,127.25,128.45,127.21,128.38,417016
2026-01-27T14:45:00+05:30,128.38,128.71,128.01,128.6,399440
2026-01-27T15:00:00+05:30,128.56,128.64,128.11,128.35,340156
2026-01-27T15:15:00+05:30,128.41,130.0,128.12,129.99,1005414
2026-01-28T09:15:00+05:30,129.99,131.79,129.62,130.52,1397971
2026-01-28T09:30:00+05:30,130.52,130.6,129.95,130.15,477069
2026-01-28T09:45:00+05:30,130.18,130.44,129.61,129.71,366596
2026-01-28T10:00:00+05:30,129.71,130.21,129.16,129.43,496276
2026-01-28T10:15:00+05:30,129.43,129.63,129.03,129.21,338041
2026-01-28T10:30:00+05:30,129.25,129.83,129.01,129.7,239169
2026-01-28T10:45:00+05:30,129.7,130.15,129.55,129.85,271718
2026-01-28T11:00:00+05:30,129.81,130.15,129.74,129.99,290779
2026-01-28T11:15:00+05:30,129.96,130.21,129.61,130.0,292812
2026-01-28T11:30:00+05:30,130.0,130.77,129.96,130.12,426343
2026-01-28T11:45:00+05:30,130.15,130.99,130.1,130.95,373939
2026-01-28T12:00:00+05:30,130.95,131.28,130.78,131.02,443060
2026-01-28T12:15:00+05:30,131.09,131.27,130.41,130.46,285547
2026-01-28T12:30:00+05:30,130.48,130.97,130.45,130.91,194490
2026-01-28T12:45:00+05:30,130.91,131.04,130.6,130.62,159149
2026-01-28T13:00:00+05:30,130.69,131.1,130.47,131.1,359457
2026-01-28T13:15:00+05:30,131.09,131.4,130.88,131.0,385582
2026-01-28T13:30:00+05:30,131.0,131.3,130.92,130.93,164919
2026-01-28T13:45:00+05:30,130.93,131.49,130.81,131.46,214681
2026-01-28T14:00:00+05:30,131.45,131.9,131.36,131.61,370217
2026-01-28T14:15:00+05:30,131.61,132.28,131.6,132.2,277461
2026-01-28T14:30:00+05:30,132.2,132.25,131.93,132.01,287919
2026-01-28T14:45:00+05:30,132.02,133.18,132.02,133.04,602544
2026-01-28T15:00:00+05:30,133.04,134.35,132.98,134.15,938460
2026-01-28T15:15:00+05:30,134.09,134.32,133.83,134.19,751108
2026-01-29T09:15:00+05:30,134.5,134.61,133.6,134.29,1116327
2026-01-29T09:30:00+05:30,134.22,134.34,133.51,133.82,514496
2026-01-29T09:45:00+05:30,133.75,133.99,132.7,133.14,523655
2026-01-29T10:00:00+05:30,133.18,133.66,132.85,132.9,300093
2026-01-29T10:15:00+05:30,132.9,132.95,132.15,132.41,255261
2026-01-29T10:30:00+05:30,132.46,132.65,132.04,132.27,195579
2026-01-29T10:45:00+05:30,132.27,132.4,131.85,132.05,244352
2026-01-29T11:00:00+05:30,132.05,132.8,131.88,132.04,308230
2026-01-29T11:15:00+05:30,132.1,132.57,132.0,132.42,178194
2026-01-29T11:30:00+05:30,132.46,132.5,131.81,131.9,214764
2026-01-29T11:45:00+05:30,131.9,132.0,131.67,131.86,209636
2026-01-29T12:00:00+05:30,131.79,132.0,131.69,131.85,165976
2026-01-29T12:15:00+05:30,131.85,131.98,131.65,131.85,82910
2026-01-29T12:30:00+05:30,131.82,131.94,131.69,131.7,95699
2026-01-29T12:45:00+05:30,131.68,132.29,131.65,131.97,123683
2026-01-29T13:00:00+05:30,131.97,132.56,131.9,132.39,151050
2026-01-29T13:15:00+05:30,132.39,132.48,132.12,132.35,129097
2026-01-29T13:30:00+05:30,132.39,132.79,132.36,132.74,150867
2026-01-29T13:45:00+05:30,132.7,132.83,132.56,132.57,117322
2026-01-29T14:00:00+05:30,132.6,132.7,132.2,132.56,116788
2026-01-29T14:15:00+05:30,132.52,132.75,132.47,132.72,101369
2026-01-29T14:30:00+05:30,132.75,133.3,132.72,132.97,265791
2026-01-29T14:45:00+05:30,133.0,133.42,132.97,133.15,237145
2026-01-29T15:00:00+05:30,133.22,133.68,132.7,133.43,506037
2026-01-29T15:15:00+05:30,133.42,133.5,133.1,133.29,500927
2026-01-30T09:15:00+05:30,132.03,132.2,130.5,131.15,855760
2026-01-30T09:30:00+05:30,131.1,132.19,130.85,131.96,397078
2026-01-30T09:45:00+05:30,132.01,132.5,131.71,132.14,335097
2026-01-30T10:00:00+05:30,132.07,132.95,132.06,132.92,288791
2026-01-30T10:15:00+05:30,132.91,132.91,132.18,132.23,242653
2026-01-30T10:30:00+05:30,132.23,132.66,132.2,132.52,189708
2026-01-30T10:45:00+05:30,132.52,132.62,132.27,132.47,154716
2026-01-30T11:00:00+05:30,132.42,132.67,132.0,132.22,265182
2026-01-30T11:15:00+05:30,132.2,132.37,131.81,131.84,251516
2026-01-30T11:30:00+05:30,131.85,132.06,131.52,131.89,183334
2026-01-30T11:45:00+05:30,131.89,132.06,131.6,131.72,115295
2026-01-30T12:00:00+05:30,131.74,131.95,131.6,131.8,100271
2026-01-30T12:15:00+05:30,131.78,131.79,131.31,131.53,148899
2026-01-30T12:30:00+05:30,131.58,131.58,131.26,131.45,102462
2026-01-30T12:45:00+05:30,131.44,131.75,131.37,131.68,107020
2026-01-30T13:00:00+05:30,131.68,131.71,130.96,131.1,214823
2026-01-30T13:15:00+05:30,131.15,131.21,130.8,130.99,191355
2026-01-30T13:30:00+05:30,130.99,131.56,130.99,131.45,141033
2026-01-30T13:45:00+05:30,131.5,131.8,131.25,131.73,154314
2026-01-30T14:00:00+05:30,131.75,131.9,131.63,131.85,188414
2026-01-30T14:15:00+05:30,131.82,132.0,131.58,131.6,163886
2026-01-30T14:30:00+05:30,131.63,132.32,131.48,131.75,354135
2026-01-30T14:45:00+05:30,131.75,132.35,131.65,132.12,354336
2026-01-30T15:00:00+05:30,132.06,132.22,131.81,132.05,331167
2026-01-30T15:15:00+05:30,132.02,132.34,132.0,132.27,646163
2026-02-01T09:15:00+05:30,132.88,134.98,132.27,134.9,928559
2026-02-01T09:30:00+05:30,134.94,135.0,134.25,135.0,718191
2026-02-01T09:45:00+05:30,135.0,135.3,134.6,134.82,876948
2026-02-01T10:00:00+05:30,134.84,134.9,134.53,134.8,307139
2026-02-01T10:15:00+05:30,134.8,135.2,134.75,135.04,299387
2026-02-01T10:30:00+05:30,135.04,135.1,134.82,135.0,212555
2026-02-01T10:45:00+05:30,135.0,135.9,134.92,135.71,527403
2026-02-01T11:00:00+05:30,135.71,135.9,134.06,134.22,632530
2026-02-01T11:15:00+05:30,134.25,135.74,133.8,135.31,820492
2026-02-01T11:30:00+05:30,135.25,136.14,133.5,133.88,970882
2026-02-01T11:45:00+05:30,133.87,134.19,132.46,132.58,691315
2026-02-01T12:00:00+05:30,132.5,132.94,131.2,131.51,731220
2026-02-01T12:15:00+05:30,131.52,131.52,127.65,127.79,1008134
2026-02-01T12:30:00+05:30,127.7,130.19,124.11,130.16,1724134
2026-02-01T12:45:00+05:30,130.13,130.39,129.12,129.67,347918
2026-02-01T13:00:00+05:30,129.67,130.11,129.32,129.86,238981
2026-02-01T13:15:00+05:30,129.91,130.32,129.06,129.06,185320
2026-02-01T13:30:00+05:30,129.11,129.28,128.65,128.97,454792
2026-02-01T13:45:00+05:30,128.99,130.29,128.83,129.36,468113
2026-02-01T14:00:00+05:30,129.36,129.43,128.61,128.89,168742
2026-02-01T14:15:00+05:30,128.88,129.1,128.03,128.61,279333
2026-02-01T14:30:00+05:30,128.69,128.98,128.62,128.81,126508
2026-02-01T14:45:00+05:30,128.72,128.73,127.61,127.78,331756
2026-02-01T15:00:00+05:30,127.8,128.7,127.68,127.89,417898
2026-02-01T15:15:00+05:30,127.91,129.0,127.7,128.95,745572
2026-02-02T09:15:00+05:30,128.21,128.3,126.35,126.92,1183364
2026-02-02T09:30:00+05:30,126.97,127.67,126.57,126.76,399621
2026-02-02T09:45:00+05:30,126.76,127.4,126.55,126.65,385146
2026-02-02T10:00:00+05:30,126.69,126.94,126.0,126.68,440634
2026-02-02T10:15:00+05:30,126.62,126.8,126.09,126.31,258946
2026-02-02T10:30:00+05:30,126.28,126.65,125.9,126.07,271385
2026-02-02T10:45:00+05:30,126.0,126.06,124.85,124.95,555495
2026-02-02T11:00:00+05:30,124.99,125.33,124.52,125.15,357816
2026-02-02T11:15:00+05:30,125.15,125.15,124.25,124.72,273926
2026-02-02T11:30:00+05:30,124.68,125.94,124.63,125.66,343971
2026-02-02T11:45:00+05:30,125.66,125.69,124.87,125.12,300191
2026-02-02T12:00:00+05:30,125.14,125.15,124.8,125.15,126573
2026-02-02T12:15:00+05:30,125.19,125.4,124.7,124.94,175329
2026-02-02T12:30:00+05:30,124.97,124.99,124.41,124.61,303901
2026-02-02T12:45:00+05:30,124.62,124.78,124.35,124.75,166547
2026-02-02T13:00:00+05:30,124.75,125.4,124.65,124.88,282891
2026-02-02T13:15:00+05:30,124.88,125.11,124.25,124.69,259363
2026-02-02T13:30:00+05:30,124.69,125.26,124.39,125.22,190562
2026-02-02T13:45:00+05:30,125.28,125.44,124.84,124.95,233393
2026-02-02T14:00:00+05:30,124.92,125.19,124.66,125.13,179971
2026-02-02T14:15:00+05:30,125.18,125.66,124.92,125.6,250069
2026-02-02T14:30:00+05:30,125.56,125.96,125.33,125.8,415209
2026-02-02T14:45:00+05:30,125.8,126.74,125.67,126.5,481151
2026-02-02T15:00:00+05:30,126.5,127.46,126.5,127.32,689567
2026-02-02T15:15:00+05:30,127.31,128.6,126.85,128.3,968371
2026-02-03T09:15:00+05:30,133.55,134.67,130.6,131.05,2383827
2026-02-03T09:30:00+05:30,131.0,131.7,129.82,129.82,709215
2026-02-03T09:45:00+05:30,129.81,130.83,129.77,130.05,470005
2026-02-03T10:00:00+05:30,130.06,130.5,130.0,130.31,241435
2026-02-03T10:15:00+05:30,130.33,131.06,130.24,130.72,287178
2026-02-03T10:30:00+05:30,130.82,131.25,130.6,130.73,227890
2026-02-03T10:45:00+05:30,130.7,130.84,130.41,130.84,183626
2026-02-03T11:00:00+05:30,130.84,131.19,130.66,131.05,173133
2026-02-03T11:15:00+05:30,131.01,131.36,130.9,131.35,166222
2026-02-03T11:30:00+05:30,131.34,131.52,131.2,131.32,186248
2026-02-03T11:45:00+05:30,131.3,131.4,130.71,131.1,109152
2026-02-03T12:00:00+05:30,131.1,131.27,130.66,130.68,104278
2026-02-03T12:15:00+05:30,130.68,131.1,130.55,130.77,117357
2026-02-03T12:30:00+05:30,130.75,130.88,130.43,130.59,176649
2026-02-03T12:45:00+05:30,130.64,130.65,130.15,130.21,133525
2026-02-03T13:00:00+05:30,130.28,130.35,130.0,130.11,118201
2026-02-03T13:15:00+05:30,130.15,130.15,129.29,129.55,306201
2026-02-03T13:30:00+05:30,129.55,129.7,129.3,129.68,172748
2026-02-03T13:45:00+05:30,129.68,130.1,129.6,129.67,215956
2026-02-03T14:00:00+05:30,129.62,130.2,129.62,130.07,125106
2026-02-03T14:15:00+05:30,130.07,130.18,130.0,130.09,111497
2026-02-03T14:30:00+05:30,130.08,130.14,129.71,129.72,142369
2026-02-03T14:45:00+05:30,129.73,130.05,129.62,129.78,154623
2026-02-03T15:00:00+05:30,129.76,129.76,129.4,129.62,345961
2026-02-03T15:15:00+05:30,129.6,129.65,129.3,129.5,602067
2026-02-04T09:15:00+05:30,129.54,130.33,128.4,129.6,976023
2026-02-04T09:30:00+05:30,129.59,130.0,129.3,129.59,418768
2026-02-04T09:45:00+05:30,129.59,130.2,129.4,130.0,439225
2026-02-04T10:00:00+05:30,130.02,130.7,129.83,130.5,322846
2026-02-04T10:15:00+05:30,130.5,130.6,129.81,129.89,256046
2026-02-04T10:30:00+05:30,129.89,129.93,129.4,129.45,195756
2026-02-04T10:45:00+05:30,129.46,129.81,129.4,129.73,129978
2026-02-04T11:00:00+05:30,129.73,130.24,129.64,129.85,208042
2026-02-04T11:15:00+05:30,129.85,130.06,129.55,129.69,137694
2026-02-04T11:30:00+05:30,129.65,130.17,129.6,129.94,103225
2026-02-04T11:45:00+05:30,129.99,130.45,129.76,130.43,125221
2026-02-04T12:00:00+05:30,130.41,130.7,130.16,130.52,226331
2026-02-04T12:15:00+05:30,130.52,131.14,130.4,130.87,328070
2026-02-04T12:30:00+05:30,130.85,130.87,130.4,130.64,133732
2026-02-04T12:45:00+05:30,130.61,130.81,130.35,130.42,118723
2026-02-04T13:00:00+05:30,130.42,130.7,130.3,130.62,79497
2026-02-04T13:15:00+05:30,130.61,131.15,130.55,131.13,233641
2026-02-04T13:30:00+05:30,131.13,131.35,131.1,131.13,223715
2026-02-04T13:45:00+05:30,131.2,131.4,131.05,131.4,198639
2026-02-04T14:00:00+05:30,131.4,131.85,131.3,131.81,285427
2026-02-04T14:15:00+05:30,131.81,132.0,131.33,131.52,241497
2026-02-04T14:30:00+05:30,131.57,132.1,131.45,132.01,384440
2026-02-04T14:45:00+05:30,132.0,132.09,131.55,131.8,251996
2026-02-04T15:00:00+05:30,131.87,132.06,131.42,131.58,382225
2026-02-04T15:15:00+05:30,131.58,132.5,131.51,132.15,658269
2026-02-05T09:15:00+05:30,131.76,132.16,130.6,130.93,658080
2026-02-05T09:30:00+05:30,130.94,131.27,130.06,130.07,358986
2026-02-05T09:45:00+05:30,130.14,130.39,130.0,130.32,251534
2026-02-05T10:00:00+05:30,130.32,130.32,129.53,130.0,356851
2026-02-05T10:15:00+05:30,129.94,130.7,129.84,130.08,288820
2026-02-05T10:30:00+05:30,130.14,130.21,129.62,129.65,228074
2026-02-05T10:45:00+05:30,129.69,129.8,129.2,129.29,380645
2026-02-05T11:00:00+05:30,129.26,129.65,129.11,129.64,193754
2026-02-05T11:15:00+05:30,129.64,129.64,129.27,129.53,91427
2026-02-05T11:30:00+05:30,129.54,129.8,129.35,129.78,67727
2026-02-05T11:45:00+05:30,129.78,129.8,129.46,129.76,78117
2026-02-05T12:00:00+05:30,129.8,129.8,129.5,129.51,82371
2026-02-05T12:15:00+05:30,129.56,129.59,129.4,129.55,86474
2026-02-05T12:30:00+05:30,129.54,129.78,129.5,129.78,67535
2026-02-05T12:45:00+05:30,129.78,130.0,129.6,129.92,141545
2026-02-05T13:00:00+05:30,129.92,130.11,129.85,130.0,106957
2026-02-05T13:15:00+05:30,130.0,130.49,129.97,130.08,179511
2026-02-05T13:30:00+05:30,130.06,130.35,129.92,130.35,93615
2026-02-05T13:45:00+05:30,130.28,130.36,129.95,130.03,123593
2026-02-05T14:00:00+05:30,130.1,130.23,129.56,129.76,98581
2026-02-05T14:15:00+05:30,129.79,130.0,129.74,129.98,58372
2026-02-05T14:30:00+05:30,129.98,130.2,129.61,129.71,139206
2026-02-05T14:45:00+05:30,129.66,130.38,129.58,130.28,225129
2026-02-05T15:00:00+05:30,130.31,130.4,129.8,130.09,333438
2026-02-05T15:15:00+05:30,130.09,130.12,129.6,129.98,522201
2026-02-06T09:15:00+05:30,129.14,129.56,127.25,127.72,1047171
2026-02-06T09:30:00+05:30,127.7,127.83,127.15,127.31,476871
2026-02-06T09:45:00+05:30,127.31,127.6,126.84,127.19,680433
2026-02-06T10:00:00+05:30,127.19,127.28,126.46,126.65,462477
2026-02-06T10:15:00+05:30,126.65,127.09,126.5,126.66,461749
2026-02-06T10:30:00+05:30,126.66,126.66,126.1,126.25,391625
2026-02-06T10:45:00+05:30,126.25,126.25,125.85,126.22,411049
2026-02-06T11:00:00+05:30,126.22,127.49,126.16,127.07,557475
2026-02-06T11:15:00+05:30,127.06,127.29,126.92,127.03,284644
2026-02-06T11:30:00+05:30,127.03,127.7,127.0,127.3,434527
2026-02-06T11:45:00+05:30,127.26,127.54,127.08,127.18,202980
2026-02-06T12:00:00+05:30,127.14,127.36,126.6,126.97,245655
2026-02-06T12:15:00+05:30,126.97,126.99,126.61,126.65,192612
2026-02-06T12:30:00+05:30,126.61,126.75,126.4,126.61,209042
2026-02-06T12:45:00+05:30,126.64,126.71,126.35,126.51,125158
2026-02-06T13:00:00+05:30,126.5,126.58,126.3,126.45,175810
2026-02-06T13:15:00+05:30,126.45,126.52,126.35,126.44,113718
2026-02-06T13:30:00+05:30,126.4,126.64,126.25,126.52,174850
2026-02-06T13:45:00+05:30,126.52,126.65,126.4,126.6,139861
2026-02-06T14:00:00+05:30,126.6,126.85,126.54,126.65,198911
2026-02-06T14:15:00+05:30,126.65,126.87,126.6,126.6,167124
2026-02-06T14:30:00+05:30,126.61,127.27,126.51,127.07,368219
2026-02-06T14:45:00+05:30,127.07,127.6,126.86,127.43,581597
2026-02-06T15:00:00+05:30,127.43,128.44,127.43,128.36,1232879
2026-02-06T15:15:00+05:30,128.36,128.72,128.21,128.69,909385
2026-02-09T09:15:00+05:30,129.5,130.45,128.81,129.98,1230452
2026-02-09T09:30:00+05:30,129.99,130.06,129.22,129.26,322962
2026-02-09T09:45:00+05:30,129.24,129.37,128.83,128.87,389050
2026-02-09T10:00:00+05:30,128.92,129.06,128.7,128.74,192052
2026-02-09T10:15:00+05:30,128.74,129.19,128.64,129.03,174133
2026-02-09T10:30:00+05:30,129.09,129.3,128.93,129.29,143936
2026-02-09T10:45:00+05:30,129.29,129.45,129.06,129.4,172350
2026-02-09T11:00:00+05:30,129.45,129.5,129.15,129.3,140538
2026-02-09T11:15:00+05:30,129.3,129.36,129.1,129.13,115226
2026-02-09T11:30:00+05:30,129.13,129.39,128.91,129.28,165663
2026-02-09T11:45:00+05:30,129.35,129.35,129.0,129.02,78399
2026-02-09T12:00:00+05:30,129.02,129.25,129.01,129.25,67086
2026-02-09T12:15:00+05:30,129.25,129.34,129.04,129.04,107500
2026-02-09T12:30:00+05:30,129.07,129.2,129.03,129.1,64882
2026-02-09T12:45:00+05:30,129.1,129.29,129.04,129.16,78086
2026-02-09T13:00:00+05:30,129.16,129.2,129.06,129.1,55101
2026-02-09T13:15:00+05:30,129.1,129.2,129.05,129.05,70129
2026-02-09T13:30:00+05:30,129.07,129.11,128.85,128.93,168325
2026-02-09T13:45:00+05:30,128.98,129.2,128.93,129.12,130738
2026-02-09T14:00:00+05:30,129.12,129.17,129.0,129.03,74852
2026-02-09T14:15:00+05:30,129.03,129.04,128.81,129.04,122491
2026-02-09T14:30:00+05:30,129.04,129.06,128.69,128.8,205176
2026-02-09T14:45:00+05:30,128.8,129.15,128.65,129.1,207558
2026-02-09T15:00:00+05:30,129.1,129.29,128.76,128.81,287499
2026-02-09T15:15:00+05:30,128.85,128.86,128.56,128.86,616680
2026-02-10T09:15:00+05:30,129.1,130.41,128.9,129.65,1017844
2026-02-10T09:30:00+05:30,129.67,129.84,129.25,129.67,348102
2026-02-10T09:45:00+05:30,129.66,129.68,128.81,128.95,335495
2026-02-10T10:00:00+05:30,128.95,129.25,128.6,128.77,271735
2026-02-10T10:15:00+05:30,128.77,129.58,128.75,129.55,238268
2026-02-10T10:30:00+05:30,129.55,129.99,129.36,129.37,259785
2026-02-10T10:45:00+05:30,129.37,129.6,129.14,129.45,146133
2026-02-10T11:00:00+05:30,129.4,129.65,129.4,129.5,59494
2026-02-10T11:15:00+05:30,129.5,129.57,129.35,129.4,50327
2026-02-10T11:30:00+05:30,129.4,129.49,129.3,129.35,63569
2026-02-10T11:45:00+05:30,129.35,129.59,129.18,129.54,115929
2026-02-10T12:00:00+05:30,129.52,129.69,129.4,129.69,77270
2026-02-10T12:15:00+05:30,129.64,129.73,129.41,129.49,62190
2026-02-10T12:30:00+05:30,129.49,129.55,129.35,129.53,73703
2026-02-10T12:45:00+05:30,129.53,129.6,129.43,129.58,66791
2026-02-10T13:00:00+05:30,129.6,129.6,129.4,129.46,50208
2026-02-10T13:15:00+05:30,129.41,129.46,129.03,129.34,120329
2026-02-10T13:30:00+05:30,129.26,129.39,129.02,129.39,74912
2026-02-10T13:45:00+05:30,129.31,129.39,129.1,129.11,52682
2026-02-10T14:00:00+05:30,129.11,129.25,128.85,129.01,158009
2026-02-10T14:15:00+05:30,129.02,129.14,128.9,128.91,98955
2026-02-10T14:30:00+05:30,128.96,129.06,128.71,128.9,203272
2026-02-10T14:45:00+05:30,128.9,129.59,128.72,129.52,297753
2026-02-10T15:00:00+05:30,129.54,129.6,129.23,129.35,244721
2026-02-10T15:15:00+05:30,129.35,129.5,128.93,129.05,467521
2026-02-11T09:15:00+05:30,129.28,129.5,127.55,127.65,1511058
2026-02-11T09:30:00+05:30,127.66,127.74,126.55,126.77,984266
2026-02-11T09:45:00+05:30,126.77,126.84,126.32,126.66,717948
2026-02-11T10:00:00+05:30,126.66,126.66,126.0,126.16,740925
2026-02-11T10:15:00+05:30,126.15,126.49,126.1,126.42,378137
2026-02-11T10:30:00+05:30,126.42,126.55,126.2,126.47,404397
2026-02-11T10:45:00+05:30,126.47,126.95,126.36,126.54,389593
2026-02-11T11:00:00+05:30,126.5,126.58,126.05,126.38,367997
2026-02-11T11:15:00+05:30,126.36,126.45,126.17,126.33,189753
2026-02-11T11:30:00+05:30,126.33,126.45,126.3,126.38,143125
2026-02-11T11:45:00+05:30,126.39,126.44,125.42,125.66,1210809
2026-02-11T12:00:00+05:30,125.7,125.79,125.4,125.69,488270
2026-02-11T12:15:00+05:30,125.69,125.8,125.45,125.71,382565
2026-02-11T12:30:00+05:30,125.71,125.98,125.62,125.79,293733
2026-02-11T12:45:00+05:30,125.79,125.91,125.67,125.85,180675
2026-02-11T13:00:00+05:30,125.85,125.88,125.65,125.83,178644
2026-02-11T13:15:00+05:30,125.83,126.28,125.77,126.24,250163
2026-02-11T13:30:00+05:30,126.24,126.4,126.12,126.37,197189
2026-02-11T13:45:00+05:30,126.36,126.39,125.89,125.93,309511
2026-02-11T14:00:00+05:30,125.93,126.26,125.88,126.15,230654
2026-02-11T14:15:00+05:30,126.15,126.24,125.72,126.08,375665
2026-02-11T14:30:00+05:30,126.08,126.19,126.01,126.07,163720
2026-02-11T14:45:00+05:30,126.14,126.43,126.0,126.35,384435
2026-02-11T15:00:00+05:30,126.35,126.69,126.3,126.65,905414
2026-02-11T15:15:00+05:30,126.65,127.35,126.45,126.62,1471619
2026-02-12T09:15:00+05:30,126.3,126.4,124.3,124.5,1816226
2026-02-12T09:30:00+05:30,124.44,124.86,124.33,124.42,651819
2026-02-12T09:45:00+05:30,124.43,125.3,124.24,125.11,1126012
2026-02-12T10:00:00+05:30,125.09,125.12,124.44,124.85,526243
2026-02-12T10:15:00+05:30,124.84,124.93,124.56,124.67,223731
2026-02-12T10:30:00+05:30,124.65,124.8,124.5,124.55,215733
2026-02-12T10:45:00+05:30,124.51,124.66,124.31,124.58,342017
2026-02-12T11:00:00+05:30,124.59,124.75,124.51,124.68,134983
2026-02-12T11:15:00+05:30,124.69,124.69,124.4,124.43,262433
2026-02-12T11:30:00+05:30,124.49,124.65,124.33,124.65,174421
2026-02-12T11:45:00+05:30,124.61,124.67,124.1,124.25,405666
2026-02-12T12:00:00+05:30,124.25,124.35,124.12,124.17,212625
2026-02-12T12:15:00+05:30,124.16,124.38,124.14,124.29,155595
2026-02-12T12:30:00+05:30,124.3,124.49,124.21,124.35,141799
2026-02-12T12:45:00+05:30,124.3,124.35,124.24,124.35,186787
2026-02-12T13:00:00+05:30,124.35,124.49,124.2,124.25,137249
2026-02-12T13:15:00+05:30,124.27,124.75,124.25,124.5,286358
2026-02-12T13:30:00+05:30,124.49,124.68,124.45,124.59,121444
2026-02-12T13:45:00+05:30,124.6,124.63,124.25,124.44,211655
2026-02-12T14:00:00+05:30,124.41,124.54,124.25,124.3,167650
2026-02-12T14:15:00+05:30,124.3,124.57,124.25,124.48,207976
2026-02-12T14:30:00+05:30,124.48,124.56,124.26,124.39,173040
2026-02-12T14:45:00+05:30,124.39,125.5,124.22,125.34,1358679
2026-02-12T15:00:00+05:30,125.34,125.65,125.17,125.28,976420
2026-02-12T15:15:00+05:30,125.25,125.35,124.8,125.0,740365
2026-02-13T09:15:00+05:30,124.55,124.58,122.2,122.25,1640459
2026-02-13T09:30:00+05:30,122.24,122.85,121.65,122.7,1033433
2026-02-13T09:45:00+05:30,122.7,122.8,122.23,122.5,419894
2026-02-13T10:00:00+05:30,122.46,122.66,121.9,121.97,745688
2026-02-13T10:15:00+05:30,121.97,122.25,121.7,122.22,440801
2026-02-13T10:30:00+05:30,122.22,123.11,122.12,122.59,489263
2026-02-13T10:45:00+05:30,122.57,122.59,122.15,122.22,199984
2026-02-13T11:00:00+05:30,122.22,122.22,121.82,122.18,332441
2026-02-13T11:15:00+05:30,122.18,122.24,121.91,122.02,256083
2026-02-13T11:30:00+05:30,122.07,122.44,121.91,122.42,265437
2026-02-13T11:45:00+05:30,122.43,122.85,122.4,122.78,342294
2026-02-13T12:00:00+05:30,122.78,123.55,122.78,123.33,821071
2026-02-13T12:15:00+05:30,123.4,123.9,123.17,123.65,358961
2026-02-13T12:30:00+05:30,123.7,123.74,123.45,123.59,170976
2026-02-13T12:45:00+05:30,123.58,123.75,123.21,123.24,183469
2026-02-13T13:00:00+05:30,123.21,123.64,123.0,123.51,125736
2026-02-13T13:15:00+05:30,123.51,123.59,123.2,123.36,77484
2026-02-13T13:30:00+05:30,123.31,123.57,123.27,123.53,93457
2026-02-13T13:45:00+05:30,123.53,123.53,123.0,123.38,93401
2026-02-13T14:00:00+05:30,123.4,123.65,123.27,123.49,206118
2026-02-13T14:15:00+05:30,123.5,123.58,123.29,123.39,95935
2026-02-13T14:30:00+05:30,123.45,123.5,122.91,123.12,214240
2026-02-13T14:45:00+05:30,123.12,123.84,122.9,123.75,339106
2026-02-13T15:00:00+05:30,123.76,123.76,123.12,123.6,533144
2026-02-13T15:15:00+05:30,123.6,123.75,123.5,123.73,673692
2026-02-16T09:15:00+05:30,123.4,124.06,122.26,124.01,1014849
2026-02-16T09:30:00+05:30,124.01,125.32,124.0,124.6,1172932
2026-02-16T09:45:00+05:30,124.53,126.21,124.4,126.08,597274
2026-02-16T10:00:00+05:30,126.06,127.2,126.01,126.88,1536103
2026-02-16T10:15:00+05:30,126.83,126.9,126.0,126.19,638522
2026-02-16T10:30:00+05:30,126.19,126.63,126.11,126.37,472699
2026-02-16T10:45:00+05:30,126.42,127.1,126.2,126.55,834123
2026-02-16T11:00:00+05:30,126.55,126.8,126.39,126.48,200390
2026-02-16T11:15:00+05:30,126.43,126.88,126.43,126.55,258662
2026-02-16T11:30:00+05:30,126.58,126.69,126.39,126.51,232412
2026-02-16T11:45:00+05:30,126.51,126.55,126.15,126.34,164152
2026-02-16T12:00:00+05:30,126.34,126.6,126.3,126.4,154675
2026-02-16T12:15:00+05:30,126.4,126.98,126.26,126.77,222176
2026-02-16T12:30:00+05:30,126.79,127.2,126.72,126.85,371425
2026-02-16T12:45:00+05:30,126.85,127.39,126.85,127.1,462654
2026-02-16T13:00:00+05:30,127.1,127.44,127.1,127.25,284189
2026-02-16T13:15:00+05:30,127.25,127.35,127.14,127.25,190392
2026-02-16T13:30:00+05:30,127.25,127.67,127.16,127.65,384369
2026-02-16T13:45:00+05:30,127.65,127.75,127.25,127.29,372319
2026-02-16T14:00:00+05:30,127.3,127.5,127.14,127.48,232119
2026-02-16T14:15:00+05:30,127.47,127.48,127.17,127.38,210170
2026-02-16T14:30:00+05:30,127.39,127.48,127.06,127.26,275482
2026-02-16T14:45:00+05:30,127.23,127.6,127.15,127.54,442710
2026-02-16T15:00:00+05:30,127.54,127.74,127.2,127.29,554377
2026-02-16T15:15:00+05:30,127.28,127.35,126.54,126.85,1007445
2026-02-17T09:15:00+05:30,127.07,127.23,126.25,126.57,615786
2026-02-17T09:30:00+05:30,126.6,127.4,126.33,127.23,459960
2026-02-17T09:45:00+05:30,127.22,127.59,126.8,127.42,373028
2026-02-17T10:00:00+05:30,127.36,127.45,126.82,126.94,255797
2026-02-17T10:15:00+05:30,126.94,127.0,126.7,126.9,141768
2026-02-17T10:30:00+05:30,126.9,127.05,126.56,126.56,231295
2026-02-17T10:45:00+05:30,126.6,126.65,126.3,126.5,181260
2026-02-17T11:00:00+05:30,126.45,126.57,126.3,126.48,168201
2026-02-17T11:15:00+05:30,126.42,126.74,126.4,126.6,110604
2026-02-17T11:30:00+05:30,126.6,126.8,126.55,126.67,93322
2026-02-17T11:45:00+05:30,126.7,127.18,126.68,126.75,177922
2026-02-17T12:00:00+05:30,126.8,126.87,126.68,126.72,68266
2026-02-17T12:15:00+05:30,126.75,126.98,126.72,126.84,49684
2026-02-17T12:30:00+05:30,126.85,127.04,126.78,127.0,52039
2026-02-17T12:45:00+05:30,127.0,127.46,126.96,127.1,137229
2026-02-17T13:00:00+05:30,127.1,127.24,126.96,127.2,109497
2026-02-17T13:15:00+05:30,127.2,127.33,127.1,127.2,163666
2026-02-17T13:30:00+05:30,127.2,127.36,127.17,127.25,86466
2026-02-17T13:45:00+05:30,127.26,127.26,126.96,127.0,78475
2026-02-17T14:00:00+05:30,127.0,127.29,126.85,126.85,124245
2026-02-17T14:15:00+05:30,126.86,127.1,126.73,126.77,106533
2026-02-17T14:30:00+05:30,126.78,126.98,126.6,126.89,75870
2026-02-17T14:45:00+05:30,126.88,127.36,126.77,127.26,345405
2026-02-17T15:00:00+05:30,127.26,127.37,127.0,127.14,393355
2026-02-17T15:15:00+05:30,127.14,127.3,126.66,127.25,626797
2026-02-18T09:15:00+05:30,127.13,128.55,127.08,128.22,640683
2026-02-18T09:30:00+05:30,128.29,128.4,127.29,127.35,390999
2026-02-18T09:45:00+05:30,127.36,127.46,126.5,126.65,348250
2026-02-18T10:00:00+05:30,126.68,126.92,126.4,126.46,200219
2026-02-18T10:15:00+05:30,126.46,126.55,126.13,126.27,138682
2026-02-18T10:30:00+05:30,126.28,126.66,126.25,126.55,233631
2026-02-18T10:45:00+05:30,126.51,126.87,126.48,126.85,130034
2026-02-18T11:00:00+05:30,126.85,126.98,126.52,126.79,110947
2026-02-18T11:15:00+05:30,126.79,126.85,126.51,126.78,67440
2026-02-18T11:30:00+05:30,126.8,127.1,126.77,126.85,158392
2026-02-18T11:45:00+05:30,126.85,127.34,126.75,126.92,130869
2026-02-18T12:00:00+05:30,126.97,127.29,126.92,127.17,123103
2026-02-18T12:15:00+05:30,127.22,127.25,127.0,127.1,88349
2026-02-18T12:30:00+05:30,127.14,127.23,127.0,127.12,62316
2026-02-18T12:45:00+05:30,127.13,127.23,127.0,127.02,45554
2026-02-18T13:00:00+05:30,127.03,127.45,127.0,127.39,82896
2026-02-18T13:15:00+05:30,127.43,127.5,127.25,127.48,71958
2026-02-18T13:30:00+05:30,127.48,127.6,127.4,127.5,129570
2026-02-18T13:45:00+05:30,127.52,127.59,127.3,127.43,123983
2026-02-18T14:00:00+05:30,127.46,127.68,127.31,127.64,214716
2026-02-18T14:15:00+05:30,127.65,127.95,127.59,127.86,265602
2026-02-18T14:30:00+05:30,127.84,127.9,127.51,127.63,146341
2026-02-18T14:45:00+05:30,127.7,128.0,127.55,127.9,213487
2026-02-18T15:00:00+05:30,127.88,128.15,127.81,127.9,422222
2026-02-18T15:15:00+05:30,127.89,127.95,127.5,127.64,381270
2026-02-19T09:15:00+05:30,127.87,128.79,127.64,127.87,595440
2026-02-19T09:30:00+05:30,127.87,128.1,127.15,127.25,317913
2026-02-19T09:45:00+05:30,127.3,127.68,126.91,127.07,258297
2026-02-19T10:00:00+05:30,127.07,127.3,126.72,126.84,182053
2026-02-19T10:15:00+05:30,126.84,127.0,126.52,126.7,152089
2026-02-19T10:30:00+05:30,126.63,126.77,126.34,126.59,237787
2026-02-19T10:45:00+05:30,126.59,127.04,126.41,127.01,155404
2026-02-19T11:00:00+05:30,127.0,127.09,126.7,126.7,84059
2026-02-19T11:15:00+05:30,126.7,126.89,126.52,126.78,62531
2026-02-19T11:30:00+05:30,126.78,126.86,126.56,126.67,61489
2026-02-19T11:45:00+05:30,126.69,126.75,126.5,126.6,114706
2026-02-19T12:00:00+05:30,126.67,126.67,126.25,126.28,284109
2026-02-19T12:15:00+05:30,126.28,126.76,126.13,126.65,146242
2026-02-19T12:30:00+05:30,126.7,126.7,126.31,126.31,49828
2026-02-19T12:45:00+05:30,126.33,126.64,126.31,126.51,63876
2026-02-19T13:00:00+05:30,126.51,126.79,126.4,126.77,62887
2026-02-19T13:15:00+05:30,126.75,127.13,126.6,127.06,145163
2026-02-19T13:30:00+05:30,127.02,127.02,126.62,126.82,72592
2026-02-19T13:45:00+05:30,126.85,126.98,126.7,126.79,49330
2026-02-19T14:00:00+05:30,126.79,126.79,126.4,126.65,96321
2026-02-19T14:15:00+05:30,126.64,126.93,126.44,126.5,105068
2026-02-19T14:30:00+05:30,126.53,126.69,126.2,126.23,142196
2026-02-19T14:45:00+05:30,126.29,126.99,126.24,126.82,275874
2026-02-19T15:00:00+05:30,126.82,126.82,126.0,126.0,374296
2026-02-19T15:15:00+05:30,126.06,126.06,125.0,125.15,679653
2026-02-20T09:15:00+05:30,125.0,126.55,124.5,124.94,917501
2026-02-20T09:30:00+05:30,124.99,126.38,124.92,126.28,414011
2026-02-20T09:45:00+05:30,126.35,126.48,126.01,126.14,201722
2026-02-20T10:00:00+05:30,126.15,126.2,125.75,125.86,170561
2026-02-20T10:15:00+05:30,125.86,126.3,125.81,126.03,108887
2026-02-20T10:30:00+05:30,126.03,126.58,126.03,126.43,148243
2026-02-20T10:45:00+05:30,126.45,126.8,126.21,126.4,201239
2026-02-20T11:00:00+05:30,126.47,126.66,126.05,126.08,100593
2026-02-20T11:15:00+05:30,126.06,126.83,126.06,126.73,142540
2026-02-20T11:30:00+05:30,126.73,127.21,126.65,127.03,295450
2026-02-20T11:45:00+05:30,127.02,127.07,126.71,126.81,112603
2026-02-20T12:00:00+05:30,126.84,127.1,126.72,127.1,143073
2026-02-20T12:15:00+05:30,127.09,127.74,127.0,127.55,385771
2026-02-20T12:30:00+05:30,127.55,127.7,127.37,127.45,167393
2026-02-20T12:45:00+05:30,127.45,127.63,127.11,127.19,128108
2026-02-20T13:00:00+05:30,127.24,127.34,126.65,126.8,175814
2026-02-20T13:15:00+05:30,126.84,127.32,126.63,127.1,127804
2026-02-20T13:30:00+05:30,127.16,127.6,127.08,127.53,172059
2026-02-20T13:45:00+05:30,127.53,127.62,127.29,127.37,146306
2026-02-20T14:00:00+05:30,127.46,127.65,127.24,127.44,142670
2026-02-20T14:15:00+05:30,127.4,127.61,127.24,127.24,110318
2026-02-20T14:30:00+05:30,127.27,127.3,126.65,126.82,161979
2026-02-20T14:45:00+05:30,126.9,127.38,126.72,127.31,272066
2026-02-20T15:00:00+05:30,127.29,127.37,126.65,126.7,354817
2026-02-20T15:15:00+05:30,126.68,126.8,126.19,126.49,422353
2026-02-23T09:15:00+05:30,126.84,127.44,126.16,127.34,662735
2026-02-23T09:30:00+05:30,127.29,127.5,126.54,126.55,247044
2026-02-23T09:45:00+05:30,126.6,126.71,126.35,126.44,276823
2026-02-23T10:00:00+05:30,126.4,126.55,126.2,126.3,112798
2026-02-23T10:15:00+05:30,126.35,126.43,125.9,125.95,253831
2026-02-23T10:30:00+05:30,125.97,126.14,125.72,125.73,159984
2026-02-23T10:45:00+05:30,125.73,126.19,125.35,125.4,459910
2026-02-23T11:00:00+05:30,125.4,125.64,125.21,125.49,129301
2026-02-23T11:15:00+05:30,125.44,125.5,125.07,125.35,130025
2026-02-23T11:30:00+05:30,125.31,125.98,125.2,125.8,109816
2026-02-23T11:45:00+05:30,125.8,125.84,125.4,125.76,232595
2026-02-23T12:00:00+05:30,125.79,126.39,125.69,126.15,186113
2026-02-23T12:15:00+05:30,126.14,126.5,126.05,126.41,200811
2026-02-23T12:30:00+05:30,126.4,126.5,126.07,126.27,106534
2026-02-23T12:45:00+05:30,126.27,126.3,126.0,126.16,133166
2026-02-23T13:00:00+05:30,126.21,126.4,126.06,126.3,97091
2026-02-23T13:15:00+05:30,126.3,126.31,125.95,126.3,72963
2026-02-23T13:30:00+05:30,126.3,126.31,125.95,125.98,40787
2026-02-23T13:45:00+05:30,125.95,127.28,125.92,126.6,536950
2026-02-23T14:00:00+05:30,126.64,127.04,126.5,126.85,223388
2026-02-23T14:15:00+05:30,126.85,127.0,126.6,126.87,173528
2026-02-23T14:30:00+05:30,126.9,127.19,126.37,126.37,170002
2026-02-23T14:45:00+05:30,126.4,126.98,126.36,126.92,198724
2026-02-23T15:00:00+05:30,126.94,127.3,126.89,127.02,354997
2026-02-23T15:15:00+05:30,127.09,127.5,126.99,127.25,716046
2026-02-24T09:15:00+05:30,126.28,126.77,125.4,125.5,620080
2026-02-24T09:30:00+05:30,125.54,125.56,125.15,125.3,322663
2026-02-24T09:45:00+05:30,125.3,125.94,125.22,125.94,223834
2026-02-24T10:00:00+05:30,125.94,126.38,125.74,125.79,234278
2026-02-24T10:15:00+05:30,125.79,126.7,125.71,126.5,246208
2026-02-24T10:30:00+05:30,126.55,126.68,126.2,126.41,114202
2026-02-24T10:45:00+05:30,126.41,126.49,126.2,126.26,67544
2026-02-24T11:00:00+05:30,126.21,127.1,126.21,126.96,345652
2026-02-24T11:15:00+05:30,126.96,127.6,126.78,127.29,396285
2026-02-24T11:30:00+05:30,127.3,127.49,127.09,127.14,194613
2026-02-24T11:45:00+05:30,127.11,127.14,126.7,126.7,157146
2026-02-24T12:00:00+05:30,126.7,126.77,126.33,126.39,93014
2026-02-24T12:15:00+05:30,126.39,126.41,125.9,125.95,150551
2026-02-24T12:30:00+05:30,125.96,126.03,125.7,125.75,150322
2026-02-24T12:45:00+05:30,125.75,125.77,125.42,125.52,149113
2026-02-24T13:00:00+05:30,125.52,125.73,125.21,125.62,216416
2026-02-24T13:15:00+05:30,125.6,125.6,125.23,125.24,185806
2026-02-24T13:30:00+05:30,125.25,125.25,124.65,125.08,484438
2026-02-24T13:45:00+05:30,125.08,125.41,125.0,125.3,137364
2026-02-24T14:00:00+05:30,125.3,125.5,125.07,125.5,118730
2026-02-24T14:15:00+05:30,125.5,125.79,125.18,125.5,178558
2026-02-24T14:30:00+05:30,125.55,125.79,125.21,125.7,278559
2026-02-24T14:45:00+05:30,125.66,126.69,125.6,126.43,535305
2026-02-24T15:00:00+05:30,126.43,126.49,125.98,126.2,313041
2026-02-24T15:15:00+05:30,126.18,126.25,125.5,126.2,455492
2026-02-25T09:15:00+05:30,127.34,127.34,125.08,125.47,725211
2026-02-25T09:30:00+05:30,125.48,125.73,124.92,125.11,384844
2026-02-25T09:45:00+05:30,125.08,125.47,125.05,125.43,212136
2026-02-25T10:00:00+05:30,125.43,125.63,125.26,125.43,221331
2026-02-25T10:15:00+05:30,125.43,125.65,125.3,125.45,161110
2026-02-25T10:30:00+05:30,125.5,125.8,125.47,125.64,132977
2026-02-25T10:45:00+05:30,125.6,125.88,125.45,125.8,145760
2026-02-25T11:00:00+05:30,125.8,125.95,125.3,125.35,114254
2026-02-25T11:15:00+05:30,125.41,125.45,125.12,125.26,110885
2026-02-25T11:30:00+05:30,125.32,125.34,125.12,125.16,86372
2026-02-25T11:45:00+05:30,125.13,125.27,125.11,125.22,102645
2026-02-25T12:00:00+05:30,125.22,125.35,125.11,125.28,75363
2026-02-25T12:15:00+05:30,125.27,125.38,125.06,125.29,142202
2026-02-25T12:30:00+05:30,125.29,125.35,124.6,124.66,347327
2026-02-25T12:45:00+05:30,124.67,124.8,124.37,124.56,290495
2026-02-25T13:00:00+05:30,124.57,124.58,124.25,124.35,123817
2026-02-25T13:15:00+05:30,124.38,124.58,124.25,124.35,135389
2026-02-25T13:30:00+05:30,124.32,124.64,124.31,124.44,109857
2026-02-25T13:45:00+05:30,124.4,124.51,124.34,124.47,70404
2026-02-25T14:00:00+05:30,124.47,124.48,124.2,124.26,150668
2026-02-25T14:15:00+05:30,124.21,124.7,124.21,124.42,157559
2026-02-25T14:30:00+05:30,124.42,124.75,124.41,124.66,191596
2026-02-25T14:45:00+05:30,124.68,125.32,124.6,125.32,414992
2026-02-25T15:00:00+05:30,125.32,125.86,125.26,125.39,772032
2026-02-25T15:15:00+05:30,125.39,125.46,124.55,125.05,355548
2026-02-26T09:15:00+05:30,125.49,126.82,125.45,126.12,742738
2026-02-26T09:30:00+05:30,126.18,126.47,125.59,126.12,295959
2026-02-26T09:45:00+05:30,126.13,126.36,126.0,126.11,178259
2026-02-26T10:00:00+05:30,126.16,126.25,125.8,125.93,120354
2026-02-26T10:15:00+05:30,125.96,126.0,125.65,125.87,153926
2026-02-26T10:30:00+05:30,125.89,125.96,125.72,125.9,67846
2026-02-26T10:45:00+05:30,125.89,126.1,125.6,125.61,117798
2026-02-26T11:00:00+05:30,125.65,125.85,125.55,125.58,91098
2026-02-26T11:15:00+05:30,125.56,125.85,125.5,125.59,74897
2026-02-26T11:30:00+05:30,125.66,125.72,125.05,125.06,151329
2026-02-26T11:45:00+05:30,125.05,125.37,124.81,124.89,210935
2026-02-26T12:00:00+05:30,124.89,124.9,124.6,124.65,139621
2026-02-26T12:15:00+05:30,124.65,124.66,124.32,124.5,206776
2026-02-26T12:30:00+05:30,124.5,124.62,124.08,124.5,293084
2026-02-26T12:45:00+05:30,124.5,124.5,124.17,124.2,85575
2026-02-26T13:00:00+05:30,124.23,124.45,124.1,124.2,108462
2026-02-26T13:15:00+05:30,124.16,124.18,123.72,124.07,314166
2026-02-26T13:30:00+05:30,124.07,124.48,124.0,124.38,96379
2026-02-26T13:45:00+05:30,124.36,124.38,124.06,124.2,98922
2026-02-26T14:00:00+05:30,124.2,124.29,123.91,124.23,103574
2026-02-26T14:15:00+05:30,124.23,124.28,124.0,124.16,78633
2026-02-26T14:30:00+05:30,124.16,124.81,124.06,124.79,170740
2026-02-26T14:45:00+05:30,124.79,125.0,124.63,124.88,318341
2026-02-26T15:00:00+05:30,124.88,125.2,124.46,124.48,443095
2026-02-26T15:15:00+05:30,124.5,124.8,124.33,124.55,381628
2026-02-27T09:15:00+05:30,124.0,124.5,123.11,123.44,804064
2026-02-27T09:30:00+05:30,123.49,123.55,122.8,123.01,663305
2026-02-27T09:45:00+05:30,123.01,123.09,122.4,122.45,619778
2026-02-27T10:00:00+05:30,122.45,122.69,122.31,122.51,253061
2026-02-27T10:15:00+05:30,122.5,122.9,122.3,122.87,180289
2026-02-27T10:30:00+05:30,122.86,123.28,122.8,122.96,185966
2026-02-27T10:45:00+05:30,122.96,123.0,122.64,122.7,144058
2026-02-27T11:00:00+05:30,122.72,123.1,122.64,123.08,98008
2026-02-27T11:15:00+05:30,123.08,123.08,122.71,122.76,99403
2026-02-27T11:30:00+05:30,122.76,122.76,122.4,122.59,178824
2026-02-27T11:45:00+05:30,122.62,122.8,122.52,122.8,89597
2026-02-27T12:00:00+05:30,122.8,122.83,122.5,122.58,172315
2026-02-27T12:15:00+05:30,122.58,122.75,122.43,122.74,81763
2026-02-27T12:30:00+05:30,122.74,122.74,122.46,122.59,89702
2026-02-27T12:45:00+05:30,122.55,122.83,122.42,122.67,129137
2026-02-27T13:00:00+05:30,122.67,122.79,122.64,122.73,41180
2026-02-27T13:15:00+05:30,122.73,122.78,122.59,122.77,56269
2026-02-27T13:30:00+05:30,122.77,122.77,122.62,122.68,55147
2026-02-27T13:45:00+05:30,122.68,123.05,122.56,122.98,201610
2026-02-27T14:00:00+05:30,122.97,123.1,122.8,122.82,162437
2026-02-27T14:15:00+05:30,122.84,122.89,122.69,122.69,69033
2026-02-27T14:30:00+05:30,122.7,122.95,122.62,122.77,133134
2026-02-27T14:45:00+05:30,122.76,123.35,122.71,123.16,346300
2026-02-27T15:00:00+05:30,123.1,123.1,122.02,122.22,663449
2026-02-27T15:15:00+05:30,122.22,122.26,122.0,122.25,606160
2026-03-02T09:15:00+05:30,115.91,118.75,115.52,117.81,2056168
2026-03-02T09:30:00+05:30,117.81,118.68,117.67,118.59,918257
2026-03-02T09:45:00+05:30,118.59,119.4,118.42,119.08,695098
2026-03-02T10:00:00+05:30,119.1,119.25,118.3,118.56,323982
2026-03-02T10:15:00+05:30,118.57,118.62,118.01,118.01,255542
2026-03-02T10:30:00+05:30,118.02,118.39,117.66,117.66,296846
2026-03-02T10:45:00+05:30,117.66,117.83,117.2,117.58,346117
2026-03-02T11:00:00+05:30,117.61,117.78,117.2,117.29,247336
2026-03-02T11:15:00+05:30,117.29,117.35,116.35,116.39,600494
2026-03-02T11:30:00+05:30,116.39,116.56,116.25,116.46,263493
2026-03-02T11:45:00+05:30,116.42,116.6,116.05,116.05,264547
2026-03-02T12:00:00+05:30,116.05,116.2,115.82,115.86,524600
2026-03-02T12:15:00+05:30,115.86,115.97,115.7,115.79,227307
2026-03-02T12:30:00+05:30,115.74,116.02,115.66,115.7,328178
2026-03-02T12:45:00+05:30,115.7,115.75,115.36,115.58,331148
2026-03-02T13:00:00+05:30,115.58,115.67,115.45,115.5,192885
2026-03-02T13:15:00+05:30,115.5,115.6,115.25,115.33,248327
2026-03-02T13:30:00+05:30,115.33,115.4,115.05,115.23,291239
2026-03-02T13:45:00+05:30,115.23,115.4,114.8,114.81,577123
2026-03-02T14:00:00+05:30,114.81,116.2,114.75,116.15,552299
2026-03-02T14:15:00+05:30,116.15,116.25,115.56,115.6,284195
2026-03-02T14:30:00+05:30,115.64,116.55,115.51,116.46,405810
2026-03-02T14:45:00+05:30,116.46,116.5,115.8,115.86,269413
2026-03-02T15:00:00+05:30,115.86,116.09,115.62,115.85,644999
2026-03-02T15:15:00+05:30,115.84,116.7,115.51,116.5,1284056
2026-03-04T09:15:00+05:30,113.65,114.38,112.4,112.81,1843283
2026-03-04T09:30:00+05:30,112.81,113.42,112.51,113.38,910586
2026-03-04T09:45:00+05:30,113.38,113.48,113.0,113.21,587616
2026-03-04T10:00:00+05:30,113.25,114.64,113.01,114.6,667490
2026-03-04T10:15:00+05:30,114.6,114.6,113.9,113.99,395299
2026-03-04T10:30:00+05:30,113.99,114.08,113.76,113.9,148941
2026-03-04T10:45:00+05:30,113.9,114.16,113.65,113.83,208847
2026-03-04T11:00:00+05:30,113.8,114.15,113.68,113.74,322188
2026-03-04T11:15:00+05:30,113.75,113.8,113.18,113.2,203954
2026-03-04T11:30:00+05:30,113.21,113.39,113.1,113.1,198339
2026-03-04T11:45:00+05:30,113.1,113.15,112.79,112.93,286476
2026-03-04T12:00:00+05:30,112.93,113.0,112.56,112.56,262022
2026-03-04T12:15:00+05:30,112.58,112.75,112.5,112.52,235061
2026-03-04T12:30:00+05:30,112.55,112.6,112.21,112.41,266432
2026-03-04T12:45:00+05:30,112.43,112.99,112.33,112.86,288740
2026-03-04T13:00:00+05:30,112.8,113.5,112.8,113.31,417701
2026-03-04T13:15:00+05:30,113.38,113.8,112.99,113.55,294260
2026-03-04T13:30:00+05:30,113.5,113.6,113.2,113.45,295658
2026-03-04T13:45:00+05:30,113.45,113.45,113.0,113.16,156430
2026-03-04T14:00:00+05:30,113.2,113.88,113.12,113.8,325319
2026-03-04T14:15:00+05:30,113.8,113.98,113.19,113.24,255778
2026-03-04T14:30:00+05:30,113.24,113.85,113.15,113.81,229260
2026-03-04T14:45:00+05:30,113.75,114.32,113.31,114.23,404015
2026-03-04T15:00:00+05:30,114.22,114.38,113.46,113.67,465071
2026-03-04T15:15:00+05:30,113.66,113.69,113.07,113.49,750567
2026-03-05T09:15:00+05:30,113.56,114.92,113.56,113.85,1114579
2026-03-05T09:30:00+05:30,113.85,113.96,112.86,113.38,545219
2026-03-05T09:45:00+05:30,113.4,114.01,113.31,113.81,553411
2026-03-05T10:00:00+05:30,113.78,113.85,113.08,113.1,402588
2026-03-05T10:15:00+05:30,113.1,113.4,113.02,113.11,241779
2026-03-05T10:30:00+05:30,113.13,113.35,113.01,113.34,263854
2026-03-05T10:45:00+05:30,113.34,114.14,113.21,113.98,370444
2026-03-05T11:00:00+05:30,114.05,114.68,114.03,114.2,420465
2026-03-05T11:15:00+05:30,114.2,114.7,114.0,114.15,504463
2026-03-05T11:30:00+05:30,114.13,114.2,113.55,113.63,386490
2026-03-05T11:45:00+05:30,113.55,113.62,113.25,113.44,159528
2026-03-05T12:00:00+05:30,113.42,113.7,113.32,113.54,105216
2026-03-05T12:15:00+05:30,113.5,114.16,113.4,114.1,198725
2026-03-05T12:30:00+05:30,114.09,114.33,113.81,113.92,131637
2026-03-05T12:45:00+05:30,113.92,114.19,113.65,114.12,138012
2026-03-05T13:00:00+05:30,114.12,114.29,113.9,114.03,101143
2026-03-05T13:15:00+05:30,114.03,114.04,113.76,114.0,45976
2026-03-05T13:30:00+05:30,114.03,114.09,113.56,113.56,100543
2026-03-05T13:45:00+05:30,113.6,113.61,113.05,113.2,209484
2026-03-05T14:00:00+05:30,113.2,113.23,112.8,112.91,274333
2026-03-05T14:15:00+05:30,112.91,113.34,112.81,113.31,139430
2026-03-05T14:30:00+05:30,113.31,114.9,113.05,114.55,559893
2026-03-05T14:45:00+05:30,114.6,115.94,114.55,115.9,706447
2026-03-05T15:00:00+05:30,115.9,116.19,115.37,115.46,507459
2026-03-05T15:15:00+05:30,115.53,116.1,114.9,115.99,749339
2026-03-06T09:15:00+05:30,116.5,118.5,115.08,118.5,1423272
2026-03-06T09:30:00+05:30,118.5,120.2,118.45,119.84,1882573
2026-03-06T09:45:00+05:30,119.8,120.35,119.5,119.69,1197495
2026-03-06T10:00:00+05:30,119.69,120.03,119.5,119.92,596324
2026-03-06T10:15:00+05:30,119.92,120.11,118.94,119.07,872737
2026-03-06T10:30:00+05:30,119.06,119.37,118.57,118.76,544355
2026-03-06T10:45:00+05:30,118.75,118.82,117.75,118.15,676320
2026-03-06T11:00:00+05:30,118.15,118.57,118.11,118.19,338277
2026-03-06T11:15:00+05:30,118.19,118.39,117.78,117.98,297696
2026-03-06T11:30:00+05:30,117.97,118.45,117.79,118.09,256763
2026-03-06T11:45:00+05:30,118.05,118.62,117.91,118.39,300394
2026-03-06T12:00:00+05:30,118.39,118.4,117.9,117.95,202400
2026-03-06T12:15:00+05:30,117.98,118.0,117.71,117.73,292312
2026-03-06T12:30:00+05:30,117.74,118.02,117.74,118.0,153287
2026-03-06T12:45:00+05:30,118.0,118.07,117.8,117.91,130097
2026-03-06T13:00:00+05:30,117.96,118.05,117.65,117.74,190366
2026-03-06T13:15:00+05:30,117.74,117.92,117.64,117.85,125890
2026-03-06T13:30:00+05:30,117.85,117.9,117.44,117.75,195475
2026-03-06T13:45:00+05:30,117.73,117.77,117.34,117.35,138319
2026-03-06T14:00:00+05:30,117.35,117.75,117.33,117.62,173412
2026-03-06T14:15:00+05:30,117.63,117.84,117.55,117.69,98960
2026-03-06T14:30:00+05:30,117.69,117.75,117.16,117.26,216295
2026-03-06T14:45:00+05:30,117.26,117.41,116.77,116.8,559132
2026-03-06T15:00:00+05:30,116.8,117.65,116.62,117.54,621708
2026-03-06T15:15:00+05:30,117.53,117.56,117.1,117.4,940567
2026-03-09T09:15:00+05:30,113.22,115.23,112.07,113.29,1608906
2026-03-09T09:30:00+05:30,113.25,113.8,113.05,113.15,873866
2026-03-09T09:45:00+05:30,113.18,113.75,112.93,113.5,524350
2026-03-09T10:00:00+05:30,113.56,114.0,113.23,113.83,280600
2026-03-09T10:15:00+05:30,113.84,113.85,113.21,113.45,262891
2026-03-09T10:30:00+05:30,113.45,113.5,112.93,113.12,242874
2026-03-09T10:45:00+05:30,113.07,113.8,112.8,113.61,323726
2026-03-09T11:00:00+05:30,113.65,113.78,113.15,113.39,181498
2026-03-09T11:15:00+05:30,113.39,114.5,113.3,114.35,264858
2026-03-09T11:30:00+05:30,114.35,114.45,114.08,114.29,255636
2026-03-09T11:45:00+05:30,114.28,114.28,113.64,113.74,112766
2026-03-09T12:00:00+05:30,113.66,113.75,113.32,113.56,174217
2026-03-09T12:15:00+05:30,113.64,113.79,113.45,113.78,87382
2026-03-09T12:30:00+05:30,113.78,113.89,113.44,113.75,146293
2026-03-09T12:45:00+05:30,113.71,113.95,113.5,113.81,95012
2026-03-09T13:00:00+05:30,113.81,113.83,113.5,113.54,102157
2026-03-09T13:15:00+05:30,113.6,113.77,113.5,113.69,88151
2026-03-09T13:30:00+05:30,113.73,113.96,113.51,113.77,208497
2026-03-09T13:45:00+05:30,113.75,113.76,113.1,113.29,276617
2026-03-09T14:00:00+05:30,113.25,113.55,113.15,113.22,125602
2026-03-09T14:15:00+05:30,113.22,113.48,113.09,113.39,160031
2026-03-09T14:30:00+05:30,113.39,113.6,113.21,113.57,259190
2026-03-09T14:45:00+05:30,113.59,114.12,113.58,113.85,347692
2026-03-09T15:00:00+05:30,113.85,114.38,113.79,114.26,406042
2026-03-09T15:15:00+05:30,114.26,114.9,114.25,114.77,487715
2026-03-10T09:15:00+05:30,116.55,117.0,115.4,115.66,680648
2026-03-10T09:30:00+05:30,115.68,115.69,114.81,115.12,368520
2026-03-10T09:45:00+05:30,115.13,115.36,114.41,114.55,325838
2026-03-10T10:00:00+05:30,114.5,114.89,114.45,114.86,169942
2026-03-10T10:15:00+05:30,114.85,115.5,114.8,115.44,277343
2026-03-10T10:30:00+05:30,115.35,115.77,115.3,115.75,153970
2026-03-10T10:45:00+05:30,115.75,116.24,115.58,115.75,241067
2026-03-10T11:00:00+05:30,115.79,116.2,115.74,115.95,274198
2026-03-10T11:15:00+05:30,115.95,116.02,115.51,115.6,148638
2026-03-10T11:30:00+05:30,115.6,115.82,115.5,115.7,119277
2026-03-10T11:45:00+05:30,115.7,115.7,115.04,115.29,135654
2026-03-10T12:00:00+05:30,115.29,115.4,115.11,115.13,48336
2026-03-10T12:15:00+05:30,115.11,115.24,114.85,115.22,179573
2026-03-10T12:30:00+05:30,115.2,115.66,115.19,115.59,179042
2026-03-10T12:45:00+05:30,115.52,116.08,115.52,115.82,247684
2026-03-10T13:00:00+05:30,115.82,115.93,115.44,115.55,103376
2026-03-10T13:15:00+05:30,115.6,115.75,115.49,115.75,51811
2026-03-10T13:30:00+05:30,115.75,116.05,115.73,115.97,161003
2026-03-10T13:45:00+05:30,115.95,116.2,115.81,115.95,107452
2026-03-10T14:00:00+05:30,115.96,116.37,115.85,116.26,198063
2026-03-10T14:15:00+05:30,116.32,116.5,116.1,116.45,218141
2026-03-10T14:30:00+05:30,116.49,116.76,116.28,116.69,343366
2026-03-10T14:45:00+05:30,116.68,117.28,116.52,117.12,353301
2026-03-10T15:00:00+05:30,117.16,117.19,116.52,116.59,427098
2026-03-10T15:15:00+05:30,116.58,117.5,116.55,117.31,624679
2026-03-11T09:15:00+05:30,117.31,119.17,116.92,118.07,860446
2026-03-11T09:30:00+05:30,118.05,118.25,117.52,117.86,306450
2026-03-11T09:45:00+05:30,117.92,118.19,117.54,117.59,219500
2026-03-11T10:00:00+05:30,117.59,117.64,117.14,117.14,227133
2026-03-11T10:15:00+05:30,117.13,117.45,116.96,117.39,285086
2026-03-11T10:30:00+05:30,117.31,117.6,117.2,117.28,141718
2026-03-11T10:45:00+05:30,117.28,117.5,117.06,117.5,131484
2026-03-11T11:00:00+05:30,117.5,117.76,117.3,117.45,101923
2026-03-11T11:15:00+05:30,117.45,117.5,117.25,117.45,92547
2026-03-11T11:30:00+05:30,117.45,117.49,116.84,116.94,195952
2026-03-11T11:45:00+05:30,116.94,117.18,116.71,116.92,163411
2026-03-11T12:00:00+05:30,116.91,117.29,116.72,117.23,86471
2026-03-11T12:15:00+05:30,117.27,117.3,117.05,117.13,54422
2026-03-11T12:30:00+05:30,117.13,117.35,116.75,117.0,92720
2026-03-11T12:45:00+05:30,116.95,117.07,116.76,116.89,82553
2026-03-11T13:00:00+05:30,116.86,116.9,116.21,116.37,250622
2026-03-11T13:15:00+05:30,116.34,116.58,116.03,116.37,399915
2026-03-11T13:30:00+05:30,116.4,116.4,116.07,116.15,449406
2026-03-11T13:45:00+05:30,116.15,116.17,115.9,116.06,202626
2026-03-11T14:00:00+05:30,116.05,116.1,115.7,116.0,332221
2026-03-11T14:15:00+05:30,116.0,116.38,115.63,116.32,216661
2026-03-11T14:30:00+05:30,116.39,116.49,115.67,115.67,98584
2026-03-11T14:45:00+05:30,115.75,115.88,115.5,115.62,180394
2026-03-11T15:00:00+05:30,115.58,115.9,114.85,115.08,378715
2026-03-11T15:15:00+05:30,115.03,115.16,114.0,114.66,915242
2026-03-12T09:15:00+05:30,114.0,114.0,112.59,113.85,746948
2026-03-12T09:30:00+05:30,113.85,113.85,113.0,113.33,380525
2026-03-12T09:45:00+05:30,113.34,113.9,113.16,113.74,286181
2026-03-12T10:00:00+05:30,113.79,113.84,113.08,113.1,194557
2026-03-12T10:15:00+05:30,113.15,113.95,112.96,113.9,314843
2026-03-12T10:30:00+05:30,113.89,114.6,113.76,114.23,315021
2026-03-12T10:45:00+05:30,114.24,114.88,114.13,114.83,187324
2026-03-12T11:00:00+05:30,114.88,115.75,114.85,115.59,323152
2026-03-12T11:15:00+05:30,115.59,115.72,114.9,115.37,215406
2026-03-12T11:30:00+05:30,115.35,116.45,115.06,116.36,238885
2026-03-12T11:45:00+05:30,116.36,116.75,116.02,116.7,275694
2026-03-12T12:00:00+05:30,116.7,117.03,116.31,116.81,425089
2026-03-12T12:15:00+05:30,116.82,118.4,116.61,118.36,868728
2026-03-12T12:30:00+05:30,118.3,118.61,117.39,117.59,647945
2026-03-12T12:45:00+05:30,117.6,117.89,117.41,117.6,353046
2026-03-12T13:00:00+05:30,117.7,118.0,117.16,117.91,291548
2026-03-12T13:15:00+05:30,117.96,118.52,117.76,118.49,318972
2026-03-12T13:30:00+05:30,118.52,118.95,118.25,118.28,447190
2026-03-12T13:45:00+05:30,118.28,118.46,117.91,118.0,293095
2026-03-12T14:00:00+05:30,118.0,118.24,117.53,117.89,270665
2026-03-12T14:15:00+05:30,117.83,118.0,117.57,117.6,230220
2026-03-12T14:30:00+05:30,117.63,117.76,117.22,117.22,192681
2026-03-12T14:45:00+05:30,117.22,117.8,116.8,117.6,311750
2026-03-12T15:00:00+05:30,117.66,117.8,117.01,117.11,410979
2026-03-12T15:15:00+05:30,117.11,117.33,116.2,117.0,791883
2026-03-13T09:15:00+05:30,117.0,118.85,116.42,118.4,1977098
2026-03-13T09:30:00+05:30,118.37,118.94,117.68,117.8,1183453
2026-03-13T09:45:00+05:30,117.79,117.79,116.59,116.7,1019511
2026-03-13T10:00:00+05:30,116.72,116.93,115.77,116.03,575161
2026-03-13T10:15:00+05:30,116.01,116.4,115.7,116.39,393268
2026-03-13T10:30:00+05:30,116.4,116.78,116.1,116.35,309944
2026-03-13T10:45:00+05:30,116.4,117.24,116.1,116.9,255041
2026-03-13T11:00:00+05:30,116.9,116.9,116.29,116.38,124579
2026-03-13T11:15:00+05:30,116.36,116.96,116.11,116.91,128076
2026-03-13T11:30:00+05:30,116.88,117.24,116.7,116.94,171569
2026-03-13T11:45:00+05:30,116.94,116.97,116.23,116.33,137751
2026-03-13T12:00:00+05:30,116.27,116.45,115.7,116.25,658324
2026-03-13T12:15:00+05:30,116.24,116.25,115.17,115.51,317822
2026-03-13T12:30:00+05:30,115.45,115.49,114.75,114.9,439404
2026-03-13T12:45:00+05:30,114.9,115.3,114.83,115.2,105313
2026-03-13T13:00:00+05:30,115.19,115.21,114.7,114.82,145461
2026-03-13T13:15:00+05:30,114.76,115.1,114.56,115.07,167653
2026-03-13T13:30:00+05:30,115.1,115.14,114.8,115.0,185178
2026-03-13T13:45:00+05:30,115.0,115.11,114.56,114.7,272714
2026-03-13T14:00:00+05:30,114.7,115.3,114.67,115.26,267297
2026-03-13T14:15:00+05:30,115.26,115.35,114.93,115.15,225414
2026-03-13T14:30:00+05:30,115.2,115.83,115.11,115.3,215464
2026-03-13T14:45:00+05:30,115.36,115.39,114.7,114.97,443995
2026-03-13T15:00:00+05:30,114.95,114.99,114.21,114.84,763765
2026-03-13T15:15:00+05:30,114.84,115.5,114.59,115.2,854380
2026-03-16T09:15:00+05:30,114.85,115.54,113.05,113.79,905890
2026-03-16T09:30:00+05:30,113.79,114.89,113.59,114.48,461910
2026-03-16T09:45:00+05:30,114.48,115.2,114.23,114.33,330752
2026-03-16T10:00:00+05:30,114.4,114.53,113.43,113.7,251484
2026-03-16T10:15:00+05:30,113.7,113.7,112.66,112.7,365773
2026-03-16T10:30:00+05:30,112.71,113.1,112.65,112.79,249960
2026-03-16T10:45:00+05:30,112.77,112.85,112.07,112.85,425527
2026-03-16T11:00:00+05:30,112.9,113.24,112.51,112.61,211477
2026-03-16T11:15:00+05:30,112.65,114.21,112.57,113.69,502933
2026-03-16T11:30:00+05:30,113.69,113.82,113.15,113.2,121390
2026-03-16T11:45:00+05:30,113.2,113.83,113.2,113.47,135958
2026-03-16T12:00:00+05:30,113.55,114.08,113.5,113.68,208893
2026-03-16T12:15:00+05:30,113.61,113.97,113.43,113.66,132970
2026-03-16T12:30:00+05:30,113.66,113.73,113.15,113.47,102596
2026-03-16T12:45:00+05:30,113.47,113.69,113.09,113.57,114314
2026-03-16T13:00:00+05:30,113.51,113.97,113.12,113.47,289855
2026-03-16T13:15:00+05:30,113.46,113.65,113.32,113.5,89914
2026-03-16T13:30:00+05:30,113.5,114.09,113.5,113.75,231310
2026-03-16T13:45:00+05:30,113.75,113.9,113.57,113.76,141874
2026-03-16T14:00:00+05:30,113.84,114.26,113.7,113.97,204814
2026-03-16T14:15:00+05:30,114.0,115.25,113.81,114.78,487687
2026-03-16T14:30:00+05:30,114.8,115.78,114.65,115.71,394369
2026-03-16T14:45:00+05:30,115.67,116.17,115.51,115.75,477637
2026-03-16T15:00:00+05:30,115.75,115.76,115.03,115.34,519776
2026-03-16T15:15:00+05:30,115.34,115.7,114.31,114.5,578619
2026-03-17T09:15:00+05:30,115.95,115.95,114.0,114.43,584106
2026-03-17T09:30:00+05:30,114.43,115.47,114.21,114.91,472083
2026-03-17T09:45:00+05:30,114.97,115.35,114.52,114.8,279032
2026-03-17T10:00:00+05:30,114.8,115.29,114.76,115.29,224836
2026-03-17T10:15:00+05:30,115.29,115.95,115.22,115.25,290411
2026-03-17T10:30:00+05:30,115.25,115.39,114.75,115.1,184968
2026-03-17T10:45:00+05:30,115.16,115.75,115.09,115.51,163296
2026-03-17T11:00:00+05:30,115.51,115.59,115.22,115.35,111418
2026-03-17T11:15:00+05:30,115.35,115.48,114.7,114.78,166013
2026-03-17T11:30:00+05:30,114.78,115.26,114.78,115.1,104018
2026-03-17T11:45:00+05:30,115.11,115.3,114.72,115.04,115654
2026-03-17T12:00:00+05:30,115.0,115.05,114.81,114.96,88977
2026-03-17T12:15:00+05:30,114.96,114.96,114.4,114.58,265509
2026-03-17T12:30:00+05:30,114.58,114.9,114.4,114.84,114204
2026-03-17T12:45:00+05:30,114.88,115.21,114.85,115.19,135464
2026-03-17T13:00:00+05:30,115.19,115.75,115.19,115.61,220960
2026-03-17T13:15:00+05:30,115.64,116.15,115.51,115.72,309313
2026-03-17T13:30:00+05:30,115.7,116.25,115.61,115.78,141972
2026-03-17T13:45:00+05:30,115.84,115.99,115.62,115.69,130319
2026-03-17T14:00:00+05:30,115.68,116.0,115.65,115.99,126265
2026-03-17T14:15:00+05:30,115.99,116.14,115.51,115.7,231859
2026-03-17T14:30:00+05:30,115.73,116.2,115.59,115.67,248617
2026-03-17T14:45:00+05:30,115.75,116.7,115.55,116.52,408930
2026-03-17T15:00:00+05:30,116.52,116.63,115.9,116.29,457191
2026-03-17T15:15:00+05:30,116.29,116.4,115.9,116.25,480471
2026-03-18T09:15:00+05:30,117.0,117.85,116.5,117.55,741334
2026-03-18T09:30:00+05:30,117.57,117.75,116.81,117.38,621284
2026-03-18T09:45:00+05:30,117.38,117.48,116.77,117.05,289425
2026-03-18T10:00:00+05:30,117.11,117.11,116.4,116.7,274099
2026-03-18T10:15:00+05:30,116.75,117.0,116.65,116.82,165811
2026-03-18T10:30:00+05:30,116.82,116.96,116.7,116.77,82292
2026-03-18T10:45:00+05:30,116.77,117.59,116.71,117.5,303383
2026-03-18T11:00:00+05:30,117.51,117.59,117.21,117.5,177921
2026-03-18T11:15:00+05:30,117.5,117.58,117.28,117.5,117755
2026-03-18T11:30:00+05:30,117.5,117.84,117.4,117.48,175967
2026-03-18T11:45:00+05:30,117.48,117.5,117.1,117.34,135912
2026-03-18T12:00:00+05:30,117.34,117.35,117.06,117.28,135642
2026-03-18T12:15:00+05:30,117.26,117.5,117.05,117.12,102954
2026-03-18T12:30:00+05:30,117.16,117.35,117.05,117.2,84012
2026-03-18T12:45:00+05:30,117.2,117.5,117.12,117.25,118967
2026-03-18T13:00:00+05:30,117.25,117.79,117.2,117.76,111638
2026-03-18T13:15:00+05:30,117.76,119.49,117.7,118.58,1205000
2026-03-18T13:30:00+05:30,118.58,118.79,118.37,118.64,175602
2026-03-18T13:45:00+05:30,118.64,118.9,118.51,118.75,164027
2026-03-18T14:00:00+05:30,118.73,118.75,118.25,118.49,262880
2026-03-18T14:15:00+05:30,118.44,118.65,118.21,118.34,374946
2026-03-18T14:30:00+05:30,118.34,118.35,117.58,117.58,418271
2026-03-18T14:45:00+05:30,117.61,118.18,117.6,118.13,206892
2026-03-18T15:00:00+05:30,118.18,118.33,117.88,118.27,341520
2026-03-18T15:15:00+05:30,118.27,118.27,117.65,117.94,690638
2026-03-19T09:15:00+05:30,116.0,116.52,114.72,116.03,1013398
2026-03-19T09:30:00+05:30,116.0,116.24,115.63,115.75,353489
2026-03-19T09:45:00+05:30,115.69,116.24,115.4,115.85,376814
2026-03-19T10:00:00+05:30,115.89,117.0,115.75,116.61,412891
2026-03-19T10:15:00+05:30,116.57,116.61,116.12,116.26,243563
2026-03-19T10:30:00+05:30,116.2,116.95,116.16,116.94,321933
2026-03-19T10:45:00+05:30,116.89,117.13,116.68,116.8,293959
2026-03-19T11:00:00+05:30,116.79,116.97,116.53,116.79,241683
2026-03-19T11:15:00+05:30,116.8,116.9,116.41,116.41,191164
2026-03-19T11:30:00+05:30,116.48,116.9,116.4,116.8,107270
2026-03-19T11:45:00+05:30,116.78,117.36,116.74,116.99,214470
2026-03-19T12:00:00+05:30,116.99,117.28,116.86,117.28,117570
2026-03-19T12:15:00+05:30,117.27,117.59,117.0,117.27,202885
2026-03-19T12:30:00+05:30,117.27,117.77,117.15,117.42,155122
2026-03-19T12:45:00+05:30,117.44,117.7,117.35,117.55,102812
2026-03-19T13:00:00+05:30,117.5,117.52,116.85,116.97,177802
2026-03-19T13:15:00+05:30,116.93,117.16,116.77,116.79,201059
2026-03-19T13:30:00+05:30,116.79,117.12,116.72,116.9,117533
2026-03-19T13:45:00+05:30,116.9,117.0,116.62,116.7,123859
2026-03-19T14:00:00+05:30,116.73,116.84,116.09,116.19,234601
2026-03-19T14:15:00+05:30,116.14,116.5,116.1,116.27,150563
2026-03-19T14:30:00+05:30,116.28,117.0,116.27,116.95,204702
2026-03-19T14:45:00+05:30,116.99,117.08,115.9,115.95,418738
2026-03-19T15:00:00+05:30,116.0,116.59,115.81,116.13,495893
2026-03-19T15:15:00+05:30,116.1,117.49,116.01,117.45,512716
2026-03-20T09:15:00+05:30,118.0,120.45,117.75,120.27,2270350
2026-03-20T09:30:00+05:30,120.23,120.5,118.65,118.73,1188103
2026-03-20T09:45:00+05:30,118.73,118.99,118.5,118.6,481388
2026-03-20T10:00:00+05:30,118.63,118.69,117.84,118.05,614175
2026-03-20T10:15:00+05:30,118.05,118.12,117.35,117.94,567673
2026-03-20T10:30:00+05:30,117.88,118.45,117.8,118.4,378006
2026-03-20T10:45:00+05:30,118.44,118.56,117.83,118.0,337076
2026-03-20T11:00:00+05:30,117.96,118.0,117.53,117.68,196047
2026-03-20T11:15:00+05:30,117.7,118.45,117.68,118.04,413112
2026-03-20T11:30:00+05:30,118.0,118.4,118.0,118.3,255542
2026-03-20T11:45:00+05:30,118.3,118.39,117.62,117.87,193852
2026-03-20T12:00:00+05:30,117.9,118.0,117.34,117.69,379293
2026-03-20T12:15:00+05:30,117.65,117.69,117.01,117.15,261112
2026-03-20T12:30:00+05:30,117.2,117.87,116.9,117.75,288524
2026-03-20T12:45:00+05:30,117.71,117.85,117.41,117.63,160093
2026-03-20T13:00:00+05:30,117.61,117.89,117.45,117.83,178330
2026-03-20T13:15:00+05:30,117.83,118.05,117.45,117.7,154163
2026-03-20T13:30:00+05:30,117.7,117.9,117.6,117.63,113846
2026-03-20T13:45:00+05:30,117.63,117.79,117.36,117.39,137570
2026-03-20T14:00:00+05:30,117.39,117.75,117.25,117.36,112272
2026-03-20T14:15:00+05:30,117.39,117.45,117.05,117.21,161596
2026-03-20T14:30:00+05:30,117.2,117.35,116.68,116.75,243696
2026-03-20T14:45:00+05:30,116.74,117.5,116.58,117.39,634525
2026-03-20T15:00:00+05:30,117.4,117.44,116.1,116.19,1331179
2026-03-20T15:15:00+05:30,116.19,116.35,115.51,116.28,1531098
2026-03-23T09:15:00+05:30,115.0,115.05,112.91,113.05,1321862
2026-03-23T09:30:00+05:30,113.08,113.9,112.86,113.85,579299
2026-03-23T09:45:00+05:30,113.85,113.85,113.05,113.13,310354
2026-03-23T10:00:00+05:30,113.14,113.14,112.34,112.42,518955
2026-03-23T10:15:00+05:30,112.42,112.48,111.36,111.4,682311
2026-03-23T10:30:00+05:30,111.43,112.18,111.2,111.64,453255
2026-03-23T10:45:00+05:30,111.69,111.79,111.25,111.36,257194
2026-03-23T11:00:00+05:30,111.38,111.89,111.0,111.5,404494
2026-03-23T11:15:00+05:30,111.5,111.94,111.11,111.4,324717
2026-03-23T11:30:00+05:30,111.38,111.64,111.04,111.19,204137
2026-03-23T11:45:00+05:30,111.19,111.48,111.01,111.3,185289
2026-03-23T12:00:00+05:30,111.3,111.63,111.11,111.25,220696
2026-03-23T12:15:00+05:30,111.22,111.24,110.6,110.95,441963
2026-03-23T12:30:00+05:30,110.94,111.22,110.52,110.88,204906
2026-03-23T12:45:00+05:30,110.82,110.95,110.35,110.45,259833
2026-03-23T13:00:00+05:30,110.4,110.42,110.0,110.13,537329
2026-03-23T13:15:00+05:30,110.18,110.58,110.07,110.11,241009
2026-03-23T13:30:00+05:30,110.08,111.25,110.08,111.19,610605
2026-03-23T13:45:00+05:30,111.19,111.55,111.11,111.35,218192
2026-03-23T14:00:00+05:30,111.32,111.64,111.17,111.17,210345
2026-03-23T14:15:00+05:30,111.19,111.54,111.0,111.12,211423
2026-03-23T14:30:00+05:30,111.12,111.25,110.58,111.2,342865
2026-03-23T14:45:00+05:30,111.2,111.51,110.9,111.15,335028
2026-03-23T15:00:00+05:30,111.19,111.19,110.2,110.58,487519
2026-03-23T15:15:00+05:30,110.64,110.85,110.05,110.41,795576
2026-03-24T09:15:00+05:30,113.9,114.24,112.67,114.04,1197556
2026-03-24T09:30:00+05:30,114.02,114.55,113.59,113.65,583284
2026-03-24T09:45:00+05:30,113.64,113.74,113.16,113.37,350928
2026-03-24T10:00:00+05:30,113.35,113.39,112.75,112.82,296491
2026-03-24T10:15:00+05:30,112.89,113.1,112.55,112.55,225363
2026-03-24T10:30:00+05:30,112.55,112.75,111.63,112.15,445287
2026-03-24T10:45:00+05:30,112.17,112.65,111.81,112.32,228501
2026-03-24T11:00:00+05:30,112.32,112.46,111.91,111.99,145733
2026-03-24T11:15:00+05:30,112.0,112.28,111.82,112.0,166160
2026-03-24T11:30:00+05:30,112.0,112.87,111.91,112.81,215499
2026-03-24T11:45:00+05:30,112.81,113.6,112.65,113.31,295372
2026-03-24T12:00:00+05:30,113.34,113.5,113.06,113.25,158102
2026-03-24T12:15:00+05:30,113.2,114.7,113.14,114.17,618204
2026-03-24T12:30:00+05:30,114.1,115.2,114.05,114.88,663020
2026-03-24T12:45:00+05:30,114.91,115.05,114.5,114.77,457358
2026-03-24T13:00:00+05:30,114.7,115.0,114.51,114.69,226205
2026-03-24T13:15:00+05:30,114.68,115.1,114.45,115.07,264835
2026-03-24T13:30:00+05:30,115.0,115.16,114.56,114.95,281655
2026-03-24T13:45:00+05:30,114.95,115.16,114.49,114.7,320556
2026-03-24T14:00:00+05:30,114.73,114.98,114.6,114.9,108878
2026-03-24T14:15:00+05:30,114.9,115.11,114.6,114.83,274023
2026-03-24T14:30:00+05:30,114.83,115.1,114.2,114.41,524986
2026-03-24T14:45:00+05:30,114.41,114.89,114.27,114.78,277975
2026-03-24T15:00:00+05:30,114.76,114.77,114.25,114.39,407615
2026-03-24T15:15:00+05:30,114.39,114.69,114.05,114.51,671616
2026-03-25T09:15:00+05:30,115.46,118.37,115.46,118.2,1553882
2026-03-25T09:30:00+05:30,118.2,118.8,118.0,118.23,892281
2026-03-25T09:45:00+05:30,118.2,118.75,118.15,118.45,433169
2026-03-25T10:00:00+05:30,118.4,119.14,118.26,119.05,651908
2026-03-25T10:15:00+05:30,119.06,119.14,118.54,118.76,438851
2026-03-25T10:30:00+05:30,118.76,119.8,118.69,119.53,814929
2026-03-25T10:45:00+05:30,119.61,119.9,119.35,119.81,596172
2026-03-25T11:00:00+05:30,119.8,120.18,119.8,120.17,756319
2026-03-25T11:15:00+05:30,120.16,120.16,119.19,119.2,397278
2026-03-25T11:30:00+05:30,119.2,119.36,118.9,118.96,424024
2026-03-25T11:45:00+05:30,118.96,119.55,118.95,119.21,636274
2026-03-25T12:00:00+05:30,119.24,119.45,119.15,119.37,129020
2026-03-25T12:15:00+05:30,119.42,119.72,119.24,119.57,350779
2026-03-25T12:30:00+05:30,119.57,119.9,119.46,119.8,251051
2026-03-25T12:45:00+05:30,119.8,119.96,119.26,119.35,253414
2026-03-25T13:00:00+05:30,119.35,120.11,119.27,120.02,532471
2026-03-25T13:15:00+05:30,120.0,120.14,119.8,120.0,326056
2026-03-25T13:30:00+05:30,120.0,120.12,119.8,119.95,402139
2026-03-25T13:45:00+05:30,119.94,120.01,119.75,119.86,291806
2026-03-25T14:00:00+05:30,119.91,120.05,119.65,119.69,252073
2026-03-25T14:15:00+05:30,119.69,119.82,119.2,119.5,432786
2026-03-25T14:30:00+05:30,119.48,119.6,119.25,119.51,315570
2026-03-25T14:45:00+05:30,119.52,119.67,119.3,119.57,343672
2026-03-25T15:00:00+05:30,119.56,119.6,119.12,119.24,733900
2026-03-25T15:15:00+05:30,119.24,119.32,119.0,119.02,684117
2026-03-27T09:15:00+05:30,119.0,119.0,117.0,117.63,2175301
2026-03-27T09:30:00+05:30,117.6,117.75,116.99,117.39,736897
2026-03-27T09:45:00+05:30,117.39,117.45,116.61,116.83,650980
2026-03-27T10:00:00+05:30,116.89,117.1,116.25,116.4,467973
2026-03-27T10:15:00+05:30,116.42,116.45,115.72,115.86,482982
2026-03-27T10:30:00+05:30,115.86,116.11,115.4,115.56,444671
2026-03-27T10:45:00+05:30,115.51,115.57,115.1,115.23,425325
2026-03-27T11:00:00+05:30,115.22,115.5,114.81,115.18,585280
2026-03-27T11:15:00+05:30,115.23,115.24,114.62,114.82,463576
2026-03-27T11:30:00+05:30,114.88,115.32,114.62,114.8,348393
2026-03-27T11:45:00+05:30,114.8,115.38,114.65,115.21,344510
2026-03-27T12:00:00+05:30,115.16,116.31,115.1,116.3,676467
2026-03-27T12:15:00+05:30,116.32,116.33,115.55,115.8,427594
2026-03-27T12:30:00+05:30,115.8,116.14,115.5,116.11,301220
2026-03-27T12:45:00+05:30,116.11,116.43,115.94,116.02,314457
2026-03-27T13:00:00+05:30,116.01,116.06,115.4,116.0,229063
2026-03-27T13:15:00+05:30,116.0,116.4,115.91,116.01,272558
2026-03-27T13:30:00+05:30,116.08,116.46,115.76,116.23,334253
2026-03-27T13:45:00+05:30,116.18,116.24,115.86,115.9,223838
2026-03-27T14:00:00+05:30,115.9,115.98,115.55,115.63,235311
2026-03-27T14:15:00+05:30,115.58,115.6,115.16,115.34,342823
2026-03-27T14:30:00+05:30,115.35,115.6,115.24,115.4,483413
2026-03-27T14:45:00+05:30,115.46,115.5,114.61,114.65,678306
2026-03-27T15:00:00+05:30,114.65,114.7,114.2,114.43,640105
2026-03-27T15:15:00+05:30,114.43,114.71,114.01,114.15,973590
2026-03-30T09:15:00+05:30,113.06,113.94,111.65,112.98,1549192
2026-03-30T09:30:00+05:30,112.96,113.75,112.91,113.6,758514
2026-03-30T09:45:00+05:30,113.62,114.18,113.13,113.34,594431
2026-03-30T10:00:00+05:30,113.34,113.95,112.52,112.94,683516
2026-03-30T10:15:00+05:30,112.94,113.54,112.63,113.16,742299
2026-03-30T10:30:00+05:30,113.15,113.36,112.72,112.95,369201
2026-03-30T10:45:00+05:30,113.01,113.07,112.6,112.6,229708
2026-03-30T11:00:00+05:30,112.6,112.96,112.56,112.84,247202
2026-03-30T11:15:00+05:30,112.87,113.0,112.32,112.5,290619
2026-03-30T11:30:00+05:30,112.5,113.24,112.41,112.5,328727
2026-03-30T11:45:00+05:30,112.5,112.99,112.44,112.77,242357
2026-03-30T12:00:00+05:30,112.78,113.44,112.71,112.9,469609
2026-03-30T12:15:00+05:30,112.92,112.99,112.12,112.27,203611
2026-03-30T12:30:00+05:30,112.24,112.87,112.0,112.64,499710
2026-03-30T12:45:00+05:30,112.64,112.99,112.1,112.45,302553
2026-03-30T13:00:00+05:30,112.41,112.87,112.03,112.5,224713
2026-03-30T13:15:00+05:30,112.56,112.81,111.88,111.9,233854
2026-03-30T13:30:00+05:30,111.97,112.17,110.69,111.0,1116818
2026-03-30T13:45:00+05:30,111.03,111.1,110.45,110.54,484359
2026-03-30T14:00:00+05:30,110.54,111.17,110.32,110.63,668508
2026-03-30T14:15:00+05:30,110.58,110.74,110.35,110.5,335242
2026-03-30T14:30:00+05:30,110.5,110.9,109.85,110.18,990249
2026-03-30T14:45:00+05:30,110.18,110.35,108.87,109.03,977681
2026-03-30T15:00:00+05:30,108.99,109.46,108.65,109.19,1148075
2026-03-30T15:15:00+05:30,109.18,109.25,108.69,108.8,1479001
2026-04-01T09:15:00+05:30,113.97,114.9,111.33,114.85,1920722
2026-04-01T09:30:00+05:30,114.85,114.95,113.78,114.03,901794
2026-04-01T09:45:00+05:30,114.0,114.89,113.88,114.61,453966
2026-04-01T10:00:00+05:30,114.67,114.97,114.24,114.37,365744
2026-04-01T10:15:00+05:30,114.37,114.4,113.5,113.8,534971
2026-04-01T10:30:00+05:30,113.85,114.06,113.26,113.67,299831
2026-04-01T10:45:00+05:30,113.67,113.79,113.3,113.31,108796
2026-04-01T11:00:00+05:30,113.33,113.6,112.82,113.16,236478
2026-04-01T11:15:00+05:30,113.2,113.83,113.11,113.69,138193
2026-04-01T11:30:00+05:30,113.65,114.14,113.65,113.97,292900
2026-04-01T11:45:00+05:30,113.97,114.06,113.3,113.61,180864
2026-04-01T12:00:00+05:30,113.6,114.5,113.59,114.3,212113
2026-04-01T12:15:00+05:30,114.31,114.4,114.07,114.4,86661
2026-04-01T12:30:00+05:30,114.39,114.94,114.35,114.45,284272
2026-04-01T12:45:00+05:30,114.45,114.73,114.38,114.68,187491
2026-04-01T13:00:00+05:30,114.68,114.89,114.53,114.85,154302
2026-04-01T13:15:00+05:30,114.85,115.0,114.2,114.4,279122
2026-04-01T13:30:00+05:30,114.4,114.4,113.24,113.91,351938
2026-04-01T13:45:00+05:30,113.85,114.27,113.69,114.22,229598
2026-04-01T14:00:00+05:30,114.22,114.55,114.05,114.48,156824
2026-04-01T14:15:00+05:30,114.48,114.53,114.18,114.5,108135
2026-04-01T14:30:00+05:30,114.49,114.53,113.76,113.85,325322
2026-04-01T14:45:00+05:30,113.82,113.87,113.35,113.5,606243
2026-04-01T15:00:00+05:30,113.5,113.97,113.38,113.63,353605
2026-04-01T15:15:00+05:30,113.63,114.25,113.45,114.11,694068
2026-04-02T09:15:00+05:30,111.98,112.27,109.85,110.43,1250594
2026-04-02T09:30:00+05:30,110.44,111.1,110.21,110.87,522739
2026-04-02T09:45:00+05:30,110.81,110.87,110.32,110.42,222335
2026-04-02T10:00:00+05:30,110.4,110.67,110.1,110.45,297961
2026-04-02T10:15:00+05:30,110.47,110.51,110.0,110.11,326183
2026-04-02T10:30:00+05:30,110.17,110.48,110.1,110.39,190911
2026-04-02T10:45:00+05:30,110.39,110.9,110.12,110.85,185671
2026-04-02T11:00:00+05:30,110.88,111.12,110.6,110.78,260643
2026-04-02T11:15:00+05:30,110.83,111.34,110.8,111.2,222755
2026-04-02T11:30:00+05:30,111.25,111.64,111.18,111.56,166882
2026-04-02T11:45:00+05:30,111.55,112.12,111.55,111.73,235622
2026-04-02T12:00:00+05:30,111.8,111.86,111.4,111.5,135994
2026-04-02T12:15:00+05:30,111.5,111.59,110.88,111.28,132597
2026-04-02T12:30:00+05:30,111.28,111.79,111.21,111.71,109081
2026-04-02T12:45:00+05:30,111.71,111.99,111.55,111.99,241544
2026-04-02T13:00:00+05:30,111.99,112.19,111.65,111.89,177072
2026-04-02T13:15:00+05:30,111.85,112.64,111.85,112.64,186313
2026-04-02T13:30:00+05:30,112.64,112.87,112.25,112.79,374604
2026-04-02T13:45:00+05:30,112.75,113.14,112.66,113.12,254343
2026-04-02T14:00:00+05:30,113.08,114.49,113.01,114.39,577328
2026-04-02T14:15:00+05:30,114.33,114.7,114.32,114.5,574434
2026-04-02T14:30:00+05:30,114.55,114.9,113.52,113.59,600004
2026-04-02T14:45:00+05:30,113.59,114.17,113.4,114.1,295371
2026-04-02T15:00:00+05:30,114.13,115.3,114.13,115.0,638638
2026-04-02T15:15:00+05:30,115.0,115.25,114.7,114.9,587559
2026-04-06T09:15:00+05:30,114.94,115.29,111.54,112.43,1982914
2026-04-06T09:30:00+05:30,112.4,113.94,112.23,113.16,842384
2026-04-06T09:45:00+05:30,113.16,113.48,112.61,112.98,318771
2026-04-06T10:00:00+05:30,112.95,113.9,112.7,113.9,285686
2026-04-06T10:15:00+05:30,113.9,114.2,113.56,113.83,322099
2026-04-06T10:30:00+05:30,113.79,114.45,113.54,114.38,251314
2026-04-06T10:45:00+05:30,114.43,114.8,114.07,114.24,188226
2026-04-06T11:00:00+05:30,114.22,114.29,113.49,113.72,211276
2026-04-06T11:15:00+05:30,113.72,114.14,113.61,114.07,98630
2026-04-06T11:30:00+05:30,114.1,114.58,113.9,114.2,176064
2026-04-06T11:45:00+05:30,114.2,114.95,114.19,114.61,413527
2026-04-06T12:00:00+05:30,114.63,114.94,114.59,114.67,139079
2026-04-06T12:15:00+05:30,114.61,115.19,114.6,115.15,386771
2026-04-06T12:30:00+05:30,115.17,115.18,114.6,114.92,198091
2026-04-06T12:45:00+05:30,114.92,115.35,114.87,115.3,237204
2026-04-06T13:00:00+05:30,115.32,115.5,114.95,115.2,158800
2026-04-06T13:15:00+05:30,115.24,115.3,114.9,114.93,123446
2026-04-06T13:30:00+05:30,115.0,115.2,114.76,114.77,177776
2026-04-06T13:45:00+05:30,114.81,115.2,114.76,115.2,140266
2026-04-06T14:00:00+05:30,115.17,115.38,114.77,115.2,222991
2026-04-06T14:15:00+05:30,115.15,115.47,115.06,115.2,191913
2026-04-06T14:30:00+05:30,115.27,115.32,115.02,115.11,210912
2026-04-06T14:45:00+05:30,115.17,115.33,114.72,115.09,293363
2026-04-06T15:00:00+05:30,115.09,115.88,115.0,115.8,532829
2026-04-06T15:15:00+05:30,115.8,115.89,115.4,115.68,707995
2026-04-07T09:15:00+05:30,114.6,116.0,113.55,115.65,1183439
2026-04-07T09:30:00+05:30,115.65,115.85,113.9,113.98,661362
2026-04-07T09:45:00+05:30,113.98,114.45,113.91,114.44,350377
2026-04-07T10:00:00+05:30,114.43,114.75,114.4,114.59,217519
2026-04-07T10:15:00+05:30,114.54,115.0,114.39,114.91,250677
2026-04-07T10:30:00+05:30,114.94,115.31,114.57,115.12,256587
2026-04-07T10:45:00+05:30,115.12,115.3,114.55,114.7,160592
2026-04-07T11:00:00+05:30,114.7,114.99,114.54,114.65,122436
2026-04-07T11:15:00+05:30,114.63,114.98,114.62,114.95,194704
2026-04-07T11:30:00+05:30,114.95,115.14,114.65,114.89,75903
2026-04-07T11:45:00+05:30,114.89,115.45,114.81,115.38,180396
2026-04-07T12:00:00+05:30,115.42,115.44,114.89,115.22,122820
2026-04-07T12:15:00+05:30,115.21,115.24,115.05,115.15,68406
2026-04-07T12:30:00+05:30,115.15,115.25,115.02,115.21,55590
2026-04-07T12:45:00+05:30,115.15,115.2,114.9,114.9,58475
2026-04-07T13:00:00+05:30,114.9,115.0,114.8,114.96,84217
2026-04-07T13:15:00+05:30,114.97,115.14,114.81,114.92,79855
2026-04-07T13:30:00+05:30,114.99,115.48,114.94,115.42,146731
2026-04-07T13:45:00+05:30,115.46,115.47,114.95,115.1,118874
2026-04-07T14:00:00+05:30,115.1,115.35,115.02,115.05,159948
2026-04-07T14:15:00+05:30,115.14,115.29,114.96,115.22,180784
2026-04-07T14:30:00+05:30,115.21,115.24,114.86,115.17,81238
2026-04-07T14:45:00+05:30,115.17,115.8,115.02,115.79,448530
2026-04-07T15:00:00+05:30,115.79,116.0,115.48,115.8,489651
2026-04-07T15:15:00+05:30,115.8,115.9,115.23,115.6,502649
2026-04-08T09:15:00+05:30,119.0,120.87,119.0,119.77,1981596
2026-04-08T09:30:00+05:30,119.75,120.69,119.74,120.24,663660
2026-04-08T09:45:00+05:30,120.22,121.29,120.16,120.55,799265
2026-04-08T10:00:00+05:30,120.55,120.94,120.36,120.58,388236
2026-04-08T10:15:00+05:30,120.58,121.1,120.36,120.97,471137
2026-04-08T10:30:00+05:30,120.95,121.65,120.95,121.36,460235
2026-04-08T10:45:00+05:30,121.41,121.64,121.13,121.49,264601
2026-04-08T11:00:00+05:30,121.49,121.68,121.25,121.33,291526
2026-04-08T11:15:00+05:30,121.34,121.8,121.13,121.67,485248
2026-04-08T11:30:00+05:30,121.67,121.8,121.26,121.35,263803
2026-04-08T11:45:00+05:30,121.35,121.65,121.09,121.5,199248
2026-04-08T12:00:00+05:30,121.5,121.9,121.45,121.89,303900
2026-04-08T12:15:00+05:30,121.85,122.15,121.76,121.77,387705
2026-04-08T12:30:00+05:30,121.82,121.86,121.42,121.59,246106
2026-04-08T12:45:00+05:30,121.56,121.6,121.42,121.49,131912
2026-04-08T13:00:00+05:30,121.45,121.5,121.31,121.45,119854
2026-04-08T13:15:00+05:30,121.45,121.68,121.4,121.61,260005
2026-04-08T13:30:00+05:30,121.56,121.82,121.46,121.64,156173
2026-04-08T13:45:00+05:30,121.62,121.75,121.51,121.7,122634
2026-04-08T14:00:00+05:30,121.7,121.75,121.43,121.45,237000
2026-04-08T14:15:00+05:30,121.45,122.14,121.44,122.01,314814
2026-04-08T14:30:00+05:30,122.0,122.48,121.93,122.4,421632
2026-04-08T14:45:00+05:30,122.4,122.6,122.0,122.4,534115
2026-04-08T15:00:00+05:30,122.4,122.59,121.89,122.32,611566
2026-04-08T15:15:00+05:30,122.35,123.0,122.3,122.9,1018315
2026-04-09T09:15:00+05:30,122.0,123.15,120.7,122.75,1464615
2026-04-09T09:30:00+05:30,122.7,122.76,121.0,121.01,813269
2026-04-09T09:45:00+05:30,121.06,121.23,120.41,120.5,733932
2026-04-09T10:00:00+05:30,120.5,121.51,120.31,121.5,338099
2026-04-09T10:15:00+05:30,121.5,122.25,121.24,122.25,623304
2026-04-09T10:30:00+05:30,122.25,123.15,122.21,122.93,565185
2026-04-09T10:45:00+05:30,122.9,123.41,122.87,123.21,488117
2026-04-09T11:00:00+05:30,123.17,123.69,122.81,122.99,613011
2026-04-09T11:15:00+05:30,122.97,123.12,122.64,123.06,293925
2026-04-09T11:30:00+05:30,123.06,123.49,123.03,123.35,271514
2026-04-09T11:45:00+05:30,123.4,123.45,123.11,123.4,221930
2026-04-09T12:00:00+05:30,123.39,123.49,123.17,123.23,205906
2026-04-09T12:15:00+05:30,123.23,123.75,123.23,123.58,405769
2026-04-09T12:30:00+05:30,123.52,123.7,123.26,123.35,379281
2026-04-09T12:45:00+05:30,123.35,123.54,123.02,123.38,199693
2026-04-09T13:00:00+05:30,123.38,123.56,123.23,123.45,185476
2026-04-09T13:15:00+05:30,123.39,123.4,122.9,123.03,398985
2026-04-09T13:30:00+05:30,123.07,123.3,122.65,122.65,209054
2026-04-09T13:45:00+05:30,122.65,122.8,122.35,122.59,361411
2026-04-09T14:00:00+05:30,122.59,122.82,122.46,122.49,236852
2026-04-09T14:15:00+05:30,122.49,122.56,122.15,122.22,183191
2026-04-09T14:30:00+05:30,122.3,122.82,122.1,122.72,309215
2026-04-09T14:45:00+05:30,122.76,122.99,122.57,122.87,169610
2026-04-09T15:00:00+05:30,122.91,123.45,122.65,123.33,444276
2026-04-09T15:15:00+05:30,123.33,123.4,122.7,122.95,658907
2026-04-10T09:15:00+05:30,124.0,125.6,123.74,125.2,1451252
2026-04-10T09:30:00+05:30,125.2,126.65,125.1,125.29,1386781
2026-04-10T09:45:00+05:30,125.28,125.5,125.03,125.31,456883
2026-04-10T10:00:00+05:30,125.35,125.4,123.65,124.68,952844
2026-04-10T10:15:00+05:30,124.68,124.88,124.5,124.61,253375
2026-04-10T10:30:00+05:30,124.62,124.8,124.39,124.59,215310
2026-04-10T10:45:00+05:30,124.59,124.64,124.15,124.54,423143
2026-04-10T11:00:00+05:30,124.54,124.54,124.16,124.2,185177
2026-04-10T11:15:00+05:30,124.2,124.23,123.75,123.82,233397
2026-04-10T11:30:00+05:30,123.82,124.0,123.8,123.91,188295
2026-04-10T11:45:00+05:30,123.94,124.1,123.55,124.06,322309
2026-04-10T12:00:00+05:30,124.07,124.3,123.99,124.3,98110
2026-04-10T12:15:00+05:30,124.25,124.45,124.06,124.25,133676
2026-04-10T12:30:00+05:30,124.27,124.38,124.06,124.11,182100
2026-04-10T12:45:00+05:30,124.11,124.3,124.02,124.24,136822
2026-04-10T13:00:00+05:30,124.24,124.41,124.22,124.35,102145
2026-04-10T13:15:00+05:30,124.35,124.37,124.1,124.18,82554
2026-04-10T13:30:00+05:30,124.17,124.39,124.06,124.39,109450
2026-04-10T13:45:00+05:30,124.39,124.39,124.02,124.2,99507
2026-04-10T14:00:00+05:30,124.19,124.24,123.75,123.95,222857
2026-04-10T14:15:00+05:30,123.91,123.91,123.12,123.22,562363
2026-04-10T14:30:00+05:30,123.22,123.49,123.13,123.49,215633
2026-04-10T14:45:00+05:30,123.45,123.67,123.3,123.63,234346
2026-04-10T15:00:00+05:30,123.62,123.8,123.45,123.68,481768
2026-04-10T15:15:00+05:30,123.74,123.98,123.5,123.9,735674
2026-04-13T09:15:00+05:30,120.05,120.84,118.38,120.1,1503927
2026-04-13T09:30:00+05:30,120.05,120.6,119.51,119.94,618278
2026-04-13T09:45:00+05:30,120.0,120.9,119.91,120.79,355818
2026-04-13T10:00:00+05:30,120.79,121.32,120.46,120.93,500367
2026-04-13T10:15:00+05:30,120.99,122.3,120.7,122.1,566491
2026-04-13T10:30:00+05:30,122.11,122.3,121.35,121.7,407028
2026-04-13T10:45:00+05:30,121.66,122.72,121.66,122.68,298224
2026-04-13T11:00:00+05:30,122.72,122.72,122.4,122.63,179982
2026-04-13T11:15:00+05:30,122.67,123.68,122.63,123.18,397533
2026-04-13T11:30:00+05:30,123.11,123.45,123.0,123.2,185065
2026-04-13T11:45:00+05:30,123.19,123.35,123.0,123.1,164209
2026-04-13T12:00:00+05:30,123.1,123.41,122.97,123.15,169215
2026-04-13T12:15:00+05:30,123.15,123.45,123.0,123.41,137804
2026-04-13T12:30:00+05:30,123.45,123.7,123.36,123.6,313401
2026-04-13T12:45:00+05:30,123.61,124.1,123.31,123.7,563079
2026-04-13T13:00:00+05:30,123.63,123.67,123.13,123.3,301033
2026-04-13T13:15:00+05:30,123.32,123.44,123.15,123.24,115813
2026-04-13T13:30:00+05:30,123.29,123.49,123.24,123.38,139219
2026-04-13T13:45:00+05:30,123.37,123.88,123.24,123.84,258234
2026-04-13T14:00:00+05:30,123.84,123.88,123.28,123.53,154089
2026-04-13T14:15:00+05:30,123.53,123.69,123.31,123.59,84064
2026-04-13T14:30:00+05:30,123.58,123.81,123.49,123.55,146122
2026-04-13T14:45:00+05:30,123.53,123.76,123.37,123.46,235606
2026-04-13T15:00:00+05:30,123.49,123.5,122.81,123.37,436878
2026-04-13T15:15:00+05:30,123.38,123.55,123.2,123.45,727090
2026-04-15T09:15:00+05:30,125.65,126.82,125.0,125.93,1522121
2026-04-15T09:30:00+05:30,125.93,126.45,125.52,126.31,640946
2026-04-15T09:45:00+05:30,126.39,126.59,126.0,126.3,510731
2026-04-15T10:00:00+05:30,126.3,126.39,125.95,126.2,406110
2026-04-15T10:15:00+05:30,126.2,126.49,126.18,126.38,296331
2026-04-15T10:30:00+05:30,126.42,127.0,126.28,126.36,554366
2026-04-15T10:45:00+05:30,126.34,126.54,126.15,126.43,256914
2026-04-15T11:00:00+05:30,126.43,126.5,126.2,126.31,196183
2026-04-15T11:15:00+05:30,126.31,126.64,126.2,126.35,213120
2026-04-15T11:30:00+05:30,126.36,126.52,126.23,126.35,142455
2026-04-15T11:45:00+05:30,126.35,126.37,126.12,126.18,116238
2026-04-15T12:00:00+05:30,126.19,126.65,126.18,126.5,181086
2026-04-15T12:15:00+05:30,126.5,126.57,126.37,126.54,129475
2026-04-15T12:30:00+05:30,126.54,126.54,126.3,126.41,105156
2026-04-15T12:45:00+05:30,126.41,126.5,126.25,126.35,151842
2026-04-15T13:00:00+05:30,126.35,126.45,126.25,126.44,157789
2026-04-15T13:15:00+05:30,126.42,127.19,126.29,126.49,873323
2026-04-15T13:30:00+05:30,126.44,126.9,126.41,126.87,383090
2026-04-15T13:45:00+05:30,126.87,126.87,126.51,126.63,152168
2026-04-15T14:00:00+05:30,126.68,126.78,126.5,126.54,222170
2026-04-15T14:15:00+05:30,126.55,126.63,126.42,126.57,156525
2026-04-15T14:30:00+05:30,126.57,126.85,126.4,126.7,316514
2026-04-15T14:45:00+05:30,126.72,127.01,126.52,127.01,638411
2026-04-15T15:00:00+05:30,127.01,127.05,126.36,126.43,555437
2026-04-15T15:15:00+05:30,126.43,126.55,126.01,126.49,898400
2026-04-16T09:15:00+05:30,128.5,130.2,128.39,128.45,3650519
2026-04-16T09:30:00+05:30,128.45,128.58,127.5,127.55,1355685
2026-04-16T09:45:00+05:30,127.58,128.1,127.1,127.11,814061
2026-04-16T10:00:00+05:30,127.15,127.88,127.1,127.4,434603
2026-04-16T10:15:00+05:30,127.4,128.1,127.2,127.97,328000
2026-04-16T10:30:00+05:30,127.97,128.6,127.93,128.47,365032
2026-04-16T10:45:00+05:30,128.46,129.35,128.46,129.2,917482
2026-04-16T11:00:00+05:30,129.18,129.92,129.15,129.67,1042569
2026-04-16T11:15:00+05:30,129.67,130.39,129.61,130.22,1234040
2026-04-16T11:30:00+05:30,130.25,130.69,129.36,129.43,1545197
2026-04-16T11:45:00+05:30,129.4,129.4,128.4,128.6,722716
2026-04-16T12:00:00+05:30,128.56,128.9,128.27,128.69,408756
2026-04-16T12:15:00+05:30,128.68,129.0,128.54,128.94,263339
2026-04-16T12:30:00+05:30,128.94,129.09,128.6,128.74,215282
2026-04-16T12:45:00+05:30,128.74,129.0,128.55,128.72,187739
2026-04-16T13:00:00+05:30,128.74,128.77,128.3,128.36,234816
2026-04-16T13:15:00+05:30,128.43,128.47,128.1,128.3,171090
2026-04-16T13:30:00+05:30,128.3,128.55,128.25,128.4,150015
2026-04-16T13:45:00+05:30,128.41,128.93,128.35,128.83,173516
2026-04-16T14:00:00+05:30,128.89,128.93,128.47,128.73,147126
2026-04-16T14:15:00+05:30,128.67,129.0,128.6,128.99,261031
2026-04-16T14:30:00+05:30,128.99,129.48,128.92,129.3,344421
2026-04-16T14:45:00+05:30,129.32,129.94,129.32,129.75,517514
2026-04-16T15:00:00+05:30,129.75,129.81,129.09,129.59,576337
2026-04-16T15:15:00+05:30,129.59,129.64,129.0,129.39,1351475
2026-04-17T09:15:00+05:30,129.95,131.8,129.2,131.62,2086154
2026-04-17T09:30:00+05:30,131.62,132.1,131.01,131.44,1594402
2026-04-17T09:45:00+05:30,131.36,131.95,131.3,131.86,601857
2026-04-17T10:00:00+05:30,131.89,132.99,131.3,132.98,1801025
2026-04-17T10:15:00+05:30,132.98,134.2,132.91,133.95,2465518
2026-04-17T10:30:00+05:30,134.0,134.1,132.7,133.1,1475705
2026-04-17T10:45:00+05:30,133.09,133.88,133.03,133.85,583901
2026-04-17T11:00:00+05:30,133.8,133.87,133.23,133.75,432819
2026-04-17T11:15:00+05:30,133.75,133.95,133.62,133.75,279332
2026-04-17T11:30:00+05:30,133.75,133.78,133.43,133.73,291778
2026-04-17T11:45:00+05:30,133.7,133.89,133.23,133.3,269710
2026-04-17T12:00:00+05:30,133.32,133.37,132.81,133.09,450715
2026-04-17T12:15:00+05:30,133.09,133.4,133.03,133.06,200384
2026-04-17T12:30:00+05:30,133.06,133.29,133.0,133.11,195960
2026-04-17T12:45:00+05:30,133.06,133.31,133.01,133.15,150356
2026-04-17T13:00:00+05:30,133.15,133.2,132.84,132.9,243857
2026-04-17T13:15:00+05:30,132.9,133.62,132.85,133.1,322965
2026-04-17T13:30:00+05:30,133.1,133.16,132.96,133.06,109040
2026-04-17T13:45:00+05:30,133.04,133.15,133.0,133.06,120268
2026-04-17T14:00:00+05:30,133.06,133.2,132.75,132.8,328108
2026-04-17T14:15:00+05:30,132.8,132.92,132.4,132.65,381647
2026-04-17T14:30:00+05:30,132.71,133.05,132.6,132.95,259997
2026-04-17T14:45:00+05:30,132.93,133.09,132.75,132.85,353511
2026-04-17T15:00:00+05:30,132.88,133.1,132.5,133.02,931314
2026-04-17T15:15:00+05:30,133.01,133.43,132.9,133.01,1154691
2026-04-20T09:15:00+05:30,133.49,133.49,129.65,131.34,2788608
2026-04-20T09:30:00+05:30,131.34,131.58,130.11,130.11,862271
2026-04-20T09:45:00+05:30,130.16,130.77,129.91,130.5,623594
2026-04-20T10:00:00+05:30,130.5,131.3,130.45,131.17,408105
2026-04-20T10:15:00+05:30,131.12,131.67,131.1,131.63,291420
2026-04-20T10:30:00+05:30,131.63,132.2,131.38,132.05,389033
2026-04-20T10:45:00+05:30,132.05,132.05,131.62,132.0,281620
2026-04-20T11:00:00+05:30,132.0,132.07,131.2,131.32,306038
2026-04-20T11:15:00+05:30,131.29,131.68,131.27,131.6,148257
2026-04-20T11:30:00+05:30,131.6,131.69,131.45,131.54,170512
2026-04-20T11:45:00+05:30,131.55,131.65,131.43,131.49,117722
2026-04-20T12:00:00+05:30,131.49,131.6,131.26,131.29,179700
2026-04-20T12:15:00+05:30,131.3,131.79,131.22,131.75,117381
2026-04-20T12:30:00+05:30,131.75,131.95,131.6,131.77,137778
2026-04-20T12:45:00+05:30,131.77,132.0,131.7,131.88,172812
2026-04-20T13:00:00+05:30,131.88,131.9,131.22,131.48,268557
2026-04-20T13:15:00+05:30,131.48,131.5,130.66,130.91,269652
2026-04-20T13:30:00+05:30,130.96,131.05,130.71,130.86,164375
2026-04-20T13:45:00+05:30,130.89,130.94,130.61,130.73,134235
2026-04-20T14:00:00+05:30,130.7,130.72,130.5,130.6,179730
2026-04-20T14:15:00+05:30,130.57,130.97,130.56,130.93,148097
2026-04-20T14:30:00+05:30,130.93,130.93,130.7,130.8,118443
2026-04-20T14:45:00+05:30,130.8,130.82,130.62,130.76,196315
2026-04-20T15:00:00+05:30,130.76,130.77,130.3,130.3,437062
2026-04-20T15:15:00+05:30,130.32,130.34,129.5,129.8,705248
2026-04-21T09:15:00+05:30,130.01,131.39,130.01,130.85,944104
2026-04-21T09:30:00+05:30,130.9,131.15,129.91,130.3,646918
2026-04-21T09:45:00+05:30,130.31,131.05,130.27,130.51,343641
2026-04-21T10:00:00+05:30,130.5,130.63,130.31,130.51,272528
2026-04-21T10:15:00+05:30,130.55,130.65,130.1,130.15,227014
2026-04-21T10:30:00+05:30,130.15,130.43,130.1,130.29,214120
2026-04-21T10:45:00+05:30,130.29,130.4,130.21,130.25,135117
2026-04-21T11:00:00+05:30,130.25,130.42,130.02,130.41,189313
2026-04-21T11:15:00+05:30,130.41,130.46,130.05,130.15,175780
2026-04-21T11:30:00+05:30,130.15,130.17,129.81,129.89,275836
2026-04-21T11:45:00+05:30,129.89,130.01,129.72,129.98,210321
2026-04-21T12:00:00+05:30,129.98,130.0,129.61,129.71,329252
2026-04-21T12:15:00+05:30,129.71,129.85,129.61,129.65,298887
2026-04-21T12:30:00+05:30,129.65,129.85,129.54,129.8,138425
2026-04-21T12:45:00+05:30,129.81,129.81,129.55,129.73,123220
2026-04-21T13:00:00+05:30,129.8,129.82,129.61,129.77,80742
2026-04-21T13:15:00+05:30,129.77,130.09,129.77,129.91,221808
2026-04-21T13:30:00+05:30,129.95,130.03,129.6,129.6,130364
2026-04-21T13:45:00+05:30,129.6,129.78,129.6,129.75,128883
2026-04-21T14:00:00+05:30,129.71,129.75,129.0,129.06,538810
2026-04-21T14:15:00+05:30,129.06,129.29,128.91,129.2,242535
2026-04-21T14:30:00+05:30,129.22,129.25,128.8,129.04,224408
2026-04-21T14:45:00+05:30,129.0,129.06,128.87,128.95,168687
2026-04-21T15:00:00+05:30,128.95,129.12,128.81,128.97,390859
2026-04-21T15:15:00+05:30,128.98,129.03,128.55,128.98,711248
2026-04-22T09:15:00+05:30,128.86,129.95,128.68,129.39,1024100
2026-04-22T09:30:00+05:30,129.32,131.21,129.21,130.8,961804
2026-04-22T09:45:00+05:30,130.85,130.99,130.0,130.07,469058
2026-04-22T10:00:00+05:30,130.07,131.62,129.8,131.6,840167
2026-04-22T10:15:00+05:30,131.6,132.3,131.4,132.24,815702
2026-04-22T10:30:00+05:30,132.25,134.81,132.01,134.13,3919475
2026-04-22T10:45:00+05:30,134.14,134.44,133.7,133.9,1532241
2026-04-22T11:00:00+05:30,133.9,134.1,133.7,134.03,726273
2026-04-22T11:15:00+05:30,134.03,134.33,133.93,134.21,564126
2026-04-22T11:30:00+05:30,134.25,134.48,134.21,134.41,516155
2026-04-22T11:45:00+05:30,134.45,135.2,134.36,135.1,1724960
2026-04-22T12:00:00+05:30,135.14,135.18,134.78,134.9,723831
2026-04-22T12:15:00+05:30,134.9,136.0,134.64,135.8,1980490
2026-04-22T12:30:00+05:30,135.8,139.5,135.75,138.4,6721490
2026-04-22T12:45:00+05:30,138.42,140.72,137.9,140.2,7884104
2026-04-22T13:00:00+05:30,140.15,140.26,139.25,139.53,3864726
2026-04-22T13:15:00+05:30,139.42,140.08,139.0,139.64,3160975
2026-04-22T13:30:00+05:30,139.64,141.44,139.6,140.93,5812987
2026-04-22T13:45:00+05:30,140.83,141.7,140.5,141.45,4488986
2026-04-22T14:00:00+05:30,141.43,142.85,141.01,141.36,11123659
2026-04-22T14:15:00+05:30,141.39,141.52,140.45,140.59,3235704
2026-04-22T14:30:00+05:30,140.59,141.0,140.5,140.71,1821258
2026-04-22T14:45:00+05:30,140.71,140.87,140.45,140.6,1782989
2026-04-22T15:00:00+05:30,140.54,140.87,139.57,140.25,3836153
2026-04-22T15:15:00+05:30,140.27,141.2,140.12,140.69,3686971
2026-04-23T09:15:00+05:30,140.4,141.94,138.9,141.01,5989074
2026-04-23T09:30:00+05:30,141.01,141.03,138.85,138.97,2159356
2026-04-23T09:45:00+05:30,138.97,139.79,138.8,139.15,1393959
2026-04-23T10:00:00+05:30,139.13,139.16,137.8,138.08,1330772
2026-04-23T10:15:00+05:30,138.08,138.22,137.73,138.07,593160
2026-04-23T10:30:00+05:30,138.07,138.1,137.43,137.64,707706
2026-04-23T10:45:00+05:30,137.64,137.86,137.18,137.56,983416
2026-04-23T11:00:00+05:30,137.57,138.18,137.4,137.67,493496
2026-04-23T11:15:00+05:30,137.67,137.67,137.0,137.36,477782
2026-04-23T11:30:00+05:30,137.34,137.61,137.12,137.45,274307
2026-04-23T11:45:00+05:30,137.45,137.9,137.08,137.87,373695
2026-04-23T12:00:00+05:30,137.87,138.38,137.8,137.98,525462
2026-04-23T12:15:00+05:30,137.92,138.15,137.26,137.32,325038
2026-04-23T12:30:00+05:30,137.31,137.54,137.05,137.33,323161
2026-04-23T12:45:00+05:30,137.33,137.85,137.2,137.8,219117
2026-04-23T13:00:00+05:30,137.79,138.49,137.77,138.49,405454
2026-04-23T13:15:00+05:30,138.47,138.78,138.41,138.64,392683
2026-04-23T13:30:00+05:30,138.63,138.64,138.03,138.31,270847
2026-04-23T13:45:00+05:30,138.31,138.6,138.12,138.49,331486
2026-04-23T14:00:00+05:30,138.54,138.58,137.85,137.88,319559
2026-04-23T14:15:00+05:30,137.9,138.14,137.38,137.5,452720
2026-04-23T14:30:00+05:30,137.5,137.92,137.29,137.75,338618
2026-04-23T14:45:00+05:30,137.74,138.2,137.5,137.73,504095
2026-04-23T15:00:00+05:30,137.76,138.1,137.66,137.82,627331
2026-04-23T15:15:00+05:30,137.8,137.85,137.0,137.29,1347969
2026-04-24T09:15:00+05:30,137.5,138.64,136.71,137.29,1682004
2026-04-24T09:30:00+05:30,137.28,138.0,136.05,136.64,1116606
2026-04-24T09:45:00+05:30,136.64,136.67,135.84,136.25,681627
2026-04-24T10:00:00+05:30,136.22,137.46,136.17,136.6,700689
2026-04-24T10:15:00+05:30,136.6,136.74,135.81,135.88,323391
2026-04-24T10:30:00+05:30,135.85,135.99,135.41,135.49,342234
2026-04-24T10:45:00+05:30,135.43,135.5,134.81,134.92,486747
2026-04-24T11:00:00+05:30,134.92,134.98,134.27,134.33,430468
2026-04-24T11:15:00+05:30,134.33,134.89,134.16,134.69,288675
2026-04-24T11:30:00+05:30,134.69,135.1,134.62,134.99,273425
2026-04-24T11:45:00+05:30,134.99,135.02,134.39,134.55,174453
2026-04-24T12:00:00+05:30,134.55,135.3,134.41,135.25,192878
2026-04-24T12:15:00+05:30,135.29,135.6,134.67,135.12,317012
2026-04-24T12:30:00+05:30,135.1,135.24,134.76,134.76,147809
2026-04-24T12:45:00+05:30,134.75,135.49,134.73,135.33,166637
2026-04-24T13:00:00+05:30,135.33,135.33,134.8,134.85,130603
2026-04-24T13:15:00+05:30,134.91,135.25,134.61,135.13,137052
2026-04-24T13:30:00+05:30,135.07,135.13,134.51,134.58,119225
2026-04-24T13:45:00+05:30,134.58,135.36,134.5,135.19,259490
2026-04-24T14:00:00+05:30,135.19,135.49,135.0,135.47,352385
2026-04-24T14:15:00+05:30,135.43,135.96,135.35,135.96,401891
2026-04-24T14:30:00+05:30,135.96,136.4,135.8,136.08,388441
2026-04-24T14:45:00+05:30,136.08,136.22,135.82,135.96,299580
2026-04-24T15:00:00+05:30,136.05,136.05,135.35,135.87,506181
2026-04-24T15:15:00+05:30,135.88,136.48,135.65,136.22,1072587
