datetime,open,high,low,close,volume
2025-11-10T10:00:00+05:30,394.0,401.0,356.1,397.4,36439772
2025-11-10T10:15:00+05:30,397.4,404.0,395.35,401.7,12216637
2025-11-10T10:30:00+05:30,401.7,404.9,392.15,401.3,6968177
2025-11-10T10:45:00+05:30,401.3,404.0,399.6,402.25,3557709
2025-11-10T11:00:00+05:30,402.0,402.6,401.0,402.2,1682558
2025-11-10T11:15:00+05:30,402.1,409.9,402.1,408.6,8119256
2025-11-10T11:30:00+05:30,408.4,412.0,408.05,411.3,4311611
2025-11-10T11:45:00+05:30,411.2,413.75,406.15,407.3,4578906
2025-11-10T12:00:00+05:30,407.2,411.95,403.15,411.1,3974354
2025-11-10T12:15:00+05:30,411.1,411.3,407.25,408.6,1700296
2025-11-10T12:30:00+05:30,408.7,409.0,403.5,407.85,2225241
2025-11-10T12:45:00+05:30,407.8,408.0,404.0,404.95,1356978
2025-11-10T13:00:00+05:30,404.9,406.0,404.0,404.55,1443503
2025-11-10T13:15:00+05:30,404.55,405.95,404.3,405.0,1289897
2025-11-10T13:30:00+05:30,405.15,405.85,404.8,405.3,1007757
2025-11-10T13:45:00+05:30,405.4,405.5,398.6,402.2,3386709
2025-11-10T14:00:00+05:30,402.0,405.45,401.6,405.0,1672244
2025-11-10T14:15:00+05:30,404.95,405.0,403.35,404.05,1343675
2025-11-10T14:30:00+05:30,404.0,404.45,401.3,401.95,1383546
2025-11-10T14:45:00+05:30,401.95,404.0,400.0,401.75,2263086
2025-11-10T15:00:00+05:30,401.75,404.9,400.05,402.6,4655803
2025-11-10T15:15:00+05:30,402.6,405.0,401.8,404.55,5280809
2025-11-11T09:15:00+05:30,401.0,413.45,400.0,408.65,3907238
2025-11-11T09:30:00+05:30,408.65,412.75,408.25,412.0,2132143
2025-11-11T09:45:00+05:30,412.2,414.75,409.35,411.55,2350650
2025-11-11T10:00:00+05:30,411.3,412.0,409.35,411.0,480874
2025-11-11T10:15:00+05:30,411.0,411.25,409.0,410.2,367370
2025-11-11T10:30:00+05:30,410.1,410.65,409.8,410.05,274175
2025-11-11T10:45:00+05:30,410.05,412.0,409.8,410.9,702294
2025-11-11T11:00:00+05:30,410.9,411.2,409.8,410.1,288624
2025-11-11T11:15:00+05:30,410.05,410.5,407.2,407.8,668710
2025-11-11T11:30:00+05:30,407.85,410.8,407.05,410.25,498390
2025-11-11T11:45:00+05:30,410.3,410.4,409.0,409.95,239604
2025-11-11T12:00:00+05:30,409.95,410.4,409.4,410.0,192873
2025-11-11T12:15:00+05:30,410.0,410.25,409.0,410.05,174330
2025-11-11T12:30:00+05:30,410.05,410.2,409.0,410.05,264151
2025-11-11T12:45:00+05:30,410.05,410.25,408.75,409.95,592238
2025-11-11T13:00:00+05:30,409.95,414.0,409.85,411.1,864522
2025-11-11T13:15:00+05:30,411.15,412.0,410.8,411.65,282404
2025-11-11T13:30:00+05:30,411.65,412.0,410.95,411.65,246580
2025-11-11T13:45:00+05:30,411.65,414.0,411.4,413.25,894337
2025-11-11T14:00:00+05:30,413.25,417.0,413.1,415.15,2006124
2025-11-11T14:15:00+05:30,415.15,416.25,411.2,412.6,1246826
2025-11-11T14:30:00+05:30,412.7,414.8,412.5,414.45,547515
2025-11-11T14:45:00+05:30,414.5,415.0,413.4,414.85,515124
2025-11-11T15:00:00+05:30,414.7,417.25,414.0,416.0,1059211
2025-11-11T15:15:00+05:30,415.85,417.9,411.1,413.75,2197950
2025-11-12T09:15:00+05:30,415.0,418.5,413.25,414.95,783200
2025-11-12T09:30:00+05:30,414.75,415.25,412.0,412.3,679605
2025-11-12T09:45:00+05:30,412.2,412.55,411.05,411.25,492308
2025-11-12T10:00:00+05:30,411.25,411.75,408.05,410.05,627547
2025-11-12T10:15:00+05:30,410.05,411.8,409.35,410.0,338321
2025-11-12T10:30:00+05:30,410.0,410.2,408.6,409.1,227470
2025-11-12T10:45:00+05:30,409.1,409.45,408.2,408.45,264264
2025-11-12T11:00:00+05:30,408.4,410.0,408.3,409.8,158706
2025-11-12T11:15:00+05:30,409.8,410.0,409.0,409.95,175952
2025-11-12T11:30:00+05:30,409.95,413.9,409.35,411.0,428501
2025-11-12T11:45:00+05:30,411.15,413.4,410.5,413.35,185745
2025-11-12T12:00:00+05:30,413.35,414.9,412.7,414.7,250362
2025-11-12T12:15:00+05:30,414.75,414.9,413.55,414.75,153630
2025-11-12T12:30:00+05:30,414.75,417.4,413.65,416.7,417584
2025-11-12T12:45:00+05:30,416.6,416.85,415.6,416.45,188473
2025-11-12T13:00:00+05:30,416.5,416.5,415.1,415.4,162850
2025-11-12T13:15:00+05:30,415.4,415.85,414.4,415.5,145543
2025-11-12T13:30:00+05:30,415.5,416.0,415.05,415.25,125208
2025-11-12T13:45:00+05:30,415.25,415.5,414.7,415.05,185044
2025-11-12T14:00:00+05:30,415.05,415.3,414.8,414.9,200251
2025-11-12T14:15:00+05:30,414.9,415.85,414.9,415.35,180295
2025-11-12T14:30:00+05:30,415.35,417.6,415.3,417.1,334465
2025-11-12T14:45:00+05:30,417.1,417.3,415.25,416.1,178759
2025-11-12T15:00:00+05:30,416.1,421.7,416.05,418.95,1100071
2025-11-12T15:15:00+05:30,418.95,425.25,418.7,423.5,1108342
2025-11-13T09:15:00+05:30,421.2,429.0,421.2,423.2,727166
2025-11-13T09:30:00+05:30,423.1,423.8,413.25,414.0,845757
2025-11-13T09:45:00+05:30,414.1,416.5,414.0,415.3,254543
2025-11-13T10:00:00+05:30,415.2,415.6,414.2,414.65,176231
2025-11-13T10:15:00+05:30,414.7,414.8,414.0,414.55,128182
2025-11-13T10:30:00+05:30,414.5,414.75,413.15,413.75,142220
2025-11-13T10:45:00+05:30,413.8,414.3,412.5,413.4,283260
2025-11-13T11:00:00+05:30,413.4,414.0,413.15,413.5,73956
2025-11-13T11:15:00+05:30,413.5,413.65,412.25,412.95,136427
2025-11-13T11:30:00+05:30,412.9,413.45,412.75,413.05,58492
2025-11-13T11:45:00+05:30,413.1,416.2,413.05,414.9,206161
2025-11-13T12:00:00+05:30,415.0,415.2,414.15,414.55,102336
2025-11-13T12:15:00+05:30,414.55,414.8,413.75,414.0,71684
2025-11-13T12:30:00+05:30,414.0,414.6,413.65,413.9,63973
2025-11-13T12:45:00+05:30,414.05,415.55,413.5,415.0,74825
2025-11-13T13:00:00+05:30,414.95,415.2,414.9,415.0,44300
2025-11-13T13:15:00+05:30,415.05,415.1,414.9,415.05,44064
2025-11-13T13:30:00+05:30,415.05,415.45,414.6,415.1,51877
2025-11-13T13:45:00+05:30,415.05,415.3,415.0,415.0,142570
2025-11-13T14:00:00+05:30,415.0,415.05,406.05,407.65,588458
2025-11-13T14:15:00+05:30,407.6,408.85,403.0,406.7,360639
2025-11-13T14:30:00+05:30,406.7,406.7,401.15,403.85,272063
2025-11-13T14:45:00+05:30,403.9,404.3,400.45,401.45,248036
2025-11-13T15:00:00+05:30,401.45,401.95,397.0,400.05,969180
2025-11-13T15:15:00+05:30,400.0,402.0,399.85,400.45,842319
2025-11-14T09:15:00+05:30,399.05,404.5,397.5,402.25,394309
2025-11-14T09:30:00+05:30,402.4,402.4,397.95,399.5,427541
2025-11-14T09:45:00+05:30,399.5,399.5,392.0,394.55,1288907
2025-11-14T10:00:00+05:30,394.55,395.5,391.3,391.95,358547
2025-11-14T10:15:00+05:30,392.1,396.9,388.7,394.35,680101
2025-11-14T10:30:00+05:30,394.35,394.35,391.4,392.6,153991
2025-11-14T10:45:00+05:30,392.5,398.55,392.05,396.8,271063
2025-11-14T11:00:00+05:30,396.8,403.7,395.2,402.0,572360
2025-11-14T11:15:00+05:30,402.0,403.0,399.7,402.0,449043
2025-11-14T11:30:00+05:30,402.0,403.0,401.25,402.0,298648
2025-11-14T11:45:00+05:30,402.0,405.55,401.75,403.5,271905
2025-11-14T12:00:00+05:30,403.6,403.65,401.9,402.6,151107
2025-11-14T12:15:00+05:30,402.6,403.5,400.7,402.95,182308
2025-11-14T12:30:00+05:30,402.8,405.5,402.45,404.6,164928
2025-11-14T12:45:00+05:30,404.65,407.5,402.65,407.5,220417
2025-11-14T13:00:00+05:30,407.3,410.5,405.55,406.5,704644
2025-11-14T13:15:00+05:30,406.35,407.0,403.3,404.75,172572
2025-11-14T13:30:00+05:30,404.75,404.9,401.25,403.25,240950
2025-11-14T13:45:00+05:30,403.2,403.45,402.4,403.0,234899
2025-11-14T14:00:00+05:30,402.95,405.4,402.6,404.75,195391
2025-11-14T14:15:00+05:30,404.8,405.05,402.9,403.85,146485
2025-11-14T14:30:00+05:30,403.9,405.3,402.6,404.7,203911
2025-11-14T14:45:00+05:30,404.7,405.0,403.15,404.55,172828
2025-11-14T15:00:00+05:30,404.5,410.0,404.5,409.55,637665
2025-11-14T15:15:00+05:30,409.35,411.0,407.05,408.25,646946
2025-11-17T09:15:00+05:30,409.05,411.5,408.3,409.5,245273
2025-11-17T09:30:00+05:30,409.4,417.5,408.75,416.0,438754
2025-11-17T09:45:00+05:30,416.0,418.0,413.55,417.3,328885
2025-11-17T10:00:00+05:30,417.15,418.25,415.15,415.95,246315
2025-11-17T10:15:00+05:30,415.95,418.15,415.75,416.85,191588
2025-11-17T10:30:00+05:30,416.9,417.9,415.4,416.9,129235
2025-11-17T10:45:00+05:30,416.9,417.5,416.45,417.25,109562
2025-11-17T11:00:00+05:30,417.25,421.0,417.2,418.75,378383
2025-11-17T11:15:00+05:30,418.7,420.9,418.0,420.0,236871
2025-11-17T11:30:00+05:30,420.0,420.5,420.0,420.0,111630
2025-11-17T11:45:00+05:30,420.0,420.8,420.0,420.05,116770
2025-11-17T12:00:00+05:30,420.05,420.3,420.0,420.0,67591
2025-11-17T12:15:00+05:30,420.0,421.8,420.0,420.3,196131
2025-11-17T12:30:00+05:30,420.45,425.45,420.2,423.5,736027
2025-11-17T12:45:00+05:30,423.65,424.45,422.65,423.35,319521
2025-11-17T13:00:00+05:30,423.5,425.3,423.1,424.85,252017
2025-11-17T13:15:00+05:30,424.85,427.85,424.85,426.45,512727
2025-11-17T13:30:00+05:30,426.5,426.9,424.8,425.2,314714
2025-11-17T13:45:00+05:30,425.2,426.5,425.05,425.7,221749
2025-11-17T14:00:00+05:30,425.7,426.5,422.25,426.45,365925
2025-11-17T14:15:00+05:30,426.45,426.9,426.0,426.55,198223
2025-11-17T14:30:00+05:30,426.4,427.8,426.05,426.05,285617
2025-11-17T14:45:00+05:30,426.15,428.0,424.25,427.0,402846
2025-11-17T15:00:00+05:30,427.0,428.35,424.8,426.9,730141
2025-11-17T15:15:00+05:30,426.9,438.85,426.6,434.0,1939600
2025-11-18T09:15:00+05:30,431.0,433.3,421.15,433.0,1287698
2025-11-18T09:30:00+05:30,432.5,435.85,423.35,425.75,865911
2025-11-18T09:45:00+05:30,425.5,425.95,423.05,424.6,248321
2025-11-18T10:00:00+05:30,424.35,424.6,419.0,420.3,397727
2025-11-18T10:15:00+05:30,420.3,425.7,417.85,424.4,368974
2025-11-18T10:30:00+05:30,424.5,430.0,424.0,429.2,433934
2025-11-18T10:45:00+05:30,429.2,430.95,427.5,428.5,198244
2025-11-18T11:00:00+05:30,428.55,429.8,427.55,428.2,143669
2025-11-18T11:15:00+05:30,428.1,428.5,425.15,426.6,151053
2025-11-18T11:30:00+05:30,426.65,427.0,424.1,424.95,145364
2025-11-18T11:45:00+05:30,424.9,427.95,424.3,427.2,149656
2025-11-18T12:00:00+05:30,427.2,427.85,425.05,426.05,104053
2025-11-18T12:15:00+05:30,426.3,428.0,425.1,426.8,115427
2025-11-18T12:30:00+05:30,426.8,427.45,425.05,426.0,92009
2025-11-18T12:45:00+05:30,426.0,426.4,424.6,425.8,106862
2025-11-18T13:00:00+05:30,425.8,426.0,424.1,424.4,107249
2025-11-18T13:15:00+05:30,424.45,424.5,422.7,424.1,158997
2025-11-18T13:30:00+05:30,424.0,425.0,423.75,424.35,99205
2025-11-18T13:45:00+05:30,424.1,424.7,423.05,423.4,103998
2025-11-18T14:00:00+05:30,423.4,424.8,423.05,424.2,109973
2025-11-18T14:15:00+05:30,424.2,424.8,422.1,423.8,136166
2025-11-18T14:30:00+05:30,423.85,424.55,422.6,423.0,127420
2025-11-18T14:45:00+05:30,422.95,423.35,422.4,422.75,99745
2025-11-18T15:00:00+05:30,422.65,427.15,422.25,427.15,405353
2025-11-18T15:15:00+05:30,427.1,428.8,419.0,419.0,532490
2025-11-19T09:15:00+05:30,421.95,423.85,417.0,417.4,342017
2025-11-19T09:30:00+05:30,417.4,418.5,412.8,413.75,324198
2025-11-19T09:45:00+05:30,413.8,416.95,412.75,413.7,246881
2025-11-19T10:00:00+05:30,413.9,414.0,409.3,412.2,346310
2025-11-19T10:15:00+05:30,412.2,414.4,410.7,411.75,135822
2025-11-19T10:30:00+05:30,411.7,412.35,410.5,410.8,56454
2025-11-19T10:45:00+05:30,410.6,411.85,410.3,411.6,40406
2025-11-19T11:00:00+05:30,411.6,415.65,411.5,414.6,114180
2025-11-19T11:15:00+05:30,414.5,416.75,412.7,414.25,198374
2025-11-19T11:30:00+05:30,414.25,417.35,412.95,416.5,130313
2025-11-19T11:45:00+05:30,416.6,417.7,415.95,416.0,96404
2025-11-19T12:00:00+05:30,416.2,416.5,414.05,414.25,94034
2025-11-19T12:15:00+05:30,414.05,416.0,412.8,415.7,77714
2025-11-19T12:30:00+05:30,415.6,416.9,414.8,416.6,72362
2025-11-19T12:45:00+05:30,416.8,420.45,416.6,420.25,350223
2025-11-19T13:00:00+05:30,420.3,422.65,419.4,421.55,170806
2025-11-19T13:15:00+05:30,421.55,422.5,420.0,420.5,208464
2025-11-19T13:30:00+05:30,420.6,421.8,419.85,420.4,132631
2025-11-19T13:45:00+05:30,420.4,424.95,419.75,423.55,433850
2025-11-19T14:00:00+05:30,423.8,430.85,423.5,429.65,633656
2025-11-19T14:15:00+05:30,429.65,432.7,429.0,429.2,639394
2025-11-19T14:30:00+05:30,429.2,430.35,427.0,427.25,307829
2025-11-19T14:45:00+05:30,427.6,429.0,426.5,428.4,244209
2025-11-19T15:00:00+05:30,428.35,429.8,426.5,427.6,357017
2025-11-19T15:15:00+05:30,428.0,431.8,426.5,427.5,701497
2025-11-20T09:15:00+05:30,429.55,429.9,419.05,420.9,404546
2025-11-20T09:30:00+05:30,421.0,422.0,417.0,418.25,202276
2025-11-20T09:45:00+05:30,418.25,425.0,418.1,420.35,346195
2025-11-20T10:00:00+05:30,420.4,420.55,417.8,418.35,164965
2025-11-20T10:15:00+05:30,418.2,420.2,418.0,419.05,59431
2025-11-20T10:30:00+05:30,419.05,419.65,418.55,419.2,29618
2025-11-20T10:45:00+05:30,419.2,420.95,419.0,420.4,59307
2025-11-20T11:00:00+05:30,420.45,421.4,419.8,420.6,59226
2025-11-20T11:15:00+05:30,420.6,421.0,419.0,419.25,52294
2025-11-20T11:30:00+05:30,419.3,421.1,419.0,420.0,41298
2025-11-20T11:45:00+05:30,420.0,420.15,418.25,418.5,43019
2025-11-20T12:00:00+05:30,418.3,422.2,418.25,421.65,116733
2025-11-20T12:15:00+05:30,421.4,422.0,420.55,421.05,47116
2025-11-20T12:30:00+05:30,421.05,421.4,419.95,420.5,43987
2025-11-20T12:45:00+05:30,420.4,420.8,418.9,419.2,72719
2025-11-20T13:00:00+05:30,419.15,419.65,418.25,419.2,58745
2025-11-20T13:15:00+05:30,419.2,419.5,418.05,418.85,66782
2025-11-20T13:30:00+05:30,418.8,419.05,417.9,418.7,70894
2025-11-20T13:45:00+05:30,418.7,419.55,418.3,419.15,37851
2025-11-20T14:00:00+05:30,419.15,421.25,418.9,419.65,65604
2025-11-20T14:15:00+05:30,419.65,420.55,418.45,418.6,68971
2025-11-20T14:30:00+05:30,418.6,419.95,418.3,419.15,54665
2025-11-20T14:45:00+05:30,419.25,420.7,418.05,418.85,89730
2025-11-20T15:00:00+05:30,418.9,420.0,418.0,418.3,132016
2025-11-20T15:15:00+05:30,418.25,418.3,413.55,414.9,299112
2025-11-21T09:15:00+05:30,411.1,417.6,411.1,415.5,266295
2025-11-21T09:30:00+05:30,415.5,415.9,415.0,415.1,51918
2025-11-21T09:45:00+05:30,415.0,416.7,414.4,416.35,94736
2025-11-21T10:00:00+05:30,416.35,416.8,414.45,415.1,65908
2025-11-21T10:15:00+05:30,415.0,415.45,414.9,415.0,14779
2025-11-21T10:30:00+05:30,415.0,415.8,414.75,415.35,22759
2025-11-21T10:45:00+05:30,415.15,415.2,413.15,414.0,44947
2025-11-21T11:00:00+05:30,414.0,414.25,413.0,414.25,114097
2025-11-21T11:15:00+05:30,414.25,414.6,413.8,414.45,15851
2025-11-21T11:30:00+05:30,414.2,414.6,413.05,413.05,16177
2025-11-21T11:45:00+05:30,413.0,413.9,412.9,413.15,22191
2025-11-21T12:00:00+05:30,413.15,413.8,413.0,413.4,15565
2025-11-21T12:15:00+05:30,413.25,413.9,413.1,413.15,6723
2025-11-21T12:30:00+05:30,413.15,414.15,413.15,413.2,20441
2025-11-21T12:45:00+05:30,413.2,413.75,412.6,413.4,49684
2025-11-21T13:00:00+05:30,413.4,413.85,413.0,413.2,13296
2025-11-21T13:15:00+05:30,413.2,413.3,410.55,412.0,92731
2025-11-21T13:30:00+05:30,412.0,412.55,411.5,412.0,25243
2025-11-21T13:45:00+05:30,412.0,412.3,411.95,412.25,10321
2025-11-21T14:00:00+05:30,412.05,413.45,411.45,412.25,51667
2025-11-21T14:15:00+05:30,412.25,412.9,412.1,412.85,10619
2025-11-21T14:30:00+05:30,412.85,414.0,411.8,413.7,52945
2025-11-21T14:45:00+05:30,413.7,414.75,412.25,414.0,98352
2025-11-21T15:00:00+05:30,414.0,419.35,414.0,419.35,307666
2025-11-21T15:15:00+05:30,419.2,420.4,417.1,419.4,220970
2025-11-24T09:15:00+05:30,415.1,418.15,412.7,414.1,148725
2025-11-24T09:30:00+05:30,414.1,414.7,413.7,414.05,49321
2025-11-24T09:45:00+05:30,414.05,415.0,413.9,414.05,20707
2025-11-24T10:00:00+05:30,414.1,414.3,412.5,413.0,32318
2025-11-24T10:15:00+05:30,413.2,413.8,413.0,413.25,18274
2025-11-24T10:30:00+05:30,413.25,413.5,413.15,413.15,4784
2025-11-24T10:45:00+05:30,413.15,413.5,413.05,413.05,11769
2025-11-24T11:00:00+05:30,413.1,413.4,413.0,413.1,13830
2025-11-24T11:15:00+05:30,413.1,413.45,413.05,413.05,11852
2025-11-24T11:30:00+05:30,413.35,413.35,411.05,412.35,45321
2025-11-24T11:45:00+05:30,412.35,412.35,411.8,412.1,19783
2025-11-24T12:00:00+05:30,412.1,412.45,411.3,412.45,32037
2025-11-24T12:15:00+05:30,412.45,413.5,412.2,412.2,14288
2025-11-24T12:30:00+05:30,412.45,412.7,412.05,412.2,7867
2025-11-24T12:45:00+05:30,412.05,412.45,412.05,412.05,7860
2025-11-24T13:00:00+05:30,412.1,412.45,410.5,411.1,43437
2025-11-24T13:15:00+05:30,411.1,411.25,410.8,411.05,10458
2025-11-24T13:30:00+05:30,411.05,411.25,410.95,410.95,7800
2025-11-24T13:45:00+05:30,410.95,412.95,410.8,410.85,44552
2025-11-24T14:00:00+05:30,411.1,411.6,410.8,411.35,10132
2025-11-24T14:15:00+05:30,411.1,411.65,410.6,411.15,18048
2025-11-24T14:30:00+05:30,410.9,412.95,410.9,412.5,25980
2025-11-24T14:45:00+05:30,412.5,413.2,411.65,412.3,31911
2025-11-24T15:00:00+05:30,412.3,417.95,412.0,415.65,98862
2025-11-24T15:15:00+05:30,415.85,416.1,412.8,413.05,87911
2025-11-25T09:15:00+05:30,412.95,421.0,412.95,416.8,251427
2025-11-25T09:30:00+05:30,416.9,417.9,414.85,416.0,67875
2025-11-25T09:45:00+05:30,415.85,417.5,415.35,416.25,24185
2025-11-25T10:00:00+05:30,416.0,416.95,415.65,416.2,17676
2025-11-25T10:15:00+05:30,416.0,416.95,415.25,415.65,20824
2025-11-25T10:30:00+05:30,415.65,416.35,414.9,415.55,38546
2025-11-25T10:45:00+05:30,415.6,415.95,415.05,415.6,14888
2025-11-25T11:00:00+05:30,415.65,416.2,415.45,415.45,11501
2025-11-25T11:15:00+05:30,415.45,417.7,415.25,416.15,34868
2025-11-25T11:30:00+05:30,416.5,416.9,415.8,416.0,13636
2025-11-25T11:45:00+05:30,416.0,416.4,415.8,415.85,5543
2025-11-25T12:00:00+05:30,415.85,415.95,415.5,415.65,4374
2025-11-25T12:15:00+05:30,415.65,416.95,415.3,416.25,9895
2025-11-25T12:30:00+05:30,416.2,416.85,416.1,416.3,7654
2025-11-25T12:45:00+05:30,416.25,416.95,415.3,415.75,46632
2025-11-25T13:00:00+05:30,415.75,416.5,415.3,415.55,15703
2025-11-25T13:15:00+05:30,415.55,420.25,415.45,420.0,110913
2025-11-25T13:30:00+05:30,420.0,421.7,418.15,421.0,123513
2025-11-25T13:45:00+05:30,421.0,426.7,420.3,421.25,258964
2025-11-25T14:00:00+05:30,421.45,424.6,421.3,423.45,106236
2025-11-25T14:15:00+05:30,423.7,424.0,420.7,420.7,96656
2025-11-25T14:30:00+05:30,420.95,421.2,416.35,416.9,151121
2025-11-25T14:45:00+05:30,416.9,416.9,413.1,414.0,367733
2025-11-25T15:00:00+05:30,414.0,415.5,413.8,415.0,146594
2025-11-25T15:15:00+05:30,415.0,416.0,414.25,414.95,392366
2025-11-26T09:15:00+05:30,417.9,423.9,416.1,416.35,236178
2025-11-26T09:30:00+05:30,416.3,417.0,414.45,415.6,66802
2025-11-26T09:45:00+05:30,415.65,415.9,414.55,414.8,29962
2025-11-26T10:00:00+05:30,415.0,415.35,413.1,413.5,34599
2025-11-26T10:15:00+05:30,413.5,414.85,413.05,414.05,36622
2025-11-26T10:30:00+05:30,414.05,417.55,413.3,415.95,47909
2025-11-26T10:45:00+05:30,415.85,415.95,414.65,415.25,17350
2025-11-26T11:00:00+05:30,415.25,415.5,414.85,415.1,6334
2025-11-26T11:15:00+05:30,415.1,415.7,414.8,415.0,11971
2025-11-26T11:30:00+05:30,415.25,415.6,415.0,415.3,5551
2025-11-26T11:45:00+05:30,415.05,415.65,414.55,415.3,43383
2025-11-26T12:00:00+05:30,415.05,415.3,414.6,415.0,28820
2025-11-26T12:15:00+05:30,414.8,415.2,412.5,413.05,132930
2025-11-26T12:30:00+05:30,413.05,413.55,412.65,413.05,49066
2025-11-26T12:45:00+05:30,413.05,413.05,410.6,411.0,159577
2025-11-26T13:00:00+05:30,411.0,411.5,410.65,411.0,47823
2025-11-26T13:15:00+05:30,411.0,412.3,410.6,411.0,64877
2025-11-26T13:30:00+05:30,411.0,411.65,410.6,410.65,64025
2025-11-26T13:45:00+05:30,410.65,411.2,410.05,410.5,76710
2025-11-26T14:00:00+05:30,410.5,411.0,410.25,410.6,55935
2025-11-26T14:15:00+05:30,410.6,410.85,408.5,408.5,152596
2025-11-26T14:30:00+05:30,408.4,409.15,408.0,408.0,88119
2025-11-26T14:45:00+05:30,408.0,408.7,408.0,408.0,82865
2025-11-26T15:00:00+05:30,408.0,408.55,403.6,404.6,222416
2025-11-26T15:15:00+05:30,404.6,405.35,403.0,403.45,241994
2025-11-27T09:15:00+05:30,405.5,407.0,401.15,402.6,200138
2025-11-27T09:30:00+05:30,402.55,402.85,401.8,402.3,47024
2025-11-27T09:45:00+05:30,402.3,404.4,402.0,404.15,92763
2025-11-27T10:00:00+05:30,404.4,408.85,402.15,408.2,156650
2025-11-27T10:15:00+05:30,408.45,408.75,404.7,405.75,103069
2025-11-27T10:30:00+05:30,405.75,405.75,404.9,405.55,42271
2025-11-27T10:45:00+05:30,405.55,406.7,405.3,406.4,39329
2025-11-27T11:00:00+05:30,406.25,410.0,405.65,409.3,107758
2025-11-27T11:15:00+05:30,409.4,409.9,405.9,405.9,59809
2025-11-27T11:30:00+05:30,405.9,407.15,405.9,406.6,24737
2025-11-27T11:45:00+05:30,406.6,406.8,405.95,406.0,39253
2025-11-27T12:00:00+05:30,406.0,406.55,404.75,405.8,73448
2025-11-27T12:15:00+05:30,405.85,407.95,405.85,407.3,41398
2025-11-27T12:30:00+05:30,407.3,407.35,405.75,405.75,72503
2025-11-27T12:45:00+05:30,405.8,406.35,405.75,406.05,7581
2025-11-27T13:00:00+05:30,406.05,406.3,405.75,405.9,8441
2025-11-27T13:15:00+05:30,405.9,405.9,405.4,405.4,24001
2025-11-27T13:30:00+05:30,405.4,405.75,405.3,405.3,7680
2025-11-27T13:45:00+05:30,405.3,407.3,405.3,407.2,30856
2025-11-27T14:00:00+05:30,407.2,408.1,406.85,407.2,22005
2025-11-27T14:15:00+05:30,407.2,407.95,407.0,407.4,13792
2025-11-27T14:30:00+05:30,407.3,408.7,407.0,407.8,21880
2025-11-27T14:45:00+05:30,407.8,408.3,407.55,407.55,35349
2025-11-27T15:00:00+05:30,407.55,409.0,407.4,408.2,87966
2025-11-27T15:15:00+05:30,408.25,409.0,406.35,408.5,183822
2025-11-28T09:15:00+05:30,415.0,423.95,410.05,411.0,880912
2025-11-28T09:30:00+05:30,411.05,416.3,411.0,413.0,231444
2025-11-28T09:45:00+05:30,413.0,414.3,412.05,413.25,69801
2025-11-28T10:00:00+05:30,413.6,416.0,413.05,414.8,107597
2025-11-28T10:15:00+05:30,415.0,416.4,414.3,415.0,65238
2025-11-28T10:30:00+05:30,415.15,416.35,413.3,415.8,109686
2025-11-28T10:45:00+05:30,415.65,423.0,415.4,421.65,571480
2025-11-28T11:00:00+05:30,421.65,422.4,419.25,419.9,322524
2025-11-28T11:15:00+05:30,419.85,428.9,419.8,424.35,599547
2025-11-28T11:30:00+05:30,424.4,425.0,422.85,423.8,161420
2025-11-28T11:45:00+05:30,423.8,425.0,422.4,423.45,175089
2025-11-28T12:00:00+05:30,423.45,424.2,421.1,422.2,114642
2025-11-28T12:15:00+05:30,422.3,422.55,417.05,419.2,295138
2025-11-28T12:30:00+05:30,419.2,419.85,418.25,419.35,94116
2025-11-28T12:45:00+05:30,419.3,419.85,418.0,418.0,60024
2025-11-28T13:00:00+05:30,418.05,418.4,414.0,415.7,278937
2025-11-28T13:15:00+05:30,415.7,421.0,415.65,420.4,217403
2025-11-28T13:30:00+05:30,420.4,420.5,412.6,412.65,282285
2025-11-28T13:45:00+05:30,412.65,416.65,412.05,414.8,240517
2025-11-28T14:00:00+05:30,414.8,415.75,413.85,414.05,122817
2025-11-28T14:15:00+05:30,414.1,415.4,413.6,414.05,87854
2025-11-28T14:30:00+05:30,413.95,415.35,413.8,414.65,96377
2025-11-28T14:45:00+05:30,414.65,415.25,411.05,411.25,311043
2025-11-28T15:00:00+05:30,411.1,411.15,408.05,409.4,459040
2025-11-28T15:15:00+05:30,409.3,413.85,408.9,411.8,615370
2025-12-01T09:15:00+05:30,428.0,431.3,418.5,427.9,3948517
2025-12-01T09:30:00+05:30,428.0,432.5,424.3,427.4,2297762
2025-12-01T09:45:00+05:30,427.75,430.8,419.85,421.35,1686696
2025-12-01T10:00:00+05:30,421.35,423.7,419.1,421.8,1373400
2025-12-01T10:15:00+05:30,421.8,421.8,419.0,420.1,502943
2025-12-01T10:30:00+05:30,419.85,421.5,417.05,421.5,556547
2025-12-01T10:45:00+05:30,421.4,423.15,420.45,422.25,440308
2025-12-01T11:00:00+05:30,422.25,423.95,420.95,422.95,416530
2025-12-01T11:15:00+05:30,422.95,423.1,420.7,421.5,198841
2025-12-01T11:30:00+05:30,421.55,426.55,420.75,426.2,503334
2025-12-01T11:45:00+05:30,426.25,448.8,425.65,444.05,5227043
2025-12-01T12:00:00+05:30,444.2,444.6,440.3,441.8,2015050
2025-12-01T12:15:00+05:30,442.0,443.3,437.15,438.85,1241615
2025-12-01T12:30:00+05:30,438.85,440.4,436.6,439.0,816415
2025-12-01T12:45:00+05:30,439.0,440.0,433.15,435.95,1397003
2025-12-01T13:00:00+05:30,435.95,441.1,435.8,440.0,906690
2025-12-01T13:15:00+05:30,440.0,444.45,437.15,438.5,1274798
2025-12-01T13:30:00+05:30,438.5,439.2,434.5,436.35,765153
2025-12-01T13:45:00+05:30,436.55,440.0,435.0,438.9,717166
2025-12-01T14:00:00+05:30,438.9,439.1,435.15,438.0,466071
2025-12-01T14:15:00+05:30,438.0,439.2,433.1,435.5,631513
2025-12-01T14:30:00+05:30,435.2,436.05,429.95,434.0,1242544
2025-12-01T14:45:00+05:30,434.0,435.65,433.0,434.5,448965
2025-12-01T15:00:00+05:30,434.5,435.9,427.6,429.95,1305437
2025-12-01T15:15:00+05:30,430.1,433.0,429.0,429.55,1308574
2025-12-02T09:15:00+05:30,430.0,431.6,424.05,427.0,965239
2025-12-02T09:30:00+05:30,426.95,431.15,425.25,426.0,439382
2025-12-02T09:45:00+05:30,425.85,429.0,425.65,427.9,110913
2025-12-02T10:00:00+05:30,427.9,431.3,427.7,429.5,335394
2025-12-02T10:15:00+05:30,429.5,430.65,428.6,430.0,122051
2025-12-02T10:30:00+05:30,430.0,430.85,429.0,430.35,93800
2025-12-02T10:45:00+05:30,430.05,431.0,429.25,430.05,111258
2025-12-02T11:00:00+05:30,430.1,430.5,428.5,429.05,90853
2025-12-02T11:15:00+05:30,429.05,430.4,428.8,429.5,63328
2025-12-02T11:30:00+05:30,429.75,430.95,429.2,429.3,95335
2025-12-02T11:45:00+05:30,429.3,430.35,428.8,429.5,76819
2025-12-02T12:00:00+05:30,429.75,429.85,428.8,428.85,32221
2025-12-02T12:15:00+05:30,429.0,430.0,428.8,429.35,42752
2025-12-02T12:30:00+05:30,429.25,429.5,426.7,427.05,157112
2025-12-02T12:45:00+05:30,427.05,428.0,425.1,425.8,109073
2025-12-02T13:00:00+05:30,425.9,426.95,425.2,425.95,104412
2025-12-02T13:15:00+05:30,425.95,426.75,425.15,426.35,66502
2025-12-02T13:30:00+05:30,426.35,426.6,425.5,426.5,30641
2025-12-02T13:45:00+05:30,426.5,428.85,426.0,427.7,81452
2025-12-02T14:00:00+05:30,427.7,428.0,426.55,427.35,72921
2025-12-02T14:15:00+05:30,427.35,428.0,426.85,427.65,36551
2025-12-02T14:30:00+05:30,427.45,428.0,427.15,427.8,53211
2025-12-02T14:45:00+05:30,427.7,429.45,424.35,425.5,257085
2025-12-02T15:00:00+05:30,425.55,427.8,425.55,426.8,110027
2025-12-02T15:15:00+05:30,426.55,427.0,422.25,422.25,318449
2025-12-03T09:15:00+05:30,424.95,424.95,416.45,417.0,402238
2025-12-03T09:30:00+05:30,416.95,418.0,414.7,416.2,189849
2025-12-03T09:45:00+05:30,416.2,418.35,414.1,415.05,141779
2025-12-03T10:00:00+05:30,415.1,415.5,413.1,413.95,89341
2025-12-03T10:15:00+05:30,413.95,418.3,413.25,417.7,202736
2025-12-03T10:30:00+05:30,417.8,417.9,414.05,415.6,83294
2025-12-03T10:45:00+05:30,415.3,415.6,413.2,414.25,49828
2025-12-03T11:00:00+05:30,414.5,414.55,411.6,412.6,98908
2025-12-03T11:15:00+05:30,412.6,413.4,411.1,411.7,63467
2025-12-03T11:30:00+05:30,411.65,414.0,410.5,413.35,114932
2025-12-03T11:45:00+05:30,413.35,413.65,412.05,412.55,25297
2025-12-03T12:00:00+05:30,412.8,414.0,411.8,413.95,76226
2025-12-03T12:15:00+05:30,413.9,415.95,413.2,415.25,117769
2025-12-03T12:30:00+05:30,415.2,415.75,414.55,415.35,45344
2025-12-03T12:45:00+05:30,415.15,415.95,414.3,414.8,30546
2025-12-03T13:00:00+05:30,414.8,414.9,413.6,413.6,30072
2025-12-03T13:15:00+05:30,413.65,413.9,412.6,413.25,19118
2025-12-03T13:30:00+05:30,413.25,413.8,412.7,413.2,21521
2025-12-03T13:45:00+05:30,413.2,413.2,412.15,412.7,18638
2025-12-03T14:00:00+05:30,412.7,413.0,411.6,412.35,41289
2025-12-03T14:15:00+05:30,412.35,412.45,411.0,411.0,57934
2025-12-03T14:30:00+05:30,411.05,411.85,410.75,411.15,38005
2025-12-03T14:45:00+05:30,411.45,411.75,409.5,410.65,107004
2025-12-03T15:00:00+05:30,410.65,412.45,410.25,411.1,127375
2025-12-03T15:15:00+05:30,411.15,411.5,408.3,409.0,343345
2025-12-04T09:15:00+05:30,410.15,411.25,406.1,406.65,233421
2025-12-04T09:30:00+05:30,406.7,407.35,404.7,407.05,133260
2025-12-04T09:45:00+05:30,407.1,409.2,405.2,407.5,246197
2025-12-04T10:00:00+05:30,407.3,407.5,405.35,405.9,65290
2025-12-04T10:15:00+05:30,405.9,406.85,405.6,405.95,49689
2025-12-04T10:30:00+05:30,406.3,406.45,404.0,404.5,90002
2025-12-04T10:45:00+05:30,404.6,405.0,403.25,403.7,81877
2025-12-04T11:00:00+05:30,403.5,404.2,402.5,403.05,45648
2025-12-04T11:15:00+05:30,403.2,404.05,403.0,403.4,22700
2025-12-04T11:30:00+05:30,403.6,404.0,402.5,402.7,38200
2025-12-04T11:45:00+05:30,402.55,403.55,402.25,402.8,50298
2025-12-04T12:00:00+05:30,402.55,403.35,402.3,402.7,30693
2025-12-04T12:15:00+05:30,402.45,402.95,402.0,402.85,27805
2025-12-04T12:30:00+05:30,402.85,403.25,402.25,402.25,15926
2025-12-04T12:45:00+05:30,402.35,403.5,402.0,402.75,41029
2025-12-04T13:00:00+05:30,402.55,402.95,402.1,402.25,20534
2025-12-04T13:15:00+05:30,402.25,402.7,402.0,402.25,12591
2025-12-04T13:30:00+05:30,402.25,403.0,402.0,402.6,52977
2025-12-04T13:45:00+05:30,402.4,403.75,402.25,403.25,68096
2025-12-04T14:00:00+05:30,403.25,403.65,402.35,403.0,20181
2025-12-04T14:15:00+05:30,403.0,403.75,402.2,403.6,54932
2025-12-04T14:30:00+05:30,403.55,404.15,402.0,403.4,149708
2025-12-04T14:45:00+05:30,403.6,407.8,403.0,407.05,165259
2025-12-04T15:00:00+05:30,407.0,407.55,404.1,404.7,156126
2025-12-04T15:15:00+05:30,404.75,406.9,403.0,403.9,233610
2025-12-05T09:15:00+05:30,405.0,407.2,403.0,403.5,212039
2025-12-05T09:30:00+05:30,403.5,403.5,402.0,402.25,98048
2025-12-05T09:45:00+05:30,402.45,403.85,402.2,403.0,30982
2025-12-05T10:00:00+05:30,402.85,408.75,402.55,408.3,174989
2025-12-05T10:15:00+05:30,408.25,409.4,405.7,406.5,138800
2025-12-05T10:30:00+05:30,406.55,408.5,406.15,408.45,49159
2025-12-05T10:45:00+05:30,408.5,409.65,408.0,408.0,71505
2025-12-05T11:00:00+05:30,408.2,410.8,407.45,409.65,87622
2025-12-05T11:15:00+05:30,409.95,410.95,409.55,410.65,49102
2025-12-05T11:30:00+05:30,410.5,413.25,410.0,413.0,124109
2025-12-05T11:45:00+05:30,413.2,415.8,412.3,414.8,225989
2025-12-05T12:00:00+05:30,414.8,415.45,413.35,413.7,117012
2025-12-05T12:15:00+05:30,413.75,414.95,413.1,414.5,68944
2025-12-05T12:30:00+05:30,414.55,415.75,413.8,414.55,76358
2025-12-05T12:45:00+05:30,414.9,415.2,412.3,413.4,117578
2025-12-05T13:00:00+05:30,413.4,414.35,413.4,413.7,22090
2025-12-05T13:15:00+05:30,413.7,414.6,413.55,414.2,18030
2025-12-05T13:30:00+05:30,414.25,414.6,413.6,414.45,33245
2025-12-05T13:45:00+05:30,414.45,416.5,414.0,415.55,86051
2025-12-05T14:00:00+05:30,415.75,415.75,414.6,415.0,45039
2025-12-05T14:15:00+05:30,415.05,415.4,414.6,414.9,27664
2025-12-05T14:30:00+05:30,414.9,415.4,414.15,414.35,25488
2025-12-05T14:45:00+05:30,414.35,414.85,413.0,414.0,86976
2025-12-05T15:00:00+05:30,414.05,416.8,413.5,416.7,141053
2025-12-05T15:15:00+05:30,416.6,419.75,416.5,418.05,305699
2025-12-08T09:15:00+05:30,412.1,414.3,407.25,407.45,383908
2025-12-08T09:30:00+05:30,407.45,408.1,406.4,406.8,116432
2025-12-08T09:45:00+05:30,406.8,407.7,404.2,404.6,117052
2025-12-08T10:00:00+05:30,404.6,407.95,403.2,407.7,141765
2025-12-08T10:15:00+05:30,407.75,409.7,406.5,408.65,209022
2025-12-08T10:30:00+05:30,408.95,410.7,408.2,409.75,148814
2025-12-08T10:45:00+05:30,409.45,410.1,408.8,410.05,54918
2025-12-08T11:00:00+05:30,410.0,411.75,409.2,410.7,113737
2025-12-08T11:15:00+05:30,410.6,411.55,410.0,411.45,46169
2025-12-08T11:30:00+05:30,411.45,413.2,410.9,412.65,102669
2025-12-08T11:45:00+05:30,412.6,412.75,411.0,411.9,46351
2025-12-08T12:00:00+05:30,411.85,411.95,409.5,410.4,44081
2025-12-08T12:15:00+05:30,410.4,410.9,407.0,408.55,119731
2025-12-08T12:30:00+05:30,408.4,409.6,407.1,407.2,51209
2025-12-08T12:45:00+05:30,407.45,409.35,406.65,409.2,97594
2025-12-08T13:00:00+05:30,409.2,409.3,406.75,408.1,75574
2025-12-08T13:15:00+05:30,408.1,408.2,406.7,407.55,55422
2025-12-08T13:30:00+05:30,407.55,408.0,406.45,407.6,44861
2025-12-08T13:45:00+05:30,407.4,408.65,407.0,407.25,69608
2025-12-08T14:00:00+05:30,407.25,409.95,406.65,407.95,81173
2025-12-08T14:15:00+05:30,407.95,408.5,407.0,407.5,42369
2025-12-08T14:30:00+05:30,407.5,407.7,406.0,406.1,72119
2025-12-08T14:45:00+05:30,406.25,408.85,406.0,408.5,154888
2025-12-08T15:00:00+05:30,408.5,408.95,407.7,408.0,132938
2025-12-08T15:15:00+05:30,407.95,408.8,406.0,406.7,249596
2025-12-09T09:15:00+05:30,408.6,408.6,402.0,403.0,160020
2025-12-09T09:30:00+05:30,403.0,403.75,402.0,403.0,72487
2025-12-09T09:45:00+05:30,403.0,403.9,402.4,403.5,67558
2025-12-09T10:00:00+05:30,403.6,406.3,403.2,405.65,72257
2025-12-09T10:15:00+05:30,405.65,405.8,404.55,404.85,67019
2025-12-09T10:30:00+05:30,404.8,405.85,404.2,405.4,22002
2025-12-09T10:45:00+05:30,405.6,411.6,405.4,410.8,147491
2025-12-09T11:00:00+05:30,410.5,411.0,409.85,410.7,48650
2025-12-09T11:15:00+05:30,410.7,412.5,410.45,412.5,55443
2025-12-09T11:30:00+05:30,412.3,412.8,411.8,412.2,40009
2025-12-09T11:45:00+05:30,412.0,414.35,411.3,412.05,85171
2025-12-09T12:00:00+05:30,412.0,413.9,412.0,413.85,115979
2025-12-09T12:15:00+05:30,413.85,414.0,413.0,413.5,107208
2025-12-09T12:30:00+05:30,413.8,416.1,413.4,414.9,66768
2025-12-09T12:45:00+05:30,414.85,415.35,413.1,414.4,47749
2025-12-09T13:00:00+05:30,414.3,415.8,413.8,415.7,31942
2025-12-09T13:15:00+05:30,415.55,416.25,415.1,415.75,60567
2025-12-09T13:30:00+05:30,415.45,416.9,415.4,416.9,44378
2025-12-09T13:45:00+05:30,416.6,417.85,413.5,413.95,128699
2025-12-09T14:00:00+05:30,413.7,414.95,413.0,414.5,43065
2025-12-09T14:15:00+05:30,414.45,414.5,411.15,412.85,75176
2025-12-09T14:30:00+05:30,412.7,412.7,409.35,410.15,202803
2025-12-09T14:45:00+05:30,410.05,410.35,407.05,408.75,225304
2025-12-09T15:00:00+05:30,408.7,409.2,407.75,408.75,70040
2025-12-09T15:15:00+05:30,408.65,410.35,407.65,408.6,193223
2025-12-10T09:15:00+05:30,415.0,415.0,410.55,410.8,219081
2025-12-10T09:30:00+05:30,411.1,412.55,410.4,412.15,84641
2025-12-10T09:45:00+05:30,412.3,414.05,409.6,410.55,83574
2025-12-10T10:00:00+05:30,410.55,410.6,409.1,409.2,62594
2025-12-10T10:15:00+05:30,409.2,409.9,406.65,406.85,58337
2025-12-10T10:30:00+05:30,407.05,407.1,405.15,405.6,63507
2025-12-10T10:45:00+05:30,405.6,405.65,404.0,404.2,62787
2025-12-10T11:00:00+05:30,404.0,408.4,404.0,407.9,46856
2025-12-10T11:15:00+05:30,407.9,408.0,407.05,407.25,24880
2025-12-10T11:30:00+05:30,407.1,407.65,406.6,406.8,15580
2025-12-10T11:45:00+05:30,406.8,408.7,406.35,407.85,41120
2025-12-10T12:00:00+05:30,408.0,408.1,407.4,408.0,47292
2025-12-10T12:15:00+05:30,408.0,408.05,407.5,407.95,28801
2025-12-10T12:30:00+05:30,407.95,408.2,407.4,407.7,28304
2025-12-10T12:45:00+05:30,407.85,408.0,407.55,408.0,29616
2025-12-10T13:00:00+05:30,408.0,408.15,407.65,407.95,27806
2025-12-10T13:15:00+05:30,407.95,408.15,407.6,407.95,23301
2025-12-10T13:30:00+05:30,407.95,408.2,407.6,407.8,24429
2025-12-10T13:45:00+05:30,407.8,408.0,406.35,407.0,42423
2025-12-10T14:00:00+05:30,407.0,407.05,405.4,406.35,34005
2025-12-10T14:15:00+05:30,406.35,406.65,405.2,405.6,18671
2025-12-10T14:30:00+05:30,405.5,406.1,404.6,404.8,24931
2025-12-10T14:45:00+05:30,404.8,406.05,404.5,405.7,30512
2025-12-10T15:00:00+05:30,405.7,406.0,404.0,405.45,89067
2025-12-10T15:15:00+05:30,405.55,406.75,403.2,404.0,163699
2025-12-11T09:15:00+05:30,405.3,406.2,403.05,405.35,114867
2025-12-11T09:30:00+05:30,405.1,405.15,403.0,403.0,71028
2025-12-11T09:45:00+05:30,403.15,404.35,403.05,403.65,31591
2025-12-11T10:00:00+05:30,403.65,407.75,403.25,405.65,118227
2025-12-11T10:15:00+05:30,406.15,406.8,404.35,404.5,60462
2025-12-11T10:30:00+05:30,404.5,405.3,404.2,404.75,13384
2025-12-11T10:45:00+05:30,404.8,405.2,404.4,404.75,18141
2025-12-11T11:00:00+05:30,404.95,405.6,404.75,405.0,18507
2025-12-11T11:15:00+05:30,404.75,407.6,404.65,407.0,31002
2025-12-11T11:30:00+05:30,407.15,407.15,406.0,406.65,17645
2025-12-11T11:45:00+05:30,406.45,406.7,404.1,404.5,145830
2025-12-11T12:00:00+05:30,404.5,405.95,404.5,405.1,28556
2025-12-11T12:15:00+05:30,405.15,405.65,404.85,405.4,14646
2025-12-11T12:30:00+05:30,405.45,405.55,404.45,404.75,9772
2025-12-11T12:45:00+05:30,404.65,405.15,403.4,403.7,38707
2025-12-11T13:00:00+05:30,403.7,403.95,402.7,403.4,33138
2025-12-11T13:15:00+05:30,403.3,403.85,403.0,403.6,32491
2025-12-11T13:30:00+05:30,403.7,404.75,403.45,404.4,19019
2025-12-11T13:45:00+05:30,404.4,404.55,403.3,404.2,19223
2025-12-11T14:00:00+05:30,404.1,404.85,403.7,404.7,20558
2025-12-11T14:15:00+05:30,404.7,405.0,404.2,404.75,74250
2025-12-11T14:30:00+05:30,404.75,405.35,404.5,405.25,34507
2025-12-11T14:45:00+05:30,405.25,405.9,403.35,405.6,127486
2025-12-11T15:00:00+05:30,405.5,406.3,405.0,406.0,76168
2025-12-11T15:15:00+05:30,406.0,406.7,405.05,406.1,123869
2025-12-12T09:15:00+05:30,408.0,408.9,406.1,407.0,59997
2025-12-12T09:30:00+05:30,407.15,408.65,406.85,407.95,45474
2025-12-12T09:45:00+05:30,407.95,408.5,406.6,406.95,34174
2025-12-12T10:00:00+05:30,406.95,406.95,405.55,406.0,39590
2025-12-12T10:15:00+05:30,406.0,406.35,405.5,406.0,53246
2025-12-12T10:30:00+05:30,406.15,406.55,405.0,405.8,51442
2025-12-12T10:45:00+05:30,405.9,405.95,404.5,405.5,51706
2025-12-12T11:00:00+05:30,405.5,406.25,405.0,406.15,23931
2025-12-12T11:15:00+05:30,405.85,406.0,405.0,405.6,17404
2025-12-12T11:30:00+05:30,405.55,407.55,405.15,407.25,33094
2025-12-12T11:45:00+05:30,407.25,407.8,405.75,405.85,11691
2025-12-12T12:00:00+05:30,405.85,406.25,405.6,406.15,10767
2025-12-12T12:15:00+05:30,406.1,406.2,405.7,406.05,4494
2025-12-12T12:30:00+05:30,406.05,406.25,405.6,406.15,6827
2025-12-12T12:45:00+05:30,406.0,407.1,405.8,407.0,21557
2025-12-12T13:00:00+05:30,407.0,407.0,405.8,406.2,26041
2025-12-12T13:15:00+05:30,406.2,406.65,405.8,406.05,7339
2025-12-12T13:30:00+05:30,406.05,406.45,405.8,406.3,4056
2025-12-12T13:45:00+05:30,406.3,406.75,405.8,406.3,11616
2025-12-12T14:00:00+05:30,406.3,406.55,405.95,406.35,4348
2025-12-12T14:15:00+05:30,406.35,406.5,405.85,406.2,5341
2025-12-12T14:30:00+05:30,406.15,406.2,405.5,406.15,18905
2025-12-12T14:45:00+05:30,406.15,406.45,405.8,406.35,14633
2025-12-12T15:00:00+05:30,406.3,406.9,405.25,405.8,74809
2025-12-12T15:15:00+05:30,405.8,406.75,404.75,406.0,144020
2025-12-15T09:15:00+05:30,407.65,408.1,405.1,406.25,93330
2025-12-15T09:30:00+05:30,406.2,406.7,405.8,406.25,22000
2025-12-15T09:45:00+05:30,406.4,407.05,406.25,407.0,11915
2025-12-15T10:00:00+05:30,406.9,406.9,406.05,406.45,12278
2025-12-15T10:15:00+05:30,406.15,408.5,406.05,407.75,31942
2025-12-15T10:30:00+05:30,407.75,408.5,407.4,407.6,20208
2025-12-15T10:45:00+05:30,407.7,408.5,407.05,407.55,9241
2025-12-15T11:00:00+05:30,407.85,407.95,407.0,407.35,5708
2025-12-15T11:15:00+05:30,407.35,407.5,407.0,407.05,9051
2025-12-15T11:30:00+05:30,407.0,407.5,406.6,407.0,7567
2025-12-15T11:45:00+05:30,407.05,407.55,407.0,407.45,3814
2025-12-15T12:00:00+05:30,407.5,407.5,407.0,407.0,4061
2025-12-15T12:15:00+05:30,407.0,407.25,405.8,406.85,22245
2025-12-15T12:30:00+05:30,406.85,407.25,406.5,407.0,15873
2025-12-15T12:45:00+05:30,407.25,407.25,406.8,407.0,7695
2025-12-15T13:00:00+05:30,407.1,407.1,406.25,406.8,13075
2025-12-15T13:15:00+05:30,406.45,407.0,405.85,406.5,21146
2025-12-15T13:30:00+05:30,406.7,406.8,406.0,406.7,8509
2025-12-15T13:45:00+05:30,406.7,406.9,406.0,406.5,6742
2025-12-15T14:00:00+05:30,406.6,406.95,406.0,406.7,8608
2025-12-15T14:15:00+05:30,406.7,406.75,405.7,406.0,11521
2025-12-15T14:30:00+05:30,406.15,406.4,405.7,406.0,17975
2025-12-15T14:45:00+05:30,406.3,406.5,405.8,405.95,9085
2025-12-15T15:00:00+05:30,405.85,406.5,405.8,405.8,37335
2025-12-15T15:15:00+05:30,405.85,406.05,403.6,404.0,94736
2025-12-16T09:15:00+05:30,405.2,408.4,405.2,406.1,80938
2025-12-16T09:30:00+05:30,406.25,406.55,405.2,405.8,39167
2025-12-16T09:45:00+05:30,405.8,405.8,404.3,404.7,33156
2025-12-16T10:00:00+05:30,404.7,404.7,402.7,404.05,53688
2025-12-16T10:15:00+05:30,404.05,404.55,403.75,404.0,15977
2025-12-16T10:30:00+05:30,404.0,404.1,402.15,403.2,35620
2025-12-16T10:45:00+05:30,403.2,403.8,402.95,403.45,10605
2025-12-16T11:00:00+05:30,403.25,405.5,403.0,404.3,28600
2025-12-16T11:15:00+05:30,404.25,404.55,404.0,404.35,4955
2025-12-16T11:30:00+05:30,404.35,404.4,403.25,404.3,28673
2025-12-16T11:45:00+05:30,404.3,404.35,403.45,403.8,6085
2025-12-16T12:00:00+05:30,403.75,404.0,403.25,403.65,11948
2025-12-16T12:15:00+05:30,403.65,404.0,403.55,403.7,9565
2025-12-16T12:30:00+05:30,403.7,403.95,403.5,403.8,7598
2025-12-16T12:45:00+05:30,403.8,404.0,403.45,403.8,17910
2025-12-16T13:00:00+05:30,403.65,403.8,403.0,403.45,12100
2025-12-16T13:15:00+05:30,403.45,403.8,402.6,402.95,18189
2025-12-16T13:30:00+05:30,402.95,404.0,402.75,403.3,16669
2025-12-16T13:45:00+05:30,403.3,403.45,402.85,403.0,11330
2025-12-16T14:00:00+05:30,402.9,405.25,402.85,405.1,41119
2025-12-16T14:15:00+05:30,405.0,405.55,404.85,405.1,26772
2025-12-16T14:30:00+05:30,405.1,405.75,404.8,405.4,20784
2025-12-16T14:45:00+05:30,405.4,405.8,405.0,405.3,20562
2025-12-16T15:00:00+05:30,405.3,405.45,405.0,405.0,32509
2025-12-16T15:15:00+05:30,405.05,405.85,405.0,405.5,85554
2025-12-17T09:15:00+05:30,405.1,407.65,405.0,405.7,48943
2025-12-17T09:30:00+05:30,405.7,405.9,405.15,405.6,11899
2025-12-17T09:45:00+05:30,405.4,405.9,404.7,405.25,33173
2025-12-17T10:00:00+05:30,405.25,405.65,404.1,405.2,20689
2025-12-17T10:15:00+05:30,405.1,405.25,404.1,404.6,11906
2025-12-17T10:30:00+05:30,404.6,405.5,404.2,405.25,12636
2025-12-17T10:45:00+05:30,405.25,405.75,405.0,405.2,16007
2025-12-17T11:00:00+05:30,405.2,405.65,405.0,405.25,9927
2025-12-17T11:15:00+05:30,405.2,405.6,404.9,405.2,6219
2025-12-17T11:30:00+05:30,405.2,405.25,404.5,404.7,16204
2025-12-17T11:45:00+05:30,404.45,404.95,404.15,404.7,19574
2025-12-17T12:00:00+05:30,404.55,404.8,404.15,404.5,11211
2025-12-17T12:15:00+05:30,404.45,404.5,403.2,403.55,22087
2025-12-17T12:30:00+05:30,403.45,404.0,403.3,403.9,11394
2025-12-17T12:45:00+05:30,403.9,404.0,403.25,404.0,11687
2025-12-17T13:00:00+05:30,403.95,404.0,403.15,403.8,18998
2025-12-17T13:15:00+05:30,403.8,404.0,403.35,403.75,11286
2025-12-17T13:30:00+05:30,403.55,403.9,403.05,403.55,7440
2025-12-17T13:45:00+05:30,403.45,404.75,402.6,404.5,71256
2025-12-17T14:00:00+05:30,404.5,405.45,404.2,405.15,41866
2025-12-17T14:15:00+05:30,405.05,405.3,404.8,405.05,17092
2025-12-17T14:30:00+05:30,405.05,405.5,404.95,405.15,31346
2025-12-17T14:45:00+05:30,405.05,405.75,404.45,404.85,36169
2025-12-17T15:00:00+05:30,404.85,405.85,404.15,404.45,132328
2025-12-17T15:15:00+05:30,404.25,404.45,402.0,402.9,71634
2025-12-18T09:15:00+05:30,404.0,406.75,403.2,405.05,86589
2025-12-18T09:30:00+05:30,405.25,406.3,404.9,405.7,50660
2025-12-18T09:45:00+05:30,405.4,406.05,405.0,405.85,38169
2025-12-18T10:00:00+05:30,405.85,407.5,405.45,407.3,62015
2025-12-18T10:15:00+05:30,407.5,407.5,406.65,407.45,31773
2025-12-18T10:30:00+05:30,407.2,407.2,405.7,405.7,23248
2025-12-18T10:45:00+05:30,405.9,407.0,405.55,406.65,15038
2025-12-18T11:00:00+05:30,406.65,417.2,406.6,414.75,489842
2025-12-18T11:15:00+05:30,414.8,415.0,411.1,412.9,152496
2025-12-18T11:30:00+05:30,412.85,412.9,409.0,409.1,48882
2025-12-18T11:45:00+05:30,409.0,411.15,408.8,409.65,166676
2025-12-18T12:00:00+05:30,409.9,410.4,408.65,409.2,49987
2025-12-18T12:15:00+05:30,409.0,409.25,405.85,406.95,54955
2025-12-18T12:30:00+05:30,406.7,407.0,405.5,405.65,29495
2025-12-18T12:45:00+05:30,405.65,406.45,405.2,405.7,26812
2025-12-18T13:00:00+05:30,405.65,406.05,405.5,405.85,9134
2025-12-18T13:15:00+05:30,405.85,406.3,405.5,406.0,42267
2025-12-18T13:30:00+05:30,406.0,410.6,405.5,410.0,218809
2025-12-18T13:45:00+05:30,410.0,411.0,409.25,410.0,61520
2025-12-18T14:00:00+05:30,410.0,410.85,409.2,410.0,44565
2025-12-18T14:15:00+05:30,410.0,410.35,407.4,408.0,93776
2025-12-18T14:30:00+05:30,407.95,409.25,407.65,409.0,30318
2025-12-18T14:45:00+05:30,409.0,410.0,407.7,409.3,136983
2025-12-18T15:00:00+05:30,409.3,411.0,407.7,409.2,194004
2025-12-18T15:15:00+05:30,409.1,412.0,409.05,411.0,243599
2025-12-19T09:15:00+05:30,418.0,427.8,417.95,425.1,871644
2025-12-19T09:30:00+05:30,425.15,428.25,421.55,424.4,415877
2025-12-19T09:45:00+05:30,424.25,425.0,423.25,424.1,153891
2025-12-19T10:00:00+05:30,424.1,425.45,419.35,419.95,192766
2025-12-19T10:15:00+05:30,419.6,423.75,419.2,421.7,134599
2025-12-19T10:30:00+05:30,421.7,423.6,420.5,421.2,66354
2025-12-19T10:45:00+05:30,421.15,421.95,420.0,421.0,46931
2025-12-19T11:00:00+05:30,421.0,422.5,420.5,421.55,25867
2025-12-19T11:15:00+05:30,421.8,422.25,420.45,421.1,42075
2025-12-19T11:30:00+05:30,421.35,423.55,420.45,422.35,66166
2025-12-19T11:45:00+05:30,422.35,423.15,422.0,422.35,24795
2025-12-19T12:00:00+05:30,422.4,424.5,421.95,424.5,74171
2025-12-19T12:15:00+05:30,424.3,428.5,423.4,425.65,346727
2025-12-19T12:30:00+05:30,425.55,434.3,424.8,429.5,778821
2025-12-19T12:45:00+05:30,429.6,431.1,425.6,429.8,478786
2025-12-19T13:00:00+05:30,429.8,432.15,427.5,429.0,223831
2025-12-19T13:15:00+05:30,429.0,431.65,428.45,430.15,158145
2025-12-19T13:30:00+05:30,430.35,439.2,430.35,437.6,744954
2025-12-19T13:45:00+05:30,437.55,441.0,435.65,440.8,547989
2025-12-19T14:00:00+05:30,440.65,448.65,440.55,445.35,2008150
2025-12-19T14:15:00+05:30,445.0,446.5,442.25,444.25,886626
2025-12-19T14:30:00+05:30,444.25,447.9,441.55,446.0,1094084
2025-12-19T14:45:00+05:30,446.15,458.35,445.5,455.8,2225775
2025-12-19T15:00:00+05:30,455.7,477.7,455.3,476.45,5901519
2025-12-19T15:15:00+05:30,476.4,477.2,463.35,465.0,3674893
2025-12-22T09:15:00+05:30,467.7,473.3,454.65,460.55,1774189
2025-12-22T09:30:00+05:30,460.65,467.5,459.0,463.7,764493
2025-12-22T09:45:00+05:30,463.7,492.3,463.5,489.3,3285005
2025-12-22T10:00:00+05:30,488.95,495.0,485.75,488.0,3290126
2025-12-22T10:15:00+05:30,488.3,490.85,483.2,484.4,1304818
2025-12-22T10:30:00+05:30,484.4,488.95,483.05,483.15,920873
2025-12-22T10:45:00+05:30,483.45,485.0,478.5,480.65,716682
2025-12-22T11:00:00+05:30,480.9,481.75,473.2,473.55,969651
2025-12-22T11:15:00+05:30,473.55,478.8,473.0,478.7,1030155
2025-12-22T11:30:00+05:30,478.65,479.4,475.1,476.8,488220
2025-12-22T11:45:00+05:30,476.8,478.8,474.65,475.65,304286
2025-12-22T12:00:00+05:30,475.95,476.3,475.1,475.4,139555
2025-12-22T12:15:00+05:30,475.35,478.5,473.15,478.35,351658
2025-12-22T12:30:00+05:30,478.35,478.5,475.0,475.25,225849
2025-12-22T12:45:00+05:30,475.25,476.45,474.3,475.05,140856
2025-12-22T13:00:00+05:30,475.1,477.65,474.3,476.4,169381
2025-12-22T13:15:00+05:30,476.35,479.2,476.15,477.85,302605
2025-12-22T13:30:00+05:30,477.85,478.2,476.05,477.65,132226
2025-12-22T13:45:00+05:30,477.5,478.85,474.2,474.85,267145
2025-12-22T14:00:00+05:30,474.85,475.95,474.5,475.1,209575
2025-12-22T14:15:00+05:30,475.1,476.7,475.0,476.4,161044
2025-12-22T14:30:00+05:30,476.4,477.65,475.0,475.4,227940
2025-12-22T14:45:00+05:30,475.25,476.6,473.05,475.0,549320
2025-12-22T15:00:00+05:30,475.15,475.95,464.25,466.9,1532044
2025-12-22T15:15:00+05:30,466.9,467.15,461.3,462.2,897601
2025-12-23T09:15:00+05:30,463.0,466.0,453.1,455.2,935024
2025-12-23T09:30:00+05:30,455.35,457.25,454.45,455.3,243770
2025-12-23T09:45:00+05:30,455.1,478.0,454.8,475.25,1410092
2025-12-23T10:00:00+05:30,475.25,492.8,475.05,488.4,2600517
2025-12-23T10:15:00+05:30,488.7,488.9,474.75,478.65,1486268
2025-12-23T10:30:00+05:30,478.65,480.0,474.35,478.55,605490
2025-12-23T10:45:00+05:30,478.55,481.3,475.95,479.45,411125
2025-12-23T11:00:00+05:30,479.4,479.8,477.8,478.8,120442
2025-12-23T11:15:00+05:30,478.8,479.8,477.0,478.0,136867
2025-12-23T11:30:00+05:30,478.0,478.8,476.2,476.8,144111
2025-12-23T11:45:00+05:30,476.8,480.95,474.55,479.65,237536
2025-12-23T12:00:00+05:30,479.6,480.0,478.4,479.4,103241
2025-12-23T12:15:00+05:30,479.15,480.0,478.25,479.1,78856
2025-12-23T12:30:00+05:30,479.1,479.7,478.2,479.45,44964
2025-12-23T12:45:00+05:30,479.65,481.9,479.4,480.0,226762
2025-12-23T13:00:00+05:30,479.85,480.65,478.6,479.6,108722
2025-12-23T13:15:00+05:30,479.25,479.55,475.0,476.15,177766
2025-12-23T13:30:00+05:30,476.2,477.0,475.0,475.4,102133
2025-12-23T13:45:00+05:30,475.5,476.3,472.35,474.15,212867
2025-12-23T14:00:00+05:30,474.25,475.9,473.85,475.3,81302
2025-12-23T14:15:00+05:30,475.5,476.9,469.15,469.9,450657
2025-12-23T14:30:00+05:30,469.9,470.0,463.5,464.5,353630
2025-12-23T14:45:00+05:30,464.65,467.5,464.2,465.3,271384
2025-12-23T15:00:00+05:30,465.3,467.4,464.15,465.0,281871
2025-12-23T15:15:00+05:30,464.85,469.8,464.1,466.6,368174
2025-12-24T09:15:00+05:30,471.9,473.8,468.0,468.1,491451
2025-12-24T09:30:00+05:30,468.0,470.35,463.0,469.7,319113
2025-12-24T09:45:00+05:30,469.7,470.2,466.7,467.85,166855
2025-12-24T10:00:00+05:30,467.6,469.9,464.25,464.8,138069
2025-12-24T10:15:00+05:30,464.6,465.35,461.15,464.2,238030
2025-12-24T10:30:00+05:30,464.3,465.0,463.4,463.95,34587
2025-12-24T10:45:00+05:30,464.0,464.0,456.6,458.35,206563
2025-12-24T11:00:00+05:30,458.4,460.2,457.25,458.5,109039
2025-12-24T11:15:00+05:30,458.4,458.5,456.5,456.95,90967
2025-12-24T11:30:00+05:30,457.1,457.55,455.5,456.65,76057
2025-12-24T11:45:00+05:30,456.25,456.65,455.7,456.0,40047
2025-12-24T12:00:00+05:30,456.0,456.3,454.3,454.95,98625
2025-12-24T12:15:00+05:30,454.95,456.3,454.0,455.1,65026
2025-12-24T12:30:00+05:30,455.1,455.9,454.5,454.85,36205
2025-12-24T12:45:00+05:30,454.9,456.05,454.1,455.6,31597
2025-12-24T13:00:00+05:30,455.7,456.05,453.1,453.55,63101
2025-12-24T13:15:00+05:30,453.55,459.9,453.35,459.25,151096
2025-12-24T13:30:00+05:30,459.15,459.7,455.9,456.25,73645
2025-12-24T13:45:00+05:30,456.25,456.4,454.65,454.7,42824
2025-12-24T14:00:00+05:30,454.7,455.6,454.3,454.9,30902
2025-12-24T14:15:00+05:30,455.05,455.75,454.6,454.95,24526
2025-12-24T14:30:00+05:30,455.05,455.2,449.75,453.85,224969
2025-12-24T14:45:00+05:30,454.0,456.0,453.35,454.5,103141
2025-12-24T15:00:00+05:30,454.7,457.05,452.1,452.2,216698
2025-12-24T15:15:00+05:30,452.35,452.8,447.85,448.95,411010
2025-12-26T09:15:00+05:30,458.25,470.0,454.65,460.1,1366595
2025-12-26T09:30:00+05:30,460.15,461.15,454.2,456.2,303731
2025-12-26T09:45:00+05:30,456.2,457.5,453.0,456.35,150173
2025-12-26T10:00:00+05:30,456.35,460.4,451.4,458.95,350939
2025-12-26T10:15:00+05:30,458.85,463.05,458.15,461.55,450174
2025-12-26T10:30:00+05:30,461.55,462.4,456.8,459.1,156572
2025-12-26T10:45:00+05:30,459.1,461.8,458.7,461.5,65915
2025-12-26T11:00:00+05:30,461.5,464.5,461.0,464.25,196317
2025-12-26T11:15:00+05:30,464.2,465.9,462.0,462.9,255600
2025-12-26T11:30:00+05:30,462.9,463.85,459.0,461.0,133675
2025-12-26T11:45:00+05:30,461.15,462.45,460.4,462.1,39515
2025-12-26T12:00:00+05:30,462.2,462.45,461.4,461.4,35057
2025-12-26T12:15:00+05:30,461.4,462.0,460.4,460.45,42107
2025-12-26T12:30:00+05:30,460.45,460.65,457.25,459.85,197788
2025-12-26T12:45:00+05:30,459.65,460.35,458.55,459.1,32698
2025-12-26T13:00:00+05:30,459.1,459.95,459.0,459.95,24204
2025-12-26T13:15:00+05:30,459.55,460.45,458.1,459.15,56767
2025-12-26T13:30:00+05:30,459.15,459.85,458.75,458.8,20244
2025-12-26T13:45:00+05:30,458.8,459.8,458.75,459.0,26233
2025-12-26T14:00:00+05:30,459.0,459.45,454.0,454.45,120138
2025-12-26T14:15:00+05:30,454.75,455.0,451.0,452.55,113838
2025-12-26T14:30:00+05:30,452.55,455.4,452.15,453.9,119850
2025-12-26T14:45:00+05:30,454.15,454.8,453.05,454.25,39348
2025-12-26T15:00:00+05:30,454.4,456.15,453.3,454.5,149949
2025-12-26T15:15:00+05:30,454.5,454.5,447.0,448.15,425875
2025-12-29T09:15:00+05:30,452.1,456.35,448.5,450.9,244451
2025-12-29T09:30:00+05:30,450.8,452.5,447.3,448.1,103956
2025-12-29T09:45:00+05:30,448.0,450.85,444.0,444.9,134455
2025-12-29T10:00:00+05:30,444.7,451.3,444.7,450.0,176762
2025-12-29T10:15:00+05:30,450.0,450.85,447.9,448.2,91346
2025-12-29T10:30:00+05:30,448.2,450.85,447.65,450.35,145778
2025-12-29T10:45:00+05:30,450.45,453.0,449.85,451.35,62654
2025-12-29T11:00:00+05:30,451.5,452.0,450.0,450.0,25293
2025-12-29T11:15:00+05:30,450.25,452.05,450.1,452.0,44539
2025-12-29T11:30:00+05:30,451.8,452.1,450.75,451.0,37378
2025-12-29T11:45:00+05:30,451.0,454.65,450.75,452.85,204412
2025-12-29T12:00:00+05:30,453.0,453.7,452.1,453.45,43731
2025-12-29T12:15:00+05:30,453.45,453.75,451.7,452.45,62460
2025-12-29T12:30:00+05:30,452.55,452.7,452.0,452.65,22494
2025-12-29T12:45:00+05:30,452.65,454.1,452.65,453.1,48703
2025-12-29T13:00:00+05:30,453.35,453.6,452.65,453.05,16331
2025-12-29T13:15:00+05:30,453.1,453.5,452.0,453.15,22788
2025-12-29T13:30:00+05:30,453.05,453.45,452.5,452.75,18249
2025-12-29T13:45:00+05:30,452.75,454.4,452.6,453.5,44506
2025-12-29T14:00:00+05:30,453.25,454.35,453.0,453.95,26320
2025-12-29T14:15:00+05:30,453.95,454.0,452.05,452.55,42913
2025-12-29T14:30:00+05:30,452.55,452.95,451.3,451.5,32808
2025-12-29T14:45:00+05:30,451.5,453.7,451.5,452.45,33987
2025-12-29T15:00:00+05:30,452.45,453.0,452.0,452.15,55243
2025-12-29T15:15:00+05:30,452.15,453.4,451.25,452.0,189107
2025-12-30T09:15:00+05:30,452.35,459.8,450.25,454.9,420120
2025-12-30T09:30:00+05:30,454.9,456.95,453.8,456.1,117922
2025-12-30T09:45:00+05:30,456.45,462.0,455.5,456.85,404454
2025-12-30T10:00:00+05:30,457.0,458.5,455.5,457.55,86845
2025-12-30T10:15:00+05:30,457.85,465.75,457.2,461.25,306008
2025-12-30T10:30:00+05:30,461.2,461.5,459.1,459.4,74981
2025-12-30T10:45:00+05:30,459.5,460.0,458.2,458.75,64419
2025-12-30T11:00:00+05:30,458.7,460.0,458.0,459.0,57671
2025-12-30T11:15:00+05:30,459.1,459.6,458.0,459.35,32006
2025-12-30T11:30:00+05:30,459.25,461.05,458.65,459.85,57556
2025-12-30T11:45:00+05:30,459.85,459.85,456.8,457.4,52721
2025-12-30T12:00:00+05:30,457.4,457.4,455.45,456.1,61092
2025-12-30T12:15:00+05:30,456.1,457.4,455.3,456.6,28152
2025-12-30T12:30:00+05:30,456.6,458.65,456.1,458.0,41611
2025-12-30T12:45:00+05:30,458.05,458.95,457.75,458.6,26036
2025-12-30T13:00:00+05:30,458.55,460.0,458.05,458.4,47677
2025-12-30T13:15:00+05:30,458.4,463.5,458.4,462.15,197423
2025-12-30T13:30:00+05:30,462.15,463.3,461.25,461.5,63432
2025-12-30T13:45:00+05:30,461.65,462.0,460.9,461.65,38112
2025-12-30T14:00:00+05:30,461.8,463.0,461.05,462.2,56139
2025-12-30T14:15:00+05:30,462.0,462.7,461.5,462.3,26832
2025-12-30T14:30:00+05:30,462.45,465.0,461.75,464.75,90938
2025-12-30T14:45:00+05:30,464.75,465.2,460.0,461.3,146059
2025-12-30T15:00:00+05:30,461.2,463.3,459.45,462.35,213367
2025-12-30T15:15:00+05:30,462.3,462.45,458.05,458.5,241813
2025-12-31T09:15:00+05:30,459.0,460.45,456.5,457.55,108601
2025-12-31T09:30:00+05:30,457.6,458.0,456.75,456.85,24236
2025-12-31T09:45:00+05:30,456.9,461.6,456.9,459.9,86108
2025-12-31T10:00:00+05:30,460.25,460.75,458.55,458.55,31944
2025-12-31T10:15:00+05:30,458.3,459.0,457.0,458.35,55269
2025-12-31T10:30:00+05:30,458.4,459.0,457.7,457.7,8698
2025-12-31T10:45:00+05:30,457.65,458.55,457.5,457.85,12612
2025-12-31T11:00:00+05:30,457.85,458.1,456.5,456.5,18607
2025-12-31T11:15:00+05:30,456.55,457.3,455.15,455.5,27580
2025-12-31T11:30:00+05:30,455.65,455.75,454.5,455.45,32670
2025-12-31T11:45:00+05:30,455.45,456.1,454.6,455.95,19288
2025-12-31T12:00:00+05:30,455.95,456.0,453.7,454.3,32318
2025-12-31T12:15:00+05:30,454.3,455.65,454.3,454.7,18138
2025-12-31T12:30:00+05:30,454.7,454.85,454.1,454.35,5808
2025-12-31T12:45:00+05:30,454.6,455.75,454.0,455.0,28180
2025-12-31T13:00:00+05:30,455.0,455.75,453.85,455.5,29579
2025-12-31T13:15:00+05:30,455.5,455.8,454.15,455.25,15010
2025-12-31T13:30:00+05:30,455.25,456.0,454.65,455.95,7652
2025-12-31T13:45:00+05:30,455.8,457.8,454.2,454.8,67803
2025-12-31T14:00:00+05:30,454.75,454.8,453.7,453.8,13962
2025-12-31T14:15:00+05:30,453.8,454.5,452.5,452.85,60637
2025-12-31T14:30:00+05:30,452.85,453.0,449.0,450.1,162567
2025-12-31T14:45:00+05:30,450.1,452.35,449.75,450.45,43462
2025-12-31T15:00:00+05:30,450.45,454.0,450.05,451.4,123080
2025-12-31T15:15:00+05:30,451.4,452.4,448.0,449.7,186922
2026-01-01T09:15:00+05:30,451.95,458.4,450.7,458.4,161506
2026-01-01T09:30:00+05:30,458.4,459.9,455.2,455.85,81587
2026-01-01T09:45:00+05:30,455.55,455.85,453.2,453.7,45808
2026-01-01T10:00:00+05:30,454.0,454.25,452.1,452.5,40208
2026-01-01T10:15:00+05:30,452.3,452.9,449.15,451.15,60337
2026-01-01T10:30:00+05:30,451.55,452.85,451.25,451.85,30999
2026-01-01T10:45:00+05:30,451.55,452.0,451.5,451.75,8584
2026-01-01T11:00:00+05:30,451.75,453.65,451.3,453.6,22092
2026-01-01T11:15:00+05:30,453.6,453.85,451.4,451.65,8901
2026-01-01T11:30:00+05:30,451.5,452.2,450.55,450.8,16387
2026-01-01T11:45:00+05:30,450.8,450.8,447.6,448.0,71624
2026-01-01T12:00:00+05:30,447.7,449.3,445.75,445.75,50467
2026-01-01T12:15:00+05:30,445.8,446.3,443.8,444.8,120891
2026-01-01T12:30:00+05:30,444.85,445.6,444.0,444.35,18112
2026-01-01T12:45:00+05:30,444.35,446.1,444.0,444.7,44968
2026-01-01T13:00:00+05:30,444.7,445.5,442.95,443.4,52327
2026-01-01T13:15:00+05:30,443.1,443.8,442.2,443.0,32306
2026-01-01T13:30:00+05:30,443.0,443.25,442.6,442.95,9080
2026-01-01T13:45:00+05:30,442.95,443.45,441.3,442.25,28505
2026-01-01T14:00:00+05:30,442.55,442.55,441.25,441.7,24200
2026-01-01T14:15:00+05:30,441.7,441.9,441.2,441.4,13945
2026-01-01T14:30:00+05:30,441.4,441.4,440.05,440.9,28891
2026-01-01T14:45:00+05:30,440.8,441.15,436.05,436.6,140405
2026-01-01T15:00:00+05:30,436.65,440.75,436.35,439.1,93921
2026-01-01T15:15:00+05:30,439.4,439.8,437.15,438.8,141562
2026-01-02T09:15:00+05:30,440.95,444.2,437.3,443.4,212277
2026-01-02T09:30:00+05:30,443.15,447.75,442.0,446.05,103141
2026-01-02T09:45:00+05:30,446.05,449.0,445.3,447.75,78106
2026-01-02T10:00:00+05:30,447.75,456.75,447.05,455.0,319477
2026-01-02T10:15:00+05:30,455.15,456.8,454.0,455.0,190280
2026-01-02T10:30:00+05:30,455.05,455.5,452.75,454.1,127921
2026-01-02T10:45:00+05:30,454.05,454.2,452.0,452.5,77898
2026-01-02T11:00:00+05:30,452.3,453.25,452.0,452.45,22844
2026-01-02T11:15:00+05:30,452.45,452.5,451.05,452.1,30832
2026-01-02T11:30:00+05:30,452.1,452.15,451.3,452.15,12055
2026-01-02T11:45:00+05:30,452.15,453.0,451.7,452.55,15100
2026-01-02T12:00:00+05:30,452.35,454.4,452.35,453.55,35797
2026-01-02T12:15:00+05:30,453.6,453.7,451.55,452.35,48272
2026-01-02T12:30:00+05:30,452.3,452.6,451.0,452.2,26261
2026-01-02T12:45:00+05:30,452.2,452.4,451.5,452.2,18558
2026-01-02T13:00:00+05:30,452.2,453.0,451.95,452.5,26786
2026-01-02T13:15:00+05:30,452.5,453.2,452.05,452.4,21151
2026-01-02T13:30:00+05:30,452.4,453.5,452.05,453.35,13961
2026-01-02T13:45:00+05:30,453.3,453.6,452.45,452.7,26364
2026-01-02T14:00:00+05:30,452.7,453.55,452.4,452.9,31599
2026-01-02T14:15:00+05:30,452.85,453.65,452.4,453.2,25872
2026-01-02T14:30:00+05:30,453.2,453.35,452.5,452.85,16248
2026-01-02T14:45:00+05:30,452.85,453.2,452.6,452.85,23131
2026-01-02T15:00:00+05:30,452.75,454.0,451.15,451.55,99076
2026-01-02T15:15:00+05:30,451.75,453.5,450.2,450.85,143263
2026-01-05T09:15:00+05:30,451.8,452.45,444.0,448.0,185759
2026-01-05T09:30:00+05:30,448.0,449.7,447.2,449.25,22170
2026-01-05T09:45:00+05:30,449.0,451.35,447.4,447.5,38556
2026-01-05T10:00:00+05:30,447.7,447.7,446.0,446.5,23095
2026-01-05T10:15:00+05:30,446.5,447.15,446.2,446.55,12663
2026-01-05T10:30:00+05:30,446.5,446.55,445.0,445.75,40221
2026-01-05T10:45:00+05:30,445.65,446.15,444.4,444.9,18854
2026-01-05T11:00:00+05:30,445.25,445.65,444.85,445.0,9931
2026-01-05T11:15:00+05:30,445.0,445.1,444.1,444.15,9603
2026-01-05T11:30:00+05:30,444.25,444.6,444.0,444.5,16536
2026-01-05T11:45:00+05:30,444.5,446.95,444.5,445.5,15922
2026-01-05T12:00:00+05:30,445.75,447.4,445.3,447.0,18496
2026-01-05T12:15:00+05:30,447.0,447.95,446.5,447.25,14441
2026-01-05T12:30:00+05:30,447.35,447.8,446.8,446.8,7652
2026-01-05T12:45:00+05:30,446.9,447.2,446.1,447.2,6954
2026-01-05T13:00:00+05:30,447.35,447.85,446.55,446.6,10442
2026-01-05T13:15:00+05:30,446.6,446.65,444.85,445.1,79534
2026-01-05T13:30:00+05:30,445.35,445.75,444.95,445.4,9178
2026-01-05T13:45:00+05:30,445.4,445.7,445.1,445.25,5140
2026-01-05T14:00:00+05:30,445.25,445.35,444.25,445.0,9722
2026-01-05T14:15:00+05:30,445.0,445.4,444.8,445.1,4471
2026-01-05T14:30:00+05:30,445.0,446.0,445.0,445.85,14139
2026-01-05T14:45:00+05:30,445.75,446.8,444.1,446.15,46692
2026-01-05T15:00:00+05:30,446.15,446.15,445.0,445.25,31022
2026-01-05T15:15:00+05:30,445.25,445.75,444.3,445.0,80503
2026-01-06T09:15:00+05:30,446.8,446.95,443.1,444.6,60667
2026-01-06T09:30:00+05:30,444.55,444.8,442.0,442.1,36588
2026-01-06T09:45:00+05:30,442.6,444.6,441.15,441.9,30432
2026-01-06T10:00:00+05:30,442.3,445.1,441.5,444.1,42494
2026-01-06T10:15:00+05:30,444.35,447.85,444.35,446.0,64080
2026-01-06T10:30:00+05:30,446.0,447.6,445.25,446.3,31346
2026-01-06T10:45:00+05:30,446.35,447.1,446.0,446.0,11719
2026-01-06T11:00:00+05:30,446.3,446.65,442.7,443.25,225594
2026-01-06T11:15:00+05:30,443.25,443.25,439.55,440.75,48251
2026-01-06T11:30:00+05:30,440.55,441.2,439.55,439.95,20336
2026-01-06T11:45:00+05:30,439.8,441.0,439.5,440.15,10967
2026-01-06T12:00:00+05:30,440.25,441.5,439.95,441.2,14461
2026-01-06T12:15:00+05:30,441.45,441.9,440.75,441.3,10338
2026-01-06T12:30:00+05:30,441.25,442.6,441.0,441.0,10853
2026-01-06T12:45:00+05:30,441.0,442.2,440.25,441.55,7989
2026-01-06T13:00:00+05:30,441.55,441.85,440.8,441.0,14782
2026-01-06T13:15:00+05:30,441.0,441.75,440.2,441.2,75980
2026-01-06T13:30:00+05:30,441.05,442.5,440.8,442.45,27120
2026-01-06T13:45:00+05:30,442.2,444.15,442.2,444.0,285989
2026-01-06T14:00:00+05:30,443.85,444.6,443.5,444.0,43388
2026-01-06T14:15:00+05:30,444.0,445.0,443.6,444.9,50029
2026-01-06T14:30:00+05:30,444.8,446.9,444.8,446.15,33571
2026-01-06T14:45:00+05:30,446.15,447.25,445.0,446.9,61881
2026-01-06T15:00:00+05:30,446.75,446.9,444.8,445.05,52607
2026-01-06T15:15:00+05:30,445.05,446.0,444.0,445.15,154333
2026-01-07T09:15:00+05:30,444.9,452.0,444.25,446.65,163474
2026-01-07T09:30:00+05:30,447.0,458.1,446.65,456.7,186950
2026-01-07T09:45:00+05:30,456.3,457.65,452.4,453.2,110959
2026-01-07T10:00:00+05:30,453.5,454.6,452.5,454.45,66311
2026-01-07T10:15:00+05:30,454.55,456.0,453.6,454.2,53444
2026-01-07T10:30:00+05:30,454.25,455.2,453.55,455.0,22825
2026-01-07T10:45:00+05:30,455.0,455.05,450.05,450.9,40469
2026-01-07T11:00:00+05:30,450.85,453.75,448.5,451.5,200227
2026-01-07T11:15:00+05:30,451.65,451.8,450.2,450.2,20432
2026-01-07T11:30:00+05:30,450.6,452.4,450.6,452.4,18194
2026-01-07T11:45:00+05:30,452.2,452.9,451.1,452.0,42132
2026-01-07T12:00:00+05:30,451.95,452.05,451.25,451.25,10719
2026-01-07T12:15:00+05:30,451.3,452.75,450.5,451.4,67243
2026-01-07T12:30:00+05:30,451.0,453.95,450.75,452.4,81665
2026-01-07T12:45:00+05:30,452.6,454.2,452.15,452.7,26963
2026-01-07T13:00:00+05:30,452.8,453.55,451.95,452.5,42363
2026-01-07T13:15:00+05:30,452.4,453.2,449.35,452.5,145645
2026-01-07T13:30:00+05:30,452.5,454.1,452.4,453.75,28660
2026-01-07T13:45:00+05:30,453.7,453.9,452.0,452.5,24286
2026-01-07T14:00:00+05:30,452.35,452.7,450.05,450.8,81715
2026-01-07T14:15:00+05:30,450.65,450.8,449.4,450.4,18147
2026-01-07T14:30:00+05:30,450.45,450.55,449.05,450.4,22732
2026-01-07T14:45:00+05:30,450.35,452.6,449.05,451.3,165159
2026-01-07T15:00:00+05:30,451.3,453.85,451.0,453.25,75866
2026-01-07T15:15:00+05:30,453.25,455.25,452.55,454.2,107323
2026-01-08T09:15:00+05:30,453.2,457.15,450.1,451.1,94927
2026-01-08T09:30:00+05:30,451.1,462.05,450.25,456.75,312913
2026-01-08T09:45:00+05:30,456.75,459.9,455.0,458.2,98883
2026-01-08T10:00:00+05:30,458.2,458.2,456.6,457.45,36770
2026-01-08T10:15:00+05:30,457.25,458.85,455.6,456.1,47552
2026-01-08T10:30:00+05:30,456.0,456.95,455.35,456.9,23449
2026-01-08T10:45:00+05:30,456.85,456.9,454.3,455.2,52149
2026-01-08T11:00:00+05:30,455.45,456.45,455.0,455.05,19623
2026-01-08T11:15:00+05:30,455.05,456.0,448.35,448.5,86651
2026-01-08T11:30:00+05:30,448.75,450.2,445.6,446.0,84454
2026-01-08T11:45:00+05:30,446.1,446.85,441.6,445.4,108979
2026-01-08T12:00:00+05:30,445.3,447.35,444.5,446.1,41403
2026-01-08T12:15:00+05:30,446.15,447.95,445.45,446.65,39100
2026-01-08T12:30:00+05:30,446.65,447.75,445.7,446.9,19130
2026-01-08T12:45:00+05:30,446.95,447.85,444.05,447.05,149457
2026-01-08T13:00:00+05:30,447.05,448.4,446.55,447.25,36616
2026-01-08T13:15:00+05:30,447.2,447.35,446.75,447.05,15676
2026-01-08T13:30:00+05:30,447.05,448.0,446.5,447.4,61197
2026-01-08T13:45:00+05:30,447.3,448.0,447.05,447.3,9307
2026-01-08T14:00:00+05:30,447.3,448.5,447.3,448.15,11495
2026-01-08T14:15:00+05:30,448.1,448.2,447.2,447.3,6540
2026-01-08T14:30:00+05:30,447.3,449.15,447.15,448.95,30171
2026-01-08T14:45:00+05:30,448.5,449.7,448.3,448.6,16878
2026-01-08T15:00:00+05:30,448.65,448.65,446.1,447.05,126954
2026-01-08T15:15:00+05:30,447.05,449.8,446.75,447.5,96918
2026-01-09T09:15:00+05:30,447.55,450.75,445.95,447.6,66159
2026-01-09T09:30:00+05:30,447.6,448.75,444.3,447.5,60053
2026-01-09T09:45:00+05:30,447.65,449.95,447.6,449.45,36606
2026-01-09T10:00:00+05:30,449.45,454.85,449.2,453.05,80241
2026-01-09T10:15:00+05:30,453.1,454.7,453.0,454.35,61378
2026-01-09T10:30:00+05:30,454.35,458.7,453.25,458.0,68058
2026-01-09T10:45:00+05:30,458.2,459.75,456.75,458.2,176900
2026-01-09T11:00:00+05:30,458.2,458.9,457.05,458.05,54242
2026-01-09T11:15:00+05:30,458.05,458.3,455.95,457.0,57213
2026-01-09T11:30:00+05:30,457.0,457.55,455.4,455.75,37975
2026-01-09T11:45:00+05:30,455.65,456.0,455.05,455.3,30606
2026-01-09T12:00:00+05:30,455.3,455.9,453.4,455.4,49165
2026-01-09T12:15:00+05:30,455.3,457.0,455.05,455.1,38472
2026-01-09T12:30:00+05:30,455.3,456.15,453.1,455.5,486676
2026-01-09T12:45:00+05:30,455.7,456.95,455.6,456.35,22620
2026-01-09T13:00:00+05:30,456.6,456.95,456.1,456.75,21891
2026-01-09T13:15:00+05:30,456.6,456.95,455.1,455.65,17875
2026-01-09T13:30:00+05:30,455.65,458.0,455.3,457.0,40622
2026-01-09T13:45:00+05:30,457.2,457.7,457.0,457.15,36684
2026-01-09T14:00:00+05:30,457.45,458.5,457.0,457.8,83676
2026-01-09T14:15:00+05:30,457.8,458.95,457.0,457.15,69533
2026-01-09T14:30:00+05:30,457.15,458.95,457.1,458.35,45901
2026-01-09T14:45:00+05:30,458.35,459.55,458.0,459.55,97189
2026-01-09T15:00:00+05:30,459.2,459.7,458.0,458.3,114086
2026-01-09T15:15:00+05:30,458.1,459.0,451.0,452.9,208210
2026-01-12T09:15:00+05:30,451.05,452.8,443.75,447.15,260353
2026-01-12T09:30:00+05:30,447.0,451.65,446.05,449.5,90740
2026-01-12T09:45:00+05:30,449.5,453.8,449.25,452.95,69951
2026-01-12T10:00:00+05:30,452.85,457.0,452.85,454.15,106569
2026-01-12T10:15:00+05:30,454.1,456.0,453.8,455.3,33740
2026-01-12T10:30:00+05:30,455.05,455.5,451.55,454.4,415071
2026-01-12T10:45:00+05:30,454.1,454.1,449.8,453.3,42957
2026-01-12T11:00:00+05:30,453.15,453.5,450.95,451.0,17143
2026-01-12T11:15:00+05:30,451.2,451.7,450.0,450.05,17476
2026-01-12T11:30:00+05:30,450.4,451.75,448.0,451.4,66897
2026-01-12T11:45:00+05:30,451.35,452.75,450.5,450.85,14381
2026-01-12T12:00:00+05:30,451.1,453.2,450.65,453.2,16843
2026-01-12T12:15:00+05:30,453.0,454.25,452.05,454.25,20517
2026-01-12T12:30:00+05:30,454.25,454.25,452.55,453.45,12503
2026-01-12T12:45:00+05:30,453.15,453.4,453.0,453.0,5354
2026-01-12T13:00:00+05:30,453.15,453.95,452.8,453.5,16304
2026-01-12T13:15:00+05:30,453.65,453.95,452.75,453.05,8936
2026-01-12T13:30:00+05:30,453.3,455.35,453.05,454.95,32044
2026-01-12T13:45:00+05:30,454.9,455.25,454.45,455.0,14939
2026-01-12T14:00:00+05:30,455.0,455.05,454.1,454.35,11296
2026-01-12T14:15:00+05:30,454.65,455.35,453.0,454.35,24723
2026-01-12T14:30:00+05:30,454.55,455.45,453.9,455.1,29081
2026-01-12T14:45:00+05:30,455.0,456.7,454.8,455.4,44366
2026-01-12T15:00:00+05:30,455.6,456.05,454.6,455.0,70235
2026-01-12T15:15:00+05:30,454.95,459.95,453.25,455.0,216170
2026-01-13T09:15:00+05:30,460.0,460.0,450.5,450.95,108547
2026-01-13T09:30:00+05:30,450.7,451.95,450.2,450.35,55501
2026-01-13T09:45:00+05:30,450.55,453.15,449.0,450.0,52365
2026-01-13T10:00:00+05:30,450.1,451.65,449.3,449.35,29443
2026-01-13T10:15:00+05:30,449.35,451.1,449.25,450.85,26052
2026-01-13T10:30:00+05:30,450.85,453.75,450.55,452.3,50048
2026-01-13T10:45:00+05:30,452.5,453.2,452.0,452.55,19338
2026-01-13T11:00:00+05:30,452.7,452.7,452.0,452.0,11848
2026-01-13T11:15:00+05:30,452.0,453.0,452.0,452.9,11984
2026-01-13T11:30:00+05:30,452.9,454.35,452.45,453.15,26006
2026-01-13T11:45:00+05:30,453.15,453.5,452.25,452.95,12090
2026-01-13T12:00:00+05:30,452.8,452.95,452.0,452.2,18399
2026-01-13T12:15:00+05:30,452.15,453.0,452.0,453.0,16514
2026-01-13T12:30:00+05:30,452.65,452.75,452.0,452.0,9360
2026-01-13T12:45:00+05:30,452.0,452.3,450.65,451.4,59898
2026-01-13T13:00:00+05:30,451.4,452.45,451.2,452.0,14916
2026-01-13T13:15:00+05:30,452.0,452.5,452.0,452.1,9394
2026-01-13T13:30:00+05:30,452.05,452.95,451.95,452.1,13061
2026-01-13T13:45:00+05:30,452.1,452.35,452.0,452.05,9541
2026-01-13T14:00:00+05:30,452.05,452.4,452.0,452.0,24665
2026-01-13T14:15:00+05:30,452.05,452.65,452.0,452.15,17798
2026-01-13T14:30:00+05:30,452.0,453.5,452.0,452.5,36631
2026-01-13T14:45:00+05:30,452.6,453.0,452.0,452.15,32430
2026-01-13T15:00:00+05:30,452.15,452.4,446.15,446.9,119547
2026-01-13T15:15:00+05:30,446.95,447.0,437.95,441.0,129298
2026-01-14T09:15:00+05:30,445.05,445.75,440.2,444.85,140373
2026-01-14T09:30:00+05:30,445.0,450.25,444.15,448.5,111921
2026-01-14T09:45:00+05:30,448.5,451.25,447.8,451.1,158087
2026-01-14T10:00:00+05:30,451.2,452.95,450.25,452.45,96764
2026-01-14T10:15:00+05:30,452.45,454.95,452.0,454.9,75325
2026-01-14T10:30:00+05:30,455.0,455.9,451.0,454.55,118923
2026-01-14T10:45:00+05:30,454.75,456.75,453.7,456.55,97675
2026-01-14T11:00:00+05:30,456.45,457.3,454.6,454.6,63853
2026-01-14T11:15:00+05:30,454.6,456.9,454.4,456.25,68320
2026-01-14T11:30:00+05:30,456.25,457.1,456.0,456.25,48894
2026-01-14T11:45:00+05:30,456.0,457.95,456.0,457.8,43909
2026-01-14T12:00:00+05:30,457.8,459.05,457.45,458.5,74328
2026-01-14T12:15:00+05:30,458.6,460.55,458.35,459.15,95423
2026-01-14T12:30:00+05:30,459.15,459.8,457.45,458.0,286213
2026-01-14T12:45:00+05:30,458.05,459.05,457.25,458.0,262892
2026-01-14T13:00:00+05:30,458.0,458.6,457.1,457.6,44240
2026-01-14T13:15:00+05:30,457.6,457.75,454.05,454.25,96665
2026-01-14T13:30:00+05:30,454.3,454.55,453.1,453.55,58873
2026-01-14T13:45:00+05:30,453.7,454.2,452.1,453.0,47127
2026-01-14T14:00:00+05:30,452.7,453.5,451.45,452.9,44251
2026-01-14T14:15:00+05:30,452.9,454.8,452.9,454.75,44687
2026-01-14T14:30:00+05:30,454.75,455.95,453.75,455.8,46018
2026-01-14T14:45:00+05:30,455.8,459.0,455.15,457.85,103864
2026-01-14T15:00:00+05:30,457.8,458.85,456.4,457.7,193117
2026-01-14T15:15:00+05:30,457.8,458.55,455.25,457.0,221113
2026-01-16T09:15:00+05:30,456.9,459.15,451.3,453.4,129954
2026-01-16T09:30:00+05:30,453.5,455.4,453.45,454.8,64076
2026-01-16T09:45:00+05:30,454.85,458.3,454.65,457.9,57785
2026-01-16T10:00:00+05:30,457.8,472.1,457.8,469.35,520861
2026-01-16T10:15:00+05:30,469.05,472.0,467.5,469.75,212672
2026-01-16T10:30:00+05:30,469.75,474.4,469.4,474.1,205975
2026-01-16T10:45:00+05:30,474.3,476.3,470.05,473.6,570954
2026-01-16T11:00:00+05:30,473.55,473.6,471.0,471.45,107463
2026-01-16T11:15:00+05:30,471.15,472.35,470.65,471.5,37764
2026-01-16T11:30:00+05:30,471.5,472.4,470.6,471.45,42540
2026-01-16T11:45:00+05:30,471.45,473.15,471.0,471.2,34345
2026-01-16T12:00:00+05:30,471.2,475.3,471.1,473.25,105909
2026-01-16T12:15:00+05:30,473.35,473.4,467.15,467.9,178481
2026-01-16T12:30:00+05:30,467.9,469.95,467.8,469.45,48263
2026-01-16T12:45:00+05:30,469.45,469.45,467.5,468.4,91663
2026-01-16T13:00:00+05:30,468.4,468.7,464.2,464.3,126502
2026-01-16T13:15:00+05:30,464.35,465.0,463.0,463.85,64127
2026-01-16T13:30:00+05:30,463.95,466.0,463.6,465.3,41053
2026-01-16T13:45:00+05:30,465.4,465.8,455.95,458.05,139114
2026-01-16T14:00:00+05:30,458.0,460.0,455.4,455.4,149264
2026-01-16T14:15:00+05:30,455.5,456.1,453.05,453.8,86858
2026-01-16T14:30:00+05:30,453.6,454.25,451.65,453.5,113995
2026-01-16T14:45:00+05:30,453.5,454.9,453.25,453.85,43206
2026-01-16T15:00:00+05:30,453.9,453.9,452.0,452.05,87003
2026-01-16T15:15:00+05:30,452.1,452.25,449.05,450.6,197340
2026-01-19T09:15:00+05:30,451.3,456.0,447.5,447.5,133466
2026-01-19T09:30:00+05:30,447.5,449.45,446.15,446.15,89645
2026-01-19T09:45:00+05:30,446.2,447.4,444.8,446.65,84859
2026-01-19T10:00:00+05:30,446.95,446.95,442.55,442.95,66626
2026-01-19T10:15:00+05:30,442.9,444.9,442.2,443.1,31444
2026-01-19T10:30:00+05:30,443.1,443.5,442.0,442.15,52471
2026-01-19T10:45:00+05:30,442.25,445.4,441.2,444.5,241680
2026-01-19T11:00:00+05:30,444.7,445.7,443.7,444.2,342581
2026-01-19T11:15:00+05:30,444.0,444.6,443.5,443.8,16780
2026-01-19T11:30:00+05:30,444.0,444.35,443.7,444.0,14630
2026-01-19T11:45:00+05:30,444.0,444.7,443.75,444.0,10861
2026-01-19T12:00:00+05:30,444.0,444.5,443.75,444.15,9106
2026-01-19T12:15:00+05:30,444.05,444.5,443.4,444.0,16712
2026-01-19T12:30:00+05:30,444.1,444.2,442.65,443.75,8314
2026-01-19T12:45:00+05:30,443.75,444.2,443.0,443.05,14822
2026-01-19T13:00:00+05:30,442.6,444.0,441.65,442.45,58247
2026-01-19T13:15:00+05:30,443.05,444.5,442.25,443.35,64390
2026-01-19T13:30:00+05:30,443.65,444.45,442.55,443.5,45730
2026-01-19T13:45:00+05:30,443.65,443.65,439.0,441.65,84047
2026-01-19T14:00:00+05:30,441.4,442.25,440.6,442.0,88177
2026-01-19T14:15:00+05:30,442.05,442.1,441.0,442.0,105767
2026-01-19T14:30:00+05:30,442.0,442.3,439.4,441.85,121256
2026-01-19T14:45:00+05:30,441.9,442.3,440.8,441.95,110011
2026-01-19T15:00:00+05:30,442.15,444.25,441.55,444.25,97428
2026-01-19T15:15:00+05:30,444.25,444.85,442.3,444.0,102116
2026-01-20T09:15:00+05:30,445.7,445.7,431.0,431.1,539899
2026-01-20T09:30:00+05:30,431.3,432.2,428.0,429.8,143786
2026-01-20T09:45:00+05:30,429.8,430.45,426.15,426.95,98496
2026-01-20T10:00:00+05:30,426.95,428.95,425.55,427.25,103338
2026-01-20T10:15:00+05:30,427.25,428.3,426.15,426.15,34258
2026-01-20T10:30:00+05:30,426.2,430.4,426.15,429.2,61413
2026-01-20T10:45:00+05:30,429.3,430.0,428.6,429.25,32408
2026-01-20T11:00:00+05:30,429.25,429.4,427.5,427.75,29580
2026-01-20T11:15:00+05:30,427.9,428.8,426.5,427.9,42212
2026-01-20T11:30:00+05:30,427.85,429.0,427.6,427.65,20804
2026-01-20T11:45:00+05:30,427.85,428.0,426.5,427.35,56112
2026-01-20T12:00:00+05:30,427.15,429.0,426.25,427.9,36583
2026-01-20T12:15:00+05:30,428.0,428.75,427.75,428.4,20317
2026-01-20T12:30:00+05:30,428.3,430.25,427.45,429.05,69961
2026-01-20T12:45:00+05:30,429.05,430.15,428.75,430.1,24455
2026-01-20T13:00:00+05:30,430.1,431.0,429.6,430.75,21966
2026-01-20T13:15:00+05:30,430.75,431.7,430.6,431.0,20510
2026-01-20T13:30:00+05:30,431.0,431.55,428.95,429.7,45460
2026-01-20T13:45:00+05:30,429.7,430.5,429.15,430.15,28278
2026-01-20T14:00:00+05:30,429.75,431.15,429.1,431.0,32384
2026-01-20T14:15:00+05:30,430.75,432.6,430.05,431.25,48869
2026-01-20T14:30:00+05:30,431.0,432.45,430.95,431.45,25136
2026-01-20T14:45:00+05:30,431.45,433.8,430.8,432.0,61834
2026-01-20T15:00:00+05:30,432.0,432.0,428.05,428.65,99306
2026-01-20T15:15:00+05:30,428.25,432.95,426.1,431.0,232820
2026-01-21T09:15:00+05:30,431.0,441.0,430.3,437.0,178674
2026-01-21T09:30:00+05:30,437.0,440.4,436.05,438.75,99548
2026-01-21T09:45:00+05:30,438.2,441.4,434.75,435.1,93047
2026-01-21T10:00:00+05:30,435.1,437.1,434.7,436.3,51048
2026-01-21T10:15:00+05:30,435.9,436.7,434.45,434.95,46102
2026-01-21T10:30:00+05:30,435.0,435.1,432.9,432.9,22835
2026-01-21T10:45:00+05:30,433.0,433.0,426.35,426.9,74004
2026-01-21T11:00:00+05:30,426.75,430.7,426.55,429.1,39185
2026-01-21T11:15:00+05:30,429.25,429.4,427.1,427.55,12926
2026-01-21T11:30:00+05:30,427.95,428.95,426.5,428.05,22475
2026-01-21T11:45:00+05:30,428.5,432.6,428.5,432.2,37730
2026-01-21T12:00:00+05:30,432.2,434.1,431.95,433.0,15566
2026-01-21T12:15:00+05:30,433.0,433.2,431.2,432.0,10833
2026-01-21T12:30:00+05:30,432.0,433.7,432.0,432.1,13711
2026-01-21T12:45:00+05:30,432.3,435.25,432.3,434.65,20791
2026-01-21T13:00:00+05:30,434.8,435.6,434.0,434.8,13834
2026-01-21T13:15:00+05:30,434.8,437.9,434.3,436.6,66812
2026-01-21T13:30:00+05:30,436.6,437.8,436.05,436.05,40057
2026-01-21T13:45:00+05:30,436.05,437.35,435.95,436.5,28621
2026-01-21T14:00:00+05:30,436.55,438.0,433.5,433.7,61907
2026-01-21T14:15:00+05:30,433.7,435.35,433.1,434.85,19206
2026-01-21T14:30:00+05:30,434.8,435.9,434.8,435.45,9603
2026-01-21T14:45:00+05:30,435.6,435.8,433.1,433.25,20491
2026-01-21T15:00:00+05:30,433.5,437.6,433.25,437.0,56560
2026-01-21T15:15:00+05:30,436.8,439.45,435.5,435.75,153760
2026-01-22T09:15:00+05:30,440.1,442.65,435.5,435.8,88512
2026-01-22T09:30:00+05:30,435.6,437.3,435.2,435.3,65239
2026-01-22T09:45:00+05:30,435.3,436.9,435.0,435.15,17295
2026-01-22T10:00:00+05:30,435.35,438.8,434.3,438.6,219655
2026-01-22T10:15:00+05:30,438.5,440.05,437.2,437.5,28387
2026-01-22T10:30:00+05:30,437.3,438.2,437.0,437.25,8663
2026-01-22T10:45:00+05:30,437.15,438.75,436.7,438.0,16368
2026-01-22T11:00:00+05:30,438.2,439.8,437.7,438.4,15799
2026-01-22T11:15:00+05:30,438.75,439.8,438.2,438.5,14962
2026-01-22T11:30:00+05:30,438.75,439.7,438.15,438.15,6483
2026-01-22T11:45:00+05:30,438.15,439.1,437.55,438.25,20621
2026-01-22T12:00:00+05:30,438.25,439.2,437.65,439.1,9986
2026-01-22T12:15:00+05:30,439.1,439.7,438.4,438.65,7690
2026-01-22T12:30:00+05:30,438.65,439.5,437.85,439.25,14626
2026-01-22T12:45:00+05:30,439.25,439.4,438.5,438.75,5058
2026-01-22T13:00:00+05:30,438.9,439.35,438.5,438.8,5395
2026-01-22T13:15:00+05:30,438.65,439.4,438.05,439.25,11127
2026-01-22T13:30:00+05:30,439.25,439.8,438.5,439.35,11954
2026-01-22T13:45:00+05:30,439.35,439.65,439.05,439.3,6475
2026-01-22T14:00:00+05:30,439.25,439.8,438.8,439.5,15438
2026-01-22T14:15:00+05:30,439.5,440.05,439.45,439.9,13236
2026-01-22T14:30:00+05:30,440.0,441.0,439.8,440.2,12109
2026-01-22T14:45:00+05:30,440.65,441.5,440.3,441.05,15660
2026-01-22T15:00:00+05:30,441.25,441.55,440.5,440.85,32330
2026-01-22T15:15:00+05:30,440.85,441.2,439.5,439.6,51704
2026-01-23T09:15:00+05:30,439.6,442.75,437.0,440.9,41969
2026-01-23T09:30:00+05:30,440.7,440.9,439.5,440.2,13936
2026-01-23T09:45:00+05:30,439.9,441.05,439.5,441.0,16112
2026-01-23T10:00:00+05:30,441.0,442.05,440.65,441.0,12490
2026-01-23T10:15:00+05:30,441.0,441.95,440.4,441.55,7330
2026-01-23T10:30:00+05:30,441.3,441.55,439.5,439.8,11055
2026-01-23T10:45:00+05:30,440.0,440.45,436.8,437.15,86532
2026-01-23T11:00:00+05:30,436.7,438.85,436.25,437.55,37133
2026-01-23T11:15:00+05:30,437.55,438.0,437.4,437.6,21779
2026-01-23T11:30:00+05:30,437.8,438.3,437.4,437.45,24704
2026-01-23T11:45:00+05:30,437.5,437.7,437.4,437.5,24142
2026-01-23T12:00:00+05:30,437.5,437.75,437.45,437.5,24986
2026-01-23T12:15:00+05:30,437.5,437.9,437.0,437.5,43446
2026-01-23T12:30:00+05:30,437.55,437.75,431.5,432.65,33111
2026-01-23T12:45:00+05:30,432.9,433.1,430.3,430.95,32645
2026-01-23T13:00:00+05:30,431.25,431.6,429.8,430.85,31499
2026-01-23T13:15:00+05:30,430.95,431.0,428.45,428.6,21996
2026-01-23T13:30:00+05:30,428.8,428.8,427.2,427.65,17293
2026-01-23T13:45:00+05:30,427.65,428.0,427.0,427.05,10249
2026-01-23T14:00:00+05:30,427.05,427.4,422.0,423.25,126613
2026-01-23T14:15:00+05:30,423.25,423.7,422.05,422.7,12248
2026-01-23T14:30:00+05:30,422.7,424.8,422.45,422.65,31796
2026-01-23T14:45:00+05:30,422.65,423.55,421.8,422.4,28150
2026-01-23T15:00:00+05:30,422.25,429.5,422.25,424.95,128327
2026-01-23T15:15:00+05:30,424.65,424.7,421.0,421.45,80433
2026-01-27T09:15:00+05:30,423.5,426.05,418.0,425.35,124648
2026-01-27T09:30:00+05:30,424.9,428.55,423.05,426.2,58856
2026-01-27T09:45:00+05:30,426.2,433.7,425.65,431.7,60947
2026-01-27T10:00:00+05:30,432.0,432.65,430.05,430.45,46613
2026-01-27T10:15:00+05:30,430.45,431.0,425.0,425.65,42057
2026-01-27T10:30:00+05:30,425.7,427.45,422.1,422.35,49849
2026-01-27T10:45:00+05:30,422.4,425.1,422.05,423.45,19512
2026-01-27T11:00:00+05:30,423.7,425.9,423.25,425.4,12537
2026-01-27T11:15:00+05:30,425.65,426.4,425.0,425.6,17092
2026-01-27T11:30:00+05:30,425.8,429.25,425.7,428.5,16134
2026-01-27T11:45:00+05:30,428.55,429.7,427.85,429.6,23939
2026-01-27T12:00:00+05:30,429.5,429.95,429.0,429.45,6627
2026-01-27T12:15:00+05:30,429.45,430.75,428.6,429.0,16587
2026-01-27T12:30:00+05:30,429.0,430.95,429.0,430.45,18912
2026-01-27T12:45:00+05:30,430.45,431.45,430.15,430.75,14910
2026-01-27T13:00:00+05:30,430.9,431.95,430.9,431.95,9611
2026-01-27T13:15:00+05:30,431.9,432.65,431.3,432.6,21194
2026-01-27T13:30:00+05:30,432.65,432.95,430.25,430.75,27131
2026-01-27T13:45:00+05:30,430.75,432.1,430.75,431.45,23286
2026-01-27T14:00:00+05:30,431.45,431.95,430.3,430.4,22521
2026-01-27T14:15:00+05:30,430.45,432.0,430.15,431.8,12107
2026-01-27T14:30:00+05:30,431.5,434.75,431.25,433.5,29531
2026-01-27T14:45:00+05:30,433.5,434.9,431.5,431.8,33554
2026-01-27T15:00:00+05:30,431.7,434.1,430.55,433.9,32307
2026-01-27T15:15:00+05:30,434.25,436.0,433.75,435.8,78782
2026-01-28T09:15:00+05:30,432.2,433.55,429.1,430.85,493207
2026-01-28T09:30:00+05:30,430.7,432.5,429.55,432.3,62611
2026-01-28T09:45:00+05:30,432.45,433.55,432.05,432.55,20243
2026-01-28T10:00:00+05:30,432.8,436.7,432.1,434.3,77201
2026-01-28T10:15:00+05:30,434.55,435.0,433.05,434.15,19258
2026-01-28T10:30:00+05:30,434.2,435.8,433.55,435.0,23147
2026-01-28T10:45:00+05:30,435.0,436.5,435.0,436.45,27343
2026-01-28T11:00:00+05:30,436.4,437.95,436.25,437.55,27286
2026-01-28T11:15:00+05:30,437.3,438.0,436.95,437.25,13036
2026-01-28T11:30:00+05:30,437.3,437.55,436.65,437.0,18148
2026-01-28T11:45:00+05:30,437.0,437.4,436.65,436.9,19320
2026-01-28T12:00:00+05:30,437.05,437.3,436.8,437.0,20665
2026-01-28T12:15:00+05:30,437.0,437.5,437.0,437.05,13083
2026-01-28T12:30:00+05:30,437.05,438.0,437.05,437.55,7370
2026-01-28T12:45:00+05:30,437.6,438.0,437.5,437.75,10085
2026-01-28T13:00:00+05:30,437.95,437.95,436.7,437.05,77643
2026-01-28T13:15:00+05:30,437.0,437.2,436.55,437.05,29766
2026-01-28T13:30:00+05:30,437.0,437.1,432.6,432.75,70322
2026-01-28T13:45:00+05:30,432.75,435.0,432.5,435.0,29821
2026-01-28T14:00:00+05:30,435.0,435.35,434.2,435.05,21122
2026-01-28T14:15:00+05:30,435.2,435.8,434.85,435.3,22543
2026-01-28T14:30:00+05:30,435.0,438.0,434.9,437.2,38183
2026-01-28T14:45:00+05:30,437.15,437.5,435.75,436.1,42966
2026-01-28T15:00:00+05:30,436.1,437.65,435.7,436.8,117105
2026-01-28T15:15:00+05:30,436.8,437.55,430.2,436.75,203389
2026-01-29T09:15:00+05:30,435.95,438.7,432.1,437.2,30260
2026-01-29T09:30:00+05:30,437.25,438.0,436.05,436.25,7516
2026-01-29T09:45:00+05:30,436.2,436.85,435.0,436.25,6073
2026-01-29T10:00:00+05:30,436.6,436.75,435.5,436.05,4694
2026-01-29T10:15:00+05:30,436.05,436.65,434.6,435.25,5307
2026-01-29T10:30:00+05:30,435.25,436.35,435.0,436.1,9447
2026-01-29T10:45:00+05:30,436.1,436.35,435.2,435.65,5499
2026-01-29T11:00:00+05:30,435.75,437.5,435.75,436.5,9083
2026-01-29T11:15:00+05:30,436.55,439.8,436.55,438.85,10687
2026-01-29T11:30:00+05:30,438.85,443.35,438.35,443.0,29307
2026-01-29T11:45:00+05:30,443.3,443.6,440.85,441.5,28131
2026-01-29T12:00:00+05:30,441.15,441.5,440.35,440.65,9016
2026-01-29T12:15:00+05:30,440.65,440.7,439.7,440.0,4216
2026-01-29T12:30:00+05:30,440.45,441.5,440.3,440.95,4596
2026-01-29T12:45:00+05:30,440.95,442.0,440.95,441.05,4388
2026-01-29T13:00:00+05:30,441.4,441.4,441.0,441.2,2030
2026-01-29T13:15:00+05:30,441.05,441.4,440.55,440.8,7175
2026-01-29T13:30:00+05:30,440.8,442.0,440.3,441.65,6771
2026-01-29T13:45:00+05:30,441.65,442.0,441.65,442.0,2445
2026-01-29T14:00:00+05:30,441.8,444.7,441.1,443.95,32508
2026-01-29T14:15:00+05:30,443.65,444.6,443.1,444.1,14533
2026-01-29T14:30:00+05:30,444.15,447.9,443.5,445.7,29645
2026-01-29T14:45:00+05:30,445.45,446.9,445.1,445.65,11647
2026-01-29T15:00:00+05:30,445.5,446.55,444.65,446.0,32535
2026-01-29T15:15:00+05:30,445.6,448.0,444.7,447.0,55273
2026-01-30T09:15:00+05:30,445.0,445.0,441.85,443.7,46047
2026-01-30T09:30:00+05:30,443.3,448.2,442.85,444.55,72961
2026-01-30T09:45:00+05:30,444.6,447.85,444.1,447.45,55542
2026-01-30T10:00:00+05:30,447.5,456.0,447.25,456.0,153219
2026-01-30T10:15:00+05:30,455.6,460.45,455.55,459.35,78759
2026-01-30T10:30:00+05:30,459.35,463.45,459.15,462.7,74819
2026-01-30T10:45:00+05:30,463.0,463.8,459.95,462.0,47159
2026-01-30T11:00:00+05:30,462.0,462.45,460.15,461.0,27044
2026-01-30T11:15:00+05:30,461.0,461.5,459.0,459.25,20937
2026-01-30T11:30:00+05:30,459.0,459.25,457.45,457.65,20958
2026-01-30T11:45:00+05:30,457.55,458.8,456.7,458.0,18105
2026-01-30T12:00:00+05:30,458.05,458.3,457.0,457.2,6119
2026-01-30T12:15:00+05:30,457.25,457.7,455.45,456.2,12906
2026-01-30T12:30:00+05:30,455.9,457.35,455.35,456.95,7802
2026-01-30T12:45:00+05:30,456.95,457.9,456.45,457.4,3816
2026-01-30T13:00:00+05:30,457.4,457.7,455.95,456.3,9973
2026-01-30T13:15:00+05:30,456.3,458.0,455.9,457.35,6743
2026-01-30T13:30:00+05:30,457.35,458.1,455.3,455.65,9852
2026-01-30T13:45:00+05:30,455.7,456.6,455.05,456.0,11316
2026-01-30T14:00:00+05:30,456.45,458.0,455.95,456.6,10803
2026-01-30T14:15:00+05:30,456.6,457.55,455.75,456.0,16636
2026-01-30T14:30:00+05:30,456.0,458.75,455.85,456.65,15307
2026-01-30T14:45:00+05:30,457.1,457.6,456.15,456.4,18599
2026-01-30T15:00:00+05:30,456.35,458.95,455.75,456.15,54378
2026-01-30T15:15:00+05:30,456.35,459.5,455.1,458.0,55768
2026-02-01T09:15:00+05:30,451.0,456.9,451.0,453.0,7783
2026-02-01T09:30:00+05:30,452.85,454.1,452.5,453.5,2567
2026-02-01T09:45:00+05:30,454.05,455.8,453.65,455.1,3048
2026-02-01T10:00:00+05:30,455.6,455.6,454.1,454.25,4613
2026-02-01T10:15:00+05:30,454.15,454.75,452.6,453.3,2467
2026-02-01T10:30:00+05:30,453.3,453.6,452.75,452.9,5458
2026-02-01T10:45:00+05:30,452.9,453.45,452.5,452.5,2906
2026-02-01T11:00:00+05:30,452.9,453.55,452.6,452.7,2782
2026-02-01T11:15:00+05:30,453.0,453.0,451.15,452.0,4105
2026-02-01T11:30:00+05:30,452.0,452.5,451.6,451.65,8639
2026-02-01T11:45:00+05:30,451.6,451.7,449.1,450.0,8834
2026-02-01T12:00:00+05:30,449.95,449.95,447.5,447.5,7038
2026-02-01T12:15:00+05:30,447.85,448.0,442.65,442.65,12550
2026-02-01T12:30:00+05:30,442.7,442.95,435.05,440.0,48023
2026-02-01T12:45:00+05:30,440.1,443.65,439.2,442.95,9683
2026-02-01T13:00:00+05:30,442.85,444.8,442.5,444.3,9860
2026-02-01T13:15:00+05:30,444.8,444.8,443.4,443.95,148964
2026-02-01T13:30:00+05:30,443.65,444.25,442.85,443.8,2290
2026-02-01T13:45:00+05:30,443.9,444.3,443.75,444.0,8080
2026-02-01T14:00:00+05:30,444.0,444.3,443.2,443.5,8369
2026-02-01T14:15:00+05:30,443.5,443.5,442.0,442.45,12806
2026-02-01T14:30:00+05:30,442.45,443.1,440.9,442.75,13358
2026-02-01T14:45:00+05:30,442.75,443.25,441.75,442.6,9886
2026-02-01T15:00:00+05:30,442.4,442.75,440.0,440.3,15255
2026-02-01T15:15:00+05:30,440.3,440.65,430.0,432.9,32776
2026-02-02T09:15:00+05:30,440.0,447.4,440.0,444.8,70229
2026-02-02T09:30:00+05:30,444.8,446.4,442.35,442.45,24739
2026-02-02T09:45:00+05:30,442.45,443.4,441.25,441.4,33247
2026-02-02T10:00:00+05:30,441.4,441.95,439.4,439.4,29504
2026-02-02T10:15:00+05:30,439.4,440.1,435.0,436.4,35866
2026-02-02T10:30:00+05:30,436.4,437.3,436.0,436.55,11685
2026-02-02T10:45:00+05:30,436.9,437.8,435.0,435.1,13786
2026-02-02T11:00:00+05:30,435.3,436.75,434.8,436.15,10692
2026-02-02T11:15:00+05:30,436.35,436.5,434.45,434.95,4791
2026-02-02T11:30:00+05:30,434.95,436.55,434.55,435.4,14676
2026-02-02T11:45:00+05:30,435.5,436.85,435.15,435.6,7971
2026-02-02T12:00:00+05:30,435.8,436.0,434.95,435.3,6537
2026-02-02T12:15:00+05:30,435.25,435.75,434.85,435.7,4585
2026-02-02T12:30:00+05:30,435.7,437.85,435.0,437.0,15177
2026-02-02T12:45:00+05:30,437.1,439.5,437.0,439.0,12523
2026-02-02T13:00:00+05:30,439.25,441.0,439.25,440.1,20174
2026-02-02T13:15:00+05:30,440.1,441.0,439.45,440.9,12741
2026-02-02T13:30:00+05:30,440.9,442.0,440.8,441.7,20606
2026-02-02T13:45:00+05:30,441.85,442.0,441.1,441.45,4783
2026-02-02T14:00:00+05:30,441.45,442.45,441.3,442.2,5608
2026-02-02T14:15:00+05:30,442.2,443.0,442.05,442.75,9478
2026-02-02T14:30:00+05:30,442.7,443.95,442.35,443.2,8716
2026-02-02T14:45:00+05:30,443.2,443.55,443.0,443.3,6941
2026-02-02T15:00:00+05:30,443.2,447.0,439.35,446.6,126352
2026-02-02T15:15:00+05:30,446.6,447.0,445.0,445.9,40611
2026-02-03T09:15:00+05:30,449.55,453.85,449.55,451.55,78375
2026-02-03T09:30:00+05:30,451.55,453.8,450.0,452.5,56147
2026-02-03T09:45:00+05:30,452.05,460.9,451.45,456.7,117704
2026-02-03T10:00:00+05:30,456.9,457.9,450.5,452.75,109678
2026-02-03T10:15:00+05:30,452.75,455.25,452.15,454.45,28104
2026-02-03T10:30:00+05:30,454.45,455.25,453.9,454.95,13267
2026-02-03T10:45:00+05:30,454.8,455.25,454.25,454.95,11494
2026-02-03T11:00:00+05:30,454.95,455.05,453.05,453.45,10129
2026-02-03T11:15:00+05:30,453.2,453.55,451.95,452.4,20448
2026-02-03T11:30:00+05:30,452.4,454.3,451.7,452.75,67634
2026-02-03T11:45:00+05:30,452.75,453.25,451.6,452.95,20039
2026-02-03T12:00:00+05:30,452.65,453.05,452.6,453.0,1844
2026-02-03T12:15:00+05:30,452.9,463.05,452.9,463.0,138566
2026-02-03T12:30:00+05:30,463.05,472.0,461.45,462.45,270868
2026-02-03T12:45:00+05:30,462.75,475.05,462.35,471.6,366452
2026-02-03T13:00:00+05:30,471.5,474.7,470.0,474.4,140984
2026-02-03T13:15:00+05:30,474.7,478.95,465.95,466.5,231757
2026-02-03T13:30:00+05:30,466.5,467.2,462.0,462.3,65007
2026-02-03T13:45:00+05:30,462.45,463.1,461.0,461.55,30434
2026-02-03T14:00:00+05:30,461.5,461.5,458.55,459.35,25460
2026-02-03T14:15:00+05:30,459.3,460.05,458.0,459.2,24130
2026-02-03T14:30:00+05:30,459.3,460.95,458.5,459.5,14995
2026-02-03T14:45:00+05:30,459.9,461.5,458.95,459.35,17334
2026-02-03T15:00:00+05:30,459.6,461.3,457.3,458.6,103426
2026-02-03T15:15:00+05:30,458.7,460.45,458.05,459.0,84534
2026-02-04T09:15:00+05:30,451.05,455.95,451.0,451.45,918337
2026-02-04T09:30:00+05:30,451.45,460.6,451.05,457.3,241159
2026-02-04T09:45:00+05:30,457.3,458.3,455.4,457.3,30402
2026-02-04T10:00:00+05:30,457.35,458.4,456.75,457.3,18755
2026-02-04T10:15:00+05:30,457.5,459.15,457.3,457.3,24934
2026-02-04T10:30:00+05:30,457.3,457.65,456.5,456.95,15385
2026-02-04T10:45:00+05:30,457.0,457.0,454.95,455.65,218371
2026-02-04T11:00:00+05:30,455.25,456.35,454.55,456.1,13888
2026-02-04T11:15:00+05:30,456.05,456.1,454.6,454.9,8901
2026-02-04T11:30:00+05:30,454.9,455.7,449.2,450.15,242672
2026-02-04T11:45:00+05:30,450.2,451.65,449.6,450.5,79501
2026-02-04T12:00:00+05:30,450.55,451.1,449.6,450.0,74103
2026-02-04T12:15:00+05:30,450.0,450.45,447.1,448.65,129874
2026-02-04T12:30:00+05:30,448.7,450.75,448.15,450.1,32291
2026-02-04T12:45:00+05:30,450.1,451.35,447.0,447.55,161323
2026-02-04T13:00:00+05:30,447.8,448.75,447.5,448.5,16481
2026-02-04T13:15:00+05:30,448.6,449.2,448.45,448.8,8811
2026-02-04T13:30:00+05:30,448.9,450.2,447.7,448.7,91431
2026-02-04T13:45:00+05:30,448.95,449.3,448.1,448.8,13872
2026-02-04T14:00:00+05:30,448.8,449.75,448.8,449.0,9606
2026-02-04T14:15:00+05:30,449.05,450.7,448.75,450.2,195516
2026-02-04T14:30:00+05:30,450.2,450.8,449.6,450.15,100570
2026-02-04T14:45:00+05:30,450.2,452.4,449.9,451.0,140446
2026-02-04T15:00:00+05:30,451.0,452.8,450.6,452.25,219429
2026-02-04T15:15:00+05:30,452.25,456.35,451.55,455.0,125320
2026-02-05T09:15:00+05:30,454.9,456.95,446.1,447.7,102067
2026-02-05T09:30:00+05:30,447.7,449.55,445.0,446.75,157622
2026-02-05T09:45:00+05:30,446.75,446.95,444.0,446.5,50612
2026-02-05T10:00:00+05:30,446.5,446.55,444.15,445.7,39375
2026-02-05T10:15:00+05:30,445.9,446.1,444.0,444.45,27983
2026-02-05T10:30:00+05:30,444.25,444.7,443.1,443.4,12370
2026-02-05T10:45:00+05:30,443.4,443.4,441.15,442.0,30058
2026-02-05T11:00:00+05:30,442.0,442.95,441.5,442.55,15296
2026-02-05T11:15:00+05:30,442.7,442.85,440.9,441.95,62155
2026-02-05T11:30:00+05:30,442.1,446.05,441.75,444.7,66827
2026-02-05T11:45:00+05:30,444.7,446.65,444.7,446.15,32887
2026-02-05T12:00:00+05:30,446.15,449.9,445.25,446.75,451561
2026-02-05T12:15:00+05:30,446.75,448.1,446.4,447.55,30391
2026-02-05T12:30:00+05:30,447.65,448.05,447.2,447.5,19012
2026-02-05T12:45:00+05:30,447.5,448.05,447.0,447.6,17909
2026-02-05T13:00:00+05:30,447.6,447.75,447.35,447.75,5343
2026-02-05T13:15:00+05:30,447.55,448.6,447.2,447.25,9892
2026-02-05T13:30:00+05:30,447.3,447.9,447.0,447.0,6917
2026-02-05T13:45:00+05:30,447.0,447.55,447.0,447.2,4387
2026-02-05T14:00:00+05:30,447.2,447.35,446.6,447.05,12846
2026-02-05T14:15:00+05:30,447.05,447.2,446.1,446.7,8367
2026-02-05T14:30:00+05:30,446.75,448.0,446.6,447.5,13616
2026-02-05T14:45:00+05:30,447.5,448.65,447.1,447.6,22491
2026-02-05T15:00:00+05:30,447.6,447.6,446.85,447.0,70023
2026-02-05T15:15:00+05:30,447.0,448.0,446.0,447.0,215622
2026-02-06T09:15:00+05:30,446.6,452.85,444.2,450.3,95847
2026-02-06T09:30:00+05:30,450.3,451.35,448.0,449.0,51650
2026-02-06T09:45:00+05:30,449.1,450.85,449.1,449.55,16611
2026-02-06T10:00:00+05:30,449.5,450.9,448.0,448.65,31216
2026-02-06T10:15:00+05:30,449.0,451.35,448.0,448.8,40980
2026-02-06T10:30:00+05:30,448.7,449.2,448.15,448.45,11700
2026-02-06T10:45:00+05:30,448.45,449.55,448.3,448.55,18753
2026-02-06T11:00:00+05:30,448.6,454.05,448.5,453.2,45222
2026-02-06T11:15:00+05:30,453.4,455.6,452.5,452.9,50596
2026-02-06T11:30:00+05:30,452.9,454.45,452.6,453.8,26710
2026-02-06T11:45:00+05:30,453.7,454.45,452.0,452.9,40525
2026-02-06T12:00:00+05:30,452.95,453.0,450.15,450.75,31526
2026-02-06T12:15:00+05:30,450.75,450.75,448.55,449.5,36267
2026-02-06T12:30:00+05:30,449.35,450.35,449.0,450.0,13340
2026-02-06T12:45:00+05:30,450.0,450.6,449.7,450.1,10063
2026-02-06T13:00:00+05:30,450.1,450.95,448.2,449.8,39799
2026-02-06T13:15:00+05:30,449.75,452.1,449.75,452.1,38062
2026-02-06T13:30:00+05:30,452.1,452.5,451.5,452.4,16660
2026-02-06T13:45:00+05:30,452.4,455.3,452.4,454.1,35130
2026-02-06T14:00:00+05:30,454.1,454.95,452.9,453.55,34534
2026-02-06T14:15:00+05:30,453.55,454.5,453.4,453.55,20807
2026-02-06T14:30:00+05:30,453.55,455.25,453.45,455.25,13768
2026-02-06T14:45:00+05:30,454.95,456.5,454.6,456.4,23978
2026-02-06T15:00:00+05:30,456.5,457.9,454.8,454.8,49402
2026-02-06T15:15:00+05:30,454.8,459.5,452.1,453.9,123697
2026-02-09T09:15:00+05:30,457.3,462.75,456.3,462.5,97433
2026-02-09T09:30:00+05:30,462.5,462.5,458.15,459.7,42804
2026-02-09T09:45:00+05:30,459.75,460.4,456.8,457.9,45530
2026-02-09T10:00:00+05:30,458.2,462.95,457.75,460.45,101595
2026-02-09T10:15:00+05:30,460.4,461.9,459.55,460.05,106897
2026-02-09T10:30:00+05:30,459.95,461.35,459.0,459.55,24505
2026-02-09T10:45:00+05:30,459.55,459.55,454.5,457.95,57012
2026-02-09T11:00:00+05:30,458.0,461.85,457.35,461.6,324082
2026-02-09T11:15:00+05:30,461.6,461.7,460.1,461.7,94707
2026-02-09T11:30:00+05:30,461.6,463.9,461.6,463.0,46985
2026-02-09T11:45:00+05:30,462.8,463.95,460.15,463.6,48470
2026-02-09T12:00:00+05:30,463.6,467.9,463.0,465.8,83804
2026-02-09T12:15:00+05:30,465.8,468.5,465.65,466.25,77653
2026-02-09T12:30:00+05:30,466.5,467.0,464.8,465.9,35224
2026-02-09T12:45:00+05:30,466.0,466.15,464.15,465.7,61076
2026-02-09T13:00:00+05:30,465.7,468.1,465.7,467.35,99827
2026-02-09T13:15:00+05:30,467.2,467.95,466.4,467.55,37290
2026-02-09T13:30:00+05:30,467.65,468.95,466.3,467.0,45652
2026-02-09T13:45:00+05:30,467.0,467.5,466.3,467.5,21035
2026-02-09T14:00:00+05:30,467.5,467.85,466.0,466.75,29471
2026-02-09T14:15:00+05:30,466.75,466.75,464.4,464.45,40229
2026-02-09T14:30:00+05:30,464.35,464.5,463.5,464.0,30796
2026-02-09T14:45:00+05:30,464.0,464.2,463.05,463.95,88569
2026-02-09T15:00:00+05:30,463.95,465.25,463.0,463.55,122050
2026-02-09T15:15:00+05:30,463.35,467.0,462.0,465.0,160609
2026-02-10T09:15:00+05:30,468.9,471.25,462.0,463.7,190909
2026-02-10T09:30:00+05:30,463.7,464.3,461.9,462.75,53802
2026-02-10T09:45:00+05:30,462.55,467.4,462.45,466.0,83992
2026-02-10T10:00:00+05:30,466.0,466.8,463.0,464.05,40090
2026-02-10T10:15:00+05:30,464.05,470.1,463.55,468.05,360836
2026-02-10T10:30:00+05:30,467.8,470.8,467.8,469.0,72046
2026-02-10T10:45:00+05:30,469.15,474.8,468.35,474.0,118167
2026-02-10T11:00:00+05:30,474.15,475.0,471.8,472.15,71842
2026-02-10T11:15:00+05:30,472.15,474.6,470.3,473.8,58669
2026-02-10T11:30:00+05:30,474.0,474.5,470.4,471.9,42102
2026-02-10T11:45:00+05:30,471.85,474.6,471.35,473.8,51606
2026-02-10T12:00:00+05:30,473.8,474.85,473.0,474.25,29920
2026-02-10T12:15:00+05:30,474.35,474.4,472.55,473.75,30146
2026-02-10T12:30:00+05:30,473.75,474.55,473.3,474.25,23018
2026-02-10T12:45:00+05:30,474.2,484.3,473.9,478.7,333929
2026-02-10T13:00:00+05:30,478.7,479.2,476.1,477.95,47512
2026-02-10T13:15:00+05:30,477.95,479.0,473.3,475.15,74418
2026-02-10T13:30:00+05:30,475.15,475.75,473.8,474.15,22774
2026-02-10T13:45:00+05:30,474.15,475.2,473.65,474.1,26647
2026-02-10T14:00:00+05:30,474.1,475.35,474.0,474.6,38686
2026-02-10T14:15:00+05:30,474.6,478.15,474.6,476.15,45745
2026-02-10T14:30:00+05:30,476.15,477.1,473.55,474.25,58974
2026-02-10T14:45:00+05:30,474.2,476.95,474.2,476.5,43166
2026-02-10T15:00:00+05:30,476.25,478.35,474.5,474.85,92722
2026-02-10T15:15:00+05:30,474.85,478.0,473.2,475.0,122658
2026-02-11T09:15:00+05:30,479.45,479.45,472.8,474.5,87586
2026-02-11T09:30:00+05:30,474.3,474.3,471.05,471.95,40266
2026-02-11T09:45:00+05:30,472.0,472.85,468.65,469.3,51766
2026-02-11T10:00:00+05:30,469.25,475.0,468.8,471.6,81957
2026-02-11T10:15:00+05:30,471.6,473.95,471.15,473.25,45183
2026-02-11T10:30:00+05:30,473.25,476.0,473.25,475.85,45130
2026-02-11T10:45:00+05:30,475.85,477.3,474.65,475.4,33586
2026-02-11T11:00:00+05:30,475.45,476.2,474.4,474.75,20750
2026-02-11T11:15:00+05:30,474.7,475.15,473.25,474.15,23498
2026-02-11T11:30:00+05:30,473.9,474.6,473.1,474.6,24834
2026-02-11T11:45:00+05:30,474.6,475.55,474.0,474.65,23411
2026-02-11T12:00:00+05:30,474.3,475.25,469.9,469.9,67356
2026-02-11T12:15:00+05:30,470.15,471.0,461.0,466.8,140472
2026-02-11T12:30:00+05:30,466.8,467.15,463.7,465.7,42586
2026-02-11T12:45:00+05:30,465.7,468.5,465.4,468.0,37760
2026-02-11T13:00:00+05:30,468.1,468.5,463.95,464.85,40019
2026-02-11T13:15:00+05:30,464.95,465.95,464.35,465.3,24771
2026-02-11T13:30:00+05:30,465.2,465.65,464.05,464.85,24285
2026-02-11T13:45:00+05:30,464.85,465.15,464.0,464.0,18956
2026-02-11T14:00:00+05:30,464.25,465.6,464.0,464.95,21664
2026-02-11T14:15:00+05:30,464.95,465.55,464.0,464.2,35342
2026-02-11T14:30:00+05:30,464.2,464.55,459.15,460.35,68906
2026-02-11T14:45:00+05:30,460.3,462.1,459.2,460.45,50282
2026-02-11T15:00:00+05:30,460.45,465.8,459.55,465.0,113249
2026-02-11T15:15:00+05:30,464.7,476.75,463.35,473.0,441696
2026-02-12T09:15:00+05:30,516.1,523.7,506.2,517.65,6830190
2026-02-12T09:30:00+05:30,517.9,527.3,508.5,513.5,6423450
2026-02-12T09:45:00+05:30,513.5,515.0,506.1,511.15,2976803
2026-02-12T10:00:00+05:30,511.15,513.7,508.1,513.05,1457414
2026-02-12T10:15:00+05:30,513.05,515.8,511.5,511.5,1574667
2026-02-12T10:30:00+05:30,511.6,512.95,510.0,512.15,1001910
2026-02-12T10:45:00+05:30,512.15,512.5,509.6,510.2,710550
2026-02-12T11:00:00+05:30,510.2,511.7,510.0,510.2,465892
2026-02-12T11:15:00+05:30,510.3,510.45,506.35,508.0,1426525
2026-02-12T11:30:00+05:30,508.0,508.0,501.35,506.3,1863931
2026-02-12T11:45:00+05:30,506.05,508.95,503.75,504.5,954944
2026-02-12T12:00:00+05:30,504.5,506.0,500.65,503.45,863202
2026-02-12T12:15:00+05:30,503.15,506.6,502.4,504.2,643432
2026-02-12T12:30:00+05:30,504.3,506.5,503.1,505.6,599954
2026-02-12T12:45:00+05:30,505.6,508.4,504.85,507.7,803811
2026-02-12T13:00:00+05:30,507.5,508.8,507.0,507.8,731426
2026-02-12T13:15:00+05:30,507.8,508.0,505.15,505.65,660622
2026-02-12T13:30:00+05:30,505.65,505.95,504.0,504.75,499272
2026-02-12T13:45:00+05:30,504.6,505.0,503.5,504.05,432482
2026-02-12T14:00:00+05:30,504.0,504.45,503.0,504.0,304319
2026-02-12T14:15:00+05:30,504.05,506.0,503.0,504.55,576737
2026-02-12T14:30:00+05:30,504.45,505.0,502.1,502.25,557255
2026-02-12T14:45:00+05:30,502.4,506.95,500.7,504.65,1254831
2026-02-12T15:00:00+05:30,504.5,508.5,503.3,506.3,2144954
2026-02-12T15:15:00+05:30,506.15,532.4,506.05,530.0,4271495
2026-02-13T09:15:00+05:30,530.95,533.0,520.3,521.65,3003579
2026-02-13T09:30:00+05:30,521.4,523.8,514.15,518.25,1788443
2026-02-13T09:45:00+05:30,518.2,521.95,517.6,519.1,886336
2026-02-13T10:00:00+05:30,519.1,519.7,517.35,518.45,394477
2026-02-13T10:15:00+05:30,518.45,519.0,517.0,517.25,298254
2026-02-13T10:30:00+05:30,517.2,520.65,515.25,518.2,508607
2026-02-13T10:45:00+05:30,518.2,518.55,517.2,518.0,134925
2026-02-13T11:00:00+05:30,517.8,518.0,512.8,514.9,455681
2026-02-13T11:15:00+05:30,514.65,515.95,514.1,514.85,144035
2026-02-13T11:30:00+05:30,514.75,515.4,514.0,514.6,118850
2026-02-13T11:45:00+05:30,514.6,519.5,514.25,516.35,292269
2026-02-13T12:00:00+05:30,516.35,518.1,511.1,513.0,352626
2026-02-13T12:15:00+05:30,513.0,513.0,510.05,512.45,260786
2026-02-13T12:30:00+05:30,512.45,515.0,512.25,512.7,226351
2026-02-13T12:45:00+05:30,512.6,514.0,512.6,513.25,103361
2026-02-13T13:00:00+05:30,513.25,514.2,512.5,513.15,98159
2026-02-13T13:15:00+05:30,513.1,516.2,513.0,513.7,220063
2026-02-13T13:30:00+05:30,513.7,513.85,511.6,512.6,120145
2026-02-13T13:45:00+05:30,512.8,512.8,508.0,511.45,276248
2026-02-13T14:00:00+05:30,511.45,513.05,510.4,510.8,101951
2026-02-13T14:15:00+05:30,510.8,512.75,510.8,511.5,106327
2026-02-13T14:30:00+05:30,511.6,513.95,510.1,511.35,275957
2026-02-13T14:45:00+05:30,511.35,512.05,509.2,509.8,214636
2026-02-13T15:00:00+05:30,509.7,510.45,508.1,508.9,359717
2026-02-13T15:15:00+05:30,508.8,509.0,490.05,496.8,1286992
2026-02-16T09:15:00+05:30,499.4,499.4,482.3,490.85,542354
2026-02-16T09:30:00+05:30,490.85,491.0,486.25,486.45,160799
2026-02-16T09:45:00+05:30,486.45,493.7,486.0,489.85,203861
2026-02-16T10:00:00+05:30,489.85,492.15,489.85,490.75,105153
2026-02-16T10:15:00+05:30,490.9,491.45,488.85,489.85,213498
2026-02-16T10:30:00+05:30,489.85,498.65,489.6,494.45,534098
2026-02-16T10:45:00+05:30,494.45,497.6,494.05,495.0,99123
2026-02-16T11:00:00+05:30,495.0,495.0,491.2,491.95,76393
2026-02-16T11:15:00+05:30,491.65,492.6,490.0,490.2,94966
2026-02-16T11:30:00+05:30,490.1,493.55,490.1,493.5,47361
2026-02-16T11:45:00+05:30,493.65,498.05,492.65,495.2,153874
2026-02-16T12:00:00+05:30,494.9,495.15,492.35,493.3,53545
2026-02-16T12:15:00+05:30,493.25,494.5,493.0,493.7,37035
2026-02-16T12:30:00+05:30,493.45,493.7,492.4,493.25,37548
2026-02-16T12:45:00+05:30,493.25,493.35,491.35,492.3,46173
2026-02-16T13:00:00+05:30,492.45,492.9,492.1,492.45,28555
2026-02-16T13:15:00+05:30,492.25,495.45,491.5,493.0,125599
2026-02-16T13:30:00+05:30,493.0,495.0,492.9,493.85,64032
2026-02-16T13:45:00+05:30,493.85,495.2,492.65,494.25,89527
2026-02-16T14:00:00+05:30,494.0,496.0,493.8,494.3,80865
2026-02-16T14:15:00+05:30,494.3,501.0,494.0,499.0,262238
2026-02-16T14:30:00+05:30,499.0,499.3,497.1,498.0,79431
2026-02-16T14:45:00+05:30,497.95,499.3,497.7,499.2,78934
2026-02-16T15:00:00+05:30,499.2,500.8,498.05,499.25,164001
2026-02-16T15:15:00+05:30,499.25,502.0,498.55,500.75,321463
2026-02-17T09:15:00+05:30,495.0,498.95,488.1,489.5,194450
2026-02-17T09:30:00+05:30,489.3,490.35,488.2,489.35,94765
2026-02-17T09:45:00+05:30,489.35,489.35,482.5,484.85,181445
2026-02-17T10:00:00+05:30,484.65,485.5,481.5,483.1,246840
2026-02-17T10:15:00+05:30,483.1,487.0,482.6,482.9,458862
2026-02-17T10:30:00+05:30,483.0,484.0,481.0,483.65,87295
2026-02-17T10:45:00+05:30,483.6,486.75,483.0,485.85,94254
2026-02-17T11:00:00+05:30,485.45,485.65,483.2,484.4,50092
2026-02-17T11:15:00+05:30,484.1,484.9,483.5,483.8,32853
2026-02-17T11:30:00+05:30,483.9,484.0,482.0,482.8,55743
2026-02-17T11:45:00+05:30,482.8,483.95,482.5,482.95,34854
2026-02-17T12:00:00+05:30,482.9,483.0,480.1,481.7,101483
2026-02-17T12:15:00+05:30,481.7,482.9,480.75,481.45,51813
2026-02-17T12:30:00+05:30,481.5,482.25,480.75,481.95,41328
2026-02-17T12:45:00+05:30,481.7,482.15,479.15,480.85,69523
2026-02-17T13:00:00+05:30,480.5,482.0,478.85,481.95,71495
2026-02-17T13:15:00+05:30,481.85,483.65,480.95,482.85,121940
2026-02-17T13:30:00+05:30,482.8,483.6,482.15,482.65,36809
2026-02-17T13:45:00+05:30,482.35,483.0,481.2,482.0,39380
2026-02-17T14:00:00+05:30,482.05,482.5,481.05,481.95,39264
2026-02-17T14:15:00+05:30,481.85,482.5,480.05,480.35,61095
2026-02-17T14:30:00+05:30,480.35,482.25,479.8,481.8,72233
2026-02-17T14:45:00+05:30,481.9,483.7,481.0,482.8,78203
2026-02-17T15:00:00+05:30,482.85,483.0,480.0,480.1,114956
2026-02-17T15:15:00+05:30,480.0,481.8,480.0,480.4,282196
2026-02-18T09:15:00+05:30,483.5,489.7,480.95,484.85,198033
2026-02-18T09:30:00+05:30,484.85,485.7,481.5,483.05,93668
2026-02-18T09:45:00+05:30,483.25,483.65,481.0,481.85,50019
2026-02-18T10:00:00+05:30,481.85,482.8,480.0,480.55,74493
2026-02-18T10:15:00+05:30,480.15,486.6,480.1,483.7,80027
2026-02-18T10:30:00+05:30,483.75,484.45,482.0,483.0,27299
2026-02-18T10:45:00+05:30,483.0,486.6,481.95,485.7,54804
2026-02-18T11:00:00+05:30,485.8,486.55,485.0,485.9,32320
2026-02-18T11:15:00+05:30,485.65,486.15,485.0,485.55,25681
2026-02-18T11:30:00+05:30,485.5,486.0,484.6,486.0,22439
2026-02-18T11:45:00+05:30,485.75,485.95,485.0,485.25,12608
2026-02-18T12:00:00+05:30,485.2,486.0,485.0,485.15,11505
2026-02-18T12:15:00+05:30,485.15,486.0,485.05,485.5,30049
2026-02-18T12:30:00+05:30,485.5,485.9,485.4,485.4,12364
2026-02-18T12:45:00+05:30,485.4,486.0,485.2,485.85,12792
2026-02-18T13:00:00+05:30,485.55,488.05,485.1,487.3,55926
2026-02-18T13:15:00+05:30,487.15,488.5,485.8,485.9,64685
2026-02-18T13:30:00+05:30,486.25,486.85,486.25,486.7,11340
2026-02-18T13:45:00+05:30,486.7,487.35,485.2,485.4,25706
2026-02-18T14:00:00+05:30,485.4,486.35,485.0,486.0,17148
2026-02-18T14:15:00+05:30,486.0,486.5,485.6,486.0,19933
2026-02-18T14:30:00+05:30,486.1,486.3,485.35,485.65,15644
2026-02-18T14:45:00+05:30,485.6,486.5,485.45,486.2,11653
2026-02-18T15:00:00+05:30,486.5,488.0,485.85,486.1,103511
2026-02-18T15:15:00+05:30,486.15,486.9,485.0,486.5,78615
2026-02-19T09:15:00+05:30,489.0,489.5,483.0,483.5,139453
2026-02-19T09:30:00+05:30,483.5,485.6,482.5,483.5,71396
2026-02-19T09:45:00+05:30,483.5,484.8,483.0,484.2,21224
2026-02-19T10:00:00+05:30,484.3,486.0,484.0,485.85,23893
2026-02-19T10:15:00+05:30,485.5,488.35,485.05,488.35,55252
2026-02-19T10:30:00+05:30,488.4,489.0,487.0,487.5,36108
2026-02-19T10:45:00+05:30,487.5,492.6,487.2,490.2,123415
2026-02-19T11:00:00+05:30,490.1,491.25,487.5,487.5,55889
2026-02-19T11:15:00+05:30,487.6,491.55,486.85,491.0,83759
2026-02-19T11:30:00+05:30,490.95,490.95,487.3,487.6,31239
2026-02-19T11:45:00+05:30,487.65,488.75,485.3,485.45,34589
2026-02-19T12:00:00+05:30,485.7,485.7,481.5,482.0,77837
2026-02-19T12:15:00+05:30,481.9,482.4,480.35,481.5,55628
2026-02-19T12:30:00+05:30,481.5,483.95,480.85,481.8,32164
2026-02-19T12:45:00+05:30,481.8,482.95,481.65,482.35,18368
2026-02-19T13:00:00+05:30,482.35,482.35,481.7,482.0,14848
2026-02-19T13:15:00+05:30,481.85,482.0,481.05,481.55,22985
2026-02-19T13:30:00+05:30,481.5,481.8,480.5,481.3,22111
2026-02-19T13:45:00+05:30,481.3,481.65,477.0,478.7,69224
2026-02-19T14:00:00+05:30,478.55,478.8,476.75,477.85,54139
2026-02-19T14:15:00+05:30,477.55,483.3,476.0,481.0,201658
2026-02-19T14:30:00+05:30,480.7,482.0,478.75,481.8,103919
2026-02-19T14:45:00+05:30,481.85,484.8,481.15,484.4,93070
2026-02-19T15:00:00+05:30,484.25,485.85,480.75,482.85,101818
2026-02-19T15:15:00+05:30,482.65,484.0,473.0,474.0,357293
2026-02-20T09:15:00+05:30,479.95,493.5,479.95,490.05,650009
2026-02-20T09:30:00+05:30,490.1,496.35,488.6,495.15,345689
2026-02-20T09:45:00+05:30,495.2,497.1,494.0,496.0,197477
2026-02-20T10:00:00+05:30,496.0,496.0,492.1,494.25,180960
2026-02-20T10:15:00+05:30,494.25,497.2,494.25,495.3,184816
2026-02-20T10:30:00+05:30,495.65,496.95,492.5,492.95,112486
2026-02-20T10:45:00+05:30,492.85,493.7,488.6,490.1,289166
2026-02-20T11:00:00+05:30,490.0,491.15,487.6,489.35,114230
2026-02-20T11:15:00+05:30,489.5,490.8,489.0,489.3,65520
2026-02-20T11:30:00+05:30,489.3,490.5,488.85,489.2,69935
2026-02-20T11:45:00+05:30,489.2,490.2,488.5,489.3,74210
2026-02-20T12:00:00+05:30,489.4,490.2,488.75,489.05,83590
2026-02-20T12:15:00+05:30,489.25,489.95,489.0,489.6,50541
2026-02-20T12:30:00+05:30,489.65,490.0,486.6,488.7,127680
2026-02-20T12:45:00+05:30,488.7,490.75,488.6,489.4,75638
2026-02-20T13:00:00+05:30,489.7,490.1,488.85,489.05,46582
2026-02-20T13:15:00+05:30,489.05,490.15,488.7,489.8,71850
2026-02-20T13:30:00+05:30,489.5,490.45,489.2,489.55,83046
2026-02-20T13:45:00+05:30,489.5,490.0,489.25,489.5,49850
2026-02-20T14:00:00+05:30,489.6,490.0,489.35,489.45,35943
2026-02-20T14:15:00+05:30,489.7,491.95,489.0,490.2,66892
2026-02-20T14:30:00+05:30,490.4,491.5,489.45,490.8,56162
2026-02-20T14:45:00+05:30,490.8,491.25,490.45,490.7,42853
2026-02-20T15:00:00+05:30,490.75,491.1,489.0,489.75,104752
2026-02-20T15:15:00+05:30,489.8,492.0,486.75,488.75,214056
2026-02-23T09:15:00+05:30,491.0,496.7,487.75,490.0,182341
2026-02-23T09:30:00+05:30,490.45,490.45,486.75,487.0,40419
2026-02-23T09:45:00+05:30,486.95,489.8,486.6,489.8,34935
2026-02-23T10:00:00+05:30,489.85,492.4,488.95,491.3,59499
2026-02-23T10:15:00+05:30,491.5,491.9,490.4,491.15,37576
2026-02-23T10:30:00+05:30,491.0,491.15,488.35,488.8,22679
2026-02-23T10:45:00+05:30,488.8,490.45,488.5,489.65,17754
2026-02-23T11:00:00+05:30,489.95,490.9,489.0,490.6,22060
2026-02-23T11:15:00+05:30,490.6,490.85,489.65,489.65,9903
2026-02-23T11:30:00+05:30,489.85,490.9,489.0,489.7,17339
2026-02-23T11:45:00+05:30,489.7,489.9,487.15,489.05,16790
2026-02-23T12:00:00+05:30,489.4,490.8,488.0,489.6,21839
2026-02-23T12:15:00+05:30,489.3,490.3,488.6,489.5,26808
2026-02-23T12:30:00+05:30,489.5,489.9,488.45,489.4,7010
2026-02-23T12:45:00+05:30,489.4,490.2,488.75,489.25,10242
2026-02-23T13:00:00+05:30,489.2,489.6,488.0,489.4,30456
2026-02-23T13:15:00+05:30,489.4,489.95,488.95,489.5,11859
2026-02-23T13:30:00+05:30,489.5,489.95,488.95,489.95,2794
2026-02-23T13:45:00+05:30,489.65,490.45,488.75,489.05,15415
2026-02-23T14:00:00+05:30,489.05,489.6,488.35,489.55,12160
2026-02-23T14:15:00+05:30,489.55,490.3,488.45,489.2,11813
2026-02-23T14:30:00+05:30,488.95,489.35,487.4,487.75,20152
2026-02-23T14:45:00+05:30,487.75,489.75,487.4,487.95,41113
2026-02-23T15:00:00+05:30,488.0,488.75,484.0,485.1,68837
2026-02-23T15:15:00+05:30,485.4,485.65,482.1,483.7,109051
2026-02-24T09:15:00+05:30,485.0,490.6,480.7,486.85,233586
2026-02-24T09:30:00+05:30,487.05,487.4,484.45,487.15,60616
2026-02-24T09:45:00+05:30,487.4,488.2,484.55,485.85,54776
2026-02-24T10:00:00+05:30,485.85,486.95,484.55,486.15,40442
2026-02-24T10:15:00+05:30,486.35,490.6,485.6,486.5,134129
2026-02-24T10:30:00+05:30,486.5,489.2,485.15,488.05,75075
2026-02-24T10:45:00+05:30,488.05,488.25,486.15,486.75,34959
2026-02-24T11:00:00+05:30,486.6,488.4,486.5,487.95,32933
2026-02-24T11:15:00+05:30,487.95,488.7,487.45,488.4,21881
2026-02-24T11:30:00+05:30,488.5,488.75,488.0,488.3,17895
2026-02-24T11:45:00+05:30,488.25,489.4,487.75,488.55,25780
2026-02-24T12:00:00+05:30,488.55,488.65,487.4,488.0,38877
2026-02-24T12:15:00+05:30,487.75,488.1,486.0,486.55,80426
2026-02-24T12:30:00+05:30,486.5,486.75,482.15,484.85,148098
2026-02-24T12:45:00+05:30,484.8,485.9,484.0,485.4,24472
2026-02-24T13:00:00+05:30,485.4,486.0,484.5,485.55,19713
2026-02-24T13:15:00+05:30,485.55,485.65,484.1,485.05,20433
2026-02-24T13:30:00+05:30,485.05,485.05,483.95,484.45,24076
2026-02-24T13:45:00+05:30,484.45,484.55,482.6,483.0,160660
2026-02-24T14:00:00+05:30,483.0,484.95,482.9,484.45,40443
2026-02-24T14:15:00+05:30,484.35,484.5,483.1,483.5,37290
2026-02-24T14:30:00+05:30,483.5,485.4,482.7,484.8,33719
2026-02-24T14:45:00+05:30,484.75,487.7,484.6,485.65,64293
2026-02-24T15:00:00+05:30,485.65,485.7,484.2,484.3,74663
2026-02-24T15:15:00+05:30,484.25,485.7,482.6,484.1,141821
2026-02-25T09:15:00+05:30,487.25,491.8,480.1,489.95,311799
2026-02-25T09:30:00+05:30,490.15,493.6,488.4,490.75,187275
2026-02-25T09:45:00+05:30,490.75,499.45,490.75,499.05,390843
2026-02-25T10:00:00+05:30,499.3,502.7,498.05,500.75,185748
2026-02-25T10:15:00+05:30,500.9,501.2,498.0,498.8,128311
2026-02-25T10:30:00+05:30,498.8,501.2,498.0,501.2,69245
2026-02-25T10:45:00+05:30,501.05,503.0,498.4,498.85,104914
2026-02-25T11:00:00+05:30,498.75,504.95,498.0,504.3,264717
2026-02-25T11:15:00+05:30,504.25,508.65,504.0,508.1,189308
2026-02-25T11:30:00+05:30,508.3,510.95,502.5,504.05,258661
2026-02-25T11:45:00+05:30,504.05,505.5,501.8,504.05,66932
2026-02-25T12:00:00+05:30,504.05,506.0,504.0,504.7,44512
2026-02-25T12:15:00+05:30,504.75,505.75,503.05,504.65,52775
2026-02-25T12:30:00+05:30,504.7,505.2,502.75,502.8,51251
2026-02-25T12:45:00+05:30,502.8,503.6,501.2,502.85,60774
2026-02-25T13:00:00+05:30,502.5,505.0,501.75,504.2,373428
2026-02-25T13:15:00+05:30,504.2,504.5,503.7,504.25,43777
2026-02-25T13:30:00+05:30,504.3,505.0,504.0,504.7,32866
2026-02-25T13:45:00+05:30,504.75,506.4,504.2,505.95,359466
2026-02-25T14:00:00+05:30,505.95,506.15,504.4,505.5,26569
2026-02-25T14:15:00+05:30,505.5,507.6,504.65,507.1,68329
2026-02-25T14:30:00+05:30,507.1,508.85,505.3,505.5,83543
2026-02-25T14:45:00+05:30,505.55,506.2,501.5,504.5,98921
2026-02-25T15:00:00+05:30,504.5,506.0,503.5,504.6,144511
2026-02-25T15:15:00+05:30,504.75,509.9,504.0,506.5,251263
2026-02-26T09:15:00+05:30,505.0,507.8,502.9,505.95,116270
2026-02-26T09:30:00+05:30,505.8,512.0,505.0,508.45,113851
2026-02-26T09:45:00+05:30,508.15,509.4,506.1,506.2,38227
2026-02-26T10:00:00+05:30,506.4,506.5,503.55,505.85,61158
2026-02-26T10:15:00+05:30,505.75,508.35,505.75,507.7,17953
2026-02-26T10:30:00+05:30,507.65,508.0,502.0,504.2,51459
2026-02-26T10:45:00+05:30,504.2,504.5,502.2,502.5,56822
2026-02-26T11:00:00+05:30,502.5,506.2,502.5,505.65,36688
2026-02-26T11:15:00+05:30,505.95,506.4,505.0,505.5,25888
2026-02-26T11:30:00+05:30,505.7,509.8,504.2,508.05,66828
2026-02-26T11:45:00+05:30,508.1,509.45,506.35,508.0,517949
2026-02-26T12:00:00+05:30,508.05,510.9,507.95,509.2,84544
2026-02-26T12:15:00+05:30,509.2,509.95,506.85,507.5,37744
2026-02-26T12:30:00+05:30,507.3,507.8,505.75,506.5,31913
2026-02-26T12:45:00+05:30,506.45,507.2,505.45,507.15,60837
2026-02-26T13:00:00+05:30,507.1,510.8,507.1,510.0,48245
2026-02-26T13:15:00+05:30,510.0,510.8,508.2,510.6,39533
2026-02-26T13:30:00+05:30,510.6,510.9,509.9,510.7,26837
2026-02-26T13:45:00+05:30,510.7,510.7,509.0,510.35,37015
2026-02-26T14:00:00+05:30,510.25,512.75,509.8,511.7,68758
2026-02-26T14:15:00+05:30,511.7,512.65,511.5,512.45,40143
2026-02-26T14:30:00+05:30,512.4,512.5,510.7,511.45,33192
2026-02-26T14:45:00+05:30,511.45,512.5,510.05,511.6,50969
2026-02-26T15:00:00+05:30,511.55,513.2,511.5,512.0,71182
2026-02-26T15:15:00+05:30,512.05,514.35,510.0,511.8,140282
2026-02-27T09:15:00+05:30,508.1,523.85,505.5,521.05,393490
2026-02-27T09:30:00+05:30,520.5,526.25,520.0,524.1,195012
2026-02-27T09:45:00+05:30,524.1,527.5,523.65,524.5,213353
2026-02-27T10:00:00+05:30,524.5,525.0,522.0,524.8,163944
2026-02-27T10:15:00+05:30,524.8,528.5,524.3,526.0,284194
2026-02-27T10:30:00+05:30,525.6,526.7,524.35,525.5,77996
2026-02-27T10:45:00+05:30,525.5,526.7,525.3,526.1,59356
2026-02-27T11:00:00+05:30,526.35,532.9,526.1,531.75,289028
2026-02-27T11:15:00+05:30,531.9,538.65,531.05,535.45,417053
2026-02-27T11:30:00+05:30,535.45,537.7,532.3,536.35,180371
2026-02-27T11:45:00+05:30,536.7,538.6,535.95,537.8,143178
2026-02-27T12:00:00+05:30,537.55,539.0,529.2,531.75,684288
2026-02-27T12:15:00+05:30,531.8,532.5,530.0,532.0,187628
2026-02-27T12:30:00+05:30,532.0,533.25,530.5,531.1,91945
2026-02-27T12:45:00+05:30,531.1,536.65,530.25,534.55,398645
2026-02-27T13:00:00+05:30,534.2,535.8,534.0,534.85,108252
2026-02-27T13:15:00+05:30,534.85,537.0,534.15,536.65,102248
2026-02-27T13:30:00+05:30,536.4,540.0,536.3,538.55,317426
2026-02-27T13:45:00+05:30,538.55,541.8,538.0,538.6,145304
2026-02-27T14:00:00+05:30,538.7,540.0,537.65,538.45,163629
2026-02-27T14:15:00+05:30,538.25,539.3,536.0,538.15,330450
2026-02-27T14:30:00+05:30,538.1,539.05,537.5,538.55,118390
2026-02-27T14:45:00+05:30,538.75,539.9,538.0,539.4,106927
2026-02-27T15:00:00+05:30,539.7,539.85,535.3,536.6,326487
2026-02-27T15:15:00+05:30,536.55,538.25,532.1,533.1,344437
2026-03-02T09:15:00+05:30,515.0,528.8,496.55,528.0,386420
2026-03-02T09:30:00+05:30,527.7,531.3,525.25,528.75,138067
2026-03-02T09:45:00+05:30,529.1,532.1,528.15,529.8,440208
2026-03-02T10:00:00+05:30,529.8,529.8,528.15,529.25,37177
2026-03-02T10:15:00+05:30,529.1,529.7,525.6,526.6,44020
2026-03-02T10:30:00+05:30,526.55,527.5,524.8,525.7,31886
2026-03-02T10:45:00+05:30,525.55,527.45,524.15,526.05,51089
2026-03-02T11:00:00+05:30,526.45,526.75,524.5,525.05,24620
2026-03-02T11:15:00+05:30,525.0,525.4,523.1,523.4,24033
2026-03-02T11:30:00+05:30,523.15,523.5,519.0,520.0,31058
2026-03-02T11:45:00+05:30,519.95,520.0,517.0,517.5,48667
2026-03-02T12:00:00+05:30,517.55,518.8,515.6,517.9,214135
2026-03-02T12:15:00+05:30,517.9,518.05,516.4,517.75,14908
2026-03-02T12:30:00+05:30,517.75,517.95,516.7,517.85,14066
2026-03-02T12:45:00+05:30,517.8,519.0,517.15,518.85,19714
2026-03-02T13:00:00+05:30,518.75,521.0,518.35,521.0,29997
2026-03-02T13:15:00+05:30,521.0,521.75,519.35,520.55,22151
2026-03-02T13:30:00+05:30,520.5,521.6,519.4,520.75,27886
2026-03-02T13:45:00+05:30,520.75,520.75,518.0,518.65,23775
2026-03-02T14:00:00+05:30,518.6,524.0,518.0,523.4,40997
2026-03-02T14:15:00+05:30,523.4,527.65,522.15,525.9,58662
2026-03-02T14:30:00+05:30,525.9,531.95,524.6,531.9,101180
2026-03-02T14:45:00+05:30,531.6,532.0,525.9,527.4,157760
2026-03-02T15:00:00+05:30,527.0,528.7,524.85,526.8,125732
2026-03-02T15:15:00+05:30,526.8,527.0,520.0,524.0,152706
2026-03-04T09:15:00+05:30,518.25,520.5,515.0,518.35,130066
2026-03-04T09:30:00+05:30,518.0,519.85,516.95,519.3,45338
2026-03-04T09:45:00+05:30,519.1,519.15,514.25,514.25,60639
2026-03-04T10:00:00+05:30,514.45,516.4,512.75,516.4,53363
2026-03-04T10:15:00+05:30,516.4,516.65,514.0,516.05,41393
2026-03-04T10:30:00+05:30,515.8,516.75,515.15,515.6,13048
2026-03-04T10:45:00+05:30,515.2,519.6,514.0,519.4,61227
2026-03-04T11:00:00+05:30,519.35,520.0,518.5,518.75,48906
2026-03-04T11:15:00+05:30,518.75,519.4,518.05,518.75,17952
2026-03-04T11:30:00+05:30,518.75,519.25,518.15,518.9,19740
2026-03-04T11:45:00+05:30,518.9,520.0,518.9,519.8,34863
2026-03-04T12:00:00+05:30,519.8,523.95,519.5,523.15,127323
2026-03-04T12:15:00+05:30,523.1,523.1,520.85,522.25,24646
2026-03-04T12:30:00+05:30,522.15,524.5,522.0,524.25,38254
2026-03-04T12:45:00+05:30,524.4,524.9,523.35,523.65,13272
2026-03-04T13:00:00+05:30,523.65,524.25,523.25,524.1,22639
2026-03-04T13:15:00+05:30,524.1,525.0,523.05,523.4,47386
2026-03-04T13:30:00+05:30,523.4,523.95,523.3,523.9,6208
2026-03-04T13:45:00+05:30,523.9,523.95,520.7,521.95,39648
2026-03-04T14:00:00+05:30,522.0,525.0,521.95,524.15,59128
2026-03-04T14:15:00+05:30,524.2,525.0,523.7,524.15,66539
2026-03-04T14:30:00+05:30,524.15,529.75,524.1,528.8,181078
2026-03-04T14:45:00+05:30,528.75,529.9,528.0,529.5,62483
2026-03-04T15:00:00+05:30,529.25,529.25,524.3,524.3,90913
2026-03-04T15:15:00+05:30,524.55,524.7,520.0,520.0,142695
2026-03-05T09:15:00+05:30,524.0,530.75,517.05,527.0,295517
2026-03-05T09:30:00+05:30,527.2,527.2,522.75,525.6,55601
2026-03-05T09:45:00+05:30,525.6,527.45,525.15,525.7,26544
2026-03-05T10:00:00+05:30,526.0,527.45,523.35,523.35,35098
2026-03-05T10:15:00+05:30,523.35,527.0,523.0,524.55,42143
2026-03-05T10:30:00+05:30,524.85,526.3,524.05,524.75,19262
2026-03-05T10:45:00+05:30,524.75,525.95,524.1,524.8,13618
2026-03-05T11:00:00+05:30,525.15,526.0,524.6,524.65,18939
2026-03-05T11:15:00+05:30,525.0,525.55,523.3,524.2,17901
2026-03-05T11:30:00+05:30,524.55,525.4,523.8,524.15,17876
2026-03-05T11:45:00+05:30,524.35,524.35,518.6,519.1,74804
2026-03-05T12:00:00+05:30,519.1,521.45,518.15,520.5,66842
2026-03-05T12:15:00+05:30,520.85,521.1,519.7,520.5,30846
2026-03-05T12:30:00+05:30,520.85,521.5,519.15,519.5,43450
2026-03-05T12:45:00+05:30,519.85,520.8,519.0,519.25,35756
2026-03-05T13:00:00+05:30,519.6,520.2,518.5,519.2,33041
2026-03-05T13:15:00+05:30,519.65,520.95,518.7,520.6,32537
2026-03-05T13:30:00+05:30,520.85,521.7,519.65,519.65,32906
2026-03-05T13:45:00+05:30,520.0,520.7,517.8,517.9,54504
2026-03-05T14:00:00+05:30,518.3,518.8,517.5,517.55,38386
2026-03-05T14:15:00+05:30,517.85,518.9,517.5,518.25,31807
2026-03-05T14:30:00+05:30,518.7,520.3,517.15,518.85,48276
2026-03-05T14:45:00+05:30,519.2,523.0,518.65,522.55,82460
2026-03-05T15:00:00+05:30,522.55,526.5,522.05,522.8,121394
2026-03-05T15:15:00+05:30,522.95,530.0,522.6,527.45,115390
2026-03-06T09:15:00+05:30,524.7,535.9,522.25,531.65,260231
2026-03-06T09:30:00+05:30,531.4,535.0,531.4,534.4,58782
2026-03-06T09:45:00+05:30,534.1,534.65,529.55,530.8,51976
2026-03-06T10:00:00+05:30,531.1,532.3,530.0,530.15,39074
2026-03-06T10:15:00+05:30,530.15,532.5,529.95,532.45,25551
2026-03-06T10:30:00+05:30,532.4,532.4,530.2,530.55,21456
2026-03-06T10:45:00+05:30,530.95,531.65,529.0,531.0,126057
2026-03-06T11:00:00+05:30,530.85,531.9,530.05,530.1,36562
2026-03-06T11:15:00+05:30,530.35,530.75,529.75,530.25,95065
2026-03-06T11:30:00+05:30,530.15,533.65,530.0,532.3,133370
2026-03-06T11:45:00+05:30,532.1,532.75,531.3,531.7,11531
2026-03-06T12:00:00+05:30,531.7,532.0,531.5,531.65,6286
2026-03-06T12:15:00+05:30,531.8,531.8,530.3,530.4,12045
2026-03-06T12:30:00+05:30,530.6,531.25,529.6,529.8,13766
2026-03-06T12:45:00+05:30,529.8,529.85,528.7,529.0,40682
2026-03-06T13:00:00+05:30,529.0,529.45,519.6,523.7,255805
2026-03-06T13:15:00+05:30,523.7,525.75,523.05,523.8,37888
2026-03-06T13:30:00+05:30,523.85,524.7,522.2,523.2,44809
2026-03-06T13:45:00+05:30,523.2,526.3,522.1,523.45,66411
2026-03-06T14:00:00+05:30,523.45,524.1,522.3,522.9,35861
2026-03-06T14:15:00+05:30,522.9,523.2,520.85,522.0,24845
2026-03-06T14:30:00+05:30,522.0,522.1,520.75,521.15,25004
2026-03-06T14:45:00+05:30,521.3,522.0,519.0,519.9,44216
2026-03-06T15:00:00+05:30,519.5,520.65,518.05,520.35,64786
2026-03-06T15:15:00+05:30,520.4,524.55,519.05,521.05,90666
2026-03-09T09:15:00+05:30,513.0,514.0,498.0,507.2,212886
2026-03-09T09:30:00+05:30,506.9,509.55,504.1,507.15,45444
2026-03-09T09:45:00+05:30,506.85,509.8,499.55,503.65,54061
2026-03-09T10:00:00+05:30,503.55,509.5,502.8,503.7,42849
2026-03-09T10:15:00+05:30,503.6,505.2,502.85,504.05,41836
2026-03-09T10:30:00+05:30,504.3,504.35,502.25,503.55,34745
2026-03-09T10:45:00+05:30,503.6,505.8,502.05,505.35,25751
2026-03-09T11:00:00+05:30,505.4,505.4,503.5,504.25,17493
2026-03-09T11:15:00+05:30,503.9,505.85,503.6,505.55,17606
2026-03-09T11:30:00+05:30,505.55,507.6,505.3,506.3,28198
2026-03-09T11:45:00+05:30,506.5,507.3,505.65,506.2,14571
2026-03-09T12:00:00+05:30,506.4,506.4,503.8,504.8,22252
2026-03-09T12:15:00+05:30,505.05,505.4,503.9,504.7,18560
2026-03-09T12:30:00+05:30,505.0,508.7,504.75,508.0,27802
2026-03-09T12:45:00+05:30,508.05,508.3,507.0,507.7,18245
2026-03-09T13:00:00+05:30,507.85,509.7,506.2,506.45,36281
2026-03-09T13:15:00+05:30,506.45,507.35,504.05,506.55,27689
2026-03-09T13:30:00+05:30,506.4,506.6,505.05,505.4,19299
2026-03-09T13:45:00+05:30,505.4,506.2,503.8,504.5,24861
2026-03-09T14:00:00+05:30,504.5,504.85,503.2,503.65,22771
2026-03-09T14:15:00+05:30,503.65,504.15,502.6,503.2,22573
2026-03-09T14:30:00+05:30,503.4,504.4,502.6,503.75,25111
2026-03-09T14:45:00+05:30,503.85,507.05,503.55,506.0,64950
2026-03-09T15:00:00+05:30,506.5,507.45,504.3,506.05,51003
2026-03-09T15:15:00+05:30,506.45,508.75,505.9,508.0,80566
2026-03-10T09:15:00+05:30,517.0,519.3,514.0,515.7,93616
2026-03-10T09:30:00+05:30,515.7,519.45,514.0,519.0,52192
2026-03-10T09:45:00+05:30,519.0,519.15,516.0,516.75,21291
2026-03-10T10:00:00+05:30,516.75,517.5,516.0,516.85,8510
2026-03-10T10:15:00+05:30,516.75,519.0,515.65,517.35,40942
2026-03-10T10:30:00+05:30,517.5,517.5,513.05,515.2,29661
2026-03-10T10:45:00+05:30,515.5,517.35,515.35,515.4,13095
2026-03-10T11:00:00+05:30,515.65,517.45,515.65,517.45,5876
2026-03-10T11:15:00+05:30,517.45,520.0,517.0,518.75,42876
2026-03-10T11:30:00+05:30,518.45,519.3,517.1,518.95,19485
2026-03-10T11:45:00+05:30,518.95,519.2,518.0,518.5,8722
2026-03-10T12:00:00+05:30,518.5,522.65,517.5,520.8,56656
2026-03-10T12:15:00+05:30,520.55,521.35,517.6,517.95,72541
2026-03-10T12:30:00+05:30,517.95,518.25,516.75,517.0,13454
2026-03-10T12:45:00+05:30,517.0,518.25,516.9,518.25,11776
2026-03-10T13:00:00+05:30,518.25,518.25,512.8,514.4,45634
2026-03-10T13:15:00+05:30,514.4,515.2,513.2,514.25,22538
2026-03-10T13:30:00+05:30,514.5,515.3,514.0,514.4,17910
2026-03-10T13:45:00+05:30,514.25,515.1,510.0,510.7,46054
2026-03-10T14:00:00+05:30,510.25,518.45,510.0,517.5,1612090
2026-03-10T14:15:00+05:30,517.5,519.9,514.75,515.2,81832
2026-03-10T14:30:00+05:30,515.0,515.0,513.45,514.0,47130
2026-03-10T14:45:00+05:30,514.0,515.0,513.1,513.8,110128
2026-03-10T15:00:00+05:30,513.8,514.35,511.6,512.8,72926
2026-03-10T15:15:00+05:30,512.85,518.4,512.7,517.0,94415
2026-03-11T09:15:00+05:30,518.0,522.4,514.45,519.55,65993
2026-03-11T09:30:00+05:30,519.45,521.35,517.1,519.4,32524
2026-03-11T09:45:00+05:30,519.05,521.0,518.3,518.3,19899
2026-03-11T10:00:00+05:30,518.6,519.2,512.6,513.55,39347
2026-03-11T10:15:00+05:30,513.85,514.55,513.0,513.15,27435
2026-03-11T10:30:00+05:30,513.15,514.3,507.2,507.6,55049
2026-03-11T10:45:00+05:30,507.3,507.85,504.15,505.0,48981
2026-03-11T11:00:00+05:30,505.0,506.4,502.0,502.8,39082
2026-03-11T11:15:00+05:30,502.8,508.0,502.2,506.65,47996
2026-03-11T11:30:00+05:30,506.65,510.0,506.45,508.6,36873
2026-03-11T11:45:00+05:30,508.75,509.15,506.75,506.8,9427
2026-03-11T12:00:00+05:30,507.05,508.25,506.8,508.1,7423
2026-03-11T12:15:00+05:30,508.1,508.45,506.65,507.35,6854
2026-03-11T12:30:00+05:30,507.75,508.75,506.75,508.0,6536
2026-03-11T12:45:00+05:30,508.0,508.5,507.0,507.0,8286
2026-03-11T13:00:00+05:30,507.15,507.9,503.0,503.4,29106
2026-03-11T13:15:00+05:30,503.25,504.8,502.2,504.6,18570
2026-03-11T13:30:00+05:30,504.6,505.55,503.9,504.7,10303
2026-03-11T13:45:00+05:30,504.65,504.85,503.5,504.1,12345
2026-03-11T14:00:00+05:30,504.1,504.15,501.25,503.15,41546
2026-03-11T14:15:00+05:30,503.15,504.1,502.25,504.1,11297
2026-03-11T14:30:00+05:30,503.85,504.1,502.6,503.0,9524
2026-03-11T14:45:00+05:30,502.95,503.35,500.3,500.55,21489
2026-03-11T15:00:00+05:30,500.55,500.6,498.75,499.25,52625
2026-03-11T15:15:00+05:30,499.1,502.35,485.2,497.0,771420
2026-03-12T09:15:00+05:30,496.5,496.5,484.4,489.1,102077
2026-03-12T09:30:00+05:30,489.1,490.8,487.0,489.85,39806
2026-03-12T09:45:00+05:30,490.25,493.0,489.85,491.5,27954
2026-03-12T10:00:00+05:30,492.0,493.7,490.25,490.85,37105
2026-03-12T10:15:00+05:30,491.1,494.8,490.35,494.5,37130
2026-03-12T10:30:00+05:30,494.5,495.25,493.15,494.15,26369
2026-03-12T10:45:00+05:30,494.25,495.25,493.05,495.25,34851
2026-03-12T11:00:00+05:30,495.25,501.75,495.25,499.25,93436
2026-03-12T11:15:00+05:30,499.25,500.65,497.8,499.5,35787
2026-03-12T11:30:00+05:30,499.5,500.5,499.0,500.0,10166
2026-03-12T11:45:00+05:30,500.3,500.8,499.05,500.8,7537
2026-03-12T12:00:00+05:30,500.8,501.55,499.5,500.8,27033
2026-03-12T12:15:00+05:30,501.05,501.75,500.25,501.45,13113
2026-03-12T12:30:00+05:30,501.1,502.3,500.05,501.5,14972
2026-03-12T12:45:00+05:30,501.5,502.8,501.05,502.7,20956
2026-03-12T13:00:00+05:30,502.2,503.0,500.2,501.65,20233
2026-03-12T13:15:00+05:30,501.7,503.0,501.5,502.45,9934
2026-03-12T13:30:00+05:30,502.75,505.4,502.75,504.55,34712
2026-03-12T13:45:00+05:30,504.2,504.4,500.15,500.7,38526
2026-03-12T14:00:00+05:30,500.5,502.05,499.8,501.05,19874
2026-03-12T14:15:00+05:30,501.2,503.2,500.6,501.85,23075
2026-03-12T14:30:00+05:30,501.6,503.45,500.55,502.35,30053
2026-03-12T14:45:00+05:30,502.25,504.65,501.45,503.05,52047
2026-03-12T15:00:00+05:30,503.0,508.4,502.7,503.1,86902
2026-03-12T15:15:00+05:30,502.6,504.0,502.5,502.5,52499
2026-03-13T09:15:00+05:30,499.05,504.95,498.95,502.8,69092
2026-03-13T09:30:00+05:30,502.75,505.1,501.75,502.8,33997
2026-03-13T09:45:00+05:30,502.65,503.5,500.0,500.55,30117
2026-03-13T10:00:00+05:30,500.45,500.45,495.3,496.15,78831
2026-03-13T10:15:00+05:30,496.15,499.35,495.0,499.15,32240
2026-03-13T10:30:00+05:30,499.55,506.85,497.45,506.5,1312580
2026-03-13T10:45:00+05:30,506.8,511.3,506.5,508.8,199272
2026-03-13T11:00:00+05:30,509.0,509.85,507.3,507.55,44294
2026-03-13T11:15:00+05:30,507.6,511.0,503.6,509.0,104059
2026-03-13T11:30:00+05:30,509.0,517.6,507.0,507.7,310234
2026-03-13T11:45:00+05:30,507.8,508.75,506.5,507.2,27475
2026-03-13T12:00:00+05:30,506.9,509.4,506.9,509.35,50990
2026-03-13T12:15:00+05:30,509.35,509.95,507.0,508.0,74079
2026-03-13T12:30:00+05:30,508.0,508.0,503.05,504.2,52236
2026-03-13T12:45:00+05:30,504.05,504.2,500.8,502.65,64394
2026-03-13T13:00:00+05:30,502.5,502.85,499.3,499.4,27197
2026-03-13T13:15:00+05:30,499.35,500.2,498.05,499.65,161523
2026-03-13T13:30:00+05:30,500.0,500.95,498.0,499.85,37720
2026-03-13T13:45:00+05:30,499.85,500.8,498.75,498.75,33577
2026-03-13T14:00:00+05:30,498.75,501.5,498.15,499.0,86577
2026-03-13T14:15:00+05:30,499.0,499.0,496.2,496.9,64218
2026-03-13T14:30:00+05:30,496.8,500.25,496.3,498.4,38135
2026-03-13T14:45:00+05:30,498.35,499.45,498.0,499.2,13236
2026-03-13T15:00:00+05:30,499.15,501.9,498.25,499.95,402205
2026-03-13T15:15:00+05:30,500.0,500.0,495.0,498.9,353734
2026-03-16T09:15:00+05:30,500.9,504.45,495.65,503.85,75779
2026-03-16T09:30:00+05:30,503.6,508.0,503.2,506.55,53174
2026-03-16T09:45:00+05:30,506.7,510.85,503.35,503.45,95880
2026-03-16T10:00:00+05:30,503.8,505.0,500.5,500.7,44253
2026-03-16T10:15:00+05:30,500.85,501.4,491.05,491.3,3601211
2026-03-16T10:30:00+05:30,491.6,491.9,487.8,491.7,81547
2026-03-16T10:45:00+05:30,491.7,494.0,490.3,493.9,109081
2026-03-16T11:00:00+05:30,493.9,496.4,491.9,492.25,43721
2026-03-16T11:15:00+05:30,492.05,494.95,492.05,493.6,32532
2026-03-16T11:30:00+05:30,494.05,496.8,493.75,495.8,43728
2026-03-16T11:45:00+05:30,495.5,497.05,494.35,495.25,32919
2026-03-16T12:00:00+05:30,495.55,500.4,495.55,499.0,44044
2026-03-16T12:15:00+05:30,498.85,500.0,497.85,499.05,25771
2026-03-16T12:30:00+05:30,499.05,499.25,497.05,498.1,19750
2026-03-16T12:45:00+05:30,498.05,498.9,496.95,498.85,22198
2026-03-16T13:00:00+05:30,498.6,499.5,495.55,498.6,22932
2026-03-16T13:15:00+05:30,498.6,499.9,498.05,499.6,17133
2026-03-16T13:30:00+05:30,499.55,499.6,498.5,498.75,17045
2026-03-16T13:45:00+05:30,498.6,500.0,498.4,499.6,14544
2026-03-16T14:00:00+05:30,499.6,500.0,498.85,499.8,15034
2026-03-16T14:15:00+05:30,499.85,500.75,498.5,500.0,52038
2026-03-16T14:30:00+05:30,500.0,500.4,498.9,500.0,29647
2026-03-16T14:45:00+05:30,499.95,501.45,499.2,499.8,97538
2026-03-16T15:00:00+05:30,499.75,500.0,498.3,499.1,51258
2026-03-16T15:15:00+05:30,499.1,499.35,492.05,492.05,85232
2026-03-17T09:15:00+05:30,498.05,508.8,496.75,502.0,115411
2026-03-17T09:30:00+05:30,501.8,503.5,500.8,501.95,32941
2026-03-17T09:45:00+05:30,502.0,502.85,500.0,500.5,26878
2026-03-17T10:00:00+05:30,500.65,502.6,499.7,502.1,51369
2026-03-17T10:15:00+05:30,502.35,504.9,502.35,503.75,60570
2026-03-17T10:30:00+05:30,503.6,506.85,503.6,506.2,42203
2026-03-17T10:45:00+05:30,506.2,507.0,504.55,505.9,31714
2026-03-17T11:00:00+05:30,506.3,508.0,505.6,506.4,32534
2026-03-17T11:15:00+05:30,506.4,506.9,505.4,506.0,20003
2026-03-17T11:30:00+05:30,506.15,506.3,500.65,503.4,82011
2026-03-17T11:45:00+05:30,503.55,506.7,503.2,506.0,24185
2026-03-17T12:00:00+05:30,506.0,507.0,505.0,506.05,16977
2026-03-17T12:15:00+05:30,506.4,506.55,504.25,504.35,15755
2026-03-17T12:30:00+05:30,504.4,505.9,504.4,504.8,18881
2026-03-17T12:45:00+05:30,505.1,505.5,502.7,502.9,23003
2026-03-17T13:00:00+05:30,502.95,505.5,502.7,504.85,20542
2026-03-17T13:15:00+05:30,504.9,508.05,504.9,507.0,45983
2026-03-17T13:30:00+05:30,506.95,507.45,503.0,503.2,28012
2026-03-17T13:45:00+05:30,503.45,506.0,503.25,504.45,37554
2026-03-17T14:00:00+05:30,504.75,505.75,503.55,503.55,24761
2026-03-17T14:15:00+05:30,503.6,503.6,501.5,502.45,21573
2026-03-17T14:30:00+05:30,502.45,503.0,501.7,501.8,23012
2026-03-17T14:45:00+05:30,501.75,503.0,501.35,502.65,33941
2026-03-17T15:00:00+05:30,503.0,503.75,498.45,500.2,108704
2026-03-17T15:15:00+05:30,500.2,504.5,500.05,504.5,118900
2026-03-18T09:15:00+05:30,501.0,511.4,499.8,509.9,216089
2026-03-18T09:30:00+05:30,510.4,525.0,509.95,519.75,306313
2026-03-18T09:45:00+05:30,520.0,521.5,515.9,516.55,86793
2026-03-18T10:00:00+05:30,517.0,520.2,516.5,518.1,67943
2026-03-18T10:15:00+05:30,518.1,519.25,514.25,517.3,69065
2026-03-18T10:30:00+05:30,517.5,517.5,511.0,512.0,106651
2026-03-18T10:45:00+05:30,512.0,512.5,510.4,511.15,85503
2026-03-18T11:00:00+05:30,510.8,512.7,510.7,511.9,40186
2026-03-18T11:15:00+05:30,511.9,512.55,511.3,511.95,23484
2026-03-18T11:30:00+05:30,512.2,512.5,511.3,511.55,22595
2026-03-18T11:45:00+05:30,511.55,511.75,507.0,509.1,47434
2026-03-18T12:00:00+05:30,509.0,510.0,508.0,509.5,17810
2026-03-18T12:15:00+05:30,509.75,512.45,509.65,512.05,31028
2026-03-18T12:30:00+05:30,512.0,514.9,512.0,514.35,28058
2026-03-18T12:45:00+05:30,514.35,514.8,513.4,514.1,15547
2026-03-18T13:00:00+05:30,514.0,515.05,513.45,514.35,13189
2026-03-18T13:15:00+05:30,514.3,514.75,514.0,514.15,7315
2026-03-18T13:30:00+05:30,514.15,515.5,514.15,514.85,24922
2026-03-18T13:45:00+05:30,514.45,514.65,509.55,509.7,54105
2026-03-18T14:00:00+05:30,510.0,510.0,509.0,509.2,18614
2026-03-18T14:15:00+05:30,509.2,510.0,508.85,509.45,12029
2026-03-18T14:30:00+05:30,509.45,510.5,508.65,509.6,28484
2026-03-18T14:45:00+05:30,509.5,509.9,509.1,509.8,22753
2026-03-18T15:00:00+05:30,509.5,513.5,509.3,511.9,152521
2026-03-18T15:15:00+05:30,511.8,512.3,509.7,511.0,108013
2026-03-19T09:15:00+05:30,500.0,511.0,499.75,506.55,94753
2026-03-19T09:30:00+05:30,506.55,506.55,503.8,505.6,23274
2026-03-19T09:45:00+05:30,505.85,507.85,504.4,507.0,27104
2026-03-19T10:00:00+05:30,507.4,509.0,507.0,507.8,14753
2026-03-19T10:15:00+05:30,507.8,507.8,505.55,507.5,14948
2026-03-19T10:30:00+05:30,507.05,508.8,507.0,508.4,12387
2026-03-19T10:45:00+05:30,508.45,508.95,507.05,507.95,32852
2026-03-19T11:00:00+05:30,508.3,510.8,508.15,508.6,24068
2026-03-19T11:15:00+05:30,508.75,508.95,507.75,507.9,10066
2026-03-19T11:30:00+05:30,508.2,509.8,507.9,508.7,7955
2026-03-19T11:45:00+05:30,508.85,509.45,507.2,507.5,29666
2026-03-19T12:00:00+05:30,507.5,507.5,505.75,507.3,18916
2026-03-19T12:15:00+05:30,507.2,508.4,506.25,506.25,12655
2026-03-19T12:30:00+05:30,506.25,507.3,506.2,506.7,3495
2026-03-19T12:45:00+05:30,506.7,507.75,506.55,507.15,13557
2026-03-19T13:00:00+05:30,507.15,507.6,505.8,505.8,21005
2026-03-19T13:15:00+05:30,505.8,506.4,504.15,504.65,26487
2026-03-19T13:30:00+05:30,504.65,505.0,503.8,503.85,26337
2026-03-19T13:45:00+05:30,503.85,504.0,502.2,503.15,20411
2026-03-19T14:00:00+05:30,503.15,503.15,500.35,500.9,27536
2026-03-19T14:15:00+05:30,500.65,501.05,498.6,498.95,29229
2026-03-19T14:30:00+05:30,499.0,502.2,498.2,501.65,29019
2026-03-19T14:45:00+05:30,501.95,502.25,498.55,498.6,19680
2026-03-19T15:00:00+05:30,499.1,503.95,498.65,502.75,46269
2026-03-19T15:15:00+05:30,502.45,503.0,499.55,502.0,67988
2026-03-20T09:15:00+05:30,502.3,506.25,496.0,504.3,125921
2026-03-20T09:30:00+05:30,504.65,505.9,501.15,502.25,46630
2026-03-20T09:45:00+05:30,502.35,503.8,501.3,502.7,31306
2026-03-20T10:00:00+05:30,502.7,505.85,502.2,503.7,46469
2026-03-20T10:15:00+05:30,503.35,506.9,502.4,506.35,42215
2026-03-20T10:30:00+05:30,506.85,507.25,504.4,505.1,34596
2026-03-20T10:45:00+05:30,504.75,507.25,504.2,506.75,64424
2026-03-20T11:00:00+05:30,506.6,513.5,506.0,511.8,177850
2026-03-20T11:15:00+05:30,512.0,515.9,509.3,514.45,182978
2026-03-20T11:30:00+05:30,514.45,515.6,513.4,514.45,40518
2026-03-20T11:45:00+05:30,514.45,517.3,513.5,517.0,63774
2026-03-20T12:00:00+05:30,517.3,517.75,512.6,514.85,57601
2026-03-20T12:15:00+05:30,515.0,515.6,514.1,514.4,56641
2026-03-20T12:30:00+05:30,514.4,515.5,514.05,515.0,47358
2026-03-20T12:45:00+05:30,515.0,522.0,514.8,515.25,127217
2026-03-20T13:00:00+05:30,515.6,518.15,514.75,515.25,78794
2026-03-20T13:15:00+05:30,515.3,518.35,514.8,517.9,108335
2026-03-20T13:30:00+05:30,517.9,519.85,516.35,519.0,56188
2026-03-20T13:45:00+05:30,518.85,519.85,518.1,518.35,44074
2026-03-20T14:00:00+05:30,518.35,518.9,516.45,516.75,52060
2026-03-20T14:15:00+05:30,516.85,518.4,516.6,517.45,55757
2026-03-20T14:30:00+05:30,517.3,519.3,517.2,517.5,57047
2026-03-20T14:45:00+05:30,517.5,518.65,516.05,516.65,70517
2026-03-20T15:00:00+05:30,516.65,525.0,516.65,521.35,1061128
2026-03-20T15:15:00+05:30,521.3,543.9,521.0,522.5,1081698
2026-03-23T09:15:00+05:30,507.7,513.0,504.0,504.2,118025
2026-03-23T09:30:00+05:30,504.05,504.45,495.65,500.35,148199
2026-03-23T09:45:00+05:30,500.3,502.5,490.35,490.5,97646
2026-03-23T10:00:00+05:30,490.85,492.25,487.15,489.5,271502
2026-03-23T10:15:00+05:30,489.25,492.85,485.1,489.35,102844
2026-03-23T10:30:00+05:30,489.6,490.1,484.05,485.45,87686
2026-03-23T10:45:00+05:30,485.25,487.15,484.75,485.95,52004
2026-03-23T11:00:00+05:30,486.0,489.7,485.5,486.45,42635
2026-03-23T11:15:00+05:30,486.35,487.85,484.8,487.8,33879
2026-03-23T11:30:00+05:30,487.5,488.6,486.75,488.6,51568
2026-03-23T11:45:00+05:30,488.6,488.6,485.15,485.65,43520
2026-03-23T12:00:00+05:30,485.7,488.0,484.3,484.8,54215
2026-03-23T12:15:00+05:30,484.55,484.75,483.05,484.7,35768
2026-03-23T12:30:00+05:30,484.65,487.65,483.8,486.7,66758
2026-03-23T12:45:00+05:30,486.5,493.0,486.05,492.7,87025
2026-03-23T13:00:00+05:30,492.7,493.35,491.85,492.0,45452
2026-03-23T13:15:00+05:30,492.0,492.95,491.3,492.7,48527
2026-03-23T13:30:00+05:30,492.55,493.8,492.05,492.75,25893
2026-03-23T13:45:00+05:30,492.75,493.55,492.05,492.8,26380
2026-03-23T14:00:00+05:30,492.8,499.5,492.0,498.0,157111
2026-03-23T14:15:00+05:30,497.45,500.5,494.65,495.7,131331
2026-03-23T14:30:00+05:30,495.6,501.8,495.35,500.55,101502
2026-03-23T14:45:00+05:30,500.7,502.6,498.55,501.55,124146
2026-03-23T15:00:00+05:30,501.85,502.8,500.3,501.2,145461
2026-03-23T15:15:00+05:30,500.85,504.25,496.75,498.0,174577
2026-03-24T09:15:00+05:30,511.0,513.9,505.4,513.55,127707
2026-03-24T09:30:00+05:30,513.5,514.9,512.55,512.55,56680
2026-03-24T09:45:00+05:30,512.6,513.6,511.05,512.95,49845
2026-03-24T10:00:00+05:30,513.3,514.75,510.9,511.3,31337
2026-03-24T10:15:00+05:30,511.0,512.95,508.05,511.1,53561
2026-03-24T10:30:00+05:30,510.9,511.05,508.2,508.3,41091
2026-03-24T10:45:00+05:30,508.2,509.7,507.6,508.8,23131
2026-03-24T11:00:00+05:30,508.8,510.65,508.8,509.45,29587
2026-03-24T11:15:00+05:30,509.5,509.9,508.5,509.0,13007
2026-03-24T11:30:00+05:30,509.0,509.55,508.4,509.0,21090
2026-03-24T11:45:00+05:30,509.2,512.95,508.55,512.4,25763
2026-03-24T12:00:00+05:30,512.5,514.5,511.65,513.05,41975
2026-03-24T12:15:00+05:30,513.2,514.9,512.75,512.9,25982
2026-03-24T12:30:00+05:30,513.0,515.0,512.8,514.35,44032
2026-03-24T12:45:00+05:30,514.35,515.75,508.15,508.8,90148
2026-03-24T13:00:00+05:30,509.35,510.0,508.0,508.85,27486
2026-03-24T13:15:00+05:30,508.9,509.2,506.75,508.6,22340
2026-03-24T13:30:00+05:30,508.6,509.9,506.15,506.15,73163
2026-03-24T13:45:00+05:30,506.1,506.75,504.1,506.45,47382
2026-03-24T14:00:00+05:30,506.45,507.9,506.1,507.55,22990
2026-03-24T14:15:00+05:30,507.6,507.95,500.0,503.4,98337
2026-03-24T14:30:00+05:30,503.4,504.5,500.15,501.7,42043
2026-03-24T14:45:00+05:30,501.7,503.75,500.4,503.15,36930
2026-03-24T15:00:00+05:30,502.6,503.15,500.0,501.75,92398
2026-03-24T15:15:00+05:30,501.55,504.55,501.0,503.0,129510
2026-03-25T09:15:00+05:30,504.45,512.9,502.65,505.9,157872
2026-03-25T09:30:00+05:30,505.5,507.1,501.2,503.5,74890
2026-03-25T09:45:00+05:30,503.75,505.05,503.0,504.85,27295
2026-03-25T10:00:00+05:30,504.85,506.0,504.35,506.0,15199
2026-03-25T10:15:00+05:30,506.05,507.55,505.25,505.6,31657
2026-03-25T10:30:00+05:30,505.7,508.0,504.95,506.9,58298
2026-03-25T10:45:00+05:30,506.9,508.3,502.5,502.85,93631
2026-03-25T11:00:00+05:30,502.5,503.45,502.05,503.05,49128
2026-03-25T11:15:00+05:30,502.75,503.05,501.0,501.4,44231
2026-03-25T11:30:00+05:30,501.4,502.85,500.1,500.5,66989
2026-03-25T11:45:00+05:30,500.5,502.0,500.0,500.65,44738
2026-03-25T12:00:00+05:30,500.3,500.3,495.6,496.15,77345
2026-03-25T12:15:00+05:30,496.0,496.95,492.25,492.45,102926
2026-03-25T12:30:00+05:30,492.45,495.6,492.1,494.55,81965
2026-03-25T12:45:00+05:30,494.5,497.55,493.3,497.0,76393
2026-03-25T13:00:00+05:30,497.0,501.15,496.2,498.0,127382
2026-03-25T13:15:00+05:30,498.0,498.75,496.7,497.7,61977
2026-03-25T13:30:00+05:30,498.0,498.0,496.4,497.15,48432
2026-03-25T13:45:00+05:30,496.8,497.1,495.5,496.4,58536
2026-03-25T14:00:00+05:30,496.4,497.4,495.0,497.4,96642
2026-03-25T14:15:00+05:30,497.4,498.35,495.55,497.05,64005
2026-03-25T14:30:00+05:30,496.9,497.7,495.0,496.2,53086
2026-03-25T14:45:00+05:30,496.35,498.75,495.75,497.6,39232
2026-03-25T15:00:00+05:30,497.35,497.5,493.25,494.85,94016
2026-03-25T15:15:00+05:30,495.1,496.6,493.15,495.05,217458
2026-03-27T09:15:00+05:30,492.0,500.8,492.0,497.1,286451
2026-03-27T09:30:00+05:30,497.35,499.55,495.6,496.75,51707
2026-03-27T09:45:00+05:30,496.75,501.05,496.1,499.8,44522
2026-03-27T10:00:00+05:30,499.8,500.0,497.7,499.55,30969
2026-03-27T10:15:00+05:30,499.55,499.55,493.15,495.65,82399
2026-03-27T10:30:00+05:30,495.75,496.75,493.5,494.25,31288
2026-03-27T10:45:00+05:30,494.25,500.0,494.25,500.0,44900
2026-03-27T11:00:00+05:30,499.85,500.15,496.8,496.8,24208
2026-03-27T11:15:00+05:30,497.05,498.0,496.1,497.5,14850
2026-03-27T11:30:00+05:30,497.55,498.35,496.55,497.35,8758
2026-03-27T11:45:00+05:30,497.25,499.95,496.25,497.0,17359
2026-03-27T12:00:00+05:30,496.75,497.55,493.85,494.15,30890
2026-03-27T12:15:00+05:30,494.15,495.6,493.3,494.0,28337
2026-03-27T12:30:00+05:30,494.25,495.95,494.0,494.65,29594
2026-03-27T12:45:00+05:30,494.65,494.75,492.3,492.7,32491
2026-03-27T13:00:00+05:30,492.75,494.1,492.15,492.6,37118
2026-03-27T13:15:00+05:30,492.6,495.7,492.6,494.05,66094
2026-03-27T13:30:00+05:30,494.15,501.0,494.05,499.4,83222
2026-03-27T13:45:00+05:30,499.0,500.9,497.4,498.75,53911
2026-03-27T14:00:00+05:30,498.9,504.8,498.9,501.7,152408
2026-03-27T14:15:00+05:30,501.7,504.0,500.95,501.05,52305
2026-03-27T14:30:00+05:30,501.05,501.05,499.5,500.65,33171
2026-03-27T14:45:00+05:30,500.65,513.0,500.15,509.15,388291
2026-03-27T15:00:00+05:30,508.8,515.2,497.3,509.35,1957269
2026-03-27T15:15:00+05:30,509.25,513.35,509.25,512.05,1208168
2026-03-30T09:15:00+05:30,500.3,503.85,488.0,491.1,302660
2026-03-30T09:30:00+05:30,491.5,494.85,491.25,493.75,70615
2026-03-30T09:45:00+05:30,493.8,495.0,490.2,491.6,50411
2026-03-30T10:00:00+05:30,491.65,492.5,489.0,489.65,37274
2026-03-30T10:15:00+05:30,489.8,493.65,488.7,491.65,66317
2026-03-30T10:30:00+05:30,491.85,492.9,489.55,490.15,34271
2026-03-30T10:45:00+05:30,490.0,490.75,487.8,488.0,47443
2026-03-30T11:00:00+05:30,488.0,490.0,487.0,489.45,51239
2026-03-30T11:15:00+05:30,489.25,490.8,488.0,489.65,24277
2026-03-30T11:30:00+05:30,489.35,494.0,489.0,493.85,49138
2026-03-30T11:45:00+05:30,493.8,494.3,492.8,493.65,29066
2026-03-30T12:00:00+05:30,493.65,495.95,493.3,494.85,27404
2026-03-30T12:15:00+05:30,494.65,495.65,494.0,495.3,21449
2026-03-30T12:30:00+05:30,495.1,499.35,495.05,498.05,33812
2026-03-30T12:45:00+05:30,498.05,498.65,497.0,498.2,35515
2026-03-30T13:00:00+05:30,498.2,500.55,497.85,500.05,38784
2026-03-30T13:15:00+05:30,500.05,501.4,500.0,500.5,15761
2026-03-30T13:30:00+05:30,500.45,503.0,499.75,500.75,55448
2026-03-30T13:45:00+05:30,500.75,501.75,498.9,500.0,37310
2026-03-30T14:00:00+05:30,500.0,501.25,499.75,500.6,17441
2026-03-30T14:15:00+05:30,500.6,502.7,499.6,500.6,44226
2026-03-30T14:30:00+05:30,500.5,504.0,500.4,503.15,59320
2026-03-30T14:45:00+05:30,503.0,505.65,503.0,503.5,35645
2026-03-30T15:00:00+05:30,503.5,504.05,502.0,503.25,94935
2026-03-30T15:15:00+05:30,503.0,503.25,491.0,496.1,451720
2026-04-01T09:15:00+05:30,511.0,513.0,500.15,506.45,1502180
2026-04-01T09:30:00+05:30,506.4,512.85,506.3,509.9,77282
2026-04-01T09:45:00+05:30,509.9,511.25,508.2,508.7,43774
2026-04-01T10:00:00+05:30,509.05,511.3,508.65,509.8,51870
2026-04-01T10:15:00+05:30,509.85,510.6,509.0,510.3,55860
2026-04-01T10:30:00+05:30,510.6,512.0,509.6,509.9,63819
2026-04-01T10:45:00+05:30,510.0,511.3,506.45,506.85,179619
2026-04-01T11:00:00+05:30,506.85,506.85,505.4,505.4,19209
2026-04-01T11:15:00+05:30,505.45,507.2,505.35,505.55,22274
2026-04-01T11:30:00+05:30,505.75,506.8,504.85,505.0,11761
2026-04-01T11:45:00+05:30,505.0,505.6,503.25,503.75,24514
2026-04-01T12:00:00+05:30,503.95,505.95,503.95,505.0,15134
2026-04-01T12:15:00+05:30,504.8,505.05,502.6,505.05,53689
2026-04-01T12:30:00+05:30,504.95,505.3,504.0,505.05,11183
2026-04-01T12:45:00+05:30,505.1,506.7,505.1,505.6,21985
2026-04-01T13:00:00+05:30,505.8,506.35,504.4,505.9,20536
2026-04-01T13:15:00+05:30,505.9,505.95,504.15,504.5,33843
2026-04-01T13:30:00+05:30,504.55,504.85,502.4,503.8,25589
2026-04-01T13:45:00+05:30,503.8,505.9,503.3,505.35,33040
2026-04-01T14:00:00+05:30,505.35,505.65,504.6,505.5,41716
2026-04-01T14:15:00+05:30,505.5,506.0,504.0,504.9,43828
2026-04-01T14:30:00+05:30,504.85,505.25,501.95,502.3,66389
2026-04-01T14:45:00+05:30,502.4,504.0,500.0,501.05,980560
2026-04-01T15:00:00+05:30,501.35,504.45,501.05,502.65,239816
2026-04-01T15:15:00+05:30,502.7,503.5,496.85,497.0,185631
2026-04-02T09:15:00+05:30,498.0,498.0,485.6,489.05,122705
2026-04-02T09:30:00+05:30,489.0,489.4,487.0,487.5,41549
2026-04-02T09:45:00+05:30,487.75,490.45,487.5,488.75,21877
2026-04-02T10:00:00+05:30,488.75,489.2,487.2,488.0,20969
2026-04-02T10:15:00+05:30,488.25,488.25,481.75,483.8,141389
2026-04-02T10:30:00+05:30,483.55,485.2,483.1,485.0,29858
2026-04-02T10:45:00+05:30,485.05,486.5,485.0,486.05,20937
2026-04-02T11:00:00+05:30,486.1,486.45,484.55,484.85,12786
2026-04-02T11:15:00+05:30,484.9,484.95,483.35,483.9,11578
2026-04-02T11:30:00+05:30,483.9,488.85,483.85,488.65,40974
2026-04-02T11:45:00+05:30,488.7,490.0,486.15,486.45,37917
2026-04-02T12:00:00+05:30,486.45,486.75,486.0,486.45,9177
2026-04-02T12:15:00+05:30,486.5,486.65,484.5,485.1,18205
2026-04-02T12:30:00+05:30,485.1,487.8,485.0,487.2,27552
2026-04-02T12:45:00+05:30,486.95,487.4,484.8,486.65,34500
2026-04-02T13:00:00+05:30,486.7,487.0,485.1,485.85,27831
2026-04-02T13:15:00+05:30,485.85,486.85,485.75,486.4,26162
2026-04-02T13:30:00+05:30,486.4,488.95,485.45,487.35,62552
2026-04-02T13:45:00+05:30,487.35,487.95,486.45,487.0,17984
2026-04-02T14:00:00+05:30,487.25,487.95,486.6,486.7,31128
2026-04-02T14:15:00+05:30,487.0,488.5,486.5,488.25,71796
2026-04-02T14:30:00+05:30,488.25,490.0,486.15,486.55,68381
2026-04-02T14:45:00+05:30,486.3,487.95,485.8,487.0,61460
2026-04-02T15:00:00+05:30,487.25,487.6,483.7,486.55,206523
2026-04-02T15:15:00+05:30,486.55,486.55,480.95,483.0,252616
2026-04-06T09:15:00+05:30,487.9,493.85,487.0,490.25,196860
2026-04-06T09:30:00+05:30,490.4,492.65,488.7,490.5,108363
2026-04-06T09:45:00+05:30,490.5,491.45,488.0,488.15,39022
2026-04-06T10:00:00+05:30,488.25,489.55,487.25,489.3,23993
2026-04-06T10:15:00+05:30,489.4,490.85,488.15,490.6,36767
2026-04-06T10:30:00+05:30,490.7,497.75,490.0,496.45,126993
2026-04-06T10:45:00+05:30,496.45,500.95,495.85,499.7,110800
2026-04-06T11:00:00+05:30,499.5,500.0,497.0,498.3,53323
2026-04-06T11:15:00+05:30,498.5,499.9,497.5,499.85,45921
2026-04-06T11:30:00+05:30,499.6,500.55,498.55,499.85,51691
2026-04-06T11:45:00+05:30,500.0,500.7,499.65,500.0,43679
2026-04-06T12:00:00+05:30,500.0,500.7,499.25,500.0,41030
2026-04-06T12:15:00+05:30,500.0,500.1,499.05,499.45,30580
2026-04-06T12:30:00+05:30,499.45,499.8,498.4,499.8,33969
2026-04-06T12:45:00+05:30,499.8,500.6,499.45,499.85,43522
2026-04-06T13:00:00+05:30,499.85,500.1,499.5,499.9,46148
2026-04-06T13:15:00+05:30,500.0,500.35,499.5,500.05,37248
2026-04-06T13:30:00+05:30,500.0,505.0,499.75,503.95,118024
2026-04-06T13:45:00+05:30,504.0,505.9,502.3,505.0,149493
2026-04-06T14:00:00+05:30,505.0,505.95,503.6,504.7,98663
2026-04-06T14:15:00+05:30,504.65,505.45,504.0,505.0,74126
2026-04-06T14:30:00+05:30,505.1,505.3,501.15,503.1,103147
2026-04-06T14:45:00+05:30,503.1,503.7,500.15,500.7,83736
2026-04-06T15:00:00+05:30,500.8,505.25,500.65,505.25,128301
2026-04-06T15:15:00+05:30,505.25,505.25,500.7,501.5,145467
2026-04-07T09:15:00+05:30,500.05,501.5,495.75,499.9,77062
2026-04-07T09:30:00+05:30,500.0,500.35,494.2,494.35,63364
2026-04-07T09:45:00+05:30,494.65,497.95,494.65,497.65,18240
2026-04-07T10:00:00+05:30,497.8,498.5,497.5,498.2,14998
2026-04-07T10:15:00+05:30,498.1,498.5,496.15,497.2,28671
2026-04-07T10:30:00+05:30,497.2,497.75,495.35,496.85,26229
2026-04-07T10:45:00+05:30,496.5,497.0,492.4,493.1,54093
2026-04-07T11:00:00+05:30,493.0,493.4,492.6,493.25,20967
2026-04-07T11:15:00+05:30,493.25,496.65,492.75,495.9,41032
2026-04-07T11:30:00+05:30,496.2,498.1,495.05,497.5,45153
2026-04-07T11:45:00+05:30,497.5,497.6,496.3,496.6,6289
2026-04-07T12:00:00+05:30,496.6,498.0,495.3,497.5,44179
2026-04-07T12:15:00+05:30,497.45,497.8,497.0,497.45,15661
2026-04-07T12:30:00+05:30,497.55,500.75,496.35,499.85,47844
2026-04-07T12:45:00+05:30,500.1,500.4,499.3,500.0,41518
2026-04-07T13:00:00+05:30,500.0,501.85,499.55,501.85,39809
2026-04-07T13:15:00+05:30,501.7,501.95,499.75,500.0,37570
2026-04-07T13:30:00+05:30,500.2,501.1,499.6,500.4,32907
2026-04-07T13:45:00+05:30,500.4,500.4,499.7,500.05,20798
2026-04-07T14:00:00+05:30,500.05,500.1,499.75,500.05,28491
2026-04-07T14:15:00+05:30,500.0,501.0,499.75,500.05,24889
2026-04-07T14:30:00+05:30,500.0,500.2,499.55,500.0,30102
2026-04-07T14:45:00+05:30,500.0,500.15,499.3,499.9,36700
2026-04-07T15:00:00+05:30,500.05,501.1,499.25,500.1,113985
2026-04-07T15:15:00+05:30,499.95,502.5,499.5,501.2,300408
2026-04-08T09:15:00+05:30,518.1,519.0,507.3,509.75,162086
2026-04-08T09:30:00+05:30,509.9,511.35,509.55,509.95,40922
2026-04-08T09:45:00+05:30,509.95,513.1,509.75,511.4,53379
2026-04-08T10:00:00+05:30,511.5,512.8,509.95,511.35,50295
2026-04-08T10:15:00+05:30,511.35,516.35,511.25,514.2,111739
2026-04-08T10:30:00+05:30,513.95,514.75,512.5,513.2,26391
2026-04-08T10:45:00+05:30,513.2,513.45,505.3,508.0,124015
2026-04-08T11:00:00+05:30,507.75,508.45,504.55,505.4,114916
2026-04-08T11:15:00+05:30,505.4,506.65,505.15,506.05,72364
2026-04-08T11:30:00+05:30,506.15,508.8,505.25,508.0,95224
2026-04-08T11:45:00+05:30,508.0,510.5,507.7,510.0,206424
2026-04-08T12:00:00+05:30,509.9,510.0,507.75,508.7,48707
2026-04-08T12:15:00+05:30,508.3,509.55,507.95,508.9,66845
2026-04-08T12:30:00+05:30,509.15,509.3,506.85,509.0,300291
2026-04-08T12:45:00+05:30,509.0,509.45,506.0,506.6,234998
2026-04-08T13:00:00+05:30,506.7,507.65,506.1,507.35,31997
2026-04-08T13:15:00+05:30,507.35,507.35,506.4,507.15,22763
2026-04-08T13:30:00+05:30,507.15,507.65,505.5,506.3,29133
2026-04-08T13:45:00+05:30,506.55,507.3,505.85,506.0,39884
2026-04-08T14:00:00+05:30,506.25,507.0,505.7,506.95,41321
2026-04-08T14:15:00+05:30,507.0,507.9,506.55,507.9,33182
2026-04-08T14:30:00+05:30,507.9,507.9,506.0,506.3,50519
2026-04-08T14:45:00+05:30,506.2,506.45,504.35,505.2,59635
2026-04-08T15:00:00+05:30,505.0,505.85,504.0,504.3,79961
2026-04-08T15:15:00+05:30,504.45,508.8,502.9,506.55,155987
2026-04-09T09:15:00+05:30,506.0,510.5,505.75,508.4,213016
2026-04-09T09:30:00+05:30,508.35,508.8,505.5,505.5,85512
2026-04-09T09:45:00+05:30,505.35,509.25,504.1,507.6,45115
2026-04-09T10:00:00+05:30,507.65,508.5,506.25,507.75,29066
2026-04-09T10:15:00+05:30,507.75,508.45,507.05,508.0,24120
2026-04-09T10:30:00+05:30,508.2,509.0,507.4,507.4,15414
2026-04-09T10:45:00+05:30,507.45,508.75,507.4,508.15,11212
2026-04-09T11:00:00+05:30,508.55,508.75,506.55,507.7,22686
2026-04-09T11:15:00+05:30,507.95,509.6,507.7,509.0,51911
2026-04-09T11:30:00+05:30,509.0,509.6,508.15,509.0,120848
2026-04-09T11:45:00+05:30,509.0,519.1,508.7,518.0,292480
2026-04-09T12:00:00+05:30,517.95,519.8,513.5,516.15,313492
2026-04-09T12:15:00+05:30,515.85,525.0,515.5,519.2,392996
2026-04-09T12:30:00+05:30,518.9,519.45,514.45,516.35,138689
2026-04-09T12:45:00+05:30,516.75,519.3,514.8,519.25,119237
2026-04-09T13:00:00+05:30,518.8,522.0,517.5,520.45,153761
2026-04-09T13:15:00+05:30,520.3,521.6,516.1,517.25,194208
2026-04-09T13:30:00+05:30,517.25,518.75,512.9,513.7,148663
2026-04-09T13:45:00+05:30,513.5,514.25,512.2,513.55,53107
2026-04-09T14:00:00+05:30,513.55,514.95,511.2,511.7,66020
2026-04-09T14:15:00+05:30,511.7,513.7,510.1,511.95,1042638
2026-04-09T14:30:00+05:30,511.95,518.0,511.75,512.2,101764
2026-04-09T14:45:00+05:30,512.15,513.5,511.2,512.35,118260
2026-04-09T15:00:00+05:30,512.35,516.2,511.3,513.75,204029
2026-04-09T15:15:00+05:30,513.45,517.0,512.25,516.0,224365
2026-04-10T09:15:00+05:30,517.0,534.0,517.0,532.0,241586
2026-04-10T09:30:00+05:30,531.85,543.1,531.85,537.25,692271
2026-04-10T09:45:00+05:30,537.05,539.95,533.1,534.5,156525
2026-04-10T10:00:00+05:30,534.85,539.5,531.65,537.4,244864
2026-04-10T10:15:00+05:30,537.8,541.5,535.6,536.9,177919
2026-04-10T10:30:00+05:30,536.65,538.45,536.0,536.4,47238
2026-04-10T10:45:00+05:30,536.5,540.0,535.1,538.0,131116
2026-04-10T11:00:00+05:30,538.0,541.0,537.8,538.05,99714
2026-04-10T11:15:00+05:30,538.15,540.2,536.2,536.2,76845
2026-04-10T11:30:00+05:30,536.55,538.0,533.2,534.6,111214
2026-04-10T11:45:00+05:30,534.4,534.9,532.0,533.9,65034
2026-04-10T12:00:00+05:30,533.9,534.45,533.0,533.65,43004
2026-04-10T12:15:00+05:30,533.55,533.95,532.5,533.85,37425
2026-04-10T12:30:00+05:30,533.7,535.35,532.6,534.5,39935
2026-04-10T12:45:00+05:30,534.35,536.0,534.25,535.45,32393
2026-04-10T13:00:00+05:30,535.6,538.8,535.2,537.85,63791
2026-04-10T13:15:00+05:30,537.55,538.3,536.55,537.5,35310
2026-04-10T13:30:00+05:30,537.5,539.5,537.2,538.35,53127
2026-04-10T13:45:00+05:30,538.8,539.9,538.15,539.15,60310
2026-04-10T14:00:00+05:30,539.55,546.9,538.7,544.75,343857
2026-04-10T14:15:00+05:30,544.55,546.2,541.25,544.3,246790
2026-04-10T14:30:00+05:30,544.25,544.8,542.6,544.5,126324
2026-04-10T14:45:00+05:30,544.7,550.0,544.35,546.5,606322
2026-04-10T15:00:00+05:30,546.5,548.75,544.75,546.2,296351
2026-04-10T15:15:00+05:30,546.4,550.0,545.0,547.15,565404
2026-04-13T09:15:00+05:30,530.0,547.25,530.0,547.0,255254
2026-04-13T09:30:00+05:30,546.6,548.0,541.95,545.7,146691
2026-04-13T09:45:00+05:30,545.65,551.2,544.35,548.55,219997
2026-04-13T10:00:00+05:30,548.5,549.9,547.85,548.7,118411
2026-04-13T10:15:00+05:30,548.5,549.55,545.0,548.25,99773
2026-04-13T10:30:00+05:30,548.0,549.9,547.2,549.9,55547
2026-04-13T10:45:00+05:30,549.65,550.15,547.85,550.0,118180
2026-04-13T11:00:00+05:30,550.0,551.4,547.35,548.85,91572
2026-04-13T11:15:00+05:30,548.85,549.45,547.7,548.7,31529
2026-04-13T11:30:00+05:30,548.7,549.45,548.0,548.5,27837
2026-04-13T11:45:00+05:30,548.85,549.8,548.2,549.55,27033
2026-04-13T12:00:00+05:30,549.55,550.0,543.2,545.85,112060
2026-04-13T12:15:00+05:30,545.65,546.95,545.2,545.85,63606
2026-04-13T12:30:00+05:30,545.85,546.6,545.05,545.65,41076
2026-04-13T12:45:00+05:30,545.6,547.9,545.5,547.75,66833
2026-04-13T13:00:00+05:30,547.6,548.6,546.45,548.25,54237
2026-04-13T13:15:00+05:30,548.2,548.45,547.45,547.95,37358
2026-04-13T13:30:00+05:30,547.7,548.65,547.35,548.15,32243
2026-04-13T13:45:00+05:30,548.0,548.75,547.1,547.75,53488
2026-04-13T14:00:00+05:30,547.75,549.0,547.05,547.8,63750
2026-04-13T14:15:00+05:30,547.8,548.4,546.85,547.1,42252
2026-04-13T14:30:00+05:30,547.05,547.45,546.65,547.4,34634
2026-04-13T14:45:00+05:30,547.4,549.6,547.1,549.45,62193
2026-04-13T15:00:00+05:30,549.45,550.0,547.25,548.2,150681
2026-04-13T15:15:00+05:30,548.2,550.8,547.2,549.5,416035
2026-04-15T09:15:00+05:30,555.0,557.65,549.2,550.75,496309
2026-04-15T09:30:00+05:30,550.75,551.25,549.3,549.85,182701
2026-04-15T09:45:00+05:30,550.0,552.05,548.55,549.5,175644
2026-04-15T10:00:00+05:30,549.2,550.35,549.2,550.0,103022
2026-04-15T10:15:00+05:30,550.0,550.8,549.85,550.0,124269
2026-04-15T10:30:00+05:30,550.0,550.05,548.75,549.95,63562
2026-04-15T10:45:00+05:30,549.95,550.4,548.4,548.9,48271
2026-04-15T11:00:00+05:30,549.0,551.0,548.9,550.0,45885
2026-04-15T11:15:00+05:30,550.1,551.1,549.4,549.95,40842
2026-04-15T11:30:00+05:30,549.95,550.0,546.0,546.4,59227
2026-04-15T11:45:00+05:30,546.7,547.4,545.35,546.95,66819
2026-04-15T12:00:00+05:30,547.0,547.2,545.4,546.85,49697
2026-04-15T12:15:00+05:30,546.85,547.0,546.3,546.7,14390
2026-04-15T12:30:00+05:30,546.7,546.7,543.1,543.7,66954
2026-04-15T12:45:00+05:30,543.7,545.25,543.5,545.0,32285
2026-04-15T13:00:00+05:30,545.0,545.35,542.2,542.7,30846
2026-04-15T13:15:00+05:30,543.0,543.75,542.45,543.4,23977
2026-04-15T13:30:00+05:30,543.45,543.9,540.2,542.55,59380
2026-04-15T13:45:00+05:30,542.55,543.55,541.7,542.6,72837
2026-04-15T14:00:00+05:30,542.6,542.9,541.3,542.0,64015
2026-04-15T14:15:00+05:30,541.8,542.0,539.35,539.9,136445
2026-04-15T14:30:00+05:30,539.45,540.15,537.75,539.0,62379
2026-04-15T14:45:00+05:30,539.0,539.5,537.35,538.95,90673
2026-04-15T15:00:00+05:30,538.65,539.35,536.65,537.2,186308
2026-04-15T15:15:00+05:30,537.2,539.0,537.0,538.3,175859
2026-04-16T09:15:00+05:30,542.0,546.9,541.35,541.8,96952
2026-04-16T09:30:00+05:30,541.75,544.0,538.7,540.95,100112
2026-04-16T09:45:00+05:30,540.75,540.95,532.0,532.0,101253
2026-04-16T10:00:00+05:30,532.25,535.7,531.55,533.55,59372
2026-04-16T10:15:00+05:30,533.65,535.0,533.0,535.0,33846
2026-04-16T10:30:00+05:30,534.9,535.45,533.55,534.6,20785
2026-04-16T10:45:00+05:30,534.6,536.8,534.6,535.75,24456
2026-04-16T11:00:00+05:30,536.0,536.95,534.3,536.7,16059
2026-04-16T11:15:00+05:30,536.5,536.5,534.0,535.25,30511
2026-04-16T11:30:00+05:30,535.5,535.9,533.3,533.7,26923
2026-04-16T11:45:00+05:30,533.7,533.85,531.5,531.65,39601
2026-04-16T12:00:00+05:30,531.95,532.5,531.0,531.5,24455
2026-04-16T12:15:00+05:30,531.85,532.0,530.0,531.0,71509
2026-04-16T12:30:00+05:30,531.15,535.5,530.55,534.45,253914
2026-04-16T12:45:00+05:30,534.45,534.45,532.3,533.25,49366
2026-04-16T13:00:00+05:30,533.7,540.0,533.25,538.4,110894
2026-04-16T13:15:00+05:30,538.5,540.0,537.75,538.6,42527
2026-04-16T13:30:00+05:30,538.6,539.85,538.35,539.3,24989
2026-04-16T13:45:00+05:30,539.35,542.0,538.65,541.0,64350
2026-04-16T14:00:00+05:30,541.0,542.0,540.5,542.0,28834
2026-04-16T14:15:00+05:30,541.9,543.0,541.35,542.65,40526
2026-04-16T14:30:00+05:30,542.8,544.2,541.0,542.1,51467
2026-04-16T14:45:00+05:30,542.15,542.75,540.45,541.85,45800
2026-04-16T15:00:00+05:30,541.9,542.45,537.35,540.65,107664
2026-04-16T15:15:00+05:30,540.6,543.0,538.2,540.1,109065
2026-04-17T09:15:00+05:30,538.05,544.9,534.1,543.9,247799
2026-04-17T09:30:00+05:30,544.1,544.25,537.15,539.1,172582
2026-04-17T09:45:00+05:30,539.05,541.1,535.7,538.6,86185
2026-04-17T10:00:00+05:30,538.6,540.4,538.4,540.25,54347
2026-04-17T10:15:00+05:30,540.2,540.25,537.15,538.9,81089
2026-04-17T10:30:00+05:30,538.35,539.5,536.65,538.65,46621
2026-04-17T10:45:00+05:30,538.75,539.0,536.85,537.6,62282
2026-04-17T11:00:00+05:30,537.15,539.0,537.0,538.15,54174
2026-04-17T11:15:00+05:30,538.45,538.95,535.6,537.45,73181
2026-04-17T11:30:00+05:30,537.1,538.6,536.55,538.5,54403
2026-04-17T11:45:00+05:30,538.2,539.0,536.75,538.0,70144
2026-04-17T12:00:00+05:30,537.95,538.5,536.55,537.9,43293
2026-04-17T12:15:00+05:30,537.85,538.3,536.6,537.5,58332
2026-04-17T12:30:00+05:30,537.75,541.7,537.35,541.3,298170
2026-04-17T12:45:00+05:30,541.4,544.4,540.75,543.95,189998
2026-04-17T13:00:00+05:30,543.85,547.7,542.0,547.05,450991
2026-04-17T13:15:00+05:30,547.05,548.0,544.0,545.15,330682
2026-04-17T13:30:00+05:30,545.75,546.2,531.6,535.15,447366
2026-04-17T13:45:00+05:30,534.7,537.6,533.5,535.95,117338
2026-04-17T14:00:00+05:30,535.85,537.4,535.3,536.9,72420
2026-04-17T14:15:00+05:30,536.95,538.0,536.4,538.0,103750
2026-04-17T14:30:00+05:30,537.85,538.3,535.05,535.5,165642
2026-04-17T14:45:00+05:30,536.0,538.5,535.05,536.5,73210
2026-04-17T15:00:00+05:30,536.55,537.3,533.55,534.5,180413
2026-04-17T15:15:00+05:30,534.55,536.85,532.1,536.0,256532
2026-04-20T09:15:00+05:30,533.5,533.5,520.15,528.65,480151
2026-04-20T09:30:00+05:30,528.0,528.4,524.0,525.0,168247
2026-04-20T09:45:00+05:30,524.8,525.15,523.0,523.9,96770
2026-04-20T10:00:00+05:30,524.0,525.0,522.4,523.1,55815
2026-04-20T10:15:00+05:30,523.1,524.95,522.85,524.9,51687
2026-04-20T10:30:00+05:30,524.95,525.45,524.0,524.95,92725
2026-04-20T10:45:00+05:30,524.95,527.95,521.6,522.25,130078
2026-04-20T11:00:00+05:30,522.45,522.75,518.25,518.55,189573
2026-04-20T11:15:00+05:30,518.55,520.0,515.2,515.7,180501
2026-04-20T11:30:00+05:30,515.7,516.6,514.1,514.75,112443
2026-04-20T11:45:00+05:30,514.8,515.1,512.15,512.55,123716
2026-04-20T12:00:00+05:30,512.7,512.85,508.9,509.6,222220
2026-04-20T12:15:00+05:30,509.5,517.75,508.9,514.75,324684
2026-04-20T12:30:00+05:30,514.95,516.7,513.0,513.0,127280
2026-04-20T12:45:00+05:30,512.55,518.75,512.35,518.75,139072
2026-04-20T13:00:00+05:30,518.3,520.8,517.0,518.95,185285
2026-04-20T13:15:00+05:30,518.85,521.0,518.05,520.35,157819
2026-04-20T13:30:00+05:30,520.0,520.6,518.25,519.6,77779
2026-04-20T13:45:00+05:30,520.35,521.8,519.75,520.65,151739
2026-04-20T14:00:00+05:30,521.05,524.55,521.05,524.2,194685
2026-04-20T14:15:00+05:30,524.2,524.8,523.05,523.85,99196
2026-04-20T14:30:00+05:30,524.0,525.0,523.9,524.5,113760
2026-04-20T14:45:00+05:30,524.5,531.35,523.95,530.5,305066
2026-04-20T15:00:00+05:30,530.5,533.75,527.0,530.0,339730
2026-04-20T15:15:00+05:30,530.0,537.45,529.95,536.2,524658
2026-04-21T09:15:00+05:30,531.9,539.45,525.1,538.5,224875
2026-04-21T09:30:00+05:30,538.4,542.5,538.1,542.1,104347
2026-04-21T09:45:00+05:30,542.1,542.85,540.0,540.9,58424
2026-04-21T10:00:00+05:30,541.15,541.15,539.1,540.95,40467
2026-04-21T10:15:00+05:30,540.95,541.45,536.2,539.0,88627
2026-04-21T10:30:00+05:30,538.65,540.0,538.3,538.75,18930
2026-04-21T10:45:00+05:30,538.35,540.8,537.7,540.2,19246
2026-04-21T11:00:00+05:30,540.5,541.45,539.55,540.45,32537
2026-04-21T11:15:00+05:30,540.65,541.0,537.0,538.3,66452
2026-04-21T11:30:00+05:30,538.4,539.25,537.55,539.15,27407
2026-04-21T11:45:00+05:30,539.1,539.8,535.9,537.5,55287
2026-04-21T12:00:00+05:30,537.45,538.0,537.0,537.9,12894
2026-04-21T12:15:00+05:30,537.85,537.95,537.15,537.7,8381
2026-04-21T12:30:00+05:30,537.65,538.3,537.55,538.0,29539
2026-04-21T12:45:00+05:30,537.9,538.15,537.2,537.4,21481
2026-04-21T13:00:00+05:30,537.45,539.6,535.5,538.9,212763
2026-04-21T13:15:00+05:30,539.3,541.0,539.05,540.5,50318
2026-04-21T13:30:00+05:30,540.8,542.85,540.65,542.7,36846
2026-04-21T13:45:00+05:30,542.6,544.8,542.6,543.5,71707
2026-04-21T14:00:00+05:30,543.35,545.85,537.0,538.0,165353
2026-04-21T14:15:00+05:30,538.2,539.7,537.5,539.25,61546
2026-04-21T14:30:00+05:30,539.5,539.95,537.7,539.7,37388
2026-04-21T14:45:00+05:30,539.45,540.5,537.5,539.55,59729
2026-04-21T15:00:00+05:30,539.55,541.2,538.55,540.2,81644
2026-04-21T15:15:00+05:30,540.45,544.0,539.05,542.7,153348
2026-04-22T09:15:00+05:30,540.1,545.55,536.35,536.55,155852
2026-04-22T09:30:00+05:30,536.55,541.0,535.5,540.0,111192
2026-04-22T09:45:00+05:30,540.3,544.75,540.0,544.0,136690
2026-04-22T10:00:00+05:30,544.25,547.8,541.5,544.9,364460
2026-04-22T10:15:00+05:30,545.0,545.85,544.25,545.15,83176
2026-04-22T10:30:00+05:30,545.4,545.4,543.35,543.95,54265
2026-04-22T10:45:00+05:30,544.0,544.95,543.5,544.6,79942
2026-04-22T11:00:00+05:30,544.8,545.5,544.05,544.8,43454
2026-04-22T11:15:00+05:30,545.0,545.05,543.9,544.25,18326
2026-04-22T11:30:00+05:30,544.55,545.1,544.0,544.8,34062
2026-04-22T11:45:00+05:30,544.7,544.85,544.7,544.8,9462
2026-04-22T12:00:00+05:30,544.8,545.0,544.7,544.9,7982
2026-04-22T12:15:00+05:30,545.0,545.6,543.9,545.0,38590
2026-04-22T12:30:00+05:30,545.0,545.5,544.45,545.0,11409
2026-04-22T12:45:00+05:30,545.0,545.0,544.85,544.9,8172
2026-04-22T13:00:00+05:30,545.0,546.0,544.75,545.25,24954
2026-04-22T13:15:00+05:30,545.5,545.5,544.9,545.3,11093
2026-04-22T13:30:00+05:30,545.3,545.7,543.8,544.5,72641
2026-04-22T13:45:00+05:30,544.5,545.3,544.0,544.0,35954
2026-04-22T14:00:00+05:30,544.25,545.45,543.7,544.45,568486
2026-04-22T14:15:00+05:30,544.45,545.25,544.2,545.0,33851
2026-04-22T14:30:00+05:30,545.0,545.2,544.9,545.0,55484
2026-04-22T14:45:00+05:30,545.0,545.65,544.85,544.95,52810
2026-04-22T15:00:00+05:30,545.0,545.25,543.3,544.0,304138
2026-04-22T15:15:00+05:30,543.95,544.0,542.2,543.9,137100
2026-04-23T09:15:00+05:30,542.2,542.2,535.5,537.25,155904
2026-04-23T09:30:00+05:30,536.8,538.0,536.05,536.45,48768
2026-04-23T09:45:00+05:30,536.2,537.5,536.05,536.85,20258
2026-04-23T10:00:00+05:30,537.15,537.6,533.65,533.65,47253
2026-04-23T10:15:00+05:30,533.65,534.75,532.6,533.55,42291
2026-04-23T10:30:00+05:30,533.3,533.6,530.85,531.35,43931
2026-04-23T10:45:00+05:30,531.15,532.75,531.1,532.0,25416
2026-04-23T11:00:00+05:30,532.05,535.3,532.0,533.1,30808
2026-04-23T11:15:00+05:30,533.0,537.8,532.45,535.7,64009
2026-04-23T11:30:00+05:30,535.75,536.75,535.45,535.7,22195
2026-04-23T11:45:00+05:30,535.7,536.9,535.05,536.4,22132
2026-04-23T12:00:00+05:30,536.5,537.75,536.25,537.15,21398
2026-04-23T12:15:00+05:30,537.15,537.7,536.0,536.25,11104
2026-04-23T12:30:00+05:30,536.25,537.65,535.2,537.65,40144
2026-04-23T12:45:00+05:30,537.7,537.75,533.15,535.5,113669
2026-04-23T13:00:00+05:30,535.55,535.95,535.3,535.7,11235
2026-04-23T13:15:00+05:30,535.75,536.7,535.55,536.1,19051
2026-04-23T13:30:00+05:30,536.1,536.1,535.2,535.45,22378
2026-04-23T13:45:00+05:30,535.5,536.0,534.2,535.55,94365
2026-04-23T14:00:00+05:30,535.5,535.6,532.25,532.55,79913
2026-04-23T14:15:00+05:30,532.55,532.8,527.7,532.0,102869
2026-04-23T14:30:00+05:30,532.0,533.0,531.15,532.9,30529
2026-04-23T14:45:00+05:30,532.9,539.15,532.25,538.65,152201
2026-04-23T15:00:00+05:30,538.8,538.95,536.0,538.05,295004
2026-04-23T15:15:00+05:30,538.05,539.0,535.65,538.0,123117
2026-04-24T09:15:00+05:30,540.0,542.8,536.8,540.45,131436
2026-04-24T09:30:00+05:30,540.0,544.0,538.25,540.3,292355
2026-04-24T09:45:00+05:30,540.4,540.5,531.3,534.85,252072
2026-04-24T10:00:00+05:30,534.85,538.4,534.85,538.0,87920
2026-04-24T10:15:00+05:30,537.95,537.95,532.8,533.5,58876
2026-04-24T10:30:00+05:30,533.5,533.5,530.9,531.3,79504
2026-04-24T10:45:00+05:30,531.3,533.45,529.7,530.5,83828
2026-04-24T11:00:00+05:30,530.45,530.7,528.55,529.65,50762
2026-04-24T11:15:00+05:30,529.75,531.75,527.05,531.35,74939
2026-04-24T11:30:00+05:30,531.35,532.0,529.4,530.95,56464
2026-04-24T11:45:00+05:30,530.85,531.75,529.6,531.6,50042
2026-04-24T12:00:00+05:30,531.6,532.25,531.1,532.0,62643
2026-04-24T12:15:00+05:30,531.95,535.55,531.9,534.05,53994
2026-04-24T12:30:00+05:30,534.0,535.55,533.55,535.2,46861
2026-04-24T12:45:00+05:30,535.15,538.8,535.15,538.05,53522
2026-04-24T13:00:00+05:30,538.25,538.25,535.45,536.0,42632
2026-04-24T13:15:00+05:30,536.05,536.95,533.75,533.75,52367
2026-04-24T13:30:00+05:30,533.9,535.55,533.25,533.95,53884
2026-04-24T13:45:00+05:30,534.1,536.25,534.1,534.9,41723
2026-04-24T14:00:00+05:30,535.05,535.7,534.45,535.45,38227
2026-04-24T14:15:00+05:30,535.4,535.8,534.0,534.75,48317
2026-04-24T14:30:00+05:30,534.8,535.7,534.15,534.4,53541
2026-04-24T14:45:00+05:30,534.6,535.7,533.9,535.7,41385
2026-04-24T15:00:00+05:30,535.6,535.6,532.55,534.8,101901
2026-04-24T15:15:00+05:30,534.75,535.85,530.1,531.7,170387
