datetime,open,high,low,close,volume
2025-10-14T10:00:00+05:30,1710.2,1749.0,1656.0,1665.0,23542854
2025-10-14T10:15:00+05:30,1665.0,1680.0,1650.0,1662.7,6345017
2025-10-14T10:30:00+05:30,1662.0,1668.7,1655.2,1655.6,2574251
2025-10-14T10:45:00+05:30,1655.6,1663.7,1655.0,1655.4,1423040
2025-10-14T11:00:00+05:30,1655.4,1662.0,1655.1,1659.1,879754
2025-10-14T11:15:00+05:30,1659.1,1675.0,1656.8,1671.8,1122452
2025-10-14T11:30:00+05:30,1671.1,1694.7,1666.2,1691.8,1824652
2025-10-14T11:45:00+05:30,1691.9,1703.0,1672.7,1693.0,2168480
2025-10-14T12:00:00+05:30,1693.4,1702.5,1687.0,1696.5,1120575
2025-10-14T12:15:00+05:30,1696.5,1697.9,1680.2,1680.5,624688
2025-10-14T12:30:00+05:30,1681.1,1696.0,1680.4,1687.3,531595
2025-10-14T12:45:00+05:30,1687.1,1694.9,1687.0,1691.9,390001
2025-10-14T13:00:00+05:30,1691.9,1700.0,1690.0,1696.9,842694
2025-10-14T13:15:00+05:30,1696.9,1698.9,1692.3,1693.9,382388
2025-10-14T13:30:00+05:30,1693.6,1697.8,1692.0,1696.9,375118
2025-10-14T13:45:00+05:30,1696.8,1710.0,1693.1,1707.1,1727702
2025-10-14T14:00:00+05:30,1706.9,1719.9,1706.1,1713.0,1843394
2025-10-14T14:15:00+05:30,1712.5,1713.3,1686.5,1694.7,1552212
2025-10-14T14:30:00+05:30,1694.3,1697.4,1667.6,1679.5,1585547
2025-10-14T14:45:00+05:30,1679.5,1694.4,1677.5,1693.8,895079
2025-10-14T15:00:00+05:30,1694.0,1695.0,1682.2,1690.0,972303
2025-10-14T15:15:00+05:30,1690.0,1695.0,1678.0,1682.8,1762924
2025-10-15T09:15:00+05:30,1698.0,1728.9,1683.3,1701.1,2678822
2025-10-15T09:30:00+05:30,1700.4,1714.0,1695.6,1707.6,931852
2025-10-15T09:45:00+05:30,1707.0,1711.9,1699.0,1701.1,462885
2025-10-15T10:00:00+05:30,1701.1,1705.0,1697.4,1701.0,287358
2025-10-15T10:15:00+05:30,1701.0,1711.0,1698.0,1707.3,777603
2025-10-15T10:30:00+05:30,1707.3,1709.0,1702.1,1704.8,152178
2025-10-15T10:45:00+05:30,1705.0,1706.5,1701.3,1705.3,137134
2025-10-15T11:00:00+05:30,1705.0,1707.0,1701.5,1703.0,134869
2025-10-15T11:15:00+05:30,1702.4,1703.9,1701.3,1701.9,113438
2025-10-15T11:30:00+05:30,1701.8,1705.0,1700.0,1700.5,201154
2025-10-15T11:45:00+05:30,1700.2,1701.8,1682.3,1689.6,367806
2025-10-15T12:00:00+05:30,1689.6,1695.0,1687.0,1691.9,253042
2025-10-15T12:15:00+05:30,1691.9,1698.8,1691.4,1696.5,138443
2025-10-15T12:30:00+05:30,1696.5,1699.0,1693.7,1696.0,103232
2025-10-15T12:45:00+05:30,1695.9,1696.3,1692.0,1692.4,79718
2025-10-15T13:00:00+05:30,1692.4,1693.9,1688.0,1693.2,144108
2025-10-15T13:15:00+05:30,1693.2,1701.0,1690.2,1696.8,182885
2025-10-15T13:30:00+05:30,1696.8,1700.0,1695.0,1697.8,113106
2025-10-15T13:45:00+05:30,1697.8,1697.9,1694.0,1695.9,88716
2025-10-15T14:00:00+05:30,1696.0,1697.4,1691.0,1695.0,129560
2025-10-15T14:15:00+05:30,1695.0,1695.8,1689.0,1694.2,183582
2025-10-15T14:30:00+05:30,1694.2,1695.8,1691.0,1694.4,158075
2025-10-15T14:45:00+05:30,1694.3,1699.8,1693.9,1694.3,170260
2025-10-15T15:00:00+05:30,1694.3,1694.4,1688.0,1689.9,299233
2025-10-15T15:15:00+05:30,1690.0,1692.0,1680.2,1686.5,665051
2025-10-16T09:15:00+05:30,1688.9,1705.0,1681.2,1686.6,696580
2025-10-16T09:30:00+05:30,1686.3,1687.0,1672.3,1676.4,464131
2025-10-16T09:45:00+05:30,1676.2,1676.2,1662.0,1667.5,399207
2025-10-16T10:00:00+05:30,1667.5,1678.8,1662.0,1677.9,259332
2025-10-16T10:15:00+05:30,1677.9,1678.8,1667.2,1670.1,139153
2025-10-16T10:30:00+05:30,1670.5,1670.5,1665.0,1669.3,170142
2025-10-16T10:45:00+05:30,1669.3,1669.9,1664.0,1665.5,118580
2025-10-16T11:00:00+05:30,1665.5,1678.0,1663.6,1671.1,162537
2025-10-16T11:15:00+05:30,1671.5,1672.0,1667.1,1670.4,72722
2025-10-16T11:30:00+05:30,1670.4,1674.9,1670.0,1673.9,77700
2025-10-16T11:45:00+05:30,1673.9,1677.6,1671.0,1675.0,82931
2025-10-16T12:00:00+05:30,1674.9,1682.9,1674.1,1681.9,116735
2025-10-16T12:15:00+05:30,1681.8,1688.0,1680.1,1682.9,172594
2025-10-16T12:30:00+05:30,1682.5,1682.6,1678.2,1680.2,81514
2025-10-16T12:45:00+05:30,1680.2,1681.2,1676.1,1678.9,55998
2025-10-16T13:00:00+05:30,1678.2,1684.0,1676.7,1679.8,57993
2025-10-16T13:15:00+05:30,1678.9,1681.9,1678.3,1679.0,36458
2025-10-16T13:30:00+05:30,1679.4,1680.0,1677.1,1679.5,40900
2025-10-16T13:45:00+05:30,1679.5,1683.3,1677.0,1683.0,73208
2025-10-16T14:00:00+05:30,1683.0,1683.3,1675.1,1675.2,82483
2025-10-16T14:15:00+05:30,1675.4,1682.2,1675.0,1675.8,120435
2025-10-16T14:30:00+05:30,1676.0,1678.0,1668.2,1670.5,132137
2025-10-16T14:45:00+05:30,1670.5,1681.0,1670.5,1680.0,140131
2025-10-16T15:00:00+05:30,1680.0,1680.1,1670.0,1670.4,122618
2025-10-16T15:15:00+05:30,1670.9,1672.8,1668.0,1670.0,304591
2025-10-17T09:15:00+05:30,1675.0,1699.4,1670.2,1692.7,593003
2025-10-17T09:30:00+05:30,1692.0,1701.3,1688.0,1688.8,391872
2025-10-17T09:45:00+05:30,1688.8,1690.2,1682.0,1684.9,187817
2025-10-17T10:00:00+05:30,1684.9,1687.0,1681.0,1681.0,67894
2025-10-17T10:15:00+05:30,1681.1,1683.6,1666.0,1673.6,190704
2025-10-17T10:30:00+05:30,1673.6,1677.5,1666.2,1667.0,129128
2025-10-17T10:45:00+05:30,1666.7,1667.9,1663.2,1666.0,131238
2025-10-17T11:00:00+05:30,1666.0,1666.0,1653.2,1661.9,272161
2025-10-17T11:15:00+05:30,1662.0,1662.0,1627.8,1646.6,595717
2025-10-17T11:30:00+05:30,1646.6,1658.0,1645.6,1650.0,170480
2025-10-17T11:45:00+05:30,1650.3,1664.7,1650.0,1661.9,200504
2025-10-17T12:00:00+05:30,1662.5,1689.9,1661.9,1668.9,547864
2025-10-17T12:15:00+05:30,1668.9,1688.1,1668.8,1679.0,327771
2025-10-17T12:30:00+05:30,1679.0,1681.9,1675.0,1676.7,67049
2025-10-17T12:45:00+05:30,1676.6,1678.0,1670.1,1672.4,80862
2025-10-17T13:00:00+05:30,1672.7,1674.0,1665.0,1667.9,57147
2025-10-17T13:15:00+05:30,1667.9,1672.8,1666.2,1667.4,42254
2025-10-17T13:30:00+05:30,1668.3,1668.3,1655.0,1660.6,137726
2025-10-17T13:45:00+05:30,1660.6,1664.0,1656.6,1662.1,61129
2025-10-17T14:00:00+05:30,1662.4,1664.8,1656.5,1660.8,43649
2025-10-17T14:15:00+05:30,1660.8,1663.0,1658.3,1658.7,43309
2025-10-17T14:30:00+05:30,1658.6,1668.5,1653.8,1667.4,146831
2025-10-17T14:45:00+05:30,1667.0,1669.7,1666.0,1666.1,93632
2025-10-17T15:00:00+05:30,1666.3,1669.9,1666.0,1667.7,126835
2025-10-17T15:15:00+05:30,1667.7,1671.0,1665.0,1668.5,269974
2025-10-20T09:15:00+05:30,1673.4,1686.4,1666.2,1676.0,260702
2025-10-20T09:30:00+05:30,1675.9,1677.5,1667.0,1668.0,105520
2025-10-20T09:45:00+05:30,1668.0,1678.0,1661.2,1662.6,147530
2025-10-20T10:00:00+05:30,1662.6,1663.1,1648.0,1654.1,298217
2025-10-20T10:15:00+05:30,1653.8,1656.2,1649.0,1651.1,212210
2025-10-20T10:30:00+05:30,1651.2,1654.5,1650.1,1651.5,53718
2025-10-20T10:45:00+05:30,1651.5,1657.6,1651.0,1656.8,45031
2025-10-20T11:00:00+05:30,1656.7,1656.8,1650.1,1651.0,38877
2025-10-20T11:15:00+05:30,1651.2,1653.0,1649.0,1652.0,75224
2025-10-20T11:30:00+05:30,1652.1,1652.9,1650.0,1652.7,30531
2025-10-20T11:45:00+05:30,1652.6,1652.8,1645.0,1651.6,100180
2025-10-20T12:00:00+05:30,1651.5,1656.7,1650.0,1653.6,46950
2025-10-20T12:15:00+05:30,1653.5,1655.5,1652.0,1654.7,25167
2025-10-20T12:30:00+05:30,1654.7,1656.0,1652.8,1653.4,28809
2025-10-20T12:45:00+05:30,1653.3,1656.0,1652.0,1655.0,32858
2025-10-20T13:00:00+05:30,1655.0,1659.9,1654.6,1656.4,54397
2025-10-20T13:15:00+05:30,1656.4,1657.0,1652.1,1654.2,43811
2025-10-20T13:30:00+05:30,1653.4,1656.9,1652.8,1653.7,47061
2025-10-20T13:45:00+05:30,1653.7,1657.0,1653.0,1653.8,56346
2025-10-20T14:00:00+05:30,1653.8,1657.0,1653.0,1656.0,45486
2025-10-20T14:15:00+05:30,1656.0,1663.6,1656.0,1658.0,94694
2025-10-20T14:30:00+05:30,1658.0,1658.5,1654.0,1654.1,81189
2025-10-20T14:45:00+05:30,1654.1,1667.7,1652.2,1663.0,185336
2025-10-20T15:00:00+05:30,1663.0,1668.0,1662.0,1664.6,107168
2025-10-20T15:15:00+05:30,1664.0,1670.0,1661.5,1670.0,236137
2025-10-21T13:45:00+05:30,1674.9,1680.5,1668.0,1673.0,216365
2025-10-21T14:00:00+05:30,1672.7,1674.0,1670.2,1673.0,74115
2025-10-21T14:15:00+05:30,1672.3,1673.2,1670.0,1670.1,66031
2025-10-21T14:30:00+05:30,1670.1,1670.5,1665.5,1666.0,119186
2025-10-23T09:15:00+05:30,1675.0,1678.7,1654.7,1658.1,168456
2025-10-23T09:30:00+05:30,1658.2,1669.9,1655.7,1669.0,86799
2025-10-23T09:45:00+05:30,1669.0,1698.4,1667.1,1695.8,473398
2025-10-23T10:00:00+05:30,1695.2,1695.7,1683.0,1686.2,192300
2025-10-23T10:15:00+05:30,1686.3,1693.0,1680.5,1684.0,162680
2025-10-23T10:30:00+05:30,1684.0,1685.0,1680.6,1680.7,55978
2025-10-23T10:45:00+05:30,1680.7,1686.1,1680.0,1682.1,60296
2025-10-23T11:00:00+05:30,1682.5,1683.4,1675.7,1677.2,57177
2025-10-23T11:15:00+05:30,1677.7,1678.5,1675.6,1677.1,26007
2025-10-23T11:30:00+05:30,1677.1,1682.0,1677.0,1680.0,35514
2025-10-23T11:45:00+05:30,1680.2,1695.0,1680.0,1688.3,145296
2025-10-23T12:00:00+05:30,1688.6,1689.8,1681.3,1681.3,50468
2025-10-23T12:15:00+05:30,1681.5,1684.1,1678.0,1679.5,34923
2025-10-23T12:30:00+05:30,1679.6,1680.0,1676.7,1677.2,25623
2025-10-23T12:45:00+05:30,1677.1,1680.0,1676.1,1677.6,31914
2025-10-23T13:00:00+05:30,1677.6,1679.0,1676.3,1676.8,29621
2025-10-23T13:15:00+05:30,1676.6,1678.1,1671.1,1674.0,109727
2025-10-23T13:30:00+05:30,1674.0,1677.7,1671.8,1675.5,34424
2025-10-23T13:45:00+05:30,1675.5,1675.5,1670.0,1670.6,64846
2025-10-23T14:00:00+05:30,1670.3,1672.0,1670.0,1670.6,36089
2025-10-23T14:15:00+05:30,1670.6,1673.0,1670.0,1672.7,41685
2025-10-23T14:30:00+05:30,1672.0,1674.0,1671.1,1671.2,30413
2025-10-23T14:45:00+05:30,1671.2,1671.9,1670.0,1670.0,65029
2025-10-23T15:00:00+05:30,1670.0,1670.4,1660.0,1660.3,213078
2025-10-23T15:15:00+05:30,1660.1,1660.6,1656.3,1658.7,139542
2025-10-24T09:15:00+05:30,1663.4,1671.5,1658.1,1665.0,122475
2025-10-24T09:30:00+05:30,1665.7,1668.7,1660.6,1662.4,63023
2025-10-24T09:45:00+05:30,1661.5,1664.2,1650.0,1655.7,134506
2025-10-24T10:00:00+05:30,1656.0,1656.2,1648.0,1650.2,83575
2025-10-24T10:15:00+05:30,1650.2,1653.4,1649.1,1651.5,84434
2025-10-24T10:30:00+05:30,1651.5,1653.0,1649.5,1650.0,87866
2025-10-24T10:45:00+05:30,1650.0,1650.9,1646.3,1648.4,55856
2025-10-24T11:00:00+05:30,1648.1,1650.0,1642.5,1643.6,90516
2025-10-24T11:15:00+05:30,1643.5,1644.5,1639.1,1642.8,68783
2025-10-24T11:30:00+05:30,1642.7,1649.0,1636.1,1647.3,93382
2025-10-24T11:45:00+05:30,1647.1,1649.5,1643.2,1648.1,43627
2025-10-24T12:00:00+05:30,1648.1,1648.1,1644.6,1645.5,25834
2025-10-24T12:15:00+05:30,1645.8,1649.5,1645.3,1649.3,25867
2025-10-24T12:30:00+05:30,1649.3,1651.7,1647.4,1647.6,78286
2025-10-24T12:45:00+05:30,1647.4,1651.8,1645.1,1650.1,76209
2025-10-24T13:00:00+05:30,1650.0,1652.6,1649.7,1650.6,32097
2025-10-24T13:15:00+05:30,1650.6,1650.9,1648.4,1650.0,34449
2025-10-24T13:30:00+05:30,1650.0,1651.5,1648.2,1650.1,52807
2025-10-24T13:45:00+05:30,1650.0,1650.1,1648.8,1650.0,66584
2025-10-24T14:00:00+05:30,1650.0,1651.7,1649.4,1650.0,41978
2025-10-24T14:15:00+05:30,1650.0,1650.8,1648.6,1650.0,31599
2025-10-24T14:30:00+05:30,1650.0,1650.7,1648.7,1650.2,96499
2025-10-24T14:45:00+05:30,1650.2,1650.9,1650.0,1650.0,30852
2025-10-24T15:00:00+05:30,1650.0,1654.0,1650.0,1650.1,102449
2025-10-24T15:15:00+05:30,1650.1,1650.5,1643.4,1643.8,146812
2025-10-27T09:15:00+05:30,1643.0,1650.5,1631.7,1633.9,180545
2025-10-27T09:30:00+05:30,1634.7,1637.0,1628.5,1635.9,121628
2025-10-27T09:45:00+05:30,1635.1,1644.2,1635.0,1641.8,90836
2025-10-27T10:00:00+05:30,1641.8,1643.3,1640.0,1640.1,41770
2025-10-27T10:15:00+05:30,1640.9,1652.9,1640.0,1648.8,100605
2025-10-27T10:30:00+05:30,1648.2,1654.0,1646.0,1650.5,62296
2025-10-27T10:45:00+05:30,1650.5,1652.1,1650.0,1650.9,37922
2025-10-27T11:00:00+05:30,1650.5,1652.4,1650.0,1650.7,29713
2025-10-27T11:15:00+05:30,1650.5,1651.5,1645.2,1646.4,44479
2025-10-27T11:30:00+05:30,1646.9,1655.3,1646.0,1649.2,49541
2025-10-27T11:45:00+05:30,1649.3,1650.5,1648.5,1650.1,23740
2025-10-27T12:00:00+05:30,1650.0,1651.4,1649.9,1650.7,26471
2025-10-27T12:15:00+05:30,1651.1,1655.0,1650.0,1650.1,31422
2025-10-27T12:30:00+05:30,1650.1,1651.5,1649.4,1651.3,61916
2025-10-27T12:45:00+05:30,1651.2,1654.8,1647.9,1650.2,59278
2025-10-27T13:00:00+05:30,1650.1,1651.0,1648.0,1650.8,47043
2025-10-27T13:15:00+05:30,1650.5,1651.0,1647.5,1650.1,52043
2025-10-27T13:30:00+05:30,1650.2,1650.8,1648.6,1650.0,34423
2025-10-27T13:45:00+05:30,1650.0,1651.4,1649.5,1650.0,25901
2025-10-27T14:00:00+05:30,1650.0,1650.3,1650.0,1650.0,16463
2025-10-27T14:15:00+05:30,1650.0,1650.9,1650.0,1650.0,28201
2025-10-27T14:30:00+05:30,1650.0,1650.1,1649.9,1650.0,57675
2025-10-27T14:45:00+05:30,1650.0,1650.5,1649.9,1650.0,76679
2025-10-27T15:00:00+05:30,1650.0,1651.0,1649.4,1650.0,95856
2025-10-27T15:15:00+05:30,1650.1,1651.7,1649.1,1650.1,108715
2025-10-28T09:15:00+05:30,1650.1,1666.0,1647.0,1661.8,133074
2025-10-28T09:30:00+05:30,1661.0,1663.0,1655.0,1657.5,50459
2025-10-28T09:45:00+05:30,1657.5,1658.0,1651.1,1655.3,37060
2025-10-28T10:00:00+05:30,1655.3,1657.0,1652.0,1653.1,26118
2025-10-28T10:15:00+05:30,1653.1,1657.0,1653.0,1655.0,28680
2025-10-28T10:30:00+05:30,1655.4,1655.9,1649.0,1652.5,39850
2025-10-28T10:45:00+05:30,1652.5,1653.4,1650.1,1650.1,16531
2025-10-28T11:00:00+05:30,1650.2,1651.0,1649.9,1650.0,17715
2025-10-28T11:15:00+05:30,1650.0,1651.0,1649.9,1651.0,11797
2025-10-28T11:30:00+05:30,1651.0,1651.0,1649.1,1650.0,24252
2025-10-28T11:45:00+05:30,1650.0,1658.6,1650.0,1658.1,35430
2025-10-28T12:00:00+05:30,1658.0,1658.1,1654.7,1655.1,22460
2025-10-28T12:15:00+05:30,1655.1,1664.9,1654.8,1660.4,68613
2025-10-28T12:30:00+05:30,1659.9,1663.3,1659.0,1661.6,23377
2025-10-28T12:45:00+05:30,1661.6,1662.8,1660.0,1660.0,18289
2025-10-28T13:00:00+05:30,1660.0,1661.9,1660.0,1661.4,15910
2025-10-28T13:15:00+05:30,1661.0,1668.8,1660.7,1665.5,84083
2025-10-28T13:30:00+05:30,1665.5,1666.0,1663.4,1665.0,23359
2025-10-28T13:45:00+05:30,1665.0,1665.2,1655.0,1660.6,41855
2025-10-28T14:00:00+05:30,1660.4,1662.1,1660.0,1661.6,25334
2025-10-28T14:15:00+05:30,1661.7,1663.3,1660.0,1660.0,34780
2025-10-28T14:30:00+05:30,1660.0,1660.6,1655.8,1656.3,41013
2025-10-28T14:45:00+05:30,1656.3,1659.8,1655.1,1657.0,20990
2025-10-28T15:00:00+05:30,1657.0,1658.5,1655.0,1658.3,33164
2025-10-28T15:15:00+05:30,1658.1,1658.4,1650.0,1652.8,87107
2025-10-29T09:15:00+05:30,1653.0,1659.0,1650.5,1652.5,41890
2025-10-29T09:30:00+05:30,1652.5,1658.0,1648.6,1650.4,57238
2025-10-29T09:45:00+05:30,1650.5,1651.9,1649.1,1650.0,30679
2025-10-29T10:00:00+05:30,1650.0,1655.0,1650.0,1650.0,21805
2025-10-29T10:15:00+05:30,1650.0,1652.0,1650.0,1650.1,30103
2025-10-29T10:30:00+05:30,1650.5,1650.7,1646.2,1650.0,84526
2025-10-29T10:45:00+05:30,1650.0,1650.5,1646.4,1650.3,28832
2025-10-29T11:00:00+05:30,1650.4,1652.0,1649.7,1650.1,13852
2025-10-29T11:15:00+05:30,1650.1,1651.0,1648.9,1650.0,21995
2025-10-29T11:30:00+05:30,1650.0,1650.8,1648.8,1650.0,13431
2025-10-29T11:45:00+05:30,1650.0,1650.7,1650.0,1650.0,13016
2025-10-29T12:00:00+05:30,1650.4,1652.9,1650.0,1652.2,21036
2025-10-29T12:15:00+05:30,1651.5,1654.9,1651.0,1651.8,21393
2025-10-29T12:30:00+05:30,1651.1,1652.0,1650.0,1651.0,18241
2025-10-29T12:45:00+05:30,1650.5,1653.4,1650.1,1652.8,15496
2025-10-29T13:00:00+05:30,1652.0,1652.8,1650.5,1651.0,9459
2025-10-29T13:15:00+05:30,1650.6,1652.5,1649.4,1650.1,22407
2025-10-29T13:30:00+05:30,1650.1,1650.5,1649.0,1650.0,28234
2025-10-29T13:45:00+05:30,1650.1,1650.4,1649.2,1650.0,24042
2025-10-29T14:00:00+05:30,1650.1,1651.8,1649.9,1650.5,17437
2025-10-29T14:15:00+05:30,1650.5,1665.0,1650.0,1655.5,126169
2025-10-29T14:30:00+05:30,1655.4,1657.0,1652.0,1656.5,31738
2025-10-29T14:45:00+05:30,1656.2,1659.0,1654.1,1656.0,37368
2025-10-29T15:00:00+05:30,1655.9,1656.8,1654.3,1656.0,31457
2025-10-29T15:15:00+05:30,1656.0,1656.8,1653.0,1655.0,70118
2025-10-30T09:15:00+05:30,1655.0,1656.0,1652.2,1654.0,22776
2025-10-30T09:30:00+05:30,1653.1,1655.5,1646.6,1650.5,92127
2025-10-30T09:45:00+05:30,1650.7,1651.5,1647.0,1648.5,30405
2025-10-30T10:00:00+05:30,1648.8,1653.0,1647.1,1652.2,30351
2025-10-30T10:15:00+05:30,1652.4,1653.0,1650.0,1650.2,22998
2025-10-30T10:30:00+05:30,1650.0,1662.0,1650.0,1656.0,65360
2025-10-30T10:45:00+05:30,1656.1,1657.4,1653.1,1655.5,20576
2025-10-30T11:00:00+05:30,1656.0,1665.8,1655.5,1664.7,79437
2025-10-30T11:15:00+05:30,1664.8,1666.9,1660.5,1664.2,52514
2025-10-30T11:30:00+05:30,1664.1,1666.6,1658.2,1659.2,38215
2025-10-30T11:45:00+05:30,1658.9,1662.1,1656.2,1660.5,43499
2025-10-30T12:00:00+05:30,1660.1,1665.9,1657.6,1663.2,48013
2025-10-30T12:15:00+05:30,1663.1,1665.9,1661.2,1665.7,28633
2025-10-30T12:30:00+05:30,1665.7,1665.9,1661.1,1662.9,46684
2025-10-30T12:45:00+05:30,1663.0,1663.9,1660.2,1661.8,33098
2025-10-30T13:00:00+05:30,1661.0,1662.6,1660.0,1660.4,13721
2025-10-30T13:15:00+05:30,1660.4,1661.7,1660.0,1660.1,8035
2025-10-30T13:30:00+05:30,1661.0,1661.0,1660.0,1660.9,10210
2025-10-30T13:45:00+05:30,1661.0,1662.8,1660.0,1661.7,12816
2025-10-30T14:00:00+05:30,1661.9,1663.9,1661.0,1661.9,23351
2025-10-30T14:15:00+05:30,1661.9,1662.5,1661.0,1661.8,29349
2025-10-30T14:30:00+05:30,1661.5,1662.0,1657.8,1659.9,25071
2025-10-30T14:45:00+05:30,1659.5,1661.0,1657.9,1658.5,32534
2025-10-30T15:00:00+05:30,1658.5,1659.0,1655.0,1655.0,39268
2025-10-30T15:15:00+05:30,1655.2,1660.0,1655.0,1658.0,69319
2025-10-31T09:15:00+05:30,1661.0,1664.8,1655.2,1663.0,49648
2025-10-31T09:30:00+05:30,1663.1,1667.7,1662.4,1663.5,46892
2025-10-31T09:45:00+05:30,1663.5,1663.6,1658.1,1661.0,34968
2025-10-31T10:00:00+05:30,1661.7,1662.0,1661.0,1661.0,12235
2025-10-31T10:15:00+05:30,1661.0,1662.0,1660.0,1661.4,16313
2025-10-31T10:30:00+05:30,1661.1,1663.3,1660.1,1661.5,16056
2025-10-31T10:45:00+05:30,1661.5,1665.5,1661.5,1662.3,27853
2025-10-31T11:00:00+05:30,1662.0,1662.8,1661.1,1662.1,47820
2025-10-31T11:15:00+05:30,1661.5,1663.0,1661.0,1662.1,34153
2025-10-31T11:30:00+05:30,1662.0,1662.8,1661.4,1661.7,16603
2025-10-31T11:45:00+05:30,1662.1,1663.4,1661.5,1662.1,14502
2025-10-31T12:00:00+05:30,1662.1,1664.8,1662.0,1663.1,32478
2025-10-31T12:15:00+05:30,1663.0,1664.7,1663.0,1663.2,12192
2025-10-31T12:30:00+05:30,1663.2,1665.0,1661.2,1662.9,37784
2025-10-31T12:45:00+05:30,1662.9,1663.0,1662.0,1662.8,7795
2025-10-31T13:00:00+05:30,1662.4,1670.0,1661.2,1663.0,132736
2025-10-31T13:15:00+05:30,1662.3,1664.0,1662.0,1663.6,8994
2025-10-31T13:30:00+05:30,1663.6,1664.0,1663.0,1663.5,12435
2025-10-31T13:45:00+05:30,1663.5,1663.5,1662.8,1663.0,10392
2025-10-31T14:00:00+05:30,1663.0,1663.5,1662.6,1663.4,13255
2025-10-31T14:15:00+05:30,1663.0,1666.9,1662.5,1666.4,40113
2025-10-31T14:30:00+05:30,1666.0,1667.9,1665.0,1666.2,35954
2025-10-31T14:45:00+05:30,1666.2,1670.0,1663.0,1668.0,51757
2025-10-31T15:00:00+05:30,1668.0,1669.7,1662.0,1663.1,64693
2025-10-31T15:15:00+05:30,1663.1,1665.0,1660.0,1664.0,73811
2025-11-03T09:15:00+05:30,1660.0,1662.5,1654.2,1661.2,42585
2025-11-03T09:30:00+05:30,1661.4,1662.1,1656.0,1657.0,21251
2025-11-03T09:45:00+05:30,1657.0,1660.0,1656.0,1659.6,26662
2025-11-03T10:00:00+05:30,1658.5,1665.0,1650.6,1652.5,43711
2025-11-03T10:15:00+05:30,1652.9,1654.1,1651.0,1652.9,20668
2025-11-03T10:30:00+05:30,1652.9,1653.0,1650.4,1651.3,28796
2025-11-03T10:45:00+05:30,1651.4,1652.0,1639.2,1640.0,60849
2025-11-03T11:00:00+05:30,1640.0,1643.0,1637.0,1640.5,55985
2025-11-03T11:15:00+05:30,1640.1,1643.4,1638.0,1639.4,43217
2025-11-03T11:30:00+05:30,1639.4,1640.1,1633.0,1638.0,55546
2025-11-03T11:45:00+05:30,1638.0,1641.9,1635.1,1641.6,25280
2025-11-03T12:00:00+05:30,1641.7,1646.0,1641.0,1643.5,31954
2025-11-03T12:15:00+05:30,1643.8,1646.5,1643.4,1644.0,26921
2025-11-03T12:30:00+05:30,1643.6,1646.4,1643.6,1645.0,18032
2025-11-03T12:45:00+05:30,1645.9,1646.7,1645.0,1645.5,10426
2025-11-03T13:00:00+05:30,1645.5,1646.4,1643.2,1645.9,22012
2025-11-03T13:15:00+05:30,1645.0,1647.8,1644.3,1647.0,34396
2025-11-03T13:30:00+05:30,1647.0,1647.1,1643.4,1646.8,24629
2025-11-03T13:45:00+05:30,1646.1,1648.8,1646.1,1648.8,28984
2025-11-03T14:00:00+05:30,1648.2,1651.1,1647.5,1650.0,38068
2025-11-03T14:15:00+05:30,1650.1,1650.2,1648.0,1648.4,13349
2025-11-03T14:30:00+05:30,1648.4,1651.2,1648.0,1650.6,38129
2025-11-03T14:45:00+05:30,1650.6,1651.0,1650.0,1650.2,35880
2025-11-03T15:00:00+05:30,1650.2,1650.9,1646.3,1648.2,100904
2025-11-03T15:15:00+05:30,1649.0,1650.9,1647.0,1650.9,85575
2025-11-04T09:15:00+05:30,1645.1,1652.5,1642.5,1650.9,33258
2025-11-04T09:30:00+05:30,1650.0,1659.8,1647.5,1651.5,49756
2025-11-04T09:45:00+05:30,1652.0,1654.6,1646.0,1647.1,25248
2025-11-04T10:00:00+05:30,1647.1,1650.0,1646.1,1648.5,28566
2025-11-04T10:15:00+05:30,1649.0,1652.0,1648.4,1650.0,14281
2025-11-04T10:30:00+05:30,1651.0,1651.0,1649.1,1650.0,20142
2025-11-04T10:45:00+05:30,1650.0,1651.1,1649.0,1650.0,17066
2025-11-04T11:00:00+05:30,1650.0,1658.8,1650.0,1657.8,38829
2025-11-04T11:15:00+05:30,1657.9,1658.7,1653.0,1655.4,23118
2025-11-04T11:30:00+05:30,1655.4,1656.5,1654.0,1655.0,18070
2025-11-04T11:45:00+05:30,1655.0,1656.5,1653.8,1655.0,16299
2025-11-04T12:00:00+05:30,1655.0,1656.0,1654.1,1655.0,17044
2025-11-04T12:15:00+05:30,1655.0,1655.1,1641.0,1641.5,46103
2025-11-04T12:30:00+05:30,1642.0,1647.5,1641.0,1645.7,13182
2025-11-04T12:45:00+05:30,1645.6,1646.7,1645.0,1645.0,6669
2025-11-04T13:00:00+05:30,1645.1,1645.1,1638.5,1638.5,22697
2025-11-04T13:15:00+05:30,1638.5,1639.5,1636.0,1636.1,23643
2025-11-04T13:30:00+05:30,1636.1,1639.7,1636.1,1637.9,14316
2025-11-04T13:45:00+05:30,1637.7,1638.5,1634.1,1634.1,20003
2025-11-04T14:00:00+05:30,1634.4,1634.4,1630.5,1630.6,23845
2025-11-04T14:15:00+05:30,1631.0,1631.4,1628.0,1630.2,29262
2025-11-04T14:30:00+05:30,1630.2,1638.2,1625.2,1637.1,63749
2025-11-04T14:45:00+05:30,1637.0,1640.0,1633.2,1639.3,48440
2025-11-04T15:00:00+05:30,1639.0,1642.8,1631.1,1632.7,66782
2025-11-04T15:15:00+05:30,1632.8,1640.3,1625.3,1634.0,149275
2025-11-06T09:15:00+05:30,1630.0,1633.0,1611.0,1613.1,114521
2025-11-06T09:30:00+05:30,1613.8,1614.5,1590.0,1592.1,164792
2025-11-06T09:45:00+05:30,1593.0,1614.0,1592.8,1605.1,148915
2025-11-06T10:00:00+05:30,1605.9,1606.9,1596.1,1599.7,116357
2025-11-06T10:15:00+05:30,1600.8,1608.0,1598.7,1605.7,40008
2025-11-06T10:30:00+05:30,1605.7,1610.4,1602.1,1609.6,55319
2025-11-06T10:45:00+05:30,1609.6,1611.9,1606.0,1609.2,38013
2025-11-06T11:00:00+05:30,1609.7,1611.0,1608.6,1610.0,37374
2025-11-06T11:15:00+05:30,1610.1,1610.6,1605.0,1608.2,50835
2025-11-06T11:30:00+05:30,1608.1,1611.4,1608.0,1610.5,30983
2025-11-06T11:45:00+05:30,1610.5,1611.6,1610.0,1611.0,32149
2025-11-06T12:00:00+05:30,1611.0,1611.8,1610.4,1611.1,33240
2025-11-06T12:15:00+05:30,1611.1,1612.4,1610.6,1611.1,40250
2025-11-06T12:30:00+05:30,1611.0,1612.0,1611.0,1611.1,18248
2025-11-06T12:45:00+05:30,1611.0,1611.9,1606.3,1607.0,25790
2025-11-06T13:00:00+05:30,1607.0,1610.0,1605.3,1607.2,19048
2025-11-06T13:15:00+05:30,1607.2,1608.0,1606.1,1606.9,16850
2025-11-06T13:30:00+05:30,1606.9,1607.5,1606.1,1606.4,13607
2025-11-06T13:45:00+05:30,1606.5,1607.5,1604.2,1606.7,51529
2025-11-06T14:00:00+05:30,1606.7,1606.9,1600.1,1602.0,79158
2025-11-06T14:15:00+05:30,1602.0,1602.8,1601.3,1602.3,27200
2025-11-06T14:30:00+05:30,1601.8,1603.0,1601.8,1602.2,23627
2025-11-06T14:45:00+05:30,1602.0,1609.1,1601.5,1607.3,42021
2025-11-06T15:00:00+05:30,1607.2,1616.0,1606.0,1615.1,101195
2025-11-06T15:15:00+05:30,1615.0,1625.0,1613.2,1624.1,148781
2025-11-07T09:15:00+05:30,1617.0,1618.1,1590.2,1593.6,105373
2025-11-07T09:30:00+05:30,1592.8,1598.5,1585.1,1587.6,68888
2025-11-07T09:45:00+05:30,1587.9,1589.1,1581.1,1587.6,220063
2025-11-07T10:00:00+05:30,1587.3,1597.0,1586.9,1597.0,155245
2025-11-07T10:15:00+05:30,1597.0,1607.8,1594.7,1606.8,148835
2025-11-07T10:30:00+05:30,1606.9,1611.0,1606.5,1610.0,66761
2025-11-07T10:45:00+05:30,1610.0,1614.7,1609.5,1610.0,50281
2025-11-07T11:00:00+05:30,1610.0,1618.0,1608.8,1616.0,72251
2025-11-07T11:15:00+05:30,1616.9,1623.0,1611.0,1612.8,48084
2025-11-07T11:30:00+05:30,1612.8,1613.6,1610.1,1611.1,23701
2025-11-07T11:45:00+05:30,1611.0,1614.4,1610.1,1610.1,21615
2025-11-07T12:00:00+05:30,1610.4,1614.8,1609.4,1610.0,103815
2025-11-07T12:15:00+05:30,1610.0,1614.6,1609.4,1613.6,93699
2025-11-07T12:30:00+05:30,1613.0,1616.4,1609.4,1610.5,72539
2025-11-07T12:45:00+05:30,1610.5,1611.2,1607.6,1609.2,90414
2025-11-07T13:00:00+05:30,1609.1,1609.2,1607.6,1609.1,45687
2025-11-07T13:15:00+05:30,1609.1,1610.2,1608.1,1609.2,34422
2025-11-07T13:30:00+05:30,1609.3,1611.0,1608.4,1609.8,35090
2025-11-07T13:45:00+05:30,1609.8,1610.7,1608.0,1610.0,39740
2025-11-07T14:00:00+05:30,1610.1,1610.4,1607.8,1610.0,74550
2025-11-07T14:15:00+05:30,1610.0,1611.0,1608.8,1610.0,45411
2025-11-07T14:30:00+05:30,1610.1,1612.8,1608.7,1610.0,66029
2025-11-07T14:45:00+05:30,1610.0,1611.0,1608.7,1610.0,109679
2025-11-07T15:00:00+05:30,1610.0,1612.0,1608.6,1609.9,101189
2025-11-07T15:15:00+05:30,1610.0,1612.9,1603.0,1611.0,98393
2025-11-10T09:15:00+05:30,1592.0,1624.7,1587.6,1618.1,178057
2025-11-10T09:30:00+05:30,1618.1,1619.4,1613.9,1614.9,62553
2025-11-10T09:45:00+05:30,1613.4,1614.8,1608.1,1610.2,114314
2025-11-10T10:00:00+05:30,1610.2,1612.2,1606.1,1610.3,86940
2025-11-10T10:15:00+05:30,1610.4,1612.0,1610.0,1610.1,22458
2025-11-10T10:30:00+05:30,1610.1,1611.2,1608.6,1610.0,42979
2025-11-10T10:45:00+05:30,1610.0,1613.6,1606.5,1610.6,38802
2025-11-10T11:00:00+05:30,1610.4,1610.8,1608.8,1610.0,32522
2025-11-10T11:15:00+05:30,1610.0,1612.6,1609.3,1610.0,54490
2025-11-10T11:30:00+05:30,1610.0,1613.6,1606.0,1606.2,33727
2025-11-10T11:45:00+05:30,1606.1,1613.5,1606.0,1610.0,33131
2025-11-10T12:00:00+05:30,1610.0,1611.9,1608.5,1610.7,34755
2025-11-10T12:15:00+05:30,1610.7,1648.8,1602.2,1642.9,551233
2025-11-10T12:30:00+05:30,1642.0,1679.4,1639.4,1673.6,489536
2025-11-10T12:45:00+05:30,1673.3,1682.1,1669.1,1675.0,185780
2025-11-10T13:00:00+05:30,1674.7,1687.7,1654.2,1661.9,290151
2025-11-10T13:15:00+05:30,1659.0,1659.9,1646.7,1656.3,138010
2025-11-10T13:30:00+05:30,1656.5,1679.0,1656.3,1661.6,169483
2025-11-10T13:45:00+05:30,1661.6,1666.8,1658.4,1663.0,50299
2025-11-10T14:00:00+05:30,1662.8,1664.4,1654.1,1654.2,53146
2025-11-10T14:15:00+05:30,1654.1,1658.0,1651.2,1653.2,49264
2025-11-10T14:30:00+05:30,1653.2,1661.5,1648.4,1648.8,56209
2025-11-10T14:45:00+05:30,1649.1,1654.8,1648.5,1651.1,36651
2025-11-10T15:00:00+05:30,1651.1,1665.0,1646.1,1649.0,97417
2025-11-10T15:15:00+05:30,1649.0,1649.2,1638.0,1645.0,136356
2025-11-11T09:15:00+05:30,1651.0,1659.9,1636.1,1658.0,72015
2025-11-11T09:30:00+05:30,1656.8,1658.0,1641.0,1646.4,32294
2025-11-11T09:45:00+05:30,1646.4,1658.0,1640.2,1653.2,44387
2025-11-11T10:00:00+05:30,1653.2,1667.6,1652.9,1664.2,75236
2025-11-11T10:15:00+05:30,1664.3,1667.0,1660.1,1662.0,38628
2025-11-11T10:30:00+05:30,1662.0,1667.0,1661.4,1662.8,33775
2025-11-11T10:45:00+05:30,1662.9,1663.4,1660.0,1660.8,38360
2025-11-11T11:00:00+05:30,1660.1,1674.1,1660.0,1669.7,56640
2025-11-11T11:15:00+05:30,1670.9,1670.9,1662.8,1665.1,25929
2025-11-11T11:30:00+05:30,1665.0,1667.6,1658.5,1665.0,34714
2025-11-11T11:45:00+05:30,1665.0,1667.2,1664.2,1664.3,11124
2025-11-11T12:00:00+05:30,1665.0,1667.9,1659.9,1662.8,22988
2025-11-11T12:15:00+05:30,1662.8,1668.4,1661.0,1663.8,26530
2025-11-11T12:30:00+05:30,1663.7,1665.2,1660.5,1661.3,16630
2025-11-11T12:45:00+05:30,1661.8,1666.5,1661.2,1662.0,17636
2025-11-11T13:00:00+05:30,1662.1,1666.2,1659.3,1665.1,42278
2025-11-11T13:15:00+05:30,1665.9,1670.0,1665.5,1667.7,28429
2025-11-11T13:30:00+05:30,1668.1,1669.1,1665.0,1665.0,9539
2025-11-11T13:45:00+05:30,1665.0,1666.0,1663.0,1664.4,14601
2025-11-11T14:00:00+05:30,1664.4,1665.1,1663.1,1664.0,11238
2025-11-11T14:15:00+05:30,1664.0,1665.9,1662.2,1662.3,10137
2025-11-11T14:30:00+05:30,1662.4,1664.0,1662.1,1662.1,11146
2025-11-11T14:45:00+05:30,1662.4,1665.5,1662.1,1664.2,15776
2025-11-11T15:00:00+05:30,1664.2,1669.6,1664.2,1667.1,54947
2025-11-11T15:15:00+05:30,1667.3,1670.6,1660.0,1662.9,105771
2025-11-12T09:15:00+05:30,1665.1,1665.5,1651.1,1656.1,59348
2025-11-12T09:30:00+05:30,1656.1,1666.6,1656.0,1663.2,47388
2025-11-12T09:45:00+05:30,1663.3,1667.9,1660.1,1667.0,30274
2025-11-12T10:00:00+05:30,1667.0,1668.3,1658.7,1662.0,65646
2025-11-12T10:15:00+05:30,1662.4,1666.7,1660.0,1665.0,20513
2025-11-12T10:30:00+05:30,1665.0,1667.4,1663.8,1664.7,14375
2025-11-12T10:45:00+05:30,1664.3,1664.9,1658.2,1660.6,35552
2025-11-12T11:00:00+05:30,1660.5,1660.6,1658.0,1660.2,42664
2025-11-12T11:15:00+05:30,1660.0,1660.2,1658.9,1660.1,25636
2025-11-12T11:30:00+05:30,1660.0,1660.8,1659.5,1660.1,17754
2025-11-12T11:45:00+05:30,1660.0,1660.8,1660.0,1660.3,32831
2025-11-12T12:00:00+05:30,1660.4,1661.5,1658.7,1661.4,25749
2025-11-12T12:15:00+05:30,1661.1,1662.9,1660.3,1661.0,26882
2025-11-12T12:30:00+05:30,1661.1,1662.8,1661.0,1662.5,37964
2025-11-12T12:45:00+05:30,1662.4,1663.3,1661.6,1663.1,33585
2025-11-12T13:00:00+05:30,1663.0,1663.1,1659.0,1660.6,47884
2025-11-12T13:15:00+05:30,1660.6,1662.5,1660.2,1661.1,20404
2025-11-12T13:30:00+05:30,1661.1,1661.1,1660.2,1661.0,18652
2025-11-12T13:45:00+05:30,1661.0,1661.1,1660.0,1660.2,38474
2025-11-12T14:00:00+05:30,1660.1,1660.2,1647.9,1647.9,85013
2025-11-12T14:15:00+05:30,1648.0,1649.2,1636.0,1642.9,163304
2025-11-12T14:30:00+05:30,1642.1,1646.0,1638.1,1644.1,55419
2025-11-12T14:45:00+05:30,1644.0,1660.4,1643.0,1660.0,96994
2025-11-12T15:00:00+05:30,1660.0,1661.1,1656.6,1660.1,197922
2025-11-12T15:15:00+05:30,1660.0,1661.4,1644.0,1657.9,142310
2025-11-13T09:15:00+05:30,1660.0,1666.3,1647.8,1652.4,61317
2025-11-13T09:30:00+05:30,1653.1,1653.8,1646.0,1647.0,39401
2025-11-13T09:45:00+05:30,1647.0,1653.0,1647.0,1652.1,19289
2025-11-13T10:00:00+05:30,1652.1,1667.0,1649.2,1653.0,85813
2025-11-13T10:15:00+05:30,1653.0,1659.4,1649.0,1658.5,29544
2025-11-13T10:30:00+05:30,1658.8,1685.0,1657.7,1674.0,190997
2025-11-13T10:45:00+05:30,1674.4,1682.0,1672.8,1680.9,61846
2025-11-13T11:00:00+05:30,1680.9,1681.9,1670.0,1675.0,49636
2025-11-13T11:15:00+05:30,1675.4,1718.0,1673.4,1701.9,522706
2025-11-13T11:30:00+05:30,1702.0,1712.0,1690.1,1693.0,353849
2025-11-13T11:45:00+05:30,1692.3,1699.0,1682.3,1692.2,153022
2025-11-13T12:00:00+05:30,1692.4,1692.9,1677.6,1682.6,82460
2025-11-13T12:15:00+05:30,1682.2,1688.7,1682.0,1682.9,42394
2025-11-13T12:30:00+05:30,1682.9,1686.5,1680.1,1684.0,36389
2025-11-13T12:45:00+05:30,1684.0,1685.0,1680.1,1683.3,23011
2025-11-13T13:00:00+05:30,1684.4,1685.2,1682.0,1684.0,27235
2025-11-13T13:15:00+05:30,1684.1,1687.0,1684.0,1685.2,25044
2025-11-13T13:30:00+05:30,1686.3,1690.0,1684.5,1686.4,26323
2025-11-13T13:45:00+05:30,1687.8,1690.0,1676.1,1678.0,60966
2025-11-13T14:00:00+05:30,1678.0,1683.0,1675.0,1679.3,40952
2025-11-13T14:15:00+05:30,1679.2,1683.9,1679.0,1682.0,22364
2025-11-13T14:30:00+05:30,1682.1,1684.9,1681.0,1682.4,27106
2025-11-13T14:45:00+05:30,1682.4,1685.0,1680.1,1680.1,27083
2025-11-13T15:00:00+05:30,1680.5,1683.0,1671.4,1673.8,89068
2025-11-13T15:15:00+05:30,1673.8,1674.0,1665.8,1672.0,141676
2025-11-14T09:15:00+05:30,1590.0,1640.0,1590.0,1635.0,701675
2025-11-14T09:30:00+05:30,1635.6,1640.0,1614.8,1616.0,248406
2025-11-14T09:45:00+05:30,1615.3,1620.4,1611.2,1615.3,240950
2025-11-14T10:00:00+05:30,1615.1,1640.0,1615.0,1632.4,189342
2025-11-14T10:15:00+05:30,1633.1,1640.0,1630.0,1630.2,178760
2025-11-14T10:30:00+05:30,1630.9,1636.0,1629.1,1634.8,106584
2025-11-14T10:45:00+05:30,1634.8,1636.3,1632.0,1635.0,63018
2025-11-14T11:00:00+05:30,1635.0,1645.2,1633.4,1640.4,108124
2025-11-14T11:15:00+05:30,1640.7,1640.9,1633.5,1636.5,53289
2025-11-14T11:30:00+05:30,1637.0,1641.5,1634.0,1636.0,45863
2025-11-14T11:45:00+05:30,1636.0,1637.4,1631.0,1634.0,107144
2025-11-14T12:00:00+05:30,1634.0,1635.8,1627.5,1629.9,47362
2025-11-14T12:15:00+05:30,1629.8,1630.4,1626.0,1626.8,32611
2025-11-14T12:30:00+05:30,1626.7,1627.4,1623.3,1624.3,31656
2025-11-14T12:45:00+05:30,1624.3,1624.3,1619.0,1620.6,46064
2025-11-14T13:00:00+05:30,1620.5,1623.6,1617.5,1623.1,27635
2025-11-14T13:15:00+05:30,1623.0,1625.9,1619.1,1622.4,26186
2025-11-14T13:30:00+05:30,1622.4,1622.4,1611.2,1612.4,69920
2025-11-14T13:45:00+05:30,1612.4,1620.1,1611.1,1617.1,75291
2025-11-14T14:00:00+05:30,1617.1,1623.9,1615.0,1622.0,42079
2025-11-14T14:15:00+05:30,1621.8,1622.5,1616.3,1620.0,42242
2025-11-14T14:30:00+05:30,1620.0,1621.0,1614.0,1616.5,74745
2025-11-14T14:45:00+05:30,1615.6,1621.5,1614.3,1617.3,157156
2025-11-14T15:00:00+05:30,1616.6,1625.0,1616.5,1619.2,192034
2025-11-14T15:15:00+05:30,1619.6,1621.0,1611.4,1616.0,479329
2025-11-17T09:15:00+05:30,1621.0,1625.0,1605.5,1610.1,140758
2025-11-17T09:30:00+05:30,1610.1,1615.0,1607.6,1614.0,71859
2025-11-17T09:45:00+05:30,1613.0,1614.0,1610.5,1612.2,67609
2025-11-17T10:00:00+05:30,1612.2,1614.4,1612.1,1612.7,34005
2025-11-17T10:15:00+05:30,1612.9,1620.8,1612.1,1618.4,46271
2025-11-17T10:30:00+05:30,1618.4,1626.2,1617.0,1622.1,84893
2025-11-17T10:45:00+05:30,1622.0,1629.3,1621.6,1627.5,53014
2025-11-17T11:00:00+05:30,1627.6,1629.0,1625.3,1626.7,33062
2025-11-17T11:15:00+05:30,1626.7,1626.7,1620.0,1622.0,116756
2025-11-17T11:30:00+05:30,1621.6,1625.0,1620.1,1624.5,25646
2025-11-17T11:45:00+05:30,1623.6,1627.7,1622.0,1626.0,52317
2025-11-17T12:00:00+05:30,1625.8,1627.6,1623.1,1625.6,23205
2025-11-17T12:15:00+05:30,1625.4,1626.6,1623.2,1625.0,20078
2025-11-17T12:30:00+05:30,1625.0,1625.9,1623.5,1625.6,14955
2025-11-17T12:45:00+05:30,1625.6,1629.5,1625.0,1627.3,51327
2025-11-17T13:00:00+05:30,1627.3,1628.2,1625.0,1627.0,21418
2025-11-17T13:15:00+05:30,1626.5,1634.2,1626.5,1627.9,61361
2025-11-17T13:30:00+05:30,1627.9,1633.0,1625.9,1630.6,41058
2025-11-17T13:45:00+05:30,1630.0,1633.9,1630.0,1630.6,28106
2025-11-17T14:00:00+05:30,1631.4,1632.9,1630.0,1631.3,27280
2025-11-17T14:15:00+05:30,1631.3,1632.0,1624.1,1625.4,43843
2025-11-17T14:30:00+05:30,1625.4,1629.2,1620.9,1624.9,92203
2025-11-17T14:45:00+05:30,1625.1,1630.0,1624.2,1625.0,47681
2025-11-17T15:00:00+05:30,1625.0,1628.1,1622.5,1626.4,66895
2025-11-17T15:15:00+05:30,1626.3,1626.3,1615.1,1624.8,135250
2025-11-18T09:15:00+05:30,1622.5,1627.9,1617.3,1624.7,71549
2025-11-18T09:30:00+05:30,1624.7,1624.8,1620.0,1621.1,15726
2025-11-18T09:45:00+05:30,1621.1,1624.6,1620.1,1621.5,28695
2025-11-18T10:00:00+05:30,1621.5,1633.5,1621.5,1629.0,102346
2025-11-18T10:15:00+05:30,1629.0,1630.9,1625.1,1626.1,25475
2025-11-18T10:30:00+05:30,1627.0,1629.2,1624.1,1625.1,18279
2025-11-18T10:45:00+05:30,1625.1,1644.0,1625.0,1629.0,114657
2025-11-18T11:00:00+05:30,1629.0,1637.9,1628.7,1635.8,52138
2025-11-18T11:15:00+05:30,1635.4,1636.0,1626.0,1627.9,40161
2025-11-18T11:30:00+05:30,1627.9,1629.8,1625.3,1627.9,19075
2025-11-18T11:45:00+05:30,1627.9,1629.6,1623.8,1625.0,19171
2025-11-18T12:00:00+05:30,1625.0,1627.6,1624.8,1626.9,18615
2025-11-18T12:15:00+05:30,1626.9,1627.5,1624.8,1626.7,12963
2025-11-18T12:30:00+05:30,1625.8,1630.8,1625.0,1626.8,23059
2025-11-18T12:45:00+05:30,1626.8,1627.0,1624.5,1626.0,11039
2025-11-18T13:00:00+05:30,1626.0,1627.8,1624.9,1627.5,13277
2025-11-18T13:15:00+05:30,1627.0,1627.5,1624.3,1625.0,23719
2025-11-18T13:30:00+05:30,1625.8,1627.1,1625.0,1626.0,14794
2025-11-18T13:45:00+05:30,1627.0,1628.0,1625.4,1625.6,15445
2025-11-18T14:00:00+05:30,1626.5,1626.8,1623.6,1624.8,16414
2025-11-18T14:15:00+05:30,1625.5,1625.9,1624.4,1625.5,14511
2025-11-18T14:30:00+05:30,1625.0,1626.8,1623.9,1624.9,17702
2025-11-18T14:45:00+05:30,1625.8,1625.9,1621.7,1624.7,27985
2025-11-18T15:00:00+05:30,1625.4,1625.4,1620.1,1623.2,49275
2025-11-18T15:15:00+05:30,1623.0,1628.1,1620.1,1622.0,104058
2025-11-19T09:15:00+05:30,1650.0,1663.8,1642.0,1644.9,320294
2025-11-19T09:30:00+05:30,1644.2,1678.5,1643.5,1671.0,354645
2025-11-19T09:45:00+05:30,1671.3,1672.9,1663.1,1666.2,117203
2025-11-19T10:00:00+05:30,1666.2,1670.0,1665.0,1665.4,93827
2025-11-19T10:15:00+05:30,1665.8,1674.6,1660.1,1669.2,124526
2025-11-19T10:30:00+05:30,1669.2,1678.0,1667.1,1677.0,125471
2025-11-19T10:45:00+05:30,1677.0,1680.0,1674.0,1677.0,107338
2025-11-19T11:00:00+05:30,1677.2,1677.8,1668.0,1670.0,80856
2025-11-19T11:15:00+05:30,1670.0,1673.7,1666.7,1671.6,61402
2025-11-19T11:30:00+05:30,1671.4,1680.0,1669.5,1678.0,114453
2025-11-19T11:45:00+05:30,1678.0,1682.0,1677.5,1680.8,66188
2025-11-19T12:00:00+05:30,1680.9,1681.4,1672.2,1677.9,59350
2025-11-19T12:15:00+05:30,1677.9,1680.0,1676.2,1679.0,36478
2025-11-19T12:30:00+05:30,1679.0,1679.8,1675.2,1678.9,35410
2025-11-19T12:45:00+05:30,1678.2,1690.0,1673.0,1688.7,236027
2025-11-19T13:00:00+05:30,1688.0,1690.9,1674.0,1678.5,128338
2025-11-19T13:15:00+05:30,1678.0,1688.0,1677.2,1684.0,61235
2025-11-19T13:30:00+05:30,1684.0,1686.0,1682.1,1683.0,38417
2025-11-19T13:45:00+05:30,1683.5,1683.8,1680.1,1681.1,28344
2025-11-19T14:00:00+05:30,1681.5,1682.5,1678.5,1680.3,33247
2025-11-19T14:15:00+05:30,1681.0,1681.1,1675.8,1678.5,39541
2025-11-19T14:30:00+05:30,1678.9,1679.1,1674.1,1678.2,62283
2025-11-19T14:45:00+05:30,1678.2,1679.9,1676.1,1677.6,49437
2025-11-19T15:00:00+05:30,1677.9,1677.9,1666.3,1666.9,151836
2025-11-19T15:15:00+05:30,1667.0,1670.0,1660.1,1668.6,161576
2025-11-20T09:15:00+05:30,1684.9,1690.0,1665.1,1671.5,194926
2025-11-20T09:30:00+05:30,1671.2,1673.8,1667.5,1670.3,54067
2025-11-20T09:45:00+05:30,1670.2,1674.5,1665.6,1670.6,44121
2025-11-20T10:00:00+05:30,1670.2,1678.8,1668.9,1676.0,37536
2025-11-20T10:15:00+05:30,1675.5,1683.9,1675.0,1680.8,45935
2025-11-20T10:30:00+05:30,1680.8,1689.4,1680.0,1684.4,94005
2025-11-20T10:45:00+05:30,1684.2,1706.6,1683.2,1704.0,360747
2025-11-20T11:00:00+05:30,1704.0,1706.8,1686.6,1694.7,260748
2025-11-20T11:15:00+05:30,1694.6,1706.5,1690.4,1691.0,138287
2025-11-20T11:30:00+05:30,1691.0,1694.6,1688.3,1692.8,57284
2025-11-20T11:45:00+05:30,1692.9,1698.0,1681.0,1683.1,74650
2025-11-20T12:00:00+05:30,1683.9,1686.9,1677.3,1686.0,91885
2025-11-20T12:15:00+05:30,1685.5,1686.4,1684.0,1685.1,31022
2025-11-20T12:30:00+05:30,1685.1,1689.2,1682.4,1688.1,30930
2025-11-20T12:45:00+05:30,1688.0,1692.0,1685.8,1687.3,36638
2025-11-20T13:00:00+05:30,1687.0,1688.9,1685.0,1685.0,34006
2025-11-20T13:15:00+05:30,1685.0,1687.9,1685.0,1685.0,35153
2025-11-20T13:30:00+05:30,1685.0,1687.9,1683.0,1685.0,25718
2025-11-20T13:45:00+05:30,1685.2,1688.9,1682.1,1685.8,67101
2025-11-20T14:00:00+05:30,1685.7,1688.0,1680.0,1680.0,52689
2025-11-20T14:15:00+05:30,1680.0,1685.0,1679.1,1682.6,27708
2025-11-20T14:30:00+05:30,1682.4,1688.0,1681.4,1686.1,54112
2025-11-20T14:45:00+05:30,1686.0,1686.5,1685.1,1686.0,36748
2025-11-20T15:00:00+05:30,1686.0,1689.0,1685.1,1689.0,71320
2025-11-20T15:15:00+05:30,1688.5,1689.0,1675.0,1680.2,152186
2025-11-21T09:15:00+05:30,1675.0,1677.9,1666.9,1675.8,69731
2025-11-21T09:30:00+05:30,1675.0,1675.4,1670.1,1670.5,24590
2025-11-21T09:45:00+05:30,1670.8,1672.0,1663.0,1665.7,40799
2025-11-21T10:00:00+05:30,1665.7,1671.5,1664.4,1669.2,17715
2025-11-21T10:15:00+05:30,1669.2,1671.9,1666.5,1666.8,14502
2025-11-21T10:30:00+05:30,1666.5,1668.4,1665.7,1666.5,8369
2025-11-21T10:45:00+05:30,1666.5,1668.5,1664.6,1665.6,11832
2025-11-21T11:00:00+05:30,1665.6,1680.0,1665.3,1678.5,39072
2025-11-21T11:15:00+05:30,1678.5,1679.8,1671.0,1672.6,17836
2025-11-21T11:30:00+05:30,1672.6,1673.3,1648.0,1657.1,224138
2025-11-21T11:45:00+05:30,1657.5,1657.5,1646.5,1654.9,86432
2025-11-21T12:00:00+05:30,1654.2,1655.8,1648.5,1653.6,44619
2025-11-21T12:15:00+05:30,1653.6,1659.0,1649.3,1656.2,45437
2025-11-21T12:30:00+05:30,1655.3,1657.3,1654.9,1656.4,5904
2025-11-21T12:45:00+05:30,1656.4,1658.0,1655.0,1657.5,5570
2025-11-21T13:00:00+05:30,1657.5,1658.9,1655.5,1656.2,10014
2025-11-21T13:15:00+05:30,1656.9,1658.5,1655.5,1658.4,6293
2025-11-21T13:30:00+05:30,1658.4,1662.9,1657.1,1661.6,12321
2025-11-21T13:45:00+05:30,1661.0,1662.0,1656.2,1658.0,10726
2025-11-21T14:00:00+05:30,1658.4,1659.0,1657.2,1658.8,4564
2025-11-21T14:15:00+05:30,1658.6,1659.5,1657.0,1658.0,6833
2025-11-21T14:30:00+05:30,1658.0,1659.4,1657.0,1657.2,6357
2025-11-21T14:45:00+05:30,1657.0,1661.0,1656.1,1658.6,29165
2025-11-21T15:00:00+05:30,1658.8,1659.5,1654.6,1654.6,54113
2025-11-21T15:15:00+05:30,1654.9,1655.0,1625.5,1633.9,241485
2025-11-24T09:15:00+05:30,1638.8,1647.2,1635.2,1645.2,44656
2025-11-24T09:30:00+05:30,1645.2,1649.9,1640.8,1644.0,27116
2025-11-24T09:45:00+05:30,1644.0,1646.3,1642.5,1644.5,12295
2025-11-24T10:00:00+05:30,1644.0,1644.0,1637.1,1638.4,24502
2025-11-24T10:15:00+05:30,1638.0,1639.6,1628.5,1630.2,41273
2025-11-24T10:30:00+05:30,1630.2,1632.0,1627.1,1628.4,25169
2025-11-24T10:45:00+05:30,1628.4,1629.5,1624.0,1625.6,42022
2025-11-24T11:00:00+05:30,1625.0,1626.9,1621.1,1622.2,29830
2025-11-24T11:15:00+05:30,1622.2,1625.1,1619.7,1624.0,51181
2025-11-24T11:30:00+05:30,1623.9,1624.6,1620.0,1622.1,22657
2025-11-24T11:45:00+05:30,1621.7,1623.0,1619.6,1620.1,31765
2025-11-24T12:00:00+05:30,1620.1,1621.8,1620.0,1620.6,28591
2025-11-24T12:15:00+05:30,1620.5,1621.6,1616.1,1617.3,15343
2025-11-24T12:30:00+05:30,1616.3,1619.9,1612.7,1619.0,44960
2025-11-24T12:45:00+05:30,1618.7,1621.2,1617.9,1620.6,22949
2025-11-24T13:00:00+05:30,1620.5,1622.4,1620.1,1621.1,14552
2025-11-24T13:15:00+05:30,1620.7,1622.9,1620.1,1621.9,14816
2025-11-24T13:30:00+05:30,1621.9,1625.1,1620.7,1621.2,21223
2025-11-24T13:45:00+05:30,1621.2,1622.7,1620.1,1620.8,15030
2025-11-24T14:00:00+05:30,1620.4,1622.5,1617.2,1621.0,32490
2025-11-24T14:15:00+05:30,1620.3,1621.3,1617.2,1620.2,29868
2025-11-24T14:30:00+05:30,1620.2,1622.3,1620.1,1620.2,16924
2025-11-24T14:45:00+05:30,1620.1,1621.0,1605.1,1610.0,110672
2025-11-24T15:00:00+05:30,1610.0,1621.4,1608.0,1620.0,105881
2025-11-24T15:15:00+05:30,1620.0,1621.0,1605.0,1620.2,98839
2025-11-25T09:15:00+05:30,1640.0,1647.0,1628.6,1639.5,83796
2025-11-25T09:30:00+05:30,1639.0,1648.6,1632.7,1639.8,45004
2025-11-25T09:45:00+05:30,1639.7,1646.5,1637.8,1643.3,19657
2025-11-25T10:00:00+05:30,1642.5,1647.0,1636.7,1645.8,21189
2025-11-25T10:15:00+05:30,1645.0,1647.5,1639.0,1639.4,39801
2025-11-25T10:30:00+05:30,1639.4,1640.7,1633.5,1637.8,22949
2025-11-25T10:45:00+05:30,1637.4,1638.0,1630.1,1631.5,17339
2025-11-25T11:00:00+05:30,1631.7,1635.4,1631.5,1634.0,16409
2025-11-25T11:15:00+05:30,1634.3,1634.6,1631.1,1631.3,13472
2025-11-25T11:30:00+05:30,1631.6,1631.6,1625.5,1628.0,14236
2025-11-25T11:45:00+05:30,1628.1,1632.7,1627.2,1631.0,12259
2025-11-25T12:00:00+05:30,1631.1,1632.7,1629.2,1629.8,7935
2025-11-25T12:15:00+05:30,1629.7,1630.7,1626.4,1630.0,18764
2025-11-25T12:30:00+05:30,1630.0,1631.9,1629.8,1631.0,7602
2025-11-25T12:45:00+05:30,1631.0,1635.0,1630.0,1631.0,14822
2025-11-25T13:00:00+05:30,1631.0,1634.0,1630.1,1632.7,5594
2025-11-25T13:15:00+05:30,1632.9,1635.9,1631.4,1633.2,9519
2025-11-25T13:30:00+05:30,1633.6,1635.2,1631.4,1632.6,8420
2025-11-25T13:45:00+05:30,1632.5,1633.2,1628.1,1630.1,19168
2025-11-25T14:00:00+05:30,1630.0,1632.7,1628.1,1631.0,18135
2025-11-25T14:15:00+05:30,1631.1,1631.2,1628.2,1629.5,9604
2025-11-25T14:30:00+05:30,1629.7,1630.5,1626.0,1627.6,11374
2025-11-25T14:45:00+05:30,1627.6,1628.8,1623.1,1624.6,14561
2025-11-25T15:00:00+05:30,1624.7,1632.9,1624.7,1630.9,31786
2025-11-25T15:15:00+05:30,1630.6,1632.0,1624.2,1625.0,50678
2025-11-26T09:15:00+05:30,1629.0,1637.6,1626.6,1629.6,45034
2025-11-26T09:30:00+05:30,1629.6,1632.7,1626.9,1629.6,31272
2025-11-26T09:45:00+05:30,1629.5,1637.3,1624.1,1624.1,83355
2025-11-26T10:00:00+05:30,1624.5,1629.0,1624.0,1627.6,21384
2025-11-26T10:15:00+05:30,1627.0,1630.6,1626.8,1629.8,20313
2025-11-26T10:30:00+05:30,1630.0,1632.7,1629.8,1630.1,17452
2025-11-26T10:45:00+05:30,1630.6,1631.5,1626.1,1628.8,11156
2025-11-26T11:00:00+05:30,1628.8,1633.5,1628.8,1632.0,24880
2025-11-26T11:15:00+05:30,1631.8,1632.0,1629.7,1630.1,8100
2025-11-26T11:30:00+05:30,1630.1,1633.0,1629.4,1631.0,62359
2025-11-26T11:45:00+05:30,1631.3,1632.8,1630.0,1631.6,45639
2025-11-26T12:00:00+05:30,1631.6,1632.9,1630.4,1631.0,9051
2025-11-26T12:15:00+05:30,1630.8,1632.0,1630.0,1631.0,6924
2025-11-26T12:30:00+05:30,1631.4,1634.0,1630.0,1632.2,13016
2025-11-26T12:45:00+05:30,1633.1,1633.7,1631.0,1632.3,7303
2025-11-26T13:00:00+05:30,1632.3,1633.4,1630.1,1631.0,9302
2025-11-26T13:15:00+05:30,1631.3,1633.0,1630.2,1631.1,8353
2025-11-26T13:30:00+05:30,1631.5,1632.0,1630.0,1630.4,7245
2025-11-26T13:45:00+05:30,1631.5,1632.0,1630.0,1631.2,6233
2025-11-26T14:00:00+05:30,1631.2,1635.8,1630.1,1634.4,21237
2025-11-26T14:15:00+05:30,1633.9,1637.0,1632.0,1632.8,24340
2025-11-26T14:30:00+05:30,1632.8,1639.2,1632.0,1633.3,37635
2025-11-26T14:45:00+05:30,1633.3,1643.0,1633.2,1640.2,34916
2025-11-26T15:00:00+05:30,1640.3,1644.0,1638.5,1640.7,41176
2025-11-26T15:15:00+05:30,1640.7,1643.5,1635.2,1640.3,55745
2025-11-27T09:15:00+05:30,1643.0,1652.0,1638.4,1642.0,48672
2025-11-27T09:30:00+05:30,1642.1,1643.7,1631.9,1632.0,36402
2025-11-27T09:45:00+05:30,1632.1,1638.0,1632.1,1634.6,13139
2025-11-27T10:00:00+05:30,1635.0,1636.9,1632.4,1634.6,16383
2025-11-27T10:15:00+05:30,1635.0,1637.6,1633.7,1635.0,17118
2025-11-27T10:30:00+05:30,1635.0,1636.4,1634.3,1634.9,98998
2025-11-27T10:45:00+05:30,1635.0,1638.9,1634.4,1635.0,16876
2025-11-27T11:00:00+05:30,1634.8,1636.9,1634.0,1635.8,10897
2025-11-27T11:15:00+05:30,1635.0,1636.4,1634.0,1634.2,13291
2025-11-27T11:30:00+05:30,1634.2,1636.0,1633.7,1634.9,8561
2025-11-27T11:45:00+05:30,1634.9,1635.0,1623.1,1628.2,57910
2025-11-27T12:00:00+05:30,1628.6,1630.0,1626.8,1628.0,13168
2025-11-27T12:15:00+05:30,1628.2,1629.8,1627.4,1629.0,3083
2025-11-27T12:30:00+05:30,1629.6,1634.0,1628.8,1631.7,16910
2025-11-27T12:45:00+05:30,1632.6,1635.5,1631.7,1634.9,15683
2025-11-27T13:00:00+05:30,1635.0,1635.0,1627.0,1628.0,18892
2025-11-27T13:15:00+05:30,1628.0,1630.3,1626.5,1629.3,11018
2025-11-27T13:30:00+05:30,1629.3,1630.0,1627.1,1629.1,7916
2025-11-27T13:45:00+05:30,1629.1,1629.8,1627.1,1629.4,8226
2025-11-27T14:00:00+05:30,1628.9,1630.0,1628.0,1628.6,8436
2025-11-27T14:15:00+05:30,1628.7,1629.6,1626.1,1627.6,18251
2025-11-27T14:30:00+05:30,1628.0,1629.1,1626.0,1627.8,10375
2025-11-27T14:45:00+05:30,1627.9,1630.8,1624.0,1630.1,86186
2025-11-27T15:00:00+05:30,1630.1,1632.0,1629.4,1631.0,37152
2025-11-27T15:15:00+05:30,1631.0,1631.0,1630.0,1630.0,52516
2025-11-28T09:15:00+05:30,1640.0,1640.0,1629.0,1632.7,36570
2025-11-28T09:30:00+05:30,1632.6,1638.9,1631.6,1634.9,21159
2025-11-28T09:45:00+05:30,1635.8,1639.5,1633.1,1637.1,23218
2025-11-28T10:00:00+05:30,1638.0,1652.0,1637.2,1647.3,135816
2025-11-28T10:15:00+05:30,1646.1,1648.0,1641.0,1642.3,24716
2025-11-28T10:30:00+05:30,1643.0,1643.4,1640.0,1641.0,10356
2025-11-28T10:45:00+05:30,1641.0,1643.2,1635.0,1637.2,12968
2025-11-28T11:00:00+05:30,1636.8,1639.0,1635.1,1637.0,15408
2025-11-28T11:15:00+05:30,1637.9,1639.4,1635.4,1635.4,12857
2025-11-28T11:30:00+05:30,1635.5,1636.9,1635.0,1635.3,7950
2025-11-28T11:45:00+05:30,1635.3,1637.7,1635.0,1635.0,26124
2025-11-28T12:00:00+05:30,1635.7,1644.0,1633.4,1640.4,25965
2025-11-28T12:15:00+05:30,1640.4,1645.7,1640.0,1643.0,20075
2025-11-28T12:30:00+05:30,1644.0,1644.0,1641.0,1641.5,8945
2025-11-28T12:45:00+05:30,1641.5,1648.3,1639.0,1646.2,41666
2025-11-28T13:00:00+05:30,1647.0,1651.0,1645.0,1647.5,29697
2025-11-28T13:15:00+05:30,1648.0,1649.3,1645.0,1646.7,9289
2025-11-28T13:30:00+05:30,1646.7,1660.0,1646.0,1656.0,62895
2025-11-28T13:45:00+05:30,1656.0,1660.0,1655.3,1657.0,29182
2025-11-28T14:00:00+05:30,1658.0,1659.2,1654.1,1656.0,22788
2025-11-28T14:15:00+05:30,1656.0,1663.0,1655.1,1658.1,41096
2025-11-28T14:30:00+05:30,1658.1,1659.0,1652.2,1654.4,23770
2025-11-28T14:45:00+05:30,1654.4,1658.4,1653.5,1656.0,20936
2025-11-28T15:00:00+05:30,1656.0,1661.9,1655.0,1661.5,42960
2025-11-28T15:15:00+05:30,1661.1,1662.0,1656.1,1659.7,60998
2025-12-01T09:15:00+05:30,1664.9,1664.9,1638.0,1642.9,93607
2025-12-01T09:30:00+05:30,1643.0,1649.0,1641.3,1645.9,66804
2025-12-01T09:45:00+05:30,1645.7,1646.0,1637.2,1639.2,25176
2025-12-01T10:00:00+05:30,1639.9,1640.7,1635.0,1636.5,37621
2025-12-01T10:15:00+05:30,1636.6,1643.5,1636.1,1640.5,50968
2025-12-01T10:30:00+05:30,1640.6,1645.5,1639.4,1641.2,18438
2025-12-01T10:45:00+05:30,1641.0,1645.0,1640.0,1643.5,40078
2025-12-01T11:00:00+05:30,1643.5,1650.3,1642.6,1648.2,40521
2025-12-01T11:15:00+05:30,1648.0,1655.0,1646.2,1652.0,24405
2025-12-01T11:30:00+05:30,1652.4,1654.0,1651.4,1653.1,22229
2025-12-01T11:45:00+05:30,1653.1,1654.8,1649.1,1652.6,48716
2025-12-01T12:00:00+05:30,1652.4,1654.5,1650.0,1651.2,11534
2025-12-01T12:15:00+05:30,1651.3,1654.2,1648.0,1648.0,11831
2025-12-01T12:30:00+05:30,1648.4,1649.6,1646.2,1648.6,6794
2025-12-01T12:45:00+05:30,1647.5,1651.0,1647.5,1650.0,13888
2025-12-01T13:00:00+05:30,1650.0,1650.9,1648.0,1650.0,12474
2025-12-01T13:15:00+05:30,1650.0,1656.0,1649.8,1654.1,13974
2025-12-01T13:30:00+05:30,1654.8,1655.8,1653.1,1653.7,15234
2025-12-01T13:45:00+05:30,1654.8,1659.9,1653.0,1659.4,34435
2025-12-01T14:00:00+05:30,1658.4,1660.0,1658.1,1660.0,50213
2025-12-01T14:15:00+05:30,1660.0,1660.0,1658.3,1659.0,34029
2025-12-01T14:30:00+05:30,1659.5,1659.8,1648.5,1652.1,55971
2025-12-01T14:45:00+05:30,1653.4,1653.4,1650.0,1650.0,18499
2025-12-01T15:00:00+05:30,1650.6,1651.5,1648.2,1650.5,26789
2025-12-01T15:15:00+05:30,1651.4,1651.9,1646.1,1649.5,51387
2025-12-02T09:15:00+05:30,1645.0,1645.0,1632.2,1633.1,83748
2025-12-02T09:30:00+05:30,1633.5,1635.2,1630.1,1631.5,41011
2025-12-02T09:45:00+05:30,1632.0,1633.5,1629.5,1631.6,22901
2025-12-02T10:00:00+05:30,1631.6,1636.6,1630.7,1633.5,13079
2025-12-02T10:15:00+05:30,1633.5,1637.0,1632.5,1636.7,8018
2025-12-02T10:30:00+05:30,1635.7,1637.0,1633.0,1635.3,10413
2025-12-02T10:45:00+05:30,1635.3,1639.5,1634.9,1638.4,16838
2025-12-02T11:00:00+05:30,1639.4,1639.4,1634.3,1635.0,12863
2025-12-02T11:15:00+05:30,1635.0,1636.5,1634.2,1635.1,7178
2025-12-02T11:30:00+05:30,1635.1,1636.3,1635.0,1635.0,6195
2025-12-02T11:45:00+05:30,1635.0,1636.0,1633.1,1635.0,20475
2025-12-02T12:00:00+05:30,1635.0,1635.3,1635.0,1635.0,8651
2025-12-02T12:15:00+05:30,1635.0,1637.0,1634.2,1635.0,6187
2025-12-02T12:30:00+05:30,1635.0,1636.4,1634.6,1635.0,6026
2025-12-02T12:45:00+05:30,1635.0,1635.9,1631.4,1635.0,41858
2025-12-02T13:00:00+05:30,1635.0,1636.9,1635.0,1635.0,8924
2025-12-02T13:15:00+05:30,1635.0,1635.9,1622.3,1626.3,143740
2025-12-02T13:30:00+05:30,1626.3,1626.5,1616.9,1620.0,135512
2025-12-02T13:45:00+05:30,1620.0,1624.8,1618.5,1623.5,17755
2025-12-02T14:00:00+05:30,1624.0,1625.2,1621.7,1625.0,19393
2025-12-02T14:15:00+05:30,1625.0,1630.9,1622.9,1630.4,59736
2025-12-02T14:30:00+05:30,1630.3,1630.8,1628.7,1630.5,18436
2025-12-02T14:45:00+05:30,1630.1,1630.8,1624.0,1628.2,131917
2025-12-02T15:00:00+05:30,1629.6,1630.0,1624.0,1626.1,43215
2025-12-02T15:15:00+05:30,1626.1,1626.9,1621.7,1626.6,50189
2025-12-03T09:15:00+05:30,1626.0,1627.9,1614.0,1615.1,68522
2025-12-03T09:30:00+05:30,1614.7,1615.1,1605.4,1608.8,47350
2025-12-03T09:45:00+05:30,1608.1,1613.0,1604.2,1609.0,57807
2025-12-03T10:00:00+05:30,1610.0,1610.0,1603.0,1607.2,38603
2025-12-03T10:15:00+05:30,1608.0,1609.9,1606.1,1606.2,13347
2025-12-03T10:30:00+05:30,1606.2,1609.3,1601.8,1601.8,28791
2025-12-03T10:45:00+05:30,1602.0,1602.0,1594.0,1595.5,263374
2025-12-03T11:00:00+05:30,1595.7,1600.0,1594.3,1597.0,19244
2025-12-03T11:15:00+05:30,1598.0,1601.0,1597.0,1598.5,19780
2025-12-03T11:30:00+05:30,1599.6,1608.0,1598.4,1605.0,128807
2025-12-03T11:45:00+05:30,1605.3,1609.5,1604.9,1605.7,59837
2025-12-03T12:00:00+05:30,1605.7,1609.6,1603.9,1605.0,59191
2025-12-03T12:15:00+05:30,1605.0,1605.1,1600.2,1600.7,16119
2025-12-03T12:30:00+05:30,1600.7,1602.3,1600.1,1600.2,13813
2025-12-03T12:45:00+05:30,1600.2,1602.4,1597.0,1600.0,21515
2025-12-03T13:00:00+05:30,1599.8,1606.0,1598.9,1605.2,15513
2025-12-03T13:15:00+05:30,1605.2,1608.7,1604.5,1605.7,21652
2025-12-03T13:30:00+05:30,1605.6,1606.0,1604.0,1604.6,16304
2025-12-03T13:45:00+05:30,1605.2,1606.8,1602.1,1604.6,38270
2025-12-03T14:00:00+05:30,1604.7,1610.0,1602.9,1606.7,32099
2025-12-03T14:15:00+05:30,1605.8,1609.2,1604.0,1608.1,17874
2025-12-03T14:30:00+05:30,1608.1,1615.3,1607.7,1611.0,77356
2025-12-03T14:45:00+05:30,1610.4,1613.7,1610.0,1611.9,30529
2025-12-03T15:00:00+05:30,1612.9,1616.7,1610.6,1613.0,46848
2025-12-03T15:15:00+05:30,1612.9,1614.9,1601.1,1606.8,73854
2025-12-04T09:15:00+05:30,1608.0,1625.0,1606.0,1613.7,40063
2025-12-04T09:30:00+05:30,1615.0,1618.0,1612.0,1616.9,21272
2025-12-04T09:45:00+05:30,1616.4,1617.6,1605.0,1606.5,27537
2025-12-04T10:00:00+05:30,1606.3,1609.5,1602.0,1604.1,23557
2025-12-04T10:15:00+05:30,1604.3,1606.0,1602.1,1604.0,16524
2025-12-04T10:30:00+05:30,1604.0,1614.0,1603.5,1610.8,28808
2025-12-04T10:45:00+05:30,1610.4,1613.0,1607.8,1612.0,10544
2025-12-04T11:00:00+05:30,1612.1,1621.1,1611.5,1617.5,30706
2025-12-04T11:15:00+05:30,1617.3,1619.0,1615.0,1616.6,47346
2025-12-04T11:30:00+05:30,1616.7,1619.4,1616.0,1616.8,14067
2025-12-04T11:45:00+05:30,1616.7,1618.3,1612.1,1612.3,18886
2025-12-04T12:00:00+05:30,1612.3,1615.0,1610.0,1613.0,9517
2025-12-04T12:15:00+05:30,1613.2,1616.0,1612.5,1615.1,5072
2025-12-04T12:30:00+05:30,1615.0,1615.9,1612.5,1612.5,6700
2025-12-04T12:45:00+05:30,1612.8,1613.2,1608.0,1610.3,26411
2025-12-04T13:00:00+05:30,1610.4,1613.6,1607.5,1613.2,18617
2025-12-04T13:15:00+05:30,1613.0,1615.0,1609.6,1613.4,20464
2025-12-04T13:30:00+05:30,1613.3,1615.0,1607.5,1608.2,49496
2025-12-04T13:45:00+05:30,1608.3,1609.7,1603.6,1604.3,24312
2025-12-04T14:00:00+05:30,1604.8,1609.1,1603.6,1605.8,26938
2025-12-04T14:15:00+05:30,1606.3,1607.7,1602.5,1605.4,28551
2025-12-04T14:30:00+05:30,1605.5,1606.1,1603.0,1604.1,17678
2025-12-04T14:45:00+05:30,1603.6,1613.2,1600.6,1610.4,62111
2025-12-04T15:00:00+05:30,1610.4,1614.2,1606.5,1614.2,52340
2025-12-04T15:15:00+05:30,1613.8,1614.3,1598.0,1600.0,85069
2025-12-05T09:15:00+05:30,1608.0,1617.0,1608.0,1615.3,32932
2025-12-05T09:30:00+05:30,1615.3,1617.0,1612.1,1612.2,35238
2025-12-05T09:45:00+05:30,1612.2,1614.8,1606.8,1607.6,24848
2025-12-05T10:00:00+05:30,1607.6,1613.0,1606.8,1607.7,11538
2025-12-05T10:15:00+05:30,1607.7,1610.9,1607.2,1607.3,10959
2025-12-05T10:30:00+05:30,1607.4,1610.9,1605.6,1608.7,12647
2025-12-05T10:45:00+05:30,1608.7,1612.0,1607.2,1608.5,8976
2025-12-05T11:00:00+05:30,1608.5,1611.5,1607.7,1610.1,5304
2025-12-05T11:15:00+05:30,1610.2,1610.8,1605.7,1609.4,12512
2025-12-05T11:30:00+05:30,1608.4,1609.2,1606.1,1607.9,7829
2025-12-05T11:45:00+05:30,1607.4,1609.9,1606.9,1608.0,8810
2025-12-05T12:00:00+05:30,1607.2,1612.6,1606.8,1611.4,12424
2025-12-05T12:15:00+05:30,1610.5,1612.1,1607.3,1610.9,10516
2025-12-05T12:30:00+05:30,1610.0,1610.9,1607.9,1609.7,5623
2025-12-05T12:45:00+05:30,1609.3,1610.8,1608.5,1610.0,7315
2025-12-05T13:00:00+05:30,1609.1,1610.1,1608.0,1609.9,6973
2025-12-05T13:15:00+05:30,1609.9,1610.5,1606.8,1608.4,11590
2025-12-05T13:30:00+05:30,1607.4,1609.0,1606.7,1607.9,10362
2025-12-05T13:45:00+05:30,1607.0,1608.0,1606.2,1607.6,8144
2025-12-05T14:00:00+05:30,1606.8,1608.0,1604.0,1605.5,19753
2025-12-05T14:15:00+05:30,1605.4,1606.0,1603.5,1604.3,8370
2025-12-05T14:30:00+05:30,1604.0,1604.2,1602.0,1602.9,10779
2025-12-05T14:45:00+05:30,1602.2,1603.9,1600.1,1602.8,17565
2025-12-05T15:00:00+05:30,1602.0,1603.6,1600.5,1601.7,31896
2025-12-05T15:15:00+05:30,1601.4,1601.6,1595.0,1597.5,65122
2025-12-08T09:15:00+05:30,1597.8,1604.6,1590.3,1594.3,42290
2025-12-08T09:30:00+05:30,1594.3,1594.6,1590.1,1592.0,18915
2025-12-08T09:45:00+05:30,1592.0,1592.6,1586.0,1587.7,19640
2025-12-08T10:00:00+05:30,1587.7,1589.4,1585.4,1588.1,16376
2025-12-08T10:15:00+05:30,1588.1,1592.0,1588.1,1591.4,10009
2025-12-08T10:30:00+05:30,1591.0,1592.0,1587.5,1588.9,9806
2025-12-08T10:45:00+05:30,1588.9,1590.6,1583.0,1584.8,31632
2025-12-08T11:00:00+05:30,1584.1,1585.4,1574.4,1575.3,45555
2025-12-08T11:15:00+05:30,1575.0,1579.0,1570.9,1571.6,26826
2025-12-08T11:30:00+05:30,1572.0,1574.7,1566.0,1573.8,46385
2025-12-08T11:45:00+05:30,1573.5,1574.3,1569.9,1571.0,17728
2025-12-08T12:00:00+05:30,1571.0,1574.2,1566.0,1570.9,54371
2025-12-08T12:15:00+05:30,1570.1,1572.9,1570.0,1571.4,10777
2025-12-08T12:30:00+05:30,1571.4,1573.8,1567.9,1570.3,42376
2025-12-08T12:45:00+05:30,1570.3,1571.3,1563.1,1567.9,103697
2025-12-08T13:00:00+05:30,1567.0,1572.0,1566.7,1570.6,15199
2025-12-08T13:15:00+05:30,1570.6,1574.9,1566.7,1567.9,47709
2025-12-08T13:30:00+05:30,1567.0,1568.2,1558.7,1562.6,61500
2025-12-08T13:45:00+05:30,1561.6,1567.1,1561.0,1567.0,19225
2025-12-08T14:00:00+05:30,1567.0,1569.0,1558.7,1558.9,28554
2025-12-08T14:15:00+05:30,1558.9,1559.3,1554.7,1557.5,19786
2025-12-08T14:30:00+05:30,1557.0,1559.6,1555.3,1558.1,17486
2025-12-08T14:45:00+05:30,1558.1,1565.0,1557.8,1564.9,23318
2025-12-08T15:00:00+05:30,1564.9,1569.0,1561.4,1564.9,44842
2025-12-08T15:15:00+05:30,1564.2,1574.9,1560.0,1568.0,121835
2025-12-09T09:15:00+05:30,1560.0,1564.6,1539.6,1544.9,111831
2025-12-09T09:30:00+05:30,1545.3,1545.5,1534.3,1535.3,82810
2025-12-09T09:45:00+05:30,1535.5,1540.9,1533.2,1538.3,44157
2025-12-09T10:00:00+05:30,1538.4,1546.8,1536.2,1544.0,57622
2025-12-09T10:15:00+05:30,1544.5,1550.1,1543.8,1547.9,38268
2025-12-09T10:30:00+05:30,1546.8,1549.0,1544.6,1546.6,15315
2025-12-09T10:45:00+05:30,1546.9,1549.0,1545.3,1548.0,9317
2025-12-09T11:00:00+05:30,1548.2,1564.1,1544.6,1562.0,120378
2025-12-09T11:15:00+05:30,1561.6,1562.9,1557.3,1561.1,11735
2025-12-09T11:30:00+05:30,1561.4,1568.7,1560.6,1566.0,34560
2025-12-09T11:45:00+05:30,1566.1,1572.0,1566.0,1570.1,32036
2025-12-09T12:00:00+05:30,1570.3,1579.0,1570.0,1577.3,20374
2025-12-09T12:15:00+05:30,1577.3,1588.8,1574.7,1586.0,53026
2025-12-09T12:30:00+05:30,1587.1,1596.3,1585.0,1594.8,66673
2025-12-09T12:45:00+05:30,1595.1,1595.4,1590.5,1592.9,26159
2025-12-09T13:00:00+05:30,1592.9,1594.7,1590.0,1591.2,13665
2025-12-09T13:15:00+05:30,1591.0,1592.8,1588.0,1591.2,11367
2025-12-09T13:30:00+05:30,1591.9,1598.5,1590.3,1591.9,27505
2025-12-09T13:45:00+05:30,1592.1,1593.9,1591.1,1592.0,3988
2025-12-09T14:00:00+05:30,1592.9,1594.8,1591.8,1592.8,5259
2025-12-09T14:15:00+05:30,1592.9,1594.0,1591.1,1591.6,8099
2025-12-09T14:30:00+05:30,1591.4,1594.0,1587.6,1591.7,37701
2025-12-09T14:45:00+05:30,1591.9,1594.0,1589.7,1590.8,10230
2025-12-09T15:00:00+05:30,1590.8,1602.0,1590.5,1600.4,41013
2025-12-09T15:15:00+05:30,1600.4,1603.0,1600.0,1602.0,66927
2025-12-10T09:15:00+05:30,1600.0,1603.7,1582.2,1585.5,42875
2025-12-10T09:30:00+05:30,1585.1,1589.4,1583.2,1584.4,16864
2025-12-10T09:45:00+05:30,1584.1,1598.4,1582.6,1598.0,79994
2025-12-10T10:00:00+05:30,1598.0,1599.8,1589.2,1590.7,30382
2025-12-10T10:15:00+05:30,1590.5,1593.1,1590.0,1591.0,8357
2025-12-10T10:30:00+05:30,1591.0,1592.0,1590.2,1591.7,10913
2025-12-10T10:45:00+05:30,1591.0,1591.9,1589.8,1591.0,21633
2025-12-10T11:00:00+05:30,1591.0,1594.4,1590.2,1591.9,14334
2025-12-10T11:15:00+05:30,1591.1,1592.7,1590.5,1591.4,8253
2025-12-10T11:30:00+05:30,1591.0,1592.2,1580.5,1581.0,36130
2025-12-10T11:45:00+05:30,1581.0,1581.3,1573.2,1581.3,46577
2025-12-10T12:00:00+05:30,1580.6,1582.1,1577.7,1577.9,15153
2025-12-10T12:15:00+05:30,1578.0,1579.0,1577.5,1578.7,7825
2025-12-10T12:30:00+05:30,1578.1,1578.5,1570.2,1571.6,28206
2025-12-10T12:45:00+05:30,1571.1,1578.7,1571.0,1578.5,9493
2025-12-10T13:00:00+05:30,1578.5,1579.4,1576.1,1577.5,5632
2025-12-10T13:15:00+05:30,1576.5,1579.0,1575.0,1578.6,8045
2025-12-10T13:30:00+05:30,1577.6,1582.3,1577.2,1580.9,6418
2025-12-10T13:45:00+05:30,1580.0,1581.8,1573.0,1574.9,31008
2025-12-10T14:00:00+05:30,1573.9,1575.0,1561.8,1571.0,139166
2025-12-10T14:15:00+05:30,1571.0,1573.6,1563.5,1566.8,22201
2025-12-10T14:30:00+05:30,1566.2,1570.0,1563.5,1565.0,17212
2025-12-10T14:45:00+05:30,1565.0,1565.5,1562.0,1564.9,21158
2025-12-10T15:00:00+05:30,1564.6,1568.2,1564.0,1565.3,34831
2025-12-10T15:15:00+05:30,1565.8,1565.8,1562.2,1565.0,87382
2025-12-11T09:15:00+05:30,1565.1,1571.7,1561.1,1569.3,25989
2025-12-11T09:30:00+05:30,1569.3,1569.3,1551.6,1552.1,45844
2025-12-11T09:45:00+05:30,1551.7,1557.0,1550.4,1553.7,10625
2025-12-11T10:00:00+05:30,1553.7,1562.6,1552.0,1557.6,49692
2025-12-11T10:15:00+05:30,1558.3,1562.5,1558.0,1558.5,11026
2025-12-11T10:30:00+05:30,1558.1,1561.6,1557.2,1560.0,8608
2025-12-11T10:45:00+05:30,1560.6,1560.8,1558.0,1560.0,53870
2025-12-11T11:00:00+05:30,1560.0,1560.2,1556.1,1560.0,46227
2025-12-11T11:15:00+05:30,1560.0,1561.9,1559.5,1560.0,7111
2025-12-11T11:30:00+05:30,1560.0,1562.0,1559.0,1560.8,16169
2025-12-11T11:45:00+05:30,1560.9,1561.9,1559.0,1560.0,11818
2025-12-11T12:00:00+05:30,1560.3,1567.8,1559.4,1565.5,21158
2025-12-11T12:15:00+05:30,1566.5,1571.0,1565.4,1569.0,38655
2025-12-11T12:30:00+05:30,1569.5,1569.9,1562.8,1564.7,12619
2025-12-11T12:45:00+05:30,1564.5,1567.3,1564.0,1564.5,21667
2025-12-11T13:00:00+05:30,1564.0,1565.9,1561.5,1561.5,35640
2025-12-11T13:15:00+05:30,1561.8,1562.7,1559.6,1560.7,11132
2025-12-11T13:30:00+05:30,1560.5,1564.2,1560.3,1562.3,6483
2025-12-11T13:45:00+05:30,1562.4,1563.1,1561.3,1562.2,3131
2025-12-11T14:00:00+05:30,1561.9,1566.6,1560.9,1565.0,27635
2025-12-11T14:15:00+05:30,1565.0,1568.0,1562.0,1565.0,21194
2025-12-11T14:30:00+05:30,1565.0,1569.5,1564.0,1569.4,19636
2025-12-11T14:45:00+05:30,1569.4,1574.3,1569.0,1572.7,16105
2025-12-11T15:00:00+05:30,1572.6,1574.6,1569.0,1569.5,61624
2025-12-11T15:15:00+05:30,1569.5,1571.9,1567.5,1568.4,43122
2025-12-12T09:15:00+05:30,1571.0,1580.8,1565.6,1574.5,33437
2025-12-12T09:30:00+05:30,1574.4,1578.5,1573.7,1574.3,9811
2025-12-12T09:45:00+05:30,1575.0,1579.0,1572.9,1575.8,7545
2025-12-12T10:00:00+05:30,1575.8,1579.0,1572.9,1575.1,4646
2025-12-12T10:15:00+05:30,1576.1,1578.7,1571.2,1574.0,8312
2025-12-12T10:30:00+05:30,1573.1,1574.5,1566.0,1567.9,10763
2025-12-12T10:45:00+05:30,1566.6,1567.8,1563.0,1564.8,13816
2025-12-12T11:00:00+05:30,1564.8,1567.8,1563.4,1566.1,9334
2025-12-12T11:15:00+05:30,1566.6,1567.5,1561.1,1561.2,10032
2025-12-12T11:30:00+05:30,1561.5,1563.1,1560.5,1562.1,6782
2025-12-12T11:45:00+05:30,1562.0,1563.0,1560.1,1561.6,5076
2025-12-12T12:00:00+05:30,1561.6,1562.5,1555.7,1556.2,24542
2025-12-12T12:15:00+05:30,1557.0,1558.9,1556.0,1556.1,6459
2025-12-12T12:30:00+05:30,1556.2,1557.4,1555.6,1556.5,9116
2025-12-12T12:45:00+05:30,1556.5,1559.0,1555.7,1559.0,11159
2025-12-12T13:00:00+05:30,1559.0,1566.7,1558.0,1565.2,22304
2025-12-12T13:15:00+05:30,1565.5,1565.9,1563.8,1565.0,4548
2025-12-12T13:30:00+05:30,1565.8,1571.4,1564.2,1564.2,10683
2025-12-12T13:45:00+05:30,1564.9,1570.0,1561.9,1565.8,23055
2025-12-12T14:00:00+05:30,1566.2,1574.0,1565.9,1572.0,15107
2025-12-12T14:15:00+05:30,1572.0,1573.0,1567.3,1570.4,23541
2025-12-12T14:30:00+05:30,1569.7,1572.4,1569.0,1571.0,18073
2025-12-12T14:45:00+05:30,1570.2,1572.0,1568.4,1570.6,13903
2025-12-12T15:00:00+05:30,1570.6,1572.8,1570.0,1572.0,49063
2025-12-12T15:15:00+05:30,1572.0,1572.5,1565.0,1572.0,51020
2025-12-15T09:15:00+05:30,1560.0,1574.9,1560.0,1572.2,18109
2025-12-15T09:30:00+05:30,1572.2,1576.0,1567.6,1568.0,17162
2025-12-15T09:45:00+05:30,1569.3,1570.6,1566.1,1566.9,6588
2025-12-15T10:00:00+05:30,1566.9,1572.5,1566.0,1571.7,25964
2025-12-15T10:15:00+05:30,1571.5,1573.8,1570.5,1571.2,6011
2025-12-15T10:30:00+05:30,1571.2,1574.0,1569.6,1572.5,28336
2025-12-15T10:45:00+05:30,1573.6,1575.0,1572.0,1573.4,4094
2025-12-15T11:00:00+05:30,1573.4,1574.7,1571.5,1572.0,3464
2025-12-15T11:15:00+05:30,1573.2,1574.8,1571.0,1573.2,4634
2025-12-15T11:30:00+05:30,1573.0,1576.0,1571.7,1573.6,15149
2025-12-15T11:45:00+05:30,1573.7,1575.4,1573.5,1574.0,4009
2025-12-15T12:00:00+05:30,1574.1,1577.0,1572.7,1573.4,10011
2025-12-15T12:15:00+05:30,1574.4,1574.9,1572.8,1573.1,4042
2025-12-15T12:30:00+05:30,1573.1,1574.2,1570.0,1571.6,10046
2025-12-15T12:45:00+05:30,1571.5,1573.0,1571.2,1572.1,3670
2025-12-15T13:00:00+05:30,1572.1,1572.9,1570.1,1571.2,6602
2025-12-15T13:15:00+05:30,1572.0,1575.6,1571.1,1572.0,13657
2025-12-15T13:30:00+05:30,1571.7,1573.7,1571.7,1572.2,3665
2025-12-15T13:45:00+05:30,1572.2,1576.5,1572.2,1575.0,6857
2025-12-15T14:00:00+05:30,1575.0,1576.0,1572.1,1572.4,6053
2025-12-15T14:15:00+05:30,1573.5,1574.9,1571.1,1572.5,7404
2025-12-15T14:30:00+05:30,1573.0,1574.0,1572.0,1573.6,8390
2025-12-15T14:45:00+05:30,1574.0,1575.1,1572.0,1573.0,26723
2025-12-15T15:00:00+05:30,1573.1,1574.0,1570.1,1571.1,26189
2025-12-15T15:15:00+05:30,1570.8,1573.0,1570.0,1570.0,24356
2025-12-16T09:15:00+05:30,1560.8,1568.0,1556.4,1557.3,40701
2025-12-16T09:30:00+05:30,1556.5,1556.5,1550.0,1553.2,36452
2025-12-16T09:45:00+05:30,1553.2,1554.9,1550.2,1551.0,11805
2025-12-16T10:00:00+05:30,1550.3,1556.9,1546.6,1556.7,35393
2025-12-16T10:15:00+05:30,1556.1,1556.9,1554.9,1554.9,10349
2025-12-16T10:30:00+05:30,1555.0,1555.0,1553.2,1554.0,33525
2025-12-16T10:45:00+05:30,1554.0,1554.4,1553.0,1553.0,7920
2025-12-16T11:00:00+05:30,1553.0,1553.4,1549.0,1549.5,29455
2025-12-16T11:15:00+05:30,1549.5,1552.1,1548.1,1550.2,13974
2025-12-16T11:30:00+05:30,1550.0,1551.2,1547.2,1548.8,12721
2025-12-16T11:45:00+05:30,1548.5,1548.7,1545.5,1546.5,26630
2025-12-16T12:00:00+05:30,1545.7,1549.3,1542.5,1542.8,48491
2025-12-16T12:15:00+05:30,1543.0,1547.5,1542.7,1545.1,16830
2025-12-16T12:30:00+05:30,1545.3,1549.1,1545.0,1548.0,18778
2025-12-16T12:45:00+05:30,1548.3,1553.2,1548.0,1550.5,18318
2025-12-16T13:00:00+05:30,1551.1,1551.7,1549.5,1549.8,10432
2025-12-16T13:15:00+05:30,1549.8,1551.3,1549.1,1549.1,11776
2025-12-16T13:30:00+05:30,1549.5,1550.1,1544.0,1549.1,20009
2025-12-16T13:45:00+05:30,1548.9,1551.0,1548.0,1548.5,10349
2025-12-16T14:00:00+05:30,1548.5,1551.9,1546.2,1551.0,17986
2025-12-16T14:15:00+05:30,1551.0,1552.7,1550.2,1552.0,19233
2025-12-16T14:30:00+05:30,1551.1,1553.5,1551.0,1553.0,19945
2025-12-16T14:45:00+05:30,1553.0,1555.8,1549.0,1551.5,57192
2025-12-16T15:00:00+05:30,1551.0,1553.0,1550.0,1551.2,29777
2025-12-16T15:15:00+05:30,1551.0,1555.5,1550.1,1555.5,77198
2025-12-17T09:15:00+05:30,1562.7,1562.7,1550.5,1555.0,20703
2025-12-17T09:30:00+05:30,1555.0,1556.2,1552.2,1554.0,9681
2025-12-17T09:45:00+05:30,1553.7,1554.5,1546.3,1547.6,11337
2025-12-17T10:00:00+05:30,1547.2,1547.6,1540.0,1540.1,18527
2025-12-17T10:15:00+05:30,1540.1,1542.3,1540.0,1540.2,10015
2025-12-17T10:30:00+05:30,1540.3,1541.9,1536.0,1536.1,15370
2025-12-17T10:45:00+05:30,1536.1,1550.0,1536.0,1543.2,32731
2025-12-17T11:00:00+05:30,1543.3,1548.2,1539.1,1542.8,28379
2025-12-17T11:15:00+05:30,1543.9,1545.0,1540.4,1543.4,28168
2025-12-17T11:30:00+05:30,1542.7,1543.6,1541.6,1542.4,11717
2025-12-17T11:45:00+05:30,1543.1,1544.1,1542.0,1543.2,7803
2025-12-17T12:00:00+05:30,1543.5,1545.0,1539.4,1541.6,73471
2025-12-17T12:15:00+05:30,1541.7,1551.5,1540.0,1542.4,46585
2025-12-17T12:30:00+05:30,1543.0,1546.0,1542.0,1543.6,14534
2025-12-17T12:45:00+05:30,1543.6,1550.1,1543.6,1546.0,27281
2025-12-17T13:00:00+05:30,1546.5,1547.4,1543.0,1544.2,5674
2025-12-17T13:15:00+05:30,1544.2,1546.0,1543.2,1543.9,7587
2025-12-17T13:30:00+05:30,1543.9,1547.0,1543.0,1543.1,20338
2025-12-17T13:45:00+05:30,1544.0,1544.7,1543.1,1543.8,4617
2025-12-17T14:00:00+05:30,1544.0,1544.2,1543.0,1543.0,4626
2025-12-17T14:15:00+05:30,1543.2,1545.5,1543.0,1545.5,9577
2025-12-17T14:30:00+05:30,1545.5,1545.5,1543.0,1544.2,5078
2025-12-17T14:45:00+05:30,1544.2,1554.3,1543.8,1546.9,16898
2025-12-17T15:00:00+05:30,1546.8,1552.6,1545.9,1552.0,31549
2025-12-17T15:15:00+05:30,1551.9,1555.0,1548.8,1550.0,48960
2025-12-18T09:15:00+05:30,1548.9,1554.8,1542.1,1545.3,15370
2025-12-18T09:30:00+05:30,1545.4,1546.1,1540.1,1540.1,6399
2025-12-18T09:45:00+05:30,1540.2,1540.3,1531.2,1537.0,24332
2025-12-18T10:00:00+05:30,1537.0,1541.9,1536.5,1540.5,9013
2025-12-18T10:15:00+05:30,1540.4,1552.2,1540.4,1550.9,20823
2025-12-18T10:30:00+05:30,1550.0,1550.9,1545.3,1546.9,9426
2025-12-18T10:45:00+05:30,1546.8,1548.1,1540.5,1541.6,6872
2025-12-18T11:00:00+05:30,1542.0,1542.0,1535.6,1538.7,13001
2025-12-18T11:15:00+05:30,1538.7,1540.9,1536.0,1540.1,6062
2025-12-18T11:30:00+05:30,1540.1,1542.3,1537.3,1540.1,4638
2025-12-18T11:45:00+05:30,1540.9,1540.9,1534.1,1537.3,17026
2025-12-18T12:00:00+05:30,1537.5,1539.9,1537.0,1538.1,4407
2025-12-18T12:15:00+05:30,1538.3,1538.6,1536.0,1537.0,4553
2025-12-18T12:30:00+05:30,1537.2,1540.0,1537.0,1539.0,3831
2025-12-18T12:45:00+05:30,1539.0,1539.5,1537.0,1538.0,5724
2025-12-18T13:00:00+05:30,1538.0,1539.1,1538.0,1538.0,1082
2025-12-18T13:15:00+05:30,1538.0,1539.3,1533.7,1533.7,7306
2025-12-18T13:30:00+05:30,1534.4,1536.5,1533.7,1534.0,16747
2025-12-18T13:45:00+05:30,1534.1,1537.0,1533.8,1534.0,5525
2025-12-18T14:00:00+05:30,1534.8,1535.0,1527.0,1527.1,30794
2025-12-18T14:15:00+05:30,1528.0,1528.3,1525.5,1527.9,17487
2025-12-18T14:30:00+05:30,1527.8,1529.8,1525.8,1527.0,7780
2025-12-18T14:45:00+05:30,1527.0,1530.9,1526.5,1530.6,7979
2025-12-18T15:00:00+05:30,1530.6,1530.8,1525.0,1525.5,19842
2025-12-18T15:15:00+05:30,1525.0,1525.5,1515.5,1521.5,90171
2025-12-19T09:15:00+05:30,1526.0,1548.4,1525.4,1541.4,64188
2025-12-19T09:30:00+05:30,1541.4,1543.9,1536.9,1541.0,26950
2025-12-19T09:45:00+05:30,1541.0,1543.9,1539.2,1540.7,28457
2025-12-19T10:00:00+05:30,1540.7,1543.6,1540.0,1541.3,11333
2025-12-19T10:15:00+05:30,1541.3,1542.9,1537.1,1542.9,49586
2025-12-19T10:30:00+05:30,1542.9,1549.0,1539.8,1543.8,98446
2025-12-19T10:45:00+05:30,1544.0,1547.6,1543.4,1545.0,47426
2025-12-19T11:00:00+05:30,1545.0,1546.7,1543.3,1544.6,17642
2025-12-19T11:15:00+05:30,1544.6,1549.5,1543.5,1548.8,43634
2025-12-19T11:30:00+05:30,1548.8,1549.8,1538.7,1546.2,49089
2025-12-19T11:45:00+05:30,1546.1,1546.8,1539.6,1543.2,29347
2025-12-19T12:00:00+05:30,1543.0,1544.9,1542.2,1543.6,13720
2025-12-19T12:15:00+05:30,1543.6,1545.0,1539.6,1540.9,21701
2025-12-19T12:30:00+05:30,1541.5,1545.4,1539.7,1544.2,38006
2025-12-19T12:45:00+05:30,1544.2,1546.1,1544.1,1544.8,11520
2025-12-19T13:00:00+05:30,1545.1,1547.5,1544.2,1547.0,9348
2025-12-19T13:15:00+05:30,1547.3,1549.0,1546.2,1548.5,16215
2025-12-19T13:30:00+05:30,1548.5,1562.9,1548.0,1560.5,55921
2025-12-19T13:45:00+05:30,1560.5,1563.8,1559.0,1562.3,13017
2025-12-19T14:00:00+05:30,1562.3,1564.9,1559.3,1563.6,17760
2025-12-19T14:15:00+05:30,1563.6,1569.0,1562.0,1568.0,29110
2025-12-19T14:30:00+05:30,1568.0,1575.0,1567.7,1574.0,33701
2025-12-19T14:45:00+05:30,1573.9,1576.9,1571.4,1576.8,24154
2025-12-19T15:00:00+05:30,1576.8,1581.0,1576.7,1580.7,42327
2025-12-19T15:15:00+05:30,1580.3,1582.0,1568.0,1573.0,79973
2025-12-22T09:15:00+05:30,1572.9,1585.0,1570.0,1579.9,32865
2025-12-22T09:30:00+05:30,1580.3,1582.0,1575.2,1577.0,11472
2025-12-22T09:45:00+05:30,1577.0,1580.1,1571.0,1575.3,23167
2025-12-22T10:00:00+05:30,1575.3,1578.5,1568.0,1570.2,19223
2025-12-22T10:15:00+05:30,1570.3,1572.2,1567.4,1569.7,16475
2025-12-22T10:30:00+05:30,1570.2,1570.2,1567.0,1568.3,10943
2025-12-22T10:45:00+05:30,1568.3,1585.0,1568.0,1583.9,31972
2025-12-22T11:00:00+05:30,1584.0,1585.0,1578.7,1579.8,11312
2025-12-22T11:15:00+05:30,1578.8,1581.0,1577.7,1579.9,7692
2025-12-22T11:30:00+05:30,1580.0,1585.0,1578.1,1584.0,13827
2025-12-22T11:45:00+05:30,1584.0,1584.3,1580.7,1580.9,6252
2025-12-22T12:00:00+05:30,1580.9,1585.0,1579.1,1579.1,9163
2025-12-22T12:15:00+05:30,1579.1,1585.0,1578.6,1581.0,13039
2025-12-22T12:30:00+05:30,1581.0,1582.8,1580.0,1581.8,4278
2025-12-22T12:45:00+05:30,1582.0,1582.5,1580.0,1580.5,5180
2025-12-22T13:00:00+05:30,1580.5,1581.9,1580.1,1581.7,4282
2025-12-22T13:15:00+05:30,1581.9,1590.0,1580.0,1581.6,22032
2025-12-22T13:30:00+05:30,1581.5,1587.9,1581.3,1585.2,9613
2025-12-22T13:45:00+05:30,1585.2,1586.3,1585.0,1585.1,5000
2025-12-22T14:00:00+05:30,1585.9,1595.0,1585.0,1585.2,26671
2025-12-22T14:15:00+05:30,1585.3,1588.2,1585.0,1585.6,13234
2025-12-22T14:30:00+05:30,1585.6,1586.9,1583.2,1586.0,10089
2025-12-22T14:45:00+05:30,1586.0,1586.6,1575.6,1578.6,26861
2025-12-22T15:00:00+05:30,1578.6,1579.6,1559.8,1565.2,73515
2025-12-22T15:15:00+05:30,1565.0,1568.9,1548.5,1558.0,298465
2025-12-23T09:15:00+05:30,1570.0,1570.1,1558.4,1562.2,26354
2025-12-23T09:30:00+05:30,1562.0,1564.0,1552.9,1554.1,20689
2025-12-23T09:45:00+05:30,1553.4,1560.0,1553.3,1558.0,10406
2025-12-23T10:00:00+05:30,1558.2,1562.0,1555.5,1559.8,117548
2025-12-23T10:15:00+05:30,1559.0,1560.6,1555.0,1556.9,7059
2025-12-23T10:30:00+05:30,1556.9,1573.0,1555.8,1562.9,24999
2025-12-23T10:45:00+05:30,1563.8,1563.8,1561.1,1562.0,3815
2025-12-23T11:00:00+05:30,1562.8,1569.9,1562.0,1568.1,20715
2025-12-23T11:15:00+05:30,1568.1,1571.8,1565.1,1570.9,13561
2025-12-23T11:30:00+05:30,1571.7,1571.8,1565.1,1566.1,13195
2025-12-23T11:45:00+05:30,1566.1,1568.5,1563.5,1566.0,41501
2025-12-23T12:00:00+05:30,1566.9,1567.7,1564.0,1565.0,5887
2025-12-23T12:15:00+05:30,1565.8,1566.0,1563.2,1563.6,7451
2025-12-23T12:30:00+05:30,1564.8,1565.7,1563.6,1565.0,3123
2025-12-23T12:45:00+05:30,1565.0,1565.7,1561.3,1562.0,5328
2025-12-23T13:00:00+05:30,1563.0,1564.3,1557.1,1558.0,12129
2025-12-23T13:15:00+05:30,1558.0,1561.7,1554.6,1557.0,11412
2025-12-23T13:30:00+05:30,1557.0,1560.0,1556.1,1557.5,5124
2025-12-23T13:45:00+05:30,1557.5,1559.9,1555.6,1557.0,4657
2025-12-23T14:00:00+05:30,1557.9,1559.4,1555.5,1559.1,7272
2025-12-23T14:15:00+05:30,1559.1,1560.0,1556.7,1556.9,5722
2025-12-23T14:30:00+05:30,1556.9,1557.5,1555.5,1555.5,5598
2025-12-23T14:45:00+05:30,1555.6,1557.0,1555.0,1556.8,7232
2025-12-23T15:00:00+05:30,1556.9,1557.0,1555.0,1555.7,10501
2025-12-23T15:15:00+05:30,1555.7,1555.9,1540.0,1546.6,87695
2025-12-24T09:15:00+05:30,1546.6,1552.2,1542.0,1546.6,85827
2025-12-24T09:30:00+05:30,1545.2,1548.3,1540.1,1540.9,21276
2025-12-24T09:45:00+05:30,1540.9,1541.1,1535.0,1535.0,62249
2025-12-24T10:00:00+05:30,1535.0,1540.4,1534.3,1535.5,25584
2025-12-24T10:15:00+05:30,1535.5,1537.1,1530.6,1531.7,44306
2025-12-24T10:30:00+05:30,1532.4,1532.8,1527.1,1528.7,39669
2025-12-24T10:45:00+05:30,1529.0,1531.0,1526.5,1530.0,25827
2025-12-24T11:00:00+05:30,1530.0,1531.2,1526.0,1526.7,23382
2025-12-24T11:15:00+05:30,1526.7,1528.9,1526.0,1527.2,15685
2025-12-24T11:30:00+05:30,1527.1,1529.9,1526.5,1526.8,18903
2025-12-24T11:45:00+05:30,1527.0,1530.2,1526.4,1527.1,19925
2025-12-24T12:00:00+05:30,1527.0,1527.8,1521.5,1522.1,42757
2025-12-24T12:15:00+05:30,1522.5,1524.3,1520.0,1523.3,29404
2025-12-24T12:30:00+05:30,1523.2,1541.5,1522.5,1537.2,95563
2025-12-24T12:45:00+05:30,1538.0,1538.0,1535.1,1536.2,16823
2025-12-24T13:00:00+05:30,1536.0,1536.5,1535.0,1535.5,10106
2025-12-24T13:15:00+05:30,1535.5,1536.3,1535.0,1535.3,7351
2025-12-24T13:30:00+05:30,1535.0,1535.9,1535.0,1535.3,14925
2025-12-24T13:45:00+05:30,1535.1,1536.3,1535.0,1535.5,5851
2025-12-24T14:00:00+05:30,1535.1,1535.7,1535.0,1535.3,10625
2025-12-24T14:15:00+05:30,1535.0,1535.8,1535.0,1535.4,8709
2025-12-24T14:30:00+05:30,1535.1,1538.9,1535.0,1538.0,22113
2025-12-24T14:45:00+05:30,1538.5,1539.8,1537.6,1538.7,25025
2025-12-24T15:00:00+05:30,1538.5,1539.0,1537.6,1538.0,29534
2025-12-24T15:15:00+05:30,1538.0,1538.5,1531.0,1533.2,74580
2025-12-26T09:15:00+05:30,1530.0,1538.4,1528.3,1531.1,22593
2025-12-26T09:30:00+05:30,1531.1,1533.0,1528.0,1529.0,15083
2025-12-26T09:45:00+05:30,1529.0,1530.3,1527.9,1530.2,12221
2025-12-26T10:00:00+05:30,1530.2,1533.0,1530.0,1530.3,10813
2025-12-26T10:15:00+05:30,1530.3,1534.0,1529.0,1532.5,7232
2025-12-26T10:30:00+05:30,1533.6,1534.6,1531.2,1532.7,4392
2025-12-26T10:45:00+05:30,1532.4,1532.8,1530.0,1530.0,4282
2025-12-26T11:00:00+05:30,1530.2,1534.4,1529.0,1533.3,7655
2025-12-26T11:15:00+05:30,1534.2,1534.3,1528.4,1530.7,11325
2025-12-26T11:30:00+05:30,1530.7,1530.9,1528.5,1529.0,6896
2025-12-26T11:45:00+05:30,1529.0,1529.3,1525.3,1527.5,12906
2025-12-26T12:00:00+05:30,1527.5,1528.6,1525.5,1526.5,6066
2025-12-26T12:15:00+05:30,1526.0,1526.7,1525.1,1525.2,8810
2025-12-26T12:30:00+05:30,1526.0,1527.7,1523.6,1524.9,19804
2025-12-26T12:45:00+05:30,1524.8,1525.5,1523.1,1523.1,7187
2025-12-26T13:00:00+05:30,1523.0,1524.6,1522.6,1523.7,7373
2025-12-26T13:15:00+05:30,1523.8,1524.7,1522.5,1523.3,9761
2025-12-26T13:30:00+05:30,1522.8,1525.0,1522.5,1524.0,11098
2025-12-26T13:45:00+05:30,1524.4,1527.2,1523.7,1523.7,42036
2025-12-26T14:00:00+05:30,1524.0,1524.9,1521.7,1522.8,9973
2025-12-26T14:15:00+05:30,1522.8,1523.9,1521.1,1522.5,9492
2025-12-26T14:30:00+05:30,1522.5,1523.1,1519.0,1521.2,27274
2025-12-26T14:45:00+05:30,1521.4,1523.5,1519.8,1522.5,13532
2025-12-26T15:00:00+05:30,1522.5,1522.5,1519.1,1519.9,17981
2025-12-26T15:15:00+05:30,1519.9,1528.0,1518.0,1523.7,83292
2025-12-29T09:15:00+05:30,1533.0,1544.0,1525.1,1541.0,48215
2025-12-29T09:30:00+05:30,1541.8,1559.4,1540.1,1555.4,79486
2025-12-29T09:45:00+05:30,1556.2,1558.0,1545.4,1548.9,27145
2025-12-29T10:00:00+05:30,1548.9,1549.2,1538.5,1543.4,32932
2025-12-29T10:15:00+05:30,1543.4,1549.8,1543.1,1548.4,19456
2025-12-29T10:30:00+05:30,1548.4,1553.3,1547.0,1551.9,12831
2025-12-29T10:45:00+05:30,1552.0,1555.8,1550.2,1553.7,21363
2025-12-29T11:00:00+05:30,1554.0,1554.0,1551.5,1552.0,6714
2025-12-29T11:15:00+05:30,1552.0,1555.7,1549.5,1553.5,41057
2025-12-29T11:30:00+05:30,1553.7,1553.9,1547.0,1547.5,61400
2025-12-29T11:45:00+05:30,1547.7,1549.1,1545.1,1547.9,7096
2025-12-29T12:00:00+05:30,1548.4,1549.1,1545.6,1546.7,4415
2025-12-29T12:15:00+05:30,1546.1,1548.8,1545.6,1547.2,7901
2025-12-29T12:30:00+05:30,1547.6,1548.4,1544.5,1547.4,61052
2025-12-29T12:45:00+05:30,1546.9,1548.8,1546.4,1547.7,4586
2025-12-29T13:00:00+05:30,1548.0,1548.2,1542.7,1543.5,64290
2025-12-29T13:15:00+05:30,1543.5,1544.0,1535.5,1536.0,18940
2025-12-29T13:30:00+05:30,1536.0,1543.5,1533.6,1542.7,39690
2025-12-29T13:45:00+05:30,1542.2,1548.7,1541.6,1547.3,16554
2025-12-29T14:00:00+05:30,1548.0,1549.0,1546.4,1547.5,6841
2025-12-29T14:15:00+05:30,1547.7,1549.0,1546.7,1548.9,12769
2025-12-29T14:30:00+05:30,1548.1,1549.0,1545.3,1547.0,7016
2025-12-29T14:45:00+05:30,1547.0,1551.0,1545.4,1550.0,32559
2025-12-29T15:00:00+05:30,1549.8,1550.0,1545.7,1546.3,14490
2025-12-29T15:15:00+05:30,1546.1,1555.0,1542.4,1548.5,49825
2025-12-30T09:15:00+05:30,1547.5,1552.0,1542.0,1542.3,19773
2025-12-30T09:30:00+05:30,1542.3,1550.0,1541.1,1541.4,14535
2025-12-30T09:45:00+05:30,1543.1,1543.5,1538.0,1538.8,7722
2025-12-30T10:00:00+05:30,1538.8,1545.0,1538.1,1544.2,6013
2025-12-30T10:15:00+05:30,1544.9,1545.5,1542.0,1542.2,8258
2025-12-30T10:30:00+05:30,1542.2,1545.0,1541.3,1544.6,5547
2025-12-30T10:45:00+05:30,1544.3,1546.3,1539.1,1545.0,77403
2025-12-30T11:00:00+05:30,1545.0,1545.0,1542.6,1543.9,3484
2025-12-30T11:15:00+05:30,1543.7,1544.0,1540.0,1543.9,7207
2025-12-30T11:30:00+05:30,1544.0,1544.0,1535.1,1536.1,16803
2025-12-30T11:45:00+05:30,1536.8,1538.6,1534.6,1535.5,8774
2025-12-30T12:00:00+05:30,1536.0,1536.3,1533.0,1533.9,4182
2025-12-30T12:15:00+05:30,1533.9,1533.9,1527.1,1527.8,12259
2025-12-30T12:30:00+05:30,1527.5,1531.0,1527.0,1528.8,9679
2025-12-30T12:45:00+05:30,1528.8,1529.9,1527.6,1528.0,4969
2025-12-30T13:00:00+05:30,1528.3,1529.2,1525.2,1526.0,9639
2025-12-30T13:15:00+05:30,1526.0,1529.0,1525.6,1527.0,6719
2025-12-30T13:30:00+05:30,1527.7,1528.1,1522.4,1527.1,19347
2025-12-30T13:45:00+05:30,1527.8,1528.5,1524.5,1525.2,8161
2025-12-30T14:00:00+05:30,1525.9,1526.3,1523.8,1524.0,12373
2025-12-30T14:15:00+05:30,1524.8,1526.5,1523.0,1524.0,11184
2025-12-30T14:30:00+05:30,1524.1,1532.0,1523.2,1529.7,14825
2025-12-30T14:45:00+05:30,1528.7,1531.2,1527.1,1529.1,17678
2025-12-30T15:00:00+05:30,1529.6,1533.0,1526.7,1530.0,27901
2025-12-30T15:15:00+05:30,1530.0,1531.0,1526.1,1531.0,38612
2025-12-31T09:15:00+05:30,1528.3,1535.0,1524.9,1527.5,46448
2025-12-31T09:30:00+05:30,1527.6,1529.0,1524.8,1526.6,26833
2025-12-31T09:45:00+05:30,1526.2,1528.0,1525.2,1525.8,15360
2025-12-31T10:00:00+05:30,1525.8,1528.0,1523.5,1524.7,30075
2025-12-31T10:15:00+05:30,1525.8,1526.6,1521.0,1522.0,40835
2025-12-31T10:30:00+05:30,1521.8,1523.9,1520.4,1521.0,20906
2025-12-31T10:45:00+05:30,1520.9,1526.6,1517.1,1519.1,128859
2025-12-31T11:00:00+05:30,1519.1,1519.1,1513.3,1515.0,51589
2025-12-31T11:15:00+05:30,1515.0,1515.0,1509.9,1513.9,70566
2025-12-31T11:30:00+05:30,1513.8,1517.9,1513.8,1516.9,17410
2025-12-31T11:45:00+05:30,1517.0,1526.5,1516.3,1523.6,57448
2025-12-31T12:00:00+05:30,1524.0,1526.2,1523.0,1523.9,13899
2025-12-31T12:15:00+05:30,1523.9,1525.1,1523.2,1524.0,16317
2025-12-31T12:30:00+05:30,1523.9,1526.2,1523.0,1525.0,19670
2025-12-31T12:45:00+05:30,1525.0,1529.2,1524.5,1526.1,27760
2025-12-31T13:00:00+05:30,1526.5,1529.9,1526.0,1526.1,18976
2025-12-31T13:15:00+05:30,1526.4,1527.0,1522.0,1524.0,31568
2025-12-31T13:30:00+05:30,1523.7,1524.9,1521.0,1524.1,15756
2025-12-31T13:45:00+05:30,1524.1,1531.5,1522.0,1523.0,76344
2025-12-31T14:00:00+05:30,1523.0,1525.0,1521.2,1524.2,18666
2025-12-31T14:15:00+05:30,1524.2,1524.7,1521.4,1522.1,19034
2025-12-31T14:30:00+05:30,1522.0,1523.5,1516.9,1518.5,29985
2025-12-31T14:45:00+05:30,1518.5,1523.7,1514.5,1522.0,48906
2025-12-31T15:00:00+05:30,1522.3,1526.6,1516.5,1520.2,97979
2025-12-31T15:15:00+05:30,1520.2,1524.6,1516.3,1522.0,87214
2026-01-01T09:15:00+05:30,1523.9,1532.9,1519.1,1521.9,43062
2026-01-01T09:30:00+05:30,1522.8,1523.9,1520.0,1520.9,12156
2026-01-01T09:45:00+05:30,1520.9,1526.7,1519.2,1524.4,18423
2026-01-01T10:00:00+05:30,1524.0,1524.9,1519.6,1522.6,20400
2026-01-01T10:15:00+05:30,1521.7,1523.0,1519.9,1521.0,21032
2026-01-01T10:30:00+05:30,1520.1,1523.5,1520.0,1521.2,8895
2026-01-01T10:45:00+05:30,1521.2,1523.2,1521.1,1522.6,6114
2026-01-01T11:00:00+05:30,1522.6,1522.6,1520.0,1522.0,12807
2026-01-01T11:15:00+05:30,1521.9,1522.3,1520.4,1520.9,9410
2026-01-01T11:30:00+05:30,1521.9,1522.7,1516.0,1517.3,20101
2026-01-01T11:45:00+05:30,1518.1,1518.9,1516.0,1517.0,8250
2026-01-01T12:00:00+05:30,1518.0,1518.3,1512.0,1512.5,30011
2026-01-01T12:15:00+05:30,1512.5,1518.0,1511.3,1517.9,25535
2026-01-01T12:30:00+05:30,1518.0,1520.0,1512.9,1514.3,23928
2026-01-01T12:45:00+05:30,1513.9,1515.4,1512.0,1514.5,12348
2026-01-01T13:00:00+05:30,1514.5,1514.8,1511.8,1513.0,10589
2026-01-01T13:15:00+05:30,1513.0,1514.9,1510.0,1511.3,45299
2026-01-01T13:30:00+05:30,1511.1,1511.9,1507.0,1509.0,37822
2026-01-01T13:45:00+05:30,1508.7,1509.1,1506.7,1508.3,12643
2026-01-01T14:00:00+05:30,1508.3,1509.0,1506.1,1507.1,15277
2026-01-01T14:15:00+05:30,1507.6,1509.9,1503.7,1504.5,47363
2026-01-01T14:30:00+05:30,1504.5,1504.8,1492.6,1494.4,96003
2026-01-01T14:45:00+05:30,1495.0,1496.0,1491.0,1492.6,48028
2026-01-01T15:00:00+05:30,1492.5,1494.0,1483.1,1483.9,98752
2026-01-01T15:15:00+05:30,1483.9,1484.8,1481.0,1482.0,106939
2026-01-02T09:15:00+05:30,1485.0,1490.3,1460.1,1475.1,202583
2026-01-02T09:30:00+05:30,1475.1,1480.8,1474.1,1479.5,55330
2026-01-02T09:45:00+05:30,1479.6,1484.9,1476.0,1478.1,34554
2026-01-02T10:00:00+05:30,1478.1,1484.4,1478.0,1483.7,25157
2026-01-02T10:15:00+05:30,1483.7,1488.0,1481.5,1487.4,47217
2026-01-02T10:30:00+05:30,1486.8,1495.7,1485.8,1492.8,39726
2026-01-02T10:45:00+05:30,1492.8,1494.9,1488.6,1494.7,50900
2026-01-02T11:00:00+05:30,1494.7,1495.0,1486.1,1487.8,33521
2026-01-02T11:15:00+05:30,1487.8,1488.8,1482.9,1487.1,23906
2026-01-02T11:30:00+05:30,1487.2,1488.0,1485.3,1487.4,12938
2026-01-02T11:45:00+05:30,1487.4,1489.0,1485.5,1486.5,19550
2026-01-02T12:00:00+05:30,1486.5,1490.0,1485.3,1489.8,27682
2026-01-02T12:15:00+05:30,1489.8,1490.0,1486.1,1489.8,16434
2026-01-02T12:30:00+05:30,1489.0,1489.9,1485.2,1486.8,16445
2026-01-02T12:45:00+05:30,1486.8,1487.8,1482.0,1482.2,22861
2026-01-02T13:00:00+05:30,1482.2,1483.0,1480.0,1481.3,20426
2026-01-02T13:15:00+05:30,1481.3,1484.1,1480.1,1483.3,37785
2026-01-02T13:30:00+05:30,1482.6,1484.0,1480.6,1482.1,19751
2026-01-02T13:45:00+05:30,1482.1,1484.4,1480.4,1484.0,31536
2026-01-02T14:00:00+05:30,1483.6,1485.0,1482.5,1483.8,17507
2026-01-02T14:15:00+05:30,1483.8,1485.0,1483.0,1483.1,17419
2026-01-02T14:30:00+05:30,1484.0,1485.9,1482.5,1485.2,29837
2026-01-02T14:45:00+05:30,1485.2,1487.7,1484.3,1485.2,33459
2026-01-02T15:00:00+05:30,1484.7,1487.1,1482.0,1483.2,63246
2026-01-02T15:15:00+05:30,1483.2,1484.0,1480.3,1481.7,68863
2026-01-05T09:15:00+05:30,1483.4,1487.0,1462.0,1470.0,65568
2026-01-05T09:30:00+05:30,1470.6,1471.6,1465.0,1467.8,15263
2026-01-05T09:45:00+05:30,1467.7,1472.0,1465.0,1470.8,23401
2026-01-05T10:00:00+05:30,1470.8,1470.8,1463.1,1463.6,25806
2026-01-05T10:15:00+05:30,1463.6,1466.4,1463.1,1466.0,15649
2026-01-05T10:30:00+05:30,1466.0,1468.5,1463.4,1464.5,17084
2026-01-05T10:45:00+05:30,1464.5,1467.5,1464.4,1467.0,8885
2026-01-05T11:00:00+05:30,1467.0,1467.4,1457.0,1459.0,49208
2026-01-05T11:15:00+05:30,1459.0,1459.9,1455.6,1457.4,21323
2026-01-05T11:30:00+05:30,1457.2,1462.9,1455.2,1462.3,21030
2026-01-05T11:45:00+05:30,1462.4,1469.7,1460.2,1468.0,87947
2026-01-05T12:00:00+05:30,1468.0,1471.0,1465.1,1469.7,26178
2026-01-05T12:15:00+05:30,1469.1,1470.3,1468.0,1468.2,9236
2026-01-05T12:30:00+05:30,1468.3,1469.5,1465.0,1468.0,35944
2026-01-05T12:45:00+05:30,1468.0,1470.2,1467.5,1468.4,25256
2026-01-05T13:00:00+05:30,1468.3,1469.5,1467.3,1469.2,7274
2026-01-05T13:15:00+05:30,1468.6,1470.7,1461.0,1461.7,42963
2026-01-05T13:30:00+05:30,1461.1,1465.3,1456.0,1464.9,41300
2026-01-05T13:45:00+05:30,1464.9,1465.1,1461.0,1462.0,10013
2026-01-05T14:00:00+05:30,1461.5,1462.9,1455.5,1456.1,28928
2026-01-05T14:15:00+05:30,1456.2,1465.5,1456.0,1462.0,31198
2026-01-05T14:30:00+05:30,1462.0,1466.9,1461.0,1464.0,19469
2026-01-05T14:45:00+05:30,1464.0,1469.5,1463.7,1468.5,23783
2026-01-05T15:00:00+05:30,1468.9,1472.0,1468.0,1471.2,154230
2026-01-05T15:15:00+05:30,1471.4,1472.1,1463.8,1467.0,102604
2026-01-06T09:15:00+05:30,1467.0,1475.8,1463.3,1465.4,36845
2026-01-06T09:30:00+05:30,1465.5,1471.3,1464.1,1465.9,15969
2026-01-06T09:45:00+05:30,1465.8,1480.0,1465.3,1479.0,24914
2026-01-06T10:00:00+05:30,1478.9,1484.0,1477.1,1482.3,28166
2026-01-06T10:15:00+05:30,1483.0,1487.9,1482.0,1487.0,24667
2026-01-06T10:30:00+05:30,1487.0,1488.3,1480.0,1485.9,16569
2026-01-06T10:45:00+05:30,1485.0,1490.0,1485.0,1489.8,24643
2026-01-06T11:00:00+05:30,1489.8,1491.7,1488.0,1489.2,15294
2026-01-06T11:15:00+05:30,1490.0,1491.0,1485.1,1488.0,23856
2026-01-06T11:30:00+05:30,1487.5,1492.9,1486.6,1492.0,22849
2026-01-06T11:45:00+05:30,1491.2,1492.0,1488.0,1491.0,20731
2026-01-06T12:00:00+05:30,1490.7,1495.4,1487.0,1487.0,23586
2026-01-06T12:15:00+05:30,1487.0,1489.3,1485.1,1487.3,21322
2026-01-06T12:30:00+05:30,1487.0,1488.8,1483.4,1486.7,17657
2026-01-06T12:45:00+05:30,1486.7,1489.0,1485.1,1487.9,16964
2026-01-06T13:00:00+05:30,1487.7,1490.0,1485.6,1488.8,20003
2026-01-06T13:15:00+05:30,1488.4,1489.8,1486.2,1488.2,19240
2026-01-06T13:30:00+05:30,1488.2,1489.5,1485.4,1488.7,18972
2026-01-06T13:45:00+05:30,1488.7,1489.0,1485.0,1485.5,18970
2026-01-06T14:00:00+05:30,1485.9,1489.7,1484.3,1488.9,23845
2026-01-06T14:15:00+05:30,1488.0,1490.0,1485.7,1488.0,26549
2026-01-06T14:30:00+05:30,1488.2,1490.0,1486.4,1489.9,23229
2026-01-06T14:45:00+05:30,1489.9,1491.9,1488.2,1491.0,25241
2026-01-06T15:00:00+05:30,1491.5,1495.6,1488.3,1495.0,63109
2026-01-06T15:15:00+05:30,1494.9,1499.4,1494.2,1496.0,72343
2026-01-07T09:15:00+05:30,1490.0,1497.0,1482.2,1488.9,29655
2026-01-07T09:30:00+05:30,1488.0,1493.8,1487.4,1491.0,13131
2026-01-07T09:45:00+05:30,1490.5,1493.0,1489.6,1491.0,9969
2026-01-07T10:00:00+05:30,1491.0,1493.4,1483.0,1485.0,14157
2026-01-07T10:15:00+05:30,1485.1,1489.5,1484.0,1487.3,11296
2026-01-07T10:30:00+05:30,1486.2,1488.8,1482.2,1482.9,15950
2026-01-07T10:45:00+05:30,1484.0,1487.7,1476.0,1478.0,263133
2026-01-07T11:00:00+05:30,1478.0,1483.0,1476.0,1477.0,12325
2026-01-07T11:15:00+05:30,1477.0,1482.6,1469.6,1470.9,193285
2026-01-07T11:30:00+05:30,1470.9,1471.5,1463.0,1464.9,40291
2026-01-07T11:45:00+05:30,1464.9,1469.9,1462.0,1468.0,30919
2026-01-07T12:00:00+05:30,1468.9,1469.4,1466.1,1468.3,14287
2026-01-07T12:15:00+05:30,1468.6,1469.0,1462.1,1464.0,33767
2026-01-07T12:30:00+05:30,1463.2,1464.2,1462.0,1462.2,18686
2026-01-07T12:45:00+05:30,1462.2,1464.0,1462.0,1462.3,19208
2026-01-07T13:00:00+05:30,1462.2,1464.0,1462.0,1462.7,19279
2026-01-07T13:15:00+05:30,1462.7,1464.2,1461.0,1463.0,28617
2026-01-07T13:30:00+05:30,1463.2,1463.4,1461.1,1462.2,17524
2026-01-07T13:45:00+05:30,1462.2,1464.0,1462.0,1462.6,18249
2026-01-07T14:00:00+05:30,1462.6,1463.9,1461.6,1462.6,20408
2026-01-07T14:15:00+05:30,1463.4,1465.9,1462.0,1463.9,29194
2026-01-07T14:30:00+05:30,1464.0,1465.0,1462.5,1463.3,28349
2026-01-07T14:45:00+05:30,1464.0,1464.7,1461.8,1463.5,141147
2026-01-07T15:00:00+05:30,1463.5,1463.8,1449.0,1451.1,288655
2026-01-07T15:15:00+05:30,1451.3,1458.3,1450.0,1454.6,199594
2026-01-08T09:15:00+05:30,1441.0,1447.2,1393.2,1439.3,824348
2026-01-08T09:30:00+05:30,1439.2,1439.6,1426.0,1429.8,203143
2026-01-08T09:45:00+05:30,1429.8,1438.1,1427.1,1433.4,183000
2026-01-08T10:00:00+05:30,1433.3,1433.4,1415.2,1418.0,350265
2026-01-08T10:15:00+05:30,1417.7,1418.0,1408.2,1410.0,250039
2026-01-08T10:30:00+05:30,1410.0,1426.0,1398.8,1424.8,437442
2026-01-08T10:45:00+05:30,1424.8,1437.3,1424.0,1436.0,369481
2026-01-08T11:00:00+05:30,1436.0,1436.0,1426.6,1432.0,233097
2026-01-08T11:15:00+05:30,1431.8,1435.0,1428.1,1434.1,139518
2026-01-08T11:30:00+05:30,1434.2,1436.7,1432.3,1435.5,96359
2026-01-08T11:45:00+05:30,1435.5,1436.8,1432.6,1435.0,225279
2026-01-08T12:00:00+05:30,1435.0,1437.8,1433.0,1435.2,96477
2026-01-08T12:15:00+05:30,1435.2,1437.6,1433.5,1434.0,90507
2026-01-08T12:30:00+05:30,1434.0,1437.5,1428.0,1428.8,153543
2026-01-08T12:45:00+05:30,1428.8,1430.0,1424.9,1425.1,69218
2026-01-08T13:00:00+05:30,1425.0,1428.2,1415.0,1418.1,138024
2026-01-08T13:15:00+05:30,1418.1,1421.9,1416.9,1419.9,107963
2026-01-08T13:30:00+05:30,1419.7,1426.8,1418.9,1422.5,69538
2026-01-08T13:45:00+05:30,1423.1,1430.0,1423.0,1427.9,81101
2026-01-08T14:00:00+05:30,1428.0,1433.6,1427.0,1432.4,111957
2026-01-08T14:15:00+05:30,1432.4,1434.5,1428.1,1428.8,112180
2026-01-08T14:30:00+05:30,1428.9,1434.2,1428.8,1433.1,69844
2026-01-08T14:45:00+05:30,1433.1,1436.9,1431.8,1435.1,58361
2026-01-08T15:00:00+05:30,1435.6,1435.6,1427.4,1430.0,184415
2026-01-08T15:15:00+05:30,1429.9,1431.1,1424.6,1426.8,175421
2026-01-09T09:15:00+05:30,1421.0,1424.4,1408.0,1418.0,95722
2026-01-09T09:30:00+05:30,1418.0,1421.2,1405.6,1413.2,138552
2026-01-09T09:45:00+05:30,1414.0,1419.8,1414.0,1416.3,35305
2026-01-09T10:00:00+05:30,1416.0,1417.7,1413.2,1414.5,35689
2026-01-09T10:15:00+05:30,1414.6,1423.5,1414.0,1420.5,45039
2026-01-09T10:30:00+05:30,1420.5,1422.0,1416.8,1420.5,21462
2026-01-09T10:45:00+05:30,1420.6,1420.8,1413.1,1414.7,15487
2026-01-09T11:00:00+05:30,1414.7,1414.7,1409.6,1413.0,255077
2026-01-09T11:15:00+05:30,1413.0,1417.9,1412.1,1417.7,78602
2026-01-09T11:30:00+05:30,1417.4,1420.8,1412.2,1415.9,44599
2026-01-09T11:45:00+05:30,1415.9,1416.1,1412.0,1415.4,48056
2026-01-09T12:00:00+05:30,1415.5,1417.0,1411.0,1412.3,58878
2026-01-09T12:15:00+05:30,1411.4,1416.8,1411.2,1415.1,32402
2026-01-09T12:30:00+05:30,1415.0,1415.1,1407.1,1412.0,114849
2026-01-09T12:45:00+05:30,1412.0,1415.4,1411.3,1415.4,35846
2026-01-09T13:00:00+05:30,1415.3,1417.3,1411.3,1415.6,46294
2026-01-09T13:15:00+05:30,1415.6,1417.6,1409.8,1415.1,98291
2026-01-09T13:30:00+05:30,1415.0,1415.1,1402.0,1403.0,147898
2026-01-09T13:45:00+05:30,1403.0,1405.1,1401.2,1403.0,77719
2026-01-09T14:00:00+05:30,1403.0,1404.4,1399.7,1401.2,79924
2026-01-09T14:15:00+05:30,1401.4,1401.5,1394.4,1399.0,118072
2026-01-09T14:30:00+05:30,1399.0,1404.5,1398.4,1403.5,63265
2026-01-09T14:45:00+05:30,1403.3,1406.2,1400.0,1405.3,101515
2026-01-09T15:00:00+05:30,1405.4,1405.5,1401.6,1403.5,124394
2026-01-09T15:15:00+05:30,1403.6,1406.0,1400.0,1405.5,162259
2026-01-12T09:15:00+05:30,1400.0,1402.9,1385.0,1385.4,99362
2026-01-12T09:30:00+05:30,1385.9,1391.0,1382.1,1383.0,70058
2026-01-12T09:45:00+05:30,1383.0,1393.8,1382.0,1389.0,36143
2026-01-12T10:00:00+05:30,1389.2,1396.4,1386.0,1386.7,198019
2026-01-12T10:15:00+05:30,1386.7,1393.5,1386.0,1392.4,12255
2026-01-12T10:30:00+05:30,1392.4,1392.6,1390.0,1391.0,8004
2026-01-12T10:45:00+05:30,1391.0,1392.0,1387.7,1390.0,29506
2026-01-12T11:00:00+05:30,1390.1,1391.0,1384.6,1390.0,74502
2026-01-12T11:15:00+05:30,1390.1,1390.6,1387.0,1390.0,41709
2026-01-12T11:30:00+05:30,1390.0,1390.1,1374.8,1376.1,105881
2026-01-12T11:45:00+05:30,1376.1,1378.4,1375.0,1378.4,21927
2026-01-12T12:00:00+05:30,1378.4,1378.7,1373.0,1375.5,34495
2026-01-12T12:15:00+05:30,1375.9,1383.7,1375.5,1381.2,34397
2026-01-12T12:30:00+05:30,1381.7,1387.4,1378.8,1382.1,55754
2026-01-12T12:45:00+05:30,1382.1,1383.0,1379.0,1380.7,21502
2026-01-12T13:00:00+05:30,1380.6,1386.6,1378.5,1386.2,32656
2026-01-12T13:15:00+05:30,1385.8,1387.5,1382.6,1384.9,53856
2026-01-12T13:30:00+05:30,1385.5,1391.0,1384.0,1389.2,46822
2026-01-12T13:45:00+05:30,1389.2,1390.7,1384.9,1388.5,38395
2026-01-12T14:00:00+05:30,1388.6,1390.5,1386.9,1388.9,184369
2026-01-12T14:15:00+05:30,1388.8,1390.7,1386.7,1389.1,25889
2026-01-12T14:30:00+05:30,1388.7,1391.5,1387.1,1389.8,65738
2026-01-12T14:45:00+05:30,1389.8,1391.5,1385.9,1389.8,202940
2026-01-12T15:00:00+05:30,1389.7,1390.1,1386.4,1389.5,68135
2026-01-12T15:15:00+05:30,1389.5,1391.7,1386.3,1388.3,103768
2026-01-13T09:15:00+05:30,1392.2,1407.2,1391.0,1402.5,51511
2026-01-13T09:30:00+05:30,1403.0,1404.8,1397.2,1398.0,18794
2026-01-13T09:45:00+05:30,1398.0,1403.8,1397.0,1399.0,14965
2026-01-13T10:00:00+05:30,1398.3,1403.8,1397.3,1401.0,18311
2026-01-13T10:15:00+05:30,1401.8,1418.9,1401.0,1413.3,39297
2026-01-13T10:30:00+05:30,1413.3,1416.0,1410.1,1413.2,14629
2026-01-13T10:45:00+05:30,1413.2,1414.0,1408.9,1413.0,15872
2026-01-13T11:00:00+05:30,1413.0,1413.8,1408.1,1409.5,9927
2026-01-13T11:15:00+05:30,1409.5,1414.0,1409.5,1412.9,8356
2026-01-13T11:30:00+05:30,1413.2,1419.4,1412.9,1418.0,25956
2026-01-13T11:45:00+05:30,1418.0,1427.0,1413.6,1425.2,40743
2026-01-13T12:00:00+05:30,1425.2,1426.4,1412.1,1413.0,50650
2026-01-13T12:15:00+05:30,1413.0,1415.0,1412.0,1413.5,18123
2026-01-13T12:30:00+05:30,1413.5,1416.6,1410.5,1413.1,30515
2026-01-13T12:45:00+05:30,1413.1,1415.0,1410.2,1412.0,11117
2026-01-13T13:00:00+05:30,1412.0,1414.0,1411.0,1413.1,10840
2026-01-13T13:15:00+05:30,1413.1,1416.8,1412.0,1413.7,15107
2026-01-13T13:30:00+05:30,1413.0,1414.4,1410.2,1413.3,11664
2026-01-13T13:45:00+05:30,1412.6,1413.3,1408.5,1410.6,13991
2026-01-13T14:00:00+05:30,1410.6,1411.6,1407.0,1409.4,9376
2026-01-13T14:15:00+05:30,1409.5,1410.0,1404.5,1405.6,13109
2026-01-13T14:30:00+05:30,1405.6,1408.4,1401.4,1402.9,24162
2026-01-13T14:45:00+05:30,1402.0,1402.7,1398.0,1398.2,37064
2026-01-13T15:00:00+05:30,1398.2,1401.0,1398.0,1400.1,28441
2026-01-13T15:15:00+05:30,1400.0,1402.0,1395.0,1398.9,43685
2026-01-14T09:15:00+05:30,1400.2,1402.9,1386.0,1390.6,78483
2026-01-14T09:30:00+05:30,1390.5,1395.9,1388.0,1395.0,20189
2026-01-14T09:45:00+05:30,1395.1,1397.4,1392.1,1393.1,28929
2026-01-14T10:00:00+05:30,1393.0,1393.8,1388.0,1390.0,49161
2026-01-14T10:15:00+05:30,1390.0,1392.0,1387.0,1391.3,85966
2026-01-14T10:30:00+05:30,1391.0,1394.3,1390.6,1392.0,22377
2026-01-14T10:45:00+05:30,1392.0,1392.6,1387.0,1390.2,12672
2026-01-14T11:00:00+05:30,1390.0,1390.2,1387.5,1389.1,13346
2026-01-14T11:15:00+05:30,1388.7,1394.4,1388.0,1392.6,17772
2026-01-14T11:30:00+05:30,1392.6,1396.7,1390.0,1394.8,16071
2026-01-14T11:45:00+05:30,1394.4,1395.7,1393.0,1393.9,16811
2026-01-14T12:00:00+05:30,1393.5,1395.2,1390.2,1391.5,103025
2026-01-14T12:15:00+05:30,1390.8,1393.5,1388.7,1393.5,30084
2026-01-14T12:30:00+05:30,1392.8,1393.7,1391.5,1392.0,21539
2026-01-14T12:45:00+05:30,1392.2,1393.2,1390.1,1391.7,20546
2026-01-14T13:00:00+05:30,1391.6,1393.7,1391.3,1393.0,20941
2026-01-14T13:15:00+05:30,1392.9,1393.5,1388.6,1388.7,24352
2026-01-14T13:30:00+05:30,1388.8,1392.6,1388.1,1392.1,25396
2026-01-14T13:45:00+05:30,1391.3,1394.1,1390.1,1392.9,16088
2026-01-14T14:00:00+05:30,1393.2,1394.9,1392.0,1394.2,20509
2026-01-14T14:15:00+05:30,1394.2,1395.0,1392.5,1394.0,24980
2026-01-14T14:30:00+05:30,1393.7,1394.0,1390.5,1393.1,32646
2026-01-14T14:45:00+05:30,1393.1,1394.0,1390.3,1392.8,44590
2026-01-14T15:00:00+05:30,1391.8,1395.4,1388.0,1389.2,169890
2026-01-14T15:15:00+05:30,1389.5,1396.8,1388.5,1395.0,329532
2026-01-16T09:15:00+05:30,1394.9,1397.0,1388.2,1391.0,55787
2026-01-16T09:30:00+05:30,1391.0,1391.9,1387.0,1389.3,41126
2026-01-16T09:45:00+05:30,1389.3,1394.5,1388.5,1393.4,15867
2026-01-16T10:00:00+05:30,1393.4,1396.1,1387.6,1391.5,178737
2026-01-16T10:15:00+05:30,1391.5,1393.4,1390.0,1392.2,20436
2026-01-16T10:30:00+05:30,1392.8,1393.5,1390.0,1390.3,18739
2026-01-16T10:45:00+05:30,1390.1,1391.2,1385.5,1390.0,31226
2026-01-16T11:00:00+05:30,1390.2,1390.5,1388.5,1390.0,38703
2026-01-16T11:15:00+05:30,1390.0,1390.2,1384.5,1386.0,46672
2026-01-16T11:30:00+05:30,1386.1,1390.1,1382.5,1386.0,131038
2026-01-16T11:45:00+05:30,1386.0,1386.0,1382.5,1383.6,18697
2026-01-16T12:00:00+05:30,1384.1,1384.7,1382.4,1383.8,17133
2026-01-16T12:15:00+05:30,1383.4,1383.9,1380.4,1381.0,33407
2026-01-16T12:30:00+05:30,1381.0,1384.7,1381.0,1383.0,14639
2026-01-16T12:45:00+05:30,1383.2,1385.5,1382.4,1384.4,15104
2026-01-16T13:00:00+05:30,1384.4,1386.0,1383.7,1385.1,17212
2026-01-16T13:15:00+05:30,1384.5,1386.7,1382.4,1386.2,41109
2026-01-16T13:30:00+05:30,1385.0,1386.2,1383.0,1385.8,21462
2026-01-16T13:45:00+05:30,1385.8,1385.8,1378.5,1381.2,91779
2026-01-16T14:00:00+05:30,1381.3,1381.5,1375.2,1377.8,39382
2026-01-16T14:15:00+05:30,1377.6,1381.2,1377.0,1380.6,24155
2026-01-16T14:30:00+05:30,1381.0,1381.7,1379.3,1381.2,16101
2026-01-16T14:45:00+05:30,1381.4,1386.0,1381.0,1384.0,57108
2026-01-16T15:00:00+05:30,1384.4,1393.0,1383.0,1390.0,115242
2026-01-16T15:15:00+05:30,1389.5,1391.0,1383.4,1385.9,64123
2026-01-19T09:15:00+05:30,1387.0,1387.0,1373.4,1378.8,58701
2026-01-19T09:30:00+05:30,1378.8,1383.7,1372.1,1373.0,23988
2026-01-19T09:45:00+05:30,1373.0,1374.1,1364.7,1365.1,50742
2026-01-19T10:00:00+05:30,1365.1,1369.8,1364.9,1367.1,42043
2026-01-19T10:15:00+05:30,1367.1,1368.2,1364.2,1366.1,23130
2026-01-19T10:30:00+05:30,1366.1,1366.7,1364.4,1365.4,21200
2026-01-19T10:45:00+05:30,1365.0,1374.8,1365.0,1372.4,62468
2026-01-19T11:00:00+05:30,1372.4,1373.2,1370.1,1370.3,12054
2026-01-19T11:15:00+05:30,1370.3,1371.0,1369.1,1370.0,28083
2026-01-19T11:30:00+05:30,1370.0,1371.0,1369.0,1371.0,24803
2026-01-19T11:45:00+05:30,1370.3,1371.2,1369.3,1370.0,13318
2026-01-19T12:00:00+05:30,1370.0,1371.2,1369.9,1370.5,14618
2026-01-19T12:15:00+05:30,1370.0,1371.2,1370.0,1370.0,15682
2026-01-19T12:30:00+05:30,1370.0,1370.8,1369.3,1370.6,21942
2026-01-19T12:45:00+05:30,1370.0,1371.7,1370.0,1371.2,11858
2026-01-19T13:00:00+05:30,1371.2,1372.8,1370.4,1371.0,12049
2026-01-19T13:15:00+05:30,1371.0,1371.8,1370.0,1371.0,14739
2026-01-19T13:30:00+05:30,1371.0,1374.0,1370.4,1372.2,17078
2026-01-19T13:45:00+05:30,1372.2,1373.5,1370.6,1372.9,22623
2026-01-19T14:00:00+05:30,1372.9,1374.5,1371.0,1371.5,20319
2026-01-19T14:15:00+05:30,1371.5,1372.8,1370.1,1371.0,18581
2026-01-19T14:30:00+05:30,1371.5,1372.0,1370.0,1371.0,23278
2026-01-19T14:45:00+05:30,1371.0,1372.2,1370.0,1370.1,20569
2026-01-19T15:00:00+05:30,1370.1,1374.3,1369.3,1370.5,84096
2026-01-19T15:15:00+05:30,1370.5,1370.5,1368.1,1370.4,53674
2026-01-20T09:15:00+05:30,1371.0,1373.9,1354.0,1354.0,91277
2026-01-20T09:30:00+05:30,1354.0,1357.1,1351.0,1354.0,38486
2026-01-20T09:45:00+05:30,1354.0,1361.6,1350.1,1357.0,44044
2026-01-20T10:00:00+05:30,1357.4,1358.0,1349.5,1351.0,38710
2026-01-20T10:15:00+05:30,1351.0,1355.0,1349.0,1352.4,78661
2026-01-20T10:30:00+05:30,1352.0,1353.8,1350.1,1351.6,16956
2026-01-20T10:45:00+05:30,1351.5,1355.2,1350.8,1354.9,19742
2026-01-20T11:00:00+05:30,1354.0,1355.0,1350.1,1350.9,27859
2026-01-20T11:15:00+05:30,1350.9,1352.0,1349.0,1351.0,25588
2026-01-20T11:30:00+05:30,1350.2,1352.0,1349.1,1351.4,33760
2026-01-20T11:45:00+05:30,1351.1,1351.7,1349.5,1350.2,24163
2026-01-20T12:00:00+05:30,1350.6,1351.3,1349.2,1350.6,23855
2026-01-20T12:15:00+05:30,1350.6,1351.4,1348.0,1348.9,61643
2026-01-20T12:30:00+05:30,1349.0,1350.7,1347.6,1349.0,23960
2026-01-20T12:45:00+05:30,1349.0,1353.9,1348.8,1349.0,23245
2026-01-20T13:00:00+05:30,1348.9,1350.0,1348.2,1348.2,15530
2026-01-20T13:15:00+05:30,1348.2,1350.9,1348.2,1350.9,19646
2026-01-20T13:30:00+05:30,1350.9,1350.9,1348.5,1350.0,29565
2026-01-20T13:45:00+05:30,1349.3,1350.2,1342.1,1347.2,50599
2026-01-20T14:00:00+05:30,1347.2,1349.0,1346.3,1347.0,16832
2026-01-20T14:15:00+05:30,1347.0,1353.0,1340.0,1351.8,81774
2026-01-20T14:30:00+05:30,1351.3,1353.4,1350.6,1350.7,31455
2026-01-20T14:45:00+05:30,1350.7,1358.4,1349.8,1356.1,50993
2026-01-20T15:00:00+05:30,1356.7,1356.9,1350.5,1354.0,69687
2026-01-20T15:15:00+05:30,1354.3,1364.0,1353.3,1363.0,113476
2026-01-21T09:15:00+05:30,1325.5,1357.4,1325.5,1351.1,81450
2026-01-21T09:30:00+05:30,1351.1,1355.5,1349.5,1350.0,20688
2026-01-21T09:45:00+05:30,1350.0,1356.8,1350.0,1352.3,16104
2026-01-21T10:00:00+05:30,1352.2,1355.4,1352.1,1352.8,12077
2026-01-21T10:15:00+05:30,1353.6,1355.3,1347.9,1352.1,48186
2026-01-21T10:30:00+05:30,1352.7,1358.9,1351.0,1352.0,35567
2026-01-21T10:45:00+05:30,1352.0,1352.8,1347.0,1350.2,65970
2026-01-21T11:00:00+05:30,1350.2,1356.6,1348.8,1356.5,22171
2026-01-21T11:15:00+05:30,1355.6,1362.1,1355.6,1361.0,23797
2026-01-21T11:30:00+05:30,1360.2,1362.0,1355.2,1355.2,22512
2026-01-21T11:45:00+05:30,1356.0,1359.4,1350.0,1350.6,47325
2026-01-21T12:00:00+05:30,1350.6,1358.3,1350.0,1358.0,16309
2026-01-21T12:15:00+05:30,1357.9,1370.3,1355.6,1364.8,82235
2026-01-21T12:30:00+05:30,1363.8,1371.3,1363.6,1370.4,5882
2026-01-21T12:45:00+05:30,1370.0,1374.0,1369.7,1372.6,7434
2026-01-21T13:00:00+05:30,1372.4,1376.9,1371.6,1372.6,10499
2026-01-21T13:15:00+05:30,1373.4,1378.8,1371.0,1377.0,14317
2026-01-21T13:30:00+05:30,1378.0,1378.8,1370.9,1372.5,5928
2026-01-21T13:45:00+05:30,1372.0,1372.5,1366.4,1370.4,11437
2026-01-21T14:00:00+05:30,1370.3,1372.0,1369.7,1370.8,5725
2026-01-21T14:15:00+05:30,1370.8,1374.0,1370.0,1370.2,9166
2026-01-21T14:30:00+05:30,1370.3,1374.4,1369.9,1374.4,15484
2026-01-21T14:45:00+05:30,1373.8,1374.4,1370.1,1371.1,7180
2026-01-21T15:00:00+05:30,1371.0,1372.2,1370.0,1371.3,18251
2026-01-21T15:15:00+05:30,1370.8,1379.4,1370.8,1375.9,31332
2026-01-22T09:15:00+05:30,1380.0,1384.9,1367.8,1382.9,35346
2026-01-22T09:30:00+05:30,1382.9,1384.4,1377.0,1378.0,24566
2026-01-22T09:45:00+05:30,1378.2,1396.0,1377.5,1396.0,27729
2026-01-22T10:00:00+05:30,1395.0,1402.0,1388.1,1397.4,154770
2026-01-22T10:15:00+05:30,1398.0,1402.0,1395.0,1396.7,16477
2026-01-22T10:30:00+05:30,1396.6,1396.8,1389.4,1392.8,15717
2026-01-22T10:45:00+05:30,1392.0,1392.8,1390.0,1391.0,8613
2026-01-22T11:00:00+05:30,1390.9,1393.0,1381.1,1381.7,22103
2026-01-22T11:15:00+05:30,1382.3,1386.5,1381.3,1383.4,16807
2026-01-22T11:30:00+05:30,1383.4,1385.1,1375.0,1377.2,17996
2026-01-22T11:45:00+05:30,1377.3,1378.0,1373.8,1375.8,18170
2026-01-22T12:00:00+05:30,1375.8,1377.0,1373.5,1375.5,15546
2026-01-22T12:15:00+05:30,1374.8,1376.9,1373.8,1375.7,15042
2026-01-22T12:30:00+05:30,1375.7,1382.9,1372.3,1382.4,24697
2026-01-22T12:45:00+05:30,1382.4,1383.4,1379.7,1381.0,14472
2026-01-22T13:00:00+05:30,1381.4,1382.8,1378.5,1380.1,21177
2026-01-22T13:15:00+05:30,1380.0,1381.0,1373.5,1375.3,40509
2026-01-22T13:30:00+05:30,1375.1,1376.3,1373.2,1374.4,14663
2026-01-22T13:45:00+05:30,1374.4,1377.0,1372.9,1375.0,19997
2026-01-22T14:00:00+05:30,1374.7,1375.0,1371.0,1371.1,21196
2026-01-22T14:15:00+05:30,1371.1,1373.4,1370.3,1372.5,18614
2026-01-22T14:30:00+05:30,1373.0,1377.0,1373.0,1375.8,15087
2026-01-22T14:45:00+05:30,1375.5,1381.8,1374.0,1379.2,22128
2026-01-22T15:00:00+05:30,1379.2,1379.3,1374.2,1375.7,19538
2026-01-22T15:15:00+05:30,1375.9,1381.1,1374.2,1380.0,36386
2026-01-23T09:15:00+05:30,1380.0,1387.9,1379.1,1386.1,11376
2026-01-23T09:30:00+05:30,1385.4,1393.8,1381.0,1392.5,8936
2026-01-23T09:45:00+05:30,1392.5,1401.7,1390.5,1392.3,36936
2026-01-23T10:00:00+05:30,1392.4,1396.6,1392.0,1394.5,12856
2026-01-23T10:15:00+05:30,1394.5,1399.0,1391.8,1398.1,11022
2026-01-23T10:30:00+05:30,1398.1,1408.0,1398.0,1405.2,61611
2026-01-23T10:45:00+05:30,1405.2,1405.9,1396.8,1401.3,38939
2026-01-23T11:00:00+05:30,1402.0,1403.5,1396.5,1399.1,31544
2026-01-23T11:15:00+05:30,1399.1,1400.3,1396.0,1398.2,119003
2026-01-23T11:30:00+05:30,1397.5,1403.0,1396.9,1398.8,170009
2026-01-23T11:45:00+05:30,1398.2,1399.5,1397.3,1398.8,20052
2026-01-23T12:00:00+05:30,1398.3,1401.2,1397.1,1400.3,5746
2026-01-23T12:15:00+05:30,1400.3,1401.0,1399.0,1399.5,3492
2026-01-23T12:30:00+05:30,1399.5,1400.8,1398.3,1400.1,4468
2026-01-23T12:45:00+05:30,1400.1,1401.8,1400.0,1400.6,4537
2026-01-23T13:00:00+05:30,1400.6,1401.9,1397.5,1398.0,7518
2026-01-23T13:15:00+05:30,1398.0,1398.5,1394.6,1396.0,18090
2026-01-23T13:30:00+05:30,1395.7,1396.9,1392.9,1395.0,13170
2026-01-23T13:45:00+05:30,1395.0,1400.2,1394.1,1400.0,28705
2026-01-23T14:00:00+05:30,1399.9,1401.9,1398.8,1400.0,11495
2026-01-23T14:15:00+05:30,1400.0,1400.9,1398.5,1399.7,25003
2026-01-23T14:30:00+05:30,1400.0,1401.0,1399.4,1400.0,10675
2026-01-23T14:45:00+05:30,1400.0,1405.9,1398.5,1403.5,37687
2026-01-23T15:00:00+05:30,1403.9,1404.8,1399.0,1400.3,24319
2026-01-23T15:15:00+05:30,1400.3,1402.6,1396.1,1399.1,59374
2026-01-27T09:15:00+05:30,1402.5,1411.0,1382.1,1398.5,68712
2026-01-27T09:30:00+05:30,1398.2,1401.4,1394.7,1398.2,22486
2026-01-27T09:45:00+05:30,1398.9,1401.7,1395.7,1398.2,23525
2026-01-27T10:00:00+05:30,1399.0,1400.9,1397.6,1399.0,13963
2026-01-27T10:15:00+05:30,1399.1,1403.6,1395.0,1401.5,15770
2026-01-27T10:30:00+05:30,1402.3,1402.8,1397.5,1397.5,26799
2026-01-27T10:45:00+05:30,1398.2,1398.3,1391.3,1391.7,63733
2026-01-27T11:00:00+05:30,1392.5,1394.5,1391.1,1392.3,14960
2026-01-27T11:15:00+05:30,1392.1,1392.5,1389.8,1390.3,22749
2026-01-27T11:30:00+05:30,1390.6,1397.2,1389.9,1396.4,32807
2026-01-27T11:45:00+05:30,1396.8,1396.8,1391.8,1395.0,22541
2026-01-27T12:00:00+05:30,1394.5,1398.6,1394.5,1396.0,37711
2026-01-27T12:15:00+05:30,1396.0,1398.8,1394.3,1395.4,45937
2026-01-27T12:30:00+05:30,1395.3,1399.8,1395.3,1398.2,8118
2026-01-27T12:45:00+05:30,1398.2,1399.9,1396.9,1397.3,9060
2026-01-27T13:00:00+05:30,1397.3,1397.3,1395.0,1396.5,5389
2026-01-27T13:15:00+05:30,1396.1,1396.6,1394.6,1395.1,23926
2026-01-27T13:30:00+05:30,1395.1,1396.6,1391.6,1393.9,43308
2026-01-27T13:45:00+05:30,1393.4,1393.5,1391.8,1392.5,7860
2026-01-27T14:00:00+05:30,1392.4,1394.6,1389.6,1393.5,12294
2026-01-27T14:15:00+05:30,1393.6,1395.2,1390.6,1393.5,61919
2026-01-27T14:30:00+05:30,1393.5,1400.2,1393.5,1395.1,54243
2026-01-27T14:45:00+05:30,1395.1,1401.0,1394.1,1400.0,54841
2026-01-27T15:00:00+05:30,1399.9,1401.0,1398.9,1400.0,50379
2026-01-27T15:15:00+05:30,1399.9,1401.0,1398.0,1400.0,47285
2026-01-28T09:15:00+05:30,1400.0,1408.3,1399.0,1402.5,19038
2026-01-28T09:30:00+05:30,1402.5,1403.9,1398.0,1399.6,11800
2026-01-28T09:45:00+05:30,1399.7,1406.0,1399.2,1403.5,40922
2026-01-28T10:00:00+05:30,1403.9,1405.1,1396.4,1400.0,14293
2026-01-28T10:15:00+05:30,1400.0,1401.5,1392.3,1396.0,87352
2026-01-28T10:30:00+05:30,1396.4,1398.9,1393.0,1393.1,26437
2026-01-28T10:45:00+05:30,1393.6,1397.9,1391.3,1394.2,40659
2026-01-28T11:00:00+05:30,1394.3,1398.7,1394.3,1398.7,46329
2026-01-28T11:15:00+05:30,1398.0,1398.8,1394.9,1398.0,85012
2026-01-28T11:30:00+05:30,1397.7,1399.2,1392.5,1394.4,180321
2026-01-28T11:45:00+05:30,1394.4,1399.0,1394.3,1396.2,44836
2026-01-28T12:00:00+05:30,1395.8,1398.9,1393.5,1396.0,46308
2026-01-28T12:15:00+05:30,1395.9,1400.9,1394.6,1399.2,89822
2026-01-28T12:30:00+05:30,1398.7,1401.0,1398.0,1399.9,7074
2026-01-28T12:45:00+05:30,1399.1,1399.9,1398.1,1398.9,5542
2026-01-28T13:00:00+05:30,1398.1,1399.5,1398.0,1398.7,5805
2026-01-28T13:15:00+05:30,1398.0,1401.5,1396.2,1397.6,147641
2026-01-28T13:30:00+05:30,1397.0,1401.9,1397.0,1400.3,19524
2026-01-28T13:45:00+05:30,1400.3,1407.0,1399.9,1406.3,10482
2026-01-28T14:00:00+05:30,1406.3,1406.9,1403.2,1404.2,9318
2026-01-28T14:15:00+05:30,1404.2,1405.9,1402.8,1405.0,7138
2026-01-28T14:30:00+05:30,1404.7,1407.5,1404.4,1407.0,8509
2026-01-28T14:45:00+05:30,1406.9,1408.7,1406.0,1407.9,9344
2026-01-28T15:00:00+05:30,1407.4,1412.6,1406.0,1406.0,34214
2026-01-28T15:15:00+05:30,1406.0,1417.0,1406.0,1408.0,34891
2026-01-29T09:15:00+05:30,1405.0,1414.0,1404.0,1404.1,52676
2026-01-29T09:30:00+05:30,1404.0,1408.0,1400.0,1407.9,58668
2026-01-29T09:45:00+05:30,1407.0,1409.4,1403.1,1405.5,10522
2026-01-29T10:00:00+05:30,1405.5,1420.0,1405.0,1410.5,69597
2026-01-29T10:15:00+05:30,1410.5,1413.0,1408.2,1411.3,16352
2026-01-29T10:30:00+05:30,1411.3,1420.8,1410.1,1417.5,23337
2026-01-29T10:45:00+05:30,1417.8,1425.9,1416.5,1422.0,56280
2026-01-29T11:00:00+05:30,1422.0,1428.8,1421.6,1425.9,12885
2026-01-29T11:15:00+05:30,1425.6,1427.0,1423.5,1424.4,10544
2026-01-29T11:30:00+05:30,1424.7,1425.4,1421.0,1423.7,7375
2026-01-29T11:45:00+05:30,1423.7,1425.0,1416.2,1418.0,11865
2026-01-29T12:00:00+05:30,1418.1,1419.6,1417.0,1418.7,5418
2026-01-29T12:15:00+05:30,1418.0,1418.6,1414.4,1415.4,6194
2026-01-29T12:30:00+05:30,1416.0,1420.1,1415.0,1419.6,10537
2026-01-29T12:45:00+05:30,1419.2,1421.6,1418.0,1420.2,6092
2026-01-29T13:00:00+05:30,1420.2,1421.5,1419.2,1420.2,7906
2026-01-29T13:15:00+05:30,1420.8,1421.5,1419.8,1420.7,4696
2026-01-29T13:30:00+05:30,1420.7,1422.0,1416.6,1418.6,12149
2026-01-29T13:45:00+05:30,1418.6,1420.0,1416.2,1417.7,6647
2026-01-29T14:00:00+05:30,1418.0,1419.2,1415.5,1417.2,10769
2026-01-29T14:15:00+05:30,1417.2,1418.8,1415.3,1416.0,6113
2026-01-29T14:30:00+05:30,1416.0,1417.6,1411.2,1412.9,38907
2026-01-29T14:45:00+05:30,1413.7,1416.4,1412.3,1413.3,12329
2026-01-29T15:00:00+05:30,1413.4,1414.5,1412.2,1412.5,8311
2026-01-29T15:15:00+05:30,1412.4,1414.9,1411.3,1413.5,22247
2026-01-30T09:15:00+05:30,1406.0,1411.9,1401.0,1408.2,55358
2026-01-30T09:30:00+05:30,1408.7,1423.6,1405.0,1414.9,54813
2026-01-30T09:45:00+05:30,1414.5,1418.7,1413.4,1417.6,9495
2026-01-30T10:00:00+05:30,1417.6,1429.5,1417.0,1427.9,27528
2026-01-30T10:15:00+05:30,1428.6,1429.5,1425.3,1427.5,8245
2026-01-30T10:30:00+05:30,1427.8,1441.0,1427.5,1441.0,34812
2026-01-30T10:45:00+05:30,1440.6,1453.0,1440.5,1447.5,41761
2026-01-30T11:00:00+05:30,1447.8,1449.0,1444.3,1445.9,15572
2026-01-30T11:15:00+05:30,1446.4,1452.5,1445.6,1450.1,27996
2026-01-30T11:30:00+05:30,1450.8,1450.8,1441.2,1447.3,23680
2026-01-30T11:45:00+05:30,1447.5,1450.0,1440.9,1445.6,25843
2026-01-30T12:00:00+05:30,1445.6,1445.8,1439.1,1440.3,29867
2026-01-30T12:15:00+05:30,1440.1,1442.1,1435.4,1438.0,20823
2026-01-30T12:30:00+05:30,1438.0,1439.8,1435.7,1437.9,10921
2026-01-30T12:45:00+05:30,1437.7,1439.6,1435.3,1439.0,9337
2026-01-30T13:00:00+05:30,1439.0,1447.9,1439.0,1445.8,21316
2026-01-30T13:15:00+05:30,1445.9,1453.0,1443.5,1452.6,33889
2026-01-30T13:30:00+05:30,1452.9,1453.9,1449.6,1451.3,21224
2026-01-30T13:45:00+05:30,1451.6,1457.0,1451.1,1456.3,30881
2026-01-30T14:00:00+05:30,1456.3,1457.8,1454.7,1456.2,26786
2026-01-30T14:15:00+05:30,1456.2,1458.0,1453.2,1457.2,23601
2026-01-30T14:30:00+05:30,1456.8,1466.2,1455.3,1463.0,53649
2026-01-30T14:45:00+05:30,1462.7,1465.0,1461.7,1464.9,25451
2026-01-30T15:00:00+05:30,1464.8,1466.0,1461.0,1461.2,41656
2026-01-30T15:15:00+05:30,1461.2,1465.0,1457.1,1460.1,55711
2026-02-01T09:15:00+05:30,1461.0,1461.0,1438.5,1440.3,12914
2026-02-01T09:30:00+05:30,1440.9,1444.9,1438.3,1444.9,5474
2026-02-01T09:45:00+05:30,1445.0,1446.4,1442.7,1444.0,4474
2026-02-01T10:00:00+05:30,1444.5,1446.8,1441.9,1443.4,2811
2026-02-01T10:15:00+05:30,1443.4,1447.6,1443.4,1446.7,2078
2026-02-01T10:30:00+05:30,1445.5,1447.4,1445.0,1445.1,907
2026-02-01T10:45:00+05:30,1445.1,1446.3,1442.7,1444.0,1915
2026-02-01T11:00:00+05:30,1444.0,1449.0,1444.0,1444.8,7689
2026-02-01T11:15:00+05:30,1447.2,1449.6,1444.0,1447.4,5856
2026-02-01T11:30:00+05:30,1446.1,1449.8,1439.0,1439.0,6240
2026-02-01T11:45:00+05:30,1439.0,1441.0,1435.0,1436.7,4102
2026-02-01T12:00:00+05:30,1436.7,1441.0,1432.7,1436.1,9712
2026-02-01T12:15:00+05:30,1436.3,1436.3,1412.1,1412.1,14376
2026-02-01T12:30:00+05:30,1412.1,1430.1,1402.6,1428.3,26744
2026-02-01T12:45:00+05:30,1426.6,1429.4,1417.6,1423.6,16303
2026-02-01T13:00:00+05:30,1423.6,1424.9,1412.7,1414.3,14007
2026-02-01T13:15:00+05:30,1414.4,1418.2,1411.0,1411.0,12783
2026-02-01T13:30:00+05:30,1411.0,1433.0,1410.0,1430.8,14912
2026-02-01T13:45:00+05:30,1431.2,1432.5,1423.2,1423.7,5369
2026-02-01T14:00:00+05:30,1423.2,1424.6,1421.0,1422.9,3255
2026-02-01T14:15:00+05:30,1422.4,1425.7,1420.6,1424.5,3250
2026-02-01T14:30:00+05:30,1424.5,1426.3,1420.6,1421.6,3271
2026-02-01T14:45:00+05:30,1421.6,1423.8,1412.9,1414.6,6781
2026-02-01T15:00:00+05:30,1414.3,1415.4,1401.3,1403.6,12070
2026-02-01T15:15:00+05:30,1402.9,1404.2,1397.0,1400.0,25106
2026-02-02T09:15:00+05:30,1400.0,1427.6,1400.0,1421.7,23602
2026-02-02T09:30:00+05:30,1422.9,1429.5,1420.0,1420.3,15588
2026-02-02T09:45:00+05:30,1420.3,1425.0,1418.1,1420.6,8063
2026-02-02T10:00:00+05:30,1420.6,1424.2,1419.4,1423.3,8971
2026-02-02T10:15:00+05:30,1424.0,1430.0,1421.6,1426.3,13596
2026-02-02T10:30:00+05:30,1425.7,1429.5,1422.5,1427.0,8719
2026-02-02T10:45:00+05:30,1427.0,1428.9,1420.2,1420.7,7802
2026-02-02T11:00:00+05:30,1421.7,1423.1,1418.2,1418.2,9610
2026-02-02T11:15:00+05:30,1418.2,1419.6,1415.0,1418.0,8049
2026-02-02T11:30:00+05:30,1417.5,1424.0,1417.2,1421.9,8378
2026-02-02T11:45:00+05:30,1421.9,1424.9,1420.7,1424.9,10124
2026-02-02T12:00:00+05:30,1424.8,1424.9,1421.7,1422.9,6970
2026-02-02T12:15:00+05:30,1422.9,1425.0,1420.7,1421.9,7286
2026-02-02T12:30:00+05:30,1421.9,1422.0,1418.0,1418.3,4681
2026-02-02T12:45:00+05:30,1418.3,1427.6,1417.4,1426.1,7280
2026-02-02T13:00:00+05:30,1426.9,1433.2,1424.0,1431.6,17538
2026-02-02T13:15:00+05:30,1432.4,1434.4,1428.8,1432.5,12954
2026-02-02T13:30:00+05:30,1432.5,1435.1,1431.1,1434.3,8050
2026-02-02T13:45:00+05:30,1433.9,1435.7,1433.4,1434.4,6792
2026-02-02T14:00:00+05:30,1435.2,1436.2,1433.4,1434.7,5491
2026-02-02T14:15:00+05:30,1435.5,1437.0,1430.5,1433.6,11946
2026-02-02T14:30:00+05:30,1433.0,1436.5,1431.6,1434.1,12240
2026-02-02T14:45:00+05:30,1434.1,1435.0,1433.2,1434.1,13701
2026-02-02T15:00:00+05:30,1434.9,1439.4,1432.2,1433.0,23585
2026-02-02T15:15:00+05:30,1433.6,1435.0,1430.2,1433.0,26819
2026-02-03T09:15:00+05:30,1480.0,1485.1,1460.1,1479.0,78526
2026-02-03T09:30:00+05:30,1480.2,1484.7,1477.7,1481.0,40152
2026-02-03T09:45:00+05:30,1480.2,1494.8,1480.0,1491.8,79390
2026-02-03T10:00:00+05:30,1491.9,1494.8,1488.0,1493.1,55731
2026-02-03T10:15:00+05:30,1493.1,1507.5,1492.8,1506.7,85049
2026-02-03T10:30:00+05:30,1506.6,1506.7,1500.0,1502.8,32476
2026-02-03T10:45:00+05:30,1502.8,1505.0,1500.1,1504.0,25786
2026-02-03T11:00:00+05:30,1504.0,1506.5,1500.8,1501.7,32022
2026-02-03T11:15:00+05:30,1502.0,1506.0,1500.1,1505.1,17220
2026-02-03T11:30:00+05:30,1505.0,1511.4,1503.8,1510.0,53360
2026-02-03T11:45:00+05:30,1510.3,1514.8,1508.3,1514.6,33869
2026-02-03T12:00:00+05:30,1514.6,1515.0,1510.2,1511.2,15636
2026-02-03T12:15:00+05:30,1511.2,1515.9,1508.1,1514.7,47240
2026-02-03T12:30:00+05:30,1514.4,1514.5,1508.2,1511.4,24110
2026-02-03T12:45:00+05:30,1511.4,1512.6,1508.0,1509.9,38294
2026-02-03T13:00:00+05:30,1510.0,1510.0,1503.8,1506.0,29914
2026-02-03T13:15:00+05:30,1507.0,1507.0,1496.1,1498.7,247888
2026-02-03T13:30:00+05:30,1499.0,1499.5,1493.5,1495.0,46729
2026-02-03T13:45:00+05:30,1495.0,1498.6,1492.5,1494.5,54348
2026-02-03T14:00:00+05:30,1494.5,1497.0,1492.0,1495.3,39388
2026-02-03T14:15:00+05:30,1495.5,1497.0,1494.0,1497.0,31719
2026-02-03T14:30:00+05:30,1496.2,1499.8,1495.2,1497.0,31708
2026-02-03T14:45:00+05:30,1496.7,1499.5,1495.0,1497.0,26283
2026-02-03T15:00:00+05:30,1496.8,1502.0,1495.0,1501.0,80988
2026-02-03T15:15:00+05:30,1500.4,1504.0,1497.5,1500.0,67188
2026-02-04T09:15:00+05:30,1499.0,1522.6,1492.4,1514.4,51716
2026-02-04T09:30:00+05:30,1515.1,1524.2,1514.4,1521.8,46837
2026-02-04T09:45:00+05:30,1522.4,1526.9,1516.5,1520.7,25310
2026-02-04T10:00:00+05:30,1520.7,1534.0,1520.6,1529.0,44350
2026-02-04T10:15:00+05:30,1529.2,1531.2,1521.6,1525.0,17670
2026-02-04T10:30:00+05:30,1525.0,1529.9,1520.5,1528.5,12989
2026-02-04T10:45:00+05:30,1528.5,1529.9,1526.7,1528.2,10557
2026-02-04T11:00:00+05:30,1528.3,1529.0,1525.0,1525.4,6184
2026-02-04T11:15:00+05:30,1525.5,1527.5,1521.7,1526.0,17953
2026-02-04T11:30:00+05:30,1525.9,1527.0,1523.6,1525.1,8842
2026-02-04T11:45:00+05:30,1526.0,1526.0,1522.5,1525.2,19877
2026-02-04T12:00:00+05:30,1525.1,1528.0,1523.2,1527.5,24780
2026-02-04T12:15:00+05:30,1527.6,1529.0,1526.0,1527.1,7411
2026-02-04T12:30:00+05:30,1527.4,1528.9,1524.5,1524.5,7054
2026-02-04T12:45:00+05:30,1525.1,1526.4,1521.2,1525.4,24942
2026-02-04T13:00:00+05:30,1525.0,1527.0,1523.9,1525.8,9853
2026-02-04T13:15:00+05:30,1526.0,1526.9,1525.0,1525.3,6293
2026-02-04T13:30:00+05:30,1525.3,1529.0,1524.5,1528.4,5910
2026-02-04T13:45:00+05:30,1528.2,1528.5,1525.8,1527.4,6180
2026-02-04T14:00:00+05:30,1527.5,1528.4,1524.0,1527.3,16968
2026-02-04T14:15:00+05:30,1527.0,1528.2,1525.7,1526.0,9761
2026-02-04T14:30:00+05:30,1526.3,1530.0,1525.2,1526.0,16510
2026-02-04T14:45:00+05:30,1526.0,1527.8,1525.0,1525.3,9042
2026-02-04T15:00:00+05:30,1525.4,1528.6,1525.0,1526.0,13085
2026-02-04T15:15:00+05:30,1526.1,1528.5,1523.0,1523.0,32377
2026-02-05T09:15:00+05:30,1526.2,1526.6,1506.1,1508.5,15765
2026-02-05T09:30:00+05:30,1508.5,1510.0,1500.1,1500.1,9055
2026-02-05T09:45:00+05:30,1500.3,1500.3,1492.4,1497.8,24137
2026-02-05T10:00:00+05:30,1498.0,1506.2,1495.2,1503.8,13505
2026-02-05T10:15:00+05:30,1503.7,1508.5,1500.0,1505.5,7290
2026-02-05T10:30:00+05:30,1505.5,1507.4,1503.0,1505.0,5598
2026-02-05T10:45:00+05:30,1505.7,1506.6,1503.0,1503.4,5376
2026-02-05T11:00:00+05:30,1503.4,1516.6,1503.0,1514.8,13460
2026-02-05T11:15:00+05:30,1514.1,1521.4,1514.1,1519.8,12771
2026-02-05T11:30:00+05:30,1519.6,1521.1,1519.0,1519.8,7674
2026-02-05T11:45:00+05:30,1519.8,1520.0,1518.1,1519.6,6142
2026-02-05T12:00:00+05:30,1519.0,1519.6,1518.0,1518.2,7393
2026-02-05T12:15:00+05:30,1518.4,1523.5,1518.0,1521.1,9542
2026-02-05T12:30:00+05:30,1521.0,1522.4,1518.9,1521.0,8617
2026-02-05T12:45:00+05:30,1521.0,1522.4,1519.8,1520.4,7473
2026-02-05T13:00:00+05:30,1520.4,1521.6,1518.0,1518.4,7919
2026-02-05T13:15:00+05:30,1519.5,1521.4,1517.0,1519.0,8975
2026-02-05T13:30:00+05:30,1518.2,1524.4,1518.2,1523.2,14634
2026-02-05T13:45:00+05:30,1523.2,1524.4,1522.0,1522.4,7313
2026-02-05T14:00:00+05:30,1522.4,1524.0,1517.0,1517.8,29715
2026-02-05T14:15:00+05:30,1517.2,1522.0,1517.0,1520.4,14756
2026-02-05T14:30:00+05:30,1520.4,1521.8,1518.0,1518.1,10404
2026-02-05T14:45:00+05:30,1518.0,1520.0,1518.0,1518.5,9394
2026-02-05T15:00:00+05:30,1518.6,1520.0,1516.0,1518.9,24292
2026-02-05T15:15:00+05:30,1519.0,1519.8,1516.0,1517.0,14561
2026-02-06T09:15:00+05:30,1517.0,1517.0,1500.0,1506.5,27124
2026-02-06T09:30:00+05:30,1506.5,1511.0,1502.0,1502.0,12113
2026-02-06T09:45:00+05:30,1502.0,1505.1,1501.0,1502.1,3613
2026-02-06T10:00:00+05:30,1502.1,1504.0,1500.0,1501.0,5798
2026-02-06T10:15:00+05:30,1501.0,1505.6,1499.1,1501.0,9158
2026-02-06T10:30:00+05:30,1501.0,1503.5,1498.0,1500.7,4343
2026-02-06T10:45:00+05:30,1499.6,1506.9,1499.0,1506.9,8751
2026-02-06T11:00:00+05:30,1506.9,1507.9,1504.0,1506.8,6407
2026-02-06T11:15:00+05:30,1506.8,1512.7,1505.1,1506.4,16538
2026-02-06T11:30:00+05:30,1506.4,1508.1,1505.0,1508.1,5697
2026-02-06T11:45:00+05:30,1508.1,1511.2,1507.9,1508.8,4303
2026-02-06T12:00:00+05:30,1508.8,1510.0,1505.0,1507.0,8808
2026-02-06T12:15:00+05:30,1506.2,1507.0,1502.3,1502.4,4446
2026-02-06T12:30:00+05:30,1502.4,1505.6,1501.6,1503.0,7350
2026-02-06T12:45:00+05:30,1502.0,1503.0,1498.0,1498.5,8874
2026-02-06T13:00:00+05:30,1498.5,1500.8,1496.5,1499.7,4839
2026-02-06T13:15:00+05:30,1499.7,1502.9,1498.6,1498.6,5989
2026-02-06T13:30:00+05:30,1498.6,1499.2,1495.0,1496.7,7401
2026-02-06T13:45:00+05:30,1496.7,1499.2,1496.0,1496.6,4208
2026-02-06T14:00:00+05:30,1496.7,1506.9,1496.7,1505.7,10478
2026-02-06T14:15:00+05:30,1505.7,1510.0,1502.8,1503.9,20975
2026-02-06T14:30:00+05:30,1503.3,1505.0,1502.8,1504.1,7499
2026-02-06T14:45:00+05:30,1504.3,1505.8,1502.2,1503.6,9168
2026-02-06T15:00:00+05:30,1503.6,1508.7,1501.1,1503.9,21106
2026-02-06T15:15:00+05:30,1503.9,1504.3,1496.0,1499.0,19555
2026-02-09T09:15:00+05:30,1502.8,1509.9,1496.2,1503.2,16573
2026-02-09T09:30:00+05:30,1503.2,1504.0,1497.0,1498.0,10393
2026-02-09T09:45:00+05:30,1499.2,1502.0,1497.9,1501.9,4697
2026-02-09T10:00:00+05:30,1500.8,1510.7,1495.0,1497.3,29825
2026-02-09T10:15:00+05:30,1497.5,1499.4,1494.0,1494.9,10708
2026-02-09T10:30:00+05:30,1494.6,1499.0,1493.0,1497.7,10950
2026-02-09T10:45:00+05:30,1498.7,1505.3,1493.0,1502.7,19878
2026-02-09T11:00:00+05:30,1503.9,1507.0,1501.6,1503.6,14279
2026-02-09T11:15:00+05:30,1504.4,1508.0,1503.8,1508.0,10304
2026-02-09T11:30:00+05:30,1508.0,1515.1,1506.4,1512.0,20396
2026-02-09T11:45:00+05:30,1512.0,1516.7,1508.6,1515.4,20653
2026-02-09T12:00:00+05:30,1515.4,1515.9,1511.6,1515.8,7747
2026-02-09T12:15:00+05:30,1515.8,1521.0,1513.5,1517.6,39230
2026-02-09T12:30:00+05:30,1517.6,1520.0,1511.6,1516.1,44159
2026-02-09T12:45:00+05:30,1516.9,1520.0,1516.0,1520.0,9200
2026-02-09T13:00:00+05:30,1520.0,1523.4,1519.5,1522.5,17725
2026-02-09T13:15:00+05:30,1522.5,1523.0,1520.0,1522.0,12465
2026-02-09T13:30:00+05:30,1521.3,1523.0,1520.6,1522.7,13590
2026-02-09T13:45:00+05:30,1522.7,1524.7,1520.0,1522.2,20447
2026-02-09T14:00:00+05:30,1522.0,1523.7,1519.1,1521.5,37340
2026-02-09T14:15:00+05:30,1521.8,1522.7,1516.0,1517.8,31774
2026-02-09T14:30:00+05:30,1517.8,1517.9,1512.1,1514.0,18340
2026-02-09T14:45:00+05:30,1514.0,1522.2,1513.5,1521.0,33282
2026-02-09T15:00:00+05:30,1520.5,1521.7,1518.0,1520.0,24108
2026-02-09T15:15:00+05:30,1520.0,1524.0,1520.0,1522.0,61773
2026-02-10T09:15:00+05:30,1525.0,1537.6,1512.7,1532.2,47151
2026-02-10T09:30:00+05:30,1532.2,1539.4,1530.5,1533.1,36400
2026-02-10T09:45:00+05:30,1532.3,1541.1,1531.7,1535.0,39397
2026-02-10T10:00:00+05:30,1535.1,1539.4,1532.0,1532.7,15842
2026-02-10T10:15:00+05:30,1532.6,1532.6,1527.8,1530.1,18811
2026-02-10T10:30:00+05:30,1531.0,1532.0,1527.1,1529.0,9853
2026-02-10T10:45:00+05:30,1528.9,1530.0,1524.2,1525.0,13174
2026-02-10T11:00:00+05:30,1526.0,1533.0,1525.0,1528.0,18691
2026-02-10T11:15:00+05:30,1528.0,1532.9,1528.0,1531.0,14641
2026-02-10T11:30:00+05:30,1531.0,1545.5,1530.2,1542.0,57063
2026-02-10T11:45:00+05:30,1542.0,1548.9,1538.8,1547.8,36832
2026-02-10T12:00:00+05:30,1547.8,1553.0,1545.7,1552.3,52430
2026-02-10T12:15:00+05:30,1552.7,1555.9,1551.1,1554.6,39519
2026-02-10T12:30:00+05:30,1554.0,1555.1,1549.6,1553.5,31126
2026-02-10T12:45:00+05:30,1553.5,1556.9,1548.5,1553.7,44673
2026-02-10T13:00:00+05:30,1553.0,1566.0,1553.0,1565.0,56572
2026-02-10T13:15:00+05:30,1565.5,1566.0,1556.5,1560.2,26552
2026-02-10T13:30:00+05:30,1560.9,1563.0,1558.6,1562.1,20338
2026-02-10T13:45:00+05:30,1562.2,1563.0,1558.1,1560.0,15520
2026-02-10T14:00:00+05:30,1560.8,1561.0,1556.8,1561.0,40833
2026-02-10T14:15:00+05:30,1560.7,1560.9,1553.1,1556.8,36339
2026-02-10T14:30:00+05:30,1556.5,1557.3,1548.0,1550.7,20730
2026-02-10T14:45:00+05:30,1550.7,1553.0,1544.0,1545.8,21264
2026-02-10T15:00:00+05:30,1545.8,1547.0,1542.3,1543.5,25016
2026-02-10T15:15:00+05:30,1544.1,1545.0,1535.0,1537.2,44233
2026-02-11T09:15:00+05:30,1564.0,1564.4,1526.0,1527.6,51217
2026-02-11T09:30:00+05:30,1527.6,1530.0,1522.6,1524.3,21631
2026-02-11T09:45:00+05:30,1524.1,1525.8,1521.8,1522.0,18310
2026-02-11T10:00:00+05:30,1522.0,1522.7,1510.1,1512.2,32314
2026-02-11T10:15:00+05:30,1512.2,1525.6,1511.3,1525.6,21828
2026-02-11T10:30:00+05:30,1525.6,1526.6,1520.2,1521.4,9952
2026-02-11T10:45:00+05:30,1520.9,1523.9,1520.9,1522.8,10228
2026-02-11T11:00:00+05:30,1522.0,1522.8,1519.9,1519.9,8400
2026-02-11T11:15:00+05:30,1519.9,1522.0,1519.0,1521.9,8985
2026-02-11T11:30:00+05:30,1521.7,1522.9,1520.1,1520.1,8680
2026-02-11T11:45:00+05:30,1520.1,1520.1,1511.2,1513.7,17849
2026-02-11T12:00:00+05:30,1513.7,1522.0,1512.7,1520.4,16815
2026-02-11T12:15:00+05:30,1520.3,1520.9,1516.4,1518.5,10478
2026-02-11T12:30:00+05:30,1519.0,1520.4,1516.6,1518.9,10751
2026-02-11T12:45:00+05:30,1519.2,1521.7,1516.6,1519.5,8627
2026-02-11T13:00:00+05:30,1519.5,1524.8,1519.5,1521.5,10693
2026-02-11T13:15:00+05:30,1522.0,1523.5,1518.3,1518.8,18749
2026-02-11T13:30:00+05:30,1518.8,1523.9,1518.0,1521.4,8496
2026-02-11T13:45:00+05:30,1522.0,1522.4,1517.3,1518.6,14834
2026-02-11T14:00:00+05:30,1518.6,1523.9,1517.5,1520.5,10717
2026-02-11T14:15:00+05:30,1521.0,1523.4,1510.7,1516.2,35929
2026-02-11T14:30:00+05:30,1516.6,1517.2,1513.6,1516.1,12485
2026-02-11T14:45:00+05:30,1516.2,1521.7,1513.5,1519.7,10430
2026-02-11T15:00:00+05:30,1519.6,1520.2,1516.9,1519.0,23562
2026-02-11T15:15:00+05:30,1519.0,1521.7,1515.0,1519.0,32878
2026-02-12T09:15:00+05:30,1410.0,1456.0,1392.0,1452.5,1023155
2026-02-12T09:30:00+05:30,1452.6,1477.8,1444.6,1473.6,328599
2026-02-12T09:45:00+05:30,1473.6,1491.9,1456.3,1457.9,347170
2026-02-12T10:00:00+05:30,1457.9,1462.3,1443.0,1450.0,229141
2026-02-12T10:15:00+05:30,1450.0,1459.2,1445.4,1452.1,117737
2026-02-12T10:30:00+05:30,1452.1,1460.9,1451.0,1456.7,137983
2026-02-12T10:45:00+05:30,1456.7,1468.9,1450.4,1457.9,144288
2026-02-12T11:00:00+05:30,1457.9,1464.2,1455.8,1460.9,66059
2026-02-12T11:15:00+05:30,1460.9,1469.9,1460.3,1464.9,59465
2026-02-12T11:30:00+05:30,1464.9,1470.1,1462.7,1465.0,64273
2026-02-12T11:45:00+05:30,1465.0,1476.8,1464.6,1467.7,129615
2026-02-12T12:00:00+05:30,1467.6,1472.6,1465.4,1469.2,45499
2026-02-12T12:15:00+05:30,1469.7,1478.7,1467.6,1476.0,91972
2026-02-12T12:30:00+05:30,1476.0,1481.0,1471.9,1473.9,90432
2026-02-12T12:45:00+05:30,1474.4,1480.0,1471.0,1479.5,64176
2026-02-12T13:00:00+05:30,1479.7,1482.4,1478.0,1478.4,86730
2026-02-12T13:15:00+05:30,1478.3,1479.3,1461.0,1470.8,125824
2026-02-12T13:30:00+05:30,1471.1,1476.1,1461.1,1466.8,84338
2026-02-12T13:45:00+05:30,1466.2,1467.8,1459.6,1464.3,58644
2026-02-12T14:00:00+05:30,1464.9,1473.0,1463.0,1472.0,41599
2026-02-12T14:15:00+05:30,1472.2,1473.2,1463.9,1465.0,43421
2026-02-12T14:30:00+05:30,1465.0,1466.0,1462.1,1463.5,32055
2026-02-12T14:45:00+05:30,1463.5,1472.0,1463.0,1470.8,54806
2026-02-12T15:00:00+05:30,1470.8,1474.1,1463.5,1468.9,114007
2026-02-12T15:15:00+05:30,1468.9,1474.9,1465.2,1470.0,168506
2026-02-13T09:15:00+05:30,1468.0,1497.6,1461.3,1477.1,147418
2026-02-13T09:30:00+05:30,1475.7,1484.8,1473.6,1482.2,45817
2026-02-13T09:45:00+05:30,1482.2,1493.9,1482.2,1493.0,44026
2026-02-13T10:00:00+05:30,1492.5,1496.8,1490.1,1492.4,32218
2026-02-13T10:15:00+05:30,1492.4,1508.0,1491.0,1507.7,66831
2026-02-13T10:30:00+05:30,1507.0,1507.9,1502.3,1505.9,97990
2026-02-13T10:45:00+05:30,1505.9,1529.0,1505.9,1527.3,141970
2026-02-13T11:00:00+05:30,1527.3,1529.2,1520.0,1521.9,77515
2026-02-13T11:15:00+05:30,1521.9,1525.0,1521.8,1523.5,31520
2026-02-13T11:30:00+05:30,1523.5,1525.0,1522.4,1524.3,29481
2026-02-13T11:45:00+05:30,1524.1,1524.9,1520.0,1521.0,31614
2026-02-13T12:00:00+05:30,1520.9,1524.9,1520.9,1521.8,22700
2026-02-13T12:15:00+05:30,1521.7,1524.6,1521.0,1523.9,19800
2026-02-13T12:30:00+05:30,1523.9,1528.0,1522.7,1524.0,39271
2026-02-13T12:45:00+05:30,1524.0,1526.8,1520.1,1526.0,22680
2026-02-13T13:00:00+05:30,1525.8,1529.0,1525.0,1529.0,22463
2026-02-13T13:15:00+05:30,1528.6,1531.9,1527.5,1528.8,24395
2026-02-13T13:30:00+05:30,1528.8,1529.5,1518.6,1520.4,47019
2026-02-13T13:45:00+05:30,1520.9,1521.0,1515.9,1518.2,35461
2026-02-13T14:00:00+05:30,1518.2,1519.1,1516.1,1518.0,16235
2026-02-13T14:15:00+05:30,1518.0,1519.1,1516.1,1518.0,16115
2026-02-13T14:30:00+05:30,1518.0,1518.7,1511.1,1512.0,38393
2026-02-13T14:45:00+05:30,1512.0,1512.9,1509.4,1512.9,17877
2026-02-13T15:00:00+05:30,1512.7,1516.0,1508.8,1513.1,57094
2026-02-13T15:15:00+05:30,1513.1,1514.7,1505.0,1507.1,72371
2026-02-16T09:15:00+05:30,1500.0,1517.4,1492.6,1513.9,38105
2026-02-16T09:30:00+05:30,1513.9,1522.6,1512.0,1512.5,19591
2026-02-16T09:45:00+05:30,1513.0,1514.6,1509.1,1513.4,12460
2026-02-16T10:00:00+05:30,1514.3,1517.0,1513.1,1516.3,5809
2026-02-16T10:15:00+05:30,1516.8,1517.4,1514.0,1515.2,6161
2026-02-16T10:30:00+05:30,1515.2,1516.4,1511.1,1514.9,9646
2026-02-16T10:45:00+05:30,1514.9,1519.0,1514.2,1517.2,18400
2026-02-16T11:00:00+05:30,1517.7,1523.5,1516.4,1522.0,24380
2026-02-16T11:15:00+05:30,1521.9,1522.0,1519.5,1520.5,8455
2026-02-16T11:30:00+05:30,1520.0,1521.0,1512.1,1517.2,24154
2026-02-16T11:45:00+05:30,1518.2,1520.0,1516.2,1519.3,10631
2026-02-16T12:00:00+05:30,1519.1,1520.0,1511.2,1515.0,13665
2026-02-16T12:15:00+05:30,1515.0,1518.8,1514.2,1516.7,8668
2026-02-16T12:30:00+05:30,1516.7,1517.2,1512.8,1514.1,8132
2026-02-16T12:45:00+05:30,1514.0,1514.4,1511.4,1513.0,11096
2026-02-16T13:00:00+05:30,1513.0,1515.5,1512.4,1515.2,5347
2026-02-16T13:15:00+05:30,1515.2,1518.0,1514.6,1517.3,6980
2026-02-16T13:30:00+05:30,1517.4,1519.0,1516.0,1518.1,18047
2026-02-16T13:45:00+05:30,1517.4,1524.7,1515.3,1519.7,37450
2026-02-16T14:00:00+05:30,1520.0,1528.9,1518.6,1523.0,68555
2026-02-16T14:15:00+05:30,1522.2,1524.9,1520.5,1523.8,11594
2026-02-16T14:30:00+05:30,1523.5,1524.1,1522.0,1523.7,7174
2026-02-16T14:45:00+05:30,1523.0,1524.0,1518.1,1520.1,17140
2026-02-16T15:00:00+05:30,1519.9,1522.0,1518.0,1519.6,19858
2026-02-16T15:15:00+05:30,1519.8,1520.0,1503.0,1503.3,36092
2026-02-17T09:15:00+05:30,1525.0,1525.3,1495.0,1499.7,36014
2026-02-17T09:30:00+05:30,1499.9,1506.5,1498.2,1506.4,10482
2026-02-17T09:45:00+05:30,1506.8,1507.1,1501.0,1501.0,11145
2026-02-17T10:00:00+05:30,1501.8,1510.3,1500.0,1504.1,16067
2026-02-17T10:15:00+05:30,1504.1,1519.7,1503.0,1518.3,30048
2026-02-17T10:30:00+05:30,1518.3,1523.5,1515.0,1522.9,24550
2026-02-17T10:45:00+05:30,1522.9,1524.9,1521.1,1524.3,16882
2026-02-17T11:00:00+05:30,1524.3,1524.8,1521.2,1523.9,21246
2026-02-17T11:15:00+05:30,1523.9,1528.8,1521.8,1528.8,21785
2026-02-17T11:30:00+05:30,1528.9,1533.8,1527.0,1533.0,22166
2026-02-17T11:45:00+05:30,1533.0,1545.0,1531.4,1544.1,57156
2026-02-17T12:00:00+05:30,1544.2,1559.0,1541.3,1549.0,88199
2026-02-17T12:15:00+05:30,1549.0,1554.7,1547.0,1550.0,29572
2026-02-17T12:30:00+05:30,1550.4,1551.0,1545.6,1550.0,19716
2026-02-17T12:45:00+05:30,1550.0,1552.0,1547.2,1551.5,58994
2026-02-17T13:00:00+05:30,1551.4,1551.5,1548.0,1550.0,19348
2026-02-17T13:15:00+05:30,1550.0,1551.0,1548.9,1549.9,10046
2026-02-17T13:30:00+05:30,1549.9,1551.3,1545.7,1551.3,117719
2026-02-17T13:45:00+05:30,1551.3,1552.0,1549.5,1551.6,11287
2026-02-17T14:00:00+05:30,1550.5,1555.0,1549.3,1551.7,19525
2026-02-17T14:15:00+05:30,1551.7,1554.6,1550.5,1553.4,18895
2026-02-17T14:30:00+05:30,1552.9,1555.0,1551.8,1552.1,22644
2026-02-17T14:45:00+05:30,1552.9,1554.0,1548.5,1553.0,20153
2026-02-17T15:00:00+05:30,1552.9,1555.0,1550.4,1551.9,33471
2026-02-17T15:15:00+05:30,1552.0,1555.0,1549.9,1550.0,55624
2026-02-18T09:15:00+05:30,1575.0,1576.0,1556.8,1561.1,121043
2026-02-18T09:30:00+05:30,1561.1,1561.3,1548.1,1550.7,80826
2026-02-18T09:45:00+05:30,1550.8,1551.9,1542.9,1547.0,43499
2026-02-18T10:00:00+05:30,1547.0,1550.0,1538.0,1543.5,41394
2026-02-18T10:15:00+05:30,1543.5,1547.7,1540.1,1541.0,17588
2026-02-18T10:30:00+05:30,1541.8,1546.0,1540.5,1544.9,13755
2026-02-18T10:45:00+05:30,1544.9,1553.0,1544.1,1551.4,23220
2026-02-18T11:00:00+05:30,1551.4,1552.8,1549.4,1551.0,14275
2026-02-18T11:15:00+05:30,1550.2,1551.8,1549.4,1550.5,11440
2026-02-18T11:30:00+05:30,1549.8,1551.7,1545.0,1546.9,21596
2026-02-18T11:45:00+05:30,1546.8,1557.9,1545.6,1556.3,45513
2026-02-18T12:00:00+05:30,1556.5,1556.7,1552.0,1554.1,12447
2026-02-18T12:15:00+05:30,1554.0,1554.7,1551.2,1553.2,12464
2026-02-18T12:30:00+05:30,1553.0,1565.3,1552.2,1562.5,96176
2026-02-18T12:45:00+05:30,1562.9,1562.9,1557.6,1558.3,13043
2026-02-18T13:00:00+05:30,1558.3,1559.9,1556.7,1558.2,9626
2026-02-18T13:15:00+05:30,1558.2,1561.9,1555.9,1556.5,20518
2026-02-18T13:30:00+05:30,1556.5,1568.0,1555.5,1564.5,56409
2026-02-18T13:45:00+05:30,1564.5,1565.5,1557.2,1561.8,23649
2026-02-18T14:00:00+05:30,1561.8,1567.0,1560.0,1563.5,29591
2026-02-18T14:15:00+05:30,1563.1,1564.7,1561.6,1563.0,11965
2026-02-18T14:30:00+05:30,1562.9,1573.0,1562.0,1569.9,56785
2026-02-18T14:45:00+05:30,1569.9,1575.0,1566.0,1566.7,44158
2026-02-18T15:00:00+05:30,1567.2,1567.9,1559.3,1560.7,23796
2026-02-18T15:15:00+05:30,1560.7,1564.6,1558.0,1560.3,49611
2026-02-19T09:15:00+05:30,1560.3,1563.4,1550.4,1560.0,25530
2026-02-19T09:30:00+05:30,1560.3,1571.0,1560.0,1564.1,30066
2026-02-19T09:45:00+05:30,1564.5,1575.9,1562.0,1575.0,37175
2026-02-19T10:00:00+05:30,1574.9,1576.0,1558.5,1561.3,34998
2026-02-19T10:15:00+05:30,1560.5,1566.0,1558.1,1561.1,16489
2026-02-19T10:30:00+05:30,1560.6,1561.3,1552.3,1556.3,11372
2026-02-19T10:45:00+05:30,1556.2,1559.5,1553.7,1557.8,23197
2026-02-19T11:00:00+05:30,1558.3,1564.0,1557.8,1561.9,7539
2026-02-19T11:15:00+05:30,1563.0,1566.0,1560.0,1564.9,20324
2026-02-19T11:30:00+05:30,1564.8,1565.7,1550.8,1555.0,19186
2026-02-19T11:45:00+05:30,1555.0,1559.0,1552.1,1558.0,7696
2026-02-19T12:00:00+05:30,1558.0,1561.8,1556.1,1556.9,7491
2026-02-19T12:15:00+05:30,1555.7,1558.9,1553.0,1555.5,26801
2026-02-19T12:30:00+05:30,1555.4,1558.0,1553.2,1555.7,39513
2026-02-19T12:45:00+05:30,1555.7,1556.0,1548.8,1551.9,30478
2026-02-19T13:00:00+05:30,1550.6,1552.9,1549.1,1552.0,19310
2026-02-19T13:15:00+05:30,1552.0,1553.0,1549.0,1550.9,20810
2026-02-19T13:30:00+05:30,1550.1,1552.3,1549.0,1551.7,22609
2026-02-19T13:45:00+05:30,1551.7,1552.7,1549.2,1549.9,16921
2026-02-19T14:00:00+05:30,1549.8,1552.0,1549.0,1550.0,19943
2026-02-19T14:15:00+05:30,1550.8,1552.0,1546.0,1546.9,15042
2026-02-19T14:30:00+05:30,1546.9,1550.0,1546.0,1546.9,17391
2026-02-19T14:45:00+05:30,1546.8,1550.0,1545.0,1547.9,16031
2026-02-19T15:00:00+05:30,1548.9,1553.1,1547.6,1549.0,61691
2026-02-19T15:15:00+05:30,1549.0,1549.8,1538.1,1542.3,52192
2026-02-20T09:15:00+05:30,1540.0,1545.0,1530.1,1537.5,33465
2026-02-20T09:30:00+05:30,1537.9,1541.0,1532.4,1536.8,10407
2026-02-20T09:45:00+05:30,1536.9,1550.0,1536.5,1548.1,16946
2026-02-20T10:00:00+05:30,1548.1,1552.9,1545.0,1552.0,25650
2026-02-20T10:15:00+05:30,1551.3,1556.0,1550.5,1554.9,23470
2026-02-20T10:30:00+05:30,1554.8,1566.8,1554.0,1564.5,22263
2026-02-20T10:45:00+05:30,1564.5,1566.5,1554.8,1562.5,15001
2026-02-20T11:00:00+05:30,1562.5,1563.6,1556.0,1558.0,10051
2026-02-20T11:15:00+05:30,1558.3,1558.9,1556.0,1556.6,3310
2026-02-20T11:30:00+05:30,1556.6,1558.1,1555.0,1556.7,15196
2026-02-20T11:45:00+05:30,1556.7,1558.0,1551.0,1551.8,4242
2026-02-20T12:00:00+05:30,1551.2,1555.0,1551.2,1554.0,4971
2026-02-20T12:15:00+05:30,1554.0,1557.0,1553.0,1554.0,8298
2026-02-20T12:30:00+05:30,1554.0,1555.1,1550.6,1554.8,6628
2026-02-20T12:45:00+05:30,1554.9,1556.0,1553.0,1554.8,8352
2026-02-20T13:00:00+05:30,1556.0,1556.0,1552.2,1554.8,3192
2026-02-20T13:15:00+05:30,1554.7,1554.7,1551.6,1554.3,3743
2026-02-20T13:30:00+05:30,1553.3,1555.0,1552.2,1553.2,1390
2026-02-20T13:45:00+05:30,1552.3,1553.3,1550.0,1551.1,5159
2026-02-20T14:00:00+05:30,1551.1,1552.0,1549.9,1552.0,6575
2026-02-20T14:15:00+05:30,1552.0,1552.2,1550.0,1551.8,5606
2026-02-20T14:30:00+05:30,1551.5,1551.9,1550.5,1551.3,7196
2026-02-20T14:45:00+05:30,1551.3,1552.0,1550.0,1552.0,8992
2026-02-20T15:00:00+05:30,1551.7,1551.7,1549.5,1550.4,13759
2026-02-20T15:15:00+05:30,1550.4,1550.8,1544.2,1547.8,31108
2026-02-23T09:15:00+05:30,1549.1,1554.9,1541.8,1547.8,14335
2026-02-23T09:30:00+05:30,1547.9,1549.4,1545.0,1547.9,12886
2026-02-23T09:45:00+05:30,1549.0,1553.9,1546.2,1549.5,22037
2026-02-23T10:00:00+05:30,1550.0,1551.9,1540.5,1550.7,32153
2026-02-23T10:15:00+05:30,1550.2,1568.7,1550.0,1568.0,32108
2026-02-23T10:30:00+05:30,1568.0,1568.1,1561.1,1562.2,10143
2026-02-23T10:45:00+05:30,1562.3,1562.9,1556.7,1558.2,8039
2026-02-23T11:00:00+05:30,1558.2,1563.0,1553.0,1561.7,17164
2026-02-23T11:15:00+05:30,1561.1,1563.8,1557.8,1562.0,7229
2026-02-23T11:30:00+05:30,1562.0,1563.3,1555.4,1557.1,8404
2026-02-23T11:45:00+05:30,1557.1,1559.0,1555.0,1557.1,5495
2026-02-23T12:00:00+05:30,1557.1,1560.0,1555.0,1557.6,3832
2026-02-23T12:15:00+05:30,1557.7,1562.0,1557.7,1561.7,5887
2026-02-23T12:30:00+05:30,1561.7,1563.5,1559.5,1563.2,6779
2026-02-23T12:45:00+05:30,1563.0,1564.0,1556.0,1562.9,17245
2026-02-23T13:00:00+05:30,1562.3,1563.0,1560.1,1561.2,4638
2026-02-23T13:15:00+05:30,1561.0,1567.0,1560.0,1566.5,17871
2026-02-23T13:30:00+05:30,1566.5,1567.4,1560.3,1562.7,6463
2026-02-23T13:45:00+05:30,1561.8,1563.6,1560.6,1561.7,4918
2026-02-23T14:00:00+05:30,1561.4,1562.7,1556.1,1557.4,8492
2026-02-23T14:15:00+05:30,1556.7,1558.4,1554.1,1556.0,6118
2026-02-23T14:30:00+05:30,1556.1,1558.7,1555.0,1557.7,8467
2026-02-23T14:45:00+05:30,1557.3,1560.0,1553.1,1557.8,13814
2026-02-23T15:00:00+05:30,1557.7,1559.2,1556.9,1558.1,7417
2026-02-23T15:15:00+05:30,1557.6,1559.5,1554.1,1557.3,21217
2026-02-24T09:15:00+05:30,1557.0,1565.9,1553.0,1558.3,22236
2026-02-24T09:30:00+05:30,1558.8,1564.0,1552.6,1563.5,17254
2026-02-24T09:45:00+05:30,1563.5,1575.0,1562.0,1571.6,39679
2026-02-24T10:00:00+05:30,1571.6,1572.0,1563.0,1563.3,15930
2026-02-24T10:15:00+05:30,1563.3,1566.5,1560.6,1562.8,14145
2026-02-24T10:30:00+05:30,1562.6,1565.0,1559.6,1564.1,9958
2026-02-24T10:45:00+05:30,1563.4,1568.2,1561.1,1567.8,8144
2026-02-24T11:00:00+05:30,1566.8,1567.6,1561.0,1562.7,12559
2026-02-24T11:15:00+05:30,1562.7,1566.5,1561.0,1561.0,7885
2026-02-24T11:30:00+05:30,1561.0,1561.9,1556.5,1557.1,10187
2026-02-24T11:45:00+05:30,1557.1,1558.7,1552.5,1554.5,8655
2026-02-24T12:00:00+05:30,1554.4,1560.0,1552.0,1559.5,8651
2026-02-24T12:15:00+05:30,1558.9,1560.1,1557.0,1559.0,8397
2026-02-24T12:30:00+05:30,1558.9,1563.2,1557.9,1560.8,16241
2026-02-24T12:45:00+05:30,1560.0,1560.7,1557.0,1560.0,7691
2026-02-24T13:00:00+05:30,1559.0,1564.8,1558.5,1561.3,17159
2026-02-24T13:15:00+05:30,1560.5,1564.3,1559.6,1561.7,7816
2026-02-24T13:30:00+05:30,1562.0,1562.1,1555.2,1558.3,12440
2026-02-24T13:45:00+05:30,1558.3,1559.6,1557.1,1558.7,8500
2026-02-24T14:00:00+05:30,1558.7,1560.0,1557.1,1559.1,8945
2026-02-24T14:15:00+05:30,1559.1,1560.0,1555.0,1557.9,12893
2026-02-24T14:30:00+05:30,1557.9,1559.0,1549.0,1553.5,21148
2026-02-24T14:45:00+05:30,1553.2,1564.9,1551.2,1562.4,21530
2026-02-24T15:00:00+05:30,1564.2,1571.0,1561.7,1568.3,71359
2026-02-24T15:15:00+05:30,1568.3,1570.5,1565.0,1565.0,74432
2026-02-25T09:15:00+05:30,1565.0,1584.0,1552.0,1579.6,70705
2026-02-25T09:30:00+05:30,1579.8,1582.0,1569.5,1571.1,52094
2026-02-25T09:45:00+05:30,1571.1,1574.0,1565.1,1569.9,12198
2026-02-25T10:00:00+05:30,1569.9,1578.0,1569.9,1573.4,9910
2026-02-25T10:15:00+05:30,1573.4,1579.0,1573.1,1576.5,9105
2026-02-25T10:30:00+05:30,1577.0,1579.0,1574.4,1576.6,10833
2026-02-25T10:45:00+05:30,1576.6,1576.6,1572.2,1572.8,6828
2026-02-25T11:00:00+05:30,1572.8,1573.3,1570.1,1570.3,3525
2026-02-25T11:15:00+05:30,1570.3,1573.0,1570.1,1570.6,4278
2026-02-25T11:30:00+05:30,1571.0,1573.0,1570.2,1570.2,2770
2026-02-25T11:45:00+05:30,1570.7,1573.0,1568.5,1570.9,9326
2026-02-25T12:00:00+05:30,1570.8,1571.6,1564.0,1564.1,14822
2026-02-25T12:15:00+05:30,1564.1,1567.0,1563.0,1564.6,14294
2026-02-25T12:30:00+05:30,1564.6,1565.0,1556.4,1557.2,18831
2026-02-25T12:45:00+05:30,1558.0,1559.6,1552.0,1552.4,33799
2026-02-25T13:00:00+05:30,1552.5,1553.5,1541.1,1545.6,56738
2026-02-25T13:15:00+05:30,1545.7,1552.4,1543.9,1550.3,18889
2026-02-25T13:30:00+05:30,1550.3,1553.7,1550.3,1552.2,3718
2026-02-25T13:45:00+05:30,1552.2,1553.5,1550.5,1552.5,6677
2026-02-25T14:00:00+05:30,1552.5,1563.6,1552.4,1561.3,15053
2026-02-25T14:15:00+05:30,1561.8,1566.7,1555.4,1565.0,27640
2026-02-25T14:30:00+05:30,1565.8,1570.5,1564.6,1566.4,18961
2026-02-25T14:45:00+05:30,1567.4,1568.5,1562.3,1566.8,16291
2026-02-25T15:00:00+05:30,1568.0,1571.0,1564.9,1568.0,24876
2026-02-25T15:15:00+05:30,1568.0,1569.0,1564.1,1568.0,32647
2026-02-26T09:15:00+05:30,1568.0,1575.0,1566.0,1566.0,10427
2026-02-26T09:30:00+05:30,1566.0,1570.9,1564.8,1568.0,4212
2026-02-26T09:45:00+05:30,1568.7,1569.6,1564.0,1564.0,3662
2026-02-26T10:00:00+05:30,1564.6,1569.4,1562.3,1565.2,3867
2026-02-26T10:15:00+05:30,1565.2,1567.0,1562.5,1565.2,3121
2026-02-26T10:30:00+05:30,1565.8,1572.0,1564.5,1568.6,4359
2026-02-26T10:45:00+05:30,1569.8,1572.0,1565.0,1566.3,3268
2026-02-26T11:00:00+05:30,1566.3,1567.5,1564.7,1565.0,2738
2026-02-26T11:15:00+05:30,1565.0,1570.8,1564.5,1566.5,13404
2026-02-26T11:30:00+05:30,1566.3,1569.2,1555.3,1560.0,78693
2026-02-26T11:45:00+05:30,1560.0,1560.0,1557.0,1557.0,7261
2026-02-26T12:00:00+05:30,1557.0,1559.4,1556.4,1558.0,2252
2026-02-26T12:15:00+05:30,1558.0,1558.0,1551.0,1551.8,7301
2026-02-26T12:30:00+05:30,1551.8,1556.4,1550.4,1555.1,4237
2026-02-26T12:45:00+05:30,1555.1,1563.0,1554.7,1560.0,5958
2026-02-26T13:00:00+05:30,1560.0,1561.8,1556.6,1558.0,2022
2026-02-26T13:15:00+05:30,1558.0,1560.0,1555.8,1559.0,4314
2026-02-26T13:30:00+05:30,1559.1,1562.6,1558.2,1559.1,6656
2026-02-26T13:45:00+05:30,1559.9,1562.4,1558.6,1560.5,3020
2026-02-26T14:00:00+05:30,1559.7,1563.0,1558.3,1562.5,5589
2026-02-26T14:15:00+05:30,1562.5,1562.5,1559.6,1560.0,9544
2026-02-26T14:30:00+05:30,1560.0,1562.8,1559.4,1561.6,12526
2026-02-26T14:45:00+05:30,1561.9,1562.3,1559.1,1561.2,10351
2026-02-26T15:00:00+05:30,1561.3,1564.0,1559.1,1560.0,16241
2026-02-26T15:15:00+05:30,1560.0,1565.0,1553.9,1555.4,28581
2026-02-27T09:15:00+05:30,1555.5,1564.5,1551.2,1556.7,39737
2026-02-27T09:30:00+05:30,1555.2,1586.4,1554.5,1575.8,52135
2026-02-27T09:45:00+05:30,1576.7,1582.7,1574.2,1578.3,16975
2026-02-27T10:00:00+05:30,1578.3,1583.0,1577.0,1578.6,14087
2026-02-27T10:15:00+05:30,1577.8,1583.9,1577.5,1578.0,13312
2026-02-27T10:30:00+05:30,1578.1,1579.0,1575.5,1576.9,3965
2026-02-27T10:45:00+05:30,1576.1,1580.9,1575.5,1577.0,11354
2026-02-27T11:00:00+05:30,1577.1,1579.5,1576.9,1578.4,6915
2026-02-27T11:15:00+05:30,1578.4,1578.9,1575.5,1575.9,3218
2026-02-27T11:30:00+05:30,1575.9,1576.4,1575.0,1575.7,4469
2026-02-27T11:45:00+05:30,1575.7,1580.0,1575.2,1579.7,10382
2026-02-27T12:00:00+05:30,1579.9,1579.9,1572.4,1574.3,8927
2026-02-27T12:15:00+05:30,1574.3,1580.4,1574.2,1575.0,35672
2026-02-27T12:30:00+05:30,1574.7,1586.0,1574.7,1582.6,32442
2026-02-27T12:45:00+05:30,1582.0,1589.0,1581.5,1587.0,33002
2026-02-27T13:00:00+05:30,1586.0,1589.5,1582.9,1583.0,16785
2026-02-27T13:15:00+05:30,1584.0,1586.7,1581.7,1586.4,13615
2026-02-27T13:30:00+05:30,1586.7,1587.4,1583.3,1586.5,14607
2026-02-27T13:45:00+05:30,1586.5,1592.5,1585.1,1588.9,47758
2026-02-27T14:00:00+05:30,1588.7,1592.0,1586.2,1591.3,28546
2026-02-27T14:15:00+05:30,1592.0,1592.0,1588.8,1590.0,44472
2026-02-27T14:30:00+05:30,1590.0,1595.0,1589.2,1594.8,34456
2026-02-27T14:45:00+05:30,1594.8,1595.0,1589.4,1590.2,45656
2026-02-27T15:00:00+05:30,1590.1,1592.0,1583.0,1591.0,64210
2026-02-27T15:15:00+05:30,1590.4,1593.0,1588.0,1588.0,65944
2026-03-02T09:15:00+05:30,1501.0,1576.0,1501.0,1565.6,94042
2026-03-02T09:30:00+05:30,1565.9,1572.9,1563.3,1570.7,37515
2026-03-02T09:45:00+05:30,1570.7,1584.0,1568.1,1578.3,26100
2026-03-02T10:00:00+05:30,1578.3,1583.8,1570.8,1575.1,24768
2026-03-02T10:15:00+05:30,1574.1,1576.3,1570.0,1572.8,9878
2026-03-02T10:30:00+05:30,1571.5,1578.2,1569.6,1575.0,10960
2026-03-02T10:45:00+05:30,1575.0,1581.6,1574.7,1575.2,22321
2026-03-02T11:00:00+05:30,1575.7,1576.2,1574.0,1575.0,5539
2026-03-02T11:15:00+05:30,1575.0,1575.6,1574.3,1575.0,8263
2026-03-02T11:30:00+05:30,1575.0,1576.1,1572.0,1573.0,21422
2026-03-02T11:45:00+05:30,1573.0,1573.5,1568.1,1570.0,37596
2026-03-02T12:00:00+05:30,1570.0,1574.5,1565.9,1570.9,31115
2026-03-02T12:15:00+05:30,1570.9,1573.2,1568.7,1570.7,29545
2026-03-02T12:30:00+05:30,1570.0,1571.6,1567.9,1570.0,6048
2026-03-02T12:45:00+05:30,1570.0,1571.0,1568.9,1570.3,7655
2026-03-02T13:00:00+05:30,1570.0,1575.9,1570.0,1573.6,19855
2026-03-02T13:15:00+05:30,1573.6,1578.0,1571.9,1576.0,11002
2026-03-02T13:30:00+05:30,1576.8,1578.8,1572.5,1576.5,12059
2026-03-02T13:45:00+05:30,1577.0,1577.8,1575.0,1575.0,11815
2026-03-02T14:00:00+05:30,1575.7,1581.1,1575.0,1580.0,18128
2026-03-02T14:15:00+05:30,1581.0,1581.5,1576.4,1580.0,12250
2026-03-02T14:30:00+05:30,1580.9,1584.9,1578.5,1584.0,15836
2026-03-02T14:45:00+05:30,1584.0,1593.8,1581.8,1592.6,34652
2026-03-02T15:00:00+05:30,1592.6,1594.8,1591.7,1594.0,22592
2026-03-02T15:15:00+05:30,1593.7,1594.0,1588.2,1592.9,36163
2026-03-04T09:15:00+05:30,1570.0,1603.0,1570.0,1593.0,146193
2026-03-04T09:30:00+05:30,1591.9,1595.9,1583.7,1586.4,120282
2026-03-04T09:45:00+05:30,1586.5,1586.5,1564.0,1573.0,161367
2026-03-04T10:00:00+05:30,1573.0,1575.0,1566.5,1567.4,27518
2026-03-04T10:15:00+05:30,1568.1,1568.1,1561.0,1565.2,46149
2026-03-04T10:30:00+05:30,1564.9,1565.9,1556.4,1559.3,27335
2026-03-04T10:45:00+05:30,1558.3,1562.0,1555.2,1556.5,24064
2026-03-04T11:00:00+05:30,1557.0,1563.4,1553.4,1553.9,163937
2026-03-04T11:15:00+05:30,1553.9,1554.8,1552.1,1552.7,16075
2026-03-04T11:30:00+05:30,1552.7,1555.9,1548.8,1552.2,38722
2026-03-04T11:45:00+05:30,1551.9,1553.4,1549.5,1550.1,12427
2026-03-04T12:00:00+05:30,1550.1,1550.9,1548.5,1549.8,11779
2026-03-04T12:15:00+05:30,1549.2,1549.9,1543.2,1546.1,21806
2026-03-04T12:30:00+05:30,1546.1,1549.8,1545.0,1548.5,11483
2026-03-04T12:45:00+05:30,1548.5,1549.0,1543.1,1543.7,14288
2026-03-04T13:00:00+05:30,1543.5,1546.0,1542.2,1544.8,9555
2026-03-04T13:15:00+05:30,1544.3,1553.9,1542.2,1548.7,27700
2026-03-04T13:30:00+05:30,1548.1,1550.6,1545.0,1548.1,79966
2026-03-04T13:45:00+05:30,1547.9,1551.1,1546.0,1547.7,71205
2026-03-04T14:00:00+05:30,1547.7,1550.0,1544.8,1545.0,92955
2026-03-04T14:15:00+05:30,1545.0,1556.7,1545.0,1545.7,65065
2026-03-04T14:30:00+05:30,1545.7,1555.4,1544.7,1554.2,80579
2026-03-04T14:45:00+05:30,1554.2,1570.0,1549.5,1550.0,50684
2026-03-04T15:00:00+05:30,1550.0,1551.0,1545.5,1549.5,33482
2026-03-04T15:15:00+05:30,1549.5,1551.9,1540.6,1544.0,67114
2026-03-05T09:15:00+05:30,1562.7,1574.9,1556.7,1568.9,21353
2026-03-05T09:30:00+05:30,1568.8,1568.9,1557.1,1565.0,26062
2026-03-05T09:45:00+05:30,1565.0,1566.8,1563.3,1565.0,7187
2026-03-05T10:00:00+05:30,1565.5,1566.6,1563.8,1565.0,12060
2026-03-05T10:15:00+05:30,1565.0,1568.0,1563.9,1565.7,11157
2026-03-05T10:30:00+05:30,1565.3,1567.2,1565.0,1566.0,8850
2026-03-05T10:45:00+05:30,1566.0,1567.0,1564.1,1565.8,9155
2026-03-05T11:00:00+05:30,1566.0,1567.5,1563.1,1564.1,11249
2026-03-05T11:15:00+05:30,1564.9,1584.0,1564.1,1571.7,73240
2026-03-05T11:30:00+05:30,1571.2,1578.0,1570.0,1577.3,12357
2026-03-05T11:45:00+05:30,1577.8,1578.0,1575.3,1576.8,18184
2026-03-05T12:00:00+05:30,1576.8,1578.8,1574.4,1577.4,14679
2026-03-05T12:15:00+05:30,1577.4,1578.8,1576.2,1577.9,12222
2026-03-05T12:30:00+05:30,1577.9,1583.0,1575.5,1580.0,42582
2026-03-05T12:45:00+05:30,1580.0,1580.5,1576.8,1578.5,20084
2026-03-05T13:00:00+05:30,1578.5,1579.5,1574.5,1578.0,92010
2026-03-05T13:15:00+05:30,1578.0,1579.7,1577.4,1579.5,9721
2026-03-05T13:30:00+05:30,1579.1,1579.8,1577.4,1578.4,11012
2026-03-05T13:45:00+05:30,1578.1,1584.9,1578.0,1582.7,22174
2026-03-05T14:00:00+05:30,1582.7,1585.0,1576.9,1578.5,39141
2026-03-05T14:15:00+05:30,1578.5,1582.2,1578.0,1581.0,19831
2026-03-05T14:30:00+05:30,1581.0,1592.4,1580.1,1581.2,41656
2026-03-05T14:45:00+05:30,1581.1,1584.8,1580.1,1580.9,26346
2026-03-05T15:00:00+05:30,1581.1,1582.0,1579.2,1580.8,33338
2026-03-05T15:15:00+05:30,1580.9,1583.9,1576.9,1580.0,55992
2026-03-06T09:15:00+05:30,1572.1,1594.0,1570.0,1593.5,16571
2026-03-06T09:30:00+05:30,1593.8,1595.9,1588.6,1589.9,17883
2026-03-06T09:45:00+05:30,1589.9,1600.0,1588.0,1599.7,32824
2026-03-06T10:00:00+05:30,1598.5,1601.2,1597.8,1600.0,21300
2026-03-06T10:15:00+05:30,1600.0,1601.0,1599.0,1599.7,10447
2026-03-06T10:30:00+05:30,1599.7,1599.8,1593.1,1596.0,13947
2026-03-06T10:45:00+05:30,1595.6,1598.2,1584.7,1597.0,19054
2026-03-06T11:00:00+05:30,1597.0,1598.7,1596.0,1597.4,12205
2026-03-06T11:15:00+05:30,1597.4,1598.5,1596.1,1597.5,14026
2026-03-06T11:30:00+05:30,1597.5,1598.0,1596.4,1597.9,11512
2026-03-06T11:45:00+05:30,1597.9,1600.0,1596.3,1597.9,63674
2026-03-06T12:00:00+05:30,1597.8,1600.5,1596.9,1600.0,28029
2026-03-06T12:15:00+05:30,1600.0,1609.8,1599.5,1605.8,47421
2026-03-06T12:30:00+05:30,1605.8,1605.8,1602.8,1604.5,14502
2026-03-06T12:45:00+05:30,1604.0,1604.8,1594.3,1596.0,28351
2026-03-06T13:00:00+05:30,1596.0,1596.9,1587.4,1590.1,27434
2026-03-06T13:15:00+05:30,1590.0,1591.2,1589.5,1590.0,12167
2026-03-06T13:30:00+05:30,1590.0,1591.2,1588.1,1589.9,12126
2026-03-06T13:45:00+05:30,1590.0,1592.3,1588.9,1588.9,18053
2026-03-06T14:00:00+05:30,1588.9,1589.3,1585.0,1587.0,8720
2026-03-06T14:15:00+05:30,1587.0,1588.4,1578.0,1579.2,10538
2026-03-06T14:30:00+05:30,1579.2,1580.0,1576.0,1579.9,9583
2026-03-06T14:45:00+05:30,1579.8,1580.0,1574.9,1578.0,16032
2026-03-06T15:00:00+05:30,1577.9,1582.9,1574.3,1580.8,52406
2026-03-06T15:15:00+05:30,1580.8,1590.0,1578.0,1588.0,64020
2026-03-09T09:15:00+05:30,1550.0,1550.0,1521.2,1527.9,35975
2026-03-09T09:30:00+05:30,1527.7,1530.8,1521.1,1526.0,15028
2026-03-09T09:45:00+05:30,1526.0,1530.0,1523.1,1526.0,11848
2026-03-09T10:00:00+05:30,1526.0,1528.0,1522.5,1523.6,10082
2026-03-09T10:15:00+05:30,1523.6,1523.6,1516.1,1519.5,8889
2026-03-09T10:30:00+05:30,1519.5,1525.8,1512.2,1523.0,13904
2026-03-09T10:45:00+05:30,1523.0,1524.7,1517.7,1520.7,7926
2026-03-09T11:00:00+05:30,1520.9,1526.3,1518.0,1521.0,7220
2026-03-09T11:15:00+05:30,1521.0,1523.1,1518.7,1521.1,6043
2026-03-09T11:30:00+05:30,1521.1,1524.0,1520.1,1523.0,6670
2026-03-09T11:45:00+05:30,1523.2,1523.7,1522.8,1523.5,2547
2026-03-09T12:00:00+05:30,1523.5,1528.1,1523.0,1526.3,12466
2026-03-09T12:15:00+05:30,1527.4,1531.4,1525.4,1531.4,28038
2026-03-09T12:30:00+05:30,1531.4,1535.9,1530.5,1532.0,7677
2026-03-09T12:45:00+05:30,1532.0,1534.3,1530.9,1533.0,3572
2026-03-09T13:00:00+05:30,1533.0,1536.1,1530.6,1531.9,25544
2026-03-09T13:15:00+05:30,1532.0,1534.5,1530.5,1533.7,4547
2026-03-09T13:30:00+05:30,1534.2,1536.0,1531.0,1535.0,5702
2026-03-09T13:45:00+05:30,1535.0,1535.5,1532.4,1533.0,6318
2026-03-09T14:00:00+05:30,1532.7,1534.0,1530.9,1532.6,6461
2026-03-09T14:15:00+05:30,1531.5,1535.0,1531.0,1533.0,9046
2026-03-09T14:30:00+05:30,1533.0,1535.3,1532.2,1534.3,9526
2026-03-09T14:45:00+05:30,1534.9,1536.0,1533.1,1534.5,8214
2026-03-09T15:00:00+05:30,1534.7,1535.3,1531.0,1534.5,27247
2026-03-09T15:15:00+05:30,1534.6,1535.0,1530.0,1530.1,54650
2026-03-10T09:15:00+05:30,1551.0,1560.5,1548.8,1551.1,21616
2026-03-10T09:30:00+05:30,1552.1,1554.4,1545.1,1554.4,8865
2026-03-10T09:45:00+05:30,1554.1,1555.8,1548.0,1549.3,4463
2026-03-10T10:00:00+05:30,1549.3,1557.9,1540.1,1556.6,12372
2026-03-10T10:15:00+05:30,1556.6,1559.0,1554.8,1556.9,6863
2026-03-10T10:30:00+05:30,1556.9,1566.0,1555.9,1562.8,15327
2026-03-10T10:45:00+05:30,1563.0,1575.3,1562.8,1569.5,26164
2026-03-10T11:00:00+05:30,1569.5,1581.5,1568.0,1579.3,20407
2026-03-10T11:15:00+05:30,1579.3,1588.9,1578.5,1579.3,21654
2026-03-10T11:30:00+05:30,1578.5,1579.5,1571.4,1573.6,8011
2026-03-10T11:45:00+05:30,1573.4,1575.9,1571.3,1573.4,5395
2026-03-10T12:00:00+05:30,1573.4,1582.7,1573.3,1576.9,10737
2026-03-10T12:15:00+05:30,1577.5,1579.7,1575.0,1577.1,8124
2026-03-10T12:30:00+05:30,1578.3,1586.7,1578.0,1586.0,11995
2026-03-10T12:45:00+05:30,1586.0,1589.7,1582.0,1586.0,21665
2026-03-10T13:00:00+05:30,1586.9,1587.0,1581.6,1584.9,17513
2026-03-10T13:15:00+05:30,1585.0,1585.7,1582.0,1583.7,12519
2026-03-10T13:30:00+05:30,1583.6,1583.6,1578.7,1582.0,5696
2026-03-10T13:45:00+05:30,1582.0,1583.0,1571.3,1578.0,15145
2026-03-10T14:00:00+05:30,1578.6,1579.4,1575.1,1578.5,6496
2026-03-10T14:15:00+05:30,1578.5,1579.9,1577.8,1578.5,10378
2026-03-10T14:30:00+05:30,1578.3,1579.3,1576.9,1577.4,11258
2026-03-10T14:45:00+05:30,1577.5,1578.0,1572.1,1574.0,12613
2026-03-10T15:00:00+05:30,1574.1,1575.8,1567.3,1571.5,24510
2026-03-10T15:15:00+05:30,1572.5,1575.0,1568.1,1570.0,25030
2026-03-11T09:15:00+05:30,1570.0,1572.9,1560.2,1565.1,23376
2026-03-11T09:30:00+05:30,1565.1,1591.7,1564.0,1586.1,43482
2026-03-11T09:45:00+05:30,1585.0,1611.5,1584.0,1601.0,112134
2026-03-11T10:00:00+05:30,1599.0,1600.6,1590.4,1592.0,18028
2026-03-11T10:15:00+05:30,1592.1,1595.8,1582.8,1586.0,10594
2026-03-11T10:30:00+05:30,1585.8,1588.7,1575.0,1581.9,11734
2026-03-11T10:45:00+05:30,1580.5,1586.6,1578.7,1582.9,45944
2026-03-11T11:00:00+05:30,1582.4,1582.8,1570.5,1570.5,11535
2026-03-11T11:15:00+05:30,1571.2,1571.4,1566.1,1570.9,10397
2026-03-11T11:30:00+05:30,1570.9,1574.9,1567.5,1574.9,6771
2026-03-11T11:45:00+05:30,1574.9,1575.0,1570.1,1574.0,3886
2026-03-11T12:00:00+05:30,1574.0,1575.9,1573.0,1574.0,7019
2026-03-11T12:15:00+05:30,1573.7,1576.2,1573.3,1575.0,8122
2026-03-11T12:30:00+05:30,1575.0,1579.5,1573.2,1577.0,21268
2026-03-11T12:45:00+05:30,1576.7,1577.5,1573.0,1575.0,13134
2026-03-11T13:00:00+05:30,1575.0,1578.3,1572.6,1575.7,19053
2026-03-11T13:15:00+05:30,1575.7,1578.3,1575.0,1576.7,8457
2026-03-11T13:30:00+05:30,1576.7,1578.7,1575.0,1578.4,17160
2026-03-11T13:45:00+05:30,1578.4,1580.6,1576.9,1580.6,11207
2026-03-11T14:00:00+05:30,1580.0,1580.0,1576.3,1578.9,9220
2026-03-11T14:15:00+05:30,1578.9,1580.2,1572.0,1580.0,11243
2026-03-11T14:30:00+05:30,1580.2,1582.2,1574.9,1580.7,13429
2026-03-11T14:45:00+05:30,1581.4,1597.8,1580.7,1597.8,43149
2026-03-11T15:00:00+05:30,1597.5,1600.0,1595.1,1596.1,42098
2026-03-11T15:15:00+05:30,1596.2,1599.0,1578.0,1579.0,44427
2026-03-12T09:15:00+05:30,1573.0,1577.2,1557.0,1563.0,27245
2026-03-12T09:30:00+05:30,1562.5,1562.5,1558.0,1561.9,14994
2026-03-12T09:45:00+05:30,1561.0,1564.4,1556.0,1557.0,12869
2026-03-12T10:00:00+05:30,1556.0,1558.8,1553.1,1553.3,7517
2026-03-12T10:15:00+05:30,1554.5,1562.6,1554.0,1560.0,16707
2026-03-12T10:30:00+05:30,1560.9,1565.0,1558.0,1560.9,15012
2026-03-12T10:45:00+05:30,1560.4,1561.7,1555.0,1556.2,4534
2026-03-12T11:00:00+05:30,1556.2,1558.9,1554.5,1556.7,6037
2026-03-12T11:15:00+05:30,1555.6,1571.0,1555.6,1570.0,20080
2026-03-12T11:30:00+05:30,1569.7,1574.0,1568.1,1573.7,10680
2026-03-12T11:45:00+05:30,1573.7,1575.0,1570.2,1574.7,8239
2026-03-12T12:00:00+05:30,1573.7,1579.9,1573.3,1579.0,8255
2026-03-12T12:15:00+05:30,1579.0,1579.0,1564.6,1567.3,4848
2026-03-12T12:30:00+05:30,1567.8,1583.6,1565.8,1582.0,9070
2026-03-12T12:45:00+05:30,1582.2,1582.2,1579.8,1580.3,8648
2026-03-12T13:00:00+05:30,1580.8,1584.4,1579.7,1584.3,10112
2026-03-12T13:15:00+05:30,1584.3,1584.9,1581.2,1583.0,6271
2026-03-12T13:30:00+05:30,1583.0,1584.4,1582.1,1582.8,3257
2026-03-12T13:45:00+05:30,1583.0,1584.6,1579.1,1581.9,11255
2026-03-12T14:00:00+05:30,1581.9,1582.6,1579.0,1580.0,3903
2026-03-12T14:15:00+05:30,1580.7,1583.4,1580.0,1580.7,4702
2026-03-12T14:30:00+05:30,1582.3,1584.6,1580.7,1580.7,4205
2026-03-12T14:45:00+05:30,1581.0,1584.0,1579.6,1581.6,17380
2026-03-12T15:00:00+05:30,1581.6,1583.7,1579.4,1580.0,17139
2026-03-12T15:15:00+05:30,1580.0,1582.0,1567.0,1572.0,20215
2026-03-13T09:15:00+05:30,1571.9,1575.0,1559.3,1573.8,26980
2026-03-13T09:30:00+05:30,1573.3,1582.0,1573.3,1577.0,21299
2026-03-13T09:45:00+05:30,1576.7,1577.0,1565.2,1571.8,17399
2026-03-13T10:00:00+05:30,1572.0,1575.0,1551.6,1552.6,26908
2026-03-13T10:15:00+05:30,1552.5,1554.5,1550.2,1550.8,16358
2026-03-13T10:30:00+05:30,1550.5,1556.2,1550.1,1555.5,28988
2026-03-13T10:45:00+05:30,1555.1,1558.6,1553.8,1555.0,13918
2026-03-13T11:00:00+05:30,1555.0,1556.0,1546.1,1546.1,21740
2026-03-13T11:15:00+05:30,1546.1,1552.9,1546.1,1552.6,10635
2026-03-13T11:30:00+05:30,1552.6,1552.6,1550.2,1551.0,14406
2026-03-13T11:45:00+05:30,1551.0,1552.3,1550.0,1552.0,11290
2026-03-13T12:00:00+05:30,1552.0,1557.4,1551.6,1554.2,7219
2026-03-13T12:15:00+05:30,1554.2,1555.5,1550.8,1552.7,7158
2026-03-13T12:30:00+05:30,1552.7,1554.9,1545.2,1550.0,29709
2026-03-13T12:45:00+05:30,1550.0,1551.7,1549.0,1551.2,8051
2026-03-13T13:00:00+05:30,1551.2,1551.6,1537.5,1538.6,24773
2026-03-13T13:15:00+05:30,1538.6,1550.0,1537.5,1549.1,29048
2026-03-13T13:30:00+05:30,1549.8,1551.5,1543.6,1548.8,37719
2026-03-13T13:45:00+05:30,1548.8,1551.1,1545.9,1551.0,30978
2026-03-13T14:00:00+05:30,1550.5,1559.9,1550.4,1559.9,16513
2026-03-13T14:15:00+05:30,1559.3,1565.9,1558.8,1565.7,14805
2026-03-13T14:30:00+05:30,1565.7,1571.0,1564.2,1569.9,15420
2026-03-13T14:45:00+05:30,1569.9,1580.0,1566.3,1571.0,35620
2026-03-13T15:00:00+05:30,1570.8,1572.2,1557.9,1561.5,59399
2026-03-13T15:15:00+05:30,1561.5,1567.6,1550.5,1555.0,46088
2026-03-16T09:15:00+05:30,1555.0,1560.0,1545.7,1552.5,25535
2026-03-16T09:30:00+05:30,1551.7,1568.0,1551.1,1565.4,20640
2026-03-16T09:45:00+05:30,1565.6,1570.0,1561.4,1565.0,25792
2026-03-16T10:00:00+05:30,1566.4,1568.9,1556.8,1557.4,11810
2026-03-16T10:15:00+05:30,1557.2,1560.0,1551.1,1551.8,12327
2026-03-16T10:30:00+05:30,1551.1,1555.0,1548.0,1551.3,12993
2026-03-16T10:45:00+05:30,1550.6,1552.2,1539.0,1549.5,64126
2026-03-16T11:00:00+05:30,1549.9,1550.9,1546.3,1550.1,4391
2026-03-16T11:15:00+05:30,1550.0,1553.3,1548.3,1549.9,7309
2026-03-16T11:30:00+05:30,1549.2,1550.0,1547.2,1548.8,8213
2026-03-16T11:45:00+05:30,1548.1,1550.0,1547.2,1549.3,4317
2026-03-16T12:00:00+05:30,1548.6,1550.0,1547.2,1549.6,4049
2026-03-16T12:15:00+05:30,1549.8,1550.0,1547.3,1548.4,2997
2026-03-16T12:30:00+05:30,1547.9,1548.5,1544.3,1546.1,12531
2026-03-16T12:45:00+05:30,1545.1,1548.7,1543.0,1546.0,4893
2026-03-16T13:00:00+05:30,1545.4,1548.5,1544.4,1547.8,5383
2026-03-16T13:15:00+05:30,1547.4,1550.0,1545.0,1548.2,10180
2026-03-16T13:30:00+05:30,1547.2,1550.1,1546.9,1550.0,10967
2026-03-16T13:45:00+05:30,1550.0,1550.1,1547.0,1548.0,12561
2026-03-16T14:00:00+05:30,1547.4,1548.0,1544.2,1547.6,5152
2026-03-16T14:15:00+05:30,1546.7,1548.0,1546.6,1547.1,24811
2026-03-16T14:30:00+05:30,1547.2,1553.0,1546.6,1550.0,34263
2026-03-16T14:45:00+05:30,1549.0,1559.9,1548.1,1552.9,68244
2026-03-16T15:00:00+05:30,1552.7,1552.7,1540.1,1542.1,69984
2026-03-16T15:15:00+05:30,1542.0,1542.8,1520.1,1529.8,86923
2026-03-17T09:15:00+05:30,1549.9,1555.4,1544.0,1547.1,27154
2026-03-17T09:30:00+05:30,1547.7,1551.3,1545.2,1548.8,10810
2026-03-17T09:45:00+05:30,1549.6,1549.6,1546.4,1549.2,6019
2026-03-17T10:00:00+05:30,1549.2,1553.6,1548.0,1551.5,11839
2026-03-17T10:15:00+05:30,1551.5,1561.0,1551.5,1558.9,14592
2026-03-17T10:30:00+05:30,1558.9,1558.9,1554.0,1557.0,7591
2026-03-17T10:45:00+05:30,1557.0,1564.0,1556.0,1558.7,8405
2026-03-17T11:00:00+05:30,1558.0,1566.6,1557.2,1563.7,8778
2026-03-17T11:15:00+05:30,1564.0,1564.2,1559.2,1560.4,4342
2026-03-17T11:30:00+05:30,1560.5,1574.5,1553.5,1573.5,28613
2026-03-17T11:45:00+05:30,1573.5,1582.3,1571.5,1575.0,27734
2026-03-17T12:00:00+05:30,1575.0,1583.7,1573.5,1578.9,11941
2026-03-17T12:15:00+05:30,1578.3,1578.8,1571.2,1573.8,10817
2026-03-17T12:30:00+05:30,1573.8,1579.0,1571.8,1576.6,7153
2026-03-17T12:45:00+05:30,1576.6,1577.4,1575.0,1575.1,2469
2026-03-17T13:00:00+05:30,1575.9,1577.6,1573.2,1575.5,13437
2026-03-17T13:15:00+05:30,1575.5,1578.8,1575.0,1575.9,6710
2026-03-17T13:30:00+05:30,1576.2,1579.0,1575.1,1578.8,3697
2026-03-17T13:45:00+05:30,1578.5,1579.2,1574.2,1575.2,8210
2026-03-17T14:00:00+05:30,1575.0,1576.4,1565.4,1565.4,15099
2026-03-17T14:15:00+05:30,1565.4,1568.8,1564.6,1566.9,21379
2026-03-17T14:30:00+05:30,1566.7,1569.2,1566.4,1567.4,19072
2026-03-17T14:45:00+05:30,1567.6,1568.0,1558.0,1560.0,23265
2026-03-17T15:00:00+05:30,1560.0,1566.4,1555.6,1563.1,45295
2026-03-17T15:15:00+05:30,1565.3,1570.0,1562.1,1569.8,65592
2026-03-18T09:15:00+05:30,1579.0,1593.6,1572.7,1591.9,30838
2026-03-18T09:30:00+05:30,1593.4,1596.9,1590.0,1590.4,23550
2026-03-18T09:45:00+05:30,1590.6,1595.1,1588.1,1590.0,10064
2026-03-18T10:00:00+05:30,1589.2,1593.0,1585.1,1590.3,21625
2026-03-18T10:15:00+05:30,1590.5,1591.1,1585.3,1587.3,9962
2026-03-18T10:30:00+05:30,1587.8,1588.0,1580.0,1583.5,11136
2026-03-18T10:45:00+05:30,1583.5,1587.0,1580.1,1582.1,14175
2026-03-18T11:00:00+05:30,1582.5,1583.7,1581.2,1583.1,9135
2026-03-18T11:15:00+05:30,1583.2,1585.5,1581.4,1583.0,8894
2026-03-18T11:30:00+05:30,1583.0,1593.5,1581.0,1593.0,29634
2026-03-18T11:45:00+05:30,1593.0,1593.5,1587.1,1588.5,11944
2026-03-18T12:00:00+05:30,1588.6,1589.5,1584.0,1585.6,6893
2026-03-18T12:15:00+05:30,1585.5,1588.0,1584.1,1586.0,7041
2026-03-18T12:30:00+05:30,1585.9,1587.5,1579.0,1579.9,32600
2026-03-18T12:45:00+05:30,1580.0,1584.9,1579.9,1583.4,7922
2026-03-18T13:00:00+05:30,1583.9,1584.9,1582.0,1583.4,8489
2026-03-18T13:15:00+05:30,1583.8,1588.0,1583.5,1587.7,17263
2026-03-18T13:30:00+05:30,1587.2,1588.0,1582.5,1583.1,13726
2026-03-18T13:45:00+05:30,1582.9,1585.1,1581.8,1584.9,9554
2026-03-18T14:00:00+05:30,1584.5,1585.2,1582.1,1582.3,9549
2026-03-18T14:15:00+05:30,1582.3,1584.7,1582.3,1583.0,9895
2026-03-18T14:30:00+05:30,1583.0,1583.9,1580.1,1581.3,8339
2026-03-18T14:45:00+05:30,1581.3,1584.0,1579.0,1580.5,27534
2026-03-18T15:00:00+05:30,1581.0,1582.0,1579.5,1581.0,18624
2026-03-18T15:15:00+05:30,1581.0,1584.8,1578.0,1581.0,40617
2026-03-19T09:15:00+05:30,1554.9,1568.9,1554.9,1562.5,11783
2026-03-19T09:30:00+05:30,1562.5,1565.9,1559.0,1561.0,7233
2026-03-19T09:45:00+05:30,1561.1,1563.2,1547.3,1548.9,36390
2026-03-19T10:00:00+05:30,1548.9,1550.0,1546.4,1547.8,5259
2026-03-19T10:15:00+05:30,1547.4,1548.8,1546.4,1547.6,3369
2026-03-19T10:30:00+05:30,1547.6,1559.9,1547.4,1557.3,77941
2026-03-19T10:45:00+05:30,1557.3,1558.5,1549.9,1551.2,11738
2026-03-19T11:00:00+05:30,1551.9,1552.8,1550.7,1552.1,2518
2026-03-19T11:15:00+05:30,1551.3,1552.2,1549.7,1551.5,3766
2026-03-19T11:30:00+05:30,1551.5,1564.4,1551.1,1563.4,11822
2026-03-19T11:45:00+05:30,1562.1,1564.0,1557.4,1561.0,6036
2026-03-19T12:00:00+05:30,1560.6,1561.7,1558.8,1560.8,5587
2026-03-19T12:15:00+05:30,1560.8,1565.8,1549.9,1563.1,29006
2026-03-19T12:30:00+05:30,1561.8,1564.3,1557.2,1557.2,4502
2026-03-19T12:45:00+05:30,1557.2,1560.0,1550.0,1555.0,8247
2026-03-19T13:00:00+05:30,1555.1,1557.5,1550.0,1555.5,9502
2026-03-19T13:15:00+05:30,1555.0,1555.6,1553.1,1554.1,2813
2026-03-19T13:30:00+05:30,1553.8,1556.0,1552.8,1555.0,3296
2026-03-19T13:45:00+05:30,1555.0,1556.1,1542.3,1543.3,14115
2026-03-19T14:00:00+05:30,1542.9,1543.4,1536.0,1539.3,23501
2026-03-19T14:15:00+05:30,1537.9,1542.5,1536.2,1537.2,12516
2026-03-19T14:30:00+05:30,1537.0,1538.6,1535.9,1537.0,5498
2026-03-19T14:45:00+05:30,1537.0,1538.2,1528.0,1529.6,14183
2026-03-19T15:00:00+05:30,1529.0,1532.6,1525.0,1525.5,15286
2026-03-19T15:15:00+05:30,1526.5,1536.0,1522.3,1530.0,46573
2026-03-20T09:15:00+05:30,1540.9,1546.6,1534.3,1542.2,29728
2026-03-20T09:30:00+05:30,1542.2,1547.7,1540.5,1544.2,10401
2026-03-20T09:45:00+05:30,1544.2,1549.8,1543.3,1548.6,15286
2026-03-20T10:00:00+05:30,1548.2,1554.8,1545.9,1552.0,18412
2026-03-20T10:15:00+05:30,1551.6,1554.8,1549.1,1551.3,13714
2026-03-20T10:30:00+05:30,1551.3,1554.5,1550.5,1554.5,5353
2026-03-20T10:45:00+05:30,1554.4,1563.1,1551.1,1561.8,13170
2026-03-20T11:00:00+05:30,1563.0,1565.4,1558.0,1558.0,15990
2026-03-20T11:15:00+05:30,1559.3,1560.0,1553.8,1554.9,12287
2026-03-20T11:30:00+05:30,1554.9,1557.2,1554.3,1555.1,10950
2026-03-20T11:45:00+05:30,1555.1,1564.9,1554.0,1564.1,12003
2026-03-20T12:00:00+05:30,1564.5,1565.8,1558.1,1562.8,14654
2026-03-20T12:15:00+05:30,1562.8,1564.0,1558.1,1561.5,22099
2026-03-20T12:30:00+05:30,1561.3,1562.0,1555.0,1557.1,23352
2026-03-20T12:45:00+05:30,1557.0,1558.8,1550.8,1551.2,12367
2026-03-20T13:00:00+05:30,1551.7,1557.8,1550.1,1553.2,24182
2026-03-20T13:15:00+05:30,1553.3,1558.2,1548.9,1556.4,11726
2026-03-20T13:30:00+05:30,1556.4,1560.7,1556.3,1558.6,10607
2026-03-20T13:45:00+05:30,1558.6,1561.6,1555.0,1557.9,14721
2026-03-20T14:00:00+05:30,1557.9,1558.6,1555.0,1557.2,8114
2026-03-20T14:15:00+05:30,1557.2,1557.2,1552.3,1555.0,10216
2026-03-20T14:30:00+05:30,1555.0,1560.4,1552.3,1558.4,36047
2026-03-20T14:45:00+05:30,1558.8,1561.0,1554.8,1560.0,61294
2026-03-20T15:00:00+05:30,1560.2,1565.0,1545.7,1560.4,172625
2026-03-20T15:15:00+05:30,1560.4,1562.7,1555.0,1556.8,127535
2026-03-23T09:15:00+05:30,1535.0,1539.0,1516.0,1516.5,28357
2026-03-23T09:30:00+05:30,1517.3,1517.3,1505.5,1513.3,30185
2026-03-23T09:45:00+05:30,1511.8,1513.2,1501.0,1502.3,18183
2026-03-23T10:00:00+05:30,1501.4,1505.0,1496.5,1498.0,15865
2026-03-23T10:15:00+05:30,1497.9,1508.0,1487.0,1494.4,35402
2026-03-23T10:30:00+05:30,1494.4,1500.0,1486.0,1487.8,20077
2026-03-23T10:45:00+05:30,1487.5,1488.9,1450.0,1479.0,69755
2026-03-23T11:00:00+05:30,1478.1,1482.0,1476.0,1478.7,6657
2026-03-23T11:15:00+05:30,1478.7,1480.4,1473.6,1479.8,7977
2026-03-23T11:30:00+05:30,1479.8,1482.0,1475.2,1477.9,5968
2026-03-23T11:45:00+05:30,1476.9,1481.8,1472.6,1481.4,12121
2026-03-23T12:00:00+05:30,1481.1,1488.9,1478.8,1485.6,17234
2026-03-23T12:15:00+05:30,1485.6,1486.3,1479.4,1481.0,11409
2026-03-23T12:30:00+05:30,1481.5,1483.0,1479.7,1482.1,7269
2026-03-23T12:45:00+05:30,1482.1,1484.9,1476.8,1479.3,38779
2026-03-23T13:00:00+05:30,1479.3,1480.7,1475.0,1475.9,15343
2026-03-23T13:15:00+05:30,1476.5,1479.3,1475.0,1477.6,20361
2026-03-23T13:30:00+05:30,1477.6,1483.0,1476.2,1480.1,29075
2026-03-23T13:45:00+05:30,1480.6,1482.4,1476.0,1476.3,24286
2026-03-23T14:00:00+05:30,1476.3,1480.0,1473.0,1478.3,21297
2026-03-23T14:15:00+05:30,1478.3,1488.0,1475.6,1485.9,23778
2026-03-23T14:30:00+05:30,1485.9,1490.0,1479.7,1488.0,38841
2026-03-23T14:45:00+05:30,1488.0,1489.0,1481.3,1484.5,72494
2026-03-23T15:00:00+05:30,1484.9,1485.8,1480.3,1480.3,67686
2026-03-23T15:15:00+05:30,1480.3,1495.1,1463.0,1467.0,183919
2026-03-24T09:15:00+05:30,1499.0,1507.9,1477.3,1485.6,113880
2026-03-24T09:30:00+05:30,1485.6,1487.6,1471.5,1472.1,41333
2026-03-24T09:45:00+05:30,1472.2,1488.8,1471.4,1484.2,41886
2026-03-24T10:00:00+05:30,1484.2,1486.0,1464.0,1481.3,59306
2026-03-24T10:15:00+05:30,1481.2,1489.9,1474.9,1481.7,51710
2026-03-24T10:30:00+05:30,1481.4,1487.6,1478.0,1480.1,48819
2026-03-24T10:45:00+05:30,1480.0,1486.3,1477.4,1482.1,38651
2026-03-24T11:00:00+05:30,1482.1,1484.8,1474.3,1478.4,32780
2026-03-24T11:15:00+05:30,1478.4,1488.0,1476.0,1477.8,29424
2026-03-24T11:30:00+05:30,1478.4,1484.9,1477.2,1482.0,22393
2026-03-24T11:45:00+05:30,1481.6,1492.0,1481.0,1490.1,27208
2026-03-24T12:00:00+05:30,1489.4,1491.9,1484.6,1484.6,24902
2026-03-24T12:15:00+05:30,1484.5,1502.0,1480.0,1493.9,90508
2026-03-24T12:30:00+05:30,1494.3,1500.9,1492.4,1498.9,20953
2026-03-24T12:45:00+05:30,1498.7,1501.6,1490.2,1491.4,29615
2026-03-24T13:00:00+05:30,1491.0,1492.8,1481.8,1488.1,31430
2026-03-24T13:15:00+05:30,1487.1,1498.9,1487.1,1493.2,42668
2026-03-24T13:30:00+05:30,1493.2,1496.4,1492.3,1492.6,13237
2026-03-24T13:45:00+05:30,1492.6,1495.9,1487.0,1490.0,29573
2026-03-24T14:00:00+05:30,1489.0,1493.0,1488.2,1491.5,15942
2026-03-24T14:15:00+05:30,1491.0,1498.9,1488.0,1498.0,34655
2026-03-24T14:30:00+05:30,1498.0,1500.6,1495.0,1500.0,39217
2026-03-24T14:45:00+05:30,1498.9,1500.0,1491.5,1492.1,55990
2026-03-24T15:00:00+05:30,1492.1,1499.0,1487.5,1498.4,64729
2026-03-24T15:15:00+05:30,1498.4,1498.5,1482.4,1486.7,55189
2026-03-25T09:15:00+05:30,1498.5,1525.8,1490.0,1498.7,99820
2026-03-25T09:30:00+05:30,1498.6,1514.4,1496.0,1509.6,59839
2026-03-25T09:45:00+05:30,1508.4,1520.0,1508.1,1517.1,42526
2026-03-25T10:00:00+05:30,1517.1,1518.8,1509.4,1509.5,30593
2026-03-25T10:15:00+05:30,1509.6,1517.0,1505.0,1509.0,153908
2026-03-25T10:30:00+05:30,1509.0,1516.8,1508.0,1515.8,35403
2026-03-25T10:45:00+05:30,1515.8,1517.0,1511.0,1514.3,17910
2026-03-25T11:00:00+05:30,1515.4,1516.0,1512.1,1514.1,16892
2026-03-25T11:15:00+05:30,1514.1,1514.8,1508.0,1508.4,18661
2026-03-25T11:30:00+05:30,1508.7,1510.3,1505.1,1507.5,78617
2026-03-25T11:45:00+05:30,1507.7,1508.4,1501.5,1507.2,20319
2026-03-25T12:00:00+05:30,1507.1,1511.5,1505.2,1510.1,19249
2026-03-25T12:15:00+05:30,1511.0,1512.6,1508.0,1508.8,19788
2026-03-25T12:30:00+05:30,1509.7,1517.0,1508.2,1509.3,22152
2026-03-25T12:45:00+05:30,1509.1,1511.8,1508.0,1508.9,9578
2026-03-25T13:00:00+05:30,1509.4,1527.0,1508.7,1517.7,55668
2026-03-25T13:15:00+05:30,1518.0,1529.4,1517.0,1525.0,27054
2026-03-25T13:30:00+05:30,1525.0,1531.5,1524.0,1526.3,33589
2026-03-25T13:45:00+05:30,1526.3,1526.3,1516.0,1517.7,27831
2026-03-25T14:00:00+05:30,1517.7,1520.0,1513.8,1519.1,14493
2026-03-25T14:15:00+05:30,1519.4,1520.0,1515.0,1515.9,7730
2026-03-25T14:30:00+05:30,1516.2,1519.9,1511.3,1513.7,24313
2026-03-25T14:45:00+05:30,1514.0,1517.1,1509.5,1510.5,71317
2026-03-25T15:00:00+05:30,1510.8,1514.5,1508.0,1511.8,79003
2026-03-25T15:15:00+05:30,1511.8,1520.0,1495.0,1503.0,93912
2026-03-27T09:15:00+05:30,1509.1,1509.1,1482.9,1499.0,48205
2026-03-27T09:30:00+05:30,1499.0,1500.0,1491.0,1494.4,20474
2026-03-27T09:45:00+05:30,1493.4,1499.7,1492.0,1492.9,18708
2026-03-27T10:00:00+05:30,1492.1,1499.1,1484.0,1490.8,29366
2026-03-27T10:15:00+05:30,1490.8,1495.0,1487.5,1493.0,15618
2026-03-27T10:30:00+05:30,1493.0,1499.5,1491.1,1499.5,18330
2026-03-27T10:45:00+05:30,1499.4,1500.5,1487.0,1487.6,27171
2026-03-27T11:00:00+05:30,1487.1,1487.1,1478.2,1478.2,27351
2026-03-27T11:15:00+05:30,1478.1,1481.2,1475.5,1476.1,12310
2026-03-27T11:30:00+05:30,1476.1,1478.8,1472.0,1477.0,21392
2026-03-27T11:45:00+05:30,1476.9,1500.8,1476.3,1498.4,34733
2026-03-27T12:00:00+05:30,1499.3,1503.8,1496.0,1502.0,39864
2026-03-27T12:15:00+05:30,1502.0,1508.0,1501.3,1506.8,26238
2026-03-27T12:30:00+05:30,1506.8,1514.4,1496.7,1500.5,49847
2026-03-27T12:45:00+05:30,1500.5,1503.0,1499.0,1500.9,13486
2026-03-27T13:00:00+05:30,1500.9,1503.0,1499.0,1500.7,26564
2026-03-27T13:15:00+05:30,1500.5,1501.8,1493.6,1499.8,25184
2026-03-27T13:30:00+05:30,1500.0,1507.1,1498.0,1501.6,38054
2026-03-27T13:45:00+05:30,1501.2,1506.7,1495.2,1495.6,20401
2026-03-27T14:00:00+05:30,1495.2,1499.4,1494.0,1495.0,20975
2026-03-27T14:15:00+05:30,1495.0,1496.5,1485.9,1486.7,19464
2026-03-27T14:30:00+05:30,1487.4,1496.4,1473.9,1494.5,46662
2026-03-27T14:45:00+05:30,1494.5,1557.8,1494.2,1551.5,234723
2026-03-27T15:00:00+05:30,1551.2,1574.8,1526.6,1538.8,698764
2026-03-27T15:15:00+05:30,1538.8,1543.6,1501.0,1512.0,570344
2026-03-30T09:15:00+05:30,1500.0,1507.5,1452.0,1457.6,159215
2026-03-30T09:30:00+05:30,1457.9,1470.6,1457.9,1461.4,40144
2026-03-30T09:45:00+05:30,1461.0,1474.1,1461.0,1472.9,46197
2026-03-30T10:00:00+05:30,1472.9,1474.2,1470.0,1473.2,31932
2026-03-30T10:15:00+05:30,1472.6,1474.7,1456.0,1456.0,51982
2026-03-30T10:30:00+05:30,1456.3,1460.1,1452.7,1452.7,31178
2026-03-30T10:45:00+05:30,1452.9,1456.7,1441.0,1444.8,49029
2026-03-30T11:00:00+05:30,1444.8,1454.5,1440.7,1449.7,49852
2026-03-30T11:15:00+05:30,1450.1,1450.1,1441.3,1443.6,17033
2026-03-30T11:30:00+05:30,1443.6,1450.4,1443.1,1445.6,14796
2026-03-30T11:45:00+05:30,1446.2,1450.8,1445.0,1450.1,8199
2026-03-30T12:00:00+05:30,1449.5,1457.0,1448.1,1455.8,21431
2026-03-30T12:15:00+05:30,1455.8,1462.0,1455.0,1458.5,39966
2026-03-30T12:30:00+05:30,1458.9,1468.8,1457.5,1459.0,72705
2026-03-30T12:45:00+05:30,1459.3,1462.4,1455.0,1455.0,22883
2026-03-30T13:00:00+05:30,1455.4,1461.2,1452.0,1452.3,39302
2026-03-30T13:15:00+05:30,1452.9,1458.0,1450.5,1454.3,31067
2026-03-30T13:30:00+05:30,1454.9,1462.3,1453.6,1457.9,42412
2026-03-30T13:45:00+05:30,1457.7,1460.5,1452.6,1459.0,43977
2026-03-30T14:00:00+05:30,1459.0,1460.1,1455.0,1456.0,32075
2026-03-30T14:15:00+05:30,1456.0,1457.1,1448.2,1448.9,41028
2026-03-30T14:30:00+05:30,1448.9,1457.3,1448.4,1452.2,58371
2026-03-30T14:45:00+05:30,1452.4,1462.3,1451.6,1460.8,72216
2026-03-30T15:00:00+05:30,1460.9,1464.9,1445.2,1447.0,105862
2026-03-30T15:15:00+05:30,1447.0,1448.3,1413.7,1427.9,181222
2026-04-01T09:15:00+05:30,1454.0,1466.1,1450.1,1462.2,82557
2026-04-01T09:30:00+05:30,1462.3,1464.3,1450.3,1454.7,65669
2026-04-01T09:45:00+05:30,1454.8,1460.1,1453.0,1454.6,23262
2026-04-01T10:00:00+05:30,1454.9,1460.0,1453.0,1454.1,17179
2026-04-01T10:15:00+05:30,1453.8,1456.2,1448.0,1452.7,19472
2026-04-01T10:30:00+05:30,1451.9,1453.9,1450.0,1450.4,8784
2026-04-01T10:45:00+05:30,1450.4,1453.8,1446.1,1448.0,32333
2026-04-01T11:00:00+05:30,1447.6,1450.9,1446.0,1447.7,9940
2026-04-01T11:15:00+05:30,1447.7,1455.5,1447.5,1449.1,13386
2026-04-01T11:30:00+05:30,1449.0,1450.1,1446.4,1447.5,4548
2026-04-01T11:45:00+05:30,1447.5,1448.6,1445.0,1446.5,22089
2026-04-01T12:00:00+05:30,1446.7,1447.3,1437.8,1440.5,53832
2026-04-01T12:15:00+05:30,1440.5,1442.0,1425.0,1426.4,34586
2026-04-01T12:30:00+05:30,1426.4,1429.9,1425.4,1426.7,23905
2026-04-01T12:45:00+05:30,1426.6,1427.0,1420.8,1422.0,40445
2026-04-01T13:00:00+05:30,1422.0,1424.9,1418.2,1420.4,37214
2026-04-01T13:15:00+05:30,1420.4,1421.0,1401.7,1402.4,77396
2026-04-01T13:30:00+05:30,1402.2,1406.9,1389.7,1394.7,118431
2026-04-01T13:45:00+05:30,1395.0,1397.9,1392.3,1394.5,45240
2026-04-01T14:00:00+05:30,1394.7,1403.7,1393.2,1402.0,44461
2026-04-01T14:15:00+05:30,1402.0,1403.7,1395.1,1400.0,86980
2026-04-01T14:30:00+05:30,1400.0,1401.2,1383.3,1388.0,148864
2026-04-01T14:45:00+05:30,1388.0,1388.3,1381.2,1382.0,41078
2026-04-01T15:00:00+05:30,1382.0,1391.5,1381.9,1389.5,57011
2026-04-01T15:15:00+05:30,1389.5,1392.2,1380.1,1385.4,109348
2026-04-02T09:15:00+05:30,1385.0,1385.0,1351.2,1355.7,73526
2026-04-02T09:30:00+05:30,1355.6,1365.7,1353.4,1357.9,24303
2026-04-02T09:45:00+05:30,1357.1,1357.2,1348.2,1348.4,42675
2026-04-02T10:00:00+05:30,1348.3,1349.3,1341.1,1341.8,24229
2026-04-02T10:15:00+05:30,1341.7,1342.8,1335.2,1337.3,23942
2026-04-02T10:30:00+05:30,1337.5,1339.4,1336.0,1336.6,14334
2026-04-02T10:45:00+05:30,1336.7,1337.1,1331.0,1331.5,32875
2026-04-02T11:00:00+05:30,1332.1,1335.1,1325.0,1332.2,67943
2026-04-02T11:15:00+05:30,1331.9,1336.5,1330.6,1334.7,33451
2026-04-02T11:30:00+05:30,1334.6,1335.9,1334.0,1334.6,25435
2026-04-02T11:45:00+05:30,1334.6,1337.3,1332.8,1334.1,40312
2026-04-02T12:00:00+05:30,1334.1,1335.1,1327.6,1329.0,93131
2026-04-02T12:15:00+05:30,1329.0,1331.4,1314.2,1315.5,104360
2026-04-02T12:30:00+05:30,1315.9,1317.4,1304.1,1308.0,130743
2026-04-02T12:45:00+05:30,1308.1,1316.8,1308.0,1315.0,64498
2026-04-02T13:00:00+05:30,1314.5,1316.7,1311.0,1316.0,88115
2026-04-02T13:15:00+05:30,1315.6,1321.5,1314.3,1318.6,66470
2026-04-02T13:30:00+05:30,1318.4,1327.1,1318.1,1327.1,69728
2026-04-02T13:45:00+05:30,1327.0,1332.0,1323.3,1330.0,126212
2026-04-02T14:00:00+05:30,1330.0,1332.0,1328.1,1330.0,93404
2026-04-02T14:15:00+05:30,1330.4,1331.0,1324.1,1327.0,127660
2026-04-02T14:30:00+05:30,1327.0,1328.6,1313.6,1314.4,91022
2026-04-02T14:45:00+05:30,1314.4,1317.4,1312.0,1314.3,70404
2026-04-02T15:00:00+05:30,1314.2,1321.8,1313.0,1318.1,112645
2026-04-02T15:15:00+05:30,1317.1,1322.3,1316.4,1319.0,142842
2026-04-06T09:15:00+05:30,1336.0,1344.4,1314.6,1322.3,119763
2026-04-06T09:30:00+05:30,1321.7,1326.4,1315.2,1320.8,41934
2026-04-06T09:45:00+05:30,1321.5,1323.6,1316.1,1316.9,27755
2026-04-06T10:00:00+05:30,1317.2,1324.6,1315.0,1323.9,20947
2026-04-06T10:15:00+05:30,1323.9,1336.7,1321.2,1334.9,38811
2026-04-06T10:30:00+05:30,1334.8,1342.0,1331.1,1341.0,27930
2026-04-06T10:45:00+05:30,1341.0,1347.3,1340.0,1343.3,29249
2026-04-06T11:00:00+05:30,1343.3,1346.0,1339.8,1343.3,16596
2026-04-06T11:15:00+05:30,1343.3,1350.6,1340.8,1349.3,134680
2026-04-06T11:30:00+05:30,1349.3,1354.6,1346.2,1353.7,22677
2026-04-06T11:45:00+05:30,1353.6,1353.9,1341.9,1350.0,32008
2026-04-06T12:00:00+05:30,1349.5,1352.8,1345.9,1348.0,11903
2026-04-06T12:15:00+05:30,1348.0,1366.6,1345.0,1358.8,150320
2026-04-06T12:30:00+05:30,1359.8,1369.8,1357.4,1365.7,39963
2026-04-06T12:45:00+05:30,1366.0,1370.4,1359.5,1365.6,42547
2026-04-06T13:00:00+05:30,1365.6,1374.0,1363.8,1374.0,29239
2026-04-06T13:15:00+05:30,1374.0,1382.8,1367.0,1371.1,59850
2026-04-06T13:30:00+05:30,1371.1,1379.7,1370.9,1372.5,49945
2026-04-06T13:45:00+05:30,1372.3,1378.2,1372.3,1377.2,34750
2026-04-06T14:00:00+05:30,1377.7,1379.8,1375.4,1379.7,35672
2026-04-06T14:15:00+05:30,1378.7,1390.0,1378.7,1388.0,80724
2026-04-06T14:30:00+05:30,1387.9,1399.0,1387.5,1398.8,84597
2026-04-06T14:45:00+05:30,1398.9,1406.8,1381.4,1383.8,133660
2026-04-06T15:00:00+05:30,1383.8,1385.0,1376.9,1380.4,91924
2026-04-06T15:15:00+05:30,1380.3,1381.5,1375.2,1377.6,91471
2026-04-07T09:15:00+05:30,1378.0,1384.6,1360.5,1370.2,49001
2026-04-07T09:30:00+05:30,1369.0,1392.0,1366.4,1383.7,53462
2026-04-07T09:45:00+05:30,1383.8,1389.0,1382.0,1387.0,16910
2026-04-07T10:00:00+05:30,1387.0,1389.9,1378.0,1383.1,24076
2026-04-07T10:15:00+05:30,1382.6,1387.5,1380.2,1382.2,12055
2026-04-07T10:30:00+05:30,1382.2,1383.1,1370.1,1377.9,24464
2026-04-07T10:45:00+05:30,1378.1,1378.5,1372.1,1374.5,24980
2026-04-07T11:00:00+05:30,1374.0,1375.9,1368.8,1372.6,50390
2026-04-07T11:15:00+05:30,1373.5,1383.7,1371.1,1381.2,26003
2026-04-07T11:30:00+05:30,1381.1,1384.7,1380.9,1381.8,7936
2026-04-07T11:45:00+05:30,1381.8,1393.6,1381.8,1393.6,15393
2026-04-07T12:00:00+05:30,1393.0,1398.0,1390.0,1391.7,39301
2026-04-07T12:15:00+05:30,1391.7,1396.6,1390.0,1392.3,20484
2026-04-07T12:30:00+05:30,1392.3,1401.0,1392.3,1399.9,32478
2026-04-07T12:45:00+05:30,1399.4,1400.0,1387.7,1388.3,29723
2026-04-07T13:00:00+05:30,1388.8,1393.0,1388.0,1388.6,22423
2026-04-07T13:15:00+05:30,1388.2,1391.0,1387.2,1388.7,16414
2026-04-07T13:30:00+05:30,1387.8,1390.9,1386.0,1390.0,14091
2026-04-07T13:45:00+05:30,1389.5,1390.5,1386.0,1388.9,19664
2026-04-07T14:00:00+05:30,1388.8,1392.6,1387.0,1388.5,36708
2026-04-07T14:15:00+05:30,1389.5,1389.6,1375.4,1380.0,39553
2026-04-07T14:30:00+05:30,1380.0,1386.5,1379.3,1382.5,33071
2026-04-07T14:45:00+05:30,1382.5,1385.8,1378.8,1383.8,67755
2026-04-07T15:00:00+05:30,1384.0,1384.0,1375.0,1376.7,79446
2026-04-07T15:15:00+05:30,1377.0,1385.0,1375.0,1383.0,83903
2026-04-08T09:15:00+05:30,1419.0,1429.0,1409.8,1425.2,67803
2026-04-08T09:30:00+05:30,1424.8,1432.0,1424.0,1432.0,25751
2026-04-08T09:45:00+05:30,1431.7,1443.8,1431.6,1437.0,50002
2026-04-08T10:00:00+05:30,1437.0,1437.0,1422.3,1427.4,22919
2026-04-08T10:15:00+05:30,1427.0,1435.0,1425.5,1433.6,14061
2026-04-08T10:30:00+05:30,1433.9,1438.6,1427.0,1437.4,34514
2026-04-08T10:45:00+05:30,1437.4,1444.8,1436.3,1439.3,35907
2026-04-08T11:00:00+05:30,1439.5,1439.7,1434.2,1438.7,17747
2026-04-08T11:15:00+05:30,1438.4,1439.8,1432.1,1436.8,18559
2026-04-08T11:30:00+05:30,1436.6,1441.5,1434.0,1439.2,23541
2026-04-08T11:45:00+05:30,1439.2,1442.0,1436.4,1440.5,17635
2026-04-08T12:00:00+05:30,1440.2,1446.8,1439.8,1444.2,20776
2026-04-08T12:15:00+05:30,1445.1,1447.6,1441.2,1441.8,136785
2026-04-08T12:30:00+05:30,1442.3,1445.0,1440.6,1443.4,16170
2026-04-08T12:45:00+05:30,1443.9,1445.0,1442.0,1442.9,12811
2026-04-08T13:00:00+05:30,1442.9,1444.7,1441.4,1442.8,16168
2026-04-08T13:15:00+05:30,1443.2,1444.8,1440.5,1441.9,21635
2026-04-08T13:30:00+05:30,1441.0,1443.0,1438.6,1439.3,14428
2026-04-08T13:45:00+05:30,1439.3,1440.5,1432.6,1436.9,23570
2026-04-08T14:00:00+05:30,1436.1,1437.6,1432.9,1434.6,20679
2026-04-08T14:15:00+05:30,1434.9,1436.0,1432.6,1435.0,14154
2026-04-08T14:30:00+05:30,1435.0,1436.7,1429.1,1430.4,26354
2026-04-08T14:45:00+05:30,1429.9,1434.6,1424.3,1428.6,54204
2026-04-08T15:00:00+05:30,1429.8,1431.0,1427.2,1427.7,31453
2026-04-08T15:15:00+05:30,1427.7,1434.7,1427.5,1429.0,117664
2026-04-09T09:15:00+05:30,1425.0,1447.6,1425.0,1440.6,47253
2026-04-09T09:30:00+05:30,1442.0,1442.0,1435.5,1436.9,13249
2026-04-09T09:45:00+05:30,1436.9,1438.0,1426.1,1427.3,14284
2026-04-09T10:00:00+05:30,1427.0,1427.3,1419.0,1422.0,31137
2026-04-09T10:15:00+05:30,1422.5,1428.6,1417.5,1428.6,28638
2026-04-09T10:30:00+05:30,1428.7,1436.3,1423.5,1434.2,20173
2026-04-09T10:45:00+05:30,1434.5,1438.2,1434.0,1434.7,11314
2026-04-09T11:00:00+05:30,1435.7,1438.4,1434.0,1436.0,8641
2026-04-09T11:15:00+05:30,1436.7,1442.5,1434.9,1441.3,10254
2026-04-09T11:30:00+05:30,1441.3,1441.6,1437.7,1438.8,8568
2026-04-09T11:45:00+05:30,1438.8,1440.1,1434.0,1438.8,8939
2026-04-09T12:00:00+05:30,1439.8,1439.8,1432.0,1432.9,9121
2026-04-09T12:15:00+05:30,1432.9,1435.9,1431.5,1432.5,9250
2026-04-09T12:30:00+05:30,1432.1,1435.1,1429.0,1430.8,11436
2026-04-09T12:45:00+05:30,1430.9,1434.9,1426.6,1432.0,10261
2026-04-09T13:00:00+05:30,1431.9,1435.0,1430.0,1431.4,6729
2026-04-09T13:15:00+05:30,1431.4,1432.9,1428.0,1429.0,5220
2026-04-09T13:30:00+05:30,1429.8,1431.3,1428.0,1428.5,6908
2026-04-09T13:45:00+05:30,1428.5,1434.2,1427.2,1432.0,5491
2026-04-09T14:00:00+05:30,1432.2,1434.8,1430.1,1430.9,7926
2026-04-09T14:15:00+05:30,1430.9,1432.1,1429.0,1429.8,10758
2026-04-09T14:30:00+05:30,1429.8,1430.3,1427.1,1430.1,9677
2026-04-09T14:45:00+05:30,1430.1,1432.4,1428.7,1430.1,13796
2026-04-09T15:00:00+05:30,1430.2,1434.3,1428.8,1433.9,17046
2026-04-09T15:15:00+05:30,1433.7,1434.5,1425.5,1428.0,44606
2026-04-10T09:15:00+05:30,1440.2,1458.1,1434.7,1458.1,41163
2026-04-10T09:30:00+05:30,1458.2,1462.0,1457.1,1461.0,22595
2026-04-10T09:45:00+05:30,1461.0,1464.3,1459.3,1462.9,18936
2026-04-10T10:00:00+05:30,1462.9,1464.4,1458.1,1461.2,14689
2026-04-10T10:15:00+05:30,1462.0,1464.2,1461.2,1462.6,8711
2026-04-10T10:30:00+05:30,1463.0,1464.9,1460.2,1462.8,12152
2026-04-10T10:45:00+05:30,1463.5,1465.7,1462.7,1464.4,11017
2026-04-10T11:00:00+05:30,1464.4,1465.9,1462.6,1465.8,7424
2026-04-10T11:15:00+05:30,1465.9,1466.4,1464.4,1465.9,5760
2026-04-10T11:30:00+05:30,1465.6,1466.9,1456.0,1463.5,11037
2026-04-10T11:45:00+05:30,1462.9,1462.9,1455.1,1458.4,10181
2026-04-10T12:00:00+05:30,1458.7,1459.0,1455.0,1458.6,7988
2026-04-10T12:15:00+05:30,1458.6,1460.0,1457.1,1459.1,5355
2026-04-10T12:30:00+05:30,1459.1,1463.0,1458.9,1461.5,6424
2026-04-10T12:45:00+05:30,1461.5,1463.3,1461.0,1463.0,3696
2026-04-10T13:00:00+05:30,1462.9,1463.5,1461.0,1462.5,3788
2026-04-10T13:15:00+05:30,1462.2,1464.0,1461.7,1464.0,3445
2026-04-10T13:30:00+05:30,1464.0,1465.6,1463.0,1465.5,7263
2026-04-10T13:45:00+05:30,1465.6,1466.3,1463.8,1465.9,5770
2026-04-10T14:00:00+05:30,1466.0,1466.3,1464.3,1464.3,3669
2026-04-10T14:15:00+05:30,1464.8,1464.9,1457.3,1459.0,13987
2026-04-10T14:30:00+05:30,1458.7,1473.9,1457.0,1473.3,41960
2026-04-10T14:45:00+05:30,1473.6,1484.9,1470.1,1477.8,65533
2026-04-10T15:00:00+05:30,1478.6,1484.9,1476.0,1476.7,169030
2026-04-10T15:15:00+05:30,1475.8,1478.5,1468.0,1468.0,26719
2026-04-13T09:15:00+05:30,1440.0,1474.4,1440.0,1472.9,62065
2026-04-13T09:30:00+05:30,1472.9,1476.9,1464.1,1468.3,38575
2026-04-13T09:45:00+05:30,1468.0,1470.9,1463.5,1465.1,29212
2026-04-13T10:00:00+05:30,1465.2,1467.8,1460.7,1463.7,17266
2026-04-13T10:15:00+05:30,1462.8,1481.3,1460.2,1477.6,200763
2026-04-13T10:30:00+05:30,1477.1,1487.7,1473.5,1485.0,24994
2026-04-13T10:45:00+05:30,1485.0,1488.9,1485.0,1488.4,15514
2026-04-13T11:00:00+05:30,1488.4,1489.9,1478.7,1479.6,22440
2026-04-13T11:15:00+05:30,1479.5,1482.6,1478.3,1481.0,8113
2026-04-13T11:30:00+05:30,1481.0,1482.0,1476.9,1479.4,96949
2026-04-13T11:45:00+05:30,1479.4,1480.6,1477.0,1479.0,7800
2026-04-13T12:00:00+05:30,1478.8,1495.9,1478.1,1495.9,28637
2026-04-13T12:15:00+05:30,1495.5,1512.0,1495.4,1503.7,71201
2026-04-13T12:30:00+05:30,1503.7,1506.2,1500.7,1504.4,18468
2026-04-13T12:45:00+05:30,1504.6,1504.7,1497.0,1499.9,19467
2026-04-13T13:00:00+05:30,1498.8,1501.2,1497.8,1500.0,13819
2026-04-13T13:15:00+05:30,1500.0,1504.3,1499.4,1500.0,37001
2026-04-13T13:30:00+05:30,1499.7,1509.7,1499.7,1502.4,42176
2026-04-13T13:45:00+05:30,1502.5,1504.8,1501.2,1502.9,10899
2026-04-13T14:00:00+05:30,1502.5,1508.7,1498.6,1505.6,21706
2026-04-13T14:15:00+05:30,1505.7,1506.0,1498.0,1498.5,17061
2026-04-13T14:30:00+05:30,1499.8,1509.4,1496.5,1504.2,48579
2026-04-13T14:45:00+05:30,1505.1,1505.9,1498.0,1500.0,84821
2026-04-13T15:00:00+05:30,1500.0,1504.0,1497.0,1503.0,73537
2026-04-13T15:15:00+05:30,1504.0,1505.0,1498.3,1503.5,50379
2026-04-15T09:15:00+05:30,1515.1,1630.0,1515.1,1562.1,591317
2026-04-15T09:30:00+05:30,1562.5,1570.6,1539.7,1541.0,210753
2026-04-15T09:45:00+05:30,1541.1,1547.5,1535.0,1536.4,361638
2026-04-15T10:00:00+05:30,1535.5,1537.5,1528.0,1531.1,158676
2026-04-15T10:15:00+05:30,1531.1,1532.0,1525.1,1528.1,72497
2026-04-15T10:30:00+05:30,1528.1,1532.4,1523.3,1529.5,63048
2026-04-15T10:45:00+05:30,1529.4,1530.2,1522.5,1524.6,33475
2026-04-15T11:00:00+05:30,1524.6,1526.6,1522.4,1525.0,26682
2026-04-15T11:15:00+05:30,1524.8,1526.1,1523.7,1525.0,17860
2026-04-15T11:30:00+05:30,1524.9,1526.0,1519.0,1519.6,46240
2026-04-15T11:45:00+05:30,1519.6,1526.2,1519.4,1524.8,26689
2026-04-15T12:00:00+05:30,1524.6,1532.7,1524.5,1530.0,96676
2026-04-15T12:15:00+05:30,1531.0,1531.8,1527.8,1528.8,53094
2026-04-15T12:30:00+05:30,1528.5,1530.9,1527.5,1528.3,30567
2026-04-15T12:45:00+05:30,1528.3,1530.0,1526.9,1527.7,36084
2026-04-15T13:00:00+05:30,1527.3,1529.0,1526.3,1527.9,26306
2026-04-15T13:15:00+05:30,1527.5,1528.4,1526.2,1528.0,18962
2026-04-15T13:30:00+05:30,1527.1,1527.8,1525.0,1526.9,20787
2026-04-15T13:45:00+05:30,1526.2,1527.1,1525.1,1525.4,18889
2026-04-15T14:00:00+05:30,1525.7,1528.6,1523.5,1524.8,25734
2026-04-15T14:15:00+05:30,1524.4,1530.1,1523.5,1527.8,41257
2026-04-15T14:30:00+05:30,1527.9,1532.0,1522.5,1525.9,49028
2026-04-15T14:45:00+05:30,1525.3,1527.0,1521.6,1522.5,41108
2026-04-15T15:00:00+05:30,1522.5,1531.0,1522.4,1529.0,142985
2026-04-15T15:15:00+05:30,1529.0,1543.0,1528.2,1536.5,686852
2026-04-16T09:15:00+05:30,1559.9,1559.9,1540.0,1540.8,63880
2026-04-16T09:30:00+05:30,1540.8,1543.4,1526.5,1526.9,36142
2026-04-16T09:45:00+05:30,1527.7,1529.9,1523.1,1525.5,22133
2026-04-16T10:00:00+05:30,1525.5,1527.3,1517.0,1517.9,23967
2026-04-16T10:15:00+05:30,1518.0,1523.0,1516.7,1520.0,18430
2026-04-16T10:30:00+05:30,1519.1,1520.7,1517.1,1519.8,10459
2026-04-16T10:45:00+05:30,1519.8,1520.0,1516.1,1516.7,10399
2026-04-16T11:00:00+05:30,1517.5,1523.9,1516.9,1520.7,14002
2026-04-16T11:15:00+05:30,1520.7,1521.7,1517.6,1520.0,32787
2026-04-16T11:30:00+05:30,1520.2,1521.3,1518.7,1520.0,19253
2026-04-16T11:45:00+05:30,1520.0,1522.2,1513.0,1520.0,52083
2026-04-16T12:00:00+05:30,1520.0,1528.9,1518.5,1523.4,23028
2026-04-16T12:15:00+05:30,1523.5,1523.8,1520.7,1523.0,8153
2026-04-16T12:30:00+05:30,1523.0,1523.0,1520.5,1521.4,6847
2026-04-16T12:45:00+05:30,1521.1,1522.0,1520.0,1520.7,8263
2026-04-16T13:00:00+05:30,1521.3,1521.6,1519.0,1520.0,33323
2026-04-16T13:15:00+05:30,1520.0,1522.4,1518.8,1520.1,13540
2026-04-16T13:30:00+05:30,1520.0,1520.4,1519.0,1520.1,12381
2026-04-16T13:45:00+05:30,1520.0,1522.2,1520.0,1522.2,10965
2026-04-16T14:00:00+05:30,1522.5,1532.9,1520.5,1532.0,23824
2026-04-16T14:15:00+05:30,1531.7,1551.7,1528.2,1550.2,96157
2026-04-16T14:30:00+05:30,1550.2,1550.8,1543.8,1547.2,21420
2026-04-16T14:45:00+05:30,1547.1,1547.2,1543.6,1545.2,18487
2026-04-16T15:00:00+05:30,1545.9,1552.5,1541.0,1550.7,81369
2026-04-16T15:15:00+05:30,1551.0,1556.0,1550.0,1555.0,59156
2026-04-17T09:15:00+05:30,1541.3,1558.8,1541.3,1552.9,22175
2026-04-17T09:30:00+05:30,1553.0,1560.0,1543.9,1552.8,53891
2026-04-17T09:45:00+05:30,1552.8,1554.6,1552.3,1553.3,9041
2026-04-17T10:00:00+05:30,1553.3,1557.0,1551.1,1551.9,10242
2026-04-17T10:15:00+05:30,1551.9,1557.4,1550.5,1554.0,23031
2026-04-17T10:30:00+05:30,1554.5,1555.1,1543.0,1546.1,14731
2026-04-17T10:45:00+05:30,1546.2,1550.9,1545.5,1550.9,13116
2026-04-17T11:00:00+05:30,1550.4,1551.3,1549.0,1550.1,7419
2026-04-17T11:15:00+05:30,1550.3,1557.0,1550.1,1555.2,30125
2026-04-17T11:30:00+05:30,1555.2,1568.3,1554.5,1563.7,43685
2026-04-17T11:45:00+05:30,1563.2,1568.0,1560.5,1560.9,19917
2026-04-17T12:00:00+05:30,1561.6,1562.9,1560.0,1561.4,17266
2026-04-17T12:15:00+05:30,1561.3,1571.4,1560.1,1570.0,21385
2026-04-17T12:30:00+05:30,1570.9,1576.7,1568.2,1573.7,29327
2026-04-17T12:45:00+05:30,1573.7,1574.0,1571.0,1572.1,15316
2026-04-17T13:00:00+05:30,1572.1,1586.9,1572.1,1581.6,58943
2026-04-17T13:15:00+05:30,1581.8,1586.0,1571.0,1571.0,45503
2026-04-17T13:30:00+05:30,1571.8,1573.7,1568.4,1569.8,23476
2026-04-17T13:45:00+05:30,1570.4,1573.5,1568.4,1570.5,14690
2026-04-17T14:00:00+05:30,1571.1,1574.8,1569.4,1571.1,12629
2026-04-17T14:15:00+05:30,1571.4,1575.6,1570.2,1574.0,18530
2026-04-17T14:30:00+05:30,1574.7,1578.2,1573.2,1575.0,14785
2026-04-17T14:45:00+05:30,1575.8,1580.0,1574.7,1577.4,25065
2026-04-17T15:00:00+05:30,1578.0,1583.3,1573.0,1575.7,50976
2026-04-17T15:15:00+05:30,1575.6,1581.8,1574.7,1577.0,51195
2026-04-20T09:15:00+05:30,1578.7,1588.5,1553.2,1577.2,86165
2026-04-20T09:30:00+05:30,1576.6,1577.5,1551.0,1555.0,39363
2026-04-20T09:45:00+05:30,1555.0,1563.9,1553.0,1558.9,22405
2026-04-20T10:00:00+05:30,1559.0,1564.9,1556.5,1560.2,13712
2026-04-20T10:15:00+05:30,1559.8,1567.9,1557.7,1564.8,118391
2026-04-20T10:30:00+05:30,1565.0,1571.4,1564.0,1568.6,20537
2026-04-20T10:45:00+05:30,1568.6,1574.1,1560.2,1562.2,25098
2026-04-20T11:00:00+05:30,1563.0,1566.8,1560.2,1562.9,12292
2026-04-20T11:15:00+05:30,1562.9,1563.8,1560.5,1562.0,5762
2026-04-20T11:30:00+05:30,1562.0,1564.2,1559.8,1561.0,8548
2026-04-20T11:45:00+05:30,1561.0,1562.3,1559.0,1561.7,5840
2026-04-20T12:00:00+05:30,1561.7,1564.2,1561.0,1562.5,7880
2026-04-20T12:15:00+05:30,1562.5,1563.1,1559.7,1562.3,8333
2026-04-20T12:30:00+05:30,1562.3,1581.9,1560.0,1580.0,28160
2026-04-20T12:45:00+05:30,1580.6,1586.8,1577.0,1585.0,29246
2026-04-20T13:00:00+05:30,1585.0,1588.1,1580.6,1584.8,19719
2026-04-20T13:15:00+05:30,1584.8,1584.9,1578.0,1582.5,22699
2026-04-20T13:30:00+05:30,1582.9,1582.9,1578.4,1582.0,16992
2026-04-20T13:45:00+05:30,1582.1,1582.1,1577.0,1579.8,17826
2026-04-20T14:00:00+05:30,1579.8,1581.4,1577.0,1580.8,26261
2026-04-20T14:15:00+05:30,1580.0,1590.2,1579.6,1590.0,27348
2026-04-20T14:30:00+05:30,1590.0,1594.2,1583.9,1590.0,47759
2026-04-20T14:45:00+05:30,1590.0,1597.7,1577.0,1597.1,190400
2026-04-20T15:00:00+05:30,1597.1,1597.1,1591.5,1595.2,58062
2026-04-20T15:15:00+05:30,1595.0,1596.0,1588.0,1589.0,61658
2026-04-21T09:15:00+05:30,1603.0,1605.0,1586.5,1590.3,31302
2026-04-21T09:30:00+05:30,1590.3,1594.2,1585.6,1587.6,13200
2026-04-21T09:45:00+05:30,1587.8,1594.0,1587.8,1592.6,9553
2026-04-21T10:00:00+05:30,1592.6,1596.6,1592.1,1595.0,14735
2026-04-21T10:15:00+05:30,1594.5,1595.6,1587.4,1588.4,12426
2026-04-21T10:30:00+05:30,1588.4,1592.8,1587.6,1590.1,4444
2026-04-21T10:45:00+05:30,1590.0,1593.9,1583.8,1585.8,16725
2026-04-21T11:00:00+05:30,1586.5,1590.0,1585.0,1587.0,9741
2026-04-21T11:15:00+05:30,1586.6,1586.9,1581.3,1582.0,8855
2026-04-21T11:30:00+05:30,1582.0,1598.8,1581.1,1588.7,32527
2026-04-21T11:45:00+05:30,1588.2,1593.0,1585.6,1588.1,9002
2026-04-21T12:00:00+05:30,1588.8,1598.1,1587.5,1590.0,80955
2026-04-21T12:15:00+05:30,1590.0,1655.0,1588.8,1650.3,545936
2026-04-21T12:30:00+05:30,1650.3,1651.9,1630.0,1631.8,100468
2026-04-21T12:45:00+05:30,1632.0,1635.1,1625.7,1627.8,38561
2026-04-21T13:00:00+05:30,1628.2,1633.8,1621.9,1625.0,26225
2026-04-21T13:15:00+05:30,1625.3,1629.4,1615.6,1618.9,28217
2026-04-21T13:30:00+05:30,1618.4,1618.8,1612.3,1616.0,18350
2026-04-21T13:45:00+05:30,1615.7,1619.8,1610.0,1610.2,23532
2026-04-21T14:00:00+05:30,1610.2,1610.4,1601.3,1603.9,32862
2026-04-21T14:15:00+05:30,1603.4,1607.8,1601.6,1605.6,13820
2026-04-21T14:30:00+05:30,1605.6,1613.0,1604.3,1611.8,19529
2026-04-21T14:45:00+05:30,1611.4,1613.0,1609.3,1611.8,18455
2026-04-21T15:00:00+05:30,1611.7,1619.9,1602.3,1609.0,86743
2026-04-21T15:15:00+05:30,1609.6,1610.4,1606.0,1607.4,27034
2026-04-22T09:15:00+05:30,1611.0,1620.4,1607.8,1611.0,36609
2026-04-22T09:30:00+05:30,1611.7,1615.0,1605.0,1607.0,14126
2026-04-22T09:45:00+05:30,1608.0,1608.9,1601.3,1605.2,13380
2026-04-22T10:00:00+05:30,1605.2,1661.6,1603.0,1629.2,331604
2026-04-22T10:15:00+05:30,1630.0,1634.1,1617.2,1620.0,29195
2026-04-22T10:30:00+05:30,1620.0,1620.4,1617.1,1618.0,10457
2026-04-22T10:45:00+05:30,1618.1,1620.0,1614.2,1616.5,11261
2026-04-22T11:00:00+05:30,1616.5,1618.0,1612.2,1614.7,10997
2026-04-22T11:15:00+05:30,1614.7,1617.7,1614.7,1616.7,5170
2026-04-22T11:30:00+05:30,1616.7,1618.3,1614.6,1616.8,5669
2026-04-22T11:45:00+05:30,1617.0,1636.9,1615.7,1628.0,80528
2026-04-22T12:00:00+05:30,1628.1,1634.5,1622.5,1624.1,29919
2026-04-22T12:15:00+05:30,1624.1,1625.8,1622.0,1623.9,8671
2026-04-22T12:30:00+05:30,1623.9,1624.7,1613.0,1616.5,24046
2026-04-22T12:45:00+05:30,1615.9,1618.2,1613.0,1614.3,14417
2026-04-22T13:00:00+05:30,1614.3,1618.3,1610.2,1611.3,68226
2026-04-22T13:15:00+05:30,1611.3,1616.8,1611.3,1614.0,73182
2026-04-22T13:30:00+05:30,1614.0,1615.8,1608.8,1610.4,40766
2026-04-22T13:45:00+05:30,1610.4,1615.2,1608.0,1608.5,24940
2026-04-22T14:00:00+05:30,1608.5,1611.8,1605.3,1606.5,22382
2026-04-22T14:15:00+05:30,1606.5,1609.3,1605.4,1607.8,11108
2026-04-22T14:30:00+05:30,1607.9,1614.6,1607.5,1612.8,13223
2026-04-22T14:45:00+05:30,1612.8,1613.4,1607.9,1608.4,20955
2026-04-22T15:00:00+05:30,1608.9,1633.0,1597.2,1598.6,140001
2026-04-22T15:15:00+05:30,1599.3,1608.0,1595.1,1603.0,45807
2026-04-23T09:15:00+05:30,1608.0,1608.1,1587.7,1587.7,27760
2026-04-23T09:30:00+05:30,1588.4,1592.2,1585.0,1590.3,24135
2026-04-23T09:45:00+05:30,1589.1,1595.4,1588.3,1592.0,12768
2026-04-23T10:00:00+05:30,1592.0,1593.7,1578.0,1578.8,16344
2026-04-23T10:15:00+05:30,1578.2,1580.0,1575.0,1575.1,20076
2026-04-23T10:30:00+05:30,1575.0,1575.8,1570.0,1570.1,20133
2026-04-23T10:45:00+05:30,1570.0,1570.7,1558.0,1558.5,30813
2026-04-23T11:00:00+05:30,1559.0,1559.6,1553.1,1554.3,21647
2026-04-23T11:15:00+05:30,1554.3,1556.8,1548.1,1548.2,43177
2026-04-23T11:30:00+05:30,1548.2,1551.6,1542.0,1542.4,29496
2026-04-23T11:45:00+05:30,1542.4,1551.8,1542.0,1545.0,25674
2026-04-23T12:00:00+05:30,1545.0,1555.0,1544.0,1551.5,24436
2026-04-23T12:15:00+05:30,1551.5,1557.4,1550.2,1552.9,28174
2026-04-23T12:30:00+05:30,1552.9,1553.5,1544.1,1544.5,26676
2026-04-23T12:45:00+05:30,1544.5,1549.4,1544.5,1547.9,16000
2026-04-23T13:00:00+05:30,1547.3,1553.1,1546.1,1552.0,41325
2026-04-23T13:15:00+05:30,1552.0,1558.3,1551.2,1557.5,37426
2026-04-23T13:30:00+05:30,1557.5,1558.8,1549.0,1549.6,38890
2026-04-23T13:45:00+05:30,1549.6,1552.0,1548.0,1551.0,14572
2026-04-23T14:00:00+05:30,1551.0,1553.9,1550.0,1551.0,16022
2026-04-23T14:15:00+05:30,1551.2,1552.5,1547.6,1548.4,21212
2026-04-23T14:30:00+05:30,1547.6,1548.4,1539.0,1541.9,39406
2026-04-23T14:45:00+05:30,1541.9,1552.9,1540.5,1547.8,52940
2026-04-23T15:00:00+05:30,1547.6,1558.9,1547.6,1549.3,82239
2026-04-23T15:15:00+05:30,1549.6,1551.6,1539.3,1545.0,71888
2026-04-24T09:15:00+05:30,1559.6,1564.7,1542.0,1544.9,35242
2026-04-24T09:30:00+05:30,1543.7,1545.3,1535.0,1539.6,20754
2026-04-24T09:45:00+05:30,1540.6,1541.1,1529.5,1534.4,21753
2026-04-24T10:00:00+05:30,1534.4,1546.5,1534.2,1543.8,13176
2026-04-24T10:15:00+05:30,1542.6,1547.6,1537.5,1538.5,10849
2026-04-24T10:30:00+05:30,1538.4,1538.7,1535.0,1535.0,2633
2026-04-24T10:45:00+05:30,1535.2,1538.5,1534.9,1535.0,6064
2026-04-24T11:00:00+05:30,1535.3,1535.4,1531.6,1532.6,3486
2026-04-24T11:15:00+05:30,1532.6,1536.0,1531.0,1534.4,2699
2026-04-24T11:30:00+05:30,1535.5,1537.8,1534.7,1534.8,1727
2026-04-24T11:45:00+05:30,1534.8,1534.8,1527.6,1527.9,11628
2026-04-24T12:00:00+05:30,1527.8,1537.0,1526.8,1536.8,12894
2026-04-24T12:15:00+05:30,1536.8,1537.5,1530.1,1531.6,3323
2026-04-24T12:30:00+05:30,1530.7,1542.4,1530.5,1539.5,16674
2026-04-24T12:45:00+05:30,1538.7,1540.6,1528.0,1531.6,11597
2026-04-24T13:00:00+05:30,1531.6,1531.6,1525.5,1526.0,6823
2026-04-24T13:15:00+05:30,1527.0,1530.0,1525.8,1528.0,5593
2026-04-24T13:30:00+05:30,1528.0,1536.4,1527.1,1535.1,17856
2026-04-24T13:45:00+05:30,1535.0,1541.0,1534.7,1538.7,33791
2026-04-24T14:00:00+05:30,1538.2,1548.9,1536.9,1547.5,30027
2026-04-24T14:15:00+05:30,1547.5,1560.5,1546.8,1560.0,42328
2026-04-24T14:30:00+05:30,1559.2,1571.0,1556.1,1569.7,57757
2026-04-24T14:45:00+05:30,1570.5,1575.0,1563.2,1571.4,72224
2026-04-24T15:00:00+05:30,1571.4,1581.0,1569.5,1581.0,95739
2026-04-24T15:15:00+05:30,1580.8,1584.3,1575.0,1578.0,61640
