datetime,open,high,low,close,volume
2024-09-03T10:00:00+05:30,990.0,994.55,860.55,862.95,21421893
2024-09-03T10:15:00+05:30,862.8,881.0,860.0,872.8,3652884
2024-09-03T10:30:00+05:30,873.45,877.8,870.0,871.4,1648439
2024-09-03T10:45:00+05:30,872.0,877.0,865.5,870.6,1425720
2024-09-03T11:00:00+05:30,870.95,886.4,870.1,882.2,1293458
2024-09-03T11:15:00+05:30,882.35,886.45,876.65,882.95,850169
2024-09-03T11:30:00+05:30,882.8,883.0,877.0,880.4,607696
2024-09-03T11:45:00+05:30,880.15,880.5,859.0,863.8,1870297
2024-09-03T12:00:00+05:30,863.75,865.0,859.0,862.35,904431
2024-09-03T12:15:00+05:30,862.4,863.0,855.0,858.25,1313229
2024-09-03T12:30:00+05:30,858.25,862.3,857.25,860.0,629030
2024-09-03T12:45:00+05:30,859.75,860.0,812.0,823.0,3471001
2024-09-03T13:00:00+05:30,822.75,823.0,802.1,817.7,2016372
2024-09-03T13:15:00+05:30,817.45,819.0,805.0,807.3,735199
2024-09-03T13:30:00+05:30,807.3,834.4,802.7,827.35,1587478
2024-09-03T13:45:00+05:30,827.1,827.95,808.6,814.1,953809
2024-09-03T14:00:00+05:30,814.2,825.0,806.25,823.7,628504
2024-09-03T14:15:00+05:30,823.7,844.0,820.3,841.0,1862677
2024-09-03T14:30:00+05:30,841.05,844.0,831.0,835.45,735802
2024-09-03T14:45:00+05:30,835.4,846.9,832.75,843.4,726452
2024-09-03T15:00:00+05:30,843.5,845.0,835.0,839.0,785259
2024-09-03T15:15:00+05:30,839.0,843.7,836.35,838.9,1203839
2024-09-04T09:15:00+05:30,816.6,854.8,803.05,847.6,2767617
2024-09-04T09:30:00+05:30,847.6,852.0,828.1,852.0,1481083
2024-09-04T09:45:00+05:30,851.45,866.0,844.3,865.8,1729658
2024-09-04T10:00:00+05:30,865.75,872.65,856.85,867.0,1364607
2024-09-04T10:15:00+05:30,867.0,871.9,853.1,854.65,725387
2024-09-04T10:30:00+05:30,854.65,865.0,854.1,861.0,330489
2024-09-04T10:45:00+05:30,861.0,864.8,855.0,863.0,289029
2024-09-04T11:00:00+05:30,863.0,865.0,860.1,860.25,171895
2024-09-04T11:15:00+05:30,860.25,860.8,855.25,856.35,133184
2024-09-04T11:30:00+05:30,856.6,859.8,855.25,857.9,104440
2024-09-04T11:45:00+05:30,857.9,858.75,855.25,857.95,76729
2024-09-04T12:00:00+05:30,857.6,858.9,855.0,855.2,90953
2024-09-04T12:15:00+05:30,855.15,862.5,852.0,859.65,220539
2024-09-04T12:30:00+05:30,860.0,861.3,858.0,858.75,91570
2024-09-04T12:45:00+05:30,858.5,859.4,857.3,858.3,59099
2024-09-04T13:00:00+05:30,858.7,858.7,854.15,855.85,81047
2024-09-04T13:15:00+05:30,855.8,859.0,855.0,858.05,67609
2024-09-04T13:30:00+05:30,858.1,858.4,843.15,846.7,290700
2024-09-04T13:45:00+05:30,846.25,847.5,836.25,840.65,311214
2024-09-04T14:00:00+05:30,840.95,844.95,837.55,842.9,144509
2024-09-04T14:15:00+05:30,843.25,846.8,840.7,842.8,102730
2024-09-04T14:30:00+05:30,842.9,843.65,838.0,839.0,132905
2024-09-04T14:45:00+05:30,839.05,842.45,839.0,839.95,88440
2024-09-04T15:00:00+05:30,840.0,846.0,839.8,843.05,181031
2024-09-04T15:15:00+05:30,843.0,844.0,839.1,840.5,393001
2024-09-05T09:15:00+05:30,856.1,871.5,852.2,868.25,1160019
2024-09-05T09:30:00+05:30,868.25,895.85,867.15,885.95,2316889
2024-09-05T09:45:00+05:30,885.95,892.75,879.3,888.8,883440
2024-09-05T10:00:00+05:30,888.8,890.9,884.15,884.25,323369
2024-09-05T10:15:00+05:30,884.7,886.85,880.05,881.0,254684
2024-09-05T10:30:00+05:30,881.0,888.0,876.1,888.0,358015
2024-09-05T10:45:00+05:30,887.95,896.9,887.45,894.6,1025983
2024-09-05T11:00:00+05:30,894.35,898.65,890.1,897.0,568738
2024-09-05T11:15:00+05:30,897.3,912.7,896.1,906.15,1650601
2024-09-05T11:30:00+05:30,906.3,931.8,903.7,926.95,2630000
2024-09-05T11:45:00+05:30,927.75,942.0,916.65,918.75,2042271
2024-09-05T12:00:00+05:30,918.75,937.65,913.6,930.5,1121066
2024-09-05T12:15:00+05:30,930.55,948.9,930.55,943.55,1582387
2024-09-05T12:30:00+05:30,944.05,944.3,930.0,935.45,871529
2024-09-05T12:45:00+05:30,935.65,947.9,934.75,943.0,750866
2024-09-05T13:00:00+05:30,943.3,943.35,933.0,938.0,418556
2024-09-05T13:15:00+05:30,937.65,945.8,935.6,936.9,458979
2024-09-05T13:30:00+05:30,936.7,942.5,934.0,939.95,294536
2024-09-05T13:45:00+05:30,939.95,967.8,939.15,966.3,2667788
2024-09-05T14:00:00+05:30,966.7,984.9,957.05,968.4,3889407
2024-09-05T14:15:00+05:30,968.9,983.0,968.35,972.45,1289275
2024-09-05T14:30:00+05:30,972.6,978.9,961.65,976.15,1241878
2024-09-05T14:45:00+05:30,976.0,1010.0,975.25,1003.7,3961746
2024-09-05T15:00:00+05:30,1003.3,1010.25,980.2,1006.7,2820710
2024-09-05T15:15:00+05:30,1006.9,1010.25,996.0,1006.1,2121780
2024-09-06T09:15:00+05:30,1010.0,1077.7,982.0,1067.75,6471592
2024-09-06T09:30:00+05:30,1067.75,1109.0,1062.15,1108.0,4631950
2024-09-06T09:45:00+05:30,1108.0,1188.9,1099.35,1177.95,7144518
2024-09-06T10:00:00+05:30,1178.0,1180.0,1106.3,1125.9,4213500
2024-09-06T10:15:00+05:30,1126.0,1129.05,1082.2,1120.9,2827090
2024-09-06T10:30:00+05:30,1120.0,1145.0,1116.8,1133.8,1656676
2024-09-06T10:45:00+05:30,1134.55,1134.75,1111.0,1120.0,887767
2024-09-06T11:00:00+05:30,1120.0,1125.0,1101.0,1115.0,714767
2024-09-06T11:15:00+05:30,1114.25,1120.0,1113.15,1115.2,243557
2024-09-06T11:30:00+05:30,1115.85,1143.0,1106.0,1138.75,961360
2024-09-06T11:45:00+05:30,1139.35,1168.0,1127.45,1157.65,1807794
2024-09-06T12:00:00+05:30,1157.65,1157.95,1132.55,1153.8,1046069
2024-09-06T12:15:00+05:30,1153.15,1164.0,1148.05,1159.5,780440
2024-09-06T12:30:00+05:30,1159.75,1160.0,1140.6,1144.05,657099
2024-09-06T12:45:00+05:30,1144.3,1150.7,1135.35,1138.7,428200
2024-09-06T13:00:00+05:30,1138.7,1147.4,1130.35,1140.6,510759
2024-09-06T13:15:00+05:30,1140.55,1148.0,1133.0,1144.6,454472
2024-09-06T13:30:00+05:30,1144.6,1154.8,1138.2,1153.4,524744
2024-09-06T13:45:00+05:30,1154.0,1159.7,1150.0,1153.05,744889
2024-09-06T14:00:00+05:30,1153.05,1163.0,1153.0,1156.1,882241
2024-09-06T14:15:00+05:30,1156.15,1156.9,1117.3,1118.0,1358964
2024-09-06T14:30:00+05:30,1117.3,1136.0,1116.0,1122.0,1021604
2024-09-06T14:45:00+05:30,1122.0,1134.85,1115.0,1119.0,889011
2024-09-06T15:00:00+05:30,1119.0,1124.8,1082.3,1087.5,2070077
2024-09-06T15:15:00+05:30,1087.5,1105.0,1079.0,1104.0,1572388
2024-09-09T09:15:00+05:30,1120.0,1190.0,1111.1,1133.35,5834602
2024-09-09T09:30:00+05:30,1133.3,1164.0,1121.85,1153.8,2049326
2024-09-09T09:45:00+05:30,1153.8,1164.0,1130.8,1140.55,1308004
2024-09-09T10:00:00+05:30,1140.6,1144.9,1123.5,1130.35,734624
2024-09-09T10:15:00+05:30,1130.35,1130.35,1105.0,1117.6,1383454
2024-09-09T10:30:00+05:30,1117.7,1139.9,1116.0,1133.8,864641
2024-09-09T10:45:00+05:30,1133.7,1137.0,1123.0,1133.6,365057
2024-09-09T11:00:00+05:30,1133.85,1142.0,1130.2,1135.5,391918
2024-09-09T11:15:00+05:30,1135.5,1138.8,1128.2,1136.7,220824
2024-09-09T11:30:00+05:30,1136.55,1138.95,1131.9,1133.9,180219
2024-09-09T11:45:00+05:30,1133.95,1140.0,1133.35,1137.7,256642
2024-09-09T12:00:00+05:30,1138.0,1144.0,1136.1,1138.5,321431
2024-09-09T12:15:00+05:30,1138.45,1159.95,1137.8,1152.1,1040214
2024-09-09T12:30:00+05:30,1152.25,1160.0,1150.0,1156.3,486063
2024-09-09T12:45:00+05:30,1156.55,1180.0,1155.0,1163.25,1710978
2024-09-09T13:00:00+05:30,1163.95,1167.75,1141.0,1154.9,908968
2024-09-09T13:15:00+05:30,1154.6,1169.95,1152.25,1160.0,593491
2024-09-09T13:30:00+05:30,1159.75,1164.0,1155.15,1156.6,290938
2024-09-09T13:45:00+05:30,1156.6,1165.0,1156.05,1159.65,347318
2024-09-09T14:00:00+05:30,1159.65,1172.0,1157.25,1171.55,528781
2024-09-09T14:15:00+05:30,1171.85,1176.05,1157.6,1160.75,721428
2024-09-09T14:30:00+05:30,1161.35,1182.0,1160.7,1175.65,1154349
2024-09-09T14:45:00+05:30,1175.65,1181.8,1169.0,1175.95,1161086
2024-09-09T15:00:00+05:30,1175.95,1224.4,1160.0,1217.0,3094527
2024-09-09T15:15:00+05:30,1216.95,1235.0,1206.2,1219.0,2579998
2024-09-10T09:15:00+05:30,1240.0,1267.95,1226.3,1243.95,3253262
2024-09-10T09:30:00+05:30,1243.2,1264.0,1232.0,1239.95,1795658
2024-09-10T09:45:00+05:30,1239.25,1243.5,1225.0,1231.25,1007637
2024-09-10T10:00:00+05:30,1231.25,1260.0,1227.2,1238.7,1125356
2024-09-10T10:15:00+05:30,1238.7,1245.0,1236.1,1238.9,252853
2024-09-10T10:30:00+05:30,1238.9,1252.0,1238.0,1243.6,282950
2024-09-10T10:45:00+05:30,1243.8,1248.8,1235.1,1239.9,313609
2024-09-10T11:00:00+05:30,1239.25,1243.0,1239.0,1239.1,122638
2024-09-10T11:15:00+05:30,1239.1,1246.9,1236.05,1242.25,166562
2024-09-10T11:30:00+05:30,1242.25,1245.0,1239.0,1239.9,112692
2024-09-10T11:45:00+05:30,1239.9,1244.05,1239.1,1242.1,115580
2024-09-10T12:00:00+05:30,1242.3,1243.5,1239.4,1240.55,157473
2024-09-10T12:15:00+05:30,1240.95,1242.85,1236.0,1236.6,196998
2024-09-10T12:30:00+05:30,1236.55,1238.5,1220.15,1227.1,710842
2024-09-10T12:45:00+05:30,1227.1,1227.7,1150.8,1159.8,2350751
2024-09-10T13:00:00+05:30,1159.8,1168.7,1113.6,1132.9,2202271
2024-09-10T13:15:00+05:30,1132.9,1161.15,1128.0,1139.6,1039027
2024-09-10T13:30:00+05:30,1139.55,1150.9,1111.9,1119.65,688019
2024-09-10T13:45:00+05:30,1119.05,1142.5,1117.15,1139.6,695351
2024-09-10T14:00:00+05:30,1139.5,1139.8,1123.0,1128.1,445357
2024-09-10T14:15:00+05:30,1128.1,1143.9,1125.0,1143.9,310976
2024-09-10T14:30:00+05:30,1143.0,1157.95,1133.2,1138.15,656561
2024-09-10T14:45:00+05:30,1138.15,1197.5,1138.0,1190.85,1757816
2024-09-10T15:00:00+05:30,1190.05,1200.0,1158.1,1176.7,1566837
2024-09-10T15:15:00+05:30,1176.15,1176.85,1157.35,1162.0,1030714
2024-09-11T09:15:00+05:30,1153.7,1167.95,1127.1,1159.4,1739310
2024-09-11T09:30:00+05:30,1159.4,1161.0,1145.0,1147.4,433357
2024-09-11T09:45:00+05:30,1147.8,1152.0,1137.0,1137.6,426272
2024-09-11T10:00:00+05:30,1137.6,1141.95,1131.0,1140.0,319929
2024-09-11T10:15:00+05:30,1140.0,1140.0,1120.05,1123.25,491405
2024-09-11T10:30:00+05:30,1123.8,1136.0,1123.0,1133.45,210456
2024-09-11T10:45:00+05:30,1133.45,1140.0,1127.05,1135.05,160307
2024-09-11T11:00:00+05:30,1135.85,1150.0,1135.2,1143.0,273220
2024-09-11T11:15:00+05:30,1143.0,1147.95,1132.0,1133.75,228728
2024-09-11T11:30:00+05:30,1133.95,1134.4,1128.05,1133.45,125091
2024-09-11T11:45:00+05:30,1132.95,1135.0,1117.0,1123.1,311713
2024-09-11T12:00:00+05:30,1123.2,1134.0,1123.0,1126.8,111494
2024-09-11T12:15:00+05:30,1126.2,1133.0,1125.05,1131.5,87258
2024-09-11T12:30:00+05:30,1131.0,1134.7,1125.55,1130.75,80914
2024-09-11T12:45:00+05:30,1130.5,1131.0,1121.05,1124.2,91451
2024-09-11T13:00:00+05:30,1124.9,1127.3,1112.55,1121.75,197069
2024-09-11T13:15:00+05:30,1121.75,1122.95,1118.1,1119.5,100151
2024-09-11T13:30:00+05:30,1119.8,1124.95,1118.15,1121.8,85870
2024-09-11T13:45:00+05:30,1121.45,1121.6,1106.65,1115.0,250506
2024-09-11T14:00:00+05:30,1115.4,1116.65,1091.7,1094.75,641745
2024-09-11T14:15:00+05:30,1094.0,1108.55,1093.3,1099.3,325490
2024-09-11T14:30:00+05:30,1099.8,1105.0,1088.5,1092.8,261520
2024-09-11T14:45:00+05:30,1093.0,1095.75,1085.0,1088.85,419971
2024-09-11T15:00:00+05:30,1088.85,1107.65,1082.65,1097.8,667166
2024-09-11T15:15:00+05:30,1097.2,1111.9,1091.35,1096.5,703492
2024-09-12T09:15:00+05:30,1111.1,1149.2,1085.0,1130.8,2233142
2024-09-12T09:30:00+05:30,1131.8,1157.7,1121.1,1152.6,1084130
2024-09-12T09:45:00+05:30,1153.4,1156.9,1130.1,1138.9,752048
2024-09-12T10:00:00+05:30,1138.95,1144.7,1135.0,1135.95,264243
2024-09-12T10:15:00+05:30,1135.85,1139.9,1130.1,1132.1,231293
2024-09-12T10:30:00+05:30,1132.85,1139.6,1130.1,1132.0,128940
2024-09-12T10:45:00+05:30,1132.05,1132.8,1120.1,1123.7,256488
2024-09-12T11:00:00+05:30,1123.9,1124.9,1112.05,1117.4,342740
2024-09-12T11:15:00+05:30,1117.0,1118.7,1107.3,1116.1,272637
2024-09-12T11:30:00+05:30,1116.9,1121.0,1116.45,1119.85,89065
2024-09-12T11:45:00+05:30,1119.85,1126.95,1118.0,1121.0,124382
2024-09-12T12:00:00+05:30,1121.5,1134.0,1121.0,1126.0,201768
2024-09-12T12:15:00+05:30,1126.5,1129.25,1123.0,1123.65,58763
2024-09-12T12:30:00+05:30,1123.65,1125.0,1120.0,1122.5,61837
2024-09-12T12:45:00+05:30,1122.5,1123.85,1117.05,1123.0,54383
2024-09-12T13:00:00+05:30,1123.0,1123.0,1115.0,1117.95,69963
2024-09-12T13:15:00+05:30,1118.0,1119.0,1115.05,1116.65,54979
2024-09-12T13:30:00+05:30,1116.65,1118.95,1108.0,1111.95,142599
2024-09-12T13:45:00+05:30,1111.5,1121.6,1111.0,1119.0,70242
2024-09-12T14:00:00+05:30,1119.0,1128.0,1117.0,1121.5,344029
2024-09-12T14:15:00+05:30,1121.5,1132.8,1120.05,1121.55,175007
2024-09-12T14:30:00+05:30,1121.6,1126.0,1121.05,1122.0,49521
2024-09-12T14:45:00+05:30,1122.0,1123.0,1112.7,1116.75,157932
2024-09-12T15:00:00+05:30,1116.8,1137.3,1113.05,1128.85,376653
2024-09-12T15:15:00+05:30,1129.0,1143.7,1127.05,1136.3,599943
2024-09-13T09:15:00+05:30,1142.0,1144.0,1120.0,1122.1,663825
2024-09-13T09:30:00+05:30,1122.5,1129.0,1115.1,1115.2,223894
2024-09-13T09:45:00+05:30,1115.5,1122.0,1115.1,1116.75,119718
2024-09-13T10:00:00+05:30,1117.7,1125.3,1116.15,1120.1,95034
2024-09-13T10:15:00+05:30,1120.15,1122.6,1118.55,1119.8,46897
2024-09-13T10:30:00+05:30,1120.05,1120.95,1117.0,1119.0,45891
2024-09-13T10:45:00+05:30,1118.55,1119.7,1111.05,1111.55,85034
2024-09-13T11:00:00+05:30,1112.35,1118.25,1106.0,1117.05,164622
2024-09-13T11:15:00+05:30,1118.0,1119.55,1108.1,1111.55,99720
2024-09-13T11:30:00+05:30,1111.1,1117.0,1110.95,1113.0,38231
2024-09-13T11:45:00+05:30,1113.0,1116.8,1109.4,1111.7,45305
2024-09-13T12:00:00+05:30,1111.0,1114.5,1110.0,1110.8,29104
2024-09-13T12:15:00+05:30,1110.2,1112.0,1102.65,1105.85,107987
2024-09-13T12:30:00+05:30,1105.8,1109.4,1105.3,1106.75,48961
2024-09-13T12:45:00+05:30,1107.6,1107.9,1104.0,1104.05,47722
2024-09-13T13:00:00+05:30,1104.1,1107.0,1096.45,1098.8,141741
2024-09-13T13:15:00+05:30,1098.8,1102.95,1097.0,1098.15,85974
2024-09-13T13:30:00+05:30,1098.2,1111.8,1097.8,1106.9,151208
2024-09-13T13:45:00+05:30,1106.9,1119.25,1106.85,1113.1,247070
2024-09-13T14:00:00+05:30,1113.1,1118.0,1106.05,1114.5,115334
2024-09-13T14:15:00+05:30,1114.1,1117.9,1111.0,1114.9,86447
2024-09-13T14:30:00+05:30,1114.75,1115.0,1111.4,1113.35,81044
2024-09-13T14:45:00+05:30,1113.35,1119.5,1112.15,1116.0,138105
2024-09-13T15:00:00+05:30,1116.0,1124.3,1112.0,1114.0,278094
2024-09-13T15:15:00+05:30,1114.0,1114.65,1102.5,1107.0,291679
2024-09-16T09:15:00+05:30,1109.95,1114.75,1075.0,1092.0,634676
2024-09-16T09:30:00+05:30,1091.05,1093.8,1080.0,1083.25,211653
2024-09-16T09:45:00+05:30,1083.25,1085.7,1069.05,1071.3,304268
2024-09-16T10:00:00+05:30,1071.3,1074.8,1060.05,1066.25,312158
2024-09-16T10:15:00+05:30,1067.0,1069.7,1062.1,1063.5,128486
2024-09-16T10:30:00+05:30,1064.0,1070.0,1063.45,1065.6,115137
2024-09-16T10:45:00+05:30,1065.6,1068.5,1060.0,1060.4,111521
2024-09-16T11:00:00+05:30,1060.8,1068.1,1060.25,1067.65,72069
2024-09-16T11:15:00+05:30,1067.65,1074.85,1066.7,1071.75,110824
2024-09-16T11:30:00+05:30,1071.35,1071.75,1062.0,1062.55,83846
2024-09-16T11:45:00+05:30,1062.05,1064.75,1060.3,1061.1,71640
2024-09-16T12:00:00+05:30,1060.6,1064.35,1060.6,1062.15,63438
2024-09-16T12:15:00+05:30,1061.4,1064.9,1061.0,1063.75,47011
2024-09-16T12:30:00+05:30,1064.0,1069.0,1062.7,1067.1,45677
2024-09-16T12:45:00+05:30,1067.1,1068.75,1063.0,1065.0,33370
2024-09-16T13:00:00+05:30,1064.45,1068.45,1062.05,1062.1,30296
2024-09-16T13:15:00+05:30,1062.85,1067.0,1061.15,1066.0,36247
2024-09-16T13:30:00+05:30,1066.2,1066.5,1065.05,1066.45,20873
2024-09-16T13:45:00+05:30,1066.0,1066.75,1062.05,1066.0,50906
2024-09-16T14:00:00+05:30,1066.0,1066.5,1045.0,1049.85,304415
2024-09-16T14:15:00+05:30,1049.95,1067.25,1047.0,1067.05,199157
2024-09-16T14:30:00+05:30,1067.05,1082.5,1067.05,1076.5,513748
2024-09-16T14:45:00+05:30,1076.5,1098.0,1075.75,1095.0,486869
2024-09-16T15:00:00+05:30,1094.9,1124.0,1092.3,1121.9,994156
2024-09-16T15:15:00+05:30,1121.9,1123.95,1097.4,1102.9,560352
2024-09-17T09:15:00+05:30,1104.3,1123.0,1090.1,1100.3,484140
2024-09-17T09:30:00+05:30,1100.4,1103.95,1091.05,1095.0,194208
2024-09-17T09:45:00+05:30,1095.25,1103.0,1085.0,1086.9,146179
2024-09-17T10:00:00+05:30,1086.05,1096.95,1082.65,1096.95,111313
2024-09-17T10:15:00+05:30,1096.15,1099.7,1091.0,1097.4,90492
2024-09-17T10:30:00+05:30,1098.0,1106.9,1096.0,1104.4,68050
2024-09-17T10:45:00+05:30,1103.4,1125.0,1103.2,1115.05,508426
2024-09-17T11:00:00+05:30,1115.1,1116.3,1107.0,1108.0,135165
2024-09-17T11:15:00+05:30,1107.45,1112.3,1101.0,1101.0,100630
2024-09-17T11:30:00+05:30,1101.4,1110.0,1099.05,1105.05,79091
2024-09-17T11:45:00+05:30,1105.05,1106.55,1101.65,1103.45,35564
2024-09-17T12:00:00+05:30,1103.2,1104.95,1095.0,1101.8,75207
2024-09-17T12:15:00+05:30,1101.65,1104.9,1100.35,1101.9,26180
2024-09-17T12:30:00+05:30,1101.8,1103.5,1101.0,1103.05,15941
2024-09-17T12:45:00+05:30,1103.4,1110.0,1102.5,1106.0,33693
2024-09-17T13:00:00+05:30,1106.0,1107.0,1098.05,1102.7,53860
2024-09-17T13:15:00+05:30,1102.4,1105.05,1102.0,1104.6,16196
2024-09-17T13:30:00+05:30,1104.6,1109.9,1102.05,1105.0,69342
2024-09-17T13:45:00+05:30,1105.0,1128.7,1104.35,1123.2,345212
2024-09-17T14:00:00+05:30,1124.0,1127.0,1106.0,1110.0,249424
2024-09-17T14:15:00+05:30,1110.0,1114.95,1106.4,1108.15,66224
2024-09-17T14:30:00+05:30,1108.15,1116.0,1107.0,1108.8,87237
2024-09-17T14:45:00+05:30,1108.8,1113.35,1105.0,1112.25,136985
2024-09-17T15:00:00+05:30,1112.7,1125.0,1111.0,1115.8,361995
2024-09-17T15:15:00+05:30,1116.0,1120.0,1102.05,1105.0,320302
2024-09-18T09:15:00+05:30,1122.5,1148.6,1110.95,1135.0,753999
2024-09-18T09:30:00+05:30,1136.0,1136.0,1115.6,1125.1,206336
2024-09-18T09:45:00+05:30,1125.25,1125.55,1116.0,1119.0,98982
2024-09-18T10:00:00+05:30,1118.35,1121.95,1115.0,1118.25,84620
2024-09-18T10:15:00+05:30,1117.4,1118.4,1105.0,1112.35,131110
2024-09-18T10:30:00+05:30,1111.5,1117.6,1108.05,1110.0,75326
2024-09-18T10:45:00+05:30,1110.15,1115.0,1107.0,1114.75,33070
2024-09-18T11:00:00+05:30,1113.65,1119.0,1110.3,1113.0,77564
2024-09-18T11:15:00+05:30,1112.65,1116.6,1110.25,1111.25,37419
2024-09-18T11:30:00+05:30,1111.05,1115.0,1107.2,1109.75,39903
2024-09-18T11:45:00+05:30,1109.7,1116.0,1107.2,1109.3,48134
2024-09-18T12:00:00+05:30,1109.9,1110.0,1108.0,1109.8,20894
2024-09-18T12:15:00+05:30,1109.2,1110.0,1107.2,1108.65,24811
2024-09-18T12:30:00+05:30,1108.05,1110.9,1101.65,1105.6,68442
2024-09-18T12:45:00+05:30,1105.95,1109.5,1102.5,1102.8,26211
2024-09-18T13:00:00+05:30,1102.75,1106.2,1095.05,1097.1,119070
2024-09-18T13:15:00+05:30,1097.0,1100.9,1092.0,1095.0,61258
2024-09-18T13:30:00+05:30,1095.65,1099.75,1090.0,1096.7,70434
2024-09-18T13:45:00+05:30,1096.8,1099.95,1096.0,1099.25,45282
2024-09-18T14:00:00+05:30,1099.25,1103.45,1096.55,1100.95,39690
2024-09-18T14:15:00+05:30,1101.0,1102.4,1095.0,1096.4,50894
2024-09-18T14:30:00+05:30,1095.3,1109.0,1092.2,1107.95,72031
2024-09-18T14:45:00+05:30,1107.15,1129.8,1107.1,1126.5,490935
2024-09-18T15:00:00+05:30,1125.55,1139.0,1124.15,1136.6,536077
2024-09-18T15:15:00+05:30,1136.55,1144.7,1131.1,1137.4,548627
2024-09-19T09:15:00+05:30,1144.75,1147.0,1126.3,1133.8,338025
2024-09-19T09:30:00+05:30,1133.8,1157.35,1132.0,1133.0,465284
2024-09-19T09:45:00+05:30,1133.6,1134.75,1117.0,1121.5,221820
2024-09-19T10:00:00+05:30,1121.5,1124.95,1110.0,1110.65,134267
2024-09-19T10:15:00+05:30,1110.65,1116.95,1108.0,1113.65,111056
2024-09-19T10:30:00+05:30,1114.45,1117.85,1113.1,1113.7,66228
2024-09-19T10:45:00+05:30,1113.7,1117.0,1110.0,1112.45,71959
2024-09-19T11:00:00+05:30,1112.0,1114.95,1095.0,1098.55,185717
2024-09-19T11:15:00+05:30,1098.05,1108.0,1084.6,1085.8,191306
2024-09-19T11:30:00+05:30,1085.8,1096.0,1075.0,1089.0,255467
2024-09-19T11:45:00+05:30,1089.0,1094.7,1081.55,1085.55,96799
2024-09-19T12:00:00+05:30,1086.0,1109.8,1085.0,1102.5,123733
2024-09-19T12:15:00+05:30,1103.0,1110.8,1100.0,1100.85,120055
2024-09-19T12:30:00+05:30,1100.2,1108.65,1100.0,1104.5,41621
2024-09-19T12:45:00+05:30,1104.5,1106.0,1095.0,1100.65,55953
2024-09-19T13:00:00+05:30,1100.6,1104.95,1095.1,1095.75,48959
2024-09-19T13:15:00+05:30,1095.85,1101.4,1095.75,1098.9,39570
2024-09-19T13:30:00+05:30,1098.9,1101.0,1095.5,1099.75,53588
2024-09-19T13:45:00+05:30,1100.0,1100.0,1096.15,1099.95,18044
2024-09-19T14:00:00+05:30,1099.95,1108.0,1098.55,1103.5,59480
2024-09-19T14:15:00+05:30,1103.0,1120.0,1101.25,1103.25,159584
2024-09-19T14:30:00+05:30,1103.1,1106.6,1090.0,1095.0,94800
2024-09-19T14:45:00+05:30,1095.0,1101.9,1094.2,1099.75,60290
2024-09-19T15:00:00+05:30,1099.8,1113.0,1090.0,1105.9,333177
2024-09-19T15:15:00+05:30,1106.85,1110.0,1075.0,1091.25,320241
2024-09-20T09:15:00+05:30,1134.1,1138.8,1108.1,1115.0,354785
2024-09-20T09:30:00+05:30,1114.75,1119.55,1110.0,1114.5,97500
2024-09-20T09:45:00+05:30,1114.35,1121.9,1113.45,1116.0,98993
2024-09-20T10:00:00+05:30,1116.0,1120.0,1115.0,1117.65,64592
2024-09-20T10:15:00+05:30,1116.85,1119.95,1115.0,1116.05,67293
2024-09-20T10:30:00+05:30,1116.7,1126.45,1116.0,1117.2,91255
2024-09-20T10:45:00+05:30,1117.2,1118.8,1111.95,1117.1,46549
2024-09-20T11:00:00+05:30,1117.3,1119.0,1115.5,1118.0,28581
2024-09-20T11:15:00+05:30,1118.0,1119.0,1115.5,1115.65,16575
2024-09-20T11:30:00+05:30,1115.65,1118.0,1115.45,1116.25,13382
2024-09-20T11:45:00+05:30,1116.1,1117.0,1116.0,1116.95,19612
2024-09-20T12:00:00+05:30,1116.95,1119.0,1115.75,1116.0,26075
2024-09-20T12:15:00+05:30,1116.0,1116.95,1110.2,1112.5,34997
2024-09-20T12:30:00+05:30,1112.9,1112.95,1105.5,1109.0,67414
2024-09-20T12:45:00+05:30,1109.05,1113.0,1109.0,1110.55,18398
2024-09-20T13:00:00+05:30,1110.6,1115.0,1110.5,1111.65,15533
2024-09-20T13:15:00+05:30,1111.6,1113.85,1106.6,1109.3,32994
2024-09-20T13:30:00+05:30,1109.2,1110.2,1106.35,1107.55,26395
2024-09-20T13:45:00+05:30,1107.6,1109.85,1103.25,1104.0,43318
2024-09-20T14:00:00+05:30,1104.0,1107.5,1103.6,1105.7,22074
2024-09-20T14:15:00+05:30,1105.7,1111.5,1103.45,1109.5,52017
2024-09-20T14:30:00+05:30,1109.5,1111.5,1106.1,1111.0,37857
2024-09-20T14:45:00+05:30,1111.0,1115.0,1108.65,1111.0,41867
2024-09-20T15:00:00+05:30,1111.0,1119.7,1107.0,1108.8,171327
2024-09-20T15:15:00+05:30,1108.65,1109.35,1100.2,1103.05,177152
2024-09-23T09:15:00+05:30,1117.7,1120.0,1096.7,1098.55,204145
2024-09-23T09:30:00+05:30,1098.55,1101.95,1090.0,1095.6,116063
2024-09-23T09:45:00+05:30,1096.65,1097.75,1087.15,1089.0,67627
2024-09-23T10:00:00+05:30,1089.0,1095.9,1087.15,1092.25,60586
2024-09-23T10:15:00+05:30,1092.2,1094.0,1089.05,1091.0,30665
2024-09-23T10:30:00+05:30,1090.9,1093.0,1088.0,1089.9,34639
2024-09-23T10:45:00+05:30,1089.9,1093.4,1088.1,1091.8,37484
2024-09-23T11:00:00+05:30,1091.8,1093.85,1090.5,1092.15,14295
2024-09-23T11:15:00+05:30,1091.5,1093.0,1088.0,1091.85,45137
2024-09-23T11:30:00+05:30,1091.7,1093.0,1090.05,1090.8,30753
2024-09-23T11:45:00+05:30,1090.8,1091.0,1088.5,1090.0,31481
2024-09-23T12:00:00+05:30,1089.8,1091.5,1089.0,1091.1,15675
2024-09-23T12:15:00+05:30,1091.5,1093.45,1090.15,1092.0,25087
2024-09-23T12:30:00+05:30,1092.0,1093.65,1090.6,1091.25,13122
2024-09-23T12:45:00+05:30,1091.35,1092.85,1089.95,1090.9,29420
2024-09-23T13:00:00+05:30,1090.25,1092.7,1090.0,1090.85,12999
2024-09-23T13:15:00+05:30,1090.85,1105.0,1090.2,1103.0,105344
2024-09-23T13:30:00+05:30,1103.0,1106.85,1099.15,1099.15,122438
2024-09-23T13:45:00+05:30,1099.1,1100.0,1095.0,1098.95,36663
2024-09-23T14:00:00+05:30,1098.2,1098.95,1095.5,1096.05,17498
2024-09-23T14:15:00+05:30,1096.2,1096.95,1092.55,1093.0,39197
2024-09-23T14:30:00+05:30,1092.6,1096.7,1090.4,1096.4,53568
2024-09-23T14:45:00+05:30,1094.75,1096.95,1094.0,1094.3,38825
2024-09-23T15:00:00+05:30,1094.75,1104.4,1088.3,1092.7,195783
2024-09-23T15:15:00+05:30,1092.7,1092.75,1080.0,1081.95,216429
2024-09-24T09:15:00+05:30,1083.85,1086.25,1075.5,1077.35,175631
2024-09-24T09:30:00+05:30,1077.4,1079.75,1071.1,1072.7,113388
2024-09-24T09:45:00+05:30,1072.05,1077.0,1071.05,1074.5,51116
2024-09-24T10:00:00+05:30,1075.25,1075.95,1067.0,1068.05,88645
2024-09-24T10:15:00+05:30,1068.45,1078.0,1065.65,1075.5,77638
2024-09-24T10:30:00+05:30,1075.5,1077.0,1070.0,1071.45,41608
2024-09-24T10:45:00+05:30,1071.45,1072.0,1067.55,1067.55,32804
2024-09-24T11:00:00+05:30,1068.65,1074.0,1068.0,1070.9,26914
2024-09-24T11:15:00+05:30,1070.9,1071.35,1067.15,1068.1,26685
2024-09-24T11:30:00+05:30,1068.8,1070.85,1067.0,1069.8,23358
2024-09-24T11:45:00+05:30,1069.0,1072.35,1069.0,1071.65,22284
2024-09-24T12:00:00+05:30,1070.25,1072.05,1068.0,1070.45,21502
2024-09-24T12:15:00+05:30,1070.0,1072.05,1069.25,1070.35,12332
2024-09-24T12:30:00+05:30,1070.35,1070.95,1069.2,1070.45,8135
2024-09-24T12:45:00+05:30,1070.2,1070.7,1068.0,1070.0,19475
2024-09-24T13:00:00+05:30,1070.0,1070.85,1068.6,1070.3,14388
2024-09-24T13:15:00+05:30,1070.0,1071.0,1065.0,1065.5,40562
2024-09-24T13:30:00+05:30,1065.5,1067.5,1062.35,1066.7,43365
2024-09-24T13:45:00+05:30,1066.7,1068.55,1065.35,1067.55,22976
2024-09-24T14:00:00+05:30,1067.0,1068.45,1066.0,1067.5,19990
2024-09-24T14:15:00+05:30,1066.7,1068.55,1066.0,1067.1,24337
2024-09-24T14:30:00+05:30,1067.1,1074.85,1066.0,1072.9,55611
2024-09-24T14:45:00+05:30,1072.45,1084.5,1072.05,1079.7,183553
2024-09-24T15:00:00+05:30,1079.7,1087.85,1073.45,1077.95,217399
2024-09-24T15:15:00+05:30,1077.25,1079.5,1065.05,1068.0,153954
2024-09-25T09:15:00+05:30,1071.2,1073.0,1056.0,1061.0,190157
2024-09-25T09:30:00+05:30,1061.65,1061.7,1052.2,1053.5,98358
2024-09-25T09:45:00+05:30,1053.05,1056.75,1052.4,1054.7,67726
2024-09-25T10:00:00+05:30,1054.7,1056.0,1045.0,1045.05,106521
2024-09-25T10:15:00+05:30,1045.5,1045.8,1035.0,1037.75,138286
2024-09-25T10:30:00+05:30,1037.75,1040.7,1032.3,1037.4,104551
2024-09-25T10:45:00+05:30,1037.4,1054.75,1036.2,1052.5,167900
2024-09-25T11:00:00+05:30,1051.5,1052.0,1042.05,1043.9,60364
2024-09-25T11:15:00+05:30,1043.9,1047.95,1041.5,1044.05,47919
2024-09-25T11:30:00+05:30,1044.05,1046.0,1040.1,1040.6,43058
2024-09-25T11:45:00+05:30,1040.6,1042.5,1035.0,1038.1,64955
2024-09-25T12:00:00+05:30,1038.0,1038.95,1036.1,1036.15,22624
2024-09-25T12:15:00+05:30,1036.1,1037.95,1035.0,1035.9,30496
2024-09-25T12:30:00+05:30,1035.9,1040.0,1035.3,1036.6,28666
2024-09-25T12:45:00+05:30,1036.75,1038.5,1035.7,1038.0,18241
2024-09-25T13:00:00+05:30,1038.1,1039.95,1037.0,1037.2,13644
2024-09-25T13:15:00+05:30,1037.2,1046.25,1037.05,1045.0,71642
2024-09-25T13:30:00+05:30,1045.0,1047.55,1042.2,1043.4,31335
2024-09-25T13:45:00+05:30,1043.2,1045.8,1043.0,1043.5,22235
2024-09-25T14:00:00+05:30,1043.2,1044.5,1038.5,1042.3,33744
2024-09-25T14:15:00+05:30,1042.3,1049.0,1039.55,1041.0,70862
2024-09-25T14:30:00+05:30,1041.0,1041.95,1037.0,1039.55,46956
2024-09-25T14:45:00+05:30,1039.2,1040.9,1034.0,1034.05,62564
2024-09-25T15:00:00+05:30,1034.2,1048.7,1034.0,1039.9,227578
2024-09-25T15:15:00+05:30,1039.9,1040.0,1024.0,1029.9,257764
2024-09-26T09:15:00+05:30,1028.95,1033.85,1017.0,1022.0,247888
2024-09-26T09:30:00+05:30,1022.1,1030.9,1017.0,1028.75,144627
2024-09-26T09:45:00+05:30,1028.5,1030.0,1018.6,1021.5,86944
2024-09-26T10:00:00+05:30,1021.5,1025.0,1017.0,1021.2,56873
2024-09-26T10:15:00+05:30,1021.2,1022.7,1018.1,1019.95,36265
2024-09-26T10:30:00+05:30,1019.95,1041.0,1017.15,1038.9,137037
2024-09-26T10:45:00+05:30,1038.9,1053.65,1036.15,1047.05,366872
2024-09-26T11:00:00+05:30,1047.75,1078.8,1042.1,1077.4,666060
2024-09-26T11:15:00+05:30,1077.6,1086.35,1065.0,1069.55,548127
2024-09-26T11:30:00+05:30,1069.25,1070.7,1061.1,1063.45,151865
2024-09-26T11:45:00+05:30,1063.45,1067.0,1055.0,1055.0,131756
2024-09-26T12:00:00+05:30,1055.0,1067.0,1054.2,1059.0,118303
2024-09-26T12:15:00+05:30,1059.2,1065.0,1055.6,1062.8,158172
2024-09-26T12:30:00+05:30,1062.1,1063.75,1058.6,1060.75,134572
2024-09-26T12:45:00+05:30,1061.0,1066.4,1055.6,1058.0,61261
2024-09-26T13:00:00+05:30,1057.95,1060.45,1055.6,1059.45,32352
2024-09-26T13:15:00+05:30,1059.95,1062.85,1057.7,1058.0,22607
2024-09-26T13:30:00+05:30,1059.0,1060.1,1055.5,1057.5,23959
2024-09-26T13:45:00+05:30,1057.5,1058.0,1050.5,1052.25,56154
2024-09-26T14:00:00+05:30,1052.45,1057.3,1047.75,1052.2,55469
2024-09-26T14:15:00+05:30,1052.0,1053.6,1045.0,1048.85,70843
2024-09-26T14:30:00+05:30,1048.85,1055.9,1048.55,1053.05,45436
2024-09-26T14:45:00+05:30,1053.1,1053.85,1043.05,1048.55,48662
2024-09-26T15:00:00+05:30,1048.5,1059.7,1047.0,1051.45,185528
2024-09-26T15:15:00+05:30,1051.8,1055.0,1035.1,1038.0,179901
2024-09-27T09:15:00+05:30,1035.55,1056.25,1035.55,1049.95,206034
2024-09-27T09:30:00+05:30,1049.25,1050.15,1042.0,1043.4,66385
2024-09-27T09:45:00+05:30,1044.0,1047.0,1040.6,1044.5,29946
2024-09-27T10:00:00+05:30,1044.5,1044.5,1038.05,1039.55,24233
2024-09-27T10:15:00+05:30,1039.5,1045.15,1032.0,1038.25,84095
2024-09-27T10:30:00+05:30,1037.5,1039.5,1036.0,1038.6,14451
2024-09-27T10:45:00+05:30,1038.0,1038.6,1036.0,1036.8,16751
2024-09-27T11:00:00+05:30,1036.8,1038.8,1035.9,1037.95,13319
2024-09-27T11:15:00+05:30,1037.05,1038.5,1034.0,1036.9,20348
2024-09-27T11:30:00+05:30,1036.9,1041.9,1035.85,1041.55,16296
2024-09-27T11:45:00+05:30,1041.0,1042.0,1036.7,1041.0,14758
2024-09-27T12:00:00+05:30,1040.35,1041.3,1037.25,1039.75,10701
2024-09-27T12:15:00+05:30,1039.7,1049.3,1038.0,1048.0,45140
2024-09-27T12:30:00+05:30,1048.0,1058.85,1047.0,1052.0,234979
2024-09-27T12:45:00+05:30,1052.0,1057.0,1048.0,1053.85,76808
2024-09-27T13:00:00+05:30,1053.45,1055.0,1049.0,1049.75,37943
2024-09-27T13:15:00+05:30,1050.0,1051.5,1046.1,1048.65,34894
2024-09-27T13:30:00+05:30,1048.65,1050.0,1045.05,1046.35,16965
2024-09-27T13:45:00+05:30,1046.5,1053.0,1046.0,1052.55,26076
2024-09-27T14:00:00+05:30,1052.55,1053.3,1049.05,1053.0,23097
2024-09-27T14:15:00+05:30,1052.5,1074.0,1052.5,1074.0,208183
2024-09-27T14:30:00+05:30,1074.0,1077.0,1051.0,1059.05,293647
2024-09-27T14:45:00+05:30,1059.0,1061.7,1051.3,1051.85,66169
2024-09-27T15:00:00+05:30,1051.85,1057.8,1046.05,1049.85,143658
2024-09-27T15:15:00+05:30,1049.55,1058.65,1046.3,1049.0,136803
2024-09-30T09:15:00+05:30,1044.95,1048.6,1030.0,1031.0,182687
2024-09-30T09:30:00+05:30,1031.0,1032.4,1016.5,1016.5,392484
2024-09-30T09:45:00+05:30,1016.5,1023.5,1012.05,1019.8,249204
2024-09-30T10:00:00+05:30,1019.8,1035.2,1015.1,1027.8,320554
2024-09-30T10:15:00+05:30,1027.8,1030.7,1025.0,1028.2,58075
2024-09-30T10:30:00+05:30,1027.45,1028.95,1024.0,1025.0,31218
2024-09-30T10:45:00+05:30,1024.75,1028.9,1024.75,1026.15,26023
2024-09-30T11:00:00+05:30,1025.8,1033.95,1025.6,1033.25,56012
2024-09-30T11:15:00+05:30,1032.8,1036.5,1031.0,1033.0,54712
2024-09-30T11:30:00+05:30,1033.0,1034.85,1030.15,1030.2,27497
2024-09-30T11:45:00+05:30,1030.2,1033.95,1026.75,1030.1,61558
2024-09-30T12:00:00+05:30,1030.5,1031.85,1028.4,1029.45,22848
2024-09-30T12:15:00+05:30,1028.75,1031.0,1026.05,1026.9,29222
2024-09-30T12:30:00+05:30,1026.75,1030.0,1023.05,1027.25,291585
2024-09-30T12:45:00+05:30,1027.5,1029.1,1025.0,1025.45,29232
2024-09-30T13:00:00+05:30,1026.15,1028.35,1024.0,1026.95,307188
2024-09-30T13:15:00+05:30,1026.95,1027.85,1024.3,1025.05,74796
2024-09-30T13:30:00+05:30,1025.05,1028.0,1023.65,1027.95,195383
2024-09-30T13:45:00+05:30,1027.95,1029.0,1022.95,1026.8,117248
2024-09-30T14:00:00+05:30,1026.8,1028.0,1022.6,1024.65,45941
2024-09-30T14:15:00+05:30,1024.65,1045.0,1024.1,1041.0,159172
2024-09-30T14:30:00+05:30,1040.65,1059.95,1039.05,1052.7,423995
2024-09-30T14:45:00+05:30,1052.7,1076.7,1052.0,1075.1,490305
2024-09-30T15:00:00+05:30,1075.0,1089.7,1071.2,1083.0,671036
2024-09-30T15:15:00+05:30,1082.0,1091.0,1075.6,1079.5,341715
2024-10-01T09:15:00+05:30,1080.0,1105.0,1070.0,1088.75,599103
2024-10-01T09:30:00+05:30,1089.15,1094.7,1075.0,1076.7,196179
2024-10-01T09:45:00+05:30,1076.7,1079.7,1068.15,1079.7,129781
2024-10-01T10:00:00+05:30,1079.75,1103.0,1078.7,1089.35,293869
2024-10-01T10:15:00+05:30,1089.15,1109.4,1087.3,1091.0,324576
2024-10-01T10:30:00+05:30,1090.2,1094.0,1086.05,1091.55,87645
2024-10-01T10:45:00+05:30,1091.0,1094.0,1086.2,1094.0,43111
2024-10-01T11:00:00+05:30,1093.85,1097.5,1090.0,1093.3,69403
2024-10-01T11:15:00+05:30,1092.5,1094.8,1088.15,1090.9,51099
2024-10-01T11:30:00+05:30,1091.5,1098.5,1089.9,1095.8,73319
2024-10-01T11:45:00+05:30,1095.0,1114.4,1094.5,1108.15,193575
2024-10-01T12:00:00+05:30,1108.7,1117.45,1100.5,1117.4,259064
2024-10-01T12:15:00+05:30,1117.0,1117.65,1110.0,1112.4,127214
2024-10-01T12:30:00+05:30,1111.45,1121.0,1110.0,1115.45,187057
2024-10-01T12:45:00+05:30,1115.45,1117.9,1111.1,1112.6,92713
2024-10-01T13:00:00+05:30,1113.0,1113.6,1110.4,1111.95,48468
2024-10-01T13:15:00+05:30,1111.55,1114.65,1111.5,1112.1,37488
2024-10-01T13:30:00+05:30,1112.1,1113.6,1105.55,1109.25,84538
2024-10-01T13:45:00+05:30,1110.0,1113.6,1105.0,1105.9,75487
2024-10-01T14:00:00+05:30,1105.15,1114.95,1100.0,1112.5,125349
2024-10-01T14:15:00+05:30,1112.5,1116.0,1107.0,1108.0,95332
2024-10-01T14:30:00+05:30,1107.8,1112.0,1105.55,1112.0,71498
2024-10-01T14:45:00+05:30,1111.95,1122.0,1110.25,1114.7,180194
2024-10-01T15:00:00+05:30,1114.75,1119.8,1111.05,1111.1,150242
2024-10-01T15:15:00+05:30,1111.1,1115.95,1098.0,1101.0,264855
2024-10-03T09:15:00+05:30,1084.5,1093.65,1071.05,1085.6,285890
2024-10-03T09:30:00+05:30,1085.65,1089.95,1084.0,1085.0,97165
2024-10-03T09:45:00+05:30,1084.55,1085.65,1076.35,1078.45,124431
2024-10-03T10:00:00+05:30,1078.45,1080.65,1072.95,1080.2,97111
2024-10-03T10:15:00+05:30,1080.1,1085.75,1077.1,1083.85,63910
2024-10-03T10:30:00+05:30,1083.75,1085.9,1081.4,1082.05,41718
2024-10-03T10:45:00+05:30,1082.05,1083.9,1075.05,1077.9,118994
2024-10-03T11:00:00+05:30,1077.9,1080.0,1076.3,1077.85,21165
2024-10-03T11:15:00+05:30,1077.85,1077.95,1064.85,1068.0,135842
2024-10-03T11:30:00+05:30,1068.2,1072.45,1065.0,1069.8,73590
2024-10-03T11:45:00+05:30,1069.8,1071.15,1068.75,1069.0,37867
2024-10-03T12:00:00+05:30,1069.0,1069.0,1056.05,1061.45,103328
2024-10-03T12:15:00+05:30,1061.8,1065.25,1056.45,1059.0,106520
2024-10-03T12:30:00+05:30,1059.5,1066.9,1058.0,1066.0,46498
2024-10-03T12:45:00+05:30,1065.2,1078.8,1063.35,1075.0,290831
2024-10-03T13:00:00+05:30,1075.1,1080.9,1074.15,1080.1,92289
2024-10-03T13:15:00+05:30,1080.1,1080.1,1068.45,1072.15,92745
2024-10-03T13:30:00+05:30,1073.0,1080.0,1068.0,1076.35,77215
2024-10-03T13:45:00+05:30,1076.3,1077.0,1071.95,1075.05,72446
2024-10-03T14:00:00+05:30,1075.05,1077.0,1062.6,1069.05,311134
2024-10-03T14:15:00+05:30,1069.05,1075.0,1062.65,1068.95,57669
2024-10-03T14:30:00+05:30,1068.95,1084.55,1068.8,1081.0,149730
2024-10-03T14:45:00+05:30,1080.4,1084.0,1067.35,1068.5,100117
2024-10-03T15:00:00+05:30,1068.5,1085.75,1068.1,1085.25,274865
2024-10-03T15:15:00+05:30,1085.25,1086.45,1075.0,1077.9,165829
2024-10-04T09:15:00+05:30,1066.3,1083.4,1066.0,1068.0,146233
2024-10-04T09:30:00+05:30,1068.0,1087.3,1061.4,1083.85,180029
2024-10-04T09:45:00+05:30,1083.85,1092.85,1075.55,1089.1,162889
2024-10-04T10:00:00+05:30,1088.4,1090.4,1080.0,1080.2,53817
2024-10-04T10:15:00+05:30,1080.2,1083.95,1072.0,1074.05,65283
2024-10-04T10:30:00+05:30,1075.4,1081.45,1074.15,1078.2,36893
2024-10-04T10:45:00+05:30,1078.95,1096.9,1077.85,1092.5,116478
2024-10-04T11:00:00+05:30,1091.85,1096.0,1088.0,1094.0,56268
2024-10-04T11:15:00+05:30,1094.25,1103.9,1086.0,1088.7,169077
2024-10-04T11:30:00+05:30,1088.8,1088.95,1083.05,1087.5,47590
2024-10-04T11:45:00+05:30,1087.8,1088.45,1078.35,1086.85,57835
2024-10-04T12:00:00+05:30,1086.35,1089.4,1084.0,1087.4,39804
2024-10-04T12:15:00+05:30,1087.2,1089.35,1083.0,1086.6,21263
2024-10-04T12:30:00+05:30,1086.05,1086.85,1080.05,1081.2,49461
2024-10-04T12:45:00+05:30,1080.85,1082.95,1077.15,1078.6,47819
2024-10-04T13:00:00+05:30,1078.0,1080.55,1075.5,1079.0,37145
2024-10-04T13:15:00+05:30,1079.3,1080.0,1076.05,1078.6,16126
2024-10-04T13:30:00+05:30,1078.6,1080.9,1075.5,1080.0,37810
2024-10-04T13:45:00+05:30,1080.5,1086.4,1080.0,1082.35,42126
2024-10-04T14:00:00+05:30,1082.25,1083.35,1079.1,1081.35,20371
2024-10-04T14:15:00+05:30,1081.1,1081.7,1070.0,1073.0,103157
2024-10-04T14:30:00+05:30,1073.35,1077.0,1068.0,1069.85,61162
2024-10-04T14:45:00+05:30,1069.85,1075.7,1065.0,1065.95,84962
2024-10-04T15:00:00+05:30,1065.95,1065.95,1048.0,1049.4,274459
2024-10-04T15:15:00+05:30,1049.4,1049.85,1030.3,1039.0,336775
2024-10-07T09:15:00+05:30,1045.15,1059.2,1037.1,1038.5,181942
2024-10-07T09:30:00+05:30,1038.4,1039.6,1025.0,1026.2,130330
2024-10-07T09:45:00+05:30,1026.2,1027.95,1021.0,1024.65,103690
2024-10-07T10:00:00+05:30,1024.65,1031.05,1016.0,1024.9,184190
2024-10-07T10:15:00+05:30,1024.95,1025.05,1016.2,1019.35,78407
2024-10-07T10:30:00+05:30,1018.55,1019.35,992.25,999.55,246331
2024-10-07T10:45:00+05:30,999.95,1000.9,985.0,988.0,214849
2024-10-07T11:00:00+05:30,988.0,994.45,977.7,990.45,168529
2024-10-07T11:15:00+05:30,990.75,1017.0,989.0,1007.7,191910
2024-10-07T11:30:00+05:30,1007.25,1012.0,1000.3,1004.1,58615
2024-10-07T11:45:00+05:30,1004.15,1010.5,1001.4,1002.0,38576
2024-10-07T12:00:00+05:30,1001.65,1008.7,997.35,1008.0,47459
2024-10-07T12:15:00+05:30,1007.7,1014.2,1002.9,1009.15,55837
2024-10-07T12:30:00+05:30,1008.4,1008.4,999.5,1003.0,40250
2024-10-07T12:45:00+05:30,1002.55,1006.0,996.35,998.65,46681
2024-10-07T13:00:00+05:30,998.45,999.7,993.55,997.0,31104
2024-10-07T13:15:00+05:30,997.0,998.4,991.05,994.0,67537
2024-10-07T13:30:00+05:30,993.55,994.8,987.3,989.6,53289
2024-10-07T13:45:00+05:30,989.15,995.0,985.7,992.85,63646
2024-10-07T14:00:00+05:30,992.85,1000.0,988.0,988.1,84641
2024-10-07T14:15:00+05:30,988.1,988.45,978.5,978.9,53678
2024-10-07T14:30:00+05:30,978.9,984.0,978.05,982.05,90654
2024-10-07T14:45:00+05:30,982.15,995.0,982.1,992.3,116634
2024-10-07T15:00:00+05:30,992.4,1009.3,992.4,995.65,311022
2024-10-07T15:15:00+05:30,995.65,1000.0,985.0,988.0,247072
2024-10-08T09:15:00+05:30,989.4,998.0,973.0,979.2,297629
2024-10-08T09:30:00+05:30,979.2,987.7,975.05,983.55,144240
2024-10-08T09:45:00+05:30,983.55,1002.3,982.05,994.65,196933
2024-10-08T10:00:00+05:30,994.6,995.0,981.65,987.6,151846
2024-10-08T10:15:00+05:30,987.25,995.5,985.55,992.95,50444
2024-10-08T10:30:00+05:30,992.5,1005.2,992.3,1003.8,134115
2024-10-08T10:45:00+05:30,1003.2,1008.0,998.95,1004.05,109778
2024-10-08T11:00:00+05:30,1004.75,1006.95,999.05,1006.35,53826
2024-10-08T11:15:00+05:30,1006.35,1014.55,1002.7,1010.45,85620
2024-10-08T11:30:00+05:30,1011.0,1015.5,1007.5,1014.15,81739
2024-10-08T11:45:00+05:30,1014.0,1015.2,1005.25,1009.65,85224
2024-10-08T12:00:00+05:30,1009.65,1010.5,993.75,1002.75,238429
2024-10-08T12:15:00+05:30,1002.75,1005.9,998.0,998.05,63491
2024-10-08T12:30:00+05:30,998.7,1001.9,994.55,998.7,48702
2024-10-08T12:45:00+05:30,998.6,1004.0,996.4,1001.5,32548
2024-10-08T13:00:00+05:30,1001.15,1007.5,999.4,1004.0,46270
2024-10-08T13:15:00+05:30,1004.55,1005.0,998.9,1001.1,51703
2024-10-08T13:30:00+05:30,1001.05,1010.3,1000.65,1008.0,52056
2024-10-08T13:45:00+05:30,1007.95,1011.6,1005.95,1009.65,43343
2024-10-08T14:00:00+05:30,1009.55,1009.9,998.05,1003.7,158218
2024-10-08T14:15:00+05:30,1003.25,1006.9,1001.0,1006.75,41246
2024-10-08T14:30:00+05:30,1006.5,1006.8,998.1,1002.25,38960
2024-10-08T14:45:00+05:30,1002.45,1010.35,1000.3,1008.8,90402
2024-10-08T15:00:00+05:30,1008.8,1013.0,1002.45,1008.65,114344
2024-10-08T15:15:00+05:30,1008.65,1022.0,1007.15,1020.0,421140
2024-10-09T09:15:00+05:30,1030.9,1039.0,1025.25,1029.0,339643
2024-10-09T09:30:00+05:30,1029.0,1030.0,1023.2,1027.9,59743
2024-10-09T09:45:00+05:30,1028.0,1032.0,1024.0,1024.95,57742
2024-10-09T10:00:00+05:30,1024.55,1031.95,1021.35,1029.2,72109
2024-10-09T10:15:00+05:30,1028.8,1030.95,1023.3,1025.75,52863
2024-10-09T10:30:00+05:30,1025.2,1032.25,1025.15,1029.95,58319
2024-10-09T10:45:00+05:30,1030.0,1047.0,1028.05,1047.0,211848
2024-10-09T11:00:00+05:30,1045.95,1067.0,1044.0,1061.25,529731
2024-10-09T11:15:00+05:30,1060.3,1084.7,1060.25,1072.5,568502
2024-10-09T11:30:00+05:30,1073.2,1075.45,1060.5,1062.5,194132
2024-10-09T11:45:00+05:30,1062.5,1066.9,1057.65,1058.6,119112
2024-10-09T12:00:00+05:30,1058.8,1063.0,1055.0,1061.45,97771
2024-10-09T12:15:00+05:30,1061.4,1063.0,1059.1,1062.95,36935
2024-10-09T12:30:00+05:30,1062.9,1065.65,1062.25,1063.4,33608
2024-10-09T12:45:00+05:30,1063.1,1078.3,1063.1,1076.8,153979
2024-10-09T13:00:00+05:30,1077.0,1077.1,1067.5,1068.05,75854
2024-10-09T13:15:00+05:30,1068.1,1074.9,1063.0,1073.1,55362
2024-10-09T13:30:00+05:30,1073.0,1083.9,1071.1,1080.45,109478
2024-10-09T13:45:00+05:30,1080.0,1081.45,1068.0,1068.05,140068
2024-10-09T14:00:00+05:30,1068.5,1071.95,1065.2,1067.5,44981
2024-10-09T14:15:00+05:30,1067.45,1068.55,1060.0,1062.3,82811
2024-10-09T14:30:00+05:30,1062.5,1068.0,1062.25,1064.25,56276
2024-10-09T14:45:00+05:30,1064.95,1087.8,1064.35,1077.25,390682
2024-10-09T15:00:00+05:30,1077.95,1082.4,1071.3,1076.0,219809
2024-10-09T15:15:00+05:30,1076.5,1085.0,1072.1,1076.25,322107
2024-10-10T09:15:00+05:30,1084.0,1088.75,1069.0,1078.5,189384
2024-10-10T09:30:00+05:30,1079.0,1101.9,1078.3,1087.45,320392
2024-10-10T09:45:00+05:30,1087.45,1096.4,1081.0,1092.45,100445
2024-10-10T10:00:00+05:30,1092.45,1096.7,1088.45,1093.55,60774
2024-10-10T10:15:00+05:30,1093.1,1094.0,1089.0,1092.0,26579
2024-10-10T10:30:00+05:30,1092.45,1112.65,1091.75,1109.4,226095
2024-10-10T10:45:00+05:30,1110.95,1119.3,1105.35,1108.0,279345
2024-10-10T11:00:00+05:30,1107.95,1118.7,1106.0,1111.9,135433
2024-10-10T11:15:00+05:30,1111.9,1115.0,1106.0,1108.3,86047
2024-10-10T11:30:00+05:30,1108.7,1111.0,1101.5,1105.2,61537
2024-10-10T11:45:00+05:30,1105.95,1110.1,1103.5,1109.7,36681
2024-10-10T12:00:00+05:30,1109.25,1110.5,1099.9,1105.05,60932
2024-10-10T12:15:00+05:30,1105.0,1107.65,1102.2,1105.5,42258
2024-10-10T12:30:00+05:30,1105.5,1106.2,1097.0,1097.4,48624
2024-10-10T12:45:00+05:30,1097.85,1107.75,1097.45,1101.6,53690
2024-10-10T13:00:00+05:30,1101.45,1109.0,1100.0,1105.05,40351
2024-10-10T13:15:00+05:30,1105.15,1108.4,1103.0,1103.5,29083
2024-10-10T13:30:00+05:30,1104.2,1108.25,1103.2,1105.35,49228
2024-10-10T13:45:00+05:30,1105.35,1107.0,1102.1,1104.15,21345
2024-10-10T14:00:00+05:30,1104.95,1106.0,1103.05,1104.4,16652
2024-10-10T14:15:00+05:30,1104.25,1105.95,1101.3,1103.1,23955
2024-10-10T14:30:00+05:30,1103.0,1106.0,1100.6,1101.85,52187
2024-10-10T14:45:00+05:30,1101.85,1114.9,1100.65,1112.0,181529
2024-10-10T15:00:00+05:30,1112.0,1112.4,1100.55,1108.7,134594
2024-10-10T15:15:00+05:30,1109.0,1111.0,1092.25,1101.3,152395
2024-10-11T09:15:00+05:30,1101.0,1112.95,1092.85,1096.7,206944
2024-10-11T09:30:00+05:30,1097.25,1098.4,1091.0,1091.2,51818
2024-10-11T09:45:00+05:30,1091.2,1112.0,1090.05,1107.95,135774
2024-10-11T10:00:00+05:30,1108.0,1118.1,1104.05,1115.25,205010
2024-10-11T10:15:00+05:30,1115.25,1119.0,1110.25,1116.0,105516
2024-10-11T10:30:00+05:30,1116.0,1116.7,1108.05,1111.85,154659
2024-10-11T10:45:00+05:30,1111.55,1112.3,1105.1,1106.05,40421
2024-10-11T11:00:00+05:30,1106.15,1111.0,1103.8,1107.0,70920
2024-10-11T11:15:00+05:30,1107.5,1108.9,1104.65,1104.8,23800
2024-10-11T11:30:00+05:30,1105.5,1108.8,1104.0,1104.95,31464
2024-10-11T11:45:00+05:30,1105.0,1108.5,1104.3,1108.0,16556
2024-10-11T12:00:00+05:30,1108.0,1108.8,1105.0,1105.5,19772
2024-10-11T12:15:00+05:30,1105.7,1108.0,1105.7,1106.2,13619
2024-10-11T12:30:00+05:30,1106.2,1108.0,1104.65,1105.45,23656
2024-10-11T12:45:00+05:30,1105.45,1107.9,1104.65,1105.2,21463
2024-10-11T13:00:00+05:30,1104.65,1107.0,1104.65,1104.9,9491
2024-10-11T13:15:00+05:30,1105.0,1107.0,1104.7,1106.3,14419
2024-10-11T13:30:00+05:30,1106.3,1106.6,1103.15,1105.5,21832
2024-10-11T13:45:00+05:30,1105.85,1106.4,1103.2,1106.4,11468
2024-10-11T14:00:00+05:30,1106.2,1107.4,1104.9,1106.75,16124
2024-10-11T14:15:00+05:30,1106.45,1107.6,1104.9,1106.5,19310
2024-10-11T14:30:00+05:30,1106.5,1107.0,1105.1,1106.4,18586
2024-10-11T14:45:00+05:30,1106.0,1107.0,1103.95,1106.25,55308
2024-10-11T15:00:00+05:30,1106.4,1108.4,1104.9,1106.0,72123
2024-10-11T15:15:00+05:30,1106.0,1115.0,1103.0,1105.4,143209
2024-10-14T09:15:00+05:30,1121.0,1149.7,1121.0,1141.9,956777
2024-10-14T09:30:00+05:30,1141.1,1181.0,1139.2,1177.35,1288059
2024-10-14T09:45:00+05:30,1177.35,1186.0,1166.1,1173.05,652672
2024-10-14T10:00:00+05:30,1173.3,1189.9,1169.85,1181.6,444951
2024-10-14T10:15:00+05:30,1181.9,1208.55,1173.1,1206.15,755394
2024-10-14T10:30:00+05:30,1205.05,1216.8,1178.5,1179.35,966416
2024-10-14T10:45:00+05:30,1179.3,1184.8,1168.3,1172.05,502874
2024-10-14T11:00:00+05:30,1173.0,1180.0,1171.6,1175.95,165028
2024-10-14T11:15:00+05:30,1175.95,1176.2,1156.15,1162.05,281720
2024-10-14T11:30:00+05:30,1162.5,1167.5,1148.05,1165.8,365424
2024-10-14T11:45:00+05:30,1166.6,1167.0,1155.0,1157.2,107187
2024-10-14T12:00:00+05:30,1157.8,1162.8,1156.0,1158.85,77090
2024-10-14T12:15:00+05:30,1158.85,1162.2,1153.0,1156.5,67755
2024-10-14T12:30:00+05:30,1156.45,1156.5,1151.0,1154.8,60877
2024-10-14T12:45:00+05:30,1154.8,1158.6,1150.0,1158.05,54613
2024-10-14T13:00:00+05:30,1158.15,1164.0,1154.1,1156.05,85986
2024-10-14T13:15:00+05:30,1156.6,1157.85,1151.55,1151.6,40802
2024-10-14T13:30:00+05:30,1151.7,1153.6,1145.55,1149.1,106062
2024-10-14T13:45:00+05:30,1148.4,1151.0,1145.55,1148.2,53572
2024-10-14T14:00:00+05:30,1147.0,1156.4,1147.0,1153.65,84884
2024-10-14T14:15:00+05:30,1153.0,1154.25,1147.5,1149.0,58578
2024-10-14T14:30:00+05:30,1148.05,1149.3,1136.0,1138.75,174638
2024-10-14T14:45:00+05:30,1138.95,1143.95,1137.55,1142.8,93796
2024-10-14T15:00:00+05:30,1142.6,1144.85,1131.6,1137.0,194001
2024-10-14T15:15:00+05:30,1137.5,1137.5,1126.65,1133.0,358781
2024-10-15T09:15:00+05:30,1142.1,1153.0,1136.3,1138.7,348373
2024-10-15T09:30:00+05:30,1139.05,1145.9,1133.0,1139.05,130998
2024-10-15T09:45:00+05:30,1139.05,1140.5,1134.2,1135.15,64013
2024-10-15T10:00:00+05:30,1135.4,1138.45,1123.0,1129.3,111376
2024-10-15T10:15:00+05:30,1129.3,1131.35,1121.0,1124.25,68007
2024-10-15T10:30:00+05:30,1124.0,1133.0,1123.9,1129.2,32368
2024-10-15T10:45:00+05:30,1129.3,1130.05,1124.8,1126.0,28070
2024-10-15T11:00:00+05:30,1126.45,1126.9,1122.85,1124.8,26275
2024-10-15T11:15:00+05:30,1124.65,1126.0,1118.3,1123.65,60420
2024-10-15T11:30:00+05:30,1123.5,1127.75,1122.05,1124.75,18145
2024-10-15T11:45:00+05:30,1124.95,1127.4,1122.35,1126.55,18025
2024-10-15T12:00:00+05:30,1126.55,1133.95,1123.45,1130.4,38692
2024-10-15T12:15:00+05:30,1130.4,1138.0,1125.1,1136.8,28467
2024-10-15T12:30:00+05:30,1137.0,1137.5,1130.05,1132.65,35727
2024-10-15T12:45:00+05:30,1132.15,1142.75,1132.1,1139.6,73436
2024-10-15T13:00:00+05:30,1139.5,1140.65,1132.35,1133.45,45172
2024-10-15T13:15:00+05:30,1133.25,1139.7,1129.75,1137.5,38697
2024-10-15T13:30:00+05:30,1137.4,1137.5,1134.55,1136.4,14909
2024-10-15T13:45:00+05:30,1136.6,1138.8,1134.05,1135.25,27875
2024-10-15T14:00:00+05:30,1135.25,1164.5,1134.65,1162.3,239056
2024-10-15T14:15:00+05:30,1162.3,1166.6,1152.05,1154.95,218917
2024-10-15T14:30:00+05:30,1154.4,1155.05,1145.7,1150.4,96346
2024-10-15T14:45:00+05:30,1150.4,1156.5,1148.5,1150.2,54568
2024-10-15T15:00:00+05:30,1149.9,1150.3,1142.7,1145.0,79924
2024-10-15T15:15:00+05:30,1145.0,1154.5,1144.25,1145.5,173213
2024-10-16T09:15:00+05:30,1134.5,1145.5,1132.15,1138.7,150216
2024-10-16T09:30:00+05:30,1138.25,1148.8,1136.05,1141.0,74102
2024-10-16T09:45:00+05:30,1141.0,1147.45,1136.7,1137.1,44240
2024-10-16T10:00:00+05:30,1137.1,1139.45,1132.75,1134.0,47950
2024-10-16T10:15:00+05:30,1134.0,1137.95,1125.7,1135.45,91306
2024-10-16T10:30:00+05:30,1135.45,1137.0,1132.65,1135.25,27249
2024-10-16T10:45:00+05:30,1135.25,1137.85,1132.05,1135.5,14388
2024-10-16T11:00:00+05:30,1136.3,1139.8,1133.25,1135.05,21318
2024-10-16T11:15:00+05:30,1134.1,1136.25,1129.75,1132.15,44113
2024-10-16T11:30:00+05:30,1132.15,1133.0,1127.7,1129.6,30628
2024-10-16T11:45:00+05:30,1129.1,1134.5,1127.15,1132.5,44436
2024-10-16T12:00:00+05:30,1132.7,1133.0,1130.1,1131.0,16369
2024-10-16T12:15:00+05:30,1130.65,1132.35,1128.5,1131.25,13553
2024-10-16T12:30:00+05:30,1131.9,1131.95,1128.35,1129.0,10987
2024-10-16T12:45:00+05:30,1128.8,1132.85,1128.1,1130.3,32642
2024-10-16T13:00:00+05:30,1130.3,1135.0,1129.9,1132.55,30805
2024-10-16T13:15:00+05:30,1132.55,1137.2,1132.0,1133.1,32323
2024-10-16T13:30:00+05:30,1133.8,1135.45,1131.5,1131.85,10066
2024-10-16T13:45:00+05:30,1131.8,1133.75,1130.1,1130.55,14099
2024-10-16T14:00:00+05:30,1131.15,1135.0,1128.05,1132.05,35604
2024-10-16T14:15:00+05:30,1132.0,1141.35,1132.0,1139.35,70856
2024-10-16T14:30:00+05:30,1139.4,1147.8,1139.4,1145.5,123281
2024-10-16T14:45:00+05:30,1145.9,1150.95,1138.35,1139.75,130684
2024-10-16T15:00:00+05:30,1139.1,1141.65,1134.95,1136.35,83136
2024-10-16T15:15:00+05:30,1136.35,1142.0,1127.25,1128.0,165620
2024-10-17T09:15:00+05:30,1143.0,1144.7,1129.0,1130.45,118904
2024-10-17T09:30:00+05:30,1130.45,1131.05,1113.0,1117.75,139751
2024-10-17T09:45:00+05:30,1117.05,1121.0,1112.1,1118.55,95354
2024-10-17T10:00:00+05:30,1118.45,1119.0,1102.45,1107.9,94794
2024-10-17T10:15:00+05:30,1107.0,1117.25,1107.0,1111.0,66763
2024-10-17T10:30:00+05:30,1111.2,1117.85,1108.7,1114.55,41123
2024-10-17T10:45:00+05:30,1114.55,1115.0,1108.8,1110.85,21112
2024-10-17T11:00:00+05:30,1110.85,1111.0,1102.35,1103.35,64590
2024-10-17T11:15:00+05:30,1103.35,1107.15,1095.45,1097.2,79262
2024-10-17T11:30:00+05:30,1097.0,1101.4,1095.85,1098.0,232794
2024-10-17T11:45:00+05:30,1098.0,1103.65,1097.9,1101.4,154179
2024-10-17T12:00:00+05:30,1101.65,1101.7,1096.1,1097.05,23551
2024-10-17T12:15:00+05:30,1097.2,1100.05,1096.2,1098.0,22696
2024-10-17T12:30:00+05:30,1098.0,1098.45,1092.0,1093.9,45312
2024-10-17T12:45:00+05:30,1094.45,1097.6,1090.1,1095.6,37291
2024-10-17T13:00:00+05:30,1096.45,1099.0,1095.9,1096.95,24772
2024-10-17T13:15:00+05:30,1096.05,1096.75,1090.35,1092.05,29045
2024-10-17T13:30:00+05:30,1092.55,1097.0,1092.5,1095.85,20069
2024-10-17T13:45:00+05:30,1096.0,1097.2,1092.7,1093.05,16645
2024-10-17T14:00:00+05:30,1093.85,1097.0,1091.3,1093.0,27100
2024-10-17T14:15:00+05:30,1092.8,1097.0,1091.2,1096.0,25399
2024-10-17T14:30:00+05:30,1096.1,1096.2,1083.0,1087.95,87462
2024-10-17T14:45:00+05:30,1087.95,1098.0,1087.8,1094.75,94036
2024-10-17T15:00:00+05:30,1093.8,1094.75,1081.0,1083.5,111426
2024-10-17T15:15:00+05:30,1083.5,1085.0,1078.8,1081.0,152587
2024-10-18T09:15:00+05:30,1076.0,1076.0,1055.1,1067.85,243918
2024-10-18T09:30:00+05:30,1068.0,1101.55,1065.8,1096.35,255389
2024-10-18T09:45:00+05:30,1096.0,1096.6,1082.05,1085.0,189787
2024-10-18T10:00:00+05:30,1085.75,1086.95,1075.05,1085.1,68664
2024-10-18T10:15:00+05:30,1085.05,1095.0,1084.1,1092.2,67315
2024-10-18T10:30:00+05:30,1092.75,1095.0,1082.7,1086.45,55172
2024-10-18T10:45:00+05:30,1086.4,1089.45,1080.85,1082.55,37159
2024-10-18T11:00:00+05:30,1082.55,1083.8,1080.0,1081.8,25538
2024-10-18T11:15:00+05:30,1081.8,1087.65,1080.0,1085.2,16992
2024-10-18T11:30:00+05:30,1085.85,1089.9,1084.0,1087.0,25811
2024-10-18T11:45:00+05:30,1087.75,1089.95,1086.0,1088.0,9691
2024-10-18T12:00:00+05:30,1088.2,1089.75,1082.7,1084.65,21549
2024-10-18T12:15:00+05:30,1084.7,1088.3,1083.3,1086.6,15778
2024-10-18T12:30:00+05:30,1086.6,1091.8,1085.0,1088.55,27828
2024-10-18T12:45:00+05:30,1089.6,1093.2,1086.0,1090.0,20210
2024-10-18T13:00:00+05:30,1090.7,1093.75,1088.3,1089.7,13241
2024-10-18T13:15:00+05:30,1089.75,1091.0,1088.4,1090.0,6290
2024-10-18T13:30:00+05:30,1090.0,1090.5,1088.0,1090.0,7353
2024-10-18T13:45:00+05:30,1090.4,1092.5,1085.15,1092.0,16429
2024-10-18T14:00:00+05:30,1092.0,1092.5,1088.05,1090.3,15291
2024-10-18T14:15:00+05:30,1090.3,1111.95,1090.0,1093.25,189063
2024-10-18T14:30:00+05:30,1093.95,1101.1,1093.9,1095.85,49545
2024-10-18T14:45:00+05:30,1095.35,1100.0,1095.2,1099.15,52771
2024-10-18T15:00:00+05:30,1099.0,1104.2,1090.6,1091.25,107177
2024-10-18T15:15:00+05:30,1091.15,1096.85,1085.1,1087.3,131167
2024-10-21T09:15:00+05:30,1100.0,1106.0,1090.5,1101.45,122143
2024-10-21T09:30:00+05:30,1101.45,1101.8,1083.1,1086.0,74878
2024-10-21T09:45:00+05:30,1086.25,1086.9,1080.2,1082.65,47797
2024-10-21T10:00:00+05:30,1081.65,1094.9,1080.45,1088.95,57061
2024-10-21T10:15:00+05:30,1088.95,1091.95,1085.0,1086.85,31042
2024-10-21T10:30:00+05:30,1086.85,1086.9,1080.05,1081.6,32710
2024-10-21T10:45:00+05:30,1081.6,1085.25,1081.6,1084.0,8099
2024-10-21T11:00:00+05:30,1084.0,1087.2,1081.7,1083.35,17793
2024-10-21T11:15:00+05:30,1083.4,1085.0,1072.25,1077.55,56391
2024-10-21T11:30:00+05:30,1077.55,1077.85,1072.0,1075.0,30697
2024-10-21T11:45:00+05:30,1075.0,1076.05,1071.0,1073.7,20782
2024-10-21T12:00:00+05:30,1073.85,1073.85,1067.05,1069.7,22195
2024-10-21T12:15:00+05:30,1069.2,1070.95,1064.0,1068.05,19580
2024-10-21T12:30:00+05:30,1068.65,1068.95,1052.05,1055.9,72210
2024-10-21T12:45:00+05:30,1055.05,1056.0,1052.5,1055.0,49981
2024-10-21T13:00:00+05:30,1054.65,1055.8,1052.0,1054.95,45732
2024-10-21T13:15:00+05:30,1054.95,1058.6,1053.5,1055.0,54385
2024-10-21T13:30:00+05:30,1055.0,1055.0,1050.1,1054.0,24972
2024-10-21T13:45:00+05:30,1053.25,1055.95,1052.1,1054.4,23965
2024-10-21T14:00:00+05:30,1054.3,1055.05,1050.05,1052.35,27384
2024-10-21T14:15:00+05:30,1051.55,1055.0,1050.85,1054.7,19611
2024-10-21T14:30:00+05:30,1054.7,1054.9,1046.3,1051.85,64441
2024-10-21T14:45:00+05:30,1051.45,1055.5,1051.45,1053.4,53808
2024-10-21T15:00:00+05:30,1052.6,1053.6,1045.0,1045.5,68344
2024-10-21T15:15:00+05:30,1045.5,1045.5,1035.1,1038.8,170394
2024-10-22T09:15:00+05:30,1048.85,1050.45,1026.0,1035.0,161044
2024-10-22T09:30:00+05:30,1035.5,1038.2,1028.75,1037.25,44012
2024-10-22T09:45:00+05:30,1037.85,1044.0,1033.7,1035.95,54910
2024-10-22T10:00:00+05:30,1035.95,1038.9,1025.65,1025.9,39801
2024-10-22T10:15:00+05:30,1026.0,1027.6,1021.15,1021.3,62161
2024-10-22T10:30:00+05:30,1021.1,1024.0,1017.5,1021.0,50946
2024-10-22T10:45:00+05:30,1020.95,1029.1,1019.5,1027.05,18361
2024-10-22T11:00:00+05:30,1026.9,1032.3,1024.5,1028.4,32934
2024-10-22T11:15:00+05:30,1028.25,1029.75,1020.0,1021.7,18006
2024-10-22T11:30:00+05:30,1022.0,1025.0,1020.0,1020.85,15314
2024-10-22T11:45:00+05:30,1020.85,1021.95,1015.05,1019.5,25489
2024-10-22T12:00:00+05:30,1019.5,1021.9,1015.15,1017.0,14940
2024-10-22T12:15:00+05:30,1016.85,1021.0,1011.05,1013.5,47121
2024-10-22T12:30:00+05:30,1012.75,1013.85,1008.0,1010.0,52626
2024-10-22T12:45:00+05:30,1010.0,1010.85,1006.1,1009.55,38584
2024-10-22T13:00:00+05:30,1009.55,1010.0,1006.0,1009.05,25525
2024-10-22T13:15:00+05:30,1009.0,1009.45,1002.0,1005.35,44332
2024-10-22T13:30:00+05:30,1005.5,1008.25,1003.75,1007.05,49966
2024-10-22T13:45:00+05:30,1006.9,1010.7,1005.65,1010.0,42223
2024-10-22T14:00:00+05:30,1010.0,1010.0,1003.25,1009.7,23075
2024-10-22T14:15:00+05:30,1009.7,1011.2,1004.5,1006.25,23983
2024-10-22T14:30:00+05:30,1006.25,1006.7,999.25,1000.35,59071
2024-10-22T14:45:00+05:30,1000.0,1008.6,996.45,1003.0,106288
2024-10-22T15:00:00+05:30,1002.8,1003.15,995.0,996.65,110416
2024-10-22T15:15:00+05:30,997.35,1005.0,991.0,1002.0,147096
2024-10-23T09:15:00+05:30,999.95,1027.95,999.95,1014.65,179034
2024-10-23T09:30:00+05:30,1015.0,1020.0,997.45,997.45,75314
2024-10-23T09:45:00+05:30,998.0,1016.95,991.75,1014.4,105779
2024-10-23T10:00:00+05:30,1014.3,1016.1,1008.65,1014.5,91588
2024-10-23T10:15:00+05:30,1014.15,1024.8,1014.15,1016.5,65402
2024-10-23T10:30:00+05:30,1016.65,1018.15,1012.2,1015.1,19338
2024-10-23T10:45:00+05:30,1014.7,1014.7,1002.05,1003.4,50172
2024-10-23T11:00:00+05:30,1003.0,1012.05,1002.2,1002.95,45144
2024-10-23T11:15:00+05:30,1002.95,1004.3,998.65,1001.25,47748
2024-10-23T11:30:00+05:30,1001.0,1013.7,1000.15,1005.0,118238
2024-10-23T11:45:00+05:30,1005.3,1007.25,1003.0,1004.65,18420
2024-10-23T12:00:00+05:30,1004.65,1005.95,1000.0,1001.95,29839
2024-10-23T12:15:00+05:30,1001.0,1003.65,997.2,999.1,64998
2024-10-23T12:30:00+05:30,998.5,1009.9,998.15,1007.85,105861
2024-10-23T12:45:00+05:30,1008.5,1017.4,1006.5,1013.85,56762
2024-10-23T13:00:00+05:30,1014.0,1014.45,1008.65,1009.05,19517
2024-10-23T13:15:00+05:30,1009.0,1014.0,1006.55,1009.95,23215
2024-10-23T13:30:00+05:30,1009.95,1017.7,1009.9,1017.1,41829
2024-10-23T13:45:00+05:30,1017.45,1034.8,1016.4,1018.3,185913
2024-10-23T14:00:00+05:30,1018.3,1020.9,1013.1,1014.7,42833
2024-10-23T14:15:00+05:30,1014.7,1018.95,1010.0,1013.15,68020
2024-10-23T14:30:00+05:30,1013.1,1016.0,1006.4,1009.05,39744
2024-10-23T14:45:00+05:30,1009.05,1012.65,1002.1,1006.55,60297
2024-10-23T15:00:00+05:30,1005.3,1006.75,998.0,1000.0,100240
2024-10-23T15:15:00+05:30,999.6,1000.0,997.0,999.9,168735
2024-10-24T09:15:00+05:30,1012.0,1018.5,1002.3,1010.55,132334
2024-10-24T09:30:00+05:30,1010.55,1011.85,1002.65,1005.4,45674
2024-10-24T09:45:00+05:30,1005.4,1005.4,994.0,1003.3,99382
2024-10-24T10:00:00+05:30,1002.5,1005.9,997.15,1002.95,64284
2024-10-24T10:15:00+05:30,1002.95,1009.3,1002.05,1006.95,24239
2024-10-24T10:30:00+05:30,1007.0,1007.65,1002.3,1005.05,34094
2024-10-24T10:45:00+05:30,1005.85,1005.85,1001.4,1001.7,17621
2024-10-24T11:00:00+05:30,1001.7,1002.6,998.2,1000.0,19167
2024-10-24T11:15:00+05:30,1000.0,1004.45,999.0,1002.7,8836
2024-10-24T11:30:00+05:30,1002.0,1002.3,1000.0,1001.65,5352
2024-10-24T11:45:00+05:30,1001.3,1001.75,998.05,999.0,11648
2024-10-24T12:00:00+05:30,998.75,999.5,998.0,998.75,3848
2024-10-24T12:15:00+05:30,999.0,1000.0,998.05,998.6,8886
2024-10-24T12:30:00+05:30,998.8,1000.0,998.0,999.9,13850
2024-10-24T12:45:00+05:30,999.35,999.55,995.0,997.6,17595
2024-10-24T13:00:00+05:30,997.0,998.0,995.0,996.3,27543
2024-10-24T13:15:00+05:30,996.35,997.0,993.9,994.4,13657
2024-10-24T13:30:00+05:30,994.4,995.0,991.1,992.1,18528
2024-10-24T13:45:00+05:30,992.1,996.9,992.1,992.4,13608
2024-10-24T14:00:00+05:30,992.9,993.75,983.0,984.65,57016
2024-10-24T14:15:00+05:30,984.85,987.0,981.6,985.0,30578
2024-10-24T14:30:00+05:30,984.9,987.85,983.0,984.75,30359
2024-10-24T14:45:00+05:30,984.05,984.8,980.0,982.05,19324
2024-10-24T15:00:00+05:30,981.85,984.0,978.15,979.0,64851
2024-10-24T15:15:00+05:30,979.0,980.0,975.05,979.85,148451
2024-10-25T09:15:00+05:30,985.7,992.45,961.35,962.95,195383
2024-10-25T09:30:00+05:30,962.1,964.5,951.15,951.35,99093
2024-10-25T09:45:00+05:30,951.8,969.55,950.05,966.25,136790
2024-10-25T10:00:00+05:30,966.15,967.55,950.65,954.55,82808
2024-10-25T10:15:00+05:30,954.6,964.0,947.0,953.45,112908
2024-10-25T10:30:00+05:30,953.45,953.95,947.25,948.0,41984
2024-10-25T10:45:00+05:30,947.55,948.4,934.0,945.2,126934
2024-10-25T11:00:00+05:30,945.65,949.0,941.05,942.85,103134
2024-10-25T11:15:00+05:30,943.4,958.95,943.2,949.5,97613
2024-10-25T11:30:00+05:30,949.55,950.5,944.0,944.7,31930
2024-10-25T11:45:00+05:30,944.75,948.0,940.95,943.55,35460
2024-10-25T12:00:00+05:30,943.75,951.0,943.0,943.8,49311
2024-10-25T12:15:00+05:30,943.8,946.15,937.25,942.0,35007
2024-10-25T12:30:00+05:30,942.0,946.5,940.45,944.95,23357
2024-10-25T12:45:00+05:30,944.95,947.45,943.25,944.95,31724
2024-10-25T13:00:00+05:30,944.95,945.2,941.9,942.95,25947
2024-10-25T13:15:00+05:30,942.5,942.5,933.0,933.6,42587
2024-10-25T13:30:00+05:30,933.05,937.1,930.4,931.0,81705
2024-10-25T13:45:00+05:30,931.0,937.0,928.0,929.85,62993
2024-10-25T14:00:00+05:30,929.35,931.45,926.6,928.0,52380
2024-10-25T14:15:00+05:30,928.0,930.0,925.1,929.0,43529
2024-10-25T14:30:00+05:30,929.0,933.7,927.5,929.6,28873
2024-10-25T14:45:00+05:30,929.6,942.0,927.95,936.55,156988
2024-10-25T15:00:00+05:30,937.25,957.2,934.2,944.95,283718
2024-10-25T15:15:00+05:30,944.95,949.95,937.6,945.0,231710
2024-10-28T09:15:00+05:30,952.85,965.0,940.55,957.1,192227
2024-10-28T09:30:00+05:30,957.3,958.9,938.05,940.6,116683
2024-10-28T09:45:00+05:30,941.0,945.6,935.1,939.35,99009
2024-10-28T10:00:00+05:30,939.35,941.9,927.1,929.65,141640
2024-10-28T10:15:00+05:30,929.3,945.4,922.85,939.05,162842
2024-10-28T10:30:00+05:30,940.3,948.65,933.3,947.3,81656
2024-10-28T10:45:00+05:30,948.05,956.0,942.15,948.95,99538
2024-10-28T11:00:00+05:30,948.7,961.0,945.6,956.6,112747
2024-10-28T11:15:00+05:30,957.2,962.0,955.55,959.05,86267
2024-10-28T11:30:00+05:30,959.55,969.0,958.65,964.5,101142
2024-10-28T11:45:00+05:30,964.85,978.0,962.0,969.7,126216
2024-10-28T12:00:00+05:30,969.7,974.25,967.7,972.0,45973
2024-10-28T12:15:00+05:30,972.0,972.1,962.0,963.5,47422
2024-10-28T12:30:00+05:30,963.05,969.0,962.0,968.8,25999
2024-10-28T12:45:00+05:30,968.7,971.0,965.5,966.15,29350
2024-10-28T13:00:00+05:30,966.3,968.95,965.75,968.35,15704
2024-10-28T13:15:00+05:30,968.35,970.2,965.75,966.2,30955
2024-10-28T13:30:00+05:30,966.25,976.65,965.75,975.4,40969
2024-10-28T13:45:00+05:30,975.1,977.85,973.15,977.0,43884
2024-10-28T14:00:00+05:30,976.7,982.0,968.3,973.0,78364
2024-10-28T14:15:00+05:30,973.0,973.0,966.5,967.7,43960
2024-10-28T14:30:00+05:30,967.95,975.1,967.0,973.7,41242
2024-10-28T14:45:00+05:30,973.7,974.0,965.5,971.0,42302
2024-10-28T15:00:00+05:30,970.9,970.9,957.8,961.05,97575
2024-10-28T15:15:00+05:30,961.65,963.25,955.35,960.0,141185
2024-10-29T09:15:00+05:30,963.95,968.0,950.1,956.9,121936
2024-10-29T09:30:00+05:30,956.9,967.8,955.0,957.1,61326
2024-10-29T09:45:00+05:30,957.85,960.0,954.0,954.9,37005
2024-10-29T10:00:00+05:30,954.2,958.75,951.55,957.45,34860
2024-10-29T10:15:00+05:30,958.45,960.15,953.0,955.05,22402
2024-10-29T10:30:00+05:30,954.95,955.05,950.0,953.5,50404
2024-10-29T10:45:00+05:30,953.0,953.5,946.65,947.95,25933
2024-10-29T11:00:00+05:30,947.95,954.0,945.9,951.95,25812
2024-10-29T11:15:00+05:30,951.7,952.35,949.0,950.8,10247
2024-10-29T11:30:00+05:30,951.4,955.9,949.45,950.5,28763
2024-10-29T11:45:00+05:30,950.05,953.15,950.0,951.8,10846
2024-10-29T12:00:00+05:30,951.75,955.1,951.75,953.95,9116
2024-10-29T12:15:00+05:30,954.0,957.15,953.75,954.2,16207
2024-10-29T12:30:00+05:30,954.2,955.65,953.45,955.35,7379
2024-10-29T12:45:00+05:30,955.35,957.0,953.9,955.5,16459
2024-10-29T13:00:00+05:30,955.5,958.55,955.05,956.0,24609
2024-10-29T13:15:00+05:30,955.55,956.9,952.15,953.0,14758
2024-10-29T13:30:00+05:30,953.7,953.85,950.0,950.75,8746
2024-10-29T13:45:00+05:30,950.75,953.1,949.0,949.7,22497
2024-10-29T14:00:00+05:30,950.15,954.65,949.7,953.0,15354
2024-10-29T14:15:00+05:30,953.0,957.5,951.25,957.0,34711
2024-10-29T14:30:00+05:30,956.1,959.7,952.6,954.0,35581
2024-10-29T14:45:00+05:30,953.8,958.55,952.85,954.15,56368
2024-10-29T15:00:00+05:30,954.15,956.8,953.1,953.1,33052
2024-10-29T15:15:00+05:30,953.6,954.45,948.5,951.9,70762
2024-10-30T09:15:00+05:30,950.0,966.8,948.15,964.9,103650
2024-10-30T09:30:00+05:30,964.75,972.95,961.05,971.1,78907
2024-10-30T09:45:00+05:30,972.0,979.5,971.0,975.45,91310
2024-10-30T10:00:00+05:30,975.4,983.2,968.1,980.25,66970
2024-10-30T10:15:00+05:30,981.0,992.9,979.15,991.55,153915
2024-10-30T10:30:00+05:30,991.9,1011.4,991.9,1003.35,282590
2024-10-30T10:45:00+05:30,1003.5,1016.35,1000.05,1012.05,174412
2024-10-30T11:00:00+05:30,1012.0,1019.0,1005.05,1013.95,205122
2024-10-30T11:15:00+05:30,1014.0,1019.7,1011.05,1015.55,68553
2024-10-30T11:30:00+05:30,1015.05,1019.65,1015.0,1015.5,78543
2024-10-30T11:45:00+05:30,1015.35,1016.0,998.3,1003.8,168795
2024-10-30T12:00:00+05:30,1003.9,1005.95,1001.0,1003.0,46576
2024-10-30T12:15:00+05:30,1003.5,1014.95,1002.05,1012.8,56897
2024-10-30T12:30:00+05:30,1012.8,1014.9,1007.0,1012.5,47926
2024-10-30T12:45:00+05:30,1012.6,1014.95,1009.0,1011.5,32106
2024-10-30T13:00:00+05:30,1012.05,1013.75,1008.05,1012.2,25462
2024-10-30T13:15:00+05:30,1012.2,1012.2,1004.15,1005.9,35408
2024-10-30T13:30:00+05:30,1005.9,1006.5,1001.05,1001.75,33063
2024-10-30T13:45:00+05:30,1001.35,1003.5,996.65,997.65,83132
2024-10-30T14:00:00+05:30,997.9,999.85,993.0,997.35,65885
2024-10-30T14:15:00+05:30,997.35,1004.8,995.6,1003.6,54025
2024-10-30T14:30:00+05:30,1003.5,1005.0,998.55,1000.75,44462
2024-10-30T14:45:00+05:30,1000.75,1002.85,999.3,1000.95,34386
2024-10-30T15:00:00+05:30,1000.9,1009.95,998.3,1004.05,102809
2024-10-30T15:15:00+05:30,1004.85,1005.7,997.0,998.0,199439
2024-10-31T09:15:00+05:30,1000.4,1010.0,998.05,1002.45,169573
2024-10-31T09:30:00+05:30,1002.5,1026.0,1002.3,1024.05,188331
2024-10-31T09:45:00+05:30,1024.55,1034.4,1020.0,1024.95,173469
2024-10-31T10:00:00+05:30,1025.6,1031.0,1019.2,1021.15,133209
2024-10-31T10:15:00+05:30,1021.3,1023.5,1012.2,1014.05,97810
2024-10-31T10:30:00+05:30,1014.5,1019.7,1011.05,1017.65,77186
2024-10-31T10:45:00+05:30,1017.6,1019.55,1011.15,1013.45,59683
2024-10-31T11:00:00+05:30,1013.8,1017.9,1008.5,1011.6,58357
2024-10-31T11:15:00+05:30,1011.6,1018.5,1010.5,1017.0,27228
2024-10-31T11:30:00+05:30,1017.25,1017.25,1002.75,1005.0,70741
2024-10-31T11:45:00+05:30,1005.5,1008.9,1003.45,1007.0,40083
2024-10-31T12:00:00+05:30,1007.7,1012.35,1006.0,1011.3,29785
2024-10-31T12:15:00+05:30,1011.3,1015.75,1010.25,1011.3,53703
2024-10-31T12:30:00+05:30,1011.3,1015.0,1009.0,1011.8,37563
2024-10-31T12:45:00+05:30,1011.85,1014.0,1010.55,1013.05,10598
2024-10-31T13:00:00+05:30,1013.45,1014.0,1011.05,1012.95,12080
2024-10-31T13:15:00+05:30,1012.75,1012.75,1011.0,1011.6,11466
2024-10-31T13:30:00+05:30,1011.6,1012.0,1006.1,1011.6,32543
2024-10-31T13:45:00+05:30,1011.6,1013.85,1010.0,1010.2,20062
2024-10-31T14:00:00+05:30,1010.2,1010.9,1008.0,1009.0,13411
2024-10-31T14:15:00+05:30,1009.0,1010.95,1007.8,1010.0,13686
2024-10-31T14:30:00+05:30,1010.15,1012.85,1008.0,1011.5,30256
2024-10-31T14:45:00+05:30,1011.95,1018.95,1011.05,1013.85,78117
2024-10-31T15:00:00+05:30,1013.95,1018.7,1012.05,1018.1,76519
2024-10-31T15:15:00+05:30,1018.05,1031.0,1015.6,1029.0,281383
2024-11-01T18:00:00+05:30,1033.75,1054.7,1032.55,1052.1,250096
2024-11-01T18:15:00+05:30,1052.3,1069.0,1050.0,1068.75,226017
2024-11-01T18:30:00+05:30,1068.6,1085.0,1066.0,1071.0,454067
2024-11-01T18:45:00+05:30,1071.5,1090.0,1063.95,1086.05,357555
2024-11-04T09:15:00+05:30,1103.9,1119.65,1063.15,1064.2,948369
2024-11-04T09:30:00+05:30,1064.75,1074.6,1054.1,1057.25,275335
2024-11-04T09:45:00+05:30,1057.7,1058.35,1045.0,1057.35,165666
2024-11-04T10:00:00+05:30,1057.0,1065.0,1048.05,1056.5,118633
2024-11-04T10:15:00+05:30,1056.65,1069.0,1053.0,1065.4,118477
2024-11-04T10:30:00+05:30,1065.35,1066.0,1057.0,1061.35,67412
2024-11-04T10:45:00+05:30,1061.1,1069.8,1059.1,1062.0,62288
2024-11-04T11:00:00+05:30,1062.6,1064.35,1057.55,1060.4,52414
2024-11-04T11:15:00+05:30,1060.65,1082.0,1056.5,1080.0,161596
2024-11-04T11:30:00+05:30,1080.05,1094.95,1077.2,1090.0,263898
2024-11-04T11:45:00+05:30,1090.15,1095.0,1082.45,1088.8,172981
2024-11-04T12:00:00+05:30,1088.55,1096.95,1087.05,1088.95,148158
2024-11-04T12:15:00+05:30,1088.95,1090.0,1078.0,1081.5,112082
2024-11-04T12:30:00+05:30,1082.25,1082.9,1077.55,1081.5,46987
2024-11-04T12:45:00+05:30,1081.9,1083.35,1078.0,1083.0,33069
2024-11-04T13:00:00+05:30,1082.95,1088.0,1081.05,1083.8,62391
2024-11-04T13:15:00+05:30,1083.95,1085.0,1080.15,1082.6,28224
2024-11-04T13:30:00+05:30,1082.3,1085.7,1081.55,1083.35,19055
2024-11-04T13:45:00+05:30,1083.5,1087.0,1083.05,1085.65,20870
2024-11-04T14:00:00+05:30,1085.85,1090.0,1085.0,1087.0,39524
2024-11-04T14:15:00+05:30,1087.0,1087.45,1079.0,1082.15,66863
2024-11-04T14:30:00+05:30,1082.25,1084.45,1078.0,1082.15,43385
2024-11-04T14:45:00+05:30,1082.15,1090.6,1080.7,1083.55,193769
2024-11-04T15:00:00+05:30,1083.55,1084.7,1072.0,1072.3,239833
2024-11-04T15:15:00+05:30,1072.3,1076.35,1068.55,1071.4,176712
2024-11-05T09:15:00+05:30,1072.05,1105.0,1061.35,1087.85,433082
2024-11-05T09:30:00+05:30,1087.85,1089.1,1076.1,1077.35,111631
2024-11-05T09:45:00+05:30,1077.35,1095.8,1077.05,1094.15,98421
2024-11-05T10:00:00+05:30,1094.05,1133.0,1093.0,1131.7,589146
2024-11-05T10:15:00+05:30,1131.0,1145.35,1128.65,1137.0,727121
2024-11-05T10:30:00+05:30,1136.2,1148.9,1123.4,1148.85,444945
2024-11-05T10:45:00+05:30,1148.3,1153.0,1143.6,1146.0,468131
2024-11-05T11:00:00+05:30,1146.0,1148.35,1141.05,1144.45,163599
2024-11-05T11:15:00+05:30,1144.45,1157.9,1140.0,1153.6,341850
2024-11-05T11:30:00+05:30,1153.9,1158.5,1143.65,1145.6,292335
2024-11-05T11:45:00+05:30,1146.2,1148.9,1143.15,1146.0,130678
2024-11-05T12:00:00+05:30,1146.0,1146.15,1128.0,1135.6,231085
2024-11-05T12:15:00+05:30,1135.6,1146.5,1135.6,1138.0,87963
2024-11-05T12:30:00+05:30,1138.05,1145.6,1133.85,1141.6,98980
2024-11-05T12:45:00+05:30,1141.55,1155.8,1136.0,1155.8,183694
2024-11-05T13:00:00+05:30,1155.55,1163.0,1149.1,1161.15,436082
2024-11-05T13:15:00+05:30,1161.15,1161.8,1153.0,1156.95,150783
2024-11-05T13:30:00+05:30,1157.0,1158.15,1145.5,1149.8,126380
2024-11-05T13:45:00+05:30,1149.8,1169.0,1149.2,1154.9,374647
2024-11-05T14:00:00+05:30,1154.2,1156.25,1141.05,1152.05,261559
2024-11-05T14:15:00+05:30,1151.95,1154.45,1145.5,1148.05,109878
2024-11-05T14:30:00+05:30,1148.7,1153.0,1145.4,1148.15,88128
2024-11-05T14:45:00+05:30,1148.5,1165.0,1147.5,1156.0,311969
2024-11-05T15:00:00+05:30,1155.9,1162.75,1146.2,1158.5,374143
2024-11-05T15:15:00+05:30,1158.8,1185.0,1158.0,1179.0,965577
2024-11-06T09:15:00+05:30,1200.0,1226.15,1181.05,1218.55,1784075
2024-11-06T09:30:00+05:30,1218.5,1243.0,1207.2,1238.65,1004367
2024-11-06T09:45:00+05:30,1237.55,1245.0,1224.65,1226.0,621275
2024-11-06T10:00:00+05:30,1225.25,1226.15,1196.65,1210.75,866474
2024-11-06T10:15:00+05:30,1210.75,1211.65,1183.2,1185.0,442524
2024-11-06T10:30:00+05:30,1185.0,1188.5,1170.0,1186.95,505393
2024-11-06T10:45:00+05:30,1186.95,1204.5,1184.05,1202.55,307425
2024-11-06T11:00:00+05:30,1202.4,1204.7,1191.0,1191.75,169246
2024-11-06T11:15:00+05:30,1191.75,1199.7,1191.55,1197.75,88667
2024-11-06T11:30:00+05:30,1197.75,1208.3,1192.9,1195.0,243272
2024-11-06T11:45:00+05:30,1195.0,1203.4,1194.6,1203.0,74984
2024-11-06T12:00:00+05:30,1202.65,1206.35,1184.1,1188.55,213015
2024-11-06T12:15:00+05:30,1188.0,1195.0,1187.6,1189.65,106003
2024-11-06T12:30:00+05:30,1190.0,1191.25,1187.1,1189.8,55238
2024-11-06T12:45:00+05:30,1189.85,1193.2,1186.1,1190.9,49819
2024-11-06T13:00:00+05:30,1190.9,1195.95,1185.0,1188.95,84093
2024-11-06T13:15:00+05:30,1188.95,1189.9,1185.0,1187.2,67941
2024-11-06T13:30:00+05:30,1187.85,1195.55,1187.35,1195.0,82011
2024-11-06T13:45:00+05:30,1195.0,1195.0,1188.0,1190.5,79339
2024-11-06T14:00:00+05:30,1190.25,1198.0,1187.2,1194.45,95850
2024-11-06T14:15:00+05:30,1194.9,1195.6,1191.6,1194.0,52646
2024-11-06T14:30:00+05:30,1194.65,1195.0,1185.0,1187.0,90563
2024-11-06T14:45:00+05:30,1187.0,1192.4,1185.0,1186.0,90904
2024-11-06T15:00:00+05:30,1186.4,1194.15,1185.0,1185.95,172244
2024-11-06T15:15:00+05:30,1185.95,1195.0,1182.0,1190.6,421923
2024-11-07T09:15:00+05:30,1165.0,1176.95,1135.05,1146.85,733643
2024-11-07T09:30:00+05:30,1147.6,1165.0,1145.15,1163.05,290441
2024-11-07T09:45:00+05:30,1163.75,1164.7,1144.85,1145.85,181908
2024-11-07T10:00:00+05:30,1145.85,1151.95,1143.0,1150.95,112096
2024-11-07T10:15:00+05:30,1150.55,1152.55,1128.15,1131.8,254244
2024-11-07T10:30:00+05:30,1132.35,1133.1,1125.15,1129.5,171531
2024-11-07T10:45:00+05:30,1129.5,1131.0,1128.15,1130.05,87120
2024-11-07T11:00:00+05:30,1130.5,1131.95,1126.1,1130.55,68948
2024-11-07T11:15:00+05:30,1130.85,1132.25,1120.55,1127.55,154406
2024-11-07T11:30:00+05:30,1127.6,1129.7,1125.55,1125.6,36955
2024-11-07T11:45:00+05:30,1125.9,1128.9,1124.0,1124.45,33043
2024-11-07T12:00:00+05:30,1124.0,1126.0,1122.1,1122.9,23990
2024-11-07T12:15:00+05:30,1123.0,1126.0,1121.1,1123.35,75375
2024-11-07T12:30:00+05:30,1123.35,1130.4,1123.35,1129.75,67811
2024-11-07T12:45:00+05:30,1129.75,1130.0,1127.0,1129.0,33356
2024-11-07T13:00:00+05:30,1129.0,1129.85,1123.0,1125.0,60471
2024-11-07T13:15:00+05:30,1124.45,1124.95,1115.75,1116.4,69815
2024-11-07T13:30:00+05:30,1116.7,1118.95,1111.1,1114.65,120502
2024-11-07T13:45:00+05:30,1114.65,1128.4,1114.0,1124.5,95746
2024-11-07T14:00:00+05:30,1124.5,1126.2,1121.05,1123.8,41838
2024-11-07T14:15:00+05:30,1123.6,1126.8,1121.25,1126.0,36664
2024-11-07T14:30:00+05:30,1126.05,1126.05,1116.7,1116.95,74997
2024-11-07T14:45:00+05:30,1117.6,1121.0,1094.05,1099.65,286150
2024-11-07T15:00:00+05:30,1099.0,1102.75,1086.0,1089.65,353365
2024-11-07T15:15:00+05:30,1089.65,1096.85,1085.0,1095.95,325291
2024-11-08T09:15:00+05:30,1101.7,1143.0,1093.5,1130.55,853648
2024-11-08T09:30:00+05:30,1130.55,1131.9,1111.15,1113.0,262556
2024-11-08T09:45:00+05:30,1113.0,1120.0,1103.1,1108.6,159761
2024-11-08T10:00:00+05:30,1108.25,1120.35,1106.4,1119.0,117731
2024-11-08T10:15:00+05:30,1119.55,1119.7,1114.2,1114.5,58372
2024-11-08T10:30:00+05:30,1115.0,1120.0,1110.45,1114.55,51664
2024-11-08T10:45:00+05:30,1114.5,1121.45,1114.1,1116.55,69435
2024-11-08T11:00:00+05:30,1116.6,1119.0,1115.3,1117.4,16719
2024-11-08T11:15:00+05:30,1117.45,1117.45,1111.0,1114.0,37365
2024-11-08T11:30:00+05:30,1114.0,1114.5,1098.05,1101.0,126722
2024-11-08T11:45:00+05:30,1101.0,1110.0,1101.0,1106.5,53035
2024-11-08T12:00:00+05:30,1106.5,1108.0,1083.05,1083.85,107934
2024-11-08T12:15:00+05:30,1083.1,1098.9,1083.05,1095.0,109732
2024-11-08T12:30:00+05:30,1095.0,1104.0,1095.0,1099.6,50903
2024-11-08T12:45:00+05:30,1099.6,1102.4,1099.15,1100.7,33200
2024-11-08T13:00:00+05:30,1100.0,1118.7,1099.0,1115.85,143887
2024-11-08T13:15:00+05:30,1115.3,1116.5,1107.3,1112.0,73496
2024-11-08T13:30:00+05:30,1112.2,1115.2,1109.45,1109.7,37988
2024-11-08T13:45:00+05:30,1109.7,1113.0,1105.05,1105.8,37556
2024-11-08T14:00:00+05:30,1105.8,1130.0,1103.0,1111.65,223574
2024-11-08T14:15:00+05:30,1111.6,1126.0,1101.75,1112.0,119455
2024-11-08T14:30:00+05:30,1112.65,1129.0,1109.9,1121.0,190771
2024-11-08T14:45:00+05:30,1121.15,1126.5,1115.25,1117.0,102818
2024-11-08T15:00:00+05:30,1117.0,1137.2,1115.2,1132.0,232829
2024-11-08T15:15:00+05:30,1132.05,1133.8,1121.3,1123.5,240451
2024-11-11T09:15:00+05:30,1099.0,1099.0,1046.0,1063.0,1207775
2024-11-11T09:30:00+05:30,1063.0,1066.85,1027.05,1037.35,767011
2024-11-11T09:45:00+05:30,1037.25,1042.55,1010.0,1029.0,565017
2024-11-11T10:00:00+05:30,1029.0,1042.0,1021.35,1040.05,180313
2024-11-11T10:15:00+05:30,1040.5,1047.85,1032.1,1043.1,204948
2024-11-11T10:30:00+05:30,1042.45,1047.9,1040.0,1044.05,109880
2024-11-11T10:45:00+05:30,1044.8,1053.0,1036.0,1036.0,219913
2024-11-11T11:00:00+05:30,1036.5,1044.2,1025.2,1026.25,142982
2024-11-11T11:15:00+05:30,1025.2,1030.2,1018.3,1029.25,229272
2024-11-11T11:30:00+05:30,1029.25,1031.5,1023.05,1028.0,108449
2024-11-11T11:45:00+05:30,1028.0,1029.0,1001.0,1006.1,327310
2024-11-11T12:00:00+05:30,1006.05,1014.6,1002.0,1013.8,277402
2024-11-11T12:15:00+05:30,1013.4,1020.5,1008.6,1010.45,163070
2024-11-11T12:30:00+05:30,1010.95,1031.85,1009.2,1031.0,190971
2024-11-11T12:45:00+05:30,1031.15,1034.4,1024.7,1028.9,161278
2024-11-11T13:00:00+05:30,1029.5,1031.95,1026.05,1028.4,47151
2024-11-11T13:15:00+05:30,1028.4,1031.7,1018.6,1031.5,225095
2024-11-11T13:30:00+05:30,1031.5,1032.9,1020.65,1024.95,103108
2024-11-11T13:45:00+05:30,1024.95,1025.65,1016.0,1023.2,161288
2024-11-11T14:00:00+05:30,1023.2,1024.95,1017.1,1019.7,97362
2024-11-11T14:15:00+05:30,1019.45,1028.0,1012.8,1027.95,160741
2024-11-11T14:30:00+05:30,1027.4,1035.0,1026.75,1028.7,176609
2024-11-11T14:45:00+05:30,1028.55,1038.0,1025.2,1034.95,278070
2024-11-11T15:00:00+05:30,1034.7,1039.05,1025.6,1037.5,415805
2024-11-11T15:15:00+05:30,1037.35,1051.8,1036.0,1040.05,605561
2024-11-12T09:15:00+05:30,1046.0,1072.0,1035.15,1069.0,696161
2024-11-12T09:30:00+05:30,1069.05,1085.1,1065.7,1081.0,474804
2024-11-12T09:45:00+05:30,1081.1,1086.3,1068.1,1075.8,278898
2024-11-12T10:00:00+05:30,1075.8,1077.4,1062.6,1065.45,217089
2024-11-12T10:15:00+05:30,1065.65,1065.65,1057.25,1064.45,137486
2024-11-12T10:30:00+05:30,1064.45,1069.4,1061.05,1062.5,70275
2024-11-12T10:45:00+05:30,1062.5,1068.65,1057.0,1067.65,78096
2024-11-12T11:00:00+05:30,1067.05,1076.0,1066.3,1071.4,73032
2024-11-12T11:15:00+05:30,1071.4,1071.5,1067.4,1069.7,31000
2024-11-12T11:30:00+05:30,1069.7,1072.0,1066.8,1068.65,44026
2024-11-12T11:45:00+05:30,1068.65,1068.75,1062.15,1066.0,180692
2024-11-12T12:00:00+05:30,1066.0,1068.25,1064.85,1066.25,11481
2024-11-12T12:15:00+05:30,1066.25,1068.9,1063.0,1063.1,22954
2024-11-12T12:30:00+05:30,1063.55,1064.0,1053.05,1057.6,82854
2024-11-12T12:45:00+05:30,1057.05,1059.55,1054.05,1056.15,62788
2024-11-12T13:00:00+05:30,1055.85,1061.0,1055.0,1056.6,49215
2024-11-12T13:15:00+05:30,1056.9,1056.9,1047.55,1048.05,92007
2024-11-12T13:30:00+05:30,1048.1,1050.0,1041.1,1044.15,145983
2024-11-12T13:45:00+05:30,1044.65,1050.0,1042.1,1048.0,75825
2024-11-12T14:00:00+05:30,1047.8,1049.6,1045.5,1047.5,35200
2024-11-12T14:15:00+05:30,1048.0,1050.0,1044.7,1046.2,55138
2024-11-12T14:30:00+05:30,1046.2,1048.0,1045.0,1046.4,37188
2024-11-12T14:45:00+05:30,1046.8,1047.1,1031.0,1032.95,169428
2024-11-12T15:00:00+05:30,1033.5,1035.0,1025.0,1026.15,173799
2024-11-12T15:15:00+05:30,1026.05,1032.5,1024.7,1028.0,291823
2024-11-13T09:15:00+05:30,1029.95,1049.95,1023.15,1035.65,379049
2024-11-13T09:30:00+05:30,1035.4,1035.65,1001.6,1001.6,235863
2024-11-13T09:45:00+05:30,1001.6,1015.8,994.2,1011.45,286155
2024-11-13T10:00:00+05:30,1012.4,1014.95,998.0,999.8,109151
2024-11-13T10:15:00+05:30,1000.2,1009.85,996.0,1007.0,100408
2024-11-13T10:30:00+05:30,1007.0,1022.9,1002.85,1021.7,188034
2024-11-13T10:45:00+05:30,1021.65,1021.7,1012.85,1016.4,64642
2024-11-13T11:00:00+05:30,1016.6,1017.0,1005.0,1012.15,54357
2024-11-13T11:15:00+05:30,1012.75,1015.9,1010.05,1012.05,39697
2024-11-13T11:30:00+05:30,1012.0,1017.0,1010.1,1010.1,32830
2024-11-13T11:45:00+05:30,1010.5,1017.15,1010.2,1013.25,25840
2024-11-13T12:00:00+05:30,1013.35,1015.0,1008.0,1010.05,47835
2024-11-13T12:15:00+05:30,1010.05,1014.8,1006.05,1010.05,152476
2024-11-13T12:30:00+05:30,1010.75,1015.0,1008.25,1008.25,57377
2024-11-13T12:45:00+05:30,1008.15,1009.35,1001.55,1003.65,48517
2024-11-13T13:00:00+05:30,1003.65,1006.8,1003.0,1004.5,43026
2024-11-13T13:15:00+05:30,1005.0,1005.0,996.1,999.5,105811
2024-11-13T13:30:00+05:30,999.5,1003.75,997.65,1001.65,38109
2024-11-13T13:45:00+05:30,1002.35,1007.75,1000.9,1003.7,68513
2024-11-13T14:00:00+05:30,1003.7,1005.0,997.0,997.05,49386
2024-11-13T14:15:00+05:30,997.05,998.0,984.0,987.8,199766
2024-11-13T14:30:00+05:30,987.8,990.0,984.25,989.8,79669
2024-11-13T14:45:00+05:30,989.05,992.2,985.75,989.7,79428
2024-11-13T15:00:00+05:30,989.3,990.75,980.75,983.1,134336
2024-11-13T15:15:00+05:30,983.1,984.8,975.05,981.7,254344
2024-11-14T09:15:00+05:30,990.05,1009.2,988.0,994.3,272869
2024-11-14T09:30:00+05:30,994.05,1001.5,982.25,984.6,150309
2024-11-14T09:45:00+05:30,984.6,1004.8,983.35,1001.9,148174
2024-11-14T10:00:00+05:30,1001.25,1007.0,997.65,1000.0,125440
2024-11-14T10:15:00+05:30,999.6,1001.2,996.5,999.0,64099
2024-11-14T10:30:00+05:30,999.0,999.0,994.05,998.65,48482
2024-11-14T10:45:00+05:30,998.75,998.75,984.35,987.2,85277
2024-11-14T11:00:00+05:30,987.15,987.15,974.0,977.0,132266
2024-11-14T11:15:00+05:30,976.6,981.0,972.25,978.4,72762
2024-11-14T11:30:00+05:30,978.55,987.75,976.85,984.2,111375
2024-11-14T11:45:00+05:30,984.2,984.45,974.9,977.0,88751
2024-11-14T12:00:00+05:30,977.0,985.0,976.0,984.7,44518
2024-11-14T12:15:00+05:30,984.0,984.9,980.0,980.6,20755
2024-11-14T12:30:00+05:30,980.6,982.0,978.15,979.85,36096
2024-11-14T12:45:00+05:30,979.85,980.6,968.0,972.75,87739
2024-11-14T13:00:00+05:30,972.75,980.25,972.45,979.0,50034
2024-11-14T13:15:00+05:30,979.0,979.0,974.0,976.3,27545
2024-11-14T13:30:00+05:30,976.9,977.25,964.75,966.9,91544
2024-11-14T13:45:00+05:30,967.85,969.2,962.5,963.95,51657
2024-11-14T14:00:00+05:30,963.95,964.9,957.1,958.55,104287
2024-11-14T14:15:00+05:30,957.85,967.1,957.7,963.1,62558
2024-11-14T14:30:00+05:30,963.6,969.9,963.35,966.1,52003
2024-11-14T14:45:00+05:30,966.35,973.0,966.35,970.0,54825
2024-11-14T15:00:00+05:30,970.2,971.9,966.05,970.6,66409
2024-11-14T15:15:00+05:30,970.6,972.0,965.55,970.0,141296
2024-11-18T09:15:00+05:30,985.0,992.2,969.45,985.25,267752
2024-11-18T09:30:00+05:30,985.25,994.0,981.0,992.0,239191
2024-11-18T09:45:00+05:30,992.25,1001.95,987.25,988.95,179682
2024-11-18T10:00:00+05:30,988.85,1007.0,988.05,1006.0,168406
2024-11-18T10:15:00+05:30,1006.1,1008.8,1000.0,1001.4,125543
2024-11-18T10:30:00+05:30,1001.4,1002.0,994.0,997.9,102449
2024-11-18T10:45:00+05:30,998.5,1008.45,995.8,1008.0,119198
2024-11-18T11:00:00+05:30,1008.4,1014.0,1005.2,1012.95,120269
2024-11-18T11:15:00+05:30,1012.5,1017.9,1009.15,1016.8,128341
2024-11-18T11:30:00+05:30,1016.8,1046.95,1014.85,1046.5,463282
2024-11-18T11:45:00+05:30,1045.85,1067.0,1035.45,1058.9,577588
2024-11-18T12:00:00+05:30,1058.85,1062.55,1050.1,1060.4,249412
2024-11-18T12:15:00+05:30,1060.45,1078.0,1057.25,1067.2,470286
2024-11-18T12:30:00+05:30,1067.25,1068.8,1062.6,1066.5,154625
2024-11-18T12:45:00+05:30,1067.0,1069.0,1062.0,1066.5,139985
2024-11-18T13:00:00+05:30,1066.6,1084.0,1065.15,1080.4,306883
2024-11-18T13:15:00+05:30,1080.9,1083.5,1068.15,1080.75,307340
2024-11-18T13:30:00+05:30,1079.85,1082.4,1071.5,1072.0,148359
2024-11-18T13:45:00+05:30,1073.0,1086.8,1067.25,1082.65,256325
2024-11-18T14:00:00+05:30,1083.45,1094.0,1075.25,1089.25,409144
2024-11-18T14:15:00+05:30,1089.2,1094.0,1082.0,1083.8,273196
2024-11-18T14:30:00+05:30,1083.8,1093.95,1082.0,1085.4,238950
2024-11-18T14:45:00+05:30,1085.35,1090.0,1077.5,1088.85,320438
2024-11-18T15:00:00+05:30,1088.85,1097.9,1083.4,1088.0,541301
2024-11-18T15:15:00+05:30,1088.0,1092.0,1063.45,1067.0,535064
2024-11-19T09:15:00+05:30,1063.1,1082.0,1050.0,1069.2,401039
2024-11-19T09:30:00+05:30,1069.25,1072.0,1058.1,1059.1,177039
2024-11-19T09:45:00+05:30,1059.7,1086.9,1058.5,1078.25,279459
2024-11-19T10:00:00+05:30,1078.25,1104.8,1077.25,1086.5,426078
2024-11-19T10:15:00+05:30,1086.0,1089.8,1077.5,1083.3,141851
2024-11-19T10:30:00+05:30,1082.9,1096.5,1081.1,1092.8,169850
2024-11-19T10:45:00+05:30,1092.8,1102.0,1090.6,1101.0,183544
2024-11-19T11:00:00+05:30,1100.95,1114.0,1098.45,1110.0,364706
2024-11-19T11:15:00+05:30,1110.0,1110.0,1102.05,1109.0,143199
2024-11-19T11:30:00+05:30,1109.0,1112.0,1105.05,1109.4,109641
2024-11-19T11:45:00+05:30,1109.05,1109.5,1104.0,1106.5,76516
2024-11-19T12:00:00+05:30,1106.2,1107.0,1098.15,1100.05,149704
2024-11-19T12:15:00+05:30,1100.35,1103.0,1092.7,1094.95,140123
2024-11-19T12:30:00+05:30,1094.5,1098.8,1091.5,1093.4,78575
2024-11-19T12:45:00+05:30,1092.7,1095.0,1087.8,1093.2,104205
2024-11-19T13:00:00+05:30,1092.5,1094.8,1089.8,1092.6,38627
2024-11-19T13:15:00+05:30,1092.6,1104.95,1090.4,1104.0,122687
2024-11-19T13:30:00+05:30,1104.0,1118.0,1098.95,1115.0,231949
2024-11-19T13:45:00+05:30,1115.85,1137.9,1115.55,1129.7,646650
2024-11-19T14:00:00+05:30,1128.95,1135.0,1120.0,1123.3,249309
2024-11-19T14:15:00+05:30,1123.95,1131.65,1118.2,1129.65,245302
2024-11-19T14:30:00+05:30,1130.25,1130.8,1116.15,1123.5,127402
2024-11-19T14:45:00+05:30,1123.5,1123.5,1105.0,1105.55,231764
2024-11-19T15:00:00+05:30,1106.0,1109.95,1087.0,1089.2,375837
2024-11-19T15:15:00+05:30,1089.9,1093.8,1080.4,1086.9,272734
2024-11-21T09:15:00+05:30,1082.0,1106.95,1067.65,1083.15,473852
2024-11-21T09:30:00+05:30,1084.0,1094.0,1075.35,1089.95,282979
2024-11-21T09:45:00+05:30,1089.25,1093.0,1080.0,1080.55,127599
2024-11-21T10:00:00+05:30,1080.9,1083.95,1071.25,1078.0,167140
2024-11-21T10:15:00+05:30,1078.0,1082.2,1072.0,1081.35,111061
2024-11-21T10:30:00+05:30,1081.1,1082.9,1072.05,1073.15,60546
2024-11-21T10:45:00+05:30,1073.9,1079.8,1068.25,1078.0,84521
2024-11-21T11:00:00+05:30,1078.0,1082.95,1077.05,1081.35,57947
2024-11-21T11:15:00+05:30,1081.35,1086.0,1081.05,1082.75,49839
2024-11-21T11:30:00+05:30,1082.3,1088.0,1080.5,1084.75,48881
2024-11-21T11:45:00+05:30,1084.35,1094.0,1083.65,1087.25,96044
2024-11-21T12:00:00+05:30,1087.45,1091.4,1085.1,1088.65,37843
2024-11-21T12:15:00+05:30,1089.0,1108.9,1086.5,1108.0,181927
2024-11-21T12:30:00+05:30,1107.5,1122.65,1101.1,1115.45,368686
2024-11-21T12:45:00+05:30,1115.4,1123.0,1097.25,1099.0,324775
2024-11-21T13:00:00+05:30,1099.5,1112.45,1099.0,1109.35,127112
2024-11-21T13:15:00+05:30,1109.9,1111.4,1101.85,1103.05,88840
2024-11-21T13:30:00+05:30,1102.5,1105.75,1098.0,1100.15,76612
2024-11-21T13:45:00+05:30,1100.2,1104.7,1098.2,1103.8,40302
2024-11-21T14:00:00+05:30,1103.2,1108.0,1092.0,1097.0,88054
2024-11-21T14:15:00+05:30,1096.65,1099.6,1085.05,1087.35,120944
2024-11-21T14:30:00+05:30,1087.6,1090.95,1082.65,1089.6,62692
2024-11-21T14:45:00+05:30,1089.0,1089.95,1083.9,1087.45,84528
2024-11-21T15:00:00+05:30,1087.25,1098.0,1076.65,1085.4,146716
2024-11-21T15:15:00+05:30,1085.4,1090.0,1081.0,1081.75,157747
2024-11-22T09:15:00+05:30,1092.95,1109.9,1087.0,1099.0,353284
2024-11-22T09:30:00+05:30,1098.85,1101.6,1087.95,1089.8,178229
2024-11-22T09:45:00+05:30,1089.2,1093.95,1082.0,1088.1,120134
2024-11-22T10:00:00+05:30,1087.35,1094.85,1085.2,1087.0,69171
2024-11-22T10:15:00+05:30,1087.0,1090.0,1075.0,1080.1,104642
2024-11-22T10:30:00+05:30,1080.5,1081.7,1071.3,1072.4,58104
2024-11-22T10:45:00+05:30,1072.0,1078.75,1066.25,1075.3,100077
2024-11-22T11:00:00+05:30,1075.0,1078.0,1073.0,1073.7,32552
2024-11-22T11:15:00+05:30,1073.4,1074.3,1060.0,1061.65,98709
2024-11-22T11:30:00+05:30,1061.5,1065.0,1050.0,1058.15,195350
2024-11-22T11:45:00+05:30,1057.5,1065.0,1054.05,1063.85,78486
2024-11-22T12:00:00+05:30,1063.15,1065.0,1058.0,1063.1,53866
2024-11-22T12:15:00+05:30,1062.55,1065.0,1061.35,1061.6,42113
2024-11-22T12:30:00+05:30,1061.5,1074.6,1060.4,1069.0,80207
2024-11-22T12:45:00+05:30,1069.0,1070.2,1062.55,1063.85,31794
2024-11-22T13:00:00+05:30,1063.7,1068.0,1061.65,1062.3,31039
2024-11-22T13:15:00+05:30,1062.85,1064.7,1062.0,1062.95,24494
2024-11-22T13:30:00+05:30,1062.5,1064.6,1060.0,1064.15,24670
2024-11-22T13:45:00+05:30,1063.6,1070.0,1063.0,1068.65,32896
2024-11-22T14:00:00+05:30,1068.65,1069.0,1064.8,1066.85,21582
2024-11-22T14:15:00+05:30,1066.85,1068.0,1063.0,1063.4,27692
2024-11-22T14:30:00+05:30,1063.4,1065.0,1058.4,1062.55,49787
2024-11-22T14:45:00+05:30,1063.1,1067.5,1061.3,1062.15,44780
2024-11-22T15:00:00+05:30,1062.1,1063.9,1055.6,1062.8,97230
2024-11-22T15:15:00+05:30,1062.35,1066.2,1058.25,1061.5,176955
2024-11-25T09:15:00+05:30,1087.95,1096.7,1071.4,1077.55,271879
2024-11-25T09:30:00+05:30,1077.55,1078.9,1067.45,1069.65,126444
2024-11-25T09:45:00+05:30,1069.65,1071.4,1052.2,1053.75,135854
2024-11-25T10:00:00+05:30,1053.75,1068.0,1053.05,1062.5,125756
2024-11-25T10:15:00+05:30,1062.5,1065.0,1058.05,1062.0,47212
2024-11-25T10:30:00+05:30,1061.35,1063.0,1057.0,1059.0,29833
2024-11-25T10:45:00+05:30,1058.55,1061.0,1057.2,1059.95,19891
2024-11-25T11:00:00+05:30,1059.9,1070.95,1059.05,1063.15,80964
2024-11-25T11:15:00+05:30,1063.0,1071.0,1062.9,1069.35,38981
2024-11-25T11:30:00+05:30,1069.0,1069.5,1063.2,1064.0,20067
2024-11-25T11:45:00+05:30,1063.85,1065.8,1057.35,1058.5,44605
2024-11-25T12:00:00+05:30,1059.1,1061.65,1057.0,1061.5,27405
2024-11-25T12:15:00+05:30,1060.85,1069.5,1060.25,1065.05,41329
2024-11-25T12:30:00+05:30,1065.9,1068.5,1064.8,1067.0,37087
2024-11-25T12:45:00+05:30,1067.6,1067.8,1062.25,1065.6,36697
2024-11-25T13:00:00+05:30,1065.35,1065.6,1059.05,1060.1,31734
2024-11-25T13:15:00+05:30,1060.4,1065.4,1060.1,1063.25,20325
2024-11-25T13:30:00+05:30,1064.0,1067.95,1063.0,1067.95,28758
2024-11-25T13:45:00+05:30,1067.2,1071.0,1065.0,1067.0,54455
2024-11-25T14:00:00+05:30,1067.45,1077.0,1067.0,1074.0,79516
2024-11-25T14:15:00+05:30,1073.95,1104.85,1073.0,1100.35,354053
2024-11-25T14:30:00+05:30,1100.5,1104.4,1092.5,1101.75,327625
2024-11-25T14:45:00+05:30,1101.05,1103.25,1090.0,1093.6,216629
2024-11-25T15:00:00+05:30,1093.0,1099.9,1090.0,1093.0,157877
2024-11-25T15:15:00+05:30,1092.5,1104.0,1091.2,1102.0,290035
2024-11-26T09:15:00+05:30,1128.6,1137.0,1114.85,1120.15,748485
2024-11-26T09:30:00+05:30,1119.3,1126.0,1113.0,1119.15,263248
2024-11-26T09:45:00+05:30,1119.25,1132.7,1105.05,1107.7,260161
2024-11-26T10:00:00+05:30,1107.0,1116.8,1106.75,1109.0,149197
2024-11-26T10:15:00+05:30,1109.0,1114.0,1103.15,1114.0,100809
2024-11-26T10:30:00+05:30,1114.0,1114.9,1105.5,1112.85,79221
2024-11-26T10:45:00+05:30,1113.0,1117.0,1108.55,1110.45,83950
2024-11-26T11:00:00+05:30,1111.35,1111.55,1107.0,1108.95,42138
2024-11-26T11:15:00+05:30,1108.15,1113.9,1106.0,1111.85,58448
2024-11-26T11:30:00+05:30,1112.0,1115.0,1110.55,1111.55,28508
2024-11-26T11:45:00+05:30,1111.5,1114.3,1108.6,1110.95,34613
2024-11-26T12:00:00+05:30,1110.95,1112.0,1108.05,1111.05,28133
2024-11-26T12:15:00+05:30,1111.6,1111.95,1105.0,1108.55,96974
2024-11-26T12:30:00+05:30,1107.4,1109.05,1101.0,1104.25,189917
2024-11-26T12:45:00+05:30,1103.4,1107.0,1103.0,1104.15,39597
2024-11-26T13:00:00+05:30,1103.95,1105.75,1097.0,1105.2,123143
2024-11-26T13:15:00+05:30,1105.0,1106.65,1100.0,1101.0,37279
2024-11-26T13:30:00+05:30,1101.3,1103.15,1097.05,1100.65,54117
2024-11-26T13:45:00+05:30,1100.95,1103.0,1098.35,1103.0,27367
2024-11-26T14:00:00+05:30,1103.0,1103.9,1100.0,1102.9,22533
2024-11-26T14:15:00+05:30,1102.9,1104.8,1101.0,1101.2,16256
2024-11-26T14:30:00+05:30,1102.0,1110.5,1100.55,1107.9,73941
2024-11-26T14:45:00+05:30,1107.9,1108.75,1101.05,1105.6,57742
2024-11-26T15:00:00+05:30,1105.2,1105.2,1100.0,1101.4,73358
2024-11-26T15:15:00+05:30,1101.4,1104.9,1098.0,1098.1,183936
2024-11-27T09:15:00+05:30,1111.0,1111.0,1093.1,1104.1,203305
2024-11-27T09:30:00+05:30,1105.0,1114.95,1101.0,1110.95,130183
2024-11-27T09:45:00+05:30,1110.3,1113.95,1100.2,1104.85,82318
2024-11-27T10:00:00+05:30,1105.2,1105.9,1098.5,1103.4,58439
2024-11-27T10:15:00+05:30,1104.0,1134.95,1103.35,1130.1,442988
2024-11-27T10:30:00+05:30,1130.1,1149.0,1125.0,1127.7,476441
2024-11-27T10:45:00+05:30,1128.8,1132.0,1121.3,1128.0,112744
2024-11-27T11:00:00+05:30,1127.35,1132.8,1126.0,1126.75,55759
2024-11-27T11:15:00+05:30,1126.7,1135.0,1122.0,1133.95,98220
2024-11-27T11:30:00+05:30,1133.95,1138.0,1126.4,1127.3,97029
2024-11-27T11:45:00+05:30,1127.6,1128.0,1123.3,1124.4,39318
2024-11-27T12:00:00+05:30,1124.3,1126.9,1121.2,1122.2,43728
2024-11-27T12:15:00+05:30,1121.55,1125.85,1116.1,1117.25,62456
2024-11-27T12:30:00+05:30,1117.3,1119.8,1111.3,1117.0,84389
2024-11-27T12:45:00+05:30,1116.55,1117.5,1114.15,1116.85,18550
2024-11-27T13:00:00+05:30,1116.1,1118.55,1115.15,1117.0,21728
2024-11-27T13:15:00+05:30,1117.1,1118.7,1112.8,1116.65,31726
2024-11-27T13:30:00+05:30,1115.9,1116.15,1110.0,1113.9,41137
2024-11-27T13:45:00+05:30,1113.5,1116.45,1110.45,1110.5,25428
2024-11-27T14:00:00+05:30,1111.15,1114.85,1110.0,1112.15,21242
2024-11-27T14:15:00+05:30,1112.6,1113.7,1106.45,1112.3,56194
2024-11-27T14:30:00+05:30,1112.3,1114.5,1110.0,1112.3,26374
2024-11-27T14:45:00+05:30,1111.85,1115.95,1110.5,1112.0,46565
2024-11-27T15:00:00+05:30,1112.5,1115.05,1108.05,1109.8,60414
2024-11-27T15:15:00+05:30,1109.35,1117.0,1105.0,1114.0,158573
2024-11-28T09:15:00+05:30,1105.0,1125.0,1102.05,1124.0,214437
2024-11-28T09:30:00+05:30,1123.3,1124.45,1111.25,1112.05,86122
2024-11-28T09:45:00+05:30,1112.05,1116.05,1106.2,1112.2,127841
2024-11-28T10:00:00+05:30,1112.2,1113.0,1104.1,1108.1,65413
2024-11-28T10:15:00+05:30,1109.0,1122.0,1108.0,1119.7,149322
2024-11-28T10:30:00+05:30,1119.7,1130.0,1115.0,1120.0,339847
2024-11-28T10:45:00+05:30,1120.0,1122.0,1115.85,1120.0,123566
2024-11-28T11:00:00+05:30,1120.4,1150.0,1118.75,1141.6,498467
2024-11-28T11:15:00+05:30,1141.6,1163.0,1132.0,1152.6,684762
2024-11-28T11:30:00+05:30,1153.35,1165.5,1152.5,1162.05,356743
2024-11-28T11:45:00+05:30,1162.05,1168.8,1158.0,1165.5,327660
2024-11-28T12:00:00+05:30,1166.0,1168.8,1142.5,1145.15,495535
2024-11-28T12:15:00+05:30,1145.05,1151.6,1142.0,1146.35,203846
2024-11-28T12:30:00+05:30,1146.85,1148.0,1142.0,1143.2,82511
2024-11-28T12:45:00+05:30,1143.7,1144.15,1127.9,1130.3,221632
2024-11-28T13:00:00+05:30,1130.55,1131.0,1125.0,1126.95,103755
2024-11-28T13:15:00+05:30,1126.95,1136.0,1126.15,1134.45,195175
2024-11-28T13:30:00+05:30,1134.9,1138.3,1133.35,1136.5,111520
2024-11-28T13:45:00+05:30,1137.15,1144.0,1134.45,1143.25,142149
2024-11-28T14:00:00+05:30,1143.25,1146.0,1133.6,1142.25,173750
2024-11-28T14:15:00+05:30,1142.2,1148.0,1135.9,1148.0,124008
2024-11-28T14:30:00+05:30,1147.5,1151.0,1134.25,1135.55,158368
2024-11-28T14:45:00+05:30,1136.25,1139.2,1132.35,1135.0,204932
2024-11-28T15:00:00+05:30,1135.15,1141.0,1130.05,1137.65,314977
2024-11-28T15:15:00+05:30,1136.95,1142.0,1135.0,1140.05,471803
2024-11-29T09:15:00+05:30,1143.1,1146.9,1130.2,1131.6,255178
2024-11-29T09:30:00+05:30,1131.6,1145.4,1125.0,1144.3,188306
2024-11-29T09:45:00+05:30,1144.3,1144.3,1132.0,1133.45,89328
2024-11-29T10:00:00+05:30,1133.55,1136.0,1128.5,1130.0,67162
2024-11-29T10:15:00+05:30,1130.0,1138.0,1125.6,1135.9,86951
2024-11-29T10:30:00+05:30,1135.8,1139.75,1131.1,1132.15,64457
2024-11-29T10:45:00+05:30,1131.8,1138.9,1130.1,1137.0,46870
2024-11-29T11:00:00+05:30,1136.95,1137.0,1130.5,1131.95,31055
2024-11-29T11:15:00+05:30,1131.95,1150.0,1131.5,1147.95,224899
2024-11-29T11:30:00+05:30,1147.95,1149.9,1138.15,1138.15,116646
2024-11-29T11:45:00+05:30,1138.9,1143.9,1134.05,1143.4,68611
2024-11-29T12:00:00+05:30,1142.4,1146.55,1139.45,1146.55,73617
2024-11-29T12:15:00+05:30,1146.15,1152.6,1144.0,1148.3,233771
2024-11-29T12:30:00+05:30,1148.85,1150.0,1145.0,1146.95,62661
2024-11-29T12:45:00+05:30,1146.95,1148.0,1145.0,1148.0,31545
2024-11-29T13:00:00+05:30,1147.55,1151.0,1146.25,1148.7,43792
2024-11-29T13:15:00+05:30,1148.9,1148.9,1142.65,1144.1,42282
2024-11-29T13:30:00+05:30,1144.1,1149.0,1144.1,1147.9,31422
2024-11-29T13:45:00+05:30,1148.45,1159.0,1147.55,1152.65,161535
2024-11-29T14:00:00+05:30,1152.9,1177.0,1151.6,1167.95,465802
2024-11-29T14:15:00+05:30,1167.95,1177.0,1167.0,1175.95,241391
2024-11-29T14:30:00+05:30,1175.2,1187.0,1173.55,1181.45,476419
2024-11-29T14:45:00+05:30,1182.0,1214.65,1177.55,1206.15,997752
2024-11-29T15:00:00+05:30,1206.95,1229.9,1201.6,1226.8,1202972
2024-11-29T15:15:00+05:30,1226.85,1242.0,1220.0,1241.4,1118670
2024-12-02T09:15:00+05:30,1235.05,1241.4,1195.0,1207.25,666162
2024-12-02T09:30:00+05:30,1207.1,1218.0,1203.75,1208.0,291218
2024-12-02T09:45:00+05:30,1208.0,1218.8,1205.65,1211.15,203707
2024-12-02T10:00:00+05:30,1211.15,1211.8,1195.0,1200.25,274949
2024-12-02T10:15:00+05:30,1200.3,1206.45,1188.0,1190.0,240485
2024-12-02T10:30:00+05:30,1189.6,1194.65,1182.1,1189.95,187666
2024-12-02T10:45:00+05:30,1189.05,1206.75,1189.05,1205.0,183131
2024-12-02T11:00:00+05:30,1205.0,1211.7,1201.15,1210.05,231920
2024-12-02T11:15:00+05:30,1210.05,1219.0,1208.8,1217.05,212033
2024-12-02T11:30:00+05:30,1217.05,1254.8,1215.4,1250.0,780625
2024-12-02T11:45:00+05:30,1249.55,1278.0,1242.85,1272.0,1131915
2024-12-02T12:00:00+05:30,1271.1,1271.3,1238.1,1247.75,661025
2024-12-02T12:15:00+05:30,1247.15,1258.0,1244.0,1253.45,278440
2024-12-02T12:30:00+05:30,1254.05,1255.65,1243.0,1246.95,160555
2024-12-02T12:45:00+05:30,1246.05,1266.7,1245.2,1253.1,207126
2024-12-02T13:00:00+05:30,1253.1,1267.8,1250.0,1263.15,159375
2024-12-02T13:15:00+05:30,1262.6,1268.0,1257.05,1265.2,155518
2024-12-02T13:30:00+05:30,1265.25,1266.85,1255.0,1255.95,119310
2024-12-02T13:45:00+05:30,1255.5,1263.45,1243.65,1244.85,206591
2024-12-02T14:00:00+05:30,1244.85,1259.0,1244.15,1249.0,157701
2024-12-02T14:15:00+05:30,1248.35,1250.4,1243.15,1244.75,101495
2024-12-02T14:30:00+05:30,1244.05,1247.95,1232.65,1236.85,211259
2024-12-02T14:45:00+05:30,1236.25,1248.5,1234.0,1240.0,212407
2024-12-02T15:00:00+05:30,1240.45,1251.95,1240.0,1242.2,226080
2024-12-02T15:15:00+05:30,1241.9,1246.0,1238.35,1245.0,327032
2024-12-03T09:15:00+05:30,1247.9,1251.7,1210.3,1218.9,487418
2024-12-03T09:30:00+05:30,1218.9,1223.05,1207.0,1208.75,322326
2024-12-03T09:45:00+05:30,1208.15,1218.0,1201.0,1209.0,345306
2024-12-03T10:00:00+05:30,1209.75,1209.95,1201.75,1209.0,220689
2024-12-03T10:15:00+05:30,1209.35,1210.9,1205.05,1208.4,113839
2024-12-03T10:30:00+05:30,1208.35,1212.85,1204.0,1207.0,148460
2024-12-03T10:45:00+05:30,1207.1,1207.1,1195.0,1198.55,285642
2024-12-03T11:00:00+05:30,1198.6,1205.0,1197.2,1202.65,133766
2024-12-03T11:15:00+05:30,1202.45,1215.0,1201.0,1209.45,116198
2024-12-03T11:30:00+05:30,1210.2,1215.0,1207.05,1210.8,77880
2024-12-03T11:45:00+05:30,1210.8,1213.4,1202.45,1209.25,138528
2024-12-03T12:00:00+05:30,1209.25,1213.0,1209.25,1211.2,74264
2024-12-03T12:15:00+05:30,1211.1,1213.0,1209.0,1210.2,64949
2024-12-03T12:30:00+05:30,1209.95,1213.5,1209.15,1213.0,53227
2024-12-03T12:45:00+05:30,1212.8,1222.0,1210.0,1220.0,173383
2024-12-03T13:00:00+05:30,1220.05,1225.4,1215.65,1220.0,193399
2024-12-03T13:15:00+05:30,1219.55,1222.9,1217.55,1220.0,97266
2024-12-03T13:30:00+05:30,1220.5,1230.7,1219.55,1225.7,171405
2024-12-03T13:45:00+05:30,1225.4,1231.6,1225.0,1227.55,149622
2024-12-03T14:00:00+05:30,1227.55,1232.35,1222.55,1225.7,147064
2024-12-03T14:15:00+05:30,1225.0,1228.0,1215.0,1215.05,118115
2024-12-03T14:30:00+05:30,1215.0,1224.0,1214.15,1217.35,174521
2024-12-03T14:45:00+05:30,1217.35,1224.9,1217.0,1221.4,146708
2024-12-03T15:00:00+05:30,1221.5,1222.95,1211.6,1218.1,157477
2024-12-03T15:15:00+05:30,1218.15,1219.95,1208.75,1210.0,316209
2024-12-04T09:15:00+05:30,1214.0,1244.15,1202.05,1239.85,573097
2024-12-04T09:30:00+05:30,1240.0,1257.0,1234.7,1238.5,457213
2024-12-04T09:45:00+05:30,1238.5,1242.95,1232.55,1238.0,151325
2024-12-04T10:00:00+05:30,1238.4,1240.0,1226.45,1233.4,97140
2024-12-04T10:15:00+05:30,1233.8,1233.8,1215.9,1219.85,182016
2024-12-04T10:30:00+05:30,1220.8,1235.0,1218.45,1228.85,151255
2024-12-04T10:45:00+05:30,1228.85,1259.0,1226.0,1255.0,392756
2024-12-04T11:00:00+05:30,1255.85,1262.0,1235.2,1244.0,500519
2024-12-04T11:15:00+05:30,1244.2,1283.25,1243.2,1275.2,1024575
2024-12-04T11:30:00+05:30,1276.2,1280.4,1263.5,1269.75,422325
2024-12-04T11:45:00+05:30,1269.6,1269.7,1257.15,1266.0,323727
2024-12-04T12:00:00+05:30,1266.0,1274.9,1259.05,1268.0,265603
2024-12-04T12:15:00+05:30,1267.2,1275.0,1266.1,1269.0,162753
2024-12-04T12:30:00+05:30,1269.0,1269.1,1257.15,1262.85,148610
2024-12-04T12:45:00+05:30,1262.65,1270.0,1260.05,1262.0,99111
2024-12-04T13:00:00+05:30,1261.9,1264.0,1260.0,1261.0,39178
2024-12-04T13:15:00+05:30,1261.7,1266.95,1256.1,1263.0,70556
2024-12-04T13:30:00+05:30,1263.65,1269.0,1261.0,1262.75,79775
2024-12-04T13:45:00+05:30,1262.75,1264.85,1260.05,1260.55,49270
2024-12-04T14:00:00+05:30,1260.55,1263.9,1259.5,1263.0,46017
2024-12-04T14:15:00+05:30,1263.6,1274.6,1254.05,1267.5,197864
2024-12-04T14:30:00+05:30,1267.5,1267.5,1262.0,1262.05,93431
2024-12-04T14:45:00+05:30,1262.25,1264.4,1257.65,1262.0,149805
2024-12-04T15:00:00+05:30,1262.65,1290.0,1261.55,1289.8,575945
2024-12-04T15:15:00+05:30,1289.8,1296.0,1281.2,1288.0,725114
2024-12-05T09:15:00+05:30,1302.0,1313.95,1284.8,1291.7,1026341
2024-12-05T09:30:00+05:30,1291.25,1297.4,1287.2,1289.0,200702
2024-12-05T09:45:00+05:30,1289.0,1303.0,1287.25,1292.0,237547
2024-12-05T10:00:00+05:30,1292.0,1318.45,1291.5,1305.0,463440
2024-12-05T10:15:00+05:30,1305.15,1309.4,1294.65,1302.65,191160
2024-12-05T10:30:00+05:30,1302.1,1306.0,1290.7,1293.05,121093
2024-12-05T10:45:00+05:30,1293.75,1299.85,1285.8,1290.6,142572
2024-12-05T11:00:00+05:30,1290.7,1296.5,1286.2,1296.0,83825
2024-12-05T11:15:00+05:30,1296.5,1305.0,1292.5,1293.05,128575
2024-12-05T11:30:00+05:30,1293.85,1294.55,1273.15,1288.5,317104
2024-12-05T11:45:00+05:30,1289.25,1329.0,1288.55,1309.1,852397
2024-12-05T12:00:00+05:30,1308.65,1315.95,1296.6,1298.0,266567
2024-12-05T12:15:00+05:30,1297.5,1302.35,1286.0,1288.0,256636
2024-12-05T12:30:00+05:30,1288.7,1292.0,1282.25,1290.25,130662
2024-12-05T12:45:00+05:30,1290.0,1295.0,1287.05,1290.75,66896
2024-12-05T13:00:00+05:30,1290.75,1295.0,1287.0,1291.7,50292
2024-12-05T13:15:00+05:30,1290.7,1293.0,1285.5,1288.4,74542
2024-12-05T13:30:00+05:30,1288.2,1296.45,1287.0,1293.5,59988
2024-12-05T13:45:00+05:30,1293.5,1293.9,1286.0,1286.0,42415
2024-12-05T14:00:00+05:30,1286.2,1291.0,1280.75,1289.8,167088
2024-12-05T14:15:00+05:30,1289.2,1289.9,1279.05,1281.55,93716
2024-12-05T14:30:00+05:30,1281.55,1281.8,1259.0,1278.5,267642
2024-12-05T14:45:00+05:30,1278.5,1289.6,1274.3,1276.4,173869
2024-12-05T15:00:00+05:30,1275.6,1284.8,1275.25,1280.05,173875
2024-12-05T15:15:00+05:30,1280.05,1280.05,1262.0,1267.4,371059
2024-12-06T09:15:00+05:30,1272.0,1287.0,1267.0,1283.25,435143
2024-12-06T09:30:00+05:30,1282.6,1298.0,1278.35,1295.1,279170
2024-12-06T09:45:00+05:30,1295.05,1304.1,1286.25,1287.0,349092
2024-12-06T10:00:00+05:30,1287.0,1292.5,1278.15,1280.7,179388
2024-12-06T10:15:00+05:30,1280.55,1287.6,1279.05,1281.65,80148
2024-12-06T10:30:00+05:30,1281.0,1284.75,1273.95,1279.8,83942
2024-12-06T10:45:00+05:30,1279.8,1280.25,1275.0,1276.2,53571
2024-12-06T11:00:00+05:30,1276.75,1286.9,1275.35,1279.5,78698
2024-12-06T11:15:00+05:30,1279.4,1281.0,1265.45,1266.75,149300
2024-12-06T11:30:00+05:30,1267.0,1277.0,1267.0,1274.2,77771
2024-12-06T11:45:00+05:30,1274.75,1283.0,1274.1,1277.9,78880
2024-12-06T12:00:00+05:30,1278.0,1279.3,1275.0,1276.0,31257
2024-12-06T12:15:00+05:30,1276.0,1276.95,1271.3,1272.15,53593
2024-12-06T12:30:00+05:30,1272.0,1277.1,1268.0,1275.55,82026
2024-12-06T12:45:00+05:30,1275.55,1276.55,1272.0,1272.4,44171
2024-12-06T13:00:00+05:30,1273.15,1274.5,1268.0,1273.6,53802
2024-12-06T13:15:00+05:30,1273.85,1275.9,1270.05,1272.45,24292
2024-12-06T13:30:00+05:30,1272.7,1274.4,1270.0,1272.85,21570
2024-12-06T13:45:00+05:30,1272.8,1274.55,1270.05,1272.2,35023
2024-12-06T14:00:00+05:30,1272.2,1273.3,1270.35,1272.5,16937
2024-12-06T14:15:00+05:30,1272.5,1273.0,1266.3,1267.5,179208
2024-12-06T14:30:00+05:30,1267.0,1272.6,1266.0,1269.9,92443
2024-12-06T14:45:00+05:30,1269.9,1271.0,1267.15,1268.4,47628
2024-12-06T15:00:00+05:30,1268.45,1271.0,1265.5,1266.5,116499
2024-12-06T15:15:00+05:30,1266.5,1270.4,1256.05,1267.9,395469
2024-12-09T09:15:00+05:30,1266.1,1297.95,1265.05,1282.05,434383
2024-12-09T09:30:00+05:30,1282.25,1315.0,1280.9,1311.0,669889
2024-12-09T09:45:00+05:30,1311.0,1323.8,1305.0,1320.95,431654
2024-12-09T10:00:00+05:30,1321.35,1325.0,1305.25,1308.95,223111
2024-12-09T10:15:00+05:30,1308.15,1312.8,1305.15,1308.55,89130
2024-12-09T10:30:00+05:30,1307.9,1309.6,1296.7,1303.5,148797
2024-12-09T10:45:00+05:30,1303.65,1303.7,1292.5,1294.0,115186
2024-12-09T11:00:00+05:30,1294.0,1300.0,1293.75,1296.1,46767
2024-12-09T11:15:00+05:30,1296.7,1299.1,1292.0,1297.95,57550
2024-12-09T11:30:00+05:30,1297.0,1298.4,1291.15,1296.7,45885
2024-12-09T11:45:00+05:30,1296.7,1296.7,1282.95,1285.6,120530
2024-12-09T12:00:00+05:30,1285.6,1293.8,1283.3,1293.4,96362
2024-12-09T12:15:00+05:30,1293.0,1296.45,1290.55,1293.1,53538
2024-12-09T12:30:00+05:30,1293.2,1299.8,1290.2,1298.65,54008
2024-12-09T12:45:00+05:30,1299.4,1306.9,1295.7,1299.75,127634
2024-12-09T13:00:00+05:30,1299.1,1304.9,1295.05,1296.2,48469
2024-12-09T13:15:00+05:30,1296.2,1297.8,1291.4,1295.0,44111
2024-12-09T13:30:00+05:30,1294.2,1298.0,1293.0,1296.0,30352
2024-12-09T13:45:00+05:30,1295.4,1300.0,1294.0,1297.3,29789
2024-12-09T14:00:00+05:30,1297.6,1307.9,1294.0,1302.0,74838
2024-12-09T14:15:00+05:30,1301.0,1301.95,1295.05,1296.45,46324
2024-12-09T14:30:00+05:30,1295.2,1304.8,1293.2,1298.0,69080
2024-12-09T14:45:00+05:30,1297.95,1308.9,1294.0,1298.0,224310
2024-12-09T15:00:00+05:30,1298.0,1300.5,1286.75,1293.45,256034
2024-12-09T15:15:00+05:30,1293.0,1295.45,1285.1,1294.0,276908
2024-12-10T09:15:00+05:30,1300.35,1334.85,1288.3,1320.9,1083913
2024-12-10T09:30:00+05:30,1320.9,1323.0,1305.2,1311.45,288175
2024-12-10T09:45:00+05:30,1312.0,1313.8,1297.5,1300.0,190532
2024-12-10T10:00:00+05:30,1300.0,1303.0,1283.55,1284.95,203904
2024-12-10T10:15:00+05:30,1284.3,1288.0,1277.0,1283.35,189619
2024-12-10T10:30:00+05:30,1283.35,1284.3,1273.0,1274.65,112624
2024-12-10T10:45:00+05:30,1274.65,1279.0,1267.1,1270.0,171120
2024-12-10T11:00:00+05:30,1269.8,1278.05,1268.75,1274.15,93219
2024-12-10T11:15:00+05:30,1274.15,1278.0,1273.0,1277.4,52190
2024-12-10T11:30:00+05:30,1277.0,1277.4,1266.35,1271.7,117882
2024-12-10T11:45:00+05:30,1271.65,1272.3,1268.15,1270.15,34842
2024-12-10T12:00:00+05:30,1270.7,1271.5,1267.6,1270.35,38717
2024-12-10T12:15:00+05:30,1269.7,1270.45,1263.0,1268.7,81896
2024-12-10T12:30:00+05:30,1268.7,1269.0,1257.35,1259.35,143360
2024-12-10T12:45:00+05:30,1258.85,1267.55,1258.2,1265.35,65070
2024-12-10T13:00:00+05:30,1265.35,1267.0,1262.15,1263.5,33553
2024-12-10T13:15:00+05:30,1263.0,1263.95,1251.4,1254.75,108816
2024-12-10T13:30:00+05:30,1254.25,1268.65,1253.4,1261.1,144832
2024-12-10T13:45:00+05:30,1261.2,1263.95,1258.0,1261.95,38537
2024-12-10T14:00:00+05:30,1261.9,1265.0,1259.05,1263.0,45938
2024-12-10T14:15:00+05:30,1263.0,1264.95,1256.8,1263.95,38989
2024-12-10T14:30:00+05:30,1263.95,1279.0,1260.0,1275.95,188814
2024-12-10T14:45:00+05:30,1276.5,1288.7,1275.55,1281.35,273340
2024-12-10T15:00:00+05:30,1280.6,1289.0,1279.75,1281.0,144400
2024-12-10T15:15:00+05:30,1280.95,1284.0,1276.1,1280.0,325166
2024-12-11T09:15:00+05:30,1290.0,1338.0,1290.0,1324.85,1336958
2024-12-11T09:30:00+05:30,1325.85,1327.7,1314.0,1315.3,247368
2024-12-11T09:45:00+05:30,1315.9,1324.5,1308.1,1315.1,194234
2024-12-11T10:00:00+05:30,1316.05,1317.8,1301.0,1303.6,214301
2024-12-11T10:15:00+05:30,1303.65,1304.45,1294.45,1301.7,213704
2024-12-11T10:30:00+05:30,1301.85,1308.5,1300.4,1301.55,78340
2024-12-11T10:45:00+05:30,1301.45,1305.0,1299.0,1302.3,47368
2024-12-11T11:00:00+05:30,1303.0,1305.0,1298.65,1305.0,39936
2024-12-11T11:15:00+05:30,1305.0,1307.95,1301.1,1302.6,54726
2024-12-11T11:30:00+05:30,1303.0,1308.0,1301.6,1306.35,42381
2024-12-11T11:45:00+05:30,1306.35,1311.8,1304.4,1306.4,86576
2024-12-11T12:00:00+05:30,1306.95,1310.35,1303.5,1307.5,52561
2024-12-11T12:15:00+05:30,1307.5,1309.0,1306.25,1309.0,21446
2024-12-11T12:30:00+05:30,1309.0,1339.25,1309.0,1333.4,641687
2024-12-11T12:45:00+05:30,1333.3,1344.5,1320.1,1323.15,387383
2024-12-11T13:00:00+05:30,1322.95,1327.15,1314.65,1319.5,186128
2024-12-11T13:15:00+05:30,1320.0,1323.9,1317.9,1321.6,61556
2024-12-11T13:30:00+05:30,1321.75,1321.95,1314.5,1315.85,55298
2024-12-11T13:45:00+05:30,1316.55,1320.8,1316.0,1317.05,37900
2024-12-11T14:00:00+05:30,1316.65,1325.0,1316.15,1320.0,83026
2024-12-11T14:15:00+05:30,1320.5,1324.9,1319.2,1321.3,56773
2024-12-11T14:30:00+05:30,1321.1,1324.85,1315.25,1316.6,98503
2024-12-11T14:45:00+05:30,1316.8,1330.9,1316.35,1327.6,162441
2024-12-11T15:00:00+05:30,1327.45,1336.0,1322.2,1327.0,236085
2024-12-11T15:15:00+05:30,1325.9,1335.5,1322.0,1324.0,399974
2024-12-12T09:15:00+05:30,1336.1,1347.0,1319.0,1320.0,541700
2024-12-12T09:30:00+05:30,1320.0,1328.45,1312.7,1315.55,175402
2024-12-12T09:45:00+05:30,1315.3,1316.45,1307.0,1314.9,131922
2024-12-12T10:00:00+05:30,1314.25,1314.85,1307.35,1307.35,65426
2024-12-12T10:15:00+05:30,1307.9,1319.75,1303.85,1316.45,94429
2024-12-12T10:30:00+05:30,1316.75,1323.35,1315.05,1317.85,56677
2024-12-12T10:45:00+05:30,1317.35,1322.45,1315.05,1321.35,36171
2024-12-12T11:00:00+05:30,1321.7,1326.5,1311.1,1324.5,137086
2024-12-12T11:15:00+05:30,1324.2,1326.85,1321.0,1326.45,61090
2024-12-12T11:30:00+05:30,1326.6,1348.9,1324.75,1339.05,437224
2024-12-12T11:45:00+05:30,1339.8,1346.7,1332.6,1335.0,232395
2024-12-12T12:00:00+05:30,1335.0,1337.55,1326.1,1328.95,95077
2024-12-12T12:15:00+05:30,1328.35,1341.9,1328.2,1338.0,85194
2024-12-12T12:30:00+05:30,1338.0,1339.3,1329.3,1332.0,31816
2024-12-12T12:45:00+05:30,1331.85,1332.4,1326.1,1330.05,50113
2024-12-12T13:00:00+05:30,1330.05,1333.05,1321.0,1324.4,70458
2024-12-12T13:15:00+05:30,1323.45,1324.7,1316.3,1318.1,68935
2024-12-12T13:30:00+05:30,1318.55,1322.05,1318.0,1319.0,41783
2024-12-12T13:45:00+05:30,1319.0,1321.25,1314.95,1318.15,46862
2024-12-12T14:00:00+05:30,1318.55,1319.65,1313.4,1314.3,43120
2024-12-12T14:15:00+05:30,1315.1,1320.0,1312.15,1314.0,40422
2024-12-12T14:30:00+05:30,1314.0,1318.95,1307.1,1316.7,100772
2024-12-12T14:45:00+05:30,1316.7,1323.0,1316.1,1318.0,76984
2024-12-12T15:00:00+05:30,1317.85,1321.0,1310.05,1313.7,108624
2024-12-12T15:15:00+05:30,1314.0,1314.7,1295.0,1301.0,332468
2024-12-13T09:15:00+05:30,1306.3,1316.75,1290.0,1300.35,440830
2024-12-13T09:30:00+05:30,1300.25,1301.9,1285.15,1285.15,212368
2024-12-13T09:45:00+05:30,1285.6,1287.95,1274.2,1284.65,258808
2024-12-13T10:00:00+05:30,1284.65,1286.9,1276.0,1282.05,104170
2024-12-13T10:15:00+05:30,1282.5,1282.5,1266.35,1270.1,184882
2024-12-13T10:30:00+05:30,1270.95,1276.0,1268.1,1272.0,97236
2024-12-13T10:45:00+05:30,1272.0,1279.0,1264.0,1275.85,158785
2024-12-13T11:00:00+05:30,1275.85,1283.0,1272.55,1278.65,109292
2024-12-13T11:15:00+05:30,1278.95,1280.95,1274.0,1277.05,78976
2024-12-13T11:30:00+05:30,1277.05,1281.3,1276.0,1280.8,55331
2024-12-13T11:45:00+05:30,1280.8,1288.0,1279.1,1285.9,92763
2024-12-13T12:00:00+05:30,1286.0,1286.5,1280.5,1286.2,54011
2024-12-13T12:15:00+05:30,1286.0,1287.95,1280.9,1282.55,53581
2024-12-13T12:30:00+05:30,1282.15,1284.1,1277.2,1279.8,56729
2024-12-13T12:45:00+05:30,1279.65,1280.9,1275.95,1280.35,51161
2024-12-13T13:00:00+05:30,1280.35,1283.0,1278.05,1281.7,45844
2024-12-13T13:15:00+05:30,1281.7,1297.15,1281.65,1291.1,246142
2024-12-13T13:30:00+05:30,1290.6,1302.4,1286.2,1299.0,167095
2024-12-13T13:45:00+05:30,1299.5,1302.4,1294.15,1301.15,93581
2024-12-13T14:00:00+05:30,1301.15,1303.65,1292.8,1297.1,73742
2024-12-13T14:15:00+05:30,1296.5,1298.95,1288.5,1290.65,70167
2024-12-13T14:30:00+05:30,1290.8,1293.6,1285.95,1290.1,57139
2024-12-13T14:45:00+05:30,1290.65,1294.0,1288.05,1293.3,50669
2024-12-13T15:00:00+05:30,1293.5,1300.0,1291.0,1297.0,110911
2024-12-13T15:15:00+05:30,1297.0,1297.95,1290.25,1293.25,219173
2024-12-16T09:15:00+05:30,1299.7,1323.6,1295.75,1313.75,398580
2024-12-16T09:30:00+05:30,1313.3,1334.55,1313.3,1324.15,328699
2024-12-16T09:45:00+05:30,1324.4,1332.75,1322.0,1323.85,103295
2024-12-16T10:00:00+05:30,1323.5,1342.0,1322.0,1338.7,248878
2024-12-16T10:15:00+05:30,1338.25,1349.5,1335.0,1340.05,301507
2024-12-16T10:30:00+05:30,1339.75,1360.0,1338.6,1356.0,472430
2024-12-16T10:45:00+05:30,1356.0,1364.95,1350.0,1363.15,308375
2024-12-16T11:00:00+05:30,1362.75,1364.95,1341.7,1342.8,274933
2024-12-16T11:15:00+05:30,1342.25,1362.0,1342.1,1357.25,219102
2024-12-16T11:30:00+05:30,1357.25,1361.0,1354.1,1360.5,110811
2024-12-16T11:45:00+05:30,1360.45,1366.95,1356.1,1365.5,189414
2024-12-16T12:00:00+05:30,1365.5,1369.85,1360.0,1361.95,172836
2024-12-16T12:15:00+05:30,1362.0,1368.0,1361.0,1367.15,80940
2024-12-16T12:30:00+05:30,1366.7,1369.8,1359.95,1362.6,118607
2024-12-16T12:45:00+05:30,1362.95,1368.45,1361.65,1367.45,61479
2024-12-16T13:00:00+05:30,1366.7,1368.8,1363.0,1365.7,51113
2024-12-16T13:15:00+05:30,1366.5,1367.45,1355.65,1357.35,92701
2024-12-16T13:30:00+05:30,1356.6,1363.7,1355.1,1360.0,104269
2024-12-16T13:45:00+05:30,1360.4,1365.0,1359.15,1361.4,57672
2024-12-16T14:00:00+05:30,1361.6,1367.3,1359.0,1365.0,76801
2024-12-16T14:15:00+05:30,1365.0,1365.95,1358.2,1361.25,66449
2024-12-16T14:30:00+05:30,1362.0,1363.0,1359.55,1362.0,38098
2024-12-16T14:45:00+05:30,1362.25,1377.0,1361.45,1371.4,332144
2024-12-16T15:00:00+05:30,1371.4,1377.0,1362.65,1375.55,280421
2024-12-16T15:15:00+05:30,1375.6,1381.0,1369.0,1370.05,591274
2024-12-17T09:15:00+05:30,1372.65,1388.0,1361.1,1369.75,559856
2024-12-17T09:30:00+05:30,1369.95,1385.05,1358.0,1364.0,353711
2024-12-17T09:45:00+05:30,1363.15,1365.8,1358.4,1364.05,94660
2024-12-17T10:00:00+05:30,1364.8,1370.0,1359.0,1360.0,75168
2024-12-17T10:15:00+05:30,1359.95,1361.45,1355.35,1359.7,97989
2024-12-17T10:30:00+05:30,1359.4,1368.3,1355.25,1364.15,76761
2024-12-17T10:45:00+05:30,1364.2,1370.0,1362.7,1367.4,82971
2024-12-17T11:00:00+05:30,1367.35,1369.15,1362.65,1367.75,35774
2024-12-17T11:15:00+05:30,1367.0,1369.4,1362.25,1363.5,29051
2024-12-17T11:30:00+05:30,1363.8,1364.95,1359.5,1362.45,33355
2024-12-17T11:45:00+05:30,1361.9,1364.45,1360.85,1361.15,11381
2024-12-17T12:00:00+05:30,1361.1,1363.45,1356.35,1357.95,46484
2024-12-17T12:15:00+05:30,1357.25,1363.0,1356.05,1363.0,42446
2024-12-17T12:30:00+05:30,1363.0,1363.0,1357.4,1358.15,29981
2024-12-17T12:45:00+05:30,1358.15,1360.0,1355.5,1358.25,24594
2024-12-17T13:00:00+05:30,1358.2,1359.1,1352.4,1353.0,44421
2024-12-17T13:15:00+05:30,1353.65,1354.85,1350.5,1353.7,41734
2024-12-17T13:30:00+05:30,1352.85,1354.0,1347.3,1350.55,56972
2024-12-17T13:45:00+05:30,1350.55,1350.55,1334.75,1340.0,123740
2024-12-17T14:00:00+05:30,1339.2,1341.95,1323.7,1329.0,127842
2024-12-17T14:15:00+05:30,1330.0,1332.95,1325.2,1329.95,77545
2024-12-17T14:30:00+05:30,1329.95,1331.8,1325.8,1327.0,39306
2024-12-17T14:45:00+05:30,1326.55,1329.8,1320.1,1327.75,79420
2024-12-17T15:00:00+05:30,1327.7,1330.0,1324.05,1325.3,95604
2024-12-17T15:15:00+05:30,1325.05,1328.5,1320.0,1324.0,206362
2024-12-18T09:15:00+05:30,1327.55,1333.3,1286.2,1300.0,476740
2024-12-18T09:30:00+05:30,1299.25,1310.0,1295.85,1308.2,147633
2024-12-18T09:45:00+05:30,1308.95,1310.55,1290.05,1292.2,131353
2024-12-18T10:00:00+05:30,1291.2,1294.5,1281.1,1285.7,126056
2024-12-18T10:15:00+05:30,1285.6,1295.0,1284.45,1290.0,67536
2024-12-18T10:30:00+05:30,1290.8,1295.6,1290.0,1293.35,36009
2024-12-18T10:45:00+05:30,1292.3,1295.0,1285.05,1285.95,46933
2024-12-18T11:00:00+05:30,1286.45,1292.7,1285.0,1291.6,36382
2024-12-18T11:15:00+05:30,1292.0,1299.9,1290.4,1297.0,63340
2024-12-18T11:30:00+05:30,1297.85,1299.5,1293.9,1294.55,19112
2024-12-18T11:45:00+05:30,1294.55,1294.55,1287.85,1290.3,34378
2024-12-18T12:00:00+05:30,1290.9,1291.85,1286.1,1287.0,25645
2024-12-18T12:15:00+05:30,1287.15,1290.0,1285.0,1287.8,25144
2024-12-18T12:30:00+05:30,1287.95,1289.1,1278.0,1279.2,75682
2024-12-18T12:45:00+05:30,1279.2,1285.25,1278.0,1282.75,46319
2024-12-18T13:00:00+05:30,1283.1,1287.05,1282.35,1284.75,23236
2024-12-18T13:15:00+05:30,1284.75,1287.0,1281.25,1282.25,29541
2024-12-18T13:30:00+05:30,1282.0,1285.55,1281.85,1285.4,22334
2024-12-18T13:45:00+05:30,1285.0,1290.9,1284.0,1290.25,49700
2024-12-18T14:00:00+05:30,1290.4,1293.95,1287.7,1288.9,60206
2024-12-18T14:15:00+05:30,1288.9,1291.5,1282.15,1283.05,42934
2024-12-18T14:30:00+05:30,1282.25,1286.3,1282.2,1284.5,27781
2024-12-18T14:45:00+05:30,1284.5,1300.0,1284.5,1291.15,100624
2024-12-18T15:00:00+05:30,1291.85,1294.5,1288.5,1290.0,141594
2024-12-18T15:15:00+05:30,1289.5,1295.0,1284.45,1294.7,181030
2024-12-19T09:15:00+05:30,1258.95,1298.0,1252.1,1284.4,432867
2024-12-19T09:30:00+05:30,1283.8,1314.75,1280.6,1307.25,342104
2024-12-19T09:45:00+05:30,1307.25,1317.35,1295.0,1297.05,209746
2024-12-19T10:00:00+05:30,1297.05,1302.75,1287.0,1292.1,157264
2024-12-19T10:15:00+05:30,1292.2,1299.35,1289.0,1296.35,70586
2024-12-19T10:30:00+05:30,1295.9,1299.9,1292.3,1295.15,44332
2024-12-19T10:45:00+05:30,1296.05,1298.8,1292.8,1293.05,35902
2024-12-19T11:00:00+05:30,1293.95,1299.8,1293.0,1297.45,26554
2024-12-19T11:15:00+05:30,1297.25,1304.6,1295.65,1302.25,67420
2024-12-19T11:30:00+05:30,1302.9,1306.8,1297.0,1302.95,52501
2024-12-19T11:45:00+05:30,1303.25,1305.0,1297.25,1299.55,41518
2024-12-19T12:00:00+05:30,1299.55,1302.6,1296.1,1300.0,24075
2024-12-19T12:15:00+05:30,1299.5,1301.8,1298.1,1300.4,11291
2024-12-19T12:30:00+05:30,1300.95,1304.75,1299.7,1300.0,29406
2024-12-19T12:45:00+05:30,1300.1,1301.85,1297.65,1298.15,36074
2024-12-19T13:00:00+05:30,1298.15,1299.45,1297.25,1298.0,14146
2024-12-19T13:15:00+05:30,1298.0,1299.5,1295.9,1298.0,19709
2024-12-19T13:30:00+05:30,1298.5,1301.25,1297.0,1297.65,18348
2024-12-19T13:45:00+05:30,1297.65,1307.4,1297.6,1303.1,50236
2024-12-19T14:00:00+05:30,1303.1,1307.95,1302.1,1305.6,43164
2024-12-19T14:15:00+05:30,1305.6,1306.75,1297.0,1299.0,65412
2024-12-19T14:30:00+05:30,1299.05,1300.55,1291.05,1294.8,51471
2024-12-19T14:45:00+05:30,1294.05,1297.55,1291.5,1293.65,41633
2024-12-19T15:00:00+05:30,1294.0,1298.95,1292.0,1293.1,93195
2024-12-19T15:15:00+05:30,1293.1,1301.85,1290.3,1297.9,148938
2024-12-20T09:15:00+05:30,1320.85,1346.2,1308.0,1344.2,523993
2024-12-20T09:30:00+05:30,1344.95,1355.05,1337.0,1350.2,531077
2024-12-20T09:45:00+05:30,1350.4,1351.25,1331.2,1331.2,239314
2024-12-20T10:00:00+05:30,1332.05,1339.9,1327.0,1338.25,159039
2024-12-20T10:15:00+05:30,1338.25,1341.8,1332.0,1333.35,94200
2024-12-20T10:30:00+05:30,1333.35,1341.0,1333.0,1338.2,40638
2024-12-20T10:45:00+05:30,1337.6,1350.0,1332.05,1346.5,119796
2024-12-20T11:00:00+05:30,1346.55,1354.0,1345.0,1345.2,127382
2024-12-20T11:15:00+05:30,1345.25,1346.9,1337.25,1341.25,95298
2024-12-20T11:30:00+05:30,1341.05,1345.0,1334.55,1337.65,80029
2024-12-20T11:45:00+05:30,1337.65,1342.9,1337.3,1342.25,24644
2024-12-20T12:00:00+05:30,1342.3,1345.0,1336.35,1337.95,40951
2024-12-20T12:15:00+05:30,1336.85,1338.95,1335.0,1337.65,38715
2024-12-20T12:30:00+05:30,1337.9,1341.5,1330.3,1331.4,43688
2024-12-20T12:45:00+05:30,1330.7,1333.45,1311.8,1313.05,204733
2024-12-20T13:00:00+05:30,1313.0,1319.7,1308.1,1312.35,111850
2024-12-20T13:15:00+05:30,1312.35,1313.85,1305.2,1311.85,92539
2024-12-20T13:30:00+05:30,1311.85,1314.75,1296.05,1300.7,92260
2024-12-20T13:45:00+05:30,1300.7,1301.7,1296.0,1299.55,58644
2024-12-20T14:00:00+05:30,1299.65,1299.8,1289.0,1290.65,124241
2024-12-20T14:15:00+05:30,1291.3,1302.45,1290.65,1298.6,67084
2024-12-20T14:30:00+05:30,1298.6,1312.0,1295.0,1307.6,219064
2024-12-20T14:45:00+05:30,1307.2,1308.0,1299.4,1302.5,63624
2024-12-20T15:00:00+05:30,1302.4,1304.0,1292.0,1292.85,154881
2024-12-20T15:15:00+05:30,1292.85,1304.0,1290.0,1296.35,208126
2024-12-23T09:15:00+05:30,1312.0,1326.75,1295.1,1301.9,301145
2024-12-23T09:30:00+05:30,1302.0,1311.6,1284.8,1302.0,130014
2024-12-23T09:45:00+05:30,1302.25,1308.6,1287.5,1296.65,99082
2024-12-23T10:00:00+05:30,1296.4,1307.3,1292.1,1299.85,80856
2024-12-23T10:15:00+05:30,1299.15,1302.4,1290.1,1293.2,35356
2024-12-23T10:30:00+05:30,1293.5,1302.5,1290.1,1300.35,36838
2024-12-23T10:45:00+05:30,1301.45,1312.95,1299.75,1309.45,82267
2024-12-23T11:00:00+05:30,1309.45,1317.0,1303.05,1303.2,58588
2024-12-23T11:15:00+05:30,1303.75,1311.75,1302.8,1308.25,25660
2024-12-23T11:30:00+05:30,1308.6,1309.1,1305.0,1306.5,13545
2024-12-23T11:45:00+05:30,1306.75,1307.0,1300.0,1303.5,24318
2024-12-23T12:00:00+05:30,1303.45,1309.6,1300.1,1307.95,29500
2024-12-23T12:15:00+05:30,1306.8,1319.6,1306.8,1308.05,64695
2024-12-23T12:30:00+05:30,1308.05,1312.55,1305.5,1312.55,13208
2024-12-23T12:45:00+05:30,1312.5,1325.75,1308.0,1316.55,116687
2024-12-23T13:00:00+05:30,1316.55,1322.0,1315.0,1316.45,34042
2024-12-23T13:15:00+05:30,1316.95,1319.3,1314.6,1316.15,41157
2024-12-23T13:30:00+05:30,1316.15,1317.5,1308.85,1313.5,119215
2024-12-23T13:45:00+05:30,1313.15,1316.75,1310.1,1311.65,16302
2024-12-23T14:00:00+05:30,1310.9,1321.1,1310.8,1320.2,55117
2024-12-23T14:15:00+05:30,1320.2,1339.0,1320.2,1323.6,200920
2024-12-23T14:30:00+05:30,1323.6,1324.45,1314.65,1317.6,66091
2024-12-23T14:45:00+05:30,1317.8,1325.8,1315.5,1324.65,62670
2024-12-23T15:00:00+05:30,1324.65,1325.45,1318.0,1323.05,70001
2024-12-23T15:15:00+05:30,1323.1,1328.0,1315.35,1318.0,113724
2024-12-24T09:15:00+05:30,1322.0,1329.35,1307.7,1316.0,172768
2024-12-24T09:30:00+05:30,1316.0,1319.0,1307.7,1316.15,121032
2024-12-24T09:45:00+05:30,1316.85,1338.5,1314.75,1331.3,125679
2024-12-24T10:00:00+05:30,1332.45,1335.7,1323.3,1323.8,85974
2024-12-24T10:15:00+05:30,1323.25,1328.45,1321.5,1325.9,26360
2024-12-24T10:30:00+05:30,1325.05,1325.15,1318.3,1321.3,33217
2024-12-24T10:45:00+05:30,1321.3,1323.45,1317.6,1323.3,28890
2024-12-24T11:00:00+05:30,1323.3,1337.0,1322.7,1327.5,74095
2024-12-24T11:15:00+05:30,1327.5,1330.0,1325.8,1327.0,18051
2024-12-24T11:30:00+05:30,1327.0,1327.75,1320.0,1322.05,33688
2024-12-24T11:45:00+05:30,1322.6,1323.9,1318.85,1321.0,29099
2024-12-24T12:00:00+05:30,1321.5,1321.8,1317.1,1320.0,22222
2024-12-24T12:15:00+05:30,1321.05,1326.35,1318.05,1323.65,31528
2024-12-24T12:30:00+05:30,1323.7,1326.35,1321.2,1323.35,11145
2024-12-24T12:45:00+05:30,1323.35,1324.6,1320.85,1322.3,7842
2024-12-24T13:00:00+05:30,1322.0,1325.0,1320.2,1320.2,17761
2024-12-24T13:15:00+05:30,1320.3,1327.0,1320.0,1323.0,20879
2024-12-24T13:30:00+05:30,1323.1,1328.8,1321.4,1321.55,22433
2024-12-24T13:45:00+05:30,1321.8,1323.9,1319.95,1321.05,18437
2024-12-24T14:00:00+05:30,1321.05,1322.85,1317.95,1321.15,9875
2024-12-24T14:15:00+05:30,1321.4,1322.85,1319.5,1320.5,40021
2024-12-24T14:30:00+05:30,1320.55,1322.3,1317.75,1320.9,52935
2024-12-24T14:45:00+05:30,1320.05,1328.0,1318.7,1321.1,141078
2024-12-24T15:00:00+05:30,1320.65,1325.0,1318.0,1320.0,100152
2024-12-24T15:15:00+05:30,1320.0,1323.0,1310.1,1320.0,143595
2024-12-26T09:15:00+05:30,1328.8,1330.0,1311.25,1326.7,248241
2024-12-26T09:30:00+05:30,1326.5,1335.0,1313.25,1321.3,244457
2024-12-26T09:45:00+05:30,1321.3,1324.75,1308.0,1319.4,103031
2024-12-26T10:00:00+05:30,1319.35,1322.0,1298.15,1303.75,123301
2024-12-26T10:15:00+05:30,1303.1,1307.4,1300.0,1303.5,33604
2024-12-26T10:30:00+05:30,1303.85,1309.7,1302.4,1308.3,20458
2024-12-26T10:45:00+05:30,1308.3,1309.5,1301.3,1302.1,36147
2024-12-26T11:00:00+05:30,1302.15,1304.85,1292.6,1293.0,55605
2024-12-26T11:15:00+05:30,1293.0,1297.0,1286.0,1286.5,80814
2024-12-26T11:30:00+05:30,1286.8,1288.75,1283.3,1287.1,65655
2024-12-26T11:45:00+05:30,1287.1,1296.3,1286.5,1291.25,55015
2024-12-26T12:00:00+05:30,1290.7,1293.95,1286.25,1288.8,25917
2024-12-26T12:15:00+05:30,1288.3,1291.5,1285.75,1289.2,32353
2024-12-26T12:30:00+05:30,1288.2,1291.85,1287.8,1289.8,16290
2024-12-26T12:45:00+05:30,1289.35,1290.05,1288.05,1290.05,8837
2024-12-26T13:00:00+05:30,1289.55,1295.65,1289.5,1292.25,25031
2024-12-26T13:15:00+05:30,1292.95,1295.5,1291.25,1291.25,30017
2024-12-26T13:30:00+05:30,1291.75,1293.35,1286.4,1292.0,36075
2024-12-26T13:45:00+05:30,1291.5,1292.35,1286.85,1289.25,24091
2024-12-26T14:00:00+05:30,1289.25,1296.0,1289.25,1295.7,38245
2024-12-26T14:15:00+05:30,1295.7,1301.5,1295.65,1297.5,78662
2024-12-26T14:30:00+05:30,1297.5,1298.2,1291.5,1293.85,28903
2024-12-26T14:45:00+05:30,1294.6,1298.45,1293.6,1295.15,36646
2024-12-26T15:00:00+05:30,1295.65,1296.65,1289.3,1289.6,104382
2024-12-26T15:15:00+05:30,1289.95,1290.5,1274.8,1285.0,225149
2024-12-27T09:15:00+05:30,1284.05,1315.9,1281.75,1309.1,335935
2024-12-27T09:30:00+05:30,1308.5,1321.0,1299.1,1319.75,221642
2024-12-27T09:45:00+05:30,1319.7,1319.85,1305.85,1307.8,98292
2024-12-27T10:00:00+05:30,1307.4,1313.05,1306.0,1312.4,40736
2024-12-27T10:15:00+05:30,1312.35,1314.75,1292.6,1295.0,88774
2024-12-27T10:30:00+05:30,1295.15,1301.0,1292.2,1295.5,43406
2024-12-27T10:45:00+05:30,1295.0,1304.9,1293.15,1302.45,37852
2024-12-27T11:00:00+05:30,1302.45,1304.7,1297.7,1303.7,20364
2024-12-27T11:15:00+05:30,1302.65,1303.4,1295.2,1296.0,19673
2024-12-27T11:30:00+05:30,1296.65,1300.15,1295.65,1299.2,12881
2024-12-27T11:45:00+05:30,1298.65,1313.0,1297.6,1311.35,69568
2024-12-27T12:00:00+05:30,1310.65,1314.6,1309.0,1312.0,53092
2024-12-27T12:15:00+05:30,1312.85,1313.0,1308.05,1310.5,48052
2024-12-27T12:30:00+05:30,1311.65,1315.0,1309.1,1311.8,28609
2024-12-27T12:45:00+05:30,1311.5,1318.05,1310.6,1313.5,44348
2024-12-27T13:00:00+05:30,1313.5,1314.0,1310.35,1312.0,18223
2024-12-27T13:15:00+05:30,1311.35,1312.95,1308.45,1310.25,19612
2024-12-27T13:30:00+05:30,1310.7,1314.9,1310.1,1314.4,15290
2024-12-27T13:45:00+05:30,1313.65,1324.8,1312.0,1313.95,161183
2024-12-27T14:00:00+05:30,1313.95,1315.35,1310.05,1311.5,20291
2024-12-27T14:15:00+05:30,1311.0,1314.7,1310.2,1312.0,19357
2024-12-27T14:30:00+05:30,1312.4,1318.9,1310.35,1313.85,35812
2024-12-27T14:45:00+05:30,1313.6,1315.55,1307.55,1310.0,55513
2024-12-27T15:00:00+05:30,1310.0,1312.4,1307.15,1310.6,86630
2024-12-27T15:15:00+05:30,1310.05,1314.5,1306.25,1309.0,102716
2024-12-30T09:15:00+05:30,1310.35,1314.0,1297.5,1313.5,156186
2024-12-30T09:30:00+05:30,1312.5,1322.0,1307.8,1317.15,151194
2024-12-30T09:45:00+05:30,1316.7,1344.8,1316.05,1339.8,316410
2024-12-30T10:00:00+05:30,1339.95,1348.8,1334.0,1339.05,178550
2024-12-30T10:15:00+05:30,1339.05,1349.0,1333.85,1336.5,120451
2024-12-30T10:30:00+05:30,1336.5,1339.5,1330.1,1330.95,56670
2024-12-30T10:45:00+05:30,1330.55,1355.35,1330.15,1355.35,235886
2024-12-30T11:00:00+05:30,1355.0,1359.9,1348.0,1352.25,173925
2024-12-30T11:15:00+05:30,1352.3,1364.4,1351.7,1362.85,149927
2024-12-30T11:30:00+05:30,1362.3,1364.8,1349.1,1351.2,73315
2024-12-30T11:45:00+05:30,1350.85,1354.8,1348.0,1350.7,46740
2024-12-30T12:00:00+05:30,1350.05,1351.35,1341.95,1343.75,55901
2024-12-30T12:15:00+05:30,1343.75,1347.55,1342.0,1345.7,26934
2024-12-30T12:30:00+05:30,1345.65,1350.6,1343.1,1350.45,33847
2024-12-30T12:45:00+05:30,1350.3,1350.95,1344.05,1344.45,29785
2024-12-30T13:00:00+05:30,1344.9,1349.0,1342.5,1344.85,31135
2024-12-30T13:15:00+05:30,1344.85,1348.75,1335.15,1337.95,62500
2024-12-30T13:30:00+05:30,1337.9,1340.05,1335.0,1336.1,41809
2024-12-30T13:45:00+05:30,1336.1,1337.55,1331.35,1335.9,49248
2024-12-30T14:00:00+05:30,1335.9,1337.3,1330.25,1332.6,22523
2024-12-30T14:15:00+05:30,1333.45,1336.1,1330.3,1332.05,37120
2024-12-30T14:30:00+05:30,1332.1,1337.65,1330.3,1334.85,46158
2024-12-30T14:45:00+05:30,1334.1,1339.6,1334.0,1337.25,40162
2024-12-30T15:00:00+05:30,1337.5,1338.05,1331.05,1334.55,80116
2024-12-30T15:15:00+05:30,1334.75,1338.9,1330.0,1335.0,120117
2024-12-31T09:15:00+05:30,1326.05,1330.0,1315.0,1319.0,129491
2024-12-31T09:30:00+05:30,1319.0,1328.95,1308.0,1308.95,126557
2024-12-31T09:45:00+05:30,1308.85,1312.7,1301.2,1309.65,90179
2024-12-31T10:00:00+05:30,1309.65,1312.6,1300.0,1301.6,86557
2024-12-31T10:15:00+05:30,1302.25,1311.15,1302.0,1303.65,44988
2024-12-31T10:30:00+05:30,1303.7,1313.5,1302.9,1312.35,36995
2024-12-31T10:45:00+05:30,1312.75,1317.75,1310.0,1314.0,52035
2024-12-31T11:00:00+05:30,1313.65,1316.6,1310.15,1315.7,24379
2024-12-31T11:15:00+05:30,1315.55,1320.0,1311.1,1312.75,61297
2024-12-31T11:30:00+05:30,1312.75,1313.75,1308.4,1312.55,26481
2024-12-31T11:45:00+05:30,1312.7,1313.2,1308.65,1310.9,6382
2024-12-31T12:00:00+05:30,1311.0,1312.5,1308.1,1310.1,15558
2024-12-31T12:15:00+05:30,1310.75,1315.0,1309.3,1312.85,12185
2024-12-31T12:30:00+05:30,1312.6,1314.0,1309.75,1311.2,7773
2024-12-31T12:45:00+05:30,1311.15,1316.15,1309.75,1314.25,22029
2024-12-31T13:00:00+05:30,1313.4,1321.5,1313.05,1316.85,48724
2024-12-31T13:15:00+05:30,1316.85,1322.5,1314.4,1322.5,28352
2024-12-31T13:30:00+05:30,1322.65,1342.0,1322.5,1340.15,166604
2024-12-31T13:45:00+05:30,1340.0,1353.0,1332.45,1345.6,184080
2024-12-31T14:00:00+05:30,1346.3,1353.9,1345.0,1346.4,73328
2024-12-31T14:15:00+05:30,1346.4,1351.0,1346.0,1348.9,43925
2024-12-31T14:30:00+05:30,1348.7,1350.0,1339.55,1342.9,80897
2024-12-31T14:45:00+05:30,1342.55,1360.05,1342.05,1351.95,138751
2024-12-31T15:00:00+05:30,1351.95,1353.55,1345.5,1349.8,133929
2024-12-31T15:15:00+05:30,1351.2,1359.75,1349.3,1356.0,163846
2025-01-01T09:15:00+05:30,1357.2,1381.8,1346.85,1379.95,379941
2025-01-01T09:30:00+05:30,1380.8,1384.0,1368.05,1368.65,199940
2025-01-01T09:45:00+05:30,1368.9,1369.4,1353.0,1364.4,153180
2025-01-01T10:00:00+05:30,1364.0,1364.4,1355.15,1358.05,40696
2025-01-01T10:15:00+05:30,1357.9,1358.35,1341.65,1343.6,103440
2025-01-01T10:30:00+05:30,1343.5,1351.95,1342.65,1347.6,31815
2025-01-01T10:45:00+05:30,1348.0,1353.75,1343.1,1344.25,39175
2025-01-01T11:00:00+05:30,1344.45,1346.9,1336.3,1340.0,59302
2025-01-01T11:15:00+05:30,1339.9,1342.95,1337.05,1339.65,50415
2025-01-01T11:30:00+05:30,1339.3,1340.0,1332.9,1336.4,30731
2025-01-01T11:45:00+05:30,1336.25,1337.6,1333.1,1334.45,23901
2025-01-01T12:00:00+05:30,1334.5,1342.0,1334.1,1338.0,28124
2025-01-01T12:15:00+05:30,1338.6,1341.0,1337.9,1338.9,21960
2025-01-01T12:30:00+05:30,1338.4,1339.9,1336.2,1338.7,11283
2025-01-01T12:45:00+05:30,1338.7,1340.0,1336.8,1338.4,11170
2025-01-01T13:00:00+05:30,1338.0,1339.95,1337.0,1339.4,7838
2025-01-01T13:15:00+05:30,1339.4,1345.9,1337.7,1345.7,25881
2025-01-01T13:30:00+05:30,1345.65,1348.25,1343.5,1347.45,34027
2025-01-01T13:45:00+05:30,1347.7,1348.0,1344.35,1345.95,19686
2025-01-01T14:00:00+05:30,1346.0,1347.05,1341.4,1345.45,19105
2025-01-01T14:15:00+05:30,1344.55,1346.0,1341.55,1345.45,18091
2025-01-01T14:30:00+05:30,1345.45,1346.85,1341.9,1342.45,19555
2025-01-01T14:45:00+05:30,1342.95,1346.0,1337.0,1339.8,39612
2025-01-01T15:00:00+05:30,1339.8,1340.45,1333.05,1338.0,80218
2025-01-01T15:15:00+05:30,1338.0,1338.35,1325.0,1329.8,149206
2025-01-02T09:15:00+05:30,1331.6,1338.75,1312.45,1322.85,214251
2025-01-02T09:30:00+05:30,1322.0,1330.9,1309.7,1315.45,131302
2025-01-02T09:45:00+05:30,1315.65,1323.6,1312.05,1323.0,54976
2025-01-02T10:00:00+05:30,1323.0,1329.3,1319.95,1325.25,64029
2025-01-02T10:15:00+05:30,1325.25,1326.0,1321.05,1325.1,29799
2025-01-02T10:30:00+05:30,1325.5,1325.5,1317.0,1321.0,31186
2025-01-02T10:45:00+05:30,1321.0,1323.95,1317.05,1317.5,29054
2025-01-02T11:00:00+05:30,1318.15,1319.4,1315.6,1316.6,16352
2025-01-02T11:15:00+05:30,1316.6,1317.15,1312.1,1312.1,40806
2025-01-02T11:30:00+05:30,1312.85,1316.25,1312.1,1314.4,27957
2025-01-02T11:45:00+05:30,1314.4,1318.5,1313.55,1318.4,14260
2025-01-02T12:00:00+05:30,1318.95,1330.45,1318.6,1323.3,72575
2025-01-02T12:15:00+05:30,1323.35,1329.9,1320.0,1327.05,31169
2025-01-02T12:30:00+05:30,1327.3,1328.5,1324.0,1326.0,29340
2025-01-02T12:45:00+05:30,1326.0,1329.8,1323.3,1328.95,26466
2025-01-02T13:00:00+05:30,1328.0,1328.65,1324.75,1327.85,12357
2025-01-02T13:15:00+05:30,1327.8,1329.5,1320.6,1327.05,41385
2025-01-02T13:30:00+05:30,1327.05,1328.8,1324.0,1324.4,23398
2025-01-02T13:45:00+05:30,1324.7,1325.45,1322.0,1323.7,14247
2025-01-02T14:00:00+05:30,1323.1,1325.0,1322.15,1322.25,13224
2025-01-02T14:15:00+05:30,1322.25,1324.55,1321.0,1323.0,17647
2025-01-02T14:30:00+05:30,1323.1,1323.2,1318.75,1320.9,21302
2025-01-02T14:45:00+05:30,1320.9,1328.1,1320.0,1322.9,48111
2025-01-02T15:00:00+05:30,1322.9,1326.25,1320.0,1324.2,95060
2025-01-02T15:15:00+05:30,1323.6,1341.6,1321.3,1335.5,154606
2025-01-03T09:15:00+05:30,1336.8,1372.0,1336.0,1361.95,475587
2025-01-03T09:30:00+05:30,1361.15,1362.0,1349.0,1351.05,173964
2025-01-03T09:45:00+05:30,1351.05,1361.9,1349.1,1358.6,102502
2025-01-03T10:00:00+05:30,1358.6,1376.9,1356.95,1369.05,390551
2025-01-03T10:15:00+05:30,1369.5,1379.0,1363.05,1365.8,198674
2025-01-03T10:30:00+05:30,1366.2,1366.6,1358.2,1360.8,132009
2025-01-03T10:45:00+05:30,1360.8,1362.8,1354.95,1357.5,53059
2025-01-03T11:00:00+05:30,1357.75,1366.0,1355.9,1358.25,78037
2025-01-03T11:15:00+05:30,1358.6,1360.9,1356.05,1358.2,29932
2025-01-03T11:30:00+05:30,1358.0,1358.35,1353.1,1354.25,36576
2025-01-03T11:45:00+05:30,1354.25,1355.2,1347.8,1349.0,86770
2025-01-03T12:00:00+05:30,1348.9,1351.55,1346.85,1351.25,38843
2025-01-03T12:15:00+05:30,1350.45,1351.0,1347.0,1348.25,23483
2025-01-03T12:30:00+05:30,1348.25,1350.0,1347.15,1349.3,13927
2025-01-03T12:45:00+05:30,1348.45,1352.3,1347.5,1348.35,19894
2025-01-03T13:00:00+05:30,1348.25,1349.85,1343.1,1343.85,45379
2025-01-03T13:15:00+05:30,1343.65,1344.9,1337.2,1339.5,43475
2025-01-03T13:30:00+05:30,1339.3,1341.75,1338.3,1339.05,23295
2025-01-03T13:45:00+05:30,1339.45,1339.55,1330.05,1334.9,74063
2025-01-03T14:00:00+05:30,1334.4,1336.0,1329.25,1332.15,33287
2025-01-03T14:15:00+05:30,1332.7,1336.5,1330.95,1334.0,28503
2025-01-03T14:30:00+05:30,1334.0,1338.5,1330.05,1331.0,49443
2025-01-03T14:45:00+05:30,1330.95,1333.25,1322.5,1326.0,62084
2025-01-03T15:00:00+05:30,1325.6,1330.95,1317.3,1325.1,96696
2025-01-03T15:15:00+05:30,1324.3,1328.55,1320.0,1326.95,115381
2025-01-06T09:15:00+05:30,1333.95,1339.0,1320.55,1322.25,178440
2025-01-06T09:30:00+05:30,1322.6,1332.95,1311.45,1323.55,99499
2025-01-06T09:45:00+05:30,1324.15,1332.95,1319.85,1323.25,57304
2025-01-06T10:00:00+05:30,1322.5,1328.2,1320.85,1323.35,28711
2025-01-06T10:15:00+05:30,1323.0,1326.45,1320.5,1321.8,35027
2025-01-06T10:30:00+05:30,1321.75,1325.2,1320.5,1322.35,48086
2025-01-06T10:45:00+05:30,1322.1,1322.95,1312.25,1313.25,122160
2025-01-06T11:00:00+05:30,1314.15,1315.45,1302.6,1305.9,100885
2025-01-06T11:15:00+05:30,1305.75,1311.2,1301.5,1308.2,61076
2025-01-06T11:30:00+05:30,1308.1,1311.55,1300.45,1301.1,42667
2025-01-06T11:45:00+05:30,1301.1,1301.75,1286.3,1288.65,113493
2025-01-06T12:00:00+05:30,1288.75,1297.85,1288.75,1293.05,50678
2025-01-06T12:15:00+05:30,1293.0,1295.1,1286.75,1286.75,39651
2025-01-06T12:30:00+05:30,1286.75,1296.95,1285.95,1292.7,38907
2025-01-06T12:45:00+05:30,1293.3,1296.3,1289.05,1293.8,24250
2025-01-06T13:00:00+05:30,1293.75,1294.55,1284.15,1284.95,33982
2025-01-06T13:15:00+05:30,1284.85,1285.9,1276.0,1278.4,55815
2025-01-06T13:30:00+05:30,1278.4,1280.0,1270.0,1272.55,48013
2025-01-06T13:45:00+05:30,1272.55,1272.95,1263.55,1269.0,66119
2025-01-06T14:00:00+05:30,1268.95,1280.85,1266.0,1270.45,83664
2025-01-06T14:15:00+05:30,1270.85,1278.0,1269.25,1270.0,48716
2025-01-06T14:30:00+05:30,1270.8,1278.0,1269.6,1272.75,49970
2025-01-06T14:45:00+05:30,1272.7,1279.45,1270.55,1277.05,53106
2025-01-06T15:00:00+05:30,1276.9,1284.25,1270.0,1272.95,114383
2025-01-06T15:15:00+05:30,1272.75,1278.95,1265.0,1265.0,165355
2025-01-07T09:15:00+05:30,1281.2,1296.7,1274.75,1289.3,185247
2025-01-07T09:30:00+05:30,1289.25,1298.95,1281.45,1289.75,120484
2025-01-07T09:45:00+05:30,1289.5,1289.6,1271.25,1276.6,81698
2025-01-07T10:00:00+05:30,1276.6,1293.0,1275.0,1292.2,51988
2025-01-07T10:15:00+05:30,1292.2,1301.65,1290.0,1300.0,82632
2025-01-07T10:30:00+05:30,1299.35,1300.7,1288.45,1293.2,28996
2025-01-07T10:45:00+05:30,1292.35,1297.85,1291.05,1296.75,32785
2025-01-07T11:00:00+05:30,1296.75,1301.8,1294.6,1298.7,28476
2025-01-07T11:15:00+05:30,1299.45,1303.65,1294.6,1301.15,28395
2025-01-07T11:30:00+05:30,1301.15,1304.95,1296.35,1302.5,19951
2025-01-07T11:45:00+05:30,1303.45,1311.0,1300.5,1303.75,69887
2025-01-07T12:00:00+05:30,1304.2,1304.9,1300.5,1301.05,26197
2025-01-07T12:15:00+05:30,1301.4,1302.2,1297.8,1299.35,21029
2025-01-07T12:30:00+05:30,1299.55,1304.6,1298.0,1302.2,18102
2025-01-07T12:45:00+05:30,1302.2,1302.95,1299.8,1300.35,4721
2025-01-07T13:00:00+05:30,1300.35,1303.0,1298.05,1301.25,16505
2025-01-07T13:15:00+05:30,1301.8,1302.55,1298.0,1301.6,12763
2025-01-07T13:30:00+05:30,1301.7,1303.65,1296.55,1298.0,17200
2025-01-07T13:45:00+05:30,1298.05,1298.05,1294.55,1296.5,25104
2025-01-07T14:00:00+05:30,1296.55,1304.0,1296.1,1304.0,20915
2025-01-07T14:15:00+05:30,1303.8,1308.0,1302.35,1307.05,18403
2025-01-07T14:30:00+05:30,1306.85,1307.1,1300.0,1302.5,18023
2025-01-07T14:45:00+05:30,1302.45,1304.0,1300.0,1300.2,24368
2025-01-07T15:00:00+05:30,1300.2,1305.5,1299.5,1303.2,45721
2025-01-07T15:15:00+05:30,1303.65,1310.5,1301.0,1308.0,104626
2025-01-08T09:15:00+05:30,1293.0,1304.9,1286.45,1288.55,119131
2025-01-08T09:30:00+05:30,1289.45,1295.75,1284.0,1289.25,80683
2025-01-08T09:45:00+05:30,1289.6,1294.55,1284.1,1288.8,47600
2025-01-08T10:00:00+05:30,1289.05,1291.7,1284.35,1291.65,29818
2025-01-08T10:15:00+05:30,1291.7,1292.75,1281.25,1285.25,36601
2025-01-08T10:30:00+05:30,1285.25,1285.25,1275.45,1276.75,39621
2025-01-08T10:45:00+05:30,1276.65,1283.5,1275.5,1281.75,30640
2025-01-08T11:00:00+05:30,1281.65,1284.4,1277.95,1279.8,22673
2025-01-08T11:15:00+05:30,1279.5,1280.5,1275.75,1278.9,28434
2025-01-08T11:30:00+05:30,1279.0,1280.95,1268.9,1270.0,41262
2025-01-08T11:45:00+05:30,1270.0,1271.15,1245.55,1249.55,151510
2025-01-08T12:00:00+05:30,1249.5,1253.85,1230.0,1230.85,144517
2025-01-08T12:15:00+05:30,1231.0,1248.3,1230.4,1241.2,89069
2025-01-08T12:30:00+05:30,1241.2,1245.0,1238.0,1244.5,38945
2025-01-08T12:45:00+05:30,1244.5,1245.0,1240.4,1242.45,36696
2025-01-08T13:00:00+05:30,1243.35,1244.5,1236.45,1238.0,33700
2025-01-08T13:15:00+05:30,1238.3,1238.3,1232.45,1236.1,49118
2025-01-08T13:30:00+05:30,1236.1,1236.9,1224.0,1229.65,89228
2025-01-08T13:45:00+05:30,1229.65,1233.65,1220.25,1221.95,67237
2025-01-08T14:00:00+05:30,1222.8,1245.0,1222.0,1244.15,132245
2025-01-08T14:15:00+05:30,1244.25,1257.75,1235.2,1253.25,145212
2025-01-08T14:30:00+05:30,1253.55,1262.95,1250.0,1259.8,128926
2025-01-08T14:45:00+05:30,1259.5,1262.0,1256.05,1259.45,81041
2025-01-08T15:00:00+05:30,1259.4,1259.85,1252.6,1254.95,108704
2025-01-08T15:15:00+05:30,1254.9,1258.0,1251.0,1252.75,123950
2025-01-09T09:15:00+05:30,1252.0,1252.0,1216.45,1221.95,225170
2025-01-09T09:30:00+05:30,1221.9,1233.7,1215.0,1225.85,112825
2025-01-09T09:45:00+05:30,1225.35,1232.1,1223.2,1229.95,41530
2025-01-09T10:00:00+05:30,1229.9,1229.95,1221.0,1226.4,47917
2025-01-09T10:15:00+05:30,1225.85,1227.9,1216.95,1224.2,65953
2025-01-09T10:30:00+05:30,1224.0,1228.35,1222.1,1222.4,24261
2025-01-09T10:45:00+05:30,1222.15,1222.3,1216.35,1217.55,47629
2025-01-09T11:00:00+05:30,1217.9,1220.0,1216.0,1219.8,24946
2025-01-09T11:15:00+05:30,1219.9,1220.0,1215.25,1216.55,24928
2025-01-09T11:30:00+05:30,1216.65,1220.5,1213.0,1216.65,47993
2025-01-09T11:45:00+05:30,1216.5,1218.45,1214.0,1216.4,29248
2025-01-09T12:00:00+05:30,1216.45,1219.0,1215.05,1218.5,16793
2025-01-09T12:15:00+05:30,1218.35,1219.0,1213.3,1215.55,43703
2025-01-09T12:30:00+05:30,1216.0,1216.9,1210.5,1216.3,46537
2025-01-09T12:45:00+05:30,1216.45,1216.85,1215.05,1215.9,17679
2025-01-09T13:00:00+05:30,1216.55,1218.1,1215.05,1216.1,19169
2025-01-09T13:15:00+05:30,1216.95,1217.35,1213.65,1216.45,30992
2025-01-09T13:30:00+05:30,1216.0,1217.25,1214.4,1216.1,23569
2025-01-09T13:45:00+05:30,1216.1,1223.0,1215.0,1220.6,25793
2025-01-09T14:00:00+05:30,1220.95,1221.1,1216.0,1216.65,12609
2025-01-09T14:15:00+05:30,1216.95,1218.05,1215.3,1215.8,17048
2025-01-09T14:30:00+05:30,1215.75,1216.6,1213.75,1215.75,32220
2025-01-09T14:45:00+05:30,1216.15,1219.35,1214.15,1217.95,38700
2025-01-09T15:00:00+05:30,1217.5,1219.9,1213.05,1216.0,68660
2025-01-09T15:15:00+05:30,1216.0,1216.8,1201.15,1204.15,151486
2025-01-10T09:15:00+05:30,1199.95,1209.8,1177.1,1184.85,234397
2025-01-10T09:30:00+05:30,1185.9,1186.8,1170.05,1179.45,169328
2025-01-10T09:45:00+05:30,1179.45,1179.75,1156.25,1157.15,106179
2025-01-10T10:00:00+05:30,1156.35,1164.3,1152.0,1162.7,96609
2025-01-10T10:15:00+05:30,1162.45,1164.45,1146.6,1148.35,89885
2025-01-10T10:30:00+05:30,1149.0,1160.95,1146.55,1158.95,67749
2025-01-10T10:45:00+05:30,1158.75,1160.1,1152.05,1155.95,49316
2025-01-10T11:00:00+05:30,1155.75,1167.0,1155.35,1166.35,71025
2025-01-10T11:15:00+05:30,1166.4,1177.9,1162.15,1168.25,137074
2025-01-10T11:30:00+05:30,1168.8,1175.0,1157.2,1161.15,65035
2025-01-10T11:45:00+05:30,1161.6,1166.55,1158.5,1162.9,39033
2025-01-10T12:00:00+05:30,1162.9,1164.0,1155.45,1160.45,33777
2025-01-10T12:15:00+05:30,1160.45,1163.15,1156.0,1158.0,22319
2025-01-10T12:30:00+05:30,1158.0,1158.9,1150.85,1155.65,41892
2025-01-10T12:45:00+05:30,1155.35,1158.35,1153.6,1153.6,11810
2025-01-10T13:00:00+05:30,1153.6,1156.3,1146.8,1147.05,32197
2025-01-10T13:15:00+05:30,1147.1,1149.2,1142.6,1143.5,43552
2025-01-10T13:30:00+05:30,1143.5,1149.6,1143.05,1144.0,23529
2025-01-10T13:45:00+05:30,1143.75,1145.7,1137.35,1139.05,49053
2025-01-10T14:00:00+05:30,1139.1,1140.15,1126.15,1127.0,92668
2025-01-10T14:15:00+05:30,1127.25,1131.0,1116.0,1118.25,163746
2025-01-10T14:30:00+05:30,1118.05,1143.95,1116.15,1136.85,173014
2025-01-10T14:45:00+05:30,1136.85,1138.65,1130.3,1134.6,73465
2025-01-10T15:00:00+05:30,1134.9,1135.5,1121.55,1124.3,93026
2025-01-10T15:15:00+05:30,1123.6,1135.7,1118.0,1126.0,201104
2025-01-13T09:15:00+05:30,1115.05,1139.65,1095.05,1138.8,396695
2025-01-13T09:30:00+05:30,1138.85,1163.65,1123.65,1163.05,395002
2025-01-13T09:45:00+05:30,1162.75,1167.0,1148.65,1155.9,169401
2025-01-13T10:00:00+05:30,1156.6,1168.9,1150.1,1155.7,110396
2025-01-13T10:15:00+05:30,1156.9,1167.0,1149.85,1165.35,87565
2025-01-13T10:30:00+05:30,1165.95,1170.95,1160.05,1163.35,67356
2025-01-13T10:45:00+05:30,1162.35,1164.5,1157.95,1159.5,29835
2025-01-13T11:00:00+05:30,1159.5,1161.95,1154.45,1157.1,38078
2025-01-13T11:15:00+05:30,1157.7,1159.65,1151.75,1152.9,48179
2025-01-13T11:30:00+05:30,1152.35,1154.9,1138.25,1140.65,109734
2025-01-13T11:45:00+05:30,1140.4,1141.0,1130.25,1133.35,59171
2025-01-13T12:00:00+05:30,1133.75,1137.15,1131.05,1131.5,36990
2025-01-13T12:15:00+05:30,1131.5,1139.65,1127.05,1136.75,53621
2025-01-13T12:30:00+05:30,1136.95,1137.25,1129.3,1132.25,28540
2025-01-13T12:45:00+05:30,1132.25,1132.75,1122.95,1124.35,39086
2025-01-13T13:00:00+05:30,1124.55,1127.9,1116.9,1117.7,61484
2025-01-13T13:15:00+05:30,1117.7,1120.0,1112.1,1115.55,45480
2025-01-13T13:30:00+05:30,1115.6,1118.2,1111.25,1111.85,22488
2025-01-13T13:45:00+05:30,1111.7,1117.45,1106.05,1107.5,71151
2025-01-13T14:00:00+05:30,1107.45,1110.65,1105.0,1106.45,42274
2025-01-13T14:15:00+05:30,1105.75,1106.95,1098.0,1100.6,59779
2025-01-13T14:30:00+05:30,1100.7,1103.95,1093.0,1103.95,70723
2025-01-13T14:45:00+05:30,1103.6,1108.0,1098.7,1102.0,84176
2025-01-13T15:00:00+05:30,1101.95,1104.75,1093.25,1095.5,77370
2025-01-13T15:15:00+05:30,1095.65,1099.95,1090.55,1099.5,107482
2025-01-14T09:15:00+05:30,1122.0,1137.3,1093.05,1104.55,264809
2025-01-14T09:30:00+05:30,1104.7,1106.45,1086.1,1100.9,198275
2025-01-14T09:45:00+05:30,1100.9,1112.85,1091.85,1103.35,113788
2025-01-14T10:00:00+05:30,1103.0,1115.05,1099.9,1110.6,107958
2025-01-14T10:15:00+05:30,1110.55,1121.2,1100.25,1120.3,139898
2025-01-14T10:30:00+05:30,1120.3,1129.9,1116.1,1123.15,98908
2025-01-14T10:45:00+05:30,1123.5,1128.0,1118.85,1127.0,49057
2025-01-14T11:00:00+05:30,1127.05,1127.9,1121.3,1125.0,65675
2025-01-14T11:15:00+05:30,1124.95,1125.4,1121.5,1125.0,66822
2025-01-14T11:30:00+05:30,1125.0,1125.0,1121.05,1123.8,49326
2025-01-14T11:45:00+05:30,1123.7,1124.7,1118.8,1121.95,42506
2025-01-14T12:00:00+05:30,1121.95,1123.7,1120.35,1121.8,30024
2025-01-14T12:15:00+05:30,1121.65,1123.65,1113.35,1118.0,45841
2025-01-14T12:30:00+05:30,1118.0,1118.75,1108.0,1111.05,57820
2025-01-14T12:45:00+05:30,1111.5,1115.0,1108.9,1110.0,42370
2025-01-14T13:00:00+05:30,1109.95,1114.45,1108.1,1113.95,46050
2025-01-14T13:15:00+05:30,1114.3,1114.8,1111.2,1111.9,36633
2025-01-14T13:30:00+05:30,1111.6,1115.0,1108.9,1114.3,44235
2025-01-14T13:45:00+05:30,1114.1,1121.9,1111.2,1119.95,64777
2025-01-14T14:00:00+05:30,1119.85,1121.25,1117.65,1119.75,41779
2025-01-14T14:15:00+05:30,1119.7,1124.85,1119.35,1120.25,49486
2025-01-14T14:30:00+05:30,1120.2,1121.4,1118.2,1119.95,45057
2025-01-14T14:45:00+05:30,1119.95,1123.5,1117.25,1119.4,46401
2025-01-14T15:00:00+05:30,1119.45,1120.75,1111.5,1115.5,90014
2025-01-14T15:15:00+05:30,1115.5,1122.0,1112.1,1120.0,132054
2025-01-15T09:15:00+05:30,1166.6,1179.0,1146.15,1158.55,658096
2025-01-15T09:30:00+05:30,1159.25,1162.0,1137.35,1143.8,362462
2025-01-15T09:45:00+05:30,1143.25,1144.0,1131.7,1134.5,126306
2025-01-15T10:00:00+05:30,1134.95,1138.0,1126.65,1132.0,105532
2025-01-15T10:15:00+05:30,1132.0,1140.9,1129.05,1136.45,75388
2025-01-15T10:30:00+05:30,1136.6,1139.0,1131.1,1132.15,45351
2025-01-15T10:45:00+05:30,1132.85,1144.4,1132.5,1142.05,77621
2025-01-15T11:00:00+05:30,1142.1,1143.5,1135.05,1136.0,43548
2025-01-15T11:15:00+05:30,1136.45,1139.5,1134.1,1137.5,24275
2025-01-15T11:30:00+05:30,1137.5,1137.5,1132.05,1134.35,25187
2025-01-15T11:45:00+05:30,1134.35,1157.7,1133.6,1156.0,75551
2025-01-15T12:00:00+05:30,1156.2,1162.7,1150.0,1152.7,137275
2025-01-15T12:15:00+05:30,1152.6,1157.0,1147.0,1155.95,55502
2025-01-15T12:30:00+05:30,1156.4,1164.0,1155.5,1161.0,72477
2025-01-15T12:45:00+05:30,1161.0,1173.0,1161.0,1169.0,134095
2025-01-15T13:00:00+05:30,1169.0,1169.2,1161.1,1166.85,78329
2025-01-15T13:15:00+05:30,1166.8,1170.55,1153.7,1155.8,114263
2025-01-15T13:30:00+05:30,1155.9,1156.8,1144.0,1146.25,108167
2025-01-15T13:45:00+05:30,1146.25,1149.35,1143.9,1146.3,57666
2025-01-15T14:00:00+05:30,1146.7,1148.25,1142.0,1143.35,28810
2025-01-15T14:15:00+05:30,1143.35,1144.45,1140.0,1140.85,35161
2025-01-15T14:30:00+05:30,1140.9,1145.95,1135.0,1144.1,72208
2025-01-15T14:45:00+05:30,1144.9,1145.5,1140.0,1144.0,32592
2025-01-15T15:00:00+05:30,1144.4,1154.9,1141.6,1147.6,91340
2025-01-15T15:15:00+05:30,1147.4,1151.0,1143.0,1146.0,111170
2025-01-16T09:15:00+05:30,1160.0,1170.5,1158.35,1163.4,130378
2025-01-16T09:30:00+05:30,1164.0,1164.0,1156.85,1160.3,48819
2025-01-16T09:45:00+05:30,1160.0,1168.35,1159.9,1161.1,38991
2025-01-16T10:00:00+05:30,1161.1,1177.45,1159.0,1172.75,75145
2025-01-16T10:15:00+05:30,1173.1,1176.0,1170.1,1173.35,52723
2025-01-16T10:30:00+05:30,1173.35,1178.65,1171.7,1173.7,30052
2025-01-16T10:45:00+05:30,1173.6,1183.5,1172.55,1177.0,86227
2025-01-16T11:00:00+05:30,1176.35,1180.45,1172.0,1173.45,28904
2025-01-16T11:15:00+05:30,1173.45,1181.0,1170.1,1180.0,46250
2025-01-16T11:30:00+05:30,1180.0,1181.75,1178.0,1180.05,35174
2025-01-16T11:45:00+05:30,1180.05,1180.45,1164.45,1171.05,279462
2025-01-16T12:00:00+05:30,1171.05,1174.0,1168.1,1168.6,13380
2025-01-16T12:15:00+05:30,1168.6,1169.9,1164.65,1166.45,38154
2025-01-16T12:30:00+05:30,1166.35,1169.8,1165.6,1167.0,12680
2025-01-16T12:45:00+05:30,1167.0,1169.0,1166.0,1166.65,8704
2025-01-16T13:00:00+05:30,1166.5,1171.65,1164.2,1171.0,19612
2025-01-16T13:15:00+05:30,1171.0,1174.7,1170.9,1172.8,11459
2025-01-16T13:30:00+05:30,1172.8,1175.95,1169.05,1170.9,21744
2025-01-16T13:45:00+05:30,1170.35,1175.0,1168.9,1170.9,17327
2025-01-16T14:00:00+05:30,1170.9,1175.15,1170.55,1174.05,19337
2025-01-16T14:15:00+05:30,1174.6,1175.5,1169.45,1171.0,18805
2025-01-16T14:30:00+05:30,1171.0,1172.2,1168.0,1169.8,18175
2025-01-16T14:45:00+05:30,1169.2,1174.0,1168.05,1173.65,18090
2025-01-16T15:00:00+05:30,1173.55,1173.85,1168.55,1170.4,43132
2025-01-16T15:15:00+05:30,1170.0,1173.7,1165.15,1170.0,79630
2025-01-17T09:15:00+05:30,1169.05,1169.1,1149.45,1154.95,100556
2025-01-17T09:30:00+05:30,1154.9,1156.1,1141.6,1142.6,71127
2025-01-17T09:45:00+05:30,1143.45,1153.9,1143.45,1153.45,30157
2025-01-17T10:00:00+05:30,1153.7,1156.75,1151.25,1153.55,18785
2025-01-17T10:15:00+05:30,1153.7,1159.85,1152.25,1154.85,33820
2025-01-17T10:30:00+05:30,1154.8,1157.5,1151.75,1155.0,16846
2025-01-17T10:45:00+05:30,1154.8,1154.8,1138.7,1139.85,33652
2025-01-17T11:00:00+05:30,1139.95,1143.8,1139.0,1142.75,33648
2025-01-17T11:15:00+05:30,1142.8,1145.65,1140.15,1143.55,18581
2025-01-17T11:30:00+05:30,1142.95,1144.8,1138.0,1139.6,19843
2025-01-17T11:45:00+05:30,1139.25,1140.9,1136.75,1140.9,13015
2025-01-17T12:00:00+05:30,1140.9,1144.4,1140.3,1143.55,8066
2025-01-17T12:15:00+05:30,1143.9,1146.65,1139.9,1142.0,17898
2025-01-17T12:30:00+05:30,1142.9,1143.6,1139.05,1141.55,7140
2025-01-17T12:45:00+05:30,1141.0,1145.0,1140.45,1143.7,10156
2025-01-17T13:00:00+05:30,1143.75,1143.9,1140.0,1142.1,6356
2025-01-17T13:15:00+05:30,1142.65,1143.5,1138.1,1139.8,7760
2025-01-17T13:30:00+05:30,1139.8,1142.0,1138.15,1138.15,5905
2025-01-17T13:45:00+05:30,1138.15,1139.6,1136.0,1137.9,14284
2025-01-17T14:00:00+05:30,1137.9,1141.25,1134.25,1140.5,18261
2025-01-17T14:15:00+05:30,1140.5,1142.0,1139.0,1141.05,8443
2025-01-17T14:30:00+05:30,1141.4,1143.0,1137.95,1140.6,15200
2025-01-17T14:45:00+05:30,1141.05,1148.0,1140.35,1145.95,30405
2025-01-17T15:00:00+05:30,1145.75,1146.55,1140.05,1143.5,34453
2025-01-17T15:15:00+05:30,1143.2,1150.0,1135.1,1144.85,74743
2025-01-20T09:15:00+05:30,1147.95,1160.6,1145.05,1156.85,84175
2025-01-20T09:30:00+05:30,1157.2,1166.9,1152.0,1165.2,47895
2025-01-20T09:45:00+05:30,1165.45,1170.9,1163.0,1164.95,56378
2025-01-20T10:00:00+05:30,1164.15,1171.2,1158.0,1170.75,36500
2025-01-20T10:15:00+05:30,1170.85,1185.85,1168.15,1185.0,143744
2025-01-20T10:30:00+05:30,1185.05,1188.0,1181.0,1185.7,91066
2025-01-20T10:45:00+05:30,1185.0,1192.0,1184.0,1189.95,66250
2025-01-20T11:00:00+05:30,1189.7,1191.7,1184.75,1186.45,43292
2025-01-20T11:15:00+05:30,1186.0,1190.0,1185.5,1188.65,20427
2025-01-20T11:30:00+05:30,1188.05,1189.55,1180.8,1182.1,35331
2025-01-20T11:45:00+05:30,1182.45,1190.05,1179.7,1184.3,85165
2025-01-20T12:00:00+05:30,1184.25,1184.95,1181.1,1183.15,16550
2025-01-20T12:15:00+05:30,1183.2,1186.0,1181.45,1183.55,17343
2025-01-20T12:30:00+05:30,1183.8,1186.0,1181.1,1183.0,15558
2025-01-20T12:45:00+05:30,1182.95,1183.95,1180.05,1180.05,14544
2025-01-20T13:00:00+05:30,1180.25,1184.65,1179.9,1183.45,16245
2025-01-20T13:15:00+05:30,1182.9,1191.8,1181.05,1190.0,47039
2025-01-20T13:30:00+05:30,1190.1,1194.85,1179.1,1179.7,142409
2025-01-20T13:45:00+05:30,1179.7,1180.0,1174.95,1177.3,75920
2025-01-20T14:00:00+05:30,1177.0,1192.95,1176.65,1192.15,48173
2025-01-20T14:15:00+05:30,1192.25,1192.3,1187.0,1187.7,29313
2025-01-20T14:30:00+05:30,1187.7,1190.05,1186.2,1189.95,21843
2025-01-20T14:45:00+05:30,1189.9,1192.85,1189.0,1190.25,24905
2025-01-20T15:00:00+05:30,1190.55,1194.65,1189.15,1191.95,52432
2025-01-20T15:15:00+05:30,1191.9,1199.0,1190.5,1191.0,122279
2025-01-21T09:15:00+05:30,1192.75,1212.0,1182.75,1209.35,181954
2025-01-21T09:30:00+05:30,1209.25,1210.9,1199.65,1200.2,71105
2025-01-21T09:45:00+05:30,1200.2,1202.0,1184.0,1187.1,103649
2025-01-21T10:00:00+05:30,1186.5,1188.8,1184.0,1187.45,73949
2025-01-21T10:15:00+05:30,1186.7,1187.75,1181.5,1185.85,72812
2025-01-21T10:30:00+05:30,1185.0,1191.3,1184.5,1187.6,26327
2025-01-21T10:45:00+05:30,1187.65,1191.55,1184.25,1185.75,24454
2025-01-21T11:00:00+05:30,1185.65,1187.95,1184.2,1186.4,23046
2025-01-21T11:15:00+05:30,1186.05,1188.95,1175.7,1178.85,43465
2025-01-21T11:30:00+05:30,1178.3,1184.95,1174.95,1184.95,53411
2025-01-21T11:45:00+05:30,1184.95,1197.15,1184.4,1195.6,63249
2025-01-21T12:00:00+05:30,1195.6,1196.0,1186.55,1187.5,24034
2025-01-21T12:15:00+05:30,1187.0,1187.0,1177.45,1180.0,28721
2025-01-21T12:30:00+05:30,1180.0,1185.9,1177.95,1183.95,26300
2025-01-21T12:45:00+05:30,1183.1,1187.1,1182.7,1184.3,12586
2025-01-21T13:00:00+05:30,1184.25,1187.0,1181.0,1182.0,8083
2025-01-21T13:15:00+05:30,1182.0,1185.0,1175.0,1184.0,33169
2025-01-21T13:30:00+05:30,1183.55,1187.85,1181.85,1185.85,31204
2025-01-21T13:45:00+05:30,1185.85,1187.0,1179.7,1181.5,15995
2025-01-21T14:00:00+05:30,1181.5,1184.75,1179.55,1180.65,17176
2025-01-21T14:15:00+05:30,1180.6,1181.95,1179.35,1181.9,11425
2025-01-21T14:30:00+05:30,1181.2,1183.2,1173.75,1175.6,33714
2025-01-21T14:45:00+05:30,1175.85,1179.9,1173.25,1178.7,26904
2025-01-21T15:00:00+05:30,1179.2,1181.55,1170.0,1177.2,84788
2025-01-21T15:15:00+05:30,1177.2,1179.55,1170.0,1175.65,62698
2025-01-22T09:15:00+05:30,1180.0,1180.0,1122.15,1127.95,225240
2025-01-22T09:30:00+05:30,1127.7,1136.45,1116.8,1126.4,127152
2025-01-22T09:45:00+05:30,1127.05,1130.0,1122.05,1122.9,45516
2025-01-22T10:00:00+05:30,1122.9,1125.6,1113.2,1116.8,73240
2025-01-22T10:15:00+05:30,1117.2,1117.7,1108.25,1110.0,56208
2025-01-22T10:30:00+05:30,1110.0,1112.35,1097.2,1104.4,99255
2025-01-22T10:45:00+05:30,1104.1,1108.0,1095.2,1102.5,57407
2025-01-22T11:00:00+05:30,1102.2,1103.45,1095.1,1095.9,28853
2025-01-22T11:15:00+05:30,1095.9,1097.15,1091.0,1095.6,50362
2025-01-22T11:30:00+05:30,1095.55,1097.65,1092.0,1092.45,19224
2025-01-22T11:45:00+05:30,1092.0,1094.1,1081.0,1081.5,67416
2025-01-22T12:00:00+05:30,1081.0,1082.2,1075.0,1076.55,70211
2025-01-22T12:15:00+05:30,1076.55,1077.9,1062.05,1068.45,120710
2025-01-22T12:30:00+05:30,1068.45,1069.95,1055.0,1055.95,113444
2025-01-22T12:45:00+05:30,1055.95,1060.0,1045.1,1045.75,246867
2025-01-22T13:00:00+05:30,1045.95,1050.5,1040.75,1048.85,139663
2025-01-22T13:15:00+05:30,1048.85,1050.95,1034.85,1037.9,197557
2025-01-22T13:30:00+05:30,1037.85,1045.0,1031.05,1035.45,121902
2025-01-22T13:45:00+05:30,1035.1,1045.0,1034.0,1039.1,136077
2025-01-22T14:00:00+05:30,1039.1,1042.8,1023.1,1040.75,263774
2025-01-22T14:15:00+05:30,1040.75,1050.0,1034.1,1037.55,163332
2025-01-22T14:30:00+05:30,1037.5,1052.7,1031.9,1045.8,194157
2025-01-22T14:45:00+05:30,1045.3,1050.95,1038.85,1045.8,138641
2025-01-22T15:00:00+05:30,1045.6,1051.4,1035.0,1036.45,176827
2025-01-22T15:15:00+05:30,1037.1,1039.8,1031.75,1035.0,214705
2025-01-23T09:15:00+05:30,1029.95,1053.8,1018.15,1020.3,410668
2025-01-23T09:30:00+05:30,1020.15,1056.35,1019.2,1028.55,389094
2025-01-23T09:45:00+05:30,1028.5,1032.5,1019.2,1022.15,152264
2025-01-23T10:00:00+05:30,1022.15,1025.65,1011.0,1022.05,194991
2025-01-23T10:15:00+05:30,1022.05,1022.8,1016.2,1020.0,66190
2025-01-23T10:30:00+05:30,1020.0,1038.7,1016.0,1029.8,251027
2025-01-23T10:45:00+05:30,1029.25,1044.75,1029.0,1031.0,208314
2025-01-23T11:00:00+05:30,1031.0,1034.8,1030.4,1034.35,42307
2025-01-23T11:15:00+05:30,1034.0,1034.8,1021.25,1028.6,80266
2025-01-23T11:30:00+05:30,1028.6,1029.95,1022.5,1024.15,42377
2025-01-23T11:45:00+05:30,1023.65,1034.8,1023.2,1033.3,41176
2025-01-23T12:00:00+05:30,1032.55,1035.95,1027.0,1031.45,38660
2025-01-23T12:15:00+05:30,1030.8,1033.55,1028.0,1028.75,32770
2025-01-23T12:30:00+05:30,1028.75,1030.95,1026.0,1030.2,65914
2025-01-23T12:45:00+05:30,1029.6,1038.0,1028.05,1038.0,81379
2025-01-23T13:00:00+05:30,1037.5,1047.0,1037.2,1043.85,93355
2025-01-23T13:15:00+05:30,1043.35,1049.4,1034.0,1038.9,125049
2025-01-23T13:30:00+05:30,1038.8,1039.25,1033.05,1036.55,48252
2025-01-23T13:45:00+05:30,1036.45,1037.05,1029.15,1031.85,51556
2025-01-23T14:00:00+05:30,1031.2,1034.7,1031.05,1033.75,35981
2025-01-23T14:15:00+05:30,1033.75,1035.0,1030.0,1030.55,47466
2025-01-23T14:30:00+05:30,1030.8,1035.95,1022.35,1025.6,126738
2025-01-23T14:45:00+05:30,1026.05,1039.95,1023.75,1031.95,100719
2025-01-23T15:00:00+05:30,1031.55,1037.0,1028.65,1034.45,148477
2025-01-23T15:15:00+05:30,1034.9,1048.0,1034.05,1039.0,149068
2025-01-24T09:15:00+05:30,1044.0,1062.2,1035.25,1047.95,183101
2025-01-24T09:30:00+05:30,1047.1,1049.95,1028.0,1032.15,123683
2025-01-24T09:45:00+05:30,1031.7,1034.0,1022.25,1024.5,76985
2025-01-24T10:00:00+05:30,1024.5,1025.75,1014.2,1014.6,95512
2025-01-24T10:15:00+05:30,1014.25,1023.7,1012.6,1021.1,54841
2025-01-24T10:30:00+05:30,1021.05,1027.45,1021.05,1024.1,26759
2025-01-24T10:45:00+05:30,1024.75,1030.3,1022.7,1026.65,26067
2025-01-24T11:00:00+05:30,1026.65,1027.5,1021.0,1025.2,18082
2025-01-24T11:15:00+05:30,1025.45,1025.5,1017.0,1018.0,36737
2025-01-24T11:30:00+05:30,1017.7,1025.9,1013.8,1024.45,66880
2025-01-24T11:45:00+05:30,1024.45,1027.0,1022.5,1022.5,33259
2025-01-24T12:00:00+05:30,1022.95,1031.0,1022.7,1027.45,50785
2025-01-24T12:15:00+05:30,1027.55,1027.55,1016.5,1018.0,36109
2025-01-24T12:30:00+05:30,1018.05,1018.95,1006.0,1006.1,67803
2025-01-24T12:45:00+05:30,1006.1,1010.35,998.0,1005.95,162298
2025-01-24T13:00:00+05:30,1005.55,1013.45,1004.0,1011.6,32604
2025-01-24T13:15:00+05:30,1011.6,1011.9,1002.8,1007.5,31985
2025-01-24T13:30:00+05:30,1007.7,1009.6,998.75,999.8,47823
2025-01-24T13:45:00+05:30,1000.75,1000.8,988.0,989.4,156990
2025-01-24T14:00:00+05:30,989.5,995.8,988.65,993.3,71479
2025-01-24T14:15:00+05:30,993.9,993.9,983.6,989.85,88317
2025-01-24T14:30:00+05:30,989.95,990.0,976.5,978.0,124967
2025-01-24T14:45:00+05:30,978.9,1001.3,971.15,999.3,223967
2025-01-24T15:00:00+05:30,999.3,1003.95,990.55,997.5,151376
2025-01-24T15:15:00+05:30,997.5,1004.8,995.35,999.0,162657
2025-01-27T09:15:00+05:30,971.1,989.0,958.85,968.8,311529
2025-01-27T09:30:00+05:30,969.7,985.0,961.25,978.0,171792
2025-01-27T09:45:00+05:30,978.0,989.35,955.8,960.0,141569
2025-01-27T10:00:00+05:30,960.5,967.7,956.0,957.6,73462
2025-01-27T10:15:00+05:30,957.5,959.85,951.5,956.0,76518
2025-01-27T10:30:00+05:30,956.0,962.75,953.5,961.95,86804
2025-01-27T10:45:00+05:30,961.9,965.9,960.05,961.7,39009
2025-01-27T11:00:00+05:30,961.3,973.25,957.15,970.0,56468
2025-01-27T11:15:00+05:30,970.45,989.95,969.7,986.95,190467
2025-01-27T11:30:00+05:30,986.55,991.3,961.05,963.0,152303
2025-01-27T11:45:00+05:30,962.85,964.6,955.55,958.05,138157
2025-01-27T12:00:00+05:30,958.05,962.8,954.15,956.15,86605
2025-01-27T12:15:00+05:30,956.05,959.5,954.0,958.5,50345
2025-01-27T12:30:00+05:30,958.45,958.5,949.05,951.95,53196
2025-01-27T12:45:00+05:30,952.0,954.9,950.1,952.55,23623
2025-01-27T13:00:00+05:30,952.95,956.9,952.0,954.6,30600
2025-01-27T13:15:00+05:30,954.6,954.9,942.25,944.8,91801
2025-01-27T13:30:00+05:30,944.8,946.45,941.05,942.05,59902
2025-01-27T13:45:00+05:30,942.35,942.8,936.0,938.7,69252
2025-01-27T14:00:00+05:30,938.1,938.5,932.0,935.0,71058
2025-01-27T14:15:00+05:30,935.35,935.95,928.6,930.0,56374
2025-01-27T14:30:00+05:30,930.0,932.8,929.0,932.0,52429
2025-01-27T14:45:00+05:30,932.0,942.5,928.0,935.55,113509
2025-01-27T15:00:00+05:30,935.3,939.9,931.55,932.3,90052
2025-01-27T15:15:00+05:30,932.35,935.2,925.8,933.0,226533
2025-01-28T09:15:00+05:30,933.7,941.9,905.85,908.35,326674
2025-01-28T09:30:00+05:30,908.35,908.4,876.6,880.0,351822
2025-01-28T09:45:00+05:30,879.8,881.5,836.1,850.0,624727
2025-01-28T10:00:00+05:30,850.0,873.9,847.3,855.75,413500
2025-01-28T10:15:00+05:30,855.8,858.2,839.15,839.55,222499
2025-01-28T10:30:00+05:30,839.45,840.0,823.0,829.9,331374
2025-01-28T10:45:00+05:30,829.85,844.05,822.5,833.55,252590
2025-01-28T11:00:00+05:30,833.1,836.05,818.0,829.7,262062
2025-01-28T11:15:00+05:30,829.85,844.8,825.15,843.9,215063
2025-01-28T11:30:00+05:30,843.5,848.8,830.95,848.3,249168
2025-01-28T11:45:00+05:30,848.65,859.95,842.5,853.2,278202
2025-01-28T12:00:00+05:30,853.35,865.8,852.0,860.3,149989
2025-01-28T12:15:00+05:30,860.65,867.95,860.3,862.15,142000
2025-01-28T12:30:00+05:30,862.05,875.8,860.1,874.9,151032
2025-01-28T12:45:00+05:30,874.35,888.0,872.0,878.7,262003
2025-01-28T13:00:00+05:30,879.45,896.0,877.95,893.85,299884
2025-01-28T13:15:00+05:30,893.3,904.9,878.0,884.05,393611
2025-01-28T13:30:00+05:30,884.05,885.55,875.55,875.85,111581
2025-01-28T13:45:00+05:30,875.8,882.05,875.0,879.9,74076
2025-01-28T14:00:00+05:30,879.05,880.4,874.05,874.25,68191
2025-01-28T14:15:00+05:30,874.95,881.0,872.65,878.35,141910
2025-01-28T14:30:00+05:30,878.95,882.55,877.25,880.0,148200
2025-01-28T14:45:00+05:30,880.0,880.7,871.5,878.2,185973
2025-01-28T15:00:00+05:30,878.5,884.05,875.0,882.55,159446
2025-01-28T15:15:00+05:30,883.0,883.25,875.0,879.5,142418
2025-01-29T09:15:00+05:30,890.25,897.65,880.35,888.2,456132
2025-01-29T09:30:00+05:30,888.3,913.4,880.85,902.95,1460686
2025-01-29T09:45:00+05:30,903.2,905.05,888.8,893.2,225458
2025-01-29T10:00:00+05:30,893.4,900.85,892.35,893.0,147012
2025-01-29T10:15:00+05:30,893.15,898.75,888.25,890.85,132472
2025-01-29T10:30:00+05:30,891.1,896.15,889.2,894.95,87632
2025-01-29T10:45:00+05:30,894.9,895.0,889.05,891.95,63780
2025-01-29T11:00:00+05:30,891.55,899.9,890.0,896.05,78205
2025-01-29T11:15:00+05:30,896.0,898.1,890.0,893.85,57807
2025-01-29T11:30:00+05:30,894.0,895.65,891.25,894.0,29360
2025-01-29T11:45:00+05:30,894.0,898.0,893.05,894.95,26360
2025-01-29T12:00:00+05:30,894.95,895.8,892.0,892.5,19719
2025-01-29T12:15:00+05:30,892.5,894.9,890.6,893.35,31994
2025-01-29T12:30:00+05:30,893.2,895.0,890.2,893.3,31668
2025-01-29T12:45:00+05:30,893.65,894.95,888.15,892.4,43689
2025-01-29T13:00:00+05:30,892.4,894.5,888.65,894.4,25753
2025-01-29T13:15:00+05:30,894.4,900.3,894.4,896.25,103647
2025-01-29T13:30:00+05:30,896.4,904.75,895.75,902.45,68418
2025-01-29T13:45:00+05:30,902.35,915.5,899.35,913.05,266702
2025-01-29T14:00:00+05:30,912.5,919.75,906.85,917.5,240043
2025-01-29T14:15:00+05:30,917.5,923.8,914.55,922.95,167893
2025-01-29T14:30:00+05:30,922.95,927.75,920.0,926.95,192421
2025-01-29T14:45:00+05:30,926.75,944.4,923.1,943.25,283943
2025-01-29T15:00:00+05:30,943.8,945.75,932.2,938.8,302114
2025-01-29T15:15:00+05:30,938.8,944.0,937.45,940.0,241591
2025-01-30T09:15:00+05:30,944.0,946.0,918.0,929.7,324668
2025-01-30T09:30:00+05:30,929.45,955.45,925.4,951.2,214099
2025-01-30T09:45:00+05:30,951.2,964.4,950.35,960.3,213774
2025-01-30T10:00:00+05:30,960.7,966.9,952.1,962.1,138322
2025-01-30T10:15:00+05:30,962.9,963.0,955.2,957.0,84086
2025-01-30T10:30:00+05:30,957.6,959.55,945.45,955.0,175087
2025-01-30T10:45:00+05:30,954.7,958.0,947.0,949.4,83000
2025-01-30T11:00:00+05:30,949.4,951.95,947.05,950.75,52688
2025-01-30T11:15:00+05:30,951.45,957.7,948.65,953.0,62426
2025-01-30T11:30:00+05:30,953.0,953.0,948.0,949.2,31719
2025-01-30T11:45:00+05:30,949.85,952.0,948.5,948.5,16275
2025-01-30T12:00:00+05:30,949.0,950.3,947.65,948.3,134906
2025-01-30T12:15:00+05:30,948.95,954.45,948.05,949.2,26209
2025-01-30T12:30:00+05:30,949.65,950.3,946.5,949.05,40119
2025-01-30T12:45:00+05:30,949.55,950.4,948.15,949.95,20575
2025-01-30T13:00:00+05:30,949.9,950.55,949.0,949.75,16839
2025-01-30T13:15:00+05:30,950.0,950.7,942.0,944.9,62223
2025-01-30T13:30:00+05:30,944.8,948.85,943.0,944.05,37165
2025-01-30T13:45:00+05:30,944.4,944.75,941.5,943.4,61426
2025-01-30T14:00:00+05:30,943.8,950.2,943.25,948.5,55543
2025-01-30T14:15:00+05:30,948.15,950.9,946.0,949.7,30202
2025-01-30T14:30:00+05:30,949.2,950.4,946.0,949.75,33183
2025-01-30T14:45:00+05:30,949.85,951.8,946.4,947.45,63790
2025-01-30T15:00:00+05:30,947.8,949.85,945.5,947.55,50358
2025-01-30T15:15:00+05:30,947.55,956.75,946.5,955.0,200401
2025-01-31T09:15:00+05:30,995.0,1024.05,976.55,979.35,859316
2025-01-31T09:30:00+05:30,979.9,1007.7,977.0,1006.8,333901
2025-01-31T09:45:00+05:30,1006.3,1015.95,980.05,997.5,472891
2025-01-31T10:00:00+05:30,997.75,999.9,985.6,993.0,133346
2025-01-31T10:15:00+05:30,993.1,999.7,986.5,995.6,84144
2025-01-31T10:30:00+05:30,994.6,1006.95,994.6,1000.65,133934
2025-01-31T10:45:00+05:30,1000.25,1013.0,999.8,1012.0,135379
2025-01-31T11:00:00+05:30,1012.7,1032.65,1012.05,1024.4,443125
2025-01-31T11:15:00+05:30,1024.0,1038.8,1023.95,1033.7,229846
2025-01-31T11:30:00+05:30,1033.7,1044.9,1028.15,1030.65,354574
2025-01-31T11:45:00+05:30,1030.6,1039.45,1029.7,1034.55,91797
2025-01-31T12:00:00+05:30,1034.7,1036.95,1028.0,1034.15,123279
2025-01-31T12:15:00+05:30,1034.15,1035.8,1029.0,1030.6,65431
2025-01-31T12:30:00+05:30,1030.6,1043.0,1029.35,1039.05,156963
2025-01-31T12:45:00+05:30,1039.35,1049.0,1038.85,1042.55,212422
2025-01-31T13:00:00+05:30,1041.95,1043.9,1027.05,1042.0,209658
2025-01-31T13:15:00+05:30,1041.35,1042.0,1029.8,1033.1,92086
2025-01-31T13:30:00+05:30,1032.8,1034.0,1023.1,1026.0,164024
2025-01-31T13:45:00+05:30,1026.25,1044.0,1022.0,1035.8,257545
2025-01-31T14:00:00+05:30,1035.95,1039.0,1033.65,1035.4,59722
2025-01-31T14:15:00+05:30,1035.5,1036.75,1031.4,1035.65,45796
2025-01-31T14:30:00+05:30,1035.55,1037.95,1030.2,1033.55,45356
2025-01-31T14:45:00+05:30,1033.5,1040.4,1033.1,1037.95,65738
2025-01-31T15:00:00+05:30,1038.45,1038.5,1028.1,1030.8,139387
2025-01-31T15:15:00+05:30,1030.55,1040.0,1029.0,1038.0,321592
2025-02-01T09:15:00+05:30,1039.95,1077.0,1039.0,1066.0,350238
2025-02-01T09:30:00+05:30,1066.0,1079.0,1062.05,1074.05,185306
2025-02-01T09:45:00+05:30,1074.05,1078.45,1070.0,1077.6,102712
2025-02-01T10:00:00+05:30,1076.7,1087.95,1072.0,1076.95,181814
2025-02-01T10:15:00+05:30,1076.55,1092.75,1075.85,1090.95,119185
2025-02-01T10:30:00+05:30,1090.55,1094.0,1085.75,1087.5,84278
2025-02-01T10:45:00+05:30,1087.25,1088.0,1081.95,1087.05,60881
2025-02-01T11:00:00+05:30,1087.05,1087.1,1066.6,1077.75,146003
2025-02-01T11:15:00+05:30,1077.45,1118.1,1072.05,1100.95,536146
2025-02-01T11:30:00+05:30,1101.8,1108.8,1080.5,1090.15,180387
2025-02-01T11:45:00+05:30,1090.15,1094.0,1051.3,1071.0,284961
2025-02-01T12:00:00+05:30,1070.05,1090.0,1065.65,1080.0,119366
2025-02-01T12:15:00+05:30,1080.85,1087.25,1062.85,1065.15,96562
2025-02-01T12:30:00+05:30,1065.2,1072.45,1058.05,1067.45,85069
2025-02-01T12:45:00+05:30,1068.45,1073.0,1062.7,1072.05,54670
2025-02-01T13:00:00+05:30,1072.5,1073.85,1047.45,1059.55,190359
2025-02-01T13:15:00+05:30,1059.0,1068.4,1046.6,1068.0,154429
2025-02-01T13:30:00+05:30,1067.95,1082.0,1063.8,1078.6,93721
2025-02-01T13:45:00+05:30,1078.6,1090.0,1075.35,1087.55,95521
2025-02-01T14:00:00+05:30,1086.7,1093.6,1080.65,1090.9,90273
2025-02-01T14:15:00+05:30,1091.15,1091.8,1084.0,1084.55,49727
2025-02-01T14:30:00+05:30,1084.55,1085.5,1075.15,1082.95,61947
2025-02-01T14:45:00+05:30,1082.05,1088.65,1078.2,1087.85,48441
2025-02-01T15:00:00+05:30,1087.1,1108.1,1083.4,1105.0,172229
2025-02-01T15:15:00+05:30,1106.05,1106.55,1085.0,1092.0,195631
2025-02-03T09:15:00+05:30,1079.8,1079.85,1045.0,1064.95,286899
2025-02-03T09:30:00+05:30,1064.55,1065.45,1046.1,1053.45,150449
2025-02-03T09:45:00+05:30,1053.0,1053.95,1042.35,1044.15,100034
2025-02-03T10:00:00+05:30,1044.1,1048.9,1033.3,1034.8,112460
2025-02-03T10:15:00+05:30,1034.0,1037.1,1017.5,1022.5,113866
2025-02-03T10:30:00+05:30,1022.5,1034.65,1020.0,1032.05,94558
2025-02-03T10:45:00+05:30,1032.05,1047.7,1027.05,1039.4,93219
2025-02-03T11:00:00+05:30,1039.4,1043.85,1031.4,1033.5,57912
2025-02-03T11:15:00+05:30,1033.45,1047.5,1032.95,1033.45,65470
2025-02-03T11:30:00+05:30,1034.0,1037.4,1031.6,1033.6,33116
2025-02-03T11:45:00+05:30,1033.65,1038.95,1032.95,1035.1,29797
2025-02-03T12:00:00+05:30,1035.1,1038.0,1030.6,1031.45,28455
2025-02-03T12:15:00+05:30,1031.75,1043.0,1030.5,1039.7,56669
2025-02-03T12:30:00+05:30,1039.8,1040.4,1035.0,1035.75,27588
2025-02-03T12:45:00+05:30,1035.3,1039.9,1035.0,1037.4,29589
2025-02-03T13:00:00+05:30,1037.4,1046.55,1033.0,1042.7,64658
2025-02-03T13:15:00+05:30,1042.65,1052.35,1040.55,1046.15,90763
2025-02-03T13:30:00+05:30,1046.6,1050.0,1046.25,1048.35,36140
2025-02-03T13:45:00+05:30,1048.5,1069.95,1048.15,1069.1,170051
2025-02-03T14:00:00+05:30,1069.3,1076.85,1060.0,1065.45,200532
2025-02-03T14:15:00+05:30,1065.4,1068.55,1062.0,1064.0,31644
2025-02-03T14:30:00+05:30,1064.05,1066.4,1060.1,1061.2,45800
2025-02-03T14:45:00+05:30,1061.25,1078.0,1058.1,1077.4,155448
2025-02-03T15:00:00+05:30,1077.4,1081.15,1063.9,1070.75,153080
2025-02-03T15:15:00+05:30,1070.7,1074.9,1059.7,1073.0,194197
2025-02-04T09:15:00+05:30,1145.0,1170.0,1093.0,1098.95,2019498
2025-02-04T09:30:00+05:30,1098.9,1101.55,1090.05,1099.9,533847
2025-02-04T09:45:00+05:30,1100.0,1101.55,1095.55,1096.4,206911
2025-02-04T10:00:00+05:30,1096.05,1096.85,1075.0,1081.2,542121
2025-02-04T10:15:00+05:30,1081.05,1081.6,1062.35,1069.3,433846
2025-02-04T10:30:00+05:30,1069.45,1069.85,1040.5,1046.95,766181
2025-02-04T10:45:00+05:30,1046.95,1048.6,1033.45,1038.65,380855
2025-02-04T11:00:00+05:30,1038.55,1040.95,1026.55,1035.5,362725
2025-02-04T11:15:00+05:30,1035.3,1039.5,1030.3,1034.6,169147
2025-02-04T11:30:00+05:30,1034.95,1035.9,1024.0,1027.2,134618
2025-02-04T11:45:00+05:30,1028.0,1038.65,1023.35,1037.7,182043
2025-02-04T12:00:00+05:30,1036.9,1037.35,1028.5,1028.65,77960
2025-02-04T12:15:00+05:30,1028.65,1030.85,1025.15,1026.1,79544
2025-02-04T12:30:00+05:30,1026.1,1026.1,1014.2,1020.0,280724
2025-02-04T12:45:00+05:30,1020.0,1029.5,997.15,1028.0,757835
2025-02-04T13:00:00+05:30,1028.1,1029.9,1020.95,1024.7,272638
2025-02-04T13:15:00+05:30,1024.7,1025.8,1013.65,1021.6,194479
2025-02-04T13:30:00+05:30,1021.8,1028.0,1018.05,1024.6,143020
2025-02-04T13:45:00+05:30,1024.6,1038.7,1024.1,1028.25,282540
2025-02-04T14:00:00+05:30,1028.8,1034.3,1026.9,1029.5,147597
2025-02-04T14:15:00+05:30,1029.45,1036.1,1023.25,1030.85,192367
2025-02-04T14:30:00+05:30,1031.2,1036.15,1018.4,1027.95,285759
2025-02-04T14:45:00+05:30,1027.95,1043.0,1027.0,1029.15,333589
2025-02-04T15:00:00+05:30,1028.9,1032.8,1018.85,1019.7,360877
2025-02-04T15:15:00+05:30,1019.75,1026.5,1004.4,1021.95,662454
2025-02-05T09:15:00+05:30,1033.0,1037.35,1021.4,1029.05,360555
2025-02-05T09:30:00+05:30,1029.8,1046.85,1026.5,1045.55,269001
2025-02-05T09:45:00+05:30,1045.95,1048.35,1030.4,1034.4,241786
2025-02-05T10:00:00+05:30,1033.8,1036.0,1027.15,1029.0,80288
2025-02-05T10:15:00+05:30,1029.7,1037.0,1024.1,1034.7,85976
2025-02-05T10:30:00+05:30,1034.7,1035.65,1031.9,1034.6,34714
2025-02-05T10:45:00+05:30,1034.2,1034.6,1027.4,1029.6,30388
2025-02-05T11:00:00+05:30,1029.6,1032.65,1029.05,1031.45,19990
2025-02-05T11:15:00+05:30,1031.0,1032.5,1028.0,1031.55,23977
2025-02-05T11:30:00+05:30,1031.55,1032.7,1030.1,1031.2,13968
2025-02-05T11:45:00+05:30,1031.2,1031.6,1029.0,1031.2,18253
2025-02-05T12:00:00+05:30,1030.95,1037.8,1030.5,1034.05,69572
2025-02-05T12:15:00+05:30,1033.7,1036.0,1028.5,1030.55,35311
2025-02-05T12:30:00+05:30,1030.25,1031.85,1029.1,1029.2,16078
2025-02-05T12:45:00+05:30,1029.2,1030.8,1026.9,1029.0,49338
2025-02-05T13:00:00+05:30,1028.8,1030.5,1022.25,1025.5,47701
2025-02-05T13:15:00+05:30,1025.5,1026.85,1023.55,1024.7,24709
2025-02-05T13:30:00+05:30,1024.5,1029.6,1024.5,1026.65,29212
2025-02-05T13:45:00+05:30,1026.55,1028.5,1024.4,1027.35,28228
2025-02-05T14:00:00+05:30,1027.95,1028.35,1025.9,1028.35,11797
2025-02-05T14:15:00+05:30,1028.3,1028.35,1024.0,1024.4,29848
2025-02-05T14:30:00+05:30,1024.4,1025.65,1021.55,1024.8,36907
2025-02-05T14:45:00+05:30,1024.8,1025.55,1022.25,1023.6,42192
2025-02-05T15:00:00+05:30,1023.55,1025.0,1014.3,1022.9,136768
2025-02-05T15:15:00+05:30,1022.9,1023.75,1018.1,1021.85,145872
2025-02-06T09:15:00+05:30,1028.9,1032.0,1020.1,1030.8,164030
2025-02-06T09:30:00+05:30,1030.75,1041.0,1027.5,1038.85,153713
2025-02-06T09:45:00+05:30,1039.65,1042.7,1032.55,1036.4,75214
2025-02-06T10:00:00+05:30,1036.5,1038.2,1027.1,1028.35,58763
2025-02-06T10:15:00+05:30,1028.8,1032.4,1027.15,1028.7,35581
2025-02-06T10:30:00+05:30,1028.95,1033.95,1028.7,1031.9,23194
2025-02-06T10:45:00+05:30,1031.15,1033.0,1028.5,1032.45,19248
2025-02-06T11:00:00+05:30,1032.45,1033.85,1030.05,1032.3,13887
2025-02-06T11:15:00+05:30,1032.3,1036.5,1031.0,1036.0,24533
2025-02-06T11:30:00+05:30,1036.0,1037.8,1033.9,1034.0,24320
2025-02-06T11:45:00+05:30,1034.0,1038.5,1030.0,1033.6,38340
2025-02-06T12:00:00+05:30,1033.6,1035.1,1027.35,1028.7,29953
2025-02-06T12:15:00+05:30,1028.65,1030.55,1027.0,1027.7,16607
2025-02-06T12:30:00+05:30,1027.3,1027.85,1021.25,1023.35,43788
2025-02-06T12:45:00+05:30,1023.65,1025.0,1021.0,1023.0,15657
2025-02-06T13:00:00+05:30,1022.85,1023.1,1015.2,1021.45,56329
2025-02-06T13:15:00+05:30,1021.3,1025.25,1020.15,1023.35,34313
2025-02-06T13:30:00+05:30,1023.6,1024.3,1019.8,1021.7,13845
2025-02-06T13:45:00+05:30,1021.7,1022.1,1018.2,1020.25,14790
2025-02-06T14:00:00+05:30,1020.25,1022.25,1019.35,1019.7,12858
2025-02-06T14:15:00+05:30,1019.7,1024.0,1019.7,1022.5,20850
2025-02-06T14:30:00+05:30,1022.5,1024.9,1020.35,1023.0,20508
2025-02-06T14:45:00+05:30,1023.0,1025.25,1021.2,1022.25,23106
2025-02-06T15:00:00+05:30,1021.7,1027.0,1020.0,1022.2,53345
2025-02-06T15:15:00+05:30,1022.2,1024.5,1019.0,1020.05,93019
2025-02-07T09:15:00+05:30,1022.8,1026.1,1012.1,1020.3,129008
2025-02-07T09:30:00+05:30,1020.25,1036.6,1020.25,1027.0,139152
2025-02-07T09:45:00+05:30,1027.0,1037.95,1024.0,1034.95,63288
2025-02-07T10:00:00+05:30,1034.55,1035.95,1028.0,1031.25,62418
2025-02-07T10:15:00+05:30,1031.1,1034.8,1022.55,1030.75,77652
2025-02-07T10:30:00+05:30,1030.15,1038.9,1029.15,1034.55,60921
2025-02-07T10:45:00+05:30,1034.55,1039.95,1033.5,1038.75,30083
2025-02-07T11:00:00+05:30,1038.75,1039.5,1036.1,1036.9,19182
2025-02-07T11:15:00+05:30,1036.85,1041.4,1036.25,1039.6,40237
2025-02-07T11:30:00+05:30,1039.6,1041.0,1035.7,1037.9,33555
2025-02-07T11:45:00+05:30,1037.9,1037.95,1033.1,1034.45,21328
2025-02-07T12:00:00+05:30,1034.65,1036.0,1032.5,1032.55,14500
2025-02-07T12:15:00+05:30,1032.55,1034.35,1030.65,1033.25,17151
2025-02-07T12:30:00+05:30,1033.25,1035.45,1030.75,1032.75,12668
2025-02-07T12:45:00+05:30,1032.8,1036.7,1032.8,1035.8,19420
2025-02-07T13:00:00+05:30,1035.8,1040.9,1035.0,1040.9,39046
2025-02-07T13:15:00+05:30,1040.65,1040.65,1035.4,1037.65,15787
2025-02-07T13:30:00+05:30,1037.7,1038.9,1034.3,1034.6,12734
2025-02-07T13:45:00+05:30,1034.65,1036.0,1032.0,1033.95,19283
2025-02-07T14:00:00+05:30,1033.7,1035.5,1028.0,1029.05,26448
2025-02-07T14:15:00+05:30,1028.45,1030.0,1024.5,1026.85,44424
2025-02-07T14:30:00+05:30,1026.65,1033.45,1025.15,1032.65,30299
2025-02-07T14:45:00+05:30,1032.5,1035.7,1032.1,1033.0,22767
2025-02-07T15:00:00+05:30,1033.25,1038.6,1032.9,1036.8,52731
2025-02-07T15:15:00+05:30,1036.5,1042.4,1028.6,1029.0,126552
2025-02-10T09:15:00+05:30,1028.0,1034.5,1021.0,1032.05,97054
2025-02-10T09:30:00+05:30,1031.5,1032.3,1023.0,1028.05,45917
2025-02-10T09:45:00+05:30,1028.1,1031.75,1022.85,1024.85,32042
2025-02-10T10:00:00+05:30,1024.9,1027.0,1016.05,1017.7,42267
2025-02-10T10:15:00+05:30,1017.3,1020.15,1015.1,1020.15,25466
2025-02-10T10:30:00+05:30,1020.1,1020.1,1006.05,1007.8,38098
2025-02-10T10:45:00+05:30,1007.05,1007.05,999.0,1001.5,70397
2025-02-10T11:00:00+05:30,1001.5,1002.6,994.25,996.0,46562
2025-02-10T11:15:00+05:30,996.3,997.05,988.15,989.45,58669
2025-02-10T11:30:00+05:30,989.05,996.0,988.0,993.25,46910
2025-02-10T11:45:00+05:30,993.35,995.95,985.15,987.8,44573
2025-02-10T12:00:00+05:30,988.05,989.95,983.05,988.95,49866
2025-02-10T12:15:00+05:30,988.95,990.8,987.65,989.95,23686
2025-02-10T12:30:00+05:30,989.5,990.15,988.1,989.9,18300
2025-02-10T12:45:00+05:30,989.55,990.5,988.5,990.0,19124
2025-02-10T13:00:00+05:30,989.75,1001.9,988.05,1001.9,35331
2025-02-10T13:15:00+05:30,1001.9,1002.95,988.2,992.25,40559
2025-02-10T13:30:00+05:30,991.85,992.5,990.0,992.25,14947
2025-02-10T13:45:00+05:30,991.9,996.0,991.0,991.6,24852
2025-02-10T14:00:00+05:30,991.3,995.5,990.1,990.55,21770
2025-02-10T14:15:00+05:30,990.25,991.9,989.0,991.4,20055
2025-02-10T14:30:00+05:30,991.1,992.5,989.0,991.05,24217
2025-02-10T14:45:00+05:30,991.05,994.55,989.2,992.75,64847
2025-02-10T15:00:00+05:30,992.75,994.65,985.5,985.5,59118
2025-02-10T15:15:00+05:30,986.2,986.45,978.1,980.0,166305
2025-02-11T09:15:00+05:30,983.75,987.2,950.0,953.2,224683
2025-02-11T09:30:00+05:30,953.05,960.45,943.9,947.85,134326
2025-02-11T09:45:00+05:30,947.4,948.0,936.2,938.0,102410
2025-02-11T10:00:00+05:30,938.3,940.85,931.2,933.6,91786
2025-02-11T10:15:00+05:30,933.95,943.2,932.3,941.55,76984
2025-02-11T10:30:00+05:30,941.3,941.4,935.95,936.5,31282
2025-02-11T10:45:00+05:30,936.75,945.5,935.15,939.5,57273
2025-02-11T11:00:00+05:30,939.5,939.5,931.8,935.3,55175
2025-02-11T11:15:00+05:30,935.25,937.45,928.25,929.45,51489
2025-02-11T11:30:00+05:30,929.15,934.45,928.1,932.9,74512
2025-02-11T11:45:00+05:30,933.35,935.45,931.1,935.45,28981
2025-02-11T12:00:00+05:30,935.3,938.8,932.0,933.95,46226
2025-02-11T12:15:00+05:30,934.55,934.55,928.45,931.0,34596
2025-02-11T12:30:00+05:30,930.95,931.75,926.45,929.85,33758
2025-02-11T12:45:00+05:30,929.8,931.55,927.5,928.7,19028
2025-02-11T13:00:00+05:30,928.55,928.95,925.4,927.2,40780
2025-02-11T13:15:00+05:30,927.25,930.5,924.6,924.8,37316
2025-02-11T13:30:00+05:30,924.75,926.35,920.0,922.7,64089
2025-02-11T13:45:00+05:30,922.7,923.85,918.5,919.4,37778
2025-02-11T14:00:00+05:30,919.3,923.75,915.0,923.75,54983
2025-02-11T14:15:00+05:30,923.85,923.85,917.2,917.85,30846
2025-02-11T14:30:00+05:30,917.6,925.75,917.3,925.0,85347
2025-02-11T14:45:00+05:30,924.9,935.0,923.9,932.95,129759
2025-02-11T15:00:00+05:30,933.0,939.65,932.25,938.0,199771
2025-02-11T15:15:00+05:30,938.5,938.8,928.0,932.0,133407
2025-02-12T09:15:00+05:30,929.35,949.35,916.0,930.1,268180
2025-02-12T09:30:00+05:30,930.7,937.5,923.05,926.0,126552
2025-02-12T09:45:00+05:30,925.7,925.75,905.0,906.15,181821
2025-02-12T10:00:00+05:30,906.3,909.5,899.2,900.75,149340
2025-02-12T10:15:00+05:30,900.05,916.75,894.5,909.65,183684
2025-02-12T10:30:00+05:30,909.15,935.0,907.0,927.55,174249
2025-02-12T10:45:00+05:30,927.2,931.0,918.55,919.75,160102
2025-02-12T11:00:00+05:30,920.15,936.5,915.1,936.15,146669
2025-02-12T11:15:00+05:30,936.15,956.05,935.1,948.0,254958
2025-02-12T11:30:00+05:30,948.0,966.0,946.15,964.25,170639
2025-02-12T11:45:00+05:30,964.05,977.85,961.35,972.05,225585
2025-02-12T12:00:00+05:30,972.5,978.0,955.95,960.95,253443
2025-02-12T12:15:00+05:30,960.95,963.9,946.65,948.0,106037
2025-02-12T12:30:00+05:30,947.6,961.6,947.6,952.15,81259
2025-02-12T12:45:00+05:30,952.85,969.0,952.2,966.25,82997
2025-02-12T13:00:00+05:30,966.3,983.6,965.5,977.65,100447
2025-02-12T13:15:00+05:30,977.7,978.9,973.05,975.65,73826
2025-02-12T13:30:00+05:30,975.65,979.9,966.2,970.55,61581
2025-02-12T13:45:00+05:30,970.0,970.8,966.05,967.5,46783
2025-02-12T14:00:00+05:30,967.45,972.95,964.05,970.75,48033
2025-02-12T14:15:00+05:30,970.25,970.85,962.4,965.45,50726
2025-02-12T14:30:00+05:30,965.45,965.65,960.3,961.25,46983
2025-02-12T14:45:00+05:30,961.3,967.7,958.25,965.65,48728
2025-02-12T15:00:00+05:30,965.0,975.55,964.65,971.0,97845
2025-02-12T15:15:00+05:30,970.75,975.0,965.55,969.0,100417
2025-02-13T09:15:00+05:30,976.4,985.45,964.1,977.25,189222
2025-02-13T09:30:00+05:30,976.45,996.6,976.3,994.1,195349
2025-02-13T09:45:00+05:30,994.1,1004.0,993.15,1001.1,122811
2025-02-13T10:00:00+05:30,1001.1,1011.1,999.25,1004.1,146332
2025-02-13T10:15:00+05:30,1004.8,1009.8,1000.35,1003.0,56890
2025-02-13T10:30:00+05:30,1003.0,1010.0,1002.3,1005.15,44329
2025-02-13T10:45:00+05:30,1005.2,1012.5,1002.4,1008.35,276831
2025-02-13T11:00:00+05:30,1007.65,1015.95,1004.45,1015.1,83043
2025-02-13T11:15:00+05:30,1015.25,1020.45,1013.5,1016.05,166902
2025-02-13T11:30:00+05:30,1016.15,1016.3,1008.0,1009.75,65499
2025-02-13T11:45:00+05:30,1009.95,1010.55,1006.0,1008.85,40198
2025-02-13T12:00:00+05:30,1008.85,1010.45,1005.05,1005.7,24708
2025-02-13T12:15:00+05:30,1005.8,1010.0,1004.15,1007.9,30517
2025-02-13T12:30:00+05:30,1008.0,1008.9,1006.3,1007.0,18568
2025-02-13T12:45:00+05:30,1008.3,1008.9,1006.5,1008.3,12731
2025-02-13T13:00:00+05:30,1008.3,1009.45,1006.45,1008.0,13669
2025-02-13T13:15:00+05:30,1008.0,1009.7,1006.35,1007.05,17384
2025-02-13T13:30:00+05:30,1007.5,1008.2,1001.05,1004.1,51775
2025-02-13T13:45:00+05:30,1004.55,1005.0,1001.05,1001.65,31803
2025-02-13T14:00:00+05:30,1001.65,1003.7,999.5,1003.65,39308
2025-02-13T14:15:00+05:30,1003.6,1004.45,999.85,1000.5,30805
2025-02-13T14:30:00+05:30,1000.5,1008.6,999.1,1006.85,68180
2025-02-13T14:45:00+05:30,1006.45,1009.4,1003.85,1006.15,49461
2025-02-13T15:00:00+05:30,1006.15,1007.5,1000.8,1001.05,54847
2025-02-13T15:15:00+05:30,1001.0,1004.7,992.45,994.0,142722
2025-02-14T09:15:00+05:30,1014.85,1017.95,979.2,984.15,271672
2025-02-14T09:30:00+05:30,984.5,996.8,981.25,986.0,114545
2025-02-14T09:45:00+05:30,985.85,991.15,974.1,985.05,119838
2025-02-14T10:00:00+05:30,985.05,1002.2,984.0,999.0,113292
2025-02-14T10:15:00+05:30,998.5,1004.6,991.15,991.5,109193
2025-02-14T10:30:00+05:30,991.15,995.85,982.0,984.15,100375
2025-02-14T10:45:00+05:30,984.1,987.0,971.6,971.6,112729
2025-02-14T11:00:00+05:30,972.95,978.0,965.8,976.45,143857
2025-02-14T11:15:00+05:30,976.3,978.9,974.0,975.4,33137
2025-02-14T11:30:00+05:30,975.25,979.45,972.0,978.4,54947
2025-02-14T11:45:00+05:30,978.4,982.0,974.35,979.1,41704
2025-02-14T12:00:00+05:30,979.7,980.15,969.3,971.5,63099
2025-02-14T12:15:00+05:30,971.75,972.75,966.4,968.4,60747
2025-02-14T12:30:00+05:30,968.4,969.0,963.0,968.0,60076
2025-02-14T12:45:00+05:30,967.55,970.0,965.1,966.35,29916
2025-02-14T13:00:00+05:30,966.4,968.15,957.0,964.6,148172
2025-02-14T13:15:00+05:30,964.0,967.4,961.05,963.0,69197
2025-02-14T13:30:00+05:30,963.7,966.7,960.8,963.0,32643
2025-02-14T13:45:00+05:30,963.05,964.0,954.25,958.35,48924
2025-02-14T14:00:00+05:30,957.8,958.8,954.1,958.05,40916
2025-02-14T14:15:00+05:30,958.25,965.8,955.45,961.2,46045
2025-02-14T14:30:00+05:30,961.2,970.0,960.0,969.0,78180
2025-02-14T14:45:00+05:30,969.0,970.0,961.95,966.2,57213
2025-02-14T15:00:00+05:30,965.8,966.8,955.1,957.0,115613
2025-02-14T15:15:00+05:30,957.5,970.9,955.5,966.0,219495
2025-02-17T09:15:00+05:30,960.8,963.4,928.15,944.3,242607
2025-02-17T09:30:00+05:30,944.5,967.8,927.55,966.05,182461
2025-02-17T09:45:00+05:30,966.05,969.95,949.4,962.5,116655
2025-02-17T10:00:00+05:30,962.0,965.65,948.7,952.95,61104
2025-02-17T10:15:00+05:30,952.4,965.85,950.55,965.85,54197
2025-02-17T10:30:00+05:30,965.35,971.9,960.45,966.5,100294
2025-02-17T10:45:00+05:30,966.35,968.95,959.45,962.1,52017
2025-02-17T11:00:00+05:30,961.95,964.3,955.15,957.9,66851
2025-02-17T11:15:00+05:30,957.9,966.6,955.95,966.05,31928
2025-02-17T11:30:00+05:30,965.9,966.3,958.8,963.95,19382
2025-02-17T11:45:00+05:30,963.95,967.65,961.1,964.9,32548
2025-02-17T12:00:00+05:30,965.3,969.9,961.75,964.1,39477
2025-02-17T12:15:00+05:30,964.0,965.7,961.55,965.2,19001
2025-02-17T12:30:00+05:30,965.0,968.0,964.5,966.55,24377
2025-02-17T12:45:00+05:30,966.7,975.0,966.05,970.0,45272
2025-02-17T13:00:00+05:30,969.75,972.55,966.15,967.3,22261
2025-02-17T13:15:00+05:30,967.2,972.05,965.5,967.95,26499
2025-02-17T13:30:00+05:30,967.55,973.05,966.45,972.4,33262
2025-02-17T13:45:00+05:30,971.8,971.95,964.05,966.7,36523
2025-02-17T14:00:00+05:30,966.25,967.75,964.45,965.45,22638
2025-02-17T14:15:00+05:30,965.85,969.9,965.45,968.25,19119
2025-02-17T14:30:00+05:30,968.05,971.0,965.2,968.0,34940
2025-02-17T14:45:00+05:30,968.2,972.0,967.0,970.0,29978
2025-02-17T15:00:00+05:30,969.85,971.6,966.35,967.5,38597
2025-02-17T15:15:00+05:30,967.75,978.0,965.0,978.0,101848
2025-02-18T09:15:00+05:30,976.65,987.0,960.0,961.9,166820
2025-02-18T09:30:00+05:30,961.3,969.85,952.65,955.8,95947
2025-02-18T09:45:00+05:30,955.65,960.7,950.7,957.0,81708
2025-02-18T10:00:00+05:30,956.85,974.7,956.35,968.65,87081
2025-02-18T10:15:00+05:30,969.0,973.05,961.3,962.7,79282
2025-02-18T10:30:00+05:30,962.7,966.75,959.4,964.15,24487
2025-02-18T10:45:00+05:30,964.55,970.7,962.0,963.95,30947
2025-02-18T11:00:00+05:30,963.75,965.85,956.0,958.5,25068
2025-02-18T11:15:00+05:30,958.5,959.85,955.65,956.5,24629
2025-02-18T11:30:00+05:30,956.7,957.7,951.0,953.55,24266
2025-02-18T11:45:00+05:30,953.75,957.1,950.0,950.25,18207
2025-02-18T12:00:00+05:30,950.55,954.1,948.75,952.8,22173
2025-02-18T12:15:00+05:30,952.65,964.6,947.5,962.4,71263
2025-02-18T12:30:00+05:30,962.15,971.0,962.15,968.45,85868
2025-02-18T12:45:00+05:30,968.1,970.8,964.5,968.75,82490
2025-02-18T13:00:00+05:30,969.0,972.0,965.1,970.25,50876
2025-02-18T13:15:00+05:30,970.25,972.0,966.4,968.5,26318
2025-02-18T13:30:00+05:30,968.55,972.0,965.0,970.15,44628
2025-02-18T13:45:00+05:30,970.75,975.95,969.1,970.8,38283
2025-02-18T14:00:00+05:30,970.8,973.95,970.0,971.1,23345
2025-02-18T14:15:00+05:30,970.85,974.5,970.0,973.6,10042
2025-02-18T14:30:00+05:30,973.4,974.5,970.5,972.15,20984
2025-02-18T14:45:00+05:30,972.6,979.35,972.15,976.65,73243
2025-02-18T15:00:00+05:30,976.95,982.0,975.1,980.45,52141
2025-02-18T15:15:00+05:30,980.15,984.15,975.1,977.0,111940
2025-02-19T09:15:00+05:30,969.2,991.65,959.4,988.4,113530
2025-02-19T09:30:00+05:30,989.05,1000.0,988.8,989.55,150789
2025-02-19T09:45:00+05:30,990.55,998.0,990.55,996.0,74550
2025-02-19T10:00:00+05:30,996.0,998.45,988.45,998.45,73965
2025-02-19T10:15:00+05:30,998.45,1012.0,996.25,1001.15,218458
2025-02-19T10:30:00+05:30,1000.95,1004.0,997.8,1000.1,60993
2025-02-19T10:45:00+05:30,1000.85,1002.3,992.75,997.55,68264
2025-02-19T11:00:00+05:30,997.55,1004.0,996.9,1001.2,41819
2025-02-19T11:15:00+05:30,1000.75,1002.0,997.5,1000.35,28096
2025-02-19T11:30:00+05:30,1000.3,1002.6,999.5,1000.35,25862
2025-02-19T11:45:00+05:30,1001.0,1003.95,1000.15,1001.0,30089
2025-02-19T12:00:00+05:30,1001.2,1003.35,998.2,999.2,35993
2025-02-19T12:15:00+05:30,999.35,1001.0,998.15,1000.0,30338
2025-02-19T12:30:00+05:30,1000.0,1000.95,996.05,999.95,36636
2025-02-19T12:45:00+05:30,999.95,1001.45,998.7,1001.35,29872
2025-02-19T13:00:00+05:30,1001.45,1001.45,999.1,1000.55,20061
2025-02-19T13:15:00+05:30,1000.55,1002.0,999.5,1001.75,17994
2025-02-19T13:30:00+05:30,1001.25,1009.0,1001.0,1002.05,46242
2025-02-19T13:45:00+05:30,1002.4,1003.7,995.15,1000.4,45255
2025-02-19T14:00:00+05:30,1000.15,1001.7,999.95,1000.5,32988
2025-02-19T14:15:00+05:30,1000.45,1000.95,993.25,997.2,109503
2025-02-19T14:30:00+05:30,996.8,1000.95,995.15,999.0,72666
2025-02-19T14:45:00+05:30,999.5,1000.8,997.8,997.85,59993
2025-02-19T15:00:00+05:30,998.35,1001.0,997.9,1000.2,55375
2025-02-19T15:15:00+05:30,1000.2,1002.65,996.0,996.0,70308
2025-02-20T09:15:00+05:30,990.0,1008.9,984.0,1001.95,99182
2025-02-20T09:30:00+05:30,1001.45,1017.25,1001.4,1013.4,64408
2025-02-20T09:45:00+05:30,1013.4,1015.6,1002.6,1013.65,61123
2025-02-20T10:00:00+05:30,1012.8,1018.35,1009.15,1011.6,71676
2025-02-20T10:15:00+05:30,1012.1,1015.5,1010.5,1011.2,28216
2025-02-20T10:30:00+05:30,1010.75,1015.0,1010.2,1011.45,13387
2025-02-20T10:45:00+05:30,1011.2,1012.35,1008.0,1008.0,14083
2025-02-20T11:00:00+05:30,1008.45,1011.75,1006.7,1008.45,17434
2025-02-20T11:15:00+05:30,1009.0,1010.0,999.1,999.6,21187
2025-02-20T11:30:00+05:30,999.95,1002.0,996.1,999.75,27715
2025-02-20T11:45:00+05:30,999.75,1001.6,996.3,998.75,31257
2025-02-20T12:00:00+05:30,998.85,999.15,996.05,997.0,8539
2025-02-20T12:15:00+05:30,997.2,998.05,995.65,996.95,13420
2025-02-20T12:30:00+05:30,996.85,1001.5,993.25,1000.0,34881
2025-02-20T12:45:00+05:30,1000.0,1001.5,996.25,997.7,43149
2025-02-20T13:00:00+05:30,997.85,997.95,993.6,996.0,19247
2025-02-20T13:15:00+05:30,996.0,997.85,993.75,996.85,12389
2025-02-20T13:30:00+05:30,996.9,997.85,994.3,994.95,9719
2025-02-20T13:45:00+05:30,994.95,996.7,993.75,995.2,31711
2025-02-20T14:00:00+05:30,995.2,995.45,992.4,994.8,17668
2025-02-20T14:15:00+05:30,994.8,995.0,991.4,993.0,16554
2025-02-20T14:30:00+05:30,993.0,995.7,990.05,991.4,48816
2025-02-20T14:45:00+05:30,991.65,995.2,991.65,993.8,22585
2025-02-20T15:00:00+05:30,993.8,994.5,988.0,989.0,44247
2025-02-20T15:15:00+05:30,989.0,989.0,980.0,982.7,90726
2025-02-21T09:15:00+05:30,983.0,998.0,981.0,993.7,100726
2025-02-21T09:30:00+05:30,994.85,995.1,978.45,982.35,71020
2025-02-21T09:45:00+05:30,982.35,984.85,972.95,974.2,70158
2025-02-21T10:00:00+05:30,974.2,975.9,964.35,965.4,48556
2025-02-21T10:15:00+05:30,965.45,970.75,964.05,968.7,29026
2025-02-21T10:30:00+05:30,968.7,973.75,967.05,971.25,33188
2025-02-21T10:45:00+05:30,971.25,971.95,966.0,970.35,16089
2025-02-21T11:00:00+05:30,970.6,971.6,966.0,969.5,19640
2025-02-21T11:15:00+05:30,969.5,969.7,966.35,969.0,12365
2025-02-21T11:30:00+05:30,968.75,979.4,968.5,974.95,28801
2025-02-21T11:45:00+05:30,974.75,977.8,971.5,973.05,28085
2025-02-21T12:00:00+05:30,974.35,975.0,971.25,972.65,11678
2025-02-21T12:15:00+05:30,972.35,975.5,971.35,973.9,7591
2025-02-21T12:30:00+05:30,973.8,977.2,972.55,974.5,8435
2025-02-21T12:45:00+05:30,974.5,975.75,969.35,969.75,24461
2025-02-21T13:00:00+05:30,969.75,970.05,966.1,967.95,16722
2025-02-21T13:15:00+05:30,968.45,969.7,964.1,964.35,28139
2025-02-21T13:30:00+05:30,964.7,965.3,961.05,962.1,17934
2025-02-21T13:45:00+05:30,962.65,962.65,959.0,961.55,24404
2025-02-21T14:00:00+05:30,961.2,966.75,960.05,963.75,27726
2025-02-21T14:15:00+05:30,963.7,965.0,960.0,961.85,16646
2025-02-21T14:30:00+05:30,961.95,963.7,960.25,962.8,15038
2025-02-21T14:45:00+05:30,962.8,969.75,962.4,969.0,39656
2025-02-21T15:00:00+05:30,968.85,978.0,964.15,972.5,83867
2025-02-21T15:15:00+05:30,972.55,974.15,966.1,970.0,71571
2025-02-24T09:15:00+05:30,953.95,958.75,941.15,951.15,132054
2025-02-24T09:30:00+05:30,951.1,954.3,946.1,949.7,26921
2025-02-24T09:45:00+05:30,949.25,964.4,948.85,959.2,58143
2025-02-24T10:00:00+05:30,959.75,961.15,953.35,955.75,44884
2025-02-24T10:15:00+05:30,956.3,958.0,953.2,954.05,25325
2025-02-24T10:30:00+05:30,953.45,955.0,951.15,952.0,14637
2025-02-24T10:45:00+05:30,952.6,953.55,950.0,951.7,10338
2025-02-24T11:00:00+05:30,952.0,953.7,948.4,950.0,23591
2025-02-24T11:15:00+05:30,950.0,956.8,949.05,952.65,17852
2025-02-24T11:30:00+05:30,952.6,961.0,952.05,958.45,23904
2025-02-24T11:45:00+05:30,958.45,960.15,953.6,954.25,27821
2025-02-24T12:00:00+05:30,954.0,955.45,950.6,950.6,12954
2025-02-24T12:15:00+05:30,950.6,951.75,948.8,950.75,17939
2025-02-24T12:30:00+05:30,950.75,951.75,948.5,948.5,16718
2025-02-24T12:45:00+05:30,948.5,951.85,948.5,950.95,8566
2025-02-24T13:00:00+05:30,950.95,952.15,949.25,949.25,7411
2025-02-24T13:15:00+05:30,949.25,950.65,946.0,947.95,18064
2025-02-24T13:30:00+05:30,948.0,948.5,943.1,943.55,15422
2025-02-24T13:45:00+05:30,943.85,944.4,939.75,942.55,25127
2025-02-24T14:00:00+05:30,943.7,944.9,940.6,942.2,13942
2025-02-24T14:15:00+05:30,941.6,945.1,940.75,942.25,21412
2025-02-24T14:30:00+05:30,942.25,944.8,942.2,942.8,12730
2025-02-24T14:45:00+05:30,942.95,944.65,941.1,942.3,13244
2025-02-24T15:00:00+05:30,942.25,943.0,938.0,938.0,44419
2025-02-24T15:15:00+05:30,937.8,945.0,936.2,942.0,115264
2025-02-25T09:15:00+05:30,946.0,958.0,943.8,953.8,90430
2025-02-25T09:30:00+05:30,953.7,961.45,951.15,956.85,72719
2025-02-25T09:45:00+05:30,957.2,963.45,956.15,957.1,35947
2025-02-25T10:00:00+05:30,957.45,958.35,953.1,956.7,20630
2025-02-25T10:15:00+05:30,956.65,956.8,949.35,951.65,21836
2025-02-25T10:30:00+05:30,952.1,955.0,950.3,953.65,10016
2025-02-25T10:45:00+05:30,953.25,957.0,950.0,950.5,34671
2025-02-25T11:00:00+05:30,950.15,951.25,948.0,950.3,13639
2025-02-25T11:15:00+05:30,950.3,951.05,946.9,947.95,9080
2025-02-25T11:30:00+05:30,947.45,947.55,944.95,946.0,20400
2025-02-25T11:45:00+05:30,946.0,946.4,944.05,944.6,9987
2025-02-25T12:00:00+05:30,944.55,948.5,944.1,948.25,10870
2025-02-25T12:15:00+05:30,948.25,948.8,946.5,948.7,8215
2025-02-25T12:30:00+05:30,948.6,948.85,946.55,948.75,5111
2025-02-25T12:45:00+05:30,948.55,949.9,947.75,949.7,6488
2025-02-25T13:00:00+05:30,949.35,950.45,948.0,948.0,7441
2025-02-25T13:15:00+05:30,948.05,948.15,944.55,945.9,14179
2025-02-25T13:30:00+05:30,945.55,948.0,945.55,946.95,6213
2025-02-25T13:45:00+05:30,946.55,947.25,945.0,945.55,15280
2025-02-25T14:00:00+05:30,945.1,947.2,945.05,946.7,5443
2025-02-25T14:15:00+05:30,946.7,948.25,946.5,947.0,5321
2025-02-25T14:30:00+05:30,947.25,949.0,946.4,947.0,6251
2025-02-25T14:45:00+05:30,947.2,950.85,946.8,948.65,14244
2025-02-25T15:00:00+05:30,948.2,948.65,944.0,944.15,32581
2025-02-25T15:15:00+05:30,944.8,947.5,942.55,947.0,37089
2025-02-27T09:15:00+05:30,952.9,953.55,927.5,933.25,115533
2025-02-27T09:30:00+05:30,933.25,934.15,918.45,921.25,65365
2025-02-27T09:45:00+05:30,921.15,925.75,919.4,924.35,49602
2025-02-27T10:00:00+05:30,924.0,925.7,921.05,923.85,16957
2025-02-27T10:15:00+05:30,923.85,925.65,921.0,922.25,19899
2025-02-27T10:30:00+05:30,922.3,925.0,916.55,919.8,31974
2025-02-27T10:45:00+05:30,919.8,923.0,919.35,919.35,12803
2025-02-27T11:00:00+05:30,919.6,920.7,917.15,918.65,7812
2025-02-27T11:15:00+05:30,918.65,918.65,912.55,915.85,29563
2025-02-27T11:30:00+05:30,915.85,917.85,914.55,917.0,10616
2025-02-27T11:45:00+05:30,917.0,917.95,915.15,915.15,7779
2025-02-27T12:00:00+05:30,915.15,915.5,912.6,912.65,11893
2025-02-27T12:15:00+05:30,912.9,913.9,911.75,912.6,7677
2025-02-27T12:30:00+05:30,912.6,912.6,910.0,911.85,16966
2025-02-27T12:45:00+05:30,911.3,911.85,909.9,911.7,9081
2025-02-27T13:00:00+05:30,911.65,912.45,907.35,908.65,20955
2025-02-27T13:15:00+05:30,908.15,911.6,908.0,911.6,7807
2025-02-27T13:30:00+05:30,911.35,912.8,909.5,910.6,10458
2025-02-27T13:45:00+05:30,910.6,912.35,908.15,911.5,12146
2025-02-27T14:00:00+05:30,911.5,913.45,909.95,911.4,10782
2025-02-27T14:15:00+05:30,911.4,915.25,911.15,914.95,17173
2025-02-27T14:30:00+05:30,914.6,916.0,911.7,912.1,24065
2025-02-27T14:45:00+05:30,912.1,919.45,912.1,914.7,31204
2025-02-27T15:00:00+05:30,914.2,927.2,914.2,926.35,86183
2025-02-27T15:15:00+05:30,926.85,939.85,916.15,921.0,105561
2025-02-28T09:15:00+05:30,873.0,906.0,840.15,881.0,1327668
2025-02-28T09:30:00+05:30,881.4,890.0,878.75,887.9,259826
2025-02-28T09:45:00+05:30,887.9,896.9,885.15,886.05,166835
2025-02-28T10:00:00+05:30,886.5,895.0,885.95,892.8,65423
2025-02-28T10:15:00+05:30,892.8,895.0,886.15,888.7,78739
2025-02-28T10:30:00+05:30,888.15,890.5,884.5,886.0,30304
2025-02-28T10:45:00+05:30,886.0,886.5,879.8,881.05,44010
2025-02-28T11:00:00+05:30,881.5,885.6,879.1,880.7,32525
2025-02-28T11:15:00+05:30,880.7,887.85,876.4,887.85,54844
2025-02-28T11:30:00+05:30,887.6,889.95,881.0,881.2,42991
2025-02-28T11:45:00+05:30,881.25,881.7,880.0,881.5,16112
2025-02-28T12:00:00+05:30,881.5,882.8,879.1,880.35,30644
2025-02-28T12:15:00+05:30,880.0,881.9,878.0,880.8,32840
2025-02-28T12:30:00+05:30,880.8,881.0,872.05,872.4,105809
2025-02-28T12:45:00+05:30,873.1,877.0,869.55,871.0,37921
2025-02-28T13:00:00+05:30,870.6,875.5,870.25,873.35,22815
2025-02-28T13:15:00+05:30,873.15,875.0,871.5,871.85,14500
2025-02-28T13:30:00+05:30,872.3,873.2,870.5,872.1,18416
2025-02-28T13:45:00+05:30,872.1,873.95,870.5,872.35,19751
2025-02-28T14:00:00+05:30,872.3,873.95,869.1,871.85,34343
2025-02-28T14:15:00+05:30,872.45,874.0,869.55,870.4,21524
2025-02-28T14:30:00+05:30,870.2,875.0,869.85,875.0,38507
2025-02-28T14:45:00+05:30,875.0,877.95,873.05,875.65,66487
2025-02-28T15:00:00+05:30,875.05,876.7,870.75,874.7,97059
2025-02-28T15:15:00+05:30,874.6,875.9,870.0,872.0,336398
2025-03-03T09:15:00+05:30,878.05,884.6,850.75,851.1,150280
2025-03-03T09:30:00+05:30,851.65,862.9,846.5,852.0,91951
2025-03-03T09:45:00+05:30,852.0,858.65,849.7,853.85,50219
2025-03-03T10:00:00+05:30,853.85,854.5,845.5,849.45,41488
2025-03-03T10:15:00+05:30,848.65,850.9,832.0,841.55,79048
2025-03-03T10:30:00+05:30,841.55,849.0,827.1,846.4,113376
2025-03-03T10:45:00+05:30,846.0,849.9,838.0,845.6,87196
2025-03-03T11:00:00+05:30,844.85,850.65,841.2,844.75,64200
2025-03-03T11:15:00+05:30,844.35,852.2,841.9,850.6,20996
2025-03-03T11:30:00+05:30,850.2,852.5,842.8,846.2,44984
2025-03-03T11:45:00+05:30,846.65,850.0,844.1,845.1,22193
2025-03-03T12:00:00+05:30,844.9,848.95,842.0,846.2,148150
2025-03-03T12:15:00+05:30,846.2,849.95,844.65,849.95,275749
2025-03-03T12:30:00+05:30,849.85,860.8,844.0,847.5,321256
2025-03-03T12:45:00+05:30,847.95,862.5,847.55,860.95,115634
2025-03-03T13:00:00+05:30,861.15,874.0,860.7,870.0,93031
2025-03-03T13:15:00+05:30,870.0,876.95,864.05,868.3,85230
2025-03-03T13:30:00+05:30,868.8,870.7,860.0,865.0,41251
2025-03-03T13:45:00+05:30,864.65,866.05,857.65,857.95,38888
2025-03-03T14:00:00+05:30,858.15,863.0,857.95,862.5,31668
2025-03-03T14:15:00+05:30,862.5,864.85,860.65,862.0,48994
2025-03-03T14:30:00+05:30,861.85,862.4,857.7,859.2,39147
2025-03-03T14:45:00+05:30,859.25,859.75,857.0,859.75,35895
2025-03-03T15:00:00+05:30,859.75,862.3,856.9,859.4,61874
2025-03-03T15:15:00+05:30,859.4,859.45,848.5,852.0,104196
2025-03-04T09:15:00+05:30,844.9,863.0,838.0,863.0,140641
2025-03-04T09:30:00+05:30,863.0,872.4,860.1,872.4,67059
2025-03-04T09:45:00+05:30,872.05,879.7,867.25,878.8,93622
2025-03-04T10:00:00+05:30,878.8,882.0,870.75,872.9,64727
2025-03-04T10:15:00+05:30,873.35,876.95,866.95,867.3,31375
2025-03-04T10:30:00+05:30,866.9,874.4,866.25,868.9,25211
2025-03-04T10:45:00+05:30,869.65,871.2,863.9,866.65,26931
2025-03-04T11:00:00+05:30,866.65,868.8,864.25,864.8,10566
2025-03-04T11:15:00+05:30,864.45,868.55,863.05,866.55,13948
2025-03-04T11:30:00+05:30,866.85,868.3,863.5,864.9,11203
2025-03-04T11:45:00+05:30,864.9,865.0,860.55,861.65,11150
2025-03-04T12:00:00+05:30,861.4,861.55,856.0,857.9,19231
2025-03-04T12:15:00+05:30,857.9,859.9,856.4,858.4,12337
2025-03-04T12:30:00+05:30,858.25,859.85,855.75,856.65,18875
2025-03-04T12:45:00+05:30,856.2,857.8,855.0,856.35,9665
2025-03-04T13:00:00+05:30,856.3,857.55,852.35,854.3,10728
2025-03-04T13:15:00+05:30,854.3,858.3,853.0,858.0,19063
2025-03-04T13:30:00+05:30,857.5,858.5,851.0,854.55,20341
2025-03-04T13:45:00+05:30,854.25,855.6,851.3,851.6,9806
2025-03-04T14:00:00+05:30,851.55,856.85,851.0,856.7,16906
2025-03-04T14:15:00+05:30,856.6,865.2,856.6,863.95,30316
2025-03-04T14:30:00+05:30,863.5,863.5,855.0,856.5,38984
2025-03-04T14:45:00+05:30,856.5,860.9,854.15,860.9,34713
2025-03-04T15:00:00+05:30,860.95,860.95,855.85,856.65,34600
2025-03-04T15:15:00+05:30,856.2,859.35,855.05,858.9,56464
2025-03-05T09:15:00+05:30,861.3,878.0,859.35,876.5,82732
2025-03-05T09:30:00+05:30,876.5,887.0,874.1,884.65,76380
2025-03-05T09:45:00+05:30,884.15,897.9,881.3,896.0,98667
2025-03-05T10:00:00+05:30,896.0,900.0,889.15,892.0,104299
2025-03-05T10:15:00+05:30,892.0,896.0,889.45,893.85,67193
2025-03-05T10:30:00+05:30,894.1,906.4,891.4,903.8,91778
2025-03-05T10:45:00+05:30,904.05,909.9,900.35,909.0,91925
2025-03-05T11:00:00+05:30,908.8,909.25,906.2,908.9,30448
2025-03-05T11:15:00+05:30,908.9,923.5,907.0,918.0,152067
2025-03-05T11:30:00+05:30,918.0,941.95,918.0,939.8,220559
2025-03-05T11:45:00+05:30,939.8,946.0,924.0,924.1,328058
2025-03-05T12:00:00+05:30,924.15,927.3,910.05,912.85,242564
2025-03-05T12:15:00+05:30,913.25,913.85,905.15,909.5,158489
2025-03-05T12:30:00+05:30,909.15,912.8,908.0,910.0,41922
2025-03-05T12:45:00+05:30,910.0,910.9,903.0,906.4,69223
2025-03-05T13:00:00+05:30,906.05,912.75,905.55,907.8,27394
2025-03-05T13:15:00+05:30,908.0,920.4,906.0,912.15,86057
2025-03-05T13:30:00+05:30,912.2,917.45,906.05,908.3,50529
2025-03-05T13:45:00+05:30,908.2,911.35,906.45,908.5,40169
2025-03-05T14:00:00+05:30,908.45,908.6,903.15,905.2,60239
2025-03-05T14:15:00+05:30,905.05,907.0,904.0,906.35,37465
2025-03-05T14:30:00+05:30,906.0,909.25,904.7,908.55,40545
2025-03-05T14:45:00+05:30,908.65,908.9,902.05,905.4,61919
2025-03-05T15:00:00+05:30,905.55,905.95,896.4,897.6,98844
2025-03-05T15:15:00+05:30,897.6,903.95,897.45,902.45,116041
2025-03-06T09:15:00+05:30,911.4,926.5,907.55,915.3,149986
2025-03-06T09:30:00+05:30,914.85,916.6,905.55,914.4,71938
2025-03-06T09:45:00+05:30,914.4,916.6,906.0,913.65,55545
2025-03-06T10:00:00+05:30,913.35,916.9,909.95,915.1,26145
2025-03-06T10:15:00+05:30,915.7,916.8,910.2,914.75,25793
2025-03-06T10:30:00+05:30,914.3,915.0,909.4,909.5,33608
2025-03-06T10:45:00+05:30,910.05,910.05,906.35,907.0,29321
2025-03-06T11:00:00+05:30,907.1,911.95,906.25,911.45,41241
2025-03-06T11:15:00+05:30,911.45,911.45,906.0,908.7,22117
2025-03-06T11:30:00+05:30,908.7,911.5,907.4,910.9,35274
2025-03-06T11:45:00+05:30,911.05,913.9,910.8,913.0,22868
2025-03-06T12:00:00+05:30,913.0,913.7,911.45,912.95,11438
2025-03-06T12:15:00+05:30,912.95,913.5,911.2,912.9,24099
2025-03-06T12:30:00+05:30,913.0,914.95,912.15,913.0,23220
2025-03-06T12:45:00+05:30,913.0,914.0,911.45,912.75,17815
2025-03-06T13:00:00+05:30,912.75,913.25,911.6,912.45,9783
2025-03-06T13:15:00+05:30,912.6,912.85,911.15,912.1,7287
2025-03-06T13:30:00+05:30,911.85,913.0,911.05,911.9,5485
2025-03-06T13:45:00+05:30,911.8,913.2,911.4,912.5,9955
2025-03-06T14:00:00+05:30,912.5,914.25,911.7,913.5,14846
2025-03-06T14:15:00+05:30,913.25,921.0,912.6,920.65,120076
2025-03-06T14:30:00+05:30,920.5,921.0,917.85,919.65,60783
2025-03-06T14:45:00+05:30,919.7,920.75,916.15,918.0,41751
2025-03-06T15:00:00+05:30,918.05,926.85,916.8,924.7,119014
2025-03-06T15:15:00+05:30,924.3,925.3,920.0,921.0,163669
2025-03-07T09:15:00+05:30,921.0,944.45,919.0,938.0,174902
2025-03-07T09:30:00+05:30,938.05,946.5,935.0,943.7,108039
2025-03-07T09:45:00+05:30,943.9,944.5,939.15,943.6,30878
2025-03-07T10:00:00+05:30,943.25,959.6,939.55,956.7,138774
2025-03-07T10:15:00+05:30,956.7,958.0,954.3,956.55,36567
2025-03-07T10:30:00+05:30,956.5,959.0,954.55,956.0,31572
2025-03-07T10:45:00+05:30,956.0,957.3,951.3,953.25,50996
2025-03-07T11:00:00+05:30,952.9,954.75,948.35,948.9,41317
2025-03-07T11:15:00+05:30,948.45,951.0,942.8,945.85,57373
2025-03-07T11:30:00+05:30,945.8,955.55,945.2,950.95,48069
2025-03-07T11:45:00+05:30,950.8,951.0,946.4,950.8,39157
2025-03-07T12:00:00+05:30,950.55,950.8,942.4,945.4,48636
2025-03-07T12:15:00+05:30,945.75,946.5,941.0,944.85,27954
2025-03-07T12:30:00+05:30,944.0,948.0,944.0,947.05,22541
2025-03-07T12:45:00+05:30,947.1,948.75,945.0,947.15,15875
2025-03-07T13:00:00+05:30,946.85,947.5,942.55,943.75,11148
2025-03-07T13:15:00+05:30,944.35,945.0,941.6,942.65,10988
2025-03-07T13:30:00+05:30,943.0,943.8,940.65,943.0,13868
2025-03-07T13:45:00+05:30,942.75,944.0,941.3,943.05,13736
2025-03-07T14:00:00+05:30,943.1,944.7,942.3,944.55,7105
2025-03-07T14:15:00+05:30,944.05,947.0,943.75,946.7,16676
2025-03-07T14:30:00+05:30,946.45,946.95,944.25,945.95,14286
2025-03-07T14:45:00+05:30,945.4,946.95,944.3,946.55,11215
2025-03-07T15:00:00+05:30,946.9,946.9,939.1,939.75,38223
2025-03-07T15:15:00+05:30,939.3,941.0,937.25,940.0,66182
2025-03-10T09:15:00+05:30,939.95,948.75,919.6,920.0,93645
2025-03-10T09:30:00+05:30,920.4,930.6,917.4,924.45,54268
2025-03-10T09:45:00+05:30,924.45,927.95,920.85,921.7,18788
2025-03-10T10:00:00+05:30,922.5,922.85,914.9,920.7,42503
2025-03-10T10:15:00+05:30,920.7,920.7,915.45,919.4,20207
2025-03-10T10:30:00+05:30,919.35,922.0,917.45,920.4,11219
2025-03-10T10:45:00+05:30,920.45,921.95,919.1,920.2,11359
2025-03-10T11:00:00+05:30,920.2,920.25,914.4,916.4,16419
2025-03-10T11:15:00+05:30,916.45,917.55,915.0,916.4,10328
2025-03-10T11:30:00+05:30,916.4,917.6,916.0,917.1,7917
2025-03-10T11:45:00+05:30,917.0,917.5,914.8,915.55,10283
2025-03-10T12:00:00+05:30,915.3,915.55,913.1,913.4,8307
2025-03-10T12:15:00+05:30,913.4,915.25,911.3,912.4,15219
2025-03-10T12:30:00+05:30,912.0,913.6,910.0,912.75,19639
2025-03-10T12:45:00+05:30,912.3,914.55,910.5,913.6,5541
2025-03-10T13:00:00+05:30,913.6,914.85,911.75,913.0,9697
2025-03-10T13:15:00+05:30,912.65,912.65,910.0,910.95,8896
2025-03-10T13:30:00+05:30,910.95,912.0,910.0,911.1,5963
2025-03-10T13:45:00+05:30,911.1,912.0,909.05,910.55,10958
2025-03-10T14:00:00+05:30,910.65,911.75,909.1,909.45,8832
2025-03-10T14:15:00+05:30,909.45,909.85,902.0,902.5,37664
2025-03-10T14:30:00+05:30,902.7,905.8,901.1,902.4,19132
2025-03-10T14:45:00+05:30,901.8,906.5,900.3,905.25,30646
2025-03-10T15:00:00+05:30,905.0,907.0,896.15,896.75,54700
2025-03-10T15:15:00+05:30,897.45,898.45,890.0,896.0,90599
2025-03-11T09:15:00+05:30,883.35,912.85,878.8,907.85,178911
2025-03-11T09:30:00+05:30,908.4,909.8,888.05,903.4,132694
2025-03-11T09:45:00+05:30,902.8,904.8,893.75,902.2,68975
2025-03-11T10:00:00+05:30,902.2,903.0,896.35,898.65,27545
2025-03-11T10:15:00+05:30,899.0,901.0,895.1,899.0,28496
2025-03-11T10:30:00+05:30,898.95,902.0,896.0,900.75,27427
2025-03-11T10:45:00+05:30,901.05,908.0,900.2,906.6,37382
2025-03-11T11:00:00+05:30,906.5,910.4,906.05,908.9,43848
2025-03-11T11:15:00+05:30,908.4,909.0,905.15,906.0,16228
2025-03-11T11:30:00+05:30,906.0,907.0,902.1,905.85,29926
2025-03-11T11:45:00+05:30,905.75,908.0,902.9,906.55,18981
2025-03-11T12:00:00+05:30,906.2,907.8,904.5,906.45,9865
2025-03-11T12:15:00+05:30,906.45,909.0,904.05,904.45,28182
2025-03-11T12:30:00+05:30,904.55,905.0,902.4,904.4,19488
2025-03-11T12:45:00+05:30,904.15,904.5,899.0,900.35,17282
2025-03-11T13:00:00+05:30,900.35,902.0,899.1,901.45,19503
2025-03-11T13:15:00+05:30,900.6,903.0,900.6,902.0,11908
2025-03-11T13:30:00+05:30,902.35,904.0,899.5,903.9,11578
2025-03-11T13:45:00+05:30,903.9,906.5,903.6,905.75,22831
2025-03-11T14:00:00+05:30,905.75,906.1,904.05,904.85,18748
2025-03-11T14:15:00+05:30,904.8,906.0,904.2,905.0,25042
2025-03-11T14:30:00+05:30,905.0,905.0,900.2,902.0,19311
2025-03-11T14:45:00+05:30,901.85,902.0,899.35,900.3,34130
2025-03-11T15:00:00+05:30,900.9,915.0,900.75,914.0,95206
2025-03-11T15:15:00+05:30,914.35,915.9,909.0,914.9,95806
2025-03-12T09:15:00+05:30,915.95,919.95,897.8,903.4,88379
2025-03-12T09:30:00+05:30,902.45,912.25,901.35,905.6,37822
2025-03-12T09:45:00+05:30,906.35,908.75,904.35,906.15,9980
2025-03-12T10:00:00+05:30,906.75,907.55,902.0,903.55,14760
2025-03-12T10:15:00+05:30,903.85,905.55,902.75,904.9,7506
2025-03-12T10:30:00+05:30,904.75,909.2,904.75,908.4,8748
2025-03-12T10:45:00+05:30,908.4,909.35,905.15,908.45,9190
2025-03-12T11:00:00+05:30,908.45,908.9,904.1,904.9,7852
2025-03-12T11:15:00+05:30,904.6,905.1,899.25,900.25,10133
2025-03-12T11:30:00+05:30,900.65,902.15,896.0,896.75,12769
2025-03-12T11:45:00+05:30,896.7,896.7,894.0,894.65,15693
2025-03-12T12:00:00+05:30,894.85,896.3,893.0,893.75,8826
2025-03-12T12:15:00+05:30,894.0,896.0,892.7,895.0,8537
2025-03-12T12:30:00+05:30,895.35,897.0,893.55,893.9,8993
2025-03-12T12:45:00+05:30,893.5,896.0,893.25,894.6,4514
2025-03-12T13:00:00+05:30,894.6,897.5,893.3,897.4,7613
2025-03-12T13:15:00+05:30,897.35,899.35,896.35,898.0,12350
2025-03-12T13:30:00+05:30,898.25,899.85,896.7,897.65,7715
2025-03-12T13:45:00+05:30,897.45,899.9,895.25,897.3,9485
2025-03-12T14:00:00+05:30,897.8,899.0,897.0,898.15,5272
2025-03-12T14:15:00+05:30,898.15,899.5,896.5,899.5,9600
2025-03-12T14:30:00+05:30,899.05,899.9,897.65,898.95,8851
2025-03-12T14:45:00+05:30,898.95,900.0,896.15,898.3,23040
2025-03-12T15:00:00+05:30,898.3,899.7,896.55,898.3,25971
2025-03-12T15:15:00+05:30,899.0,899.0,890.45,893.5,46361
2025-03-13T09:15:00+05:30,900.5,907.0,881.9,885.5,76546
2025-03-13T09:30:00+05:30,886.7,891.95,885.5,889.45,19457
2025-03-13T09:45:00+05:30,889.45,895.95,886.0,895.65,20313
2025-03-13T10:00:00+05:30,895.15,900.0,894.2,899.55,25617
2025-03-13T10:15:00+05:30,900.0,900.95,897.55,898.45,25116
2025-03-13T10:30:00+05:30,898.0,901.2,891.75,891.8,24133
2025-03-13T10:45:00+05:30,891.8,892.8,887.7,888.0,15221
2025-03-13T11:00:00+05:30,888.4,892.0,887.5,891.05,6033
2025-03-13T11:15:00+05:30,891.1,891.5,888.6,888.95,5623
2025-03-13T11:30:00+05:30,889.8,890.85,886.25,889.8,10214
2025-03-13T11:45:00+05:30,889.15,890.4,887.4,889.55,4708
2025-03-13T12:00:00+05:30,889.55,890.4,888.2,890.2,7471
2025-03-13T12:15:00+05:30,890.6,891.5,889.0,889.0,4519
2025-03-13T12:30:00+05:30,889.0,894.25,888.0,892.6,77629
2025-03-13T12:45:00+05:30,892.1,898.0,892.1,895.25,13636
2025-03-13T13:00:00+05:30,895.2,895.8,891.0,891.85,3071
2025-03-13T13:15:00+05:30,891.85,892.15,889.15,890.9,7460
2025-03-13T13:30:00+05:30,890.7,891.65,887.15,887.6,9028
2025-03-13T13:45:00+05:30,887.6,887.65,884.0,885.15,15677
2025-03-13T14:00:00+05:30,885.6,887.8,885.0,885.1,7781
2025-03-13T14:15:00+05:30,885.35,886.65,884.0,886.65,9531
2025-03-13T14:30:00+05:30,886.65,888.85,884.0,885.9,15162
2025-03-13T14:45:00+05:30,885.9,891.0,884.8,889.0,19439
2025-03-13T15:00:00+05:30,889.5,890.05,887.05,888.8,24016
2025-03-13T15:15:00+05:30,888.5,890.95,882.0,887.0,59276
2025-03-17T09:15:00+05:30,890.6,904.0,889.95,903.5,98654
2025-03-17T09:30:00+05:30,903.45,912.45,899.0,912.45,697635
2025-03-17T09:45:00+05:30,912.1,917.75,908.5,917.45,77286
2025-03-17T10:00:00+05:30,916.9,917.75,909.1,916.65,27306
2025-03-17T10:15:00+05:30,915.95,919.0,907.55,909.15,33042
2025-03-17T10:30:00+05:30,909.15,910.0,903.6,905.1,22884
2025-03-17T10:45:00+05:30,905.85,911.95,905.75,910.4,13521
2025-03-17T11:00:00+05:30,910.4,910.65,905.45,907.45,8224
2025-03-17T11:15:00+05:30,908.35,909.45,906.7,908.4,5629
2025-03-17T11:30:00+05:30,908.0,909.8,906.2,908.9,7436
2025-03-17T11:45:00+05:30,908.0,908.6,902.3,903.55,16312
2025-03-17T12:00:00+05:30,903.55,907.95,903.55,905.45,9077
2025-03-17T12:15:00+05:30,905.45,905.6,902.0,904.2,14790
2025-03-17T12:30:00+05:30,904.75,904.8,897.0,897.1,19527
2025-03-17T12:45:00+05:30,897.1,904.25,896.3,899.7,122253
2025-03-17T13:00:00+05:30,899.75,900.0,897.5,898.85,12061
2025-03-17T13:15:00+05:30,899.1,900.0,898.1,900.0,7469
2025-03-17T13:30:00+05:30,900.0,900.0,898.4,899.5,5899
2025-03-17T13:45:00+05:30,899.5,901.6,898.0,899.15,12641
2025-03-17T14:00:00+05:30,898.5,899.25,897.0,898.6,9752
2025-03-17T14:15:00+05:30,898.6,899.0,894.3,895.0,20675
2025-03-17T14:30:00+05:30,895.4,895.7,892.2,894.5,14813
2025-03-17T14:45:00+05:30,894.5,894.85,892.55,892.55,11738
2025-03-17T15:00:00+05:30,893.0,893.75,884.15,886.65,41434
2025-03-17T15:15:00+05:30,886.25,890.0,883.3,889.0,60671
2025-03-18T09:15:00+05:30,900.05,903.9,885.65,889.3,129640
2025-03-18T09:30:00+05:30,889.3,891.1,887.3,889.4,60184
2025-03-18T09:45:00+05:30,889.45,890.65,885.1,886.9,35932
2025-03-18T10:00:00+05:30,886.45,890.15,885.95,888.2,31865
2025-03-18T10:15:00+05:30,888.8,894.25,887.7,892.35,35399
2025-03-18T10:30:00+05:30,892.0,894.0,888.0,890.65,23006
2025-03-18T10:45:00+05:30,890.65,893.2,888.25,889.4,17665
2025-03-18T11:00:00+05:30,888.95,891.5,888.3,891.45,17245
2025-03-18T11:15:00+05:30,891.3,895.0,891.05,892.0,16074
2025-03-18T11:30:00+05:30,891.95,899.15,891.95,896.0,42120
2025-03-18T11:45:00+05:30,896.1,897.8,892.4,893.8,23293
2025-03-18T12:00:00+05:30,893.5,895.3,893.25,893.75,11688
2025-03-18T12:15:00+05:30,893.95,895.85,893.0,893.8,10069
2025-03-18T12:30:00+05:30,893.95,895.0,889.0,889.25,30857
2025-03-18T12:45:00+05:30,889.05,891.2,886.4,889.25,18213
2025-03-18T13:00:00+05:30,889.65,891.0,888.0,890.15,9376
2025-03-18T13:15:00+05:30,890.15,891.6,888.85,890.95,11627
2025-03-18T13:30:00+05:30,891.2,893.85,889.8,893.2,11465
2025-03-18T13:45:00+05:30,893.2,895.5,892.3,894.95,15873
2025-03-18T14:00:00+05:30,894.4,899.2,893.55,897.75,33177
2025-03-18T14:15:00+05:30,897.35,898.45,895.7,897.15,22562
2025-03-18T14:30:00+05:30,897.2,899.35,896.45,898.2,23451
2025-03-18T14:45:00+05:30,898.45,899.4,893.65,896.6,24456
2025-03-18T15:00:00+05:30,896.45,898.95,893.05,895.4,44001
2025-03-18T15:15:00+05:30,895.4,898.0,889.2,894.8,97872
2025-03-19T09:15:00+05:30,896.8,911.1,896.0,910.0,159622
2025-03-19T09:30:00+05:30,909.45,913.7,905.05,909.3,59223
2025-03-19T09:45:00+05:30,909.85,917.0,906.0,916.65,57046
2025-03-19T10:00:00+05:30,916.65,916.65,909.95,913.0,43612
2025-03-19T10:15:00+05:30,913.15,917.0,912.4,913.0,27532
2025-03-19T10:30:00+05:30,912.75,927.95,912.15,925.1,82880
2025-03-19T10:45:00+05:30,925.4,927.3,923.2,926.95,45198
2025-03-19T11:00:00+05:30,926.6,933.0,925.05,928.55,60336
2025-03-19T11:15:00+05:30,928.55,932.0,926.0,930.9,30654
2025-03-19T11:30:00+05:30,931.0,937.5,929.75,936.35,48308
2025-03-19T11:45:00+05:30,936.4,936.85,932.1,935.55,25867
2025-03-19T12:00:00+05:30,935.0,935.6,930.0,933.7,39015
2025-03-19T12:15:00+05:30,934.05,936.0,933.45,933.5,23829
2025-03-19T12:30:00+05:30,933.9,934.5,930.15,931.45,24178
2025-03-19T12:45:00+05:30,931.3,934.0,931.1,933.15,20616
2025-03-19T13:00:00+05:30,933.25,934.1,929.25,932.45,26080
2025-03-19T13:15:00+05:30,931.35,933.05,929.6,930.0,11980
2025-03-19T13:30:00+05:30,930.0,932.5,930.0,931.7,14034
2025-03-19T13:45:00+05:30,931.65,932.5,929.95,931.35,15875
2025-03-19T14:00:00+05:30,931.0,932.95,929.5,930.0,10993
2025-03-19T14:15:00+05:30,930.0,932.6,928.45,932.3,21322
2025-03-19T14:30:00+05:30,931.75,937.1,931.05,934.3,40420
2025-03-19T14:45:00+05:30,934.65,934.9,928.9,930.0,42964
2025-03-19T15:00:00+05:30,930.15,932.4,929.0,929.35,52650
2025-03-19T15:15:00+05:30,929.2,932.95,929.0,930.8,60909
2025-03-20T09:15:00+05:30,938.0,953.9,932.05,950.0,219290
2025-03-20T09:30:00+05:30,950.0,953.45,937.2,938.0,78376
2025-03-20T09:45:00+05:30,937.75,939.95,928.85,934.85,64021
2025-03-20T10:00:00+05:30,934.8,937.3,928.3,936.0,64506
2025-03-20T10:15:00+05:30,936.1,939.0,935.7,938.65,29448
2025-03-20T10:30:00+05:30,939.0,945.85,938.65,940.8,35305
2025-03-20T10:45:00+05:30,940.2,945.5,938.6,938.9,35022
2025-03-20T11:00:00+05:30,939.4,939.75,932.1,936.8,15942
2025-03-20T11:15:00+05:30,936.75,937.3,933.4,936.3,8133
2025-03-20T11:30:00+05:30,935.7,938.1,935.2,937.3,7095
2025-03-20T11:45:00+05:30,938.3,940.9,937.0,940.0,8272
2025-03-20T12:00:00+05:30,940.3,941.95,939.7,940.15,8863
2025-03-20T12:15:00+05:30,940.15,942.0,940.0,941.0,7582
2025-03-20T12:30:00+05:30,941.55,941.55,938.25,941.5,14217
2025-03-20T12:45:00+05:30,941.5,941.5,940.0,940.7,10805
2025-03-20T13:00:00+05:30,940.0,941.0,937.45,940.7,17354
2025-03-20T13:15:00+05:30,940.5,944.0,940.0,942.0,14219
2025-03-20T13:30:00+05:30,942.0,942.0,940.0,941.1,4463
2025-03-20T13:45:00+05:30,941.1,945.1,940.05,945.1,11759
2025-03-20T14:00:00+05:30,945.2,945.5,941.8,941.9,13808
2025-03-20T14:15:00+05:30,941.65,942.45,939.55,940.8,10868
2025-03-20T14:30:00+05:30,941.25,941.25,938.75,940.2,15207
2025-03-20T14:45:00+05:30,940.65,950.0,938.85,948.75,56927
2025-03-20T15:00:00+05:30,948.35,948.6,945.1,946.8,44267
2025-03-20T15:15:00+05:30,946.75,951.95,945.0,946.0,97880
2025-03-21T09:15:00+05:30,952.0,952.0,921.6,923.55,229350
2025-03-21T09:30:00+05:30,923.5,938.0,922.15,936.9,159781
2025-03-21T09:45:00+05:30,937.45,937.45,928.15,929.75,74652
2025-03-21T10:00:00+05:30,930.05,930.85,922.2,923.7,77223
2025-03-21T10:15:00+05:30,923.2,929.85,923.0,929.2,74669
2025-03-21T10:30:00+05:30,929.2,934.55,927.35,929.8,115665
2025-03-21T10:45:00+05:30,929.4,940.0,926.8,927.15,138542
2025-03-21T11:00:00+05:30,927.4,935.0,927.0,928.8,69570
2025-03-21T11:15:00+05:30,928.6,933.85,926.5,930.8,77352
2025-03-21T11:30:00+05:30,930.95,932.0,926.85,927.9,39072
2025-03-21T11:45:00+05:30,927.85,934.3,926.45,926.95,36137
2025-03-21T12:00:00+05:30,926.95,928.55,921.8,924.15,92401
2025-03-21T12:15:00+05:30,923.3,925.45,922.6,923.55,60958
2025-03-21T12:30:00+05:30,923.55,926.65,922.05,924.0,65268
2025-03-21T12:45:00+05:30,924.0,924.45,921.05,922.35,54681
2025-03-21T13:00:00+05:30,922.3,923.0,918.15,918.35,70144
2025-03-21T13:15:00+05:30,918.35,919.9,912.05,912.85,110027
2025-03-21T13:30:00+05:30,912.95,914.15,907.4,908.25,108868
2025-03-21T13:45:00+05:30,908.25,909.5,904.15,906.15,93477
2025-03-21T14:00:00+05:30,906.15,914.8,905.45,912.15,109127
2025-03-21T14:15:00+05:30,912.3,912.7,905.0,908.0,131517
2025-03-21T14:30:00+05:30,908.25,910.65,906.3,908.0,160793
2025-03-21T14:45:00+05:30,907.65,918.0,907.05,909.8,403047
2025-03-21T15:00:00+05:30,909.85,925.0,901.25,918.35,2476319
2025-03-21T15:15:00+05:30,918.35,924.7,900.9,915.0,2090800
2025-03-24T09:15:00+05:30,928.7,934.95,923.0,924.0,168817
2025-03-24T09:30:00+05:30,923.8,923.85,912.1,918.35,101572
2025-03-24T09:45:00+05:30,917.9,921.8,912.5,920.0,69576
2025-03-24T10:00:00+05:30,920.0,922.0,918.15,920.55,29859
2025-03-24T10:15:00+05:30,920.6,932.85,920.2,922.75,164003
2025-03-24T10:30:00+05:30,922.2,924.5,918.5,919.7,26240
2025-03-24T10:45:00+05:30,919.5,923.0,918.5,922.6,19306
2025-03-24T11:00:00+05:30,922.4,924.6,920.45,922.35,24593
2025-03-24T11:15:00+05:30,922.4,922.75,920.15,920.7,18410
2025-03-24T11:30:00+05:30,920.7,921.6,914.25,915.0,80360
2025-03-24T11:45:00+05:30,915.4,915.45,914.0,914.95,29785
2025-03-24T12:00:00+05:30,914.65,915.3,913.1,915.0,24067
2025-03-24T12:15:00+05:30,915.0,915.6,914.1,914.6,17504
2025-03-24T12:30:00+05:30,915.0,916.95,914.65,916.7,52221
2025-03-24T12:45:00+05:30,916.5,919.8,916.25,919.5,24889
2025-03-24T13:00:00+05:30,919.5,921.85,918.75,920.95,27996
2025-03-24T13:15:00+05:30,920.95,920.95,919.0,920.0,14331
2025-03-24T13:30:00+05:30,919.55,920.8,919.25,920.0,16824
2025-03-24T13:45:00+05:30,920.0,920.1,917.05,920.1,30638
2025-03-24T14:00:00+05:30,920.25,920.25,918.65,919.3,7675
2025-03-24T14:15:00+05:30,918.65,919.55,917.25,918.75,27387
2025-03-24T14:30:00+05:30,918.25,919.5,917.3,918.6,21334
2025-03-24T14:45:00+05:30,918.4,921.55,915.4,920.55,38468
2025-03-24T15:00:00+05:30,920.85,925.0,918.7,922.0,112018
2025-03-24T15:15:00+05:30,922.1,923.0,915.55,918.5,105524
2025-03-25T09:15:00+05:30,927.1,930.4,906.3,910.0,177669
2025-03-25T09:30:00+05:30,910.0,914.6,908.1,909.2,76326
2025-03-25T09:45:00+05:30,909.2,920.0,908.2,915.4,71979
2025-03-25T10:00:00+05:30,914.85,917.0,908.85,913.05,75221
2025-03-25T10:15:00+05:30,912.95,925.0,912.7,919.0,94478
2025-03-25T10:30:00+05:30,919.4,921.0,914.2,914.9,50402
2025-03-25T10:45:00+05:30,915.15,922.6,914.4,921.0,95027
2025-03-25T11:00:00+05:30,921.25,939.45,919.15,936.15,484528
2025-03-25T11:15:00+05:30,936.7,941.8,931.5,937.15,222696
2025-03-25T11:30:00+05:30,936.95,940.9,924.0,926.6,127737
2025-03-25T11:45:00+05:30,926.45,929.0,922.1,926.95,42058
2025-03-25T12:00:00+05:30,927.25,929.75,923.75,927.0,26802
2025-03-25T12:15:00+05:30,926.75,928.15,922.15,923.15,24222
2025-03-25T12:30:00+05:30,923.35,924.8,922.05,923.7,28264
2025-03-25T12:45:00+05:30,923.15,928.95,923.1,925.4,30510
2025-03-25T13:00:00+05:30,925.4,926.75,924.1,924.95,20187
2025-03-25T13:15:00+05:30,924.8,925.0,916.8,917.3,44260
2025-03-25T13:30:00+05:30,917.5,922.9,917.1,922.25,22445
2025-03-25T13:45:00+05:30,922.25,924.95,921.15,923.5,21644
2025-03-25T14:00:00+05:30,923.5,923.95,921.1,923.05,17001
2025-03-25T14:15:00+05:30,923.5,924.15,920.05,920.05,24079
2025-03-25T14:30:00+05:30,920.45,921.45,916.0,916.0,29463
2025-03-25T14:45:00+05:30,916.0,918.35,915.0,915.15,28339
2025-03-25T15:00:00+05:30,915.3,915.55,910.6,911.35,66049
2025-03-25T15:15:00+05:30,911.35,913.25,905.4,909.0,113075
2025-03-26T09:15:00+05:30,914.6,918.0,909.0,915.35,104404
2025-03-26T09:30:00+05:30,915.0,918.65,904.65,905.65,60352
2025-03-26T09:45:00+05:30,905.0,910.15,901.55,909.1,46323
2025-03-26T10:00:00+05:30,909.65,914.4,906.55,912.8,32206
2025-03-26T10:15:00+05:30,912.85,914.7,910.25,912.1,23247
2025-03-26T10:30:00+05:30,912.35,914.0,910.95,911.65,7208
2025-03-26T10:45:00+05:30,911.95,912.95,910.4,910.95,11770
2025-03-26T11:00:00+05:30,911.0,911.25,907.3,910.85,18338
2025-03-26T11:15:00+05:30,911.35,911.5,908.7,911.5,5699
2025-03-26T11:30:00+05:30,911.1,911.95,909.2,910.0,5032
2025-03-26T11:45:00+05:30,910.4,910.95,906.3,907.5,7427
2025-03-26T12:00:00+05:30,907.5,909.85,906.0,908.3,7144
2025-03-26T12:15:00+05:30,908.75,909.25,906.65,907.5,4194
2025-03-26T12:30:00+05:30,907.5,910.0,907.5,909.0,13433
2025-03-26T12:45:00+05:30,909.0,911.45,909.0,909.65,10051
2025-03-26T13:00:00+05:30,910.0,910.7,906.15,906.25,8416
2025-03-26T13:15:00+05:30,907.0,907.65,904.2,906.5,14023
2025-03-26T13:30:00+05:30,906.05,907.35,904.75,904.75,7124
2025-03-26T13:45:00+05:30,904.8,906.3,898.0,900.0,70166
2025-03-26T14:00:00+05:30,899.85,900.5,898.0,898.5,28780
2025-03-26T14:15:00+05:30,898.4,900.0,896.0,897.3,16973
2025-03-26T14:30:00+05:30,897.3,897.35,891.35,892.25,26914
2025-03-26T14:45:00+05:30,892.25,901.6,891.1,899.8,110946
2025-03-26T15:00:00+05:30,899.85,902.05,898.75,900.0,106520
2025-03-26T15:15:00+05:30,899.85,900.0,891.0,893.0,132493
2025-03-27T09:15:00+05:30,895.0,903.4,883.3,893.5,140801
2025-03-27T09:30:00+05:30,893.0,897.95,888.1,890.3,75888
2025-03-27T09:45:00+05:30,890.0,895.8,886.05,895.8,36343
2025-03-27T10:00:00+05:30,895.45,899.95,892.25,898.9,24568
2025-03-27T10:15:00+05:30,899.0,909.8,898.15,907.45,79786
2025-03-27T10:30:00+05:30,908.0,911.8,906.6,911.0,37382
2025-03-27T10:45:00+05:30,911.55,913.65,909.6,910.1,42735
2025-03-27T11:00:00+05:30,910.55,912.9,909.0,912.1,26592
2025-03-27T11:15:00+05:30,912.0,915.0,910.3,911.45,29330
2025-03-27T11:30:00+05:30,911.5,916.0,910.3,913.65,35170
2025-03-27T11:45:00+05:30,913.6,915.45,912.1,912.1,15872
2025-03-27T12:00:00+05:30,913.4,913.8,909.7,912.05,17182
2025-03-27T12:15:00+05:30,912.75,914.9,909.0,909.85,24864
2025-03-27T12:30:00+05:30,909.85,911.9,908.55,911.8,17625
2025-03-27T12:45:00+05:30,911.95,915.95,911.4,915.0,21954
2025-03-27T13:00:00+05:30,915.0,919.1,915.0,918.8,28876
2025-03-27T13:15:00+05:30,918.8,921.0,917.5,920.95,39599
2025-03-27T13:30:00+05:30,920.95,922.0,915.65,916.3,24815
2025-03-27T13:45:00+05:30,916.35,918.0,913.25,916.2,33918
2025-03-27T14:00:00+05:30,916.2,922.75,914.25,922.0,34166
2025-03-27T14:15:00+05:30,922.0,927.6,921.3,922.9,140517
2025-03-27T14:30:00+05:30,922.85,929.55,920.2,921.4,72219
2025-03-27T14:45:00+05:30,921.55,928.75,921.25,927.55,53078
2025-03-27T15:00:00+05:30,927.7,952.0,926.95,951.55,561039
2025-03-27T15:15:00+05:30,951.8,961.3,942.0,944.0,456081
2025-03-28T09:15:00+05:30,948.9,952.4,935.05,941.15,136022
2025-03-28T09:30:00+05:30,941.15,945.75,938.1,941.3,46660
2025-03-28T09:45:00+05:30,941.3,950.4,939.75,946.4,70892
2025-03-28T10:00:00+05:30,947.0,947.0,938.0,941.35,38490
2025-03-28T10:15:00+05:30,940.35,941.45,938.35,940.2,9266
2025-03-28T10:30:00+05:30,940.2,943.5,938.9,938.9,16110
2025-03-28T10:45:00+05:30,939.0,941.5,935.5,936.15,16503
2025-03-28T11:00:00+05:30,936.7,940.0,936.0,939.95,17840
2025-03-28T11:15:00+05:30,940.0,940.0,936.55,939.1,5801
2025-03-28T11:30:00+05:30,939.1,946.65,937.5,946.2,32814
2025-03-28T11:45:00+05:30,946.2,950.5,945.9,948.5,60553
2025-03-28T12:00:00+05:30,948.5,949.95,947.25,949.7,24912
2025-03-28T12:15:00+05:30,949.75,949.95,946.1,947.15,35671
2025-03-28T12:30:00+05:30,947.15,947.95,944.0,946.0,35102
2025-03-28T12:45:00+05:30,945.95,946.0,941.25,942.85,34249
2025-03-28T13:00:00+05:30,942.8,944.9,940.95,944.3,26338
2025-03-28T13:15:00+05:30,944.3,945.95,943.25,945.0,22687
2025-03-28T13:30:00+05:30,945.0,946.0,943.0,943.7,27288
2025-03-28T13:45:00+05:30,944.4,944.95,941.05,942.55,31974
2025-03-28T14:00:00+05:30,942.5,942.75,937.05,939.0,69065
2025-03-28T14:15:00+05:30,938.6,941.85,936.55,941.1,33088
2025-03-28T14:30:00+05:30,941.15,944.55,939.1,943.5,37917
2025-03-28T14:45:00+05:30,944.0,946.0,942.75,944.85,51435
2025-03-28T15:00:00+05:30,944.85,945.85,936.3,937.85,90655
2025-03-28T15:15:00+05:30,937.25,938.9,930.25,933.0,96535
2025-04-01T09:15:00+05:30,924.0,930.0,916.25,925.8,85095
2025-04-01T09:30:00+05:30,925.15,927.9,922.3,924.5,35434
2025-04-01T09:45:00+05:30,925.0,933.9,923.7,933.9,47273
2025-04-01T10:00:00+05:30,933.35,935.65,927.85,930.85,67205
2025-04-01T10:15:00+05:30,930.5,932.9,924.15,925.0,15314
2025-04-01T10:30:00+05:30,925.15,926.05,922.15,924.55,20735
2025-04-01T10:45:00+05:30,924.55,925.85,921.0,922.85,14656
2025-04-01T11:00:00+05:30,923.0,923.85,921.35,922.1,8407
2025-04-01T11:15:00+05:30,922.1,924.2,919.15,919.5,18057
2025-04-01T11:30:00+05:30,919.25,920.25,915.5,918.2,36479
2025-04-01T11:45:00+05:30,918.0,920.3,917.0,917.85,7818
2025-04-01T12:00:00+05:30,917.8,918.0,916.05,917.65,6728
2025-04-01T12:15:00+05:30,918.0,920.0,916.05,916.8,14865
2025-04-01T12:30:00+05:30,916.85,919.25,916.2,917.75,6659
2025-04-01T12:45:00+05:30,917.65,919.0,917.6,918.7,4150
2025-04-01T13:00:00+05:30,918.45,918.5,917.0,917.7,3466
2025-04-01T13:15:00+05:30,917.7,917.8,913.0,915.8,13699
2025-04-01T13:30:00+05:30,915.8,917.5,913.0,913.8,13388
2025-04-01T13:45:00+05:30,914.3,915.0,912.0,914.4,8284
2025-04-01T14:00:00+05:30,914.4,916.0,913.0,914.55,18941
2025-04-01T14:15:00+05:30,913.9,914.5,910.5,911.5,14760
2025-04-01T14:30:00+05:30,911.2,912.7,911.0,911.45,19986
2025-04-01T14:45:00+05:30,911.3,912.0,911.0,911.5,12331
2025-04-01T15:00:00+05:30,911.5,912.0,908.1,910.0,35034
2025-04-01T15:15:00+05:30,909.8,911.55,908.0,908.9,42724
2025-04-02T09:15:00+05:30,894.4,896.35,883.35,887.85,180885
2025-04-02T09:30:00+05:30,887.2,894.0,886.6,890.6,85943
2025-04-02T09:45:00+05:30,890.1,891.4,887.0,889.15,27227
2025-04-02T10:00:00+05:30,889.15,891.9,888.0,888.95,17439
2025-04-02T10:15:00+05:30,889.15,890.5,888.2,890.5,9880
2025-04-02T10:30:00+05:30,890.5,890.8,889.35,890.45,12852
2025-04-02T10:45:00+05:30,890.45,892.5,890.45,891.5,17272
2025-04-02T11:00:00+05:30,891.5,892.0,889.5,889.5,18705
2025-04-02T11:15:00+05:30,889.5,890.0,888.0,888.8,9947
2025-04-02T11:30:00+05:30,889.1,893.9,889.05,891.1,17176
2025-04-02T11:45:00+05:30,891.1,893.25,890.85,891.85,7163
2025-04-02T12:00:00+05:30,891.1,893.85,891.1,892.35,11073
2025-04-02T12:15:00+05:30,892.55,893.0,890.1,891.95,16989
2025-04-02T12:30:00+05:30,891.85,893.4,891.8,892.5,14276
2025-04-02T12:45:00+05:30,892.35,893.3,890.5,891.0,14629
2025-04-02T13:00:00+05:30,891.15,892.8,890.5,890.65,15556
2025-04-02T13:15:00+05:30,890.75,892.4,890.5,891.25,10460
2025-04-02T13:30:00+05:30,891.1,891.85,890.0,890.15,13975
2025-04-02T13:45:00+05:30,890.0,890.7,888.4,889.1,11387
2025-04-02T14:00:00+05:30,889.0,890.0,886.1,887.3,12596
2025-04-02T14:15:00+05:30,887.05,889.85,886.6,888.95,12609
2025-04-02T14:30:00+05:30,888.4,891.0,887.55,890.75,23251
2025-04-02T14:45:00+05:30,890.7,893.8,890.25,891.35,53941
2025-04-02T15:00:00+05:30,891.35,892.0,890.25,890.5,36481
2025-04-02T15:15:00+05:30,890.95,891.0,887.7,888.0,73658
2025-04-03T09:15:00+05:30,879.4,897.9,877.35,897.7,123958
2025-04-03T09:30:00+05:30,897.7,898.8,888.05,892.4,56259
2025-04-03T09:45:00+05:30,892.8,893.85,885.15,890.8,30901
2025-04-03T10:00:00+05:30,890.8,894.5,890.2,894.1,15306
2025-04-03T10:15:00+05:30,894.0,895.8,892.2,894.85,16940
2025-04-03T10:30:00+05:30,894.85,897.4,892.3,897.0,12887
2025-04-03T10:45:00+05:30,897.0,898.45,895.3,898.45,12462
2025-04-03T11:00:00+05:30,898.0,905.85,894.65,904.15,47573
2025-04-03T11:15:00+05:30,903.55,903.95,900.0,900.85,9826
2025-04-03T11:30:00+05:30,900.9,901.5,900.4,901.0,2831
2025-04-03T11:45:00+05:30,900.6,901.3,896.0,897.0,11209
2025-04-03T12:00:00+05:30,896.95,897.0,892.0,893.15,16726
2025-04-03T12:15:00+05:30,893.15,893.2,891.1,892.85,10066
2025-04-03T12:30:00+05:30,892.95,894.05,892.4,892.4,7163
2025-04-03T12:45:00+05:30,892.85,893.0,891.1,892.0,9720
2025-04-03T13:00:00+05:30,891.85,892.25,890.0,891.0,4713
2025-04-03T13:15:00+05:30,891.35,892.0,890.05,891.85,9490
2025-04-03T13:30:00+05:30,891.85,892.5,891.2,892.5,1805
2025-04-03T13:45:00+05:30,892.5,893.75,892.0,893.2,6338
2025-04-03T14:00:00+05:30,893.15,893.2,891.5,892.1,6330
2025-04-03T14:15:00+05:30,891.6,898.8,891.55,896.75,18275
2025-04-03T14:30:00+05:30,896.8,897.5,895.0,895.55,8911
2025-04-03T14:45:00+05:30,895.6,895.85,893.15,894.6,10571
2025-04-03T15:00:00+05:30,894.6,897.4,893.25,894.15,19324
2025-04-03T15:15:00+05:30,893.7,896.95,892.0,896.95,38850
2025-04-04T09:15:00+05:30,890.95,896.0,873.55,880.3,158062
2025-04-04T09:30:00+05:30,880.25,880.95,876.0,876.0,48708
2025-04-04T09:45:00+05:30,876.0,876.75,869.0,870.7,63554
2025-04-04T10:00:00+05:30,870.25,871.4,862.95,864.4,44115
2025-04-04T10:15:00+05:30,864.75,866.5,860.0,860.5,29083
2025-04-04T10:30:00+05:30,860.55,867.65,860.0,865.1,23246
2025-04-04T10:45:00+05:30,865.1,868.75,864.2,868.1,20819
2025-04-04T11:00:00+05:30,868.5,870.65,866.8,868.65,12609
2025-04-04T11:15:00+05:30,868.6,868.75,855.9,855.9,92027
2025-04-04T11:30:00+05:30,855.95,858.5,854.8,857.75,45723
2025-04-04T11:45:00+05:30,857.9,858.5,856.5,858.2,12437
2025-04-04T12:00:00+05:30,857.8,858.2,854.5,856.0,28970
2025-04-04T12:15:00+05:30,856.0,857.95,851.5,857.2,36100
2025-04-04T12:30:00+05:30,856.65,856.85,846.65,846.65,34600
2025-04-04T12:45:00+05:30,847.15,849.9,846.1,848.3,33948
2025-04-04T13:00:00+05:30,848.35,848.9,845.0,845.45,28215
2025-04-04T13:15:00+05:30,845.5,849.0,845.15,849.0,11039
2025-04-04T13:30:00+05:30,849.0,849.9,845.0,845.3,14455
2025-04-04T13:45:00+05:30,845.3,845.9,842.5,843.0,33274
2025-04-04T14:00:00+05:30,843.0,843.0,840.0,841.25,37702
2025-04-04T14:15:00+05:30,840.65,843.45,840.6,842.7,19950
2025-04-04T14:30:00+05:30,842.65,843.85,840.0,840.45,17286
2025-04-04T14:45:00+05:30,840.1,867.6,840.0,867.15,172706
2025-04-04T15:00:00+05:30,867.6,887.35,864.2,880.95,315103
2025-04-04T15:15:00+05:30,881.0,889.0,873.05,876.95,213604
2025-04-07T09:15:00+05:30,776.0,831.0,774.05,828.85,181357
2025-04-07T09:30:00+05:30,828.15,834.5,816.6,820.3,76349
2025-04-07T09:45:00+05:30,820.25,820.95,811.15,815.5,57471
2025-04-07T10:00:00+05:30,815.2,819.6,805.7,806.8,46698
2025-04-07T10:15:00+05:30,806.6,814.15,801.0,814.0,58852
2025-04-07T10:30:00+05:30,814.0,814.4,806.4,814.4,49531
2025-04-07T10:45:00+05:30,814.75,818.6,811.15,813.3,35531
2025-04-07T11:00:00+05:30,814.25,819.9,814.25,817.35,27210
2025-04-07T11:15:00+05:30,817.35,819.0,813.35,816.45,26348
2025-04-07T11:30:00+05:30,816.45,819.0,813.85,814.5,13439
2025-04-07T11:45:00+05:30,814.85,816.8,813.1,815.5,7929
2025-04-07T12:00:00+05:30,816.15,816.15,810.0,810.6,22792
2025-04-07T12:15:00+05:30,810.9,813.6,810.05,811.75,8436
2025-04-07T12:30:00+05:30,811.5,813.2,810.0,812.95,13176
2025-04-07T12:45:00+05:30,812.95,815.5,812.0,813.0,9994
2025-04-07T13:00:00+05:30,812.7,812.85,810.2,811.65,10826
2025-04-07T13:15:00+05:30,811.45,817.75,810.0,816.15,16588
2025-04-07T13:30:00+05:30,816.15,818.55,814.05,815.15,20676
2025-04-07T13:45:00+05:30,815.55,817.9,813.3,815.65,16084
2025-04-07T14:00:00+05:30,815.6,818.0,814.0,814.2,15563
2025-04-07T14:15:00+05:30,814.7,816.55,812.45,815.2,18057
2025-04-07T14:30:00+05:30,815.5,824.45,813.75,824.45,32387
2025-04-07T14:45:00+05:30,824.5,837.45,824.35,833.8,76382
2025-04-07T15:00:00+05:30,832.95,839.0,828.0,831.3,60269
2025-04-07T15:15:00+05:30,830.8,864.0,830.6,860.0,126439
2025-04-08T09:15:00+05:30,873.15,879.75,858.8,868.15,104162
2025-04-08T09:30:00+05:30,867.3,868.5,854.1,855.8,43913
2025-04-08T09:45:00+05:30,855.4,863.25,855.05,861.25,23931
2025-04-08T10:00:00+05:30,861.85,862.0,857.0,860.5,12731
2025-04-08T10:15:00+05:30,860.0,863.0,857.2,858.35,14857
2025-04-08T10:30:00+05:30,858.35,859.9,849.2,849.4,31387
2025-04-08T10:45:00+05:30,849.7,856.15,846.95,853.0,27942
2025-04-08T11:00:00+05:30,853.6,858.8,850.1,854.5,24383
2025-04-08T11:15:00+05:30,854.2,857.15,852.3,854.4,6754
2025-04-08T11:30:00+05:30,854.85,857.9,852.0,852.15,9008
2025-04-08T11:45:00+05:30,852.5,855.0,851.7,853.65,5869
2025-04-08T12:00:00+05:30,853.55,855.0,852.5,855.0,6608
2025-04-08T12:15:00+05:30,855.0,866.95,855.0,865.0,37079
2025-04-08T12:30:00+05:30,865.0,866.8,861.6,864.3,21978
2025-04-08T12:45:00+05:30,864.3,864.85,862.2,864.8,4886
2025-04-08T13:00:00+05:30,864.75,864.8,860.5,862.4,10609
2025-04-08T13:15:00+05:30,862.4,865.25,861.8,862.5,9130
2025-04-08T13:30:00+05:30,863.4,863.4,858.5,859.35,8195
2025-04-08T13:45:00+05:30,859.2,864.65,857.0,859.1,14467
2025-04-08T14:00:00+05:30,859.7,859.7,853.0,854.05,33414
2025-04-08T14:15:00+05:30,854.05,856.45,853.35,854.4,22217
2025-04-08T14:30:00+05:30,854.4,854.6,852.2,853.95,12937
2025-04-08T14:45:00+05:30,853.95,858.0,853.1,853.9,50859
2025-04-08T15:00:00+05:30,853.9,854.9,842.55,848.0,100581
2025-04-08T15:15:00+05:30,848.6,849.45,844.7,847.0,61775
2025-04-09T09:15:00+05:30,849.0,859.4,845.3,845.65,84169
2025-04-09T09:30:00+05:30,846.2,847.95,840.3,846.35,40295
2025-04-09T09:45:00+05:30,846.85,849.9,845.2,846.35,26446
2025-04-09T10:00:00+05:30,846.55,847.6,837.1,838.95,39814
2025-04-09T10:15:00+05:30,838.85,840.95,835.65,836.45,47774
2025-04-09T10:30:00+05:30,836.2,837.85,833.65,834.8,24529
2025-04-09T10:45:00+05:30,834.3,835.05,830.0,831.8,25062
2025-04-09T11:00:00+05:30,831.6,831.6,827.6,829.45,28275
2025-04-09T11:15:00+05:30,829.45,830.2,828.7,829.8,11942
2025-04-09T11:30:00+05:30,829.8,830.75,828.0,830.0,54812
2025-04-09T11:45:00+05:30,830.0,831.0,829.0,829.45,28565
2025-04-09T12:00:00+05:30,829.45,841.8,828.65,841.0,52776
2025-04-09T12:15:00+05:30,840.95,841.85,837.05,841.4,15710
2025-04-09T12:30:00+05:30,841.45,847.9,841.2,846.95,26100
2025-04-09T12:45:00+05:30,847.0,852.35,846.25,852.0,36756
2025-04-09T13:00:00+05:30,852.0,855.85,850.05,851.9,32702
2025-04-09T13:15:00+05:30,851.95,852.7,849.65,851.1,15683
2025-04-09T13:30:00+05:30,850.95,851.65,848.0,849.0,7472
2025-04-09T13:45:00+05:30,849.0,849.4,846.5,847.75,9314
2025-04-09T14:00:00+05:30,847.7,847.9,844.05,844.45,3680
2025-04-09T14:15:00+05:30,844.1,847.35,844.0,844.7,8847
2025-04-09T14:30:00+05:30,845.25,847.0,844.25,846.35,7780
2025-04-09T14:45:00+05:30,846.7,847.2,842.35,845.8,17167
2025-04-09T15:00:00+05:30,846.4,864.0,845.6,853.95,129841
2025-04-09T15:15:00+05:30,853.95,857.4,846.0,849.9,162055
2025-04-11T09:15:00+05:30,875.0,878.8,867.6,878.05,104038
2025-04-11T09:30:00+05:30,878.45,878.95,871.0,872.5,40195
2025-04-11T09:45:00+05:30,872.7,875.9,871.35,872.45,29574
2025-04-11T10:00:00+05:30,872.45,874.95,871.75,872.05,13977
2025-04-11T10:15:00+05:30,872.05,873.0,868.6,871.6,11889
2025-04-11T10:30:00+05:30,871.6,873.0,868.0,870.95,16012
2025-04-11T10:45:00+05:30,870.35,873.5,867.95,872.85,15526
2025-04-11T11:00:00+05:30,872.4,876.7,872.3,875.05,10440
2025-04-11T11:15:00+05:30,875.05,875.45,873.25,873.9,2982
2025-04-11T11:30:00+05:30,873.85,876.0,873.15,873.15,5909
2025-04-11T11:45:00+05:30,873.4,881.45,873.0,875.8,28506
2025-04-11T12:00:00+05:30,875.75,885.0,874.05,884.2,34621
2025-04-11T12:15:00+05:30,884.2,885.0,881.8,883.65,19491
2025-04-11T12:30:00+05:30,883.55,888.7,883.0,886.3,35126
2025-04-11T12:45:00+05:30,886.55,888.3,885.65,887.45,12699
2025-04-11T13:00:00+05:30,887.0,890.0,886.25,887.85,24526
2025-04-11T13:15:00+05:30,887.85,888.3,880.5,881.7,15050
2025-04-11T13:30:00+05:30,881.5,881.5,876.95,879.5,21475
2025-04-11T13:45:00+05:30,879.0,880.65,876.5,879.75,10629
2025-04-11T14:00:00+05:30,879.5,879.9,875.65,879.1,15543
2025-04-11T14:15:00+05:30,879.1,883.95,879.05,879.65,37034
2025-04-11T14:30:00+05:30,879.9,880.75,877.5,879.95,9228
2025-04-11T14:45:00+05:30,880.0,894.0,879.95,893.75,94010
2025-04-11T15:00:00+05:30,893.6,895.0,891.1,893.65,115854
2025-04-11T15:15:00+05:30,894.0,894.65,887.15,889.85,81625
2025-04-15T09:15:00+05:30,905.4,920.25,901.15,918.15,194241
2025-04-15T09:30:00+05:30,918.15,919.4,916.0,916.6,38904
2025-04-15T09:45:00+05:30,916.7,919.9,911.15,912.8,42411
2025-04-15T10:00:00+05:30,912.8,918.5,910.2,918.0,52963
2025-04-15T10:15:00+05:30,918.1,924.7,918.0,920.25,93423
2025-04-15T10:30:00+05:30,920.25,921.3,918.4,919.4,21985
2025-04-15T10:45:00+05:30,918.75,920.35,916.55,918.25,11967
2025-04-15T11:00:00+05:30,917.9,920.0,917.5,918.8,13089
2025-04-15T11:15:00+05:30,918.55,919.5,917.35,919.5,9782
2025-04-15T11:30:00+05:30,919.5,921.1,914.4,915.0,98562
2025-04-15T11:45:00+05:30,915.0,916.35,914.15,915.95,9597
2025-04-15T12:00:00+05:30,915.95,916.5,914.5,915.4,9474
2025-04-15T12:15:00+05:30,915.4,916.5,914.1,915.7,15000
2025-04-15T12:30:00+05:30,915.35,916.2,914.5,916.0,10768
2025-04-15T12:45:00+05:30,915.85,928.5,914.55,918.5,185961
2025-04-15T13:00:00+05:30,918.6,919.1,915.3,916.65,26232
2025-04-15T13:15:00+05:30,916.55,917.0,915.0,916.0,13911
2025-04-15T13:30:00+05:30,916.4,916.45,914.85,915.95,12764
2025-04-15T13:45:00+05:30,915.95,916.5,914.7,915.6,11522
2025-04-15T14:00:00+05:30,915.05,915.65,912.75,912.95,15518
2025-04-15T14:15:00+05:30,912.75,913.6,912.05,912.5,10688
2025-04-15T14:30:00+05:30,912.5,924.0,911.05,923.0,56441
2025-04-15T14:45:00+05:30,923.5,928.0,922.3,928.0,110049
2025-04-15T15:00:00+05:30,927.65,930.0,925.6,929.5,128288
2025-04-15T15:15:00+05:30,929.9,932.0,928.0,929.2,118110
2025-04-16T09:15:00+05:30,926.0,939.8,921.6,938.7,88913
2025-04-16T09:30:00+05:30,938.7,939.9,934.1,937.15,29417
2025-04-16T09:45:00+05:30,937.15,937.95,933.0,935.85,29856
2025-04-16T10:00:00+05:30,936.2,937.95,933.0,937.1,24780
2025-04-16T10:15:00+05:30,936.45,937.05,930.0,935.55,28366
2025-04-16T10:30:00+05:30,935.1,935.55,926.45,927.3,39037
2025-04-16T10:45:00+05:30,927.3,927.5,923.0,925.4,24503
2025-04-16T11:00:00+05:30,925.4,927.6,924.5,925.5,21208
2025-04-16T11:15:00+05:30,925.6,929.7,925.15,928.0,12854
2025-04-16T11:30:00+05:30,927.95,932.0,926.4,931.8,28662
2025-04-16T11:45:00+05:30,931.0,933.9,931.0,933.5,18854
2025-04-16T12:00:00+05:30,933.5,936.9,930.25,931.15,42842
2025-04-16T12:15:00+05:30,931.85,932.2,929.3,929.3,14479
2025-04-16T12:30:00+05:30,929.15,930.45,928.05,928.5,9132
2025-04-16T12:45:00+05:30,928.15,928.5,925.05,926.05,20079
2025-04-16T13:00:00+05:30,926.05,928.5,926.05,928.35,9794
2025-04-16T13:15:00+05:30,928.5,929.0,924.5,924.5,11019
2025-04-16T13:30:00+05:30,924.9,925.6,918.05,919.0,49717
2025-04-16T13:45:00+05:30,919.0,921.0,913.55,918.95,40938
2025-04-16T14:00:00+05:30,918.95,919.85,916.95,919.15,32058
2025-04-16T14:15:00+05:30,919.3,919.5,917.05,918.0,13374
2025-04-16T14:30:00+05:30,918.4,931.95,917.95,931.15,80574
2025-04-16T14:45:00+05:30,931.35,944.4,930.2,934.75,204690
2025-04-16T15:00:00+05:30,935.0,945.1,935.0,942.35,136959
2025-04-16T15:15:00+05:30,942.2,943.5,935.1,937.0,89165
2025-04-17T09:15:00+05:30,939.9,974.85,936.8,947.5,412346
2025-04-17T09:30:00+05:30,947.1,955.5,941.1,954.25,116075
2025-04-17T09:45:00+05:30,954.75,957.6,948.0,952.3,93379
2025-04-17T10:00:00+05:30,951.65,952.2,944.4,950.15,37175
2025-04-17T10:15:00+05:30,950.8,953.35,947.1,950.35,29030
2025-04-17T10:30:00+05:30,950.1,952.5,948.5,951.75,19338
2025-04-17T10:45:00+05:30,951.75,952.4,949.75,951.0,17760
2025-04-17T11:00:00+05:30,951.25,956.15,949.3,954.85,47486
2025-04-17T11:15:00+05:30,954.55,956.0,953.65,954.1,14450
2025-04-17T11:30:00+05:30,954.5,954.8,952.45,954.1,14355
2025-04-17T11:45:00+05:30,954.0,965.05,952.5,960.75,124724
2025-04-17T12:00:00+05:30,960.15,963.1,958.55,961.25,62374
2025-04-17T12:15:00+05:30,961.25,968.0,959.75,965.7,63077
2025-04-17T12:30:00+05:30,965.2,968.0,961.25,963.0,39175
2025-04-17T12:45:00+05:30,963.0,966.55,960.6,963.7,27782
2025-04-17T13:00:00+05:30,963.65,965.45,963.0,963.2,15409
2025-04-17T13:15:00+05:30,963.2,966.0,963.0,964.5,24338
2025-04-17T13:30:00+05:30,964.4,966.5,962.85,964.25,17922
2025-04-17T13:45:00+05:30,964.3,968.55,962.85,968.35,28104
2025-04-17T14:00:00+05:30,968.7,971.05,962.5,963.9,60789
2025-04-17T14:15:00+05:30,963.95,968.05,962.7,966.55,37636
2025-04-17T14:30:00+05:30,966.7,968.95,965.55,966.6,14953
2025-04-17T14:45:00+05:30,967.0,970.0,965.85,968.5,34394
2025-04-17T15:00:00+05:30,968.45,969.4,962.7,967.0,55512
2025-04-17T15:15:00+05:30,966.4,972.0,963.0,964.0,142994
2025-04-21T09:15:00+05:30,974.0,980.8,963.85,972.1,95745
2025-04-21T09:30:00+05:30,972.25,975.0,969.2,973.2,39186
2025-04-21T09:45:00+05:30,972.75,977.5,972.6,974.5,44110
2025-04-21T10:00:00+05:30,974.35,979.75,974.1,975.85,27779
2025-04-21T10:15:00+05:30,975.5,976.85,973.1,974.3,11914
2025-04-21T10:30:00+05:30,974.3,976.9,973.25,973.85,16594
2025-04-21T10:45:00+05:30,973.3,973.85,970.1,971.0,13777
2025-04-21T11:00:00+05:30,970.65,972.55,968.35,971.55,17059
2025-04-21T11:15:00+05:30,971.95,974.1,971.05,971.7,16830
2025-04-21T11:30:00+05:30,971.7,972.65,971.05,971.05,5353
2025-04-21T11:45:00+05:30,971.05,973.0,971.0,972.15,7042
2025-04-21T12:00:00+05:30,971.25,973.65,969.0,969.85,23762
2025-04-21T12:15:00+05:30,969.85,971.7,966.6,968.45,32533
2025-04-21T12:30:00+05:30,968.7,978.2,968.05,977.25,68021
2025-04-21T12:45:00+05:30,977.25,983.8,973.8,983.8,89278
2025-04-21T13:00:00+05:30,983.25,984.75,980.85,983.65,48472
2025-04-21T13:15:00+05:30,983.75,985.0,981.25,984.25,37160
2025-04-21T13:30:00+05:30,984.0,984.5,978.7,982.15,60420
2025-04-21T13:45:00+05:30,982.15,984.5,981.4,984.45,27716
2025-04-21T14:00:00+05:30,984.5,987.8,984.05,985.85,52208
2025-04-21T14:15:00+05:30,986.0,1004.55,985.25,1004.45,184707
2025-04-21T14:30:00+05:30,1004.45,1008.9,1000.0,1003.75,182183
2025-04-21T14:45:00+05:30,1004.6,1012.5,1003.8,1008.35,127803
2025-04-21T15:00:00+05:30,1008.4,1014.5,1004.7,1008.1,137954
2025-04-21T15:15:00+05:30,1008.55,1014.3,1005.95,1009.0,135329
2025-04-22T09:15:00+05:30,1032.15,1052.0,1016.9,1051.4,505255
2025-04-22T09:30:00+05:30,1051.45,1079.45,1048.1,1071.1,960562
2025-04-22T09:45:00+05:30,1071.15,1090.0,1063.3,1089.8,691978
2025-04-22T10:00:00+05:30,1090.0,1090.0,1065.5,1071.95,488360
2025-04-22T10:15:00+05:30,1071.5,1071.7,1057.5,1061.75,293220
2025-04-22T10:30:00+05:30,1061.75,1071.5,1058.2,1068.1,207491
2025-04-22T10:45:00+05:30,1068.35,1080.9,1065.8,1079.4,275585
2025-04-22T11:00:00+05:30,1078.85,1082.0,1058.85,1063.65,392456
2025-04-22T11:15:00+05:30,1063.6,1064.5,1059.1,1060.75,104245
2025-04-22T11:30:00+05:30,1060.55,1060.85,1053.1,1058.0,138705
2025-04-22T11:45:00+05:30,1058.05,1058.05,1051.6,1054.8,106377
2025-04-22T12:00:00+05:30,1054.85,1055.1,1044.75,1045.85,131193
2025-04-22T12:15:00+05:30,1045.85,1048.65,1040.2,1041.0,123886
2025-04-22T12:30:00+05:30,1040.95,1042.0,1029.0,1033.1,201473
2025-04-22T12:45:00+05:30,1033.0,1035.0,1029.05,1033.75,97980
2025-04-22T13:00:00+05:30,1033.8,1035.0,1030.2,1033.95,87278
2025-04-22T13:15:00+05:30,1033.95,1036.75,1030.0,1032.2,68935
2025-04-22T13:30:00+05:30,1032.1,1034.0,1029.05,1033.45,42370
2025-04-22T13:45:00+05:30,1033.5,1033.55,1030.5,1032.7,24898
2025-04-22T14:00:00+05:30,1032.75,1032.95,1029.05,1030.0,42642
2025-04-22T14:15:00+05:30,1030.0,1032.0,1029.85,1031.95,28985
2025-04-22T14:30:00+05:30,1032.0,1034.85,1029.15,1033.4,60019
2025-04-22T14:45:00+05:30,1033.6,1035.2,1031.0,1033.2,64720
2025-04-22T15:00:00+05:30,1033.2,1034.0,1025.0,1031.0,358589
2025-04-22T15:15:00+05:30,1031.05,1032.15,1015.0,1026.0,632012
2025-04-23T09:15:00+05:30,1060.4,1067.0,1040.25,1045.0,443691
2025-04-23T09:30:00+05:30,1045.0,1056.5,1038.2,1046.85,317706
2025-04-23T09:45:00+05:30,1046.85,1049.4,1039.2,1043.8,89680
2025-04-23T10:00:00+05:30,1043.9,1046.9,1027.0,1027.85,117074
2025-04-23T10:15:00+05:30,1028.1,1038.4,1026.9,1037.3,135272
2025-04-23T10:30:00+05:30,1037.7,1039.55,1034.0,1034.1,30563
2025-04-23T10:45:00+05:30,1034.7,1035.7,1028.0,1033.45,66187
2025-04-23T11:00:00+05:30,1033.4,1038.15,1032.7,1036.8,34099
2025-04-23T11:15:00+05:30,1037.45,1044.45,1035.1,1041.2,52604
2025-04-23T11:30:00+05:30,1041.15,1057.0,1040.2,1052.0,222952
2025-04-23T11:45:00+05:30,1052.25,1072.0,1046.45,1057.5,402057
2025-04-23T12:00:00+05:30,1057.5,1061.35,1052.05,1059.8,136332
2025-04-23T12:15:00+05:30,1059.8,1060.0,1054.65,1058.0,49145
2025-04-23T12:30:00+05:30,1057.5,1060.0,1056.25,1058.45,108159
2025-04-23T12:45:00+05:30,1058.15,1060.45,1054.0,1059.65,54635
2025-04-23T13:00:00+05:30,1059.75,1073.7,1057.55,1071.0,308378
2025-04-23T13:15:00+05:30,1070.4,1085.0,1067.3,1083.4,475117
2025-04-23T13:30:00+05:30,1083.75,1085.0,1072.85,1080.7,347356
2025-04-23T13:45:00+05:30,1080.25,1097.7,1079.85,1081.5,667928
2025-04-23T14:00:00+05:30,1081.5,1089.55,1071.1,1072.5,529264
2025-04-23T14:15:00+05:30,1072.5,1081.0,1066.0,1073.0,481485
2025-04-23T14:30:00+05:30,1073.0,1081.0,1068.3,1073.5,270069
2025-04-23T14:45:00+05:30,1074.0,1078.6,1066.5,1069.9,333989
2025-04-23T15:00:00+05:30,1069.8,1076.0,1061.2,1071.45,387204
2025-04-23T15:15:00+05:30,1071.4,1072.8,1066.0,1071.0,372096
2025-04-24T09:15:00+05:30,1066.0,1066.0,1046.2,1048.0,340654
2025-04-24T09:30:00+05:30,1048.6,1054.15,1044.4,1048.25,155515
2025-04-24T09:45:00+05:30,1048.2,1051.25,1043.15,1050.5,78831
2025-04-24T10:00:00+05:30,1050.05,1056.3,1049.0,1050.15,64271
2025-04-24T10:15:00+05:30,1050.65,1052.0,1048.0,1050.3,18922
2025-04-24T10:30:00+05:30,1050.3,1057.0,1048.5,1051.95,58154
2025-04-24T10:45:00+05:30,1052.0,1054.0,1050.25,1053.5,15562
2025-04-24T11:00:00+05:30,1053.4,1054.8,1052.0,1052.95,15942
2025-04-24T11:15:00+05:30,1053.0,1056.0,1052.5,1053.05,17139
2025-04-24T11:30:00+05:30,1053.05,1060.9,1052.55,1058.35,37917
2025-04-24T11:45:00+05:30,1059.0,1059.7,1055.5,1056.65,20037
2025-04-24T12:00:00+05:30,1056.85,1057.65,1048.5,1049.15,46242
2025-04-24T12:15:00+05:30,1049.05,1051.0,1049.05,1050.1,9153
2025-04-24T12:30:00+05:30,1050.65,1050.95,1047.0,1048.65,10613
2025-04-24T12:45:00+05:30,1048.5,1049.35,1047.0,1047.05,11216
2025-04-24T13:00:00+05:30,1047.35,1048.65,1045.0,1046.6,14538
2025-04-24T13:15:00+05:30,1046.75,1047.35,1045.5,1047.05,6621
2025-04-24T13:30:00+05:30,1046.35,1047.15,1045.0,1045.15,19151
2025-04-24T13:45:00+05:30,1045.0,1049.6,1044.0,1047.45,25975
2025-04-24T14:00:00+05:30,1047.2,1048.7,1046.6,1047.55,7121
2025-04-24T14:15:00+05:30,1047.25,1050.25,1045.85,1046.65,29493
2025-04-24T14:30:00+05:30,1046.25,1046.6,1037.25,1040.45,63447
2025-04-24T14:45:00+05:30,1040.65,1041.0,1034.05,1035.2,40521
2025-04-24T15:00:00+05:30,1035.65,1041.5,1035.0,1037.8,78978
2025-04-24T15:15:00+05:30,1038.0,1039.5,1035.0,1035.7,91591
2025-04-25T09:15:00+05:30,1034.0,1057.4,1024.4,1045.4,418393
2025-04-25T09:30:00+05:30,1045.0,1048.8,1019.4,1021.0,198256
2025-04-25T09:45:00+05:30,1021.1,1026.0,1005.8,1008.4,128490
2025-04-25T10:00:00+05:30,1007.45,1011.95,988.9,1005.0,339965
2025-04-25T10:15:00+05:30,1005.6,1009.85,989.0,989.35,159027
2025-04-25T10:30:00+05:30,989.9,1002.1,989.9,1001.3,59817
2025-04-25T10:45:00+05:30,1000.8,1005.45,997.0,999.5,36130
2025-04-25T11:00:00+05:30,999.0,1001.8,995.0,1000.0,29638
2025-04-25T11:15:00+05:30,1000.25,1000.4,992.2,995.5,23441
2025-04-25T11:30:00+05:30,995.5,995.95,989.1,990.1,46827
2025-04-25T11:45:00+05:30,990.0,990.5,985.1,988.85,52757
2025-04-25T12:00:00+05:30,989.4,994.85,986.5,994.2,36415
2025-04-25T12:15:00+05:30,994.6,998.9,991.0,996.0,34888
2025-04-25T12:30:00+05:30,995.45,1001.7,994.95,999.45,34869
2025-04-25T12:45:00+05:30,999.35,1006.0,999.35,1003.65,29687
2025-04-25T13:00:00+05:30,1003.55,1003.55,996.5,998.75,19299
2025-04-25T13:15:00+05:30,998.8,1002.0,995.4,996.8,18493
2025-04-25T13:30:00+05:30,996.85,1001.4,996.55,998.55,10311
2025-04-25T13:45:00+05:30,998.85,1004.0,996.1,1003.75,19699
2025-04-25T14:00:00+05:30,1003.75,1007.05,993.1,998.0,47327
2025-04-25T14:15:00+05:30,997.55,1001.75,997.5,998.95,18753
2025-04-25T14:30:00+05:30,999.15,1000.0,993.0,996.4,24004
2025-04-25T14:45:00+05:30,996.3,998.6,993.25,993.65,34312
2025-04-25T15:00:00+05:30,994.0,996.25,988.35,989.65,82612
2025-04-25T15:15:00+05:30,989.7,992.85,982.0,985.0,122007
2025-04-28T09:15:00+05:30,989.35,992.3,969.7,980.55,232754
2025-04-28T09:30:00+05:30,980.85,996.45,979.9,983.5,127489
2025-04-28T09:45:00+05:30,984.0,1009.15,983.25,1003.8,159902
2025-04-28T10:00:00+05:30,1004.0,1015.0,997.8,1012.0,80149
2025-04-28T10:15:00+05:30,1011.8,1017.0,1007.15,1012.05,76102
2025-04-28T10:30:00+05:30,1011.85,1015.35,1007.65,1013.5,37864
2025-04-28T10:45:00+05:30,1012.45,1017.0,1010.65,1013.4,50697
2025-04-28T11:00:00+05:30,1013.4,1014.95,1009.0,1009.4,14222
2025-04-28T11:15:00+05:30,1010.0,1013.0,1008.7,1010.05,25462
2025-04-28T11:30:00+05:30,1009.75,1012.35,1007.8,1009.8,14436
2025-04-28T11:45:00+05:30,1009.8,1011.15,1008.9,1011.0,11129
2025-04-28T12:00:00+05:30,1011.0,1012.45,1008.6,1010.7,11143
2025-04-28T12:15:00+05:30,1011.15,1011.95,1008.1,1009.55,13896
2025-04-28T12:30:00+05:30,1009.6,1011.2,1009.35,1010.65,5763
2025-04-28T12:45:00+05:30,1010.9,1011.65,1009.55,1010.45,4581
2025-04-28T13:00:00+05:30,1010.4,1012.0,1008.2,1009.85,14132
2025-04-28T13:15:00+05:30,1009.85,1011.65,1009.3,1010.75,7844
2025-04-28T13:30:00+05:30,1010.75,1013.75,1009.6,1010.9,9020
2025-04-28T13:45:00+05:30,1010.9,1015.0,1007.95,1012.75,38178
2025-04-28T14:00:00+05:30,1012.75,1012.75,1009.55,1011.0,10030
2025-04-28T14:15:00+05:30,1011.75,1011.8,1005.0,1005.7,26282
2025-04-28T14:30:00+05:30,1005.7,1008.25,1005.0,1006.0,19122
2025-04-28T14:45:00+05:30,1006.0,1006.65,1003.7,1006.0,33776
2025-04-28T15:00:00+05:30,1006.35,1009.2,1005.0,1009.0,26491
2025-04-28T15:15:00+05:30,1008.6,1011.95,1007.65,1010.15,65717
2025-04-29T09:15:00+05:30,1015.2,1024.0,1012.1,1017.2,97265
2025-04-29T09:30:00+05:30,1017.2,1018.3,1004.75,1005.15,87211
2025-04-29T09:45:00+05:30,1005.7,1012.7,1001.65,1011.2,63282
2025-04-29T10:00:00+05:30,1011.7,1012.0,1005.0,1008.0,35754
2025-04-29T10:15:00+05:30,1008.4,1011.7,1005.0,1007.7,20462
2025-04-29T10:30:00+05:30,1007.0,1012.3,1006.0,1010.55,20055
2025-04-29T10:45:00+05:30,1010.7,1015.2,1009.65,1011.2,13995
2025-04-29T11:00:00+05:30,1011.6,1016.05,1011.25,1013.9,26572
2025-04-29T11:15:00+05:30,1013.5,1014.45,1010.7,1011.0,9898
2025-04-29T11:30:00+05:30,1011.05,1011.9,1006.8,1008.3,14953
2025-04-29T11:45:00+05:30,1008.7,1008.95,1005.15,1005.9,10341
2025-04-29T12:00:00+05:30,1005.9,1007.7,1004.0,1005.1,11146
2025-04-29T12:15:00+05:30,1005.85,1013.0,1004.15,1009.0,32767
2025-04-29T12:30:00+05:30,1008.3,1017.1,1008.0,1013.05,38270
2025-04-29T12:45:00+05:30,1013.05,1013.3,1010.65,1012.0,6129
2025-04-29T13:00:00+05:30,1012.05,1012.85,1008.25,1008.6,16285
2025-04-29T13:15:00+05:30,1008.75,1009.5,1007.5,1008.05,9959
2025-04-29T13:30:00+05:30,1008.05,1010.85,1007.1,1007.8,8678
2025-04-29T13:45:00+05:30,1007.8,1008.35,1004.3,1005.5,21369
2025-04-29T14:00:00+05:30,1005.5,1006.4,1004.8,1005.4,8137
2025-04-29T14:15:00+05:30,1005.5,1005.85,1003.5,1004.0,10060
2025-04-29T14:30:00+05:30,1003.7,1005.95,1003.65,1005.25,9644
2025-04-29T14:45:00+05:30,1004.95,1008.5,1004.5,1005.95,18614
2025-04-29T15:00:00+05:30,1005.6,1007.6,1003.1,1004.8,29703
2025-04-29T15:15:00+05:30,1004.6,1004.8,998.65,1000.95,82834
2025-04-30T09:15:00+05:30,1005.9,1009.35,987.85,997.5,125013
2025-04-30T09:30:00+05:30,997.55,1004.95,995.05,1001.2,51749
2025-04-30T09:45:00+05:30,1001.2,1003.3,998.0,998.8,18622
2025-04-30T10:00:00+05:30,998.7,1000.25,994.25,994.85,20453
2025-04-30T10:15:00+05:30,994.85,1000.2,993.85,996.65,33994
2025-04-30T10:30:00+05:30,996.65,996.65,990.1,994.1,37040
2025-04-30T10:45:00+05:30,994.1,997.0,993.8,996.5,8955
2025-04-30T11:00:00+05:30,996.8,997.4,993.8,995.4,6456
2025-04-30T11:15:00+05:30,995.1,996.35,993.1,994.5,12044
2025-04-30T11:30:00+05:30,994.5,994.95,993.25,994.95,4918
2025-04-30T11:45:00+05:30,994.25,994.3,989.2,993.25,51635
2025-04-30T12:00:00+05:30,993.25,998.0,991.45,992.35,72621
2025-04-30T12:15:00+05:30,992.45,992.65,986.0,990.45,26479
2025-04-30T12:30:00+05:30,990.5,991.0,989.65,990.65,3942
2025-04-30T12:45:00+05:30,990.75,993.7,990.75,992.2,7066
2025-04-30T13:00:00+05:30,992.5,992.6,990.5,992.15,3501
2025-04-30T13:15:00+05:30,992.2,993.0,990.65,990.95,6185
2025-04-30T13:30:00+05:30,991.5,994.2,991.1,992.7,7013
2025-04-30T13:45:00+05:30,992.7,993.0,988.2,989.95,10038
2025-04-30T14:00:00+05:30,989.95,990.2,989.0,989.5,4120
2025-04-30T14:15:00+05:30,989.45,989.85,985.0,985.0,15424
2025-04-30T14:30:00+05:30,985.0,987.0,982.65,986.55,21915
2025-04-30T14:45:00+05:30,986.1,991.0,984.4,987.0,58940
2025-04-30T15:00:00+05:30,986.95,987.5,985.0,986.95,40199
2025-04-30T15:15:00+05:30,986.95,987.0,970.8,975.0,88440
2025-05-02T09:15:00+05:30,977.7,993.45,967.0,981.45,144110
2025-05-02T09:30:00+05:30,981.05,984.95,979.0,983.55,30918
2025-05-02T09:45:00+05:30,983.7,991.05,982.8,990.15,26530
2025-05-02T10:00:00+05:30,990.15,991.0,987.1,989.0,12783
2025-05-02T10:15:00+05:30,989.0,992.9,988.35,988.65,26659
2025-05-02T10:30:00+05:30,988.75,991.0,986.15,990.3,10119
2025-05-02T10:45:00+05:30,990.3,990.7,983.5,986.0,17121
2025-05-02T11:00:00+05:30,985.85,987.6,984.5,985.05,6450
2025-05-02T11:15:00+05:30,984.65,985.0,974.0,977.55,47445
2025-05-02T11:30:00+05:30,977.55,979.85,971.55,978.1,35423
2025-05-02T11:45:00+05:30,978.05,984.9,976.6,984.3,30907
2025-05-02T12:00:00+05:30,984.4,984.45,975.05,977.55,15709
2025-05-02T12:15:00+05:30,977.5,978.3,971.7,975.6,17571
2025-05-02T12:30:00+05:30,975.6,978.3,973.35,978.3,10344
2025-05-02T12:45:00+05:30,978.6,982.95,977.05,981.75,16189
2025-05-02T13:00:00+05:30,981.75,984.1,980.55,981.2,7086
2025-05-02T13:15:00+05:30,981.4,984.8,981.4,984.0,6665
2025-05-02T13:30:00+05:30,983.75,985.0,982.0,983.0,8629
2025-05-02T13:45:00+05:30,983.35,985.5,982.8,983.25,5941
2025-05-02T14:00:00+05:30,983.25,986.75,982.1,984.0,9572
2025-05-02T14:15:00+05:30,984.05,984.9,982.55,983.45,8134
2025-05-02T14:30:00+05:30,983.45,987.5,980.3,987.4,26257
2025-05-02T14:45:00+05:30,987.6,992.0,986.05,987.95,44012
2025-05-02T15:00:00+05:30,987.95,998.15,987.2,996.5,51555
2025-05-02T15:15:00+05:30,996.1,1007.0,995.0,1001.05,124852
2025-05-05T09:15:00+05:30,999.7,1002.65,992.0,995.55,57415
2025-05-05T09:30:00+05:30,995.5,1012.75,992.1,1011.85,82074
2025-05-05T09:45:00+05:30,1011.25,1019.0,1006.0,1009.45,99492
2025-05-05T10:00:00+05:30,1008.75,1015.65,1006.15,1008.8,48706
2025-05-05T10:15:00+05:30,1008.85,1009.05,1005.15,1006.55,20598
2025-05-05T10:30:00+05:30,1006.6,1013.0,1006.35,1010.0,21786
2025-05-05T10:45:00+05:30,1010.0,1011.0,1003.65,1006.0,31708
2025-05-05T11:00:00+05:30,1006.25,1008.4,1001.6,1006.4,38153
2025-05-05T11:15:00+05:30,1006.25,1007.35,1003.0,1004.5,9622
2025-05-05T11:30:00+05:30,1004.55,1005.0,1002.0,1005.0,16314
2025-05-05T11:45:00+05:30,1004.65,1005.0,998.2,1001.2,20053
2025-05-05T12:00:00+05:30,1000.6,1006.15,997.05,1005.0,90283
2025-05-05T12:15:00+05:30,1005.25,1009.95,1001.2,1001.2,86932
2025-05-05T12:30:00+05:30,1001.35,1002.95,1000.85,1001.8,13403
2025-05-05T12:45:00+05:30,1001.15,1002.65,999.05,1002.15,9023
2025-05-05T13:00:00+05:30,1002.55,1002.6,1000.0,1000.55,5767
2025-05-05T13:15:00+05:30,1000.55,1001.85,1000.0,1000.1,6279
2025-05-05T13:30:00+05:30,1000.1,1002.25,1000.1,1001.45,4629
2025-05-05T13:45:00+05:30,1001.95,1003.75,1001.65,1001.8,5460
2025-05-05T14:00:00+05:30,1001.6,1003.55,1000.85,1001.0,5415
2025-05-05T14:15:00+05:30,1000.85,1005.0,1000.1,1000.3,19707
2025-05-05T14:30:00+05:30,1000.1,1001.75,991.05,995.65,37067
2025-05-05T14:45:00+05:30,996.35,998.8,995.95,997.55,19985
2025-05-05T15:00:00+05:30,997.55,998.45,990.1,990.95,56477
2025-05-05T15:15:00+05:30,990.95,991.15,985.05,987.0,83111
2025-05-06T09:15:00+05:30,991.0,997.05,982.6,984.0,91835
2025-05-06T09:30:00+05:30,984.2,990.0,981.0,984.15,32268
2025-05-06T09:45:00+05:30,984.85,985.35,973.75,976.15,43164
2025-05-06T10:00:00+05:30,976.1,979.5,974.15,976.1,20838
2025-05-06T10:15:00+05:30,975.5,979.8,973.0,977.35,21500
2025-05-06T10:30:00+05:30,977.25,977.25,974.0,974.85,16269
2025-05-06T10:45:00+05:30,974.8,975.3,970.7,974.0,17896
2025-05-06T11:00:00+05:30,974.5,974.6,972.5,973.25,5009
2025-05-06T11:15:00+05:30,973.25,973.25,970.0,970.9,13168
2025-05-06T11:30:00+05:30,970.9,972.75,968.0,968.05,50246
2025-05-06T11:45:00+05:30,968.15,971.9,966.0,970.8,18669
2025-05-06T12:00:00+05:30,970.5,970.8,968.0,970.05,10607
2025-05-06T12:15:00+05:30,970.05,970.35,969.0,970.0,18691
2025-05-06T12:30:00+05:30,970.0,970.25,962.5,963.05,23935
2025-05-06T12:45:00+05:30,963.0,964.45,960.0,960.0,19825
2025-05-06T13:00:00+05:30,960.0,961.7,958.2,958.8,27895
2025-05-06T13:15:00+05:30,958.8,960.3,956.4,958.85,17306
2025-05-06T13:30:00+05:30,958.85,959.6,957.75,958.15,10326
2025-05-06T13:45:00+05:30,958.15,959.55,957.5,958.0,12919
2025-05-06T14:00:00+05:30,958.6,958.6,952.1,953.4,25325
2025-05-06T14:15:00+05:30,952.9,953.5,943.0,943.6,62826
2025-05-06T14:30:00+05:30,943.6,954.15,941.45,953.5,48855
2025-05-06T14:45:00+05:30,953.3,959.8,950.2,951.55,78651
2025-05-06T15:00:00+05:30,951.45,956.8,950.6,953.9,55607
2025-05-06T15:15:00+05:30,953.75,955.0,940.0,943.95,84222
2025-05-07T09:15:00+05:30,926.0,959.55,924.1,951.6,141637
2025-05-07T09:30:00+05:30,951.25,961.95,944.15,944.95,88680
2025-05-07T09:45:00+05:30,945.0,949.8,938.45,949.05,48376
2025-05-07T10:00:00+05:30,949.2,949.8,943.05,945.4,23430
2025-05-07T10:15:00+05:30,944.95,951.85,943.55,947.75,32835
2025-05-07T10:30:00+05:30,947.75,954.0,947.5,952.1,16891
2025-05-07T10:45:00+05:30,951.75,962.05,951.0,953.15,39904
2025-05-07T11:00:00+05:30,953.8,962.35,953.8,960.75,17299
2025-05-07T11:15:00+05:30,960.7,967.5,960.0,963.5,31034
2025-05-07T11:30:00+05:30,963.75,965.95,961.85,962.45,14398
2025-05-07T11:45:00+05:30,962.8,963.7,957.3,959.3,21833
2025-05-07T12:00:00+05:30,959.7,968.95,958.5,965.55,24110
2025-05-07T12:15:00+05:30,965.85,967.45,962.25,964.75,17952
2025-05-07T12:30:00+05:30,964.55,967.45,964.25,966.05,5126
2025-05-07T12:45:00+05:30,966.5,968.0,957.0,961.0,57740
2025-05-07T13:00:00+05:30,961.2,962.0,950.3,953.5,72839
2025-05-07T13:15:00+05:30,954.0,958.2,953.7,954.0,12989
2025-05-07T13:30:00+05:30,954.05,955.0,951.7,952.5,12929
2025-05-07T13:45:00+05:30,952.95,955.45,951.1,953.35,14209
2025-05-07T14:00:00+05:30,953.85,962.0,953.85,957.1,15286
2025-05-07T14:15:00+05:30,957.15,959.0,953.15,956.8,10380
2025-05-07T14:30:00+05:30,956.65,958.75,955.2,956.35,10340
2025-05-07T14:45:00+05:30,956.35,960.45,951.0,952.05,31087
2025-05-07T15:00:00+05:30,952.4,955.9,952.4,953.6,47697
2025-05-07T15:15:00+05:30,954.0,957.0,953.55,954.95,79706
2025-05-08T09:15:00+05:30,958.5,969.35,955.5,961.0,74773
2025-05-08T09:30:00+05:30,960.3,970.0,958.0,965.9,83731
2025-05-08T09:45:00+05:30,965.5,966.0,960.3,964.15,23193
2025-05-08T10:00:00+05:30,964.5,970.0,963.85,969.65,31196
2025-05-08T10:15:00+05:30,969.65,977.0,968.0,974.1,70955
2025-05-08T10:30:00+05:30,974.45,974.45,969.15,971.85,16253
2025-05-08T10:45:00+05:30,971.85,973.0,969.35,971.0,10398
2025-05-08T11:00:00+05:30,971.0,976.0,971.0,975.0,14522
2025-05-08T11:15:00+05:30,975.0,979.5,974.55,978.25,22924
2025-05-08T11:30:00+05:30,978.75,984.0,975.5,977.4,45770
2025-05-08T11:45:00+05:30,977.4,977.7,973.2,975.35,19358
2025-05-08T12:00:00+05:30,975.85,979.0,974.7,977.35,8834
2025-05-08T12:15:00+05:30,977.9,979.85,975.05,979.4,10670
2025-05-08T12:30:00+05:30,979.55,980.9,978.05,979.5,11343
2025-05-08T12:45:00+05:30,980.0,983.95,977.75,981.05,22027
2025-05-08T13:00:00+05:30,981.15,982.0,974.5,976.4,18947
2025-05-08T13:15:00+05:30,976.85,976.85,969.15,973.4,34082
2025-05-08T13:30:00+05:30,973.85,973.95,962.0,966.7,51793
2025-05-08T13:45:00+05:30,966.7,969.4,960.0,961.3,25060
2025-05-08T14:00:00+05:30,961.8,963.1,957.0,957.8,26280
2025-05-08T14:15:00+05:30,957.7,964.35,955.65,958.0,112319
2025-05-08T14:30:00+05:30,958.0,961.2,954.0,959.0,87563
2025-05-08T14:45:00+05:30,959.0,961.9,943.55,945.05,98741
2025-05-08T15:00:00+05:30,944.65,954.15,940.5,944.0,56992
2025-05-08T15:15:00+05:30,944.15,947.6,940.0,940.0,78679
2025-05-09T09:15:00+05:30,921.95,934.95,917.55,921.0,148853
2025-05-09T09:30:00+05:30,920.2,933.85,917.05,927.95,51258
2025-05-09T09:45:00+05:30,928.2,929.15,919.95,920.5,24531
2025-05-09T10:00:00+05:30,920.5,926.65,918.75,926.45,19146
2025-05-09T10:15:00+05:30,925.65,927.8,922.0,923.75,17980
2025-05-09T10:30:00+05:30,923.75,926.4,921.05,923.0,7487
2025-05-09T10:45:00+05:30,923.0,926.5,921.8,923.4,5183
2025-05-09T11:00:00+05:30,923.85,926.05,922.25,922.6,9997
2025-05-09T11:15:00+05:30,923.2,929.85,922.5,928.65,9226
2025-05-09T11:30:00+05:30,929.75,932.0,926.15,930.7,34843
2025-05-09T11:45:00+05:30,930.25,931.4,925.0,927.55,28880
2025-05-09T12:00:00+05:30,927.85,929.0,925.5,928.05,5417
2025-05-09T12:15:00+05:30,928.45,931.25,925.4,930.9,8188
2025-05-09T12:30:00+05:30,930.75,930.8,927.55,928.0,4070
2025-05-09T12:45:00+05:30,927.5,932.0,927.1,928.1,9005
2025-05-09T13:00:00+05:30,928.8,939.05,926.8,935.65,55034
2025-05-09T13:15:00+05:30,935.25,939.4,932.55,935.0,23770
2025-05-09T13:30:00+05:30,935.0,941.0,935.0,938.9,30898
2025-05-09T13:45:00+05:30,938.9,943.9,938.75,941.6,23067
2025-05-09T14:00:00+05:30,941.8,945.0,940.45,942.5,10845
2025-05-09T14:15:00+05:30,942.5,949.7,940.0,941.55,41192
2025-05-09T14:30:00+05:30,941.65,944.95,941.65,943.0,11251
2025-05-09T14:45:00+05:30,942.6,945.0,941.8,943.65,12204
2025-05-09T15:00:00+05:30,943.25,949.85,943.25,945.0,59282
2025-05-09T15:15:00+05:30,944.7,954.0,942.8,954.0,97379
2025-05-12T09:15:00+05:30,985.0,992.95,979.0,986.85,124191
2025-05-12T09:30:00+05:30,986.4,994.0,983.55,988.45,46240
2025-05-12T09:45:00+05:30,988.45,993.6,987.8,991.1,28073
2025-05-12T10:00:00+05:30,992.1,998.5,990.15,994.0,50562
2025-05-12T10:15:00+05:30,994.0,995.0,987.05,988.5,31861
2025-05-12T10:30:00+05:30,988.55,989.45,983.0,987.7,26937
2025-05-12T10:45:00+05:30,988.0,990.55,984.15,987.0,30895
2025-05-12T11:00:00+05:30,986.75,987.1,984.0,984.25,19056
2025-05-12T11:15:00+05:30,984.05,985.9,983.2,984.75,16695
2025-05-12T11:30:00+05:30,983.9,984.55,982.55,982.65,9172
2025-05-12T11:45:00+05:30,982.65,985.25,982.0,982.3,8201
2025-05-12T12:00:00+05:30,982.6,985.75,982.6,984.85,7680
2025-05-12T12:15:00+05:30,984.85,985.8,983.65,984.45,5680
2025-05-12T12:30:00+05:30,984.6,985.9,983.5,984.65,5956
2025-05-12T12:45:00+05:30,984.65,985.0,979.3,980.05,21381
2025-05-12T13:00:00+05:30,980.5,986.0,980.5,983.7,14605
2025-05-12T13:15:00+05:30,983.7,988.2,983.15,986.3,20041
2025-05-12T13:30:00+05:30,986.0,987.65,985.0,986.0,6949
2025-05-12T13:45:00+05:30,986.0,987.0,983.2,984.5,5883
2025-05-12T14:00:00+05:30,984.5,987.05,984.1,987.0,4911
2025-05-12T14:15:00+05:30,986.65,987.05,985.0,986.4,3805
2025-05-12T14:30:00+05:30,986.6,986.6,984.1,985.35,6471
2025-05-12T14:45:00+05:30,984.8,993.0,983.45,989.4,19370
2025-05-12T15:00:00+05:30,989.4,994.8,987.0,993.2,45268
2025-05-12T15:15:00+05:30,993.2,994.0,986.75,988.0,55291
2025-05-13T09:15:00+05:30,988.05,1000.0,985.3,994.2,84779
2025-05-13T09:30:00+05:30,994.15,996.5,990.0,995.7,30615
2025-05-13T09:45:00+05:30,995.5,998.0,992.2,996.75,27935
2025-05-13T10:00:00+05:30,996.7,1006.0,996.7,1005.95,72404
2025-05-13T10:15:00+05:30,1005.5,1008.65,1004.0,1007.65,58301
2025-05-13T10:30:00+05:30,1007.05,1014.8,1004.6,1014.05,56662
2025-05-13T10:45:00+05:30,1013.35,1018.5,1011.0,1013.45,82494
2025-05-13T11:00:00+05:30,1012.8,1016.0,1010.2,1014.4,22902
2025-05-13T11:15:00+05:30,1013.95,1014.0,1010.15,1011.5,6501
2025-05-13T11:30:00+05:30,1011.5,1014.0,1010.55,1012.35,8371
2025-05-13T11:45:00+05:30,1012.0,1013.2,1008.0,1008.5,18908
2025-05-13T12:00:00+05:30,1008.5,1010.95,1007.1,1007.75,16168
2025-05-13T12:15:00+05:30,1008.0,1011.9,1005.85,1011.9,15070
2025-05-13T12:30:00+05:30,1011.55,1014.0,1011.35,1012.5,25997
2025-05-13T12:45:00+05:30,1012.15,1012.45,1009.0,1009.85,14182
2025-05-13T13:00:00+05:30,1010.0,1010.8,1006.05,1008.5,12556
2025-05-13T13:15:00+05:30,1008.6,1009.9,1006.5,1007.8,14894
2025-05-13T13:30:00+05:30,1008.05,1013.15,1008.0,1011.9,12929
2025-05-13T13:45:00+05:30,1011.9,1012.95,1011.0,1012.0,7275
2025-05-13T14:00:00+05:30,1012.0,1013.0,1011.0,1011.85,13092
2025-05-13T14:15:00+05:30,1012.15,1013.4,1010.0,1011.05,13211
2025-05-13T14:30:00+05:30,1011.1,1018.0,1010.1,1014.5,26648
2025-05-13T14:45:00+05:30,1015.0,1025.0,1015.0,1024.7,85796
2025-05-13T15:00:00+05:30,1024.7,1025.0,1017.3,1019.9,70762
2025-05-13T15:15:00+05:30,1019.6,1022.0,1014.35,1018.2,76297
2025-05-14T09:15:00+05:30,1027.4,1031.75,1009.15,1013.55,144356
2025-05-14T09:30:00+05:30,1014.35,1024.25,1013.6,1022.05,52198
2025-05-14T09:45:00+05:30,1021.55,1034.0,1020.05,1032.95,117504
2025-05-14T10:00:00+05:30,1032.4,1033.05,1021.0,1026.05,76776
2025-05-14T10:15:00+05:30,1026.1,1036.0,1021.8,1024.5,125241
2025-05-14T10:30:00+05:30,1024.85,1026.95,1021.15,1023.75,53991
2025-05-14T10:45:00+05:30,1023.85,1028.0,1020.1,1020.1,29541
2025-05-14T11:00:00+05:30,1020.6,1024.95,1013.45,1019.0,41909
2025-05-14T11:15:00+05:30,1019.05,1022.85,1019.0,1021.5,24820
2025-05-14T11:30:00+05:30,1021.8,1021.8,1016.4,1017.5,18084
2025-05-14T11:45:00+05:30,1017.5,1019.95,1015.4,1017.8,10473
2025-05-14T12:00:00+05:30,1017.5,1018.15,1013.8,1015.65,15816
2025-05-14T12:15:00+05:30,1015.65,1020.0,1015.5,1020.0,8827
2025-05-14T12:30:00+05:30,1020.0,1022.5,1016.35,1021.0,15807
2025-05-14T12:45:00+05:30,1021.0,1021.0,1012.0,1015.3,21891
2025-05-14T13:00:00+05:30,1015.0,1017.45,1015.0,1016.8,8611
2025-05-14T13:15:00+05:30,1016.8,1019.95,1016.5,1019.45,14032
2025-05-14T13:30:00+05:30,1019.9,1022.05,1016.55,1020.05,16663
2025-05-14T13:45:00+05:30,1019.9,1020.0,1017.3,1018.6,9075
2025-05-14T14:00:00+05:30,1018.65,1021.6,1017.0,1018.0,21540
2025-05-14T14:15:00+05:30,1017.75,1022.0,1017.75,1019.65,15710
2025-05-14T14:30:00+05:30,1019.45,1020.95,1011.9,1015.3,36020
2025-05-14T14:45:00+05:30,1015.3,1021.5,1015.3,1018.5,25647
2025-05-14T15:00:00+05:30,1018.95,1026.4,1017.55,1021.95,90678
2025-05-14T15:15:00+05:30,1021.5,1021.95,1015.0,1015.0,94311
2025-05-15T09:15:00+05:30,1025.0,1028.0,1010.0,1010.5,148892
2025-05-15T09:30:00+05:30,1010.45,1015.0,1007.95,1010.35,68586
2025-05-15T09:45:00+05:30,1010.05,1019.85,1007.0,1017.9,54637
2025-05-15T10:00:00+05:30,1017.65,1024.9,1015.45,1021.0,59276
2025-05-15T10:15:00+05:30,1021.0,1021.0,1015.35,1018.65,41208
2025-05-15T10:30:00+05:30,1018.65,1022.55,1018.4,1020.5,18299
2025-05-15T10:45:00+05:30,1020.85,1023.0,1018.05,1021.0,27254
2025-05-15T11:00:00+05:30,1021.4,1024.0,1020.6,1021.4,23242
2025-05-15T11:15:00+05:30,1021.85,1025.0,1021.85,1023.05,19127
2025-05-15T11:30:00+05:30,1023.25,1026.4,1019.1,1020.7,22608
2025-05-15T11:45:00+05:30,1020.8,1023.2,1019.0,1020.2,10651
2025-05-15T12:00:00+05:30,1020.1,1021.95,1019.5,1021.1,7832
2025-05-15T12:15:00+05:30,1021.1,1022.55,1019.9,1020.5,8156
2025-05-15T12:30:00+05:30,1020.55,1021.25,1015.5,1016.85,21221
2025-05-15T12:45:00+05:30,1016.85,1017.9,1016.4,1017.05,6658
2025-05-15T13:00:00+05:30,1016.85,1020.0,1016.0,1019.25,16498
2025-05-15T13:15:00+05:30,1019.25,1020.3,1017.0,1018.75,9580
2025-05-15T13:30:00+05:30,1018.75,1020.75,1017.8,1019.65,23763
2025-05-15T13:45:00+05:30,1019.65,1027.0,1018.75,1026.85,35448
2025-05-15T14:00:00+05:30,1026.7,1030.2,1024.5,1028.7,81699
2025-05-15T14:15:00+05:30,1028.45,1032.35,1028.0,1030.5,50425
2025-05-15T14:30:00+05:30,1030.5,1032.95,1026.8,1032.6,60843
2025-05-15T14:45:00+05:30,1032.5,1034.7,1030.45,1033.35,53768
2025-05-15T15:00:00+05:30,1032.85,1035.0,1030.75,1034.5,88610
2025-05-15T15:15:00+05:30,1034.65,1040.0,1033.95,1036.85,176710
2025-05-16T09:15:00+05:30,1047.0,1064.0,1040.55,1064.0,401135
2025-05-16T09:30:00+05:30,1064.0,1070.0,1059.0,1060.9,229787
2025-05-16T09:45:00+05:30,1060.9,1067.35,1059.0,1063.0,71602
2025-05-16T10:00:00+05:30,1063.15,1067.0,1057.05,1059.45,74214
2025-05-16T10:15:00+05:30,1059.4,1069.1,1057.3,1069.0,65834
2025-05-16T10:30:00+05:30,1068.95,1076.6,1068.95,1072.0,138383
2025-05-16T10:45:00+05:30,1072.1,1079.0,1072.0,1075.7,74062
2025-05-16T11:00:00+05:30,1075.65,1084.2,1075.0,1081.85,148630
2025-05-16T11:15:00+05:30,1082.0,1082.0,1076.45,1077.6,41284
2025-05-16T11:30:00+05:30,1078.1,1079.85,1075.0,1079.15,35114
2025-05-16T11:45:00+05:30,1079.25,1086.95,1078.15,1080.35,80126
2025-05-16T12:00:00+05:30,1080.6,1085.8,1080.3,1084.0,52714
2025-05-16T12:15:00+05:30,1084.1,1086.2,1083.3,1086.0,67468
2025-05-16T12:30:00+05:30,1086.0,1087.0,1083.0,1085.65,40782
2025-05-16T12:45:00+05:30,1085.85,1091.0,1083.55,1089.65,81033
2025-05-16T13:00:00+05:30,1090.0,1107.0,1088.2,1107.0,241302
2025-05-16T13:15:00+05:30,1106.65,1126.7,1106.65,1119.05,610814
2025-05-16T13:30:00+05:30,1119.2,1122.0,1105.3,1114.45,293217
2025-05-16T13:45:00+05:30,1114.4,1115.95,1101.4,1109.05,175609
2025-05-16T14:00:00+05:30,1109.0,1124.0,1106.7,1122.0,232538
2025-05-16T14:15:00+05:30,1121.95,1122.65,1115.0,1115.5,95165
2025-05-16T14:30:00+05:30,1115.8,1120.65,1111.25,1116.9,91018
2025-05-16T14:45:00+05:30,1116.85,1124.0,1112.85,1120.75,139959
2025-05-16T15:00:00+05:30,1121.0,1134.8,1118.05,1121.8,377638
2025-05-16T15:15:00+05:30,1122.0,1135.0,1116.4,1135.0,389530
2025-05-19T09:15:00+05:30,1135.0,1163.9,1125.95,1126.1,1228320
2025-05-19T09:30:00+05:30,1126.65,1126.7,1084.45,1098.0,752248
2025-05-19T09:45:00+05:30,1098.0,1111.15,1096.2,1109.4,199186
2025-05-19T10:00:00+05:30,1109.95,1121.5,1105.15,1118.85,143784
2025-05-19T10:15:00+05:30,1118.9,1124.0,1110.05,1119.15,150556
2025-05-19T10:30:00+05:30,1118.35,1118.35,1110.05,1114.05,47243
2025-05-19T10:45:00+05:30,1114.1,1120.1,1112.25,1117.95,27846
2025-05-19T11:00:00+05:30,1117.35,1118.0,1110.0,1112.3,56832
2025-05-19T11:15:00+05:30,1112.15,1114.65,1104.75,1106.6,51680
2025-05-19T11:30:00+05:30,1107.1,1112.65,1106.0,1111.6,21981
2025-05-19T11:45:00+05:30,1111.6,1114.55,1109.4,1113.7,17833
2025-05-19T12:00:00+05:30,1113.7,1130.0,1110.0,1123.85,124599
2025-05-19T12:15:00+05:30,1123.0,1138.0,1118.15,1127.1,221971
2025-05-19T12:30:00+05:30,1127.1,1127.8,1115.0,1116.75,53044
2025-05-19T12:45:00+05:30,1117.45,1118.2,1114.55,1116.65,19718
2025-05-19T13:00:00+05:30,1116.55,1117.5,1110.0,1114.55,47495
2025-05-19T13:15:00+05:30,1114.65,1114.65,1103.0,1104.5,92815
2025-05-19T13:30:00+05:30,1105.15,1105.65,1098.7,1102.95,86225
2025-05-19T13:45:00+05:30,1102.95,1105.0,1100.4,1104.0,30025
2025-05-19T14:00:00+05:30,1104.0,1104.0,1089.95,1094.8,155724
2025-05-19T14:15:00+05:30,1094.75,1104.55,1093.95,1098.0,70569
2025-05-19T14:30:00+05:30,1098.0,1102.0,1097.45,1099.15,41294
2025-05-19T14:45:00+05:30,1099.0,1113.0,1098.95,1103.3,97186
2025-05-19T15:00:00+05:30,1104.2,1104.2,1091.15,1092.05,100523
2025-05-19T15:15:00+05:30,1092.1,1092.9,1081.0,1089.8,272578
2025-05-20T09:15:00+05:30,1107.0,1111.0,1079.0,1086.0,295459
2025-05-20T09:30:00+05:30,1086.0,1100.0,1081.15,1087.6,102242
2025-05-20T09:45:00+05:30,1087.6,1095.0,1084.15,1094.45,55174
2025-05-20T10:00:00+05:30,1095.0,1097.5,1091.0,1096.4,50287
2025-05-20T10:15:00+05:30,1096.4,1098.0,1088.8,1090.2,32428
2025-05-20T10:30:00+05:30,1090.25,1093.0,1085.6,1087.65,25698
2025-05-20T10:45:00+05:30,1087.55,1089.5,1085.0,1085.55,23305
2025-05-20T11:00:00+05:30,1085.4,1085.6,1073.05,1076.0,85998
2025-05-20T11:15:00+05:30,1075.2,1078.0,1069.8,1074.1,73062
2025-05-20T11:30:00+05:30,1074.1,1076.0,1072.3,1073.25,17493
2025-05-20T11:45:00+05:30,1073.25,1074.7,1065.0,1068.0,65856
2025-05-20T12:00:00+05:30,1068.0,1069.45,1065.55,1065.55,31891
2025-05-20T12:15:00+05:30,1066.1,1068.65,1063.6,1068.15,28693
2025-05-20T12:30:00+05:30,1068.2,1069.45,1063.0,1063.85,21033
2025-05-20T12:45:00+05:30,1063.85,1064.45,1058.2,1060.75,37773
2025-05-20T13:00:00+05:30,1060.75,1066.7,1060.2,1064.55,10490
2025-05-20T13:15:00+05:30,1064.55,1065.2,1060.2,1062.65,37122
2025-05-20T13:30:00+05:30,1062.6,1063.05,1058.5,1059.4,15887
2025-05-20T13:45:00+05:30,1059.4,1062.75,1055.0,1058.75,42677
2025-05-20T14:00:00+05:30,1058.75,1059.3,1052.5,1053.95,36857
2025-05-20T14:15:00+05:30,1053.85,1055.55,1048.1,1052.0,54791
2025-05-20T14:30:00+05:30,1052.0,1056.95,1050.1,1054.45,26863
2025-05-20T14:45:00+05:30,1054.0,1070.0,1053.15,1067.55,143303
2025-05-20T15:00:00+05:30,1067.25,1085.4,1065.8,1072.95,217200
2025-05-20T15:15:00+05:30,1072.85,1072.95,1050.15,1060.95,197518
2025-05-21T09:15:00+05:30,1067.95,1069.65,1050.3,1052.7,179712
2025-05-21T09:30:00+05:30,1052.2,1074.95,1052.0,1070.9,109399
2025-05-21T09:45:00+05:30,1071.1,1075.0,1061.25,1066.65,71178
2025-05-21T10:00:00+05:30,1066.65,1071.45,1063.1,1069.1,32885
2025-05-21T10:15:00+05:30,1068.6,1068.6,1064.1,1065.05,17768
2025-05-21T10:30:00+05:30,1065.85,1070.85,1063.5,1067.25,17412
2025-05-21T10:45:00+05:30,1067.25,1068.95,1065.1,1065.95,8056
2025-05-21T11:00:00+05:30,1065.85,1068.0,1060.0,1062.65,17562
2025-05-21T11:15:00+05:30,1062.85,1063.7,1058.05,1058.05,16049
2025-05-21T11:30:00+05:30,1059.05,1060.5,1052.9,1057.25,44769
2025-05-21T11:45:00+05:30,1057.45,1058.65,1054.15,1058.65,14001
2025-05-21T12:00:00+05:30,1058.65,1058.65,1050.0,1051.5,21419
2025-05-21T12:15:00+05:30,1052.15,1056.6,1048.0,1056.2,33531
2025-05-21T12:30:00+05:30,1056.2,1059.5,1055.3,1057.4,13263
2025-05-21T12:45:00+05:30,1057.4,1058.95,1055.8,1057.3,10678
2025-05-21T13:00:00+05:30,1057.9,1058.5,1056.0,1058.05,4491
2025-05-21T13:15:00+05:30,1058.05,1058.9,1055.0,1055.5,6114
2025-05-21T13:30:00+05:30,1055.15,1058.5,1055.0,1056.2,5930
2025-05-21T13:45:00+05:30,1056.0,1057.1,1055.0,1055.7,4817
2025-05-21T14:00:00+05:30,1055.7,1056.4,1053.25,1054.15,8189
2025-05-21T14:15:00+05:30,1054.15,1060.0,1052.05,1058.05,23505
2025-05-21T14:30:00+05:30,1057.65,1076.4,1053.85,1074.35,72508
2025-05-21T14:45:00+05:30,1074.75,1092.0,1069.45,1085.0,213727
2025-05-21T15:00:00+05:30,1084.7,1090.8,1076.65,1088.6,131984
2025-05-21T15:15:00+05:30,1088.45,1089.45,1074.0,1076.5,144999
2025-05-22T09:15:00+05:30,1081.9,1081.9,1069.4,1070.15,80806
2025-05-22T09:30:00+05:30,1069.95,1072.0,1068.0,1070.1,31980
2025-05-22T09:45:00+05:30,1070.05,1070.55,1066.0,1069.05,16665
2025-05-22T10:00:00+05:30,1069.5,1077.7,1066.9,1077.7,29985
2025-05-22T10:15:00+05:30,1077.7,1094.7,1075.75,1078.0,145878
2025-05-22T10:30:00+05:30,1077.3,1081.05,1075.35,1077.95,22119
2025-05-22T10:45:00+05:30,1077.5,1081.45,1075.0,1079.5,20134
2025-05-22T11:00:00+05:30,1079.5,1079.5,1068.3,1073.95,28641
2025-05-22T11:15:00+05:30,1073.4,1075.0,1072.0,1073.0,6218
2025-05-22T11:30:00+05:30,1073.65,1073.95,1070.0,1072.45,10413
2025-05-22T11:45:00+05:30,1072.05,1072.5,1069.9,1070.0,9812
2025-05-22T12:00:00+05:30,1070.3,1073.2,1070.0,1072.45,8337
2025-05-22T12:15:00+05:30,1072.15,1073.05,1070.6,1071.85,5680
2025-05-22T12:30:00+05:30,1071.75,1073.5,1068.5,1072.75,17786
2025-05-22T12:45:00+05:30,1073.0,1074.0,1070.1,1071.3,8537
2025-05-22T13:00:00+05:30,1071.5,1078.0,1070.45,1076.5,12664
2025-05-22T13:15:00+05:30,1076.45,1076.6,1073.15,1074.4,12179
2025-05-22T13:30:00+05:30,1075.0,1077.0,1073.05,1073.05,9163
2025-05-22T13:45:00+05:30,1073.0,1074.2,1070.45,1072.0,6718
2025-05-22T14:00:00+05:30,1072.0,1075.0,1071.0,1071.85,6286
2025-05-22T14:15:00+05:30,1071.45,1071.45,1067.0,1068.05,16437
2025-05-22T14:30:00+05:30,1068.05,1078.0,1066.0,1075.15,30592
2025-05-22T14:45:00+05:30,1075.85,1086.85,1075.85,1086.3,92154
2025-05-22T15:00:00+05:30,1086.7,1090.0,1083.9,1089.1,71920
2025-05-22T15:15:00+05:30,1089.65,1090.0,1071.2,1076.8,96360
2025-05-23T09:15:00+05:30,1049.5,1063.25,1040.6,1055.5,212712
2025-05-23T09:30:00+05:30,1055.05,1058.15,1045.5,1049.3,135025
2025-05-23T09:45:00+05:30,1049.45,1049.45,1025.6,1027.6,240009
2025-05-23T10:00:00+05:30,1027.45,1037.3,1022.0,1031.2,177423
2025-05-23T10:15:00+05:30,1031.85,1042.3,1028.4,1042.3,155657
2025-05-23T10:30:00+05:30,1042.35,1054.75,1042.3,1054.2,161040
2025-05-23T10:45:00+05:30,1054.8,1057.45,1048.15,1052.5,78335
2025-05-23T11:00:00+05:30,1052.5,1062.7,1051.25,1060.05,106860
2025-05-23T11:15:00+05:30,1060.6,1061.0,1053.0,1054.0,60210
2025-05-23T11:30:00+05:30,1054.0,1056.0,1049.1,1052.2,31263
2025-05-23T11:45:00+05:30,1052.05,1065.0,1050.0,1056.0,98970
2025-05-23T12:00:00+05:30,1056.0,1057.0,1053.0,1054.75,15819
2025-05-23T12:15:00+05:30,1054.75,1057.35,1053.25,1054.5,12896
2025-05-23T12:30:00+05:30,1054.95,1055.0,1051.2,1051.2,13037
2025-05-23T12:45:00+05:30,1051.65,1057.9,1051.2,1055.9,24837
2025-05-23T13:00:00+05:30,1055.35,1056.8,1052.75,1054.15,31418
2025-05-23T13:15:00+05:30,1053.85,1055.0,1052.3,1054.6,7211
2025-05-23T13:30:00+05:30,1054.65,1055.45,1052.0,1053.0,26570
2025-05-23T13:45:00+05:30,1053.45,1054.8,1051.2,1053.0,24463
2025-05-23T14:00:00+05:30,1053.5,1054.6,1050.55,1053.9,15111
2025-05-23T14:15:00+05:30,1053.85,1061.95,1053.15,1060.1,64343
2025-05-23T14:30:00+05:30,1060.75,1073.5,1059.4,1071.65,122558
2025-05-23T14:45:00+05:30,1071.65,1078.0,1071.0,1072.0,82626
2025-05-23T15:00:00+05:30,1072.0,1072.85,1058.4,1059.55,119925
2025-05-23T15:15:00+05:30,1059.6,1063.75,1054.85,1058.0,106834
2025-05-26T09:15:00+05:30,1062.0,1064.15,1045.9,1060.95,112378
2025-05-26T09:30:00+05:30,1061.45,1065.3,1055.3,1057.1,61953
2025-05-26T09:45:00+05:30,1056.3,1059.0,1055.2,1057.35,20999
2025-05-26T10:00:00+05:30,1057.55,1063.75,1052.15,1055.75,69375
2025-05-26T10:15:00+05:30,1055.4,1058.0,1052.45,1053.95,19670
2025-05-26T10:30:00+05:30,1053.95,1054.85,1052.55,1054.15,8792
2025-05-26T10:45:00+05:30,1054.5,1056.0,1053.4,1055.0,4707
2025-05-26T11:00:00+05:30,1055.4,1055.55,1053.25,1054.85,6627
2025-05-26T11:15:00+05:30,1054.35,1056.25,1054.3,1054.9,6678
2025-05-26T11:30:00+05:30,1055.1,1057.5,1053.5,1055.0,9666
2025-05-26T11:45:00+05:30,1054.25,1055.25,1053.15,1053.5,5817
2025-05-26T12:00:00+05:30,1053.5,1055.05,1050.9,1052.0,13565
2025-05-26T12:15:00+05:30,1052.0,1053.5,1051.2,1052.25,7641
2025-05-26T12:30:00+05:30,1052.65,1052.95,1047.9,1050.6,20447
2025-05-26T12:45:00+05:30,1050.25,1051.0,1049.0,1050.65,8202
2025-05-26T13:00:00+05:30,1050.85,1052.0,1049.3,1051.15,10353
2025-05-26T13:15:00+05:30,1050.5,1051.3,1049.1,1049.8,6942
2025-05-26T13:30:00+05:30,1049.8,1051.0,1048.95,1050.3,7553
2025-05-26T13:45:00+05:30,1050.3,1051.6,1049.0,1051.3,7540
2025-05-26T14:00:00+05:30,1050.4,1052.0,1049.05,1051.25,6124
2025-05-26T14:15:00+05:30,1051.25,1052.85,1048.05,1049.5,19136
2025-05-26T14:30:00+05:30,1050.05,1051.5,1047.0,1051.35,14616
2025-05-26T14:45:00+05:30,1051.35,1053.7,1049.75,1050.65,20009
2025-05-26T15:00:00+05:30,1051.1,1051.9,1047.6,1047.7,28748
2025-05-26T15:15:00+05:30,1047.65,1047.7,1040.0,1041.0,92963
2025-05-27T09:15:00+05:30,1042.95,1056.0,1041.05,1048.5,59710
2025-05-27T09:30:00+05:30,1048.2,1049.0,1041.25,1045.9,39715
2025-05-27T09:45:00+05:30,1045.9,1047.5,1041.0,1041.55,17760
2025-05-27T10:00:00+05:30,1042.0,1044.95,1040.95,1044.45,13809
2025-05-27T10:15:00+05:30,1044.0,1049.0,1043.35,1045.1,8722
2025-05-27T10:30:00+05:30,1044.75,1047.2,1043.95,1044.85,7323
2025-05-27T10:45:00+05:30,1045.0,1046.3,1043.2,1043.45,4105
2025-05-27T11:00:00+05:30,1043.5,1046.95,1043.3,1046.85,10618
2025-05-27T11:15:00+05:30,1046.5,1049.0,1045.8,1046.5,10455
2025-05-27T11:30:00+05:30,1046.55,1049.0,1046.05,1047.0,7665
2025-05-27T11:45:00+05:30,1047.0,1047.0,1044.25,1046.0,10348
2025-05-27T12:00:00+05:30,1045.55,1046.55,1045.0,1045.35,4104
2025-05-27T12:15:00+05:30,1045.35,1045.5,1042.15,1044.05,10225
2025-05-27T12:30:00+05:30,1043.85,1045.6,1043.0,1044.25,8093
2025-05-27T12:45:00+05:30,1044.05,1045.0,1044.0,1044.35,2714
2025-05-27T13:00:00+05:30,1045.0,1045.0,1043.5,1043.5,4376
2025-05-27T13:15:00+05:30,1044.05,1044.45,1041.0,1041.0,8293
2025-05-27T13:30:00+05:30,1041.1,1042.5,1041.0,1041.25,5183
2025-05-27T13:45:00+05:30,1041.25,1044.55,1041.25,1041.25,12552
2025-05-27T14:00:00+05:30,1041.35,1043.15,1041.0,1041.15,4011
2025-05-27T14:15:00+05:30,1041.45,1044.0,1040.0,1043.6,19797
2025-05-27T14:30:00+05:30,1044.0,1044.95,1041.55,1042.0,13216
2025-05-27T14:45:00+05:30,1042.3,1043.5,1037.55,1039.35,28393
2025-05-27T15:00:00+05:30,1039.95,1041.0,1037.0,1038.0,26743
2025-05-27T15:15:00+05:30,1037.55,1040.0,1035.0,1038.0,57457
2025-05-28T09:15:00+05:30,1044.1,1047.2,1040.75,1042.7,41246
2025-05-28T09:30:00+05:30,1042.75,1051.0,1042.05,1050.2,31318
2025-05-28T09:45:00+05:30,1050.05,1054.0,1047.0,1048.15,32434
2025-05-28T10:00:00+05:30,1048.1,1050.95,1045.6,1046.4,16141
2025-05-28T10:15:00+05:30,1046.1,1050.0,1045.2,1050.0,5311
2025-05-28T10:30:00+05:30,1050.0,1053.9,1048.0,1052.1,17673
2025-05-28T10:45:00+05:30,1052.3,1064.0,1052.0,1061.9,66892
2025-05-28T11:00:00+05:30,1061.3,1063.0,1055.5,1056.85,25772
2025-05-28T11:15:00+05:30,1056.95,1058.25,1053.9,1054.6,11502
2025-05-28T11:30:00+05:30,1054.6,1055.95,1053.0,1054.0,6834
2025-05-28T11:45:00+05:30,1054.6,1055.3,1050.1,1051.5,9208
2025-05-28T12:00:00+05:30,1051.8,1053.45,1048.5,1051.55,13633
2025-05-28T12:15:00+05:30,1051.25,1052.1,1049.05,1050.75,6636
2025-05-28T12:30:00+05:30,1051.35,1052.2,1049.35,1050.65,9403
2025-05-28T12:45:00+05:30,1050.65,1053.1,1049.35,1050.0,10583
2025-05-28T13:00:00+05:30,1049.45,1049.75,1045.1,1047.0,13381
2025-05-28T13:15:00+05:30,1047.15,1048.5,1046.0,1048.0,5809
2025-05-28T13:30:00+05:30,1048.25,1049.2,1044.0,1044.1,11971
2025-05-28T13:45:00+05:30,1044.1,1044.1,1042.0,1042.1,10767
2025-05-28T14:00:00+05:30,1042.4,1044.0,1040.2,1041.4,12587
2025-05-28T14:15:00+05:30,1041.5,1046.0,1040.7,1045.0,40071
2025-05-28T14:30:00+05:30,1045.9,1048.8,1045.05,1047.6,31492
2025-05-28T14:45:00+05:30,1047.6,1048.9,1045.1,1047.1,31747
2025-05-28T15:00:00+05:30,1047.2,1047.3,1040.85,1041.0,21188
2025-05-28T15:15:00+05:30,1041.5,1042.0,1036.15,1038.2,54953
2025-05-29T09:15:00+05:30,1049.6,1060.35,1048.0,1053.0,82731
2025-05-29T09:30:00+05:30,1053.0,1055.0,1045.0,1047.6,32923
2025-05-29T09:45:00+05:30,1047.15,1050.0,1045.35,1048.15,14465
2025-05-29T10:00:00+05:30,1049.0,1068.4,1048.65,1068.0,105649
2025-05-29T10:15:00+05:30,1067.05,1075.4,1065.8,1074.0,164633
2025-05-29T10:30:00+05:30,1073.5,1089.8,1072.0,1080.0,214975
2025-05-29T10:45:00+05:30,1080.0,1090.9,1078.6,1083.95,138192
2025-05-29T11:00:00+05:30,1083.5,1084.0,1076.0,1079.5,68452
2025-05-29T11:15:00+05:30,1079.0,1083.2,1072.35,1074.9,48274
2025-05-29T11:30:00+05:30,1074.25,1076.0,1070.0,1075.3,44271
2025-05-29T11:45:00+05:30,1075.0,1078.45,1073.15,1073.5,24744
2025-05-29T12:00:00+05:30,1073.5,1074.1,1066.25,1069.7,45591
2025-05-29T12:15:00+05:30,1069.7,1070.0,1067.85,1069.9,14014
2025-05-29T12:30:00+05:30,1069.9,1069.95,1063.9,1066.5,25303
2025-05-29T12:45:00+05:30,1066.5,1070.0,1066.0,1067.1,14074
2025-05-29T13:00:00+05:30,1067.95,1068.0,1063.5,1064.8,19230
2025-05-29T13:15:00+05:30,1064.9,1068.0,1064.05,1064.7,19346
2025-05-29T13:30:00+05:30,1065.0,1067.25,1064.6,1066.25,7253
2025-05-29T13:45:00+05:30,1066.25,1066.75,1064.0,1065.0,19548
2025-05-29T14:00:00+05:30,1064.6,1066.95,1061.5,1062.25,20422
2025-05-29T14:15:00+05:30,1062.25,1064.6,1061.15,1063.35,20212
2025-05-29T14:30:00+05:30,1063.15,1066.1,1056.35,1060.9,37273
2025-05-29T14:45:00+05:30,1060.9,1065.9,1060.4,1064.85,38741
2025-05-29T15:00:00+05:30,1065.0,1067.9,1062.0,1063.6,60615
2025-05-29T15:15:00+05:30,1063.5,1065.1,1060.0,1063.6,90512
2025-05-30T09:15:00+05:30,1073.0,1081.4,1067.3,1075.8,113660
2025-05-30T09:30:00+05:30,1075.8,1078.85,1069.15,1076.8,45207
2025-05-30T09:45:00+05:30,1076.7,1085.1,1075.0,1075.0,53794
2025-05-30T10:00:00+05:30,1075.55,1080.0,1075.05,1077.0,19511
2025-05-30T10:15:00+05:30,1077.05,1079.3,1071.0,1071.2,34020
2025-05-30T10:30:00+05:30,1071.9,1073.3,1067.4,1071.5,15358
2025-05-30T10:45:00+05:30,1070.85,1071.85,1068.15,1070.4,13713
2025-05-30T11:00:00+05:30,1070.85,1071.05,1067.0,1068.2,10275
2025-05-30T11:15:00+05:30,1068.2,1069.55,1066.1,1068.85,8630
2025-05-30T11:30:00+05:30,1069.4,1069.45,1067.0,1067.8,11910
2025-05-30T11:45:00+05:30,1067.5,1072.0,1066.8,1070.4,13860
2025-05-30T12:00:00+05:30,1070.4,1070.9,1067.1,1068.0,10645
2025-05-30T12:15:00+05:30,1068.0,1073.5,1067.5,1070.55,14631
2025-05-30T12:30:00+05:30,1070.2,1072.4,1068.45,1070.1,8201
2025-05-30T12:45:00+05:30,1070.9,1072.7,1069.25,1069.6,6449
2025-05-30T13:00:00+05:30,1069.6,1070.1,1067.0,1067.6,6472
2025-05-30T13:15:00+05:30,1067.05,1070.5,1066.2,1069.8,7770
2025-05-30T13:30:00+05:30,1069.15,1071.9,1067.0,1070.2,8147
2025-05-30T13:45:00+05:30,1070.2,1071.4,1067.3,1070.3,4272
2025-05-30T14:00:00+05:30,1070.0,1071.0,1069.0,1069.0,4251
2025-05-30T14:15:00+05:30,1069.3,1072.45,1067.9,1068.7,16668
2025-05-30T14:30:00+05:30,1069.35,1072.6,1068.0,1069.95,11648
2025-05-30T14:45:00+05:30,1069.2,1071.0,1068.2,1069.2,15514
2025-05-30T15:00:00+05:30,1069.95,1070.0,1063.0,1065.35,48057
2025-05-30T15:15:00+05:30,1065.35,1066.0,1053.55,1059.0,95386
2025-06-02T09:15:00+05:30,1063.6,1065.7,1051.3,1052.6,60442
2025-06-02T09:30:00+05:30,1052.6,1054.6,1048.0,1049.9,31489
2025-06-02T09:45:00+05:30,1050.6,1053.0,1050.0,1053.0,19103
2025-06-02T10:00:00+05:30,1052.9,1053.0,1047.0,1049.1,17332
2025-06-02T10:15:00+05:30,1049.8,1051.0,1046.0,1049.8,11310
2025-06-02T10:30:00+05:30,1049.6,1055.9,1047.6,1053.3,21369
2025-06-02T10:45:00+05:30,1053.3,1055.1,1052.9,1054.9,13319
2025-06-02T11:00:00+05:30,1055.0,1058.9,1054.4,1057.6,15134
2025-06-02T11:15:00+05:30,1057.6,1057.7,1055.0,1055.1,7177
2025-06-02T11:30:00+05:30,1055.1,1060.8,1055.1,1057.8,25197
2025-06-02T11:45:00+05:30,1057.1,1060.4,1056.1,1057.7,6530
2025-06-02T12:00:00+05:30,1057.3,1059.0,1057.0,1058.0,4523
2025-06-02T12:15:00+05:30,1057.7,1059.5,1056.0,1056.6,7872
2025-06-02T12:30:00+05:30,1056.1,1058.6,1056.0,1057.4,6897
2025-06-02T12:45:00+05:30,1057.4,1059.0,1057.0,1057.4,5174
2025-06-02T13:00:00+05:30,1057.4,1058.9,1056.9,1057.9,4515
2025-06-02T13:15:00+05:30,1057.9,1058.1,1052.0,1053.5,12437
2025-06-02T13:30:00+05:30,1053.0,1065.0,1049.0,1061.4,75827
2025-06-02T13:45:00+05:30,1061.1,1071.0,1061.1,1070.0,67136
2025-06-02T14:00:00+05:30,1069.2,1071.0,1069.2,1070.0,16789
2025-06-02T14:15:00+05:30,1070.0,1079.8,1070.0,1079.5,75017
2025-06-02T14:30:00+05:30,1079.6,1080.0,1071.7,1075.3,33897
2025-06-02T14:45:00+05:30,1075.3,1076.7,1073.2,1075.3,33846
2025-06-02T15:00:00+05:30,1075.3,1078.5,1074.1,1077.7,44667
2025-06-02T15:15:00+05:30,1077.6,1085.0,1072.5,1079.7,527862
2025-06-03T09:15:00+05:30,1080.1,1084.3,1072.0,1074.4,57479
2025-06-03T09:30:00+05:30,1074.0,1081.4,1073.6,1077.0,30638
2025-06-03T09:45:00+05:30,1076.9,1077.0,1070.5,1072.9,16163
2025-06-03T10:00:00+05:30,1073.0,1073.2,1068.9,1069.9,17189
2025-06-03T10:15:00+05:30,1069.9,1073.9,1069.0,1071.7,9834
2025-06-03T10:30:00+05:30,1071.6,1075.1,1069.1,1071.0,10156
2025-06-03T10:45:00+05:30,1071.7,1072.5,1068.6,1071.0,9886
2025-06-03T11:00:00+05:30,1071.0,1076.7,1070.5,1073.1,12520
2025-06-03T11:15:00+05:30,1072.1,1074.5,1071.0,1073.0,5717
2025-06-03T11:30:00+05:30,1073.2,1076.7,1072.0,1072.9,10992
2025-06-03T11:45:00+05:30,1072.9,1074.0,1072.0,1072.9,7598
2025-06-03T12:00:00+05:30,1072.9,1074.6,1072.3,1073.6,3403
2025-06-03T12:15:00+05:30,1073.1,1073.6,1066.6,1069.9,14388
2025-06-03T12:30:00+05:30,1070.0,1071.4,1068.0,1070.7,10776
2025-06-03T12:45:00+05:30,1070.0,1070.9,1066.6,1068.8,4283
2025-06-03T13:00:00+05:30,1068.1,1068.8,1063.0,1063.8,14644
2025-06-03T13:15:00+05:30,1064.5,1065.8,1063.7,1065.6,4679
2025-06-03T13:30:00+05:30,1065.7,1086.4,1064.8,1085.9,64482
2025-06-03T13:45:00+05:30,1085.9,1098.0,1085.0,1089.6,194453
2025-06-03T14:00:00+05:30,1090.7,1097.0,1089.9,1095.0,124110
2025-06-03T14:15:00+05:30,1095.0,1095.5,1080.4,1083.2,79435
2025-06-03T14:30:00+05:30,1083.9,1088.0,1082.0,1082.0,25839
2025-06-03T14:45:00+05:30,1082.8,1085.2,1080.0,1080.9,26327
2025-06-03T15:00:00+05:30,1081.2,1090.0,1080.0,1083.5,38162
2025-06-03T15:15:00+05:30,1083.5,1084.0,1077.8,1080.0,47562
2025-06-04T09:15:00+05:30,1082.7,1091.9,1071.1,1082.0,336877
2025-06-04T09:30:00+05:30,1083.0,1083.1,1067.0,1081.0,102565
2025-06-04T09:45:00+05:30,1080.1,1084.0,1071.0,1077.5,381657
2025-06-04T10:00:00+05:30,1077.4,1079.0,1072.3,1072.9,101145
2025-06-04T10:15:00+05:30,1072.9,1074.7,1070.0,1070.5,183833
2025-06-04T10:30:00+05:30,1070.5,1073.3,1070.0,1071.2,32114
2025-06-04T10:45:00+05:30,1071.2,1072.0,1071.2,1071.9,10266
2025-06-04T11:00:00+05:30,1071.6,1071.9,1071.0,1071.2,3925
2025-06-04T11:15:00+05:30,1071.6,1072.0,1070.1,1070.7,10293
2025-06-04T11:30:00+05:30,1070.9,1071.5,1064.0,1068.4,22617
2025-06-04T11:45:00+05:30,1068.6,1069.1,1067.0,1068.6,9197
2025-06-04T12:00:00+05:30,1068.0,1068.9,1066.5,1068.8,12668
2025-06-04T12:15:00+05:30,1068.0,1070.0,1067.9,1069.5,8692
2025-06-04T12:30:00+05:30,1069.0,1070.7,1067.5,1070.6,8246
2025-06-04T12:45:00+05:30,1071.0,1071.0,1068.1,1070.8,4556
2025-06-04T13:00:00+05:30,1070.7,1070.8,1068.2,1068.8,5151
2025-06-04T13:15:00+05:30,1069.4,1070.2,1067.1,1067.4,8489
2025-06-04T13:30:00+05:30,1067.5,1068.9,1066.5,1068.8,13903
2025-06-04T13:45:00+05:30,1068.8,1068.8,1066.2,1067.0,10950
2025-06-04T14:00:00+05:30,1067.2,1070.0,1066.9,1067.8,14327
2025-06-04T14:15:00+05:30,1068.7,1069.0,1065.0,1066.3,15899
2025-06-04T14:30:00+05:30,1066.7,1067.9,1064.0,1064.7,26105
2025-06-04T14:45:00+05:30,1064.5,1068.0,1064.0,1065.0,19280
2025-06-04T15:00:00+05:30,1065.0,1065.6,1057.1,1061.5,56433
2025-06-04T15:15:00+05:30,1061.7,1061.9,1052.0,1056.0,89103
2025-06-05T09:15:00+05:30,1059.1,1070.0,1059.1,1065.0,54850
2025-06-05T09:30:00+05:30,1064.3,1068.0,1058.9,1060.0,73062
2025-06-05T09:45:00+05:30,1059.5,1061.9,1056.1,1059.8,29997
2025-06-05T10:00:00+05:30,1059.9,1063.0,1056.2,1057.7,28924
2025-06-05T10:15:00+05:30,1057.7,1058.0,1056.2,1058.0,11883
2025-06-05T10:30:00+05:30,1058.0,1058.9,1056.7,1057.3,7500
2025-06-05T10:45:00+05:30,1057.3,1058.0,1054.2,1056.2,11088
2025-06-05T11:00:00+05:30,1055.9,1056.0,1053.4,1054.5,12238
2025-06-05T11:15:00+05:30,1055.0,1056.0,1054.1,1055.0,6731
2025-06-05T11:30:00+05:30,1055.0,1055.0,1051.2,1052.4,12378
2025-06-05T11:45:00+05:30,1052.0,1053.8,1052.0,1053.8,12449
2025-06-05T12:00:00+05:30,1053.8,1055.5,1053.2,1055.5,14548
2025-06-05T12:15:00+05:30,1055.5,1055.5,1054.0,1054.6,9201
2025-06-05T12:30:00+05:30,1055.1,1055.5,1053.5,1055.4,8967
2025-06-05T12:45:00+05:30,1055.4,1055.9,1054.0,1055.6,9522
2025-06-05T13:00:00+05:30,1055.6,1055.9,1053.5,1054.0,6917
2025-06-05T13:15:00+05:30,1054.0,1054.0,1051.2,1051.5,16376
2025-06-05T13:30:00+05:30,1051.4,1052.1,1051.0,1051.7,11083
2025-06-05T13:45:00+05:30,1051.1,1052.5,1051.0,1052.2,8940
2025-06-05T14:00:00+05:30,1052.2,1053.0,1051.4,1051.5,7488
2025-06-05T14:15:00+05:30,1052.0,1052.0,1050.0,1051.2,14603
2025-06-05T14:30:00+05:30,1051.2,1051.2,1046.2,1049.3,28234
2025-06-05T14:45:00+05:30,1049.3,1053.0,1048.7,1049.3,23181
2025-06-05T15:00:00+05:30,1050.0,1052.5,1048.0,1048.5,26143
2025-06-05T15:15:00+05:30,1048.8,1048.9,1046.2,1046.5,52256
2025-06-06T09:15:00+05:30,1051.0,1062.4,1050.5,1053.5,93900
2025-06-06T09:30:00+05:30,1053.3,1060.7,1053.3,1057.1,32592
2025-06-06T09:45:00+05:30,1056.3,1061.0,1056.3,1059.2,28031
2025-06-06T10:00:00+05:30,1059.9,1059.9,1055.0,1058.0,24416
2025-06-06T10:15:00+05:30,1058.0,1066.0,1056.7,1064.8,63113
2025-06-06T10:30:00+05:30,1065.1,1065.1,1058.0,1060.5,21305
2025-06-06T10:45:00+05:30,1060.4,1061.3,1056.0,1058.8,13691
2025-06-06T11:00:00+05:30,1058.8,1059.7,1056.1,1058.4,7942
2025-06-06T11:15:00+05:30,1058.5,1059.1,1058.0,1059.1,5382
2025-06-06T11:30:00+05:30,1059.1,1060.7,1058.7,1060.7,5787
2025-06-06T11:45:00+05:30,1060.7,1060.7,1058.8,1059.8,3077
2025-06-06T12:00:00+05:30,1060.3,1060.6,1058.0,1059.0,3893
2025-06-06T12:15:00+05:30,1058.9,1059.0,1057.0,1057.6,6861
2025-06-06T12:30:00+05:30,1058.0,1058.2,1054.0,1054.5,17374
2025-06-06T12:45:00+05:30,1054.5,1056.0,1052.0,1052.0,21999
2025-06-06T13:00:00+05:30,1052.5,1056.2,1052.1,1053.5,25905
2025-06-06T13:15:00+05:30,1052.7,1054.4,1050.6,1052.0,16613
2025-06-06T13:30:00+05:30,1052.0,1054.5,1052.0,1053.2,15258
2025-06-06T13:45:00+05:30,1053.3,1054.7,1052.0,1052.2,10223
2025-06-06T14:00:00+05:30,1052.4,1054.0,1052.1,1052.1,8213
2025-06-06T14:15:00+05:30,1052.3,1054.5,1052.1,1053.9,9030
2025-06-06T14:30:00+05:30,1053.9,1056.0,1052.4,1054.0,46785
2025-06-06T14:45:00+05:30,1054.0,1054.3,1052.4,1054.3,11180
2025-06-06T15:00:00+05:30,1054.3,1056.0,1051.0,1052.5,51725
2025-06-06T15:15:00+05:30,1052.0,1055.0,1051.0,1055.0,50056
2025-06-09T09:15:00+05:30,1060.1,1064.8,1058.4,1060.3,63186
2025-06-09T09:30:00+05:30,1060.9,1072.6,1060.6,1070.4,61308
2025-06-09T09:45:00+05:30,1070.5,1076.1,1058.8,1075.0,130918
2025-06-09T10:00:00+05:30,1075.1,1083.9,1070.3,1071.7,125145
2025-06-09T10:15:00+05:30,1071.2,1074.6,1068.5,1069.4,274160
2025-06-09T10:30:00+05:30,1069.6,1070.7,1068.5,1069.0,25605
2025-06-09T10:45:00+05:30,1069.0,1070.8,1068.0,1068.9,42873
2025-06-09T11:00:00+05:30,1068.8,1069.0,1066.0,1066.7,12408
2025-06-09T11:15:00+05:30,1066.7,1069.4,1066.0,1069.2,6537
2025-06-09T11:30:00+05:30,1069.0,1069.1,1066.1,1067.8,4720
2025-06-09T11:45:00+05:30,1067.2,1070.4,1067.0,1069.6,28468
2025-06-09T12:00:00+05:30,1069.5,1077.0,1069.0,1071.5,111576
2025-06-09T12:15:00+05:30,1071.5,1073.9,1068.1,1069.7,95789
2025-06-09T12:30:00+05:30,1069.7,1070.1,1068.0,1070.0,10074
2025-06-09T12:45:00+05:30,1070.0,1070.0,1067.4,1069.0,16865
2025-06-09T13:00:00+05:30,1068.3,1074.8,1068.0,1069.0,606783
2025-06-09T13:15:00+05:30,1069.0,1070.9,1061.1,1070.5,54862
2025-06-09T13:30:00+05:30,1070.2,1074.4,1069.2,1070.7,83436
2025-06-09T13:45:00+05:30,1070.2,1070.2,1065.0,1066.0,23101
2025-06-09T14:00:00+05:30,1066.0,1066.9,1063.3,1063.6,17057
2025-06-09T14:15:00+05:30,1063.5,1064.0,1058.3,1058.4,52179
2025-06-09T14:30:00+05:30,1058.9,1059.4,1053.6,1058.7,269916
2025-06-09T14:45:00+05:30,1058.7,1060.0,1053.6,1054.9,161564
2025-06-09T15:00:00+05:30,1054.9,1069.4,1053.6,1062.4,823368
2025-06-09T15:15:00+05:30,1062.4,1080.0,1059.1,1080.0,794564
2025-06-10T09:15:00+05:30,1093.0,1106.9,1076.1,1103.0,1260370
2025-06-10T09:30:00+05:30,1102.3,1114.4,1090.0,1096.4,638243
2025-06-10T09:45:00+05:30,1096.0,1101.0,1091.2,1098.0,177168
2025-06-10T10:00:00+05:30,1098.0,1114.4,1094.4,1095.2,467245
2025-06-10T10:15:00+05:30,1095.2,1099.9,1078.1,1081.2,328490
2025-06-10T10:30:00+05:30,1081.1,1082.6,1077.3,1078.8,114363
2025-06-10T10:45:00+05:30,1078.8,1089.9,1077.6,1085.0,275937
2025-06-10T11:00:00+05:30,1085.0,1086.6,1080.6,1081.1,70812
2025-06-10T11:15:00+05:30,1081.1,1097.0,1080.0,1094.3,414624
2025-06-10T11:30:00+05:30,1094.1,1113.9,1093.9,1110.9,580768
2025-06-10T11:45:00+05:30,1110.9,1118.4,1109.1,1113.0,426587
2025-06-10T12:00:00+05:30,1113.0,1115.5,1107.4,1108.4,144770
2025-06-10T12:15:00+05:30,1108.6,1117.5,1108.1,1116.7,189262
2025-06-10T12:30:00+05:30,1116.1,1117.0,1110.0,1110.5,135069
2025-06-10T12:45:00+05:30,1110.0,1116.9,1110.0,1114.9,64562
2025-06-10T13:00:00+05:30,1115.1,1119.8,1112.0,1114.8,121509
2025-06-10T13:15:00+05:30,1114.9,1116.6,1102.3,1104.0,173761
2025-06-10T13:30:00+05:30,1104.0,1105.3,1098.1,1099.0,156890
2025-06-10T13:45:00+05:30,1098.7,1101.0,1095.2,1097.1,60231
2025-06-10T14:00:00+05:30,1097.7,1098.5,1092.8,1093.8,314721
2025-06-10T14:15:00+05:30,1093.4,1095.0,1089.4,1091.5,93405
2025-06-10T14:30:00+05:30,1091.5,1094.6,1083.6,1087.4,200686
2025-06-10T14:45:00+05:30,1087.7,1093.9,1087.1,1088.0,115449
2025-06-10T15:00:00+05:30,1088.4,1091.0,1086.6,1087.0,144726
2025-06-10T15:15:00+05:30,1087.5,1090.0,1079.5,1082.8,414508
2025-06-11T09:15:00+05:30,1087.2,1099.0,1063.2,1063.3,864573
2025-06-11T09:30:00+05:30,1063.2,1071.5,1056.3,1065.5,286117
2025-06-11T09:45:00+05:30,1065.3,1067.9,1060.1,1064.0,135121
2025-06-11T10:00:00+05:30,1063.3,1067.0,1060.8,1065.4,78347
2025-06-11T10:15:00+05:30,1065.4,1077.0,1065.0,1072.5,131639
2025-06-11T10:30:00+05:30,1072.5,1074.0,1064.0,1068.3,78101
2025-06-11T10:45:00+05:30,1067.8,1073.9,1067.3,1070.0,55284
2025-06-11T11:00:00+05:30,1069.4,1070.6,1066.5,1069.2,63752
2025-06-11T11:15:00+05:30,1068.6,1069.6,1063.4,1064.0,77998
2025-06-11T11:30:00+05:30,1064.4,1073.9,1062.0,1072.0,95099
2025-06-11T11:45:00+05:30,1072.0,1077.0,1068.0,1071.5,76718
2025-06-11T12:00:00+05:30,1071.5,1079.5,1071.5,1075.0,179881
2025-06-11T12:15:00+05:30,1075.0,1075.3,1068.0,1069.2,91359
2025-06-11T12:30:00+05:30,1069.6,1080.0,1068.1,1073.8,149814
2025-06-11T12:45:00+05:30,1073.8,1094.7,1073.2,1080.4,439580
2025-06-11T13:00:00+05:30,1081.0,1085.4,1077.4,1081.6,71350
2025-06-11T13:15:00+05:30,1081.6,1083.5,1075.0,1076.7,25981
2025-06-11T13:30:00+05:30,1076.0,1077.0,1070.0,1070.4,41424
2025-06-11T13:45:00+05:30,1071.4,1071.5,1065.0,1070.0,72850
2025-06-11T14:00:00+05:30,1070.0,1070.4,1061.0,1062.0,172980
2025-06-11T14:15:00+05:30,1062.0,1062.0,1053.5,1056.6,265281
2025-06-11T14:30:00+05:30,1056.6,1060.4,1055.1,1056.1,96407
2025-06-11T14:45:00+05:30,1055.9,1061.5,1055.2,1057.0,124737
2025-06-11T15:00:00+05:30,1057.0,1062.4,1056.0,1059.0,403733
2025-06-11T15:15:00+05:30,1058.9,1059.0,1055.0,1057.2,253631
2025-06-12T09:15:00+05:30,1058.0,1060.0,1018.2,1024.4,864719
2025-06-12T09:30:00+05:30,1023.9,1036.4,1020.0,1028.5,343910
2025-06-12T09:45:00+05:30,1028.5,1031.8,1026.0,1030.0,120419
2025-06-12T10:00:00+05:30,1030.5,1033.2,1026.1,1026.4,102880
2025-06-12T10:15:00+05:30,1026.4,1033.0,1024.0,1024.5,144995
2025-06-12T10:30:00+05:30,1024.2,1029.0,1024.0,1028.2,107291
2025-06-12T10:45:00+05:30,1028.0,1030.9,1028.0,1028.1,49197
2025-06-12T11:00:00+05:30,1028.3,1032.7,1028.1,1030.5,50837
2025-06-12T11:15:00+05:30,1030.5,1032.0,1029.1,1030.6,115442
2025-06-12T11:30:00+05:30,1030.6,1035.0,1030.0,1034.1,141310
2025-06-12T11:45:00+05:30,1034.8,1034.8,1027.5,1028.9,92602
2025-06-12T12:00:00+05:30,1028.9,1030.9,1028.0,1029.5,159626
2025-06-12T12:15:00+05:30,1029.6,1030.2,1028.0,1028.5,60157
2025-06-12T12:30:00+05:30,1028.6,1036.0,1028.0,1030.1,98756
2025-06-12T12:45:00+05:30,1030.3,1032.9,1028.6,1032.1,41078
2025-06-12T13:00:00+05:30,1032.2,1044.8,1032.0,1042.5,283661
2025-06-12T13:15:00+05:30,1042.8,1044.9,1035.9,1038.4,78705
2025-06-12T13:30:00+05:30,1038.4,1039.9,1033.8,1035.0,83838
2025-06-12T13:45:00+05:30,1034.7,1035.6,1025.0,1025.4,105731
2025-06-12T14:00:00+05:30,1025.4,1030.7,1022.0,1024.5,208466
2025-06-12T14:15:00+05:30,1024.5,1025.3,1021.0,1022.0,74934
2025-06-12T14:30:00+05:30,1022.0,1027.9,1021.2,1025.6,58252
2025-06-12T14:45:00+05:30,1025.6,1027.9,1024.0,1025.6,41887
2025-06-12T15:00:00+05:30,1025.5,1031.0,1021.0,1026.0,164223
2025-06-12T15:15:00+05:30,1025.8,1027.0,1020.2,1021.0,225812
2025-06-13T09:15:00+05:30,1001.0,1014.8,990.2,1014.7,479065
2025-06-13T09:30:00+05:30,1014.0,1039.4,1010.1,1027.8,543885
2025-06-13T09:45:00+05:30,1027.3,1031.9,1024.0,1028.7,138545
2025-06-13T10:00:00+05:30,1028.5,1028.7,1022.5,1025.4,224480
2025-06-13T10:15:00+05:30,1025.5,1026.0,1021.0,1021.1,88970
2025-06-13T10:30:00+05:30,1021.0,1025.0,1017.4,1021.3,120492
2025-06-13T10:45:00+05:30,1021.3,1022.7,1019.2,1020.7,93038
2025-06-13T11:00:00+05:30,1020.8,1022.0,1018.0,1018.6,102325
2025-06-13T11:15:00+05:30,1018.6,1019.4,1014.1,1016.7,105326
2025-06-13T11:30:00+05:30,1016.4,1016.7,1010.0,1010.0,112010
2025-06-13T11:45:00+05:30,1010.2,1010.2,1002.5,1005.1,104660
2025-06-13T12:00:00+05:30,1005.1,1005.6,1000.5,1001.5,93925
2025-06-13T12:15:00+05:30,1001.5,1018.3,1001.5,1008.2,243715
2025-06-13T12:30:00+05:30,1008.4,1020.4,1005.4,1014.0,130404
2025-06-13T12:45:00+05:30,1014.7,1016.0,1009.0,1010.0,62944
2025-06-13T13:00:00+05:30,1010.0,1010.0,1007.0,1009.2,69349
2025-06-13T13:15:00+05:30,1009.0,1009.7,1007.0,1007.0,56328
2025-06-13T13:30:00+05:30,1007.0,1007.9,1005.1,1005.3,55411
2025-06-13T13:45:00+05:30,1005.1,1008.5,1001.6,1003.4,186670
2025-06-13T14:00:00+05:30,1003.6,1004.9,1002.0,1002.2,55636
2025-06-13T14:15:00+05:30,1002.2,1010.9,1001.0,1006.3,99542
2025-06-13T14:30:00+05:30,1006.7,1010.4,1005.2,1009.1,86652
2025-06-13T14:45:00+05:30,1009.0,1014.0,1005.5,1006.0,171107
2025-06-13T15:00:00+05:30,1006.0,1017.2,1001.0,1016.2,1010846
2025-06-13T15:15:00+05:30,1016.0,1018.6,999.9,1010.0,927366
2025-06-16T09:15:00+05:30,1011.9,1022.6,1004.2,1005.4,161812
2025-06-16T09:30:00+05:30,1005.1,1007.6,995.3,1004.7,120419
2025-06-16T09:45:00+05:30,1004.1,1004.8,990.2,1002.2,131855
2025-06-16T10:00:00+05:30,1002.5,1012.4,1000.1,1003.1,72453
2025-06-16T10:15:00+05:30,1003.1,1007.0,1003.0,1005.4,16790
2025-06-16T10:30:00+05:30,1005.9,1008.8,1004.0,1005.0,22616
2025-06-16T10:45:00+05:30,1005.3,1013.5,1005.3,1013.1,74362
2025-06-16T11:00:00+05:30,1012.4,1022.1,1010.0,1017.4,97161
2025-06-16T11:15:00+05:30,1017.4,1018.3,1012.0,1012.0,44303
2025-06-16T11:30:00+05:30,1012.0,1015.6,1012.0,1015.4,17876
2025-06-16T11:45:00+05:30,1015.4,1017.9,1014.7,1016.4,22243
2025-06-16T12:00:00+05:30,1016.5,1025.0,1016.4,1024.2,66932
2025-06-16T12:15:00+05:30,1024.1,1027.5,1020.7,1021.4,51312
2025-06-16T12:30:00+05:30,1021.3,1028.9,1021.3,1024.6,78808
2025-06-16T12:45:00+05:30,1024.5,1031.9,1024.0,1028.5,126445
2025-06-16T13:00:00+05:30,1028.4,1031.0,1025.9,1027.1,41249
2025-06-16T13:15:00+05:30,1026.7,1035.6,1026.6,1034.1,49242
2025-06-16T13:30:00+05:30,1034.2,1035.5,1033.1,1033.7,32672
2025-06-16T13:45:00+05:30,1033.7,1035.0,1025.7,1030.5,84474
2025-06-16T14:00:00+05:30,1030.5,1031.7,1025.0,1028.3,66556
2025-06-16T14:15:00+05:30,1028.3,1032.8,1025.0,1030.4,125922
2025-06-16T14:30:00+05:30,1030.4,1038.3,1025.5,1027.0,181446
2025-06-16T14:45:00+05:30,1027.3,1034.7,1026.0,1034.0,157928
2025-06-16T15:00:00+05:30,1034.1,1034.7,1030.6,1032.6,127025
2025-06-16T15:15:00+05:30,1032.5,1033.8,1026.1,1029.0,177021
2025-06-17T09:15:00+05:30,1031.0,1032.7,1017.1,1019.1,158269
2025-06-17T09:30:00+05:30,1019.1,1024.0,1016.2,1017.8,70710
2025-06-17T09:45:00+05:30,1018.2,1018.2,1009.9,1011.1,91871
2025-06-17T10:00:00+05:30,1011.0,1015.2,1010.0,1013.8,105675
2025-06-17T10:15:00+05:30,1013.6,1027.0,1011.2,1018.0,91639
2025-06-17T10:30:00+05:30,1018.0,1022.0,1017.0,1019.0,35949
2025-06-17T10:45:00+05:30,1019.0,1019.0,1015.0,1015.1,15551
2025-06-17T11:00:00+05:30,1015.2,1019.9,1013.5,1018.6,26794
2025-06-17T11:15:00+05:30,1018.6,1019.4,1016.3,1017.2,16594
2025-06-17T11:30:00+05:30,1016.7,1019.7,1015.9,1019.2,19601
2025-06-17T11:45:00+05:30,1019.1,1019.7,1015.1,1015.9,18906
2025-06-17T12:00:00+05:30,1015.9,1017.8,1014.8,1014.8,34875
2025-06-17T12:15:00+05:30,1014.9,1018.5,1014.6,1017.8,41749
2025-06-17T12:30:00+05:30,1017.8,1018.3,1015.0,1016.9,31491
2025-06-17T12:45:00+05:30,1016.9,1017.0,1008.0,1009.7,93149
2025-06-17T13:00:00+05:30,1009.7,1011.4,1008.0,1008.5,33658
2025-06-17T13:15:00+05:30,1009.0,1009.6,1005.3,1008.4,31311
2025-06-17T13:30:00+05:30,1008.1,1009.8,1007.1,1009.3,15922
2025-06-17T13:45:00+05:30,1009.3,1009.3,1005.0,1005.9,21947
2025-06-17T14:00:00+05:30,1005.9,1008.1,1005.1,1007.2,22264
2025-06-17T14:15:00+05:30,1007.3,1013.3,1006.1,1013.3,58630
2025-06-17T14:30:00+05:30,1013.2,1015.1,1008.0,1008.9,47026
2025-06-17T14:45:00+05:30,1009.0,1009.9,1007.5,1008.2,27462
2025-06-17T15:00:00+05:30,1007.8,1010.8,1005.8,1007.0,61839
2025-06-17T15:15:00+05:30,1007.4,1007.4,1001.2,1002.9,181385
2025-06-18T09:15:00+05:30,1003.0,1007.0,988.9,1004.0,280540
2025-06-18T09:30:00+05:30,1003.9,1020.4,1002.7,1011.3,140424
2025-06-18T09:45:00+05:30,1011.3,1012.0,1006.5,1007.3,59479
2025-06-18T10:00:00+05:30,1007.0,1011.9,1003.2,1006.4,54849
2025-06-18T10:15:00+05:30,1006.4,1007.0,1001.7,1003.5,26905
2025-06-18T10:30:00+05:30,1003.5,1005.0,999.5,1000.3,44315
2025-06-18T10:45:00+05:30,1000.4,1001.0,997.0,998.9,47150
2025-06-18T11:00:00+05:30,998.9,999.9,997.0,998.7,11524
2025-06-18T11:15:00+05:30,998.7,999.8,997.0,998.0,10349
2025-06-18T11:30:00+05:30,997.4,998.7,993.3,996.9,41646
2025-06-18T11:45:00+05:30,996.9,996.9,992.0,993.0,22820
2025-06-18T12:00:00+05:30,992.7,995.9,992.7,995.0,12214
2025-06-18T12:15:00+05:30,995.0,995.0,991.1,992.3,26878
2025-06-18T12:30:00+05:30,992.3,993.3,990.1,990.2,28604
2025-06-18T12:45:00+05:30,990.2,992.1,990.1,990.6,12827
2025-06-18T13:00:00+05:30,990.3,991.1,986.0,987.2,66752
2025-06-18T13:15:00+05:30,987.3,987.5,985.1,986.3,33822
2025-06-18T13:30:00+05:30,986.3,995.3,986.2,991.5,42819
2025-06-18T13:45:00+05:30,991.5,997.9,990.6,991.6,73679
2025-06-18T14:00:00+05:30,991.6,994.0,990.1,990.7,27064
2025-06-18T14:15:00+05:30,990.9,991.7,988.5,989.8,26543
2025-06-18T14:30:00+05:30,989.7,995.6,989.7,994.5,35812
2025-06-18T14:45:00+05:30,994.4,1006.2,993.9,1001.5,140749
2025-06-18T15:00:00+05:30,1001.2,1009.6,999.0,999.7,187830
2025-06-18T15:15:00+05:30,999.7,1000.8,992.0,995.0,113112
2025-06-19T09:15:00+05:30,1000.0,1001.4,990.0,1000.0,155839
2025-06-19T09:30:00+05:30,1000.4,1004.9,996.8,997.8,44140
2025-06-19T09:45:00+05:30,997.7,998.3,992.1,993.5,28021
2025-06-19T10:00:00+05:30,993.5,994.3,990.0,990.7,37115
2025-06-19T10:15:00+05:30,990.8,991.0,986.0,987.2,54069
2025-06-19T10:30:00+05:30,987.0,988.2,981.1,983.2,70372
2025-06-19T10:45:00+05:30,983.1,987.6,983.0,984.0,30835
2025-06-19T11:00:00+05:30,984.0,985.0,981.1,982.1,19459
2025-06-19T11:15:00+05:30,982.0,987.0,980.0,987.0,83637
2025-06-19T11:30:00+05:30,986.4,986.4,976.4,976.5,57349
2025-06-19T11:45:00+05:30,976.6,978.3,971.0,972.0,71416
2025-06-19T12:00:00+05:30,972.0,974.5,971.3,972.8,42503
2025-06-19T12:15:00+05:30,972.5,973.0,970.0,970.6,49793
2025-06-19T12:30:00+05:30,970.0,971.8,962.7,964.8,73822
2025-06-19T12:45:00+05:30,965.2,968.0,963.8,964.0,44303
2025-06-19T13:00:00+05:30,964.1,969.0,961.0,964.8,39621
2025-06-19T13:15:00+05:30,964.8,965.8,958.1,961.1,132979
2025-06-19T13:30:00+05:30,961.7,963.9,959.0,963.5,98427
2025-06-19T13:45:00+05:30,963.0,968.1,959.9,966.9,115326
2025-06-19T14:00:00+05:30,966.9,973.6,966.0,969.0,97674
2025-06-19T14:15:00+05:30,969.0,976.4,968.1,969.7,62107
2025-06-19T14:30:00+05:30,969.6,970.7,966.1,968.4,52108
2025-06-19T14:45:00+05:30,968.4,973.9,967.0,971.5,66024
2025-06-19T15:00:00+05:30,971.6,973.0,968.0,969.2,75354
2025-06-19T15:15:00+05:30,969.2,969.3,963.7,966.0,147777
2025-06-20T09:15:00+05:30,983.5,1013.4,983.3,1009.7,1124199
2025-06-20T09:30:00+05:30,1009.8,1025.5,1009.6,1015.6,1412363
2025-06-20T09:45:00+05:30,1016.0,1017.5,1000.0,1005.7,776024
2025-06-20T10:00:00+05:30,1005.7,1009.9,1004.0,1007.5,186808
2025-06-20T10:15:00+05:30,1007.5,1010.2,1005.0,1008.0,136904
2025-06-20T10:30:00+05:30,1008.0,1027.0,1007.1,1020.0,483692
2025-06-20T10:45:00+05:30,1020.1,1025.2,1018.9,1022.1,226409
2025-06-20T11:00:00+05:30,1022.1,1024.0,1017.6,1021.8,204442
2025-06-20T11:15:00+05:30,1021.8,1022.8,1014.7,1018.7,145032
2025-06-20T11:30:00+05:30,1018.7,1020.0,1015.0,1017.8,94695
2025-06-20T11:45:00+05:30,1017.8,1027.9,1017.3,1026.0,251334
2025-06-20T12:00:00+05:30,1026.0,1029.2,1018.6,1021.2,217445
2025-06-20T12:15:00+05:30,1021.3,1029.8,1020.4,1026.9,185600
2025-06-20T12:30:00+05:30,1026.9,1030.0,1023.1,1028.3,167089
2025-06-20T12:45:00+05:30,1028.3,1029.4,1024.5,1028.3,96727
2025-06-20T13:00:00+05:30,1028.3,1028.5,1017.0,1018.2,115673
2025-06-20T13:15:00+05:30,1018.2,1020.5,1015.1,1017.0,106462
2025-06-20T13:30:00+05:30,1017.1,1027.9,1015.1,1024.3,137710
2025-06-20T13:45:00+05:30,1024.3,1025.0,1020.4,1021.3,67600
2025-06-20T14:00:00+05:30,1021.3,1024.5,1020.2,1022.4,40448
2025-06-20T14:15:00+05:30,1022.2,1025.5,1018.0,1019.3,55584
2025-06-20T14:30:00+05:30,1019.3,1022.7,1018.3,1019.0,35763
2025-06-20T14:45:00+05:30,1019.0,1023.0,1018.7,1021.2,51956
2025-06-20T15:00:00+05:30,1021.2,1032.0,1021.0,1027.0,359589
2025-06-20T15:15:00+05:30,1026.5,1033.0,1025.0,1028.0,435223
2025-06-23T09:15:00+05:30,1015.4,1021.0,1010.2,1018.0,205125
2025-06-23T09:30:00+05:30,1018.1,1024.9,1016.0,1017.5,76881
2025-06-23T09:45:00+05:30,1017.5,1026.2,1014.8,1018.8,63825
2025-06-23T10:00:00+05:30,1019.0,1020.5,1017.5,1018.9,17198
2025-06-23T10:15:00+05:30,1019.0,1019.5,1011.1,1014.5,59680
2025-06-23T10:30:00+05:30,1014.8,1015.3,1013.4,1015.0,15149
2025-06-23T10:45:00+05:30,1015.0,1016.2,1014.9,1015.4,13590
2025-06-23T11:00:00+05:30,1015.9,1016.8,1013.2,1015.2,11662
2025-06-23T11:15:00+05:30,1015.2,1015.7,1014.0,1014.2,8390
2025-06-23T11:30:00+05:30,1014.5,1020.9,1013.8,1019.0,19681
2025-06-23T11:45:00+05:30,1018.9,1019.8,1016.1,1018.3,14403
2025-06-23T12:00:00+05:30,1018.6,1021.2,1018.1,1019.2,11827
2025-06-23T12:15:00+05:30,1020.4,1023.9,1019.0,1023.1,21925
2025-06-23T12:30:00+05:30,1023.5,1027.0,1021.0,1023.0,44181
2025-06-23T12:45:00+05:30,1023.0,1023.0,1021.1,1021.2,11140
2025-06-23T13:00:00+05:30,1021.8,1021.8,1018.2,1019.9,13617
2025-06-23T13:15:00+05:30,1020.1,1022.0,1020.0,1021.9,7367
2025-06-23T13:30:00+05:30,1021.9,1023.7,1020.7,1021.0,13084
2025-06-23T13:45:00+05:30,1021.3,1021.9,1019.0,1019.1,4660
2025-06-23T14:00:00+05:30,1019.1,1022.0,1019.0,1020.6,5777
2025-06-23T14:15:00+05:30,1020.0,1028.6,1020.0,1022.7,34016
2025-06-23T14:30:00+05:30,1022.9,1023.2,1022.0,1022.9,7200
2025-06-23T14:45:00+05:30,1022.9,1022.9,1021.0,1021.0,16083
2025-06-23T15:00:00+05:30,1021.3,1022.9,1019.9,1020.1,40670
2025-06-23T15:15:00+05:30,1020.1,1020.4,1015.0,1017.7,61717
2025-06-24T09:15:00+05:30,1029.4,1035.9,1021.0,1026.7,158558
2025-06-24T09:30:00+05:30,1026.7,1027.4,1017.3,1020.6,90654
2025-06-24T09:45:00+05:30,1020.7,1024.6,1019.6,1023.3,19253
2025-06-24T10:00:00+05:30,1023.3,1036.1,1023.0,1034.2,126341
2025-06-24T10:15:00+05:30,1034.0,1043.0,1025.8,1026.1,184826
2025-06-24T10:30:00+05:30,1026.1,1026.9,1023.8,1025.8,21494
2025-06-24T10:45:00+05:30,1025.9,1027.8,1024.1,1026.1,14820
2025-06-24T11:00:00+05:30,1025.6,1038.8,1025.0,1037.8,39740
2025-06-24T11:15:00+05:30,1037.2,1041.0,1028.1,1028.6,66812
2025-06-24T11:30:00+05:30,1028.6,1033.4,1027.6,1030.4,22486
2025-06-24T11:45:00+05:30,1030.3,1032.0,1029.0,1030.0,18682
2025-06-24T12:00:00+05:30,1030.7,1037.7,1030.0,1034.8,43516
2025-06-24T12:15:00+05:30,1034.8,1035.0,1032.2,1033.5,8003
2025-06-24T12:30:00+05:30,1033.5,1036.0,1030.0,1032.6,34788
2025-06-24T12:45:00+05:30,1032.1,1033.4,1029.1,1029.8,39726
2025-06-24T13:00:00+05:30,1029.8,1032.7,1028.0,1030.9,30183
2025-06-24T13:15:00+05:30,1031.2,1031.9,1025.7,1026.9,21758
2025-06-24T13:30:00+05:30,1026.9,1031.0,1024.1,1028.4,53589
2025-06-24T13:45:00+05:30,1027.7,1028.2,1024.0,1026.4,21132
2025-06-24T14:00:00+05:30,1026.4,1028.0,1018.8,1023.9,55945
2025-06-24T14:15:00+05:30,1023.6,1024.3,1021.0,1022.0,14819
2025-06-24T14:30:00+05:30,1022.5,1027.5,1022.5,1026.5,18104
2025-06-24T14:45:00+05:30,1026.5,1027.5,1020.5,1022.0,27210
2025-06-24T15:00:00+05:30,1022.4,1024.5,1019.4,1022.9,42201
2025-06-24T15:15:00+05:30,1022.4,1023.7,1018.1,1021.9,84254
2025-06-25T09:15:00+05:30,1026.0,1042.7,1025.9,1036.1,154335
2025-06-25T09:30:00+05:30,1036.8,1039.0,1029.0,1030.3,85830
2025-06-25T09:45:00+05:30,1030.4,1030.9,1026.4,1029.7,42116
2025-06-25T10:00:00+05:30,1029.3,1030.2,1022.0,1023.9,55663
2025-06-25T10:15:00+05:30,1023.9,1025.0,1021.4,1022.7,40754
2025-06-25T10:30:00+05:30,1022.7,1023.5,1020.5,1021.2,45242
2025-06-25T10:45:00+05:30,1021.6,1021.8,1018.5,1019.3,30779
2025-06-25T11:00:00+05:30,1019.9,1021.2,1017.1,1017.1,24234
2025-06-25T11:15:00+05:30,1017.2,1019.2,1015.0,1017.2,32446
2025-06-25T11:30:00+05:30,1017.2,1019.0,1015.9,1016.4,18934
2025-06-25T11:45:00+05:30,1016.4,1017.6,1014.0,1017.0,38988
2025-06-25T12:00:00+05:30,1016.9,1017.0,1014.0,1014.2,17859
2025-06-25T12:15:00+05:30,1014.1,1014.6,1011.7,1013.0,25756
2025-06-25T12:30:00+05:30,1013.0,1013.5,1008.7,1010.0,25977
2025-06-25T12:45:00+05:30,1009.7,1013.0,1007.0,1011.9,51936
2025-06-25T13:00:00+05:30,1011.9,1012.3,1009.5,1010.0,15278
2025-06-25T13:15:00+05:30,1010.1,1011.1,1007.5,1010.9,19878
2025-06-25T13:30:00+05:30,1010.9,1013.0,1009.1,1012.0,14264
2025-06-25T13:45:00+05:30,1012.1,1013.7,1010.5,1010.5,10305
2025-06-25T14:00:00+05:30,1010.6,1012.6,1010.0,1010.0,9275
2025-06-25T14:15:00+05:30,1010.0,1013.4,1010.0,1012.2,18685
2025-06-25T14:30:00+05:30,1012.2,1022.4,1011.6,1016.0,87219
2025-06-25T14:45:00+05:30,1016.0,1021.0,1015.0,1018.2,75188
2025-06-25T15:00:00+05:30,1017.7,1020.5,1016.2,1019.1,112152
2025-06-25T15:15:00+05:30,1019.4,1021.0,1017.0,1019.9,112824
2025-06-26T09:15:00+05:30,1033.3,1033.3,1021.0,1025.9,149507
2025-06-26T09:30:00+05:30,1025.7,1029.0,1022.1,1022.3,44441
2025-06-26T09:45:00+05:30,1022.3,1025.0,1020.6,1023.1,23872
2025-06-26T10:00:00+05:30,1023.1,1024.0,1020.0,1021.5,15438
2025-06-26T10:15:00+05:30,1021.5,1031.5,1021.0,1026.7,88535
2025-06-26T10:30:00+05:30,1026.7,1036.0,1026.0,1031.0,78835
2025-06-26T10:45:00+05:30,1031.0,1033.7,1028.9,1030.9,36491
2025-06-26T11:00:00+05:30,1031.0,1032.1,1029.3,1030.5,14550
2025-06-26T11:15:00+05:30,1030.5,1037.4,1029.9,1032.5,76433
2025-06-26T11:30:00+05:30,1032.8,1034.0,1031.5,1032.0,34052
2025-06-26T11:45:00+05:30,1032.3,1040.1,1031.5,1033.1,102139
2025-06-26T12:00:00+05:30,1033.4,1037.0,1032.5,1034.0,27385
2025-06-26T12:15:00+05:30,1034.2,1038.1,1033.0,1038.1,41429
2025-06-26T12:30:00+05:30,1038.1,1042.2,1037.0,1040.8,106266
2025-06-26T12:45:00+05:30,1041.0,1046.7,1038.0,1045.6,153966
2025-06-26T13:00:00+05:30,1045.5,1049.2,1043.4,1048.5,133407
2025-06-26T13:15:00+05:30,1049.2,1053.0,1046.1,1052.0,192875
2025-06-26T13:30:00+05:30,1052.2,1052.9,1049.0,1051.0,64518
2025-06-26T13:45:00+05:30,1050.7,1052.0,1045.0,1045.6,67328
2025-06-26T14:00:00+05:30,1045.6,1046.2,1040.0,1043.6,70301
2025-06-26T14:15:00+05:30,1042.8,1044.4,1038.2,1044.4,93472
2025-06-26T14:30:00+05:30,1044.4,1046.3,1041.9,1044.3,40160
2025-06-26T14:45:00+05:30,1044.3,1048.1,1043.1,1046.4,49255
2025-06-26T15:00:00+05:30,1046.5,1047.0,1040.9,1044.4,79425
2025-06-26T15:15:00+05:30,1043.9,1047.0,1040.8,1045.0,122105
2025-06-27T09:15:00+05:30,1054.4,1057.0,1045.6,1045.6,259425
2025-06-27T09:30:00+05:30,1046.1,1049.8,1043.9,1047.3,79283
2025-06-27T09:45:00+05:30,1047.2,1051.2,1044.0,1044.3,46495
2025-06-27T10:00:00+05:30,1044.2,1053.3,1044.2,1052.0,64408
2025-06-27T10:15:00+05:30,1051.3,1057.0,1048.0,1049.0,80751
2025-06-27T10:30:00+05:30,1049.0,1050.9,1047.3,1049.3,15623
2025-06-27T10:45:00+05:30,1049.0,1050.1,1047.1,1047.1,16491
2025-06-27T11:00:00+05:30,1047.6,1049.5,1046.5,1048.0,14942
2025-06-27T11:15:00+05:30,1048.7,1049.6,1045.0,1047.5,14228
2025-06-27T11:30:00+05:30,1047.0,1047.7,1045.0,1046.3,11887
2025-06-27T11:45:00+05:30,1046.1,1047.2,1042.2,1043.5,23705
2025-06-27T12:00:00+05:30,1043.4,1044.4,1041.2,1043.4,19587
2025-06-27T12:15:00+05:30,1043.4,1043.9,1040.3,1041.5,16537
2025-06-27T12:30:00+05:30,1041.7,1042.7,1040.5,1041.9,7182
2025-06-27T12:45:00+05:30,1041.6,1041.9,1037.6,1037.7,24184
2025-06-27T13:00:00+05:30,1038.0,1038.4,1035.2,1037.1,25218
2025-06-27T13:15:00+05:30,1037.1,1042.3,1036.0,1041.3,26608
2025-06-27T13:30:00+05:30,1041.3,1042.9,1040.1,1041.0,11146
2025-06-27T13:45:00+05:30,1041.1,1043.0,1040.0,1042.6,11740
2025-06-27T14:00:00+05:30,1042.4,1044.7,1041.9,1042.8,16923
2025-06-27T14:15:00+05:30,1043.0,1043.3,1038.1,1041.0,26047
2025-06-27T14:30:00+05:30,1041.4,1044.3,1040.8,1043.3,24104
2025-06-27T14:45:00+05:30,1043.3,1045.0,1041.1,1043.7,37515
2025-06-27T15:00:00+05:30,1043.7,1047.9,1040.8,1041.8,111482
2025-06-27T15:15:00+05:30,1041.9,1046.8,1040.9,1045.0,163707
2025-06-30T09:15:00+05:30,1050.0,1072.4,1046.6,1058.0,397073
2025-06-30T09:30:00+05:30,1057.7,1060.6,1051.7,1054.1,114792
2025-06-30T09:45:00+05:30,1054.1,1055.0,1051.5,1051.5,21804
2025-06-30T10:00:00+05:30,1052.3,1059.7,1051.4,1055.8,42083
2025-06-30T10:15:00+05:30,1055.8,1058.0,1054.0,1057.0,28720
2025-06-30T10:30:00+05:30,1057.0,1060.0,1056.6,1058.3,25426
2025-06-30T10:45:00+05:30,1058.5,1059.7,1055.5,1056.8,16779
2025-06-30T11:00:00+05:30,1057.4,1062.1,1051.5,1058.7,61234
2025-06-30T11:15:00+05:30,1058.8,1065.3,1058.6,1064.0,78473
2025-06-30T11:30:00+05:30,1064.0,1064.7,1058.5,1061.2,31986
2025-06-30T11:45:00+05:30,1061.2,1070.0,1061.2,1068.2,90588
2025-06-30T12:00:00+05:30,1068.6,1069.9,1065.7,1066.3,38168
2025-06-30T12:15:00+05:30,1066.2,1068.0,1064.9,1066.0,35390
2025-06-30T12:30:00+05:30,1066.5,1068.8,1065.0,1066.0,26481
2025-06-30T12:45:00+05:30,1065.9,1066.9,1063.0,1063.0,27460
2025-06-30T13:00:00+05:30,1063.0,1063.0,1058.0,1061.0,41998
2025-06-30T13:15:00+05:30,1061.1,1061.8,1056.5,1058.3,42169
2025-06-30T13:30:00+05:30,1058.8,1059.4,1055.5,1057.1,30037
2025-06-30T13:45:00+05:30,1057.1,1058.2,1053.3,1057.8,32990
2025-06-30T14:00:00+05:30,1057.6,1058.5,1056.3,1057.5,14265
2025-06-30T14:15:00+05:30,1057.5,1060.9,1056.6,1059.5,15148
2025-06-30T14:30:00+05:30,1060.1,1060.1,1053.7,1058.1,55306
2025-06-30T14:45:00+05:30,1059.0,1060.7,1057.5,1060.0,61328
2025-06-30T15:00:00+05:30,1060.4,1062.0,1058.6,1061.2,62347
2025-06-30T15:15:00+05:30,1061.2,1062.5,1058.0,1061.0,90856
2025-07-01T09:15:00+05:30,1063.0,1072.0,1057.9,1058.0,136496
2025-07-01T09:30:00+05:30,1058.0,1070.2,1055.3,1063.0,85146
2025-07-01T09:45:00+05:30,1063.0,1068.0,1061.0,1064.6,52532
2025-07-01T10:00:00+05:30,1065.0,1070.9,1062.0,1062.5,53555
2025-07-01T10:15:00+05:30,1062.4,1062.5,1059.0,1059.0,46844
2025-07-01T10:30:00+05:30,1059.5,1073.4,1059.0,1069.4,100024
2025-07-01T10:45:00+05:30,1069.4,1071.5,1064.3,1065.5,35512
2025-07-01T11:00:00+05:30,1065.5,1069.0,1064.3,1066.6,16121
2025-07-01T11:15:00+05:30,1067.0,1074.9,1066.6,1073.5,95533
2025-07-01T11:30:00+05:30,1073.5,1078.0,1070.0,1077.1,182727
2025-07-01T11:45:00+05:30,1077.1,1079.8,1072.0,1073.9,107090
2025-07-01T12:00:00+05:30,1073.7,1077.0,1072.0,1074.4,51280
2025-07-01T12:15:00+05:30,1073.7,1075.1,1071.3,1072.5,20467
2025-07-01T12:30:00+05:30,1072.5,1077.5,1061.1,1064.4,419637
2025-07-01T12:45:00+05:30,1064.2,1071.5,1054.9,1057.0,1909295
2025-07-01T13:00:00+05:30,1056.8,1061.0,1053.1,1058.1,63073
2025-07-01T13:15:00+05:30,1058.6,1060.8,1046.6,1059.0,171221
2025-07-01T13:30:00+05:30,1058.9,1061.7,1058.0,1060.7,25239
2025-07-01T13:45:00+05:30,1060.7,1064.4,1060.0,1062.4,50102
2025-07-01T14:00:00+05:30,1061.5,1065.0,1061.5,1063.5,84624
2025-07-01T14:15:00+05:30,1063.2,1064.4,1062.7,1062.7,19955
2025-07-01T14:30:00+05:30,1062.5,1065.0,1059.1,1064.2,96005
2025-07-01T14:45:00+05:30,1064.7,1064.8,1058.0,1058.0,32709
2025-07-01T15:00:00+05:30,1058.0,1059.0,1054.1,1054.8,103922
2025-07-01T15:15:00+05:30,1054.8,1058.0,1053.0,1056.2,99318
2025-07-02T09:15:00+05:30,1075.0,1075.8,1058.4,1061.7,162012
2025-07-02T09:30:00+05:30,1061.6,1062.7,1056.7,1060.1,52921
2025-07-02T09:45:00+05:30,1060.1,1065.5,1058.0,1059.8,61494
2025-07-02T10:00:00+05:30,1059.0,1059.5,1056.7,1056.7,33013
2025-07-02T10:15:00+05:30,1057.3,1057.3,1052.3,1055.2,51505
2025-07-02T10:30:00+05:30,1055.2,1055.2,1051.7,1053.7,10722
2025-07-02T10:45:00+05:30,1053.7,1055.1,1050.0,1052.9,19157
2025-07-02T11:00:00+05:30,1052.9,1055.0,1050.9,1052.9,8742
2025-07-02T11:15:00+05:30,1052.9,1053.3,1051.0,1052.6,11424
2025-07-02T11:30:00+05:30,1052.2,1053.0,1051.1,1052.3,6333
2025-07-02T11:45:00+05:30,1052.1,1053.7,1050.2,1050.2,21379
2025-07-02T12:00:00+05:30,1050.2,1051.0,1049.0,1050.8,26934
2025-07-02T12:15:00+05:30,1050.6,1051.0,1048.1,1048.9,19886
2025-07-02T12:30:00+05:30,1049.0,1049.8,1048.5,1049.2,7640
2025-07-02T12:45:00+05:30,1049.0,1050.6,1048.0,1049.1,40194
2025-07-02T13:00:00+05:30,1049.0,1050.0,1047.0,1047.8,11377
2025-07-02T13:15:00+05:30,1047.8,1047.8,1037.6,1045.0,85891
2025-07-02T13:30:00+05:30,1045.7,1045.7,1042.0,1043.1,11075
2025-07-02T13:45:00+05:30,1043.1,1049.9,1043.1,1046.4,20374
2025-07-02T14:00:00+05:30,1046.3,1049.9,1046.0,1049.3,8432
2025-07-02T14:15:00+05:30,1049.3,1051.5,1047.0,1048.4,27491
2025-07-02T14:30:00+05:30,1048.9,1053.0,1047.2,1052.1,32997
2025-07-02T14:45:00+05:30,1052.5,1058.0,1051.1,1057.2,55916
2025-07-02T15:00:00+05:30,1057.4,1057.9,1051.7,1055.8,59404
2025-07-02T15:15:00+05:30,1055.5,1059.0,1053.7,1055.0,81400
2025-07-03T09:15:00+05:30,1056.5,1066.4,1054.0,1061.0,96581
2025-07-03T09:30:00+05:30,1060.7,1063.8,1054.2,1057.4,47351
2025-07-03T09:45:00+05:30,1057.8,1062.1,1054.8,1059.4,32266
2025-07-03T10:00:00+05:30,1058.5,1059.2,1054.2,1055.9,11370
2025-07-03T10:15:00+05:30,1055.3,1057.3,1055.0,1055.6,12801
2025-07-03T10:30:00+05:30,1055.6,1056.7,1051.1,1052.0,17300
2025-07-03T10:45:00+05:30,1052.0,1061.0,1049.5,1059.6,63225
2025-07-03T11:00:00+05:30,1059.1,1061.9,1058.0,1060.2,26396
2025-07-03T11:15:00+05:30,1060.2,1064.5,1060.2,1061.5,27528
2025-07-03T11:30:00+05:30,1062.0,1067.0,1060.0,1060.8,32840
2025-07-03T11:45:00+05:30,1060.8,1064.5,1060.1,1063.1,17827
2025-07-03T12:00:00+05:30,1063.2,1064.8,1062.3,1063.9,8449
2025-07-03T12:15:00+05:30,1063.4,1063.5,1060.0,1060.7,10844
2025-07-03T12:30:00+05:30,1060.2,1060.7,1058.0,1059.4,8387
2025-07-03T12:45:00+05:30,1059.0,1060.2,1058.0,1058.8,9305
2025-07-03T13:00:00+05:30,1058.8,1059.3,1057.0,1057.0,6454
2025-07-03T13:15:00+05:30,1057.5,1057.5,1055.2,1056.2,13262
2025-07-03T13:30:00+05:30,1056.5,1057.8,1055.6,1056.5,7233
2025-07-03T13:45:00+05:30,1056.9,1056.9,1054.1,1055.7,13669
2025-07-03T14:00:00+05:30,1055.7,1061.3,1053.2,1057.5,20270
2025-07-03T14:15:00+05:30,1057.5,1058.9,1056.0,1057.3,7664
2025-07-03T14:30:00+05:30,1057.3,1057.9,1055.5,1057.9,13108
2025-07-03T14:45:00+05:30,1057.9,1057.9,1054.5,1054.5,16780
2025-07-03T15:00:00+05:30,1055.0,1055.3,1052.0,1052.7,31020
2025-07-03T15:15:00+05:30,1052.1,1054.7,1051.0,1053.9,60030
2025-07-04T09:15:00+05:30,1054.4,1069.0,1052.6,1067.6,181927
2025-07-04T09:30:00+05:30,1067.1,1069.0,1060.0,1065.0,81666
2025-07-04T09:45:00+05:30,1065.0,1068.2,1062.0,1065.1,31744
2025-07-04T10:00:00+05:30,1065.1,1068.5,1064.7,1064.7,25843
2025-07-04T10:15:00+05:30,1064.7,1071.0,1062.9,1069.0,73443
2025-07-04T10:30:00+05:30,1069.0,1069.5,1065.6,1065.7,28584
2025-07-04T10:45:00+05:30,1065.6,1065.9,1059.0,1059.1,31130
2025-07-04T11:00:00+05:30,1059.1,1060.0,1055.9,1056.0,30458
2025-07-04T11:15:00+05:30,1056.1,1057.9,1055.0,1056.5,14852
2025-07-04T11:30:00+05:30,1057.1,1057.1,1053.5,1054.2,21491
2025-07-04T11:45:00+05:30,1054.3,1054.3,1050.0,1051.7,28543
2025-07-04T12:00:00+05:30,1051.7,1053.5,1050.2,1052.5,12869
2025-07-04T12:15:00+05:30,1052.1,1053.5,1051.1,1052.0,8699
2025-07-04T12:30:00+05:30,1052.0,1052.6,1049.0,1050.0,16525
2025-07-04T12:45:00+05:30,1050.0,1050.3,1045.1,1047.4,20071
2025-07-04T13:00:00+05:30,1047.4,1048.9,1047.2,1048.8,5868
2025-07-04T13:15:00+05:30,1048.4,1051.8,1048.4,1049.0,11295
2025-07-04T13:30:00+05:30,1049.0,1051.4,1048.7,1049.7,11278
2025-07-04T13:45:00+05:30,1049.7,1050.9,1049.7,1050.4,2763
2025-07-04T14:00:00+05:30,1050.7,1052.0,1050.0,1051.5,5496
2025-07-04T14:15:00+05:30,1051.1,1051.1,1048.1,1049.4,11534
2025-07-04T14:30:00+05:30,1049.4,1051.5,1049.0,1051.4,11560
2025-07-04T14:45:00+05:30,1051.4,1057.5,1048.9,1054.4,37799
2025-07-04T15:00:00+05:30,1054.4,1061.5,1052.3,1059.8,72332
2025-07-04T15:15:00+05:30,1059.8,1060.0,1054.0,1055.0,92394
2025-07-07T09:15:00+05:30,1057.7,1057.7,1047.6,1052.0,59161
2025-07-07T09:30:00+05:30,1052.1,1055.3,1050.8,1052.0,20221
2025-07-07T09:45:00+05:30,1052.0,1052.8,1050.4,1050.5,12816
2025-07-07T10:00:00+05:30,1050.5,1051.5,1048.2,1048.2,14282
2025-07-07T10:15:00+05:30,1049.1,1049.1,1047.0,1048.4,20238
2025-07-07T10:30:00+05:30,1047.6,1049.0,1047.3,1047.6,6508
2025-07-07T10:45:00+05:30,1048.6,1049.3,1046.1,1047.1,10083
2025-07-07T11:00:00+05:30,1047.7,1049.0,1045.0,1045.3,14479
2025-07-07T11:15:00+05:30,1045.3,1046.4,1042.2,1042.3,18014
2025-07-07T11:30:00+05:30,1043.3,1043.6,1038.7,1039.0,22760
2025-07-07T11:45:00+05:30,1038.7,1039.4,1036.0,1038.0,26925
2025-07-07T12:00:00+05:30,1037.3,1038.5,1034.6,1038.0,16032
2025-07-07T12:15:00+05:30,1038.0,1038.0,1035.3,1036.4,9952
2025-07-07T12:30:00+05:30,1036.7,1038.0,1035.7,1036.0,7322
2025-07-07T12:45:00+05:30,1036.0,1037.0,1034.0,1037.0,44555
2025-07-07T13:00:00+05:30,1036.8,1038.6,1036.1,1038.4,6853
2025-07-07T13:15:00+05:30,1038.4,1040.0,1037.4,1039.0,16101
2025-07-07T13:30:00+05:30,1039.0,1039.0,1037.0,1037.0,6462
2025-07-07T13:45:00+05:30,1037.0,1037.5,1034.4,1035.4,16115
2025-07-07T14:00:00+05:30,1035.4,1037.0,1033.0,1035.4,44589
2025-07-07T14:15:00+05:30,1035.1,1035.7,1031.0,1034.0,53215
2025-07-07T14:30:00+05:30,1034.5,1034.9,1033.4,1033.8,13723
2025-07-07T14:45:00+05:30,1033.7,1045.5,1033.6,1044.0,58774
2025-07-07T15:00:00+05:30,1044.8,1045.4,1041.6,1044.0,49762
2025-07-07T15:15:00+05:30,1044.0,1045.1,1038.5,1040.0,81253
2025-07-08T09:15:00+05:30,1042.3,1058.1,1042.0,1051.0,114752
2025-07-08T09:30:00+05:30,1051.0,1061.7,1047.1,1054.0,149578
2025-07-08T09:45:00+05:30,1054.6,1056.9,1049.5,1050.4,30683
2025-07-08T10:00:00+05:30,1049.9,1050.3,1046.9,1048.8,17671
2025-07-08T10:15:00+05:30,1048.9,1049.0,1045.1,1045.5,18347
2025-07-08T10:30:00+05:30,1045.5,1046.5,1044.1,1044.3,10256
2025-07-08T10:45:00+05:30,1044.4,1045.1,1043.0,1044.0,12901
2025-07-08T11:00:00+05:30,1044.1,1045.2,1042.3,1044.8,19825
2025-07-08T11:15:00+05:30,1043.9,1057.0,1043.6,1051.2,40559
2025-07-08T11:30:00+05:30,1051.2,1052.3,1047.1,1048.0,24698
2025-07-08T11:45:00+05:30,1048.0,1048.5,1046.1,1046.1,9692
2025-07-08T12:00:00+05:30,1046.2,1046.8,1045.2,1045.9,8212
2025-07-08T12:15:00+05:30,1045.2,1046.3,1040.2,1042.1,18765
2025-07-08T12:30:00+05:30,1042.5,1044.1,1039.0,1042.3,26196
2025-07-08T12:45:00+05:30,1042.2,1044.7,1041.7,1043.9,5888
2025-07-08T13:00:00+05:30,1044.5,1047.0,1043.6,1046.4,11606
2025-07-08T13:15:00+05:30,1046.4,1047.6,1044.3,1045.2,13380
2025-07-08T13:30:00+05:30,1045.8,1053.0,1045.0,1048.7,42995
2025-07-08T13:45:00+05:30,1048.8,1051.1,1047.3,1049.9,35250
2025-07-08T14:00:00+05:30,1049.9,1062.0,1049.5,1054.6,108024
2025-07-08T14:15:00+05:30,1055.4,1055.4,1051.2,1052.4,18000
2025-07-08T14:30:00+05:30,1052.9,1054.8,1052.1,1053.4,9036
2025-07-08T14:45:00+05:30,1054.2,1055.0,1052.5,1055.0,13894
2025-07-08T15:00:00+05:30,1055.0,1058.0,1053.6,1056.0,29953
2025-07-08T15:15:00+05:30,1056.0,1059.0,1054.9,1056.6,146041
2025-07-09T09:15:00+05:30,1058.4,1071.9,1053.6,1070.1,238304
2025-07-09T09:30:00+05:30,1069.9,1072.4,1065.0,1068.2,84837
2025-07-09T09:45:00+05:30,1068.4,1074.0,1064.7,1065.4,182188
2025-07-09T10:00:00+05:30,1065.4,1073.9,1062.4,1072.1,79758
2025-07-09T10:15:00+05:30,1072.0,1093.4,1070.2,1085.3,544725
2025-07-09T10:30:00+05:30,1085.9,1093.0,1082.3,1092.0,202067
2025-07-09T10:45:00+05:30,1092.0,1094.0,1080.2,1080.8,166654
2025-07-09T11:00:00+05:30,1080.8,1082.9,1073.4,1073.5,112371
2025-07-09T11:15:00+05:30,1073.5,1077.0,1071.5,1076.0,71401
2025-07-09T11:30:00+05:30,1075.6,1081.1,1074.5,1078.9,47043
2025-07-09T11:45:00+05:30,1078.0,1080.0,1077.5,1078.6,32273
2025-07-09T12:00:00+05:30,1078.1,1083.2,1077.1,1079.5,41117
2025-07-09T12:15:00+05:30,1079.5,1080.0,1076.0,1077.0,29648
2025-07-09T12:30:00+05:30,1076.3,1077.9,1075.0,1076.7,23753
2025-07-09T12:45:00+05:30,1076.0,1077.8,1072.2,1072.8,32819
2025-07-09T13:00:00+05:30,1072.9,1075.8,1070.8,1071.6,32305
2025-07-09T13:15:00+05:30,1071.6,1072.9,1070.1,1071.0,18651
2025-07-09T13:30:00+05:30,1071.0,1071.5,1068.2,1069.0,22619
2025-07-09T13:45:00+05:30,1069.0,1073.8,1067.9,1071.8,32177
2025-07-09T14:00:00+05:30,1071.8,1075.9,1070.4,1075.3,30712
2025-07-09T14:15:00+05:30,1074.8,1076.3,1073.1,1073.9,31581
2025-07-09T14:30:00+05:30,1074.0,1075.0,1071.1,1072.1,37262
2025-07-09T14:45:00+05:30,1073.0,1073.7,1070.0,1072.1,60236
2025-07-09T15:00:00+05:30,1072.3,1074.9,1069.9,1072.6,95599
2025-07-09T15:15:00+05:30,1073.5,1081.7,1070.0,1080.7,183198
2025-07-10T09:15:00+05:30,1079.9,1104.0,1079.0,1087.0,454071
2025-07-10T09:30:00+05:30,1086.7,1091.9,1083.2,1089.5,85215
2025-07-10T09:45:00+05:30,1089.9,1108.1,1089.5,1103.4,396722
2025-07-10T10:00:00+05:30,1103.4,1109.4,1100.0,1106.2,226952
2025-07-10T10:15:00+05:30,1106.8,1108.0,1103.0,1105.6,106019
2025-07-10T10:30:00+05:30,1105.6,1106.5,1098.3,1099.0,74055
2025-07-10T10:45:00+05:30,1098.9,1099.0,1095.7,1097.0,73703
2025-07-10T11:00:00+05:30,1096.6,1100.0,1095.0,1097.0,53478
2025-07-10T11:15:00+05:30,1097.1,1098.4,1096.6,1097.0,22837
2025-07-10T11:30:00+05:30,1097.2,1100.5,1097.0,1098.4,36943
2025-07-10T11:45:00+05:30,1098.5,1101.0,1098.1,1100.1,40789
2025-07-10T12:00:00+05:30,1100.0,1115.0,1098.0,1113.4,479508
2025-07-10T12:15:00+05:30,1114.1,1118.0,1111.0,1112.0,295033
2025-07-10T12:30:00+05:30,1112.0,1115.0,1108.8,1110.5,112848
2025-07-10T12:45:00+05:30,1110.5,1112.0,1108.3,1109.0,74547
2025-07-10T13:00:00+05:30,1109.0,1110.0,1107.0,1107.2,53042
2025-07-10T13:15:00+05:30,1107.1,1113.9,1107.0,1113.6,53757
2025-07-10T13:30:00+05:30,1113.0,1116.0,1110.0,1112.0,76379
2025-07-10T13:45:00+05:30,1112.0,1112.7,1110.1,1110.9,35735
2025-07-10T14:00:00+05:30,1110.1,1113.7,1109.2,1111.9,42670
2025-07-10T14:15:00+05:30,1111.6,1115.0,1111.1,1112.5,45475
2025-07-10T14:30:00+05:30,1112.4,1116.0,1111.4,1114.9,54921
2025-07-10T14:45:00+05:30,1115.4,1116.0,1113.0,1114.4,63476
2025-07-10T15:00:00+05:30,1114.5,1118.0,1113.2,1116.5,126383
2025-07-10T15:15:00+05:30,1116.3,1118.9,1111.0,1114.0,234316
2025-07-11T09:15:00+05:30,1117.9,1119.4,1102.4,1105.6,243568
2025-07-11T09:30:00+05:30,1106.4,1107.9,1098.1,1099.2,83719
2025-07-11T09:45:00+05:30,1099.2,1099.4,1091.3,1095.0,69401
2025-07-11T10:00:00+05:30,1094.2,1094.9,1089.6,1091.5,38163
2025-07-11T10:15:00+05:30,1091.4,1093.0,1087.3,1088.8,37021
2025-07-11T10:30:00+05:30,1088.8,1089.7,1084.8,1085.7,45219
2025-07-11T10:45:00+05:30,1085.7,1086.1,1078.4,1080.0,62794
2025-07-11T11:00:00+05:30,1080.0,1081.9,1078.4,1080.6,52317
2025-07-11T11:15:00+05:30,1080.5,1081.2,1075.0,1077.5,52147
2025-07-11T11:30:00+05:30,1077.5,1081.2,1077.0,1079.7,31673
2025-07-11T11:45:00+05:30,1079.7,1080.9,1076.1,1077.7,25831
2025-07-11T12:00:00+05:30,1077.3,1078.0,1072.7,1073.2,43048
2025-07-11T12:15:00+05:30,1073.8,1075.5,1072.1,1074.6,38198
2025-07-11T12:30:00+05:30,1074.0,1081.0,1073.5,1076.9,57234
2025-07-11T12:45:00+05:30,1076.9,1086.0,1076.9,1085.0,65905
2025-07-11T13:00:00+05:30,1085.0,1093.1,1084.0,1091.9,105791
2025-07-11T13:15:00+05:30,1091.9,1100.0,1091.3,1096.9,131194
2025-07-11T13:30:00+05:30,1096.4,1104.8,1096.0,1101.8,98827
2025-07-11T13:45:00+05:30,1101.8,1105.5,1097.0,1102.4,67836
2025-07-11T14:00:00+05:30,1102.4,1105.8,1100.1,1104.1,91613
2025-07-11T14:15:00+05:30,1104.0,1105.8,1097.2,1099.5,36727
2025-07-11T14:30:00+05:30,1099.5,1105.6,1098.1,1105.0,28134
2025-07-11T14:45:00+05:30,1104.9,1105.5,1100.0,1102.7,27347
2025-07-11T15:00:00+05:30,1102.7,1109.1,1102.3,1105.1,86768
2025-07-11T15:15:00+05:30,1105.1,1106.5,1097.1,1099.3,88373
2025-07-14T09:15:00+05:30,1100.3,1107.4,1095.0,1105.0,195951
2025-07-14T09:30:00+05:30,1105.0,1121.4,1104.0,1120.7,185861
2025-07-14T09:45:00+05:30,1121.0,1124.9,1115.2,1124.6,111766
2025-07-14T10:00:00+05:30,1124.0,1125.0,1111.2,1112.6,85803
2025-07-14T10:15:00+05:30,1112.7,1113.3,1103.0,1105.8,56454
2025-07-14T10:30:00+05:30,1105.7,1106.0,1099.3,1100.6,60984
2025-07-14T10:45:00+05:30,1100.6,1103.4,1099.5,1101.2,33284
2025-07-14T11:00:00+05:30,1101.7,1106.9,1101.6,1105.9,25837
2025-07-14T11:15:00+05:30,1105.9,1107.6,1100.9,1100.9,21143
2025-07-14T11:30:00+05:30,1100.5,1101.7,1097.4,1099.6,33405
2025-07-14T11:45:00+05:30,1099.5,1100.8,1098.2,1099.3,10851
2025-07-14T12:00:00+05:30,1099.2,1102.2,1097.5,1101.7,15135
2025-07-14T12:15:00+05:30,1101.1,1105.3,1101.0,1102.0,12212
2025-07-14T12:30:00+05:30,1102.0,1110.6,1101.3,1108.2,71412
2025-07-14T12:45:00+05:30,1108.9,1109.3,1098.0,1103.0,50996
2025-07-14T13:00:00+05:30,1102.3,1110.0,1102.1,1105.0,39432
2025-07-14T13:15:00+05:30,1105.0,1111.8,1105.0,1109.9,68309
2025-07-14T13:30:00+05:30,1110.4,1112.0,1108.5,1110.4,68428
2025-07-14T13:45:00+05:30,1110.9,1114.8,1109.5,1110.1,31358
2025-07-14T14:00:00+05:30,1110.1,1111.6,1109.3,1111.0,13579
2025-07-14T14:15:00+05:30,1111.0,1113.2,1110.0,1111.5,14666
2025-07-14T14:30:00+05:30,1111.9,1113.8,1110.5,1111.9,12220
2025-07-14T14:45:00+05:30,1111.9,1112.6,1110.6,1110.8,25752
2025-07-14T15:00:00+05:30,1111.5,1112.6,1110.0,1110.1,71865
2025-07-14T15:15:00+05:30,1110.1,1111.0,1103.0,1109.9,91670
2025-07-15T09:15:00+05:30,1115.3,1136.4,1114.1,1119.2,167893
2025-07-15T09:30:00+05:30,1119.2,1124.8,1114.1,1117.0,74817
2025-07-15T09:45:00+05:30,1117.4,1117.4,1107.1,1107.5,109345
2025-07-15T10:00:00+05:30,1107.1,1108.8,1106.0,1107.0,56526
2025-07-15T10:15:00+05:30,1107.0,1110.4,1104.1,1109.5,52023
2025-07-15T10:30:00+05:30,1109.3,1109.6,1106.1,1107.4,16306
2025-07-15T10:45:00+05:30,1107.4,1114.0,1105.0,1112.7,32277
2025-07-15T11:00:00+05:30,1112.7,1113.4,1108.0,1108.0,23370
2025-07-15T11:15:00+05:30,1107.5,1110.2,1106.9,1107.2,13439
2025-07-15T11:30:00+05:30,1107.1,1108.8,1106.6,1107.5,10752
2025-07-15T11:45:00+05:30,1107.4,1109.9,1105.1,1105.7,39416
2025-07-15T12:00:00+05:30,1105.3,1112.0,1102.2,1103.0,114117
2025-07-15T12:15:00+05:30,1102.6,1103.5,1100.0,1101.1,41932
2025-07-15T12:30:00+05:30,1101.0,1102.9,1100.0,1100.9,22826
2025-07-15T12:45:00+05:30,1100.6,1103.9,1100.6,1102.5,16778
2025-07-15T13:00:00+05:30,1102.5,1103.7,1098.0,1100.2,48283
2025-07-15T13:15:00+05:30,1100.0,1100.3,1090.2,1093.5,87370
2025-07-15T13:30:00+05:30,1093.5,1094.0,1090.1,1091.3,29557
2025-07-15T13:45:00+05:30,1091.0,1093.9,1086.1,1088.8,63892
2025-07-15T14:00:00+05:30,1088.6,1089.5,1080.5,1081.7,92368
2025-07-15T14:15:00+05:30,1081.6,1085.6,1080.1,1081.0,55535
2025-07-15T14:30:00+05:30,1081.7,1082.7,1075.7,1077.0,83482
2025-07-15T14:45:00+05:30,1076.8,1080.6,1072.8,1073.6,79554
2025-07-15T15:00:00+05:30,1073.9,1077.8,1070.0,1076.3,95675
2025-07-15T15:15:00+05:30,1076.4,1077.0,1065.1,1071.0,243592
2025-07-16T09:15:00+05:30,1074.3,1085.9,1070.1,1084.3,121652
2025-07-16T09:30:00+05:30,1084.3,1085.0,1078.1,1079.7,36128
2025-07-16T09:45:00+05:30,1079.6,1079.7,1072.1,1074.7,33694
2025-07-16T10:00:00+05:30,1074.4,1076.1,1072.9,1075.9,15260
2025-07-16T10:15:00+05:30,1075.3,1079.0,1074.2,1077.0,18810
2025-07-16T10:30:00+05:30,1077.0,1077.8,1074.4,1075.5,7521
2025-07-16T10:45:00+05:30,1075.5,1078.1,1072.5,1073.0,18314
2025-07-16T11:00:00+05:30,1073.0,1074.0,1071.5,1073.8,11955
2025-07-16T11:15:00+05:30,1073.2,1074.5,1072.2,1073.9,7673
2025-07-16T11:30:00+05:30,1073.9,1088.4,1073.9,1079.7,76834
2025-07-16T11:45:00+05:30,1079.6,1085.0,1078.4,1079.4,24290
2025-07-16T12:00:00+05:30,1080.1,1081.5,1077.2,1079.0,14338
2025-07-16T12:15:00+05:30,1078.6,1079.4,1077.0,1077.1,5352
2025-07-16T12:30:00+05:30,1077.1,1078.9,1075.0,1078.1,15919
2025-07-16T12:45:00+05:30,1078.2,1079.0,1077.0,1077.8,4433
2025-07-16T13:00:00+05:30,1077.1,1078.2,1076.0,1076.5,7478
2025-07-16T13:15:00+05:30,1076.1,1076.1,1071.6,1072.7,17522
2025-07-16T13:30:00+05:30,1072.2,1072.9,1062.9,1065.0,79116
2025-07-16T13:45:00+05:30,1064.9,1066.6,1061.1,1066.2,41711
2025-07-16T14:00:00+05:30,1066.5,1068.0,1064.2,1067.9,16427
2025-07-16T14:15:00+05:30,1067.9,1075.1,1067.3,1071.2,34598
2025-07-16T14:30:00+05:30,1071.2,1081.0,1071.0,1079.4,44073
2025-07-16T14:45:00+05:30,1079.4,1080.7,1077.1,1078.0,31829
2025-07-16T15:00:00+05:30,1078.0,1079.6,1074.7,1077.9,27846
2025-07-16T15:15:00+05:30,1077.9,1078.9,1074.4,1076.0,50701
2025-07-17T09:15:00+05:30,1079.3,1087.8,1076.2,1079.0,69810
2025-07-17T09:30:00+05:30,1079.0,1079.5,1073.5,1074.9,29050
2025-07-17T09:45:00+05:30,1075.0,1077.7,1075.0,1077.0,18411
2025-07-17T10:00:00+05:30,1077.0,1079.5,1075.0,1077.9,24264
2025-07-17T10:15:00+05:30,1077.9,1084.4,1077.1,1081.9,27627
2025-07-17T10:30:00+05:30,1081.9,1084.0,1079.6,1082.8,13795
2025-07-17T10:45:00+05:30,1083.0,1086.7,1077.0,1078.1,35829
2025-07-17T11:00:00+05:30,1078.0,1080.5,1077.0,1080.4,11815
2025-07-17T11:15:00+05:30,1080.0,1080.0,1077.1,1079.1,7925
2025-07-17T11:30:00+05:30,1079.9,1079.9,1077.7,1078.2,2541
2025-07-17T11:45:00+05:30,1078.5,1081.0,1078.0,1080.4,93513
2025-07-17T12:00:00+05:30,1080.0,1091.0,1079.9,1087.9,53940
2025-07-17T12:15:00+05:30,1087.3,1088.8,1083.6,1087.0,26216
2025-07-17T12:30:00+05:30,1087.1,1087.1,1083.5,1085.4,9380
2025-07-17T12:45:00+05:30,1085.6,1085.9,1084.3,1084.3,6864
2025-07-17T13:00:00+05:30,1084.3,1085.0,1081.6,1082.0,6002
2025-07-17T13:15:00+05:30,1082.5,1083.7,1082.0,1082.1,4700
2025-07-17T13:30:00+05:30,1082.4,1084.5,1082.1,1084.4,4532
2025-07-17T13:45:00+05:30,1084.4,1084.5,1083.0,1083.2,3846
2025-07-17T14:00:00+05:30,1083.2,1084.7,1082.0,1083.0,17114
2025-07-17T14:15:00+05:30,1082.8,1083.1,1079.2,1080.1,20079
2025-07-17T14:30:00+05:30,1080.6,1081.4,1079.0,1081.1,8606
2025-07-17T14:45:00+05:30,1081.0,1081.1,1078.1,1079.0,16989
2025-07-17T15:00:00+05:30,1079.0,1082.0,1078.2,1081.1,23468
2025-07-17T15:15:00+05:30,1081.4,1082.0,1078.0,1078.4,49663
2025-07-18T09:15:00+05:30,1078.0,1091.0,1073.1,1084.5,108836
2025-07-18T09:30:00+05:30,1084.7,1084.8,1077.2,1078.2,38320
2025-07-18T09:45:00+05:30,1078.1,1083.3,1077.2,1082.8,17967
2025-07-18T10:00:00+05:30,1082.8,1083.0,1074.4,1074.9,25771
2025-07-18T10:15:00+05:30,1074.5,1075.3,1067.0,1070.9,38893
2025-07-18T10:30:00+05:30,1070.9,1075.4,1070.0,1070.6,13174
2025-07-18T10:45:00+05:30,1070.0,1075.5,1070.0,1073.0,13576
2025-07-18T11:00:00+05:30,1072.5,1074.2,1071.5,1073.0,5069
2025-07-18T11:15:00+05:30,1073.0,1073.8,1070.1,1070.5,19680
2025-07-18T11:30:00+05:30,1070.5,1072.2,1069.0,1069.1,9244
2025-07-18T11:45:00+05:30,1069.1,1070.5,1068.0,1068.8,7614
2025-07-18T12:00:00+05:30,1068.8,1070.0,1068.0,1069.5,5729
2025-07-18T12:15:00+05:30,1069.2,1069.6,1066.0,1067.0,23433
2025-07-18T12:30:00+05:30,1067.3,1068.1,1064.4,1065.8,14853
2025-07-18T12:45:00+05:30,1065.7,1066.2,1064.0,1065.4,10661
2025-07-18T13:00:00+05:30,1065.0,1066.6,1064.9,1065.0,8565
2025-07-18T13:15:00+05:30,1065.5,1065.8,1063.4,1064.0,11313
2025-07-18T13:30:00+05:30,1064.0,1067.3,1061.6,1067.0,22891
2025-07-18T13:45:00+05:30,1066.5,1069.4,1063.0,1069.0,16074
2025-07-18T14:00:00+05:30,1069.8,1070.5,1065.5,1067.3,25216
2025-07-18T14:15:00+05:30,1067.4,1067.7,1064.0,1065.8,12664
2025-07-18T14:30:00+05:30,1065.8,1068.6,1064.6,1066.1,19628
2025-07-18T14:45:00+05:30,1066.1,1069.0,1065.1,1068.8,21907
2025-07-18T15:00:00+05:30,1068.8,1068.8,1062.0,1062.6,46479
2025-07-18T15:15:00+05:30,1062.6,1063.8,1051.0,1054.0,121954
2025-07-21T09:15:00+05:30,1059.0,1059.8,1045.2,1048.7,90940
2025-07-21T09:30:00+05:30,1049.6,1054.4,1045.3,1054.4,35784
2025-07-21T09:45:00+05:30,1054.2,1055.8,1051.1,1051.9,15142
2025-07-21T10:00:00+05:30,1051.9,1054.0,1049.8,1050.0,8231
2025-07-21T10:15:00+05:30,1050.2,1053.0,1050.0,1052.0,12991
2025-07-21T10:30:00+05:30,1051.8,1054.8,1051.0,1051.2,11185
2025-07-21T10:45:00+05:30,1051.9,1056.5,1048.2,1048.9,22628
2025-07-21T11:00:00+05:30,1048.5,1050.5,1048.5,1048.7,10845
2025-07-21T11:15:00+05:30,1049.1,1050.0,1047.2,1048.1,9041
2025-07-21T11:30:00+05:30,1047.9,1049.2,1047.0,1048.4,9983
2025-07-21T11:45:00+05:30,1048.4,1049.7,1048.1,1049.6,4349
2025-07-21T12:00:00+05:30,1049.5,1050.0,1048.5,1049.4,5746
2025-07-21T12:15:00+05:30,1049.3,1050.7,1049.3,1050.0,9535
2025-07-21T12:30:00+05:30,1049.7,1050.3,1049.0,1049.4,3324
2025-07-21T12:45:00+05:30,1049.4,1049.9,1048.1,1048.1,4382
2025-07-21T13:00:00+05:30,1048.2,1049.5,1047.1,1048.1,9047
2025-07-21T13:15:00+05:30,1048.1,1049.5,1047.7,1048.1,3510
2025-07-21T13:30:00+05:30,1048.1,1049.4,1046.5,1046.7,6236
2025-07-21T13:45:00+05:30,1046.5,1046.7,1043.0,1045.2,30297
2025-07-21T14:00:00+05:30,1045.2,1046.9,1043.6,1044.3,6815
2025-07-21T14:15:00+05:30,1043.6,1044.5,1041.0,1041.1,18625
2025-07-21T14:30:00+05:30,1041.1,1044.0,1040.0,1044.0,18016
2025-07-21T14:45:00+05:30,1043.2,1055.0,1041.7,1053.6,55017
2025-07-21T15:00:00+05:30,1053.7,1057.0,1049.0,1051.9,190697
2025-07-21T15:15:00+05:30,1051.9,1054.8,1050.0,1051.0,120477
2025-07-22T09:15:00+05:30,1056.6,1058.6,1050.2,1054.9,63274
2025-07-22T09:30:00+05:30,1055.0,1056.6,1050.8,1051.8,21358
2025-07-22T09:45:00+05:30,1052.6,1054.4,1051.1,1051.4,26087
2025-07-22T10:00:00+05:30,1051.1,1051.4,1046.5,1048.5,21655
2025-07-22T10:15:00+05:30,1048.5,1050.3,1046.2,1047.7,12192
2025-07-22T10:30:00+05:30,1047.2,1047.9,1043.1,1044.9,14716
2025-07-22T10:45:00+05:30,1044.9,1047.5,1044.3,1044.5,12401
2025-07-22T11:00:00+05:30,1045.0,1045.1,1043.0,1044.0,6727
2025-07-22T11:15:00+05:30,1044.0,1046.0,1044.0,1045.7,6026
2025-07-22T11:30:00+05:30,1045.0,1046.1,1044.7,1045.2,3255
2025-07-22T11:45:00+05:30,1044.7,1046.0,1043.7,1044.8,5659
2025-07-22T12:00:00+05:30,1044.2,1045.3,1042.0,1043.1,10076
2025-07-22T12:15:00+05:30,1042.5,1044.3,1041.2,1044.0,7235
2025-07-22T12:30:00+05:30,1043.4,1045.0,1043.1,1044.8,7534
2025-07-22T12:45:00+05:30,1044.1,1045.2,1044.0,1045.1,3153
2025-07-22T13:00:00+05:30,1044.5,1045.5,1043.0,1043.6,6898
2025-07-22T13:15:00+05:30,1043.6,1044.8,1043.0,1044.0,3191
2025-07-22T13:30:00+05:30,1043.6,1044.9,1043.3,1044.7,5695
2025-07-22T13:45:00+05:30,1044.1,1044.8,1041.1,1042.5,9841
2025-07-22T14:00:00+05:30,1042.6,1044.0,1042.2,1043.5,4573
2025-07-22T14:15:00+05:30,1043.0,1043.5,1036.0,1041.7,27622
2025-07-22T14:30:00+05:30,1041.7,1042.2,1040.4,1041.4,4111
2025-07-22T14:45:00+05:30,1041.9,1052.2,1041.3,1046.6,52116
2025-07-22T15:00:00+05:30,1047.4,1053.0,1045.0,1052.6,70573
2025-07-22T15:15:00+05:30,1052.3,1054.5,1049.1,1050.2,60966
2025-07-23T09:15:00+05:30,1053.0,1056.5,1043.2,1043.5,52094
2025-07-23T09:15:00+05:30,1053.0,1056.5,1043.2,1043.5,52094
2025-07-23T09:30:00+05:30,1043.6,1049.5,1040.4,1042.4,92003
2025-07-23T09:45:00+05:30,1042.8,1046.0,1041.2,1044.0,20992
2025-07-23T10:00:00+05:30,1043.8,1056.0,1041.3,1054.1,38126
2025-07-23T10:15:00+05:30,1054.1,1063.0,1051.8,1062.9,109374
2025-07-23T10:30:00+05:30,1063.0,1064.8,1055.1,1057.0,83130
2025-07-23T10:45:00+05:30,1057.0,1058.4,1051.3,1056.3,50207
2025-07-23T11:00:00+05:30,1056.6,1059.0,1056.0,1056.5,11582
2025-07-23T11:15:00+05:30,1056.5,1058.0,1055.5,1057.6,13900
2025-07-23T11:30:00+05:30,1057.7,1061.6,1057.7,1060.3,16951
2025-07-23T11:45:00+05:30,1060.2,1064.6,1059.2,1061.5,28706
2025-07-23T12:00:00+05:30,1061.5,1067.9,1059.7,1065.0,55528
2025-07-23T12:15:00+05:30,1064.9,1065.7,1062.0,1064.0,29870
2025-07-23T12:30:00+05:30,1064.6,1071.7,1064.0,1069.4,64517
2025-07-23T12:45:00+05:30,1069.5,1070.8,1068.2,1069.1,18582
2025-07-23T13:00:00+05:30,1068.7,1074.8,1068.7,1073.7,54406
2025-07-23T13:15:00+05:30,1073.8,1078.0,1072.3,1075.0,80220
2025-07-23T13:30:00+05:30,1075.8,1086.1,1075.0,1084.7,119140
2025-07-23T13:45:00+05:30,1084.2,1103.5,1084.0,1101.0,352083
2025-07-23T14:00:00+05:30,1100.6,1106.0,1088.0,1089.9,319636
2025-07-23T14:15:00+05:30,1089.9,1091.0,1086.1,1087.8,82334
2025-07-23T14:30:00+05:30,1087.6,1090.3,1083.1,1086.3,71224
2025-07-23T14:45:00+05:30,1086.7,1092.4,1084.7,1090.5,80743
2025-07-23T15:00:00+05:30,1091.0,1095.0,1086.8,1088.0,118248
2025-07-23T15:15:00+05:30,1087.6,1092.0,1087.4,1090.7,122762
2025-07-24T09:15:00+05:30,1097.0,1097.0,1076.4,1085.1,107650
2025-07-24T09:30:00+05:30,1085.3,1091.0,1084.1,1089.9,41710
2025-07-24T09:45:00+05:30,1089.8,1090.5,1083.9,1088.5,36708
2025-07-24T10:00:00+05:30,1089.3,1095.0,1088.7,1090.6,42953
2025-07-24T10:15:00+05:30,1090.6,1096.0,1090.5,1093.0,37157
2025-07-24T10:30:00+05:30,1093.5,1095.6,1089.5,1093.3,54342
2025-07-24T10:45:00+05:30,1093.3,1094.8,1092.7,1094.1,12830
2025-07-24T11:00:00+05:30,1094.1,1094.2,1091.0,1092.9,18012
2025-07-24T11:15:00+05:30,1093.2,1094.4,1087.8,1088.7,30439
2025-07-24T11:30:00+05:30,1088.7,1090.0,1088.0,1089.5,12867
2025-07-24T11:45:00+05:30,1089.0,1091.0,1089.0,1090.5,9572
2025-07-24T12:00:00+05:30,1091.0,1098.0,1090.0,1093.2,45205
2025-07-24T12:15:00+05:30,1093.4,1095.3,1092.0,1093.6,17651
2025-07-24T12:30:00+05:30,1093.6,1096.0,1093.6,1095.0,12430
2025-07-24T12:45:00+05:30,1095.0,1095.8,1090.7,1091.6,27010
2025-07-24T13:00:00+05:30,1092.0,1094.3,1091.3,1091.3,18087
2025-07-24T13:15:00+05:30,1091.6,1094.0,1088.4,1094.0,31505
2025-07-24T13:30:00+05:30,1094.0,1095.1,1090.0,1092.0,25002
2025-07-24T13:45:00+05:30,1092.3,1094.9,1092.0,1092.0,18133
2025-07-24T14:00:00+05:30,1092.6,1094.4,1091.5,1093.0,15938
2025-07-24T14:15:00+05:30,1093.9,1094.0,1090.1,1091.5,30047
2025-07-24T14:30:00+05:30,1092.0,1097.0,1090.0,1096.6,28280
2025-07-24T14:45:00+05:30,1096.6,1101.8,1094.2,1101.4,113455
2025-07-24T15:00:00+05:30,1101.4,1101.5,1094.1,1098.1,72848
2025-07-24T15:15:00+05:30,1098.2,1106.0,1095.7,1105.0,174304
2025-07-25T09:15:00+05:30,1101.0,1117.8,1097.3,1115.9,202956
2025-07-25T09:30:00+05:30,1116.0,1122.7,1105.1,1106.4,155666
2025-07-25T09:45:00+05:30,1106.3,1114.4,1097.0,1100.0,109492
2025-07-25T10:00:00+05:30,1100.2,1104.4,1095.1,1097.8,45209
2025-07-25T10:15:00+05:30,1097.3,1097.3,1091.3,1092.5,37767
2025-07-25T10:30:00+05:30,1092.9,1094.6,1088.2,1092.3,36995
2025-07-25T10:45:00+05:30,1092.4,1093.2,1087.0,1089.3,16424
2025-07-25T11:00:00+05:30,1089.9,1089.9,1085.1,1085.7,16686
2025-07-25T11:15:00+05:30,1085.6,1089.1,1084.6,1088.9,33985
2025-07-25T11:30:00+05:30,1088.6,1090.7,1085.0,1088.5,15162
2025-07-25T11:45:00+05:30,1088.2,1088.6,1083.0,1083.5,9828
2025-07-25T12:00:00+05:30,1084.3,1085.6,1081.0,1085.6,13631
2025-07-25T12:15:00+05:30,1085.1,1085.9,1082.1,1084.3,15043
2025-07-25T12:30:00+05:30,1084.3,1085.9,1083.2,1085.0,7117
2025-07-25T12:45:00+05:30,1084.5,1086.0,1084.5,1085.3,7244
2025-07-25T13:00:00+05:30,1085.4,1087.0,1082.9,1083.4,7196
2025-07-25T13:15:00+05:30,1083.0,1085.0,1082.0,1083.5,4471
2025-07-25T13:30:00+05:30,1084.1,1087.1,1081.0,1087.0,14468
2025-07-25T13:45:00+05:30,1087.3,1091.6,1084.5,1090.1,36848
2025-07-25T14:00:00+05:30,1090.0,1093.8,1090.0,1090.2,19532
2025-07-25T14:15:00+05:30,1090.2,1093.9,1089.0,1093.1,263466
2025-07-25T14:30:00+05:30,1093.4,1094.9,1090.6,1094.5,18840
2025-07-25T14:45:00+05:30,1094.5,1101.2,1094.5,1099.2,55756
2025-07-25T15:00:00+05:30,1099.1,1099.2,1094.2,1096.6,39518
2025-07-25T15:15:00+05:30,1097.3,1098.0,1081.0,1084.7,97876
2025-07-28T09:15:00+05:30,1093.2,1093.2,1061.0,1069.0,346056
2025-07-28T09:30:00+05:30,1069.5,1081.7,1066.7,1076.0,129835
2025-07-28T09:45:00+05:30,1075.9,1078.5,1066.4,1068.4,66412
2025-07-28T10:00:00+05:30,1068.4,1075.6,1065.0,1070.1,65863
2025-07-28T10:15:00+05:30,1070.1,1077.8,1067.1,1071.7,74811
2025-07-28T10:30:00+05:30,1070.8,1071.9,1061.0,1062.4,54001
2025-07-28T10:45:00+05:30,1062.9,1063.9,1057.1,1057.6,74820
2025-07-28T11:00:00+05:30,1057.5,1059.9,1054.0,1058.9,58816
2025-07-28T11:15:00+05:30,1058.5,1067.4,1058.0,1066.5,45362
2025-07-28T11:30:00+05:30,1065.8,1066.5,1060.8,1061.0,28306
2025-07-28T11:45:00+05:30,1061.1,1062.5,1059.9,1061.4,17661
2025-07-28T12:00:00+05:30,1061.4,1061.9,1058.0,1058.1,12518
2025-07-28T12:15:00+05:30,1058.1,1063.2,1057.4,1062.4,46359
2025-07-28T12:30:00+05:30,1062.6,1063.4,1058.0,1058.5,27125
2025-07-28T12:45:00+05:30,1058.6,1061.7,1058.0,1058.2,22426
2025-07-28T13:00:00+05:30,1058.5,1059.0,1054.4,1056.4,34328
2025-07-28T13:15:00+05:30,1056.4,1059.5,1056.0,1056.2,41005
2025-07-28T13:30:00+05:30,1056.5,1057.2,1046.1,1046.6,54491
2025-07-28T13:45:00+05:30,1046.5,1049.6,1046.0,1047.0,25510
2025-07-28T14:00:00+05:30,1047.0,1048.8,1043.1,1048.0,28600
2025-07-28T14:15:00+05:30,1048.0,1048.8,1044.0,1045.9,25103
2025-07-28T14:30:00+05:30,1045.9,1051.4,1043.6,1050.8,36861
2025-07-28T14:45:00+05:30,1050.7,1063.6,1047.5,1059.9,97417
2025-07-28T15:00:00+05:30,1059.9,1062.6,1051.3,1052.3,108710
2025-07-28T15:15:00+05:30,1053.6,1054.9,1045.8,1050.8,148327
2025-07-29T09:15:00+05:30,1053.0,1073.0,1041.3,1073.0,205152
2025-07-29T09:30:00+05:30,1073.0,1074.9,1058.4,1059.6,70072
2025-07-29T09:45:00+05:30,1059.6,1060.9,1054.8,1058.4,49047
2025-07-29T10:00:00+05:30,1059.0,1064.0,1054.8,1058.6,25402
2025-07-29T10:15:00+05:30,1058.9,1076.0,1058.5,1073.2,83503
2025-07-29T10:30:00+05:30,1073.2,1074.7,1065.3,1065.5,35778
2025-07-29T10:45:00+05:30,1065.4,1066.0,1062.3,1064.0,18813
2025-07-29T11:00:00+05:30,1064.3,1064.9,1058.9,1061.7,18686
2025-07-29T11:15:00+05:30,1061.7,1062.3,1059.0,1059.5,7573
2025-07-29T11:30:00+05:30,1059.5,1062.6,1059.2,1060.1,7911
2025-07-29T11:45:00+05:30,1060.0,1062.5,1058.9,1060.1,7606
2025-07-29T12:00:00+05:30,1060.7,1060.7,1052.1,1052.5,23986
2025-07-29T12:15:00+05:30,1052.6,1054.8,1045.0,1054.5,52999
2025-07-29T12:30:00+05:30,1054.3,1056.2,1050.9,1053.0,32123
2025-07-29T12:45:00+05:30,1053.4,1055.9,1051.2,1051.9,25204
2025-07-29T13:00:00+05:30,1051.7,1057.4,1051.6,1055.2,20017
2025-07-29T13:15:00+05:30,1055.2,1059.0,1051.9,1055.7,40556
2025-07-29T13:30:00+05:30,1055.6,1056.0,1052.6,1052.6,26523
2025-07-29T13:45:00+05:30,1052.2,1058.4,1051.5,1056.2,25736
2025-07-29T14:00:00+05:30,1056.3,1058.5,1049.5,1050.3,42010
2025-07-29T14:15:00+05:30,1050.7,1054.2,1048.2,1052.7,31458
2025-07-29T14:30:00+05:30,1052.7,1060.4,1051.4,1058.8,36929
2025-07-29T14:45:00+05:30,1058.8,1058.9,1054.1,1055.7,25333
2025-07-29T15:00:00+05:30,1055.7,1056.9,1051.0,1051.6,46246
2025-07-29T15:15:00+05:30,1051.9,1054.6,1050.0,1050.7,67403
2025-07-30T09:15:00+05:30,1060.2,1076.1,1060.0,1067.5,272512
2025-07-30T09:30:00+05:30,1067.9,1094.9,1065.3,1094.2,348898
2025-07-30T09:45:00+05:30,1093.8,1095.9,1082.1,1087.6,191457
2025-07-30T10:00:00+05:30,1088.0,1088.3,1079.0,1081.8,52685
2025-07-30T10:15:00+05:30,1081.1,1088.8,1078.0,1084.0,48491
2025-07-30T10:30:00+05:30,1084.0,1088.5,1076.3,1078.5,47280
2025-07-30T10:45:00+05:30,1078.1,1082.0,1074.2,1075.3,43067
2025-07-30T11:00:00+05:30,1075.3,1081.7,1075.0,1081.2,47716
2025-07-30T11:15:00+05:30,1081.6,1099.9,1081.5,1096.8,238021
2025-07-30T11:30:00+05:30,1096.9,1099.5,1093.2,1096.2,122119
2025-07-30T11:45:00+05:30,1096.5,1099.8,1087.0,1092.3,146592
2025-07-30T12:00:00+05:30,1092.0,1093.5,1081.0,1083.0,70824
2025-07-30T12:15:00+05:30,1082.5,1083.9,1082.1,1082.8,26139
2025-07-30T12:30:00+05:30,1082.5,1083.9,1078.5,1079.0,32300
2025-07-30T12:45:00+05:30,1079.0,1079.9,1071.6,1072.9,99943
2025-07-30T13:00:00+05:30,1072.9,1073.2,1069.2,1069.7,39620
2025-07-30T13:15:00+05:30,1069.6,1073.4,1068.2,1070.8,39684
2025-07-30T13:30:00+05:30,1070.6,1073.7,1070.6,1072.0,14209
2025-07-30T13:45:00+05:30,1072.0,1072.2,1065.7,1067.5,73610
2025-07-30T14:00:00+05:30,1067.5,1069.9,1065.7,1067.4,19820
2025-07-30T14:15:00+05:30,1068.0,1068.5,1062.0,1068.3,78481
2025-07-30T14:30:00+05:30,1068.0,1077.4,1065.1,1072.1,40534
2025-07-30T14:45:00+05:30,1072.5,1077.2,1069.0,1070.0,84937
2025-07-30T15:00:00+05:30,1070.1,1081.0,1066.7,1067.5,176905
2025-07-30T15:15:00+05:30,1067.5,1068.0,1064.0,1065.0,133045
2025-07-31T09:15:00+05:30,1049.0,1054.7,1030.2,1033.8,262582
2025-07-31T09:30:00+05:30,1033.8,1042.0,1031.7,1037.5,97798
2025-07-31T09:45:00+05:30,1037.5,1042.7,1037.5,1037.7,73669
2025-07-31T10:00:00+05:30,1038.1,1045.4,1035.3,1042.3,50901
2025-07-31T10:15:00+05:30,1042.5,1042.5,1036.9,1039.7,22952
2025-07-31T10:30:00+05:30,1039.6,1044.3,1038.3,1043.3,19339
2025-07-31T10:45:00+05:30,1043.3,1046.7,1040.3,1042.9,30493
2025-07-31T11:00:00+05:30,1042.9,1044.8,1038.4,1039.0,21291
2025-07-31T11:15:00+05:30,1039.0,1043.3,1038.7,1040.9,13384
2025-07-31T11:30:00+05:30,1040.9,1049.1,1040.3,1043.3,46480
2025-07-31T11:45:00+05:30,1043.3,1043.3,1038.4,1039.5,19941
2025-07-31T12:00:00+05:30,1039.5,1039.5,1036.2,1037.4,25309
2025-07-31T12:15:00+05:30,1037.8,1042.0,1037.7,1040.0,22284
2025-07-31T12:30:00+05:30,1040.0,1042.0,1039.5,1040.6,9226
2025-07-31T12:45:00+05:30,1040.5,1042.5,1039.3,1042.3,13471
2025-07-31T13:00:00+05:30,1042.6,1045.1,1040.0,1041.7,51911
2025-07-31T13:15:00+05:30,1041.6,1042.7,1041.1,1041.9,9421
2025-07-31T13:30:00+05:30,1042.1,1042.6,1037.1,1037.9,28948
2025-07-31T13:45:00+05:30,1037.9,1039.2,1036.1,1038.1,22197
2025-07-31T14:00:00+05:30,1037.9,1039.8,1035.0,1035.5,55892
2025-07-31T14:15:00+05:30,1035.5,1036.9,1033.0,1034.7,33720
2025-07-31T14:30:00+05:30,1034.7,1045.3,1034.1,1044.7,119868
2025-07-31T14:45:00+05:30,1044.7,1044.7,1036.2,1038.0,51721
2025-07-31T15:00:00+05:30,1038.5,1038.5,1033.8,1035.7,59483
2025-07-31T15:15:00+05:30,1036.3,1036.3,1027.3,1032.1,142912
2025-08-01T09:15:00+05:30,1035.0,1037.0,1021.3,1034.0,130155
2025-08-01T09:30:00+05:30,1033.7,1037.9,1032.5,1036.0,40149
2025-08-01T09:45:00+05:30,1036.0,1040.0,1029.8,1033.8,53678
2025-08-01T10:00:00+05:30,1033.8,1042.0,1032.8,1041.2,32484
2025-08-01T10:15:00+05:30,1041.1,1041.3,1037.5,1039.0,23589
2025-08-01T10:30:00+05:30,1039.0,1040.6,1035.2,1037.0,17609
2025-08-01T10:45:00+05:30,1038.1,1038.6,1036.2,1038.3,2519
2025-08-01T11:00:00+05:30,1037.7,1039.2,1033.2,1034.2,15458
2025-08-01T11:15:00+05:30,1034.2,1034.3,1026.6,1026.8,40134
2025-08-01T11:30:00+05:30,1027.0,1027.1,1021.0,1021.9,40721
2025-08-01T11:45:00+05:30,1021.9,1023.0,1017.8,1019.6,38212
2025-08-01T12:00:00+05:30,1019.6,1022.5,1018.4,1022.5,16777
2025-08-01T12:15:00+05:30,1022.3,1037.2,1022.3,1031.4,86240
2025-08-01T12:30:00+05:30,1031.9,1034.2,1027.0,1030.1,41999
2025-08-01T12:45:00+05:30,1030.8,1031.0,1023.5,1025.0,25667
2025-08-01T13:00:00+05:30,1025.0,1025.8,1024.2,1024.8,6585
2025-08-01T13:15:00+05:30,1024.8,1025.0,1021.5,1022.3,18471
2025-08-01T13:30:00+05:30,1022.0,1022.8,1018.1,1019.3,25525
2025-08-01T13:45:00+05:30,1019.1,1020.0,1018.1,1018.9,30010
2025-08-01T14:00:00+05:30,1018.9,1018.9,1016.0,1017.0,17480
2025-08-01T14:15:00+05:30,1017.0,1018.0,1012.5,1013.9,25263
2025-08-01T14:30:00+05:30,1013.9,1020.8,1013.0,1018.5,55827
2025-08-01T14:45:00+05:30,1018.7,1019.0,1013.5,1016.2,22731
2025-08-01T15:00:00+05:30,1015.9,1016.7,1009.8,1009.8,78689
2025-08-01T15:15:00+05:30,1010.0,1013.0,1005.0,1008.0,105918
2025-08-04T09:15:00+05:30,1019.0,1022.4,1008.1,1018.3,88777
2025-08-04T09:30:00+05:30,1018.0,1018.8,1012.5,1013.0,21294
2025-08-04T09:45:00+05:30,1013.0,1015.0,1010.1,1012.5,19416
2025-08-04T10:00:00+05:30,1013.2,1018.8,1012.0,1018.8,15463
2025-08-04T10:15:00+05:30,1018.5,1019.6,1015.9,1018.6,11224
2025-08-04T10:30:00+05:30,1017.7,1019.9,1017.6,1019.0,6029
2025-08-04T10:45:00+05:30,1018.9,1020.3,1015.3,1018.4,16153
2025-08-04T11:00:00+05:30,1018.0,1019.8,1013.5,1018.8,27182
2025-08-04T11:15:00+05:30,1019.2,1024.5,1018.6,1020.1,40553
2025-08-04T11:30:00+05:30,1020.6,1022.0,1019.6,1020.6,8405
2025-08-04T11:45:00+05:30,1020.5,1027.0,1019.0,1024.9,24280
2025-08-04T12:00:00+05:30,1024.8,1025.7,1023.0,1024.7,9579
2025-08-04T12:15:00+05:30,1024.3,1024.8,1017.6,1018.8,16104
2025-08-04T12:30:00+05:30,1018.8,1024.8,1018.8,1021.0,13112
2025-08-04T12:45:00+05:30,1021.5,1023.0,1020.1,1022.0,5156
2025-08-04T13:00:00+05:30,1021.9,1026.8,1021.3,1026.7,7291
2025-08-04T13:15:00+05:30,1026.1,1026.8,1022.0,1022.8,23418
2025-08-04T13:30:00+05:30,1022.3,1023.0,1018.5,1020.0,23914
2025-08-04T13:45:00+05:30,1020.0,1020.5,1019.2,1019.3,5327
2025-08-04T14:00:00+05:30,1019.4,1021.2,1019.0,1020.0,7294
2025-08-04T14:15:00+05:30,1020.0,1020.0,1015.5,1015.7,18814
2025-08-04T14:30:00+05:30,1015.8,1016.9,1015.0,1015.5,15086
2025-08-04T14:45:00+05:30,1015.8,1017.5,1014.0,1015.0,26177
2025-08-04T15:00:00+05:30,1015.0,1022.5,1012.9,1020.7,47446
2025-08-04T15:15:00+05:30,1020.6,1027.0,1018.0,1023.9,49919
2025-08-05T09:15:00+05:30,1022.0,1034.3,1018.8,1032.1,89026
2025-08-05T09:30:00+05:30,1032.7,1032.7,1024.1,1025.2,37200
2025-08-05T09:45:00+05:30,1025.2,1025.9,1016.0,1018.3,37622
2025-08-05T10:00:00+05:30,1018.0,1020.4,1012.5,1013.3,37884
2025-08-05T10:15:00+05:30,1013.8,1015.0,1010.0,1011.0,30212
2025-08-05T10:30:00+05:30,1010.7,1013.0,1009.2,1012.3,24956
2025-08-05T10:45:00+05:30,1012.0,1012.4,1009.5,1010.0,17267
2025-08-05T11:00:00+05:30,1009.8,1011.0,1007.5,1009.9,13034
2025-08-05T11:15:00+05:30,1009.9,1010.5,1008.6,1009.6,12071
2025-08-05T11:30:00+05:30,1009.7,1011.8,1009.0,1010.7,15992
2025-08-05T11:45:00+05:30,1010.7,1012.5,1010.1,1010.2,10960
2025-08-05T12:00:00+05:30,1010.1,1011.8,1010.0,1011.0,11185
2025-08-05T12:15:00+05:30,1011.0,1013.9,1010.9,1012.0,13565
2025-08-05T12:30:00+05:30,1012.0,1012.7,1008.5,1010.0,16803
2025-08-05T12:45:00+05:30,1010.0,1010.4,1008.0,1008.6,12633
2025-08-05T13:00:00+05:30,1008.1,1008.5,1000.5,1003.9,55833
2025-08-05T13:15:00+05:30,1003.9,1004.8,1001.2,1003.4,15469
2025-08-05T13:30:00+05:30,1003.4,1006.1,1003.4,1004.1,4731
2025-08-05T13:45:00+05:30,1004.1,1005.0,1002.5,1004.5,10353
2025-08-05T14:00:00+05:30,1004.5,1004.6,999.5,999.5,30176
2025-08-05T14:15:00+05:30,999.5,1000.9,999.0,1000.0,17986
2025-08-05T14:30:00+05:30,1000.0,1000.6,996.9,998.8,51826
2025-08-05T14:45:00+05:30,999.0,1000.0,995.3,995.9,39763
2025-08-05T15:00:00+05:30,996.3,1000.9,995.5,998.2,55051
2025-08-05T15:15:00+05:30,998.5,999.1,995.0,997.0,86799
2025-08-06T09:15:00+05:30,999.3,1013.3,999.3,1003.9,77098
2025-08-06T09:30:00+05:30,1004.1,1004.7,995.1,997.7,51892
2025-08-06T09:45:00+05:30,997.7,1003.4,997.1,1000.1,18480
2025-08-06T10:00:00+05:30,1000.3,1000.9,995.3,997.0,18939
2025-08-06T10:15:00+05:30,997.1,1010.0,996.3,1007.8,37537
2025-08-06T10:30:00+05:30,1007.0,1011.0,1003.0,1004.0,31785
2025-08-06T10:45:00+05:30,1004.0,1011.3,1000.0,1002.5,146065
2025-08-06T11:00:00+05:30,1002.5,1010.3,998.1,999.9,220146
2025-08-06T11:15:00+05:30,999.9,1005.0,999.0,1004.5,20667
2025-08-06T11:30:00+05:30,1004.4,1008.0,1001.6,1007.0,55484
2025-08-06T11:45:00+05:30,1006.3,1007.0,1003.7,1004.3,8572
2025-08-06T12:00:00+05:30,1004.3,1006.8,1003.2,1006.0,8738
2025-08-06T12:15:00+05:30,1005.7,1007.0,1002.9,1004.6,14533
2025-08-06T12:30:00+05:30,1004.4,1005.8,1002.2,1003.3,9279
2025-08-06T12:45:00+05:30,1003.3,1004.0,1000.5,1001.7,11138
2025-08-06T13:00:00+05:30,1001.7,1002.9,1000.8,1001.3,5967
2025-08-06T13:15:00+05:30,1001.3,1006.4,1001.0,1006.1,13170
2025-08-06T13:30:00+05:30,1006.2,1007.9,1005.3,1005.9,43804
2025-08-06T13:45:00+05:30,1005.9,1006.0,1005.1,1005.1,12401
2025-08-06T14:00:00+05:30,1005.2,1006.0,1004.7,1004.7,15370
2025-08-06T14:15:00+05:30,1004.7,1005.3,1004.4,1004.4,6850
2025-08-06T14:30:00+05:30,1004.4,1005.9,1003.3,1005.2,19348
2025-08-06T14:45:00+05:30,1005.2,1007.4,1004.0,1005.2,29550
2025-08-06T15:00:00+05:30,1005.4,1005.4,1003.0,1003.4,29525
2025-08-06T15:15:00+05:30,1003.3,1006.0,1002.5,1005.0,51232
2025-08-07T09:15:00+05:30,1002.6,1002.6,986.4,999.0,110685
2025-08-07T09:30:00+05:30,999.2,1010.0,997.5,1005.4,41965
2025-08-07T09:45:00+05:30,1005.2,1009.9,1002.5,1002.5,26966
2025-08-07T10:00:00+05:30,1002.5,1005.0,999.6,1002.8,11183
2025-08-07T10:15:00+05:30,1002.8,1005.0,1000.8,1001.9,7224
2025-08-07T10:30:00+05:30,1001.7,1001.7,994.5,997.3,17374
2025-08-07T10:45:00+05:30,997.7,999.1,997.0,999.0,7205
2025-08-07T11:00:00+05:30,998.8,999.0,995.3,995.3,9108
2025-08-07T11:15:00+05:30,995.9,998.0,995.2,997.3,4433
2025-08-07T11:30:00+05:30,997.3,999.9,995.2,998.0,13685
2025-08-07T11:45:00+05:30,997.5,998.1,996.2,997.1,4741
2025-08-07T12:00:00+05:30,996.4,998.5,995.5,996.7,15570
2025-08-07T12:15:00+05:30,997.6,998.8,996.0,996.2,6407
2025-08-07T12:30:00+05:30,996.2,997.9,995.5,996.5,7162
2025-08-07T12:45:00+05:30,996.5,997.5,993.5,994.1,15347
2025-08-07T13:00:00+05:30,994.2,994.4,990.0,990.0,10175
2025-08-07T13:15:00+05:30,990.0,991.6,987.1,988.2,19618
2025-08-07T13:30:00+05:30,989.1,989.9,983.2,985.0,21639
2025-08-07T13:45:00+05:30,985.0,988.7,983.2,983.3,23785
2025-08-07T14:00:00+05:30,983.9,986.5,983.9,986.5,27109
2025-08-07T14:15:00+05:30,986.4,997.8,986.1,989.4,72154
2025-08-07T14:30:00+05:30,989.9,993.9,989.5,992.3,30265
2025-08-07T14:45:00+05:30,992.9,995.0,991.3,994.2,39204
2025-08-07T15:00:00+05:30,994.5,995.7,991.0,991.2,34701
2025-08-07T15:15:00+05:30,991.3,992.0,984.1,991.6,92919
2025-08-08T09:15:00+05:30,993.5,995.2,980.0,982.0,102339
2025-08-08T09:30:00+05:30,982.0,985.9,980.5,985.0,44090
2025-08-08T09:45:00+05:30,984.6,985.3,980.9,982.5,14166
2025-08-08T10:00:00+05:30,982.6,984.5,979.9,982.9,20739
2025-08-08T10:15:00+05:30,982.4,985.3,982.3,982.4,8945
2025-08-08T10:30:00+05:30,982.4,982.7,980.4,981.6,13374
2025-08-08T10:45:00+05:30,981.1,981.6,980.1,980.4,8546
2025-08-08T11:00:00+05:30,980.5,980.5,977.0,978.9,22617
2025-08-08T11:15:00+05:30,979.4,980.0,975.5,976.0,14620
2025-08-08T11:30:00+05:30,976.0,978.8,975.8,976.9,7349
2025-08-08T11:45:00+05:30,976.9,979.8,976.0,978.7,8206
2025-08-08T12:00:00+05:30,979.2,980.1,977.2,979.9,7122
2025-08-08T12:15:00+05:30,979.9,979.9,978.2,979.4,4695
2025-08-08T12:30:00+05:30,979.3,983.0,978.7,983.0,13926
2025-08-08T12:45:00+05:30,983.0,984.4,980.5,984.2,12462
2025-08-08T13:00:00+05:30,984.0,984.1,982.2,983.7,10284
2025-08-08T13:15:00+05:30,983.4,984.0,983.0,983.5,3665
2025-08-08T13:30:00+05:30,983.5,985.4,982.9,984.7,10405
2025-08-08T13:45:00+05:30,984.3,986.9,983.7,985.2,14270
2025-08-08T14:00:00+05:30,985.2,985.2,980.0,983.0,15314
2025-08-08T14:15:00+05:30,983.0,986.3,982.2,985.2,8909
2025-08-08T14:30:00+05:30,985.2,988.0,984.5,986.5,17356
2025-08-08T14:45:00+05:30,986.5,987.6,985.0,985.8,14302
2025-08-08T15:00:00+05:30,985.2,986.9,983.8,985.5,28860
2025-08-08T15:15:00+05:30,985.5,987.2,980.2,985.5,74403
2025-08-11T09:15:00+05:30,985.1,992.0,982.2,991.0,40227
2025-08-11T09:30:00+05:30,991.0,991.0,985.0,985.8,26268
2025-08-11T09:45:00+05:30,985.5,986.8,983.2,986.8,15700
2025-08-11T10:00:00+05:30,986.7,987.2,984.1,986.5,6625
2025-08-11T10:15:00+05:30,986.3,991.2,986.3,989.7,11376
2025-08-11T10:30:00+05:30,989.6,992.9,988.5,991.4,9001
2025-08-11T10:45:00+05:30,991.4,992.5,990.2,991.9,4313
2025-08-11T11:00:00+05:30,991.9,992.8,989.0,989.2,5181
2025-08-11T11:15:00+05:30,989.2,991.0,989.2,990.0,2158
2025-08-11T11:30:00+05:30,989.8,991.0,986.1,987.0,7238
2025-08-11T11:45:00+05:30,986.9,988.4,986.0,987.8,3186
2025-08-11T12:00:00+05:30,987.5,988.9,986.4,987.1,1579
2025-08-11T12:15:00+05:30,987.1,994.6,987.1,993.6,21137
2025-08-11T12:30:00+05:30,993.3,994.9,992.5,994.0,6756
2025-08-11T12:45:00+05:30,994.0,995.5,993.0,995.1,6705
2025-08-11T13:00:00+05:30,995.1,997.0,992.6,993.6,7653
2025-08-11T13:15:00+05:30,993.7,995.0,993.0,993.6,1994
2025-08-11T13:30:00+05:30,993.6,995.9,993.1,994.0,4782
2025-08-11T13:45:00+05:30,994.0,994.6,993.5,993.9,1035
2025-08-11T14:00:00+05:30,994.5,997.8,994.0,994.0,11766
2025-08-11T14:15:00+05:30,994.5,996.5,992.8,996.5,7220
2025-08-11T14:30:00+05:30,996.5,999.0,995.6,995.6,12209
2025-08-11T14:45:00+05:30,996.4,1004.5,996.1,1002.0,43633
2025-08-11T15:00:00+05:30,1002.7,1005.7,1001.4,1002.3,47890
2025-08-11T15:15:00+05:30,1002.7,1005.0,1001.0,1003.3,35296
2025-08-12T09:15:00+05:30,1013.0,1013.0,998.5,1002.7,54583
2025-08-12T09:30:00+05:30,1003.4,1004.9,1001.0,1002.1,23635
2025-08-12T09:45:00+05:30,1002.1,1008.0,1002.1,1006.2,20137
2025-08-12T10:00:00+05:30,1006.6,1019.0,1006.6,1014.3,57687
2025-08-12T10:15:00+05:30,1014.3,1019.7,1012.0,1015.0,27370
2025-08-12T10:30:00+05:30,1015.6,1016.9,1010.1,1016.6,34522
2025-08-12T10:45:00+05:30,1016.6,1018.0,1010.3,1010.3,24008
2025-08-12T11:00:00+05:30,1010.9,1015.8,1010.5,1013.5,15884
2025-08-12T11:15:00+05:30,1013.5,1013.9,1011.2,1012.4,7772
2025-08-12T11:30:00+05:30,1012.0,1012.9,1011.4,1012.1,6564
2025-08-12T11:45:00+05:30,1012.1,1012.6,1011.0,1012.2,6438
2025-08-12T12:00:00+05:30,1012.2,1012.5,1011.4,1012.0,2752
2025-08-12T12:15:00+05:30,1011.5,1013.9,1010.0,1011.9,21221
2025-08-12T12:30:00+05:30,1011.9,1016.6,1011.0,1016.5,18662
2025-08-12T12:45:00+05:30,1016.5,1021.4,1014.9,1019.4,26025
2025-08-12T13:00:00+05:30,1019.2,1019.6,1016.5,1018.8,4726
2025-08-12T13:15:00+05:30,1019.0,1021.1,1018.0,1018.8,18057
2025-08-12T13:30:00+05:30,1018.5,1020.5,1017.3,1020.5,18269
2025-08-12T13:45:00+05:30,1020.5,1021.8,1019.6,1021.6,14379
2025-08-12T14:00:00+05:30,1021.6,1022.7,1018.2,1018.4,11716
2025-08-12T14:15:00+05:30,1018.6,1020.5,1016.0,1019.6,26547
2025-08-12T14:30:00+05:30,1019.6,1020.2,1015.9,1019.7,24717
2025-08-12T14:45:00+05:30,1019.7,1022.9,1019.2,1020.8,40433
2025-08-12T15:00:00+05:30,1020.9,1022.5,1014.3,1014.3,38978
2025-08-12T15:15:00+05:30,1014.7,1015.7,1010.1,1014.9,24950
2025-08-13T09:15:00+05:30,1019.0,1023.8,1004.0,1005.1,86691
2025-08-13T09:30:00+05:30,1005.1,1008.8,993.5,994.9,59682
2025-08-13T09:45:00+05:30,994.8,998.9,994.5,996.9,30122
2025-08-13T10:00:00+05:30,996.5,997.0,989.0,994.5,59651
2025-08-13T10:15:00+05:30,994.1,997.0,992.3,995.9,27411
2025-08-13T10:30:00+05:30,995.9,996.2,991.0,993.0,16423
2025-08-13T10:45:00+05:30,993.0,1003.6,991.1,1001.8,34661
2025-08-13T11:00:00+05:30,1001.8,1001.8,998.0,999.5,15114
2025-08-13T11:15:00+05:30,999.0,1001.7,997.7,1001.0,17791
2025-08-13T11:30:00+05:30,1001.0,1003.9,1000.0,1002.6,15598
2025-08-13T11:45:00+05:30,1002.5,1002.6,996.3,997.3,5905
2025-08-13T12:00:00+05:30,997.3,999.8,996.6,999.0,3709
2025-08-13T12:15:00+05:30,999.0,999.4,997.1,998.7,4953
2025-08-13T12:30:00+05:30,998.0,998.9,995.6,996.7,5611
2025-08-13T12:45:00+05:30,996.0,1011.0,994.5,1004.0,40369
2025-08-13T13:00:00+05:30,1004.0,1004.4,1002.0,1002.2,8198
2025-08-13T13:15:00+05:30,1002.2,1003.0,1000.3,1001.4,9471
2025-08-13T13:30:00+05:30,1001.4,1001.5,999.0,999.5,3877
2025-08-13T13:45:00+05:30,999.7,1001.7,999.4,1000.5,3850
2025-08-13T14:00:00+05:30,1000.5,1001.2,999.0,1001.1,4902
2025-08-13T14:15:00+05:30,1001.2,1001.9,1000.0,1000.9,9466
2025-08-13T14:30:00+05:30,1000.9,1002.4,1000.3,1002.0,10632
2025-08-13T14:45:00+05:30,1002.0,1002.4,1000.1,1002.2,10410
2025-08-13T15:00:00+05:30,1002.2,1002.2,999.0,999.0,27784
2025-08-13T15:15:00+05:30,999.0,1002.0,995.0,1001.0,49542
2025-08-14T09:15:00+05:30,1001.0,1001.6,989.4,992.9,80050
2025-08-14T09:30:00+05:30,992.4,992.9,989.8,991.0,24639
2025-08-14T09:45:00+05:30,991.1,993.4,990.1,991.2,19499
2025-08-14T10:00:00+05:30,991.7,996.5,990.0,994.4,28509
2025-08-14T10:15:00+05:30,994.4,997.2,991.6,994.7,22935
2025-08-14T10:30:00+05:30,994.7,997.0,991.8,992.5,8832
2025-08-14T10:45:00+05:30,992.5,995.4,992.1,994.8,5439
2025-08-14T11:00:00+05:30,994.8,997.0,994.1,994.5,16810
2025-08-14T11:15:00+05:30,994.5,995.6,992.1,994.0,7358
2025-08-14T11:30:00+05:30,994.0,995.1,992.6,993.0,5361
2025-08-14T11:45:00+05:30,993.0,993.0,991.1,991.8,4507
2025-08-14T12:00:00+05:30,991.7,992.4,989.0,991.5,16430
2025-08-14T12:15:00+05:30,991.4,992.5,990.5,990.5,5760
2025-08-14T12:30:00+05:30,990.5,991.8,990.4,990.7,3753
2025-08-14T12:45:00+05:30,991.3,991.5,990.0,990.0,10183
2025-08-14T13:00:00+05:30,990.0,991.3,987.8,990.0,14829
2025-08-14T13:15:00+05:30,990.3,991.1,988.8,990.0,11916
2025-08-14T13:30:00+05:30,990.0,990.1,986.0,986.5,14283
2025-08-14T13:45:00+05:30,986.6,996.0,986.2,995.0,39850
2025-08-14T14:00:00+05:30,995.0,998.0,994.1,996.2,29067
2025-08-14T14:15:00+05:30,996.8,998.0,995.0,995.4,25686
2025-08-14T14:30:00+05:30,995.4,997.0,993.7,994.5,36924
2025-08-14T14:45:00+05:30,995.0,996.8,989.6,989.7,36533
2025-08-14T15:00:00+05:30,990.6,991.6,983.1,984.5,87959
2025-08-14T15:15:00+05:30,984.5,987.9,981.0,982.7,66679
2025-08-18T09:15:00+05:30,1002.2,1010.8,992.4,1008.4,94288
2025-08-18T09:30:00+05:30,1008.1,1016.7,1007.3,1014.6,53169
2025-08-18T09:45:00+05:30,1014.6,1019.9,1013.4,1019.1,60507
2025-08-18T10:00:00+05:30,1019.0,1028.9,1018.9,1025.0,81517
2025-08-18T10:15:00+05:30,1025.0,1025.4,1015.7,1016.1,27898
2025-08-18T10:30:00+05:30,1016.2,1021.7,1016.0,1020.9,12056
2025-08-18T10:45:00+05:30,1020.9,1021.1,1017.2,1019.3,11235
2025-08-18T11:00:00+05:30,1019.5,1020.1,1018.1,1020.1,9181
2025-08-18T11:15:00+05:30,1020.1,1020.5,1018.0,1018.5,17289
2025-08-18T11:30:00+05:30,1019.0,1019.0,1016.0,1016.2,4961
2025-08-18T11:45:00+05:30,1016.6,1016.6,1005.6,1006.5,43248
2025-08-18T12:00:00+05:30,1006.5,1007.0,1001.1,1002.0,32441
2025-08-18T12:15:00+05:30,1002.0,1005.6,999.5,1002.3,33996
2025-08-18T12:30:00+05:30,1002.3,1002.7,998.6,1001.7,24254
2025-08-18T12:45:00+05:30,1001.7,1002.2,1000.5,1001.8,4014
2025-08-18T13:00:00+05:30,1001.8,1003.0,1001.4,1001.6,8090
2025-08-18T13:15:00+05:30,1001.6,1001.9,998.1,1000.0,17725
2025-08-18T13:30:00+05:30,1000.0,1000.6,999.4,1000.6,4851
2025-08-18T13:45:00+05:30,1000.6,1000.7,999.5,999.9,9045
2025-08-18T14:00:00+05:30,999.9,1003.9,997.0,1000.9,55573
2025-08-18T14:15:00+05:30,1000.9,1000.9,998.2,998.5,9910
2025-08-18T14:30:00+05:30,998.3,1002.2,998.0,999.0,13734
2025-08-18T14:45:00+05:30,999.0,1000.1,998.5,998.7,10107
2025-08-18T15:00:00+05:30,998.7,1000.5,995.2,999.4,41729
2025-08-18T15:15:00+05:30,999.2,1001.0,998.0,998.6,50638
2025-08-19T09:15:00+05:30,1003.0,1013.4,1002.8,1010.4,66122
2025-08-19T09:30:00+05:30,1011.1,1017.2,1008.1,1010.5,61100
2025-08-19T09:45:00+05:30,1010.5,1026.0,1010.2,1016.5,121479
2025-08-19T10:00:00+05:30,1016.5,1016.5,1011.1,1013.4,19081
2025-08-19T10:15:00+05:30,1012.5,1015.0,1011.0,1011.5,16286
2025-08-19T10:30:00+05:30,1012.0,1012.5,1009.3,1012.5,17834
2025-08-19T10:45:00+05:30,1012.2,1012.7,1010.1,1011.3,6398
2025-08-19T11:00:00+05:30,1011.0,1013.0,1011.0,1012.3,5721
2025-08-19T11:15:00+05:30,1012.0,1015.0,1009.7,1014.7,32183
2025-08-19T11:30:00+05:30,1014.7,1018.0,1013.2,1018.0,8694
2025-08-19T11:45:00+05:30,1018.0,1027.0,1017.0,1025.2,86072
2025-08-19T12:00:00+05:30,1025.4,1031.0,1023.4,1025.0,71705
2025-08-19T12:15:00+05:30,1024.8,1026.2,1023.3,1024.0,11284
2025-08-19T12:30:00+05:30,1023.5,1029.4,1022.8,1025.6,26312
2025-08-19T12:45:00+05:30,1026.1,1029.6,1026.0,1027.5,17118
2025-08-19T13:00:00+05:30,1027.5,1028.4,1023.5,1026.6,27266
2025-08-19T13:15:00+05:30,1026.2,1028.5,1021.0,1021.5,12201
2025-08-19T13:30:00+05:30,1021.9,1023.5,1021.5,1022.5,6537
2025-08-19T13:45:00+05:30,1022.1,1022.5,1018.2,1019.1,12035
2025-08-19T14:00:00+05:30,1018.6,1021.6,1018.6,1020.0,8152
2025-08-19T14:15:00+05:30,1020.0,1024.5,1019.5,1023.1,24839
2025-08-19T14:30:00+05:30,1022.5,1025.0,1021.0,1022.9,15862
2025-08-19T14:45:00+05:30,1022.9,1025.6,1022.4,1023.8,18109
2025-08-19T15:00:00+05:30,1023.1,1032.0,1023.0,1025.8,86354
2025-08-19T15:15:00+05:30,1025.3,1028.9,1023.0,1025.9,51314
2025-08-20T09:15:00+05:30,1025.2,1033.6,1025.2,1031.0,50979
2025-08-20T09:30:00+05:30,1030.3,1035.5,1028.1,1032.0,31710
2025-08-20T09:45:00+05:30,1032.0,1034.0,1029.2,1030.8,12730
2025-08-20T10:00:00+05:30,1030.8,1032.2,1027.3,1029.8,15890
2025-08-20T10:15:00+05:30,1028.9,1039.3,1027.6,1038.4,42711
2025-08-20T10:30:00+05:30,1038.4,1043.0,1035.8,1039.6,71025
2025-08-20T10:45:00+05:30,1039.5,1040.0,1036.7,1037.0,12555
2025-08-20T11:00:00+05:30,1036.9,1037.4,1036.3,1037.2,4017
2025-08-20T11:15:00+05:30,1037.1,1045.0,1036.0,1040.5,89874
2025-08-20T11:30:00+05:30,1040.1,1040.7,1036.2,1037.5,12507
2025-08-20T11:45:00+05:30,1037.4,1039.5,1036.1,1038.9,5920
2025-08-20T12:00:00+05:30,1038.7,1039.5,1036.8,1037.5,7522
2025-08-20T12:15:00+05:30,1037.4,1039.9,1037.0,1037.5,9052
2025-08-20T12:30:00+05:30,1037.7,1040.0,1037.2,1039.6,5732
2025-08-20T12:45:00+05:30,1039.0,1039.9,1037.4,1038.6,5537
2025-08-20T13:00:00+05:30,1038.1,1040.6,1037.6,1039.0,7913
2025-08-20T13:15:00+05:30,1038.6,1039.6,1037.2,1038.7,5167
2025-08-20T13:30:00+05:30,1038.0,1038.8,1037.3,1037.8,3802
2025-08-20T13:45:00+05:30,1037.8,1042.5,1037.5,1040.7,15029
2025-08-20T14:00:00+05:30,1040.6,1042.4,1039.5,1040.4,13662
2025-08-20T14:15:00+05:30,1040.3,1042.0,1038.9,1039.4,8481
2025-08-20T14:30:00+05:30,1039.4,1041.0,1038.0,1039.0,11494
2025-08-20T14:45:00+05:30,1038.4,1040.8,1037.6,1038.7,23172
2025-08-20T15:00:00+05:30,1038.9,1040.0,1037.5,1038.0,26945
2025-08-20T15:15:00+05:30,1037.9,1038.8,1035.1,1036.9,45959
2025-08-21T09:15:00+05:30,1036.9,1046.2,1032.8,1045.6,56838
2025-08-21T09:30:00+05:30,1045.5,1048.8,1041.1,1048.0,47138
2025-08-21T09:45:00+05:30,1047.7,1051.0,1041.5,1042.1,46433
2025-08-21T10:00:00+05:30,1042.5,1045.4,1039.3,1040.2,25379
2025-08-21T10:15:00+05:30,1040.2,1041.1,1037.5,1038.1,17515
2025-08-21T10:30:00+05:30,1038.2,1039.0,1037.0,1037.5,9950
2025-08-21T10:45:00+05:30,1037.3,1037.4,1034.0,1034.2,14083
2025-08-21T11:00:00+05:30,1034.2,1035.5,1033.0,1033.0,13278
2025-08-21T11:15:00+05:30,1033.0,1035.9,1033.0,1034.0,6858
2025-08-21T11:30:00+05:30,1033.8,1034.9,1033.0,1033.5,7000
2025-08-21T11:45:00+05:30,1033.5,1034.0,1028.0,1028.9,20833
2025-08-21T12:00:00+05:30,1028.3,1030.9,1028.1,1029.9,8808
2025-08-21T12:15:00+05:30,1029.8,1036.5,1028.5,1033.8,19815
2025-08-21T12:30:00+05:30,1034.2,1054.0,1032.5,1047.4,138877
2025-08-21T12:45:00+05:30,1048.1,1055.0,1045.0,1049.0,75521
2025-08-21T13:00:00+05:30,1049.5,1049.9,1039.7,1041.5,41020
2025-08-21T13:15:00+05:30,1041.8,1041.8,1038.0,1038.4,10582
2025-08-21T13:30:00+05:30,1038.5,1038.8,1038.0,1038.8,4509
2025-08-21T13:45:00+05:30,1038.6,1038.8,1033.1,1033.5,41134
2025-08-21T14:00:00+05:30,1033.5,1034.0,1022.8,1022.8,63502
2025-08-21T14:15:00+05:30,1023.0,1025.5,1020.1,1023.6,49880
2025-08-21T14:30:00+05:30,1023.9,1023.9,1021.5,1021.5,41713
2025-08-21T14:45:00+05:30,1022.2,1024.2,1020.0,1020.0,63351
2025-08-21T15:00:00+05:30,1020.2,1028.5,1015.8,1024.1,126741
2025-08-21T15:15:00+05:30,1024.1,1026.0,1020.7,1026.0,117196
2025-08-22T09:15:00+05:30,1036.1,1045.0,1027.7,1028.6,136454
2025-08-22T09:30:00+05:30,1028.6,1029.0,1024.0,1027.3,27348
2025-08-22T09:45:00+05:30,1027.5,1027.6,1024.5,1025.5,24033
2025-08-22T10:00:00+05:30,1024.7,1026.5,1023.5,1024.1,15803
2025-08-22T10:15:00+05:30,1024.2,1025.0,1021.0,1023.1,16638
2025-08-22T10:30:00+05:30,1022.2,1023.0,1021.0,1021.6,12473
2025-08-22T10:45:00+05:30,1021.1,1021.8,1019.0,1021.4,11913
2025-08-22T11:00:00+05:30,1020.6,1021.9,1020.6,1021.2,4936
2025-08-22T11:15:00+05:30,1021.1,1021.2,1019.2,1019.8,6607
2025-08-22T11:30:00+05:30,1019.6,1020.0,1018.1,1019.3,6350
2025-08-22T11:45:00+05:30,1019.4,1019.9,1015.2,1017.3,19504
2025-08-22T12:00:00+05:30,1017.3,1019.2,1017.0,1018.2,4995
2025-08-22T12:15:00+05:30,1018.0,1020.0,1017.4,1019.0,5990
2025-08-22T12:30:00+05:30,1019.9,1020.5,1017.7,1018.3,10332
2025-08-22T12:45:00+05:30,1018.0,1018.3,1013.0,1014.6,24793
2025-08-22T13:00:00+05:30,1014.6,1015.3,1013.8,1014.2,9634
2025-08-22T13:15:00+05:30,1014.2,1015.8,1014.0,1015.7,3360
2025-08-22T13:30:00+05:30,1015.7,1015.8,1014.6,1014.6,8100
2025-08-22T13:45:00+05:30,1015.0,1015.0,1012.3,1013.2,10971
2025-08-22T14:00:00+05:30,1013.6,1015.9,1011.7,1012.6,19569
2025-08-22T14:15:00+05:30,1012.6,1013.6,1009.2,1010.4,15526
2025-08-22T14:30:00+05:30,1010.9,1012.5,1009.5,1010.0,20882
2025-08-22T14:45:00+05:30,1009.6,1016.0,1009.1,1009.9,75715
2025-08-22T15:00:00+05:30,1010.2,1011.1,1008.0,1009.2,27914
2025-08-22T15:15:00+05:30,1009.2,1010.0,1006.0,1010.0,58011
2025-08-25T09:15:00+05:30,1011.0,1019.0,1000.1,1002.8,84679
2025-08-25T09:30:00+05:30,1002.8,1003.2,996.8,1002.3,41020
2025-08-25T09:45:00+05:30,1002.1,1002.2,999.4,1000.0,11751
2025-08-25T10:00:00+05:30,1000.0,1001.0,996.0,996.8,26503
2025-08-25T10:15:00+05:30,997.1,999.2,996.1,997.5,10946
2025-08-25T10:30:00+05:30,998.0,998.9,993.0,994.2,32264
2025-08-25T10:45:00+05:30,994.8,998.0,994.8,996.9,11192
2025-08-25T11:00:00+05:30,996.9,998.0,995.7,996.6,4737
2025-08-25T11:15:00+05:30,996.6,996.9,991.1,991.5,26602
2025-08-25T11:30:00+05:30,991.5,993.0,989.4,990.2,35571
2025-08-25T11:45:00+05:30,990.4,992.4,990.0,990.2,18293
2025-08-25T12:00:00+05:30,990.3,992.5,989.0,990.8,21782
2025-08-25T12:15:00+05:30,990.3,994.4,990.3,993.7,25552
2025-08-25T12:30:00+05:30,993.6,994.1,992.8,994.0,7287
2025-08-25T12:45:00+05:30,994.0,994.5,993.1,993.4,5316
2025-08-25T13:00:00+05:30,993.5,995.7,993.0,994.9,11350
2025-08-25T13:15:00+05:30,994.8,998.0,994.5,997.8,14735
2025-08-25T13:30:00+05:30,997.7,998.6,996.2,997.4,23450
2025-08-25T13:45:00+05:30,997.2,997.9,994.7,994.7,6799
2025-08-25T14:00:00+05:30,994.8,996.9,994.5,995.4,8526
2025-08-25T14:15:00+05:30,995.4,997.0,994.5,994.6,11255
2025-08-25T14:30:00+05:30,994.7,1002.8,994.0,1001.4,49049
2025-08-25T14:45:00+05:30,1001.4,1005.2,999.6,1002.5,63205
2025-08-25T15:00:00+05:30,1002.4,1006.0,1001.0,1004.2,85006
2025-08-25T15:15:00+05:30,1004.0,1005.4,1001.0,1004.0,74808
2025-08-26T09:15:00+05:30,1004.0,1004.0,984.0,986.8,74707
2025-08-26T09:30:00+05:30,987.3,987.3,981.3,985.0,37702
2025-08-26T09:45:00+05:30,984.9,991.8,983.6,990.0,28683
2025-08-26T10:00:00+05:30,990.0,997.8,988.3,994.2,42409
2025-08-26T10:15:00+05:30,994.2,995.0,990.5,990.5,7854
2025-08-26T10:30:00+05:30,990.5,991.5,988.2,989.6,12306
2025-08-26T10:45:00+05:30,989.6,994.0,989.1,993.9,6974
2025-08-26T11:00:00+05:30,993.4,1014.0,993.0,1003.0,97678
2025-08-26T11:15:00+05:30,1003.3,1017.8,1001.3,1011.3,89135
2025-08-26T11:30:00+05:30,1011.3,1013.4,1003.7,1005.4,26888
2025-08-26T11:45:00+05:30,1005.4,1012.7,1001.6,1008.0,340627
2025-08-26T12:00:00+05:30,1008.6,1013.1,1005.2,1006.7,46881
2025-08-26T12:15:00+05:30,1006.3,1008.0,1004.7,1007.7,9250
2025-08-26T12:30:00+05:30,1007.7,1008.4,1006.1,1006.1,4854
2025-08-26T12:45:00+05:30,1006.8,1007.1,1001.7,1005.1,19279
2025-08-26T13:00:00+05:30,1004.5,1005.0,997.8,999.0,17332
2025-08-26T13:15:00+05:30,999.2,1000.2,995.6,996.7,22267
2025-08-26T13:30:00+05:30,996.7,997.7,994.0,995.9,8824
2025-08-26T13:45:00+05:30,996.3,999.6,995.0,997.7,5271
2025-08-26T14:00:00+05:30,997.7,998.5,995.6,996.5,6016
2025-08-26T14:15:00+05:30,996.5,997.8,995.0,997.8,9167
2025-08-26T14:30:00+05:30,997.4,1000.5,996.0,997.5,63947
2025-08-26T14:45:00+05:30,997.5,1005.7,996.0,1001.4,107894
2025-08-26T15:00:00+05:30,1001.5,1019.0,1000.5,1010.0,227497
2025-08-26T15:15:00+05:30,1009.1,1014.0,1005.1,1007.0,113944
2025-08-28T09:15:00+05:30,1002.0,1007.9,998.0,1001.8,70866
2025-08-28T09:30:00+05:30,1001.8,1004.3,996.4,1000.9,42383
2025-08-28T09:45:00+05:30,1000.9,1008.8,1000.9,1007.9,21944
2025-08-28T10:00:00+05:30,1007.9,1024.0,1006.3,1017.9,142176
2025-08-28T10:15:00+05:30,1017.9,1030.0,1011.9,1021.4,105159
2025-08-28T10:30:00+05:30,1021.4,1021.8,1013.1,1014.0,42968
2025-08-28T10:45:00+05:30,1013.4,1016.2,1012.8,1014.9,11996
2025-08-28T11:00:00+05:30,1014.9,1015.0,1010.2,1012.3,17385
2025-08-28T11:15:00+05:30,1011.6,1012.3,1010.0,1010.2,9517
2025-08-28T11:30:00+05:30,1010.0,1014.4,1007.1,1011.7,21318
2025-08-28T11:45:00+05:30,1012.4,1016.9,1010.5,1013.9,29926
2025-08-28T12:00:00+05:30,1013.9,1014.9,1010.3,1013.0,15208
2025-08-28T12:15:00+05:30,1013.1,1013.1,1009.9,1010.0,15660
2025-08-28T12:30:00+05:30,1009.7,1009.7,1005.6,1006.2,10161
2025-08-28T12:45:00+05:30,1005.9,1011.7,1005.6,1010.5,13188
2025-08-28T13:00:00+05:30,1010.5,1010.8,1005.6,1009.2,8897
2025-08-28T13:15:00+05:30,1008.5,1014.3,1008.5,1013.7,9526
2025-08-28T13:30:00+05:30,1013.9,1014.1,1008.8,1009.0,7738
2025-08-28T13:45:00+05:30,1009.0,1011.8,1006.0,1011.1,20202
2025-08-28T14:00:00+05:30,1010.9,1013.0,1007.1,1013.0,11958
2025-08-28T14:15:00+05:30,1013.0,1017.0,1010.0,1011.6,23531
2025-08-28T14:30:00+05:30,1011.6,1012.1,1007.0,1007.0,15192
2025-08-28T14:45:00+05:30,1007.7,1007.7,1002.2,1004.0,26810
2025-08-28T15:00:00+05:30,1004.0,1005.5,1002.0,1003.3,20329
2025-08-28T15:15:00+05:30,1003.3,1010.0,1000.8,1003.5,50708
2025-08-29T09:15:00+05:30,1005.0,1008.0,997.7,1006.9,86192
2025-08-29T09:30:00+05:30,1006.7,1007.0,1000.1,1004.7,18886
2025-08-29T09:45:00+05:30,1004.7,1007.0,1001.0,1007.0,31513
2025-08-29T10:00:00+05:30,1006.6,1013.8,1003.0,1006.0,83657
2025-08-29T10:15:00+05:30,1006.0,1008.0,1001.7,1001.8,27343
2025-08-29T10:30:00+05:30,1001.8,1015.2,1001.7,1012.5,50158
2025-08-29T10:45:00+05:30,1012.0,1014.0,1004.1,1009.4,24395
2025-08-29T11:00:00+05:30,1009.0,1011.0,1008.2,1009.9,14622
2025-08-29T11:15:00+05:30,1009.9,1011.5,1009.7,1009.7,6500
2025-08-29T11:30:00+05:30,1009.7,1009.7,1003.8,1004.6,34756
2025-08-29T11:45:00+05:30,1004.6,1005.7,1003.1,1003.9,11122
2025-08-29T12:00:00+05:30,1003.6,1004.3,1002.0,1003.0,10641
2025-08-29T12:15:00+05:30,1003.0,1004.0,1002.0,1003.5,8426
2025-08-29T12:30:00+05:30,1003.5,1005.3,1002.6,1004.8,11966
2025-08-29T12:45:00+05:30,1004.7,1004.7,1002.4,1003.3,3454
2025-08-29T13:00:00+05:30,1003.3,1004.4,1002.0,1004.0,13426
2025-08-29T13:15:00+05:30,1004.0,1007.6,1002.1,1004.4,59939
2025-08-29T13:30:00+05:30,1003.9,1004.4,1000.2,1001.1,11597
2025-08-29T13:45:00+05:30,1001.2,1001.3,999.0,999.4,20344
2025-08-29T14:00:00+05:30,999.4,999.7,997.0,999.1,28489
2025-08-29T14:15:00+05:30,999.2,999.5,995.1,995.3,10271
2025-08-29T14:30:00+05:30,995.4,997.7,994.5,995.1,15312
2025-08-29T14:45:00+05:30,995.0,997.9,994.3,996.7,21863
2025-08-29T15:00:00+05:30,996.7,999.0,995.0,995.2,30006
2025-08-29T15:15:00+05:30,995.6,995.6,990.0,990.7,62773
2025-09-01T09:15:00+05:30,996.0,1005.0,994.05,1003.0,81112
2025-09-01T09:30:00+05:30,1002.5,1017.9,1001.05,1012.45,351596
2025-09-01T09:45:00+05:30,1012.4,1023.0,1008.8,1013.0,177607
2025-09-01T10:00:00+05:30,1013.4,1021.1,1011.5,1018.95,137557
2025-09-01T10:15:00+05:30,1018.95,1019.9,1015.35,1018.7,66890
2025-09-01T10:30:00+05:30,1018.7,1023.35,1012.0,1013.8,70977
2025-09-01T10:45:00+05:30,1013.8,1018.65,1012.9,1014.6,13307
2025-09-01T11:00:00+05:30,1014.6,1018.0,1013.2,1016.95,12761
2025-09-01T11:15:00+05:30,1016.25,1016.45,1013.45,1015.0,11340
2025-09-01T11:30:00+05:30,1015.0,1016.7,1012.15,1013.5,10643
2025-09-01T11:45:00+05:30,1013.55,1014.65,1012.5,1013.15,8384
2025-09-01T12:00:00+05:30,1013.25,1020.5,1013.1,1018.0,24442
2025-09-01T12:15:00+05:30,1017.4,1019.15,1015.9,1017.2,8013
2025-09-01T12:30:00+05:30,1017.2,1018.6,1015.5,1015.7,7523
2025-09-01T12:45:00+05:30,1015.7,1025.7,1015.2,1024.95,97282
2025-09-01T13:00:00+05:30,1025.55,1036.9,1024.1,1031.2,231747
2025-09-01T13:15:00+05:30,1031.25,1035.0,1029.0,1031.65,55390
2025-09-01T13:30:00+05:30,1031.9,1035.45,1030.05,1033.35,41931
2025-09-01T13:45:00+05:30,1033.2,1041.4,1032.05,1038.2,151777
2025-09-01T14:00:00+05:30,1038.0,1038.25,1030.0,1033.35,45518
2025-09-01T14:15:00+05:30,1033.35,1034.6,1032.0,1032.0,14349
2025-09-01T14:30:00+05:30,1032.2,1034.2,1032.0,1032.4,15805
2025-09-01T14:45:00+05:30,1032.1,1042.0,1032.1,1039.0,106641
2025-09-01T15:00:00+05:30,1039.1,1040.4,1035.0,1037.05,110691
2025-09-01T15:15:00+05:30,1037.4,1037.5,1033.3,1036.0,109140
2025-09-02T09:15:00+05:30,1049.95,1069.0,1049.0,1064.3,436767
2025-09-02T09:30:00+05:30,1064.65,1073.95,1062.5,1068.9,343617
2025-09-02T09:45:00+05:30,1068.9,1072.25,1058.35,1061.85,170913
2025-09-02T10:00:00+05:30,1062.0,1063.8,1044.0,1046.45,245397
2025-09-02T10:15:00+05:30,1046.05,1054.25,1038.0,1049.35,189202
2025-09-02T10:30:00+05:30,1049.9,1051.55,1046.75,1048.95,36618
2025-09-02T10:45:00+05:30,1048.9,1050.05,1046.0,1047.2,35502
2025-09-02T11:00:00+05:30,1047.05,1049.55,1045.25,1045.35,27908
2025-09-02T11:15:00+05:30,1045.5,1048.35,1043.3,1044.6,27465
2025-09-02T11:30:00+05:30,1045.0,1046.05,1042.55,1043.6,19625
2025-09-02T11:45:00+05:30,1044.15,1045.0,1041.85,1042.45,13509
2025-09-02T12:00:00+05:30,1042.3,1045.4,1041.1,1041.1,20833
2025-09-02T12:15:00+05:30,1041.7,1042.0,1039.5,1041.85,29134
2025-09-02T12:30:00+05:30,1041.85,1042.1,1037.1,1037.7,30419
2025-09-02T12:45:00+05:30,1037.8,1038.2,1033.05,1033.5,53468
2025-09-02T13:00:00+05:30,1033.5,1036.0,1033.0,1033.15,24251
2025-09-02T13:15:00+05:30,1033.75,1033.9,1030.5,1032.15,23049
2025-09-02T13:30:00+05:30,1032.4,1033.5,1028.55,1029.6,20636
2025-09-02T13:45:00+05:30,1029.7,1030.95,1026.1,1026.5,26095
2025-09-02T14:00:00+05:30,1026.85,1027.7,1020.8,1025.2,57162
2025-09-02T14:15:00+05:30,1025.3,1028.8,1022.6,1025.5,28286
2025-09-02T14:30:00+05:30,1025.85,1027.25,1024.5,1026.8,16636
2025-09-02T14:45:00+05:30,1026.8,1028.5,1022.3,1023.0,28578
2025-09-02T15:00:00+05:30,1023.0,1024.1,1018.0,1020.0,83099
2025-09-02T15:15:00+05:30,1019.3,1022.5,1018.5,1020.5,105709
2025-09-03T09:15:00+05:30,1029.0,1033.0,1017.0,1030.05,148427
2025-09-03T09:30:00+05:30,1030.45,1034.1,1026.35,1032.0,51730
2025-09-03T09:45:00+05:30,1032.0,1032.5,1029.0,1029.5,17314
2025-09-03T10:00:00+05:30,1029.4,1029.95,1026.95,1028.55,10525
2025-09-03T10:15:00+05:30,1028.15,1028.45,1023.75,1026.0,25656
2025-09-03T10:30:00+05:30,1025.9,1028.5,1024.35,1028.45,18883
2025-09-03T10:45:00+05:30,1028.0,1029.9,1026.0,1027.0,7840
2025-09-03T11:00:00+05:30,1027.0,1028.55,1025.75,1026.85,4398
2025-09-03T11:15:00+05:30,1026.25,1027.0,1024.85,1025.5,5065
2025-09-03T11:30:00+05:30,1025.05,1027.5,1024.25,1026.25,7404
2025-09-03T11:45:00+05:30,1025.5,1026.3,1024.1,1024.7,4276
2025-09-03T12:00:00+05:30,1024.7,1025.35,1023.15,1024.4,6582
2025-09-03T12:15:00+05:30,1023.6,1025.45,1023.1,1024.55,6363
2025-09-03T12:30:00+05:30,1023.8,1028.0,1023.4,1028.0,6444
2025-09-03T12:45:00+05:30,1027.6,1031.1,1026.05,1028.35,18052
2025-09-03T13:00:00+05:30,1028.85,1029.35,1027.0,1027.9,6512
2025-09-03T13:15:00+05:30,1027.6,1029.9,1027.2,1029.1,3809
2025-09-03T13:30:00+05:30,1028.45,1029.3,1027.0,1027.2,5251
2025-09-03T13:45:00+05:30,1028.0,1029.25,1024.85,1025.65,17559
2025-09-03T14:00:00+05:30,1025.65,1027.35,1024.0,1025.0,33746
2025-09-03T14:15:00+05:30,1024.85,1026.55,1022.9,1024.85,34199
2025-09-03T14:30:00+05:30,1024.8,1026.0,1023.6,1025.7,26050
2025-09-03T14:45:00+05:30,1025.7,1029.0,1025.05,1027.0,28564
2025-09-03T15:00:00+05:30,1027.0,1027.9,1023.6,1024.4,31494
2025-09-03T15:15:00+05:30,1024.4,1026.0,1023.15,1025.0,152105
2025-09-04T09:15:00+05:30,1040.0,1040.0,1026.1,1028.8,43883
2025-09-04T09:30:00+05:30,1029.6,1031.55,1021.15,1023.15,43902
2025-09-04T09:45:00+05:30,1023.0,1024.65,1020.8,1021.6,19490
2025-09-04T10:00:00+05:30,1021.5,1022.7,1018.75,1021.0,25323
2025-09-04T10:15:00+05:30,1021.25,1024.95,1021.0,1024.1,17447
2025-09-04T10:30:00+05:30,1023.75,1024.35,1019.6,1020.0,6179
2025-09-04T10:45:00+05:30,1019.6,1022.2,1019.05,1020.55,7014
2025-09-04T11:00:00+05:30,1021.0,1022.5,1018.2,1019.45,6602
2025-09-04T11:15:00+05:30,1018.9,1020.75,1018.0,1019.65,8260
2025-09-04T11:30:00+05:30,1019.45,1021.0,1017.0,1018.45,4245
2025-09-04T11:45:00+05:30,1018.45,1022.45,1018.0,1022.3,10741
2025-09-04T12:00:00+05:30,1022.0,1022.0,1020.2,1020.7,2403
2025-09-04T12:15:00+05:30,1020.7,1020.7,1017.1,1017.85,6151
2025-09-04T12:30:00+05:30,1018.0,1018.55,1012.7,1016.25,20052
2025-09-04T12:45:00+05:30,1016.55,1018.0,1015.0,1016.1,14171
2025-09-04T13:00:00+05:30,1016.05,1016.1,1013.4,1014.55,8201
2025-09-04T13:15:00+05:30,1014.5,1014.7,1013.0,1013.0,6774
2025-09-04T13:30:00+05:30,1012.9,1012.9,1010.0,1010.0,21788
2025-09-04T13:45:00+05:30,1010.0,1010.8,1008.0,1009.5,13225
2025-09-04T14:00:00+05:30,1009.85,1011.25,1004.3,1008.8,25302
2025-09-04T14:15:00+05:30,1008.05,1012.9,1008.0,1011.75,9453
2025-09-04T14:30:00+05:30,1012.0,1014.4,1009.1,1009.8,12493
2025-09-04T14:45:00+05:30,1009.85,1010.55,1008.2,1010.15,14913
2025-09-04T15:00:00+05:30,1010.0,1024.9,1008.65,1009.3,87953
2025-09-04T15:15:00+05:30,1009.3,1010.95,1006.15,1010.0,50330
2025-09-05T09:15:00+05:30,1012.0,1015.7,996.5,1002.0,130490
2025-09-05T09:30:00+05:30,1002.0,1004.3,1000.5,1002.0,15533
2025-09-05T09:45:00+05:30,1002.0,1006.6,1001.95,1004.0,22432
2025-09-05T10:00:00+05:30,1003.65,1005.0,1002.0,1002.5,15581
2025-09-05T10:15:00+05:30,1002.0,1005.0,1000.1,1003.55,17523
2025-09-05T10:30:00+05:30,1003.6,1004.65,1000.1,1002.85,11687
2025-09-05T10:45:00+05:30,1002.1,1002.8,1000.3,1001.45,6247
2025-09-05T11:00:00+05:30,1001.05,1002.7,1000.3,1002.45,7277
2025-09-05T11:15:00+05:30,1001.8,1003.0,1000.0,1000.5,16731
2025-09-05T11:30:00+05:30,1000.5,1002.35,998.85,1000.0,17300
2025-09-05T11:45:00+05:30,1000.05,1000.85,999.4,1000.85,2653
2025-09-05T12:00:00+05:30,1000.85,1002.0,1000.0,1001.65,4975
2025-09-05T12:15:00+05:30,1001.65,1002.95,999.5,1001.0,18804
2025-09-05T12:30:00+05:30,1000.6,1001.9,999.25,1000.85,2747
2025-09-05T12:45:00+05:30,1000.4,1001.95,1000.0,1001.7,7817
2025-09-05T13:00:00+05:30,1001.25,1003.45,1000.55,1002.35,6513
2025-09-05T13:15:00+05:30,1002.25,1003.45,1001.35,1002.2,4477
2025-09-05T13:30:00+05:30,1001.75,1003.45,1001.6,1002.1,4613
2025-09-05T13:45:00+05:30,1002.1,1004.65,1002.1,1004.25,8811
2025-09-05T14:00:00+05:30,1003.6,1004.65,999.05,1001.7,23625
2025-09-05T14:15:00+05:30,1001.7,1003.3,1001.3,1001.55,4365
2025-09-05T14:30:00+05:30,1001.85,1003.25,1000.3,1000.85,10994
2025-09-05T14:45:00+05:30,1000.85,1002.9,1000.25,1002.3,10238
2025-09-05T15:00:00+05:30,1002.3,1002.9,1000.2,1001.15,19047
2025-09-05T15:15:00+05:30,1001.15,1001.5,998.0,1000.85,40625
2025-09-08T09:15:00+05:30,1004.0,1014.7,1004.0,1012.6,36722
2025-09-08T09:30:00+05:30,1013.1,1017.0,1011.5,1016.55,27073
2025-09-08T09:45:00+05:30,1016.3,1016.6,1011.0,1012.1,19269
2025-09-08T10:00:00+05:30,1012.05,1012.2,1009.2,1011.7,13214
2025-09-08T10:15:00+05:30,1011.65,1014.2,1010.15,1013.0,26421
2025-09-08T10:30:00+05:30,1012.55,1012.55,1009.1,1009.4,8084
2025-09-08T10:45:00+05:30,1009.4,1009.85,998.2,999.95,54737
2025-09-08T11:00:00+05:30,1000.0,1000.65,999.3,1000.0,10713
2025-09-08T11:15:00+05:30,1000.0,1000.5,999.05,1000.0,10598
2025-09-08T11:30:00+05:30,999.65,1001.45,999.15,1000.0,10524
2025-09-08T11:45:00+05:30,999.9,1001.0,999.15,999.85,10586
2025-09-08T12:00:00+05:30,999.95,1003.2,999.2,1000.5,23316
2025-09-08T12:15:00+05:30,1000.5,1001.15,999.2,999.65,9050
2025-09-08T12:30:00+05:30,999.6,1000.9,999.25,1000.0,5973
2025-09-08T12:45:00+05:30,999.95,1001.2,999.85,1000.0,7440
2025-09-08T13:00:00+05:30,1000.0,1000.75,999.55,999.95,5193
2025-09-08T13:15:00+05:30,1000.0,1000.25,999.0,1000.0,13845
2025-09-08T13:30:00+05:30,999.85,1001.75,999.05,999.9,9472
2025-09-08T13:45:00+05:30,999.95,1000.8,999.5,999.8,4564
2025-09-08T14:00:00+05:30,1000.0,1000.5,999.1,999.95,3947
2025-09-08T14:15:00+05:30,999.95,1000.0,997.0,999.4,22122
2025-09-08T14:30:00+05:30,999.4,999.5,997.65,997.95,17385
2025-09-08T14:45:00+05:30,998.0,999.2,997.3,998.35,10785
2025-09-08T15:00:00+05:30,998.3,998.3,993.15,994.9,33118
2025-09-08T15:15:00+05:30,995.3,997.95,993.0,996.95,58588
2025-09-09T09:15:00+05:30,999.1,1003.5,991.5,997.25,49622
2025-09-09T09:30:00+05:30,997.0,1001.15,996.55,999.7,34648
2025-09-09T09:45:00+05:30,999.0,1000.8,994.65,996.05,15733
2025-09-09T10:00:00+05:30,996.85,996.95,994.7,995.4,7843
2025-09-09T10:15:00+05:30,995.4,996.05,993.4,994.7,13150
2025-09-09T10:30:00+05:30,995.4,999.3,994.45,998.8,14987
2025-09-09T10:45:00+05:30,998.2,999.0,996.6,998.3,4912
2025-09-09T11:00:00+05:30,999.0,1002.5,998.4,1000.25,21950
2025-09-09T11:15:00+05:30,1000.8,1001.95,1000.0,1000.15,9784
2025-09-09T11:30:00+05:30,1000.15,1000.15,997.2,998.45,2657
2025-09-09T11:45:00+05:30,998.1,999.1,998.1,999.0,1728
2025-09-09T12:00:00+05:30,999.1,999.1,997.0,997.5,2512
2025-09-09T12:15:00+05:30,997.5,999.1,997.45,998.3,1401
2025-09-09T12:30:00+05:30,998.8,999.0,997.0,998.0,2385
2025-09-09T12:45:00+05:30,998.0,998.65,997.5,998.65,1663
2025-09-09T13:00:00+05:30,998.2,998.6,996.55,996.55,3041
2025-09-09T13:15:00+05:30,996.8,997.2,994.4,996.55,13266
2025-09-09T13:30:00+05:30,996.5,997.4,996.0,996.45,2191
2025-09-09T13:45:00+05:30,996.85,996.85,991.0,992.2,15537
2025-09-09T14:00:00+05:30,992.25,993.7,992.25,993.0,7630
2025-09-09T14:15:00+05:30,993.0,993.95,992.65,992.95,15205
2025-09-09T14:30:00+05:30,993.65,1000.5,992.95,996.0,44677
2025-09-09T14:45:00+05:30,996.65,998.9,996.15,997.7,9375
2025-09-09T15:00:00+05:30,997.6,1001.75,997.5,999.45,30810
2025-09-09T15:15:00+05:30,998.75,1000.0,996.25,997.15,37363
2025-09-10T09:15:00+05:30,1002.45,1010.55,1001.45,1007.0,53594
2025-09-10T09:30:00+05:30,1006.6,1012.0,1004.0,1010.35,39951
2025-09-10T09:45:00+05:30,1010.8,1012.0,1007.0,1009.95,26901
2025-09-10T10:00:00+05:30,1009.95,1019.0,1007.8,1014.65,80864
2025-09-10T10:15:00+05:30,1014.6,1015.4,1012.0,1012.5,15177
2025-09-10T10:30:00+05:30,1012.5,1012.5,1008.0,1009.05,20560
2025-09-10T10:45:00+05:30,1009.05,1011.1,1008.55,1010.2,6680
2025-09-10T11:00:00+05:30,1010.2,1010.2,1007.35,1008.0,8466
2025-09-10T11:15:00+05:30,1008.0,1008.95,1005.15,1006.8,7484
2025-09-10T11:30:00+05:30,1006.75,1006.75,1004.0,1004.6,9204
2025-09-10T11:45:00+05:30,1005.1,1006.6,1004.1,1005.6,5248
2025-09-10T12:00:00+05:30,1005.6,1006.1,1003.3,1005.1,7879
2025-09-10T12:15:00+05:30,1005.65,1007.95,1005.0,1005.65,4924
2025-09-10T12:30:00+05:30,1006.25,1016.0,1005.3,1014.2,34867
2025-09-10T12:45:00+05:30,1013.35,1016.0,1012.55,1013.7,20071
2025-09-10T13:00:00+05:30,1014.3,1016.9,1010.65,1011.0,23779
2025-09-10T13:15:00+05:30,1011.0,1020.0,1009.0,1017.6,77266
2025-09-10T13:30:00+05:30,1018.05,1019.8,1015.15,1017.0,20991
2025-09-10T13:45:00+05:30,1017.0,1020.6,1016.0,1018.3,33617
2025-09-10T14:00:00+05:30,1018.3,1019.0,1015.2,1017.75,16530
2025-09-10T14:15:00+05:30,1017.7,1030.0,1016.4,1029.0,123629
2025-09-10T14:30:00+05:30,1029.0,1034.0,1024.1,1027.0,192804
2025-09-10T14:45:00+05:30,1026.75,1039.9,1025.05,1033.45,280545
2025-09-10T15:00:00+05:30,1033.45,1047.0,1033.0,1040.95,280582
2025-09-10T15:15:00+05:30,1041.0,1045.0,1038.0,1040.0,231888
2025-09-11T09:15:00+05:30,1042.0,1058.0,1038.0,1052.85,234519
2025-09-11T09:30:00+05:30,1052.6,1057.45,1045.75,1052.0,143968
2025-09-11T09:45:00+05:30,1052.0,1052.55,1038.05,1039.1,76806
2025-09-11T10:00:00+05:30,1039.45,1041.0,1035.0,1037.45,39788
2025-09-11T10:15:00+05:30,1037.4,1040.0,1033.0,1037.0,24063
2025-09-11T10:30:00+05:30,1038.1,1039.3,1035.0,1035.85,10027
2025-09-11T10:45:00+05:30,1036.05,1037.5,1032.9,1033.3,15522
2025-09-11T11:00:00+05:30,1033.6,1035.25,1032.0,1033.3,12587
2025-09-11T11:15:00+05:30,1033.35,1034.1,1031.0,1031.0,12668
2025-09-11T11:30:00+05:30,1031.4,1036.0,1030.5,1031.0,23986
2025-09-11T11:45:00+05:30,1031.05,1032.8,1029.0,1031.7,17394
2025-09-11T12:00:00+05:30,1032.45,1033.95,1031.0,1032.95,11642
2025-09-11T12:15:00+05:30,1032.55,1043.0,1032.55,1038.1,24968
2025-09-11T12:30:00+05:30,1038.95,1057.9,1037.3,1053.05,116334
2025-09-11T12:45:00+05:30,1053.0,1067.5,1052.2,1064.85,402013
2025-09-11T13:00:00+05:30,1064.55,1069.5,1061.5,1066.5,263891
2025-09-11T13:15:00+05:30,1066.45,1067.0,1061.45,1067.0,101424
2025-09-11T13:30:00+05:30,1067.0,1068.0,1060.0,1062.95,98182
2025-09-11T13:45:00+05:30,1063.0,1064.45,1057.2,1062.65,63383
2025-09-11T14:00:00+05:30,1063.8,1066.65,1059.8,1065.3,65929
2025-09-11T14:15:00+05:30,1064.65,1067.3,1063.05,1064.6,105786
2025-09-11T14:30:00+05:30,1064.6,1066.15,1061.2,1063.7,91171
2025-09-11T14:45:00+05:30,1063.75,1067.5,1063.0,1065.0,81837
2025-09-11T15:00:00+05:30,1065.0,1068.45,1063.4,1066.75,224008
2025-09-11T15:15:00+05:30,1066.95,1069.95,1064.25,1065.95,280640
2025-09-12T09:15:00+05:30,1072.0,1079.9,1063.0,1067.8,172835
2025-09-12T09:30:00+05:30,1068.0,1072.0,1060.0,1061.1,54504
2025-09-12T09:45:00+05:30,1061.2,1072.0,1056.3,1061.8,102082
2025-09-12T10:00:00+05:30,1062.0,1064.25,1056.5,1059.0,33060
2025-09-12T10:15:00+05:30,1058.4,1062.0,1055.3,1060.25,29650
2025-09-12T10:30:00+05:30,1060.1,1060.55,1056.3,1057.1,22030
2025-09-12T10:45:00+05:30,1057.1,1059.8,1053.0,1053.65,32858
2025-09-12T11:00:00+05:30,1053.65,1055.0,1051.1,1054.2,19358
2025-09-12T11:15:00+05:30,1054.2,1055.5,1052.0,1054.9,13776
2025-09-12T11:30:00+05:30,1055.3,1063.0,1053.65,1057.0,49615
2025-09-12T11:45:00+05:30,1056.5,1060.7,1054.1,1057.65,14530
2025-09-12T12:00:00+05:30,1057.3,1058.0,1052.0,1052.6,14379
2025-09-12T12:15:00+05:30,1052.6,1056.0,1050.2,1054.85,21658
2025-09-12T12:30:00+05:30,1054.0,1056.0,1053.15,1053.65,6073
2025-09-12T12:45:00+05:30,1054.0,1055.3,1050.5,1051.05,16183
2025-09-12T13:00:00+05:30,1051.25,1052.8,1050.1,1050.2,11606
2025-09-12T13:15:00+05:30,1050.4,1050.5,1046.0,1047.05,30568
2025-09-12T13:30:00+05:30,1047.25,1050.7,1046.15,1048.0,10272
2025-09-12T13:45:00+05:30,1047.8,1048.45,1042.55,1046.9,34295
2025-09-12T14:00:00+05:30,1046.85,1048.3,1046.0,1046.2,6812
2025-09-12T14:15:00+05:30,1046.2,1049.95,1044.45,1047.95,18689
2025-09-12T14:30:00+05:30,1047.5,1051.1,1040.7,1042.0,46042
2025-09-12T14:45:00+05:30,1042.0,1054.9,1041.5,1052.95,68020
2025-09-12T15:00:00+05:30,1052.95,1060.0,1047.4,1052.6,301071
2025-09-12T15:15:00+05:30,1052.3,1055.0,1048.0,1048.3,146067
2025-09-15T09:15:00+05:30,1051.95,1064.9,1050.1,1058.25,86442
2025-09-15T09:30:00+05:30,1058.75,1059.35,1051.15,1053.6,28478
2025-09-15T09:45:00+05:30,1053.75,1064.95,1053.0,1060.0,54232
2025-09-15T10:00:00+05:30,1059.8,1067.0,1059.8,1064.0,29016
2025-09-15T10:15:00+05:30,1064.05,1066.95,1060.0,1062.0,25941
2025-09-15T10:30:00+05:30,1062.35,1066.0,1059.0,1059.65,16333
2025-09-15T10:45:00+05:30,1059.65,1060.9,1056.05,1058.35,12740
2025-09-15T11:00:00+05:30,1058.55,1059.4,1053.1,1054.0,17186
2025-09-15T11:15:00+05:30,1053.75,1055.9,1052.6,1054.2,11836
2025-09-15T11:30:00+05:30,1054.15,1056.0,1053.15,1053.5,6500
2025-09-15T11:45:00+05:30,1053.5,1058.4,1053.35,1058.4,6823
2025-09-15T12:00:00+05:30,1057.65,1059.9,1056.9,1058.9,11073
2025-09-15T12:15:00+05:30,1058.1,1061.1,1058.05,1060.0,6766
2025-09-15T12:30:00+05:30,1059.65,1060.7,1056.4,1057.0,5280
2025-09-15T12:45:00+05:30,1056.55,1058.6,1056.15,1058.55,4925
2025-09-15T13:00:00+05:30,1058.5,1062.5,1058.5,1062.2,8922
2025-09-15T13:15:00+05:30,1062.2,1063.0,1057.0,1057.2,6264
2025-09-15T13:30:00+05:30,1057.2,1058.25,1055.0,1055.6,6985
2025-09-15T13:45:00+05:30,1055.15,1056.7,1054.1,1055.45,5631
2025-09-15T14:00:00+05:30,1055.4,1056.3,1052.5,1055.25,20906
2025-09-15T14:15:00+05:30,1054.55,1056.5,1051.5,1056.5,13069
2025-09-15T14:30:00+05:30,1056.0,1057.85,1052.5,1055.15,20819
2025-09-15T14:45:00+05:30,1055.25,1055.25,1049.0,1051.05,24341
2025-09-15T15:00:00+05:30,1051.05,1054.0,1050.0,1051.95,29335
2025-09-15T15:15:00+05:30,1052.0,1053.25,1050.0,1051.0,53916
2025-09-16T09:15:00+05:30,1052.3,1058.0,1049.1,1056.1,67831
2025-09-16T09:30:00+05:30,1056.6,1078.9,1055.9,1073.45,186177
2025-09-16T09:45:00+05:30,1073.45,1078.0,1069.4,1078.0,145376
2025-09-16T10:00:00+05:30,1078.0,1078.6,1069.0,1075.8,73062
2025-09-16T10:15:00+05:30,1075.7,1077.45,1072.1,1075.2,66421
2025-09-16T10:30:00+05:30,1074.4,1075.05,1071.05,1072.45,22069
2025-09-16T10:45:00+05:30,1072.5,1079.8,1071.1,1074.5,65022
2025-09-16T11:00:00+05:30,1074.2,1074.5,1067.05,1069.7,29351
2025-09-16T11:15:00+05:30,1069.5,1075.0,1069.0,1073.3,17866
2025-09-16T11:30:00+05:30,1073.2,1074.95,1072.45,1073.95,15239
2025-09-16T11:45:00+05:30,1073.8,1074.5,1071.0,1072.8,13698
2025-09-16T12:00:00+05:30,1072.15,1074.3,1072.0,1072.85,8203
2025-09-16T12:15:00+05:30,1072.85,1074.5,1071.5,1073.4,19409
2025-09-16T12:30:00+05:30,1073.5,1074.0,1071.2,1072.0,13912
2025-09-16T12:45:00+05:30,1072.0,1073.15,1069.6,1070.2,16966
2025-09-16T13:00:00+05:30,1070.2,1071.0,1067.0,1068.85,16035
2025-09-16T13:15:00+05:30,1068.95,1071.0,1068.15,1070.0,15534
2025-09-16T13:30:00+05:30,1069.95,1070.0,1063.05,1066.6,26763
2025-09-16T13:45:00+05:30,1066.85,1068.8,1065.55,1068.8,10713
2025-09-16T14:00:00+05:30,1068.8,1069.9,1067.0,1069.1,18238
2025-09-16T14:15:00+05:30,1069.8,1070.2,1067.45,1069.05,13455
2025-09-16T14:30:00+05:30,1069.05,1074.0,1069.05,1074.0,25135
2025-09-16T14:45:00+05:30,1073.0,1079.8,1072.65,1079.2,147914
2025-09-16T15:00:00+05:30,1079.45,1089.0,1075.6,1080.0,257236
2025-09-16T15:15:00+05:30,1079.95,1081.0,1077.3,1078.5,87244
2025-09-17T09:15:00+05:30,1089.95,1090.0,1075.0,1083.2,105734
2025-09-17T09:30:00+05:30,1083.0,1083.0,1077.1,1079.0,26936
2025-09-17T09:45:00+05:30,1079.1,1079.8,1076.0,1076.95,17945
2025-09-17T10:00:00+05:30,1076.3,1077.4,1073.7,1076.35,21328
2025-09-17T10:15:00+05:30,1076.95,1079.9,1075.7,1077.1,12614
2025-09-17T10:30:00+05:30,1077.15,1085.0,1076.85,1084.45,68105
2025-09-17T10:45:00+05:30,1084.0,1093.0,1082.05,1086.9,146288
2025-09-17T11:00:00+05:30,1086.8,1087.15,1081.25,1082.75,33088
2025-09-17T11:15:00+05:30,1083.5,1084.5,1081.0,1082.0,15247
2025-09-17T11:30:00+05:30,1082.0,1082.9,1078.0,1079.75,17497
2025-09-17T11:45:00+05:30,1079.1,1083.05,1075.5,1083.05,19609
2025-09-17T12:00:00+05:30,1083.4,1083.8,1078.55,1079.5,13031
2025-09-17T12:15:00+05:30,1079.5,1079.5,1076.1,1077.0,17545
2025-09-17T12:30:00+05:30,1077.0,1078.4,1075.3,1078.4,12676
2025-09-17T12:45:00+05:30,1078.25,1083.6,1077.0,1082.2,18494
2025-09-17T13:00:00+05:30,1082.2,1082.3,1072.45,1076.4,31092
2025-09-17T13:15:00+05:30,1076.0,1079.1,1074.1,1077.05,6157
2025-09-17T13:30:00+05:30,1077.75,1078.2,1075.6,1076.9,5786
2025-09-17T13:45:00+05:30,1076.8,1078.25,1073.45,1076.75,20495
2025-09-17T14:00:00+05:30,1076.8,1076.8,1072.1,1073.55,19718
2025-09-17T14:15:00+05:30,1073.6,1076.0,1072.8,1075.55,8835
2025-09-17T14:30:00+05:30,1076.0,1077.75,1075.5,1076.5,9608
2025-09-17T14:45:00+05:30,1076.5,1081.6,1076.5,1080.05,27629
2025-09-17T15:00:00+05:30,1080.05,1083.0,1077.1,1079.0,52186
2025-09-17T15:15:00+05:30,1078.95,1079.8,1072.2,1076.0,68359
2025-09-18T09:15:00+05:30,1078.3,1081.2,1072.0,1073.25,72649
2025-09-18T09:30:00+05:30,1073.6,1075.5,1072.0,1074.1,20906
2025-09-18T09:45:00+05:30,1074.15,1074.15,1070.1,1070.55,18048
2025-09-18T10:00:00+05:30,1070.55,1071.15,1067.55,1069.9,23417
2025-09-18T10:15:00+05:30,1069.05,1071.15,1069.05,1069.85,8141
2025-09-18T10:30:00+05:30,1070.0,1070.75,1068.6,1068.6,10793
2025-09-18T10:45:00+05:30,1069.0,1069.95,1068.4,1068.4,5612
2025-09-18T11:00:00+05:30,1068.55,1068.95,1066.0,1066.1,15968
2025-09-18T11:15:00+05:30,1066.8,1066.95,1063.0,1064.55,20042
2025-09-18T11:30:00+05:30,1064.25,1064.25,1055.4,1055.4,49646
2025-09-18T11:45:00+05:30,1055.45,1057.55,1052.05,1054.8,47883
2025-09-18T12:00:00+05:30,1055.0,1056.8,1053.75,1055.95,14841
2025-09-18T12:15:00+05:30,1056.0,1058.95,1055.5,1057.9,11671
2025-09-18T12:30:00+05:30,1058.4,1058.4,1055.2,1056.5,8211
2025-09-18T12:45:00+05:30,1056.5,1057.85,1054.9,1056.3,8287
2025-09-18T13:00:00+05:30,1055.5,1057.1,1054.2,1056.2,4527
2025-09-18T13:15:00+05:30,1056.0,1057.0,1055.0,1056.0,5643
2025-09-18T13:30:00+05:30,1056.0,1057.35,1055.6,1056.9,3280
2025-09-18T13:45:00+05:30,1056.45,1057.0,1055.0,1055.25,4158
2025-09-18T14:00:00+05:30,1055.25,1055.8,1053.0,1053.8,10987
2025-09-18T14:15:00+05:30,1053.5,1055.8,1053.0,1055.3,11427
2025-09-18T14:30:00+05:30,1055.3,1055.8,1053.2,1054.0,10764
2025-09-18T14:45:00+05:30,1054.6,1055.8,1051.25,1054.0,20563
2025-09-18T15:00:00+05:30,1054.15,1055.0,1052.0,1053.15,33766
2025-09-18T15:15:00+05:30,1053.85,1054.8,1050.0,1053.0,79231
2025-09-19T09:15:00+05:30,1053.0,1055.55,1048.0,1053.15,58808
2025-09-19T09:30:00+05:30,1053.9,1059.55,1049.3,1056.2,44019
2025-09-19T09:45:00+05:30,1056.2,1057.95,1051.0,1052.0,19547
2025-09-19T10:00:00+05:30,1052.0,1054.95,1051.15,1051.45,7155
2025-09-19T10:15:00+05:30,1051.45,1055.5,1051.45,1052.5,12286
2025-09-19T10:30:00+05:30,1052.25,1054.0,1050.0,1052.15,9525
2025-09-19T10:45:00+05:30,1052.1,1054.15,1050.5,1054.05,7354
2025-09-19T11:00:00+05:30,1054.05,1054.75,1052.35,1052.35,10381
2025-09-19T11:15:00+05:30,1052.3,1053.95,1052.0,1053.05,3218
2025-09-19T11:30:00+05:30,1053.05,1053.05,1051.1,1052.05,3991
2025-09-19T11:45:00+05:30,1052.35,1052.85,1049.1,1049.65,12771
2025-09-19T12:00:00+05:30,1050.0,1050.5,1048.2,1049.05,5728
2025-09-19T12:15:00+05:30,1049.05,1050.5,1048.1,1049.0,7012
2025-09-19T12:30:00+05:30,1049.0,1049.45,1048.2,1048.25,2050
2025-09-19T12:45:00+05:30,1048.2,1049.35,1046.0,1047.1,14936
2025-09-19T13:00:00+05:30,1047.35,1048.0,1045.1,1047.0,11025
2025-09-19T13:15:00+05:30,1047.1,1050.6,1046.7,1048.6,6464
2025-09-19T13:30:00+05:30,1048.15,1048.95,1048.1,1048.65,2706
2025-09-19T13:45:00+05:30,1048.4,1050.0,1048.15,1049.0,5000
2025-09-19T14:00:00+05:30,1049.35,1049.75,1046.1,1048.9,11536
2025-09-19T14:15:00+05:30,1048.9,1050.0,1047.65,1049.55,14633
2025-09-19T14:30:00+05:30,1049.55,1052.0,1047.15,1052.0,13538
2025-09-19T14:45:00+05:30,1052.0,1054.5,1051.95,1052.95,17397
2025-09-19T15:00:00+05:30,1053.0,1065.0,1045.8,1050.4,1044016
2025-09-19T15:15:00+05:30,1050.4,1054.65,1044.0,1044.95,936981
2025-09-22T09:15:00+05:30,1040.0,1046.8,1038.9,1040.7,50485
2025-09-22T09:30:00+05:30,1041.0,1048.0,1040.85,1045.95,25846
2025-09-22T09:45:00+05:30,1045.85,1048.0,1042.1,1042.1,13087
2025-09-22T10:00:00+05:30,1042.1,1044.6,1040.45,1041.9,8525
2025-09-22T10:15:00+05:30,1042.05,1042.5,1039.5,1040.65,16904
2025-09-22T10:30:00+05:30,1040.05,1041.9,1038.0,1038.5,15067
2025-09-22T10:45:00+05:30,1039.2,1040.0,1035.3,1037.5,11095
2025-09-22T11:00:00+05:30,1037.85,1038.1,1036.1,1036.65,4780
2025-09-22T11:15:00+05:30,1036.65,1037.75,1035.5,1036.8,5460
2025-09-22T11:30:00+05:30,1037.5,1039.45,1035.55,1038.15,9070
2025-09-22T11:45:00+05:30,1038.15,1041.8,1038.1,1041.0,11261
2025-09-22T12:00:00+05:30,1041.0,1041.0,1038.65,1039.0,7589
2025-09-22T12:15:00+05:30,1039.25,1039.9,1037.3,1037.4,7324
2025-09-22T12:30:00+05:30,1037.75,1039.15,1036.0,1038.8,6495
2025-09-22T12:45:00+05:30,1038.5,1039.1,1037.35,1038.0,4410
2025-09-22T13:00:00+05:30,1038.0,1039.4,1036.15,1036.15,6361
2025-09-22T13:15:00+05:30,1036.1,1038.0,1036.0,1038.0,3264
2025-09-22T13:30:00+05:30,1037.75,1038.6,1036.5,1037.3,3874
2025-09-22T13:45:00+05:30,1036.75,1038.0,1035.1,1035.45,13272
2025-09-22T14:00:00+05:30,1035.1,1035.95,1033.5,1035.65,9798
2025-09-22T14:15:00+05:30,1035.0,1035.5,1033.1,1034.6,7963
2025-09-22T14:30:00+05:30,1034.6,1035.4,1023.4,1024.5,38865
2025-09-22T14:45:00+05:30,1024.5,1032.0,1022.55,1031.5,43202
2025-09-22T15:00:00+05:30,1031.45,1033.0,1024.0,1026.35,33606
2025-09-22T15:15:00+05:30,1026.25,1028.8,1024.15,1027.85,48061
2025-09-23T09:15:00+05:30,1025.8,1025.8,1017.6,1020.65,65523
2025-09-23T09:30:00+05:30,1020.3,1023.5,1017.2,1019.1,35750
2025-09-23T09:45:00+05:30,1019.1,1019.75,1015.7,1016.05,18276
2025-09-23T10:00:00+05:30,1016.0,1017.6,1015.0,1016.0,10986
2025-09-23T10:15:00+05:30,1015.65,1016.55,1012.8,1014.45,16502
2025-09-23T10:30:00+05:30,1014.45,1015.0,1012.5,1014.2,8222
2025-09-23T10:45:00+05:30,1014.25,1015.9,1012.5,1014.1,6785
2025-09-23T11:00:00+05:30,1014.1,1015.4,1013.0,1013.95,9634
2025-09-23T11:15:00+05:30,1013.5,1017.0,1013.5,1014.6,5588
2025-09-23T11:30:00+05:30,1014.5,1015.0,1013.55,1014.75,6222
2025-09-23T11:45:00+05:30,1014.15,1015.0,1014.0,1014.25,4282
2025-09-23T12:00:00+05:30,1014.25,1015.2,1011.7,1014.05,12794
2025-09-23T12:15:00+05:30,1014.0,1022.4,1014.0,1014.7,94053
2025-09-23T12:30:00+05:30,1014.55,1015.0,1013.4,1014.5,19828
2025-09-23T12:45:00+05:30,1013.95,1014.05,1012.55,1013.4,8671
2025-09-23T13:00:00+05:30,1013.05,1014.55,1013.0,1013.7,11100
2025-09-23T13:15:00+05:30,1013.95,1014.6,1012.55,1013.3,7906
2025-09-23T13:30:00+05:30,1013.2,1014.0,1012.5,1012.5,8789
2025-09-23T13:45:00+05:30,1012.5,1015.0,1012.5,1013.5,10738
2025-09-23T14:00:00+05:30,1014.0,1014.0,1013.5,1013.75,4788
2025-09-23T14:15:00+05:30,1013.65,1014.5,1012.0,1013.3,11701
2025-09-23T14:30:00+05:30,1013.3,1015.55,1013.0,1014.0,7275
2025-09-23T14:45:00+05:30,1014.05,1014.25,1003.7,1008.15,77713
2025-09-23T15:00:00+05:30,1008.4,1021.4,1006.0,1010.9,77784
2025-09-23T15:15:00+05:30,1010.7,1014.2,1009.05,1011.9,41114
2025-09-24T09:15:00+05:30,1012.0,1021.2,1008.8,1018.45,57948
2025-09-24T09:30:00+05:30,1018.5,1031.75,1015.05,1025.25,105073
2025-09-24T09:45:00+05:30,1025.9,1031.8,1024.25,1030.6,38743
2025-09-24T10:00:00+05:30,1030.6,1036.0,1029.0,1030.5,78794
2025-09-24T10:15:00+05:30,1030.5,1032.5,1028.05,1028.7,23130
2025-09-24T10:30:00+05:30,1028.2,1031.75,1027.25,1028.2,23064
2025-09-24T10:45:00+05:30,1028.5,1031.2,1026.0,1030.5,23695
2025-09-24T11:00:00+05:30,1030.8,1036.5,1029.75,1035.0,77541
2025-09-24T11:15:00+05:30,1035.0,1047.9,1035.0,1042.5,136826
2025-09-24T11:30:00+05:30,1042.1,1047.25,1040.7,1042.0,138124
2025-09-24T11:45:00+05:30,1042.0,1058.85,1042.0,1052.0,287360
2025-09-24T12:00:00+05:30,1052.0,1066.9,1051.5,1064.35,433389
2025-09-24T12:15:00+05:30,1064.35,1065.55,1056.5,1059.2,170679
2025-09-24T12:30:00+05:30,1059.95,1060.7,1048.5,1051.9,182146
2025-09-24T12:45:00+05:30,1051.95,1052.0,1040.95,1042.95,406737
2025-09-24T13:00:00+05:30,1042.75,1046.45,1042.0,1044.75,75149
2025-09-24T13:15:00+05:30,1044.85,1047.45,1044.45,1047.2,62063
2025-09-24T13:30:00+05:30,1046.8,1048.45,1045.4,1047.4,73315
2025-09-24T13:45:00+05:30,1047.65,1047.95,1046.0,1046.05,36675
2025-09-24T14:00:00+05:30,1046.05,1047.55,1041.5,1041.65,149202
2025-09-24T14:15:00+05:30,1041.85,1045.0,1040.2,1041.0,37853
2025-09-24T14:30:00+05:30,1041.0,1043.5,1039.25,1039.5,45097
2025-09-24T14:45:00+05:30,1039.5,1043.75,1037.5,1041.65,43541
2025-09-24T15:00:00+05:30,1041.55,1049.0,1041.15,1044.0,95576
2025-09-24T15:15:00+05:30,1044.0,1046.05,1041.0,1042.85,87650
2025-09-25T09:15:00+05:30,1045.0,1051.95,1035.4,1045.85,74284
2025-09-25T09:30:00+05:30,1045.05,1048.0,1040.0,1046.75,25252
2025-09-25T09:45:00+05:30,1046.7,1051.6,1044.5,1048.45,28937
2025-09-25T10:00:00+05:30,1048.8,1049.95,1045.05,1046.55,7907
2025-09-25T10:15:00+05:30,1046.55,1046.55,1042.0,1042.0,15416
2025-09-25T10:30:00+05:30,1042.5,1043.3,1041.35,1041.6,4045
2025-09-25T10:45:00+05:30,1041.6,1048.25,1040.5,1046.0,20624
2025-09-25T11:00:00+05:30,1046.0,1049.2,1045.0,1046.65,7238
2025-09-25T11:15:00+05:30,1046.2,1047.65,1043.6,1044.3,4686
2025-09-25T11:30:00+05:30,1044.3,1044.65,1041.45,1041.55,3503
2025-09-25T11:45:00+05:30,1041.55,1043.0,1040.0,1040.8,7215
2025-09-25T12:00:00+05:30,1040.6,1041.3,1037.65,1038.45,5673
2025-09-25T12:15:00+05:30,1038.3,1040.75,1038.0,1040.35,4230
2025-09-25T12:30:00+05:30,1039.8,1041.8,1039.0,1039.0,2247
2025-09-25T12:45:00+05:30,1039.0,1040.0,1037.85,1038.3,3763
2025-09-25T13:00:00+05:30,1038.8,1040.5,1038.0,1039.5,3156
2025-09-25T13:15:00+05:30,1039.85,1039.95,1036.0,1037.35,5410
2025-09-25T13:30:00+05:30,1037.35,1038.75,1036.35,1038.4,1971
2025-09-25T13:45:00+05:30,1038.75,1039.55,1035.05,1035.75,6605
2025-09-25T14:00:00+05:30,1035.75,1036.15,1032.0,1033.25,12919
2025-09-25T14:15:00+05:30,1033.25,1037.9,1032.0,1036.55,13337
2025-09-25T14:30:00+05:30,1037.0,1037.15,1032.8,1033.45,11025
2025-09-25T14:45:00+05:30,1033.45,1048.95,1033.45,1047.1,98899
2025-09-25T15:00:00+05:30,1047.1,1049.75,1046.15,1048.95,81272
2025-09-25T15:15:00+05:30,1049.0,1052.0,1045.0,1047.0,109191
2025-09-26T09:15:00+05:30,1038.0,1045.9,1014.85,1019.4,114340
2025-09-26T09:30:00+05:30,1018.75,1020.9,1014.0,1018.85,53406
2025-09-26T09:45:00+05:30,1018.05,1021.7,1017.25,1020.45,32347
2025-09-26T10:00:00+05:30,1020.5,1020.85,1016.0,1016.05,12418
2025-09-26T10:15:00+05:30,1016.0,1021.85,1016.0,1018.15,15714
2025-09-26T10:30:00+05:30,1018.0,1021.4,1016.15,1021.4,11962
2025-09-26T10:45:00+05:30,1020.8,1021.9,1018.6,1019.1,11678
2025-09-26T11:00:00+05:30,1019.1,1019.5,1017.0,1017.0,8444
2025-09-26T11:15:00+05:30,1017.0,1017.25,1012.5,1013.1,24700
2025-09-26T11:30:00+05:30,1013.1,1013.5,1010.5,1011.0,14482
2025-09-26T11:45:00+05:30,1011.0,1015.2,1010.1,1013.1,16213
2025-09-26T12:00:00+05:30,1013.1,1013.95,1011.55,1012.3,6912
2025-09-26T12:15:00+05:30,1012.3,1014.0,1011.55,1011.55,6176
2025-09-26T12:30:00+05:30,1011.55,1014.0,1010.65,1013.05,7670
2025-09-26T12:45:00+05:30,1013.0,1014.75,1012.3,1013.65,6614
2025-09-26T13:00:00+05:30,1013.7,1014.2,1010.4,1010.9,7810
2025-09-26T13:15:00+05:30,1010.55,1011.95,1008.0,1009.4,21220
2025-09-26T13:30:00+05:30,1009.4,1009.55,1006.25,1008.0,15385
2025-09-26T13:45:00+05:30,1008.0,1012.0,1008.0,1010.55,8099
2025-09-26T14:00:00+05:30,1010.5,1012.6,1008.35,1010.45,10185
2025-09-26T14:15:00+05:30,1010.35,1010.65,1008.0,1009.6,9609
2025-09-26T14:30:00+05:30,1009.6,1031.35,1009.55,1028.45,120630
2025-09-26T14:45:00+05:30,1027.35,1029.8,1023.75,1028.15,62057
2025-09-26T15:00:00+05:30,1028.15,1042.4,1015.85,1027.85,190624
2025-09-26T15:15:00+05:30,1027.85,1032.0,1017.2,1022.2,140477
2025-09-29T09:15:00+05:30,1031.15,1036.6,1011.85,1019.7,138406
2025-09-29T09:30:00+05:30,1020.0,1022.5,1018.0,1019.2,60117
2025-09-29T09:45:00+05:30,1019.7,1020.85,1017.5,1019.9,20822
2025-09-29T10:00:00+05:30,1019.6,1020.8,1017.3,1020.0,18386
2025-09-29T10:15:00+05:30,1019.55,1022.0,1016.4,1017.0,15843
2025-09-29T10:30:00+05:30,1017.0,1019.35,1015.55,1016.1,10589
2025-09-29T10:45:00+05:30,1016.1,1017.2,1013.7,1014.5,18034
2025-09-29T11:00:00+05:30,1014.5,1017.35,1014.4,1015.95,6546
2025-09-29T11:15:00+05:30,1016.15,1017.0,1014.1,1014.1,7783
2025-09-29T11:30:00+05:30,1014.35,1014.5,1010.25,1011.05,14811
2025-09-29T11:45:00+05:30,1011.05,1014.0,1011.0,1013.9,8743
2025-09-29T12:00:00+05:30,1013.9,1014.0,1011.0,1011.5,6722
2025-09-29T12:15:00+05:30,1011.5,1015.0,1011.5,1014.5,6700
2025-09-29T12:30:00+05:30,1014.5,1017.9,1010.0,1010.0,36038
2025-09-29T12:45:00+05:30,1010.0,1014.5,1007.65,1014.35,34517
2025-09-29T13:00:00+05:30,1014.35,1016.0,1013.0,1015.55,10646
2025-09-29T13:15:00+05:30,1015.55,1016.0,1013.0,1014.25,8418
2025-09-29T13:30:00+05:30,1014.45,1015.0,1011.0,1011.5,10388
2025-09-29T13:45:00+05:30,1011.9,1015.5,1011.5,1015.0,5954
2025-09-29T14:00:00+05:30,1015.0,1019.0,1014.05,1018.1,11416
2025-09-29T14:15:00+05:30,1018.05,1021.4,1016.5,1017.5,23138
2025-09-29T14:30:00+05:30,1017.5,1021.0,1017.3,1018.15,15977
2025-09-29T14:45:00+05:30,1018.15,1021.65,1018.15,1019.25,37344
2025-09-29T15:00:00+05:30,1019.55,1026.55,1018.95,1019.95,110301
2025-09-29T15:15:00+05:30,1019.95,1020.5,1018.3,1020.0,70870
2025-09-30T09:15:00+05:30,1024.1,1028.5,1015.7,1022.9,58502
2025-09-30T09:30:00+05:30,1022.9,1026.0,1020.15,1021.45,20254
2025-09-30T09:45:00+05:30,1021.4,1026.4,1020.0,1026.4,13705
2025-09-30T10:00:00+05:30,1025.3,1027.0,1019.2,1019.2,11749
2025-09-30T10:15:00+05:30,1019.2,1020.2,1016.4,1017.0,6811
2025-09-30T10:30:00+05:30,1016.45,1018.3,1015.0,1017.15,9456
2025-09-30T10:45:00+05:30,1016.7,1017.3,1013.15,1013.85,13560
2025-09-30T11:00:00+05:30,1013.8,1017.3,1011.1,1013.0,15558
2025-09-30T11:15:00+05:30,1013.0,1013.25,1011.1,1011.8,6524
2025-09-30T11:30:00+05:30,1011.8,1014.15,1009.1,1011.5,21997
2025-09-30T11:45:00+05:30,1011.5,1014.15,1011.2,1012.05,6688
2025-09-30T12:00:00+05:30,1011.65,1025.4,1011.65,1018.4,46124
2025-09-30T12:15:00+05:30,1018.55,1022.0,1016.35,1017.55,13124
2025-09-30T12:30:00+05:30,1017.55,1021.05,1017.5,1017.5,5283
2025-09-30T12:45:00+05:30,1017.5,1019.0,1015.0,1016.55,7765
2025-09-30T13:00:00+05:30,1016.0,1016.8,1014.0,1015.0,11668
2025-09-30T13:15:00+05:30,1015.0,1015.8,1014.0,1014.45,5643
2025-09-30T13:30:00+05:30,1014.45,1015.25,1012.0,1012.85,10380
2025-09-30T13:45:00+05:30,1012.85,1015.0,1012.7,1013.05,2774
2025-09-30T14:00:00+05:30,1013.05,1013.85,1012.0,1012.3,3922
2025-09-30T14:15:00+05:30,1012.3,1014.5,1010.05,1014.0,11779
2025-09-30T14:30:00+05:30,1013.95,1018.8,1013.6,1018.4,8936
2025-09-30T14:45:00+05:30,1018.45,1021.3,1017.95,1020.25,43294
2025-09-30T15:00:00+05:30,1020.25,1023.65,1019.2,1023.5,38856
2025-09-30T15:15:00+05:30,1023.25,1023.6,1019.0,1020.0,175975
2025-10-01T09:15:00+05:30,1028.0,1028.0,1016.1,1019.6,47723
2025-10-01T09:30:00+05:30,1019.7,1021.1,1018.1,1019.4,25728
2025-10-01T09:45:00+05:30,1019.0,1020.0,1016.0,1016.9,12679
2025-10-01T10:00:00+05:30,1016.7,1018.8,1016.0,1018.8,8095
2025-10-01T10:15:00+05:30,1018.8,1020.0,1018.3,1019.0,2696
2025-10-01T10:30:00+05:30,1019.0,1020.1,1017.1,1017.1,5112
2025-10-01T10:45:00+05:30,1017.6,1019.3,1016.1,1018.9,4309
2025-10-01T11:00:00+05:30,1019.0,1019.0,1016.5,1018.5,3423
2025-10-01T11:15:00+05:30,1018.5,1020.0,1018.0,1019.7,4033
2025-10-01T11:30:00+05:30,1019.7,1020.5,1018.1,1019.5,9915
2025-10-01T11:45:00+05:30,1019.3,1019.9,1017.0,1018.4,3736
2025-10-01T12:00:00+05:30,1018.4,1020.6,1018.0,1018.3,6527
2025-10-01T12:15:00+05:30,1018.4,1019.1,1017.0,1018.3,3665
2025-10-01T12:30:00+05:30,1018.3,1020.9,1018.1,1019.6,6385
2025-10-01T12:45:00+05:30,1019.0,1022.2,1018.0,1018.9,11391
2025-10-01T13:00:00+05:30,1019.3,1019.3,1018.0,1018.7,2576
2025-10-01T13:15:00+05:30,1018.7,1020.0,1018.3,1018.7,4544
2025-10-01T13:30:00+05:30,1018.7,1019.8,1018.3,1018.8,2619
2025-10-01T13:45:00+05:30,1018.8,1020.5,1018.7,1019.6,4117
2025-10-01T14:00:00+05:30,1019.7,1020.1,1018.9,1019.7,3335
2025-10-01T14:15:00+05:30,1019.7,1020.8,1018.7,1019.5,12327
2025-10-01T14:30:00+05:30,1019.5,1019.9,1018.1,1019.1,6946
2025-10-01T14:45:00+05:30,1019.1,1019.9,1018.6,1019.6,7637
2025-10-01T15:00:00+05:30,1019.6,1021.7,1018.3,1019.0,18315
2025-10-01T15:15:00+05:30,1019.0,1019.1,1015.8,1018.0,43148
2025-10-03T09:15:00+05:30,1020.9,1034.5,1020.6,1034.5,103478
2025-10-03T09:30:00+05:30,1034.5,1034.8,1028.0,1028.6,33755
2025-10-03T09:45:00+05:30,1029.1,1033.6,1028.0,1032.0,38731
2025-10-03T10:00:00+05:30,1032.0,1039.0,1030.6,1032.3,31016
2025-10-03T10:15:00+05:30,1032.9,1039.7,1032.0,1039.0,21865
2025-10-03T10:30:00+05:30,1038.6,1040.0,1035.6,1036.7,15057
2025-10-03T10:45:00+05:30,1036.7,1039.9,1035.1,1038.2,12805
2025-10-03T11:00:00+05:30,1038.1,1045.5,1038.1,1044.7,66892
2025-10-03T11:15:00+05:30,1044.7,1045.0,1038.3,1040.1,16992
2025-10-03T11:30:00+05:30,1040.1,1041.5,1040.0,1040.1,8838
2025-10-03T11:45:00+05:30,1040.7,1040.8,1037.1,1037.5,7965
2025-10-03T12:00:00+05:30,1037.6,1038.2,1035.6,1035.7,10247
2025-10-03T12:15:00+05:30,1036.0,1036.5,1033.0,1035.6,13254
2025-10-03T12:30:00+05:30,1035.2,1036.1,1033.1,1035.9,8886
2025-10-03T12:45:00+05:30,1035.9,1035.9,1033.3,1034.0,4590
2025-10-03T13:00:00+05:30,1034.0,1034.2,1030.6,1031.6,10227
2025-10-03T13:15:00+05:30,1031.7,1032.3,1029.0,1029.5,9834
2025-10-03T13:30:00+05:30,1029.1,1035.0,1025.0,1029.8,34171
2025-10-03T13:45:00+05:30,1029.8,1031.4,1027.9,1030.2,8429
2025-10-03T14:00:00+05:30,1030.1,1031.0,1028.7,1028.9,5710
2025-10-03T14:15:00+05:30,1028.8,1031.5,1028.8,1029.7,5125
2025-10-03T14:30:00+05:30,1029.6,1038.0,1029.2,1034.1,44269
2025-10-03T14:45:00+05:30,1034.1,1042.2,1032.0,1042.0,50470
2025-10-03T15:00:00+05:30,1042.0,1050.0,1040.1,1040.4,79096
2025-10-03T15:15:00+05:30,1040.4,1041.0,1037.0,1039.5,36067
2025-10-06T09:15:00+05:30,1043.0,1043.0,1024.5,1026.0,80992
2025-10-06T09:30:00+05:30,1026.0,1026.0,1018.3,1020.0,77734
2025-10-06T09:45:00+05:30,1020.0,1020.2,1018.8,1020.0,16666
2025-10-06T10:00:00+05:30,1019.8,1021.8,1019.1,1020.0,20613
2025-10-06T10:15:00+05:30,1019.6,1023.2,1019.2,1019.5,18664
2025-10-06T10:30:00+05:30,1019.5,1020.0,1017.8,1018.1,13690
2025-10-06T10:45:00+05:30,1018.1,1020.0,1018.1,1020.0,8898
2025-10-06T11:00:00+05:30,1019.4,1020.6,1019.0,1019.8,9099
2025-10-06T11:15:00+05:30,1020.0,1021.1,1018.8,1020.0,29926
2025-10-06T11:30:00+05:30,1019.5,1021.0,1018.4,1018.4,9952
2025-10-06T11:45:00+05:30,1018.4,1019.0,1015.0,1017.9,25389
2025-10-06T12:00:00+05:30,1017.9,1019.9,1017.0,1018.3,9957
2025-10-06T12:15:00+05:30,1018.3,1019.8,1018.1,1018.5,5702
2025-10-06T12:30:00+05:30,1018.5,1019.7,1018.1,1018.9,4687
2025-10-06T12:45:00+05:30,1019.0,1019.6,1018.3,1019.0,5121
2025-10-06T13:00:00+05:30,1019.0,1019.7,1018.0,1018.5,9630
2025-10-06T13:15:00+05:30,1018.5,1027.0,1018.5,1019.7,108431
2025-10-06T13:30:00+05:30,1019.0,1021.0,1017.2,1017.3,17708
2025-10-06T13:45:00+05:30,1017.3,1019.1,1017.2,1017.9,5590
2025-10-06T14:00:00+05:30,1017.9,1018.9,1017.5,1018.0,5171
2025-10-06T14:15:00+05:30,1018.0,1019.5,1017.2,1019.5,5099
2025-10-06T14:30:00+05:30,1019.1,1021.5,1018.6,1019.0,10797
2025-10-06T14:45:00+05:30,1019.1,1024.6,1018.5,1023.7,67059
2025-10-06T15:00:00+05:30,1024.1,1025.7,1018.5,1019.0,248460
2025-10-06T15:15:00+05:30,1019.9,1020.6,1018.4,1019.5,64217
2025-10-07T09:15:00+05:30,1020.3,1024.0,1016.8,1020.6,47534
2025-10-07T09:30:00+05:30,1020.6,1022.1,1018.4,1020.6,15988
2025-10-07T09:45:00+05:30,1020.6,1021.0,1017.2,1017.9,15643
2025-10-07T10:00:00+05:30,1017.5,1023.0,1017.2,1022.2,130929
2025-10-07T10:15:00+05:30,1022.0,1030.4,1022.0,1027.0,45723
2025-10-07T10:30:00+05:30,1027.0,1028.6,1019.3,1020.0,16864
2025-10-07T10:45:00+05:30,1020.0,1020.0,1017.2,1018.1,22956
2025-10-07T11:00:00+05:30,1018.2,1019.0,1016.5,1017.1,19592
2025-10-07T11:15:00+05:30,1017.2,1018.7,1016.0,1016.1,14824
2025-10-07T11:30:00+05:30,1016.1,1018.8,1016.0,1018.4,7815
2025-10-07T11:45:00+05:30,1018.0,1018.7,1016.6,1016.7,7558
2025-10-07T12:00:00+05:30,1016.8,1018.0,1016.2,1016.9,5426
2025-10-07T12:15:00+05:30,1016.9,1018.0,1016.0,1017.1,6744
2025-10-07T12:30:00+05:30,1017.1,1018.2,1017.0,1017.3,5108
2025-10-07T12:45:00+05:30,1017.3,1018.6,1017.0,1017.6,4755
2025-10-07T13:00:00+05:30,1017.6,1018.7,1017.5,1017.5,5554
2025-10-07T13:15:00+05:30,1017.5,1019.2,1017.5,1017.6,7024
2025-10-07T13:30:00+05:30,1017.6,1018.5,1017.6,1017.7,4528
2025-10-07T13:45:00+05:30,1017.9,1018.9,1017.6,1017.6,4429
2025-10-07T14:00:00+05:30,1017.8,1019.6,1017.5,1018.0,4266
2025-10-07T14:15:00+05:30,1018.1,1019.0,1017.9,1017.9,5583
2025-10-07T14:30:00+05:30,1017.9,1019.9,1017.5,1017.9,10483
2025-10-07T14:45:00+05:30,1018.0,1020.1,1017.8,1018.2,10768
2025-10-07T15:00:00+05:30,1018.9,1021.0,1018.2,1018.6,43514
2025-10-07T15:15:00+05:30,1018.6,1020.0,1017.3,1018.0,44757
2025-10-08T09:15:00+05:30,1017.8,1024.9,1017.0,1021.0,53506
2025-10-08T09:30:00+05:30,1021.7,1021.7,1017.0,1018.2,13694
2025-10-08T09:45:00+05:30,1018.9,1022.0,1018.0,1019.1,18390
2025-10-08T10:00:00+05:30,1019.1,1020.0,1017.5,1018.0,10648
2025-10-08T10:15:00+05:30,1017.6,1017.6,1013.5,1016.0,20308
2025-10-08T10:30:00+05:30,1015.8,1017.0,1014.7,1016.2,4993
2025-10-08T10:45:00+05:30,1016.2,1016.8,1014.6,1014.6,6155
2025-10-08T11:00:00+05:30,1014.6,1015.3,1012.5,1013.0,9447
2025-10-08T11:15:00+05:30,1013.0,1014.1,1010.2,1012.4,12174
2025-10-08T11:30:00+05:30,1012.4,1014.5,1012.1,1013.2,4044
2025-10-08T11:45:00+05:30,1013.2,1015.4,1013.0,1014.5,3007
2025-10-08T12:00:00+05:30,1014.6,1014.9,1012.3,1014.0,3554
2025-10-08T12:15:00+05:30,1014.0,1014.8,1012.3,1014.3,3142
2025-10-08T12:30:00+05:30,1014.3,1014.8,1013.2,1013.5,3126
2025-10-08T12:45:00+05:30,1013.4,1014.5,1013.2,1014.2,1372
2025-10-08T13:00:00+05:30,1014.2,1016.3,1014.0,1015.1,3407
2025-10-08T13:15:00+05:30,1015.1,1016.2,1015.0,1015.5,2168
2025-10-08T13:30:00+05:30,1015.6,1018.9,1015.5,1016.8,11001
2025-10-08T13:45:00+05:30,1016.8,1018.0,1016.0,1016.8,3281
2025-10-08T14:00:00+05:30,1017.8,1017.8,1015.0,1015.1,4326
2025-10-08T14:15:00+05:30,1015.1,1016.1,1014.2,1015.0,3688
2025-10-08T14:30:00+05:30,1015.5,1017.3,1014.2,1017.3,7520
2025-10-08T14:45:00+05:30,1017.2,1019.8,1016.4,1018.0,22099
2025-10-08T15:00:00+05:30,1018.6,1020.8,1018.0,1018.1,65130
2025-10-08T15:15:00+05:30,1018.1,1020.0,1017.0,1018.8,31626
2025-10-09T09:15:00+05:30,1022.0,1022.6,1015.0,1020.5,34018
2025-10-09T09:30:00+05:30,1021.1,1025.0,1019.0,1019.0,27779
2025-10-09T09:45:00+05:30,1019.1,1022.8,1019.0,1021.1,8066
2025-10-09T10:00:00+05:30,1020.8,1021.0,1016.0,1016.7,9127
2025-10-09T10:15:00+05:30,1017.5,1019.0,1016.7,1017.6,5785
2025-10-09T10:30:00+05:30,1017.6,1018.6,1017.1,1017.1,2424
2025-10-09T10:45:00+05:30,1017.1,1017.8,1016.1,1016.6,3422
2025-10-09T11:00:00+05:30,1016.6,1017.6,1016.3,1016.5,3301
2025-10-09T11:15:00+05:30,1016.3,1017.5,1016.3,1016.4,2678
2025-10-09T11:30:00+05:30,1017.0,1018.0,1016.3,1016.3,4217
2025-10-09T11:45:00+05:30,1016.3,1018.8,1016.3,1017.1,4385
2025-10-09T12:00:00+05:30,1017.1,1021.0,1017.1,1017.7,8190
2025-10-09T12:15:00+05:30,1018.2,1020.2,1016.0,1018.0,9715
2025-10-09T12:30:00+05:30,1018.0,1019.9,1018.0,1018.2,4389
2025-10-09T12:45:00+05:30,1018.2,1020.8,1017.2,1019.7,6209
2025-10-09T13:00:00+05:30,1020.0,1020.1,1017.8,1017.8,6025
2025-10-09T13:15:00+05:30,1017.7,1018.5,1012.7,1015.6,108649
2025-10-09T13:30:00+05:30,1016.2,1017.8,1014.3,1014.3,4775
2025-10-09T13:45:00+05:30,1014.2,1016.0,1014.2,1014.3,3631
2025-10-09T14:00:00+05:30,1014.6,1015.0,1013.1,1013.9,8510
2025-10-09T14:15:00+05:30,1013.9,1018.4,1013.9,1016.8,6836
2025-10-09T14:30:00+05:30,1017.3,1017.7,1013.7,1015.1,16117
2025-10-09T14:45:00+05:30,1015.3,1027.4,1015.0,1020.4,87667
2025-10-09T15:00:00+05:30,1020.3,1038.8,1020.3,1028.0,104678
2025-10-09T15:15:00+05:30,1027.8,1031.0,1025.0,1030.7,51650
2025-10-10T09:15:00+05:30,1024.9,1035.0,1020.4,1027.5,66528
2025-10-10T09:30:00+05:30,1027.0,1031.5,1025.4,1029.9,18385
2025-10-10T09:45:00+05:30,1030.0,1030.0,1023.0,1024.0,17625
2025-10-10T10:00:00+05:30,1024.4,1025.9,1023.0,1025.1,17406
2025-10-10T10:15:00+05:30,1024.7,1026.0,1024.0,1024.0,4696
2025-10-10T10:30:00+05:30,1024.4,1025.5,1023.1,1023.1,4950
2025-10-10T10:45:00+05:30,1023.1,1024.3,1023.0,1023.6,2216
2025-10-10T11:00:00+05:30,1023.6,1024.9,1023.2,1023.9,2328
2025-10-10T11:15:00+05:30,1024.1,1025.9,1023.2,1023.2,4417
2025-10-10T11:30:00+05:30,1023.4,1023.4,1021.0,1021.9,8483
2025-10-10T11:45:00+05:30,1021.5,1023.8,1020.2,1022.6,11071
2025-10-10T12:00:00+05:30,1022.5,1024.0,1021.9,1021.9,4404
2025-10-10T12:15:00+05:30,1021.9,1023.2,1021.2,1021.9,4792
2025-10-10T12:30:00+05:30,1021.8,1022.0,1021.2,1021.9,2043
2025-10-10T12:45:00+05:30,1021.9,1022.0,1020.2,1021.6,5147
2025-10-10T13:00:00+05:30,1021.0,1022.7,1020.3,1021.0,4716
2025-10-10T13:15:00+05:30,1021.6,1024.0,1021.0,1023.6,10318
2025-10-10T13:30:00+05:30,1024.0,1024.0,1022.2,1022.8,4516
2025-10-10T13:45:00+05:30,1022.8,1024.0,1022.6,1022.7,4051
2025-10-10T14:00:00+05:30,1023.0,1023.9,1022.1,1023.9,5716
2025-10-10T14:15:00+05:30,1023.8,1024.0,1022.5,1022.7,4152
2025-10-10T14:30:00+05:30,1022.7,1023.4,1022.1,1023.3,4337
2025-10-10T14:45:00+05:30,1023.3,1023.9,1021.5,1023.9,11284
2025-10-10T15:00:00+05:30,1024.0,1024.6,1023.0,1023.6,42107
2025-10-10T15:15:00+05:30,1023.3,1024.0,1021.2,1021.2,53380
2025-10-13T09:15:00+05:30,1018.0,1022.2,1015.8,1018.4,42780
2025-10-13T09:30:00+05:30,1018.0,1022.4,1015.7,1021.1,16771
2025-10-13T09:45:00+05:30,1021.4,1025.7,1020.3,1022.3,17428
2025-10-13T10:00:00+05:30,1021.9,1022.5,1019.0,1020.0,5617
2025-10-13T10:15:00+05:30,1020.5,1023.3,1020.0,1023.0,4518
2025-10-13T10:30:00+05:30,1023.2,1023.2,1019.5,1021.0,4864
2025-10-13T10:45:00+05:30,1021.0,1022.6,1020.0,1021.1,5484
2025-10-13T11:00:00+05:30,1020.5,1022.0,1019.5,1020.0,7075
2025-10-13T11:15:00+05:30,1019.5,1020.2,1017.0,1017.1,5343
2025-10-13T11:30:00+05:30,1017.0,1018.8,1017.0,1018.1,4300
2025-10-13T11:45:00+05:30,1018.1,1018.5,1017.4,1018.5,1358
2025-10-13T12:00:00+05:30,1018.3,1018.5,1016.5,1018.0,12234
2025-10-13T12:15:00+05:30,1017.5,1019.7,1017.1,1018.8,4352
2025-10-13T12:30:00+05:30,1018.8,1021.4,1018.1,1019.1,5298
2025-10-13T12:45:00+05:30,1019.2,1020.1,1018.7,1019.8,1325
2025-10-13T13:00:00+05:30,1018.9,1020.9,1018.0,1020.5,3687
2025-10-13T13:15:00+05:30,1020.5,1022.0,1019.2,1020.0,4145
2025-10-13T13:30:00+05:30,1019.4,1020.8,1018.8,1020.8,1796
2025-10-13T13:45:00+05:30,1020.2,1023.5,1020.1,1020.5,3568
2025-10-13T14:00:00+05:30,1020.5,1021.1,1020.0,1020.3,1401
2025-10-13T14:15:00+05:30,1020.3,1022.0,1019.1,1021.7,6510
2025-10-13T14:30:00+05:30,1021.7,1021.9,1019.4,1020.2,6844
2025-10-13T14:45:00+05:30,1020.2,1036.9,1020.0,1036.2,80142
2025-10-13T15:00:00+05:30,1036.2,1043.6,1026.5,1030.1,449643
2025-10-13T15:15:00+05:30,1030.7,1032.5,1030.2,1032.0,88205
2025-10-14T09:15:00+05:30,1035.0,1054.5,1032.0,1052.5,212168
2025-10-14T09:30:00+05:30,1052.3,1064.5,1050.8,1064.0,302841
2025-10-14T09:45:00+05:30,1064.4,1064.5,1053.0,1055.5,97401
2025-10-14T10:00:00+05:30,1056.5,1058.6,1046.4,1047.4,95230
2025-10-14T10:15:00+05:30,1046.8,1056.5,1045.9,1053.5,54913
2025-10-14T10:30:00+05:30,1053.5,1055.0,1045.1,1046.8,36708
2025-10-14T10:45:00+05:30,1046.5,1046.9,1038.0,1038.9,44714
2025-10-14T11:00:00+05:30,1039.4,1041.0,1036.2,1038.0,21043
2025-10-14T11:15:00+05:30,1038.0,1038.0,1033.5,1038.0,27815
2025-10-14T11:30:00+05:30,1037.5,1043.0,1036.1,1041.4,24637
2025-10-14T11:45:00+05:30,1040.7,1042.2,1039.0,1039.0,7626
2025-10-14T12:00:00+05:30,1039.0,1040.9,1036.1,1038.9,14175
2025-10-14T12:15:00+05:30,1038.7,1042.0,1037.1,1038.8,13666
2025-10-14T12:30:00+05:30,1038.8,1055.0,1036.1,1045.9,89636
2025-10-14T12:45:00+05:30,1046.0,1052.5,1041.7,1050.8,40764
2025-10-14T13:00:00+05:30,1050.3,1051.7,1046.5,1047.4,13342
2025-10-14T13:15:00+05:30,1047.4,1049.2,1045.5,1047.8,9614
2025-10-14T13:30:00+05:30,1048.5,1050.0,1046.7,1048.1,8129
2025-10-14T13:45:00+05:30,1048.3,1058.9,1044.1,1057.7,96616
2025-10-14T14:00:00+05:30,1057.6,1066.0,1055.7,1058.2,209954
2025-10-14T14:15:00+05:30,1058.4,1061.7,1055.1,1058.9,66716
2025-10-14T14:30:00+05:30,1058.8,1060.0,1054.0,1056.0,32575
2025-10-14T14:45:00+05:30,1055.8,1059.0,1055.1,1058.1,17337
2025-10-14T15:00:00+05:30,1058.1,1058.6,1055.2,1056.7,65528
2025-10-14T15:15:00+05:30,1056.7,1058.0,1055.0,1057.0,100055
2025-10-15T09:15:00+05:30,1061.0,1067.0,1049.0,1058.0,150483
2025-10-15T09:30:00+05:30,1057.8,1074.0,1057.2,1066.9,197977
2025-10-15T09:45:00+05:30,1067.5,1074.0,1062.5,1063.0,86377
2025-10-15T10:00:00+05:30,1063.0,1068.0,1061.6,1061.6,32948
2025-10-15T10:15:00+05:30,1061.6,1073.7,1061.1,1068.3,175202
2025-10-15T10:30:00+05:30,1068.3,1076.9,1067.2,1068.9,91392
2025-10-15T10:45:00+05:30,1068.5,1069.6,1065.5,1065.6,15711
2025-10-15T11:00:00+05:30,1066.1,1067.0,1062.0,1064.5,26570
2025-10-15T11:15:00+05:30,1063.8,1064.5,1058.4,1060.0,42058
2025-10-15T11:30:00+05:30,1060.0,1064.4,1059.4,1063.7,19039
2025-10-15T11:45:00+05:30,1063.7,1067.9,1061.4,1067.0,11571
2025-10-15T12:00:00+05:30,1066.5,1073.0,1066.1,1072.7,62389
2025-10-15T12:15:00+05:30,1072.7,1079.9,1071.3,1079.2,105942
2025-10-15T12:30:00+05:30,1079.5,1080.0,1072.0,1072.7,50258
2025-10-15T12:45:00+05:30,1072.7,1076.8,1072.0,1075.9,25634
2025-10-15T13:00:00+05:30,1075.1,1077.7,1073.0,1074.0,31769
2025-10-15T13:15:00+05:30,1074.6,1078.5,1073.5,1074.6,28602
2025-10-15T13:30:00+05:30,1074.5,1076.7,1072.2,1072.3,13815
2025-10-15T13:45:00+05:30,1072.3,1073.7,1068.7,1070.0,23554
2025-10-15T14:00:00+05:30,1069.9,1072.7,1069.5,1070.3,17559
2025-10-15T14:15:00+05:30,1070.3,1072.0,1067.6,1071.3,10790
2025-10-15T14:30:00+05:30,1070.5,1074.0,1064.5,1064.6,61699
2025-10-15T14:45:00+05:30,1065.0,1072.0,1058.6,1066.5,111995
2025-10-15T15:00:00+05:30,1066.2,1066.9,1058.4,1059.5,41750
2025-10-15T15:15:00+05:30,1059.8,1061.0,1055.1,1059.7,77990
2025-10-16T09:15:00+05:30,1065.0,1068.1,1059.7,1060.1,45433
2025-10-16T09:30:00+05:30,1060.0,1064.0,1058.0,1063.4,19288
2025-10-16T09:45:00+05:30,1063.2,1071.7,1062.2,1065.9,30646
2025-10-16T10:00:00+05:30,1065.9,1067.9,1060.1,1061.2,16918
2025-10-16T10:15:00+05:30,1061.3,1067.0,1061.2,1065.2,19225
2025-10-16T10:30:00+05:30,1065.0,1066.0,1060.1,1060.1,9959
2025-10-16T10:45:00+05:30,1060.1,1061.8,1059.0,1060.2,20376
2025-10-16T11:00:00+05:30,1060.0,1063.0,1059.4,1059.4,10570
2025-10-16T11:15:00+05:30,1059.4,1059.5,1054.0,1057.0,23235
2025-10-16T11:30:00+05:30,1056.7,1056.9,1053.4,1055.7,11567
2025-10-16T11:45:00+05:30,1055.1,1055.7,1053.0,1053.8,5582
2025-10-16T12:00:00+05:30,1053.8,1054.5,1050.2,1051.0,14775
2025-10-16T12:15:00+05:30,1051.0,1057.1,1051.0,1054.3,17149
2025-10-16T12:30:00+05:30,1054.8,1057.5,1054.2,1057.0,9359
2025-10-16T12:45:00+05:30,1057.1,1057.8,1054.8,1056.0,10083
2025-10-16T13:00:00+05:30,1056.3,1056.3,1053.1,1053.2,6714
2025-10-16T13:15:00+05:30,1053.3,1054.0,1052.0,1052.7,8482
2025-10-16T13:30:00+05:30,1052.8,1053.0,1051.0,1051.4,7650
2025-10-16T13:45:00+05:30,1051.3,1052.9,1051.2,1051.3,5668
2025-10-16T14:00:00+05:30,1051.4,1053.9,1051.3,1053.8,9254
2025-10-16T14:15:00+05:30,1053.8,1056.0,1052.7,1053.0,8545
2025-10-16T14:30:00+05:30,1053.0,1054.8,1051.4,1051.5,18494
2025-10-16T14:45:00+05:30,1051.6,1067.0,1051.0,1066.1,77738
2025-10-16T15:00:00+05:30,1066.4,1075.0,1064.9,1067.0,114761
2025-10-16T15:15:00+05:30,1067.0,1068.0,1063.2,1065.7,60670
2025-10-17T09:15:00+05:30,1075.0,1075.9,1051.2,1058.0,114768
2025-10-17T09:30:00+05:30,1058.0,1062.9,1056.0,1059.8,31263
2025-10-17T09:45:00+05:30,1059.1,1061.3,1055.2,1059.3,16297
2025-10-17T10:00:00+05:30,1059.1,1066.7,1058.0,1065.9,14196
2025-10-17T10:15:00+05:30,1065.8,1068.0,1063.0,1066.5,15701
2025-10-17T10:30:00+05:30,1066.7,1067.6,1060.6,1060.7,12440
2025-10-17T10:45:00+05:30,1060.7,1061.5,1056.1,1057.0,8397
2025-10-17T11:00:00+05:30,1057.1,1058.5,1056.0,1058.4,8202
2025-10-17T11:15:00+05:30,1058.5,1058.7,1056.1,1058.0,6572
2025-10-17T11:30:00+05:30,1057.3,1058.0,1055.0,1055.3,6272
2025-10-17T11:45:00+05:30,1055.8,1056.9,1055.0,1056.1,8575
2025-10-17T12:00:00+05:30,1056.8,1059.2,1056.1,1057.0,5784
2025-10-17T12:15:00+05:30,1057.6,1058.1,1055.3,1055.3,6740
2025-10-17T12:30:00+05:30,1055.4,1056.6,1055.0,1055.0,2949
2025-10-17T12:45:00+05:30,1055.0,1055.9,1053.4,1053.8,5636
2025-10-17T13:00:00+05:30,1053.6,1054.0,1051.0,1051.7,9296
2025-10-17T13:15:00+05:30,1052.2,1053.5,1050.0,1051.7,10295
2025-10-17T13:30:00+05:30,1051.7,1052.9,1050.4,1052.5,10932
2025-10-17T13:45:00+05:30,1052.5,1053.1,1050.6,1052.0,6394
2025-10-17T14:00:00+05:30,1052.0,1053.6,1051.5,1053.6,3751
2025-10-17T14:15:00+05:30,1053.3,1070.0,1051.9,1069.7,116521
2025-10-17T14:30:00+05:30,1069.3,1070.0,1067.4,1067.9,65574
2025-10-17T14:45:00+05:30,1069.0,1070.5,1066.0,1066.6,75495
2025-10-17T15:00:00+05:30,1066.5,1067.0,1062.4,1066.2,104297
2025-10-17T15:15:00+05:30,1066.0,1068.7,1060.0,1060.0,110267
2025-10-20T09:15:00+05:30,1072.9,1072.9,1060.2,1061.9,39654
2025-10-20T09:30:00+05:30,1062.8,1063.0,1057.9,1059.6,16365
2025-10-20T09:45:00+05:30,1059.1,1060.5,1057.4,1059.0,7539
2025-10-20T10:00:00+05:30,1059.4,1060.0,1057.1,1057.1,6947
2025-10-20T10:15:00+05:30,1057.1,1058.5,1055.4,1057.0,9423
2025-10-20T10:30:00+05:30,1057.0,1057.4,1055.8,1056.2,4208
2025-10-20T10:45:00+05:30,1056.9,1057.7,1056.1,1056.6,3785
2025-10-20T11:00:00+05:30,1056.6,1057.7,1053.8,1054.8,11321
2025-10-20T11:15:00+05:30,1054.8,1059.7,1054.6,1058.0,5982
2025-10-20T11:30:00+05:30,1057.4,1060.0,1056.6,1057.0,7518
2025-10-20T11:45:00+05:30,1057.0,1058.2,1056.0,1057.1,2069
2025-10-20T12:00:00+05:30,1057.1,1057.3,1056.1,1056.5,4964
2025-10-20T12:15:00+05:30,1057.3,1057.3,1055.8,1056.8,3094
2025-10-20T12:30:00+05:30,1056.2,1056.7,1054.6,1055.2,8268
2025-10-20T12:45:00+05:30,1055.3,1056.5,1054.5,1055.5,5359
2025-10-20T13:00:00+05:30,1056.4,1056.5,1053.5,1056.0,112847
2025-10-20T13:15:00+05:30,1056.0,1056.0,1037.4,1038.3,92867
2025-10-20T13:30:00+05:30,1037.8,1038.4,1027.0,1030.9,81330
2025-10-20T13:45:00+05:30,1031.0,1044.9,1025.3,1039.1,189491
2025-10-20T14:00:00+05:30,1039.1,1040.0,1037.3,1038.8,16217
2025-10-20T14:15:00+05:30,1038.8,1040.3,1034.4,1038.0,58369
2025-10-20T14:30:00+05:30,1038.0,1047.9,1037.4,1047.7,44320
2025-10-20T14:45:00+05:30,1047.1,1051.5,1044.7,1051.2,61730
2025-10-20T15:00:00+05:30,1051.2,1057.7,1047.1,1052.6,99164
2025-10-20T15:15:00+05:30,1052.5,1053.0,1048.3,1050.0,59970
2025-10-21T13:45:00+05:30,1060.0,1066.7,1059.3,1061.7,41275
2025-10-21T14:00:00+05:30,1061.9,1062.0,1057.6,1058.0,22135
2025-10-21T14:15:00+05:30,1058.7,1062.0,1057.6,1060.0,17442
2025-10-21T14:30:00+05:30,1059.5,1061.9,1056.0,1058.0,25568
2025-10-23T09:15:00+05:30,1060.0,1069.6,1056.7,1067.3,82873
2025-10-23T09:30:00+05:30,1067.9,1074.5,1065.8,1073.0,86900
2025-10-23T09:45:00+05:30,1072.2,1073.7,1066.1,1072.5,38979
2025-10-23T10:00:00+05:30,1071.7,1073.0,1064.0,1064.3,22232
2025-10-23T10:15:00+05:30,1064.5,1067.5,1063.0,1066.7,11964
2025-10-23T10:30:00+05:30,1066.1,1066.8,1064.6,1065.1,5719
2025-10-23T10:45:00+05:30,1065.9,1066.4,1064.1,1065.0,5685
2025-10-23T11:00:00+05:30,1065.7,1079.9,1064.9,1077.0,106359
2025-10-23T11:15:00+05:30,1077.5,1080.5,1073.0,1074.5,97480
2025-10-23T11:30:00+05:30,1074.5,1074.9,1070.0,1070.4,33275
2025-10-23T11:45:00+05:30,1070.4,1080.2,1070.4,1080.0,57632
2025-10-23T12:00:00+05:30,1080.0,1080.7,1075.2,1077.2,42546
2025-10-23T12:15:00+05:30,1076.5,1076.9,1073.2,1076.5,17602
2025-10-23T12:30:00+05:30,1075.8,1078.6,1075.1,1076.8,11392
2025-10-23T12:45:00+05:30,1077.5,1078.5,1075.0,1075.1,17048
2025-10-23T13:00:00+05:30,1075.7,1077.8,1074.0,1077.2,22707
2025-10-23T13:15:00+05:30,1077.2,1077.6,1074.0,1075.2,9759
2025-10-23T13:30:00+05:30,1075.9,1077.4,1074.2,1077.0,8994
2025-10-23T13:45:00+05:30,1077.5,1078.1,1074.0,1074.3,22113
2025-10-23T14:00:00+05:30,1074.9,1075.9,1064.9,1066.5,59084
2025-10-23T14:15:00+05:30,1067.0,1068.1,1061.9,1065.4,33430
2025-10-23T14:30:00+05:30,1065.4,1069.2,1065.1,1067.5,12006
2025-10-23T14:45:00+05:30,1067.5,1068.6,1064.0,1064.5,26049
2025-10-23T15:00:00+05:30,1064.4,1067.3,1055.0,1055.1,76212
2025-10-23T15:15:00+05:30,1055.7,1078.0,1054.5,1069.0,85856
2025-10-24T09:15:00+05:30,1069.9,1076.0,1062.3,1069.1,84291
2025-10-24T09:30:00+05:30,1069.1,1070.8,1067.2,1067.5,30822
2025-10-24T09:45:00+05:30,1068.0,1070.5,1067.0,1068.9,16244
2025-10-24T10:00:00+05:30,1069.5,1070.1,1064.0,1064.9,12364
2025-10-24T10:15:00+05:30,1064.7,1064.8,1062.3,1064.0,25256
2025-10-24T10:30:00+05:30,1064.0,1064.5,1060.3,1064.4,13384
2025-10-24T10:45:00+05:30,1063.9,1065.5,1062.5,1062.9,7390
2025-10-24T11:00:00+05:30,1062.7,1062.7,1060.5,1061.0,8957
2025-10-24T11:15:00+05:30,1061.4,1063.0,1060.1,1060.2,11321
2025-10-24T11:30:00+05:30,1060.6,1062.5,1058.7,1061.4,13845
2025-10-24T11:45:00+05:30,1061.4,1062.4,1059.3,1060.0,5966
2025-10-24T12:00:00+05:30,1059.9,1066.9,1059.6,1066.6,10114
2025-10-24T12:15:00+05:30,1066.1,1070.0,1066.0,1066.0,22270
2025-10-24T12:30:00+05:30,1066.7,1077.0,1066.7,1071.6,79827
2025-10-24T12:45:00+05:30,1071.6,1074.5,1070.5,1071.1,17442
2025-10-24T13:00:00+05:30,1071.1,1072.0,1069.5,1070.4,4115
2025-10-24T13:15:00+05:30,1070.3,1070.4,1068.3,1070.0,6602
2025-10-24T13:30:00+05:30,1069.8,1070.0,1068.0,1069.4,12133
2025-10-24T13:45:00+05:30,1069.3,1070.9,1068.2,1070.0,6091
2025-10-24T14:00:00+05:30,1070.0,1071.9,1069.1,1069.9,9105
2025-10-24T14:15:00+05:30,1069.8,1071.4,1069.3,1070.8,9436
2025-10-24T14:30:00+05:30,1071.0,1071.2,1070.0,1070.9,7749
2025-10-24T14:45:00+05:30,1070.1,1070.9,1067.2,1068.3,13555
2025-10-24T15:00:00+05:30,1068.4,1072.0,1068.4,1071.0,47684
2025-10-24T15:15:00+05:30,1071.0,1072.1,1065.0,1065.0,64986
2025-10-27T09:15:00+05:30,1070.9,1100.9,1068.5,1100.4,412851
2025-10-27T09:30:00+05:30,1100.9,1102.9,1090.8,1097.9,402656
2025-10-27T09:45:00+05:30,1097.8,1099.7,1088.0,1090.7,131068
2025-10-27T10:00:00+05:30,1090.8,1097.5,1088.8,1097.0,64750
2025-10-27T10:15:00+05:30,1097.0,1116.9,1088.0,1115.0,2450268
2025-10-27T10:30:00+05:30,1115.1,1119.1,1103.1,1106.6,319424
2025-10-27T10:45:00+05:30,1106.2,1109.9,1101.0,1108.4,142893
2025-10-27T11:00:00+05:30,1107.1,1109.9,1100.0,1104.1,106040
2025-10-27T11:15:00+05:30,1104.7,1107.4,1095.9,1098.4,82234
2025-10-27T11:30:00+05:30,1098.6,1099.9,1091.3,1097.3,81135
2025-10-27T11:45:00+05:30,1096.7,1103.7,1093.5,1102.6,37194
2025-10-27T12:00:00+05:30,1102.6,1103.4,1097.0,1099.7,51726
2025-10-27T12:15:00+05:30,1099.1,1101.4,1097.0,1097.1,24812
2025-10-27T12:30:00+05:30,1097.1,1098.5,1092.0,1094.2,50163
2025-10-27T12:45:00+05:30,1094.2,1098.6,1092.6,1096.5,22516
2025-10-27T13:00:00+05:30,1096.0,1098.9,1095.2,1096.8,22951
2025-10-27T13:15:00+05:30,1096.8,1099.0,1094.0,1097.8,63485
2025-10-27T13:30:00+05:30,1097.5,1100.0,1094.3,1098.0,53727
2025-10-27T13:45:00+05:30,1098.4,1099.3,1096.0,1098.5,37232
2025-10-27T14:00:00+05:30,1098.5,1103.9,1098.0,1098.1,64630
2025-10-27T14:15:00+05:30,1098.1,1101.3,1098.1,1099.5,30684
2025-10-27T14:30:00+05:30,1099.5,1101.9,1098.7,1101.7,72758
2025-10-27T14:45:00+05:30,1101.3,1101.8,1095.0,1100.3,93178
2025-10-27T15:00:00+05:30,1100.3,1106.7,1097.0,1099.5,361509
2025-10-27T15:15:00+05:30,1099.5,1104.7,1094.0,1103.0,273642
2025-10-28T09:15:00+05:30,1107.0,1108.6,1091.0,1093.0,172244
2025-10-28T09:30:00+05:30,1092.8,1094.4,1085.2,1087.2,126948
2025-10-28T09:45:00+05:30,1086.1,1091.2,1081.0,1083.0,129895
2025-10-28T10:00:00+05:30,1083.3,1085.2,1078.3,1082.6,81605
2025-10-28T10:15:00+05:30,1082.1,1083.0,1078.4,1079.0,39282
2025-10-28T10:30:00+05:30,1079.0,1085.2,1078.5,1083.3,36020
2025-10-28T10:45:00+05:30,1082.9,1084.0,1076.4,1078.8,41657
2025-10-28T11:00:00+05:30,1079.2,1081.5,1075.2,1079.8,54128
2025-10-28T11:15:00+05:30,1079.1,1079.6,1069.0,1071.0,111761
2025-10-28T11:30:00+05:30,1071.0,1075.0,1069.5,1073.8,51491
2025-10-28T11:45:00+05:30,1072.6,1073.8,1071.6,1073.0,13899
2025-10-28T12:00:00+05:30,1073.0,1073.1,1069.0,1072.5,28159
2025-10-28T12:15:00+05:30,1072.0,1073.9,1069.1,1070.5,26774
2025-10-28T12:30:00+05:30,1070.5,1076.0,1070.3,1074.0,58921
2025-10-28T12:45:00+05:30,1074.0,1079.0,1073.0,1079.0,57708
2025-10-28T13:00:00+05:30,1078.2,1085.0,1077.7,1080.8,51661
2025-10-28T13:15:00+05:30,1080.8,1082.5,1079.2,1079.5,13226
2025-10-28T13:30:00+05:30,1079.5,1084.2,1078.6,1082.5,18317
2025-10-28T13:45:00+05:30,1082.5,1085.1,1080.0,1081.1,33230
2025-10-28T14:00:00+05:30,1081.2,1085.0,1081.0,1082.4,20284
2025-10-28T14:15:00+05:30,1082.4,1082.6,1080.0,1081.0,9335
2025-10-28T14:30:00+05:30,1080.9,1082.0,1078.4,1079.8,34057
2025-10-28T14:45:00+05:30,1080.2,1085.9,1079.8,1084.6,50071
2025-10-28T15:00:00+05:30,1084.9,1092.0,1084.0,1091.8,113452
2025-10-28T15:15:00+05:30,1091.8,1096.8,1090.0,1090.2,195306
2025-10-29T09:15:00+05:30,1099.0,1107.0,1066.4,1075.7,1054053
2025-10-29T09:30:00+05:30,1075.8,1092.0,1075.0,1086.2,224738
2025-10-29T09:45:00+05:30,1086.9,1090.2,1083.8,1086.0,61530
2025-10-29T10:00:00+05:30,1085.5,1090.0,1078.2,1082.2,91338
2025-10-29T10:15:00+05:30,1082.0,1087.1,1076.1,1086.0,79884
2025-10-29T10:30:00+05:30,1085.9,1099.8,1085.9,1094.0,269132
2025-10-29T10:45:00+05:30,1094.0,1095.0,1090.0,1093.2,81414
2025-10-29T11:00:00+05:30,1093.0,1094.0,1090.2,1093.8,39749
2025-10-29T11:15:00+05:30,1093.8,1098.0,1091.4,1092.0,64692
2025-10-29T11:30:00+05:30,1092.1,1092.7,1087.7,1089.0,48175
2025-10-29T11:45:00+05:30,1089.0,1089.0,1082.0,1084.4,40345
2025-10-29T12:00:00+05:30,1084.5,1088.1,1083.1,1087.9,14340
2025-10-29T12:15:00+05:30,1088.0,1091.0,1087.2,1088.9,20469
2025-10-29T12:30:00+05:30,1088.1,1090.0,1086.1,1087.3,13207
2025-10-29T12:45:00+05:30,1087.3,1089.2,1085.0,1085.7,14985
2025-10-29T13:00:00+05:30,1086.0,1095.9,1085.1,1090.7,137175
2025-10-29T13:15:00+05:30,1090.8,1095.0,1089.4,1089.6,44804
2025-10-29T13:30:00+05:30,1089.6,1091.2,1088.0,1088.2,17599
2025-10-29T13:45:00+05:30,1088.5,1090.4,1086.0,1088.5,12327
2025-10-29T14:00:00+05:30,1088.5,1091.2,1086.7,1088.6,38788
2025-10-29T14:15:00+05:30,1088.6,1089.3,1086.1,1088.0,13115
2025-10-29T14:30:00+05:30,1087.3,1091.9,1086.9,1089.3,55366
2025-10-29T14:45:00+05:30,1089.3,1097.0,1087.7,1093.9,125318
2025-10-29T15:00:00+05:30,1094.0,1109.0,1092.6,1094.8,509899
2025-10-29T15:15:00+05:30,1094.0,1095.5,1090.0,1090.2,133458
2025-10-30T09:15:00+05:30,1094.5,1102.4,1088.1,1099.9,157607
2025-10-30T09:30:00+05:30,1099.4,1109.5,1096.0,1105.3,196954
2025-10-30T09:45:00+05:30,1105.6,1117.0,1103.3,1112.2,316826
2025-10-30T10:00:00+05:30,1111.5,1113.5,1097.0,1104.2,316728
2025-10-30T10:15:00+05:30,1104.8,1107.4,1097.0,1097.0,68007
2025-10-30T10:30:00+05:30,1097.0,1099.8,1093.8,1098.6,50200
2025-10-30T10:45:00+05:30,1099.0,1101.0,1097.0,1101.0,28472
2025-10-30T11:00:00+05:30,1101.0,1102.0,1096.0,1096.2,15067
2025-10-30T11:15:00+05:30,1096.5,1098.3,1095.5,1095.8,15127
2025-10-30T11:30:00+05:30,1096.3,1097.0,1095.0,1095.3,11728
2025-10-30T11:45:00+05:30,1095.3,1096.3,1092.3,1094.3,12032
2025-10-30T12:00:00+05:30,1094.3,1096.9,1093.1,1094.5,10788
2025-10-30T12:15:00+05:30,1094.5,1095.9,1090.5,1092.0,27832
2025-10-30T12:30:00+05:30,1092.0,1093.0,1090.7,1092.0,14204
2025-10-30T12:45:00+05:30,1092.0,1093.0,1089.0,1090.3,31138
2025-10-30T13:00:00+05:30,1090.4,1092.2,1089.0,1090.0,20472
2025-10-30T13:15:00+05:30,1089.5,1093.0,1089.1,1091.0,7036
2025-10-30T13:30:00+05:30,1091.0,1093.1,1090.2,1092.4,4493
2025-10-30T13:45:00+05:30,1092.5,1093.5,1091.0,1092.1,13490
2025-10-30T14:00:00+05:30,1092.5,1093.8,1090.8,1091.2,107854
2025-10-30T14:15:00+05:30,1091.1,1093.5,1090.9,1091.2,6130
2025-10-30T14:30:00+05:30,1091.2,1093.0,1090.3,1091.0,7706
2025-10-30T14:45:00+05:30,1090.4,1101.0,1089.2,1101.0,123683
2025-10-30T15:00:00+05:30,1100.5,1103.0,1098.3,1101.2,242696
2025-10-30T15:15:00+05:30,1101.2,1101.3,1093.5,1095.0,83235
2025-10-31T09:15:00+05:30,1094.5,1096.1,1089.1,1092.5,56399
2025-10-31T09:30:00+05:30,1092.5,1095.0,1085.0,1091.1,80214
2025-10-31T09:45:00+05:30,1091.3,1092.0,1087.0,1087.8,58888
2025-10-31T10:00:00+05:30,1087.7,1087.9,1085.0,1085.3,33131
2025-10-31T10:15:00+05:30,1085.3,1085.7,1078.4,1081.3,60651
2025-10-31T10:30:00+05:30,1081.4,1081.9,1078.0,1078.8,26742
2025-10-31T10:45:00+05:30,1079.0,1081.0,1078.5,1079.2,13386
2025-10-31T11:00:00+05:30,1079.2,1079.5,1075.5,1076.3,17046
2025-10-31T11:15:00+05:30,1076.1,1078.1,1074.5,1074.6,24135
2025-10-31T11:30:00+05:30,1074.5,1075.9,1072.8,1074.0,18344
2025-10-31T11:45:00+05:30,1074.0,1081.2,1071.6,1077.0,79306
2025-10-31T12:00:00+05:30,1077.0,1078.2,1076.0,1077.0,10456
2025-10-31T12:15:00+05:30,1077.4,1077.5,1074.7,1075.4,11481
2025-10-31T12:30:00+05:30,1075.6,1082.2,1075.3,1078.0,24421
2025-10-31T12:45:00+05:30,1078.0,1078.5,1075.8,1077.0,7103
2025-10-31T13:00:00+05:30,1077.0,1081.4,1076.1,1079.2,13686
2025-10-31T13:15:00+05:30,1078.1,1080.7,1077.0,1078.6,13295
2025-10-31T13:30:00+05:30,1079.1,1080.5,1077.5,1080.0,11369
2025-10-31T13:45:00+05:30,1080.0,1083.0,1079.1,1082.0,13875
2025-10-31T14:00:00+05:30,1082.2,1082.6,1080.0,1080.5,8533
2025-10-31T14:15:00+05:30,1080.5,1081.0,1078.5,1079.0,10453
2025-10-31T14:30:00+05:30,1079.0,1081.7,1079.0,1079.5,12775
2025-10-31T14:45:00+05:30,1079.5,1093.9,1079.5,1092.9,184458
2025-10-31T15:00:00+05:30,1092.6,1101.4,1089.5,1090.0,214999
2025-10-31T15:15:00+05:30,1090.0,1093.3,1082.2,1083.2,107132
2025-11-03T09:15:00+05:30,1087.0,1087.0,1070.4,1072.4,120824
2025-11-03T09:30:00+05:30,1072.3,1085.9,1068.2,1078.0,178697
2025-11-03T09:45:00+05:30,1078.0,1079.5,1071.1,1071.5,84120
2025-11-03T10:00:00+05:30,1071.4,1074.5,1070.5,1072.3,59277
2025-11-03T10:15:00+05:30,1072.2,1077.9,1071.0,1073.9,29709
2025-11-03T10:30:00+05:30,1074.4,1075.8,1069.0,1070.5,73130
2025-11-03T10:45:00+05:30,1070.5,1072.6,1068.6,1070.2,34686
2025-11-03T11:00:00+05:30,1070.2,1071.9,1068.1,1068.2,20552
2025-11-03T11:15:00+05:30,1068.8,1071.8,1068.4,1069.3,18275
2025-11-03T11:30:00+05:30,1069.2,1070.1,1068.0,1068.1,11510
2025-11-03T11:45:00+05:30,1068.1,1069.9,1066.5,1069.9,22857
2025-11-03T12:00:00+05:30,1069.7,1069.8,1068.1,1068.4,9734
2025-11-03T12:15:00+05:30,1068.7,1073.7,1068.5,1073.7,14568
2025-11-03T12:30:00+05:30,1073.1,1074.8,1071.1,1073.4,23458
2025-11-03T12:45:00+05:30,1073.4,1074.5,1070.1,1070.9,11127
2025-11-03T13:00:00+05:30,1070.9,1071.5,1067.0,1067.6,21829
2025-11-03T13:15:00+05:30,1067.6,1068.0,1058.1,1058.5,98922
2025-11-03T13:30:00+05:30,1059.0,1059.4,1053.0,1054.4,71011
2025-11-03T13:45:00+05:30,1054.4,1058.0,1050.0,1058.0,90484
2025-11-03T14:00:00+05:30,1058.0,1069.0,1056.2,1062.2,87548
2025-11-03T14:15:00+05:30,1062.5,1068.0,1061.3,1063.9,20905
2025-11-03T14:30:00+05:30,1064.4,1065.2,1063.1,1064.7,15604
2025-11-03T14:45:00+05:30,1065.3,1079.0,1064.2,1078.9,169914
2025-11-03T15:00:00+05:30,1078.9,1080.0,1061.4,1063.5,119919
2025-11-03T15:15:00+05:30,1063.6,1064.2,1056.0,1059.0,102692
2025-11-04T09:15:00+05:30,1055.1,1064.9,1055.1,1062.0,55899
2025-11-04T09:30:00+05:30,1062.1,1062.1,1056.0,1056.0,25148
2025-11-04T09:45:00+05:30,1056.0,1058.4,1055.2,1058.2,22177
2025-11-04T10:00:00+05:30,1057.6,1058.9,1056.5,1058.0,10708
2025-11-04T10:15:00+05:30,1057.9,1062.5,1054.0,1054.4,40913
2025-11-04T10:30:00+05:30,1054.4,1057.4,1053.3,1054.5,16787
2025-11-04T10:45:00+05:30,1054.5,1055.3,1052.1,1053.0,14255
2025-11-04T11:00:00+05:30,1053.0,1053.5,1052.2,1053.0,8929
2025-11-04T11:15:00+05:30,1052.6,1053.0,1051.1,1051.2,9143
2025-11-04T11:30:00+05:30,1051.4,1052.4,1050.9,1051.6,7689
2025-11-04T11:45:00+05:30,1051.5,1051.9,1049.0,1049.5,25111
2025-11-04T12:00:00+05:30,1049.6,1050.1,1047.7,1049.6,17667
2025-11-04T12:15:00+05:30,1049.6,1050.9,1048.2,1048.2,11329
2025-11-04T12:30:00+05:30,1048.5,1049.0,1045.9,1048.0,14385
2025-11-04T12:45:00+05:30,1048.5,1049.4,1048.0,1048.5,3422
2025-11-04T13:00:00+05:30,1048.5,1049.7,1048.0,1048.0,9493
2025-11-04T13:15:00+05:30,1048.0,1049.6,1047.7,1049.4,8779
2025-11-04T13:30:00+05:30,1048.7,1049.8,1048.0,1049.4,7281
2025-11-04T13:45:00+05:30,1049.5,1050.0,1048.0,1049.3,22183
2025-11-04T14:00:00+05:30,1048.8,1049.5,1047.1,1047.4,21167
2025-11-04T14:15:00+05:30,1047.5,1049.9,1043.0,1047.6,45927
2025-11-04T14:30:00+05:30,1047.6,1047.7,1043.7,1046.7,38545
2025-11-04T14:45:00+05:30,1046.3,1050.6,1042.2,1049.0,103907
2025-11-04T15:00:00+05:30,1049.0,1051.4,1038.0,1038.9,149344
2025-11-04T15:15:00+05:30,1038.9,1040.7,1035.0,1037.0,111519
2025-11-06T09:15:00+05:30,1039.9,1039.9,1028.0,1028.1,94566
2025-11-06T09:30:00+05:30,1028.5,1032.0,1018.6,1026.0,148009
2025-11-06T09:45:00+05:30,1026.1,1027.1,1022.1,1023.2,34468
2025-11-06T10:00:00+05:30,1023.6,1026.0,1019.6,1020.6,80327
2025-11-06T10:15:00+05:30,1020.1,1021.0,1017.2,1017.3,37807
2025-11-06T10:30:00+05:30,1017.4,1021.1,1017.2,1019.4,26408
2025-11-06T10:45:00+05:30,1019.4,1021.0,1018.9,1021.0,17818
2025-11-06T11:00:00+05:30,1021.0,1021.5,1015.4,1016.7,51963
2025-11-06T11:15:00+05:30,1016.8,1016.8,1013.0,1015.0,28365
2025-11-06T11:30:00+05:30,1015.0,1015.9,1013.4,1013.9,18882
2025-11-06T11:45:00+05:30,1014.7,1017.5,1008.5,1010.5,64271
2025-11-06T12:00:00+05:30,1009.9,1013.7,1009.4,1011.1,30569
2025-11-06T12:15:00+05:30,1011.1,1012.7,1009.0,1012.0,18618
2025-11-06T12:30:00+05:30,1011.8,1012.4,1009.4,1009.8,17546
2025-11-06T12:45:00+05:30,1009.8,1012.7,1009.5,1009.5,45366
2025-11-06T13:00:00+05:30,1009.5,1012.2,1009.0,1010.0,45285
2025-11-06T13:15:00+05:30,1010.0,1011.2,1009.2,1009.5,22173
2025-11-06T13:30:00+05:30,1009.5,1010.4,1009.0,1009.3,11059
2025-11-06T13:45:00+05:30,1009.3,1009.5,1006.9,1008.4,27894
2025-11-06T14:00:00+05:30,1008.6,1009.8,1008.0,1009.0,12687
2025-11-06T14:15:00+05:30,1009.2,1013.1,1009.0,1010.4,80295
2025-11-06T14:30:00+05:30,1010.0,1015.4,1007.7,1009.1,37038
2025-11-06T14:45:00+05:30,1009.3,1015.6,1008.0,1011.0,62529
2025-11-06T15:00:00+05:30,1010.8,1013.9,1001.9,1002.7,92354
2025-11-06T15:15:00+05:30,1002.8,1005.8,1000.0,1003.5,139254
2025-11-07T09:15:00+05:30,998.0,1015.2,997.0,1004.5,147597
2025-11-07T09:30:00+05:30,1004.5,1004.5,993.8,998.0,89725
2025-11-07T09:45:00+05:30,997.6,998.4,992.5,993.4,35264
2025-11-07T10:00:00+05:30,994.0,1000.1,993.2,996.6,43696
2025-11-07T10:15:00+05:30,996.7,998.4,995.4,996.5,15428
2025-11-07T10:30:00+05:30,996.6,998.0,995.5,997.0,14964
2025-11-07T10:45:00+05:30,997.0,998.0,995.0,995.0,17807
2025-11-07T11:00:00+05:30,995.0,996.0,993.5,994.0,23643
2025-11-07T11:15:00+05:30,994.0,995.0,993.5,994.1,23565
2025-11-07T11:30:00+05:30,993.6,995.0,993.6,994.5,13382
2025-11-07T11:45:00+05:30,994.5,1003.7,993.7,1001.2,52037
2025-11-07T12:00:00+05:30,1000.8,1017.5,1000.0,1011.9,221043
2025-11-07T12:15:00+05:30,1011.5,1014.0,1007.0,1011.6,71213
2025-11-07T12:30:00+05:30,1011.5,1017.9,1009.5,1010.6,279635
2025-11-07T12:45:00+05:30,1010.0,1012.2,1008.0,1010.7,77108
2025-11-07T13:00:00+05:30,1010.8,1012.1,1010.0,1011.2,20044
2025-11-07T13:15:00+05:30,1011.1,1015.6,1010.3,1013.5,46041
2025-11-07T13:30:00+05:30,1012.8,1015.6,1012.4,1013.1,13398
2025-11-07T13:45:00+05:30,1013.2,1014.1,1010.6,1011.5,22497
2025-11-07T14:00:00+05:30,1011.5,1012.4,1010.4,1010.4,19829
2025-11-07T14:15:00+05:30,1010.5,1012.9,1010.2,1012.7,13080
2025-11-07T14:30:00+05:30,1011.9,1021.7,1011.0,1015.5,54349
2025-11-07T14:45:00+05:30,1015.5,1023.2,1012.0,1021.6,224997
2025-11-07T15:00:00+05:30,1022.4,1035.9,1020.0,1023.7,180598
2025-11-07T15:15:00+05:30,1023.0,1040.0,1020.0,1038.9,316469
2025-11-10T09:15:00+05:30,1020.0,1029.1,1013.2,1014.9,243516
2025-11-10T09:30:00+05:30,1014.8,1019.5,1014.1,1016.6,66043
2025-11-10T09:45:00+05:30,1016.6,1018.8,1015.1,1015.7,49855
2025-11-10T10:00:00+05:30,1015.7,1016.2,1012.0,1013.5,38342
2025-11-10T10:15:00+05:30,1013.9,1016.5,1013.0,1013.6,21832
2025-11-10T10:30:00+05:30,1013.6,1018.9,1013.4,1015.9,28834
2025-11-10T10:45:00+05:30,1015.9,1019.1,1015.0,1016.6,22786
2025-11-10T11:00:00+05:30,1016.6,1020.2,1016.0,1016.5,18878
2025-11-10T11:15:00+05:30,1016.5,1018.7,1016.0,1016.0,13879
2025-11-10T11:30:00+05:30,1016.0,1016.5,1011.7,1011.7,30726
2025-11-10T11:45:00+05:30,1011.6,1012.0,1008.0,1008.2,46204
2025-11-10T12:00:00+05:30,1008.3,1008.7,1005.5,1006.0,28279
2025-11-10T12:15:00+05:30,1005.8,1007.6,1005.1,1006.2,19928
2025-11-10T12:30:00+05:30,1006.7,1007.4,1004.2,1005.5,40196
2025-11-10T12:45:00+05:30,1005.5,1007.0,1005.0,1005.5,14838
2025-11-10T13:00:00+05:30,1005.5,1006.0,1002.9,1003.9,23173
2025-11-10T13:15:00+05:30,1003.9,1005.1,1003.0,1004.5,14286
2025-11-10T13:30:00+05:30,1004.0,1006.9,1003.5,1003.7,25242
2025-11-10T13:45:00+05:30,1003.7,1005.3,1003.3,1004.6,10420
2025-11-10T14:00:00+05:30,1003.8,1007.4,1003.8,1006.2,14548
2025-11-10T14:15:00+05:30,1006.4,1007.4,1004.4,1004.6,17521
2025-11-10T14:30:00+05:30,1005.0,1015.0,1000.0,1009.2,165982
2025-11-10T14:45:00+05:30,1009.2,1025.0,1007.0,1023.5,128510
2025-11-10T15:00:00+05:30,1024.0,1031.9,1015.4,1016.8,155010
2025-11-10T15:15:00+05:30,1017.5,1028.5,1015.1,1016.5,62378
2025-11-11T09:15:00+05:30,1022.9,1022.9,1014.4,1017.3,26986
2025-11-11T09:30:00+05:30,1017.5,1017.6,1012.2,1013.0,28512
2025-11-11T09:45:00+05:30,1013.0,1014.1,1010.1,1012.0,13462
2025-11-11T10:00:00+05:30,1012.5,1015.9,1011.5,1015.0,9789
2025-11-11T10:15:00+05:30,1015.1,1015.8,1013.5,1014.6,5338
2025-11-11T10:30:00+05:30,1014.6,1014.6,1011.0,1012.2,7941
2025-11-11T10:45:00+05:30,1012.8,1013.6,1010.1,1012.9,15961
2025-11-11T11:00:00+05:30,1012.9,1012.9,1011.1,1012.1,3968
2025-11-11T11:15:00+05:30,1012.1,1013.7,1010.0,1011.7,25204
2025-11-11T11:30:00+05:30,1011.8,1012.5,1011.0,1012.0,4778
2025-11-11T11:45:00+05:30,1012.0,1014.2,1010.5,1012.0,21294
2025-11-11T12:00:00+05:30,1012.0,1013.3,1010.1,1010.3,18309
2025-11-11T12:15:00+05:30,1010.4,1012.9,1010.1,1012.3,6510
2025-11-11T12:30:00+05:30,1012.3,1013.9,1011.5,1011.9,7582
2025-11-11T12:45:00+05:30,1011.9,1013.1,1011.5,1012.3,6123
2025-11-11T13:00:00+05:30,1012.3,1012.8,1011.3,1012.2,6540
2025-11-11T13:15:00+05:30,1011.8,1013.6,1011.8,1013.0,5061
2025-11-11T13:30:00+05:30,1013.0,1013.5,1012.5,1012.5,3858
2025-11-11T13:45:00+05:30,1012.6,1013.4,1012.0,1013.1,4277
2025-11-11T14:00:00+05:30,1012.8,1014.0,1011.3,1011.9,12730
2025-11-11T14:15:00+05:30,1012.0,1017.0,1011.8,1015.0,22131
2025-11-11T14:30:00+05:30,1014.9,1015.5,1014.0,1014.7,8676
2025-11-11T14:45:00+05:30,1015.1,1022.0,1014.8,1021.9,57325
2025-11-11T15:00:00+05:30,1021.9,1031.0,1021.8,1023.8,121065
2025-11-11T15:15:00+05:30,1023.8,1024.1,1015.6,1018.9,37637
2025-11-12T09:15:00+05:30,1024.0,1037.4,1019.3,1032.0,171307
2025-11-12T09:30:00+05:30,1032.0,1051.2,1028.2,1040.8,306148
2025-11-12T09:45:00+05:30,1040.8,1046.7,1038.2,1042.5,36009
2025-11-12T10:00:00+05:30,1043.0,1045.0,1040.7,1041.9,20948
2025-11-12T10:15:00+05:30,1042.2,1044.0,1039.1,1043.8,44391
2025-11-12T10:30:00+05:30,1043.2,1043.8,1032.1,1041.5,59943
2025-11-12T10:45:00+05:30,1041.6,1048.5,1040.2,1048.5,69648
2025-11-12T11:00:00+05:30,1048.0,1052.0,1045.0,1045.0,63479
2025-11-12T11:15:00+05:30,1045.7,1046.0,1043.0,1046.0,9369
2025-11-12T11:30:00+05:30,1046.0,1047.7,1044.1,1046.0,5804
2025-11-12T11:45:00+05:30,1045.7,1048.0,1044.0,1044.9,8961
2025-11-12T12:00:00+05:30,1044.9,1052.0,1043.5,1052.0,49368
2025-11-12T12:15:00+05:30,1052.0,1055.0,1048.0,1053.0,76900
2025-11-12T12:30:00+05:30,1053.0,1053.8,1052.0,1052.4,16308
2025-11-12T12:45:00+05:30,1053.0,1055.0,1051.0,1052.5,19058
2025-11-12T13:00:00+05:30,1053.0,1056.8,1051.0,1055.7,30196
2025-11-12T13:15:00+05:30,1056.1,1057.2,1052.9,1053.5,16624
2025-11-12T13:30:00+05:30,1053.1,1055.0,1051.8,1053.1,25915
2025-11-12T13:45:00+05:30,1053.8,1054.4,1052.0,1052.1,9748
2025-11-12T14:00:00+05:30,1052.5,1053.0,1052.0,1052.5,6815
2025-11-12T14:15:00+05:30,1052.5,1058.4,1052.0,1054.1,37477
2025-11-12T14:30:00+05:30,1054.6,1059.7,1054.0,1056.2,18107
2025-11-12T14:45:00+05:30,1056.4,1060.0,1056.0,1058.2,25247
2025-11-12T15:00:00+05:30,1058.3,1068.0,1058.2,1064.1,175492
2025-11-12T15:15:00+05:30,1064.9,1067.0,1060.0,1060.0,76960
2025-11-13T09:15:00+05:30,1060.1,1072.5,1053.1,1071.4,105058
2025-11-13T09:30:00+05:30,1071.4,1072.0,1062.0,1063.6,34720
2025-11-13T09:45:00+05:30,1063.7,1067.0,1061.0,1063.4,22807
2025-11-13T10:00:00+05:30,1063.5,1063.8,1060.1,1060.5,12555
2025-11-13T10:15:00+05:30,1060.2,1072.0,1050.9,1051.8,110644
2025-11-13T10:30:00+05:30,1051.2,1056.6,1048.7,1050.1,67599
2025-11-13T10:45:00+05:30,1050.0,1051.7,1043.0,1047.8,72798
2025-11-13T11:00:00+05:30,1048.6,1050.3,1044.4,1049.7,16091
2025-11-13T11:15:00+05:30,1049.1,1050.9,1048.1,1048.7,8550
2025-11-13T11:30:00+05:30,1048.9,1049.0,1047.0,1048.1,11494
2025-11-13T11:45:00+05:30,1047.1,1049.5,1047.0,1047.2,5288
2025-11-13T12:00:00+05:30,1047.2,1048.0,1046.0,1047.6,6725
2025-11-13T12:15:00+05:30,1047.3,1047.7,1046.0,1046.1,5685
2025-11-13T12:30:00+05:30,1046.1,1047.7,1044.0,1046.5,9623
2025-11-13T12:45:00+05:30,1046.5,1048.8,1046.0,1046.6,5987
2025-11-13T13:00:00+05:30,1047.5,1051.9,1045.3,1048.8,11063
2025-11-13T13:15:00+05:30,1048.1,1048.8,1047.0,1047.5,4714
2025-11-13T13:30:00+05:30,1047.6,1049.1,1047.1,1047.7,3416
2025-11-13T13:45:00+05:30,1047.9,1049.2,1046.0,1047.5,10217
2025-11-13T14:00:00+05:30,1047.5,1048.0,1045.0,1046.6,11957
2025-11-13T14:15:00+05:30,1046.6,1053.5,1046.6,1048.7,25757
2025-11-13T14:30:00+05:30,1049.0,1055.0,1047.5,1050.9,28557
2025-11-13T14:45:00+05:30,1050.9,1060.0,1050.5,1060.0,78805
2025-11-13T15:00:00+05:30,1060.0,1067.8,1057.2,1058.9,108852
2025-11-13T15:15:00+05:30,1058.8,1064.3,1050.0,1055.0,46657
2025-11-14T09:15:00+05:30,1056.8,1059.2,1048.0,1051.5,122720
2025-11-14T09:30:00+05:30,1051.4,1053.2,1042.4,1044.1,78494
2025-11-14T09:45:00+05:30,1044.1,1044.5,1038.4,1039.7,75436
2025-11-14T10:00:00+05:30,1039.6,1039.7,1031.1,1032.5,72143
2025-11-14T10:15:00+05:30,1032.5,1032.8,1027.0,1028.0,99158
2025-11-14T10:30:00+05:30,1027.8,1028.0,1020.6,1020.8,129408
2025-11-14T10:45:00+05:30,1020.8,1021.1,1011.2,1017.0,277226
2025-11-14T11:00:00+05:30,1017.0,1019.3,1016.3,1017.0,152373
2025-11-14T11:15:00+05:30,1017.0,1017.5,1012.4,1014.0,94805
2025-11-14T11:30:00+05:30,1013.6,1016.0,1012.6,1013.7,87583
2025-11-14T11:45:00+05:30,1014.3,1015.0,1006.3,1009.0,234081
2025-11-14T12:00:00+05:30,1009.3,1010.0,1008.0,1008.9,82821
2025-11-14T12:15:00+05:30,1008.9,1010.5,1008.3,1009.3,55088
2025-11-14T12:30:00+05:30,1009.3,1012.0,1008.6,1011.4,73177
2025-11-14T12:45:00+05:30,1011.4,1012.4,1008.0,1009.4,71142
2025-11-14T13:00:00+05:30,1009.1,1011.8,1008.0,1011.6,64787
2025-11-14T13:15:00+05:30,1011.6,1012.7,1010.1,1012.6,43672
2025-11-14T13:30:00+05:30,1012.1,1012.8,1007.0,1007.1,89582
2025-11-14T13:45:00+05:30,1007.2,1008.5,1002.1,1003.5,122004
2025-11-14T14:00:00+05:30,1003.6,1005.5,1002.2,1004.1,110196
2025-11-14T14:15:00+05:30,1004.1,1007.6,1003.6,1003.9,108579
2025-11-14T14:30:00+05:30,1003.9,1005.4,1002.3,1002.8,76914
2025-11-14T14:45:00+05:30,1003.0,1003.2,998.6,1001.6,207717
2025-11-14T15:00:00+05:30,1001.6,1004.0,998.0,998.4,224407
2025-11-14T15:15:00+05:30,998.4,999.2,995.0,999.0,377058
2025-11-17T09:15:00+05:30,1014.0,1015.6,996.0,1009.4,413932
2025-11-17T09:30:00+05:30,1009.4,1014.5,1006.2,1009.5,104020
2025-11-17T09:45:00+05:30,1009.9,1019.9,1007.3,1016.5,207033
2025-11-17T10:00:00+05:30,1016.5,1016.5,1003.9,1005.1,107390
2025-11-17T10:15:00+05:30,1004.8,1007.0,1004.1,1004.4,33708
2025-11-17T10:30:00+05:30,1005.0,1005.7,1001.2,1003.3,42411
2025-11-17T10:45:00+05:30,1003.3,1005.0,1002.0,1002.5,17398
2025-11-17T11:00:00+05:30,1002.5,1007.0,1002.1,1005.0,96891
2025-11-17T11:15:00+05:30,1005.0,1006.5,1004.0,1004.1,8693
2025-11-17T11:30:00+05:30,1004.1,1004.4,1001.5,1001.5,11330
2025-11-17T11:45:00+05:30,1001.8,1007.0,1001.3,1006.9,18204
2025-11-17T12:00:00+05:30,1006.9,1009.0,1004.2,1005.6,21998
2025-11-17T12:15:00+05:30,1005.0,1009.2,1004.0,1006.5,37124
2025-11-17T12:30:00+05:30,1007.0,1008.1,1005.0,1005.1,10502
2025-11-17T12:45:00+05:30,1005.6,1006.9,1003.1,1003.9,19196
2025-11-17T13:00:00+05:30,1004.0,1009.7,1003.9,1008.3,46696
2025-11-17T13:15:00+05:30,1008.5,1008.8,1006.5,1006.5,13787
2025-11-17T13:30:00+05:30,1006.5,1007.0,1004.3,1005.0,13072
2025-11-17T13:45:00+05:30,1004.6,1011.7,1004.6,1007.5,29910
2025-11-17T14:00:00+05:30,1007.5,1008.5,1006.0,1006.2,14339
2025-11-17T14:15:00+05:30,1006.6,1011.0,1005.0,1008.2,38637
2025-11-17T14:30:00+05:30,1008.9,1010.2,1007.1,1009.0,25692
2025-11-17T14:45:00+05:30,1009.6,1013.0,1004.0,1013.0,233670
2025-11-17T15:00:00+05:30,1012.9,1019.0,1004.5,1011.4,230276
2025-11-17T15:15:00+05:30,1011.4,1011.4,1005.4,1009.0,391911
2025-11-18T09:15:00+05:30,1009.0,1009.4,1000.1,1000.3,73481
2025-11-18T09:30:00+05:30,1000.9,1002.0,1000.1,1000.1,32639
2025-11-18T09:45:00+05:30,1000.1,1001.3,998.0,998.7,47737
2025-11-18T10:00:00+05:30,998.6,1001.0,998.5,1000.0,13867
2025-11-18T10:15:00+05:30,1000.0,1001.5,999.1,1000.2,13558
2025-11-18T10:30:00+05:30,1000.3,1001.4,999.0,999.9,13043
2025-11-18T10:45:00+05:30,1000.0,1001.1,999.1,999.6,11935
2025-11-18T11:00:00+05:30,1000.0,1001.4,999.5,1000.6,8293
2025-11-18T11:15:00+05:30,1000.9,1001.0,999.0,999.8,9836
2025-11-18T11:30:00+05:30,999.8,1001.7,999.0,1000.5,4799
2025-11-18T11:45:00+05:30,1000.5,1004.9,1000.0,1000.6,25060
2025-11-18T12:00:00+05:30,1000.6,1001.0,999.5,1000.0,6484
2025-11-18T12:15:00+05:30,1000.0,1002.5,999.6,1001.9,14680
2025-11-18T12:30:00+05:30,1001.9,1003.0,1000.1,1000.9,13278
2025-11-18T12:45:00+05:30,1000.2,1001.0,1000.0,1000.0,3354
2025-11-18T13:00:00+05:30,1000.6,1001.4,999.6,999.7,6507
2025-11-18T13:15:00+05:30,999.7,1000.7,999.5,999.9,2471
2025-11-18T13:30:00+05:30,999.9,1002.0,999.9,1000.3,6277
2025-11-18T13:45:00+05:30,1000.3,1001.5,999.9,999.9,12228
2025-11-18T14:00:00+05:30,999.9,1000.0,999.5,999.8,5840
2025-11-18T14:15:00+05:30,999.8,1000.9,999.5,999.5,15654
2025-11-18T14:30:00+05:30,999.8,1000.0,999.5,999.9,9197
2025-11-18T14:45:00+05:30,999.9,1000.6,999.4,999.9,25270
2025-11-18T15:00:00+05:30,999.9,1000.0,995.2,996.5,112717
2025-11-18T15:15:00+05:30,996.5,998.0,991.6,995.8,96789
2025-11-19T09:15:00+05:30,989.0,998.0,983.0,996.0,119490
2025-11-19T09:30:00+05:30,996.0,996.4,989.5,990.0,28983
2025-11-19T09:45:00+05:30,989.6,990.3,985.6,988.1,23072
2025-11-19T10:00:00+05:30,988.1,989.3,986.1,986.4,19654
2025-11-19T10:15:00+05:30,986.4,988.8,984.2,984.6,22604
2025-11-19T10:30:00+05:30,985.2,987.5,984.3,986.9,11258
2025-11-19T10:45:00+05:30,986.9,987.7,985.0,986.1,6884
2025-11-19T11:00:00+05:30,986.6,986.8,985.1,985.5,5787
2025-11-19T11:15:00+05:30,985.8,987.2,985.5,986.4,5197
2025-11-19T11:30:00+05:30,986.5,986.9,986.0,986.1,6412
2025-11-19T11:45:00+05:30,986.0,987.5,985.0,985.6,11087
2025-11-19T12:00:00+05:30,986.2,987.9,985.4,985.7,8677
2025-11-19T12:15:00+05:30,985.7,987.4,985.7,987.0,6453
2025-11-19T12:30:00+05:30,987.0,987.4,985.5,986.5,5840
2025-11-19T12:45:00+05:30,986.5,988.5,986.1,987.2,15403
2025-11-19T13:00:00+05:30,987.2,989.0,987.0,988.1,7424
2025-11-19T13:15:00+05:30,988.1,989.0,987.0,987.1,4189
2025-11-19T13:30:00+05:30,987.1,987.6,986.5,987.1,4583
2025-11-19T13:45:00+05:30,987.1,988.1,986.5,987.6,6968
2025-11-19T14:00:00+05:30,987.2,987.8,986.0,987.7,5510
2025-11-19T14:15:00+05:30,987.7,989.1,987.0,988.2,43707
2025-11-19T14:30:00+05:30,988.9,988.9,986.4,987.9,46829
2025-11-19T14:45:00+05:30,987.9,989.0,986.6,986.9,38880
2025-11-19T15:00:00+05:30,987.6,997.9,987.5,997.7,156786
2025-11-19T15:15:00+05:30,997.5,998.0,995.2,995.2,73954
2025-11-20T09:15:00+05:30,1000.0,1007.3,998.5,1002.7,56156
2025-11-20T09:30:00+05:30,1002.7,1002.8,998.0,998.9,25024
2025-11-20T09:45:00+05:30,998.5,1000.3,996.9,997.2,35277
2025-11-20T10:00:00+05:30,997.8,999.2,995.5,997.6,12284
2025-11-20T10:15:00+05:30,997.6,999.3,997.0,999.0,13808
2025-11-20T10:30:00+05:30,998.3,1004.0,998.3,999.6,13673
2025-11-20T10:45:00+05:30,999.6,1000.1,996.4,996.6,12105
2025-11-20T11:00:00+05:30,996.6,997.9,996.0,996.6,14122
2025-11-20T11:15:00+05:30,996.8,997.4,996.5,996.5,9883
2025-11-20T11:30:00+05:30,996.5,997.5,996.0,996.3,5795
2025-11-20T11:45:00+05:30,997.0,997.6,995.3,995.9,7087
2025-11-20T12:00:00+05:30,995.9,997.2,994.6,995.0,6680
2025-11-20T12:15:00+05:30,995.0,996.0,995.0,995.0,7174
2025-11-20T12:30:00+05:30,995.0,995.9,995.0,995.0,4687
2025-11-20T12:45:00+05:30,995.0,996.0,995.0,995.2,5491
2025-11-20T13:00:00+05:30,995.3,995.8,993.2,994.1,19701
2025-11-20T13:15:00+05:30,994.7,994.7,992.0,992.8,7353
2025-11-20T13:30:00+05:30,992.7,999.0,992.4,998.1,20716
2025-11-20T13:45:00+05:30,998.0,1000.2,997.0,997.5,23567
2025-11-20T14:00:00+05:30,997.5,998.9,997.0,998.1,8710
2025-11-20T14:15:00+05:30,998.1,1001.9,998.0,1000.1,26035
2025-11-20T14:30:00+05:30,1000.1,1003.0,1000.0,1001.8,25531
2025-11-20T14:45:00+05:30,1001.6,1001.8,998.0,1000.0,56079
2025-11-20T15:00:00+05:30,1000.5,1002.1,997.1,998.2,38604
2025-11-20T15:15:00+05:30,998.2,999.7,993.0,994.9,215893
2025-11-21T09:15:00+05:30,997.0,998.0,990.7,992.2,33670
2025-11-21T09:30:00+05:30,992.8,992.8,988.3,990.0,24365
2025-11-21T09:45:00+05:30,990.3,990.8,987.0,987.2,13679
2025-11-21T10:00:00+05:30,987.6,988.1,986.0,986.8,17223
2025-11-21T10:15:00+05:30,987.0,987.9,985.1,985.1,16825
2025-11-21T10:30:00+05:30,985.1,986.5,984.2,985.2,19424
2025-11-21T10:45:00+05:30,985.2,988.0,985.0,987.3,7252
2025-11-21T11:00:00+05:30,987.9,988.0,985.2,985.5,4924
2025-11-21T11:15:00+05:30,985.9,994.5,985.4,989.1,31931
2025-11-21T11:30:00+05:30,989.4,990.6,987.2,987.9,3269
2025-11-21T11:45:00+05:30,987.9,989.0,986.8,987.0,3656
2025-11-21T12:00:00+05:30,987.2,987.4,986.5,986.8,3814
2025-11-21T12:15:00+05:30,986.9,989.2,986.8,987.5,4146
2025-11-21T12:30:00+05:30,987.9,988.5,985.5,986.3,12491
2025-11-21T12:45:00+05:30,986.3,987.0,984.7,986.2,16126
2025-11-21T13:00:00+05:30,986.3,987.2,985.5,985.9,5204
2025-11-21T13:15:00+05:30,985.9,991.9,985.0,991.0,16057
2025-11-21T13:30:00+05:30,990.9,991.0,990.0,990.2,7582
2025-11-21T13:45:00+05:30,990.2,990.8,990.0,990.0,5116
2025-11-21T14:00:00+05:30,990.0,991.8,990.0,991.0,9447
2025-11-21T14:15:00+05:30,991.0,991.4,990.0,990.1,4795
2025-11-21T14:30:00+05:30,990.8,995.2,988.7,993.4,26935
2025-11-21T14:45:00+05:30,993.4,994.1,990.0,992.1,38826
2025-11-21T15:00:00+05:30,993.0,993.0,987.3,990.0,24843
2025-11-21T15:15:00+05:30,990.0,990.8,987.0,988.0,36627
2025-11-24T09:15:00+05:30,991.1,991.1,976.9,978.7,85815
2025-11-24T09:30:00+05:30,978.3,978.8,975.7,976.2,23387
2025-11-24T09:45:00+05:30,976.2,977.0,974.0,974.0,22792
2025-11-24T10:00:00+05:30,974.5,982.2,974.0,979.8,27860
2025-11-24T10:15:00+05:30,979.5,979.5,975.1,975.1,8577
2025-11-24T10:30:00+05:30,975.5,977.0,975.0,976.2,8309
2025-11-24T10:45:00+05:30,976.9,978.4,976.1,977.4,10512
2025-11-24T11:00:00+05:30,977.4,977.4,975.5,976.0,5979
2025-11-24T11:15:00+05:30,976.7,976.9,975.2,975.7,3852
2025-11-24T11:30:00+05:30,975.9,978.5,975.7,976.5,4840
2025-11-24T11:45:00+05:30,976.5,977.0,975.7,976.0,10109
2025-11-24T12:00:00+05:30,975.7,976.5,973.0,974.5,18675
2025-11-24T12:15:00+05:30,974.5,975.6,974.0,974.0,6477
2025-11-24T12:30:00+05:30,974.5,979.8,973.6,978.1,15328
2025-11-24T12:45:00+05:30,978.1,981.0,978.1,979.7,14894
2025-11-24T13:00:00+05:30,979.7,981.7,978.4,981.2,7911
2025-11-24T13:15:00+05:30,981.4,984.4,981.2,982.8,12277
2025-11-24T13:30:00+05:30,982.8,985.0,982.6,985.0,9663
2025-11-24T13:45:00+05:30,984.3,986.9,984.3,985.3,16056
2025-11-24T14:00:00+05:30,985.2,985.3,983.8,984.9,6952
2025-11-24T14:15:00+05:30,984.9,990.0,984.0,987.4,20774
2025-11-24T14:30:00+05:30,988.3,988.9,985.7,988.0,9406
2025-11-24T14:45:00+05:30,988.0,990.7,986.9,989.0,23667
2025-11-24T15:00:00+05:30,989.0,994.9,988.3,989.7,55758
2025-11-24T15:15:00+05:30,990.0,990.0,980.0,983.0,48228
2025-11-25T09:15:00+05:30,992.0,992.0,982.0,982.8,32998
2025-11-25T09:30:00+05:30,982.3,983.6,979.0,980.7,19111
2025-11-25T09:45:00+05:30,980.7,983.1,979.7,981.2,11792
2025-11-25T10:00:00+05:30,981.2,982.2,979.0,981.7,15957
2025-11-25T10:15:00+05:30,981.0,982.7,980.3,980.7,6475
2025-11-25T10:30:00+05:30,980.7,985.6,980.2,983.8,55645
2025-11-25T10:45:00+05:30,983.8,988.0,983.5,986.3,16389
2025-11-25T11:00:00+05:30,986.5,986.6,984.0,984.0,2851
2025-11-25T11:15:00+05:30,984.0,986.6,984.0,985.2,6283
2025-11-25T11:30:00+05:30,985.1,985.8,984.1,984.9,6075
2025-11-25T11:45:00+05:30,984.9,985.0,982.1,982.5,6075
2025-11-25T12:00:00+05:30,983.2,984.8,982.4,983.0,2485
2025-11-25T12:15:00+05:30,983.0,983.7,980.0,981.0,10121
2025-11-25T12:30:00+05:30,980.6,982.2,980.0,980.6,19679
2025-11-25T12:45:00+05:30,980.2,981.5,979.5,980.5,15580
2025-11-25T13:00:00+05:30,980.5,980.9,978.6,978.9,12521
2025-11-25T13:15:00+05:30,978.9,979.4,978.5,978.5,5762
2025-11-25T13:30:00+05:30,978.5,985.0,978.5,984.1,51407
2025-11-25T13:45:00+05:30,984.1,984.8,980.0,980.0,13064
2025-11-25T14:00:00+05:30,980.0,981.9,980.0,980.8,7986
2025-11-25T14:15:00+05:30,980.9,981.9,976.5,976.5,27044
2025-11-25T14:30:00+05:30,976.5,977.9,970.8,971.0,74083
2025-11-25T14:45:00+05:30,970.9,972.9,969.0,969.5,57614
2025-11-25T15:00:00+05:30,969.5,974.0,963.9,965.0,184091
2025-11-25T15:15:00+05:30,965.0,965.0,959.9,961.7,84687
2025-11-26T09:15:00+05:30,970.2,983.9,970.1,980.8,149045
2025-11-26T09:30:00+05:30,980.7,987.0,977.4,978.7,93709
2025-11-26T09:45:00+05:30,978.7,985.7,978.5,979.8,27959
2025-11-26T10:00:00+05:30,980.0,980.2,978.4,978.7,9878
2025-11-26T10:15:00+05:30,978.7,980.0,977.1,977.9,7464
2025-11-26T10:30:00+05:30,977.9,979.5,977.1,978.2,7849
2025-11-26T10:45:00+05:30,978.7,983.6,977.5,981.7,18225
2025-11-26T11:00:00+05:30,982.4,982.5,980.1,981.0,7269
2025-11-26T11:15:00+05:30,981.0,981.4,980.0,980.4,5822
2025-11-26T11:30:00+05:30,980.4,980.7,977.0,977.7,32147
2025-11-26T11:45:00+05:30,977.8,978.8,977.0,977.1,3857
2025-11-26T12:00:00+05:30,977.6,978.7,977.0,978.0,3950
2025-11-26T12:15:00+05:30,978.0,981.9,977.6,979.7,28700
2025-11-26T12:30:00+05:30,979.7,980.0,979.5,979.5,4178
2025-11-26T12:45:00+05:30,979.5,979.9,978.8,978.8,20267
2025-11-26T13:00:00+05:30,978.8,979.7,978.5,978.6,4079
2025-11-26T13:15:00+05:30,978.6,980.2,978.5,979.1,7844
2025-11-26T13:30:00+05:30,978.8,979.5,978.5,979.4,3849
2025-11-26T13:45:00+05:30,979.0,980.0,978.6,979.0,3519
2025-11-26T14:00:00+05:30,979.0,979.5,978.5,979.5,3036
2025-11-26T14:15:00+05:30,979.5,980.0,978.5,978.5,2727
2025-11-26T14:30:00+05:30,978.5,979.0,978.5,978.5,8678
2025-11-26T14:45:00+05:30,978.5,984.0,978.5,982.2,134079
2025-11-26T15:00:00+05:30,982.4,985.0,979.8,980.1,56192
2025-11-26T15:15:00+05:30,980.2,981.4,978.1,979.1,49835
2025-11-27T09:15:00+05:30,985.0,1002.8,984.0,991.3,189305
2025-11-27T09:30:00+05:30,991.2,991.8,986.2,987.0,39220
2025-11-27T09:45:00+05:30,987.9,988.3,985.6,986.2,12380
2025-11-27T10:00:00+05:30,986.3,987.7,980.0,982.0,35984
2025-11-27T10:15:00+05:30,982.0,987.0,982.0,984.2,18483
2025-11-27T10:30:00+05:30,984.5,985.5,984.0,984.8,3157
2025-11-27T10:45:00+05:30,984.9,986.4,984.8,985.0,7479
2025-11-27T11:00:00+05:30,984.8,985.7,983.3,983.5,10212
2025-11-27T11:15:00+05:30,983.6,984.0,981.5,981.8,16908
2025-11-27T11:30:00+05:30,981.7,985.9,981.0,985.8,13054
2025-11-27T11:45:00+05:30,985.8,985.8,983.5,983.7,7102
2025-11-27T12:00:00+05:30,983.8,984.4,983.7,983.8,4836
2025-11-27T12:15:00+05:30,983.8,984.5,983.6,983.7,5210
2025-11-27T12:30:00+05:30,983.7,986.0,983.7,984.9,4558
2025-11-27T12:45:00+05:30,985.0,985.7,984.6,984.8,1140
2025-11-27T13:00:00+05:30,984.9,986.0,984.5,985.3,7674
2025-11-27T13:15:00+05:30,985.0,985.2,984.2,984.2,17478
2025-11-27T13:30:00+05:30,984.2,985.3,984.1,984.5,4927
2025-11-27T13:45:00+05:30,984.2,985.2,984.0,985.1,2771
2025-11-27T14:00:00+05:30,985.1,986.6,984.8,985.5,6200
2025-11-27T14:15:00+05:30,985.5,985.8,984.9,984.9,8260
2025-11-27T14:30:00+05:30,984.9,988.6,984.8,987.9,17587
2025-11-27T14:45:00+05:30,987.9,990.2,987.3,989.9,63064
2025-11-27T15:00:00+05:30,989.9,992.5,986.5,987.6,119433
2025-11-27T15:15:00+05:30,987.6,990.0,986.6,987.5,46706
2025-11-28T09:15:00+05:30,987.0,989.0,977.1,981.8,72594
2025-11-28T09:30:00+05:30,981.9,984.8,980.5,981.2,12560
2025-11-28T09:45:00+05:30,981.7,982.9,980.5,981.3,9361
2025-11-28T10:00:00+05:30,981.2,982.1,980.4,980.6,3946
2025-11-28T10:15:00+05:30,980.7,981.1,978.1,978.1,12107
2025-11-28T10:30:00+05:30,978.2,979.0,977.2,978.1,9062
2025-11-28T10:45:00+05:30,978.1,978.9,975.6,977.6,10564
2025-11-28T11:00:00+05:30,977.6,978.2,977.0,977.9,5332
2025-11-28T11:15:00+05:30,977.9,978.2,976.6,977.1,6589
2025-11-28T11:30:00+05:30,977.2,979.3,976.7,978.0,9970
2025-11-28T11:45:00+05:30,977.7,979.5,977.5,979.0,4327
2025-11-28T12:00:00+05:30,979.0,979.1,977.1,978.5,6595
2025-11-28T12:15:00+05:30,978.5,978.7,977.4,978.6,2004
2025-11-28T12:30:00+05:30,978.1,978.6,977.8,977.9,4758
2025-11-28T12:45:00+05:30,978.0,978.8,977.9,978.1,2501
2025-11-28T13:00:00+05:30,978.1,978.9,978.0,978.2,2299
2025-11-28T13:15:00+05:30,978.2,979.1,978.2,978.4,1838
2025-11-28T13:30:00+05:30,978.8,979.5,978.2,978.6,2327
2025-11-28T13:45:00+05:30,978.6,979.1,977.0,978.0,4936
2025-11-28T14:00:00+05:30,978.0,978.9,977.5,978.3,3053
2025-11-28T14:15:00+05:30,978.3,978.3,976.7,978.0,4036
2025-11-28T14:30:00+05:30,977.5,984.1,977.2,983.3,22165
2025-11-28T14:45:00+05:30,983.0,984.9,979.3,980.1,267170
2025-11-28T15:00:00+05:30,980.1,980.2,975.2,975.7,252500
2025-11-28T15:15:00+05:30,975.3,976.7,971.2,974.5,96547
2025-12-01T09:15:00+05:30,970.1,975.7,965.0,971.95,71559
2025-12-01T09:30:00+05:30,971.85,973.1,965.7,966.5,34190
2025-12-01T09:45:00+05:30,967.0,975.7,967.0,970.2,30938
2025-12-01T10:00:00+05:30,969.75,972.15,969.65,970.95,6031
2025-12-01T10:15:00+05:30,970.85,971.55,969.7,970.85,4011
2025-12-01T10:30:00+05:30,971.0,973.9,970.2,973.45,14371
2025-12-01T10:45:00+05:30,973.0,974.5,970.0,970.85,13226
2025-12-01T11:00:00+05:30,970.8,971.7,970.35,971.5,2605
2025-12-01T11:15:00+05:30,971.5,972.5,971.0,972.0,2223
2025-12-01T11:30:00+05:30,971.7,972.0,970.2,970.3,3175
2025-12-01T11:45:00+05:30,970.2,970.65,969.65,969.95,7261
2025-12-01T12:00:00+05:30,969.95,970.0,967.0,968.15,5959
2025-12-01T12:15:00+05:30,968.15,969.7,968.05,968.9,3987
2025-12-01T12:30:00+05:30,968.95,969.15,967.1,967.9,5387
2025-12-01T12:45:00+05:30,967.85,968.55,966.6,966.9,9972
2025-12-01T13:00:00+05:30,966.9,967.55,966.5,966.5,4122
2025-12-01T13:15:00+05:30,966.5,968.4,966.0,967.45,6411
2025-12-01T13:30:00+05:30,967.4,968.0,967.15,967.45,2295
2025-12-01T13:45:00+05:30,967.5,968.85,967.15,967.7,3602
2025-12-01T14:00:00+05:30,967.3,969.85,967.25,968.85,4635
2025-12-01T14:15:00+05:30,968.8,968.8,967.1,967.75,5285
2025-12-01T14:30:00+05:30,967.2,967.75,966.3,967.15,7160
2025-12-01T14:45:00+05:30,966.75,975.0,965.7,975.0,45166
2025-12-01T15:00:00+05:30,975.0,976.8,968.2,969.15,45332
2025-12-01T15:15:00+05:30,969.15,975.0,967.6,970.2,52584
2025-12-02T09:15:00+05:30,970.8,975.7,968.1,972.5,54517
2025-12-02T09:30:00+05:30,972.55,973.0,966.2,967.0,28390
2025-12-02T09:45:00+05:30,968.0,970.25,967.0,968.0,9624
2025-12-02T10:00:00+05:30,967.6,969.05,967.0,968.35,7398
2025-12-02T10:15:00+05:30,968.35,968.6,967.0,968.0,4997
2025-12-02T10:30:00+05:30,968.0,972.8,967.05,968.9,17301
2025-12-02T10:45:00+05:30,969.6,973.8,968.85,972.65,7364
2025-12-02T11:00:00+05:30,972.65,972.65,970.6,971.45,4003
2025-12-02T11:15:00+05:30,971.45,971.5,969.0,969.5,9620
2025-12-02T11:30:00+05:30,969.5,969.5,967.8,968.95,3103
2025-12-02T11:45:00+05:30,968.55,969.25,967.4,968.25,2833
2025-12-02T12:00:00+05:30,968.4,968.95,967.25,968.5,2813
2025-12-02T12:15:00+05:30,968.5,968.8,966.1,968.15,8958
2025-12-02T12:30:00+05:30,968.25,968.8,967.0,967.45,2171
2025-12-02T12:45:00+05:30,967.85,968.45,967.0,967.0,1218
2025-12-02T13:00:00+05:30,967.45,969.2,966.75,968.65,174107
2025-12-02T13:15:00+05:30,968.65,969.15,967.0,968.25,74185
2025-12-02T13:30:00+05:30,968.25,968.55,967.1,967.85,3593
2025-12-02T13:45:00+05:30,967.5,968.05,963.5,964.7,34891
2025-12-02T14:00:00+05:30,964.7,965.8,963.85,963.85,8607
2025-12-02T14:15:00+05:30,963.9,966.7,963.5,966.0,5002
2025-12-02T14:30:00+05:30,966.0,968.6,964.0,965.15,9334
2025-12-02T14:45:00+05:30,965.65,968.5,965.25,967.95,13296
2025-12-02T15:00:00+05:30,967.85,970.15,966.0,968.5,21198
2025-12-02T15:15:00+05:30,968.4,968.45,962.5,963.0,40062
2025-12-03T09:15:00+05:30,964.0,982.9,960.1,969.1,102393
2025-12-03T09:30:00+05:30,969.0,976.85,968.25,969.2,29819
2025-12-03T09:45:00+05:30,969.2,973.0,966.65,970.05,27611
2025-12-03T10:00:00+05:30,970.0,970.2,966.25,966.65,14519
2025-12-03T10:15:00+05:30,966.65,966.9,964.2,965.0,14453
2025-12-03T10:30:00+05:30,965.0,966.75,963.1,963.1,9493
2025-12-03T10:45:00+05:30,963.1,965.0,962.1,962.6,9909
2025-12-03T11:00:00+05:30,962.6,964.0,960.0,960.15,25003
2025-12-03T11:15:00+05:30,960.15,962.5,958.05,959.0,18971
2025-12-03T11:30:00+05:30,958.8,961.95,958.75,960.8,8042
2025-12-03T11:45:00+05:30,960.8,961.4,958.15,959.6,13114
2025-12-03T12:00:00+05:30,959.15,967.7,959.15,967.7,11857
2025-12-03T12:15:00+05:30,967.7,970.0,963.7,965.0,31398
2025-12-03T12:30:00+05:30,964.5,965.05,963.1,964.55,3444
2025-12-03T12:45:00+05:30,964.0,965.0,963.3,963.65,3230
2025-12-03T13:00:00+05:30,963.65,965.0,963.4,964.3,3655
2025-12-03T13:15:00+05:30,964.3,965.0,963.4,963.65,3986
2025-12-03T13:30:00+05:30,963.65,964.45,963.05,963.8,5985
2025-12-03T13:45:00+05:30,963.8,966.55,963.5,965.85,68785
2025-12-03T14:00:00+05:30,966.0,968.5,965.0,967.25,17823
2025-12-03T14:15:00+05:30,967.25,969.8,966.75,968.6,10796
2025-12-03T14:30:00+05:30,968.15,968.6,967.0,968.55,8715
2025-12-03T14:45:00+05:30,968.55,971.55,967.05,970.45,18755
2025-12-03T15:00:00+05:30,970.05,971.75,970.0,970.75,27648
2025-12-03T15:15:00+05:30,970.75,974.0,970.0,970.5,54746
2025-12-04T09:15:00+05:30,971.1,971.1,962.1,963.25,30489
2025-12-04T09:30:00+05:30,963.85,966.2,960.5,963.5,289060
2025-12-04T09:45:00+05:30,963.7,968.1,960.8,962.0,46978
2025-12-04T10:00:00+05:30,962.05,963.0,960.9,961.0,10184
2025-12-04T10:15:00+05:30,961.0,963.0,959.0,961.55,23715
2025-12-04T10:30:00+05:30,961.6,963.2,961.0,961.1,19053
2025-12-04T10:45:00+05:30,961.6,964.8,960.4,961.05,21355
2025-12-04T11:00:00+05:30,961.6,962.3,961.0,961.0,4589
2025-12-04T11:15:00+05:30,961.1,961.5,961.0,961.0,3659
2025-12-04T11:30:00+05:30,961.1,961.25,960.1,960.1,6630
2025-12-04T11:45:00+05:30,960.5,960.5,959.5,959.85,9481
2025-12-04T12:00:00+05:30,960.5,962.0,959.1,960.4,7872
2025-12-04T12:15:00+05:30,960.9,960.9,959.4,959.6,4136
2025-12-04T12:30:00+05:30,960.1,960.6,959.5,959.6,5704
2025-12-04T12:45:00+05:30,959.8,959.8,958.0,958.0,10740
2025-12-04T13:00:00+05:30,958.25,959.65,957.7,958.1,6003
2025-12-04T13:15:00+05:30,958.8,959.7,958.0,958.4,4291
2025-12-04T13:30:00+05:30,959.2,959.8,955.6,956.6,9988
2025-12-04T13:45:00+05:30,956.6,957.65,951.0,951.0,24849
2025-12-04T14:00:00+05:30,951.1,951.1,942.4,947.0,65414
2025-12-04T14:15:00+05:30,947.55,949.95,946.0,946.5,28041
2025-12-04T14:30:00+05:30,946.85,949.0,943.2,945.15,19694
2025-12-04T14:45:00+05:30,945.6,947.3,944.95,945.55,14081
2025-12-04T15:00:00+05:30,946.35,948.0,943.4,944.0,34372
2025-12-04T15:15:00+05:30,944.0,944.0,935.0,937.8,70342
2025-12-05T09:15:00+05:30,941.95,943.0,930.25,931.95,45600
2025-12-05T09:30:00+05:30,931.8,931.8,923.15,924.55,53975
2025-12-05T09:45:00+05:30,924.0,927.2,916.45,917.7,55775
2025-12-05T10:00:00+05:30,917.7,922.1,916.5,917.85,51612
2025-12-05T10:15:00+05:30,917.65,919.95,911.55,912.4,60039
2025-12-05T10:30:00+05:30,912.0,915.0,910.8,913.85,42493
2025-12-05T10:45:00+05:30,913.85,914.0,911.9,913.85,15509
2025-12-05T11:00:00+05:30,913.8,915.4,911.2,913.4,25647
2025-12-05T11:15:00+05:30,913.35,913.4,911.5,912.85,11636
2025-12-05T11:30:00+05:30,912.85,912.85,906.2,908.0,47020
2025-12-05T11:45:00+05:30,908.0,908.2,905.7,906.0,28977
2025-12-05T12:00:00+05:30,905.95,907.0,905.7,906.45,35036
2025-12-05T12:15:00+05:30,906.45,908.0,904.0,904.15,32471
2025-12-05T12:30:00+05:30,904.8,905.4,900.5,900.5,44113
2025-12-05T12:45:00+05:30,900.5,902.35,897.1,898.5,67976
2025-12-05T13:00:00+05:30,898.45,898.85,894.0,896.6,37388
2025-12-05T13:15:00+05:30,896.6,896.8,895.1,896.5,23719
2025-12-05T13:30:00+05:30,896.7,898.05,895.1,897.95,31340
2025-12-05T13:45:00+05:30,897.95,898.0,891.6,895.8,89347
2025-12-05T14:00:00+05:30,895.8,896.3,893.75,895.6,29025
2025-12-05T14:15:00+05:30,895.6,898.5,895.0,895.1,40872
2025-12-05T14:30:00+05:30,895.1,895.9,892.75,893.0,16969
2025-12-05T14:45:00+05:30,893.45,907.95,892.9,905.65,160760
2025-12-05T15:00:00+05:30,904.8,907.0,898.0,898.0,80451
2025-12-05T15:15:00+05:30,898.6,900.25,895.0,898.9,91693
2025-12-08T09:15:00+05:30,901.5,903.7,887.0,888.0,99615
2025-12-08T09:30:00+05:30,888.0,893.9,885.2,891.55,52382
2025-12-08T09:45:00+05:30,891.55,899.7,886.5,891.7,66738
2025-12-08T10:00:00+05:30,891.6,891.6,888.05,888.55,9616
2025-12-08T10:15:00+05:30,889.25,891.25,888.05,890.55,12881
2025-12-08T10:30:00+05:30,890.25,894.35,889.2,891.05,109058
2025-12-08T10:45:00+05:30,891.6,891.65,887.15,887.65,13202
2025-12-08T11:00:00+05:30,887.15,887.9,883.0,883.05,24215
2025-12-08T11:15:00+05:30,883.1,885.15,882.55,884.25,14137
2025-12-08T11:30:00+05:30,884.25,884.7,882.1,882.25,8492
2025-12-08T11:45:00+05:30,882.85,883.45,875.95,876.85,42777
2025-12-08T12:00:00+05:30,876.85,880.3,874.5,878.5,57424
2025-12-08T12:15:00+05:30,878.85,880.15,875.15,876.35,27268
2025-12-08T12:30:00+05:30,876.3,877.45,874.35,876.35,18854
2025-12-08T12:45:00+05:30,876.2,877.3,875.05,876.1,7763
2025-12-08T13:00:00+05:30,876.55,877.45,875.85,877.1,3340
2025-12-08T13:15:00+05:30,877.3,877.95,871.7,873.45,22634
2025-12-08T13:30:00+05:30,873.45,873.9,869.4,871.15,30632
2025-12-08T13:45:00+05:30,871.1,871.75,866.05,869.7,36952
2025-12-08T14:00:00+05:30,869.65,869.9,867.7,867.85,10670
2025-12-08T14:15:00+05:30,867.65,867.65,863.05,864.55,32475
2025-12-08T14:30:00+05:30,864.5,864.55,860.05,862.35,22881
2025-12-08T14:45:00+05:30,862.35,870.05,861.9,867.7,68032
2025-12-08T15:00:00+05:30,867.65,870.55,867.5,869.9,40074
2025-12-08T15:15:00+05:30,869.9,874.0,863.4,865.0,439408
2025-12-09T09:15:00+05:30,863.95,876.55,857.85,859.0,129133
2025-12-09T09:30:00+05:30,859.05,860.45,852.05,852.7,75784
2025-12-09T09:45:00+05:30,852.65,854.95,850.4,851.4,38145
2025-12-09T10:00:00+05:30,851.4,855.2,850.1,853.5,62481
2025-12-09T10:15:00+05:30,853.5,861.95,853.5,856.95,125309
2025-12-09T10:30:00+05:30,857.0,857.35,849.4,851.95,77036
2025-12-09T10:45:00+05:30,851.85,854.75,850.5,854.25,21250
2025-12-09T11:00:00+05:30,853.8,855.5,852.4,854.55,22319
2025-12-09T11:15:00+05:30,854.3,855.35,852.6,855.0,23226
2025-12-09T11:30:00+05:30,855.0,865.4,853.1,859.85,102825
2025-12-09T11:45:00+05:30,859.65,864.25,857.4,860.8,40122
2025-12-09T12:00:00+05:30,860.8,861.8,858.5,858.5,21816
2025-12-09T12:15:00+05:30,858.5,868.0,858.2,863.6,69315
2025-12-09T12:30:00+05:30,863.05,865.8,859.05,859.25,43373
2025-12-09T12:45:00+05:30,859.3,860.0,854.65,857.2,25454
2025-12-09T13:00:00+05:30,857.2,859.45,856.0,856.75,16584
2025-12-09T13:15:00+05:30,856.65,857.45,856.0,856.8,17969
2025-12-09T13:30:00+05:30,856.55,857.35,854.0,854.25,34571
2025-12-09T13:45:00+05:30,854.25,855.0,853.9,854.2,20490
2025-12-09T14:00:00+05:30,854.5,857.1,852.4,853.8,210795
2025-12-09T14:15:00+05:30,853.8,855.0,851.0,854.35,42788
2025-12-09T14:30:00+05:30,854.15,856.0,852.0,853.95,38308
2025-12-09T14:45:00+05:30,854.2,862.75,853.0,862.6,105503
2025-12-09T15:00:00+05:30,862.55,880.95,862.0,868.0,281687
2025-12-09T15:15:00+05:30,868.0,871.0,863.8,865.95,122946
2025-12-10T09:15:00+05:30,873.0,873.0,858.55,870.75,133790
2025-12-10T09:30:00+05:30,870.75,873.85,869.25,872.0,30954
2025-12-10T09:45:00+05:30,872.0,876.05,870.0,871.5,43654
2025-12-10T10:00:00+05:30,871.15,872.8,868.15,869.7,24477
2025-12-10T10:15:00+05:30,869.75,870.05,864.4,864.5,24000
2025-12-10T10:30:00+05:30,864.5,865.75,861.8,864.05,21948
2025-12-10T10:45:00+05:30,864.05,864.15,860.45,860.8,13170
2025-12-10T11:00:00+05:30,860.45,860.55,858.1,858.1,14673
2025-12-10T11:15:00+05:30,858.4,859.8,858.15,859.0,7851
2025-12-10T11:30:00+05:30,859.0,859.45,857.3,857.9,12296
2025-12-10T11:45:00+05:30,858.0,858.55,856.35,858.25,8819
2025-12-10T12:00:00+05:30,857.6,859.0,857.3,859.0,3695
2025-12-10T12:15:00+05:30,858.65,859.0,857.25,857.75,7235
2025-12-10T12:30:00+05:30,857.75,858.0,855.55,855.55,12065
2025-12-10T12:45:00+05:30,855.8,856.95,854.0,855.95,20904
2025-12-10T13:00:00+05:30,855.25,857.9,855.15,857.1,5912
2025-12-10T13:15:00+05:30,856.85,857.85,856.25,857.55,3907
2025-12-10T13:30:00+05:30,857.3,857.7,856.3,857.35,5241
2025-12-10T13:45:00+05:30,856.95,859.0,856.2,857.2,14160
2025-12-10T14:00:00+05:30,857.0,857.8,856.2,856.25,2868
2025-12-10T14:15:00+05:30,856.2,856.8,854.7,855.3,12189
2025-12-10T14:30:00+05:30,855.3,863.1,855.25,857.5,15520
2025-12-10T14:45:00+05:30,857.5,866.8,857.0,863.35,115779
2025-12-10T15:00:00+05:30,863.75,867.6,861.4,864.4,109659
2025-12-10T15:15:00+05:30,864.45,865.05,860.0,864.4,103702
2025-12-11T09:15:00+05:30,865.0,867.0,844.0,849.4,169337
2025-12-11T09:30:00+05:30,849.85,851.0,843.6,844.9,56213
2025-12-11T09:45:00+05:30,844.65,849.35,844.0,845.55,33077
2025-12-11T10:00:00+05:30,845.55,850.0,845.1,847.35,23234
2025-12-11T10:15:00+05:30,847.6,849.2,846.3,846.6,22921
2025-12-11T10:30:00+05:30,846.75,848.8,846.35,846.75,19841
2025-12-11T10:45:00+05:30,846.9,847.85,841.85,842.0,64019
2025-12-11T11:00:00+05:30,842.35,842.75,838.0,840.95,79421
2025-12-11T11:15:00+05:30,840.5,841.9,839.5,840.55,36307
2025-12-11T11:30:00+05:30,840.0,840.45,835.0,835.95,50553
2025-12-11T11:45:00+05:30,835.95,836.95,834.1,836.0,65910
2025-12-11T12:00:00+05:30,836.1,839.75,835.05,838.7,54553
2025-12-11T12:15:00+05:30,838.85,858.0,838.45,853.0,240993
2025-12-11T12:30:00+05:30,852.85,856.5,849.35,855.15,140083
2025-12-11T12:45:00+05:30,854.95,855.9,853.15,854.85,65570
2025-12-11T13:00:00+05:30,854.95,870.55,854.95,856.7,180963
2025-12-11T13:15:00+05:30,856.65,870.8,856.5,870.05,124208
2025-12-11T13:30:00+05:30,870.2,873.55,864.5,864.95,154112
2025-12-11T13:45:00+05:30,864.6,869.5,864.5,864.6,64512
2025-12-11T14:00:00+05:30,864.8,866.5,863.55,864.8,45278
2025-12-11T14:15:00+05:30,864.8,883.55,864.8,880.25,343916
2025-12-11T14:30:00+05:30,880.25,888.5,877.9,885.05,371107
2025-12-11T14:45:00+05:30,885.05,910.0,885.05,908.0,454276
2025-12-11T15:00:00+05:30,908.6,917.0,896.3,905.95,626046
2025-12-11T15:15:00+05:30,905.95,915.0,898.0,914.45,356158
2025-12-12T09:15:00+05:30,905.0,914.8,897.4,913.7,192001
2025-12-12T09:30:00+05:30,913.1,921.0,905.85,911.9,177040
2025-12-12T09:45:00+05:30,912.0,925.0,910.2,919.95,128131
2025-12-12T10:00:00+05:30,919.9,923.9,916.6,918.8,52715
2025-12-12T10:15:00+05:30,918.35,926.2,916.9,918.6,89860
2025-12-12T10:30:00+05:30,918.85,920.5,916.2,918.45,24777
2025-12-12T10:45:00+05:30,918.0,918.0,913.0,913.9,28535
2025-12-12T11:00:00+05:30,913.25,917.25,913.1,915.9,15291
2025-12-12T11:15:00+05:30,916.5,919.55,915.1,916.85,13690
2025-12-12T11:30:00+05:30,916.75,916.75,914.0,915.1,9518
2025-12-12T11:45:00+05:30,914.9,924.55,912.95,919.9,69516
2025-12-12T12:00:00+05:30,919.9,919.95,914.2,914.7,9888
2025-12-12T12:15:00+05:30,914.7,917.7,913.15,916.65,12248
2025-12-12T12:30:00+05:30,916.45,916.65,914.15,915.0,7788
2025-12-12T12:45:00+05:30,914.95,915.0,908.1,911.15,42255
2025-12-12T13:00:00+05:30,911.15,914.0,909.55,914.0,27149
2025-12-12T13:15:00+05:30,913.8,914.0,911.5,913.35,18413
2025-12-12T13:30:00+05:30,912.85,914.0,910.0,913.95,11850
2025-12-12T13:45:00+05:30,913.95,915.0,912.25,912.8,32404
2025-12-12T14:00:00+05:30,912.55,914.7,912.5,913.2,11418
2025-12-12T14:15:00+05:30,913.7,913.85,910.0,910.25,28523
2025-12-12T14:30:00+05:30,910.75,922.0,909.0,918.95,73583
2025-12-12T14:45:00+05:30,918.85,928.9,917.0,927.4,117236
2025-12-12T15:00:00+05:30,927.35,929.8,914.0,915.5,125543
2025-12-12T15:15:00+05:30,915.5,916.95,910.1,912.0,69104
2025-12-15T09:15:00+05:30,910.0,913.0,898.55,904.6,86265
2025-12-15T09:30:00+05:30,904.6,907.7,901.1,901.2,42232
2025-12-15T09:45:00+05:30,901.8,919.2,900.5,916.95,96399
2025-12-15T10:00:00+05:30,916.75,916.75,910.8,912.4,21461
2025-12-15T10:15:00+05:30,912.4,916.4,911.9,915.0,14201
2025-12-15T10:30:00+05:30,915.0,916.0,912.15,913.3,109241
2025-12-15T10:45:00+05:30,913.3,914.55,911.7,912.25,6769
2025-12-15T11:00:00+05:30,912.75,914.25,911.0,913.8,10326
2025-12-15T11:15:00+05:30,913.8,915.5,912.25,914.35,6616
2025-12-15T11:30:00+05:30,914.35,920.4,914.1,916.0,21740
2025-12-15T11:45:00+05:30,915.6,918.2,912.5,914.0,15934
2025-12-15T12:00:00+05:30,914.3,915.0,911.25,912.9,6846
2025-12-15T12:15:00+05:30,912.8,914.0,912.2,913.4,12921
2025-12-15T12:30:00+05:30,913.0,913.4,910.7,911.6,7980
2025-12-15T12:45:00+05:30,911.4,912.3,910.25,911.75,4966
2025-12-15T13:00:00+05:30,912.15,912.85,908.05,908.9,9446
2025-12-15T13:15:00+05:30,908.9,911.1,908.45,909.6,6361
2025-12-15T13:30:00+05:30,909.85,911.35,909.5,910.15,5487
2025-12-15T13:45:00+05:30,910.15,911.5,909.5,909.6,5683
2025-12-15T14:00:00+05:30,909.85,911.5,909.65,910.3,5373
2025-12-15T14:15:00+05:30,910.8,911.1,909.7,909.95,8968
2025-12-15T14:30:00+05:30,910.0,929.9,909.85,928.75,142064
2025-12-15T14:45:00+05:30,929.35,935.0,926.9,933.4,202819
2025-12-15T15:00:00+05:30,933.9,940.9,932.0,932.2,256929
2025-12-15T15:15:00+05:30,932.4,935.0,930.0,930.2,147970
2025-12-16T09:15:00+05:30,930.2,933.8,923.1,925.0,48592
2025-12-16T09:30:00+05:30,924.45,927.15,922.4,926.25,16247
2025-12-16T09:45:00+05:30,925.85,930.3,922.5,923.0,27310
2025-12-16T10:00:00+05:30,922.65,924.25,921.0,923.45,8536
2025-12-16T10:15:00+05:30,923.45,924.4,922.5,922.6,12812
2025-12-16T10:30:00+05:30,922.6,924.45,922.15,924.4,6911
2025-12-16T10:45:00+05:30,924.45,924.45,923.5,924.4,2717
2025-12-16T11:00:00+05:30,923.9,924.4,923.0,923.0,7231
2025-12-16T11:15:00+05:30,923.15,923.75,922.45,923.7,1937
2025-12-16T11:30:00+05:30,923.8,924.0,922.85,922.85,3020
2025-12-16T11:45:00+05:30,922.85,924.0,922.85,923.4,1712
2025-12-16T12:00:00+05:30,922.85,924.0,922.85,923.45,1718
2025-12-16T12:15:00+05:30,923.0,923.75,922.5,922.7,2970
2025-12-16T12:30:00+05:30,922.7,923.55,922.15,922.5,3126
2025-12-16T12:45:00+05:30,922.5,923.5,922.5,922.55,3034
2025-12-16T13:00:00+05:30,922.55,922.95,918.3,920.4,24052
2025-12-16T13:15:00+05:30,920.4,922.7,920.4,921.85,3935
2025-12-16T13:30:00+05:30,921.5,922.25,921.05,922.0,1955
2025-12-16T13:45:00+05:30,921.55,922.95,921.1,921.1,7802
2025-12-16T14:00:00+05:30,921.35,922.0,921.1,921.8,5618
2025-12-16T14:15:00+05:30,921.55,922.0,921.1,921.5,6419
2025-12-16T14:30:00+05:30,921.6,923.9,921.1,921.6,26306
2025-12-16T14:45:00+05:30,921.95,926.85,918.55,919.55,98528
2025-12-16T15:00:00+05:30,919.4,919.9,909.7,909.75,62525
2025-12-16T15:15:00+05:30,909.5,910.0,905.25,906.0,76713
2025-12-17T09:15:00+05:30,909.85,909.85,898.5,903.0,70167
2025-12-17T09:30:00+05:30,903.1,919.4,901.55,916.2,210836
2025-12-17T09:45:00+05:30,916.0,916.0,909.0,912.0,38087
2025-12-17T10:00:00+05:30,912.7,913.9,909.6,911.0,34570
2025-12-17T10:15:00+05:30,910.45,911.35,908.0,908.0,8381
2025-12-17T10:30:00+05:30,908.0,908.75,905.5,906.2,11617
2025-12-17T10:45:00+05:30,906.45,907.0,902.8,903.0,12948
2025-12-17T11:00:00+05:30,903.0,904.8,901.05,901.7,18323
2025-12-17T11:15:00+05:30,901.7,902.9,899.55,901.65,24682
2025-12-17T11:30:00+05:30,901.75,903.15,901.0,903.0,10387
2025-12-17T11:45:00+05:30,902.8,905.1,902.05,902.95,8719
2025-12-17T12:00:00+05:30,903.5,903.5,900.75,901.6,7117
2025-12-17T12:15:00+05:30,902.1,903.85,901.05,903.05,4581
2025-12-17T12:30:00+05:30,903.15,905.0,902.85,904.65,4277
2025-12-17T12:45:00+05:30,904.3,905.65,903.15,903.4,7370
2025-12-17T13:00:00+05:30,903.4,904.75,902.55,904.05,2356
2025-12-17T13:15:00+05:30,904.05,905.45,903.2,905.0,7152
2025-12-17T13:30:00+05:30,905.0,905.2,902.95,903.75,2715
2025-12-17T13:45:00+05:30,904.05,905.7,903.75,905.0,4170
2025-12-17T14:00:00+05:30,904.9,907.25,903.5,903.65,12782
2025-12-17T14:15:00+05:30,904.0,905.35,901.75,902.65,8250
2025-12-17T14:30:00+05:30,902.55,906.4,902.55,905.0,11229
2025-12-17T14:45:00+05:30,905.0,906.55,902.85,904.55,48446
2025-12-17T15:00:00+05:30,904.5,912.0,902.95,907.9,85598
2025-12-17T15:15:00+05:30,908.0,909.4,903.6,904.6,42769
2025-12-18T09:15:00+05:30,905.0,908.65,896.5,903.35,73715
2025-12-18T09:30:00+05:30,903.15,904.6,897.3,897.55,21614
2025-12-18T09:45:00+05:30,897.3,907.0,897.0,900.1,46700
2025-12-18T10:00:00+05:30,900.1,902.0,898.5,901.35,4045
2025-12-18T10:15:00+05:30,901.6,905.0,900.8,901.1,13772
2025-12-18T10:30:00+05:30,901.1,903.95,901.1,901.85,4966
2025-12-18T10:45:00+05:30,901.8,903.85,901.5,901.5,2815
2025-12-18T11:00:00+05:30,901.5,902.45,900.0,900.5,6797
2025-12-18T11:15:00+05:30,900.15,901.35,898.75,900.95,11432
2025-12-18T11:30:00+05:30,900.7,901.55,899.0,899.2,12192
2025-12-18T11:45:00+05:30,899.4,900.25,898.4,898.6,10820
2025-12-18T12:00:00+05:30,898.5,899.95,897.5,898.15,10047
2025-12-18T12:15:00+05:30,898.25,898.7,897.3,897.85,5036
2025-12-18T12:30:00+05:30,898.15,899.5,897.7,898.55,6330
2025-12-18T12:45:00+05:30,898.4,898.9,897.3,897.7,6177
2025-12-18T13:00:00+05:30,897.85,898.9,895.3,896.4,13636
2025-12-18T13:15:00+05:30,896.4,897.65,895.8,897.0,4989
2025-12-18T13:30:00+05:30,897.0,897.3,896.05,897.0,3269
2025-12-18T13:45:00+05:30,896.6,897.7,896.25,896.25,4694
2025-12-18T14:00:00+05:30,896.25,896.45,893.7,895.0,8131
2025-12-18T14:15:00+05:30,894.45,895.4,891.45,892.0,15007
2025-12-18T14:30:00+05:30,892.35,894.3,891.9,892.4,13401
2025-12-18T14:45:00+05:30,892.4,903.9,892.4,901.9,120344
2025-12-18T15:00:00+05:30,901.95,904.9,891.95,895.25,126317
2025-12-18T15:15:00+05:30,894.8,895.7,880.8,891.45,111114
2025-12-19T09:15:00+05:30,906.0,912.0,898.0,903.55,232035
2025-12-19T09:30:00+05:30,903.6,905.5,900.15,900.75,30442
2025-12-19T09:45:00+05:30,900.7,903.95,900.55,902.65,19891
2025-12-19T10:00:00+05:30,902.65,903.0,896.0,900.0,50308
2025-12-19T10:15:00+05:30,900.7,901.95,894.1,896.2,31517
2025-12-19T10:30:00+05:30,896.1,897.15,892.5,896.35,27026
2025-12-19T10:45:00+05:30,896.35,897.0,890.6,891.4,40649
2025-12-19T11:00:00+05:30,891.4,892.0,887.55,889.0,36114
2025-12-19T11:15:00+05:30,889.3,890.35,885.55,885.85,23454
2025-12-19T11:30:00+05:30,885.8,888.95,885.05,887.3,27774
2025-12-19T11:45:00+05:30,887.0,887.9,885.65,886.5,12673
2025-12-19T12:00:00+05:30,886.15,887.0,883.0,885.55,18032
2025-12-19T12:15:00+05:30,885.55,885.55,881.1,884.0,38715
2025-12-19T12:30:00+05:30,884.0,885.5,880.9,881.85,32081
2025-12-19T12:45:00+05:30,881.85,882.8,881.0,882.5,17421
2025-12-19T13:00:00+05:30,882.5,883.2,879.0,879.55,50424
2025-12-19T13:15:00+05:30,879.55,884.0,879.2,882.2,24897
2025-12-19T13:30:00+05:30,882.25,882.3,880.0,880.55,13036
2025-12-19T13:45:00+05:30,880.5,882.85,880.5,882.6,17384
2025-12-19T14:00:00+05:30,882.6,882.8,879.0,880.1,32441
2025-12-19T14:15:00+05:30,879.65,880.75,879.0,880.0,30783
2025-12-19T14:30:00+05:30,879.75,890.0,879.6,886.0,123996
2025-12-19T14:45:00+05:30,886.05,889.7,881.4,889.05,145696
2025-12-19T15:00:00+05:30,889.05,903.0,882.0,882.5,469333
2025-12-19T15:15:00+05:30,882.5,885.0,879.0,883.4,340339
2025-12-22T09:15:00+05:30,895.0,895.0,881.55,882.2,112203
2025-12-22T09:30:00+05:30,882.2,885.95,881.15,883.6,49297
2025-12-22T09:45:00+05:30,883.75,884.85,880.5,881.5,35576
2025-12-22T10:00:00+05:30,881.5,889.5,881.0,884.95,88862
2025-12-22T10:15:00+05:30,884.95,884.95,881.6,883.35,24376
2025-12-22T10:30:00+05:30,883.8,884.25,883.0,883.85,13717
2025-12-22T10:45:00+05:30,883.8,884.95,883.4,883.95,14683
2025-12-22T11:00:00+05:30,884.0,884.2,882.1,882.4,18745
2025-12-22T11:15:00+05:30,882.75,883.25,882.0,883.15,17835
2025-12-22T11:30:00+05:30,883.1,883.7,882.05,882.55,11967
2025-12-22T11:45:00+05:30,882.2,887.3,881.85,886.0,31778
2025-12-22T12:00:00+05:30,886.0,890.5,885.8,888.85,66771
2025-12-22T12:15:00+05:30,888.85,889.3,886.2,887.0,24178
2025-12-22T12:30:00+05:30,887.0,887.95,886.2,886.8,22741
2025-12-22T12:45:00+05:30,886.8,887.0,885.05,886.3,9922
2025-12-22T13:00:00+05:30,886.3,887.25,885.65,887.05,6712
2025-12-22T13:15:00+05:30,887.05,887.2,885.65,886.6,6702
2025-12-22T13:30:00+05:30,886.6,890.7,886.1,889.8,18308
2025-12-22T13:45:00+05:30,889.95,890.4,887.0,889.05,11617
2025-12-22T14:00:00+05:30,889.0,889.5,887.65,888.95,11141
2025-12-22T14:15:00+05:30,889.2,889.2,888.0,888.9,7397
2025-12-22T14:30:00+05:30,888.9,892.35,888.7,889.6,32755
2025-12-22T14:45:00+05:30,889.65,889.7,887.4,889.3,23197
2025-12-22T15:00:00+05:30,888.75,889.5,885.0,885.55,35360
2025-12-22T15:15:00+05:30,885.0,886.5,883.6,885.5,61205
2025-12-23T09:15:00+05:30,886.95,895.0,882.95,883.2,43455
2025-12-23T09:30:00+05:30,883.2,885.2,882.05,883.1,14341
2025-12-23T09:45:00+05:30,883.35,890.0,883.15,887.0,20621
2025-12-23T10:00:00+05:30,887.0,888.0,886.2,888.0,10857
2025-12-23T10:15:00+05:30,888.0,888.65,886.0,886.2,10391
2025-12-23T10:30:00+05:30,886.25,888.35,886.0,887.5,6535
2025-12-23T10:45:00+05:30,887.1,888.3,885.55,887.65,11780
2025-12-23T11:00:00+05:30,887.4,887.7,886.0,886.9,2673
2025-12-23T11:15:00+05:30,886.85,887.35,885.55,885.85,7230
2025-12-23T11:30:00+05:30,886.0,886.0,883.0,883.95,9696
2025-12-23T11:45:00+05:30,883.85,884.65,880.4,884.0,27569
2025-12-23T12:00:00+05:30,884.1,884.7,881.5,883.35,15338
2025-12-23T12:15:00+05:30,883.1,883.5,882.35,883.0,3649
2025-12-23T12:30:00+05:30,883.0,883.2,879.5,880.05,36087
2025-12-23T12:45:00+05:30,880.05,880.6,879.0,880.0,20048
2025-12-23T13:00:00+05:30,879.8,880.1,879.0,879.95,8302
2025-12-23T13:15:00+05:30,879.6,880.4,879.0,880.0,7325
2025-12-23T13:30:00+05:30,880.0,880.6,879.7,879.95,6565
2025-12-23T13:45:00+05:30,879.85,880.45,879.35,879.75,6476
2025-12-23T14:00:00+05:30,879.85,885.7,879.6,881.6,53806
2025-12-23T14:15:00+05:30,881.8,882.4,880.7,881.5,6941
2025-12-23T14:30:00+05:30,881.5,882.95,879.9,879.95,25353
2025-12-23T14:45:00+05:30,879.95,880.9,879.5,880.55,11731
2025-12-23T15:00:00+05:30,880.65,881.0,878.0,879.15,237051
2025-12-23T15:15:00+05:30,879.45,881.0,877.6,879.5,67394
2025-12-24T09:15:00+05:30,881.2,906.4,879.5,904.7,368471
2025-12-24T09:30:00+05:30,904.5,906.7,896.1,906.55,256123
2025-12-24T09:45:00+05:30,906.55,910.45,901.1,904.8,271468
2025-12-24T10:00:00+05:30,904.75,907.55,893.0,902.0,155658
2025-12-24T10:15:00+05:30,902.0,905.25,901.0,904.5,43252
2025-12-24T10:30:00+05:30,904.8,904.85,900.0,902.3,31705
2025-12-24T10:45:00+05:30,902.3,902.75,898.5,898.6,35160
2025-12-24T11:00:00+05:30,898.6,902.4,896.05,900.25,45803
2025-12-24T11:15:00+05:30,900.75,901.95,898.65,899.6,12526
2025-12-24T11:30:00+05:30,900.0,900.2,896.05,896.1,13637
2025-12-24T11:45:00+05:30,896.1,898.4,895.15,896.5,19338
2025-12-24T12:00:00+05:30,896.5,896.7,893.35,894.1,20593
2025-12-24T12:15:00+05:30,894.5,895.55,893.85,894.65,10063
2025-12-24T12:30:00+05:30,894.65,894.65,893.05,893.9,10372
2025-12-24T12:45:00+05:30,893.9,894.9,892.25,894.05,12761
2025-12-24T13:00:00+05:30,893.85,894.05,890.1,890.25,14075
2025-12-24T13:15:00+05:30,890.3,891.4,888.05,890.3,21351
2025-12-24T13:30:00+05:30,890.3,890.6,883.6,884.75,47393
2025-12-24T13:45:00+05:30,884.95,886.0,884.05,884.65,12032
2025-12-24T14:00:00+05:30,884.65,885.05,883.1,883.8,12218
2025-12-24T14:15:00+05:30,884.25,885.0,883.4,884.75,18947
2025-12-24T14:30:00+05:30,884.95,885.4,882.8,884.1,17731
2025-12-24T14:45:00+05:30,884.2,885.0,883.25,885.0,19091
2025-12-24T15:00:00+05:30,885.0,892.45,883.0,885.9,97275
2025-12-24T15:15:00+05:30,885.75,888.0,885.0,886.0,51322
2025-12-26T09:15:00+05:30,890.0,895.0,884.0,891.0,73989
2025-12-26T09:30:00+05:30,891.45,896.4,888.7,891.15,50358
2025-12-26T09:45:00+05:30,891.0,891.45,883.35,886.2,37461
2025-12-26T10:00:00+05:30,885.9,886.4,884.5,885.2,15629
2025-12-26T10:15:00+05:30,885.2,886.5,884.5,884.55,9411
2025-12-26T10:30:00+05:30,884.6,886.0,884.0,884.0,35495
2025-12-26T10:45:00+05:30,884.05,885.8,884.05,885.0,4791
2025-12-26T11:00:00+05:30,885.0,888.4,884.75,886.65,11421
2025-12-26T11:15:00+05:30,887.25,887.25,883.85,884.2,14757
2025-12-26T11:30:00+05:30,884.8,885.5,884.6,885.0,1562
2025-12-26T11:45:00+05:30,885.0,885.25,884.0,884.7,4238
2025-12-26T12:00:00+05:30,884.5,885.5,884.3,885.0,3782
2025-12-26T12:15:00+05:30,885.0,885.8,882.0,883.5,14498
2025-12-26T12:30:00+05:30,883.5,883.85,882.05,882.5,5129
2025-12-26T12:45:00+05:30,882.5,883.0,881.6,881.6,4980
2025-12-26T13:00:00+05:30,882.2,882.4,880.0,881.0,22137
2025-12-26T13:15:00+05:30,881.0,881.95,880.1,880.55,17235
2025-12-26T13:30:00+05:30,881.0,881.0,879.5,880.2,13117
2025-12-26T13:45:00+05:30,880.2,880.5,879.95,880.2,8516
2025-12-26T14:00:00+05:30,880.5,881.25,880.0,880.8,9153
2025-12-26T14:15:00+05:30,880.8,881.2,879.5,880.6,13527
2025-12-26T14:30:00+05:30,880.6,881.0,878.25,879.1,17022
2025-12-26T14:45:00+05:30,879.1,881.6,879.1,880.65,20941
2025-12-26T15:00:00+05:30,880.65,880.9,876.65,877.5,55378
2025-12-26T15:15:00+05:30,877.5,877.95,875.0,876.0,71983
2025-12-29T09:15:00+05:30,881.0,881.0,858.35,862.1,258443
2025-12-29T09:30:00+05:30,862.1,865.0,861.1,862.7,32063
2025-12-29T09:45:00+05:30,862.7,863.45,861.1,861.95,17092
2025-12-29T10:00:00+05:30,861.25,862.55,858.6,859.5,36939
2025-12-29T10:15:00+05:30,859.25,860.45,856.65,859.85,26314
2025-12-29T10:30:00+05:30,860.0,860.0,858.0,858.7,10735
2025-12-29T10:45:00+05:30,858.7,860.2,858.0,859.3,6291
2025-12-29T11:00:00+05:30,859.3,859.95,857.1,858.0,13679
2025-12-29T11:15:00+05:30,858.0,859.0,857.05,858.25,7940
2025-12-29T11:30:00+05:30,858.65,859.0,858.0,859.0,4263
2025-12-29T11:45:00+05:30,859.0,859.0,857.4,857.95,4503
2025-12-29T12:00:00+05:30,857.45,858.4,856.0,856.75,18340
2025-12-29T12:15:00+05:30,856.8,857.25,855.7,856.55,11711
2025-12-29T12:30:00+05:30,856.2,857.4,855.0,855.7,16083
2025-12-29T12:45:00+05:30,855.35,856.85,854.3,855.55,10468
2025-12-29T13:00:00+05:30,855.5,857.75,855.5,857.05,4944
2025-12-29T13:15:00+05:30,857.0,857.45,856.05,857.05,3099
2025-12-29T13:30:00+05:30,857.05,859.9,857.05,858.8,7561
2025-12-29T13:45:00+05:30,858.55,859.8,858.0,859.5,4175
2025-12-29T14:00:00+05:30,859.05,862.0,859.05,860.5,16515
2025-12-29T14:15:00+05:30,860.95,860.95,858.1,860.35,6766
2025-12-29T14:30:00+05:30,859.55,860.6,858.0,858.0,9206
2025-12-29T14:45:00+05:30,858.3,859.75,856.8,859.45,15159
2025-12-29T15:00:00+05:30,859.45,860.4,858.0,858.25,42453
2025-12-29T15:15:00+05:30,858.2,859.0,854.1,856.0,64342
2025-12-30T09:15:00+05:30,856.05,859.85,848.1,851.3,82347
2025-12-30T09:30:00+05:30,851.35,856.8,850.25,852.6,33688
2025-12-30T09:45:00+05:30,852.6,853.35,848.1,848.8,47342
2025-12-30T10:00:00+05:30,848.8,849.3,846.8,847.8,32903
2025-12-30T10:15:00+05:30,847.45,853.05,847.45,850.0,30334
2025-12-30T10:30:00+05:30,850.0,850.25,847.4,848.4,13786
2025-12-30T10:45:00+05:30,848.4,849.8,847.5,847.8,10789
2025-12-30T11:00:00+05:30,848.25,849.65,847.45,847.5,14003
2025-12-30T11:15:00+05:30,847.5,848.1,846.1,846.1,15901
2025-12-30T11:30:00+05:30,846.1,847.3,845.05,846.35,17751
2025-12-30T11:45:00+05:30,846.35,848.0,845.75,847.0,12680
2025-12-30T12:00:00+05:30,847.0,847.45,844.45,844.6,15874
2025-12-30T12:15:00+05:30,844.6,845.4,844.0,844.1,10836
2025-12-30T12:30:00+05:30,844.1,846.0,844.0,845.0,15212
2025-12-30T12:45:00+05:30,845.0,845.6,842.4,842.4,20887
2025-12-30T13:00:00+05:30,842.4,843.8,842.0,843.3,17575
2025-12-30T13:15:00+05:30,843.3,843.4,841.8,841.9,15294
2025-12-30T13:30:00+05:30,842.0,845.5,841.5,844.5,23483
2025-12-30T13:45:00+05:30,844.6,847.15,843.55,846.75,30560
2025-12-30T14:00:00+05:30,846.55,852.5,846.35,849.05,58353
2025-12-30T14:15:00+05:30,849.5,850.5,846.35,847.4,15790
2025-12-30T14:30:00+05:30,847.4,848.5,844.55,845.0,50773
2025-12-30T14:45:00+05:30,845.0,849.4,844.65,848.2,34045
2025-12-30T15:00:00+05:30,848.0,856.35,845.25,852.05,220488
2025-12-30T15:15:00+05:30,852.05,852.95,847.5,849.0,90226
2025-12-31T09:15:00+05:30,880.0,881.5,854.55,857.3,535435
2025-12-31T09:30:00+05:30,857.1,858.9,853.0,854.8,95830
2025-12-31T09:45:00+05:30,854.4,854.95,853.05,854.8,49683
2025-12-31T10:00:00+05:30,854.15,855.7,853.55,855.7,52916
2025-12-31T10:15:00+05:30,855.5,858.0,852.45,856.1,99332
2025-12-31T10:30:00+05:30,855.9,856.2,852.7,853.9,54138
2025-12-31T10:45:00+05:30,853.6,855.5,852.55,853.8,51571
2025-12-31T11:00:00+05:30,853.45,853.6,851.2,852.55,41392
2025-12-31T11:15:00+05:30,852.25,853.95,852.05,853.5,19873
2025-12-31T11:30:00+05:30,853.4,853.9,852.6,853.35,13262
2025-12-31T11:45:00+05:30,852.9,855.0,852.9,853.15,47920
2025-12-31T12:00:00+05:30,853.3,854.3,853.1,853.5,15320
2025-12-31T12:15:00+05:30,853.45,854.75,853.35,854.7,15694
2025-12-31T12:30:00+05:30,854.65,855.5,854.6,855.45,20017
2025-12-31T12:45:00+05:30,855.45,855.5,854.05,855.0,15883
2025-12-31T13:00:00+05:30,854.55,855.4,854.1,855.25,9057
2025-12-31T13:15:00+05:30,854.85,855.3,852.4,852.45,23249
2025-12-31T13:30:00+05:30,852.6,853.6,848.0,850.95,54428
2025-12-31T13:45:00+05:30,850.95,852.0,847.1,848.75,75890
2025-12-31T14:00:00+05:30,848.3,848.75,842.25,845.35,167024
2025-12-31T14:15:00+05:30,845.35,845.5,843.1,845.0,37549
2025-12-31T14:30:00+05:30,845.0,846.5,844.3,844.75,127385
2025-12-31T14:45:00+05:30,844.75,846.5,844.1,846.1,28188
2025-12-31T15:00:00+05:30,846.1,846.5,841.2,842.2,122034
2025-12-31T15:15:00+05:30,842.35,843.05,840.0,842.0,229344
2026-01-01T09:15:00+05:30,847.0,854.6,843.5,848.65,127323
2026-01-01T09:30:00+05:30,848.65,849.35,846.65,849.0,27232
2026-01-01T09:45:00+05:30,849.0,849.9,848.1,849.65,16805
2026-01-01T10:00:00+05:30,849.5,849.65,846.1,846.55,15143
2026-01-01T10:15:00+05:30,846.5,848.15,844.1,847.6,23815
2026-01-01T10:30:00+05:30,847.6,848.5,846.2,846.75,20697
2026-01-01T10:45:00+05:30,846.4,848.6,845.9,846.0,57719
2026-01-01T11:00:00+05:30,845.9,847.6,845.55,846.55,5972
2026-01-01T11:15:00+05:30,847.15,847.5,846.15,846.7,6052
2026-01-01T11:30:00+05:30,847.0,849.1,846.6,848.85,5995
2026-01-01T11:45:00+05:30,848.65,848.85,847.4,848.25,7856
2026-01-01T12:00:00+05:30,848.25,848.7,846.5,846.5,7270
2026-01-01T12:15:00+05:30,846.5,848.0,846.5,847.55,2804
2026-01-01T12:30:00+05:30,848.0,848.3,847.05,848.2,10046
2026-01-01T12:45:00+05:30,847.75,851.0,847.35,850.05,15856
2026-01-01T13:00:00+05:30,850.05,850.95,847.7,848.7,17206
2026-01-01T13:15:00+05:30,849.0,849.95,848.3,849.0,9435
2026-01-01T13:30:00+05:30,848.55,849.05,847.85,848.7,6402
2026-01-01T13:45:00+05:30,848.25,849.7,847.5,847.6,7064
2026-01-01T14:00:00+05:30,847.6,849.5,847.25,848.65,7851
2026-01-01T14:15:00+05:30,848.65,848.95,848.0,848.05,5404
2026-01-01T14:30:00+05:30,848.05,848.3,847.2,847.65,11855
2026-01-01T14:45:00+05:30,847.65,848.5,847.5,847.7,15797
2026-01-01T15:00:00+05:30,848.05,848.85,847.0,847.4,34557
2026-01-01T15:15:00+05:30,847.7,848.45,845.8,846.5,68078
2026-01-02T09:15:00+05:30,851.15,856.75,847.0,848.1,77063
2026-01-02T09:30:00+05:30,848.4,848.75,845.75,848.0,29425
2026-01-02T09:45:00+05:30,848.25,854.4,847.5,851.0,80897
2026-01-02T10:00:00+05:30,850.9,851.65,849.95,850.95,17648
2026-01-02T10:15:00+05:30,850.95,852.25,849.45,851.3,19831
2026-01-02T10:30:00+05:30,851.7,852.5,850.3,850.9,13576
2026-01-02T10:45:00+05:30,850.9,851.95,850.3,851.5,14473
2026-01-02T11:00:00+05:30,851.5,851.75,847.1,848.9,20570
2026-01-02T11:15:00+05:30,849.0,851.55,848.8,849.6,17256
2026-01-02T11:30:00+05:30,849.75,850.2,849.35,849.7,7414
2026-01-02T11:45:00+05:30,849.7,850.0,849.5,849.9,4964
2026-01-02T12:00:00+05:30,849.7,851.7,849.5,851.4,19950
2026-01-02T12:15:00+05:30,851.4,851.7,850.6,851.25,8187
2026-01-02T12:30:00+05:30,850.9,851.6,850.3,850.5,6940
2026-01-02T12:45:00+05:30,850.45,852.3,849.25,849.5,24599
2026-01-02T13:00:00+05:30,849.5,849.6,848.6,848.75,11912
2026-01-02T13:15:00+05:30,848.75,849.15,847.5,847.9,14319
2026-01-02T13:30:00+05:30,848.45,849.05,848.1,848.95,5977
2026-01-02T13:45:00+05:30,848.95,849.0,847.7,847.7,9036
2026-01-02T14:00:00+05:30,848.1,848.95,847.55,848.8,13136
2026-01-02T14:15:00+05:30,848.65,848.8,846.75,847.7,20465
2026-01-02T14:30:00+05:30,847.65,847.9,846.2,846.9,15303
2026-01-02T14:45:00+05:30,847.1,848.5,846.5,847.2,25220
2026-01-02T15:00:00+05:30,847.25,848.05,846.05,846.5,35489
2026-01-02T15:15:00+05:30,846.5,849.9,843.7,847.0,126943
2026-01-05T09:15:00+05:30,847.1,849.9,821.0,821.4,241249
2026-01-05T09:30:00+05:30,821.4,823.0,798.0,802.9,628445
2026-01-05T09:45:00+05:30,802.4,803.0,782.4,791.3,1148323
2026-01-05T10:00:00+05:30,791.45,796.0,786.65,793.5,414050
2026-01-05T10:15:00+05:30,793.95,801.0,792.0,799.05,377043
2026-01-05T10:30:00+05:30,799.35,804.4,797.05,801.8,305791
2026-01-05T10:45:00+05:30,801.85,801.95,796.1,797.0,165870
2026-01-05T11:00:00+05:30,797.0,803.0,795.95,800.95,199135
2026-01-05T11:15:00+05:30,800.8,801.9,798.0,799.4,82540
2026-01-05T11:30:00+05:30,799.45,800.95,797.35,800.65,70479
2026-01-05T11:45:00+05:30,800.75,800.75,796.45,799.0,62889
2026-01-05T12:00:00+05:30,799.0,800.5,797.55,800.25,66048
2026-01-05T12:15:00+05:30,800.2,800.7,798.0,799.15,35124
2026-01-05T12:30:00+05:30,799.1,800.0,798.5,799.05,39214
2026-01-05T12:45:00+05:30,799.3,800.75,799.0,800.5,42794
2026-01-05T13:00:00+05:30,800.75,801.1,798.55,798.9,65566
2026-01-05T13:15:00+05:30,798.5,798.8,795.45,796.45,120348
2026-01-05T13:30:00+05:30,796.65,796.7,792.05,793.75,167956
2026-01-05T13:45:00+05:30,793.75,793.95,786.0,786.5,226845
2026-01-05T14:00:00+05:30,786.6,790.0,784.35,789.2,181360
2026-01-05T14:15:00+05:30,789.3,789.6,786.5,788.8,83496
2026-01-05T14:30:00+05:30,788.9,790.0,787.35,789.6,84278
2026-01-05T14:45:00+05:30,789.5,792.0,788.95,791.6,139235
2026-01-05T15:00:00+05:30,791.75,791.8,787.1,788.75,205809
2026-01-05T15:15:00+05:30,788.75,789.0,786.0,787.0,288877
2026-01-06T09:15:00+05:30,788.0,788.95,748.2,771.8,1421954
2026-01-06T09:30:00+05:30,771.65,779.7,763.15,768.3,625368
2026-01-06T09:45:00+05:30,768.0,775.3,766.4,772.1,457986
2026-01-06T10:00:00+05:30,772.1,777.1,769.05,771.85,253688
2026-01-06T10:15:00+05:30,771.85,771.85,764.5,767.65,227286
2026-01-06T10:30:00+05:30,767.6,768.55,761.8,765.5,181253
2026-01-06T10:45:00+05:30,765.0,768.55,765.0,767.9,59889
2026-01-06T11:00:00+05:30,767.95,768.95,765.75,767.7,77258
2026-01-06T11:15:00+05:30,767.65,767.75,761.1,763.5,138128
2026-01-06T11:30:00+05:30,763.75,766.5,763.6,764.3,51897
2026-01-06T11:45:00+05:30,764.35,764.9,763.75,763.85,34468
2026-01-06T12:00:00+05:30,763.85,766.0,762.75,764.8,48140
2026-01-06T12:15:00+05:30,764.75,765.5,763.0,765.35,49329
2026-01-06T12:30:00+05:30,765.45,766.0,763.05,763.05,100244
2026-01-06T12:45:00+05:30,763.2,763.95,761.8,763.95,59439
2026-01-06T13:00:00+05:30,763.95,764.95,762.0,764.35,40346
2026-01-06T13:15:00+05:30,764.25,764.95,763.7,763.8,28208
2026-01-06T13:30:00+05:30,763.8,764.0,760.3,761.15,57449
2026-01-06T13:45:00+05:30,761.3,762.55,760.0,760.25,62987
2026-01-06T14:00:00+05:30,760.35,760.95,754.6,755.5,139547
2026-01-06T14:15:00+05:30,755.5,756.95,750.2,751.8,173565
2026-01-06T14:30:00+05:30,751.85,753.9,750.15,753.9,120212
2026-01-06T14:45:00+05:30,753.85,771.45,752.95,765.25,366797
2026-01-06T15:00:00+05:30,765.3,768.5,763.05,763.95,257409
2026-01-06T15:15:00+05:30,763.85,764.05,758.15,761.5,445412
2026-01-07T09:15:00+05:30,767.75,768.9,753.5,754.6,308177
2026-01-07T09:30:00+05:30,754.6,757.6,751.0,751.85,214481
2026-01-07T09:45:00+05:30,751.85,757.2,751.4,756.85,136967
2026-01-07T10:00:00+05:30,756.9,759.55,755.0,758.55,115161
2026-01-07T10:15:00+05:30,759.3,762.2,753.05,754.25,158642
2026-01-07T10:30:00+05:30,754.1,754.3,749.0,751.1,156219
2026-01-07T10:45:00+05:30,751.3,754.0,751.3,753.15,31634
2026-01-07T11:00:00+05:30,753.45,753.85,751.25,751.85,27270
2026-01-07T11:15:00+05:30,751.7,751.8,749.1,750.15,73914
2026-01-07T11:30:00+05:30,749.9,750.7,748.3,748.65,58276
2026-01-07T11:45:00+05:30,748.75,750.3,748.5,750.0,31069
2026-01-07T12:00:00+05:30,749.7,750.1,749.1,749.95,12630
2026-01-07T12:15:00+05:30,749.95,750.4,746.3,747.25,77942
2026-01-07T12:30:00+05:30,748.0,749.35,747.9,748.15,19480
2026-01-07T12:45:00+05:30,748.15,754.3,748.15,750.0,118749
2026-01-07T13:00:00+05:30,750.2,750.9,748.5,749.4,39123
2026-01-07T13:15:00+05:30,749.35,750.0,748.2,749.0,14544
2026-01-07T13:30:00+05:30,749.0,750.9,748.65,750.9,19282
2026-01-07T13:45:00+05:30,750.9,751.5,749.75,750.2,14146
2026-01-07T14:00:00+05:30,750.25,752.65,749.25,752.3,31398
2026-01-07T14:15:00+05:30,752.3,752.9,751.0,751.5,19475
2026-01-07T14:30:00+05:30,751.5,751.85,749.4,751.2,84715
2026-01-07T14:45:00+05:30,751.25,756.0,749.6,750.0,197083
2026-01-07T15:00:00+05:30,750.05,755.0,749.9,753.35,195366
2026-01-07T15:15:00+05:30,753.35,754.75,749.05,750.0,248732
2026-01-08T09:15:00+05:30,754.0,769.4,752.5,761.35,548669
2026-01-08T09:30:00+05:30,761.45,763.95,754.5,762.6,191564
2026-01-08T09:45:00+05:30,762.6,764.0,759.2,763.9,46691
2026-01-08T10:00:00+05:30,763.8,763.85,757.0,758.35,61487
2026-01-08T10:15:00+05:30,758.35,758.95,754.05,756.7,90495
2026-01-08T10:30:00+05:30,756.65,758.35,754.0,755.3,113599
2026-01-08T10:45:00+05:30,755.25,755.75,749.3,750.55,126888
2026-01-08T11:00:00+05:30,750.9,753.7,747.4,747.55,129938
2026-01-08T11:15:00+05:30,747.5,749.65,745.0,746.75,66896
2026-01-08T11:30:00+05:30,746.75,749.3,745.0,747.75,48233
2026-01-08T11:45:00+05:30,747.75,748.0,744.45,744.9,54074
2026-01-08T12:00:00+05:30,744.9,745.2,738.05,742.55,113750
2026-01-08T12:15:00+05:30,742.6,743.5,740.0,740.95,32947
2026-01-08T12:30:00+05:30,741.7,742.1,739.1,739.2,51846
2026-01-08T12:45:00+05:30,739.2,739.75,738.0,738.1,44096
2026-01-08T13:00:00+05:30,738.3,740.5,736.55,739.5,45212
2026-01-08T13:15:00+05:30,739.5,739.95,736.5,736.75,28672
2026-01-08T13:30:00+05:30,736.75,738.8,736.4,737.95,35346
2026-01-08T13:45:00+05:30,738.0,740.5,737.65,739.35,30568
2026-01-08T14:00:00+05:30,739.05,739.85,736.2,736.55,40156
2026-01-08T14:15:00+05:30,736.55,737.0,733.75,733.95,58695
2026-01-08T14:30:00+05:30,733.95,737.45,733.6,737.05,74010
2026-01-08T14:45:00+05:30,737.1,737.7,731.65,737.15,160032
2026-01-08T15:00:00+05:30,737.4,737.4,729.5,732.05,158085
2026-01-08T15:15:00+05:30,732.05,732.4,725.5,726.2,264298
2026-01-09T09:15:00+05:30,730.45,730.45,720.45,721.5,255177
2026-01-09T09:30:00+05:30,721.85,723.9,717.05,723.15,142702
2026-01-09T09:45:00+05:30,723.15,732.2,721.8,730.7,272750
2026-01-09T10:00:00+05:30,731.25,732.3,727.05,728.05,107061
2026-01-09T10:15:00+05:30,728.35,731.6,727.7,727.75,177621
2026-01-09T10:30:00+05:30,727.8,728.6,723.3,725.8,56647
2026-01-09T10:45:00+05:30,725.85,727.55,721.75,724.4,30644
2026-01-09T11:00:00+05:30,724.05,724.45,722.0,723.05,18884
2026-01-09T11:15:00+05:30,723.05,723.35,720.0,721.35,36526
2026-01-09T11:30:00+05:30,721.6,722.95,718.75,719.5,24551
2026-01-09T11:45:00+05:30,719.5,719.75,715.15,716.45,47419
2026-01-09T12:00:00+05:30,716.45,718.6,715.0,715.35,67776
2026-01-09T12:15:00+05:30,715.1,716.7,713.65,714.3,52214
2026-01-09T12:30:00+05:30,714.3,714.75,713.35,714.2,35826
2026-01-09T12:45:00+05:30,714.6,716.0,714.0,714.95,42669
2026-01-09T13:00:00+05:30,715.1,715.55,713.65,714.3,14618
2026-01-09T13:15:00+05:30,714.1,718.2,713.55,716.5,34153
2026-01-09T13:30:00+05:30,716.5,721.35,716.0,718.15,36674
2026-01-09T13:45:00+05:30,718.3,718.6,716.15,717.15,19756
2026-01-09T14:00:00+05:30,717.15,718.25,713.9,714.3,19286
2026-01-09T14:15:00+05:30,714.0,714.4,711.55,712.25,27448
2026-01-09T14:30:00+05:30,712.25,715.45,709.05,715.0,51735
2026-01-09T14:45:00+05:30,715.0,720.95,713.65,718.15,345824
2026-01-09T15:00:00+05:30,718.6,722.7,714.25,715.4,380476
2026-01-09T15:15:00+05:30,715.4,719.95,713.0,718.8,223466
2026-01-12T09:15:00+05:30,716.5,748.8,716.5,733.75,939189
2026-01-12T09:30:00+05:30,733.2,746.0,732.2,737.75,630867
2026-01-12T09:45:00+05:30,737.35,748.95,734.25,746.8,437666
2026-01-12T10:00:00+05:30,746.55,746.55,737.5,738.75,213309
2026-01-12T10:15:00+05:30,738.7,742.45,734.1,737.75,204732
2026-01-12T10:30:00+05:30,737.5,737.6,725.4,725.9,224146
2026-01-12T10:45:00+05:30,725.9,729.6,724.7,726.2,187234
2026-01-12T11:00:00+05:30,726.2,726.95,722.6,723.75,82654
2026-01-12T11:15:00+05:30,723.5,723.75,716.6,718.65,214561
2026-01-12T11:30:00+05:30,718.85,718.85,715.05,717.45,81768
2026-01-12T11:45:00+05:30,717.2,719.5,716.0,717.45,57780
2026-01-12T12:00:00+05:30,717.45,724.1,717.1,724.0,101131
2026-01-12T12:15:00+05:30,724.0,728.0,723.55,725.5,124932
2026-01-12T12:30:00+05:30,725.5,730.0,725.5,729.4,104140
2026-01-12T12:45:00+05:30,729.4,737.5,728.65,733.35,647433
2026-01-12T13:00:00+05:30,733.35,738.95,730.15,735.15,710199
2026-01-12T13:15:00+05:30,735.5,737.25,731.7,735.0,123343
2026-01-12T13:30:00+05:30,734.85,737.65,734.55,736.45,129715
2026-01-12T13:45:00+05:30,736.45,738.0,735.2,736.6,82094
2026-01-12T14:00:00+05:30,736.65,738.0,735.35,737.4,37024
2026-01-12T14:15:00+05:30,737.4,738.45,734.55,738.05,98691
2026-01-12T14:30:00+05:30,738.05,738.75,730.9,738.1,590309
2026-01-12T14:45:00+05:30,738.0,750.0,735.8,746.5,412289
2026-01-12T15:00:00+05:30,746.2,747.9,742.85,745.35,306979
2026-01-12T15:15:00+05:30,745.85,750.9,742.65,748.8,343253
2026-01-13T09:15:00+05:30,750.0,759.85,747.85,754.85,485928
2026-01-13T09:30:00+05:30,755.4,757.4,752.15,754.65,186165
2026-01-13T09:45:00+05:30,754.45,758.4,749.7,750.3,144429
2026-01-13T10:00:00+05:30,750.3,753.0,747.65,748.9,72329
2026-01-13T10:15:00+05:30,748.85,753.65,745.05,752.85,77650
2026-01-13T10:30:00+05:30,752.85,753.05,743.9,744.6,81833
2026-01-13T10:45:00+05:30,744.5,745.0,739.15,739.7,101440
2026-01-13T11:00:00+05:30,739.35,743.0,738.0,741.5,57346
2026-01-13T11:15:00+05:30,741.65,742.85,740.55,742.65,15572
2026-01-13T11:30:00+05:30,742.35,744.6,741.0,742.1,36774
2026-01-13T11:45:00+05:30,742.25,744.3,741.1,743.2,21254
2026-01-13T12:00:00+05:30,742.7,742.7,738.05,739.5,73030
2026-01-13T12:15:00+05:30,739.3,741.75,736.45,741.3,549538
2026-01-13T12:30:00+05:30,741.3,742.25,738.0,740.1,57827
2026-01-13T12:45:00+05:30,740.45,743.9,737.5,738.4,276388
2026-01-13T13:00:00+05:30,738.25,740.4,734.0,740.35,154305
2026-01-13T13:15:00+05:30,740.45,740.7,738.1,739.45,13540
2026-01-13T13:30:00+05:30,739.45,742.5,738.5,741.5,24465
2026-01-13T13:45:00+05:30,741.5,741.5,739.0,739.95,10435
2026-01-13T14:00:00+05:30,740.2,740.2,737.6,739.65,21164
2026-01-13T14:15:00+05:30,739.65,742.1,738.0,738.1,54129
2026-01-13T14:30:00+05:30,738.5,743.5,738.0,741.5,53147
2026-01-13T14:45:00+05:30,741.55,748.7,741.55,748.15,173538
2026-01-13T15:00:00+05:30,748.45,753.5,746.2,749.85,177951
2026-01-13T15:15:00+05:30,750.0,751.45,744.95,747.65,202690
2026-01-14T09:15:00+05:30,750.0,760.35,747.25,755.4,189323
2026-01-14T09:30:00+05:30,755.35,756.9,753.2,753.9,51021
2026-01-14T09:45:00+05:30,753.55,754.6,750.0,752.35,47412
2026-01-14T10:00:00+05:30,751.75,752.5,745.0,745.65,55800
2026-01-14T10:15:00+05:30,745.15,746.35,742.05,744.9,48389
2026-01-14T10:30:00+05:30,744.85,745.15,738.35,738.75,49066
2026-01-14T10:45:00+05:30,738.5,739.1,735.35,738.0,38176
2026-01-14T11:00:00+05:30,737.85,738.5,733.4,733.9,54128
2026-01-14T11:15:00+05:30,733.5,738.9,733.5,737.7,42250
2026-01-14T11:30:00+05:30,737.85,738.2,736.55,736.55,16362
2026-01-14T11:45:00+05:30,736.3,736.8,735.0,735.8,14179
2026-01-14T12:00:00+05:30,735.5,736.3,734.0,735.0,15361
2026-01-14T12:15:00+05:30,734.7,736.5,734.05,735.05,28066
2026-01-14T12:30:00+05:30,735.0,735.85,734.0,734.35,16422
2026-01-14T12:45:00+05:30,734.05,734.7,731.25,732.2,42124
2026-01-14T13:00:00+05:30,732.2,732.65,730.1,731.15,36719
2026-01-14T13:15:00+05:30,730.85,733.9,728.0,728.6,96844
2026-01-14T13:30:00+05:30,728.2,728.8,726.4,727.0,89563
2026-01-14T13:45:00+05:30,727.0,729.0,724.6,725.1,60524
2026-01-14T14:00:00+05:30,725.75,726.3,722.75,725.65,57908
2026-01-14T14:15:00+05:30,725.6,726.1,723.05,723.05,46025
2026-01-14T14:30:00+05:30,723.05,729.5,722.0,728.05,88042
2026-01-14T14:45:00+05:30,728.05,734.2,728.05,733.0,167951
2026-01-14T15:00:00+05:30,733.0,733.2,725.3,727.45,168582
2026-01-14T15:15:00+05:30,727.35,728.45,723.25,726.5,144315
2026-01-16T09:15:00+05:30,730.2,738.85,727.0,738.1,206555
2026-01-16T09:30:00+05:30,738.2,740.8,736.0,738.8,72965
2026-01-16T09:45:00+05:30,738.8,750.5,738.7,747.6,179799
2026-01-16T10:00:00+05:30,747.6,752.0,745.6,749.5,90727
2026-01-16T10:15:00+05:30,750.0,753.4,747.25,753.4,55578
2026-01-16T10:30:00+05:30,753.4,755.4,749.5,750.6,131844
2026-01-16T10:45:00+05:30,750.25,752.55,748.0,748.25,42215
2026-01-16T11:00:00+05:30,748.1,750.5,746.95,749.75,49481
2026-01-16T11:15:00+05:30,749.85,751.85,749.4,751.65,26055
2026-01-16T11:30:00+05:30,751.7,753.0,751.0,751.95,24468
2026-01-16T11:45:00+05:30,751.95,752.9,751.05,751.3,24825
2026-01-16T12:00:00+05:30,751.3,753.95,751.3,753.45,26721
2026-01-16T12:15:00+05:30,753.45,753.85,750.65,750.75,23024
2026-01-16T12:30:00+05:30,750.95,753.0,750.6,751.3,32817
2026-01-16T12:45:00+05:30,751.3,752.35,750.4,750.55,18735
2026-01-16T13:00:00+05:30,750.95,751.2,748.15,748.9,29193
2026-01-16T13:15:00+05:30,748.55,749.95,744.0,744.8,58668
2026-01-16T13:30:00+05:30,744.8,745.3,741.1,741.55,47206
2026-01-16T13:45:00+05:30,741.65,745.0,740.8,743.35,43594
2026-01-16T14:00:00+05:30,743.35,744.85,742.45,743.95,18887
2026-01-16T14:15:00+05:30,743.4,744.95,741.85,744.1,23712
2026-01-16T14:30:00+05:30,744.15,746.65,742.95,745.4,54677
2026-01-16T14:45:00+05:30,745.35,745.35,742.45,744.15,41279
2026-01-16T15:00:00+05:30,743.8,743.8,737.75,739.4,123909
2026-01-16T15:15:00+05:30,739.6,743.7,737.65,740.0,119908
2026-01-19T09:15:00+05:30,739.7,748.6,734.0,740.15,114299
2026-01-19T09:30:00+05:30,740.2,742.85,737.4,738.6,70536
2026-01-19T09:45:00+05:30,738.65,751.0,737.75,750.0,157669
2026-01-19T10:00:00+05:30,749.9,752.5,746.5,750.0,82182
2026-01-19T10:15:00+05:30,750.0,750.0,739.8,741.25,89396
2026-01-19T10:30:00+05:30,741.25,744.45,740.75,742.65,37357
2026-01-19T10:45:00+05:30,742.8,744.05,741.3,744.0,15478
2026-01-19T11:00:00+05:30,744.0,744.5,738.1,739.55,36301
2026-01-19T11:15:00+05:30,739.55,739.55,735.05,735.3,32044
2026-01-19T11:30:00+05:30,735.15,736.75,734.0,736.25,18707
2026-01-19T11:45:00+05:30,736.45,737.45,735.2,735.45,11725
2026-01-19T12:00:00+05:30,735.45,735.95,730.75,732.55,28966
2026-01-19T12:15:00+05:30,732.8,735.0,731.6,731.6,18605
2026-01-19T12:30:00+05:30,732.0,732.75,730.0,731.75,29857
2026-01-19T12:45:00+05:30,731.9,734.2,731.4,733.4,8233
2026-01-19T13:00:00+05:30,733.4,733.95,732.0,732.55,6668
2026-01-19T13:15:00+05:30,732.25,733.9,731.75,733.0,9042
2026-01-19T13:30:00+05:30,732.6,734.85,730.65,734.5,10304
2026-01-19T13:45:00+05:30,734.4,736.85,732.5,735.8,22947
2026-01-19T14:00:00+05:30,735.85,739.0,732.8,733.05,27726
2026-01-19T14:15:00+05:30,732.65,735.45,732.3,732.45,9545
2026-01-19T14:30:00+05:30,732.7,739.5,732.55,737.95,53403
2026-01-19T14:45:00+05:30,738.0,742.8,738.0,741.1,64219
2026-01-19T15:00:00+05:30,741.15,741.6,738.4,740.45,46557
2026-01-19T15:15:00+05:30,740.45,741.0,736.6,738.7,69399
2026-01-20T09:15:00+05:30,742.0,744.85,730.1,731.1,193849
2026-01-20T09:30:00+05:30,730.8,737.45,729.65,735.3,109614
2026-01-20T09:45:00+05:30,734.8,739.65,732.0,736.6,67783
2026-01-20T10:00:00+05:30,736.6,743.4,736.6,741.25,89221
2026-01-20T10:15:00+05:30,740.55,746.25,740.45,741.85,62881
2026-01-20T10:30:00+05:30,741.6,744.15,740.6,742.6,21381
2026-01-20T10:45:00+05:30,742.6,743.85,741.4,742.2,19818
2026-01-20T11:00:00+05:30,742.05,744.25,742.0,742.5,20167
2026-01-20T11:15:00+05:30,742.5,745.9,742.5,745.5,37866
2026-01-20T11:30:00+05:30,745.05,745.5,743.5,743.6,10772
2026-01-20T11:45:00+05:30,743.6,745.3,742.0,744.9,14543
2026-01-20T12:00:00+05:30,744.9,745.2,742.0,742.0,24267
2026-01-20T12:15:00+05:30,742.0,743.0,737.7,739.5,54252
2026-01-20T12:30:00+05:30,739.5,742.05,738.8,739.9,16959
2026-01-20T12:45:00+05:30,739.7,741.35,739.5,741.05,18686
2026-01-20T13:00:00+05:30,740.95,741.0,737.45,738.15,12775
2026-01-20T13:15:00+05:30,738.15,738.45,736.6,737.95,11302
2026-01-20T13:30:00+05:30,737.55,737.95,731.0,731.75,30586
2026-01-20T13:45:00+05:30,731.75,732.4,726.7,728.25,66397
2026-01-20T14:00:00+05:30,728.25,729.95,725.35,726.6,42351
2026-01-20T14:15:00+05:30,726.25,729.55,725.35,729.5,32607
2026-01-20T14:30:00+05:30,729.55,733.25,729.0,732.35,45016
2026-01-20T14:45:00+05:30,732.75,736.75,728.0,735.45,82675
2026-01-20T15:00:00+05:30,735.35,736.0,730.3,732.1,171890
2026-01-20T15:15:00+05:30,732.05,733.95,729.5,732.0,184341
2026-01-21T09:15:00+05:30,732.6,740.15,727.1,729.15,193425
2026-01-21T09:30:00+05:30,729.65,733.3,726.0,728.05,115149
2026-01-21T09:45:00+05:30,727.55,731.65,727.0,728.4,76983
2026-01-21T10:00:00+05:30,728.65,731.35,725.05,728.65,87632
2026-01-21T10:15:00+05:30,728.3,729.2,722.8,725.15,63268
2026-01-21T10:30:00+05:30,725.7,725.7,720.0,720.25,57188
2026-01-21T10:45:00+05:30,720.25,721.25,711.1,713.65,99068
2026-01-21T11:00:00+05:30,713.1,717.0,713.1,715.5,49804
2026-01-21T11:15:00+05:30,715.3,722.0,714.65,719.4,84376
2026-01-21T11:30:00+05:30,719.25,720.6,716.2,716.5,15084
2026-01-21T11:45:00+05:30,716.25,719.95,715.65,717.65,19482
2026-01-21T12:00:00+05:30,717.65,722.7,717.65,722.7,33120
2026-01-21T12:15:00+05:30,722.35,724.6,721.0,721.0,30552
2026-01-21T12:30:00+05:30,721.25,726.0,721.0,724.5,24660
2026-01-21T12:45:00+05:30,724.5,726.5,722.45,723.6,17558
2026-01-21T13:00:00+05:30,723.7,724.75,720.8,721.55,14408
2026-01-21T13:15:00+05:30,721.7,722.45,720.2,720.65,15005
2026-01-21T13:30:00+05:30,720.5,720.85,716.2,717.35,16787
2026-01-21T13:45:00+05:30,717.35,717.5,714.1,714.45,18604
2026-01-21T14:00:00+05:30,714.45,716.8,711.25,712.05,58360
2026-01-21T14:15:00+05:30,712.0,715.05,710.3,710.95,30706
2026-01-21T14:30:00+05:30,710.95,722.65,710.55,717.6,194740
2026-01-21T14:45:00+05:30,717.5,721.5,713.5,714.85,111942
2026-01-21T15:00:00+05:30,714.65,715.5,708.35,708.7,94558
2026-01-21T15:15:00+05:30,708.8,712.5,708.35,711.2,144979
2026-01-22T09:15:00+05:30,730.4,758.2,730.0,749.55,1211599
2026-01-22T09:30:00+05:30,750.0,756.7,744.8,747.75,576541
2026-01-22T09:45:00+05:30,747.7,750.85,725.0,733.15,749622
2026-01-22T10:00:00+05:30,733.7,734.65,726.45,728.6,235117
2026-01-22T10:15:00+05:30,728.0,733.0,723.05,728.05,149735
2026-01-22T10:30:00+05:30,728.05,728.45,723.5,724.5,101595
2026-01-22T10:45:00+05:30,724.5,725.0,721.2,723.15,92687
2026-01-22T11:00:00+05:30,723.15,727.1,720.0,720.7,81033
2026-01-22T11:15:00+05:30,720.35,725.0,720.2,722.95,52618
2026-01-22T11:30:00+05:30,722.6,723.6,720.75,722.65,29667
2026-01-22T11:45:00+05:30,722.3,722.7,720.4,722.0,37778
2026-01-22T12:00:00+05:30,722.0,726.2,720.9,723.0,50468
2026-01-22T12:15:00+05:30,723.2,727.8,722.05,725.6,37657
2026-01-22T12:30:00+05:30,725.55,726.5,723.8,726.45,35711
2026-01-22T12:45:00+05:30,726.45,736.9,725.95,729.4,154491
2026-01-22T13:00:00+05:30,729.4,730.3,727.8,728.5,27601
2026-01-22T13:15:00+05:30,728.65,728.8,722.15,722.8,47670
2026-01-22T13:30:00+05:30,722.95,735.55,722.0,729.5,155799
2026-01-22T13:45:00+05:30,729.25,733.6,726.9,728.9,67892
2026-01-22T14:00:00+05:30,728.9,730.9,725.55,727.75,74707
2026-01-22T14:15:00+05:30,727.75,733.0,726.7,730.95,77943
2026-01-22T14:30:00+05:30,730.95,737.0,729.2,733.1,99468
2026-01-22T14:45:00+05:30,733.2,739.0,731.05,734.2,156224
2026-01-22T15:00:00+05:30,733.95,743.75,732.2,739.5,282907
2026-01-22T15:15:00+05:30,739.1,747.5,735.05,747.0,314906
2026-01-23T09:15:00+05:30,725.0,738.0,702.55,719.55,1262660
2026-01-23T09:30:00+05:30,719.5,719.65,705.0,709.65,482845
2026-01-23T09:45:00+05:30,710.0,711.85,705.0,708.8,329633
2026-01-23T10:00:00+05:30,708.8,711.5,706.55,709.05,140363
2026-01-23T10:15:00+05:30,708.95,709.7,706.7,707.7,94959
2026-01-23T10:30:00+05:30,708.0,712.8,704.0,711.5,297539
2026-01-23T10:45:00+05:30,711.8,716.15,709.0,713.5,186056
2026-01-23T11:00:00+05:30,713.5,713.5,706.0,708.5,123975
2026-01-23T11:15:00+05:30,708.75,709.5,706.0,708.3,61513
2026-01-23T11:30:00+05:30,708.2,711.95,707.0,709.95,86875
2026-01-23T11:45:00+05:30,709.5,717.95,709.35,713.75,261684
2026-01-23T12:00:00+05:30,713.7,713.9,706.1,706.6,162932
2026-01-23T12:15:00+05:30,706.2,711.25,705.05,709.35,85768
2026-01-23T12:30:00+05:30,709.3,713.0,707.8,708.7,83894
2026-01-23T12:45:00+05:30,708.2,710.15,706.0,706.5,91089
2026-01-23T13:00:00+05:30,706.8,709.75,705.1,706.0,80384
2026-01-23T13:15:00+05:30,706.0,707.55,704.0,704.4,112985
2026-01-23T13:30:00+05:30,704.35,710.8,704.0,706.25,135306
2026-01-23T13:45:00+05:30,706.25,708.9,706.05,707.7,45614
2026-01-23T14:00:00+05:30,707.7,713.95,707.25,709.95,131380
2026-01-23T14:15:00+05:30,709.8,710.4,706.05,707.2,70834
2026-01-23T14:30:00+05:30,707.2,707.25,693.45,694.75,387065
2026-01-23T14:45:00+05:30,694.45,700.9,692.4,693.95,297361
2026-01-23T15:00:00+05:30,693.95,694.05,680.55,681.95,437605
2026-01-23T15:15:00+05:30,681.9,682.75,675.2,680.0,449066
2026-01-27T09:15:00+05:30,683.55,710.65,683.55,709.85,608680
2026-01-27T09:30:00+05:30,710.25,721.0,703.6,707.9,784474
2026-01-27T09:45:00+05:30,708.55,713.75,702.2,713.75,258519
2026-01-27T10:00:00+05:30,713.65,717.25,711.6,716.75,251789
2026-01-27T10:15:00+05:30,716.75,716.85,706.05,708.6,158073
2026-01-27T10:30:00+05:30,708.6,711.5,705.65,709.85,126390
2026-01-27T10:45:00+05:30,709.95,711.7,708.25,710.9,75778
2026-01-27T11:00:00+05:30,710.9,714.5,709.65,712.4,93123
2026-01-27T11:15:00+05:30,712.4,712.85,705.3,706.75,145252
2026-01-27T11:30:00+05:30,707.0,717.75,705.35,715.5,270312
2026-01-27T11:45:00+05:30,715.9,717.0,712.8,716.8,72515
2026-01-27T12:00:00+05:30,716.8,717.0,714.0,714.85,46383
2026-01-27T12:15:00+05:30,714.85,716.9,713.5,714.8,67919
2026-01-27T12:30:00+05:30,714.8,715.3,710.05,712.0,78567
2026-01-27T12:45:00+05:30,711.7,712.0,707.1,710.6,95925
2026-01-27T13:00:00+05:30,710.6,711.65,707.35,711.45,66810
2026-01-27T13:15:00+05:30,711.5,712.0,707.05,710.3,114955
2026-01-27T13:30:00+05:30,710.7,710.75,704.7,708.45,154633
2026-01-27T13:45:00+05:30,708.35,709.85,708.15,709.75,54496
2026-01-27T14:00:00+05:30,709.75,709.75,707.2,709.65,48581
2026-01-27T14:15:00+05:30,709.5,710.0,707.9,708.0,55044
2026-01-27T14:30:00+05:30,708.15,713.4,708.05,709.6,168683
2026-01-27T14:45:00+05:30,709.6,712.4,708.1,710.7,97128
2026-01-27T15:00:00+05:30,710.4,710.6,705.2,707.5,189883
2026-01-27T15:15:00+05:30,707.5,710.0,706.0,706.75,267946
2026-01-28T09:15:00+05:30,708.1,719.8,707.55,711.9,131451
2026-01-28T09:30:00+05:30,711.9,713.15,708.5,710.45,52935
2026-01-28T09:45:00+05:30,710.45,711.2,706.95,707.45,40429
2026-01-28T10:00:00+05:30,707.4,708.1,705.05,706.7,28690
2026-01-28T10:15:00+05:30,706.65,706.65,703.1,703.1,37601
2026-01-28T10:30:00+05:30,703.2,704.7,701.0,702.0,50205
2026-01-28T10:45:00+05:30,702.0,703.65,701.2,702.6,30322
2026-01-28T11:00:00+05:30,702.6,706.8,702.6,705.15,34172
2026-01-28T11:15:00+05:30,705.05,705.5,703.2,704.65,13609
2026-01-28T11:30:00+05:30,704.95,704.95,702.7,702.95,8493
2026-01-28T11:45:00+05:30,703.0,707.9,702.95,707.35,20571
2026-01-28T12:00:00+05:30,707.1,710.3,707.05,708.75,58710
2026-01-28T12:15:00+05:30,708.75,710.0,706.15,706.65,22661
2026-01-28T12:30:00+05:30,706.35,707.9,706.35,707.35,9074
2026-01-28T12:45:00+05:30,707.1,708.05,707.1,707.9,12052
2026-01-28T13:00:00+05:30,707.55,709.7,707.55,708.7,8115
2026-01-28T13:15:00+05:30,708.75,710.9,707.1,707.65,19619
2026-01-28T13:30:00+05:30,707.65,712.0,706.0,709.0,64557
2026-01-28T13:45:00+05:30,709.0,711.2,706.5,707.1,29469
2026-01-28T14:00:00+05:30,707.1,708.0,705.15,705.75,29348
2026-01-28T14:15:00+05:30,705.75,706.3,705.05,705.65,16273
2026-01-28T14:30:00+05:30,706.0,707.4,705.4,706.0,57012
2026-01-28T14:45:00+05:30,706.0,712.35,705.5,709.3,406492
2026-01-28T15:00:00+05:30,709.45,715.4,709.3,714.5,163684
2026-01-28T15:15:00+05:30,714.65,719.95,714.25,719.95,143073
2026-01-29T09:15:00+05:30,717.0,726.95,713.6,714.45,125679
2026-01-29T09:30:00+05:30,714.5,714.5,708.5,710.4,86692
2026-01-29T09:45:00+05:30,710.0,710.8,706.0,706.65,75497
2026-01-29T10:00:00+05:30,706.8,707.9,703.9,706.55,55766
2026-01-29T10:15:00+05:30,706.55,706.7,704.2,704.3,29474
2026-01-29T10:30:00+05:30,704.2,707.3,704.1,706.45,24368
2026-01-29T10:45:00+05:30,706.0,706.9,705.0,706.5,19590
2026-01-29T11:00:00+05:30,706.4,708.0,704.5,705.1,22915
2026-01-29T11:15:00+05:30,705.2,711.85,705.1,708.0,38482
2026-01-29T11:30:00+05:30,708.0,708.75,706.55,707.7,10989
2026-01-29T11:45:00+05:30,707.75,708.0,704.05,705.55,30532
2026-01-29T12:00:00+05:30,705.55,706.1,704.05,704.8,13330
2026-01-29T12:15:00+05:30,704.95,706.95,704.7,705.75,17449
2026-01-29T12:30:00+05:30,705.75,706.85,705.0,705.4,14160
2026-01-29T12:45:00+05:30,705.55,711.95,705.0,709.5,37162
2026-01-29T13:00:00+05:30,709.3,718.4,709.0,716.3,273371
2026-01-29T13:15:00+05:30,716.3,717.05,713.75,713.75,39389
2026-01-29T13:30:00+05:30,713.7,719.55,713.6,716.25,68213
2026-01-29T13:45:00+05:30,716.25,717.3,714.75,716.8,115120
2026-01-29T14:00:00+05:30,716.55,720.75,714.3,715.8,58294
2026-01-29T14:15:00+05:30,716.0,716.8,714.85,716.05,24240
2026-01-29T14:30:00+05:30,716.3,718.65,716.25,716.6,38664
2026-01-29T14:45:00+05:30,716.7,716.7,714.3,714.55,22796
2026-01-29T15:00:00+05:30,714.6,714.85,711.85,713.3,63457
2026-01-29T15:15:00+05:30,713.55,716.35,713.05,714.0,86675
2026-01-30T09:15:00+05:30,712.8,713.0,706.15,708.85,79726
2026-01-30T09:30:00+05:30,708.65,717.3,708.4,715.65,58635
2026-01-30T09:45:00+05:30,715.65,722.8,715.65,722.1,106021
2026-01-30T10:00:00+05:30,722.5,725.9,720.4,725.8,98353
2026-01-30T10:15:00+05:30,725.7,729.8,723.0,723.4,79659
2026-01-30T10:30:00+05:30,723.5,729.65,723.5,725.8,65372
2026-01-30T10:45:00+05:30,725.8,727.5,724.0,726.6,32808
2026-01-30T11:00:00+05:30,726.6,727.05,720.2,720.65,31789
2026-01-30T11:15:00+05:30,720.65,721.5,718.75,720.5,28239
2026-01-30T11:30:00+05:30,720.05,724.15,719.1,721.8,36613
2026-01-30T11:45:00+05:30,722.0,728.05,720.05,726.75,69460
2026-01-30T12:00:00+05:30,726.8,727.0,722.2,722.7,46773
2026-01-30T12:15:00+05:30,723.0,723.3,720.0,721.55,21688
2026-01-30T12:30:00+05:30,721.55,724.65,720.55,723.8,14930
2026-01-30T12:45:00+05:30,723.4,726.25,722.75,725.05,15846
2026-01-30T13:00:00+05:30,725.05,725.65,720.0,720.0,20307
2026-01-30T13:15:00+05:30,720.0,720.0,715.5,719.0,70950
2026-01-30T13:30:00+05:30,719.3,722.35,718.2,721.5,18427
2026-01-30T13:45:00+05:30,721.95,723.7,720.6,721.85,12947
2026-01-30T14:00:00+05:30,721.85,724.45,721.2,724.15,34972
2026-01-30T14:15:00+05:30,724.35,728.9,723.0,723.5,55435
2026-01-30T14:30:00+05:30,723.05,724.0,719.4,720.0,50306
2026-01-30T14:45:00+05:30,720.0,722.0,718.1,721.0,34290
2026-01-30T15:00:00+05:30,721.0,721.95,717.3,717.95,49810
2026-01-30T15:15:00+05:30,718.0,724.6,717.45,720.05,80017
2026-02-01T09:15:00+05:30,724.0,738.95,723.45,730.0,146538
2026-02-01T09:30:00+05:30,730.25,730.35,719.3,725.85,75133
2026-02-01T09:45:00+05:30,725.75,733.05,725.75,728.3,49984
2026-02-01T10:00:00+05:30,728.7,729.75,728.0,729.0,8468
2026-02-01T10:15:00+05:30,729.0,729.7,725.55,725.6,17728
2026-02-01T10:30:00+05:30,725.3,727.9,724.6,726.5,17322
2026-02-01T10:45:00+05:30,726.5,726.9,723.6,724.5,23367
2026-02-01T11:00:00+05:30,724.85,725.7,718.1,720.6,69812
2026-02-01T11:15:00+05:30,720.2,721.3,719.0,720.5,25057
2026-02-01T11:30:00+05:30,720.0,723.3,717.35,718.5,20577
2026-02-01T11:45:00+05:30,718.0,720.0,715.95,716.2,26870
2026-02-01T12:00:00+05:30,716.2,716.2,707.05,711.15,62745
2026-02-01T12:15:00+05:30,711.0,711.0,687.55,688.0,154542
2026-02-01T12:30:00+05:30,687.5,699.45,660.0,699.1,200911
2026-02-01T12:45:00+05:30,699.05,702.45,696.5,701.5,50991
2026-02-01T13:00:00+05:30,701.5,706.0,700.65,703.75,35724
2026-02-01T13:15:00+05:30,703.65,703.85,695.75,696.1,25950
2026-02-01T13:30:00+05:30,696.3,701.95,694.8,701.45,25969
2026-02-01T13:45:00+05:30,701.45,704.0,695.6,697.9,19784
2026-02-01T14:00:00+05:30,697.3,701.95,697.25,698.9,31163
2026-02-01T14:15:00+05:30,698.85,703.75,698.15,701.7,10952
2026-02-01T14:30:00+05:30,701.65,702.1,697.5,698.85,20173
2026-02-01T14:45:00+05:30,698.6,699.6,690.0,690.25,51022
2026-02-01T15:00:00+05:30,690.25,695.55,690.0,690.0,47489
2026-02-01T15:15:00+05:30,690.1,697.0,685.05,693.7,83269
2026-02-02T09:15:00+05:30,693.7,701.4,692.05,698.0,118355
2026-02-02T09:30:00+05:30,698.0,711.0,698.0,708.0,153907
2026-02-02T09:45:00+05:30,708.0,720.0,706.15,715.45,216225
2026-02-02T10:00:00+05:30,715.45,715.45,706.35,712.9,120306
2026-02-02T10:15:00+05:30,712.75,715.95,711.7,712.65,70358
2026-02-02T10:30:00+05:30,712.6,717.5,712.2,716.75,59905
2026-02-02T10:45:00+05:30,716.75,717.85,710.45,710.65,57408
2026-02-02T11:00:00+05:30,711.0,711.0,707.15,710.05,54860
2026-02-02T11:15:00+05:30,709.65,710.25,706.05,709.5,48371
2026-02-02T11:30:00+05:30,709.75,718.5,709.35,716.05,104452
2026-02-02T11:45:00+05:30,716.05,716.8,713.2,714.85,34852
2026-02-02T12:00:00+05:30,714.85,718.0,714.0,717.05,61109
2026-02-02T12:15:00+05:30,717.05,718.4,714.65,717.9,57841
2026-02-02T12:30:00+05:30,717.85,717.85,715.0,715.25,24565
2026-02-02T12:45:00+05:30,715.0,717.9,714.65,717.0,35204
2026-02-02T13:00:00+05:30,716.9,725.8,716.5,722.2,410213
2026-02-02T13:15:00+05:30,722.2,722.4,718.6,721.75,92464
2026-02-02T13:30:00+05:30,721.9,724.5,720.3,723.5,66909
2026-02-02T13:45:00+05:30,723.5,724.95,721.85,722.0,41454
2026-02-02T14:00:00+05:30,722.0,723.75,720.25,722.0,74100
2026-02-02T14:15:00+05:30,722.0,728.5,721.35,727.55,116416
2026-02-02T14:30:00+05:30,727.55,729.8,726.1,728.6,98455
2026-02-02T14:45:00+05:30,728.6,732.0,728.35,731.45,118978
2026-02-02T15:00:00+05:30,731.75,735.0,731.75,735.0,160630
2026-02-02T15:15:00+05:30,735.0,738.0,732.2,738.0,193510
2026-02-03T09:15:00+05:30,800.0,800.0,781.5,794.25,1323331
2026-02-03T09:30:00+05:30,794.45,804.0,789.25,793.9,702665
2026-02-03T09:45:00+05:30,793.85,804.0,791.9,799.1,354522
2026-02-03T10:00:00+05:30,799.4,801.4,796.5,799.0,188523
2026-02-03T10:15:00+05:30,799.0,806.65,798.8,802.75,296206
2026-02-03T10:30:00+05:30,802.65,807.6,796.5,796.65,639571
2026-02-03T10:45:00+05:30,797.25,800.9,790.3,799.85,372197
2026-02-03T11:00:00+05:30,799.85,804.0,797.25,798.4,196142
2026-02-03T11:15:00+05:30,798.4,801.0,796.3,799.1,76938
2026-02-03T11:30:00+05:30,799.1,805.85,797.05,802.1,145420
2026-02-03T11:45:00+05:30,802.2,802.9,798.4,800.95,75636
2026-02-03T12:00:00+05:30,800.75,803.75,800.25,802.5,74382
2026-02-03T12:15:00+05:30,802.5,805.85,801.7,804.9,62044
2026-02-03T12:30:00+05:30,804.8,808.95,798.4,800.4,217702
2026-02-03T12:45:00+05:30,800.35,802.0,797.5,799.85,109545
2026-02-03T13:00:00+05:30,799.75,800.2,796.45,796.85,64775
2026-02-03T13:15:00+05:30,797.05,798.5,796.0,797.1,63301
2026-02-03T13:30:00+05:30,797.2,798.15,794.0,797.8,75541
2026-02-03T13:45:00+05:30,797.8,800.0,797.05,798.45,74941
2026-02-03T14:00:00+05:30,798.4,798.45,795.0,795.0,66118
2026-02-03T14:15:00+05:30,795.0,796.1,793.45,794.75,55676
2026-02-03T14:30:00+05:30,794.75,794.8,788.05,794.0,272465
2026-02-03T14:45:00+05:30,794.0,794.9,790.6,793.35,164412
2026-02-03T15:00:00+05:30,792.9,795.0,788.6,791.25,291758
2026-02-03T15:15:00+05:30,791.75,794.65,786.85,790.5,381795
2026-02-04T09:15:00+05:30,783.95,784.0,765.4,766.45,316038
2026-02-04T09:30:00+05:30,767.45,779.0,765.1,775.9,143490
2026-02-04T09:45:00+05:30,776.3,780.5,774.95,777.55,70979
2026-02-04T10:00:00+05:30,777.85,777.95,773.75,774.85,52549
2026-02-04T10:15:00+05:30,776.0,777.4,774.1,775.0,35997
2026-02-04T10:30:00+05:30,774.85,776.4,772.65,775.9,35840
2026-02-04T10:45:00+05:30,776.4,776.4,774.4,775.25,20475
2026-02-04T11:00:00+05:30,775.25,780.0,774.4,780.0,37671
2026-02-04T11:15:00+05:30,780.0,788.9,779.85,786.7,149620
2026-02-04T11:30:00+05:30,786.0,790.65,784.0,788.25,78323
2026-02-04T11:45:00+05:30,788.45,790.0,781.7,785.55,105715
2026-02-04T12:00:00+05:30,785.2,789.85,784.0,789.0,35690
2026-02-04T12:15:00+05:30,788.6,790.45,788.25,789.9,32737
2026-02-04T12:30:00+05:30,789.9,790.15,784.0,785.85,41069
2026-02-04T12:45:00+05:30,785.5,789.1,783.3,788.5,49891
2026-02-04T13:00:00+05:30,788.85,789.8,787.8,789.4,27585
2026-02-04T13:15:00+05:30,789.4,791.1,788.05,788.9,30038
2026-02-04T13:30:00+05:30,788.65,789.0,786.35,787.5,39185
2026-02-04T13:45:00+05:30,787.5,789.85,786.5,788.0,30942
2026-02-04T14:00:00+05:30,788.0,788.2,784.35,785.55,36431
2026-02-04T14:15:00+05:30,785.85,786.4,780.75,781.75,50663
2026-02-04T14:30:00+05:30,782.0,784.4,781.75,783.25,40271
2026-02-04T14:45:00+05:30,783.0,784.8,781.0,783.75,51447
2026-02-04T15:00:00+05:30,783.75,784.1,780.4,782.45,50231
2026-02-04T15:15:00+05:30,782.25,783.0,779.0,779.8,116688
2026-02-05T09:15:00+05:30,780.75,784.6,774.1,778.15,108602
2026-02-05T09:30:00+05:30,778.7,780.0,768.75,769.5,68489
2026-02-05T09:45:00+05:30,769.4,772.55,767.75,770.9,51021
2026-02-05T10:00:00+05:30,770.95,779.8,769.6,779.5,41413
2026-02-05T10:15:00+05:30,779.5,782.2,777.5,780.8,46447
2026-02-05T10:30:00+05:30,780.8,780.95,774.6,775.35,37816
2026-02-05T10:45:00+05:30,775.35,776.45,773.3,774.4,19237
2026-02-05T11:00:00+05:30,774.4,778.0,774.05,777.55,15949
2026-02-05T11:15:00+05:30,777.15,778.6,776.05,777.85,8241
2026-02-05T11:30:00+05:30,778.1,779.0,775.8,778.45,8971
2026-02-05T11:45:00+05:30,778.45,778.5,775.35,778.1,9279
2026-02-05T12:00:00+05:30,778.2,779.0,777.35,778.0,11455
2026-02-05T12:15:00+05:30,778.0,778.3,775.5,775.8,12344
2026-02-05T12:30:00+05:30,776.0,777.0,775.4,776.65,7619
2026-02-05T12:45:00+05:30,776.65,777.95,776.05,777.05,11627
2026-02-05T13:00:00+05:30,777.0,777.7,776.45,777.35,15706
2026-02-05T13:15:00+05:30,777.1,777.85,772.75,773.35,17379
2026-02-05T13:30:00+05:30,773.35,776.4,773.0,775.4,12371
2026-02-05T13:45:00+05:30,775.5,775.65,772.2,773.65,16558
2026-02-05T14:00:00+05:30,773.5,773.5,769.05,772.55,24650
2026-02-05T14:15:00+05:30,772.45,772.8,771.3,772.6,14574
2026-02-05T14:30:00+05:30,772.4,776.15,772.25,775.0,17225
2026-02-05T14:45:00+05:30,775.0,781.7,773.9,781.7,115728
2026-02-05T15:00:00+05:30,781.5,791.1,780.7,791.0,189740
2026-02-05T15:15:00+05:30,791.4,794.0,785.4,793.7,183855
2026-02-06T09:15:00+05:30,785.95,796.75,782.2,793.7,123393
2026-02-06T09:30:00+05:30,792.95,795.7,790.75,791.8,70207
2026-02-06T09:45:00+05:30,791.75,798.75,788.5,790.65,64267
2026-02-06T10:00:00+05:30,790.65,792.7,787.9,791.5,53461
2026-02-06T10:15:00+05:30,791.3,793.35,789.1,790.2,32053
2026-02-06T10:30:00+05:30,790.1,790.5,788.05,788.55,14964
2026-02-06T10:45:00+05:30,788.3,788.5,785.5,786.4,16276
2026-02-06T11:00:00+05:30,786.35,791.9,786.35,791.5,17771
2026-02-06T11:15:00+05:30,792.0,792.95,790.05,792.0,14001
2026-02-06T11:30:00+05:30,791.7,799.7,791.45,797.2,78048
2026-02-06T11:45:00+05:30,797.2,798.9,791.0,793.5,39272
2026-02-06T12:00:00+05:30,793.6,794.85,783.5,785.0,65745
2026-02-06T12:15:00+05:30,784.95,785.95,782.5,783.0,24708
2026-02-06T12:30:00+05:30,783.55,785.4,781.35,784.35,15900
2026-02-06T12:45:00+05:30,784.9,787.9,784.35,785.3,14838
2026-02-06T13:00:00+05:30,786.0,786.05,783.9,785.2,7443
2026-02-06T13:15:00+05:30,785.2,785.8,785.0,785.35,4550
2026-02-06T13:30:00+05:30,785.6,785.6,783.65,784.25,7696
2026-02-06T13:45:00+05:30,784.4,785.05,783.15,783.75,8561
2026-02-06T14:00:00+05:30,783.75,787.85,783.6,785.8,21740
2026-02-06T14:15:00+05:30,786.0,790.95,785.4,789.25,38009
2026-02-06T14:30:00+05:30,789.25,792.25,787.65,791.6,19744
2026-02-06T14:45:00+05:30,791.6,794.9,789.5,794.3,33285
2026-02-06T15:00:00+05:30,794.2,798.0,792.85,795.75,88472
2026-02-06T15:15:00+05:30,796.15,796.15,793.0,793.5,77875
2026-02-09T09:15:00+05:30,800.0,804.85,797.35,801.9,104810
2026-02-09T09:30:00+05:30,801.9,802.75,798.05,799.2,66030
2026-02-09T09:45:00+05:30,799.5,802.85,798.65,800.75,31231
2026-02-09T10:00:00+05:30,800.9,801.8,797.05,799.5,68461
2026-02-09T10:15:00+05:30,799.5,806.85,798.85,802.65,83706
2026-02-09T10:30:00+05:30,801.9,802.4,800.85,801.9,12229
2026-02-09T10:45:00+05:30,801.85,802.0,799.1,801.05,15338
2026-02-09T11:00:00+05:30,801.5,803.7,800.0,800.25,20279
2026-02-09T11:15:00+05:30,800.65,802.25,798.6,801.35,77378
2026-02-09T11:30:00+05:30,801.65,801.65,800.0,800.3,11066
2026-02-09T11:45:00+05:30,800.5,802.5,800.1,801.05,62221
2026-02-09T12:00:00+05:30,801.35,801.5,800.45,801.45,7060
2026-02-09T12:15:00+05:30,801.1,801.45,801.0,801.0,7375
2026-02-09T12:30:00+05:30,801.0,801.0,799.1,800.0,26269
2026-02-09T12:45:00+05:30,799.75,800.0,797.1,797.35,21489
2026-02-09T13:00:00+05:30,797.35,798.5,797.35,798.5,5650
2026-02-09T13:15:00+05:30,798.5,798.85,795.05,795.4,17461
2026-02-09T13:30:00+05:30,795.2,797.55,791.35,796.7,35318
2026-02-09T13:45:00+05:30,796.7,816.6,796.2,798.4,314274
2026-02-09T14:00:00+05:30,798.15,804.55,796.45,798.5,56093
2026-02-09T14:15:00+05:30,798.45,801.8,797.9,801.0,16082
2026-02-09T14:30:00+05:30,801.4,809.7,800.85,807.5,131915
2026-02-09T14:45:00+05:30,807.4,807.5,801.0,802.9,120349
2026-02-09T15:00:00+05:30,802.9,806.9,800.45,805.85,110473
2026-02-09T15:15:00+05:30,805.85,814.0,804.55,813.6,158005
2026-02-10T09:15:00+05:30,810.45,826.0,807.4,817.5,190473
2026-02-10T09:30:00+05:30,817.0,817.45,812.8,816.0,53615
2026-02-10T09:45:00+05:30,816.0,816.7,810.05,813.7,50848
2026-02-10T10:00:00+05:30,813.9,817.2,812.0,815.85,35296
2026-02-10T10:15:00+05:30,815.85,821.9,814.1,820.5,31320
2026-02-10T10:30:00+05:30,820.5,824.0,817.0,818.25,58855
2026-02-10T10:45:00+05:30,817.75,819.2,817.2,819.0,11927
2026-02-10T11:00:00+05:30,819.1,821.45,817.95,818.25,12993
2026-02-10T11:15:00+05:30,818.7,819.45,817.6,818.15,9992
2026-02-10T11:30:00+05:30,818.25,823.95,818.25,819.5,43724
2026-02-10T11:45:00+05:30,819.1,823.7,818.05,821.0,24182
2026-02-10T12:00:00+05:30,821.0,822.0,818.25,820.3,26721
2026-02-10T12:15:00+05:30,820.3,822.0,817.55,818.1,20159
2026-02-10T12:30:00+05:30,818.1,819.0,813.2,814.0,32602
2026-02-10T12:45:00+05:30,814.45,816.7,812.9,815.45,47043
2026-02-10T13:00:00+05:30,815.65,822.8,815.25,821.4,78102
2026-02-10T13:15:00+05:30,820.9,820.9,813.5,813.55,35510
2026-02-10T13:30:00+05:30,813.5,817.6,813.1,817.0,18394
2026-02-10T13:45:00+05:30,816.75,817.6,814.45,814.75,13097
2026-02-10T14:00:00+05:30,814.9,816.0,813.5,813.75,17936
2026-02-10T14:15:00+05:30,814.25,816.3,814.0,816.1,9773
2026-02-10T14:30:00+05:30,816.1,825.0,815.95,824.8,80234
2026-02-10T14:45:00+05:30,824.8,827.7,822.4,824.35,134692
2026-02-10T15:00:00+05:30,824.6,826.25,822.35,824.8,97249
2026-02-10T15:15:00+05:30,824.25,825.8,820.0,824.65,135779
2026-02-11T09:15:00+05:30,828.5,833.85,802.45,804.0,371913
2026-02-11T09:30:00+05:30,804.25,806.6,783.25,787.1,539962
2026-02-11T09:45:00+05:30,787.55,799.15,784.4,793.05,289097
2026-02-11T10:00:00+05:30,792.5,795.8,788.0,789.0,208405
2026-02-11T10:15:00+05:30,789.0,790.35,778.2,780.35,371272
2026-02-11T10:30:00+05:30,780.35,789.5,779.25,788.0,220203
2026-02-11T10:45:00+05:30,788.0,789.1,784.4,786.4,75926
2026-02-11T11:00:00+05:30,786.4,790.0,785.05,786.3,59327
2026-02-11T11:15:00+05:30,786.3,787.9,784.0,785.15,60519
2026-02-11T11:30:00+05:30,785.15,786.35,784.7,785.05,29635
2026-02-11T11:45:00+05:30,785.05,786.5,782.0,783.8,80840
2026-02-11T12:00:00+05:30,783.6,785.15,783.0,783.9,40529
2026-02-11T12:15:00+05:30,783.95,784.55,781.5,782.95,61199
2026-02-11T12:30:00+05:30,782.4,783.3,780.1,781.0,80696
2026-02-11T12:45:00+05:30,780.7,784.0,780.05,782.7,45120
2026-02-11T13:00:00+05:30,782.7,783.6,782.1,782.75,33420
2026-02-11T13:15:00+05:30,782.5,784.8,782.1,782.55,36100
2026-02-11T13:30:00+05:30,782.55,783.5,781.0,781.55,45849
2026-02-11T13:45:00+05:30,781.4,782.3,778.9,779.05,66966
2026-02-11T14:00:00+05:30,779.05,783.7,777.05,783.2,92626
2026-02-11T14:15:00+05:30,783.0,783.15,778.3,780.0,61850
2026-02-11T14:30:00+05:30,780.1,780.1,775.5,775.9,182588
2026-02-11T14:45:00+05:30,775.9,776.95,772.6,775.5,180044
2026-02-11T15:00:00+05:30,775.8,782.0,775.5,781.15,261765
2026-02-11T15:15:00+05:30,781.25,783.0,780.1,782.5,353173
2026-02-12T09:15:00+05:30,780.4,780.55,773.0,774.1,134497
2026-02-12T09:30:00+05:30,774.15,774.95,771.05,771.7,57353
2026-02-12T09:45:00+05:30,771.65,774.25,768.4,769.95,79517
2026-02-12T10:00:00+05:30,769.95,771.8,768.3,771.4,37516
2026-02-12T10:15:00+05:30,771.4,774.25,768.0,773.95,68031
2026-02-12T10:30:00+05:30,773.95,775.0,769.6,771.15,33634
2026-02-12T10:45:00+05:30,771.15,773.0,769.85,771.9,24326
2026-02-12T11:00:00+05:30,771.8,772.4,770.05,770.15,25356
2026-02-12T11:15:00+05:30,770.15,774.0,769.6,774.0,91171
2026-02-12T11:30:00+05:30,773.95,775.5,771.45,772.85,17141
2026-02-12T11:45:00+05:30,773.45,773.45,770.5,771.65,9194
2026-02-12T12:00:00+05:30,771.65,772.65,770.3,770.5,10381
2026-02-12T12:15:00+05:30,770.5,773.15,770.5,771.75,14668
2026-02-12T12:30:00+05:30,771.95,773.7,771.45,773.0,30227
2026-02-12T12:45:00+05:30,773.0,773.35,772.35,773.2,6435
2026-02-12T13:00:00+05:30,772.85,776.9,772.3,773.0,23230
2026-02-12T13:15:00+05:30,773.0,774.55,772.55,773.1,9345
2026-02-12T13:30:00+05:30,773.6,774.0,773.0,773.7,2981
2026-02-12T13:45:00+05:30,773.6,773.75,772.0,772.6,13777
2026-02-12T14:00:00+05:30,772.8,773.65,772.8,773.15,15357
2026-02-12T14:15:00+05:30,773.15,773.7,772.65,772.8,11296
2026-02-12T14:30:00+05:30,772.8,774.45,772.15,773.6,20292
2026-02-12T14:45:00+05:30,773.25,773.6,770.4,773.3,37992
2026-02-12T15:00:00+05:30,773.0,773.25,770.0,770.9,89069
2026-02-12T15:15:00+05:30,770.65,774.0,770.1,773.8,122333
2026-02-13T09:15:00+05:30,770.0,770.0,752.2,752.2,164118
2026-02-13T09:30:00+05:30,752.4,755.4,750.05,753.9,80105
2026-02-13T09:45:00+05:30,754.0,754.2,749.0,749.55,51182
2026-02-13T10:00:00+05:30,749.05,751.55,748.5,748.5,35323
2026-02-13T10:15:00+05:30,748.7,751.0,747.5,750.0,30032
2026-02-13T10:30:00+05:30,750.25,754.85,749.7,753.35,37871
2026-02-13T10:45:00+05:30,752.85,753.3,751.0,751.35,14492
2026-02-13T11:00:00+05:30,751.35,752.05,749.0,750.95,24961
2026-02-13T11:15:00+05:30,750.95,752.95,750.55,751.7,18562
2026-02-13T11:30:00+05:30,751.7,753.6,750.3,753.2,13911
2026-02-13T11:45:00+05:30,753.7,756.9,753.2,755.25,43560
2026-02-13T12:00:00+05:30,755.75,762.2,754.05,760.4,36670
2026-02-13T12:15:00+05:30,760.4,761.4,756.35,759.1,23114
2026-02-13T12:30:00+05:30,759.2,759.75,757.05,758.55,13691
2026-02-13T12:45:00+05:30,758.55,760.5,757.2,758.4,18416
2026-02-13T13:00:00+05:30,758.35,761.0,755.75,760.25,20792
2026-02-13T13:15:00+05:30,760.0,760.85,757.65,758.2,12751
2026-02-13T13:30:00+05:30,758.2,760.8,757.85,760.65,7463
2026-02-13T13:45:00+05:30,760.6,760.6,757.75,759.65,12152
2026-02-13T14:00:00+05:30,759.85,760.6,755.8,759.5,16212
2026-02-13T14:15:00+05:30,759.05,759.45,756.55,757.6,7284
2026-02-13T14:30:00+05:30,758.0,769.8,756.55,768.15,101396
2026-02-13T14:45:00+05:30,768.4,768.7,762.0,764.75,100939
2026-02-13T15:00:00+05:30,764.85,764.85,757.1,758.7,131637
2026-02-13T15:15:00+05:30,758.7,760.7,755.0,755.05,123306
2026-02-16T09:15:00+05:30,753.65,767.4,750.35,759.3,106754
2026-02-16T09:30:00+05:30,759.5,767.0,758.0,758.45,51134
2026-02-16T09:45:00+05:30,758.45,758.8,754.05,758.4,31914
2026-02-16T10:00:00+05:30,758.85,763.65,758.3,762.5,24815
2026-02-16T10:15:00+05:30,762.2,762.95,756.9,758.05,47379
2026-02-16T10:30:00+05:30,757.65,760.3,757.4,758.5,11710
2026-02-16T10:45:00+05:30,758.5,759.45,757.1,759.15,5212
2026-02-16T11:00:00+05:30,759.25,759.25,758.1,758.75,4208
2026-02-16T11:15:00+05:30,758.75,760.2,758.1,758.7,15860
2026-02-16T11:30:00+05:30,758.95,759.6,757.6,757.7,26669
2026-02-16T11:45:00+05:30,757.7,760.0,755.25,757.45,24604
2026-02-16T12:00:00+05:30,757.3,757.9,756.0,757.4,6707
2026-02-16T12:15:00+05:30,757.4,759.75,757.0,759.0,9110
2026-02-16T12:30:00+05:30,759.4,763.6,759.25,761.8,20350
2026-02-16T12:45:00+05:30,762.0,766.5,761.4,762.2,44299
2026-02-16T13:00:00+05:30,762.2,763.25,761.0,762.95,8827
2026-02-16T13:15:00+05:30,762.8,764.15,762.2,763.55,8539
2026-02-16T13:30:00+05:30,763.95,763.95,762.3,762.4,13346
2026-02-16T13:45:00+05:30,762.8,765.95,762.35,763.65,17731
2026-02-16T14:00:00+05:30,764.0,764.95,763.05,763.9,9467
2026-02-16T14:15:00+05:30,764.2,766.0,763.55,765.15,16519
2026-02-16T14:30:00+05:30,765.15,766.5,764.25,764.9,11831
2026-02-16T14:45:00+05:30,764.9,766.5,763.8,766.4,19488
2026-02-16T15:00:00+05:30,766.15,766.4,764.1,764.55,25044
2026-02-16T15:15:00+05:30,764.5,764.95,760.0,761.0,80624
2026-02-17T09:15:00+05:30,756.8,761.95,751.4,752.5,78223
2026-02-17T09:30:00+05:30,752.35,764.85,750.9,763.35,58582
2026-02-17T09:45:00+05:30,763.35,767.0,762.05,765.6,75887
2026-02-17T10:00:00+05:30,765.85,766.8,764.1,765.7,15787
2026-02-17T10:15:00+05:30,765.7,766.0,763.05,764.3,20059
2026-02-17T10:30:00+05:30,764.4,764.85,760.6,761.0,26875
2026-02-17T10:45:00+05:30,761.0,762.9,760.5,761.95,10070
2026-02-17T11:00:00+05:30,762.05,763.5,761.65,763.3,8160
2026-02-17T11:15:00+05:30,763.3,764.35,762.85,763.3,10784
2026-02-17T11:30:00+05:30,763.3,765.0,763.3,763.75,16849
2026-02-17T11:45:00+05:30,763.9,764.55,763.0,763.35,7593
2026-02-17T12:00:00+05:30,763.3,763.85,762.0,762.0,5008
2026-02-17T12:15:00+05:30,762.0,763.5,761.5,763.3,6830
2026-02-17T12:30:00+05:30,763.4,763.55,761.0,761.8,20391
2026-02-17T12:45:00+05:30,761.8,763.9,761.45,761.8,26275
2026-02-17T13:00:00+05:30,761.8,763.65,760.55,761.7,17260
2026-02-17T13:15:00+05:30,761.95,762.0,760.5,761.0,9503
2026-02-17T13:30:00+05:30,761.05,762.4,761.0,761.85,10132
2026-02-17T13:45:00+05:30,761.65,761.95,760.5,760.6,14354
2026-02-17T14:00:00+05:30,760.7,764.0,760.7,761.65,25475
2026-02-17T14:15:00+05:30,761.7,762.5,758.7,759.45,127649
2026-02-17T14:30:00+05:30,759.45,760.95,757.4,760.25,140451
2026-02-17T14:45:00+05:30,760.55,761.65,758.5,761.6,26182
2026-02-17T15:00:00+05:30,761.6,762.75,758.6,759.35,30070
2026-02-17T15:15:00+05:30,759.45,760.1,756.7,758.15,49658
2026-02-18T09:15:00+05:30,759.3,759.95,754.2,755.05,66708
2026-02-18T09:30:00+05:30,755.85,764.05,753.0,759.9,98641
2026-02-18T09:45:00+05:30,759.55,759.55,748.2,749.4,65952
2026-02-18T10:00:00+05:30,749.4,756.75,747.95,754.3,61085
2026-02-18T10:15:00+05:30,754.0,754.05,749.0,751.8,17168
2026-02-18T10:30:00+05:30,751.8,758.9,750.05,757.0,31515
2026-02-18T10:45:00+05:30,756.45,762.4,755.45,762.4,66638
2026-02-18T11:00:00+05:30,762.3,762.8,758.65,759.5,18509
2026-02-18T11:15:00+05:30,759.5,762.95,757.4,762.25,23720
2026-02-18T11:30:00+05:30,762.5,766.0,761.5,762.7,105560
2026-02-18T11:45:00+05:30,762.7,766.45,760.1,761.25,55494
2026-02-18T12:00:00+05:30,761.25,764.05,760.05,760.75,22938
2026-02-18T12:15:00+05:30,760.55,761.2,759.0,759.95,9304
2026-02-18T12:30:00+05:30,759.65,761.45,758.25,758.4,18761
2026-02-18T12:45:00+05:30,758.85,759.15,758.35,758.9,2104
2026-02-18T13:00:00+05:30,759.05,761.95,759.05,760.1,6933
2026-02-18T13:15:00+05:30,760.1,768.4,760.1,763.05,59578
2026-02-18T13:30:00+05:30,762.7,764.8,762.7,763.4,23829
2026-02-18T13:45:00+05:30,763.85,765.75,761.5,763.75,26397
2026-02-18T14:00:00+05:30,763.8,765.05,762.0,764.0,45154
2026-02-18T14:15:00+05:30,764.0,766.05,763.35,764.0,25407
2026-02-18T14:30:00+05:30,764.15,766.7,760.65,764.8,55307
2026-02-18T14:45:00+05:30,765.3,765.8,759.0,762.25,62167
2026-02-18T15:00:00+05:30,762.0,764.8,761.6,763.95,42499
2026-02-18T15:15:00+05:30,763.85,764.9,761.0,763.5,66941
2026-02-19T09:15:00+05:30,763.5,767.8,758.4,758.65,74778
2026-02-19T09:30:00+05:30,758.7,760.95,754.7,755.85,45568
2026-02-19T09:45:00+05:30,755.8,757.65,752.9,753.25,49163
2026-02-19T10:00:00+05:30,753.25,755.45,751.25,751.9,56446
2026-02-19T10:15:00+05:30,751.7,752.3,747.1,747.95,104260
2026-02-19T10:30:00+05:30,747.95,749.85,745.0,746.2,61284
2026-02-19T10:45:00+05:30,746.2,749.0,743.25,745.55,99593
2026-02-19T11:00:00+05:30,745.15,749.85,744.05,748.45,44516
2026-02-19T11:15:00+05:30,749.2,754.0,748.5,752.95,104862
2026-02-19T11:30:00+05:30,752.4,755.45,752.4,753.65,70901
2026-02-19T11:45:00+05:30,753.9,754.25,751.35,752.3,33201
2026-02-19T12:00:00+05:30,752.3,753.4,749.6,750.7,42310
2026-02-19T12:15:00+05:30,750.3,753.1,749.5,751.95,36264
2026-02-19T12:30:00+05:30,752.15,753.75,750.7,751.55,20256
2026-02-19T12:45:00+05:30,751.55,762.0,751.55,760.15,114676
2026-02-19T13:00:00+05:30,760.15,762.0,758.65,759.65,34164
2026-02-19T13:15:00+05:30,759.65,760.05,757.3,759.35,23492
2026-02-19T13:30:00+05:30,759.35,759.55,755.5,757.55,23263
2026-02-19T13:45:00+05:30,757.8,759.1,753.4,753.8,33883
2026-02-19T14:00:00+05:30,754.3,757.7,753.75,756.45,48957
2026-02-19T14:15:00+05:30,756.45,758.2,755.0,756.15,72688
2026-02-19T14:30:00+05:30,756.6,758.05,754.25,755.0,50261
2026-02-19T14:45:00+05:30,755.0,759.5,754.95,758.95,53020
2026-02-19T15:00:00+05:30,758.95,758.95,752.25,754.5,78291
2026-02-19T15:15:00+05:30,754.5,756.15,747.85,748.9,90434
2026-02-20T09:15:00+05:30,752.0,764.75,748.9,757.65,215567
2026-02-20T09:30:00+05:30,757.5,765.4,757.05,764.05,91864
2026-02-20T09:45:00+05:30,764.0,769.7,763.15,769.2,88850
2026-02-20T10:00:00+05:30,768.8,771.95,767.8,771.0,129505
2026-02-20T10:15:00+05:30,771.0,772.0,767.1,767.8,67512
2026-02-20T10:30:00+05:30,767.45,770.85,766.25,766.95,42113
2026-02-20T10:45:00+05:30,766.4,767.9,765.5,767.0,27070
2026-02-20T11:00:00+05:30,766.9,769.45,764.05,769.15,48360
2026-02-20T11:15:00+05:30,768.85,771.0,765.65,767.0,48599
2026-02-20T11:30:00+05:30,766.6,769.9,765.5,769.0,15631
2026-02-20T11:45:00+05:30,768.6,771.45,768.6,770.05,26658
2026-02-20T12:00:00+05:30,770.35,770.5,767.2,768.75,25899
2026-02-20T12:15:00+05:30,768.9,769.9,766.5,768.0,20656
2026-02-20T12:30:00+05:30,767.8,771.75,767.8,771.0,36287
2026-02-20T12:45:00+05:30,770.95,773.5,768.1,768.9,81267
2026-02-20T13:00:00+05:30,768.45,772.5,767.5,771.1,29964
2026-02-20T13:15:00+05:30,771.1,774.65,770.15,773.35,84163
2026-02-20T13:30:00+05:30,773.45,775.7,769.85,773.8,103288
2026-02-20T13:45:00+05:30,773.25,774.8,773.0,773.95,40360
2026-02-20T14:00:00+05:30,773.65,775.5,773.0,774.2,33559
2026-02-20T14:15:00+05:30,774.2,774.8,773.1,773.95,25426
2026-02-20T14:30:00+05:30,773.75,774.25,770.4,772.8,62795
2026-02-20T14:45:00+05:30,772.8,774.1,771.85,773.45,35856
2026-02-20T15:00:00+05:30,773.45,773.45,769.2,770.0,61465
2026-02-20T15:15:00+05:30,770.0,771.7,765.0,765.25,139088
2026-02-23T09:15:00+05:30,769.15,772.6,764.3,771.0,75030
2026-02-23T09:30:00+05:30,771.45,772.8,767.4,771.8,47532
2026-02-23T09:45:00+05:30,771.35,771.85,765.6,766.35,29851
2026-02-23T10:00:00+05:30,766.55,767.3,764.1,765.85,19572
2026-02-23T10:15:00+05:30,765.9,767.45,762.45,764.75,22101
2026-02-23T10:30:00+05:30,764.25,764.5,761.0,763.75,28180
2026-02-23T10:45:00+05:30,763.75,765.95,762.7,765.05,16873
2026-02-23T11:00:00+05:30,765.05,767.25,759.0,762.6,40115
2026-02-23T11:15:00+05:30,762.3,767.0,762.1,764.95,54926
2026-02-23T11:30:00+05:30,764.95,766.0,763.35,765.0,9435
2026-02-23T11:45:00+05:30,765.75,765.75,762.15,763.6,12113
2026-02-23T12:00:00+05:30,763.5,766.0,763.0,766.0,5173
2026-02-23T12:15:00+05:30,766.15,767.7,765.65,766.25,21932
2026-02-23T12:30:00+05:30,766.5,766.5,765.0,765.55,9002
2026-02-23T12:45:00+05:30,765.8,766.7,765.25,766.55,6617
2026-02-23T13:00:00+05:30,766.55,767.7,766.0,767.7,6991
2026-02-23T13:15:00+05:30,767.5,768.5,766.7,766.75,14520
2026-02-23T13:30:00+05:30,767.0,767.0,764.6,765.0,28301
2026-02-23T13:45:00+05:30,765.35,771.1,764.95,769.6,28732
2026-02-23T14:00:00+05:30,770.1,773.75,768.65,770.85,71314
2026-02-23T14:15:00+05:30,770.75,772.2,769.85,771.55,21674
2026-02-23T14:30:00+05:30,771.35,775.0,771.35,772.85,66682
2026-02-23T14:45:00+05:30,773.4,777.4,770.3,777.4,47206
2026-02-23T15:00:00+05:30,777.1,780.0,774.8,775.9,81737
2026-02-23T15:15:00+05:30,775.5,776.65,772.5,774.0,67710
2026-02-24T09:15:00+05:30,772.5,780.0,771.3,772.8,99521
2026-02-24T09:30:00+05:30,773.3,773.75,766.9,770.35,59863
2026-02-24T09:45:00+05:30,770.05,773.55,770.0,772.5,22223
2026-02-24T10:00:00+05:30,772.35,773.1,769.45,770.15,15587
2026-02-24T10:15:00+05:30,770.65,770.9,768.1,770.9,33085
2026-02-24T10:30:00+05:30,770.85,772.9,768.85,769.7,56880
2026-02-24T10:45:00+05:30,769.05,769.65,765.6,766.95,20133
2026-02-24T11:00:00+05:30,766.8,768.7,766.5,768.0,19884
2026-02-24T11:15:00+05:30,768.3,768.35,767.0,767.9,11398
2026-02-24T11:30:00+05:30,767.9,768.5,766.3,766.7,8898
2026-02-24T11:45:00+05:30,766.6,767.5,765.05,765.15,18462
2026-02-24T12:00:00+05:30,765.15,766.0,764.25,764.7,24625
2026-02-24T12:15:00+05:30,764.1,764.1,761.25,762.25,18392
2026-02-24T12:30:00+05:30,762.0,765.0,761.0,764.7,17527
2026-02-24T12:45:00+05:30,764.65,766.2,762.8,766.1,63706
2026-02-24T13:00:00+05:30,766.0,769.9,764.85,769.2,42007
2026-02-24T13:15:00+05:30,769.2,769.4,766.4,766.4,28167
2026-02-24T13:30:00+05:30,766.2,766.2,761.3,763.2,69764
2026-02-24T13:45:00+05:30,763.3,764.8,761.8,763.9,74728
2026-02-24T14:00:00+05:30,764.0,766.65,760.8,763.65,85281
2026-02-24T14:15:00+05:30,764.1,766.15,764.05,764.3,53728
2026-02-24T14:30:00+05:30,764.15,768.75,764.15,768.0,56757
2026-02-24T14:45:00+05:30,768.0,771.55,766.65,769.65,57349
2026-02-24T15:00:00+05:30,769.45,778.9,768.6,773.85,146236
2026-02-24T15:15:00+05:30,773.9,784.9,773.75,781.3,162858
2026-02-25T09:15:00+05:30,699.35,706.2,699.35,699.35,1372303
2026-02-25T09:30:00+05:30,699.35,722.4,666.9,721.95,3275741
2026-02-25T09:45:00+05:30,721.95,739.85,720.6,737.7,1858067
2026-02-25T10:00:00+05:30,738.25,744.1,728.45,735.2,972367
2026-02-25T10:15:00+05:30,735.55,743.85,734.05,736.4,507693
2026-02-25T10:30:00+05:30,736.3,743.9,734.0,735.95,439863
2026-02-25T10:45:00+05:30,735.7,740.0,734.15,737.0,258713
2026-02-25T11:00:00+05:30,736.7,741.9,735.0,736.25,227839
2026-02-25T11:15:00+05:30,736.2,738.2,731.35,732.1,244077
2026-02-25T11:30:00+05:30,732.45,738.4,730.1,736.85,259243
2026-02-25T11:45:00+05:30,736.85,737.95,731.3,732.55,140879
2026-02-25T12:00:00+05:30,732.55,734.9,731.2,731.75,76735
2026-02-25T12:15:00+05:30,732.05,734.2,730.5,733.3,71341
2026-02-25T12:30:00+05:30,733.35,733.8,726.0,727.65,195642
2026-02-25T12:45:00+05:30,727.55,729.0,723.05,725.7,243919
2026-02-25T13:00:00+05:30,725.8,729.65,723.7,729.15,122606
2026-02-25T13:15:00+05:30,729.15,732.55,727.5,730.2,118790
2026-02-25T13:30:00+05:30,729.8,735.3,729.8,734.5,152601
2026-02-25T13:45:00+05:30,734.5,737.5,733.1,736.25,112582
2026-02-25T14:00:00+05:30,735.8,744.95,734.0,734.7,637507
2026-02-25T14:15:00+05:30,734.7,738.8,729.0,729.1,246068
2026-02-25T14:30:00+05:30,729.5,733.75,729.15,731.0,138062
2026-02-25T14:45:00+05:30,731.0,735.3,728.0,733.35,193596
2026-02-25T15:00:00+05:30,733.3,733.6,726.0,727.5,264408
2026-02-25T15:15:00+05:30,727.95,733.75,726.7,731.5,295764
2026-02-26T09:15:00+05:30,734.0,741.6,725.0,727.95,515573
2026-02-26T09:30:00+05:30,727.8,734.9,725.0,732.8,139476
2026-02-26T09:45:00+05:30,732.5,734.45,730.05,730.5,85215
2026-02-26T10:00:00+05:30,730.35,735.0,729.5,731.5,63842
2026-02-26T10:15:00+05:30,731.25,734.7,729.45,733.5,60615
2026-02-26T10:30:00+05:30,733.45,734.0,731.15,731.7,27814
2026-02-26T10:45:00+05:30,731.7,731.7,727.5,730.65,79332
2026-02-26T11:00:00+05:30,730.65,733.5,729.9,732.9,61557
2026-02-26T11:15:00+05:30,732.65,733.0,725.5,726.1,84249
2026-02-26T11:30:00+05:30,726.1,727.4,717.4,718.05,192231
2026-02-26T11:45:00+05:30,718.1,721.95,717.15,717.2,97390
2026-02-26T12:00:00+05:30,717.5,718.5,715.5,715.9,95231
2026-02-26T12:15:00+05:30,715.6,722.65,713.95,719.05,122534
2026-02-26T12:30:00+05:30,719.15,720.45,716.15,719.45,58556
2026-02-26T12:45:00+05:30,719.45,719.55,716.2,716.2,38840
2026-02-26T13:00:00+05:30,716.35,718.0,715.5,717.45,55536
2026-02-26T13:15:00+05:30,717.4,719.55,715.2,718.3,41621
2026-02-26T13:30:00+05:30,718.35,720.75,718.3,719.9,41965
2026-02-26T13:45:00+05:30,719.6,719.9,716.2,719.3,15820
2026-02-26T14:00:00+05:30,719.0,719.95,716.15,719.65,22375
2026-02-26T14:15:00+05:30,719.7,719.85,718.2,718.5,14177
2026-02-26T14:30:00+05:30,718.9,723.05,718.5,722.2,48852
2026-02-26T14:45:00+05:30,722.45,723.55,719.1,721.3,53636
2026-02-26T15:00:00+05:30,721.3,728.5,720.35,726.9,215819
2026-02-26T15:15:00+05:30,726.6,728.35,723.0,724.0,177462
2026-02-27T09:15:00+05:30,725.25,728.9,721.05,723.95,141568
2026-02-27T09:30:00+05:30,723.6,729.4,720.5,727.2,91966
2026-02-27T09:45:00+05:30,727.45,732.95,724.4,731.25,99951
2026-02-27T10:00:00+05:30,731.25,734.4,729.35,734.4,77980
2026-02-27T10:15:00+05:30,734.45,736.6,731.25,736.4,104714
2026-02-27T10:30:00+05:30,736.4,741.4,736.05,738.95,312137
2026-02-27T10:45:00+05:30,738.75,739.0,734.2,736.0,139130
2026-02-27T11:00:00+05:30,736.0,739.1,734.25,735.95,48782
2026-02-27T11:15:00+05:30,735.95,738.2,735.15,736.3,31679
2026-02-27T11:30:00+05:30,736.25,738.95,734.5,738.3,45502
2026-02-27T11:45:00+05:30,738.3,739.5,736.1,736.75,37097
2026-02-27T12:00:00+05:30,736.6,739.05,736.5,736.9,25387
2026-02-27T12:15:00+05:30,736.9,737.85,736.0,737.25,19595
2026-02-27T12:30:00+05:30,737.25,737.3,734.5,734.75,37314
2026-02-27T12:45:00+05:30,734.75,735.95,734.0,734.0,27418
2026-02-27T13:00:00+05:30,734.0,734.35,732.2,733.2,28772
2026-02-27T13:15:00+05:30,733.2,735.4,732.7,734.2,27436
2026-02-27T13:30:00+05:30,734.55,737.1,734.3,735.55,27032
2026-02-27T13:45:00+05:30,735.55,739.5,735.05,738.7,77601
2026-02-27T14:00:00+05:30,738.7,739.45,736.0,737.0,52412
2026-02-27T14:15:00+05:30,737.15,738.0,733.25,736.0,81097
2026-02-27T14:30:00+05:30,735.55,736.1,733.75,734.6,39957
2026-02-27T14:45:00+05:30,734.65,736.1,733.75,735.8,38763
2026-02-27T15:00:00+05:30,735.8,739.2,728.0,728.8,2267714
2026-02-27T15:15:00+05:30,729.0,732.7,721.0,724.9,1917565
2026-03-02T09:15:00+05:30,699.0,719.75,696.35,713.2,235748
2026-03-02T09:30:00+05:30,713.2,717.45,712.05,715.9,42943
2026-03-02T09:45:00+05:30,715.65,722.4,714.7,720.7,40300
2026-03-02T10:00:00+05:30,720.7,721.4,713.5,714.6,31052
2026-03-02T10:15:00+05:30,714.25,716.85,711.2,712.35,31885
2026-03-02T10:30:00+05:30,712.35,716.95,710.0,710.9,28426
2026-03-02T10:45:00+05:30,711.0,715.4,708.25,715.15,45294
2026-03-02T11:00:00+05:30,715.3,716.25,712.35,714.25,27988
2026-03-02T11:15:00+05:30,713.9,716.15,711.0,711.75,20266
2026-03-02T11:30:00+05:30,711.85,712.75,709.3,711.5,29589
2026-03-02T11:45:00+05:30,711.1,714.2,707.7,709.9,23479
2026-03-02T12:00:00+05:30,709.25,711.0,709.0,709.65,8522
2026-03-02T12:15:00+05:30,709.45,710.8,707.4,707.9,25878
2026-03-02T12:30:00+05:30,707.9,709.1,705.5,706.35,32917
2026-03-02T12:45:00+05:30,706.1,707.8,703.15,704.5,34027
2026-03-02T13:00:00+05:30,704.5,705.9,704.1,704.9,9511
2026-03-02T13:15:00+05:30,704.75,706.5,704.75,705.15,12953
2026-03-02T13:30:00+05:30,705.2,705.2,700.5,704.15,73191
2026-03-02T13:45:00+05:30,704.25,705.5,699.0,700.6,36209
2026-03-02T14:00:00+05:30,700.3,709.4,700.25,706.7,45653
2026-03-02T14:15:00+05:30,706.8,707.5,703.25,703.55,40383
2026-03-02T14:30:00+05:30,704.2,712.0,703.05,707.7,48623
2026-03-02T14:45:00+05:30,707.5,710.05,706.6,708.05,31261
2026-03-02T15:00:00+05:30,708.35,718.5,706.6,711.9,109454
2026-03-02T15:15:00+05:30,711.85,717.0,707.4,714.2,79407
2026-03-04T09:15:00+05:30,704.0,708.8,696.0,701.15,100728
2026-03-04T09:30:00+05:30,700.35,707.5,698.1,700.85,79875
2026-03-04T09:45:00+05:30,701.1,702.4,696.0,696.15,38786
2026-03-04T10:00:00+05:30,696.55,701.95,695.0,701.6,63693
2026-03-04T10:15:00+05:30,701.5,701.5,696.0,696.75,28825
2026-03-04T10:30:00+05:30,696.8,697.25,692.0,693.65,44427
2026-03-04T10:45:00+05:30,693.2,694.95,692.5,693.0,17559
2026-03-04T11:00:00+05:30,693.0,698.0,692.55,695.4,38871
2026-03-04T11:15:00+05:30,695.55,696.55,692.2,693.0,26465
2026-03-04T11:30:00+05:30,693.0,695.35,692.55,693.15,15296
2026-03-04T11:45:00+05:30,693.2,695.75,692.55,692.8,12618
2026-03-04T12:00:00+05:30,692.95,694.35,692.45,692.6,10745
2026-03-04T12:15:00+05:30,692.6,693.95,691.0,692.05,19983
2026-03-04T12:30:00+05:30,691.65,692.8,691.15,692.35,7254
2026-03-04T12:45:00+05:30,692.5,695.3,692.2,694.55,11040
2026-03-04T13:00:00+05:30,694.65,695.65,693.7,695.45,11483
2026-03-04T13:15:00+05:30,695.45,699.8,694.2,698.0,24658
2026-03-04T13:30:00+05:30,697.65,698.45,695.5,696.85,13964
2026-03-04T13:45:00+05:30,696.85,696.85,694.8,695.45,12572
2026-03-04T14:00:00+05:30,696.0,700.55,695.45,700.15,30371
2026-03-04T14:15:00+05:30,700.0,703.0,698.3,699.1,62262
2026-03-04T14:30:00+05:30,699.1,704.4,698.0,702.75,47771
2026-03-04T14:45:00+05:30,702.25,708.4,701.45,707.0,70698
2026-03-04T15:00:00+05:30,707.35,707.4,704.0,705.25,69927
2026-03-04T15:15:00+05:30,705.4,710.0,704.3,709.9,79705
2026-03-05T09:15:00+05:30,713.0,715.3,711.45,714.85,60614
2026-03-05T09:30:00+05:30,714.85,714.85,706.0,707.65,41647
2026-03-05T09:45:00+05:30,707.65,712.0,707.5,709.0,28507
2026-03-05T10:00:00+05:30,708.6,711.65,708.15,708.5,20765
2026-03-05T10:15:00+05:30,708.5,709.6,702.5,703.75,46980
2026-03-05T10:30:00+05:30,704.15,706.65,702.1,704.25,23405
2026-03-05T10:45:00+05:30,704.25,705.25,702.4,705.25,19764
2026-03-05T11:00:00+05:30,705.2,705.95,704.75,705.65,6248
2026-03-05T11:15:00+05:30,705.3,705.3,701.5,703.4,15934
2026-03-05T11:30:00+05:30,703.4,703.8,702.05,702.05,11408
2026-03-05T11:45:00+05:30,702.05,702.55,698.55,698.75,33340
2026-03-05T12:00:00+05:30,698.65,711.15,698.6,708.15,58134
2026-03-05T12:15:00+05:30,708.15,710.65,706.4,707.55,26603
2026-03-05T12:30:00+05:30,707.2,709.8,706.75,708.85,18864
2026-03-05T12:45:00+05:30,708.45,718.0,707.5,717.5,67727
2026-03-05T13:00:00+05:30,718.0,721.45,709.75,712.85,58108
2026-03-05T13:15:00+05:30,712.85,714.25,712.3,714.25,8258
2026-03-05T13:30:00+05:30,714.25,714.25,711.05,711.4,8886
2026-03-05T13:45:00+05:30,711.5,712.95,711.0,711.8,11068
2026-03-05T14:00:00+05:30,711.6,712.7,709.65,710.0,15168
2026-03-05T14:15:00+05:30,710.3,712.55,710.0,712.55,12231
2026-03-05T14:30:00+05:30,712.0,718.4,711.45,716.75,34624
2026-03-05T14:45:00+05:30,716.8,721.5,714.8,720.6,158603
2026-03-05T15:00:00+05:30,720.1,722.75,718.7,720.0,154205
2026-03-05T15:15:00+05:30,719.6,722.8,716.75,720.0,190778
2026-03-06T09:15:00+05:30,720.0,734.75,714.15,733.55,96837
2026-03-06T09:30:00+05:30,733.5,735.0,727.65,730.5,82080
2026-03-06T09:45:00+05:30,730.15,732.65,726.2,728.0,22057
2026-03-06T10:00:00+05:30,728.0,728.65,722.9,725.75,31055
2026-03-06T10:15:00+05:30,725.95,726.55,725.0,725.2,7996
2026-03-06T10:30:00+05:30,725.0,725.0,721.0,723.65,21461
2026-03-06T10:45:00+05:30,723.6,727.0,717.35,720.1,37906
2026-03-06T11:00:00+05:30,720.5,722.65,719.45,720.2,8230
2026-03-06T11:15:00+05:30,720.0,724.0,720.0,721.15,9654
2026-03-06T11:30:00+05:30,721.8,724.0,720.5,721.0,19678
2026-03-06T11:45:00+05:30,720.8,723.35,720.6,721.45,4812
2026-03-06T12:00:00+05:30,721.9,722.7,720.6,721.45,3610
2026-03-06T12:15:00+05:30,721.8,722.75,719.0,719.9,7207
2026-03-06T12:30:00+05:30,720.15,721.85,719.8,721.35,9615
2026-03-06T12:45:00+05:30,721.2,721.25,720.05,721.05,4301
2026-03-06T13:00:00+05:30,720.95,721.25,720.3,721.0,2625
2026-03-06T13:15:00+05:30,721.0,721.5,720.5,720.95,3779
2026-03-06T13:30:00+05:30,721.45,723.8,720.0,720.85,16861
2026-03-06T13:45:00+05:30,721.2,721.4,720.0,720.8,3284
2026-03-06T14:00:00+05:30,720.5,721.35,718.55,721.0,10871
2026-03-06T14:15:00+05:30,720.95,723.1,720.6,722.05,16978
2026-03-06T14:30:00+05:30,722.05,727.95,720.25,727.65,48770
2026-03-06T14:45:00+05:30,727.6,729.0,723.25,724.2,100224
2026-03-06T15:00:00+05:30,725.0,727.6,722.3,723.15,99891
2026-03-06T15:15:00+05:30,723.15,728.0,720.2,726.4,132544
2026-03-09T09:15:00+05:30,708.0,716.25,699.9,703.4,137210
2026-03-09T09:30:00+05:30,703.6,707.5,701.05,702.0,61656
2026-03-09T09:45:00+05:30,702.65,708.3,701.5,706.2,33051
2026-03-09T10:00:00+05:30,706.95,715.7,705.25,713.5,53118
2026-03-09T10:15:00+05:30,713.3,713.5,709.4,711.4,25849
2026-03-09T10:30:00+05:30,710.9,711.55,708.25,709.4,18512
2026-03-09T10:45:00+05:30,709.65,712.7,706.1,711.4,22306
2026-03-09T11:00:00+05:30,711.8,711.8,707.45,708.3,20168
2026-03-09T11:15:00+05:30,708.1,711.25,707.25,710.5,15900
2026-03-09T11:30:00+05:30,710.05,711.0,708.5,710.0,6848
2026-03-09T11:45:00+05:30,710.05,710.1,706.1,706.65,24539
2026-03-09T12:00:00+05:30,706.25,707.0,704.5,706.55,14678
2026-03-09T12:15:00+05:30,706.2,708.5,705.6,707.35,4759
2026-03-09T12:30:00+05:30,707.6,710.75,707.05,709.95,41311
2026-03-09T12:45:00+05:30,709.65,710.65,707.5,708.35,6578
2026-03-09T13:00:00+05:30,708.35,710.8,706.15,708.35,10506
2026-03-09T13:15:00+05:30,708.35,710.75,706.15,709.25,9805
2026-03-09T13:30:00+05:30,709.1,713.2,709.0,712.05,20717
2026-03-09T13:45:00+05:30,711.6,711.95,709.55,710.25,8028
2026-03-09T14:00:00+05:30,710.35,710.6,709.0,709.4,8596
2026-03-09T14:15:00+05:30,709.4,714.4,708.9,712.6,80331
2026-03-09T14:30:00+05:30,712.6,720.55,710.45,718.0,87676
2026-03-09T14:45:00+05:30,717.7,720.3,715.0,719.0,138011
2026-03-09T15:00:00+05:30,718.95,724.5,716.2,724.0,135110
2026-03-09T15:15:00+05:30,723.95,725.55,715.05,719.05,184006
2026-03-10T09:15:00+05:30,728.0,734.45,721.85,728.6,118135
2026-03-10T09:30:00+05:30,728.6,734.9,726.0,726.05,90949
2026-03-10T09:45:00+05:30,726.3,729.9,724.1,726.75,27077
2026-03-10T10:00:00+05:30,726.9,728.7,726.2,728.65,11163
2026-03-10T10:15:00+05:30,728.0,730.5,726.95,728.0,12709
2026-03-10T10:30:00+05:30,727.6,732.4,726.95,731.55,30397
2026-03-10T10:45:00+05:30,731.8,735.6,731.2,734.0,54911
2026-03-10T11:00:00+05:30,734.0,740.8,733.8,737.7,78813
2026-03-10T11:15:00+05:30,737.9,739.0,730.15,731.75,50439
2026-03-10T11:30:00+05:30,731.25,732.95,728.25,732.3,37162
2026-03-10T11:45:00+05:30,732.7,735.35,730.45,735.35,18260
2026-03-10T12:00:00+05:30,734.6,737.0,734.05,734.05,17677
2026-03-10T12:15:00+05:30,734.1,739.7,732.5,738.65,32398
2026-03-10T12:30:00+05:30,738.6,739.9,737.0,737.55,37321
2026-03-10T12:45:00+05:30,737.5,740.6,737.0,738.4,32167
2026-03-10T13:00:00+05:30,738.45,739.8,735.2,736.25,22365
2026-03-10T13:15:00+05:30,735.95,740.0,735.95,740.0,17460
2026-03-10T13:30:00+05:30,739.25,740.8,739.0,740.0,15683
2026-03-10T13:45:00+05:30,740.0,740.15,736.6,739.45,22683
2026-03-10T14:00:00+05:30,739.3,739.8,738.6,739.0,12000
2026-03-10T14:15:00+05:30,739.35,740.3,737.0,738.6,89097
2026-03-10T14:30:00+05:30,738.1,738.55,737.0,738.0,34099
2026-03-10T14:45:00+05:30,738.0,750.0,737.75,749.0,189907
2026-03-10T15:00:00+05:30,749.2,749.2,743.7,748.9,181644
2026-03-10T15:15:00+05:30,748.9,750.0,745.55,748.0,154404
2026-03-11T09:15:00+05:30,749.0,772.8,747.75,768.65,222785
2026-03-11T09:30:00+05:30,768.15,768.55,760.25,765.5,122231
2026-03-11T09:45:00+05:30,765.6,767.0,763.0,764.3,41723
2026-03-11T10:00:00+05:30,764.35,771.4,763.0,765.5,99974
2026-03-11T10:15:00+05:30,765.45,767.15,761.7,764.05,71390
2026-03-11T10:30:00+05:30,764.25,766.6,758.0,759.2,66162
2026-03-11T10:45:00+05:30,759.2,769.75,758.5,768.0,93153
2026-03-11T11:00:00+05:30,768.0,771.0,767.6,769.55,53227
2026-03-11T11:15:00+05:30,769.55,772.0,766.95,769.9,61054
2026-03-11T11:30:00+05:30,770.0,780.85,767.2,778.95,339229
2026-03-11T11:45:00+05:30,778.95,781.15,774.05,775.0,161535
2026-03-11T12:00:00+05:30,775.0,786.95,772.4,785.0,317800
2026-03-11T12:15:00+05:30,785.0,789.85,782.0,783.15,247416
2026-03-11T12:30:00+05:30,783.15,785.3,777.8,781.15,254679
2026-03-11T12:45:00+05:30,781.15,781.45,776.15,776.95,123973
2026-03-11T13:00:00+05:30,776.6,780.3,774.3,776.55,208663
2026-03-11T13:15:00+05:30,776.55,785.5,775.4,781.75,163434
2026-03-11T13:30:00+05:30,781.95,785.15,780.05,784.0,94405
2026-03-11T13:45:00+05:30,783.75,788.8,782.45,784.1,134907
2026-03-11T14:00:00+05:30,784.1,784.1,775.0,775.4,123303
2026-03-11T14:15:00+05:30,775.4,779.3,773.0,774.25,259145
2026-03-11T14:30:00+05:30,774.0,780.1,772.0,780.1,233554
2026-03-11T14:45:00+05:30,779.95,782.8,775.75,779.7,515301
2026-03-11T15:00:00+05:30,779.8,791.9,779.3,790.4,577958
2026-03-11T15:15:00+05:30,790.4,795.0,780.6,785.0,627797
2026-03-12T09:15:00+05:30,781.05,781.05,767.25,773.55,177129
2026-03-12T09:30:00+05:30,773.75,781.75,771.5,776.0,140252
2026-03-12T09:45:00+05:30,776.4,779.9,773.6,778.7,55502
2026-03-12T10:00:00+05:30,779.05,780.8,773.9,774.5,46352
2026-03-12T10:15:00+05:30,774.45,778.25,772.55,777.5,23113
2026-03-12T10:30:00+05:30,777.4,785.6,776.5,780.55,90910
2026-03-12T10:45:00+05:30,780.8,784.9,780.0,784.8,28007
2026-03-12T11:00:00+05:30,784.45,789.4,784.45,786.1,93938
2026-03-12T11:15:00+05:30,786.3,788.5,783.45,788.0,50658
2026-03-12T11:30:00+05:30,787.7,789.0,786.05,788.05,37120
2026-03-12T11:45:00+05:30,788.5,790.85,787.45,789.6,32689
2026-03-12T12:00:00+05:30,789.85,789.95,784.25,786.9,55958
2026-03-12T12:15:00+05:30,787.0,787.55,784.5,786.55,21235
2026-03-12T12:30:00+05:30,786.35,790.45,785.05,787.5,56091
2026-03-12T12:45:00+05:30,787.8,789.25,785.55,786.0,24588
2026-03-12T13:00:00+05:30,786.15,786.5,784.4,785.15,39677
2026-03-12T13:15:00+05:30,785.2,787.2,784.7,786.7,20209
2026-03-12T13:30:00+05:30,787.1,791.4,787.1,787.3,55642
2026-03-12T13:45:00+05:30,787.25,788.75,785.45,786.1,38172
2026-03-12T14:00:00+05:30,785.9,789.5,785.8,787.95,85674
2026-03-12T14:15:00+05:30,787.95,788.9,786.5,787.7,19982
2026-03-12T14:30:00+05:30,787.55,791.35,786.75,787.2,69704
2026-03-12T14:45:00+05:30,787.15,794.35,785.55,790.3,134439
2026-03-12T15:00:00+05:30,790.3,793.85,789.0,789.95,114470
2026-03-12T15:15:00+05:30,789.95,790.8,786.0,788.0,153497
2026-03-13T09:15:00+05:30,781.95,793.6,773.25,782.0,93237
2026-03-13T09:30:00+05:30,781.75,785.05,777.35,780.65,57435
2026-03-13T09:45:00+05:30,780.45,780.45,776.05,776.25,30665
2026-03-13T10:00:00+05:30,776.2,779.8,775.35,776.75,24915
2026-03-13T10:15:00+05:30,776.7,782.0,776.2,781.45,27645
2026-03-13T10:30:00+05:30,781.45,787.8,779.0,787.5,62003
2026-03-13T10:45:00+05:30,787.0,798.9,787.0,796.65,366795
2026-03-13T11:00:00+05:30,796.15,801.4,792.3,797.9,261444
2026-03-13T11:15:00+05:30,797.9,801.8,793.0,799.45,196782
2026-03-13T11:30:00+05:30,799.5,804.0,797.8,801.25,172958
2026-03-13T11:45:00+05:30,801.25,802.5,795.0,795.8,149588
2026-03-13T12:00:00+05:30,796.0,800.0,795.5,799.6,91916
2026-03-13T12:15:00+05:30,799.6,799.6,792.65,794.55,81771
2026-03-13T12:30:00+05:30,793.95,796.0,790.0,791.55,106421
2026-03-13T12:45:00+05:30,791.45,793.2,786.85,789.65,94399
2026-03-13T13:00:00+05:30,789.8,791.35,783.35,783.4,130823
2026-03-13T13:15:00+05:30,783.4,786.6,774.4,778.2,120373
2026-03-13T13:30:00+05:30,778.35,780.9,775.15,776.85,81412
2026-03-13T13:45:00+05:30,776.9,780.0,774.25,775.55,57785
2026-03-13T14:00:00+05:30,775.1,777.25,774.3,777.0,36267
2026-03-13T14:15:00+05:30,776.9,778.5,774.0,775.4,38019
2026-03-13T14:30:00+05:30,775.5,779.0,775.1,776.35,35216
2026-03-13T14:45:00+05:30,776.75,788.0,775.25,783.7,238341
2026-03-13T15:00:00+05:30,783.6,784.15,779.0,782.4,151300
2026-03-13T15:15:00+05:30,782.95,786.2,775.0,778.8,203717
2026-03-16T09:15:00+05:30,781.0,782.8,768.05,773.3,139765
2026-03-16T09:30:00+05:30,773.6,783.75,770.0,780.85,80343
2026-03-16T09:45:00+05:30,781.0,790.8,779.7,785.55,120288
2026-03-16T10:00:00+05:30,786.25,788.0,781.2,783.3,88548
2026-03-16T10:15:00+05:30,783.3,783.3,776.2,776.2,51006
2026-03-16T10:30:00+05:30,776.35,779.15,773.7,774.25,45073
2026-03-16T10:45:00+05:30,774.25,777.8,769.25,777.05,57176
2026-03-16T11:00:00+05:30,777.5,777.6,773.45,775.5,23554
2026-03-16T11:15:00+05:30,774.7,783.45,774.6,779.95,53287
2026-03-16T11:30:00+05:30,780.25,782.5,777.8,778.85,21535
2026-03-16T11:45:00+05:30,778.25,781.1,776.0,779.85,31950
2026-03-16T12:00:00+05:30,779.75,783.45,778.9,779.95,35951
2026-03-16T12:15:00+05:30,779.45,783.15,778.75,780.45,25229
2026-03-16T12:30:00+05:30,780.05,783.5,777.2,781.8,23937
2026-03-16T12:45:00+05:30,781.05,781.5,776.5,780.0,21910
2026-03-16T13:00:00+05:30,779.65,780.4,774.55,779.15,61650
2026-03-16T13:15:00+05:30,778.9,786.6,778.85,784.4,48598
2026-03-16T13:30:00+05:30,784.1,786.0,782.9,784.7,15545
2026-03-16T13:45:00+05:30,784.3,785.0,782.8,784.5,12960
2026-03-16T14:00:00+05:30,784.6,787.0,782.65,786.25,23530
2026-03-16T14:15:00+05:30,786.1,790.75,784.85,789.45,54330
2026-03-16T14:30:00+05:30,789.8,791.95,788.9,790.0,80958
2026-03-16T14:45:00+05:30,790.0,800.65,789.65,798.65,233527
2026-03-16T15:00:00+05:30,798.65,799.0,792.25,796.55,228948
2026-03-16T15:15:00+05:30,797.05,799.4,791.0,791.5,295043
2026-03-17T09:15:00+05:30,795.75,805.65,792.2,796.5,143014
2026-03-17T09:30:00+05:30,796.2,814.1,796.0,813.6,288970
2026-03-17T09:45:00+05:30,813.6,815.95,810.9,813.5,170018
2026-03-17T10:00:00+05:30,813.05,819.5,809.2,819.45,147197
2026-03-17T10:15:00+05:30,819.0,825.0,814.0,814.6,292031
2026-03-17T10:30:00+05:30,815.15,830.9,812.55,827.35,345056
2026-03-17T10:45:00+05:30,827.35,828.0,818.7,821.05,247375
2026-03-17T11:00:00+05:30,821.05,821.55,816.6,817.1,102977
2026-03-17T11:15:00+05:30,817.1,818.0,811.0,812.9,81607
2026-03-17T11:30:00+05:30,812.9,814.25,812.0,813.3,45373
2026-03-17T11:45:00+05:30,813.3,819.9,810.2,811.5,84957
2026-03-17T12:00:00+05:30,811.5,812.0,810.0,810.6,64127
2026-03-17T12:15:00+05:30,810.55,810.55,805.55,807.8,56526
2026-03-17T12:30:00+05:30,807.8,808.0,805.5,807.4,34008
2026-03-17T12:45:00+05:30,807.8,809.25,806.0,807.6,36291
2026-03-17T13:00:00+05:30,807.35,809.0,805.4,806.45,38192
2026-03-17T13:15:00+05:30,806.7,808.0,805.6,807.05,31425
2026-03-17T13:30:00+05:30,807.15,808.0,805.6,806.7,24632
2026-03-17T13:45:00+05:30,806.9,807.5,804.2,805.05,35598
2026-03-17T14:00:00+05:30,805.0,805.75,800.5,801.25,57816
2026-03-17T14:15:00+05:30,801.45,802.9,797.5,799.2,98499
2026-03-17T14:30:00+05:30,799.25,804.65,799.25,801.05,64805
2026-03-17T14:45:00+05:30,801.05,809.0,798.5,807.3,121002
2026-03-17T15:00:00+05:30,807.35,815.2,803.05,813.45,291515
2026-03-17T15:15:00+05:30,813.45,815.1,806.0,813.0,319343
2026-03-18T09:15:00+05:30,818.8,828.5,813.3,827.4,179550
2026-03-18T09:30:00+05:30,827.7,843.3,827.25,833.2,345712
2026-03-18T09:45:00+05:30,833.9,839.45,832.5,834.35,146631
2026-03-18T10:00:00+05:30,834.9,834.95,830.2,834.0,82820
2026-03-18T10:15:00+05:30,833.6,837.9,831.3,835.55,138985
2026-03-18T10:30:00+05:30,835.9,840.8,833.7,834.25,96621
2026-03-18T10:45:00+05:30,834.3,837.9,833.9,835.9,40160
2026-03-18T11:00:00+05:30,835.8,841.8,834.05,840.75,79123
2026-03-18T11:15:00+05:30,840.75,842.45,835.4,835.6,109059
2026-03-18T11:30:00+05:30,835.9,837.3,835.0,836.05,35731
2026-03-18T11:45:00+05:30,835.85,837.9,834.25,836.95,28610
2026-03-18T12:00:00+05:30,836.95,838.0,835.05,835.55,39682
2026-03-18T12:15:00+05:30,835.95,837.55,834.5,836.0,36348
2026-03-18T12:30:00+05:30,836.0,839.0,836.0,837.8,28068
2026-03-18T12:45:00+05:30,837.6,840.0,836.3,839.5,34671
2026-03-18T13:00:00+05:30,839.8,848.7,839.25,846.35,258283
2026-03-18T13:15:00+05:30,846.35,855.9,844.35,847.8,452211
2026-03-18T13:30:00+05:30,848.15,868.0,846.0,866.5,687440
2026-03-18T13:45:00+05:30,866.9,874.35,860.0,861.1,986302
2026-03-18T14:00:00+05:30,861.1,862.0,855.2,859.95,237973
2026-03-18T14:15:00+05:30,859.5,869.1,859.45,867.45,604741
2026-03-18T14:30:00+05:30,867.4,873.3,863.95,867.0,397949
2026-03-18T14:45:00+05:30,866.45,873.5,865.8,868.3,340907
2026-03-18T15:00:00+05:30,868.4,876.0,867.65,868.9,511719
2026-03-18T15:15:00+05:30,868.3,872.0,865.0,870.0,424025
2026-03-19T09:15:00+05:30,850.0,872.5,847.2,854.3,278081
2026-03-19T09:30:00+05:30,854.75,856.55,851.1,853.85,68661
2026-03-19T09:45:00+05:30,854.3,864.75,850.4,858.7,122641
2026-03-19T10:00:00+05:30,859.15,870.85,855.6,866.6,164089
2026-03-19T10:15:00+05:30,866.85,874.25,861.15,865.45,117088
2026-03-19T10:30:00+05:30,865.8,869.95,859.0,868.85,120405
2026-03-19T10:45:00+05:30,868.75,868.75,860.85,866.45,44420
2026-03-19T11:00:00+05:30,866.4,867.1,859.5,863.0,64164
2026-03-19T11:15:00+05:30,863.25,868.0,861.5,863.3,44322
2026-03-19T11:30:00+05:30,863.2,865.35,861.5,864.45,20030
2026-03-19T11:45:00+05:30,864.45,866.5,861.65,864.0,24348
2026-03-19T12:00:00+05:30,864.0,866.05,863.0,866.0,13475
2026-03-19T12:15:00+05:30,865.85,868.05,863.25,864.65,26793
2026-03-19T12:30:00+05:30,864.55,866.75,862.75,865.65,21580
2026-03-19T12:45:00+05:30,865.15,867.7,861.2,862.4,22465
2026-03-19T13:00:00+05:30,862.4,865.75,860.35,862.3,38323
2026-03-19T13:15:00+05:30,862.0,862.0,856.1,861.0,84521
2026-03-19T13:30:00+05:30,861.0,864.9,856.5,863.5,99685
2026-03-19T13:45:00+05:30,863.5,867.4,859.0,862.15,110211
2026-03-19T14:00:00+05:30,862.65,863.9,860.1,862.45,76941
2026-03-19T14:15:00+05:30,862.5,863.25,860.4,862.2,34284
2026-03-19T14:30:00+05:30,861.8,863.5,860.4,863.15,45411
2026-03-19T14:45:00+05:30,862.8,866.8,855.5,863.45,231577
2026-03-19T15:00:00+05:30,863.15,867.5,860.1,863.55,381254
2026-03-19T15:15:00+05:30,863.55,869.45,857.1,860.9,389484
2026-03-20T09:15:00+05:30,870.0,879.0,865.15,868.2,247513
2026-03-20T09:30:00+05:30,868.0,869.6,854.85,856.65,159959
2026-03-20T09:45:00+05:30,857.3,861.6,852.65,855.3,83113
2026-03-20T10:00:00+05:30,854.95,856.75,852.4,854.0,34624
2026-03-20T10:15:00+05:30,854.0,859.95,852.0,858.7,51270
2026-03-20T10:30:00+05:30,858.55,860.8,855.2,857.4,59614
2026-03-20T10:45:00+05:30,857.4,858.2,855.1,855.85,16618
2026-03-20T11:00:00+05:30,855.85,859.25,854.2,858.4,19789
2026-03-20T11:15:00+05:30,858.4,862.8,858.4,860.55,34825
2026-03-20T11:30:00+05:30,860.05,863.8,860.0,861.25,17012
2026-03-20T11:45:00+05:30,861.25,862.4,855.9,858.0,31222
2026-03-20T12:00:00+05:30,858.45,859.6,854.3,854.3,26819
2026-03-20T12:15:00+05:30,854.2,855.0,848.55,853.1,50936
2026-03-20T12:30:00+05:30,853.1,858.35,851.5,857.1,24512
2026-03-20T12:45:00+05:30,857.45,858.65,855.3,857.35,21582
2026-03-20T13:00:00+05:30,857.25,858.9,855.0,857.7,9247
2026-03-20T13:15:00+05:30,857.7,858.3,854.4,856.9,11841
2026-03-20T13:30:00+05:30,856.9,857.9,855.6,855.7,11465
2026-03-20T13:45:00+05:30,856.4,857.0,854.65,855.1,10862
2026-03-20T14:00:00+05:30,855.55,857.45,854.05,854.8,8186
2026-03-20T14:15:00+05:30,854.5,856.0,854.0,855.4,16151
2026-03-20T14:30:00+05:30,855.1,858.8,854.05,858.0,50577
2026-03-20T14:45:00+05:30,858.0,869.05,855.55,865.5,304220
2026-03-20T15:00:00+05:30,865.35,870.0,855.25,859.05,616422
2026-03-20T15:15:00+05:30,859.1,870.0,857.7,863.05,608536
2026-03-23T09:15:00+05:30,851.0,859.75,843.9,847.95,273355
2026-03-23T09:30:00+05:30,847.85,862.0,846.55,861.3,173795
2026-03-23T09:45:00+05:30,861.45,864.5,856.1,861.0,97761
2026-03-23T10:00:00+05:30,860.55,866.8,857.95,858.95,95792
2026-03-23T10:15:00+05:30,858.95,861.4,855.05,856.4,49097
2026-03-23T10:30:00+05:30,856.05,862.7,855.1,858.4,67270
2026-03-23T10:45:00+05:30,858.4,864.45,856.95,861.5,65367
2026-03-23T11:00:00+05:30,861.55,866.7,855.2,856.0,126489
2026-03-23T11:15:00+05:30,856.0,863.4,855.6,863.3,34264
2026-03-23T11:30:00+05:30,863.2,868.9,861.0,868.9,54338
2026-03-23T11:45:00+05:30,868.9,871.2,863.7,867.4,150137
2026-03-23T12:00:00+05:30,867.7,869.85,864.0,868.5,65867
2026-03-23T12:15:00+05:30,868.0,868.0,862.15,864.75,80972
2026-03-23T12:30:00+05:30,864.75,866.8,862.1,865.2,48490
2026-03-23T12:45:00+05:30,865.0,865.65,861.25,863.8,34671
2026-03-23T13:00:00+05:30,863.75,865.8,861.0,862.65,46270
2026-03-23T13:15:00+05:30,862.35,866.0,862.15,864.95,44266
2026-03-23T13:30:00+05:30,864.95,869.0,864.3,868.0,35260
2026-03-23T13:45:00+05:30,868.0,870.5,863.25,868.7,65590
2026-03-23T14:00:00+05:30,868.3,869.65,861.15,864.3,133064
2026-03-23T14:15:00+05:30,864.0,867.05,861.1,861.6,129223
2026-03-23T14:30:00+05:30,861.4,866.0,859.3,864.0,136876
2026-03-23T14:45:00+05:30,864.25,866.95,863.2,865.0,254912
2026-03-23T15:00:00+05:30,865.0,866.0,861.2,866.0,380753
2026-03-23T15:15:00+05:30,865.95,875.0,864.7,869.0,280192
2026-03-24T09:15:00+05:30,880.0,904.85,874.9,901.2,515857
2026-03-24T09:30:00+05:30,901.7,903.35,882.15,888.65,334862
2026-03-24T09:45:00+05:30,888.35,890.5,883.2,886.0,106388
2026-03-24T10:00:00+05:30,886.0,886.3,877.0,877.0,125279
2026-03-24T10:15:00+05:30,877.25,877.65,871.05,875.45,196314
2026-03-24T10:30:00+05:30,875.8,877.75,868.4,871.8,71980
2026-03-24T10:45:00+05:30,871.85,877.5,869.85,870.9,55774
2026-03-24T11:00:00+05:30,871.15,872.55,869.5,871.25,24820
2026-03-24T11:15:00+05:30,871.65,878.7,870.15,875.8,66199
2026-03-24T11:30:00+05:30,875.7,881.75,874.95,878.0,45757
2026-03-24T11:45:00+05:30,878.0,885.9,877.35,882.55,80162
2026-03-24T12:00:00+05:30,883.0,884.3,877.95,883.2,36375
2026-03-24T12:15:00+05:30,883.2,891.0,880.1,883.85,165969
2026-03-24T12:30:00+05:30,883.6,887.3,883.05,884.35,56209
2026-03-24T12:45:00+05:30,884.7,885.55,880.3,882.0,33648
2026-03-24T13:00:00+05:30,882.0,883.35,879.35,882.05,29585
2026-03-24T13:15:00+05:30,882.15,883.5,880.45,882.65,32775
2026-03-24T13:30:00+05:30,882.65,882.65,878.0,878.4,31885
2026-03-24T13:45:00+05:30,878.35,880.0,874.6,878.5,52598
2026-03-24T14:00:00+05:30,878.5,881.3,877.0,878.45,67089
2026-03-24T14:15:00+05:30,879.3,879.65,876.5,876.6,28970
2026-03-24T14:30:00+05:30,876.55,890.0,876.5,886.4,203851
2026-03-24T14:45:00+05:30,886.65,891.3,884.95,888.8,172061
2026-03-24T15:00:00+05:30,888.8,890.7,886.5,890.0,196357
2026-03-24T15:15:00+05:30,890.0,891.5,886.1,886.3,264202
2026-03-25T09:15:00+05:30,891.5,900.5,891.45,898.9,170653
2026-03-25T09:30:00+05:30,899.2,903.85,898.0,900.9,116737
2026-03-25T09:45:00+05:30,900.9,907.0,897.85,905.2,137487
2026-03-25T10:00:00+05:30,905.15,908.7,900.7,901.1,79341
2026-03-25T10:15:00+05:30,901.1,911.8,901.0,904.9,170222
2026-03-25T10:30:00+05:30,904.9,910.75,903.05,908.75,95184
2026-03-25T10:45:00+05:30,908.7,910.5,906.0,910.4,77273
2026-03-25T11:00:00+05:30,910.25,919.0,909.6,914.55,216475
2026-03-25T11:15:00+05:30,913.8,915.55,902.7,907.4,150076
2026-03-25T11:30:00+05:30,907.4,911.5,905.1,906.6,45678
2026-03-25T11:45:00+05:30,906.25,912.8,906.25,908.0,46139
2026-03-25T12:00:00+05:30,907.5,913.1,907.1,911.4,38459
2026-03-25T12:15:00+05:30,911.45,913.85,910.0,911.35,62982
2026-03-25T12:30:00+05:30,911.55,913.4,910.55,911.5,39044
2026-03-25T12:45:00+05:30,911.5,913.75,909.15,909.8,52576
2026-03-25T13:00:00+05:30,909.75,915.8,909.55,913.85,53598
2026-03-25T13:15:00+05:30,913.85,917.0,913.85,915.9,47438
2026-03-25T13:30:00+05:30,915.9,916.8,909.0,909.0,89952
2026-03-25T13:45:00+05:30,909.2,914.6,908.55,913.35,97718
2026-03-25T14:00:00+05:30,913.35,915.5,911.0,913.2,46435
2026-03-25T14:15:00+05:30,913.2,914.35,909.15,911.85,55538
2026-03-25T14:30:00+05:30,911.85,915.95,910.4,914.15,70523
2026-03-25T14:45:00+05:30,914.15,923.75,913.05,921.2,228459
2026-03-25T15:00:00+05:30,921.15,921.15,915.85,918.0,246078
2026-03-25T15:15:00+05:30,918.4,918.95,912.95,913.0,308143
2026-03-27T09:15:00+05:30,905.2,920.2,904.95,919.1,234820
2026-03-27T09:30:00+05:30,919.1,920.65,911.3,911.55,76141
2026-03-27T09:45:00+05:30,911.5,912.1,904.05,905.0,46536
2026-03-27T10:00:00+05:30,905.0,912.8,903.3,909.3,63669
2026-03-27T10:15:00+05:30,909.65,909.65,907.1,908.35,29297
2026-03-27T10:30:00+05:30,908.25,911.05,906.5,908.5,37399
2026-03-27T10:45:00+05:30,908.5,910.35,906.0,906.15,172427
2026-03-27T11:00:00+05:30,906.25,907.3,904.0,905.55,31903
2026-03-27T11:15:00+05:30,905.65,906.1,900.8,900.95,44635
2026-03-27T11:30:00+05:30,901.1,904.25,900.6,901.35,18911
2026-03-27T11:45:00+05:30,901.45,902.8,897.6,901.65,41121
2026-03-27T12:00:00+05:30,901.8,903.95,900.7,901.35,23587
2026-03-27T12:15:00+05:30,901.5,903.0,899.0,901.85,17930
2026-03-27T12:30:00+05:30,901.85,904.9,899.6,904.8,22514
2026-03-27T12:45:00+05:30,904.8,906.9,902.8,904.9,27342
2026-03-27T13:00:00+05:30,904.95,905.25,900.0,900.5,19844
2026-03-27T13:15:00+05:30,900.25,907.6,896.55,901.5,280049
2026-03-27T13:30:00+05:30,901.05,914.8,899.0,908.15,185982
2026-03-27T13:45:00+05:30,908.3,914.8,902.25,911.05,122029
2026-03-27T14:00:00+05:30,910.8,911.25,895.0,899.2,123975
2026-03-27T14:15:00+05:30,899.0,899.25,889.25,890.9,94676
2026-03-27T14:30:00+05:30,890.95,902.9,890.0,899.0,108427
2026-03-27T14:45:00+05:30,899.5,901.35,895.45,895.85,182218
2026-03-27T15:00:00+05:30,895.5,896.55,891.0,892.1,207149
2026-03-27T15:15:00+05:30,892.15,898.0,889.25,891.0,180407
2026-03-30T09:15:00+05:30,885.0,892.5,874.35,889.7,173290
2026-03-30T09:30:00+05:30,889.8,900.8,889.4,895.3,172895
2026-03-30T09:45:00+05:30,895.35,897.0,892.1,894.5,45432
2026-03-30T10:00:00+05:30,894.15,896.4,889.5,891.45,41920
2026-03-30T10:15:00+05:30,891.6,892.75,886.65,887.55,42482
2026-03-30T10:30:00+05:30,887.7,890.65,885.25,886.4,100184
2026-03-30T10:45:00+05:30,886.1,887.45,884.0,884.25,27016
2026-03-30T11:00:00+05:30,884.25,886.5,883.9,886.0,19147
2026-03-30T11:15:00+05:30,885.75,888.85,885.35,886.8,15171
2026-03-30T11:30:00+05:30,886.75,890.05,885.3,885.9,75468
2026-03-30T11:45:00+05:30,885.9,888.95,885.35,888.95,8853
2026-03-30T12:00:00+05:30,888.6,893.8,887.65,890.35,64155
2026-03-30T12:15:00+05:30,889.85,892.0,889.3,889.85,27292
2026-03-30T12:30:00+05:30,890.2,890.2,886.9,887.15,12964
2026-03-30T12:45:00+05:30,887.15,887.25,883.95,884.6,35879
2026-03-30T13:00:00+05:30,884.6,887.35,883.25,884.35,22747
2026-03-30T13:15:00+05:30,884.65,885.5,882.1,883.75,20840
2026-03-30T13:30:00+05:30,883.7,887.4,883.65,884.5,18617
2026-03-30T13:45:00+05:30,884.5,884.85,879.1,881.0,35152
2026-03-30T14:00:00+05:30,881.0,885.6,880.45,882.0,31689
2026-03-30T14:15:00+05:30,881.75,884.7,880.8,883.75,33069
2026-03-30T14:30:00+05:30,883.5,887.15,881.65,885.75,56418
2026-03-30T14:45:00+05:30,886.05,889.25,884.65,886.75,218769
2026-03-30T15:00:00+05:30,886.8,893.65,883.85,890.95,367448
2026-03-30T15:15:00+05:30,891.0,899.0,888.2,898.75,354253
2026-04-01T09:15:00+05:30,911.0,914.9,884.05,890.85,2654874
2026-04-01T09:30:00+05:30,890.65,904.8,885.45,892.0,568415
2026-04-01T09:45:00+05:30,891.5,914.9,889.8,913.35,236706
2026-04-01T10:00:00+05:30,912.85,919.0,898.45,906.1,247882
2026-04-01T10:15:00+05:30,905.55,909.75,904.1,906.8,60700
2026-04-01T10:30:00+05:30,906.8,908.85,902.0,905.5,53284
2026-04-01T10:45:00+05:30,905.5,908.85,903.2,905.05,34068
2026-04-01T11:00:00+05:30,905.0,908.75,904.8,907.05,68708
2026-04-01T11:15:00+05:30,907.1,910.55,906.55,907.1,68451
2026-04-01T11:30:00+05:30,907.2,914.3,907.2,908.6,77816
2026-04-01T11:45:00+05:30,908.55,911.4,904.0,909.45,79739
2026-04-01T12:00:00+05:30,909.5,914.5,909.2,914.45,98052
2026-04-01T12:15:00+05:30,914.45,921.7,913.55,919.9,128489
2026-04-01T12:30:00+05:30,919.85,924.85,919.85,922.7,80592
2026-04-01T12:45:00+05:30,922.7,931.8,922.15,929.7,109109
2026-04-01T13:00:00+05:30,929.55,933.0,927.9,931.9,71842
2026-04-01T13:15:00+05:30,931.9,933.85,928.15,933.0,83861
2026-04-01T13:30:00+05:30,932.95,933.0,923.4,931.0,81212
2026-04-01T13:45:00+05:30,930.6,933.55,928.45,932.65,76962
2026-04-01T14:00:00+05:30,932.65,936.8,929.7,936.5,75713
2026-04-01T14:15:00+05:30,936.8,936.8,929.2,934.35,73645
2026-04-01T14:30:00+05:30,934.35,940.0,932.5,937.0,145524
2026-04-01T14:45:00+05:30,937.0,937.35,933.8,934.15,63348
2026-04-01T15:00:00+05:30,934.15,941.75,934.15,937.7,248951
2026-04-01T15:15:00+05:30,937.95,941.8,931.1,931.75,338288
2026-04-02T09:15:00+05:30,930.0,931.3,908.1,914.5,232102
2026-04-02T09:30:00+05:30,913.85,919.8,910.55,916.65,93586
2026-04-02T09:45:00+05:30,916.4,916.8,911.0,912.05,44066
2026-04-02T10:00:00+05:30,911.7,913.7,906.1,911.7,54138
2026-04-02T10:15:00+05:30,911.25,911.3,907.1,907.25,30125
2026-04-02T10:30:00+05:30,907.3,908.9,904.5,905.8,39456
2026-04-02T10:45:00+05:30,906.05,906.1,894.05,901.0,137811
2026-04-02T11:00:00+05:30,901.0,902.45,899.0,901.15,42812
2026-04-02T11:15:00+05:30,901.45,908.1,901.2,906.0,48352
2026-04-02T11:30:00+05:30,906.0,907.65,904.65,906.5,36757
2026-04-02T11:45:00+05:30,907.0,911.0,906.3,906.5,41097
2026-04-02T12:00:00+05:30,906.3,907.75,901.3,901.8,38632
2026-04-02T12:15:00+05:30,901.8,904.6,900.1,902.3,17483
2026-04-02T12:30:00+05:30,902.35,906.0,902.35,905.55,13172
2026-04-02T12:45:00+05:30,905.5,906.45,902.25,905.05,21236
2026-04-02T13:00:00+05:30,905.1,907.25,902.7,904.0,11824
2026-04-02T13:15:00+05:30,904.35,906.5,903.95,906.25,18998
2026-04-02T13:30:00+05:30,906.25,912.75,902.75,909.25,63799
2026-04-02T13:45:00+05:30,909.7,912.85,908.5,910.85,65732
2026-04-02T14:00:00+05:30,910.85,916.0,910.6,913.5,119545
2026-04-02T14:15:00+05:30,913.85,917.75,911.05,916.45,58123
2026-04-02T14:30:00+05:30,916.55,919.0,910.8,913.5,111718
2026-04-02T14:45:00+05:30,913.5,914.6,907.95,912.0,307450
2026-04-02T15:00:00+05:30,912.45,921.25,912.4,920.65,154451
2026-04-02T15:15:00+05:30,920.7,921.6,912.6,913.25,238803
2026-04-06T09:15:00+05:30,918.0,930.3,909.9,923.65,166774
2026-04-06T09:30:00+05:30,923.55,928.0,920.3,923.15,56944
2026-04-06T09:45:00+05:30,923.8,926.4,917.05,923.1,26656
2026-04-06T10:00:00+05:30,922.95,930.3,921.05,930.0,65333
2026-04-06T10:15:00+05:30,929.95,931.7,922.0,922.0,60362
2026-04-06T10:30:00+05:30,922.35,925.45,921.0,924.0,31441
2026-04-06T10:45:00+05:30,923.7,924.75,918.2,919.4,49665
2026-04-06T11:00:00+05:30,919.1,921.0,915.7,920.6,38615
2026-04-06T11:15:00+05:30,920.05,923.15,919.2,923.0,38139
2026-04-06T11:30:00+05:30,922.95,923.0,917.95,920.15,30952
2026-04-06T11:45:00+05:30,920.05,924.0,919.05,923.45,29978
2026-04-06T12:00:00+05:30,923.7,924.1,919.35,920.5,16406
2026-04-06T12:15:00+05:30,920.45,922.9,920.4,921.9,12880
2026-04-06T12:30:00+05:30,922.1,922.95,919.0,922.6,19210
2026-04-06T12:45:00+05:30,922.6,932.2,922.5,931.7,53243
2026-04-06T13:00:00+05:30,931.2,931.7,926.1,928.15,51022
2026-04-06T13:15:00+05:30,928.75,929.9,926.7,927.0,19765
2026-04-06T13:30:00+05:30,927.0,930.0,927.0,928.1,12025
2026-04-06T13:45:00+05:30,927.7,931.2,926.0,929.9,23233
2026-04-06T14:00:00+05:30,929.9,932.0,928.35,931.4,40557
2026-04-06T14:15:00+05:30,931.5,931.95,928.6,929.0,20946
2026-04-06T14:30:00+05:30,928.85,930.75,927.55,930.5,27806
2026-04-06T14:45:00+05:30,930.7,931.2,927.45,928.85,31653
2026-04-06T15:00:00+05:30,928.65,932.5,928.05,930.7,82358
2026-04-06T15:15:00+05:30,930.15,931.65,918.75,921.0,166642
2026-04-07T09:15:00+05:30,919.0,947.25,919.0,945.9,355054
2026-04-07T09:30:00+05:30,945.8,950.7,942.0,946.6,224674
2026-04-07T09:45:00+05:30,946.5,952.0,945.0,951.0,205056
2026-04-07T10:00:00+05:30,951.0,952.85,943.65,943.75,161067
2026-04-07T10:15:00+05:30,943.75,948.1,940.5,945.2,127308
2026-04-07T10:30:00+05:30,945.2,948.9,944.0,948.5,54022
2026-04-07T10:45:00+05:30,948.5,948.5,941.0,942.55,38101
2026-04-07T11:00:00+05:30,942.35,949.5,941.5,943.35,76884
2026-04-07T11:15:00+05:30,944.0,946.65,943.35,944.7,30636
2026-04-07T11:30:00+05:30,944.65,945.0,942.6,943.45,24297
2026-04-07T11:45:00+05:30,943.65,946.75,943.25,945.35,40121
2026-04-07T12:00:00+05:30,945.35,948.9,943.35,947.05,65608
2026-04-07T12:15:00+05:30,947.55,947.9,944.85,946.1,34286
2026-04-07T12:30:00+05:30,946.25,946.65,938.65,941.6,77803
2026-04-07T12:45:00+05:30,941.6,942.7,940.4,940.8,26468
2026-04-07T13:00:00+05:30,940.8,944.35,939.45,942.2,33578
2026-04-07T13:15:00+05:30,942.5,943.4,941.0,941.5,20162
2026-04-07T13:30:00+05:30,941.3,944.9,940.5,943.2,33653
2026-04-07T13:45:00+05:30,943.3,943.65,938.15,940.15,48515
2026-04-07T14:00:00+05:30,940.4,942.0,937.4,937.8,50898
2026-04-07T14:15:00+05:30,937.8,939.0,936.0,938.25,51247
2026-04-07T14:30:00+05:30,938.1,939.4,936.1,938.95,34646
2026-04-07T14:45:00+05:30,938.6,948.1,937.2,946.0,119575
2026-04-07T15:00:00+05:30,946.5,949.5,942.75,944.0,132072
2026-04-07T15:15:00+05:30,944.0,945.0,938.5,942.0,122970
2026-04-08T09:15:00+05:30,962.5,962.5,943.0,943.95,275618
2026-04-08T09:30:00+05:30,943.85,951.55,943.85,947.15,79869
2026-04-08T09:45:00+05:30,947.35,948.55,939.05,944.45,176702
2026-04-08T10:00:00+05:30,943.8,949.5,942.4,946.65,75820
2026-04-08T10:15:00+05:30,946.2,952.4,944.45,951.7,103729
2026-04-08T10:30:00+05:30,951.4,958.0,949.65,955.9,121338
2026-04-08T10:45:00+05:30,955.65,957.7,953.7,957.5,33160
2026-04-08T11:00:00+05:30,957.3,973.95,957.15,966.0,319748
2026-04-08T11:15:00+05:30,965.8,967.95,964.8,967.3,30846
2026-04-08T11:30:00+05:30,967.3,967.3,962.5,964.35,41726
2026-04-08T11:45:00+05:30,964.1,966.15,961.25,964.2,26175
2026-04-08T12:00:00+05:30,964.25,966.85,963.3,964.5,18159
2026-04-08T12:15:00+05:30,964.35,964.7,963.2,964.15,11900
2026-04-08T12:30:00+05:30,964.0,966.0,961.7,965.4,13879
2026-04-08T12:45:00+05:30,965.2,965.2,963.65,964.0,5305
2026-04-08T13:00:00+05:30,963.8,964.05,959.0,959.85,26698
2026-04-08T13:15:00+05:30,959.35,961.0,959.05,960.1,5158
2026-04-08T13:30:00+05:30,960.0,961.4,959.3,960.75,8328
2026-04-08T13:45:00+05:30,960.75,961.4,959.45,961.4,6419
2026-04-08T14:00:00+05:30,961.35,961.65,957.0,958.95,23937
2026-04-08T14:15:00+05:30,958.55,960.5,958.0,958.3,12887
2026-04-08T14:30:00+05:30,958.0,963.7,956.65,960.75,32540
2026-04-08T14:45:00+05:30,960.3,961.35,957.3,961.0,33878
2026-04-08T15:00:00+05:30,961.0,961.95,957.0,958.2,49185
2026-04-08T15:15:00+05:30,958.5,963.0,955.8,961.0,119779
2026-04-09T09:15:00+05:30,971.95,977.8,960.25,974.95,296295
2026-04-09T09:30:00+05:30,975.1,975.4,958.4,959.9,212768
2026-04-09T09:45:00+05:30,960.2,963.95,951.3,960.45,157978
2026-04-09T10:00:00+05:30,959.5,964.8,958.0,962.45,768629
2026-04-09T10:15:00+05:30,962.1,963.35,951.55,952.6,77539
2026-04-09T10:30:00+05:30,952.6,955.8,949.15,952.25,65939
2026-04-09T10:45:00+05:30,952.55,963.9,951.75,962.55,127288
2026-04-09T11:00:00+05:30,962.0,962.95,956.35,959.55,202411
2026-04-09T11:15:00+05:30,959.55,961.15,955.35,959.4,45303
2026-04-09T11:30:00+05:30,959.3,960.3,957.35,958.7,19842
2026-04-09T11:45:00+05:30,958.95,960.55,956.0,957.05,35456
2026-04-09T12:00:00+05:30,956.1,959.2,956.1,958.25,26451
2026-04-09T12:15:00+05:30,958.25,960.6,957.0,959.65,26111
2026-04-09T12:30:00+05:30,959.6,959.9,957.2,957.8,15116
2026-04-09T12:45:00+05:30,957.55,957.6,955.2,956.55,14195
2026-04-09T13:00:00+05:30,956.85,957.0,955.35,956.0,14282
2026-04-09T13:15:00+05:30,955.8,956.2,952.25,953.1,21536
2026-04-09T13:30:00+05:30,953.05,954.95,952.25,953.6,11635
2026-04-09T13:45:00+05:30,953.3,955.95,952.8,955.4,18320
2026-04-09T14:00:00+05:30,955.4,957.7,954.85,955.5,24227
2026-04-09T14:15:00+05:30,955.4,955.9,952.9,954.35,19356
2026-04-09T14:30:00+05:30,954.35,955.95,953.3,955.2,33669
2026-04-09T14:45:00+05:30,955.2,955.6,952.0,953.15,60749
2026-04-09T15:00:00+05:30,953.15,960.85,952.15,957.45,137780
2026-04-09T15:15:00+05:30,957.0,958.8,953.2,955.65,159674
2026-04-10T09:15:00+05:30,964.0,968.35,956.6,964.0,178247
2026-04-10T09:30:00+05:30,964.0,965.0,960.35,960.55,57255
2026-04-10T09:45:00+05:30,961.5,964.0,961.2,963.6,16037
2026-04-10T10:00:00+05:30,963.6,963.9,956.55,957.3,46197
2026-04-10T10:15:00+05:30,957.55,958.9,956.2,956.85,25616
2026-04-10T10:30:00+05:30,956.85,960.0,956.55,959.0,15502
2026-04-10T10:45:00+05:30,958.8,969.0,958.8,968.25,104383
2026-04-10T11:00:00+05:30,968.25,971.65,966.15,970.7,63954
2026-04-10T11:15:00+05:30,971.3,974.25,969.5,970.2,59286
2026-04-10T11:30:00+05:30,970.2,976.75,970.1,972.6,81784
2026-04-10T11:45:00+05:30,972.05,976.0,970.1,975.7,34727
2026-04-10T12:00:00+05:30,975.6,979.35,974.2,977.1,91583
2026-04-10T12:15:00+05:30,977.5,978.65,975.05,977.1,49705
2026-04-10T12:30:00+05:30,977.95,978.65,972.65,974.0,24056
2026-04-10T12:45:00+05:30,974.05,976.8,973.5,975.55,19558
2026-04-10T13:00:00+05:30,975.2,976.95,969.9,969.9,68377
2026-04-10T13:15:00+05:30,970.0,974.8,969.3,974.45,65322
2026-04-10T13:30:00+05:30,974.6,977.05,972.5,975.25,68113
2026-04-10T13:45:00+05:30,975.25,977.2,974.5,977.2,26097
2026-04-10T14:00:00+05:30,976.95,978.5,975.6,976.3,30256
2026-04-10T14:15:00+05:30,976.7,976.7,971.8,973.3,27605
2026-04-10T14:30:00+05:30,973.3,976.9,972.5,976.0,41517
2026-04-10T14:45:00+05:30,976.35,978.9,972.6,973.0,31050
2026-04-10T15:00:00+05:30,973.2,976.45,973.2,975.0,56897
2026-04-10T15:15:00+05:30,975.0,976.75,970.1,972.45,96443
2026-04-13T09:15:00+05:30,955.0,993.3,955.0,989.7,385589
2026-04-13T09:30:00+05:30,989.3,991.75,984.1,990.4,154829
2026-04-13T09:45:00+05:30,990.15,991.2,985.1,989.25,99127
2026-04-13T10:00:00+05:30,989.4,992.5,986.3,991.9,85163
2026-04-13T10:15:00+05:30,991.9,994.6,988.9,992.2,96177
2026-04-13T10:30:00+05:30,992.2,992.9,987.2,988.7,76551
2026-04-13T10:45:00+05:30,988.95,989.65,975.0,981.0,195125
2026-04-13T11:00:00+05:30,980.85,986.95,980.0,985.2,109212
2026-04-13T11:15:00+05:30,985.4,985.4,977.6,978.7,78232
2026-04-13T11:30:00+05:30,978.7,982.0,973.1,978.65,150236
2026-04-13T11:45:00+05:30,978.5,980.0,974.8,975.35,74497
2026-04-13T12:00:00+05:30,975.2,978.8,975.05,977.9,37567
2026-04-13T12:15:00+05:30,977.9,981.0,976.45,980.9,43344
2026-04-13T12:30:00+05:30,980.95,982.9,979.5,982.1,34262
2026-04-13T12:45:00+05:30,982.0,982.25,974.95,978.45,41989
2026-04-13T13:00:00+05:30,978.35,980.0,977.1,979.8,22695
2026-04-13T13:15:00+05:30,979.8,981.8,979.2,981.25,29564
2026-04-13T13:30:00+05:30,981.3,981.5,971.95,975.0,84468
2026-04-13T13:45:00+05:30,975.0,977.35,974.8,975.55,37159
2026-04-13T14:00:00+05:30,975.6,975.9,974.25,975.7,47743
2026-04-13T14:15:00+05:30,975.3,976.0,973.1,973.75,44991
2026-04-13T14:30:00+05:30,973.55,976.8,973.55,975.7,53267
2026-04-13T14:45:00+05:30,975.7,978.8,973.6,976.05,131263
2026-04-13T15:00:00+05:30,976.45,977.2,972.1,975.9,172888
2026-04-13T15:15:00+05:30,975.9,976.2,968.0,970.0,245473
2026-04-15T09:15:00+05:30,980.0,997.4,980.0,995.0,323028
2026-04-15T09:30:00+05:30,995.0,995.5,988.6,991.6,148704
2026-04-15T09:45:00+05:30,991.5,992.0,986.25,992.0,67000
2026-04-15T10:00:00+05:30,992.0,995.4,988.9,993.6,59892
2026-04-15T10:15:00+05:30,993.7,1000.5,993.45,997.0,203285
2026-04-15T10:30:00+05:30,997.0,1003.0,996.7,998.9,121890
2026-04-15T10:45:00+05:30,998.95,1002.0,998.25,1001.5,42290
2026-04-15T11:00:00+05:30,1001.3,1001.45,999.0,1000.25,35727
2026-04-15T11:15:00+05:30,1000.0,1005.0,999.35,1001.0,90521
2026-04-15T11:30:00+05:30,1001.7,1004.0,1001.2,1003.15,33178
2026-04-15T11:45:00+05:30,1003.5,1004.9,1002.2,1003.9,23118
2026-04-15T12:00:00+05:30,1003.85,1004.0,1002.0,1003.1,20893
2026-04-15T12:15:00+05:30,1003.25,1004.0,1002.25,1003.35,27312
2026-04-15T12:30:00+05:30,1003.05,1004.9,1002.0,1002.8,38018
2026-04-15T12:45:00+05:30,1002.65,1003.0,1000.35,1001.75,28064
2026-04-15T13:00:00+05:30,1001.65,1004.0,1000.4,1003.8,28050
2026-04-15T13:15:00+05:30,1003.75,1005.5,1001.55,1002.85,48429
2026-04-15T13:30:00+05:30,1003.05,1004.7,1002.85,1004.35,33663
2026-04-15T13:45:00+05:30,1004.35,1004.35,997.85,1001.7,99247
2026-04-15T14:00:00+05:30,1001.65,1002.5,999.4,1001.2,29803
2026-04-15T14:15:00+05:30,1000.95,1002.5,998.8,1001.5,49194
2026-04-15T14:30:00+05:30,1001.35,1003.3,996.15,997.85,65083
2026-04-15T14:45:00+05:30,997.85,1000.4,997.2,999.05,74190
2026-04-15T15:00:00+05:30,999.05,1001.6,998.15,1000.0,102438
2026-04-15T15:15:00+05:30,999.6,1000.0,995.75,998.8,167486
2026-04-16T09:15:00+05:30,1009.9,1022.7,1002.65,1021.7,227061
2026-04-16T09:30:00+05:30,1021.55,1021.65,1010.05,1010.4,102605
2026-04-16T09:45:00+05:30,1010.45,1011.5,1005.6,1005.95,45275
2026-04-16T10:00:00+05:30,1006.0,1009.85,1004.6,1005.45,49503
2026-04-16T10:15:00+05:30,1005.15,1009.5,1005.0,1008.45,20999
2026-04-16T10:30:00+05:30,1008.7,1010.35,1007.6,1009.6,25352
2026-04-16T10:45:00+05:30,1009.15,1010.0,1007.3,1008.0,9415
2026-04-16T11:00:00+05:30,1007.65,1012.5,1007.4,1009.65,22932
2026-04-16T11:15:00+05:30,1009.7,1013.65,1009.0,1010.25,32006
2026-04-16T11:30:00+05:30,1010.25,1010.5,1004.5,1006.7,30980
2026-04-16T11:45:00+05:30,1006.95,1009.55,1005.7,1006.6,16513
2026-04-16T12:00:00+05:30,1006.6,1009.0,1004.05,1008.65,24506
2026-04-16T12:15:00+05:30,1008.35,1009.45,1003.8,1007.0,13824
2026-04-16T12:30:00+05:30,1006.85,1008.35,1006.05,1007.4,13918
2026-04-16T12:45:00+05:30,1007.4,1009.1,1005.0,1006.8,11242
2026-04-16T13:00:00+05:30,1007.3,1008.75,1005.2,1006.45,11562
2026-04-16T13:15:00+05:30,1006.65,1007.95,1004.4,1006.2,10559
2026-04-16T13:30:00+05:30,1006.1,1008.6,1003.05,1003.85,17394
2026-04-16T13:45:00+05:30,1003.95,1007.55,1003.8,1006.55,16800
2026-04-16T14:00:00+05:30,1006.55,1007.95,1004.15,1006.7,11584
2026-04-16T14:15:00+05:30,1006.7,1008.35,1006.65,1007.4,9605
2026-04-16T14:30:00+05:30,1007.1,1008.0,1006.5,1007.25,14849
2026-04-16T14:45:00+05:30,1006.95,1007.6,1004.25,1004.5,36241
2026-04-16T15:00:00+05:30,1004.8,1007.8,998.2,1003.7,85158
2026-04-16T15:15:00+05:30,1003.05,1006.0,1000.1,1006.0,89928
2026-04-17T09:15:00+05:30,1008.0,1016.95,1004.0,1014.4,75389
2026-04-17T09:30:00+05:30,1013.95,1021.5,1011.0,1017.5,126590
2026-04-17T09:45:00+05:30,1017.0,1020.0,1014.05,1015.15,72168
2026-04-17T10:00:00+05:30,1014.7,1018.95,1013.75,1018.05,26674
2026-04-17T10:15:00+05:30,1018.05,1019.8,1013.25,1017.25,46721
2026-04-17T10:30:00+05:30,1017.25,1020.0,1016.15,1018.2,53151
2026-04-17T10:45:00+05:30,1018.2,1019.0,1014.5,1016.55,20174
2026-04-17T11:00:00+05:30,1016.0,1016.6,1012.0,1015.2,31879
2026-04-17T11:15:00+05:30,1015.2,1019.9,1012.2,1019.7,44096
2026-04-17T11:30:00+05:30,1019.2,1022.0,1016.75,1020.7,73922
2026-04-17T11:45:00+05:30,1020.7,1021.1,1016.4,1017.0,39899
2026-04-17T12:00:00+05:30,1017.0,1018.0,1015.35,1018.0,27464
2026-04-17T12:15:00+05:30,1017.75,1019.2,1015.2,1015.2,29874
2026-04-17T12:30:00+05:30,1015.2,1016.0,1013.7,1014.55,14280
2026-04-17T12:45:00+05:30,1014.05,1016.3,1013.95,1014.95,16115
2026-04-17T13:00:00+05:30,1015.15,1018.0,1014.65,1015.3,21067
2026-04-17T13:15:00+05:30,1015.0,1015.8,1014.45,1015.5,9362
2026-04-17T13:30:00+05:30,1015.2,1015.5,1013.1,1013.45,11922
2026-04-17T13:45:00+05:30,1013.45,1017.5,1013.45,1016.45,17600
2026-04-17T14:00:00+05:30,1016.0,1016.6,1008.35,1009.0,30702
2026-04-17T14:15:00+05:30,1008.95,1018.2,1008.05,1016.0,50621
2026-04-17T14:30:00+05:30,1015.55,1017.95,1015.0,1017.45,46611
2026-04-17T14:45:00+05:30,1017.45,1017.9,1015.0,1016.85,52385
2026-04-17T15:00:00+05:30,1016.5,1036.0,1008.55,1033.7,3357164
2026-04-17T15:15:00+05:30,1034.75,1050.8,1033.75,1048.0,3185280
2026-04-20T09:15:00+05:30,1038.4,1044.6,1024.25,1035.4,371864
2026-04-20T09:30:00+05:30,1035.4,1037.2,1031.0,1031.15,85754
2026-04-20T09:45:00+05:30,1031.15,1031.8,1024.05,1024.3,95522
2026-04-20T10:00:00+05:30,1025.0,1025.1,1012.45,1017.1,108826
2026-04-20T10:15:00+05:30,1017.1,1020.5,1014.0,1016.85,53115
2026-04-20T10:30:00+05:30,1016.85,1021.25,1015.1,1019.75,33563
2026-04-20T10:45:00+05:30,1019.75,1020.0,1018.0,1019.0,13398
2026-04-20T11:00:00+05:30,1018.75,1020.65,1014.0,1014.55,30176
2026-04-20T11:15:00+05:30,1014.55,1018.4,1014.5,1015.2,24724
2026-04-20T11:30:00+05:30,1015.2,1017.35,1014.4,1014.75,38239
2026-04-20T11:45:00+05:30,1015.0,1017.7,1014.1,1014.55,45659
2026-04-20T12:00:00+05:30,1014.25,1014.9,1004.0,1007.05,105023
2026-04-20T12:15:00+05:30,1007.0,1007.75,1006.2,1007.5,29295
2026-04-20T12:30:00+05:30,1007.1,1007.65,1005.0,1005.7,30722
2026-04-20T12:45:00+05:30,1005.55,1007.55,1004.5,1004.95,50463
2026-04-20T13:00:00+05:30,1004.95,1010.0,1001.85,1005.9,135407
2026-04-20T13:15:00+05:30,1005.9,1007.75,1004.3,1007.35,39890
2026-04-20T13:30:00+05:30,1007.25,1009.0,1006.0,1007.65,29383
2026-04-20T13:45:00+05:30,1007.65,1008.5,1006.1,1008.4,18699
2026-04-20T14:00:00+05:30,1008.4,1011.6,1007.85,1010.5,62008
2026-04-20T14:15:00+05:30,1010.9,1013.5,1010.1,1012.45,68997
2026-04-20T14:30:00+05:30,1012.25,1013.8,1010.9,1012.8,57670
2026-04-20T14:45:00+05:30,1013.6,1016.25,1011.7,1013.8,72370
2026-04-20T15:00:00+05:30,1013.8,1015.4,1011.8,1013.05,101654
2026-04-20T15:15:00+05:30,1013.3,1013.6,1005.0,1006.15,165858
2026-04-21T09:15:00+05:30,1013.0,1017.1,1004.3,1006.85,153920
2026-04-21T09:30:00+05:30,1006.85,1017.25,1006.35,1009.75,85504
2026-04-21T09:45:00+05:30,1009.65,1011.85,1004.35,1005.0,61744
2026-04-21T10:00:00+05:30,1004.6,1016.0,1004.6,1013.9,67217
2026-04-21T10:15:00+05:30,1013.9,1014.0,1007.0,1007.85,77227
2026-04-21T10:30:00+05:30,1007.85,1008.5,997.4,1002.5,116798
2026-04-21T10:45:00+05:30,1002.5,1003.85,1001.5,1002.1,31833
2026-04-21T11:00:00+05:30,1002.1,1003.75,1001.4,1002.4,28196
2026-04-21T11:15:00+05:30,1002.4,1002.8,998.2,998.75,35143
2026-04-21T11:30:00+05:30,998.8,1001.2,997.5,1001.0,30125
2026-04-21T11:45:00+05:30,1001.0,1001.65,1000.0,1000.25,13146
2026-04-21T12:00:00+05:30,1000.1,1000.8,999.1,1000.0,11506
2026-04-21T12:15:00+05:30,1000.0,1000.3,998.2,998.6,11305
2026-04-21T12:30:00+05:30,998.6,1000.5,998.55,999.15,12536
2026-04-21T12:45:00+05:30,999.1,1000.3,998.25,1000.0,14060
2026-04-21T13:00:00+05:30,999.5,1000.35,998.85,999.05,9669
2026-04-21T13:15:00+05:30,999.4,1000.0,996.2,998.85,19997
2026-04-21T13:30:00+05:30,998.8,999.55,997.25,997.4,20244
2026-04-21T13:45:00+05:30,998.1,999.45,995.5,996.6,25570
2026-04-21T14:00:00+05:30,996.7,996.9,995.0,996.0,17492
2026-04-21T14:15:00+05:30,995.85,996.95,995.1,996.8,11373
2026-04-21T14:30:00+05:30,997.0,997.2,992.5,993.95,43550
2026-04-21T14:45:00+05:30,994.45,999.65,993.95,997.85,42377
2026-04-21T15:00:00+05:30,998.2,998.35,995.3,996.8,68605
2026-04-21T15:15:00+05:30,996.9,997.0,992.25,994.0,117808
2026-04-22T09:15:00+05:30,991.1,1000.15,986.45,988.55,131574
2026-04-22T09:30:00+05:30,988.15,997.1,986.7,990.0,143201
2026-04-22T09:45:00+05:30,990.0,999.25,988.6,988.6,92352
2026-04-22T10:00:00+05:30,988.75,993.1,988.3,991.05,30559
2026-04-22T10:15:00+05:30,991.1,993.0,990.0,992.7,16392
2026-04-22T10:30:00+05:30,992.7,994.2,991.45,993.8,32593
2026-04-22T10:45:00+05:30,993.35,995.55,990.0,991.35,24759
2026-04-22T11:00:00+05:30,991.05,991.3,989.2,989.75,19984
2026-04-22T11:15:00+05:30,989.9,990.55,988.0,989.95,18526
2026-04-22T11:30:00+05:30,989.5,992.8,988.2,991.0,24486
2026-04-22T11:45:00+05:30,991.0,996.0,991.0,994.7,29845
2026-04-22T12:00:00+05:30,994.25,995.4,993.35,994.15,30991
2026-04-22T12:15:00+05:30,994.15,998.0,993.05,996.45,38060
2026-04-22T12:30:00+05:30,996.3,998.0,993.55,995.1,40309
2026-04-22T12:45:00+05:30,994.85,997.0,994.25,995.45,14164
2026-04-22T13:00:00+05:30,995.9,996.8,995.15,995.6,9023
2026-04-22T13:15:00+05:30,995.6,995.8,992.0,994.3,29107
2026-04-22T13:30:00+05:30,993.85,994.25,990.0,992.0,17388
2026-04-22T13:45:00+05:30,991.85,993.6,991.15,993.0,12129
2026-04-22T14:00:00+05:30,992.7,994.2,990.25,991.25,27006
2026-04-22T14:15:00+05:30,991.35,995.0,991.2,993.3,15808
2026-04-22T14:30:00+05:30,993.9,995.45,993.25,994.5,20025
2026-04-22T14:45:00+05:30,994.3,995.0,992.25,993.85,25165
2026-04-22T15:00:00+05:30,993.55,993.55,990.05,991.5,56506
2026-04-22T15:15:00+05:30,991.4,992.5,987.6,988.2,92272
2026-04-23T09:15:00+05:30,990.0,1000.5,981.6,993.6,130653
2026-04-23T09:30:00+05:30,994.6,1003.1,990.75,999.6,167556
2026-04-23T09:45:00+05:30,999.65,1004.8,997.5,1004.8,72167
2026-04-23T10:00:00+05:30,1004.8,1007.45,1000.25,1006.0,60610
2026-04-23T10:15:00+05:30,1005.95,1010.0,1005.35,1006.5,74297
2026-04-23T10:30:00+05:30,1006.5,1006.85,1000.5,1000.7,38556
2026-04-23T10:45:00+05:30,1000.7,1001.7,998.75,999.65,23912
2026-04-23T11:00:00+05:30,999.65,1003.55,999.1,1001.25,17783
2026-04-23T11:15:00+05:30,1001.0,1001.9,999.5,999.85,8638
2026-04-23T11:30:00+05:30,999.9,1002.9,999.9,1001.15,11548
2026-04-23T11:45:00+05:30,1001.15,1010.55,1000.0,1009.9,52211
2026-04-23T12:00:00+05:30,1009.9,1010.0,1002.1,1005.85,57936
2026-04-23T12:15:00+05:30,1005.35,1007.2,1005.0,1006.0,31466
2026-04-23T12:30:00+05:30,1006.0,1008.0,1004.4,1006.0,54789
2026-04-23T12:45:00+05:30,1006.0,1007.55,1005.5,1006.5,49224
2026-04-23T13:00:00+05:30,1006.7,1007.85,1006.2,1006.2,12341
2026-04-23T13:15:00+05:30,1006.6,1009.0,1006.1,1008.45,19649
2026-04-23T13:30:00+05:30,1008.45,1009.5,1006.3,1006.7,28457
2026-04-23T13:45:00+05:30,1007.15,1007.2,1006.0,1007.1,11535
2026-04-23T14:00:00+05:30,1006.4,1007.15,1005.65,1005.65,16994
2026-04-23T14:15:00+05:30,1005.65,1008.2,1003.4,1003.75,169919
2026-04-23T14:30:00+05:30,1003.75,1005.25,1000.3,1002.15,37232
2026-04-23T14:45:00+05:30,1002.1,1004.85,1000.35,1001.0,36071
2026-04-23T15:00:00+05:30,1001.4,1001.9,1000.0,1000.0,34955
2026-04-23T15:15:00+05:30,1000.75,1002.45,990.1,1001.0,143539
2026-04-24T09:15:00+05:30,990.0,997.95,956.55,997.3,697388
2026-04-24T09:30:00+05:30,996.85,1006.35,992.4,1004.2,494915
2026-04-24T09:45:00+05:30,1004.05,1011.0,1001.05,1008.1,301145
2026-04-24T10:00:00+05:30,1008.1,1015.0,1004.75,1014.45,218392
2026-04-24T10:15:00+05:30,1014.0,1018.4,1006.4,1010.0,343566
2026-04-24T10:30:00+05:30,1008.45,1010.05,1002.4,1005.3,165533
2026-04-24T10:45:00+05:30,1005.25,1012.6,1005.0,1010.15,38096
2026-04-24T11:00:00+05:30,1010.75,1012.3,1009.55,1009.8,54610
2026-04-24T11:15:00+05:30,1010.0,1012.7,1009.2,1010.9,67819
2026-04-24T11:30:00+05:30,1010.5,1011.55,1008.9,1011.2,89989
2026-04-24T11:45:00+05:30,1010.55,1012.7,1007.25,1010.05,123389
2026-04-24T12:00:00+05:30,1010.35,1010.5,1004.2,1008.0,55306
2026-04-24T12:15:00+05:30,1008.4,1008.65,1006.0,1006.2,36862
2026-04-24T12:30:00+05:30,1006.2,1012.0,1004.25,1010.0,42336
2026-04-24T12:45:00+05:30,1010.5,1015.0,1010.05,1014.0,38417
2026-04-24T13:00:00+05:30,1014.05,1014.55,1011.1,1011.95,29689
2026-04-24T13:15:00+05:30,1011.65,1014.85,1010.0,1013.9,30770
2026-04-24T13:30:00+05:30,1013.45,1013.9,1009.9,1012.45,33289
2026-04-24T13:45:00+05:30,1012.25,1015.9,1012.25,1015.45,58613
2026-04-24T14:00:00+05:30,1015.3,1017.75,1012.05,1015.7,83852
2026-04-24T14:15:00+05:30,1016.15,1027.8,1015.1,1027.05,254058
2026-04-24T14:30:00+05:30,1027.15,1032.0,1023.2,1027.9,194884
2026-04-24T14:45:00+05:30,1028.0,1029.75,1012.3,1016.8,495859
2026-04-24T15:00:00+05:30,1016.0,1016.0,1003.0,1005.8,371130
2026-04-24T15:15:00+05:30,1005.35,1012.8,1004.0,1012.0,180472
