datetime,open,high,low,close,volume
2024-11-13T10:00:00+05:30,420.0,420.05,391.0,398.35,18571625
2024-11-13T10:15:00+05:30,398.5,407.45,398.0,400.7,4377525
2024-11-13T10:30:00+05:30,400.75,435.0,400.6,434.8,10609909
2024-11-13T10:45:00+05:30,434.4,444.0,421.1,434.65,8603936
2024-11-13T11:00:00+05:30,434.4,447.0,431.05,444.3,6352068
2024-11-13T11:15:00+05:30,444.3,448.0,438.8,441.95,3230250
2024-11-13T11:30:00+05:30,441.95,449.0,440.0,442.1,2903251
2024-11-13T11:45:00+05:30,442.25,447.5,441.2,447.5,1964536
2024-11-13T12:00:00+05:30,447.25,447.55,440.65,441.4,2162252
2024-11-13T12:15:00+05:30,441.55,443.2,435.35,439.15,2279987
2024-11-13T12:30:00+05:30,439.45,443.5,437.7,441.35,1452659
2024-11-13T12:45:00+05:30,441.4,443.0,427.3,428.8,1347001
2024-11-13T13:00:00+05:30,428.65,438.5,423.35,436.8,2777017
2024-11-13T13:15:00+05:30,437.2,444.0,436.4,443.25,2807227
2024-11-13T13:30:00+05:30,443.25,447.8,442.1,445.85,2406895
2024-11-13T13:45:00+05:30,445.8,449.0,443.25,443.95,1703792
2024-11-13T14:00:00+05:30,443.95,446.0,441.1,444.0,2088040
2024-11-13T14:15:00+05:30,444.0,447.0,433.2,439.15,3266704
2024-11-13T14:30:00+05:30,439.2,445.9,438.0,445.65,2377448
2024-11-13T14:45:00+05:30,445.65,448.65,442.05,444.85,2222450
2024-11-13T15:00:00+05:30,445.0,462.8,443.6,461.8,7188138
2024-11-13T15:15:00+05:30,461.45,465.8,452.1,464.0,5203300
2024-11-14T09:15:00+05:30,473.4,489.4,468.1,470.75,9182661
2024-11-14T09:30:00+05:30,470.65,472.7,430.25,433.0,9377158
2024-11-14T09:45:00+05:30,433.25,451.7,433.0,446.55,5406273
2024-11-14T10:00:00+05:30,446.7,461.0,442.2,457.5,4017424
2024-11-14T10:15:00+05:30,457.5,459.7,443.1,448.1,2481457
2024-11-14T10:30:00+05:30,447.8,449.7,442.0,447.15,1701844
2024-11-14T10:45:00+05:30,447.15,447.8,444.45,446.55,931259
2024-11-14T11:00:00+05:30,446.5,446.55,440.2,441.1,1198058
2024-11-14T11:15:00+05:30,441.0,445.8,440.05,443.95,1169093
2024-11-14T11:30:00+05:30,444.0,445.7,443.05,444.2,684379
2024-11-14T11:45:00+05:30,444.2,445.0,442.85,444.1,413473
2024-11-14T12:00:00+05:30,444.0,444.9,443.2,444.25,420315
2024-11-14T12:15:00+05:30,444.0,444.25,440.1,440.3,552164
2024-11-14T12:30:00+05:30,440.3,441.85,436.1,439.35,1276548
2024-11-14T12:45:00+05:30,439.5,440.8,439.05,439.75,452468
2024-11-14T13:00:00+05:30,439.6,440.8,439.15,439.4,363345
2024-11-14T13:15:00+05:30,439.25,440.7,431.05,433.35,1701421
2024-11-14T13:30:00+05:30,433.35,435.0,427.35,433.15,1853703
2024-11-14T13:45:00+05:30,433.1,438.4,432.0,434.35,937586
2024-11-14T14:00:00+05:30,434.25,435.6,427.6,429.25,1558749
2024-11-14T14:15:00+05:30,429.25,436.3,429.2,435.95,1363839
2024-11-14T14:30:00+05:30,435.75,444.0,435.0,438.45,2210744
2024-11-14T14:45:00+05:30,438.2,442.35,434.2,436.7,1299149
2024-11-14T15:00:00+05:30,436.5,439.7,434.05,435.1,1802296
2024-11-14T15:15:00+05:30,435.05,436.0,418.6,421.6,3181768
2024-11-18T09:15:00+05:30,416.0,432.95,415.75,430.1,4067577
2024-11-18T09:30:00+05:30,430.15,438.7,428.35,430.6,2357036
2024-11-18T09:45:00+05:30,430.6,432.6,428.0,429.85,1418537
2024-11-18T10:00:00+05:30,429.9,432.6,429.7,430.8,610125
2024-11-18T10:15:00+05:30,430.55,431.0,425.15,426.8,1004945
2024-11-18T10:30:00+05:30,426.75,427.0,422.0,422.65,1084757
2024-11-18T10:45:00+05:30,422.9,423.7,420.7,421.6,863748
2024-11-18T11:00:00+05:30,421.55,425.0,420.5,421.65,637233
2024-11-18T11:15:00+05:30,421.65,423.35,421.55,422.3,373053
2024-11-18T11:30:00+05:30,422.25,422.5,413.3,414.5,1353783
2024-11-18T11:45:00+05:30,414.4,419.45,411.8,418.75,1107887
2024-11-18T12:00:00+05:30,418.55,429.65,418.1,424.55,2075034
2024-11-18T12:15:00+05:30,424.8,427.95,421.05,426.25,743033
2024-11-18T12:30:00+05:30,426.05,431.7,423.5,426.5,1506436
2024-11-18T12:45:00+05:30,426.35,428.9,422.5,423.15,744875
2024-11-18T13:00:00+05:30,423.05,424.25,419.0,420.7,743644
2024-11-18T13:15:00+05:30,420.5,420.7,416.0,416.7,655270
2024-11-18T13:30:00+05:30,416.7,420.85,415.0,416.3,630966
2024-11-18T13:45:00+05:30,416.45,418.0,416.0,417.4,363941
2024-11-18T14:00:00+05:30,417.35,418.0,416.0,416.75,324683
2024-11-18T14:15:00+05:30,416.75,419.2,415.3,417.1,368912
2024-11-18T14:30:00+05:30,417.0,417.4,412.3,413.9,658685
2024-11-18T14:45:00+05:30,413.75,414.2,410.4,411.5,992518
2024-11-18T15:00:00+05:30,411.3,428.7,411.3,421.0,2316477
2024-11-18T15:15:00+05:30,421.0,426.0,418.3,425.45,1440089
2024-11-19T09:15:00+05:30,424.5,429.9,421.0,424.55,1042269
2024-11-19T09:30:00+05:30,424.55,424.8,420.3,422.7,609387
2024-11-19T09:45:00+05:30,422.7,426.7,421.3,422.7,607465
2024-11-19T10:00:00+05:30,422.5,427.95,422.3,424.8,461351
2024-11-19T10:15:00+05:30,424.95,428.45,423.95,427.25,603140
2024-11-19T10:30:00+05:30,427.25,427.85,425.55,425.8,357704
2024-11-19T10:45:00+05:30,425.7,430.9,425.6,428.7,1134032
2024-11-19T11:00:00+05:30,428.4,429.2,424.35,425.0,353075
2024-11-19T11:15:00+05:30,425.0,426.5,424.6,426.3,162895
2024-11-19T11:30:00+05:30,426.3,427.8,424.6,424.95,406704
2024-11-19T11:45:00+05:30,424.95,425.0,422.1,422.7,349254
2024-11-19T12:00:00+05:30,422.85,423.85,421.1,422.95,322492
2024-11-19T12:15:00+05:30,422.7,423.5,421.75,423.0,225298
2024-11-19T12:30:00+05:30,423.0,423.65,422.3,423.0,191063
2024-11-19T12:45:00+05:30,423.0,423.75,422.8,422.8,171231
2024-11-19T13:00:00+05:30,422.8,423.95,422.05,423.5,267279
2024-11-19T13:15:00+05:30,423.2,423.6,421.9,422.05,204654
2024-11-19T13:30:00+05:30,422.05,422.35,421.05,421.15,201919
2024-11-19T13:45:00+05:30,421.15,421.75,419.25,420.85,367153
2024-11-19T14:00:00+05:30,420.85,420.85,418.0,419.4,758825
2024-11-19T14:15:00+05:30,419.5,421.0,419.1,419.9,322242
2024-11-19T14:30:00+05:30,419.9,420.0,416.15,417.2,462267
2024-11-19T14:45:00+05:30,417.3,420.0,416.0,416.4,543075
2024-11-19T15:00:00+05:30,416.2,417.35,412.35,412.65,1063134
2024-11-19T15:15:00+05:30,412.45,412.7,408.85,410.0,1182779
2024-11-21T09:15:00+05:30,408.95,415.9,402.0,410.25,1501722
2024-11-21T09:30:00+05:30,410.25,410.8,405.55,408.05,669294
2024-11-21T09:45:00+05:30,408.05,410.75,407.8,409.25,261333
2024-11-21T10:00:00+05:30,409.35,410.0,407.7,408.4,281053
2024-11-21T10:15:00+05:30,408.5,408.5,402.55,405.5,710334
2024-11-21T10:30:00+05:30,405.5,406.4,403.85,405.0,207582
2024-11-21T10:45:00+05:30,405.25,406.0,404.5,405.05,120116
2024-11-21T11:00:00+05:30,405.05,405.4,404.75,405.2,75275
2024-11-21T11:15:00+05:30,405.25,406.9,405.2,406.2,124413
2024-11-21T11:30:00+05:30,406.2,406.85,405.6,406.65,88293
2024-11-21T11:45:00+05:30,406.65,406.9,405.4,405.75,101707
2024-11-21T12:00:00+05:30,405.8,406.75,405.7,406.65,91216
2024-11-21T12:15:00+05:30,406.6,410.0,406.6,409.5,299382
2024-11-21T12:30:00+05:30,409.25,416.0,409.15,413.55,753769
2024-11-21T12:45:00+05:30,413.55,414.8,410.65,413.7,387055
2024-11-21T13:00:00+05:30,413.7,414.9,412.25,414.9,192671
2024-11-21T13:15:00+05:30,414.7,414.85,412.45,414.2,151069
2024-11-21T13:30:00+05:30,414.15,422.0,413.8,420.2,1005410
2024-11-21T13:45:00+05:30,420.3,423.7,417.0,423.3,814938
2024-11-21T14:00:00+05:30,423.25,423.3,417.65,418.5,500330
2024-11-21T14:15:00+05:30,418.45,421.5,417.65,418.35,416864
2024-11-21T14:30:00+05:30,418.5,419.7,416.5,418.75,409192
2024-11-21T14:45:00+05:30,418.95,419.9,414.05,415.85,585993
2024-11-21T15:00:00+05:30,415.7,420.0,414.2,416.8,808530
2024-11-21T15:15:00+05:30,416.8,419.0,414.75,417.0,815740
2024-11-22T09:15:00+05:30,415.85,416.2,410.8,412.7,510400
2024-11-22T09:30:00+05:30,412.95,413.7,410.0,410.75,345799
2024-11-22T09:45:00+05:30,410.6,411.7,410.0,411.2,231319
2024-11-22T10:00:00+05:30,411.2,413.3,411.2,412.7,102707
2024-11-22T10:15:00+05:30,412.95,413.35,410.65,411.65,144355
2024-11-22T10:30:00+05:30,411.15,412.25,410.7,411.85,59045
2024-11-22T10:45:00+05:30,411.75,414.75,411.75,414.15,218669
2024-11-22T11:00:00+05:30,414.15,415.4,413.0,414.05,162200
2024-11-22T11:15:00+05:30,414.05,414.7,414.0,414.1,59762
2024-11-22T11:30:00+05:30,414.15,415.0,413.0,414.75,86392
2024-11-22T11:45:00+05:30,414.6,414.9,413.7,414.05,84786
2024-11-22T12:00:00+05:30,414.0,419.75,413.7,419.0,165175
2024-11-22T12:15:00+05:30,419.0,419.5,414.65,416.2,278466
2024-11-22T12:30:00+05:30,416.2,417.3,415.6,417.2,74277
2024-11-22T12:45:00+05:30,417.1,417.2,415.05,415.8,90375
2024-11-22T13:00:00+05:30,415.8,416.5,415.5,415.7,42518
2024-11-22T13:15:00+05:30,415.7,419.0,415.5,416.3,152268
2024-11-22T13:30:00+05:30,416.2,417.6,416.0,416.05,67306
2024-11-22T13:45:00+05:30,416.05,416.45,415.2,415.3,82991
2024-11-22T14:00:00+05:30,415.9,416.8,415.35,416.25,59185
2024-11-22T14:15:00+05:30,416.2,416.75,415.35,416.4,80730
2024-11-22T14:30:00+05:30,416.25,416.8,416.2,416.65,42741
2024-11-22T14:45:00+05:30,416.65,418.35,416.0,416.85,165825
2024-11-22T15:00:00+05:30,416.9,417.7,416.7,417.15,231714
2024-11-22T15:15:00+05:30,417.15,417.9,414.0,415.0,382132
2024-11-25T09:15:00+05:30,418.75,424.4,417.2,417.75,586097
2024-11-25T09:30:00+05:30,417.75,421.9,417.2,420.35,367326
2024-11-25T09:45:00+05:30,420.35,426.05,420.0,425.0,748222
2024-11-25T10:00:00+05:30,424.9,425.0,421.25,422.5,299305
2024-11-25T10:15:00+05:30,422.5,423.85,421.05,422.5,215126
2024-11-25T10:30:00+05:30,422.5,425.7,422.0,423.6,368232
2024-11-25T10:45:00+05:30,423.5,424.8,423.0,424.0,122049
2024-11-25T11:00:00+05:30,424.0,428.0,423.2,427.7,194774
2024-11-25T11:15:00+05:30,427.65,434.8,427.65,430.3,985475
2024-11-25T11:30:00+05:30,430.3,432.9,427.05,428.35,298526
2024-11-25T11:45:00+05:30,428.2,433.8,427.3,429.65,922319
2024-11-25T12:00:00+05:30,429.65,435.95,429.6,433.8,733603
2024-11-25T12:15:00+05:30,433.8,435.0,432.1,433.4,305856
2024-11-25T12:30:00+05:30,433.4,434.55,431.4,432.55,377332
2024-11-25T12:45:00+05:30,432.5,434.5,432.15,433.85,417681
2024-11-25T13:00:00+05:30,433.85,434.6,431.1,431.8,673786
2024-11-25T13:15:00+05:30,431.7,441.4,431.15,438.5,1044611
2024-11-25T13:30:00+05:30,438.55,440.1,436.35,436.75,425680
2024-11-25T13:45:00+05:30,436.9,437.15,434.0,435.1,253531
2024-11-25T14:00:00+05:30,435.1,437.4,434.55,435.15,143281
2024-11-25T14:15:00+05:30,435.15,435.3,431.25,433.0,259100
2024-11-25T14:30:00+05:30,432.75,435.0,432.05,434.65,243639
2024-11-25T14:45:00+05:30,434.4,435.85,431.7,432.5,229204
2024-11-25T15:00:00+05:30,432.5,437.9,428.2,431.8,746827
2024-11-25T15:15:00+05:30,431.55,435.9,427.6,428.0,650736
2024-11-26T09:15:00+05:30,443.0,447.95,438.9,446.5,2163864
2024-11-26T09:30:00+05:30,446.85,457.95,443.65,444.8,2906424
2024-11-26T09:45:00+05:30,444.6,445.3,443.55,444.0,382240
2024-11-26T10:00:00+05:30,443.95,446.5,443.55,444.5,389064
2024-11-26T10:15:00+05:30,444.45,445.4,443.55,444.3,228938
2024-11-26T10:30:00+05:30,444.4,447.1,444.3,444.8,289774
2024-11-26T10:45:00+05:30,444.7,445.3,444.0,445.0,220202
2024-11-26T11:00:00+05:30,445.1,445.5,444.15,444.9,165205
2024-11-26T11:15:00+05:30,444.95,445.35,444.55,445.0,96369
2024-11-26T11:30:00+05:30,445.0,446.95,444.7,445.0,175984
2024-11-26T11:45:00+05:30,445.0,446.0,444.65,445.15,147461
2024-11-26T12:00:00+05:30,445.15,447.9,444.75,445.0,294767
2024-11-26T12:15:00+05:30,445.3,445.65,444.55,445.35,181738
2024-11-26T12:30:00+05:30,445.35,447.0,445.0,446.0,227308
2024-11-26T12:45:00+05:30,445.75,445.8,445.15,445.5,167980
2024-11-26T13:00:00+05:30,445.5,446.4,445.5,445.8,147623
2024-11-26T13:15:00+05:30,445.85,446.15,444.6,445.05,193880
2024-11-26T13:30:00+05:30,445.05,446.2,445.0,445.55,177674
2024-11-26T13:45:00+05:30,445.55,446.5,445.2,445.5,162972
2024-11-26T14:00:00+05:30,445.5,451.0,445.0,450.0,937711
2024-11-26T14:15:00+05:30,450.0,450.75,448.75,450.0,622299
2024-11-26T14:30:00+05:30,450.0,457.4,448.05,454.4,1476056
2024-11-26T14:45:00+05:30,454.3,455.6,452.3,453.15,514906
2024-11-26T15:00:00+05:30,453.0,459.5,450.35,459.35,992700
2024-11-26T15:15:00+05:30,459.2,471.0,457.3,469.6,2574314
2024-11-27T09:15:00+05:30,468.0,484.3,465.55,476.05,4512206
2024-11-27T09:30:00+05:30,476.05,478.4,473.85,475.95,1277073
2024-11-27T09:45:00+05:30,475.95,497.8,475.95,497.75,5575401
2024-11-27T10:00:00+05:30,497.75,499.0,491.1,491.25,2647473
2024-11-27T10:15:00+05:30,491.25,492.0,487.4,491.5,1379520
2024-11-27T10:30:00+05:30,491.45,494.9,490.2,492.3,1142201
2024-11-27T10:45:00+05:30,492.1,501.7,492.0,498.7,3098758
2024-11-27T11:00:00+05:30,498.75,499.65,488.65,489.85,2734948
2024-11-27T11:15:00+05:30,490.0,490.8,486.05,487.85,1059702
2024-11-27T11:30:00+05:30,487.85,491.0,482.3,488.55,1298853
2024-11-27T11:45:00+05:30,488.75,490.45,484.5,486.8,693511
2024-11-27T12:00:00+05:30,486.9,495.9,486.85,487.75,1536286
2024-11-27T12:15:00+05:30,487.8,492.0,487.45,489.1,534442
2024-11-27T12:30:00+05:30,489.25,492.8,489.25,491.5,630664
2024-11-27T12:45:00+05:30,491.5,491.75,489.05,491.7,338853
2024-11-27T13:00:00+05:30,491.6,493.8,488.0,489.0,752819
2024-11-27T13:15:00+05:30,488.9,489.05,482.85,483.65,891090
2024-11-27T13:30:00+05:30,483.8,486.25,483.1,484.95,542670
2024-11-27T13:45:00+05:30,485.1,485.4,481.05,482.8,586645
2024-11-27T14:00:00+05:30,482.8,488.5,482.8,484.9,706429
2024-11-27T14:15:00+05:30,484.85,492.5,484.85,492.2,663124
2024-11-27T14:30:00+05:30,492.2,492.95,488.0,490.25,752474
2024-11-27T14:45:00+05:30,490.25,496.7,490.2,494.05,1337853
2024-11-27T15:00:00+05:30,494.05,500.0,490.1,494.7,2291834
2024-11-27T15:15:00+05:30,494.7,508.0,493.8,505.0,3193520
2024-11-28T09:15:00+05:30,507.0,517.0,492.55,496.8,3390184
2024-11-28T09:30:00+05:30,496.45,497.35,490.8,493.5,1067061
2024-11-28T09:45:00+05:30,493.25,495.25,491.25,494.3,853187
2024-11-28T10:00:00+05:30,494.15,497.0,492.3,492.7,561102
2024-11-28T10:15:00+05:30,492.9,495.05,492.0,492.7,430146
2024-11-28T10:30:00+05:30,492.7,492.95,484.05,486.55,1271779
2024-11-28T10:45:00+05:30,486.25,489.0,483.0,486.5,564119
2024-11-28T11:00:00+05:30,486.75,487.95,484.0,484.75,330852
2024-11-28T11:15:00+05:30,484.85,489.7,483.6,487.1,492984
2024-11-28T11:30:00+05:30,487.1,488.9,485.1,487.95,261087
2024-11-28T11:45:00+05:30,487.95,491.95,487.5,488.6,414272
2024-11-28T12:00:00+05:30,488.6,489.05,487.05,488.2,143248
2024-11-28T12:15:00+05:30,488.45,489.5,487.05,489.2,110284
2024-11-28T12:30:00+05:30,489.2,489.25,487.1,487.55,124811
2024-11-28T12:45:00+05:30,487.5,488.25,486.6,486.6,121891
2024-11-28T13:00:00+05:30,486.8,487.0,484.3,484.6,209519
2024-11-28T13:15:00+05:30,484.8,484.95,481.05,483.7,339671
2024-11-28T13:30:00+05:30,483.95,484.15,483.5,483.9,132492
2024-11-28T13:45:00+05:30,483.9,485.3,483.0,484.9,171940
2024-11-28T14:00:00+05:30,485.0,486.7,483.55,485.4,308126
2024-11-28T14:15:00+05:30,485.2,485.2,483.0,484.8,168664
2024-11-28T14:30:00+05:30,484.55,484.8,484.2,484.3,125582
2024-11-28T14:45:00+05:30,484.3,487.5,484.2,484.8,307076
2024-11-28T15:00:00+05:30,485.0,494.3,484.6,492.8,1235408
2024-11-28T15:15:00+05:30,493.0,494.3,490.15,490.25,1622639
2024-11-29T09:15:00+05:30,489.5,493.5,481.25,484.55,1037003
2024-11-29T09:30:00+05:30,484.55,484.55,476.1,476.6,1057045
2024-11-29T09:45:00+05:30,476.8,479.6,475.0,476.0,572367
2024-11-29T10:00:00+05:30,476.0,477.0,470.2,471.2,580791
2024-11-29T10:15:00+05:30,471.5,472.4,470.1,471.15,567000
2024-11-29T10:30:00+05:30,471.15,471.8,467.0,468.0,606195
2024-11-29T10:45:00+05:30,467.95,469.05,466.5,467.65,349736
2024-11-29T11:00:00+05:30,467.65,470.4,467.3,469.8,306821
2024-11-29T11:15:00+05:30,469.75,471.95,469.5,470.6,375505
2024-11-29T11:30:00+05:30,470.6,470.8,464.0,464.4,437513
2024-11-29T11:45:00+05:30,464.7,465.0,457.05,458.1,1201942
2024-11-29T12:00:00+05:30,458.15,463.8,454.65,462.2,965260
2024-11-29T12:15:00+05:30,462.2,462.95,454.65,455.25,800945
2024-11-29T12:30:00+05:30,455.25,461.5,454.6,459.4,696801
2024-11-29T12:45:00+05:30,459.4,464.4,459.0,462.65,510726
2024-11-29T13:00:00+05:30,462.65,464.5,460.0,461.9,675085
2024-11-29T13:15:00+05:30,461.9,463.5,460.7,463.25,198734
2024-11-29T13:30:00+05:30,463.3,465.65,462.2,465.6,449710
2024-11-29T13:45:00+05:30,465.6,468.0,462.3,462.55,482188
2024-11-29T14:00:00+05:30,462.55,464.0,461.05,463.25,268522
2024-11-29T14:15:00+05:30,463.1,464.35,462.4,464.35,186523
2024-11-29T14:30:00+05:30,464.0,467.0,463.0,466.7,318968
2024-11-29T14:45:00+05:30,466.5,468.8,463.45,464.05,741114
2024-11-29T15:00:00+05:30,464.1,473.8,463.65,472.4,1327182
2024-11-29T15:15:00+05:30,472.5,474.45,466.6,470.5,1305602
2024-12-02T09:15:00+05:30,471.65,475.8,464.35,470.7,875594
2024-12-02T09:30:00+05:30,470.5,471.25,467.5,469.2,293736
2024-12-02T09:45:00+05:30,469.15,473.0,468.9,472.35,261866
2024-12-02T10:00:00+05:30,472.35,478.2,470.25,476.75,569673
2024-12-02T10:15:00+05:30,476.45,478.0,472.05,472.5,425822
2024-12-02T10:30:00+05:30,472.45,473.95,469.5,470.8,322469
2024-12-02T10:45:00+05:30,470.55,472.95,470.5,472.5,146024
2024-12-02T11:00:00+05:30,472.7,474.85,472.3,474.75,222192
2024-12-02T11:15:00+05:30,474.5,480.85,474.05,479.55,495526
2024-12-02T11:30:00+05:30,479.55,482.5,477.15,482.0,266707
2024-12-02T11:45:00+05:30,482.3,484.5,481.15,483.15,333853
2024-12-02T12:00:00+05:30,483.3,483.7,479.1,480.45,196283
2024-12-02T12:15:00+05:30,480.2,480.4,477.15,477.85,182608
2024-12-02T12:30:00+05:30,477.6,478.85,475.75,477.3,162953
2024-12-02T12:45:00+05:30,477.5,478.3,475.85,477.1,111082
2024-12-02T13:00:00+05:30,477.1,477.1,475.6,475.95,68390
2024-12-02T13:15:00+05:30,475.8,479.9,475.1,478.05,170025
2024-12-02T13:30:00+05:30,478.05,478.55,476.55,478.55,69024
2024-12-02T13:45:00+05:30,478.6,479.35,477.8,478.9,62315
2024-12-02T14:00:00+05:30,478.9,483.9,478.7,483.05,410202
2024-12-02T14:15:00+05:30,483.05,487.0,483.05,484.9,664074
2024-12-02T14:30:00+05:30,484.9,486.0,483.0,484.8,250101
2024-12-02T14:45:00+05:30,484.8,491.95,483.65,489.8,627557
2024-12-02T15:00:00+05:30,489.8,493.7,487.65,490.0,1403563
2024-12-02T15:15:00+05:30,490.2,503.65,487.3,500.95,1680317
2024-12-03T09:15:00+05:30,505.0,541.95,505.0,514.6,6430866
2024-12-03T09:30:00+05:30,514.65,517.9,510.0,511.35,1705096
2024-12-03T09:45:00+05:30,511.15,515.5,510.0,512.0,1042663
2024-12-03T10:00:00+05:30,512.0,512.0,506.2,508.0,1314671
2024-12-03T10:15:00+05:30,508.05,515.5,507.0,511.85,1157524
2024-12-03T10:30:00+05:30,511.6,515.0,510.95,511.85,557012
2024-12-03T10:45:00+05:30,511.85,512.0,508.0,508.4,501202
2024-12-03T11:00:00+05:30,508.4,513.6,508.05,510.0,499860
2024-12-03T11:15:00+05:30,509.75,511.0,508.25,508.3,409582
2024-12-03T11:30:00+05:30,508.35,510.9,507.25,509.75,412502
2024-12-03T11:45:00+05:30,509.8,509.95,508.1,509.4,214529
2024-12-03T12:00:00+05:30,509.4,513.95,508.8,513.25,592004
2024-12-03T12:15:00+05:30,513.2,513.5,510.1,511.8,321032
2024-12-03T12:30:00+05:30,511.75,513.5,511.35,512.2,255922
2024-12-03T12:45:00+05:30,512.2,516.5,511.5,514.8,704271
2024-12-03T13:00:00+05:30,514.8,514.8,511.9,513.2,300218
2024-12-03T13:15:00+05:30,513.5,515.5,512.0,512.55,433767
2024-12-03T13:30:00+05:30,512.5,513.85,512.0,512.5,185255
2024-12-03T13:45:00+05:30,512.55,515.3,512.5,514.0,352589
2024-12-03T14:00:00+05:30,514.2,515.0,512.4,512.9,235620
2024-12-03T14:15:00+05:30,512.85,514.0,512.5,512.5,245208
2024-12-03T14:30:00+05:30,512.7,518.4,512.5,516.0,979143
2024-12-03T14:45:00+05:30,516.0,516.1,501.85,512.4,1920034
2024-12-03T15:00:00+05:30,512.4,517.5,497.65,498.25,2478004
2024-12-03T15:15:00+05:30,498.7,505.0,486.05,491.0,3565046
2024-12-04T09:15:00+05:30,510.0,534.8,509.85,516.95,6039404
2024-12-04T09:30:00+05:30,516.95,519.25,514.7,518.0,1072279
2024-12-04T09:45:00+05:30,517.95,518.0,512.2,514.7,1224146
2024-12-04T10:00:00+05:30,514.7,518.8,514.2,515.95,1123417
2024-12-04T10:15:00+05:30,515.95,517.0,513.35,514.7,768748
2024-12-04T10:30:00+05:30,514.8,516.0,513.5,513.7,491281
2024-12-04T10:45:00+05:30,513.7,514.5,512.25,512.55,585589
2024-12-04T11:00:00+05:30,512.75,513.0,510.35,510.95,470511
2024-12-04T11:15:00+05:30,510.75,514.95,510.6,514.05,686879
2024-12-04T11:30:00+05:30,514.05,515.95,514.0,514.25,355375
2024-12-04T11:45:00+05:30,514.25,515.95,514.0,514.05,302019
2024-12-04T12:00:00+05:30,514.05,514.95,512.5,514.7,273437
2024-12-04T12:15:00+05:30,514.75,515.9,514.1,514.95,151375
2024-12-04T12:30:00+05:30,514.95,515.5,514.25,514.85,121991
2024-12-04T12:45:00+05:30,514.8,517.75,514.5,516.25,271176
2024-12-04T13:00:00+05:30,516.25,516.5,516.0,516.4,138798
2024-12-04T13:15:00+05:30,516.25,516.65,515.9,516.35,98385
2024-12-04T13:30:00+05:30,516.25,518.5,514.0,516.0,415371
2024-12-04T13:45:00+05:30,516.0,517.6,515.85,516.95,156160
2024-12-04T14:00:00+05:30,517.0,518.4,516.4,516.85,258481
2024-12-04T14:15:00+05:30,516.75,517.45,516.0,516.9,176943
2024-12-04T14:30:00+05:30,516.95,517.0,515.8,516.7,188370
2024-12-04T14:45:00+05:30,516.7,518.4,516.0,516.2,380718
2024-12-04T15:00:00+05:30,516.3,520.6,514.35,515.75,1539558
2024-12-04T15:15:00+05:30,515.55,521.0,515.25,517.1,1404718
2024-12-05T09:15:00+05:30,519.6,521.75,511.0,518.65,1532516
2024-12-05T09:30:00+05:30,518.65,520.65,517.5,518.3,713353
2024-12-05T09:45:00+05:30,518.35,537.8,518.3,536.35,3018836
2024-12-05T10:00:00+05:30,536.45,545.9,536.35,537.5,3099116
2024-12-05T10:15:00+05:30,537.35,549.45,536.5,549.45,1825938
2024-12-05T10:30:00+05:30,549.45,552.5,543.0,551.2,2598517
2024-12-05T10:45:00+05:30,551.15,566.0,551.15,557.3,3883192
2024-12-05T11:00:00+05:30,557.05,562.9,552.75,561.6,1971184
2024-12-05T11:15:00+05:30,561.6,568.95,559.05,567.45,2765330
2024-12-05T11:30:00+05:30,567.45,576.7,563.0,565.05,4684539
2024-12-05T11:45:00+05:30,565.2,566.6,557.55,558.65,2643992
2024-12-05T12:00:00+05:30,558.65,564.6,558.2,558.95,1254970
2024-12-05T12:15:00+05:30,558.9,559.9,548.15,552.35,2894444
2024-12-05T12:30:00+05:30,552.35,552.9,548.4,549.65,1012694
2024-12-05T12:45:00+05:30,549.7,552.9,549.0,549.7,809412
2024-12-05T13:00:00+05:30,549.7,550.0,539.0,544.6,2047484
2024-12-05T13:15:00+05:30,544.6,546.8,543.3,544.25,651487
2024-12-05T13:30:00+05:30,544.25,546.4,542.3,545.75,719368
2024-12-05T13:45:00+05:30,545.55,546.4,543.55,545.2,590064
2024-12-05T14:00:00+05:30,545.35,551.3,541.5,549.5,982647
2024-12-05T14:15:00+05:30,549.5,555.55,545.35,550.65,2073970
2024-12-05T14:30:00+05:30,550.65,550.95,545.0,546.2,851723
2024-12-05T14:45:00+05:30,546.2,548.55,542.1,544.6,1277150
2024-12-05T15:00:00+05:30,544.6,548.8,540.55,540.55,1396350
2024-12-05T15:15:00+05:30,540.55,540.8,532.6,539.45,2357657
2024-12-06T09:15:00+05:30,540.05,548.5,530.05,542.7,3248724
2024-12-06T09:30:00+05:30,542.7,547.9,540.5,543.95,1209905
2024-12-06T09:45:00+05:30,544.35,545.8,540.6,541.75,544214
2024-12-06T10:00:00+05:30,542.0,548.0,541.0,547.05,935892
2024-12-06T10:15:00+05:30,547.05,552.0,544.8,546.0,1322918
2024-12-06T10:30:00+05:30,546.0,547.65,544.2,546.0,379867
2024-12-06T10:45:00+05:30,546.5,548.9,545.1,548.2,258883
2024-12-06T11:00:00+05:30,548.2,549.95,546.65,548.65,409927
2024-12-06T11:15:00+05:30,548.65,552.8,546.15,547.35,559945
2024-12-06T11:30:00+05:30,547.35,548.0,542.65,544.95,482393
2024-12-06T11:45:00+05:30,544.95,545.8,544.1,545.7,205851
2024-12-06T12:00:00+05:30,545.8,546.0,542.5,543.05,239667
2024-12-06T12:15:00+05:30,543.1,544.75,542.25,544.05,259117
2024-12-06T12:30:00+05:30,544.4,544.6,542.55,543.1,151604
2024-12-06T12:45:00+05:30,543.0,544.0,541.6,542.2,198392
2024-12-06T13:00:00+05:30,542.25,542.95,541.25,542.1,191971
2024-12-06T13:15:00+05:30,542.1,542.15,539.1,540.7,355470
2024-12-06T13:30:00+05:30,540.8,542.8,540.35,542.2,193949
2024-12-06T13:45:00+05:30,542.2,543.3,541.1,542.15,157868
2024-12-06T14:00:00+05:30,542.15,542.8,540.85,541.8,144419
2024-12-06T14:15:00+05:30,541.8,542.5,541.15,542.0,95291
2024-12-06T14:30:00+05:30,541.95,545.55,541.5,545.0,343890
2024-12-06T14:45:00+05:30,545.0,545.8,543.2,544.15,239318
2024-12-06T15:00:00+05:30,544.0,545.35,543.45,543.9,425649
2024-12-06T15:15:00+05:30,544.0,546.8,543.4,544.15,966510
2024-12-09T09:15:00+05:30,545.65,547.75,541.4,542.9,1096391
2024-12-09T09:30:00+05:30,543.2,544.8,536.05,536.4,704372
2024-12-09T09:45:00+05:30,536.4,539.5,532.55,534.45,702442
2024-12-09T10:00:00+05:30,534.4,535.3,530.55,532.3,415111
2024-12-09T10:15:00+05:30,532.4,533.95,530.6,531.5,313579
2024-12-09T10:30:00+05:30,531.5,537.25,528.6,532.3,619213
2024-12-09T10:45:00+05:30,532.15,533.3,529.2,530.7,339405
2024-12-09T11:00:00+05:30,530.65,535.65,530.55,534.0,330670
2024-12-09T11:15:00+05:30,534.0,536.75,533.0,534.85,289823
2024-12-09T11:30:00+05:30,535.2,536.85,534.2,536.2,235759
2024-12-09T11:45:00+05:30,536.4,536.4,533.8,535.0,215158
2024-12-09T12:00:00+05:30,535.05,535.3,531.15,533.75,894518
2024-12-09T12:15:00+05:30,533.75,534.5,531.5,532.2,102305
2024-12-09T12:30:00+05:30,532.2,533.4,531.7,532.6,81227
2024-12-09T12:45:00+05:30,532.9,532.95,530.2,531.7,143672
2024-12-09T13:00:00+05:30,531.6,532.65,531.15,531.35,105091
2024-12-09T13:15:00+05:30,531.3,532.05,530.2,531.1,94584
2024-12-09T13:30:00+05:30,531.1,532.3,530.1,531.0,109687
2024-12-09T13:45:00+05:30,531.0,532.45,529.2,531.9,460573
2024-12-09T14:00:00+05:30,531.9,532.2,529.95,531.4,120406
2024-12-09T14:15:00+05:30,531.55,535.25,531.4,534.7,321705
2024-12-09T14:30:00+05:30,534.7,536.0,534.05,535.1,194249
2024-12-09T14:45:00+05:30,535.15,539.8,535.1,539.2,401401
2024-12-09T15:00:00+05:30,539.2,540.9,534.15,535.0,616947
2024-12-09T15:15:00+05:30,535.0,540.3,534.05,540.0,942515
2024-12-10T09:15:00+05:30,560.05,567.9,551.35,554.95,2823935
2024-12-10T09:30:00+05:30,554.9,563.0,550.7,553.1,1965780
2024-12-10T09:45:00+05:30,553.1,555.55,552.9,554.05,379926
2024-12-10T10:00:00+05:30,554.3,555.85,551.65,552.2,466331
2024-12-10T10:15:00+05:30,552.35,553.5,551.5,553.25,270805
2024-12-10T10:30:00+05:30,553.25,553.5,551.5,551.65,184069
2024-12-10T10:45:00+05:30,551.65,554.8,551.5,554.3,282835
2024-12-10T11:00:00+05:30,554.3,554.5,552.2,552.7,195659
2024-12-10T11:15:00+05:30,552.6,553.7,552.45,553.0,202177
2024-12-10T11:30:00+05:30,553.0,553.5,548.85,550.25,559505
2024-12-10T11:45:00+05:30,550.25,551.6,549.5,551.2,152261
2024-12-10T12:00:00+05:30,551.0,551.2,550.2,550.4,73518
2024-12-10T12:15:00+05:30,550.4,550.55,549.0,549.25,166054
2024-12-10T12:30:00+05:30,549.25,549.4,547.8,549.0,200420
2024-12-10T12:45:00+05:30,549.25,550.9,549.0,549.6,126630
2024-12-10T13:00:00+05:30,549.6,550.05,549.05,549.2,68710
2024-12-10T13:15:00+05:30,549.25,549.7,548.2,549.15,114409
2024-12-10T13:30:00+05:30,549.1,550.3,549.1,549.4,104568
2024-12-10T13:45:00+05:30,549.35,550.45,549.1,550.4,71557
2024-12-10T14:00:00+05:30,550.4,551.75,549.45,550.6,180964
2024-12-10T14:15:00+05:30,550.6,551.3,549.55,549.95,111297
2024-12-10T14:30:00+05:30,549.95,551.55,549.95,550.15,147212
2024-12-10T14:45:00+05:30,550.2,551.25,549.85,550.9,203545
2024-12-10T15:00:00+05:30,550.9,551.25,542.0,544.55,1112086
2024-12-10T15:15:00+05:30,544.65,544.9,540.0,542.0,1081162
2024-12-11T09:15:00+05:30,526.15,530.85,520.8,523.05,2382686
2024-12-11T09:30:00+05:30,523.05,523.85,519.2,521.0,1050985
2024-12-11T09:45:00+05:30,521.0,521.5,516.5,521.5,1172622
2024-12-11T10:00:00+05:30,521.5,523.6,519.5,519.8,602108
2024-12-11T10:15:00+05:30,519.75,520.6,518.5,518.8,391383
2024-12-11T10:30:00+05:30,518.85,521.45,518.5,520.35,316114
2024-12-11T10:45:00+05:30,520.35,520.6,519.6,520.25,213925
2024-12-11T11:00:00+05:30,520.25,520.5,519.5,519.7,208060
2024-12-11T11:15:00+05:30,519.6,520.25,519.55,519.85,124736
2024-12-11T11:30:00+05:30,519.8,522.2,519.55,520.0,309410
2024-12-11T11:45:00+05:30,520.05,520.9,520.0,520.4,157572
2024-12-11T12:00:00+05:30,520.4,521.95,520.05,520.6,195385
2024-12-11T12:15:00+05:30,520.6,522.4,520.55,521.15,214888
2024-12-11T12:30:00+05:30,521.15,522.15,521.1,521.35,182187
2024-12-11T12:45:00+05:30,521.3,524.45,521.2,522.8,498286
2024-12-11T13:00:00+05:30,522.9,526.4,521.5,525.85,610514
2024-12-11T13:15:00+05:30,525.6,526.7,523.0,523.6,607248
2024-12-11T13:30:00+05:30,523.6,523.9,520.6,520.7,424366
2024-12-11T13:45:00+05:30,520.7,522.7,520.1,521.5,274310
2024-12-11T14:00:00+05:30,521.5,522.35,521.5,521.6,203133
2024-12-11T14:15:00+05:30,521.5,522.25,521.5,521.55,202343
2024-12-11T14:30:00+05:30,521.55,522.9,520.05,522.05,384278
2024-12-11T14:45:00+05:30,522.05,525.6,520.05,522.3,861713
2024-12-11T15:00:00+05:30,522.3,525.0,522.0,523.2,1303172
2024-12-11T15:15:00+05:30,523.25,525.4,519.0,519.5,1347538
2024-12-12T09:15:00+05:30,522.55,524.85,510.65,512.35,1217407
2024-12-12T09:30:00+05:30,512.4,512.7,508.8,510.7,728481
2024-12-12T09:45:00+05:30,510.45,514.45,508.05,512.7,686073
2024-12-12T10:00:00+05:30,512.4,513.15,511.1,512.3,246113
2024-12-12T10:15:00+05:30,512.05,513.6,511.3,513.0,148336
2024-12-12T10:30:00+05:30,512.85,513.9,512.0,513.7,158307
2024-12-12T10:45:00+05:30,513.6,514.85,512.3,512.8,177794
2024-12-12T11:00:00+05:30,512.8,515.85,512.0,514.2,406625
2024-12-12T11:15:00+05:30,514.25,514.3,513.15,513.4,96372
2024-12-12T11:30:00+05:30,513.4,514.05,513.0,513.05,118533
2024-12-12T11:45:00+05:30,513.05,513.25,512.2,512.5,102323
2024-12-12T12:00:00+05:30,512.55,512.55,508.45,509.8,400319
2024-12-12T12:15:00+05:30,509.8,512.3,508.5,511.9,238824
2024-12-12T12:30:00+05:30,511.95,513.5,511.1,511.9,235632
2024-12-12T12:45:00+05:30,511.85,512.0,510.2,511.05,107553
2024-12-12T13:00:00+05:30,511.1,511.7,510.45,511.35,88790
2024-12-12T13:15:00+05:30,511.35,511.6,510.25,510.55,66700
2024-12-12T13:30:00+05:30,510.55,512.75,510.45,512.6,105434
2024-12-12T13:45:00+05:30,512.5,512.75,511.75,512.55,84608
2024-12-12T14:00:00+05:30,512.55,513.25,511.2,512.1,146618
2024-12-12T14:15:00+05:30,512.1,512.9,511.5,512.1,78097
2024-12-12T14:30:00+05:30,512.1,512.4,510.6,510.95,171383
2024-12-12T14:45:00+05:30,510.9,511.1,508.15,508.35,254759
2024-12-12T15:00:00+05:30,508.3,508.45,502.0,502.35,783563
2024-12-12T15:15:00+05:30,502.35,510.0,501.0,507.6,1629544
2024-12-13T09:15:00+05:30,506.3,517.05,504.8,510.3,1446456
2024-12-13T09:30:00+05:30,510.5,513.9,508.0,511.05,606729
2024-12-13T09:45:00+05:30,511.05,513.55,509.3,511.55,535725
2024-12-13T10:00:00+05:30,511.45,513.5,509.45,510.4,400280
2024-12-13T10:15:00+05:30,510.45,510.95,505.6,507.0,443152
2024-12-13T10:30:00+05:30,507.1,508.0,504.3,507.35,357186
2024-12-13T10:45:00+05:30,507.35,512.15,505.05,510.15,474782
2024-12-13T11:00:00+05:30,509.9,510.3,508.55,509.15,217543
2024-12-13T11:15:00+05:30,509.0,509.6,506.6,508.7,169310
2024-12-13T11:30:00+05:30,508.7,510.0,507.5,509.25,142723
2024-12-13T11:45:00+05:30,509.3,510.4,508.8,510.3,157690
2024-12-13T12:00:00+05:30,510.3,519.0,508.95,512.35,959313
2024-12-13T12:15:00+05:30,512.45,513.95,509.5,511.55,449571
2024-12-13T12:30:00+05:30,511.55,514.3,510.05,511.65,289535
2024-12-13T12:45:00+05:30,511.45,512.15,511.1,512.15,142098
2024-12-13T13:00:00+05:30,512.1,515.0,511.6,514.65,295180
2024-12-13T13:15:00+05:30,514.65,522.0,513.55,516.8,1202638
2024-12-13T13:30:00+05:30,516.8,521.45,515.4,520.45,442647
2024-12-13T13:45:00+05:30,520.35,522.85,518.65,521.0,552761
2024-12-13T14:00:00+05:30,521.05,526.95,516.5,526.0,948770
2024-12-13T14:15:00+05:30,526.0,532.0,524.3,526.25,1389917
2024-12-13T14:30:00+05:30,526.0,531.5,525.6,529.8,859442
2024-12-13T14:45:00+05:30,530.0,530.25,527.5,529.15,474567
2024-12-13T15:00:00+05:30,529.2,531.0,528.05,530.2,920415
2024-12-13T15:15:00+05:30,530.15,536.7,529.5,533.0,1988497
2024-12-16T09:15:00+05:30,538.2,543.5,533.0,540.8,3069167
2024-12-16T09:30:00+05:30,540.8,551.2,540.7,545.95,1868187
2024-12-16T09:45:00+05:30,545.75,545.95,542.1,542.3,656347
2024-12-16T10:00:00+05:30,542.3,551.45,542.3,547.3,1031315
2024-12-16T10:15:00+05:30,547.4,550.8,545.8,546.4,568264
2024-12-16T10:30:00+05:30,546.5,557.0,546.0,554.0,1268218
2024-12-16T10:45:00+05:30,554.0,563.45,552.6,563.0,2145112
2024-12-16T11:00:00+05:30,563.2,566.0,559.25,560.45,1703405
2024-12-16T11:15:00+05:30,560.45,560.9,554.85,555.15,1088726
2024-12-16T11:30:00+05:30,555.2,562.5,554.8,558.35,819206
2024-12-16T11:45:00+05:30,558.4,562.8,558.0,562.3,735621
2024-12-16T12:00:00+05:30,562.25,567.2,561.9,565.6,1567180
2024-12-16T12:15:00+05:30,565.6,568.7,564.5,565.05,1162687
2024-12-16T12:30:00+05:30,565.05,571.45,565.05,569.2,1484902
2024-12-16T12:45:00+05:30,569.4,571.7,567.7,569.95,994511
2024-12-16T13:00:00+05:30,569.85,570.15,567.5,567.75,733942
2024-12-16T13:15:00+05:30,567.7,568.65,565.1,566.0,998636
2024-12-16T13:30:00+05:30,566.05,567.8,565.4,566.2,637852
2024-12-16T13:45:00+05:30,566.05,569.4,565.25,568.2,582606
2024-12-16T14:00:00+05:30,568.2,576.95,567.55,576.3,2817797
2024-12-16T14:15:00+05:30,576.35,583.0,572.6,575.15,4281757
2024-12-16T14:30:00+05:30,575.4,582.0,572.25,575.65,2730086
2024-12-16T14:45:00+05:30,575.7,579.45,573.1,576.95,1385973
2024-12-16T15:00:00+05:30,576.75,594.4,576.7,593.9,5125650
2024-12-16T15:15:00+05:30,593.7,612.4,591.0,594.0,8512980
2024-12-17T09:15:00+05:30,589.6,594.75,581.5,594.3,4804341
2024-12-17T09:30:00+05:30,594.3,602.0,588.25,595.95,3354577
2024-12-17T09:45:00+05:30,595.95,597.0,588.0,589.1,1975113
2024-12-17T10:00:00+05:30,589.05,596.4,586.4,595.1,1555998
2024-12-17T10:15:00+05:30,595.1,603.75,591.75,601.6,2513281
2024-12-17T10:30:00+05:30,601.5,604.95,596.3,604.0,2124212
2024-12-17T10:45:00+05:30,604.0,613.4,603.0,607.3,3707503
2024-12-17T11:00:00+05:30,607.0,608.6,601.4,604.0,1806990
2024-12-17T11:15:00+05:30,603.9,604.0,597.0,599.75,1508884
2024-12-17T11:30:00+05:30,599.75,600.45,592.0,596.15,1516874
2024-12-17T11:45:00+05:30,596.15,596.6,588.0,592.1,1405481
2024-12-17T12:00:00+05:30,592.1,596.3,591.15,592.15,667857
2024-12-17T12:15:00+05:30,592.15,595.55,591.2,595.2,614458
2024-12-17T12:30:00+05:30,595.2,600.0,593.05,598.7,1138830
2024-12-17T12:45:00+05:30,598.55,599.0,596.1,597.0,613966
2024-12-17T13:00:00+05:30,597.0,597.55,593.3,594.45,575564
2024-12-17T13:15:00+05:30,594.5,596.0,592.4,593.7,516422
2024-12-17T13:30:00+05:30,593.7,595.4,592.0,592.85,473129
2024-12-17T13:45:00+05:30,593.0,594.55,590.5,592.4,424301
2024-12-17T14:00:00+05:30,592.3,594.0,589.4,591.1,803420
2024-12-17T14:15:00+05:30,591.05,591.45,589.25,589.25,452934
2024-12-17T14:30:00+05:30,589.4,590.95,583.4,586.5,1469927
2024-12-17T14:45:00+05:30,586.4,587.65,582.0,584.7,1080578
2024-12-17T15:00:00+05:30,584.65,589.0,580.8,584.4,1731034
2024-12-17T15:15:00+05:30,584.45,591.0,583.05,588.0,2177161
2024-12-18T09:15:00+05:30,588.2,605.25,588.2,593.7,4306055
2024-12-18T09:30:00+05:30,593.7,596.9,590.7,594.9,1432742
2024-12-18T09:45:00+05:30,594.9,595.8,588.05,588.9,1004607
2024-12-18T10:00:00+05:30,588.65,592.4,586.15,589.0,1068991
2024-12-18T10:15:00+05:30,589.0,590.85,586.7,587.7,684143
2024-12-18T10:30:00+05:30,587.7,588.0,576.6,577.1,1852426
2024-12-18T10:45:00+05:30,577.1,580.75,574.25,577.65,1278917
2024-12-18T11:00:00+05:30,577.8,580.85,576.5,579.25,515243
2024-12-18T11:15:00+05:30,579.55,582.95,579.1,581.55,678866
2024-12-18T11:30:00+05:30,581.55,581.85,577.1,577.3,543729
2024-12-18T11:45:00+05:30,577.5,580.0,577.4,579.15,204475
2024-12-18T12:00:00+05:30,578.9,580.0,576.3,576.3,233579
2024-12-18T12:15:00+05:30,576.6,578.7,574.6,575.3,350163
2024-12-18T12:30:00+05:30,575.15,576.35,572.5,574.35,546094
2024-12-18T12:45:00+05:30,574.1,576.65,572.55,574.4,407193
2024-12-18T13:00:00+05:30,574.4,576.95,573.8,575.55,237581
2024-12-18T13:15:00+05:30,575.55,577.0,574.55,575.6,252229
2024-12-18T13:30:00+05:30,575.6,575.9,574.5,574.7,217640
2024-12-18T13:45:00+05:30,574.8,575.95,573.1,574.85,316384
2024-12-18T14:00:00+05:30,574.85,575.75,573.05,573.8,243838
2024-12-18T14:15:00+05:30,573.65,575.0,573.0,574.5,224202
2024-12-18T14:30:00+05:30,574.25,578.9,573.85,575.55,500835
2024-12-18T14:45:00+05:30,575.9,580.0,575.25,576.45,644255
2024-12-18T15:00:00+05:30,576.45,582.0,576.3,578.4,1007118
2024-12-18T15:15:00+05:30,578.4,578.95,572.1,576.8,1274671
2024-12-19T09:15:00+05:30,570.0,587.55,568.25,572.75,3022811
2024-12-19T09:30:00+05:30,572.35,586.95,572.3,583.25,1803830
2024-12-19T09:45:00+05:30,583.4,588.0,582.25,586.6,1558865
2024-12-19T10:00:00+05:30,586.3,598.0,586.25,590.85,2596709
2024-12-19T10:15:00+05:30,590.55,593.8,587.5,592.1,865755
2024-12-19T10:30:00+05:30,592.1,595.7,589.95,594.05,818809
2024-12-19T10:45:00+05:30,594.05,594.35,588.3,590.15,618007
2024-12-19T11:00:00+05:30,590.3,590.75,585.1,586.3,1037653
2024-12-19T11:15:00+05:30,586.5,587.25,581.1,585.0,772688
2024-12-19T11:30:00+05:30,585.0,587.9,582.5,585.7,463248
2024-12-19T11:45:00+05:30,585.7,588.0,584.0,587.2,325755
2024-12-19T12:00:00+05:30,587.2,588.1,584.8,585.75,331941
2024-12-19T12:15:00+05:30,585.75,587.85,584.4,586.2,265617
2024-12-19T12:30:00+05:30,586.65,587.6,584.8,585.55,186519
2024-12-19T12:45:00+05:30,585.5,587.2,584.9,587.1,228506
2024-12-19T13:00:00+05:30,586.8,587.85,585.1,586.1,282424
2024-12-19T13:15:00+05:30,586.0,586.8,585.55,586.05,134266
2024-12-19T13:30:00+05:30,586.0,586.4,584.05,584.3,531074
2024-12-19T13:45:00+05:30,584.4,584.6,578.0,580.0,762309
2024-12-19T14:00:00+05:30,579.75,581.85,578.7,581.15,410654
2024-12-19T14:15:00+05:30,581.55,583.8,579.55,580.8,372443
2024-12-19T14:30:00+05:30,580.8,582.7,580.4,581.85,215826
2024-12-19T14:45:00+05:30,581.95,582.3,579.1,581.0,329005
2024-12-19T15:00:00+05:30,581.0,583.35,580.0,582.95,644167
2024-12-19T15:15:00+05:30,582.95,584.0,581.0,583.05,952745
2024-12-20T09:15:00+05:30,588.0,606.2,587.25,599.45,3308100
2024-12-20T09:30:00+05:30,599.45,608.8,596.0,601.8,2416138
2024-12-20T09:45:00+05:30,601.55,602.75,591.55,593.6,1523458
2024-12-20T10:00:00+05:30,593.35,594.0,590.0,591.8,941339
2024-12-20T10:15:00+05:30,591.8,595.15,586.4,591.25,961576
2024-12-20T10:30:00+05:30,591.35,594.5,590.4,591.85,580419
2024-12-20T10:45:00+05:30,591.95,592.5,589.0,589.55,321508
2024-12-20T11:00:00+05:30,589.55,593.5,588.8,592.15,293578
2024-12-20T11:15:00+05:30,592.15,593.0,590.5,592.15,178667
2024-12-20T11:30:00+05:30,592.2,596.75,592.0,594.25,606449
2024-12-20T11:45:00+05:30,594.1,595.45,592.5,593.3,276796
2024-12-20T12:00:00+05:30,593.4,594.0,591.9,593.35,166163
2024-12-20T12:15:00+05:30,593.3,595.55,592.2,594.0,280196
2024-12-20T12:30:00+05:30,593.7,596.9,593.5,594.65,398544
2024-12-20T12:45:00+05:30,594.5,595.0,592.0,594.55,387520
2024-12-20T13:00:00+05:30,594.4,594.9,591.0,592.25,303714
2024-12-20T13:15:00+05:30,592.15,594.0,588.4,593.5,411425
2024-12-20T13:30:00+05:30,593.25,601.0,593.0,596.85,1182786
2024-12-20T13:45:00+05:30,596.8,597.0,593.1,593.6,397286
2024-12-20T14:00:00+05:30,593.45,594.2,590.0,591.75,399549
2024-12-20T14:15:00+05:30,591.9,595.8,590.6,594.05,609994
2024-12-20T14:30:00+05:30,594.05,594.05,591.05,592.85,239859
2024-12-20T14:45:00+05:30,592.85,594.5,591.25,592.4,300979
2024-12-20T15:00:00+05:30,592.4,600.35,592.25,595.0,2005237
2024-12-20T15:15:00+05:30,594.95,601.45,594.95,595.25,1857387
2024-12-23T09:15:00+05:30,605.15,607.95,583.0,586.25,2245571
2024-12-23T09:30:00+05:30,586.05,588.85,578.25,583.7,947335
2024-12-23T09:45:00+05:30,584.0,594.95,583.15,590.2,1105187
2024-12-23T10:00:00+05:30,589.75,601.8,588.95,592.55,1593527
2024-12-23T10:15:00+05:30,592.8,598.5,592.15,596.5,588228
2024-12-23T10:30:00+05:30,596.5,601.0,594.55,599.4,445746
2024-12-23T10:45:00+05:30,599.4,604.0,598.95,602.4,945114
2024-12-23T11:00:00+05:30,602.45,617.3,600.55,610.0,2508851
2024-12-23T11:15:00+05:30,609.75,613.45,603.1,603.8,1084211
2024-12-23T11:30:00+05:30,603.6,605.5,599.2,601.4,1080711
2024-12-23T11:45:00+05:30,601.4,604.0,599.4,601.45,511675
2024-12-23T12:00:00+05:30,601.25,604.3,595.1,597.75,933925
2024-12-23T12:15:00+05:30,597.75,600.0,592.2,593.25,748864
2024-12-23T12:30:00+05:30,593.2,597.7,592.0,594.4,640811
2024-12-23T12:45:00+05:30,594.75,596.3,591.0,593.2,383611
2024-12-23T13:00:00+05:30,593.2,594.75,591.25,591.45,187419
2024-12-23T13:15:00+05:30,591.3,593.25,588.65,589.3,490407
2024-12-23T13:30:00+05:30,589.1,594.0,589.0,590.8,556822
2024-12-23T13:45:00+05:30,590.8,591.8,587.2,588.2,401041
2024-12-23T14:00:00+05:30,588.2,589.15,585.75,587.0,651579
2024-12-23T14:15:00+05:30,586.95,589.75,585.5,587.6,479537
2024-12-23T14:30:00+05:30,587.6,587.65,581.3,583.4,853175
2024-12-23T14:45:00+05:30,583.4,583.7,581.1,583.55,509435
2024-12-23T15:00:00+05:30,583.45,585.0,582.0,583.95,710858
2024-12-23T15:15:00+05:30,583.95,586.5,582.0,584.55,1306184
2024-12-24T09:15:00+05:30,588.65,594.0,578.5,579.25,1299817
2024-12-24T09:30:00+05:30,579.25,580.85,574.4,575.0,642892
2024-12-24T09:45:00+05:30,575.0,576.55,572.2,573.75,577603
2024-12-24T10:00:00+05:30,573.8,575.45,572.3,573.1,378022
2024-12-24T10:15:00+05:30,573.05,574.0,571.1,573.15,370306
2024-12-24T10:30:00+05:30,573.0,573.2,571.5,572.15,247928
2024-12-24T10:45:00+05:30,572.1,572.5,569.15,569.7,459159
2024-12-24T11:00:00+05:30,569.85,571.95,569.7,570.15,166810
2024-12-24T11:15:00+05:30,570.1,572.95,570.0,571.85,219598
2024-12-24T11:30:00+05:30,571.9,572.5,571.0,572.3,115639
2024-12-24T11:45:00+05:30,572.1,577.45,572.0,573.8,499926
2024-12-24T12:00:00+05:30,573.65,575.65,571.25,572.6,257482
2024-12-24T12:15:00+05:30,572.5,573.3,571.9,573.0,126837
2024-12-24T12:30:00+05:30,573.0,573.9,572.0,572.3,116017
2024-12-24T12:45:00+05:30,572.3,574.0,572.3,572.4,94091
2024-12-24T13:00:00+05:30,572.5,574.35,572.4,574.2,144926
2024-12-24T13:15:00+05:30,574.2,575.95,573.0,574.5,255143
2024-12-24T13:30:00+05:30,574.5,575.5,574.0,574.35,144982
2024-12-24T13:45:00+05:30,574.2,574.35,570.0,570.75,336799
2024-12-24T14:00:00+05:30,570.75,571.1,566.0,567.95,519250
2024-12-24T14:15:00+05:30,567.65,568.45,562.1,566.0,551345
2024-12-24T14:30:00+05:30,566.0,566.2,561.1,563.2,478941
2024-12-24T14:45:00+05:30,563.05,569.7,562.15,568.15,923959
2024-12-24T15:00:00+05:30,568.0,572.75,566.8,570.9,819764
2024-12-24T15:15:00+05:30,570.65,571.75,561.25,564.0,1218914
2024-12-26T09:15:00+05:30,571.4,575.8,565.45,568.1,1078254
2024-12-26T09:30:00+05:30,568.4,570.4,566.35,569.15,304841
2024-12-26T09:45:00+05:30,569.3,569.3,563.15,564.6,410366
2024-12-26T10:00:00+05:30,564.85,564.95,560.65,563.45,328184
2024-12-26T10:15:00+05:30,563.45,565.9,561.1,565.05,245672
2024-12-26T10:30:00+05:30,565.1,570.7,565.0,569.45,537468
2024-12-26T10:45:00+05:30,569.45,574.0,568.7,572.3,551175
2024-12-26T11:00:00+05:30,572.4,574.3,570.5,570.6,911433
2024-12-26T11:15:00+05:30,570.6,571.05,564.4,568.2,402022
2024-12-26T11:30:00+05:30,568.25,569.95,568.0,568.9,123993
2024-12-26T11:45:00+05:30,568.9,570.95,566.2,566.85,197559
2024-12-26T12:00:00+05:30,566.65,570.0,566.25,569.7,156871
2024-12-26T12:15:00+05:30,569.7,571.45,569.35,569.9,180406
2024-12-26T12:30:00+05:30,569.9,570.5,569.0,569.7,118492
2024-12-26T12:45:00+05:30,569.7,570.0,567.6,568.45,101422
2024-12-26T13:00:00+05:30,568.35,568.5,567.15,567.8,81972
2024-12-26T13:15:00+05:30,567.65,568.35,567.05,567.65,76130
2024-12-26T13:30:00+05:30,567.65,568.0,564.35,565.45,230547
2024-12-26T13:45:00+05:30,565.45,565.7,562.7,565.3,177078
2024-12-26T14:00:00+05:30,565.25,565.45,564.0,564.05,59789
2024-12-26T14:15:00+05:30,564.05,564.8,563.4,564.55,77699
2024-12-26T14:30:00+05:30,564.55,564.55,562.6,563.8,124976
2024-12-26T14:45:00+05:30,563.8,564.5,562.1,562.65,166230
2024-12-26T15:00:00+05:30,562.75,563.4,560.7,561.75,271087
2024-12-26T15:15:00+05:30,561.4,561.6,555.2,556.8,746353
2024-12-27T09:15:00+05:30,562.5,564.0,551.5,553.4,787003
2024-12-27T09:30:00+05:30,553.05,553.75,551.15,551.8,211581
2024-12-27T09:45:00+05:30,551.8,552.7,548.5,550.2,388187
2024-12-27T10:00:00+05:30,550.2,552.4,549.2,552.0,190354
2024-12-27T10:15:00+05:30,552.05,553.0,549.45,549.95,370579
2024-12-27T10:30:00+05:30,550.0,551.05,547.0,547.2,222313
2024-12-27T10:45:00+05:30,547.25,547.5,543.6,544.0,228959
2024-12-27T11:00:00+05:30,543.8,545.55,541.25,545.0,330939
2024-12-27T11:15:00+05:30,545.0,552.4,544.55,547.6,503935
2024-12-27T11:30:00+05:30,547.45,549.5,546.15,548.1,115252
2024-12-27T11:45:00+05:30,548.2,548.3,546.1,546.5,91827
2024-12-27T12:00:00+05:30,546.5,547.5,545.2,546.45,102076
2024-12-27T12:15:00+05:30,546.45,547.9,545.5,547.6,107467
2024-12-27T12:30:00+05:30,547.8,548.35,546.05,547.0,109574
2024-12-27T12:45:00+05:30,546.95,550.7,546.05,547.8,156164
2024-12-27T13:00:00+05:30,547.85,550.7,547.05,550.05,114599
2024-12-27T13:15:00+05:30,550.0,553.35,549.15,550.55,276996
2024-12-27T13:30:00+05:30,550.75,550.95,548.0,548.25,121113
2024-12-27T13:45:00+05:30,548.0,549.25,548.0,549.15,67727
2024-12-27T14:00:00+05:30,548.85,549.8,548.1,549.3,69511
2024-12-27T14:15:00+05:30,549.35,550.5,548.55,549.0,72539
2024-12-27T14:30:00+05:30,549.2,550.0,548.05,548.7,85228
2024-12-27T14:45:00+05:30,548.8,549.0,546.3,547.3,167703
2024-12-27T15:00:00+05:30,547.25,547.5,543.15,545.8,424712
2024-12-27T15:15:00+05:30,545.8,548.25,545.5,546.6,478626
2024-12-30T09:15:00+05:30,548.0,555.2,542.0,552.9,948113
2024-12-30T09:30:00+05:30,552.9,555.75,551.0,553.5,471991
2024-12-30T09:45:00+05:30,553.7,561.95,553.55,556.4,691902
2024-12-30T10:00:00+05:30,556.25,563.6,556.0,562.5,506745
2024-12-30T10:15:00+05:30,562.5,565.0,559.0,559.35,502381
2024-12-30T10:30:00+05:30,559.5,559.65,555.6,557.8,292689
2024-12-30T10:45:00+05:30,557.8,561.0,556.7,559.9,165132
2024-12-30T11:00:00+05:30,560.2,561.4,558.1,558.65,104869
2024-12-30T11:15:00+05:30,558.35,562.3,558.3,562.25,159677
2024-12-30T11:30:00+05:30,562.05,564.95,560.75,561.4,274771
2024-12-30T11:45:00+05:30,561.1,568.0,561.0,562.85,417254
2024-12-30T12:00:00+05:30,562.85,563.0,556.15,558.15,476114
2024-12-30T12:15:00+05:30,558.05,558.45,555.55,557.1,210282
2024-12-30T12:30:00+05:30,556.9,558.75,556.4,557.1,119254
2024-12-30T12:45:00+05:30,557.1,557.95,555.55,556.65,87463
2024-12-30T13:00:00+05:30,556.65,556.8,552.15,553.7,201397
2024-12-30T13:15:00+05:30,553.5,556.15,553.5,554.0,107152
2024-12-30T13:30:00+05:30,554.05,554.95,551.6,554.2,200095
2024-12-30T13:45:00+05:30,554.15,554.15,551.05,551.8,142996
2024-12-30T14:00:00+05:30,552.1,552.4,547.8,550.0,368448
2024-12-30T14:15:00+05:30,550.0,550.7,548.5,550.5,108217
2024-12-30T14:30:00+05:30,550.5,553.45,550.5,552.45,166686
2024-12-30T14:45:00+05:30,552.45,554.45,552.0,553.95,161885
2024-12-30T15:00:00+05:30,553.9,553.9,549.55,551.0,301674
2024-12-30T15:15:00+05:30,551.2,553.0,548.1,550.0,458113
2024-12-31T09:15:00+05:30,551.5,561.0,546.05,554.8,791415
2024-12-31T09:30:00+05:30,554.8,555.2,546.2,546.85,361749
2024-12-31T09:45:00+05:30,547.0,547.2,541.4,543.25,385775
2024-12-31T10:00:00+05:30,543.45,543.65,535.2,537.45,543568
2024-12-31T10:15:00+05:30,537.45,540.05,536.0,537.5,261317
2024-12-31T10:30:00+05:30,537.85,539.75,536.45,539.0,141257
2024-12-31T10:45:00+05:30,538.8,543.15,538.5,540.85,258081
2024-12-31T11:00:00+05:30,540.85,541.5,538.25,541.0,117622
2024-12-31T11:15:00+05:30,541.0,541.6,539.0,539.15,84554
2024-12-31T11:30:00+05:30,539.15,540.0,538.1,539.3,61520
2024-12-31T11:45:00+05:30,539.4,539.9,538.0,538.4,79650
2024-12-31T12:00:00+05:30,538.4,546.5,538.4,543.25,289097
2024-12-31T12:15:00+05:30,543.25,545.3,541.05,541.25,181388
2024-12-31T12:30:00+05:30,541.25,542.3,540.1,540.1,75702
2024-12-31T12:45:00+05:30,540.2,541.5,540.0,540.5,46321
2024-12-31T13:00:00+05:30,540.5,541.0,540.15,540.45,31118
2024-12-31T13:15:00+05:30,540.45,541.75,540.45,541.05,39392
2024-12-31T13:30:00+05:30,541.1,543.6,540.6,542.45,102303
2024-12-31T13:45:00+05:30,542.55,545.8,542.1,544.5,212870
2024-12-31T14:00:00+05:30,544.7,547.2,542.7,543.6,203888
2024-12-31T14:15:00+05:30,543.35,543.95,542.45,543.5,92672
2024-12-31T14:30:00+05:30,543.4,545.3,542.5,542.9,113641
2024-12-31T14:45:00+05:30,542.9,544.75,542.0,542.35,119858
2024-12-31T15:00:00+05:30,542.4,542.5,539.15,540.75,258135
2024-12-31T15:15:00+05:30,540.75,543.9,539.2,542.0,527639
2025-01-01T09:15:00+05:30,544.0,547.65,538.2,546.0,460398
2025-01-01T09:30:00+05:30,545.9,546.45,542.4,544.2,175377
2025-01-01T09:45:00+05:30,544.1,549.25,541.1,545.85,222245
2025-01-01T10:00:00+05:30,546.0,546.6,544.25,545.7,61852
2025-01-01T10:15:00+05:30,545.7,546.8,544.65,545.8,123721
2025-01-01T10:30:00+05:30,545.8,546.5,544.5,544.75,45493
2025-01-01T10:45:00+05:30,544.85,546.9,544.55,545.1,77431
2025-01-01T11:00:00+05:30,545.1,547.0,544.0,546.7,74904
2025-01-01T11:15:00+05:30,546.65,551.0,546.25,549.2,243503
2025-01-01T11:30:00+05:30,549.1,551.0,547.7,548.9,133734
2025-01-01T11:45:00+05:30,548.95,552.85,548.9,550.05,212890
2025-01-01T12:00:00+05:30,550.4,553.7,550.0,552.1,177524
2025-01-01T12:15:00+05:30,552.3,554.4,551.3,551.5,214136
2025-01-01T12:30:00+05:30,551.7,552.5,547.3,548.8,258416
2025-01-01T12:45:00+05:30,548.8,549.3,545.1,546.8,267247
2025-01-01T13:00:00+05:30,546.9,547.65,545.25,546.75,90877
2025-01-01T13:15:00+05:30,546.75,547.4,546.1,547.1,49303
2025-01-01T13:30:00+05:30,547.0,547.65,543.2,545.5,162652
2025-01-01T13:45:00+05:30,545.6,546.0,544.45,544.65,74471
2025-01-01T14:00:00+05:30,545.15,545.5,540.75,541.7,242376
2025-01-01T14:15:00+05:30,541.7,542.0,541.0,541.75,124496
2025-01-01T14:30:00+05:30,542.0,543.5,541.2,541.75,155962
2025-01-01T14:45:00+05:30,541.75,543.0,541.2,542.7,128853
2025-01-01T15:00:00+05:30,542.9,543.9,542.0,542.7,270474
2025-01-01T15:15:00+05:30,542.5,543.25,541.1,543.0,411928
2025-01-02T09:15:00+05:30,545.1,545.95,539.35,541.25,505729
2025-01-02T09:30:00+05:30,541.25,542.75,540.4,541.55,120677
2025-01-02T09:45:00+05:30,541.95,541.95,539.45,540.35,174024
2025-01-02T10:00:00+05:30,540.25,541.6,539.65,540.75,118963
2025-01-02T10:15:00+05:30,540.45,546.5,540.35,542.6,280441
2025-01-02T10:30:00+05:30,542.85,543.9,542.15,543.2,94492
2025-01-02T10:45:00+05:30,543.0,543.4,542.05,542.25,61474
2025-01-02T11:00:00+05:30,542.5,544.9,542.05,544.15,83502
2025-01-02T11:15:00+05:30,544.0,546.5,543.65,545.2,242256
2025-01-02T11:30:00+05:30,545.5,549.0,544.6,548.55,214147
2025-01-02T11:45:00+05:30,548.75,549.95,547.7,548.75,297121
2025-01-02T12:00:00+05:30,548.45,549.75,548.0,548.35,115973
2025-01-02T12:15:00+05:30,548.5,548.7,545.55,545.7,145378
2025-01-02T12:30:00+05:30,545.7,549.0,545.1,547.55,164161
2025-01-02T12:45:00+05:30,547.9,550.7,546.95,549.5,269046
2025-01-02T13:00:00+05:30,549.4,550.0,547.65,549.0,112195
2025-01-02T13:15:00+05:30,549.0,552.2,548.8,551.45,226593
2025-01-02T13:30:00+05:30,551.7,552.05,549.6,550.8,171315
2025-01-02T13:45:00+05:30,550.65,552.7,548.7,550.4,282099
2025-01-02T14:00:00+05:30,550.4,553.85,549.85,553.5,228159
2025-01-02T14:15:00+05:30,553.5,555.7,552.15,553.65,541548
2025-01-02T14:30:00+05:30,553.4,555.45,552.25,553.8,248877
2025-01-02T14:45:00+05:30,553.5,558.0,553.3,556.1,691802
2025-01-02T15:00:00+05:30,556.4,557.0,555.0,556.55,334819
2025-01-02T15:15:00+05:30,556.55,558.0,554.55,555.9,697935
2025-01-03T09:15:00+05:30,556.9,558.85,551.8,552.25,539985
2025-01-03T09:30:00+05:30,552.25,553.0,550.4,550.95,243188
2025-01-03T09:45:00+05:30,550.8,550.9,548.5,550.8,281525
2025-01-03T10:00:00+05:30,550.9,552.8,549.8,552.55,185079
2025-01-03T10:15:00+05:30,552.55,554.75,551.8,552.5,261082
2025-01-03T10:30:00+05:30,552.5,552.5,549.65,551.55,153872
2025-01-03T10:45:00+05:30,551.55,553.0,551.3,552.55,69384
2025-01-03T11:00:00+05:30,552.55,553.0,552.2,552.8,32929
2025-01-03T11:15:00+05:30,552.8,553.5,552.2,552.3,74084
2025-01-03T11:30:00+05:30,552.45,552.7,546.45,546.85,223838
2025-01-03T11:45:00+05:30,546.85,547.75,542.5,544.3,482727
2025-01-03T12:00:00+05:30,544.3,544.65,542.6,543.95,145549
2025-01-03T12:15:00+05:30,543.95,544.3,540.2,542.9,485424
2025-01-03T12:30:00+05:30,543.0,544.0,541.6,543.4,119752
2025-01-03T12:45:00+05:30,543.4,544.8,542.7,543.7,125042
2025-01-03T13:00:00+05:30,543.7,544.75,542.55,543.5,93293
2025-01-03T13:15:00+05:30,543.65,544.4,543.15,543.75,60659
2025-01-03T13:30:00+05:30,543.7,543.8,541.5,542.9,107514
2025-01-03T13:45:00+05:30,542.9,542.95,541.5,542.1,110169
2025-01-03T14:00:00+05:30,542.1,543.25,541.05,542.4,242433
2025-01-03T14:15:00+05:30,542.4,543.8,541.3,541.95,528460
2025-01-03T14:30:00+05:30,541.95,541.95,540.1,541.05,177353
2025-01-03T14:45:00+05:30,541.15,542.3,541.1,542.0,136977
2025-01-03T15:00:00+05:30,542.0,542.55,540.0,541.75,393221
2025-01-03T15:15:00+05:30,541.85,542.45,540.25,541.0,710762
2025-01-06T09:15:00+05:30,544.35,544.4,537.05,540.35,605856
2025-01-06T09:30:00+05:30,540.1,543.0,539.0,540.15,363108
2025-01-06T09:45:00+05:30,540.15,546.55,538.9,540.0,561962
2025-01-06T10:00:00+05:30,540.0,541.85,532.8,534.0,439123
2025-01-06T10:15:00+05:30,534.0,535.8,533.75,534.85,218891
2025-01-06T10:30:00+05:30,534.85,535.85,532.15,534.95,221739
2025-01-06T10:45:00+05:30,534.95,535.35,533.15,533.25,123273
2025-01-06T11:00:00+05:30,533.25,533.95,526.65,527.0,438968
2025-01-06T11:15:00+05:30,527.0,530.9,526.55,530.6,253471
2025-01-06T11:30:00+05:30,530.6,531.9,528.45,528.85,141994
2025-01-06T11:45:00+05:30,528.85,529.15,525.05,525.65,179159
2025-01-06T12:00:00+05:30,525.65,529.95,525.65,528.3,157548
2025-01-06T12:15:00+05:30,528.3,529.65,526.55,527.45,90440
2025-01-06T12:30:00+05:30,527.6,531.4,527.25,529.7,136386
2025-01-06T12:45:00+05:30,529.8,530.5,528.0,530.0,90205
2025-01-06T13:00:00+05:30,530.0,530.0,526.3,527.7,166831
2025-01-06T13:15:00+05:30,527.65,527.75,523.15,524.5,226903
2025-01-06T13:30:00+05:30,524.5,526.0,523.1,524.45,174494
2025-01-06T13:45:00+05:30,524.5,525.95,520.65,525.05,248111
2025-01-06T14:00:00+05:30,525.05,527.0,524.0,525.05,176982
2025-01-06T14:15:00+05:30,525.0,527.5,524.5,525.1,195677
2025-01-06T14:30:00+05:30,525.0,525.25,520.2,522.5,241956
2025-01-06T14:45:00+05:30,522.3,529.75,521.85,526.65,474717
2025-01-06T15:00:00+05:30,526.6,528.2,525.2,528.05,335665
2025-01-06T15:15:00+05:30,528.4,541.0,527.3,540.05,916627
2025-01-07T09:15:00+05:30,536.4,537.7,520.65,523.75,737028
2025-01-07T09:30:00+05:30,523.8,530.0,521.1,527.7,652728
2025-01-07T09:45:00+05:30,527.7,528.05,523.35,525.0,310583
2025-01-07T10:00:00+05:30,525.0,533.85,522.0,530.95,441668
2025-01-07T10:15:00+05:30,530.6,530.9,522.55,524.1,267087
2025-01-07T10:30:00+05:30,524.5,524.75,522.0,522.35,166092
2025-01-07T10:45:00+05:30,522.4,523.8,519.0,520.15,272496
2025-01-07T11:00:00+05:30,520.45,522.95,517.4,519.95,430655
2025-01-07T11:15:00+05:30,519.7,519.95,517.1,518.5,142732
2025-01-07T11:30:00+05:30,518.35,518.7,515.85,516.15,172680
2025-01-07T11:45:00+05:30,516.15,518.2,516.0,516.55,135019
2025-01-07T12:00:00+05:30,516.8,520.65,516.5,520.25,160578
2025-01-07T12:15:00+05:30,520.6,524.85,519.3,520.65,443583
2025-01-07T12:30:00+05:30,520.65,521.4,518.3,518.35,481418
2025-01-07T12:45:00+05:30,518.35,518.75,513.25,514.3,351270
2025-01-07T13:00:00+05:30,514.3,517.15,512.15,515.0,563880
2025-01-07T13:15:00+05:30,514.95,517.0,514.1,514.3,341524
2025-01-07T13:30:00+05:30,514.3,515.45,511.05,511.5,309340
2025-01-07T13:45:00+05:30,511.5,513.95,507.55,509.0,687776
2025-01-07T14:00:00+05:30,509.0,514.85,508.85,512.5,696446
2025-01-07T14:15:00+05:30,512.25,513.95,511.35,512.75,451512
2025-01-07T14:30:00+05:30,513.0,513.7,508.6,510.4,551038
2025-01-07T14:45:00+05:30,510.25,512.85,510.0,511.3,456217
2025-01-07T15:00:00+05:30,511.25,513.0,510.0,511.45,972314
2025-01-07T15:15:00+05:30,511.05,511.3,505.15,509.85,1820647
2025-01-08T09:15:00+05:30,514.65,515.2,498.15,500.7,961308
2025-01-08T09:30:00+05:30,500.8,503.2,496.15,496.55,673047
2025-01-08T09:45:00+05:30,496.55,500.7,495.2,497.65,498559
2025-01-08T10:00:00+05:30,497.6,498.0,489.5,491.95,858757
2025-01-08T10:15:00+05:30,491.8,492.95,488.2,489.0,390069
2025-01-08T10:30:00+05:30,489.05,489.5,487.05,487.2,280020
2025-01-08T10:45:00+05:30,487.05,490.65,486.85,490.05,374893
2025-01-08T11:00:00+05:30,489.95,495.45,489.9,492.85,694122
2025-01-08T11:15:00+05:30,492.75,496.6,490.4,492.45,337218
2025-01-08T11:30:00+05:30,492.35,493.0,487.5,488.0,254961
2025-01-08T11:45:00+05:30,487.9,488.7,486.2,488.1,320894
2025-01-08T12:00:00+05:30,488.1,488.75,486.25,486.75,198455
2025-01-08T12:15:00+05:30,486.7,489.5,486.6,488.25,178839
2025-01-08T12:30:00+05:30,488.3,489.9,487.85,489.7,75880
2025-01-08T12:45:00+05:30,489.85,490.7,488.1,489.25,109959
2025-01-08T13:00:00+05:30,489.1,492.0,487.6,491.65,231473
2025-01-08T13:15:00+05:30,491.45,492.55,490.3,491.85,139142
2025-01-08T13:30:00+05:30,491.7,494.0,490.5,493.2,120544
2025-01-08T13:45:00+05:30,493.05,495.0,492.4,494.4,270554
2025-01-08T14:00:00+05:30,494.35,494.8,493.55,494.55,133502
2025-01-08T14:15:00+05:30,494.55,495.6,492.3,492.85,272798
2025-01-08T14:30:00+05:30,492.55,493.1,489.5,492.15,413612
2025-01-08T14:45:00+05:30,492.15,493.35,489.85,491.0,303632
2025-01-08T15:00:00+05:30,491.2,492.15,489.05,489.95,490351
2025-01-08T15:15:00+05:30,489.95,492.25,488.0,491.75,720349
2025-01-09T09:15:00+05:30,505.3,521.4,502.45,510.5,3658719
2025-01-09T09:30:00+05:30,510.3,510.8,504.0,507.2,866405
2025-01-09T09:45:00+05:30,507.25,510.55,502.05,503.6,799175
2025-01-09T10:00:00+05:30,503.85,503.85,499.3,501.8,549114
2025-01-09T10:15:00+05:30,501.95,507.45,499.95,503.6,604491
2025-01-09T10:30:00+05:30,503.6,515.8,502.25,512.5,1457722
2025-01-09T10:45:00+05:30,512.3,512.9,510.2,511.25,492567
2025-01-09T11:00:00+05:30,511.25,512.8,510.05,511.15,308620
2025-01-09T11:15:00+05:30,511.15,511.95,510.6,510.7,160381
2025-01-09T11:30:00+05:30,510.65,512.95,510.0,510.5,356312
2025-01-09T11:45:00+05:30,510.5,512.5,510.45,511.5,226107
2025-01-09T12:00:00+05:30,511.4,512.35,510.45,510.9,214984
2025-01-09T12:15:00+05:30,511.0,511.75,506.0,506.7,329485
2025-01-09T12:30:00+05:30,506.7,507.95,504.5,504.85,227923
2025-01-09T12:45:00+05:30,504.85,505.95,502.7,503.0,224903
2025-01-09T13:00:00+05:30,503.25,504.95,499.65,500.05,519014
2025-01-09T13:15:00+05:30,500.05,503.95,497.05,501.9,627311
2025-01-09T13:30:00+05:30,501.9,502.7,500.4,501.9,150756
2025-01-09T13:45:00+05:30,501.8,501.9,500.35,500.9,139394
2025-01-09T14:00:00+05:30,500.9,506.5,500.6,502.8,426065
2025-01-09T14:15:00+05:30,502.55,503.75,501.7,502.5,206127
2025-01-09T14:30:00+05:30,502.7,507.8,502.45,504.95,468124
2025-01-09T14:45:00+05:30,505.0,508.35,504.1,506.3,435215
2025-01-09T15:00:00+05:30,506.3,506.95,504.05,505.95,506797
2025-01-09T15:15:00+05:30,506.0,512.45,504.25,506.7,934463
2025-01-10T09:15:00+05:30,503.5,505.9,497.55,499.15,801741
2025-01-10T09:30:00+05:30,499.35,499.45,493.15,496.25,611288
2025-01-10T09:45:00+05:30,496.1,496.45,491.8,492.45,356424
2025-01-10T10:00:00+05:30,492.15,493.5,488.55,492.95,328573
2025-01-10T10:15:00+05:30,492.7,494.75,491.2,492.05,188393
2025-01-10T10:30:00+05:30,492.3,494.7,491.25,493.65,137146
2025-01-10T10:45:00+05:30,493.65,495.0,492.6,494.5,132646
2025-01-10T11:00:00+05:30,494.35,495.85,493.3,494.35,135811
2025-01-10T11:15:00+05:30,494.35,495.85,492.05,493.45,160324
2025-01-10T11:30:00+05:30,493.45,495.0,492.3,492.35,111850
2025-01-10T11:45:00+05:30,492.3,494.55,491.55,494.5,115142
2025-01-10T12:00:00+05:30,494.25,494.5,491.8,493.0,101976
2025-01-10T12:15:00+05:30,492.75,495.7,492.75,494.8,234806
2025-01-10T12:30:00+05:30,494.8,497.0,494.8,495.0,215644
2025-01-10T12:45:00+05:30,495.0,496.4,495.0,495.85,102694
2025-01-10T13:00:00+05:30,495.55,495.9,493.0,495.05,139158
2025-01-10T13:15:00+05:30,495.3,495.4,494.6,494.8,111129
2025-01-10T13:30:00+05:30,495.05,495.7,494.65,495.05,117750
2025-01-10T13:45:00+05:30,495.05,495.65,491.9,493.15,186824
2025-01-10T14:00:00+05:30,493.4,494.35,492.05,492.95,120256
2025-01-10T14:15:00+05:30,492.95,494.0,492.3,493.7,151918
2025-01-10T14:30:00+05:30,493.65,494.35,491.9,493.5,218958
2025-01-10T14:45:00+05:30,493.7,494.3,492.1,492.85,348813
2025-01-10T15:00:00+05:30,492.85,493.4,492.1,492.4,161048
2025-01-10T15:15:00+05:30,492.35,494.95,490.1,492.0,329536
2025-01-13T09:15:00+05:30,481.15,487.0,478.2,480.65,840307
2025-01-13T09:30:00+05:30,480.7,487.9,475.5,477.85,742310
2025-01-13T09:45:00+05:30,477.6,479.5,473.65,475.35,444855
2025-01-13T10:00:00+05:30,475.55,478.75,473.2,477.35,303751
2025-01-13T10:15:00+05:30,477.5,478.15,475.05,477.8,180875
2025-01-13T10:30:00+05:30,477.8,477.8,474.2,475.9,158499
2025-01-13T10:45:00+05:30,475.8,479.45,474.95,476.15,220042
2025-01-13T11:00:00+05:30,476.3,477.15,473.5,474.2,201795
2025-01-13T11:15:00+05:30,474.2,474.4,469.0,469.6,274244
2025-01-13T11:30:00+05:30,469.65,470.0,467.2,468.85,184001
2025-01-13T11:45:00+05:30,468.85,470.0,466.3,467.55,266713
2025-01-13T12:00:00+05:30,467.5,468.55,466.55,467.1,214735
2025-01-13T12:15:00+05:30,467.05,467.55,465.7,467.55,244255
2025-01-13T12:30:00+05:30,467.3,467.3,464.25,465.95,182417
2025-01-13T12:45:00+05:30,465.95,465.95,462.0,462.45,196588
2025-01-13T13:00:00+05:30,462.45,470.5,462.45,469.55,435156
2025-01-13T13:15:00+05:30,469.7,469.75,467.0,469.05,209223
2025-01-13T13:30:00+05:30,469.05,469.45,463.45,463.55,281529
2025-01-13T13:45:00+05:30,463.6,464.8,462.05,463.25,204941
2025-01-13T14:00:00+05:30,463.25,464.4,462.45,462.75,136080
2025-01-13T14:15:00+05:30,462.75,463.6,460.3,460.3,221623
2025-01-13T14:30:00+05:30,460.3,461.6,458.3,461.6,275265
2025-01-13T14:45:00+05:30,461.6,465.75,460.0,462.65,592616
2025-01-13T15:00:00+05:30,462.95,462.95,460.1,460.8,347202
2025-01-13T15:15:00+05:30,460.8,468.9,459.65,465.0,927670
2025-01-14T09:15:00+05:30,465.9,472.2,465.25,470.95,849518
2025-01-14T09:30:00+05:30,470.55,477.0,470.0,476.7,726964
2025-01-14T09:45:00+05:30,476.7,481.2,473.4,477.4,745876
2025-01-14T10:00:00+05:30,477.7,478.5,474.65,476.9,265746
2025-01-14T10:15:00+05:30,476.9,477.4,473.7,476.3,184420
2025-01-14T10:30:00+05:30,476.3,477.65,475.5,476.4,143946
2025-01-14T10:45:00+05:30,476.4,478.45,476.0,478.2,87576
2025-01-14T11:00:00+05:30,478.2,480.0,477.55,478.45,103534
2025-01-14T11:15:00+05:30,478.45,479.5,477.7,478.3,127456
2025-01-14T11:30:00+05:30,478.3,479.85,477.8,478.65,817063
2025-01-14T11:45:00+05:30,478.8,481.45,477.65,480.4,148416
2025-01-14T12:00:00+05:30,480.3,480.55,475.25,476.0,200614
2025-01-14T12:15:00+05:30,476.25,476.95,474.4,475.55,137970
2025-01-14T12:30:00+05:30,475.5,477.0,474.85,475.0,96194
2025-01-14T12:45:00+05:30,474.85,476.45,474.7,475.05,136670
2025-01-14T13:00:00+05:30,474.95,475.3,473.25,474.3,175019
2025-01-14T13:15:00+05:30,474.35,475.0,473.75,474.7,117432
2025-01-14T13:30:00+05:30,474.65,475.25,473.8,474.1,72067
2025-01-14T13:45:00+05:30,474.1,474.3,473.6,473.95,85070
2025-01-14T14:00:00+05:30,473.95,474.3,473.25,473.35,124518
2025-01-14T14:15:00+05:30,473.35,474.0,471.1,471.25,269849
2025-01-14T14:30:00+05:30,471.3,475.0,470.75,473.9,370787
2025-01-14T14:45:00+05:30,473.9,474.1,470.55,471.5,283928
2025-01-14T15:00:00+05:30,471.45,472.65,468.5,468.55,414705
2025-01-14T15:15:00+05:30,468.55,468.55,460.1,464.9,1313647
2025-01-15T09:15:00+05:30,473.85,483.5,470.05,475.85,1173117
2025-01-15T09:30:00+05:30,475.55,478.6,471.6,477.5,653164
2025-01-15T09:45:00+05:30,477.35,479.8,473.25,478.7,479618
2025-01-15T10:00:00+05:30,478.7,483.2,478.3,478.8,742534
2025-01-15T10:15:00+05:30,478.8,483.9,477.75,480.0,463615
2025-01-15T10:30:00+05:30,480.0,482.0,479.5,480.25,114659
2025-01-15T10:45:00+05:30,480.25,485.6,480.25,481.6,316578
2025-01-15T11:00:00+05:30,481.8,482.5,480.2,480.8,176089
2025-01-15T11:15:00+05:30,481.0,483.0,480.4,481.8,119001
2025-01-15T11:30:00+05:30,481.8,482.5,481.1,482.5,66445
2025-01-15T11:45:00+05:30,482.5,492.45,481.9,492.4,507156
2025-01-15T12:00:00+05:30,492.4,492.6,488.45,490.4,818939
2025-01-15T12:15:00+05:30,490.4,492.3,489.25,490.7,322403
2025-01-15T12:30:00+05:30,490.8,491.9,489.75,490.55,251371
2025-01-15T12:45:00+05:30,490.55,494.4,490.1,491.5,384207
2025-01-15T13:00:00+05:30,491.5,491.65,489.55,490.0,280938
2025-01-15T13:15:00+05:30,490.0,490.65,487.0,487.8,485556
2025-01-15T13:30:00+05:30,488.0,489.7,485.15,487.65,514137
2025-01-15T13:45:00+05:30,487.75,490.0,481.15,481.95,495270
2025-01-15T14:00:00+05:30,481.95,485.7,478.2,484.0,561267
2025-01-15T14:15:00+05:30,484.0,485.0,482.25,484.6,226986
2025-01-15T14:30:00+05:30,484.6,490.8,484.35,490.0,490807
2025-01-15T14:45:00+05:30,490.0,490.5,487.95,490.15,434867
2025-01-15T15:00:00+05:30,490.2,490.7,486.35,489.0,789321
2025-01-15T15:15:00+05:30,488.8,489.6,484.1,488.1,1001842
2025-01-16T09:15:00+05:30,504.05,514.8,495.1,500.95,2014081
2025-01-16T09:30:00+05:30,500.9,502.5,493.7,495.65,850772
2025-01-16T09:45:00+05:30,495.8,501.3,494.7,499.2,936816
2025-01-16T10:00:00+05:30,499.2,500.8,498.6,499.15,254371
2025-01-16T10:15:00+05:30,499.05,501.3,494.5,495.35,561372
2025-01-16T10:30:00+05:30,495.35,496.7,493.3,495.1,463529
2025-01-16T10:45:00+05:30,495.2,495.65,492.05,492.8,178154
2025-01-16T11:00:00+05:30,492.85,493.65,488.1,490.9,348136
2025-01-16T11:15:00+05:30,490.95,491.35,485.65,487.3,324874
2025-01-16T11:30:00+05:30,487.3,489.3,485.75,486.8,257652
2025-01-16T11:45:00+05:30,486.95,487.0,484.55,485.85,191859
2025-01-16T12:00:00+05:30,485.8,486.05,482.05,483.3,254851
2025-01-16T12:15:00+05:30,483.3,484.05,481.25,482.6,172329
2025-01-16T12:30:00+05:30,482.25,482.95,479.5,480.5,169924
2025-01-16T12:45:00+05:30,480.5,482.25,480.05,482.0,158263
2025-01-16T13:00:00+05:30,482.05,483.5,479.55,481.0,243642
2025-01-16T13:15:00+05:30,480.8,482.1,479.8,480.6,151595
2025-01-16T13:30:00+05:30,480.6,482.0,480.55,481.35,85441
2025-01-16T13:45:00+05:30,481.3,482.6,481.0,481.05,97423
2025-01-16T14:00:00+05:30,481.05,481.6,480.95,481.0,96420
2025-01-16T14:15:00+05:30,481.0,481.15,479.0,480.95,215507
2025-01-16T14:30:00+05:30,481.0,482.0,480.1,481.7,186753
2025-01-16T14:45:00+05:30,481.75,487.0,481.6,485.35,566975
2025-01-16T15:00:00+05:30,485.3,485.5,479.8,482.9,502624
2025-01-16T15:15:00+05:30,482.9,486.0,480.35,485.0,719073
2025-01-17T09:15:00+05:30,483.5,483.5,476.8,477.5,682115
2025-01-17T09:30:00+05:30,477.5,478.3,474.1,477.15,320339
2025-01-17T09:45:00+05:30,477.15,484.7,477.15,484.25,448066
2025-01-17T10:00:00+05:30,484.25,489.5,483.55,485.5,490324
2025-01-17T10:15:00+05:30,485.3,485.9,478.2,481.4,529188
2025-01-17T10:30:00+05:30,481.35,481.45,477.05,477.5,283381
2025-01-17T10:45:00+05:30,477.4,477.5,471.15,473.15,437169
2025-01-17T11:00:00+05:30,473.15,473.2,467.2,472.5,497427
2025-01-17T11:15:00+05:30,472.3,472.7,470.45,471.35,202137
2025-01-17T11:30:00+05:30,471.35,472.45,470.65,471.55,102478
2025-01-17T11:45:00+05:30,471.55,473.3,471.45,473.0,99950
2025-01-17T12:00:00+05:30,473.0,475.2,472.8,473.7,174928
2025-01-17T12:15:00+05:30,473.7,474.05,471.65,472.6,118898
2025-01-17T12:30:00+05:30,472.4,474.3,472.0,473.5,79908
2025-01-17T12:45:00+05:30,473.5,474.1,471.35,471.65,113592
2025-01-17T13:00:00+05:30,471.6,473.65,471.45,472.5,52079
2025-01-17T13:15:00+05:30,472.55,473.05,471.45,472.35,70422
2025-01-17T13:30:00+05:30,472.3,473.0,471.85,471.85,62067
2025-01-17T13:45:00+05:30,471.85,473.6,471.6,473.5,80182
2025-01-17T14:00:00+05:30,473.45,473.6,472.0,472.55,83409
2025-01-17T14:15:00+05:30,472.55,473.5,472.15,473.1,107572
2025-01-17T14:30:00+05:30,473.15,474.15,473.0,473.15,113832
2025-01-17T14:45:00+05:30,473.15,474.9,472.0,474.45,241529
2025-01-17T15:00:00+05:30,474.45,474.8,471.05,473.9,357436
2025-01-17T15:15:00+05:30,473.95,474.0,471.1,473.9,479037
2025-01-20T09:15:00+05:30,475.5,477.6,467.1,469.05,389896
2025-01-20T09:30:00+05:30,469.3,470.95,467.6,469.45,167057
2025-01-20T09:45:00+05:30,469.35,470.45,467.85,468.4,105569
2025-01-20T10:00:00+05:30,468.65,468.7,464.45,467.5,191709
2025-01-20T10:15:00+05:30,467.7,469.4,467.7,468.25,102819
2025-01-20T10:30:00+05:30,468.4,469.95,467.8,468.4,139206
2025-01-20T10:45:00+05:30,468.4,471.85,468.3,471.4,259368
2025-01-20T11:00:00+05:30,471.4,478.55,471.1,478.1,623370
2025-01-20T11:15:00+05:30,478.1,478.45,475.55,477.0,249728
2025-01-20T11:30:00+05:30,477.0,480.45,476.7,480.0,298149
2025-01-20T11:45:00+05:30,480.05,480.2,475.8,478.15,246681
2025-01-20T12:00:00+05:30,478.15,479.0,477.15,478.65,115036
2025-01-20T12:15:00+05:30,478.65,480.15,478.15,479.3,129895
2025-01-20T12:30:00+05:30,479.5,480.45,479.0,479.8,121835
2025-01-20T12:45:00+05:30,479.8,481.25,479.25,479.75,166572
2025-01-20T13:00:00+05:30,479.75,480.0,479.05,479.55,59051
2025-01-20T13:15:00+05:30,479.55,480.0,479.15,479.45,80024
2025-01-20T13:30:00+05:30,479.55,481.0,479.1,480.1,140664
2025-01-20T13:45:00+05:30,480.0,480.5,479.35,480.1,108753
2025-01-20T14:00:00+05:30,480.1,480.7,479.45,480.1,102965
2025-01-20T14:15:00+05:30,480.1,480.1,479.1,479.9,365724
2025-01-20T14:30:00+05:30,479.9,483.75,479.9,481.1,262886
2025-01-20T14:45:00+05:30,481.0,482.35,480.8,481.9,91472
2025-01-20T15:00:00+05:30,481.9,482.25,477.7,480.2,523306
2025-01-20T15:15:00+05:30,480.2,481.0,474.0,475.0,1580398
2025-01-21T09:15:00+05:30,470.05,471.3,452.2,453.55,1683680
2025-01-21T09:30:00+05:30,453.8,454.0,444.0,449.75,1899651
2025-01-21T09:45:00+05:30,449.95,450.3,445.3,446.0,933377
2025-01-21T10:00:00+05:30,445.85,447.5,441.65,442.65,797545
2025-01-21T10:15:00+05:30,442.55,443.35,436.4,437.25,714914
2025-01-21T10:30:00+05:30,437.2,437.3,429.1,429.8,1433857
2025-01-21T10:45:00+05:30,429.6,434.35,427.05,427.65,1043308
2025-01-21T11:00:00+05:30,427.65,434.35,427.55,432.95,713852
2025-01-21T11:15:00+05:30,432.95,434.75,430.7,432.85,643655
2025-01-21T11:30:00+05:30,432.8,445.35,432.0,445.3,1706584
2025-01-21T11:45:00+05:30,445.1,449.1,439.1,439.95,2184950
2025-01-21T12:00:00+05:30,439.8,442.45,438.1,438.2,510820
2025-01-21T12:15:00+05:30,438.2,439.0,434.2,435.85,481747
2025-01-21T12:30:00+05:30,435.8,437.5,435.15,437.0,253229
2025-01-21T12:45:00+05:30,436.85,443.9,436.8,442.4,652528
2025-01-21T13:00:00+05:30,442.4,443.75,441.5,442.5,339899
2025-01-21T13:15:00+05:30,442.55,445.5,441.95,443.4,486740
2025-01-21T13:30:00+05:30,443.4,444.5,443.0,444.1,217389
2025-01-21T13:45:00+05:30,444.1,444.5,442.7,444.4,214748
2025-01-21T14:00:00+05:30,444.35,444.4,442.3,442.7,206031
2025-01-21T14:15:00+05:30,442.8,444.5,441.25,443.55,393192
2025-01-21T14:30:00+05:30,443.55,443.6,439.0,439.7,558289
2025-01-21T14:45:00+05:30,439.7,441.9,439.0,440.2,311890
2025-01-21T15:00:00+05:30,440.4,440.65,439.0,439.3,433776
2025-01-21T15:15:00+05:30,439.8,443.4,439.1,440.8,957917
2025-01-22T09:15:00+05:30,440.95,445.45,425.1,426.35,1631750
2025-01-22T09:30:00+05:30,426.4,430.95,424.65,426.4,838490
2025-01-22T09:45:00+05:30,426.7,428.65,424.8,427.65,467459
2025-01-22T10:00:00+05:30,427.65,433.3,426.1,428.25,690322
2025-01-22T10:15:00+05:30,428.25,430.4,425.55,425.95,362581
2025-01-22T10:30:00+05:30,426.0,426.8,423.1,424.8,380092
2025-01-22T10:45:00+05:30,424.9,425.7,423.65,424.4,254159
2025-01-22T11:00:00+05:30,424.15,424.9,423.25,424.05,214203
2025-01-22T11:15:00+05:30,424.1,424.5,423.1,424.3,273036
2025-01-22T11:30:00+05:30,424.3,428.4,423.05,427.5,513305
2025-01-22T11:45:00+05:30,427.6,438.7,426.15,426.15,1248918
2025-01-22T12:00:00+05:30,426.4,427.0,423.25,424.1,470907
2025-01-22T12:15:00+05:30,424.1,424.95,420.35,421.65,1028204
2025-01-22T12:30:00+05:30,421.5,421.6,417.25,418.5,528384
2025-01-22T12:45:00+05:30,418.45,419.15,415.25,416.7,385834
2025-01-22T13:00:00+05:30,416.7,417.5,413.6,415.8,439451
2025-01-22T13:15:00+05:30,415.8,416.9,413.8,416.2,368581
2025-01-22T13:30:00+05:30,416.2,422.95,415.35,420.2,762361
2025-01-22T13:45:00+05:30,420.2,420.4,417.8,418.25,306935
2025-01-22T14:00:00+05:30,418.25,418.3,416.0,417.7,387828
2025-01-22T14:15:00+05:30,417.7,423.5,415.9,423.1,678289
2025-01-22T14:30:00+05:30,423.1,430.85,421.7,429.05,1324108
2025-01-22T14:45:00+05:30,429.05,436.7,429.0,431.85,1360565
2025-01-22T15:00:00+05:30,431.95,433.95,429.45,433.2,1213956
2025-01-22T15:15:00+05:30,433.2,439.4,431.55,434.5,1569484
2025-01-23T09:15:00+05:30,434.9,446.4,433.9,443.6,1033402
2025-01-23T09:30:00+05:30,443.55,449.4,442.25,448.3,1127318
2025-01-23T09:45:00+05:30,448.3,452.6,447.0,447.85,722014
2025-01-23T10:00:00+05:30,447.85,450.5,446.75,450.25,645126
2025-01-23T10:15:00+05:30,450.25,454.95,449.8,453.6,657446
2025-01-23T10:30:00+05:30,453.65,454.8,453.0,453.85,321179
2025-01-23T10:45:00+05:30,454.0,454.0,449.55,451.2,544696
2025-01-23T11:00:00+05:30,451.25,453.25,450.0,452.0,223900
2025-01-23T11:15:00+05:30,451.7,454.3,451.6,453.55,249092
2025-01-23T11:30:00+05:30,453.55,453.95,452.15,452.4,220141
2025-01-23T11:45:00+05:30,452.45,457.2,452.0,453.95,462712
2025-01-23T12:00:00+05:30,453.95,457.95,453.75,455.75,465896
2025-01-23T12:15:00+05:30,455.6,455.95,453.0,453.6,273611
2025-01-23T12:30:00+05:30,453.6,454.95,448.25,454.9,560643
2025-01-23T12:45:00+05:30,454.9,456.6,454.7,455.2,257655
2025-01-23T13:00:00+05:30,455.3,457.0,455.0,456.3,252770
2025-01-23T13:15:00+05:30,456.45,457.65,456.0,456.7,221692
2025-01-23T13:30:00+05:30,456.85,457.4,456.0,456.5,216206
2025-01-23T13:45:00+05:30,456.3,456.75,455.1,455.75,238479
2025-01-23T14:00:00+05:30,456.0,456.35,455.3,455.8,188515
2025-01-23T14:15:00+05:30,455.7,456.5,454.7,455.25,332735
2025-01-23T14:30:00+05:30,455.1,455.5,454.85,455.4,243011
2025-01-23T14:45:00+05:30,455.4,463.7,455.0,460.95,1339589
2025-01-23T15:00:00+05:30,460.8,462.7,455.2,459.5,1179680
2025-01-23T15:15:00+05:30,459.5,465.0,459.3,463.5,1383877
2025-01-24T09:15:00+05:30,463.35,463.9,454.2,456.35,1111671
2025-01-24T09:30:00+05:30,456.35,459.95,450.15,450.15,595704
2025-01-24T09:45:00+05:30,450.25,452.0,445.6,445.8,621662
2025-01-24T10:00:00+05:30,445.8,447.05,441.6,442.2,411086
2025-01-24T10:15:00+05:30,442.2,446.4,441.0,444.15,360615
2025-01-24T10:30:00+05:30,444.15,453.5,442.5,451.1,714424
2025-01-24T10:45:00+05:30,451.2,452.55,447.5,449.0,331604
2025-01-24T11:00:00+05:30,449.2,454.95,449.0,450.7,601415
2025-01-24T11:15:00+05:30,450.7,456.4,450.05,454.85,405495
2025-01-24T11:30:00+05:30,454.8,459.0,454.0,455.75,470591
2025-01-24T11:45:00+05:30,455.75,461.95,455.75,457.9,632676
2025-01-24T12:00:00+05:30,457.9,458.15,451.4,452.1,567236
2025-01-24T12:15:00+05:30,452.1,452.4,445.1,446.05,662874
2025-01-24T12:30:00+05:30,446.1,449.0,444.65,445.95,351200
2025-01-24T12:45:00+05:30,445.9,447.9,445.1,446.1,172383
2025-01-24T13:00:00+05:30,446.1,448.9,445.5,448.15,147810
2025-01-24T13:15:00+05:30,448.0,448.75,445.5,447.7,77399
2025-01-24T13:30:00+05:30,447.7,448.45,446.1,447.1,108611
2025-01-24T13:45:00+05:30,447.0,449.6,446.55,448.3,176278
2025-01-24T14:00:00+05:30,448.05,448.4,445.35,447.1,267400
2025-01-24T14:15:00+05:30,447.35,447.6,445.35,446.85,184407
2025-01-24T14:30:00+05:30,446.65,449.25,443.15,448.4,441047
2025-01-24T14:45:00+05:30,448.2,454.45,446.4,453.6,1573538
2025-01-24T15:00:00+05:30,453.7,455.9,446.1,447.95,757262
2025-01-24T15:15:00+05:30,447.85,448.15,445.1,446.4,459238
2025-01-27T09:15:00+05:30,442.05,443.45,425.5,426.45,893848
2025-01-27T09:30:00+05:30,426.55,427.9,422.05,426.8,762492
2025-01-27T09:45:00+05:30,426.75,427.45,420.9,421.85,438298
2025-01-27T10:00:00+05:30,421.65,424.45,419.5,421.6,386189
2025-01-27T10:15:00+05:30,421.55,422.45,421.05,421.8,202843
2025-01-27T10:30:00+05:30,421.7,422.95,419.55,422.7,262613
2025-01-27T10:45:00+05:30,422.7,423.35,421.2,421.85,161980
2025-01-27T11:00:00+05:30,421.8,423.9,421.05,423.65,246966
2025-01-27T11:15:00+05:30,423.9,425.3,423.0,423.35,277940
2025-01-27T11:30:00+05:30,423.6,424.2,421.25,421.7,141810
2025-01-27T11:45:00+05:30,421.7,423.1,421.05,421.8,152215
2025-01-27T12:00:00+05:30,421.95,423.35,418.5,419.05,248978
2025-01-27T12:15:00+05:30,419.0,419.7,416.8,419.25,419712
2025-01-27T12:30:00+05:30,419.3,419.8,415.5,416.0,377175
2025-01-27T12:45:00+05:30,415.95,416.6,415.1,415.8,364489
2025-01-27T13:00:00+05:30,415.65,417.7,415.15,416.2,332184
2025-01-27T13:15:00+05:30,416.0,416.3,411.05,412.0,489853
2025-01-27T13:30:00+05:30,412.3,413.4,411.75,413.15,268164
2025-01-27T13:45:00+05:30,413.15,413.7,411.2,411.55,273799
2025-01-27T14:00:00+05:30,411.55,411.8,406.9,410.2,612480
2025-01-27T14:15:00+05:30,410.3,411.85,409.15,411.05,465024
2025-01-27T14:30:00+05:30,411.0,412.2,408.85,409.3,1117232
2025-01-27T14:45:00+05:30,409.5,412.8,408.1,411.05,1125251
2025-01-27T15:00:00+05:30,411.25,413.4,409.7,412.0,1154522
2025-01-27T15:15:00+05:30,412.05,412.1,405.35,408.4,1605396
2025-01-28T09:15:00+05:30,415.0,418.55,407.1,409.6,1333250
2025-01-28T09:30:00+05:30,409.6,410.3,402.3,402.75,916307
2025-01-28T09:45:00+05:30,402.4,404.9,397.75,400.1,938039
2025-01-28T10:00:00+05:30,400.4,402.95,396.05,397.65,656554
2025-01-28T10:15:00+05:30,397.9,398.75,395.05,396.2,528528
2025-01-28T10:30:00+05:30,396.45,396.6,393.7,396.1,476632
2025-01-28T10:45:00+05:30,396.05,396.8,394.5,395.0,330060
2025-01-28T11:00:00+05:30,395.2,395.95,389.05,392.0,820394
2025-01-28T11:15:00+05:30,392.05,397.65,389.55,396.7,766295
2025-01-28T11:30:00+05:30,396.75,399.0,396.35,398.0,626548
2025-01-28T11:45:00+05:30,398.05,398.4,394.5,395.85,392060
2025-01-28T12:00:00+05:30,395.8,403.4,394.5,400.9,1030648
2025-01-28T12:15:00+05:30,401.0,406.8,400.85,403.75,948694
2025-01-28T12:30:00+05:30,403.75,405.95,403.6,404.95,439117
2025-01-28T12:45:00+05:30,404.9,410.25,402.85,408.0,639856
2025-01-28T13:00:00+05:30,408.15,410.9,405.1,407.55,678567
2025-01-28T13:15:00+05:30,407.4,407.9,404.05,404.55,476068
2025-01-28T13:30:00+05:30,404.5,406.6,403.15,405.55,384741
2025-01-28T13:45:00+05:30,405.55,406.8,405.0,406.45,284738
2025-01-28T14:00:00+05:30,406.25,410.75,406.1,410.45,650884
2025-01-28T14:15:00+05:30,410.45,412.8,407.9,412.4,504330
2025-01-28T14:30:00+05:30,412.2,413.4,410.2,413.4,599482
2025-01-28T14:45:00+05:30,413.3,413.65,408.75,412.4,1245687
2025-01-28T15:00:00+05:30,412.15,414.35,409.4,410.2,893934
2025-01-28T15:15:00+05:30,410.2,411.4,407.9,411.0,663913
2025-01-29T09:15:00+05:30,412.0,417.6,406.75,416.7,951579
2025-01-29T09:30:00+05:30,416.45,423.85,416.1,422.65,1072545
2025-01-29T09:45:00+05:30,422.3,423.85,420.65,423.35,603297
2025-01-29T10:00:00+05:30,423.35,427.0,421.6,421.9,741552
2025-01-29T10:15:00+05:30,421.85,422.6,416.4,416.9,658214
2025-01-29T10:30:00+05:30,416.85,420.15,415.5,419.2,386173
2025-01-29T10:45:00+05:30,419.0,420.85,418.0,419.65,211369
2025-01-29T11:00:00+05:30,419.55,420.95,419.05,420.7,155577
2025-01-29T11:15:00+05:30,420.95,421.5,418.4,420.0,307535
2025-01-29T11:30:00+05:30,420.0,421.9,419.85,421.35,171270
2025-01-29T11:45:00+05:30,421.2,421.95,417.15,418.7,235225
2025-01-29T12:00:00+05:30,418.7,419.35,417.2,417.65,114854
2025-01-29T12:15:00+05:30,417.5,418.0,415.05,415.5,244596
2025-01-29T12:30:00+05:30,415.45,415.9,413.5,414.6,314655
2025-01-29T12:45:00+05:30,414.4,415.25,411.1,413.55,302321
2025-01-29T13:00:00+05:30,413.4,415.7,412.25,414.7,232352
2025-01-29T13:15:00+05:30,414.65,417.45,414.0,416.2,314723
2025-01-29T13:30:00+05:30,416.15,417.25,415.2,415.45,145665
2025-01-29T13:45:00+05:30,415.25,415.5,414.25,414.65,178281
2025-01-29T14:00:00+05:30,414.4,415.6,414.2,414.7,162750
2025-01-29T14:15:00+05:30,414.7,415.9,411.0,414.8,494516
2025-01-29T14:30:00+05:30,414.7,425.4,414.65,423.6,1095612
2025-01-29T14:45:00+05:30,423.4,427.85,422.65,425.8,1072546
2025-01-29T15:00:00+05:30,425.8,429.4,424.9,429.0,769154
2025-01-29T15:15:00+05:30,429.25,429.95,426.7,428.0,902371
2025-01-30T09:15:00+05:30,427.95,427.95,417.4,417.95,675783
2025-01-30T09:30:00+05:30,418.0,422.55,417.25,422.2,365404
2025-01-30T09:45:00+05:30,422.15,426.45,421.85,425.3,525310
2025-01-30T10:00:00+05:30,425.3,428.5,424.0,425.25,401471
2025-01-30T10:15:00+05:30,425.25,426.4,421.3,423.9,385047
2025-01-30T10:30:00+05:30,423.9,424.25,421.9,422.65,168829
2025-01-30T10:45:00+05:30,422.5,423.9,420.15,421.7,199533
2025-01-30T11:00:00+05:30,421.5,421.7,416.9,417.55,1035833
2025-01-30T11:15:00+05:30,417.5,418.2,413.2,416.0,691716
2025-01-30T11:30:00+05:30,416.0,416.9,415.1,416.7,103959
2025-01-30T11:45:00+05:30,416.7,417.8,414.0,414.25,171733
2025-01-30T12:00:00+05:30,414.05,414.3,410.0,410.45,451266
2025-01-30T12:15:00+05:30,410.45,411.3,409.05,410.4,362445
2025-01-30T12:30:00+05:30,410.5,410.9,409.55,409.9,216240
2025-01-30T12:45:00+05:30,410.0,410.25,408.6,409.85,288957
2025-01-30T13:00:00+05:30,409.95,410.3,408.3,410.0,234970
2025-01-30T13:15:00+05:30,410.0,410.5,409.25,409.65,357760
2025-01-30T13:30:00+05:30,409.95,410.35,405.5,406.8,337229
2025-01-30T13:45:00+05:30,406.9,407.7,403.75,404.85,361271
2025-01-30T14:00:00+05:30,405.0,405.0,402.5,403.0,251025
2025-01-30T14:15:00+05:30,402.95,406.55,402.5,405.2,440505
2025-01-30T14:30:00+05:30,405.2,405.95,404.1,404.7,310105
2025-01-30T14:45:00+05:30,404.7,405.5,402.75,405.15,500818
2025-01-30T15:00:00+05:30,405.25,406.5,403.65,403.95,468959
2025-01-30T15:15:00+05:30,403.95,408.0,403.2,405.8,955401
2025-01-31T09:15:00+05:30,410.45,413.95,408.4,409.0,576791
2025-01-31T09:30:00+05:30,409.0,414.9,409.0,414.6,335892
2025-01-31T09:45:00+05:30,414.6,415.4,411.85,414.15,270939
2025-01-31T10:00:00+05:30,414.05,416.45,412.15,415.75,218445
2025-01-31T10:15:00+05:30,415.95,418.35,414.45,417.4,305607
2025-01-31T10:30:00+05:30,417.15,417.55,414.0,415.9,247536
2025-01-31T10:45:00+05:30,415.7,417.85,415.4,417.2,105638
2025-01-31T11:00:00+05:30,417.1,417.35,415.55,416.15,73170
2025-01-31T11:15:00+05:30,416.15,420.45,415.75,418.4,295874
2025-01-31T11:30:00+05:30,418.15,418.15,416.3,417.35,100079
2025-01-31T11:45:00+05:30,417.2,417.25,414.5,414.9,102613
2025-01-31T12:00:00+05:30,414.9,416.65,414.05,415.8,88679
2025-01-31T12:15:00+05:30,415.6,416.3,413.7,414.5,138608
2025-01-31T12:30:00+05:30,414.3,414.9,412.3,412.3,90544
2025-01-31T12:45:00+05:30,412.25,413.5,412.2,413.15,104928
2025-01-31T13:00:00+05:30,413.25,414.0,411.65,411.8,164877
2025-01-31T13:15:00+05:30,411.9,413.6,411.2,412.85,127587
2025-01-31T13:30:00+05:30,412.85,415.0,412.65,413.65,115793
2025-01-31T13:45:00+05:30,413.6,413.8,411.15,412.1,80330
2025-01-31T14:00:00+05:30,412.2,413.0,412.0,412.65,72637
2025-01-31T14:15:00+05:30,412.55,412.75,410.1,411.0,140604
2025-01-31T14:30:00+05:30,411.2,418.75,410.55,417.15,395777
2025-01-31T14:45:00+05:30,416.9,417.15,413.15,415.85,244083
2025-01-31T15:00:00+05:30,415.75,416.25,414.0,415.85,266186
2025-01-31T15:15:00+05:30,415.55,418.5,415.05,417.4,452473
2025-02-01T09:15:00+05:30,418.45,423.35,418.45,421.25,215863
2025-02-01T09:30:00+05:30,421.1,424.9,421.0,422.0,150315
2025-02-01T09:45:00+05:30,421.95,422.1,419.25,420.95,126056
2025-02-01T10:00:00+05:30,420.75,420.75,418.3,418.5,75886
2025-02-01T10:15:00+05:30,418.8,419.65,417.5,418.6,66178
2025-02-01T10:30:00+05:30,418.35,420.25,418.2,419.7,58093
2025-02-01T10:45:00+05:30,419.85,421.35,419.2,419.6,54351
2025-02-01T11:00:00+05:30,419.6,419.9,415.25,417.1,208445
2025-02-01T11:15:00+05:30,417.1,420.75,415.4,418.85,116400
2025-02-01T11:30:00+05:30,418.8,418.95,410.65,413.3,229592
2025-02-01T11:45:00+05:30,413.35,413.85,407.5,411.45,204457
2025-02-01T12:00:00+05:30,411.2,417.95,410.4,414.6,174172
2025-02-01T12:15:00+05:30,414.6,427.85,413.15,419.7,689362
2025-02-01T12:30:00+05:30,419.7,438.8,418.8,437.7,1165969
2025-02-01T12:45:00+05:30,438.05,438.05,430.45,432.8,730252
2025-02-01T13:00:00+05:30,432.8,433.65,427.05,430.5,488136
2025-02-01T13:15:00+05:30,430.7,446.05,430.15,440.1,1205277
2025-02-01T13:30:00+05:30,440.4,452.9,440.05,452.5,923385
2025-02-01T13:45:00+05:30,452.5,458.2,446.15,446.9,1525670
2025-02-01T14:00:00+05:30,446.65,446.95,434.5,443.8,1762298
2025-02-01T14:15:00+05:30,444.0,451.95,441.3,451.2,835998
2025-02-01T14:30:00+05:30,451.25,455.0,444.25,445.15,1526131
2025-02-01T14:45:00+05:30,445.15,447.15,436.8,437.9,1004348
2025-02-01T15:00:00+05:30,437.9,441.95,433.35,433.95,723706
2025-02-01T15:15:00+05:30,433.7,436.0,433.1,434.55,791039
2025-02-03T09:15:00+05:30,431.0,438.0,421.0,437.15,1422768
2025-02-03T09:30:00+05:30,437.0,437.15,428.1,428.65,744627
2025-02-03T09:45:00+05:30,428.35,431.4,427.05,431.1,323035
2025-02-03T10:00:00+05:30,431.0,437.6,429.2,437.25,605961
2025-02-03T10:15:00+05:30,437.1,447.15,435.0,444.85,1303939
2025-02-03T10:30:00+05:30,444.8,447.45,442.3,444.0,711135
2025-02-03T10:45:00+05:30,444.0,449.8,441.35,448.6,911780
2025-02-03T11:00:00+05:30,448.6,454.8,448.5,454.0,1175817
2025-02-03T11:15:00+05:30,454.0,458.5,452.4,453.3,944368
2025-02-03T11:30:00+05:30,453.3,455.9,452.15,454.3,479069
2025-02-03T11:45:00+05:30,454.3,455.45,451.8,452.55,510333
2025-02-03T12:00:00+05:30,452.55,454.0,450.15,453.2,542168
2025-02-03T12:15:00+05:30,453.2,457.25,453.0,453.35,520020
2025-02-03T12:30:00+05:30,453.25,453.7,451.25,451.75,220385
2025-02-03T12:45:00+05:30,451.75,452.95,445.8,448.85,731030
2025-02-03T13:00:00+05:30,449.0,449.5,446.4,448.5,391434
2025-02-03T13:15:00+05:30,448.9,449.2,445.3,448.0,215169
2025-02-03T13:30:00+05:30,448.0,453.0,448.0,451.0,509469
2025-02-03T13:45:00+05:30,451.0,453.9,450.2,451.8,369177
2025-02-03T14:00:00+05:30,451.8,452.9,451.25,452.5,177078
2025-02-03T14:15:00+05:30,452.5,452.6,449.8,451.45,350232
2025-02-03T14:30:00+05:30,451.45,454.6,450.9,453.2,442809
2025-02-03T14:45:00+05:30,453.2,457.9,453.2,457.25,677106
2025-02-03T15:00:00+05:30,457.25,463.0,454.2,459.3,1669471
2025-02-03T15:15:00+05:30,459.1,460.65,454.65,456.2,1181911
2025-02-04T09:15:00+05:30,457.5,457.5,440.35,441.75,1575293
2025-02-04T09:30:00+05:30,441.75,443.9,437.0,442.4,1111181
2025-02-04T09:45:00+05:30,442.4,444.55,440.7,441.1,299814
2025-02-04T10:00:00+05:30,441.35,441.5,437.8,438.55,316881
2025-02-04T10:15:00+05:30,438.55,440.45,437.5,439.8,255250
2025-02-04T10:30:00+05:30,439.7,439.8,437.4,437.95,213163
2025-02-04T10:45:00+05:30,437.95,440.45,437.45,440.0,170591
2025-02-04T11:00:00+05:30,440.0,440.4,438.25,439.45,146838
2025-02-04T11:15:00+05:30,439.35,440.0,438.7,439.1,72519
2025-02-04T11:30:00+05:30,439.05,439.35,433.5,434.5,485848
2025-02-04T11:45:00+05:30,434.65,434.85,432.15,434.05,286818
2025-02-04T12:00:00+05:30,434.05,437.6,433.15,435.0,208339
2025-02-04T12:15:00+05:30,434.95,435.15,433.35,433.75,104769
2025-02-04T12:30:00+05:30,433.5,433.75,428.45,429.8,430847
2025-02-04T12:45:00+05:30,429.6,431.45,428.5,431.45,286504
2025-02-04T13:00:00+05:30,431.35,431.95,429.9,431.8,295638
2025-02-04T13:15:00+05:30,431.85,434.2,430.55,431.65,407569
2025-02-04T13:30:00+05:30,431.4,432.9,430.6,432.0,225669
2025-02-04T13:45:00+05:30,432.0,432.95,431.4,432.2,227099
2025-02-04T14:00:00+05:30,432.4,433.75,431.95,432.7,259560
2025-02-04T14:15:00+05:30,432.75,433.95,432.0,432.55,288802
2025-02-04T14:30:00+05:30,432.55,433.45,432.3,432.8,236177
2025-02-04T14:45:00+05:30,432.75,434.65,432.0,434.3,440908
2025-02-04T15:00:00+05:30,434.25,436.45,431.95,435.5,1226064
2025-02-04T15:15:00+05:30,435.8,435.8,432.0,432.5,827098
2025-02-05T09:15:00+05:30,426.0,430.5,422.1,424.9,1731949
2025-02-05T09:30:00+05:30,424.9,429.2,421.4,422.75,2312259
2025-02-05T09:45:00+05:30,422.9,423.1,418.1,419.9,1000119
2025-02-05T10:00:00+05:30,419.9,420.6,415.15,417.9,755452
2025-02-05T10:15:00+05:30,417.9,418.9,414.3,417.3,677974
2025-02-05T10:30:00+05:30,417.5,417.75,416.05,417.4,246427
2025-02-05T10:45:00+05:30,417.5,419.5,415.5,419.2,577271
2025-02-05T11:00:00+05:30,419.2,420.8,417.75,419.45,490283
2025-02-05T11:15:00+05:30,419.3,420.3,418.65,420.0,386697
2025-02-05T11:30:00+05:30,419.85,420.9,418.75,419.1,521996
2025-02-05T11:45:00+05:30,419.1,423.75,418.85,421.55,896573
2025-02-05T12:00:00+05:30,421.35,422.15,421.0,421.4,131035
2025-02-05T12:15:00+05:30,421.4,422.85,421.0,422.2,225779
2025-02-05T12:30:00+05:30,422.4,423.95,421.5,423.05,230881
2025-02-05T12:45:00+05:30,423.05,423.85,422.7,423.2,270938
2025-02-05T13:00:00+05:30,423.2,423.85,422.8,423.05,217860
2025-02-05T13:15:00+05:30,423.2,428.35,422.95,425.8,1576016
2025-02-05T13:30:00+05:30,425.8,426.0,419.0,420.9,707879
2025-02-05T13:45:00+05:30,420.9,421.9,419.85,421.5,201216
2025-02-05T14:00:00+05:30,421.45,421.5,420.35,420.85,159918
2025-02-05T14:15:00+05:30,420.85,421.8,420.2,421.35,148442
2025-02-05T14:30:00+05:30,421.4,421.5,420.5,421.0,173889
2025-02-05T14:45:00+05:30,420.95,421.55,420.4,420.8,152564
2025-02-05T15:00:00+05:30,420.8,421.95,417.2,418.75,703346
2025-02-05T15:15:00+05:30,418.75,419.85,416.0,418.6,1240181
2025-02-06T09:15:00+05:30,392.0,410.65,385.25,408.8,11347969
2025-02-06T09:30:00+05:30,408.8,408.8,401.55,401.8,4665241
2025-02-06T09:45:00+05:30,402.0,406.3,398.6,405.2,2791039
2025-02-06T10:00:00+05:30,405.45,410.9,403.3,403.8,2629136
2025-02-06T10:15:00+05:30,403.8,405.0,400.0,401.25,1748176
2025-02-06T10:30:00+05:30,401.25,404.35,400.55,402.4,1047563
2025-02-06T10:45:00+05:30,402.4,403.0,400.0,401.0,664030
2025-02-06T11:00:00+05:30,401.0,401.9,398.0,399.85,1035168
2025-02-06T11:15:00+05:30,399.85,400.95,398.35,400.0,864114
2025-02-06T11:30:00+05:30,400.0,401.55,399.5,399.95,513586
2025-02-06T11:45:00+05:30,400.0,400.0,395.1,396.25,1486144
2025-02-06T12:00:00+05:30,396.4,397.05,395.0,396.0,1058525
2025-02-06T12:15:00+05:30,396.0,396.5,395.65,396.0,496778
2025-02-06T12:30:00+05:30,396.0,396.05,394.15,395.5,665726
2025-02-06T12:45:00+05:30,395.6,395.6,393.15,394.85,628236
2025-02-06T13:00:00+05:30,394.8,395.95,393.8,394.9,421731
2025-02-06T13:15:00+05:30,394.9,396.0,394.7,395.35,290575
2025-02-06T13:30:00+05:30,395.35,396.05,394.8,395.0,346830
2025-02-06T13:45:00+05:30,395.0,395.75,394.15,395.3,338675
2025-02-06T14:00:00+05:30,395.45,395.7,394.4,395.05,351100
2025-02-06T14:15:00+05:30,395.2,395.75,394.8,395.05,297874
2025-02-06T14:30:00+05:30,395.05,397.4,393.65,394.75,774583
2025-02-06T14:45:00+05:30,394.8,394.8,388.0,389.15,2125012
2025-02-06T15:00:00+05:30,389.15,389.95,388.2,389.3,1518900
2025-02-06T15:15:00+05:30,389.4,391.75,386.05,391.75,2757747
2025-02-07T09:15:00+05:30,394.65,397.25,379.2,383.3,3436031
2025-02-07T09:30:00+05:30,383.45,390.65,383.05,384.7,2169090
2025-02-07T09:45:00+05:30,384.7,386.45,382.55,384.0,907127
2025-02-07T10:00:00+05:30,383.8,384.8,381.4,384.5,766216
2025-02-07T10:15:00+05:30,384.6,386.0,381.35,382.05,689516
2025-02-07T10:30:00+05:30,382.1,384.8,381.6,384.0,646101
2025-02-07T10:45:00+05:30,384.0,384.7,383.05,384.65,342030
2025-02-07T11:00:00+05:30,384.65,386.45,384.05,385.75,369143
2025-02-07T11:15:00+05:30,385.75,386.1,384.0,385.4,529031
2025-02-07T11:30:00+05:30,385.5,385.7,381.35,382.2,628613
2025-02-07T11:45:00+05:30,382.25,382.85,377.35,379.3,1092644
2025-02-07T12:00:00+05:30,379.15,380.2,376.6,377.95,626569
2025-02-07T12:15:00+05:30,377.95,378.55,375.0,376.25,1098674
2025-02-07T12:30:00+05:30,376.25,377.8,375.4,377.6,809424
2025-02-07T12:45:00+05:30,377.4,378.55,376.75,377.2,519375
2025-02-07T13:00:00+05:30,377.15,379.0,377.1,379.0,412025
2025-02-07T13:15:00+05:30,378.75,384.5,378.6,383.3,1719769
2025-02-07T13:30:00+05:30,383.35,384.7,380.95,383.25,789158
2025-02-07T13:45:00+05:30,383.2,383.25,378.9,379.25,603719
2025-02-07T14:00:00+05:30,379.45,381.6,378.3,380.7,514718
2025-02-07T14:15:00+05:30,380.8,381.0,378.15,378.95,443460
2025-02-07T14:30:00+05:30,378.9,379.5,376.55,377.05,534855
2025-02-07T14:45:00+05:30,377.05,379.95,376.1,377.85,786290
2025-02-07T15:00:00+05:30,377.9,382.45,377.75,380.65,1283856
2025-02-07T15:15:00+05:30,380.65,382.75,380.15,381.2,1508260
2025-02-10T09:15:00+05:30,377.95,378.25,359.0,361.15,3637847
2025-02-10T09:30:00+05:30,361.2,366.85,359.65,363.6,2284369
2025-02-10T09:45:00+05:30,363.6,366.35,363.1,363.55,1031075
2025-02-10T10:00:00+05:30,363.65,363.9,360.55,361.5,1079047
2025-02-10T10:15:00+05:30,361.6,361.85,359.55,361.35,1435107
2025-02-10T10:30:00+05:30,361.4,361.4,359.05,360.25,985794
2025-02-10T10:45:00+05:30,360.2,363.2,359.95,362.35,1288650
2025-02-10T11:00:00+05:30,362.25,362.25,359.6,360.15,861064
2025-02-10T11:15:00+05:30,360.1,365.75,360.0,364.85,1939449
2025-02-10T11:30:00+05:30,364.75,371.7,364.25,369.9,2923079
2025-02-10T11:45:00+05:30,369.65,370.95,366.3,366.7,1115248
2025-02-10T12:00:00+05:30,366.6,367.05,363.6,364.1,645380
2025-02-10T12:15:00+05:30,364.1,365.25,362.45,364.6,621044
2025-02-10T12:30:00+05:30,364.6,368.6,364.0,366.9,609494
2025-02-10T12:45:00+05:30,366.85,369.25,365.1,368.2,581810
2025-02-10T13:00:00+05:30,368.2,370.45,366.4,367.3,954266
2025-02-10T13:15:00+05:30,367.05,367.75,365.15,365.65,812595
2025-02-10T13:30:00+05:30,365.7,366.85,364.05,365.4,506282
2025-02-10T13:45:00+05:30,365.4,367.0,363.15,363.3,651703
2025-02-10T14:00:00+05:30,363.3,364.0,361.0,361.75,864542
2025-02-10T14:15:00+05:30,361.75,363.45,360.55,363.2,1151654
2025-02-10T14:30:00+05:30,363.2,363.85,362.25,363.1,657497
2025-02-10T14:45:00+05:30,363.1,363.65,362.85,363.1,567186
2025-02-10T15:00:00+05:30,363.15,363.4,361.35,362.1,2376541
2025-02-10T15:15:00+05:30,362.15,362.5,360.3,361.9,2236705
2025-02-11T09:15:00+05:30,370.0,370.2,356.3,361.5,2690344
2025-02-11T09:30:00+05:30,361.4,362.45,355.15,358.8,1465008
2025-02-11T09:45:00+05:30,358.6,360.75,355.0,356.2,1038527
2025-02-11T10:00:00+05:30,356.25,356.75,351.5,351.95,1525554
2025-02-11T10:15:00+05:30,351.85,352.9,348.55,349.5,1611709
2025-02-11T10:30:00+05:30,349.4,349.6,345.65,346.0,734331
2025-02-11T10:45:00+05:30,346.15,346.85,341.4,343.8,1669624
2025-02-11T11:00:00+05:30,343.7,345.65,343.15,343.45,620064
2025-02-11T11:15:00+05:30,343.45,344.75,342.5,342.75,507872
2025-02-11T11:30:00+05:30,342.75,343.35,338.1,339.85,1437749
2025-02-11T11:45:00+05:30,339.85,341.9,339.15,340.0,631530
2025-02-11T12:00:00+05:30,340.0,341.15,339.3,339.55,688431
2025-02-11T12:15:00+05:30,339.5,341.35,338.6,340.8,594370
2025-02-11T12:30:00+05:30,340.8,344.75,340.6,343.8,1061200
2025-02-11T12:45:00+05:30,343.85,345.45,343.55,344.35,918400
2025-02-11T13:00:00+05:30,344.4,344.75,341.55,342.2,509469
2025-02-11T13:15:00+05:30,342.25,345.0,341.75,343.85,584368
2025-02-11T13:30:00+05:30,344.0,344.75,342.5,342.7,372659
2025-02-11T13:45:00+05:30,342.8,344.45,342.4,343.2,368097
2025-02-11T14:00:00+05:30,343.2,343.25,341.65,342.7,485972
2025-02-11T14:15:00+05:30,342.7,342.9,336.4,336.8,1240011
2025-02-11T14:30:00+05:30,336.8,338.5,335.5,337.35,1084215
2025-02-11T14:45:00+05:30,337.35,338.0,334.95,335.35,1459671
2025-02-11T15:00:00+05:30,335.4,337.25,333.85,333.95,1452372
2025-02-11T15:15:00+05:30,333.85,336.95,330.0,335.05,3371911
2025-02-12T09:15:00+05:30,336.0,343.7,333.6,333.9,5096986
2025-02-12T09:30:00+05:30,333.9,337.95,329.05,333.4,3866886
2025-02-12T09:45:00+05:30,333.35,335.4,326.2,326.75,2652732
2025-02-12T10:00:00+05:30,326.7,334.4,326.5,330.5,1850838
2025-02-12T10:15:00+05:30,330.65,331.45,327.55,330.1,1599797
2025-02-12T10:30:00+05:30,330.2,335.45,330.15,332.8,1477018
2025-02-12T10:45:00+05:30,332.8,337.05,332.65,336.7,1515593
2025-02-12T11:00:00+05:30,336.8,338.0,333.6,337.1,1799758
2025-02-12T11:15:00+05:30,337.15,344.1,335.4,343.3,2509287
2025-02-12T11:30:00+05:30,343.45,351.15,339.45,349.35,2591699
2025-02-12T11:45:00+05:30,349.35,352.95,346.6,347.85,2516358
2025-02-12T12:00:00+05:30,347.8,348.25,343.2,344.5,1196413
2025-02-12T12:15:00+05:30,344.45,344.7,341.2,341.7,666476
2025-02-12T12:30:00+05:30,341.95,345.6,341.65,343.45,580894
2025-02-12T12:45:00+05:30,343.55,348.0,343.55,346.75,699001
2025-02-12T13:00:00+05:30,346.7,347.95,345.55,346.8,441877
2025-02-12T13:15:00+05:30,346.8,346.95,343.75,344.1,518371
2025-02-12T13:30:00+05:30,344.2,344.85,341.5,342.7,494706
2025-02-12T13:45:00+05:30,342.7,343.35,340.55,341.2,483895
2025-02-12T14:00:00+05:30,341.2,342.4,339.5,341.4,449634
2025-02-12T14:15:00+05:30,341.25,341.85,339.6,341.0,469929
2025-02-12T14:30:00+05:30,341.0,341.4,339.05,341.1,458927
2025-02-12T14:45:00+05:30,341.0,341.5,339.8,340.75,331615
2025-02-12T15:00:00+05:30,340.75,343.95,340.55,340.7,963875
2025-02-12T15:15:00+05:30,340.55,342.45,339.65,341.8,1148587
2025-02-13T09:15:00+05:30,347.9,350.8,343.05,347.0,1986687
2025-02-13T09:30:00+05:30,347.0,354.1,346.4,353.0,1559164
2025-02-13T09:45:00+05:30,353.0,356.7,352.75,354.8,1370056
2025-02-13T10:00:00+05:30,354.75,356.4,353.2,354.55,561031
2025-02-13T10:15:00+05:30,354.55,358.4,353.85,355.05,768856
2025-02-13T10:30:00+05:30,355.05,358.35,354.75,356.6,706988
2025-02-13T10:45:00+05:30,356.55,360.65,354.75,359.85,1076987
2025-02-13T11:00:00+05:30,359.9,362.7,359.1,362.5,1585881
2025-02-13T11:15:00+05:30,362.65,365.4,360.05,361.2,1786520
2025-02-13T11:30:00+05:30,361.5,362.2,360.0,361.1,477385
2025-02-13T11:45:00+05:30,361.2,363.75,361.0,362.3,479545
2025-02-13T12:00:00+05:30,362.3,362.9,360.05,361.05,567407
2025-02-13T12:15:00+05:30,361.05,362.45,360.55,361.75,259330
2025-02-13T12:30:00+05:30,361.85,362.5,360.6,361.2,252768
2025-02-13T12:45:00+05:30,361.25,361.35,359.4,361.35,522825
2025-02-13T13:00:00+05:30,361.3,362.5,360.4,361.0,445779
2025-02-13T13:15:00+05:30,360.95,361.65,360.25,360.85,209778
2025-02-13T13:30:00+05:30,360.8,360.95,357.5,358.8,906755
2025-02-13T13:45:00+05:30,358.8,360.85,358.6,359.6,456906
2025-02-13T14:00:00+05:30,359.6,360.9,359.2,359.9,377907
2025-02-13T14:15:00+05:30,359.8,360.45,359.45,359.9,230500
2025-02-13T14:30:00+05:30,359.9,360.55,358.75,360.25,523900
2025-02-13T14:45:00+05:30,360.3,367.0,360.05,365.45,2018650
2025-02-13T15:00:00+05:30,365.45,366.75,363.65,366.1,1251397
2025-02-13T15:15:00+05:30,366.1,369.0,359.5,360.4,2473008
2025-02-14T09:15:00+05:30,363.0,363.7,346.4,347.5,2396226
2025-02-14T09:30:00+05:30,347.4,349.7,343.1,343.3,1750720
2025-02-14T09:45:00+05:30,343.3,344.95,338.05,340.7,1984992
2025-02-14T10:00:00+05:30,340.7,343.9,335.85,337.4,1524965
2025-02-14T10:15:00+05:30,337.4,338.95,335.5,337.0,828945
2025-02-14T10:30:00+05:30,337.1,339.7,335.65,336.5,532213
2025-02-14T10:45:00+05:30,336.55,336.8,333.45,334.8,842462
2025-02-14T11:00:00+05:30,334.7,335.1,330.1,332.6,1558484
2025-02-14T11:15:00+05:30,332.6,332.95,331.05,331.25,539753
2025-02-14T11:30:00+05:30,331.25,332.95,328.85,332.9,703604
2025-02-14T11:45:00+05:30,332.7,334.9,332.25,333.8,705818
2025-02-14T12:00:00+05:30,333.75,334.4,331.5,333.65,665657
2025-02-14T12:15:00+05:30,333.8,336.35,332.0,332.85,636890
2025-02-14T12:30:00+05:30,332.85,333.95,331.0,333.4,489754
2025-02-14T12:45:00+05:30,333.4,333.8,332.5,332.65,293492
2025-02-14T13:00:00+05:30,332.8,334.5,332.1,333.9,505295
2025-02-14T13:15:00+05:30,333.9,335.55,331.7,332.05,593877
2025-02-14T13:30:00+05:30,332.45,333.5,331.85,332.2,441474
2025-02-14T13:45:00+05:30,332.15,332.75,327.8,328.8,1036579
2025-02-14T14:00:00+05:30,328.8,329.4,325.3,328.0,903175
2025-02-14T14:15:00+05:30,327.95,329.9,327.45,328.65,558243
2025-02-14T14:30:00+05:30,328.65,337.0,328.0,335.5,1804722
2025-02-14T14:45:00+05:30,335.7,335.7,332.15,333.1,956948
2025-02-14T15:00:00+05:30,333.2,343.9,333.05,342.8,3179190
2025-02-14T15:15:00+05:30,342.8,344.85,340.05,341.6,2465385
2025-02-17T09:15:00+05:30,337.5,354.8,333.5,345.25,3462238
2025-02-17T09:30:00+05:30,345.35,351.0,341.0,349.75,1807062
2025-02-17T09:45:00+05:30,349.95,350.0,342.9,347.25,843985
2025-02-17T10:00:00+05:30,347.0,348.3,342.0,342.8,711515
2025-02-17T10:15:00+05:30,342.55,348.45,341.55,348.15,680527
2025-02-17T10:30:00+05:30,348.35,350.8,346.95,348.4,599738
2025-02-17T10:45:00+05:30,348.4,348.95,345.9,346.75,295413
2025-02-17T11:00:00+05:30,346.75,347.3,333.85,336.65,1478651
2025-02-17T11:15:00+05:30,336.65,340.95,335.1,340.2,659898
2025-02-17T11:30:00+05:30,340.1,340.3,336.25,337.15,296350
2025-02-17T11:45:00+05:30,337.1,343.2,336.25,341.8,269606
2025-02-17T12:00:00+05:30,341.75,343.2,339.05,340.5,544274
2025-02-17T12:15:00+05:30,340.5,341.55,338.95,339.15,306827
2025-02-17T12:30:00+05:30,339.05,339.95,336.15,336.7,337973
2025-02-17T12:45:00+05:30,336.7,339.45,336.7,339.25,164376
2025-02-17T13:00:00+05:30,339.15,340.4,337.5,338.2,161535
2025-02-17T13:15:00+05:30,338.2,339.35,337.5,337.85,145912
2025-02-17T13:30:00+05:30,337.85,343.5,337.3,342.35,679325
2025-02-17T13:45:00+05:30,342.5,342.9,338.6,339.9,417368
2025-02-17T14:00:00+05:30,339.7,342.0,338.3,338.65,297001
2025-02-17T14:15:00+05:30,338.65,340.95,338.5,340.0,197609
2025-02-17T14:30:00+05:30,340.0,340.0,336.8,339.15,412278
2025-02-17T14:45:00+05:30,339.05,339.35,337.75,338.25,265675
2025-02-17T15:00:00+05:30,338.25,341.0,337.25,338.75,556043
2025-02-17T15:15:00+05:30,338.5,339.9,336.35,337.8,931562
2025-02-18T09:15:00+05:30,338.3,342.1,332.05,332.1,1630032
2025-02-18T09:30:00+05:30,332.15,332.7,328.4,331.95,1286448
2025-02-18T09:45:00+05:30,331.8,333.4,330.8,332.2,463101
2025-02-18T10:00:00+05:30,332.25,334.2,331.6,332.85,342953
2025-02-18T10:15:00+05:30,332.85,334.35,331.6,332.0,264712
2025-02-18T10:30:00+05:30,332.1,335.85,331.8,335.1,385192
2025-02-18T10:45:00+05:30,335.1,336.35,334.05,335.4,250304
2025-02-18T11:00:00+05:30,335.5,338.45,334.05,337.9,488995
2025-02-18T11:15:00+05:30,337.7,339.6,336.65,339.1,438227
2025-02-18T11:30:00+05:30,339.15,341.45,338.7,340.3,635204
2025-02-18T11:45:00+05:30,340.25,343.2,340.25,341.3,595611
2025-02-18T12:00:00+05:30,341.3,341.7,339.4,340.15,434883
2025-02-18T12:15:00+05:30,340.0,341.25,338.7,339.95,396363
2025-02-18T12:30:00+05:30,339.95,345.85,339.55,344.05,875125
2025-02-18T12:45:00+05:30,344.1,345.5,342.2,342.9,554234
2025-02-18T13:00:00+05:30,343.0,344.8,342.5,344.35,273826
2025-02-18T13:15:00+05:30,344.35,345.5,343.95,344.75,215626
2025-02-18T13:30:00+05:30,344.6,345.75,344.4,345.3,208744
2025-02-18T13:45:00+05:30,345.2,345.85,344.05,345.4,204141
2025-02-18T14:00:00+05:30,345.4,346.9,345.15,345.8,338612
2025-02-18T14:15:00+05:30,345.8,345.85,342.15,344.15,594054
2025-02-18T14:30:00+05:30,344.1,346.5,343.4,345.5,483059
2025-02-18T14:45:00+05:30,345.5,347.95,345.5,345.9,448469
2025-02-18T15:00:00+05:30,345.8,349.25,345.3,347.95,586802
2025-02-18T15:15:00+05:30,347.8,349.85,347.0,347.4,1199502
2025-02-19T09:15:00+05:30,340.0,353.8,339.55,353.7,1802609
2025-02-19T09:30:00+05:30,353.45,357.7,352.55,355.9,1374070
2025-02-19T09:45:00+05:30,355.7,361.7,355.7,360.2,1178074
2025-02-19T10:00:00+05:30,360.0,365.5,359.05,364.75,1174071
2025-02-19T10:15:00+05:30,364.85,366.6,364.05,366.05,968483
2025-02-19T10:30:00+05:30,366.25,367.5,364.9,367.15,572093
2025-02-19T10:45:00+05:30,367.15,367.9,364.8,364.8,1547143
2025-02-19T11:00:00+05:30,364.8,371.0,364.55,368.5,1348628
2025-02-19T11:15:00+05:30,368.65,369.05,366.0,366.0,397026
2025-02-19T11:30:00+05:30,366.0,369.5,365.55,366.75,689396
2025-02-19T11:45:00+05:30,366.7,369.0,365.6,368.55,325607
2025-02-19T12:00:00+05:30,368.7,371.45,368.55,370.3,736773
2025-02-19T12:15:00+05:30,370.3,373.0,370.1,372.25,838260
2025-02-19T12:30:00+05:30,372.25,373.4,371.4,372.35,650457
2025-02-19T12:45:00+05:30,372.35,374.35,371.65,373.1,522699
2025-02-19T13:00:00+05:30,373.1,373.75,370.9,372.9,534739
2025-02-19T13:15:00+05:30,372.9,374.7,372.2,374.3,414960
2025-02-19T13:30:00+05:30,374.3,378.0,374.0,376.55,1211627
2025-02-19T13:45:00+05:30,376.75,378.95,376.55,378.4,724441
2025-02-19T14:00:00+05:30,378.35,383.4,378.05,382.65,1682552
2025-02-19T14:15:00+05:30,382.5,383.5,375.0,375.25,2009380
2025-02-19T14:30:00+05:30,375.3,379.75,370.95,374.0,2430734
2025-02-19T14:45:00+05:30,374.25,376.35,372.0,374.85,1320612
2025-02-19T15:00:00+05:30,374.8,379.4,374.3,378.85,1388541
2025-02-19T15:15:00+05:30,378.85,380.45,372.05,375.65,1700766
2025-02-20T09:15:00+05:30,371.0,375.9,367.75,372.8,1541420
2025-02-20T09:30:00+05:30,372.8,383.0,372.55,381.75,1913074
2025-02-20T09:45:00+05:30,381.75,386.75,379.7,384.75,1769766
2025-02-20T10:00:00+05:30,384.6,384.9,379.05,379.9,1113853
2025-02-20T10:15:00+05:30,379.9,381.95,378.55,379.65,761833
2025-02-20T10:30:00+05:30,379.85,382.8,379.1,379.75,666089
2025-02-20T10:45:00+05:30,379.75,380.45,376.55,376.8,905183
2025-02-20T11:00:00+05:30,377.0,379.55,376.6,378.0,532612
2025-02-20T11:15:00+05:30,377.95,379.65,376.05,376.8,446694
2025-02-20T11:30:00+05:30,376.8,378.95,376.2,378.0,231237
2025-02-20T11:45:00+05:30,378.0,378.0,373.4,375.15,513411
2025-02-20T12:00:00+05:30,375.15,375.95,373.4,373.7,249231
2025-02-20T12:15:00+05:30,373.7,374.15,372.0,374.0,322419
2025-02-20T12:30:00+05:30,374.0,374.5,371.6,372.5,304354
2025-02-20T12:45:00+05:30,372.3,373.8,371.5,373.25,209746
2025-02-20T13:00:00+05:30,373.25,376.95,372.1,376.0,570486
2025-02-20T13:15:00+05:30,376.1,376.55,374.05,375.05,276009
2025-02-20T13:30:00+05:30,375.05,376.55,375.05,376.15,212847
2025-02-20T13:45:00+05:30,376.15,378.0,374.9,375.8,346708
2025-02-20T14:00:00+05:30,375.8,376.2,374.5,374.9,171125
2025-02-20T14:15:00+05:30,374.9,375.75,374.5,374.6,160203
2025-02-20T14:30:00+05:30,374.7,375.45,374.5,374.65,111954
2025-02-20T14:45:00+05:30,374.7,375.2,373.0,374.15,286700
2025-02-20T15:00:00+05:30,374.1,376.9,373.85,374.55,645817
2025-02-20T15:15:00+05:30,374.5,374.6,370.8,370.8,1093353
2025-02-21T09:15:00+05:30,371.45,374.8,368.55,369.25,1475065
2025-02-21T09:30:00+05:30,369.35,370.9,363.25,364.9,826475
2025-02-21T09:45:00+05:30,365.15,367.95,361.0,361.4,996892
2025-02-21T10:00:00+05:30,361.4,361.9,354.0,354.7,1135589
2025-02-21T10:15:00+05:30,354.85,360.85,354.15,360.3,988904
2025-02-21T10:30:00+05:30,360.35,366.95,359.85,365.35,1220213
2025-02-21T10:45:00+05:30,365.35,367.6,364.75,367.15,806165
2025-02-21T11:00:00+05:30,367.4,368.4,365.1,365.65,563706
2025-02-21T11:15:00+05:30,365.7,366.7,364.8,365.9,252229
2025-02-21T11:30:00+05:30,366.0,368.95,366.0,367.75,289102
2025-02-21T11:45:00+05:30,367.75,368.2,366.25,367.5,147851
2025-02-21T12:00:00+05:30,367.5,370.5,365.0,365.75,727434
2025-02-21T12:15:00+05:30,365.8,370.45,365.5,370.0,444719
2025-02-21T12:30:00+05:30,369.95,372.45,369.65,371.05,712410
2025-02-21T12:45:00+05:30,371.05,372.3,369.0,369.5,270035
2025-02-21T13:00:00+05:30,369.55,370.25,368.5,369.75,250895
2025-02-21T13:15:00+05:30,369.8,371.0,368.85,369.65,197479
2025-02-21T13:30:00+05:30,369.75,369.75,365.7,366.75,658180
2025-02-21T13:45:00+05:30,366.5,367.35,365.1,365.75,632453
2025-02-21T14:00:00+05:30,365.8,366.3,360.45,364.25,1120322
2025-02-21T14:15:00+05:30,364.15,364.7,359.55,360.0,814010
2025-02-21T14:30:00+05:30,360.0,361.35,359.45,360.15,469549
2025-02-21T14:45:00+05:30,360.15,360.6,360.0,360.1,264046
2025-02-21T15:00:00+05:30,360.15,362.9,359.1,362.65,703276
2025-02-21T15:15:00+05:30,362.8,362.8,359.05,360.0,873646
2025-02-24T09:15:00+05:30,353.9,359.2,348.35,352.5,1781914
2025-02-24T09:30:00+05:30,352.55,355.7,351.2,354.0,607958
2025-02-24T09:45:00+05:30,354.0,358.75,353.0,357.3,767599
2025-02-24T10:00:00+05:30,357.3,359.95,355.5,358.85,374391
2025-02-24T10:15:00+05:30,358.85,360.85,356.25,356.7,525033
2025-02-24T10:30:00+05:30,356.85,357.8,354.65,355.85,296631
2025-02-24T10:45:00+05:30,355.9,357.4,355.2,356.7,190982
2025-02-24T11:00:00+05:30,356.85,359.0,356.5,358.6,163938
2025-02-24T11:15:00+05:30,358.7,359.35,356.5,357.15,221219
2025-02-24T11:30:00+05:30,357.35,359.45,357.0,358.45,172928
2025-02-24T11:45:00+05:30,358.75,361.5,358.1,358.55,533160
2025-02-24T12:00:00+05:30,358.75,362.6,358.25,360.45,435345
2025-02-24T12:15:00+05:30,360.7,366.0,360.5,364.3,690799
2025-02-24T12:30:00+05:30,364.3,366.45,363.0,363.45,513754
2025-02-24T12:45:00+05:30,363.25,365.6,363.25,364.8,232716
2025-02-24T13:00:00+05:30,364.95,366.55,363.65,363.85,362581
2025-02-24T13:15:00+05:30,363.85,364.5,361.3,363.3,417541
2025-02-24T13:30:00+05:30,363.2,363.7,358.15,360.4,690072
2025-02-24T13:45:00+05:30,360.35,363.25,360.0,362.8,291758
2025-02-24T14:00:00+05:30,362.8,362.9,361.0,362.3,191336
2025-02-24T14:15:00+05:30,362.35,362.4,360.55,360.8,170017
2025-02-24T14:30:00+05:30,360.8,363.6,360.65,363.0,299258
2025-02-24T14:45:00+05:30,363.0,364.5,361.5,363.75,422460
2025-02-24T15:00:00+05:30,363.85,366.8,363.8,364.5,638921
2025-02-24T15:15:00+05:30,364.8,368.0,363.05,363.05,1360221
2025-02-25T09:15:00+05:30,363.0,364.65,354.05,358.0,1399421
2025-02-25T09:30:00+05:30,357.85,360.35,357.3,357.95,753743
2025-02-25T09:45:00+05:30,358.0,360.9,356.8,359.65,473629
2025-02-25T10:00:00+05:30,359.85,360.15,357.5,357.7,334158
2025-02-25T10:15:00+05:30,357.7,357.8,350.4,353.5,1020057
2025-02-25T10:30:00+05:30,353.55,354.05,352.5,353.7,232826
2025-02-25T10:45:00+05:30,353.7,356.2,353.2,355.2,414227
2025-02-25T11:00:00+05:30,355.2,356.1,354.35,356.0,204103
2025-02-25T11:15:00+05:30,355.8,358.85,355.75,356.5,409972
2025-02-25T11:30:00+05:30,356.6,357.8,355.75,357.25,140719
2025-02-25T11:45:00+05:30,357.25,357.45,355.35,356.15,141140
2025-02-25T12:00:00+05:30,356.0,356.35,355.3,355.9,136626
2025-02-25T12:15:00+05:30,355.85,356.8,355.5,355.75,144093
2025-02-25T12:30:00+05:30,355.85,358.95,355.75,357.6,282476
2025-02-25T12:45:00+05:30,357.6,357.75,357.0,357.1,75964
2025-02-25T13:00:00+05:30,357.1,357.5,356.35,356.85,133106
2025-02-25T13:15:00+05:30,356.85,356.85,355.1,355.8,276975
2025-02-25T13:30:00+05:30,355.8,357.2,355.8,356.2,86155
2025-02-25T13:45:00+05:30,356.2,357.6,356.05,357.05,128528
2025-02-25T14:00:00+05:30,357.15,357.8,356.4,357.1,113465
2025-02-25T14:15:00+05:30,357.1,357.45,354.9,356.6,302862
2025-02-25T14:30:00+05:30,356.6,357.3,356.5,356.75,171086
2025-02-25T14:45:00+05:30,356.7,357.0,354.45,355.0,467576
2025-02-25T15:00:00+05:30,355.0,356.0,354.7,355.0,494967
2025-02-25T15:15:00+05:30,355.05,355.7,354.05,355.2,812125
2025-02-27T09:15:00+05:30,359.95,360.0,351.2,351.5,764952
2025-02-27T09:30:00+05:30,351.55,351.9,345.45,347.25,719621
2025-02-27T09:45:00+05:30,347.25,351.1,347.0,349.2,477320
2025-02-27T10:00:00+05:30,349.05,350.5,348.1,349.75,148507
2025-02-27T10:15:00+05:30,349.75,350.4,347.55,348.3,186564
2025-02-27T10:30:00+05:30,348.3,350.3,347.8,349.85,170109
2025-02-27T10:45:00+05:30,349.65,350.95,349.35,350.2,175784
2025-02-27T11:00:00+05:30,350.3,350.8,349.35,349.6,58950
2025-02-27T11:15:00+05:30,349.45,350.35,349.25,350.0,111902
2025-02-27T11:30:00+05:30,349.85,351.8,349.45,350.9,99377
2025-02-27T11:45:00+05:30,351.05,352.85,350.85,352.7,297483
2025-02-27T12:00:00+05:30,352.7,352.7,350.85,351.85,119859
2025-02-27T12:15:00+05:30,351.6,351.9,350.6,351.0,66283
2025-02-27T12:30:00+05:30,350.95,351.0,349.2,350.35,154260
2025-02-27T12:45:00+05:30,350.2,350.95,349.5,350.3,120021
2025-02-27T13:00:00+05:30,350.3,350.45,348.55,349.2,97532
2025-02-27T13:15:00+05:30,349.2,349.35,348.15,348.25,103825
2025-02-27T13:30:00+05:30,348.25,349.35,347.1,347.85,145964
2025-02-27T13:45:00+05:30,347.75,348.5,347.5,348.4,74728
2025-02-27T14:00:00+05:30,348.25,348.55,347.1,347.95,119141
2025-02-27T14:15:00+05:30,347.95,348.8,347.5,347.8,87325
2025-02-27T14:30:00+05:30,347.8,347.85,345.7,346.6,199277
2025-02-27T14:45:00+05:30,346.6,349.45,346.5,347.2,240435
2025-02-27T15:00:00+05:30,347.35,348.05,343.1,345.25,584185
2025-02-27T15:15:00+05:30,345.05,345.5,341.0,342.9,766414
2025-02-28T09:15:00+05:30,340.0,353.7,339.2,352.35,1833201
2025-02-28T09:30:00+05:30,352.3,353.0,346.4,348.85,833821
2025-02-28T09:45:00+05:30,348.55,352.3,348.25,349.55,686598
2025-02-28T10:00:00+05:30,349.35,350.5,347.65,348.05,373067
2025-02-28T10:15:00+05:30,348.05,354.5,348.0,351.45,761679
2025-02-28T10:30:00+05:30,351.4,352.8,346.2,346.7,652433
2025-02-28T10:45:00+05:30,346.6,347.2,340.2,340.6,801145
2025-02-28T11:00:00+05:30,340.65,341.5,337.25,337.5,581912
2025-02-28T11:15:00+05:30,337.3,338.0,335.2,335.85,446422
2025-02-28T11:30:00+05:30,335.85,337.5,334.35,335.0,475443
2025-02-28T11:45:00+05:30,335.0,335.5,334.1,334.75,191316
2025-02-28T12:00:00+05:30,334.85,335.95,334.5,334.95,214549
2025-02-28T12:15:00+05:30,335.05,335.5,334.0,334.65,176365
2025-02-28T12:30:00+05:30,334.7,334.85,331.05,332.2,434181
2025-02-28T12:45:00+05:30,332.35,333.15,331.05,331.8,258597
2025-02-28T13:00:00+05:30,331.6,334.05,331.5,332.85,173350
2025-02-28T13:15:00+05:30,332.8,334.5,332.8,333.0,138827
2025-02-28T13:30:00+05:30,332.85,333.7,332.7,333.3,93914
2025-02-28T13:45:00+05:30,333.4,334.25,332.85,333.9,96528
2025-02-28T14:00:00+05:30,333.75,333.85,331.2,333.15,176263
2025-02-28T14:15:00+05:30,333.0,333.3,331.75,332.75,88549
2025-02-28T14:30:00+05:30,332.65,333.5,331.2,333.3,192603
2025-02-28T14:45:00+05:30,333.2,335.8,333.2,334.6,783039
2025-02-28T15:00:00+05:30,334.75,335.4,333.75,334.95,649440
2025-02-28T15:15:00+05:30,334.85,335.0,332.95,334.8,850961
2025-03-03T09:15:00+05:30,341.75,342.25,328.6,328.8,999060
2025-03-03T09:30:00+05:30,328.8,331.6,324.6,325.8,944658
2025-03-03T09:45:00+05:30,325.65,327.35,323.25,324.4,452964
2025-03-03T10:00:00+05:30,324.5,324.75,319.5,320.2,539882
2025-03-03T10:15:00+05:30,320.2,321.05,317.0,320.6,725500
2025-03-03T10:30:00+05:30,320.45,323.05,319.25,321.35,529876
2025-03-03T10:45:00+05:30,321.1,323.25,320.05,323.1,215034
2025-03-03T11:00:00+05:30,323.1,323.9,320.65,322.2,267630
2025-03-03T11:15:00+05:30,322.2,323.5,320.85,323.3,263050
2025-03-03T11:30:00+05:30,323.25,323.4,321.5,322.25,166368
2025-03-03T11:45:00+05:30,322.25,323.65,321.85,322.5,112977
2025-03-03T12:00:00+05:30,322.55,325.0,321.95,324.85,191830
2025-03-03T12:15:00+05:30,324.65,325.15,323.4,324.45,188224
2025-03-03T12:30:00+05:30,324.55,325.8,324.05,324.95,263695
2025-03-03T12:45:00+05:30,325.0,325.55,322.0,322.65,433113
2025-03-03T13:00:00+05:30,322.75,324.95,322.65,324.95,178807
2025-03-03T13:15:00+05:30,324.95,325.2,321.25,321.6,339728
2025-03-03T13:30:00+05:30,321.6,324.95,321.1,324.65,338158
2025-03-03T13:45:00+05:30,324.65,329.4,323.7,328.5,2542934
2025-03-03T14:00:00+05:30,328.5,330.1,327.25,328.55,579466
2025-03-03T14:15:00+05:30,328.55,329.0,327.5,328.85,324944
2025-03-03T14:30:00+05:30,328.85,329.95,327.3,329.6,358932
2025-03-03T14:45:00+05:30,329.6,329.75,327.5,327.7,334634
2025-03-03T15:00:00+05:30,327.7,328.45,326.6,326.75,691270
2025-03-03T15:15:00+05:30,326.85,327.3,324.3,326.0,1168821
2025-03-04T09:15:00+05:30,324.0,332.1,322.15,331.7,1470166
2025-03-04T09:30:00+05:30,331.7,339.0,329.85,338.4,1059108
2025-03-04T09:45:00+05:30,338.4,343.8,338.0,343.65,1194224
2025-03-04T10:00:00+05:30,343.45,345.85,342.25,344.65,974267
2025-03-04T10:15:00+05:30,344.5,348.7,344.25,345.65,1062026
2025-03-04T10:30:00+05:30,345.4,347.3,344.2,344.7,545577
2025-03-04T10:45:00+05:30,344.85,345.95,339.65,342.75,929824
2025-03-04T11:00:00+05:30,342.85,343.5,340.5,341.5,415123
2025-03-04T11:15:00+05:30,341.5,341.95,340.2,341.2,240504
2025-03-04T11:30:00+05:30,341.2,341.65,340.5,341.1,242798
2025-03-04T11:45:00+05:30,340.9,341.45,339.65,340.65,230128
2025-03-04T12:00:00+05:30,340.75,342.85,340.2,341.75,368566
2025-03-04T12:15:00+05:30,341.9,344.9,340.6,344.4,376702
2025-03-04T12:30:00+05:30,344.3,347.9,343.6,346.5,893990
2025-03-04T12:45:00+05:30,346.5,347.95,345.6,347.25,564245
2025-03-04T13:00:00+05:30,347.25,348.5,346.25,347.5,480153
2025-03-04T13:15:00+05:30,347.45,352.0,347.45,349.75,1302305
2025-03-04T13:30:00+05:30,349.75,350.5,346.25,347.6,863759
2025-03-04T13:45:00+05:30,347.55,348.95,347.05,348.35,485600
2025-03-04T14:00:00+05:30,348.35,348.95,347.5,348.25,332205
2025-03-04T14:15:00+05:30,348.3,351.9,348.3,350.85,751167
2025-03-04T14:30:00+05:30,350.85,351.0,347.55,349.25,755167
2025-03-04T14:45:00+05:30,349.15,349.9,348.25,349.2,371816
2025-03-04T15:00:00+05:30,349.05,349.5,348.2,349.0,712968
2025-03-04T15:15:00+05:30,349.2,352.0,349.0,350.05,1684871
2025-03-05T09:15:00+05:30,346.35,354.65,346.3,348.4,1519643
2025-03-05T09:30:00+05:30,348.15,350.5,343.5,350.05,1253428
2025-03-05T09:45:00+05:30,350.0,353.35,349.1,350.8,849081
2025-03-05T10:00:00+05:30,350.85,351.55,347.75,348.25,437839
2025-03-05T10:15:00+05:30,348.25,349.35,347.5,348.5,369975
2025-03-05T10:30:00+05:30,348.5,352.85,348.35,352.5,543631
2025-03-05T10:45:00+05:30,352.5,355.45,350.55,354.3,619269
2025-03-05T11:00:00+05:30,354.45,355.95,354.15,354.9,326570
2025-03-05T11:15:00+05:30,354.9,355.9,353.15,355.2,256552
2025-03-05T11:30:00+05:30,355.1,357.0,354.55,355.25,271132
2025-03-05T11:45:00+05:30,355.25,356.4,354.05,354.8,173373
2025-03-05T12:00:00+05:30,354.6,355.4,354.15,355.0,109867
2025-03-05T12:15:00+05:30,355.0,356.05,354.3,355.6,117247
2025-03-05T12:30:00+05:30,355.65,355.75,353.7,354.5,137635
2025-03-05T12:45:00+05:30,354.45,354.8,352.55,353.35,277721
2025-03-05T13:00:00+05:30,353.4,356.5,353.35,355.4,349869
2025-03-05T13:15:00+05:30,355.2,355.65,354.6,354.8,128687
2025-03-05T13:30:00+05:30,354.85,357.4,353.95,355.45,310605
2025-03-05T13:45:00+05:30,355.45,356.6,355.1,355.8,168884
2025-03-05T14:00:00+05:30,355.8,356.5,354.85,355.65,144642
2025-03-05T14:15:00+05:30,355.4,355.65,354.05,354.9,182266
2025-03-05T14:30:00+05:30,355.15,355.65,354.6,355.5,127448
2025-03-05T14:45:00+05:30,355.4,356.4,354.75,355.85,215248
2025-03-05T15:00:00+05:30,355.85,359.25,355.55,358.5,590820
2025-03-05T15:15:00+05:30,358.3,360.0,357.9,358.6,621482
2025-03-06T09:15:00+05:30,359.95,373.35,359.05,372.5,1994949
2025-03-06T09:30:00+05:30,372.5,377.3,369.9,376.0,1742441
2025-03-06T09:45:00+05:30,375.95,376.7,367.25,367.9,1403561
2025-03-06T10:00:00+05:30,367.9,368.45,365.4,366.4,898419
2025-03-06T10:15:00+05:30,366.6,366.9,363.05,363.85,632971
2025-03-06T10:30:00+05:30,363.8,364.45,360.9,363.3,794832
2025-03-06T10:45:00+05:30,363.2,364.4,362.0,362.5,338630
2025-03-06T11:00:00+05:30,362.6,364.7,362.0,363.85,261303
2025-03-06T11:15:00+05:30,364.0,364.15,361.1,361.25,270136
2025-03-06T11:30:00+05:30,361.3,362.15,360.4,361.85,246098
2025-03-06T11:45:00+05:30,362.0,362.0,360.55,361.0,173030
2025-03-06T12:00:00+05:30,361.0,362.5,360.6,361.8,183809
2025-03-06T12:15:00+05:30,361.75,362.6,361.6,362.0,160686
2025-03-06T12:30:00+05:30,362.0,362.8,361.8,362.3,140185
2025-03-06T12:45:00+05:30,362.45,362.9,361.7,362.25,125979
2025-03-06T13:00:00+05:30,362.45,363.0,362.0,362.3,99269
2025-03-06T13:15:00+05:30,362.35,362.65,361.9,362.25,120975
2025-03-06T13:30:00+05:30,362.45,362.55,362.05,362.25,111973
2025-03-06T13:45:00+05:30,362.25,362.65,362.0,362.25,133331
2025-03-06T14:00:00+05:30,362.35,363.5,361.15,362.3,230197
2025-03-06T14:15:00+05:30,362.35,363.5,361.9,362.25,383622
2025-03-06T14:30:00+05:30,362.25,362.75,362.1,362.55,158886
2025-03-06T14:45:00+05:30,362.55,362.85,362.25,362.4,201416
2025-03-06T15:00:00+05:30,362.5,364.3,362.15,362.4,505460
2025-03-06T15:15:00+05:30,362.4,363.0,361.15,361.15,777013
2025-03-07T09:15:00+05:30,359.8,361.55,353.55,361.25,1371203
2025-03-07T09:30:00+05:30,361.25,361.6,357.1,358.35,513086
2025-03-07T09:45:00+05:30,358.35,358.95,356.6,358.4,292172
2025-03-07T10:00:00+05:30,358.15,359.7,357.1,358.5,241717
2025-03-07T10:15:00+05:30,358.5,360.35,357.5,359.75,235959
2025-03-07T10:30:00+05:30,359.75,362.8,359.6,361.65,337807
2025-03-07T10:45:00+05:30,361.8,365.65,360.2,363.25,582554
2025-03-07T11:00:00+05:30,363.25,364.4,362.5,363.8,236730
2025-03-07T11:15:00+05:30,363.8,366.7,363.65,366.2,425766
2025-03-07T11:30:00+05:30,366.15,368.75,365.7,367.2,351126
2025-03-07T11:45:00+05:30,367.1,367.65,364.3,367.4,431343
2025-03-07T12:00:00+05:30,367.35,367.5,362.4,363.1,451467
2025-03-07T12:15:00+05:30,363.25,363.25,359.4,361.45,613102
2025-03-07T12:30:00+05:30,361.45,362.7,359.3,361.2,420379
2025-03-07T12:45:00+05:30,361.2,362.35,358.25,360.6,239232
2025-03-07T13:00:00+05:30,360.6,361.85,359.85,361.0,192241
2025-03-07T13:15:00+05:30,361.05,361.5,358.95,360.3,164062
2025-03-07T13:30:00+05:30,360.4,360.8,360.0,360.35,66340
2025-03-07T13:45:00+05:30,360.4,360.5,359.3,360.0,148891
2025-03-07T14:00:00+05:30,360.1,360.95,359.6,360.5,149527
2025-03-07T14:15:00+05:30,360.5,361.45,360.05,360.75,127061
2025-03-07T14:30:00+05:30,360.75,361.15,360.0,360.4,112090
2025-03-07T14:45:00+05:30,360.3,361.3,359.7,360.85,219461
2025-03-07T15:00:00+05:30,360.75,361.65,360.35,360.8,358173
2025-03-07T15:15:00+05:30,360.8,361.8,360.1,360.1,1078802
2025-03-10T09:15:00+05:30,368.2,368.8,356.6,357.45,1024750
2025-03-10T09:30:00+05:30,357.45,359.5,354.25,357.8,558174
2025-03-10T09:45:00+05:30,357.85,361.8,356.9,359.85,368862
2025-03-10T10:00:00+05:30,359.85,362.5,357.3,362.0,280479
2025-03-10T10:15:00+05:30,362.0,362.85,359.05,361.45,281566
2025-03-10T10:30:00+05:30,361.4,364.3,361.15,362.35,313868
2025-03-10T10:45:00+05:30,362.5,363.65,361.8,363.15,147930
2025-03-10T11:00:00+05:30,363.15,363.35,360.85,361.6,176447
2025-03-10T11:15:00+05:30,361.6,361.9,360.85,361.45,88004
2025-03-10T11:30:00+05:30,361.45,362.6,361.25,362.2,94495
2025-03-10T11:45:00+05:30,362.0,362.8,359.7,360.5,164599
2025-03-10T12:00:00+05:30,360.5,360.95,359.3,360.2,163027
2025-03-10T12:15:00+05:30,360.2,360.6,357.6,358.65,215462
2025-03-10T12:30:00+05:30,358.5,359.15,357.65,358.6,73803
2025-03-10T12:45:00+05:30,358.65,360.25,358.3,359.25,65562
2025-03-10T13:00:00+05:30,359.0,360.0,358.5,359.85,88848
2025-03-10T13:15:00+05:30,359.85,360.0,356.1,358.1,245373
2025-03-10T13:30:00+05:30,358.1,359.7,357.85,359.0,119509
2025-03-10T13:45:00+05:30,359.0,359.05,357.3,357.75,123643
2025-03-10T14:00:00+05:30,357.75,358.95,357.5,358.3,89249
2025-03-10T14:15:00+05:30,358.15,358.45,356.5,356.9,145069
2025-03-10T14:30:00+05:30,356.9,358.6,356.6,357.85,138190
2025-03-10T14:45:00+05:30,357.8,358.9,357.2,358.5,147715
2025-03-10T15:00:00+05:30,358.4,361.0,358.4,360.05,236625
2025-03-10T15:15:00+05:30,360.2,361.0,358.3,360.0,798193
2025-03-11T09:15:00+05:30,354.0,354.1,347.3,352.0,907956
2025-03-11T09:30:00+05:30,352.3,352.9,349.65,350.75,369695
2025-03-11T09:45:00+05:30,350.9,352.85,349.75,352.8,283291
2025-03-11T10:00:00+05:30,352.75,353.45,350.95,351.95,128486
2025-03-11T10:15:00+05:30,351.95,352.5,350.6,351.2,86759
2025-03-11T10:30:00+05:30,351.2,352.75,350.8,352.6,86244
2025-03-11T10:45:00+05:30,352.6,353.85,351.4,353.35,145690
2025-03-11T11:00:00+05:30,353.35,354.35,352.2,353.4,154816
2025-03-11T11:15:00+05:30,353.3,353.8,352.85,353.05,48420
2025-03-11T11:30:00+05:30,353.05,353.25,350.6,351.85,132534
2025-03-11T11:45:00+05:30,351.75,352.55,351.4,352.3,50974
2025-03-11T12:00:00+05:30,352.2,352.55,351.4,352.3,54849
2025-03-11T12:15:00+05:30,352.3,352.55,351.35,351.75,24766
2025-03-11T12:30:00+05:30,351.75,352.45,351.35,352.1,74201
2025-03-11T12:45:00+05:30,352.25,352.55,351.4,351.85,45979
2025-03-11T13:00:00+05:30,351.8,352.4,351.45,352.2,20681
2025-03-11T13:15:00+05:30,352.2,353.25,351.9,352.65,46195
2025-03-11T13:30:00+05:30,352.65,352.85,351.9,352.75,48130
2025-03-11T13:45:00+05:30,352.75,353.0,351.05,351.85,100256
2025-03-11T14:00:00+05:30,351.85,352.55,351.5,352.3,46118
2025-03-11T14:15:00+05:30,352.15,352.95,352.0,352.95,61088
2025-03-11T14:30:00+05:30,352.8,354.75,352.35,354.0,211070
2025-03-11T14:45:00+05:30,353.9,354.05,351.85,352.55,119890
2025-03-11T15:00:00+05:30,352.45,353.8,351.8,352.8,212086
2025-03-11T15:15:00+05:30,352.85,354.5,352.35,353.0,228639
2025-03-12T09:15:00+05:30,355.9,358.6,351.95,353.55,697897
2025-03-12T09:30:00+05:30,353.4,360.6,353.25,355.95,519607
2025-03-12T09:45:00+05:30,356.05,357.75,349.0,349.3,382069
2025-03-12T10:00:00+05:30,349.25,349.35,346.45,347.6,375037
2025-03-12T10:15:00+05:30,347.8,349.45,347.05,348.8,198564
2025-03-12T10:30:00+05:30,348.8,349.95,347.9,349.0,162488
2025-03-12T10:45:00+05:30,348.95,351.9,348.25,351.35,1644493
2025-03-12T11:00:00+05:30,351.35,353.0,351.2,352.5,160530
2025-03-12T11:15:00+05:30,352.5,352.85,348.9,350.2,145966
2025-03-12T11:30:00+05:30,350.35,350.7,348.4,349.6,317719
2025-03-12T11:45:00+05:30,349.65,350.9,349.25,349.75,86374
2025-03-12T12:00:00+05:30,349.85,351.15,348.95,350.7,247150
2025-03-12T12:15:00+05:30,350.7,351.0,348.0,349.25,394921
2025-03-12T12:30:00+05:30,349.0,349.35,347.9,348.55,536507
2025-03-12T12:45:00+05:30,348.65,349.7,348.65,349.35,46116
2025-03-12T13:00:00+05:30,349.3,349.9,348.6,349.8,39489
2025-03-12T13:15:00+05:30,349.8,350.95,349.75,350.8,80104
2025-03-12T13:30:00+05:30,350.95,351.0,349.6,350.0,38717
2025-03-12T13:45:00+05:30,349.9,350.4,349.1,349.75,68418
2025-03-12T14:00:00+05:30,349.8,350.65,349.2,350.5,55295
2025-03-12T14:15:00+05:30,350.5,351.0,349.55,350.6,63984
2025-03-12T14:30:00+05:30,350.6,351.15,347.3,348.4,740461
2025-03-12T14:45:00+05:30,348.4,349.25,347.7,349.2,228638
2025-03-12T15:00:00+05:30,349.2,350.15,348.8,349.0,199010
2025-03-12T15:15:00+05:30,349.0,349.1,348.0,348.45,359157
2025-03-13T09:15:00+05:30,352.95,353.5,343.7,347.0,758870
2025-03-13T09:30:00+05:30,347.0,350.65,347.0,349.95,363534
2025-03-13T09:45:00+05:30,349.85,350.8,349.0,350.0,177406
2025-03-13T10:00:00+05:30,350.1,350.9,349.45,350.65,138837
2025-03-13T10:15:00+05:30,350.65,352.95,350.35,352.45,214741
2025-03-13T10:30:00+05:30,352.45,354.4,352.4,354.2,218665
2025-03-13T10:45:00+05:30,354.0,354.85,352.1,353.6,247154
2025-03-13T11:00:00+05:30,353.6,357.45,353.0,356.5,319339
2025-03-13T11:15:00+05:30,356.5,356.9,355.25,355.9,156116
2025-03-13T11:30:00+05:30,355.85,357.45,355.2,356.8,232518
2025-03-13T11:45:00+05:30,356.8,357.85,355.55,357.15,246618
2025-03-13T12:00:00+05:30,357.15,357.35,356.25,356.75,73711
2025-03-13T12:15:00+05:30,356.75,357.2,356.35,356.7,52394
2025-03-13T12:30:00+05:30,356.95,357.4,356.05,356.6,83939
2025-03-13T12:45:00+05:30,356.85,357.0,356.1,356.45,65480
2025-03-13T13:00:00+05:30,356.45,356.9,352.9,353.5,336913
2025-03-13T13:15:00+05:30,353.5,353.85,352.7,352.9,126792
2025-03-13T13:30:00+05:30,352.9,353.65,352.7,353.0,75164
2025-03-13T13:45:00+05:30,353.0,353.0,351.55,352.4,137258
2025-03-13T14:00:00+05:30,352.4,353.3,352.4,352.7,121773
2025-03-13T14:15:00+05:30,352.7,352.9,351.75,352.15,109113
2025-03-13T14:30:00+05:30,352.15,353.15,351.85,352.9,66302
2025-03-13T14:45:00+05:30,352.9,353.25,352.0,352.5,121815
2025-03-13T15:00:00+05:30,352.55,353.2,352.2,352.95,152866
2025-03-13T15:15:00+05:30,353.0,354.5,352.05,354.0,271001
2025-03-17T09:15:00+05:30,355.35,357.75,349.25,356.8,610182
2025-03-17T09:30:00+05:30,356.8,358.5,354.6,356.85,316896
2025-03-17T09:45:00+05:30,356.8,359.3,355.5,356.5,185926
2025-03-17T10:00:00+05:30,356.5,358.0,355.4,356.85,219670
2025-03-17T10:15:00+05:30,356.85,357.25,355.8,356.75,99821
2025-03-17T10:30:00+05:30,356.75,357.05,355.25,356.25,129089
2025-03-17T10:45:00+05:30,356.25,357.5,355.75,357.0,77500
2025-03-17T11:00:00+05:30,357.0,357.0,355.6,356.3,53555
2025-03-17T11:15:00+05:30,356.3,356.95,354.7,356.0,1135464
2025-03-17T11:30:00+05:30,356.05,358.0,354.7,356.2,343509
2025-03-17T11:45:00+05:30,356.2,357.4,355.75,356.05,185322
2025-03-17T12:00:00+05:30,356.0,356.6,355.75,356.25,56269
2025-03-17T12:15:00+05:30,356.3,356.5,354.05,354.15,811216
2025-03-17T12:30:00+05:30,354.4,354.4,349.2,351.1,314585
2025-03-17T12:45:00+05:30,351.05,352.25,349.6,350.7,404115
2025-03-17T13:00:00+05:30,350.65,351.85,350.35,351.4,122208
2025-03-17T13:15:00+05:30,351.4,354.1,351.2,353.2,160791
2025-03-17T13:30:00+05:30,353.2,353.65,352.8,353.15,101582
2025-03-17T13:45:00+05:30,353.15,355.4,353.1,354.9,146878
2025-03-17T14:00:00+05:30,354.9,355.15,353.0,353.0,132177
2025-03-17T14:15:00+05:30,353.0,354.15,352.55,353.0,360372
2025-03-17T14:30:00+05:30,353.1,354.6,353.0,354.0,96000
2025-03-17T14:45:00+05:30,354.0,355.2,353.55,355.0,167209
2025-03-17T15:00:00+05:30,355.0,355.75,352.75,355.0,407017
2025-03-17T15:15:00+05:30,355.1,355.7,354.15,355.05,299925
2025-03-18T09:15:00+05:30,356.05,357.8,353.05,353.9,574143
2025-03-18T09:30:00+05:30,354.05,355.9,353.3,355.2,318351
2025-03-18T09:45:00+05:30,355.05,355.65,354.3,355.0,170519
2025-03-18T10:00:00+05:30,354.85,355.85,354.65,355.2,77643
2025-03-18T10:15:00+05:30,355.1,355.6,354.85,355.45,91068
2025-03-18T10:30:00+05:30,355.4,355.6,354.85,355.4,68847
2025-03-18T10:45:00+05:30,355.5,355.9,354.4,355.2,105603
2025-03-18T11:00:00+05:30,355.35,356.4,355.0,355.6,63861
2025-03-18T11:15:00+05:30,355.75,358.0,355.5,357.25,219573
2025-03-18T11:30:00+05:30,357.3,359.3,355.5,355.7,451583
2025-03-18T11:45:00+05:30,355.85,355.9,355.0,355.7,197503
2025-03-18T12:00:00+05:30,355.75,356.05,353.2,355.55,260728
2025-03-18T12:15:00+05:30,355.85,356.4,355.25,355.45,63123
2025-03-18T12:30:00+05:30,355.6,356.05,354.6,355.3,63143
2025-03-18T12:45:00+05:30,355.3,356.3,355.15,355.75,38118
2025-03-18T13:00:00+05:30,355.8,356.5,355.3,356.0,63926
2025-03-18T13:15:00+05:30,356.1,356.8,355.55,356.0,58433
2025-03-18T13:30:00+05:30,356.05,356.5,355.6,355.95,48520
2025-03-18T13:45:00+05:30,355.95,356.15,355.0,355.15,146525
2025-03-18T14:00:00+05:30,355.15,355.8,355.0,355.5,60342
2025-03-18T14:15:00+05:30,355.45,355.8,355.05,355.15,72616
2025-03-18T14:30:00+05:30,355.15,355.95,355.0,355.0,78285
2025-03-18T14:45:00+05:30,355.0,355.95,355.0,355.9,116542
2025-03-18T15:00:00+05:30,356.0,357.45,355.9,356.85,251141
2025-03-18T15:15:00+05:30,356.85,356.9,355.0,355.0,439956
2025-03-19T09:15:00+05:30,357.8,360.75,352.1,356.2,1132102
2025-03-19T09:30:00+05:30,356.2,359.2,355.05,358.15,433622
2025-03-19T09:45:00+05:30,358.1,358.95,356.5,358.5,202976
2025-03-19T10:00:00+05:30,358.5,359.4,357.45,358.8,219647
2025-03-19T10:15:00+05:30,358.75,366.45,358.75,365.45,1081995
2025-03-19T10:30:00+05:30,365.5,366.2,365.0,365.45,180507
2025-03-19T10:45:00+05:30,365.5,368.55,364.4,365.0,570953
2025-03-19T11:00:00+05:30,365.0,366.4,364.45,365.35,180049
2025-03-19T11:15:00+05:30,365.35,367.15,364.8,365.3,196972
2025-03-19T11:30:00+05:30,365.3,366.9,364.95,366.1,151436
2025-03-19T11:45:00+05:30,366.1,369.7,365.8,368.3,314182
2025-03-19T12:00:00+05:30,368.3,368.5,367.2,367.85,110173
2025-03-19T12:15:00+05:30,367.85,369.25,367.0,367.7,332270
2025-03-19T12:30:00+05:30,367.65,368.65,367.3,367.35,161615
2025-03-19T12:45:00+05:30,367.35,368.45,367.05,367.4,110439
2025-03-19T13:00:00+05:30,367.45,367.7,364.4,365.0,269937
2025-03-19T13:15:00+05:30,365.0,365.2,362.35,362.9,235577
2025-03-19T13:30:00+05:30,362.85,363.0,360.85,362.0,164433
2025-03-19T13:45:00+05:30,362.0,362.5,361.25,361.85,188132
2025-03-19T14:00:00+05:30,361.8,362.6,360.0,360.45,255102
2025-03-19T14:15:00+05:30,360.5,362.4,360.45,362.0,117462
2025-03-19T14:30:00+05:30,362.0,362.65,360.75,361.9,197373
2025-03-19T14:45:00+05:30,361.95,363.3,361.55,361.8,421715
2025-03-19T15:00:00+05:30,361.8,362.0,360.4,360.5,177783
2025-03-19T15:15:00+05:30,360.5,362.0,359.75,360.95,428302
2025-03-20T09:15:00+05:30,363.75,366.0,361.0,363.0,636560
2025-03-20T09:30:00+05:30,363.45,363.45,354.15,355.8,874050
2025-03-20T09:45:00+05:30,355.8,355.95,348.95,349.55,861550
2025-03-20T10:00:00+05:30,349.55,350.95,348.15,350.3,271718
2025-03-20T10:15:00+05:30,350.3,351.8,348.5,351.75,379410
2025-03-20T10:30:00+05:30,351.65,351.9,350.6,350.7,158366
2025-03-20T10:45:00+05:30,350.7,351.35,350.5,350.95,111750
2025-03-20T11:00:00+05:30,350.95,351.0,349.6,350.45,195582
2025-03-20T11:15:00+05:30,350.45,351.0,349.7,350.55,107125
2025-03-20T11:30:00+05:30,350.55,350.75,350.0,350.35,51443
2025-03-20T11:45:00+05:30,350.25,350.7,350.1,350.4,35774
2025-03-20T12:00:00+05:30,350.3,350.5,349.15,349.8,147918
2025-03-20T12:15:00+05:30,350.0,350.0,349.6,350.0,76838
2025-03-20T12:30:00+05:30,350.0,350.05,349.2,349.65,166542
2025-03-20T12:45:00+05:30,349.65,350.1,349.5,350.0,90267
2025-03-20T13:00:00+05:30,349.95,350.35,349.5,349.95,101655
2025-03-20T13:15:00+05:30,349.95,350.2,349.0,349.7,138436
2025-03-20T13:30:00+05:30,349.7,349.95,349.4,349.75,66417
2025-03-20T13:45:00+05:30,349.75,349.8,348.75,349.55,113917
2025-03-20T14:00:00+05:30,349.55,349.75,349.25,349.5,74111
2025-03-20T14:15:00+05:30,349.45,352.8,349.4,352.05,556926
2025-03-20T14:30:00+05:30,352.0,353.2,351.6,352.15,223039
2025-03-20T14:45:00+05:30,352.05,352.45,351.1,351.15,192799
2025-03-20T15:00:00+05:30,351.3,355.85,351.1,354.85,570890
2025-03-20T15:15:00+05:30,354.85,356.5,354.05,354.75,544356
2025-03-21T09:15:00+05:30,354.35,358.4,352.05,354.3,674248
2025-03-21T09:30:00+05:30,354.45,355.95,352.8,355.5,341470
2025-03-21T09:45:00+05:30,355.65,356.0,352.15,353.45,263490
2025-03-21T10:00:00+05:30,353.55,354.0,350.85,351.4,239275
2025-03-21T10:15:00+05:30,351.25,352.2,351.0,352.0,115242
2025-03-21T10:30:00+05:30,352.0,352.15,350.6,350.9,114618
2025-03-21T10:45:00+05:30,351.0,352.2,351.0,351.85,77454
2025-03-21T11:00:00+05:30,351.7,352.0,351.0,351.55,90237
2025-03-21T11:15:00+05:30,351.6,351.95,351.2,351.7,52434
2025-03-21T11:30:00+05:30,351.4,351.95,350.6,351.05,86596
2025-03-21T11:45:00+05:30,351.1,351.15,350.2,351.0,91083
2025-03-21T12:00:00+05:30,351.0,351.2,350.75,350.95,127657
2025-03-21T12:15:00+05:30,351.0,351.15,350.6,350.65,80898
2025-03-21T12:30:00+05:30,350.6,350.95,350.1,350.4,90890
2025-03-21T12:45:00+05:30,350.4,350.6,349.65,350.35,151271
2025-03-21T13:00:00+05:30,350.4,350.6,350.0,350.3,51907
2025-03-21T13:15:00+05:30,350.25,350.45,349.75,350.05,65590
2025-03-21T13:30:00+05:30,350.2,350.2,349.0,349.5,128182
2025-03-21T13:45:00+05:30,349.5,349.7,348.2,349.5,103016
2025-03-21T14:00:00+05:30,349.5,350.15,349.3,350.0,85373
2025-03-21T14:15:00+05:30,349.95,350.05,349.5,350.0,117058
2025-03-21T14:30:00+05:30,350.0,350.0,349.5,349.85,82354
2025-03-21T14:45:00+05:30,349.8,350.25,349.5,349.6,134096
2025-03-21T15:00:00+05:30,349.6,353.0,349.6,351.65,497081
2025-03-21T15:15:00+05:30,351.75,351.8,349.05,350.2,661313
2025-03-24T09:15:00+05:30,353.45,357.25,353.1,354.75,426209
2025-03-24T09:30:00+05:30,355.0,356.2,352.2,354.55,423263
2025-03-24T09:45:00+05:30,354.55,357.0,353.65,355.15,224545
2025-03-24T10:00:00+05:30,355.45,355.5,354.3,355.25,83788
2025-03-24T10:15:00+05:30,355.15,355.65,354.55,354.85,61645
2025-03-24T10:30:00+05:30,355.0,355.25,354.55,354.6,44718
2025-03-24T10:45:00+05:30,354.8,355.5,354.6,355.5,60933
2025-03-24T11:00:00+05:30,355.5,355.5,354.3,354.65,63977
2025-03-24T11:15:00+05:30,354.65,354.85,354.1,354.5,49239
2025-03-24T11:30:00+05:30,354.5,355.3,353.5,353.8,83096
2025-03-24T11:45:00+05:30,353.8,354.6,353.6,354.4,43594
2025-03-24T12:00:00+05:30,354.3,355.0,353.95,354.75,39975
2025-03-24T12:15:00+05:30,354.95,355.5,354.65,354.9,103364
2025-03-24T12:30:00+05:30,355.1,355.15,354.25,354.9,20594
2025-03-24T12:45:00+05:30,354.85,354.95,354.1,354.4,40496
2025-03-24T13:00:00+05:30,354.4,355.2,354.2,354.8,61519
2025-03-24T13:15:00+05:30,354.8,354.9,353.95,354.65,49920
2025-03-24T13:30:00+05:30,354.45,354.85,354.0,354.25,50619
2025-03-24T13:45:00+05:30,354.25,355.25,353.55,355.0,118759
2025-03-24T14:00:00+05:30,355.0,355.0,352.6,353.55,189635
2025-03-24T14:15:00+05:30,353.55,353.6,351.5,352.0,229910
2025-03-24T14:30:00+05:30,352.0,352.95,351.9,352.15,127245
2025-03-24T14:45:00+05:30,352.3,352.85,352.05,352.7,87829
2025-03-24T15:00:00+05:30,352.7,352.7,350.6,351.45,203529
2025-03-24T15:15:00+05:30,351.4,352.95,350.9,352.95,298278
2025-03-25T09:15:00+05:30,354.45,356.4,349.2,349.35,487449
2025-03-25T09:30:00+05:30,349.4,350.25,347.25,347.4,287481
2025-03-25T09:45:00+05:30,347.4,349.0,346.9,348.3,172027
2025-03-25T10:00:00+05:30,348.3,348.3,343.6,343.7,348847
2025-03-25T10:15:00+05:30,343.8,345.7,343.3,345.4,182162
2025-03-25T10:30:00+05:30,345.45,345.8,342.55,343.7,172793
2025-03-25T10:45:00+05:30,343.6,344.75,342.65,344.35,120127
2025-03-25T11:00:00+05:30,344.1,344.35,342.65,343.35,98960
2025-03-25T11:15:00+05:30,343.4,343.95,342.6,343.05,48690
2025-03-25T11:30:00+05:30,343.0,343.7,341.35,341.55,95642
2025-03-25T11:45:00+05:30,341.55,344.45,341.45,344.25,118220
2025-03-25T12:00:00+05:30,344.3,345.9,344.2,345.45,181831
2025-03-25T12:15:00+05:30,345.45,345.55,344.4,345.25,109903
2025-03-25T12:30:00+05:30,345.2,346.45,343.4,344.7,246963
2025-03-25T12:45:00+05:30,344.7,345.7,344.25,345.1,135937
2025-03-25T13:00:00+05:30,345.1,345.1,344.05,344.05,58471
2025-03-25T13:15:00+05:30,344.05,344.9,343.55,344.35,81675
2025-03-25T13:30:00+05:30,344.35,345.4,344.15,345.0,63089
2025-03-25T13:45:00+05:30,345.0,345.9,344.35,344.8,97527
2025-03-25T14:00:00+05:30,344.8,345.7,344.5,345.55,68960
2025-03-25T14:15:00+05:30,345.55,345.95,344.8,345.45,88695
2025-03-25T14:30:00+05:30,345.45,345.9,345.15,345.45,52368
2025-03-25T14:45:00+05:30,345.4,345.65,331.75,334.95,1071965
2025-03-25T15:00:00+05:30,334.9,339.85,334.85,338.0,425600
2025-03-25T15:15:00+05:30,338.0,338.85,334.5,334.95,666296
2025-03-26T09:15:00+05:30,330.65,333.8,326.5,333.7,1127368
2025-03-26T09:30:00+05:30,333.8,336.0,331.5,331.95,490997
2025-03-26T09:45:00+05:30,331.85,333.45,329.25,333.0,390729
2025-03-26T10:00:00+05:30,332.95,334.2,331.85,334.05,182556
2025-03-26T10:15:00+05:30,334.05,335.25,333.1,333.1,245906
2025-03-26T10:30:00+05:30,333.3,334.7,332.8,334.3,132795
2025-03-26T10:45:00+05:30,334.3,334.5,333.35,333.6,50560
2025-03-26T11:00:00+05:30,333.65,333.65,331.05,331.85,247845
2025-03-26T11:15:00+05:30,331.9,332.1,329.75,330.4,208659
2025-03-26T11:30:00+05:30,330.5,334.05,330.2,331.5,356077
2025-03-26T11:45:00+05:30,331.6,331.6,329.6,329.85,102389
2025-03-26T12:00:00+05:30,329.8,330.3,329.3,330.0,104142
2025-03-26T12:15:00+05:30,330.05,330.05,329.1,329.65,75413
2025-03-26T12:30:00+05:30,329.7,332.15,329.55,331.6,256126
2025-03-26T12:45:00+05:30,331.75,331.8,328.55,330.1,359898
2025-03-26T13:00:00+05:30,330.1,330.35,329.05,329.3,67828
2025-03-26T13:15:00+05:30,329.3,330.2,328.3,329.6,599091
2025-03-26T13:30:00+05:30,329.8,329.95,329.3,329.55,50929
2025-03-26T13:45:00+05:30,329.55,329.55,324.5,324.85,325896
2025-03-26T14:00:00+05:30,324.85,325.2,323.55,324.65,355944
2025-03-26T14:15:00+05:30,324.85,326.6,324.15,325.55,214425
2025-03-26T14:30:00+05:30,325.7,325.7,324.35,324.95,173635
2025-03-26T14:45:00+05:30,324.8,325.95,324.2,325.1,312834
2025-03-26T15:00:00+05:30,325.15,325.9,323.95,324.3,443346
2025-03-26T15:15:00+05:30,324.3,324.65,321.2,324.45,564113
2025-03-27T09:15:00+05:30,323.9,325.9,318.6,319.0,785419
2025-03-27T09:30:00+05:30,319.0,319.15,313.55,313.85,1148612
2025-03-27T09:45:00+05:30,313.85,314.9,312.65,314.35,513834
2025-03-27T10:00:00+05:30,314.25,316.45,313.35,315.1,444321
2025-03-27T10:15:00+05:30,315.05,318.0,314.5,317.95,449849
2025-03-27T10:30:00+05:30,317.95,324.75,317.65,324.4,759520
2025-03-27T10:45:00+05:30,324.45,325.3,317.3,319.75,823079
2025-03-27T11:00:00+05:30,319.75,323.4,318.9,323.2,577529
2025-03-27T11:15:00+05:30,323.35,325.45,321.6,322.25,587388
2025-03-27T11:30:00+05:30,322.05,323.4,318.5,320.1,426526
2025-03-27T11:45:00+05:30,320.1,320.85,319.2,319.55,218795
2025-03-27T12:00:00+05:30,319.55,319.75,318.35,319.05,175282
2025-03-27T12:15:00+05:30,319.05,320.2,317.85,318.3,277753
2025-03-27T12:30:00+05:30,318.3,320.35,318.0,319.65,445687
2025-03-27T12:45:00+05:30,319.65,319.8,318.65,319.1,131850
2025-03-27T13:00:00+05:30,319.25,320.95,319.1,320.2,222060
2025-03-27T13:15:00+05:30,320.2,326.75,320.1,326.15,685861
2025-03-27T13:30:00+05:30,326.15,326.5,323.65,325.3,488536
2025-03-27T13:45:00+05:30,325.25,325.3,323.9,324.5,255107
2025-03-27T14:00:00+05:30,324.65,327.15,324.5,326.05,411363
2025-03-27T14:15:00+05:30,326.1,328.25,325.65,327.55,286496
2025-03-27T14:30:00+05:30,327.65,330.0,326.6,329.75,548654
2025-03-27T14:45:00+05:30,329.75,331.25,327.55,329.45,821228
2025-03-27T15:00:00+05:30,329.45,341.0,327.15,337.55,4516465
2025-03-27T15:15:00+05:30,337.55,338.0,328.0,328.0,3563361
2025-03-28T09:15:00+05:30,334.6,336.9,331.15,332.35,809372
2025-03-28T09:30:00+05:30,332.4,341.25,331.3,340.05,866251
2025-03-28T09:45:00+05:30,340.05,341.35,337.4,338.8,447527
2025-03-28T10:00:00+05:30,338.6,340.75,338.2,339.8,155739
2025-03-28T10:15:00+05:30,339.8,340.35,338.25,339.9,142936
2025-03-28T10:30:00+05:30,339.9,342.2,339.75,341.75,188336
2025-03-28T10:45:00+05:30,341.75,342.05,340.2,340.95,146584
2025-03-28T11:00:00+05:30,341.0,341.85,340.5,340.8,118813
2025-03-28T11:15:00+05:30,340.8,341.2,339.95,341.15,154574
2025-03-28T11:30:00+05:30,341.15,341.3,340.2,340.2,144838
2025-03-28T11:45:00+05:30,340.4,341.3,339.1,340.65,247282
2025-03-28T12:00:00+05:30,340.7,340.95,338.95,339.9,140302
2025-03-28T12:15:00+05:30,339.9,339.9,336.4,337.85,1197350
2025-03-28T12:30:00+05:30,337.95,339.1,333.55,333.8,1181656
2025-03-28T12:45:00+05:30,333.85,334.65,333.2,334.5,181658
2025-03-28T13:00:00+05:30,334.5,334.55,328.55,329.0,645455
2025-03-28T13:15:00+05:30,329.25,329.25,326.6,326.7,317276
2025-03-28T13:30:00+05:30,326.75,334.3,326.55,332.0,648385
2025-03-28T13:45:00+05:30,332.0,332.35,329.0,329.45,244518
2025-03-28T14:00:00+05:30,329.75,330.3,328.5,330.15,190079
2025-03-28T14:15:00+05:30,330.15,330.9,329.55,330.85,141440
2025-03-28T14:30:00+05:30,330.85,332.0,329.9,331.75,318977
2025-03-28T14:45:00+05:30,331.75,333.65,329.8,333.45,352913
2025-03-28T15:00:00+05:30,333.45,334.0,328.95,329.85,652968
2025-03-28T15:15:00+05:30,329.8,332.35,328.05,328.35,1033925
2025-04-01T09:15:00+05:30,328.65,330.8,325.5,328.6,555199
2025-04-01T09:30:00+05:30,328.75,332.9,327.2,331.9,432822
2025-04-01T09:45:00+05:30,331.9,334.55,331.5,334.1,306597
2025-04-01T10:00:00+05:30,334.15,334.7,332.55,332.8,226118
2025-04-01T10:15:00+05:30,332.6,333.75,329.6,330.75,183204
2025-04-01T10:30:00+05:30,330.7,331.2,329.4,330.55,125380
2025-04-01T10:45:00+05:30,330.55,330.85,329.05,329.15,115257
2025-04-01T11:00:00+05:30,329.35,329.95,328.8,329.35,65205
2025-04-01T11:15:00+05:30,329.35,330.8,329.3,329.85,45446
2025-04-01T11:30:00+05:30,329.85,329.95,328.0,328.15,69463
2025-04-01T11:45:00+05:30,328.3,329.15,327.05,327.45,87360
2025-04-01T12:00:00+05:30,327.45,328.5,326.55,328.4,97529
2025-04-01T12:15:00+05:30,328.4,329.1,327.55,327.55,39301
2025-04-01T12:30:00+05:30,327.6,329.1,327.55,329.1,48220
2025-04-01T12:45:00+05:30,329.0,338.8,328.9,337.65,715872
2025-04-01T13:00:00+05:30,337.75,339.3,334.0,335.5,565267
2025-04-01T13:15:00+05:30,335.5,335.5,331.8,332.6,385938
2025-04-01T13:30:00+05:30,332.75,334.0,332.25,333.5,105403
2025-04-01T13:45:00+05:30,333.45,333.7,332.0,332.7,108715
2025-04-01T14:00:00+05:30,332.75,338.45,332.75,335.55,459889
2025-04-01T14:15:00+05:30,335.65,335.8,334.05,334.65,123151
2025-04-01T14:30:00+05:30,334.75,335.25,333.9,334.0,106874
2025-04-01T14:45:00+05:30,334.0,334.95,332.2,333.05,132113
2025-04-01T15:00:00+05:30,333.05,334.3,332.25,334.2,173051
2025-04-01T15:15:00+05:30,334.2,334.2,329.3,331.05,436933
2025-04-02T09:15:00+05:30,329.95,336.45,328.8,333.85,694586
2025-04-02T09:30:00+05:30,334.0,335.65,333.1,333.95,163142
2025-04-02T09:45:00+05:30,333.95,335.4,332.5,334.2,181395
2025-04-02T10:00:00+05:30,334.15,337.3,333.45,335.6,295365
2025-04-02T10:15:00+05:30,335.4,336.4,333.05,335.85,169498
2025-04-02T10:30:00+05:30,336.05,342.95,335.65,342.3,872595
2025-04-02T10:45:00+05:30,342.3,346.55,340.8,343.3,1204266
2025-04-02T11:00:00+05:30,343.25,351.4,342.95,346.9,1332972
2025-04-02T11:15:00+05:30,346.9,347.4,343.05,346.05,884537
2025-04-02T11:30:00+05:30,346.15,348.55,344.55,344.75,806253
2025-04-02T11:45:00+05:30,344.95,345.75,344.5,345.0,374976
2025-04-02T12:00:00+05:30,344.95,345.4,344.1,344.75,213970
2025-04-02T12:15:00+05:30,344.75,344.85,343.0,344.5,403529
2025-04-02T12:30:00+05:30,344.3,345.0,341.05,343.6,340654
2025-04-02T12:45:00+05:30,343.45,345.0,341.7,342.8,341503
2025-04-02T13:00:00+05:30,342.85,343.75,342.5,342.8,114913
2025-04-02T13:15:00+05:30,343.0,343.75,342.5,343.45,104227
2025-04-02T13:30:00+05:30,343.45,344.3,343.25,343.7,98539
2025-04-02T13:45:00+05:30,343.7,344.9,343.5,344.65,112738
2025-04-02T14:00:00+05:30,344.65,344.95,343.6,343.7,127814
2025-04-02T14:15:00+05:30,343.75,344.95,343.75,344.45,294292
2025-04-02T14:30:00+05:30,344.5,345.05,343.5,344.0,194997
2025-04-02T14:45:00+05:30,344.15,344.5,343.6,344.2,158375
2025-04-02T15:00:00+05:30,344.3,345.65,343.5,343.95,532345
2025-04-02T15:15:00+05:30,344.0,346.3,343.6,345.5,596204
2025-04-03T09:15:00+05:30,341.0,346.05,338.15,344.0,453706
2025-04-03T09:30:00+05:30,344.15,344.2,339.8,342.65,217122
2025-04-03T09:45:00+05:30,342.8,342.8,340.05,341.8,103313
2025-04-03T10:00:00+05:30,342.0,346.45,341.75,345.05,297665
2025-04-03T10:15:00+05:30,345.0,346.45,344.7,345.5,142905
2025-04-03T10:30:00+05:30,345.4,346.4,345.2,345.7,78091
2025-04-03T10:45:00+05:30,345.55,346.35,344.05,345.2,168579
2025-04-03T11:00:00+05:30,345.0,345.2,344.2,345.0,145804
2025-04-03T11:15:00+05:30,345.0,345.85,344.65,345.5,63078
2025-04-03T11:30:00+05:30,345.65,345.75,344.95,345.4,62550
2025-04-03T11:45:00+05:30,345.35,345.5,345.0,345.5,39446
2025-04-03T12:00:00+05:30,345.25,345.65,345.0,345.15,46864
2025-04-03T12:15:00+05:30,345.15,345.6,345.0,345.5,34182
2025-04-03T12:30:00+05:30,345.3,345.8,345.1,345.5,34913
2025-04-03T12:45:00+05:30,345.5,345.75,345.05,345.5,41632
2025-04-03T13:00:00+05:30,345.5,345.75,345.2,345.5,38854
2025-04-03T13:15:00+05:30,345.6,345.75,344.95,345.5,75542
2025-04-03T13:30:00+05:30,345.5,346.45,345.3,345.5,55466
2025-04-03T13:45:00+05:30,345.5,345.95,345.45,345.8,25009
2025-04-03T14:00:00+05:30,345.8,349.5,345.65,345.65,341788
2025-04-03T14:15:00+05:30,345.85,346.55,345.5,346.05,99796
2025-04-03T14:30:00+05:30,346.3,346.3,345.5,345.75,58651
2025-04-03T14:45:00+05:30,345.75,345.9,345.0,345.4,116151
2025-04-03T15:00:00+05:30,345.4,346.3,343.35,345.8,441611
2025-04-03T15:15:00+05:30,345.65,346.0,345.0,345.45,203140
2025-04-04T09:15:00+05:30,343.0,346.6,338.05,340.8,482651
2025-04-04T09:30:00+05:30,340.8,342.2,338.95,339.2,265181
2025-04-04T09:45:00+05:30,339.35,339.45,336.25,337.25,253524
2025-04-04T10:00:00+05:30,337.35,340.6,336.8,338.8,205763
2025-04-04T10:15:00+05:30,338.7,340.0,337.25,338.0,119718
2025-04-04T10:30:00+05:30,338.0,341.45,337.9,341.45,107648
2025-04-04T10:45:00+05:30,341.5,342.4,340.55,342.15,111790
2025-04-04T11:00:00+05:30,342.35,342.8,340.75,341.6,77828
2025-04-04T11:15:00+05:30,341.7,342.35,341.0,342.05,73186
2025-04-04T11:30:00+05:30,342.2,342.45,341.15,341.6,48612
2025-04-04T11:45:00+05:30,341.6,342.0,340.95,341.45,54286
2025-04-04T12:00:00+05:30,341.45,341.5,340.25,341.2,46423
2025-04-04T12:15:00+05:30,341.4,342.4,341.2,341.4,86198
2025-04-04T12:30:00+05:30,341.4,342.4,341.2,342.4,43467
2025-04-04T12:45:00+05:30,342.4,342.4,340.4,341.7,90590
2025-04-04T13:00:00+05:30,341.85,342.1,340.8,341.3,59305
2025-04-04T13:15:00+05:30,341.35,342.45,341.0,342.0,61564
2025-04-04T13:30:00+05:30,342.0,342.1,339.25,339.4,96421
2025-04-04T13:45:00+05:30,339.6,339.7,338.25,338.65,116301
2025-04-04T14:00:00+05:30,338.7,338.75,336.15,336.65,188593
2025-04-04T14:15:00+05:30,336.65,337.3,335.1,336.8,151548
2025-04-04T14:30:00+05:30,336.85,337.5,335.5,336.4,106642
2025-04-04T14:45:00+05:30,336.5,338.0,336.05,337.85,89621
2025-04-04T15:00:00+05:30,337.8,338.75,337.0,337.75,161553
2025-04-04T15:15:00+05:30,337.75,338.05,336.05,337.0,230383
2025-04-07T09:15:00+05:30,310.0,321.6,306.95,320.8,988785
2025-04-07T09:30:00+05:30,321.0,323.9,318.1,319.45,834699
2025-04-07T09:45:00+05:30,319.7,320.35,317.05,318.5,377285
2025-04-07T10:00:00+05:30,318.25,319.2,315.45,315.9,209901
2025-04-07T10:15:00+05:30,316.1,319.2,314.8,319.1,490918
2025-04-07T10:30:00+05:30,319.1,319.5,316.6,319.1,123666
2025-04-07T10:45:00+05:30,319.15,322.85,318.2,321.75,208702
2025-04-07T11:00:00+05:30,321.7,327.45,321.35,326.4,296541
2025-04-07T11:15:00+05:30,326.25,326.8,324.6,326.8,178584
2025-04-07T11:30:00+05:30,326.75,326.85,324.8,325.85,136468
2025-04-07T11:45:00+05:30,326.0,326.5,325.2,325.4,82147
2025-04-07T12:00:00+05:30,325.35,325.75,323.3,324.3,70473
2025-04-07T12:15:00+05:30,324.1,324.4,322.6,322.8,70590
2025-04-07T12:30:00+05:30,322.75,323.9,322.1,323.65,63269
2025-04-07T12:45:00+05:30,323.55,326.35,323.45,324.2,96894
2025-04-07T13:00:00+05:30,324.1,324.5,323.0,324.4,56812
2025-04-07T13:15:00+05:30,324.35,324.35,321.1,322.75,188666
2025-04-07T13:30:00+05:30,322.6,322.9,320.7,321.7,136129
2025-04-07T13:45:00+05:30,321.8,322.1,319.9,320.4,163081
2025-04-07T14:00:00+05:30,320.55,321.6,319.95,320.6,174859
2025-04-07T14:15:00+05:30,320.7,321.15,319.8,320.8,86879
2025-04-07T14:30:00+05:30,320.8,322.95,320.55,321.15,154184
2025-04-07T14:45:00+05:30,321.3,321.9,319.7,320.85,156636
2025-04-07T15:00:00+05:30,320.75,322.6,320.35,322.5,419066
2025-04-07T15:15:00+05:30,322.5,327.0,319.6,326.9,725665
2025-04-08T09:15:00+05:30,329.45,333.0,326.6,331.0,441122
2025-04-08T09:30:00+05:30,331.0,331.45,326.0,326.2,326408
2025-04-08T09:45:00+05:30,326.4,328.0,324.7,326.0,321571
2025-04-08T10:00:00+05:30,326.2,326.55,324.3,324.3,186522
2025-04-08T10:15:00+05:30,324.3,325.3,323.7,324.15,203203
2025-04-08T10:30:00+05:30,324.3,324.9,322.55,322.85,183224
2025-04-08T10:45:00+05:30,322.85,324.75,322.6,324.0,128570
2025-04-08T11:00:00+05:30,324.0,324.45,323.05,323.5,111092
2025-04-08T11:15:00+05:30,323.5,323.9,322.9,323.35,113929
2025-04-08T11:30:00+05:30,323.55,323.95,322.9,323.0,115157
2025-04-08T11:45:00+05:30,323.15,324.25,322.95,324.2,106071
2025-04-08T12:00:00+05:30,324.4,327.0,324.35,326.8,239133
2025-04-08T12:15:00+05:30,326.9,326.9,326.0,326.35,120761
2025-04-08T12:30:00+05:30,326.55,327.8,326.0,327.3,136330
2025-04-08T12:45:00+05:30,327.3,328.9,327.2,327.85,161874
2025-04-08T13:00:00+05:30,327.75,328.4,327.2,327.8,95360
2025-04-08T13:15:00+05:30,327.75,332.55,327.35,331.6,362703
2025-04-08T13:30:00+05:30,331.8,332.0,328.5,329.85,682370
2025-04-08T13:45:00+05:30,329.85,330.4,329.1,330.05,116093
2025-04-08T14:00:00+05:30,330.15,330.3,329.05,329.8,134601
2025-04-08T14:15:00+05:30,329.8,330.4,329.55,330.0,581553
2025-04-08T14:30:00+05:30,330.05,330.6,329.9,330.25,220558
2025-04-08T14:45:00+05:30,330.3,332.5,329.95,331.9,280744
2025-04-08T15:00:00+05:30,331.95,334.6,331.55,333.05,416377
2025-04-08T15:15:00+05:30,333.05,334.6,332.7,333.95,289091
2025-04-09T09:15:00+05:30,331.0,339.15,329.4,334.35,976328
2025-04-09T09:30:00+05:30,334.25,335.25,333.3,334.8,221618
2025-04-09T09:45:00+05:30,334.8,336.8,333.9,335.0,306629
2025-04-09T10:00:00+05:30,335.0,336.45,334.4,335.6,166721
2025-04-09T10:15:00+05:30,335.6,337.85,335.1,336.55,302485
2025-04-09T10:30:00+05:30,336.7,337.25,335.4,335.5,171374
2025-04-09T10:45:00+05:30,335.5,338.5,335.4,337.95,228649
2025-04-09T11:00:00+05:30,338.0,340.0,336.65,337.05,836838
2025-04-09T11:15:00+05:30,337.05,338.0,336.55,338.0,159022
2025-04-09T11:30:00+05:30,337.7,338.0,336.85,337.25,170687
2025-04-09T11:45:00+05:30,337.25,339.6,337.0,338.15,243260
2025-04-09T12:00:00+05:30,338.2,338.45,336.9,338.45,165907
2025-04-09T12:15:00+05:30,338.45,341.0,338.2,340.5,427264
2025-04-09T12:30:00+05:30,340.5,341.0,339.35,340.65,636943
2025-04-09T12:45:00+05:30,340.8,342.5,340.0,342.35,394810
2025-04-09T13:00:00+05:30,342.35,345.0,342.0,343.05,522788
2025-04-09T13:15:00+05:30,343.25,344.95,342.8,343.85,438995
2025-04-09T13:30:00+05:30,343.85,344.1,342.5,342.7,208963
2025-04-09T13:45:00+05:30,342.7,343.1,342.6,342.8,131977
2025-04-09T14:00:00+05:30,342.7,343.3,341.4,341.65,280755
2025-04-09T14:15:00+05:30,341.85,342.0,340.55,341.85,178484
2025-04-09T14:30:00+05:30,341.85,342.15,341.15,341.55,123600
2025-04-09T14:45:00+05:30,341.4,341.7,340.3,341.35,152956
2025-04-09T15:00:00+05:30,341.3,341.35,339.1,339.85,377893
2025-04-09T15:15:00+05:30,339.75,340.0,337.4,339.9,573162
2025-04-11T09:15:00+05:30,346.55,347.1,338.0,339.0,485388
2025-04-11T09:30:00+05:30,339.0,340.0,338.2,338.5,177986
2025-04-11T09:45:00+05:30,338.55,338.95,338.05,338.35,104620
2025-04-11T10:00:00+05:30,338.25,338.65,337.15,338.0,117185
2025-04-11T10:15:00+05:30,338.1,338.85,334.2,334.5,430867
2025-04-11T10:30:00+05:30,334.5,336.3,334.45,336.0,177879
2025-04-11T10:45:00+05:30,336.0,336.0,335.45,335.75,73294
2025-04-11T11:00:00+05:30,335.7,337.35,335.5,336.8,111239
2025-04-11T11:15:00+05:30,336.8,336.8,335.8,335.85,64170
2025-04-11T11:30:00+05:30,335.9,338.45,335.8,338.15,125321
2025-04-11T11:45:00+05:30,338.05,338.65,336.65,337.4,121508
2025-04-11T12:00:00+05:30,337.35,338.0,336.5,337.5,92266
2025-04-11T12:15:00+05:30,337.8,337.9,336.5,337.4,76733
2025-04-11T12:30:00+05:30,337.5,337.5,336.75,337.2,83667
2025-04-11T12:45:00+05:30,337.2,337.5,336.8,337.0,60838
2025-04-11T13:00:00+05:30,337.0,337.1,336.55,336.8,58523
2025-04-11T13:15:00+05:30,336.9,337.0,335.3,335.55,240552
2025-04-11T13:30:00+05:30,335.4,335.95,334.5,335.5,149649
2025-04-11T13:45:00+05:30,335.55,335.9,335.15,335.75,98399
2025-04-11T14:00:00+05:30,335.8,335.85,333.15,333.6,245717
2025-04-11T14:15:00+05:30,333.6,334.6,333.55,333.75,110692
2025-04-11T14:30:00+05:30,333.85,334.0,333.7,333.9,113959
2025-04-11T14:45:00+05:30,333.95,333.95,333.1,333.25,250913
2025-04-11T15:00:00+05:30,333.3,333.5,331.35,331.9,1961795
2025-04-11T15:15:00+05:30,331.95,334.45,331.5,334.15,813973
2025-04-15T09:15:00+05:30,338.0,342.8,335.05,340.7,496655
2025-04-15T09:30:00+05:30,340.8,341.9,340.0,341.45,212021
2025-04-15T09:45:00+05:30,341.45,341.8,339.25,339.9,127980
2025-04-15T10:00:00+05:30,339.95,340.8,339.25,339.65,92297
2025-04-15T10:15:00+05:30,339.65,339.95,338.0,338.55,106775
2025-04-15T10:30:00+05:30,338.55,339.0,338.25,338.8,53473
2025-04-15T10:45:00+05:30,338.85,338.9,338.4,338.65,32964
2025-04-15T11:00:00+05:30,338.6,339.0,337.2,337.6,83118
2025-04-15T11:15:00+05:30,337.65,338.0,336.8,336.8,54055
2025-04-15T11:30:00+05:30,336.9,337.0,336.3,336.95,73963
2025-04-15T11:45:00+05:30,336.95,337.0,336.5,336.7,52793
2025-04-15T12:00:00+05:30,336.8,336.95,336.3,336.4,27040
2025-04-15T12:15:00+05:30,336.3,337.0,336.2,336.95,57791
2025-04-15T12:30:00+05:30,337.0,337.0,336.65,336.95,47201
2025-04-15T12:45:00+05:30,336.95,337.0,335.5,336.75,133126
2025-04-15T13:00:00+05:30,336.55,336.9,336.5,336.85,20767
2025-04-15T13:15:00+05:30,336.75,336.85,336.3,336.4,51729
2025-04-15T13:30:00+05:30,336.4,336.8,336.3,336.6,66047
2025-04-15T13:45:00+05:30,336.7,336.8,336.45,336.55,29434
2025-04-15T14:00:00+05:30,336.6,336.8,334.35,335.25,179193
2025-04-15T14:15:00+05:30,335.25,335.65,334.5,334.6,79622
2025-04-15T14:30:00+05:30,334.6,334.9,333.2,333.3,137277
2025-04-15T14:45:00+05:30,333.35,334.55,332.8,334.2,152971
2025-04-15T15:00:00+05:30,334.2,334.65,333.0,334.1,232563
2025-04-15T15:15:00+05:30,334.15,334.9,333.5,334.5,286893
2025-04-16T09:15:00+05:30,334.5,340.6,334.5,338.5,636983
2025-04-16T09:30:00+05:30,338.55,339.05,337.0,338.1,229120
2025-04-16T09:45:00+05:30,337.95,338.1,336.5,336.75,134032
2025-04-16T10:00:00+05:30,336.75,337.0,336.1,336.65,97724
2025-04-16T10:15:00+05:30,336.6,336.65,334.25,335.65,183068
2025-04-16T10:30:00+05:30,335.7,336.45,335.45,336.25,93561
2025-04-16T10:45:00+05:30,336.1,337.4,335.5,337.2,157948
2025-04-16T11:00:00+05:30,337.2,339.0,336.9,338.3,359162
2025-04-16T11:15:00+05:30,338.2,338.4,337.05,337.4,110122
2025-04-16T11:30:00+05:30,337.4,338.1,336.5,336.8,131760
2025-04-16T11:45:00+05:30,336.6,337.8,336.35,337.35,618594
2025-04-16T12:00:00+05:30,337.3,338.4,336.3,337.55,435847
2025-04-16T12:15:00+05:30,337.6,339.25,337.2,338.7,260996
2025-04-16T12:30:00+05:30,338.7,339.2,338.35,338.85,369650
2025-04-16T12:45:00+05:30,338.85,339.0,338.5,338.9,108989
2025-04-16T13:00:00+05:30,338.8,339.0,337.5,338.5,123761
2025-04-16T13:15:00+05:30,338.45,338.45,336.15,337.0,167846
2025-04-16T13:30:00+05:30,336.9,337.5,336.35,337.0,123316
2025-04-16T13:45:00+05:30,337.0,337.65,336.25,336.6,141968
2025-04-16T14:00:00+05:30,336.6,337.0,336.35,336.85,74237
2025-04-16T14:15:00+05:30,336.85,337.1,336.45,336.95,142125
2025-04-16T14:30:00+05:30,337.0,337.0,336.3,336.75,77095
2025-04-16T14:45:00+05:30,336.85,337.0,336.4,337.0,150952
2025-04-16T15:00:00+05:30,337.0,337.15,335.35,336.75,242049
2025-04-16T15:15:00+05:30,336.75,337.0,335.1,336.05,444920
2025-04-17T09:15:00+05:30,336.9,339.0,334.35,336.55,299678
2025-04-17T09:30:00+05:30,336.75,343.55,336.55,340.7,693421
2025-04-17T09:45:00+05:30,340.85,341.0,338.45,338.85,270513
2025-04-17T10:00:00+05:30,338.8,339.65,337.3,338.4,115332
2025-04-17T10:15:00+05:30,338.25,340.0,338.1,339.95,115226
2025-04-17T10:30:00+05:30,339.9,340.25,339.4,339.85,142684
2025-04-17T10:45:00+05:30,339.6,340.0,329.45,338.55,970133
2025-04-17T11:00:00+05:30,338.4,339.2,337.35,338.9,124128
2025-04-17T11:15:00+05:30,338.95,339.9,338.35,338.85,91350
2025-04-17T11:30:00+05:30,338.85,339.25,337.7,338.7,98678
2025-04-17T11:45:00+05:30,338.7,338.9,337.55,338.15,63634
2025-04-17T12:00:00+05:30,338.0,338.35,337.05,337.55,60339
2025-04-17T12:15:00+05:30,337.5,337.7,337.05,337.5,63358
2025-04-17T12:30:00+05:30,337.5,339.0,337.35,338.4,433720
2025-04-17T12:45:00+05:30,338.4,340.3,337.35,339.5,1155690
2025-04-17T13:00:00+05:30,339.5,347.1,338.5,346.5,1049762
2025-04-17T13:15:00+05:30,346.3,350.7,344.2,344.55,1649413
2025-04-17T13:30:00+05:30,344.7,347.85,344.1,345.45,554931
2025-04-17T13:45:00+05:30,345.65,346.0,344.0,344.15,329713
2025-04-17T14:00:00+05:30,344.15,344.45,342.0,343.05,405975
2025-04-17T14:15:00+05:30,343.0,344.0,342.65,343.4,185232
2025-04-17T14:30:00+05:30,343.5,343.65,339.7,341.0,408555
2025-04-17T14:45:00+05:30,341.0,342.0,340.35,341.4,154137
2025-04-17T15:00:00+05:30,341.35,342.05,340.55,341.0,221212
2025-04-17T15:15:00+05:30,341.0,342.75,339.0,341.8,437083
2025-04-21T09:15:00+05:30,342.4,347.4,342.0,345.75,396997
2025-04-21T09:30:00+05:30,345.8,346.75,344.3,344.7,138939
2025-04-21T09:45:00+05:30,344.75,346.25,343.65,345.85,157415
2025-04-21T10:00:00+05:30,345.85,346.05,344.5,344.9,81652
2025-04-21T10:15:00+05:30,344.85,345.0,343.8,344.2,104199
2025-04-21T10:30:00+05:30,344.5,345.0,343.7,344.2,67368
2025-04-21T10:45:00+05:30,344.1,345.0,344.1,344.8,42395
2025-04-21T11:00:00+05:30,344.8,345.0,344.45,344.6,33946
2025-04-21T11:15:00+05:30,344.75,345.0,344.5,344.55,27701
2025-04-21T11:30:00+05:30,344.65,345.0,344.5,344.7,66429
2025-04-21T11:45:00+05:30,344.7,345.0,343.65,343.7,76358
2025-04-21T12:00:00+05:30,343.8,344.0,342.55,342.8,114365
2025-04-21T12:15:00+05:30,342.8,343.35,342.75,343.0,99824
2025-04-21T12:30:00+05:30,343.0,343.05,342.3,342.75,252272
2025-04-21T12:45:00+05:30,342.95,343.2,342.65,343.0,37168
2025-04-21T13:00:00+05:30,343.15,343.95,341.65,343.0,472564
2025-04-21T13:15:00+05:30,343.0,343.15,342.65,342.8,88049
2025-04-21T13:30:00+05:30,342.75,343.5,342.4,343.2,87465
2025-04-21T13:45:00+05:30,343.05,343.5,343.0,343.3,19567
2025-04-21T14:00:00+05:30,343.4,344.8,343.0,344.6,122698
2025-04-21T14:15:00+05:30,344.75,345.55,344.0,344.0,90392
2025-04-21T14:30:00+05:30,344.0,344.2,343.15,343.6,139803
2025-04-21T14:45:00+05:30,343.6,344.7,343.2,344.0,186687
2025-04-21T15:00:00+05:30,343.95,344.15,343.4,343.85,141285
2025-04-21T15:15:00+05:30,343.8,344.3,343.15,343.85,258051
2025-04-22T09:15:00+05:30,343.9,345.25,338.85,343.4,505984
2025-04-22T09:30:00+05:30,343.5,344.7,342.8,343.75,319490
2025-04-22T09:45:00+05:30,343.65,344.95,341.3,341.3,219588
2025-04-22T10:00:00+05:30,341.5,341.9,340.2,340.7,202510
2025-04-22T10:15:00+05:30,340.85,341.0,339.65,340.8,130740
2025-04-22T10:30:00+05:30,340.8,341.65,339.65,340.0,1092500
2025-04-22T10:45:00+05:30,340.0,340.65,338.55,339.5,156446
2025-04-22T11:00:00+05:30,339.4,339.8,338.55,339.6,182011
2025-04-22T11:15:00+05:30,339.5,340.5,339.4,340.0,708258
2025-04-22T11:30:00+05:30,339.95,340.65,339.7,340.2,66067
2025-04-22T11:45:00+05:30,340.2,340.65,339.95,340.55,66575
2025-04-22T12:00:00+05:30,340.6,341.0,340.35,341.0,82225
2025-04-22T12:15:00+05:30,340.9,341.3,340.5,341.15,263784
2025-04-22T12:30:00+05:30,341.15,341.35,340.85,341.1,61045
2025-04-22T12:45:00+05:30,341.1,341.5,340.85,341.0,95764
2025-04-22T13:00:00+05:30,341.0,341.9,340.0,341.45,618223
2025-04-22T13:15:00+05:30,341.45,341.5,340.75,341.15,233999
2025-04-22T13:30:00+05:30,341.15,341.5,340.8,341.2,62384
2025-04-22T13:45:00+05:30,341.25,341.7,340.9,341.45,56449
2025-04-22T14:00:00+05:30,341.55,344.25,341.4,344.0,328965
2025-04-22T14:15:00+05:30,344.05,344.35,342.85,343.2,985057
2025-04-22T14:30:00+05:30,343.2,343.3,342.95,343.05,260259
2025-04-22T14:45:00+05:30,343.05,343.45,342.95,343.05,344526
2025-04-22T15:00:00+05:30,343.0,343.6,342.75,343.1,358086
2025-04-22T15:15:00+05:30,343.0,345.65,342.55,344.0,549621
2025-04-23T09:15:00+05:30,344.75,348.65,343.95,344.8,479682
2025-04-23T09:30:00+05:30,344.55,344.85,343.25,344.05,151557
2025-04-23T09:45:00+05:30,344.3,344.9,340.6,340.9,156321
2025-04-23T10:00:00+05:30,340.9,342.0,340.35,340.55,123573
2025-04-23T10:15:00+05:30,340.6,340.95,340.15,340.95,154031
2025-04-23T10:30:00+05:30,340.9,340.95,339.8,340.0,115757
2025-04-23T10:45:00+05:30,340.0,340.4,339.45,340.3,118811
2025-04-23T11:00:00+05:30,340.1,341.1,339.8,340.5,69982
2025-04-23T11:15:00+05:30,340.35,342.75,340.35,341.9,114038
2025-04-23T11:30:00+05:30,341.9,341.95,340.7,341.65,62259
2025-04-23T11:45:00+05:30,341.4,341.75,340.15,340.6,76562
2025-04-23T12:00:00+05:30,340.6,341.15,340.0,340.85,97682
2025-04-23T12:15:00+05:30,340.85,341.85,340.55,341.0,73516
2025-04-23T12:30:00+05:30,341.0,342.2,340.85,342.2,92719
2025-04-23T12:45:00+05:30,342.2,343.85,341.55,341.85,175369
2025-04-23T13:00:00+05:30,341.8,342.65,341.3,341.75,160382
2025-04-23T13:15:00+05:30,341.75,342.9,340.95,342.5,119201
2025-04-23T13:30:00+05:30,342.3,345.9,341.75,345.85,346765
2025-04-23T13:45:00+05:30,345.85,349.1,345.15,347.3,662192
2025-04-23T14:00:00+05:30,347.3,348.2,346.8,347.45,139371
2025-04-23T14:15:00+05:30,347.45,348.15,347.1,348.0,125098
2025-04-23T14:30:00+05:30,348.15,349.45,347.5,349.0,287592
2025-04-23T14:45:00+05:30,348.85,349.05,346.2,347.1,138703
2025-04-23T15:00:00+05:30,347.1,348.0,346.9,347.9,139261
2025-04-23T15:15:00+05:30,347.85,349.0,347.55,349.0,263614
2025-04-24T09:15:00+05:30,344.55,348.9,342.1,343.15,717697
2025-04-24T09:30:00+05:30,343.2,351.45,343.05,346.2,755054
2025-04-24T09:45:00+05:30,346.2,346.85,343.75,345.5,359682
2025-04-24T10:00:00+05:30,345.35,345.95,345.05,345.6,98873
2025-04-24T10:15:00+05:30,345.6,346.1,345.3,345.6,66056
2025-04-24T10:30:00+05:30,345.6,345.6,344.9,345.15,64982
2025-04-24T10:45:00+05:30,345.35,346.5,344.3,344.6,149421
2025-04-24T11:00:00+05:30,344.7,345.0,344.4,344.6,88304
2025-04-24T11:15:00+05:30,344.55,344.6,343.5,343.75,163505
2025-04-24T11:30:00+05:30,343.55,343.75,343.45,343.5,79775
2025-04-24T11:45:00+05:30,343.5,343.6,342.7,342.8,266309
2025-04-24T12:00:00+05:30,342.95,343.0,341.7,341.7,365140
2025-04-24T12:15:00+05:30,341.75,343.75,341.75,343.0,106165
2025-04-24T12:30:00+05:30,342.9,343.5,342.6,343.45,46934
2025-04-24T12:45:00+05:30,343.3,343.5,342.65,343.1,47850
2025-04-24T13:00:00+05:30,343.1,343.25,342.6,342.85,28744
2025-04-24T13:15:00+05:30,342.85,343.0,342.05,342.2,50249
2025-04-24T13:30:00+05:30,342.2,342.45,341.7,341.85,66902
2025-04-24T13:45:00+05:30,341.8,342.1,341.4,341.5,115400
2025-04-24T14:00:00+05:30,341.45,342.25,341.35,342.0,88867
2025-04-24T14:15:00+05:30,342.0,342.3,341.5,341.75,154684
2025-04-24T14:30:00+05:30,341.75,341.9,340.85,340.9,280165
2025-04-24T14:45:00+05:30,340.9,341.4,340.25,340.5,307235
2025-04-24T15:00:00+05:30,340.55,342.9,340.1,340.8,940079
2025-04-24T15:15:00+05:30,340.8,341.8,339.3,340.0,505783
2025-04-25T09:15:00+05:30,342.4,343.35,337.0,338.8,496079
2025-04-25T09:30:00+05:30,338.75,338.9,334.75,335.2,304170
2025-04-25T09:45:00+05:30,335.1,336.4,333.4,334.1,199622
2025-04-25T10:00:00+05:30,333.9,335.4,331.95,334.7,277987
2025-04-25T10:15:00+05:30,334.65,335.1,332.5,332.85,119472
2025-04-25T10:30:00+05:30,332.65,334.5,331.0,334.2,180522
2025-04-25T10:45:00+05:30,334.2,335.1,333.7,334.55,68460
2025-04-25T11:00:00+05:30,334.35,334.95,333.6,334.85,91646
2025-04-25T11:15:00+05:30,334.85,335.0,332.9,333.85,78180
2025-04-25T11:30:00+05:30,333.85,334.1,330.6,330.7,126554
2025-04-25T11:45:00+05:30,330.6,331.0,327.9,328.75,195877
2025-04-25T12:00:00+05:30,328.75,331.4,328.65,330.55,124091
2025-04-25T12:15:00+05:30,330.65,331.25,329.3,329.65,98047
2025-04-25T12:30:00+05:30,329.55,330.5,327.0,327.85,289893
2025-04-25T12:45:00+05:30,327.85,328.5,327.15,327.9,282160
2025-04-25T13:00:00+05:30,327.9,328.05,327.15,327.9,169205
2025-04-25T13:15:00+05:30,327.9,328.1,327.05,327.45,149923
2025-04-25T13:30:00+05:30,327.45,327.85,324.85,325.0,360381
2025-04-25T13:45:00+05:30,324.95,326.5,324.65,325.5,272231
2025-04-25T14:00:00+05:30,325.5,325.5,321.95,323.5,376485
2025-04-25T14:15:00+05:30,323.5,324.4,323.4,323.6,222750
2025-04-25T14:30:00+05:30,323.55,323.65,320.75,322.6,367707
2025-04-25T14:45:00+05:30,322.6,323.5,321.25,323.0,206798
2025-04-25T15:00:00+05:30,323.0,323.5,321.75,322.55,298911
2025-04-25T15:15:00+05:30,322.55,322.75,320.0,320.35,863760
2025-04-28T09:15:00+05:30,322.8,328.7,320.85,323.25,867581
2025-04-28T09:30:00+05:30,323.25,325.3,321.1,321.4,265284
2025-04-28T09:45:00+05:30,321.45,322.95,320.65,321.3,237696
2025-04-28T10:00:00+05:30,321.3,322.2,320.9,321.95,167989
2025-04-28T10:15:00+05:30,322.0,322.9,319.7,321.8,266267
2025-04-28T10:30:00+05:30,321.75,325.55,321.5,325.45,321310
2025-04-28T10:45:00+05:30,325.3,325.5,323.9,324.7,221557
2025-04-28T11:00:00+05:30,324.75,325.5,324.0,324.1,328082
2025-04-28T11:15:00+05:30,324.1,324.4,323.05,323.55,60297
2025-04-28T11:30:00+05:30,323.55,324.75,323.5,324.05,85388
2025-04-28T11:45:00+05:30,324.05,324.5,323.55,323.75,49353
2025-04-28T12:00:00+05:30,323.75,324.1,323.5,324.0,46501
2025-04-28T12:15:00+05:30,324.15,324.4,323.55,323.65,120121
2025-04-28T12:30:00+05:30,323.65,324.0,323.45,323.8,55822
2025-04-28T12:45:00+05:30,323.8,324.0,323.5,323.55,59272
2025-04-28T13:00:00+05:30,323.55,323.9,322.25,322.6,121015
2025-04-28T13:15:00+05:30,322.6,323.9,322.5,323.75,62417
2025-04-28T13:30:00+05:30,323.65,323.85,323.3,323.4,60299
2025-04-28T13:45:00+05:30,323.4,324.1,323.3,323.65,130087
2025-04-28T14:00:00+05:30,323.55,325.1,323.25,323.85,285216
2025-04-28T14:15:00+05:30,324.0,324.1,323.05,323.15,66704
2025-04-28T14:30:00+05:30,323.05,324.1,323.0,323.75,130335
2025-04-28T14:45:00+05:30,323.7,324.0,323.4,323.5,102770
2025-04-28T15:00:00+05:30,323.5,324.3,323.4,323.65,167984
2025-04-28T15:15:00+05:30,323.6,324.0,323.15,324.0,266183
2025-04-29T09:15:00+05:30,327.35,328.35,326.0,326.2,221943
2025-04-29T09:30:00+05:30,326.3,326.75,323.5,323.75,141710
2025-04-29T09:45:00+05:30,323.85,325.2,323.65,324.7,133347
2025-04-29T10:00:00+05:30,324.7,325.25,323.35,323.5,90498
2025-04-29T10:15:00+05:30,323.65,324.0,322.3,322.6,102079
2025-04-29T10:30:00+05:30,322.6,322.9,322.2,322.85,60496
2025-04-29T10:45:00+05:30,322.95,324.9,322.7,324.2,56466
2025-04-29T11:00:00+05:30,324.2,325.0,323.55,324.1,93999
2025-04-29T11:15:00+05:30,324.0,324.45,323.65,324.35,27549
2025-04-29T11:30:00+05:30,324.35,324.35,323.5,324.1,25983
2025-04-29T11:45:00+05:30,324.1,324.15,322.2,322.2,79526
2025-04-29T12:00:00+05:30,322.3,322.65,321.15,322.45,78206
2025-04-29T12:15:00+05:30,322.45,322.6,321.3,321.4,73720
2025-04-29T12:30:00+05:30,321.4,322.5,321.3,322.0,22608
2025-04-29T12:45:00+05:30,322.2,322.9,321.95,322.7,23044
2025-04-29T13:00:00+05:30,322.85,322.85,321.6,321.95,22978
2025-04-29T13:15:00+05:30,321.95,322.2,321.45,322.0,36232
2025-04-29T13:30:00+05:30,322.15,322.2,321.45,321.95,34444
2025-04-29T13:45:00+05:30,321.85,322.1,321.6,322.0,16631
2025-04-29T14:00:00+05:30,322.0,322.7,321.6,322.5,36234
2025-04-29T14:15:00+05:30,322.5,322.7,321.8,321.8,31417
2025-04-29T14:30:00+05:30,321.85,322.1,321.1,321.7,60905
2025-04-29T14:45:00+05:30,321.7,321.7,320.55,321.2,79417
2025-04-29T15:00:00+05:30,321.05,321.8,320.75,321.2,123414
2025-04-29T15:15:00+05:30,321.2,321.2,318.5,319.65,447194
2025-04-30T09:15:00+05:30,326.8,326.85,315.0,316.85,721977
2025-04-30T09:30:00+05:30,316.85,317.95,314.6,315.85,364805
2025-04-30T09:45:00+05:30,315.8,316.15,315.0,315.65,144027
2025-04-30T10:00:00+05:30,315.65,315.75,313.75,314.1,269981
2025-04-30T10:15:00+05:30,314.15,315.25,311.6,312.0,279942
2025-04-30T10:30:00+05:30,312.0,312.15,309.15,310.0,789037
2025-04-30T10:45:00+05:30,310.0,314.25,309.85,313.95,414631
2025-04-30T11:00:00+05:30,314.05,320.45,313.95,319.4,808974
2025-04-30T11:15:00+05:30,319.4,320.7,318.35,319.5,364036
2025-04-30T11:30:00+05:30,319.75,320.2,318.6,319.0,177088
2025-04-30T11:45:00+05:30,319.1,319.2,317.5,317.6,119298
2025-04-30T12:00:00+05:30,317.85,318.75,317.6,318.55,103484
2025-04-30T12:15:00+05:30,318.75,320.5,318.55,319.6,150901
2025-04-30T12:30:00+05:30,319.65,321.4,319.0,320.0,256422
2025-04-30T12:45:00+05:30,320.0,320.65,319.55,319.8,101286
2025-04-30T13:00:00+05:30,319.85,320.3,318.95,319.95,141811
2025-04-30T13:15:00+05:30,319.95,320.5,318.55,319.5,296106
2025-04-30T13:30:00+05:30,319.6,320.55,319.35,320.15,161763
2025-04-30T13:45:00+05:30,320.2,320.25,316.9,317.5,1137791
2025-04-30T14:00:00+05:30,317.25,318.05,317.0,317.9,97938
2025-04-30T14:15:00+05:30,318.0,318.4,317.35,317.6,62483
2025-04-30T14:30:00+05:30,317.6,318.0,317.25,317.75,67807
2025-04-30T14:45:00+05:30,317.8,318.95,317.3,318.0,272784
2025-04-30T15:00:00+05:30,317.9,319.45,317.15,317.8,317328
2025-04-30T15:15:00+05:30,317.75,318.5,313.95,316.05,531492
2025-05-02T09:15:00+05:30,313.05,317.9,309.8,310.7,936966
2025-05-02T09:30:00+05:30,310.65,311.5,310.35,311.1,332279
2025-05-02T09:45:00+05:30,311.05,311.4,310.65,310.95,229988
2025-05-02T10:00:00+05:30,310.9,311.25,310.0,310.7,238199
2025-05-02T10:15:00+05:30,310.7,312.5,310.6,311.1,248808
2025-05-02T10:30:00+05:30,311.1,311.35,310.0,310.2,301342
2025-05-02T10:45:00+05:30,310.15,310.65,308.35,308.95,325445
2025-05-02T11:00:00+05:30,308.95,309.05,307.35,307.75,230383
2025-05-02T11:15:00+05:30,307.75,309.0,307.15,308.35,247979
2025-05-02T11:30:00+05:30,308.35,309.25,308.05,308.55,172166
2025-05-02T11:45:00+05:30,308.6,309.0,308.4,308.75,99928
2025-05-02T12:00:00+05:30,308.75,308.85,307.55,307.7,182651
2025-05-02T12:15:00+05:30,307.6,308.1,306.05,306.3,310729
2025-05-02T12:30:00+05:30,306.2,306.65,304.1,304.7,447935
2025-05-02T12:45:00+05:30,304.7,305.2,304.2,304.2,290471
2025-05-02T13:00:00+05:30,304.2,304.95,304.1,304.65,142658
2025-05-02T13:15:00+05:30,304.7,305.0,304.5,304.75,158872
2025-05-02T13:30:00+05:30,304.75,305.0,304.55,305.0,140487
2025-05-02T13:45:00+05:30,305.0,305.0,304.2,304.35,166438
2025-05-02T14:00:00+05:30,304.35,305.05,304.0,304.75,269577
2025-05-02T14:15:00+05:30,304.7,305.0,303.0,303.2,375787
2025-05-02T14:30:00+05:30,303.25,305.0,303.05,304.75,387020
2025-05-02T14:45:00+05:30,304.75,306.75,304.4,305.7,505422
2025-05-02T15:00:00+05:30,305.55,306.0,304.2,304.45,570815
2025-05-02T15:15:00+05:30,304.6,307.0,304.0,305.4,1346667
2025-05-05T09:15:00+05:30,309.95,310.85,304.2,310.3,657825
2025-05-05T09:30:00+05:30,310.4,316.5,309.8,316.3,742365
2025-05-05T09:45:00+05:30,316.5,325.45,316.3,322.8,2011688
2025-05-05T10:00:00+05:30,322.6,323.25,319.4,320.7,833593
2025-05-05T10:15:00+05:30,320.85,322.5,318.6,318.95,870119
2025-05-05T10:30:00+05:30,318.85,319.3,314.5,316.3,869201
2025-05-05T10:45:00+05:30,316.2,327.45,316.15,324.2,1834083
2025-05-05T11:00:00+05:30,324.2,325.0,321.2,322.7,1343099
2025-05-05T11:15:00+05:30,322.7,323.45,320.05,320.55,595201
2025-05-05T11:30:00+05:30,320.55,322.2,319.55,320.2,503701
2025-05-05T11:45:00+05:30,320.2,321.0,319.05,319.6,255732
2025-05-05T12:00:00+05:30,319.6,323.65,319.55,323.0,487862
2025-05-05T12:15:00+05:30,323.0,324.5,321.65,323.25,476114
2025-05-05T12:30:00+05:30,323.2,327.9,322.95,327.55,1311723
2025-05-05T12:45:00+05:30,327.4,330.8,326.55,329.35,1876274
2025-05-05T13:00:00+05:30,329.3,333.85,329.0,332.7,1906125
2025-05-05T13:15:00+05:30,332.85,333.3,329.2,329.7,1822042
2025-05-05T13:30:00+05:30,329.7,334.2,328.55,333.5,1958203
2025-05-05T13:45:00+05:30,333.45,334.4,331.4,331.7,1258952
2025-05-05T14:00:00+05:30,331.6,334.0,329.35,329.55,1698182
2025-05-05T14:15:00+05:30,329.5,330.85,327.0,328.85,2115559
2025-05-05T14:30:00+05:30,329.0,335.45,328.55,333.85,2551070
2025-05-05T14:45:00+05:30,333.8,337.65,333.25,337.0,2550597
2025-05-05T15:00:00+05:30,337.0,344.0,334.5,342.55,6819571
2025-05-05T15:15:00+05:30,342.55,356.65,342.1,343.0,7239176
2025-05-06T09:15:00+05:30,336.65,342.7,335.0,338.4,3186503
2025-05-06T09:30:00+05:30,338.2,342.0,337.35,338.85,1198006
2025-05-06T09:45:00+05:30,338.7,338.75,333.0,333.15,958463
2025-05-06T10:00:00+05:30,333.4,335.85,332.6,334.95,848713
2025-05-06T10:15:00+05:30,334.8,337.8,334.75,335.8,654194
2025-05-06T10:30:00+05:30,335.8,337.5,335.5,337.0,332350
2025-05-06T10:45:00+05:30,336.9,337.0,335.35,336.95,268910
2025-05-06T11:00:00+05:30,336.75,338.3,336.15,336.75,290650
2025-05-06T11:15:00+05:30,336.7,337.85,336.15,336.35,172021
2025-05-06T11:30:00+05:30,336.35,336.5,334.65,335.3,367128
2025-05-06T11:45:00+05:30,335.3,343.85,335.25,343.85,1330690
2025-05-06T12:00:00+05:30,343.7,344.35,340.5,341.8,770379
2025-05-06T12:15:00+05:30,341.6,344.2,341.0,343.75,867432
2025-05-06T12:30:00+05:30,343.75,343.95,340.6,342.45,715513
2025-05-06T12:45:00+05:30,342.15,343.3,341.25,343.0,313429
2025-05-06T13:00:00+05:30,343.0,343.85,342.0,343.45,414137
2025-05-06T13:15:00+05:30,343.45,344.5,342.35,343.25,415083
2025-05-06T13:30:00+05:30,343.1,343.5,342.4,342.65,259471
2025-05-06T13:45:00+05:30,342.75,344.4,342.75,343.5,533262
2025-05-06T14:00:00+05:30,343.5,343.9,342.15,342.9,405554
2025-05-06T14:15:00+05:30,342.8,343.3,338.5,339.3,1048655
2025-05-06T14:30:00+05:30,339.15,340.05,337.6,339.25,629533
2025-05-06T14:45:00+05:30,339.2,340.35,338.0,338.7,345584
2025-05-06T15:00:00+05:30,338.7,344.9,338.7,342.75,1284114
2025-05-06T15:15:00+05:30,342.55,343.5,340.05,340.8,1045645
2025-05-07T09:15:00+05:30,325.0,338.75,322.6,333.4,2203938
2025-05-07T09:30:00+05:30,333.4,334.4,325.0,326.35,1433133
2025-05-07T09:45:00+05:30,326.35,328.7,325.0,328.3,844495
2025-05-07T10:00:00+05:30,328.3,328.3,326.4,327.25,301092
2025-05-07T10:15:00+05:30,327.15,329.4,326.05,326.8,410558
2025-05-07T10:30:00+05:30,326.8,327.55,325.65,326.2,297245
2025-05-07T10:45:00+05:30,326.5,327.35,325.05,325.5,337704
2025-05-07T11:00:00+05:30,325.35,327.85,325.35,327.15,266299
2025-05-07T11:15:00+05:30,327.15,328.65,327.0,327.5,249262
2025-05-07T11:30:00+05:30,327.6,328.7,327.2,328.45,178922
2025-05-07T11:45:00+05:30,328.25,328.3,326.4,327.8,199935
2025-05-07T12:00:00+05:30,327.7,328.9,327.2,328.5,200654
2025-05-07T12:15:00+05:30,328.65,332.95,328.35,329.85,710971
2025-05-07T12:30:00+05:30,329.8,330.1,328.05,328.35,229197
2025-05-07T12:45:00+05:30,328.35,328.9,325.6,326.55,385015
2025-05-07T13:00:00+05:30,326.55,326.8,324.25,324.9,431292
2025-05-07T13:15:00+05:30,324.9,325.8,323.0,325.0,394731
2025-05-07T13:30:00+05:30,325.0,325.55,323.6,324.4,193355
2025-05-07T13:45:00+05:30,324.4,324.9,323.2,324.35,168170
2025-05-07T14:00:00+05:30,324.5,325.9,324.35,324.95,193818
2025-05-07T14:15:00+05:30,324.95,325.55,324.0,324.95,177311
2025-05-07T14:30:00+05:30,325.05,325.8,324.7,325.3,169420
2025-05-07T14:45:00+05:30,325.45,329.6,325.45,328.55,965406
2025-05-07T15:00:00+05:30,328.4,329.9,327.5,329.55,670414
2025-05-07T15:15:00+05:30,329.5,329.65,327.2,329.15,1048516
2025-05-08T09:15:00+05:30,332.05,335.35,330.55,332.45,804478
2025-05-08T09:30:00+05:30,332.5,333.95,330.6,331.2,382954
2025-05-08T09:45:00+05:30,331.2,331.45,328.55,329.6,468226
2025-05-08T10:00:00+05:30,329.6,330.0,327.4,327.55,246059
2025-05-08T10:15:00+05:30,327.55,328.0,326.05,327.15,340427
2025-05-08T10:30:00+05:30,327.15,327.65,326.3,327.4,142343
2025-05-08T10:45:00+05:30,327.35,327.85,326.8,327.3,106841
2025-05-08T11:00:00+05:30,327.3,327.35,326.3,326.7,117340
2025-05-08T11:15:00+05:30,326.75,327.75,326.3,327.4,89400
2025-05-08T11:30:00+05:30,327.4,327.55,326.0,326.25,109157
2025-05-08T11:45:00+05:30,326.35,326.7,325.15,325.7,150863
2025-05-08T12:00:00+05:30,325.55,326.45,325.4,326.25,58350
2025-05-08T12:15:00+05:30,326.1,326.45,324.55,324.8,147613
2025-05-08T12:30:00+05:30,324.8,325.1,324.3,324.45,116945
2025-05-08T12:45:00+05:30,324.45,324.65,323.15,323.75,150569
2025-05-08T13:00:00+05:30,323.7,324.3,322.45,322.5,152742
2025-05-08T13:15:00+05:30,322.5,322.5,320.1,320.5,413066
2025-05-08T13:30:00+05:30,320.6,321.45,319.45,320.25,236194
2025-05-08T13:45:00+05:30,320.25,321.05,319.6,320.2,167047
2025-05-08T14:00:00+05:30,320.15,320.9,318.05,318.2,191495
2025-05-08T14:15:00+05:30,318.05,320.25,317.6,320.0,289521
2025-05-08T14:30:00+05:30,319.85,322.25,319.7,321.0,267221
2025-05-08T14:45:00+05:30,321.15,321.35,316.8,317.15,425373
2025-05-08T15:00:00+05:30,317.15,319.95,316.25,317.0,436473
2025-05-08T15:15:00+05:30,316.95,317.05,311.55,313.4,970995
2025-05-09T09:15:00+05:30,307.35,312.6,306.0,306.85,1139576
2025-05-09T09:30:00+05:30,306.75,309.5,304.45,308.15,827369
2025-05-09T09:45:00+05:30,308.2,308.75,304.55,305.0,487002
2025-05-09T10:00:00+05:30,305.15,306.3,303.6,306.2,336580
2025-05-09T10:15:00+05:30,306.2,310.15,305.45,307.95,516765
2025-05-09T10:30:00+05:30,307.95,308.65,306.7,308.0,144910
2025-05-09T10:45:00+05:30,308.1,308.65,307.25,307.65,127984
2025-05-09T11:00:00+05:30,307.55,309.25,307.4,307.9,128774
2025-05-09T11:15:00+05:30,307.9,310.35,307.45,309.7,182699
2025-05-09T11:30:00+05:30,309.7,310.65,308.25,309.35,220416
2025-05-09T11:45:00+05:30,309.35,309.35,308.0,308.75,112144
2025-05-09T12:00:00+05:30,308.75,310.75,307.4,310.35,271522
2025-05-09T12:15:00+05:30,310.35,311.0,309.2,310.85,285243
2025-05-09T12:30:00+05:30,310.85,310.9,309.7,310.15,113636
2025-05-09T12:45:00+05:30,310.0,313.1,309.75,310.55,274600
2025-05-09T13:00:00+05:30,310.8,312.0,310.1,310.75,142054
2025-05-09T13:15:00+05:30,310.75,311.25,309.6,310.1,172714
2025-05-09T13:30:00+05:30,310.1,310.9,309.35,310.45,233331
2025-05-09T13:45:00+05:30,310.45,311.1,310.0,310.95,78188
2025-05-09T14:00:00+05:30,310.95,314.35,310.8,312.75,364872
2025-05-09T14:15:00+05:30,312.7,314.0,311.6,311.8,179772
2025-05-09T14:30:00+05:30,311.8,312.95,311.6,312.35,98875
2025-05-09T14:45:00+05:30,312.3,313.4,311.6,312.15,245422
2025-05-09T15:00:00+05:30,312.0,314.6,311.85,312.65,371011
2025-05-09T15:15:00+05:30,312.8,314.5,311.95,314.4,616627
2025-05-12T09:15:00+05:30,319.1,321.05,306.25,312.1,4485523
2025-05-12T09:30:00+05:30,312.2,312.4,309.0,310.45,1023988
2025-05-12T09:45:00+05:30,310.3,314.55,309.5,312.75,993046
2025-05-12T10:00:00+05:30,313.0,317.6,311.5,315.4,1237543
2025-05-12T10:15:00+05:30,315.4,323.0,314.15,320.6,2557408
2025-05-12T10:30:00+05:30,320.55,322.3,319.0,320.75,1468763
2025-05-12T10:45:00+05:30,320.8,325.0,319.25,323.0,2262433
2025-05-12T11:00:00+05:30,322.85,322.95,319.75,320.75,729434
2025-05-12T11:15:00+05:30,320.75,321.8,319.8,321.2,335612
2025-05-12T11:30:00+05:30,321.2,321.5,320.1,321.25,255008
2025-05-12T11:45:00+05:30,321.1,321.75,319.55,320.0,309003
2025-05-12T12:00:00+05:30,320.0,320.75,319.05,320.3,495472
2025-05-12T12:15:00+05:30,320.35,321.8,319.9,320.2,288889
2025-05-12T12:30:00+05:30,320.25,320.8,319.8,320.0,232640
2025-05-12T12:45:00+05:30,320.05,320.2,319.8,320.0,202656
2025-05-12T13:00:00+05:30,320.05,320.4,319.55,320.0,257156
2025-05-12T13:15:00+05:30,320.05,320.2,319.8,320.05,243778
2025-05-12T13:30:00+05:30,320.05,320.35,319.5,320.0,263972
2025-05-12T13:45:00+05:30,320.05,320.1,318.6,320.0,435207
2025-05-12T14:00:00+05:30,320.0,320.05,315.0,317.1,877371
2025-05-12T14:15:00+05:30,317.1,320.8,316.25,319.9,831566
2025-05-12T14:30:00+05:30,320.0,320.5,318.35,319.0,397261
2025-05-12T14:45:00+05:30,319.05,319.9,317.5,317.7,301086
2025-05-12T15:00:00+05:30,317.7,320.0,317.2,319.9,650024
2025-05-12T15:15:00+05:30,319.9,322.85,319.6,320.4,1184101
2025-05-13T09:15:00+05:30,304.95,307.45,297.0,301.85,13644667
2025-05-13T09:30:00+05:30,301.75,302.2,299.5,299.95,6301189
2025-05-13T09:45:00+05:30,299.95,302.3,299.55,301.15,4029538
2025-05-13T10:00:00+05:30,301.15,304.3,301.15,304.1,3972696
2025-05-13T10:15:00+05:30,304.25,305.2,302.1,304.2,4601839
2025-05-13T10:30:00+05:30,304.2,305.8,300.05,305.55,11565741
2025-05-13T10:45:00+05:30,305.5,306.2,304.25,305.65,2691317
2025-05-13T11:00:00+05:30,305.65,310.5,305.1,310.0,4461877
2025-05-13T11:15:00+05:30,310.0,315.25,309.0,313.5,5994635
2025-05-13T11:30:00+05:30,313.5,314.75,311.35,312.4,3039662
2025-05-13T11:45:00+05:30,312.2,312.85,308.25,308.3,2559083
2025-05-13T12:00:00+05:30,308.3,312.5,308.3,310.25,3521055
2025-05-13T12:15:00+05:30,310.25,314.2,309.6,313.3,1953459
2025-05-13T12:30:00+05:30,313.45,315.7,313.1,315.2,2441854
2025-05-13T12:45:00+05:30,315.1,315.3,313.5,314.65,1587385
2025-05-13T13:00:00+05:30,314.7,315.7,311.4,313.5,2664568
2025-05-13T13:15:00+05:30,313.45,314.6,313.0,314.0,1150138
2025-05-13T13:30:00+05:30,314.0,314.45,312.6,313.25,1417869
2025-05-13T13:45:00+05:30,313.1,313.65,311.55,312.45,1259716
2025-05-13T14:00:00+05:30,312.3,313.15,309.15,311.2,9368890
2025-05-13T14:15:00+05:30,311.25,311.7,309.05,311.0,1655122
2025-05-13T14:30:00+05:30,311.0,312.1,309.6,310.75,1884734
2025-05-13T14:45:00+05:30,310.7,311.2,309.75,311.15,1533710
2025-05-13T15:00:00+05:30,311.15,311.2,309.85,310.95,1904600
2025-05-13T15:15:00+05:30,310.9,311.15,309.2,310.4,3619436
2025-05-14T09:15:00+05:30,313.0,313.4,306.0,312.3,3216220
2025-05-14T09:30:00+05:30,312.3,313.3,310.0,310.55,1471204
2025-05-14T09:45:00+05:30,310.6,311.25,310.05,310.1,746451
2025-05-14T10:00:00+05:30,310.1,310.35,308.6,309.3,1090062
2025-05-14T10:15:00+05:30,309.35,309.8,308.0,309.05,1183005
2025-05-14T10:30:00+05:30,309.05,311.4,309.0,311.2,1127978
2025-05-14T10:45:00+05:30,311.25,311.25,309.1,309.2,527710
2025-05-14T11:00:00+05:30,309.25,309.5,308.7,309.0,519869
2025-05-14T11:15:00+05:30,309.0,309.75,308.95,309.35,296976
2025-05-14T11:30:00+05:30,309.4,309.5,309.0,309.0,313190
2025-05-14T11:45:00+05:30,309.0,309.15,308.55,308.8,546425
2025-05-14T12:00:00+05:30,308.8,309.0,308.2,308.5,452294
2025-05-14T12:15:00+05:30,308.45,309.45,308.2,308.95,419999
2025-05-14T12:30:00+05:30,308.95,309.15,308.1,308.3,434362
2025-05-14T12:45:00+05:30,308.35,308.6,307.55,308.1,594180
2025-05-14T13:00:00+05:30,308.15,308.95,308.05,308.15,418128
2025-05-14T13:15:00+05:30,308.1,309.0,307.7,308.0,609850
2025-05-14T13:30:00+05:30,307.9,308.7,307.55,308.5,664350
2025-05-14T13:45:00+05:30,308.5,310.0,308.25,309.6,1137047
2025-05-14T14:00:00+05:30,309.65,310.85,309.3,309.7,1362244
2025-05-14T14:15:00+05:30,309.6,310.5,308.8,309.85,840851
2025-05-14T14:30:00+05:30,309.85,309.95,308.15,308.35,767290
2025-05-14T14:45:00+05:30,308.3,308.95,308.1,308.35,712232
2025-05-14T15:00:00+05:30,308.35,308.6,307.6,307.9,1175275
2025-05-14T15:15:00+05:30,307.8,308.5,306.0,308.15,2652040
2025-05-15T09:15:00+05:30,310.0,311.2,308.8,309.65,1779442
2025-05-15T09:30:00+05:30,309.6,309.65,308.15,308.9,630234
2025-05-15T09:45:00+05:30,308.85,309.95,308.5,309.4,403028
2025-05-15T10:00:00+05:30,309.4,309.75,309.0,309.6,186935
2025-05-15T10:15:00+05:30,309.65,310.3,309.3,309.65,439431
2025-05-15T10:30:00+05:30,309.7,310.0,309.4,309.65,288544
2025-05-15T10:45:00+05:30,309.65,314.2,309.6,312.5,2493187
2025-05-15T11:00:00+05:30,312.5,313.0,311.1,311.45,867489
2025-05-15T11:15:00+05:30,311.5,312.45,311.1,311.6,295447
2025-05-15T11:30:00+05:30,311.6,314.0,311.2,313.2,1633705
2025-05-15T11:45:00+05:30,313.2,315.75,312.85,315.15,3720417
2025-05-15T12:00:00+05:30,315.15,316.5,314.05,314.7,1076138
2025-05-15T12:15:00+05:30,314.75,315.85,314.2,315.85,474889
2025-05-15T12:30:00+05:30,315.8,316.4,314.6,315.45,483730
2025-05-15T12:45:00+05:30,315.5,315.95,315.0,315.15,350844
2025-05-15T13:00:00+05:30,315.2,315.7,314.5,315.05,319627
2025-05-15T13:15:00+05:30,315.05,316.35,314.05,316.05,602571
2025-05-15T13:30:00+05:30,316.05,316.45,315.6,315.9,405007
2025-05-15T13:45:00+05:30,315.9,317.95,315.85,317.7,986625
2025-05-15T14:00:00+05:30,317.6,317.75,316.05,316.55,667530
2025-05-15T14:15:00+05:30,316.55,317.25,316.05,317.1,1056881
2025-05-15T14:30:00+05:30,317.05,317.9,316.6,317.6,818574
2025-05-15T14:45:00+05:30,317.6,318.15,317.05,317.55,958806
2025-05-15T15:00:00+05:30,317.5,317.65,316.2,317.0,1426002
2025-05-15T15:15:00+05:30,317.0,317.4,314.9,315.55,1661600
2025-05-16T09:15:00+05:30,317.25,324.7,315.3,322.25,2821554
2025-05-16T09:30:00+05:30,322.15,326.85,321.1,325.9,2841648
2025-05-16T09:45:00+05:30,325.85,326.7,322.6,323.25,2499633
2025-05-16T10:00:00+05:30,323.4,323.55,320.4,321.85,1056089
2025-05-16T10:15:00+05:30,321.85,323.95,321.55,323.5,601418
2025-05-16T10:30:00+05:30,323.4,325.45,322.8,324.8,806515
2025-05-16T10:45:00+05:30,324.7,327.2,324.65,325.65,1442290
2025-05-16T11:00:00+05:30,325.7,326.8,325.0,326.5,686428
2025-05-16T11:15:00+05:30,326.4,327.1,323.8,324.05,769626
2025-05-16T11:30:00+05:30,324.15,325.25,323.25,323.9,525922
2025-05-16T11:45:00+05:30,323.85,324.5,323.5,324.05,409000
2025-05-16T12:00:00+05:30,324.1,324.5,322.5,323.4,541001
2025-05-16T12:15:00+05:30,323.35,323.95,323.1,323.4,386470
2025-05-16T12:30:00+05:30,323.4,323.5,321.25,322.95,617470
2025-05-16T12:45:00+05:30,322.9,322.95,320.5,320.9,527072
2025-05-16T13:00:00+05:30,320.9,321.45,320.6,321.05,444334
2025-05-16T13:15:00+05:30,321.05,322.8,321.05,322.55,460144
2025-05-16T13:30:00+05:30,322.45,322.8,322.0,322.6,386168
2025-05-16T13:45:00+05:30,322.45,323.85,322.05,323.35,506005
2025-05-16T14:00:00+05:30,323.35,323.95,322.15,323.2,493218
2025-05-16T14:15:00+05:30,323.2,324.7,322.7,323.5,1513246
2025-05-16T14:30:00+05:30,323.5,323.65,321.0,321.8,666882
2025-05-16T14:45:00+05:30,321.75,323.35,321.35,322.5,455707
2025-05-16T15:00:00+05:30,322.6,322.7,321.5,321.75,529526
2025-05-16T15:15:00+05:30,321.75,321.9,320.0,320.85,1370639
2025-05-19T09:15:00+05:30,321.8,326.4,319.2,319.95,2415215
2025-05-19T09:30:00+05:30,319.85,325.35,319.6,324.7,1647721
2025-05-19T09:45:00+05:30,324.75,328.8,323.85,327.0,2086062
2025-05-19T10:00:00+05:30,327.0,327.05,324.1,324.85,817082
2025-05-19T10:15:00+05:30,324.8,326.45,324.5,325.0,1362572
2025-05-19T10:30:00+05:30,325.0,325.35,323.35,324.9,1379763
2025-05-19T10:45:00+05:30,324.8,326.55,324.1,325.55,1063505
2025-05-19T11:00:00+05:30,325.6,326.35,324.65,325.3,308705
2025-05-19T11:15:00+05:30,325.35,325.5,324.35,324.65,394309
2025-05-19T11:30:00+05:30,324.65,325.6,324.55,325.15,331173
2025-05-19T11:45:00+05:30,325.2,325.25,324.4,325.05,291102
2025-05-19T12:00:00+05:30,325.05,325.1,323.25,324.75,360385
2025-05-19T12:15:00+05:30,324.75,325.0,324.15,324.9,293427
2025-05-19T12:30:00+05:30,324.9,325.1,324.15,325.0,267287
2025-05-19T12:45:00+05:30,325.0,325.2,323.8,325.1,823474
2025-05-19T13:00:00+05:30,325.0,325.2,324.1,324.55,250499
2025-05-19T13:15:00+05:30,324.55,324.7,322.5,323.75,518574
2025-05-19T13:30:00+05:30,323.75,324.2,322.0,322.55,417288
2025-05-19T13:45:00+05:30,322.35,323.45,321.8,322.95,344899
2025-05-19T14:00:00+05:30,322.95,323.15,321.55,321.9,465635
2025-05-19T14:15:00+05:30,321.9,323.2,321.9,322.85,413302
2025-05-19T14:30:00+05:30,322.7,324.0,322.5,323.7,330148
2025-05-19T14:45:00+05:30,323.65,323.8,321.5,322.7,429963
2025-05-19T15:00:00+05:30,322.7,323.0,321.55,322.1,589661
2025-05-19T15:15:00+05:30,322.0,326.0,321.3,324.0,2193439
2025-05-20T09:15:00+05:30,325.3,325.3,318.0,318.35,1850528
2025-05-20T09:30:00+05:30,318.15,319.6,316.3,317.4,1112587
2025-05-20T09:45:00+05:30,317.45,317.6,314.0,316.0,951089
2025-05-20T10:00:00+05:30,316.0,317.9,315.5,317.0,593874
2025-05-20T10:15:00+05:30,317.0,317.1,315.7,316.6,587602
2025-05-20T10:30:00+05:30,316.65,318.2,316.3,318.0,444063
2025-05-20T10:45:00+05:30,318.15,319.6,317.7,318.45,516210
2025-05-20T11:00:00+05:30,318.6,319.25,318.15,318.95,183912
2025-05-20T11:15:00+05:30,318.9,319.25,318.3,319.1,208181
2025-05-20T11:30:00+05:30,319.15,319.65,317.25,318.0,1926004
2025-05-20T11:45:00+05:30,318.0,318.35,316.9,317.6,793798
2025-05-20T12:00:00+05:30,317.55,318.0,316.8,317.45,216372
2025-05-20T12:15:00+05:30,317.5,317.5,314.7,314.95,765457
2025-05-20T12:30:00+05:30,315.0,315.8,314.7,315.25,290915
2025-05-20T12:45:00+05:30,315.25,315.3,314.05,314.3,380490
2025-05-20T13:00:00+05:30,314.35,315.0,314.15,314.4,256908
2025-05-20T13:15:00+05:30,314.45,314.75,313.05,314.25,364480
2025-05-20T13:30:00+05:30,314.3,314.85,313.4,314.1,265717
2025-05-20T13:45:00+05:30,314.0,314.45,313.15,313.7,378917
2025-05-20T14:00:00+05:30,313.65,313.8,312.5,312.65,381329
2025-05-20T14:15:00+05:30,312.7,312.8,311.25,311.95,499365
2025-05-20T14:30:00+05:30,311.95,313.3,311.25,311.4,2198116
2025-05-20T14:45:00+05:30,311.35,312.25,311.1,311.85,590968
2025-05-20T15:00:00+05:30,311.85,312.25,311.0,311.4,675615
2025-05-20T15:15:00+05:30,311.35,312.0,310.15,311.8,1073725
2025-05-21T09:15:00+05:30,313.3,315.0,309.5,310.35,1121470
2025-05-21T09:30:00+05:30,310.35,312.4,309.5,311.2,626628
2025-05-21T09:45:00+05:30,311.15,312.0,310.4,310.95,431619
2025-05-21T10:00:00+05:30,310.95,312.55,310.15,312.25,453824
2025-05-21T10:15:00+05:30,312.3,314.4,312.25,313.2,699662
2025-05-21T10:30:00+05:30,313.15,314.3,312.9,313.6,361253
2025-05-21T10:45:00+05:30,313.6,313.75,312.5,312.5,316694
2025-05-21T11:00:00+05:30,312.55,313.0,311.5,311.95,305844
2025-05-21T11:15:00+05:30,311.95,312.1,311.1,311.8,193923
2025-05-21T11:30:00+05:30,311.6,311.8,309.6,309.7,678105
2025-05-21T11:45:00+05:30,309.7,310.0,309.1,309.85,326598
2025-05-21T12:00:00+05:30,309.85,310.0,308.7,309.65,4241920
2025-05-21T12:15:00+05:30,309.65,311.35,308.7,310.75,562116
2025-05-21T12:30:00+05:30,310.75,312.7,310.75,312.45,303113
2025-05-21T12:45:00+05:30,312.3,314.0,312.1,313.1,341671
2025-05-21T13:00:00+05:30,313.1,314.45,313.0,314.4,328446
2025-05-21T13:15:00+05:30,314.3,314.4,312.35,313.8,347941
2025-05-21T13:30:00+05:30,313.8,314.3,313.45,313.65,266537
2025-05-21T13:45:00+05:30,313.65,314.75,313.5,314.0,244395
2025-05-21T14:00:00+05:30,314.0,314.75,313.8,314.6,153919
2025-05-21T14:15:00+05:30,314.6,314.75,314.0,314.0,179239
2025-05-21T14:30:00+05:30,314.0,314.5,313.5,313.6,307769
2025-05-21T14:45:00+05:30,313.6,314.0,313.25,313.5,599269
2025-05-21T15:00:00+05:30,313.5,314.8,313.5,314.15,447720
2025-05-21T15:15:00+05:30,314.2,314.55,313.3,313.85,854929
2025-05-22T09:15:00+05:30,311.5,316.6,310.15,315.35,1267667
2025-05-22T09:30:00+05:30,315.35,316.1,314.5,315.65,461274
2025-05-22T09:45:00+05:30,315.6,318.2,315.05,315.75,786809
2025-05-22T10:00:00+05:30,315.7,316.2,314.6,315.4,270257
2025-05-22T10:15:00+05:30,315.4,316.3,314.95,316.0,225238
2025-05-22T10:30:00+05:30,316.0,316.4,315.3,315.95,139944
2025-05-22T10:45:00+05:30,315.95,316.55,315.2,315.8,164503
2025-05-22T11:00:00+05:30,315.8,316.0,315.0,315.1,458599
2025-05-22T11:15:00+05:30,315.15,315.8,314.85,315.6,215205
2025-05-22T11:30:00+05:30,315.65,317.3,315.6,316.95,291578
2025-05-22T11:45:00+05:30,316.95,317.05,316.0,316.6,251712
2025-05-22T12:00:00+05:30,316.6,317.1,316.6,316.7,155048
2025-05-22T12:15:00+05:30,316.7,317.5,316.55,317.0,249842
2025-05-22T12:30:00+05:30,317.0,317.15,314.7,315.0,675711
2025-05-22T12:45:00+05:30,314.9,315.15,314.3,314.75,181686
2025-05-22T13:00:00+05:30,314.75,315.55,314.75,315.4,124010
2025-05-22T13:15:00+05:30,315.35,315.9,315.35,315.8,64974
2025-05-22T13:30:00+05:30,315.75,315.95,315.15,315.35,69938
2025-05-22T13:45:00+05:30,315.25,315.8,315.0,315.4,90722
2025-05-22T14:00:00+05:30,315.45,315.45,314.15,314.2,159512
2025-05-22T14:15:00+05:30,314.35,314.45,313.2,313.5,303953
2025-05-22T14:30:00+05:30,313.5,314.65,313.15,314.2,208399
2025-05-22T14:45:00+05:30,314.25,315.35,314.2,315.0,155729
2025-05-22T15:00:00+05:30,315.05,315.7,315.0,315.25,198212
2025-05-22T15:15:00+05:30,315.3,316.0,314.05,314.55,586576
2025-05-23T09:15:00+05:30,317.05,319.35,311.45,317.9,1880065
2025-05-23T09:30:00+05:30,317.95,320.15,317.8,319.8,1175742
2025-05-23T09:45:00+05:30,319.8,320.0,317.55,317.75,403784
2025-05-23T10:00:00+05:30,317.8,318.35,316.1,316.85,386244
2025-05-23T10:15:00+05:30,316.9,320.15,316.1,318.45,754177
2025-05-23T10:30:00+05:30,318.45,318.75,317.55,318.2,419339
2025-05-23T10:45:00+05:30,318.15,318.6,317.85,318.45,180889
2025-05-23T11:00:00+05:30,318.25,318.5,316.5,317.7,179078
2025-05-23T11:15:00+05:30,317.6,318.3,317.35,317.75,123035
2025-05-23T11:30:00+05:30,317.8,318.25,317.55,318.15,98783
2025-05-23T11:45:00+05:30,318.15,318.3,317.35,318.15,140760
2025-05-23T12:00:00+05:30,318.15,321.0,317.85,320.2,454929
2025-05-23T12:15:00+05:30,320.2,321.95,320.0,320.8,711367
2025-05-23T12:30:00+05:30,320.75,323.8,320.55,322.75,907959
2025-05-23T12:45:00+05:30,322.8,324.95,322.2,324.15,1001085
2025-05-23T13:00:00+05:30,324.1,324.75,323.15,323.45,429450
2025-05-23T13:15:00+05:30,323.4,323.45,322.5,323.05,187519
2025-05-23T13:30:00+05:30,323.05,324.9,322.35,324.0,610298
2025-05-23T13:45:00+05:30,324.0,324.5,323.35,324.0,330425
2025-05-23T14:00:00+05:30,324.0,325.0,323.45,324.95,476402
2025-05-23T14:15:00+05:30,324.9,326.5,324.4,324.45,1058839
2025-05-23T14:30:00+05:30,324.45,324.85,322.85,323.55,453310
2025-05-23T14:45:00+05:30,323.6,324.25,322.85,323.7,380528
2025-05-23T15:00:00+05:30,323.7,324.1,323.25,323.9,460640
2025-05-23T15:15:00+05:30,323.9,324.35,322.6,322.75,953678
2025-05-26T09:15:00+05:30,324.85,327.1,323.0,325.65,963982
2025-05-26T09:30:00+05:30,325.65,325.95,319.75,320.15,934402
2025-05-26T09:45:00+05:30,320.05,321.0,318.55,321.0,615336
2025-05-26T10:00:00+05:30,321.05,322.45,320.45,321.75,389397
2025-05-26T10:15:00+05:30,321.75,322.75,321.2,322.15,280957
2025-05-26T10:30:00+05:30,322.0,322.85,321.3,322.75,225697
2025-05-26T10:45:00+05:30,322.75,323.6,322.6,322.8,273563
2025-05-26T11:00:00+05:30,322.85,323.1,322.05,322.9,263152
2025-05-26T11:15:00+05:30,322.85,323.1,322.35,322.75,137803
2025-05-26T11:30:00+05:30,322.75,322.95,322.45,322.5,93076
2025-05-26T11:45:00+05:30,322.55,322.95,321.3,321.75,541079
2025-05-26T12:00:00+05:30,321.75,322.1,320.8,321.0,180408
2025-05-26T12:15:00+05:30,320.9,321.6,320.3,320.75,298543
2025-05-26T12:30:00+05:30,320.75,321.2,319.5,321.15,769777
2025-05-26T12:45:00+05:30,321.15,321.95,320.0,320.65,177119
2025-05-26T13:00:00+05:30,320.65,321.3,320.35,321.2,110345
2025-05-26T13:15:00+05:30,321.2,321.85,320.95,321.15,115370
2025-05-26T13:30:00+05:30,321.05,321.4,320.7,321.2,113533
2025-05-26T13:45:00+05:30,321.2,321.35,320.7,320.9,141128
2025-05-26T14:00:00+05:30,320.9,321.25,320.25,320.5,187249
2025-05-26T14:15:00+05:30,320.45,321.05,320.4,320.65,115399
2025-05-26T14:30:00+05:30,320.7,321.8,320.0,321.55,299725
2025-05-26T14:45:00+05:30,321.55,321.65,320.75,321.25,140169
2025-05-26T15:00:00+05:30,321.25,322.8,320.5,320.85,436576
2025-05-26T15:15:00+05:30,320.8,321.35,319.85,321.0,775902
2025-05-27T09:15:00+05:30,321.45,322.4,317.9,319.95,635794
2025-05-27T09:30:00+05:30,319.9,320.9,319.0,320.1,377764
2025-05-27T09:45:00+05:30,320.1,320.45,319.55,319.95,130129
2025-05-27T10:00:00+05:30,319.95,320.4,319.6,320.05,142657
2025-05-27T10:15:00+05:30,320.0,320.45,319.9,320.1,82996
2025-05-27T10:30:00+05:30,320.05,321.85,320.0,321.3,149342
2025-05-27T10:45:00+05:30,321.3,322.2,320.75,320.9,250683
2025-05-27T11:00:00+05:30,320.85,321.65,319.95,320.95,412989
2025-05-27T11:15:00+05:30,320.85,322.15,320.15,321.0,269059
2025-05-27T11:30:00+05:30,320.95,322.8,320.7,322.0,246840
2025-05-27T11:45:00+05:30,322.0,325.35,321.6,323.55,534034
2025-05-27T12:00:00+05:30,323.55,324.0,322.0,322.7,204520
2025-05-27T12:15:00+05:30,322.7,323.0,319.7,320.95,888373
2025-05-27T12:30:00+05:30,320.9,321.4,319.2,319.8,1560792
2025-05-27T12:45:00+05:30,319.85,320.8,319.5,320.6,440763
2025-05-27T13:00:00+05:30,320.6,321.0,320.3,321.0,88162
2025-05-27T13:15:00+05:30,320.95,321.15,319.45,320.0,152924
2025-05-27T13:30:00+05:30,320.05,320.5,319.85,320.45,123610
2025-05-27T13:45:00+05:30,320.5,320.5,319.9,320.05,87170
2025-05-27T14:00:00+05:30,320.1,320.5,319.9,320.25,88684
2025-05-27T14:15:00+05:30,320.3,321.0,319.9,321.0,112963
2025-05-27T14:30:00+05:30,320.95,321.05,320.05,321.0,178204
2025-05-27T14:45:00+05:30,320.9,321.15,320.15,320.75,98584
2025-05-27T15:00:00+05:30,320.8,320.9,320.05,320.1,172501
2025-05-27T15:15:00+05:30,320.1,320.7,319.25,320.1,520065
2025-05-28T09:15:00+05:30,320.45,321.75,318.5,320.2,500256
2025-05-28T09:30:00+05:30,320.2,320.55,319.85,320.05,296023
2025-05-28T09:45:00+05:30,320.05,320.35,319.85,320.0,439955
2025-05-28T10:00:00+05:30,320.05,320.5,319.7,320.45,436270
2025-05-28T10:15:00+05:30,320.55,321.55,319.8,320.55,1644653
2025-05-28T10:30:00+05:30,320.55,320.75,320.0,320.2,78259
2025-05-28T10:45:00+05:30,320.2,323.15,320.1,322.45,312510
2025-05-28T11:00:00+05:30,322.45,323.15,321.9,322.7,207868
2025-05-28T11:15:00+05:30,322.75,324.3,322.6,323.65,295796
2025-05-28T11:30:00+05:30,323.65,325.6,323.0,325.1,393072
2025-05-28T11:45:00+05:30,325.05,326.2,324.45,325.45,411907
2025-05-28T12:00:00+05:30,325.5,326.9,323.7,324.45,788829
2025-05-28T12:15:00+05:30,324.45,325.0,323.95,324.35,225236
2025-05-28T12:30:00+05:30,324.35,325.5,324.25,324.6,177287
2025-05-28T12:45:00+05:30,324.65,324.85,324.15,324.8,58417
2025-05-28T13:00:00+05:30,324.8,325.0,323.85,324.15,104187
2025-05-28T13:15:00+05:30,324.2,324.65,323.55,324.05,133964
2025-05-28T13:30:00+05:30,324.1,325.2,324.05,324.5,155301
2025-05-28T13:45:00+05:30,324.5,325.6,322.55,322.85,272960
2025-05-28T14:00:00+05:30,322.7,323.6,321.9,323.1,204905
2025-05-28T14:15:00+05:30,323.15,323.45,322.0,322.0,102613
2025-05-28T14:30:00+05:30,322.05,322.15,319.6,320.75,2897935
2025-05-28T14:45:00+05:30,320.7,321.15,320.35,320.35,134302
2025-05-28T15:00:00+05:30,320.4,320.95,319.7,320.1,370830
2025-05-28T15:15:00+05:30,320.1,320.85,320.0,320.2,403262
2025-05-29T09:15:00+05:30,321.35,327.15,320.0,325.6,1139061
2025-05-29T09:30:00+05:30,325.4,326.25,324.15,326.05,929106
2025-05-29T09:45:00+05:30,326.05,326.2,325.0,325.35,502247
2025-05-29T10:00:00+05:30,325.25,325.7,324.9,324.95,268536
2025-05-29T10:15:00+05:30,324.95,326.35,324.8,325.3,404807
2025-05-29T10:30:00+05:30,325.3,325.5,325.0,325.05,138717
2025-05-29T10:45:00+05:30,325.1,326.0,323.0,325.0,1146162
2025-05-29T11:00:00+05:30,325.0,325.35,324.65,325.15,100492
2025-05-29T11:15:00+05:30,325.1,325.45,325.0,325.05,86776
2025-05-29T11:30:00+05:30,325.05,325.2,324.3,325.0,92455
2025-05-29T11:45:00+05:30,325.0,325.9,325.0,325.8,131533
2025-05-29T12:00:00+05:30,325.8,325.9,325.1,325.35,155783
2025-05-29T12:15:00+05:30,325.35,325.5,325.0,325.3,151543
2025-05-29T12:30:00+05:30,325.15,325.45,324.95,325.1,159982
2025-05-29T12:45:00+05:30,325.05,325.5,324.5,325.2,150030
2025-05-29T13:00:00+05:30,325.2,325.55,325.05,325.25,110931
2025-05-29T13:15:00+05:30,325.25,325.8,325.0,325.25,101956
2025-05-29T13:30:00+05:30,325.25,325.7,325.0,325.35,162581
2025-05-29T13:45:00+05:30,325.35,325.8,325.1,325.65,126926
2025-05-29T14:00:00+05:30,325.65,326.45,325.5,326.15,611669
2025-05-29T14:15:00+05:30,326.2,328.2,325.9,326.3,5361267
2025-05-29T14:30:00+05:30,326.4,328.7,326.2,328.15,1494109
2025-05-29T14:45:00+05:30,328.15,328.35,326.95,327.7,1069442
2025-05-29T15:00:00+05:30,327.7,331.2,327.45,329.25,3068154
2025-05-29T15:15:00+05:30,329.25,329.7,326.5,328.5,4078063
2025-05-30T09:15:00+05:30,328.95,338.2,328.4,332.4,4786844
2025-05-30T09:30:00+05:30,332.4,332.65,327.65,329.3,1548959
2025-05-30T09:45:00+05:30,329.25,331.5,328.75,330.4,1205684
2025-05-30T10:00:00+05:30,330.3,331.5,330.1,331.35,583692
2025-05-30T10:15:00+05:30,331.35,331.6,331.0,331.15,583508
2025-05-30T10:30:00+05:30,331.15,331.2,329.1,330.85,666764
2025-05-30T10:45:00+05:30,330.65,333.3,330.1,332.05,823884
2025-05-30T11:00:00+05:30,332.05,333.05,330.7,331.45,399151
2025-05-30T11:15:00+05:30,331.35,331.95,330.4,330.8,246953
2025-05-30T11:30:00+05:30,330.8,330.9,329.7,329.85,373270
2025-05-30T11:45:00+05:30,329.75,330.65,329.5,330.0,403901
2025-05-30T12:00:00+05:30,330.0,330.45,329.75,330.25,257910
2025-05-30T12:15:00+05:30,330.2,330.55,330.0,330.05,189814
2025-05-30T12:30:00+05:30,330.05,332.2,330.0,331.5,452348
2025-05-30T12:45:00+05:30,331.55,332.15,330.65,331.7,349796
2025-05-30T13:00:00+05:30,331.7,331.95,330.0,330.85,331275
2025-05-30T13:15:00+05:30,330.85,331.5,330.2,330.45,353850
2025-05-30T13:30:00+05:30,330.4,331.55,330.4,330.9,211037
2025-05-30T13:45:00+05:30,330.9,331.4,330.35,330.85,217072
2025-05-30T14:00:00+05:30,330.85,331.6,330.0,331.2,282701
2025-05-30T14:15:00+05:30,331.3,332.2,331.05,331.5,352815
2025-05-30T14:30:00+05:30,331.5,334.0,331.5,333.45,1079328
2025-05-30T14:45:00+05:30,333.4,334.75,332.5,334.5,814772
2025-05-30T15:00:00+05:30,334.35,335.0,331.15,334.65,1379349
2025-05-30T15:15:00+05:30,334.7,335.1,330.0,331.5,1739629
2025-06-02T09:15:00+05:30,330.85,334.35,327.95,330.25,1123242
2025-06-02T09:30:00+05:30,330.25,330.55,328.8,330.0,382538
2025-06-02T09:45:00+05:30,329.85,331.0,329.55,330.35,288134
2025-06-02T10:00:00+05:30,330.35,334.05,330.1,333.75,556484
2025-06-02T10:15:00+05:30,333.75,334.5,333.2,334.3,509901
2025-06-02T10:30:00+05:30,334.3,341.0,334.15,339.3,1945422
2025-06-02T10:45:00+05:30,339.25,341.85,339.2,340.35,1267053
2025-06-02T11:00:00+05:30,340.35,343.2,340.05,343.0,618320
2025-06-02T11:15:00+05:30,343.0,343.55,338.0,338.1,955377
2025-06-02T11:30:00+05:30,338.1,339.0,336.25,338.4,615527
2025-06-02T11:45:00+05:30,338.4,340.9,338.25,340.45,488270
2025-06-02T12:00:00+05:30,340.45,341.5,339.65,340.85,641711
2025-06-02T12:15:00+05:30,340.85,340.95,339.6,340.45,296778
2025-06-02T12:30:00+05:30,340.45,340.5,339.35,339.45,371813
2025-06-02T12:45:00+05:30,339.5,340.7,337.9,338.45,509611
2025-06-02T13:00:00+05:30,338.4,339.5,335.1,337.1,773967
2025-06-02T13:15:00+05:30,337.05,337.8,335.25,336.8,577075
2025-06-02T13:30:00+05:30,336.8,337.95,336.6,337.65,380727
2025-06-02T13:45:00+05:30,337.65,338.9,336.6,338.35,434432
2025-06-02T14:00:00+05:30,338.35,338.95,336.7,337.7,505228
2025-06-02T14:15:00+05:30,337.7,338.05,336.55,336.9,509292
2025-06-02T14:30:00+05:30,336.9,337.35,335.5,335.9,598413
2025-06-02T14:45:00+05:30,335.9,336.0,333.15,333.7,667523
2025-06-02T15:00:00+05:30,333.6,334.9,332.2,332.45,919357
2025-06-02T15:15:00+05:30,332.45,333.9,332.15,333.15,885026
2025-06-03T09:15:00+05:30,337.95,341.7,337.45,339.1,1868389
2025-06-03T09:30:00+05:30,338.95,340.0,338.15,339.0,509281
2025-06-03T09:45:00+05:30,339.0,342.45,338.9,340.05,1155601
2025-06-03T10:00:00+05:30,340.15,342.85,338.75,342.7,943631
2025-06-03T10:15:00+05:30,342.7,347.25,342.6,345.0,2622399
2025-06-03T10:30:00+05:30,345.0,346.25,342.25,342.55,1227817
2025-06-03T10:45:00+05:30,342.5,344.0,339.65,343.1,1647034
2025-06-03T11:00:00+05:30,343.1,344.0,342.8,343.7,785726
2025-06-03T11:15:00+05:30,343.6,343.75,340.7,342.6,784470
2025-06-03T11:30:00+05:30,342.5,343.0,340.8,341.5,394584
2025-06-03T11:45:00+05:30,341.45,341.8,340.4,341.6,405805
2025-06-03T12:00:00+05:30,341.55,341.9,339.05,339.9,885705
2025-06-03T12:15:00+05:30,339.8,340.7,338.35,340.7,592693
2025-06-03T12:30:00+05:30,340.65,341.0,339.15,339.8,533498
2025-06-03T12:45:00+05:30,339.75,340.3,338.35,338.85,382357
2025-06-03T13:00:00+05:30,338.75,339.0,335.75,336.35,671113
2025-06-03T13:15:00+05:30,336.3,340.0,336.3,339.95,544363
2025-06-03T13:30:00+05:30,339.9,340.85,339.4,340.0,495022
2025-06-03T13:45:00+05:30,340.0,340.9,337.4,338.05,626159
2025-06-03T14:00:00+05:30,338.05,339.6,336.2,338.4,804770
2025-06-03T14:15:00+05:30,338.25,338.75,335.8,337.4,939951
2025-06-03T14:30:00+05:30,337.15,337.8,335.4,337.15,1034019
2025-06-03T14:45:00+05:30,337.15,337.6,335.2,336.2,1096090
2025-06-03T15:00:00+05:30,336.2,337.2,332.85,332.85,1602502
2025-06-03T15:15:00+05:30,333.0,334.05,330.6,333.5,3112457
2025-06-04T09:15:00+05:30,335.4,346.0,335.1,345.0,3453739
2025-06-04T09:30:00+05:30,345.05,345.35,339.6,340.0,2053471
2025-06-04T09:45:00+05:30,339.95,343.15,339.45,342.9,1616934
2025-06-04T10:00:00+05:30,342.9,345.2,342.9,344.2,2178496
2025-06-04T10:15:00+05:30,344.2,345.3,342.3,343.75,985366
2025-06-04T10:30:00+05:30,343.7,344.3,343.1,343.65,595093
2025-06-04T10:45:00+05:30,343.65,344.25,342.55,343.95,557493
2025-06-04T11:00:00+05:30,343.9,344.9,343.8,344.5,622811
2025-06-04T11:15:00+05:30,344.5,347.05,344.5,346.3,1719574
2025-06-04T11:30:00+05:30,346.3,348.7,345.05,348.7,1530253
2025-06-04T11:45:00+05:30,348.6,354.5,348.0,353.25,5389936
2025-06-04T12:00:00+05:30,353.1,356.9,352.5,356.0,2664720
2025-06-04T12:15:00+05:30,356.1,357.5,354.2,354.85,1915377
2025-06-04T12:30:00+05:30,354.95,356.2,353.8,354.35,1421739
2025-06-04T12:45:00+05:30,354.35,356.85,354.05,355.15,1349992
2025-06-04T13:00:00+05:30,355.05,358.5,353.4,355.3,2366482
2025-06-04T13:15:00+05:30,355.25,358.75,354.4,357.45,1949531
2025-06-04T13:30:00+05:30,357.45,360.9,357.35,359.05,2570450
2025-06-04T13:45:00+05:30,359.1,360.6,358.9,359.9,1593721
2025-06-04T14:00:00+05:30,359.9,361.5,359.0,359.95,1713134
2025-06-04T14:15:00+05:30,359.85,361.9,359.65,361.5,1569218
2025-06-04T14:30:00+05:30,361.5,361.8,360.0,360.15,1442793
2025-06-04T14:45:00+05:30,360.25,362.0,358.05,361.3,2098998
2025-06-04T15:00:00+05:30,361.4,364.95,360.6,361.3,4390429
2025-06-04T15:15:00+05:30,361.3,364.75,359.55,360.8,4847746
2025-06-05T09:15:00+05:30,360.9,364.4,357.1,362.3,4063636
2025-06-05T09:30:00+05:30,362.3,364.5,360.5,364.3,1944794
2025-06-05T09:45:00+05:30,364.25,364.5,361.6,362.1,8354438
2025-06-05T10:00:00+05:30,362.1,362.4,358.45,361.95,1493686
2025-06-05T10:15:00+05:30,361.95,365.65,361.8,364.65,2696251
2025-06-05T10:30:00+05:30,364.7,367.5,364.55,366.65,2278578
2025-06-05T10:45:00+05:30,366.7,368.5,365.3,368.25,1675978
2025-06-05T11:00:00+05:30,368.3,369.9,365.85,367.15,2552034
2025-06-05T11:15:00+05:30,367.05,369.3,366.6,368.55,961246
2025-06-05T11:30:00+05:30,368.6,368.75,365.6,366.2,819361
2025-06-05T11:45:00+05:30,366.25,368.15,366.25,367.55,539420
2025-06-05T12:00:00+05:30,367.6,368.5,366.5,367.1,701261
2025-06-05T12:15:00+05:30,367.05,368.0,366.05,367.45,580341
2025-06-05T12:30:00+05:30,367.3,370.0,367.15,369.15,1417070
2025-06-05T12:45:00+05:30,369.1,369.4,367.7,367.9,682838
2025-06-05T13:00:00+05:30,367.9,369.0,367.15,367.4,737585
2025-06-05T13:15:00+05:30,367.45,368.25,365.4,365.6,743765
2025-06-05T13:30:00+05:30,365.6,366.15,362.75,363.3,1064708
2025-06-05T13:45:00+05:30,363.3,365.45,363.0,364.45,612842
2025-06-05T14:00:00+05:30,364.55,365.5,364.3,365.3,419051
2025-06-05T14:15:00+05:30,365.35,365.8,364.75,365.2,575809
2025-06-05T14:30:00+05:30,365.2,365.6,363.15,363.9,784890
2025-06-05T14:45:00+05:30,363.9,364.0,363.35,363.75,475356
2025-06-05T15:00:00+05:30,363.9,364.0,362.75,363.8,1242745
2025-06-05T15:15:00+05:30,363.85,366.0,363.35,365.15,2565505
2025-06-06T09:15:00+05:30,365.5,374.85,365.15,369.6,4091575
2025-06-06T09:30:00+05:30,369.6,372.1,368.0,369.65,1975997
2025-06-06T09:45:00+05:30,369.7,370.0,369.05,369.65,471561
2025-06-06T10:00:00+05:30,369.5,373.45,369.3,372.75,1817821
2025-06-06T10:15:00+05:30,372.75,374.55,371.2,371.75,1587556
2025-06-06T10:30:00+05:30,371.75,372.85,371.1,371.7,532970
2025-06-06T10:45:00+05:30,371.7,372.5,371.35,371.85,383446
2025-06-06T11:00:00+05:30,371.9,371.9,368.5,370.1,1102479
2025-06-06T11:15:00+05:30,370.1,370.9,369.8,370.4,286104
2025-06-06T11:30:00+05:30,370.45,371.4,370.0,371.3,459849
2025-06-06T11:45:00+05:30,371.3,372.15,370.75,371.6,449620
2025-06-06T12:00:00+05:30,371.6,371.75,370.7,371.25,328986
2025-06-06T12:15:00+05:30,371.25,371.95,370.95,370.95,220396
2025-06-06T12:30:00+05:30,371.0,372.0,370.85,371.75,314255
2025-06-06T12:45:00+05:30,371.75,371.8,370.95,371.6,244096
2025-06-06T13:00:00+05:30,371.55,372.9,371.4,371.75,435338
2025-06-06T13:15:00+05:30,371.8,372.2,371.55,372.0,289978
2025-06-06T13:30:00+05:30,372.0,372.15,371.55,371.7,194658
2025-06-06T13:45:00+05:30,371.75,373.0,371.05,372.6,467443
2025-06-06T14:00:00+05:30,372.65,373.9,372.6,373.55,545690
2025-06-06T14:15:00+05:30,373.5,373.95,371.65,373.0,626162
2025-06-06T14:30:00+05:30,373.0,373.5,372.65,373.0,354853
2025-06-06T14:45:00+05:30,373.0,376.4,372.4,376.25,1506723
2025-06-06T15:00:00+05:30,376.3,376.5,374.6,374.9,1745123
2025-06-06T15:15:00+05:30,374.9,375.95,370.7,372.4,2869337
2025-06-09T09:15:00+05:30,376.0,376.25,360.1,363.35,3018584
2025-06-09T09:30:00+05:30,363.35,367.25,361.9,365.25,2057345
2025-06-09T09:45:00+05:30,365.25,365.45,362.0,362.5,1108594
2025-06-09T10:00:00+05:30,362.45,363.3,361.5,362.35,872791
2025-06-09T10:15:00+05:30,362.4,364.4,362.05,363.05,690602
2025-06-09T10:30:00+05:30,363.1,363.85,361.0,362.05,1542919
2025-06-09T10:45:00+05:30,362.05,362.8,361.8,362.6,305940
2025-06-09T11:00:00+05:30,362.55,362.7,362.0,362.5,221118
2025-06-09T11:15:00+05:30,362.55,363.4,362.4,363.2,255757
2025-06-09T11:30:00+05:30,363.25,364.9,363.2,364.25,668141
2025-06-09T11:45:00+05:30,364.25,365.45,363.7,364.55,490628
2025-06-09T12:00:00+05:30,364.55,366.45,364.1,364.5,862410
2025-06-09T12:15:00+05:30,364.45,364.85,364.05,364.35,217896
2025-06-09T12:30:00+05:30,364.25,366.25,363.85,365.15,325761
2025-06-09T12:45:00+05:30,365.15,365.5,364.25,364.95,328678
2025-06-09T13:00:00+05:30,364.95,365.0,364.35,364.75,121761
2025-06-09T13:15:00+05:30,364.7,364.9,364.0,364.35,247499
2025-06-09T13:30:00+05:30,364.35,365.4,363.8,365.0,233527
2025-06-09T13:45:00+05:30,365.0,365.5,364.65,365.25,203332
2025-06-09T14:00:00+05:30,365.2,365.25,364.5,364.75,245216
2025-06-09T14:15:00+05:30,364.7,365.0,364.25,364.55,214046
2025-06-09T14:30:00+05:30,364.5,364.6,363.6,364.0,479990
2025-06-09T14:45:00+05:30,364.05,365.2,363.8,364.9,386821
2025-06-09T15:00:00+05:30,364.85,366.35,363.7,363.85,992051
2025-06-09T15:15:00+05:30,363.75,364.75,363.4,364.0,878138
2025-06-10T09:15:00+05:30,364.55,366.9,362.3,363.0,1134167
2025-06-10T09:30:00+05:30,363.2,369.5,362.1,364.3,1136941
2025-06-10T09:45:00+05:30,364.2,366.4,362.85,364.55,651367
2025-06-10T10:00:00+05:30,364.5,365.0,363.9,364.2,242117
2025-06-10T10:15:00+05:30,364.2,364.3,363.1,363.6,288684
2025-06-10T10:30:00+05:30,363.6,363.65,362.6,363.5,379437
2025-06-10T10:45:00+05:30,363.5,364.3,361.15,361.7,920029
2025-06-10T11:00:00+05:30,361.7,361.95,356.25,357.75,1200336
2025-06-10T11:15:00+05:30,357.75,358.15,356.1,356.85,591717
2025-06-10T11:30:00+05:30,356.9,358.45,356.65,357.25,449083
2025-06-10T11:45:00+05:30,357.25,358.2,354.3,355.55,1153310
2025-06-10T12:00:00+05:30,355.55,355.75,352.55,353.05,911640
2025-06-10T12:15:00+05:30,353.05,354.4,352.7,353.1,782444
2025-06-10T12:30:00+05:30,353.15,358.05,353.0,356.6,955187
2025-06-10T12:45:00+05:30,356.55,356.95,355.6,356.35,220302
2025-06-10T13:00:00+05:30,356.35,359.75,356.2,359.65,342252
2025-06-10T13:15:00+05:30,359.7,361.0,356.7,357.25,648230
2025-06-10T13:30:00+05:30,357.3,357.6,356.5,357.55,188338
2025-06-10T13:45:00+05:30,357.5,357.65,356.8,357.6,185874
2025-06-10T14:00:00+05:30,357.55,358.65,356.55,358.1,432483
2025-06-10T14:15:00+05:30,358.1,362.2,356.85,360.7,911839
2025-06-10T14:30:00+05:30,360.55,362.9,359.5,362.65,818129
2025-06-10T14:45:00+05:30,362.65,364.0,361.55,361.85,808803
2025-06-10T15:00:00+05:30,361.9,363.55,361.3,362.7,849805
2025-06-10T15:15:00+05:30,362.7,362.8,360.0,360.5,942633
2025-06-11T09:15:00+05:30,360.5,361.6,357.15,360.7,1047432
2025-06-11T09:30:00+05:30,360.7,360.9,358.1,359.3,938814
2025-06-11T09:45:00+05:30,359.2,359.25,356.1,358.65,827335
2025-06-11T10:00:00+05:30,358.6,359.85,354.0,355.5,1449220
2025-06-11T10:15:00+05:30,355.55,356.7,353.1,353.7,653346
2025-06-11T10:30:00+05:30,353.7,354.1,352.0,353.0,622189
2025-06-11T10:45:00+05:30,353.05,353.8,352.75,352.85,407443
2025-06-11T11:00:00+05:30,352.8,353.3,352.0,353.05,363930
2025-06-11T11:15:00+05:30,353.05,354.0,352.55,353.6,256802
2025-06-11T11:30:00+05:30,353.55,353.8,352.7,353.15,201149
2025-06-11T11:45:00+05:30,353.15,355.7,353.15,355.0,854904
2025-06-11T12:00:00+05:30,355.0,356.2,354.85,354.9,884367
2025-06-11T12:15:00+05:30,354.85,355.5,354.5,355.4,622145
2025-06-11T12:30:00+05:30,355.4,356.25,353.95,355.05,612819
2025-06-11T12:45:00+05:30,355.05,355.6,354.85,355.35,213652
2025-06-11T13:00:00+05:30,355.3,355.35,354.1,354.55,266724
2025-06-11T13:15:00+05:30,354.55,355.2,354.0,354.2,475124
2025-06-11T13:30:00+05:30,354.2,354.9,353.5,353.7,365554
2025-06-11T13:45:00+05:30,353.6,354.55,352.9,354.0,723687
2025-06-11T14:00:00+05:30,354.05,356.15,353.9,355.2,672217
2025-06-11T14:15:00+05:30,355.2,356.8,355.1,355.75,1235012
2025-06-11T14:30:00+05:30,355.75,355.85,354.9,355.35,256912
2025-06-11T14:45:00+05:30,355.35,356.45,355.3,356.05,327377
2025-06-11T15:00:00+05:30,356.1,356.3,355.5,356.15,642269
2025-06-11T15:15:00+05:30,356.15,356.85,356.0,356.55,864763
2025-06-12T09:15:00+05:30,357.1,362.7,355.85,362.35,1972960
2025-06-12T09:30:00+05:30,362.35,366.0,362.0,363.1,1628409
2025-06-12T09:45:00+05:30,363.1,363.5,360.75,362.25,617466
2025-06-12T10:00:00+05:30,362.25,363.4,361.3,362.95,424842
2025-06-12T10:15:00+05:30,363.0,363.15,359.6,360.8,442872
2025-06-12T10:30:00+05:30,360.8,361.45,358.75,360.0,400016
2025-06-12T10:45:00+05:30,360.0,360.25,359.6,360.0,244430
2025-06-12T11:00:00+05:30,360.05,360.55,359.7,360.0,194498
2025-06-12T11:15:00+05:30,360.0,360.9,359.9,360.3,210708
2025-06-12T11:30:00+05:30,360.2,360.4,359.75,360.0,195547
2025-06-12T11:45:00+05:30,360.05,361.9,359.9,361.3,217429
2025-06-12T12:00:00+05:30,361.25,362.25,360.0,360.9,472902
2025-06-12T12:15:00+05:30,360.85,360.9,360.0,360.35,178910
2025-06-12T12:30:00+05:30,360.35,360.95,360.0,360.8,129846
2025-06-12T12:45:00+05:30,360.7,361.85,360.6,361.0,182781
2025-06-12T13:00:00+05:30,361.0,361.45,358.85,359.55,655863
2025-06-12T13:15:00+05:30,359.6,360.0,359.4,359.65,297721
2025-06-12T13:30:00+05:30,359.65,359.75,357.35,357.55,328671
2025-06-12T13:45:00+05:30,357.6,358.35,355.7,356.2,495130
2025-06-12T14:00:00+05:30,356.25,356.45,353.55,354.0,490676
2025-06-12T14:15:00+05:30,354.05,355.25,352.85,353.7,305063
2025-06-12T14:30:00+05:30,353.7,355.8,353.0,355.3,316057
2025-06-12T14:45:00+05:30,355.15,358.6,354.6,357.25,385363
2025-06-12T15:00:00+05:30,357.25,359.75,354.5,355.0,832416
2025-06-12T15:15:00+05:30,354.95,355.4,353.4,354.5,717178
2025-06-13T09:15:00+05:30,349.95,351.25,346.9,349.1,1401188
2025-06-13T09:30:00+05:30,349.25,349.4,345.75,348.8,1551191
2025-06-13T09:45:00+05:30,348.8,350.9,347.35,350.35,720196
2025-06-13T10:00:00+05:30,350.3,351.7,350.05,350.85,542026
2025-06-13T10:15:00+05:30,350.9,352.8,350.25,352.3,638717
2025-06-13T10:30:00+05:30,352.3,352.9,351.3,351.85,410847
2025-06-13T10:45:00+05:30,351.85,352.1,350.4,350.45,264935
2025-06-13T11:00:00+05:30,350.45,350.95,349.6,349.95,714102
2025-06-13T11:15:00+05:30,350.0,350.1,348.65,349.9,763011
2025-06-13T11:30:00+05:30,349.95,350.1,349.7,349.95,259841
2025-06-13T11:45:00+05:30,349.95,350.05,349.5,349.95,227619
2025-06-13T12:00:00+05:30,350.0,355.35,349.5,354.35,863313
2025-06-13T12:15:00+05:30,354.35,356.8,352.3,356.2,910594
2025-06-13T12:30:00+05:30,356.2,357.9,353.1,353.7,540125
2025-06-13T12:45:00+05:30,353.65,354.0,352.5,352.9,215453
2025-06-13T13:00:00+05:30,352.95,353.2,352.0,352.8,163063
2025-06-13T13:15:00+05:30,352.85,353.25,352.0,352.45,135395
2025-06-13T13:30:00+05:30,352.45,354.1,352.3,353.85,185318
2025-06-13T13:45:00+05:30,353.85,355.25,353.65,355.25,149032
2025-06-13T14:00:00+05:30,355.15,355.6,354.15,354.9,153158
2025-06-13T14:15:00+05:30,354.9,354.95,353.75,354.55,147749
2025-06-13T14:30:00+05:30,354.5,355.85,353.55,355.0,169374
2025-06-13T14:45:00+05:30,355.0,355.15,353.2,353.4,223729
2025-06-13T15:00:00+05:30,353.4,354.1,352.95,353.4,492613
2025-06-13T15:15:00+05:30,353.4,356.5,353.35,356.0,657060
2025-06-16T09:15:00+05:30,355.95,357.3,352.2,357.05,752668
2025-06-16T09:30:00+05:30,357.0,357.5,353.1,355.65,752675
2025-06-16T09:45:00+05:30,355.7,360.9,354.95,357.6,1154915
2025-06-16T10:00:00+05:30,357.5,359.0,357.0,358.8,330914
2025-06-16T10:15:00+05:30,358.65,359.05,356.65,357.0,431657
2025-06-16T10:30:00+05:30,357.0,360.65,356.7,358.5,1307064
2025-06-16T10:45:00+05:30,358.5,360.55,357.95,359.55,283385
2025-06-16T11:00:00+05:30,359.6,360.0,356.9,357.2,459067
2025-06-16T11:15:00+05:30,357.3,357.95,356.5,357.1,172455
2025-06-16T11:30:00+05:30,357.1,359.5,357.0,358.45,234521
2025-06-16T11:45:00+05:30,358.45,360.0,358.3,358.95,256488
2025-06-16T12:00:00+05:30,358.95,359.6,358.65,359.2,115857
2025-06-16T12:15:00+05:30,359.2,360.0,359.0,359.4,173152
2025-06-16T12:30:00+05:30,359.45,361.25,358.35,361.0,486958
2025-06-16T12:45:00+05:30,361.0,362.0,359.2,361.6,575492
2025-06-16T13:00:00+05:30,361.65,362.0,360.1,361.35,257983
2025-06-16T13:15:00+05:30,361.35,361.8,359.25,360.25,188172
2025-06-16T13:30:00+05:30,360.25,360.9,359.5,360.2,169957
2025-06-16T13:45:00+05:30,360.25,361.9,359.95,361.5,150744
2025-06-16T14:00:00+05:30,361.5,362.0,361.0,361.25,174998
2025-06-16T14:15:00+05:30,361.25,361.65,360.45,361.25,150686
2025-06-16T14:30:00+05:30,361.3,361.7,360.4,361.15,167132
2025-06-16T14:45:00+05:30,361.15,361.65,360.4,361.15,299509
2025-06-16T15:00:00+05:30,361.1,361.8,360.25,360.85,450597
2025-06-16T15:15:00+05:30,360.8,361.8,359.85,360.4,797774
2025-06-17T09:15:00+05:30,361.9,364.2,358.2,359.1,729933
2025-06-17T09:30:00+05:30,359.2,360.8,358.2,358.9,454052
2025-06-17T09:45:00+05:30,358.7,359.0,357.7,358.7,410936
2025-06-17T10:00:00+05:30,358.75,358.8,356.45,356.75,216027
2025-06-17T10:15:00+05:30,356.75,358.0,356.7,357.8,159606
2025-06-17T10:30:00+05:30,357.6,359.0,357.55,357.8,168916
2025-06-17T10:45:00+05:30,357.8,358.15,356.6,356.95,185394
2025-06-17T11:00:00+05:30,357.0,357.8,356.7,356.85,140412
2025-06-17T11:15:00+05:30,356.85,357.05,355.65,355.8,196136
2025-06-17T11:30:00+05:30,355.75,357.35,355.55,357.35,157975
2025-06-17T11:45:00+05:30,357.3,357.9,356.0,357.1,189398
2025-06-17T12:00:00+05:30,357.05,359.0,356.9,357.85,301773
2025-06-17T12:15:00+05:30,357.85,358.5,356.0,356.65,772077
2025-06-17T12:30:00+05:30,356.6,356.9,355.9,356.55,83377
2025-06-17T12:45:00+05:30,356.55,356.6,353.6,354.25,287292
2025-06-17T13:00:00+05:30,354.25,355.0,354.0,354.75,112185
2025-06-17T13:15:00+05:30,354.75,354.85,353.85,354.6,98387
2025-06-17T13:30:00+05:30,354.55,354.85,354.2,354.85,108033
2025-06-17T13:45:00+05:30,354.8,354.85,351.9,353.45,249350
2025-06-17T14:00:00+05:30,353.5,356.3,352.95,355.95,262251
2025-06-17T14:15:00+05:30,356.0,356.0,354.5,355.45,229511
2025-06-17T14:30:00+05:30,355.45,356.1,354.85,356.05,231755
2025-06-17T14:45:00+05:30,356.1,357.5,355.85,356.85,301689
2025-06-17T15:00:00+05:30,356.85,357.0,356.15,356.25,300761
2025-06-17T15:15:00+05:30,356.25,356.6,354.25,355.95,714633
2025-06-18T09:15:00+05:30,357.0,361.7,352.65,361.35,1103698
2025-06-18T09:30:00+05:30,361.05,362.4,359.0,359.05,549036
2025-06-18T09:45:00+05:30,359.05,359.65,355.7,355.95,389414
2025-06-18T10:00:00+05:30,355.95,356.2,355.3,355.9,326734
2025-06-18T10:15:00+05:30,355.85,355.95,354.05,354.55,324299
2025-06-18T10:30:00+05:30,354.6,356.25,354.55,355.9,294287
2025-06-18T10:45:00+05:30,355.95,356.5,354.85,355.75,436986
2025-06-18T11:00:00+05:30,355.8,356.5,355.45,355.75,321553
2025-06-18T11:15:00+05:30,355.8,358.7,355.75,357.35,385966
2025-06-18T11:30:00+05:30,357.25,359.0,356.8,358.35,200715
2025-06-18T11:45:00+05:30,358.4,358.9,357.65,358.7,143275
2025-06-18T12:00:00+05:30,358.55,362.0,358.5,361.4,555216
2025-06-18T12:15:00+05:30,361.4,364.5,361.25,363.85,877531
2025-06-18T12:30:00+05:30,363.95,365.5,362.65,362.85,1272470
2025-06-18T12:45:00+05:30,362.9,365.3,362.75,363.95,613236
2025-06-18T13:00:00+05:30,363.85,365.4,363.85,364.3,462659
2025-06-18T13:15:00+05:30,364.3,364.7,363.55,364.1,394481
2025-06-18T13:30:00+05:30,364.1,365.25,364.1,364.25,392859
2025-06-18T13:45:00+05:30,364.25,364.8,364.2,364.8,234004
2025-06-18T14:00:00+05:30,364.7,365.9,364.25,365.55,431359
2025-06-18T14:15:00+05:30,365.5,366.45,364.2,364.7,793265
2025-06-18T14:30:00+05:30,364.7,365.55,364.5,365.35,338772
2025-06-18T14:45:00+05:30,365.15,366.8,365.15,366.25,568249
2025-06-18T15:00:00+05:30,366.2,366.9,365.2,365.55,729080
2025-06-18T15:15:00+05:30,365.5,366.4,363.6,364.5,1050957
2025-06-19T09:15:00+05:30,364.55,376.25,362.1,373.55,3949432
2025-06-19T09:30:00+05:30,373.75,373.8,369.3,372.25,1991845
2025-06-19T09:45:00+05:30,372.25,377.4,371.6,375.35,2979862
2025-06-19T10:00:00+05:30,375.35,379.5,375.0,379.5,2287733
2025-06-19T10:15:00+05:30,379.5,380.45,376.5,376.85,2960220
2025-06-19T10:30:00+05:30,376.8,378.25,373.8,377.6,2098674
2025-06-19T10:45:00+05:30,377.65,383.7,377.5,381.8,4625443
2025-06-19T11:00:00+05:30,381.95,385.0,381.7,383.85,3016365
2025-06-19T11:15:00+05:30,383.8,384.5,380.5,382.7,2367137
2025-06-19T11:30:00+05:30,382.7,382.7,376.35,377.9,3089109
2025-06-19T11:45:00+05:30,377.65,379.9,376.05,378.9,1986465
2025-06-19T12:00:00+05:30,378.8,381.15,378.1,380.5,1202422
2025-06-19T12:15:00+05:30,380.3,380.7,377.1,377.9,1071865
2025-06-19T12:30:00+05:30,377.9,378.2,374.3,375.4,1683317
2025-06-19T12:45:00+05:30,375.4,376.65,374.7,375.4,779096
2025-06-19T13:00:00+05:30,375.25,377.45,370.0,373.15,2619107
2025-06-19T13:15:00+05:30,373.1,374.3,371.75,372.9,1222513
2025-06-19T13:30:00+05:30,372.85,375.0,372.1,372.45,957181
2025-06-19T13:45:00+05:30,372.3,374.3,372.25,373.5,634277
2025-06-19T14:00:00+05:30,373.35,375.0,373.3,373.7,627821
2025-06-19T14:15:00+05:30,373.8,374.8,372.5,373.25,660632
2025-06-19T14:30:00+05:30,373.25,374.5,373.1,374.0,512418
2025-06-19T14:45:00+05:30,373.95,376.15,373.7,376.1,1184943
2025-06-19T15:00:00+05:30,375.9,376.15,373.15,373.6,1243829
2025-06-19T15:15:00+05:30,373.7,374.95,372.3,373.5,1673313
2025-06-20T09:15:00+05:30,376.2,377.5,371.0,372.35,1735541
2025-06-20T09:30:00+05:30,372.15,379.2,372.1,377.85,2013466
2025-06-20T09:45:00+05:30,377.8,382.95,376.5,382.8,1685903
2025-06-20T10:00:00+05:30,382.75,386.95,382.4,383.5,2740005
2025-06-20T10:15:00+05:30,383.5,383.65,379.8,381.5,1856401
2025-06-20T10:30:00+05:30,381.4,381.55,377.85,379.5,1580034
2025-06-20T10:45:00+05:30,379.65,380.9,378.8,379.5,871621
2025-06-20T11:00:00+05:30,379.5,380.25,378.2,379.4,776852
2025-06-20T11:15:00+05:30,379.45,379.9,377.1,378.5,575387
2025-06-20T11:30:00+05:30,378.5,379.4,377.55,378.5,623680
2025-06-20T11:45:00+05:30,378.65,380.0,378.05,379.9,576747
2025-06-20T12:00:00+05:30,379.95,380.0,378.25,379.15,545753
2025-06-20T12:15:00+05:30,379.15,379.8,378.35,379.55,529814
2025-06-20T12:30:00+05:30,379.55,381.45,379.25,381.35,917027
2025-06-20T12:45:00+05:30,381.35,381.85,380.2,380.8,567045
2025-06-20T13:00:00+05:30,380.8,382.9,380.8,382.65,630198
2025-06-20T13:15:00+05:30,382.5,383.4,381.7,382.45,572552
2025-06-20T13:30:00+05:30,382.4,383.15,382.25,383.1,381831
2025-06-20T13:45:00+05:30,383.15,383.5,381.3,382.9,523976
2025-06-20T14:00:00+05:30,382.9,385.5,382.7,385.5,1250829
2025-06-20T14:15:00+05:30,385.4,386.0,384.6,384.95,1330636
2025-06-20T14:30:00+05:30,385.0,386.45,383.4,385.65,1454694
2025-06-20T14:45:00+05:30,385.45,386.95,385.25,386.0,1441841
2025-06-20T15:00:00+05:30,386.05,390.0,384.6,388.3,11250086
2025-06-20T15:15:00+05:30,388.35,398.9,385.0,387.25,15317611
2025-06-23T09:15:00+05:30,385.6,385.8,378.05,384.1,2221665
2025-06-23T09:30:00+05:30,384.15,384.65,382.2,384.4,644911
2025-06-23T09:45:00+05:30,384.4,389.1,383.55,386.9,1247639
2025-06-23T10:00:00+05:30,387.15,391.0,386.85,390.2,1297598
2025-06-23T10:15:00+05:30,390.2,391.8,385.75,391.6,1312532
2025-06-23T10:30:00+05:30,391.7,392.25,388.85,389.7,905523
2025-06-23T10:45:00+05:30,389.65,390.5,389.35,389.85,521377
2025-06-23T11:00:00+05:30,389.7,390.2,389.0,390.0,250062
2025-06-23T11:15:00+05:30,390.0,391.0,390.0,390.4,324986
2025-06-23T11:30:00+05:30,390.55,390.85,390.0,390.65,156703
2025-06-23T11:45:00+05:30,390.6,393.0,390.45,392.1,505872
2025-06-23T12:00:00+05:30,392.1,393.6,391.2,393.5,713140
2025-06-23T12:15:00+05:30,393.5,394.0,390.15,392.35,496221
2025-06-23T12:30:00+05:30,392.35,393.2,391.05,392.4,418541
2025-06-23T12:45:00+05:30,392.4,394.3,392.1,393.9,363690
2025-06-23T13:00:00+05:30,393.9,395.0,393.5,394.6,719270
2025-06-23T13:15:00+05:30,394.65,395.85,394.0,395.65,412416
2025-06-23T13:30:00+05:30,395.65,395.7,393.3,393.6,368583
2025-06-23T13:45:00+05:30,393.6,394.5,393.4,393.6,178243
2025-06-23T14:00:00+05:30,393.7,395.15,393.15,394.5,369772
2025-06-23T14:15:00+05:30,394.65,394.7,391.5,393.4,540436
2025-06-23T14:30:00+05:30,393.4,395.0,393.15,393.9,421470
2025-06-23T14:45:00+05:30,393.85,393.9,392.0,392.7,319219
2025-06-23T15:00:00+05:30,392.95,393.55,389.05,389.25,586910
2025-06-23T15:15:00+05:30,389.05,389.65,384.15,385.9,1189888
2025-06-24T09:15:00+05:30,390.9,397.95,389.15,396.95,1843842
2025-06-24T09:30:00+05:30,397.0,399.4,388.0,388.55,1754036
2025-06-24T09:45:00+05:30,388.45,388.65,384.25,386.45,1064755
2025-06-24T10:00:00+05:30,386.45,390.1,385.0,389.75,843738
2025-06-24T10:15:00+05:30,389.55,392.3,387.55,391.6,956369
2025-06-24T10:30:00+05:30,391.5,392.45,390.0,390.85,333525
2025-06-24T10:45:00+05:30,390.85,392.4,390.4,391.5,1499543
2025-06-24T11:00:00+05:30,391.5,392.4,390.45,390.9,226052
2025-06-24T11:15:00+05:30,391.1,392.25,390.7,391.9,214231
2025-06-24T11:30:00+05:30,391.95,392.5,391.5,391.75,170530
2025-06-24T11:45:00+05:30,391.55,391.9,390.45,391.1,228804
2025-06-24T12:00:00+05:30,391.2,391.55,391.05,391.35,120820
2025-06-24T12:15:00+05:30,391.5,392.25,391.3,392.0,163695
2025-06-24T12:30:00+05:30,392.0,393.15,390.75,391.65,293587
2025-06-24T12:45:00+05:30,391.6,392.25,391.05,391.85,173282
2025-06-24T13:00:00+05:30,391.8,391.9,390.65,391.6,220659
2025-06-24T13:15:00+05:30,391.6,392.0,390.35,390.8,157300
2025-06-24T13:30:00+05:30,390.7,391.0,387.4,388.35,636250
2025-06-24T13:45:00+05:30,388.35,391.0,387.15,390.25,333857
2025-06-24T14:00:00+05:30,390.25,390.25,388.5,390.1,234373
2025-06-24T14:15:00+05:30,390.25,391.45,390.1,390.75,268100
2025-06-24T14:30:00+05:30,390.8,392.75,390.4,391.8,283133
2025-06-24T14:45:00+05:30,391.8,392.45,391.0,391.6,323066
2025-06-24T15:00:00+05:30,391.6,391.9,390.6,391.65,482324
2025-06-24T15:15:00+05:30,391.6,391.95,389.0,389.75,859035
2025-06-25T09:15:00+05:30,393.15,395.0,389.3,390.55,1447760
2025-06-25T09:30:00+05:30,390.75,392.45,390.3,391.0,546163
2025-06-25T09:45:00+05:30,391.1,391.55,390.45,390.9,336745
2025-06-25T10:00:00+05:30,390.95,391.0,389.3,389.85,346641
2025-06-25T10:15:00+05:30,389.7,395.0,389.6,395.0,845945
2025-06-25T10:30:00+05:30,394.75,396.5,392.9,395.3,1309753
2025-06-25T10:45:00+05:30,395.5,395.7,393.5,393.55,413765
2025-06-25T11:00:00+05:30,393.55,394.2,391.85,394.1,510994
2025-06-25T11:15:00+05:30,394.15,394.5,392.75,393.9,380614
2025-06-25T11:30:00+05:30,393.9,397.25,393.4,395.05,954232
2025-06-25T11:45:00+05:30,395.05,397.0,394.85,396.35,417918
2025-06-25T12:00:00+05:30,396.35,397.5,396.05,397.0,417435
2025-06-25T12:15:00+05:30,397.0,399.0,396.6,398.7,1101097
2025-06-25T12:30:00+05:30,398.8,398.9,397.65,398.7,429662
2025-06-25T12:45:00+05:30,398.7,398.7,397.35,398.3,363354
2025-06-25T13:00:00+05:30,398.3,398.5,397.65,397.9,396378
2025-06-25T13:15:00+05:30,398.0,400.0,397.05,398.55,870491
2025-06-25T13:30:00+05:30,398.5,399.85,398.5,399.35,341084
2025-06-25T13:45:00+05:30,399.25,400.95,398.7,400.3,845565
2025-06-25T14:00:00+05:30,400.45,400.9,399.45,400.0,562318
2025-06-25T14:15:00+05:30,400.0,401.0,399.95,400.9,484581
2025-06-25T14:30:00+05:30,400.75,400.9,399.6,400.3,505834
2025-06-25T14:45:00+05:30,400.35,400.85,399.5,400.8,511519
2025-06-25T15:00:00+05:30,400.8,402.5,400.05,400.7,1251186
2025-06-25T15:15:00+05:30,400.7,400.95,396.75,397.35,1635984
2025-06-26T09:15:00+05:30,399.0,412.0,398.4,406.55,3189943
2025-06-26T09:30:00+05:30,406.55,410.0,405.3,409.05,1503676
2025-06-26T09:45:00+05:30,409.1,410.85,408.55,410.45,1026810
2025-06-26T10:00:00+05:30,410.25,410.6,408.4,409.2,534347
2025-06-26T10:15:00+05:30,409.2,410.15,409.0,409.65,442347
2025-06-26T10:30:00+05:30,409.6,409.85,407.05,407.35,586913
2025-06-26T10:45:00+05:30,407.35,408.7,406.5,406.5,488115
2025-06-26T11:00:00+05:30,406.5,407.1,403.85,404.9,822163
2025-06-26T11:15:00+05:30,404.85,405.7,403.7,405.0,569523
2025-06-26T11:30:00+05:30,405.0,407.5,404.3,407.0,609171
2025-06-26T11:45:00+05:30,406.95,410.0,406.45,409.25,922930
2025-06-26T12:00:00+05:30,409.2,409.4,408.0,408.75,315134
2025-06-26T12:15:00+05:30,408.6,409.0,407.75,408.65,310325
2025-06-26T12:30:00+05:30,408.65,409.2,407.55,407.7,281661
2025-06-26T12:45:00+05:30,407.7,408.7,405.5,405.9,433532
2025-06-26T13:00:00+05:30,405.85,408.0,404.1,404.4,1222175
2025-06-26T13:15:00+05:30,404.35,404.9,403.1,403.35,489545
2025-06-26T13:30:00+05:30,403.3,405.35,403.15,404.55,521310
2025-06-26T13:45:00+05:30,404.55,405.95,404.55,405.85,426599
2025-06-26T14:00:00+05:30,405.65,405.9,404.55,405.8,212961
2025-06-26T14:15:00+05:30,405.85,405.95,404.4,404.6,330903
2025-06-26T14:30:00+05:30,404.45,404.7,403.65,404.3,235309
2025-06-26T14:45:00+05:30,404.25,405.5,404.0,405.4,297952
2025-06-26T15:00:00+05:30,405.4,406.85,404.45,405.1,690505
2025-06-26T15:15:00+05:30,405.3,406.2,403.95,404.75,833385
2025-06-27T09:15:00+05:30,408.0,408.35,402.85,404.2,2660000
2025-06-27T09:30:00+05:30,404.45,404.95,401.5,402.2,1026538
2025-06-27T09:45:00+05:30,402.2,403.8,401.2,402.3,470644
2025-06-27T10:00:00+05:30,402.35,402.95,401.0,401.15,307365
2025-06-27T10:15:00+05:30,401.2,404.4,401.0,402.4,516091
2025-06-27T10:30:00+05:30,402.35,402.95,401.35,402.1,255721
2025-06-27T10:45:00+05:30,402.15,402.95,401.15,401.2,286410
2025-06-27T11:00:00+05:30,401.2,401.35,398.0,399.05,825898
2025-06-27T11:15:00+05:30,398.9,399.4,395.2,396.5,746186
2025-06-27T11:30:00+05:30,396.45,398.0,395.45,397.7,420900
2025-06-27T11:45:00+05:30,397.65,397.75,395.95,396.1,429975
2025-06-27T12:00:00+05:30,396.25,400.0,395.7,399.7,439162
2025-06-27T12:15:00+05:30,399.65,400.0,399.25,399.9,281388
2025-06-27T12:30:00+05:30,399.9,400.0,398.35,399.2,271622
2025-06-27T12:45:00+05:30,399.2,400.0,398.7,399.8,132456
2025-06-27T13:00:00+05:30,399.85,400.5,399.0,399.7,231805
2025-06-27T13:15:00+05:30,399.75,400.0,399.45,400.0,132224
2025-06-27T13:30:00+05:30,399.95,405.8,399.95,405.4,2104394
2025-06-27T13:45:00+05:30,405.35,406.45,403.6,405.45,881973
2025-06-27T14:00:00+05:30,405.45,406.0,405.0,405.45,524881
2025-06-27T14:15:00+05:30,405.35,405.9,405.05,405.55,470690
2025-06-27T14:30:00+05:30,405.6,405.6,402.9,404.0,690382
2025-06-27T14:45:00+05:30,404.0,405.5,403.2,405.45,501864
2025-06-27T15:00:00+05:30,405.45,406.7,404.25,406.4,1077848
2025-06-27T15:15:00+05:30,406.4,410.0,405.25,405.5,2013731
2025-06-30T09:15:00+05:30,405.05,406.95,402.1,402.3,810648
2025-06-30T09:30:00+05:30,402.3,403.4,399.0,400.05,683162
2025-06-30T09:45:00+05:30,400.1,401.25,399.35,400.4,469806
2025-06-30T10:00:00+05:30,400.25,401.5,398.65,401.1,1068683
2025-06-30T10:15:00+05:30,401.1,402.3,401.0,401.9,225458
2025-06-30T10:30:00+05:30,401.9,402.3,400.3,400.85,197022
2025-06-30T10:45:00+05:30,400.85,401.6,400.7,401.0,124821
2025-06-30T11:00:00+05:30,401.0,402.0,401.0,401.15,109205
2025-06-30T11:15:00+05:30,401.15,401.7,401.0,401.2,68981
2025-06-30T11:30:00+05:30,401.2,401.9,401.05,401.65,97273
2025-06-30T11:45:00+05:30,401.55,401.9,401.1,401.45,74362
2025-06-30T12:00:00+05:30,401.4,401.8,400.0,400.4,266153
2025-06-30T12:15:00+05:30,400.15,401.65,400.05,401.5,106392
2025-06-30T12:30:00+05:30,401.45,401.9,400.7,401.35,452906
2025-06-30T12:45:00+05:30,401.3,401.5,399.5,400.0,202476
2025-06-30T13:00:00+05:30,399.9,400.5,399.0,399.95,385078
2025-06-30T13:15:00+05:30,399.8,400.05,399.5,399.8,96562
2025-06-30T13:30:00+05:30,399.95,400.0,399.35,399.8,104915
2025-06-30T13:45:00+05:30,399.7,401.0,399.5,400.35,685517
2025-06-30T14:00:00+05:30,400.4,400.5,399.75,400.0,161408
2025-06-30T14:15:00+05:30,400.05,400.5,399.6,400.05,156830
2025-06-30T14:30:00+05:30,400.1,400.15,399.1,399.75,210042
2025-06-30T14:45:00+05:30,399.8,400.8,399.65,400.0,328834
2025-06-30T15:00:00+05:30,400.05,401.1,400.0,400.85,527111
2025-06-30T15:15:00+05:30,401.0,401.0,399.4,400.0,849133
2025-07-01T09:15:00+05:30,400.45,402.1,396.45,398.15,1358016
2025-07-01T09:30:00+05:30,398.0,399.95,397.4,399.5,463978
2025-07-01T09:45:00+05:30,399.5,400.55,399.0,399.45,406148
2025-07-01T10:00:00+05:30,399.65,400.35,398.25,398.5,546861
2025-07-01T10:15:00+05:30,398.5,398.5,396.0,396.85,343251
2025-07-01T10:30:00+05:30,396.85,397.7,396.55,396.75,106259
2025-07-01T10:45:00+05:30,396.8,397.05,393.0,395.1,587038
2025-07-01T11:00:00+05:30,395.1,395.5,394.1,394.35,1094754
2025-07-01T11:15:00+05:30,394.35,395.25,394.3,394.8,132534
2025-07-01T11:30:00+05:30,394.95,395.2,394.55,394.6,119526
2025-07-01T11:45:00+05:30,394.6,394.75,394.1,394.2,149066
2025-07-01T12:00:00+05:30,394.15,394.25,393.1,394.1,164040
2025-07-01T12:15:00+05:30,394.0,394.8,394.0,394.5,87179
2025-07-01T12:30:00+05:30,394.5,394.9,394.0,394.65,85282
2025-07-01T12:45:00+05:30,394.7,396.2,394.0,395.05,496406
2025-07-01T13:00:00+05:30,395.0,395.2,394.0,394.9,111065
2025-07-01T13:15:00+05:30,394.95,395.7,394.5,394.65,111013
2025-07-01T13:30:00+05:30,394.75,394.8,394.1,394.3,75306
2025-07-01T13:45:00+05:30,394.35,394.45,392.6,394.05,164409
2025-07-01T14:00:00+05:30,394.05,394.9,393.95,394.55,103895
2025-07-01T14:15:00+05:30,394.55,394.65,393.9,394.0,89792
2025-07-01T14:30:00+05:30,394.1,394.2,391.55,393.0,235957
2025-07-01T14:45:00+05:30,393.1,394.6,392.9,393.1,238846
2025-07-01T15:00:00+05:30,393.2,395.0,392.3,393.35,420884
2025-07-01T15:15:00+05:30,393.35,395.05,391.75,392.15,1040776
2025-07-02T09:15:00+05:30,394.7,395.0,387.1,388.4,989764
2025-07-02T09:30:00+05:30,388.25,389.65,387.4,388.25,289059
2025-07-02T09:45:00+05:30,388.3,389.0,386.4,386.6,473362
2025-07-02T10:00:00+05:30,386.65,386.8,385.35,386.6,231441
2025-07-02T10:15:00+05:30,386.55,386.75,382.5,383.05,620382
2025-07-02T10:30:00+05:30,383.0,383.9,380.0,382.8,1165138
2025-07-02T10:45:00+05:30,382.8,385.5,382.55,384.3,544534
2025-07-02T11:00:00+05:30,384.25,385.9,384.0,384.6,495913
2025-07-02T11:15:00+05:30,384.6,385.5,383.5,384.75,219218
2025-07-02T11:30:00+05:30,384.95,388.4,384.6,387.5,539407
2025-07-02T11:45:00+05:30,387.5,388.3,384.8,387.55,475415
2025-07-02T12:00:00+05:30,387.65,388.15,387.0,387.95,164790
2025-07-02T12:15:00+05:30,387.8,388.65,387.35,387.9,171872
2025-07-02T12:30:00+05:30,387.85,389.3,387.3,388.5,308598
2025-07-02T12:45:00+05:30,388.55,388.55,387.5,387.55,156372
2025-07-02T13:00:00+05:30,387.5,388.75,387.5,387.7,144668
2025-07-02T13:15:00+05:30,387.7,388.3,387.35,387.6,136991
2025-07-02T13:30:00+05:30,387.8,389.2,387.55,387.8,246281
2025-07-02T13:45:00+05:30,387.8,387.95,384.25,385.1,539928
2025-07-02T14:00:00+05:30,385.05,385.2,380.75,381.3,701563
2025-07-02T14:15:00+05:30,381.35,383.9,380.75,383.0,656610
2025-07-02T14:30:00+05:30,383.0,384.0,381.5,381.75,341080
2025-07-02T14:45:00+05:30,381.7,382.0,380.15,381.5,837023
2025-07-02T15:00:00+05:30,381.75,383.25,380.05,381.15,958616
2025-07-02T15:15:00+05:30,381.0,382.0,380.65,381.9,1168951
2025-07-03T09:15:00+05:30,383.25,387.95,380.6,384.95,845966
2025-07-03T09:30:00+05:30,384.95,385.45,382.05,383.15,299505
2025-07-03T09:45:00+05:30,383.05,383.5,381.4,382.85,346035
2025-07-03T10:00:00+05:30,382.95,384.95,382.35,384.65,215422
2025-07-03T10:15:00+05:30,384.7,385.55,384.4,384.9,246195
2025-07-03T10:30:00+05:30,384.95,385.15,383.45,384.7,138201
2025-07-03T10:45:00+05:30,384.7,385.1,383.65,384.9,160449
2025-07-03T11:00:00+05:30,384.9,387.9,384.65,386.95,492986
2025-07-03T11:15:00+05:30,386.9,387.95,386.65,386.8,274776
2025-07-03T11:30:00+05:30,386.75,387.9,386.7,387.7,293854
2025-07-03T11:45:00+05:30,387.75,388.35,384.55,385.45,486630
2025-07-03T12:00:00+05:30,385.5,385.8,383.55,383.85,235282
2025-07-03T12:15:00+05:30,383.85,384.75,383.25,383.7,195833
2025-07-03T12:30:00+05:30,383.7,384.2,382.55,383.0,222424
2025-07-03T12:45:00+05:30,383.0,384.4,383.0,384.1,113464
2025-07-03T13:00:00+05:30,384.25,384.25,383.2,384.15,145017
2025-07-03T13:15:00+05:30,384.05,384.75,383.75,384.65,100182
2025-07-03T13:30:00+05:30,384.6,385.85,384.6,385.1,129152
2025-07-03T13:45:00+05:30,385.35,385.35,384.0,384.5,138611
2025-07-03T14:00:00+05:30,384.5,385.45,384.2,384.5,127134
2025-07-03T14:15:00+05:30,384.5,386.7,384.35,386.35,454609
2025-07-03T14:30:00+05:30,386.4,386.4,385.45,386.3,174908
2025-07-03T14:45:00+05:30,386.3,386.5,385.0,386.1,236175
2025-07-03T15:00:00+05:30,386.1,386.45,385.3,385.8,210682
2025-07-03T15:15:00+05:30,385.7,386.95,385.05,386.7,531902
2025-07-04T09:15:00+05:30,387.95,394.85,386.4,393.7,1172170
2025-07-04T09:30:00+05:30,393.8,395.0,392.5,394.45,1010123
2025-07-04T09:45:00+05:30,394.45,394.65,391.2,392.3,600269
2025-07-04T10:00:00+05:30,392.2,392.3,390.2,391.8,462059
2025-07-04T10:15:00+05:30,391.8,392.45,391.0,392.05,135402
2025-07-04T10:30:00+05:30,392.0,392.9,391.5,392.75,141316
2025-07-04T10:45:00+05:30,392.75,392.85,391.25,391.35,120040
2025-07-04T11:00:00+05:30,391.55,392.25,391.15,392.2,85829
2025-07-04T11:15:00+05:30,392.2,394.0,392.0,393.0,197762
2025-07-04T11:30:00+05:30,393.1,393.45,391.85,392.0,122956
2025-07-04T11:45:00+05:30,392.0,392.25,390.4,390.85,173068
2025-07-04T12:00:00+05:30,390.85,390.85,388.05,388.65,619633
2025-07-04T12:15:00+05:30,388.65,388.9,384.85,385.35,591041
2025-07-04T12:30:00+05:30,385.6,385.75,383.45,383.6,228604
2025-07-04T12:45:00+05:30,383.7,385.0,383.4,384.15,193137
2025-07-04T13:00:00+05:30,384.15,384.55,383.6,384.05,108568
2025-07-04T13:15:00+05:30,384.15,384.7,383.65,384.15,100120
2025-07-04T13:30:00+05:30,384.15,384.5,383.85,384.3,106198
2025-07-04T13:45:00+05:30,384.3,385.25,384.1,384.35,99914
2025-07-04T14:00:00+05:30,384.35,385.0,384.0,384.6,99827
2025-07-04T14:15:00+05:30,384.6,385.2,384.35,384.45,206864
2025-07-04T14:30:00+05:30,384.65,386.8,384.6,386.8,343827
2025-07-04T14:45:00+05:30,386.8,387.75,385.85,386.35,351534
2025-07-04T15:00:00+05:30,386.15,386.35,383.8,384.25,327172
2025-07-04T15:15:00+05:30,384.2,386.0,381.55,383.55,837660
2025-07-07T09:15:00+05:30,386.0,387.5,383.85,385.55,415111
2025-07-07T09:30:00+05:30,385.35,386.35,383.5,383.8,238832
2025-07-07T09:45:00+05:30,384.0,384.9,382.5,384.9,230170
2025-07-07T10:00:00+05:30,384.9,385.0,382.2,383.0,183869
2025-07-07T10:15:00+05:30,383.0,385.0,383.0,384.8,111505
2025-07-07T10:30:00+05:30,384.65,385.0,384.5,384.5,83694
2025-07-07T10:45:00+05:30,384.5,385.1,384.0,385.1,221008
2025-07-07T11:00:00+05:30,385.0,386.4,385.0,385.0,299803
2025-07-07T11:15:00+05:30,385.0,385.2,383.25,383.6,202553
2025-07-07T11:30:00+05:30,383.7,384.5,382.1,383.1,242576
2025-07-07T11:45:00+05:30,383.1,383.3,380.85,382.2,254164
2025-07-07T12:00:00+05:30,382.05,382.75,381.6,381.9,98731
2025-07-07T12:15:00+05:30,381.9,382.45,381.15,381.85,116996
2025-07-07T12:30:00+05:30,381.85,381.95,381.2,381.9,152160
2025-07-07T12:45:00+05:30,381.7,381.95,381.2,381.25,102865
2025-07-07T13:00:00+05:30,381.55,381.9,381.25,381.85,80254
2025-07-07T13:15:00+05:30,381.6,381.8,379.0,379.85,214510
2025-07-07T13:30:00+05:30,380.05,380.15,377.7,378.35,215840
2025-07-07T13:45:00+05:30,378.2,378.85,377.15,377.5,185538
2025-07-07T14:00:00+05:30,377.7,379.4,377.4,379.4,176453
2025-07-07T14:15:00+05:30,379.55,380.2,378.9,379.85,201442
2025-07-07T14:30:00+05:30,380.15,380.15,378.0,378.1,265319
2025-07-07T14:45:00+05:30,378.0,378.5,377.0,378.0,409860
2025-07-07T15:00:00+05:30,378.0,378.55,376.0,377.45,751455
2025-07-07T15:15:00+05:30,377.55,378.35,375.05,375.8,958556
2025-07-08T09:15:00+05:30,378.15,381.5,376.15,380.15,743553
2025-07-08T09:30:00+05:30,380.0,381.05,377.15,378.1,472516
2025-07-08T09:45:00+05:30,378.1,379.05,376.55,377.7,382337
2025-07-08T10:00:00+05:30,377.7,380.3,377.65,379.0,336491
2025-07-08T10:15:00+05:30,378.9,379.5,378.25,378.9,149672
2025-07-08T10:30:00+05:30,378.85,379.1,378.45,378.7,131172
2025-07-08T10:45:00+05:30,378.7,379.15,378.5,378.8,98926
2025-07-08T11:00:00+05:30,378.8,379.15,378.4,378.95,175712
2025-07-08T11:15:00+05:30,378.85,379.15,378.6,378.75,106956
2025-07-08T11:30:00+05:30,378.8,380.45,378.7,379.2,248526
2025-07-08T11:45:00+05:30,379.2,379.5,378.5,379.05,101371
2025-07-08T12:00:00+05:30,378.95,379.25,377.2,379.0,128188
2025-07-08T12:15:00+05:30,378.85,379.1,377.6,378.6,169690
2025-07-08T12:30:00+05:30,378.55,378.95,378.15,378.2,49207
2025-07-08T12:45:00+05:30,378.2,379.0,378.15,378.85,66392
2025-07-08T13:00:00+05:30,378.75,380.25,378.7,379.85,336364
2025-07-08T13:15:00+05:30,379.9,380.1,379.5,379.9,215628
2025-07-08T13:30:00+05:30,379.95,381.5,379.55,381.35,514846
2025-07-08T13:45:00+05:30,381.3,381.95,380.1,380.55,432421
2025-07-08T14:00:00+05:30,380.55,380.7,379.85,380.35,153443
2025-07-08T14:15:00+05:30,380.3,382.35,380.25,381.5,351359
2025-07-08T14:30:00+05:30,381.45,381.85,380.45,381.3,322344
2025-07-08T14:45:00+05:30,381.3,382.35,380.8,382.0,318771
2025-07-08T15:00:00+05:30,382.0,382.0,379.6,380.85,536366
2025-07-08T15:15:00+05:30,380.8,383.0,380.8,382.0,588520
2025-07-09T09:15:00+05:30,381.95,381.95,374.55,379.05,1282850
2025-07-09T09:30:00+05:30,379.15,382.95,378.35,382.75,558981
2025-07-09T09:45:00+05:30,382.7,382.75,380.7,381.15,411209
2025-07-09T10:00:00+05:30,381.2,381.25,379.6,380.55,412751
2025-07-09T10:15:00+05:30,380.55,381.0,379.7,380.1,203850
2025-07-09T10:30:00+05:30,380.05,380.4,378.2,378.55,300326
2025-07-09T10:45:00+05:30,378.55,379.2,378.2,378.8,138039
2025-07-09T11:00:00+05:30,378.8,379.35,378.15,378.5,133416
2025-07-09T11:15:00+05:30,378.55,378.75,378.2,378.75,139458
2025-07-09T11:30:00+05:30,378.65,378.75,376.65,376.65,174860
2025-07-09T11:45:00+05:30,376.8,377.1,376.05,376.7,154578
2025-07-09T12:00:00+05:30,376.7,377.8,376.15,376.75,246068
2025-07-09T12:15:00+05:30,376.8,377.45,376.7,376.95,85962
2025-07-09T12:30:00+05:30,376.95,377.6,376.7,377.2,101686
2025-07-09T12:45:00+05:30,377.2,377.85,376.55,377.45,144939
2025-07-09T13:00:00+05:30,377.45,378.0,376.9,377.05,230108
2025-07-09T13:15:00+05:30,377.05,382.25,377.05,380.7,619918
2025-07-09T13:30:00+05:30,380.7,381.05,379.1,379.35,121557
2025-07-09T13:45:00+05:30,379.35,382.4,379.25,381.6,564760
2025-07-09T14:00:00+05:30,381.6,381.8,380.8,380.85,111361
2025-07-09T14:15:00+05:30,380.85,381.1,379.5,379.85,147847
2025-07-09T14:30:00+05:30,379.85,380.1,379.1,379.7,146500
2025-07-09T14:45:00+05:30,379.7,380.35,378.55,379.15,174870
2025-07-09T15:00:00+05:30,379.2,380.0,378.7,379.2,317255
2025-07-09T15:15:00+05:30,379.25,381.9,379.0,381.0,716796
2025-07-10T09:15:00+05:30,379.75,380.0,377.6,379.35,471761
2025-07-10T09:30:00+05:30,379.15,386.45,379.05,385.7,1219232
2025-07-10T09:45:00+05:30,385.7,388.35,385.05,386.45,984966
2025-07-10T10:00:00+05:30,386.4,390.4,385.6,387.75,1270913
2025-07-10T10:15:00+05:30,387.8,388.5,387.35,387.95,274703
2025-07-10T10:30:00+05:30,387.95,388.2,383.7,384.6,552099
2025-07-10T10:45:00+05:30,384.45,385.35,383.2,384.85,374320
2025-07-10T11:00:00+05:30,384.85,385.35,384.4,385.05,200085
2025-07-10T11:15:00+05:30,385.1,385.15,383.75,384.45,123913
2025-07-10T11:30:00+05:30,384.45,385.0,383.3,383.75,255932
2025-07-10T11:45:00+05:30,383.7,385.05,383.45,384.8,98379
2025-07-10T12:00:00+05:30,384.8,385.2,383.95,384.2,134644
2025-07-10T12:15:00+05:30,384.25,384.8,382.0,383.6,292064
2025-07-10T12:30:00+05:30,383.6,384.9,383.2,383.85,145330
2025-07-10T12:45:00+05:30,383.9,383.95,382.5,382.75,107298
2025-07-10T13:00:00+05:30,382.8,383.25,382.5,383.25,89450
2025-07-10T13:15:00+05:30,383.25,384.0,383.0,383.35,117745
2025-07-10T13:30:00+05:30,383.3,383.7,381.5,382.65,291453
2025-07-10T13:45:00+05:30,382.65,383.85,382.0,383.45,148231
2025-07-10T14:00:00+05:30,383.5,383.9,382.35,383.0,140831
2025-07-10T14:15:00+05:30,383.0,385.0,382.9,384.95,282008
2025-07-10T14:30:00+05:30,384.9,385.0,384.15,384.55,184592
2025-07-10T14:45:00+05:30,384.6,384.85,383.8,383.95,134320
2025-07-10T15:00:00+05:30,383.95,384.65,383.6,384.25,360589
2025-07-10T15:15:00+05:30,384.25,387.0,383.3,384.5,720780
2025-07-11T09:15:00+05:30,383.25,383.45,380.05,380.05,551837
2025-07-11T09:30:00+05:30,380.15,380.9,379.5,380.15,358974
2025-07-11T09:45:00+05:30,380.15,380.15,378.0,378.35,358512
2025-07-11T10:00:00+05:30,378.4,378.75,377.85,378.45,196861
2025-07-11T10:15:00+05:30,378.5,380.4,378.1,379.8,190714
2025-07-11T10:30:00+05:30,379.75,380.2,379.1,379.45,235486
2025-07-11T10:45:00+05:30,379.55,380.2,378.25,380.1,1741351
2025-07-11T11:00:00+05:30,380.2,380.75,380.0,380.5,454679
2025-07-11T11:15:00+05:30,380.45,381.0,380.0,380.0,188439
2025-07-11T11:30:00+05:30,380.05,380.55,380.0,380.25,81905
2025-07-11T11:45:00+05:30,380.25,380.75,380.25,380.25,82035
2025-07-11T12:00:00+05:30,380.3,380.6,380.25,380.25,103274
2025-07-11T12:15:00+05:30,380.3,380.45,380.0,380.3,42654
2025-07-11T12:30:00+05:30,380.25,381.2,380.25,380.85,261046
2025-07-11T12:45:00+05:30,380.75,381.5,380.75,381.4,358412
2025-07-11T13:00:00+05:30,381.45,382.25,381.2,381.75,382738
2025-07-11T13:15:00+05:30,381.75,383.5,381.5,383.0,578117
2025-07-11T13:30:00+05:30,383.0,385.15,382.7,385.05,640669
2025-07-11T13:45:00+05:30,385.05,389.0,384.75,387.3,866812
2025-07-11T14:00:00+05:30,387.3,387.95,386.05,387.0,674875
2025-07-11T14:15:00+05:30,387.0,387.6,385.6,386.35,540136
2025-07-11T14:30:00+05:30,386.4,386.6,384.85,385.0,360528
2025-07-11T14:45:00+05:30,385.05,387.0,384.85,385.85,446082
2025-07-11T15:00:00+05:30,385.8,385.85,384.05,385.25,611347
2025-07-11T15:15:00+05:30,385.15,386.45,384.1,385.3,777247
2025-07-14T09:15:00+05:30,384.45,384.45,380.4,383.75,1132876
2025-07-14T09:30:00+05:30,383.3,388.3,382.8,386.65,511230
2025-07-14T09:45:00+05:30,386.8,387.9,385.55,387.35,308171
2025-07-14T10:00:00+05:30,387.05,388.9,386.15,386.3,332112
2025-07-14T10:15:00+05:30,386.5,389.55,385.6,386.9,345703
2025-07-14T10:30:00+05:30,386.85,387.0,386.1,386.6,143792
2025-07-14T10:45:00+05:30,386.65,390.2,386.2,388.65,2565488
2025-07-14T11:00:00+05:30,388.65,389.2,387.0,387.9,363674
2025-07-14T11:15:00+05:30,387.95,390.5,387.75,389.3,472757
2025-07-14T11:30:00+05:30,389.25,391.8,387.5,387.7,478446
2025-07-14T11:45:00+05:30,387.75,389.2,387.5,388.2,260751
2025-07-14T12:00:00+05:30,388.2,388.9,387.7,387.85,102489
2025-07-14T12:15:00+05:30,387.9,388.65,387.5,388.3,218342
2025-07-14T12:30:00+05:30,388.25,389.75,387.5,389.1,181286
2025-07-14T12:45:00+05:30,389.05,391.5,388.85,390.75,599813
2025-07-14T13:00:00+05:30,390.7,392.9,390.0,392.15,627388
2025-07-14T13:15:00+05:30,392.15,393.3,391.3,392.0,278225
2025-07-14T13:30:00+05:30,392.05,392.75,391.4,392.05,178362
2025-07-14T13:45:00+05:30,392.05,392.3,391.05,391.95,224034
2025-07-14T14:00:00+05:30,391.75,393.8,391.75,392.85,429411
2025-07-14T14:15:00+05:30,392.85,393.5,392.5,393.4,239253
2025-07-14T14:30:00+05:30,393.3,393.5,391.35,392.85,390702
2025-07-14T14:45:00+05:30,392.85,393.75,392.25,393.3,451349
2025-07-14T15:00:00+05:30,393.3,394.7,392.5,393.0,834165
2025-07-14T15:15:00+05:30,392.95,393.1,392.0,393.0,996843
2025-07-15T09:15:00+05:30,392.95,397.7,392.25,396.0,720200
2025-07-15T09:30:00+05:30,395.95,398.55,394.5,396.65,758882
2025-07-15T09:45:00+05:30,396.6,399.2,395.2,396.75,921552
2025-07-15T10:00:00+05:30,396.75,397.05,395.35,395.7,351022
2025-07-15T10:15:00+05:30,395.7,396.0,391.8,394.45,739435
2025-07-15T10:30:00+05:30,394.4,394.9,392.2,392.3,380714
2025-07-15T10:45:00+05:30,392.25,392.65,390.55,392.05,416584
2025-07-15T11:00:00+05:30,392.05,392.05,387.1,388.4,631767
2025-07-15T11:15:00+05:30,388.4,388.8,383.3,383.65,837991
2025-07-15T11:30:00+05:30,383.65,386.9,383.65,386.45,591861
2025-07-15T11:45:00+05:30,386.45,388.4,386.3,387.95,367282
2025-07-15T12:00:00+05:30,387.95,388.8,387.6,388.25,251160
2025-07-15T12:15:00+05:30,388.25,390.6,387.8,390.0,533826
2025-07-15T12:30:00+05:30,390.05,390.9,389.85,390.45,246494
2025-07-15T12:45:00+05:30,390.45,390.9,390.2,390.7,173841
2025-07-15T13:00:00+05:30,390.75,390.8,390.15,390.7,181028
2025-07-15T13:15:00+05:30,390.7,391.0,389.75,389.8,369031
2025-07-15T13:30:00+05:30,389.8,390.3,389.0,389.7,776925
2025-07-15T13:45:00+05:30,389.8,391.3,389.65,390.65,495393
2025-07-15T14:00:00+05:30,390.65,390.9,390.3,390.3,143761
2025-07-15T14:15:00+05:30,390.3,390.65,389.6,389.9,287006
2025-07-15T14:30:00+05:30,389.9,390.55,388.85,389.15,534181
2025-07-15T14:45:00+05:30,389.15,390.0,388.1,388.25,297254
2025-07-15T15:00:00+05:30,388.2,389.45,388.05,388.95,450123
2025-07-15T15:15:00+05:30,388.95,389.55,386.3,387.0,850552
2025-07-16T09:15:00+05:30,389.9,398.75,389.7,398.1,2035440
2025-07-16T09:30:00+05:30,398.05,400.0,394.5,394.8,2357378
2025-07-16T09:45:00+05:30,394.85,395.45,393.0,393.55,1280807
2025-07-16T10:00:00+05:30,393.55,393.85,391.95,393.4,656709
2025-07-16T10:15:00+05:30,393.45,393.5,390.45,391.4,545439
2025-07-16T10:30:00+05:30,391.35,392.7,390.5,391.95,544911
2025-07-16T10:45:00+05:30,391.95,392.85,391.7,391.95,524995
2025-07-16T11:00:00+05:30,391.95,392.45,391.45,392.15,330027
2025-07-16T11:15:00+05:30,392.15,393.0,391.35,391.8,503914
2025-07-16T11:30:00+05:30,391.85,392.3,391.15,391.95,368116
2025-07-16T11:45:00+05:30,391.95,392.5,391.4,391.75,590854
2025-07-16T12:00:00+05:30,391.7,391.95,391.2,391.2,165802
2025-07-16T12:15:00+05:30,391.2,391.7,389.35,389.85,591931
2025-07-16T12:30:00+05:30,389.8,391.35,389.35,389.85,443650
2025-07-16T12:45:00+05:30,389.85,390.2,389.05,390.0,290654
2025-07-16T13:00:00+05:30,390.0,390.6,389.85,389.9,303735
2025-07-16T13:15:00+05:30,389.95,390.15,389.5,389.95,150714
2025-07-16T13:30:00+05:30,389.95,390.1,389.7,389.95,382861
2025-07-16T13:45:00+05:30,389.95,390.05,389.85,389.95,159943
2025-07-16T14:00:00+05:30,390.0,390.1,389.9,390.0,213748
2025-07-16T14:15:00+05:30,389.95,390.9,389.8,390.35,466093
2025-07-16T14:30:00+05:30,390.3,390.3,389.35,389.6,415784
2025-07-16T14:45:00+05:30,389.65,390.0,388.25,389.4,766152
2025-07-16T15:00:00+05:30,389.5,392.0,389.1,391.3,1509477
2025-07-16T15:15:00+05:30,391.45,392.2,386.75,390.0,1213128
2025-07-17T09:15:00+05:30,391.75,393.2,386.5,386.6,912366
2025-07-17T09:30:00+05:30,386.65,387.3,385.1,385.25,407432
2025-07-17T09:45:00+05:30,385.25,386.8,385.0,386.5,260156
2025-07-17T10:00:00+05:30,386.5,386.75,386.0,386.2,90042
2025-07-17T10:15:00+05:30,386.2,386.45,386.15,386.25,53571
2025-07-17T10:30:00+05:30,386.25,387.2,386.2,386.55,100180
2025-07-17T10:45:00+05:30,386.5,386.8,384.5,385.5,399549
2025-07-17T11:00:00+05:30,385.55,385.8,384.35,384.9,208369
2025-07-17T11:15:00+05:30,384.8,385.0,383.9,384.7,392813
2025-07-17T11:30:00+05:30,384.55,386.7,384.45,385.9,290900
2025-07-17T11:45:00+05:30,385.8,387.6,385.8,387.15,182428
2025-07-17T12:00:00+05:30,387.1,387.6,386.35,386.7,107387
2025-07-17T12:15:00+05:30,386.75,386.9,384.5,385.3,275986
2025-07-17T12:30:00+05:30,385.15,385.6,384.8,385.1,301603
2025-07-17T12:45:00+05:30,385.15,386.0,385.0,385.65,119352
2025-07-17T13:00:00+05:30,385.6,386.45,385.4,386.05,70248
2025-07-17T13:15:00+05:30,386.05,386.5,386.05,386.35,38204
2025-07-17T13:30:00+05:30,386.3,386.4,386.0,386.25,28545
2025-07-17T13:45:00+05:30,386.25,386.4,386.0,386.2,53473
2025-07-17T14:00:00+05:30,386.25,386.3,385.75,386.25,44224
2025-07-17T14:15:00+05:30,386.3,386.3,385.85,386.05,56163
2025-07-17T14:30:00+05:30,386.0,386.15,384.5,385.9,192984
2025-07-17T14:45:00+05:30,385.75,386.0,384.5,385.1,120184
2025-07-17T15:00:00+05:30,385.1,386.0,385.0,386.0,359568
2025-07-17T15:15:00+05:30,385.95,386.5,384.5,386.0,504989
2025-07-18T09:15:00+05:30,387.0,389.75,386.05,389.35,679252
2025-07-18T09:30:00+05:30,389.45,390.95,387.05,388.2,505412
2025-07-18T09:45:00+05:30,388.2,391.45,387.2,389.3,470003
2025-07-18T10:00:00+05:30,389.4,389.5,387.65,387.7,192613
2025-07-18T10:15:00+05:30,387.85,388.6,387.2,388.2,208469
2025-07-18T10:30:00+05:30,388.2,390.0,387.8,389.85,178075
2025-07-18T10:45:00+05:30,389.8,391.4,389.75,390.4,515570
2025-07-18T11:00:00+05:30,390.35,393.0,389.35,390.8,354094
2025-07-18T11:15:00+05:30,390.8,391.25,389.55,389.55,196559
2025-07-18T11:30:00+05:30,389.55,390.9,389.55,390.8,119008
2025-07-18T11:45:00+05:30,390.75,390.9,389.65,390.0,73088
2025-07-18T12:00:00+05:30,389.85,390.55,389.6,390.1,73036
2025-07-18T12:15:00+05:30,390.15,390.7,390.05,390.45,54475
2025-07-18T12:30:00+05:30,390.45,390.6,389.4,389.95,61006
2025-07-18T12:45:00+05:30,389.95,390.1,389.05,389.35,79021
2025-07-18T13:00:00+05:30,389.4,389.85,387.9,388.45,174171
2025-07-18T13:15:00+05:30,388.5,388.95,388.3,388.4,71494
2025-07-18T13:30:00+05:30,388.4,388.8,388.2,388.45,61179
2025-07-18T13:45:00+05:30,388.45,388.75,388.3,388.55,68475
2025-07-18T14:00:00+05:30,388.55,389.35,388.5,388.75,55282
2025-07-18T14:15:00+05:30,388.75,389.0,388.45,388.65,50583
2025-07-18T14:30:00+05:30,388.6,388.8,388.4,388.45,77472
2025-07-18T14:45:00+05:30,388.45,389.5,387.9,389.35,129126
2025-07-18T15:00:00+05:30,389.35,389.75,388.5,388.85,130383
2025-07-18T15:15:00+05:30,388.9,389.4,388.0,388.3,244863
2025-07-21T09:15:00+05:30,388.8,388.8,382.5,385.3,559897
2025-07-21T09:30:00+05:30,385.1,386.1,382.95,383.8,387879
2025-07-21T09:45:00+05:30,383.85,384.45,382.7,383.5,293484
2025-07-21T10:00:00+05:30,383.45,384.3,382.35,383.9,367578
2025-07-21T10:15:00+05:30,384.0,384.3,383.05,383.3,190903
2025-07-21T10:30:00+05:30,383.25,383.85,381.1,381.75,537414
2025-07-21T10:45:00+05:30,381.7,383.25,380.1,382.65,741779
2025-07-21T11:00:00+05:30,382.6,383.85,382.0,382.25,249270
2025-07-21T11:15:00+05:30,382.2,384.7,381.55,383.95,307680
2025-07-21T11:30:00+05:30,383.95,384.1,383.0,383.0,136979
2025-07-21T11:45:00+05:30,383.0,384.25,382.65,384.0,203980
2025-07-21T12:00:00+05:30,383.95,386.25,383.8,385.2,497543
2025-07-21T12:15:00+05:30,385.15,388.6,384.0,388.05,605864
2025-07-21T12:30:00+05:30,388.05,390.0,385.05,386.0,3118894
2025-07-21T12:45:00+05:30,386.0,390.0,386.0,389.0,3039671
2025-07-21T13:00:00+05:30,388.95,389.2,385.8,386.55,529545
2025-07-21T13:15:00+05:30,386.55,387.8,386.05,387.1,164241
2025-07-21T13:30:00+05:30,387.05,388.2,386.85,387.85,212336
2025-07-21T13:45:00+05:30,387.75,388.75,386.75,387.8,304912
2025-07-21T14:00:00+05:30,387.75,389.3,387.65,389.0,232868
2025-07-21T14:15:00+05:30,388.8,389.15,388.55,389.05,120035
2025-07-21T14:30:00+05:30,389.05,390.0,388.45,389.3,296561
2025-07-21T14:45:00+05:30,389.3,390.0,389.05,389.6,288428
2025-07-21T15:00:00+05:30,389.6,391.0,389.1,389.8,793044
2025-07-21T15:15:00+05:30,389.85,400.8,389.5,398.0,3490062
2025-07-22T09:15:00+05:30,405.0,426.3,403.75,425.3,18389090
2025-07-22T09:30:00+05:30,425.3,425.85,413.4,414.95,11346932
2025-07-22T09:45:00+05:30,414.95,415.4,412.1,413.05,4271935
2025-07-22T10:00:00+05:30,413.15,414.8,409.2,411.5,6581161
2025-07-22T10:15:00+05:30,411.65,411.75,406.7,407.3,2975611
2025-07-22T10:30:00+05:30,407.3,408.25,407.0,407.7,825574
2025-07-22T10:45:00+05:30,407.7,408.95,407.15,408.8,2444630
2025-07-22T11:00:00+05:30,408.75,413.1,408.2,412.75,2122019
2025-07-22T11:15:00+05:30,412.7,414.65,409.35,412.15,2089912
2025-07-22T11:30:00+05:30,412.15,415.0,411.95,414.15,2704362
2025-07-22T11:45:00+05:30,414.15,415.7,408.6,409.75,4148506
2025-07-22T12:00:00+05:30,409.7,410.4,406.55,410.15,3175467
2025-07-22T12:15:00+05:30,410.15,410.4,404.55,408.5,2602122
2025-07-22T12:30:00+05:30,408.3,409.2,406.65,408.65,848147
2025-07-22T12:45:00+05:30,408.6,410.0,407.8,409.7,1008290
2025-07-22T13:00:00+05:30,409.65,410.65,408.25,410.35,1012063
2025-07-22T13:15:00+05:30,410.4,412.5,409.6,410.1,1712611
2025-07-22T13:30:00+05:30,410.2,412.9,410.05,411.8,1074951
2025-07-22T13:45:00+05:30,411.95,413.5,411.75,412.7,1131706
2025-07-22T14:00:00+05:30,412.7,413.0,409.5,412.25,1132329
2025-07-22T14:15:00+05:30,412.25,413.1,411.9,412.6,838089
2025-07-22T14:30:00+05:30,412.55,412.8,411.35,411.9,697188
2025-07-22T14:45:00+05:30,411.9,413.9,411.7,413.6,1627975
2025-07-22T15:00:00+05:30,413.6,417.0,413.1,416.85,2814059
2025-07-22T15:15:00+05:30,416.65,420.0,416.65,418.0,4491431
2025-07-23T09:15:00+05:30,418.0,419.8,412.6,413.9,1910476
2025-07-23T09:15:00+05:30,418.0,419.8,412.6,413.9,1910476
2025-07-23T09:30:00+05:30,413.85,417.0,413.05,416.25,1544783
2025-07-23T09:45:00+05:30,416.3,421.0,415.8,417.65,2853101
2025-07-23T10:00:00+05:30,417.3,419.1,417.1,417.7,604140
2025-07-23T10:15:00+05:30,417.6,418.75,417.25,417.7,475613
2025-07-23T10:30:00+05:30,417.65,418.0,415.65,417.15,340654
2025-07-23T10:45:00+05:30,417.05,419.45,417.05,418.95,496284
2025-07-23T11:00:00+05:30,418.9,419.95,418.4,419.4,1452825
2025-07-23T11:15:00+05:30,419.55,419.65,418.4,418.95,430134
2025-07-23T11:30:00+05:30,418.9,419.0,418.5,418.85,182606
2025-07-23T11:45:00+05:30,418.9,419.4,418.5,419.35,357283
2025-07-23T12:00:00+05:30,419.35,420.9,418.7,419.2,582438
2025-07-23T12:15:00+05:30,419.2,419.45,418.2,418.35,276300
2025-07-23T12:30:00+05:30,418.3,419.0,417.15,418.3,1422543
2025-07-23T12:45:00+05:30,418.35,418.45,416.7,417.4,325764
2025-07-23T13:00:00+05:30,417.55,417.7,415.7,417.1,326353
2025-07-23T13:15:00+05:30,417.05,418.0,416.85,417.65,186320
2025-07-23T13:30:00+05:30,417.7,417.95,417.25,417.65,178145
2025-07-23T13:45:00+05:30,417.65,417.9,417.2,417.9,218781
2025-07-23T14:00:00+05:30,417.9,417.9,417.35,417.7,167202
2025-07-23T14:15:00+05:30,417.7,417.75,416.85,417.4,226149
2025-07-23T14:30:00+05:30,417.35,417.95,416.8,417.75,244582
2025-07-23T14:45:00+05:30,417.75,417.95,417.4,417.5,422690
2025-07-23T15:00:00+05:30,417.5,419.95,417.4,418.95,838387
2025-07-23T15:15:00+05:30,418.85,420.0,418.15,418.2,889836
2025-07-24T09:15:00+05:30,418.0,421.5,415.75,418.95,1090097
2025-07-24T09:30:00+05:30,418.95,421.3,418.05,420.75,564921
2025-07-24T09:45:00+05:30,420.75,423.95,419.45,423.4,1007547
2025-07-24T10:00:00+05:30,423.35,425.0,422.95,424.65,1378684
2025-07-24T10:15:00+05:30,424.8,429.9,423.5,424.3,2510316
2025-07-24T10:30:00+05:30,424.4,426.5,423.55,426.4,644449
2025-07-24T10:45:00+05:30,426.4,429.0,425.0,427.75,1787626
2025-07-24T11:00:00+05:30,427.7,428.7,427.15,427.8,608855
2025-07-24T11:15:00+05:30,427.8,428.05,423.55,424.4,616880
2025-07-24T11:30:00+05:30,424.35,425.0,423.25,424.95,496535
2025-07-24T11:45:00+05:30,424.95,425.1,420.35,421.1,903647
2025-07-24T12:00:00+05:30,421.1,421.8,416.5,417.9,1337092
2025-07-24T12:15:00+05:30,417.75,420.1,405.7,417.5,2737515
2025-07-24T12:30:00+05:30,417.45,417.45,414.75,415.7,596114
2025-07-24T12:45:00+05:30,415.7,416.35,412.1,415.5,672417
2025-07-24T13:00:00+05:30,415.4,416.8,414.7,416.6,340822
2025-07-24T13:15:00+05:30,416.55,416.85,416.0,416.3,232888
2025-07-24T13:30:00+05:30,416.35,418.3,415.6,418.1,313152
2025-07-24T13:45:00+05:30,418.1,419.0,416.05,417.15,288549
2025-07-24T14:00:00+05:30,417.15,419.5,417.15,418.6,541954
2025-07-24T14:15:00+05:30,418.6,418.9,415.6,416.95,365733
2025-07-24T14:30:00+05:30,416.9,417.95,415.7,415.8,235036
2025-07-24T14:45:00+05:30,415.75,417.2,414.4,416.7,476622
2025-07-24T15:00:00+05:30,416.75,419.9,416.6,418.2,846776
2025-07-24T15:15:00+05:30,418.2,421.4,417.75,418.55,1140236
2025-07-25T09:15:00+05:30,418.55,418.55,410.05,413.2,1400917
2025-07-25T09:30:00+05:30,413.2,413.3,410.0,410.55,826332
2025-07-25T09:45:00+05:30,410.55,411.4,410.15,410.4,436968
2025-07-25T10:00:00+05:30,410.45,410.45,408.0,408.0,385102
2025-07-25T10:15:00+05:30,408.0,408.7,406.5,408.1,375719
2025-07-25T10:30:00+05:30,408.0,408.65,407.75,407.8,218536
2025-07-25T10:45:00+05:30,407.85,409.95,406.4,409.35,529268
2025-07-25T11:00:00+05:30,409.3,410.9,407.8,409.4,343401
2025-07-25T11:15:00+05:30,409.4,409.95,409.0,409.4,101285
2025-07-25T11:30:00+05:30,409.55,409.75,409.0,409.15,60211
2025-07-25T11:45:00+05:30,409.1,409.35,407.3,408.25,229363
2025-07-25T12:00:00+05:30,408.25,409.0,407.55,408.7,98931
2025-07-25T12:15:00+05:30,408.8,410.0,408.6,408.85,105710
2025-07-25T12:30:00+05:30,408.85,410.15,408.85,409.75,98690
2025-07-25T12:45:00+05:30,409.75,410.2,409.2,409.9,65167
2025-07-25T13:00:00+05:30,409.85,411.5,409.6,410.2,131617
2025-07-25T13:15:00+05:30,410.2,410.7,409.6,409.75,61492
2025-07-25T13:30:00+05:30,409.75,409.9,408.25,409.1,131437
2025-07-25T13:45:00+05:30,409.1,409.85,409.0,409.25,58150
2025-07-25T14:00:00+05:30,409.25,410.0,408.3,409.15,97458
2025-07-25T14:15:00+05:30,409.1,409.85,408.6,408.95,109357
2025-07-25T14:30:00+05:30,409.0,409.9,408.6,409.8,160904
2025-07-25T14:45:00+05:30,409.9,410.45,408.7,409.6,210537
2025-07-25T15:00:00+05:30,409.7,410.45,408.65,409.2,491870
2025-07-25T15:15:00+05:30,409.15,409.2,406.0,408.3,990551
2025-07-28T09:15:00+05:30,405.75,411.45,401.35,411.1,1109688
2025-07-28T09:30:00+05:30,411.1,411.95,408.1,410.55,482381
2025-07-28T09:45:00+05:30,410.55,413.0,410.5,412.3,273976
2025-07-28T10:00:00+05:30,412.3,416.2,412.1,414.25,538432
2025-07-28T10:15:00+05:30,414.2,414.5,413.2,413.3,187182
2025-07-28T10:30:00+05:30,413.25,414.4,412.15,412.9,378841
2025-07-28T10:45:00+05:30,412.9,415.25,412.25,415.1,528700
2025-07-28T11:00:00+05:30,415.1,415.4,414.0,414.6,270798
2025-07-28T11:15:00+05:30,414.55,414.95,413.6,413.9,106554
2025-07-28T11:30:00+05:30,413.9,413.9,411.95,412.6,249183
2025-07-28T11:45:00+05:30,412.6,413.05,412.5,413.0,99445
2025-07-28T12:00:00+05:30,412.95,413.35,412.65,413.0,121068
2025-07-28T12:15:00+05:30,412.95,414.2,412.85,413.1,213692
2025-07-28T12:30:00+05:30,413.15,414.2,412.65,413.8,245284
2025-07-28T12:45:00+05:30,413.8,413.85,410.15,410.9,277340
2025-07-28T13:00:00+05:30,410.9,411.2,407.7,408.35,650561
2025-07-28T13:15:00+05:30,408.35,408.55,406.05,406.9,371205
2025-07-28T13:30:00+05:30,406.9,407.15,404.2,406.1,502738
2025-07-28T13:45:00+05:30,406.2,407.85,406.0,406.25,369705
2025-07-28T14:00:00+05:30,406.1,406.3,404.05,404.3,304302
2025-07-28T14:15:00+05:30,404.1,405.55,402.2,402.35,438680
2025-07-28T14:30:00+05:30,402.35,405.35,402.3,404.8,440797
2025-07-28T14:45:00+05:30,404.85,406.4,404.1,405.8,405813
2025-07-28T15:00:00+05:30,405.8,407.0,405.0,406.9,385286
2025-07-28T15:15:00+05:30,406.95,409.3,405.95,407.0,560225
2025-07-29T09:15:00+05:30,408.1,411.0,402.5,406.45,769041
2025-07-29T09:30:00+05:30,406.45,406.6,402.6,403.1,330091
2025-07-29T09:45:00+05:30,403.05,405.8,403.05,405.0,298537
2025-07-29T10:00:00+05:30,405.15,408.35,403.35,405.5,392210
2025-07-29T10:15:00+05:30,405.3,406.85,404.7,404.85,342196
2025-07-29T10:30:00+05:30,404.9,405.55,402.3,404.45,235889
2025-07-29T10:45:00+05:30,404.3,404.8,403.8,404.45,95106
2025-07-29T11:00:00+05:30,404.5,404.6,403.25,404.1,92450
2025-07-29T11:15:00+05:30,404.1,405.9,404.0,405.8,124058
2025-07-29T11:30:00+05:30,405.85,405.9,404.45,404.8,90790
2025-07-29T11:45:00+05:30,404.8,405.7,404.8,405.3,50805
2025-07-29T12:00:00+05:30,405.3,406.65,404.9,406.5,81345
2025-07-29T12:15:00+05:30,406.5,407.6,405.9,407.5,181547
2025-07-29T12:30:00+05:30,407.5,408.1,406.85,407.5,215165
2025-07-29T12:45:00+05:30,407.55,407.55,405.4,406.2,146308
2025-07-29T13:00:00+05:30,406.2,406.5,406.0,406.1,71614
2025-07-29T13:15:00+05:30,406.1,406.1,405.4,405.85,61575
2025-07-29T13:30:00+05:30,405.8,406.45,405.7,406.1,81446
2025-07-29T13:45:00+05:30,406.05,406.85,406.05,406.4,75423
2025-07-29T14:00:00+05:30,406.4,407.8,406.2,407.65,142465
2025-07-29T14:15:00+05:30,407.7,409.0,407.3,407.9,146415
2025-07-29T14:30:00+05:30,407.9,409.7,407.85,409.45,170158
2025-07-29T14:45:00+05:30,409.4,413.0,408.25,413.0,596930
2025-07-29T15:00:00+05:30,412.95,414.0,411.15,413.5,396522
2025-07-29T15:15:00+05:30,413.5,415.7,413.45,413.65,619134
2025-07-30T09:15:00+05:30,413.8,414.0,405.35,409.9,1058719
2025-07-30T09:30:00+05:30,409.85,410.5,405.7,406.65,526701
2025-07-30T09:45:00+05:30,406.65,406.8,404.6,405.7,571616
2025-07-30T10:00:00+05:30,405.7,406.45,405.1,406.25,324876
2025-07-30T10:15:00+05:30,406.2,407.55,405.15,405.4,369643
2025-07-30T10:30:00+05:30,405.35,405.8,403.35,403.65,375507
2025-07-30T10:45:00+05:30,403.65,405.6,403.55,404.45,358699
2025-07-30T11:00:00+05:30,404.5,405.25,403.8,403.85,286774
2025-07-30T11:15:00+05:30,403.8,406.5,403.8,405.95,300836
2025-07-30T11:30:00+05:30,405.95,407.7,405.9,406.5,304294
2025-07-30T11:45:00+05:30,406.25,407.3,405.4,405.5,219033
2025-07-30T12:00:00+05:30,405.4,406.2,404.25,405.4,313081
2025-07-30T12:15:00+05:30,405.4,406.4,405.25,405.55,199279
2025-07-30T12:30:00+05:30,405.5,405.55,404.5,404.6,162543
2025-07-30T12:45:00+05:30,404.6,405.9,402.5,404.05,822876
2025-07-30T13:00:00+05:30,404.25,405.5,403.85,405.4,233727
2025-07-30T13:15:00+05:30,405.4,406.65,405.0,405.15,286445
2025-07-30T13:30:00+05:30,405.15,405.6,405.0,405.15,171316
2025-07-30T13:45:00+05:30,405.15,405.75,404.1,404.8,307918
2025-07-30T14:00:00+05:30,404.75,404.8,403.45,403.65,227336
2025-07-30T14:15:00+05:30,403.65,403.7,402.35,402.35,286890
2025-07-30T14:30:00+05:30,402.35,402.5,401.0,401.05,324109
2025-07-30T14:45:00+05:30,401.0,402.4,400.95,402.25,277619
2025-07-30T15:00:00+05:30,402.25,403.4,401.0,401.4,571815
2025-07-30T15:15:00+05:30,401.45,402.95,399.0,401.8,1500742
2025-07-31T09:15:00+05:30,400.0,407.0,397.7,403.3,1537493
2025-07-31T09:30:00+05:30,403.3,405.85,403.1,405.05,365317
2025-07-31T09:45:00+05:30,404.95,405.85,402.8,403.55,327723
2025-07-31T10:00:00+05:30,403.7,403.95,401.1,401.6,326262
2025-07-31T10:15:00+05:30,401.3,401.95,399.15,400.0,510110
2025-07-31T10:30:00+05:30,399.9,400.0,399.45,399.9,175921
2025-07-31T10:45:00+05:30,399.95,401.8,399.8,400.45,334098
2025-07-31T11:00:00+05:30,400.45,400.95,399.5,399.65,168414
2025-07-31T11:15:00+05:30,399.65,401.35,399.55,400.55,179944
2025-07-31T11:30:00+05:30,400.5,401.0,399.65,399.7,122227
2025-07-31T11:45:00+05:30,399.65,400.0,399.65,399.85,142797
2025-07-31T12:00:00+05:30,399.85,400.7,399.3,399.8,143058
2025-07-31T12:15:00+05:30,399.8,401.5,399.55,401.15,186245
2025-07-31T12:30:00+05:30,401.2,402.55,401.0,401.75,198578
2025-07-31T12:45:00+05:30,401.75,403.0,401.5,402.65,160173
2025-07-31T13:00:00+05:30,402.8,402.9,401.05,401.25,127936
2025-07-31T13:15:00+05:30,401.4,404.45,401.35,402.85,370593
2025-07-31T13:30:00+05:30,402.8,404.2,402.45,402.75,167645
2025-07-31T13:45:00+05:30,402.85,403.75,402.0,402.55,158287
2025-07-31T14:00:00+05:30,402.5,405.5,402.5,404.75,368489
2025-07-31T14:15:00+05:30,404.7,405.85,404.15,405.2,334783
2025-07-31T14:30:00+05:30,405.2,406.3,404.0,405.1,533052
2025-07-31T14:45:00+05:30,405.0,405.4,403.0,405.25,375473
2025-07-31T15:00:00+05:30,405.4,405.4,402.5,403.15,478396
2025-07-31T15:15:00+05:30,403.1,405.0,402.85,403.95,659422
2025-08-01T09:15:00+05:30,408.0,408.5,386.4,393.4,7197543
2025-08-01T09:30:00+05:30,393.4,394.4,387.1,388.4,2113449
2025-08-01T09:45:00+05:30,388.4,393.3,388.0,390.75,1208946
2025-08-01T10:00:00+05:30,390.7,393.6,389.0,393.45,1006491
2025-08-01T10:15:00+05:30,393.4,393.7,392.5,393.2,627550
2025-08-01T10:30:00+05:30,393.15,393.25,391.1,391.7,508775
2025-08-01T10:45:00+05:30,391.75,395.5,391.7,394.55,736621
2025-08-01T11:00:00+05:30,394.5,396.45,394.5,395.4,725528
2025-08-01T11:15:00+05:30,395.4,395.75,393.0,393.9,434790
2025-08-01T11:30:00+05:30,393.8,396.4,393.5,395.65,552742
2025-08-01T11:45:00+05:30,395.6,398.2,395.55,397.2,695589
2025-08-01T12:00:00+05:30,397.15,397.2,394.65,396.2,759038
2025-08-01T12:15:00+05:30,396.15,396.65,394.45,395.2,320406
2025-08-01T12:30:00+05:30,395.2,395.9,393.25,394.6,469257
2025-08-01T12:45:00+05:30,394.55,395.7,393.3,395.45,419651
2025-08-01T13:00:00+05:30,395.45,396.5,394.4,396.0,322326
2025-08-01T13:15:00+05:30,396.0,396.1,395.0,395.75,209545
2025-08-01T13:30:00+05:30,395.7,395.85,394.95,395.3,256536
2025-08-01T13:45:00+05:30,395.2,395.45,393.55,394.75,302766
2025-08-01T14:00:00+05:30,394.6,394.65,392.3,393.1,440084
2025-08-01T14:15:00+05:30,393.0,393.0,390.25,392.9,714765
2025-08-01T14:30:00+05:30,392.75,393.45,392.35,393.0,414681
2025-08-01T14:45:00+05:30,392.9,393.5,392.35,392.95,534735
2025-08-01T15:00:00+05:30,392.95,393.5,392.0,392.6,550833
2025-08-01T15:15:00+05:30,392.35,393.25,390.0,392.25,916272
2025-08-04T09:15:00+05:30,392.5,393.1,381.75,386.9,2316583
2025-08-04T09:30:00+05:30,386.8,391.45,386.0,389.25,998572
2025-08-04T09:45:00+05:30,389.3,394.25,389.05,394.25,750932
2025-08-04T10:00:00+05:30,393.85,394.25,391.8,393.35,422273
2025-08-04T10:15:00+05:30,393.35,394.0,389.2,390.9,579918
2025-08-04T10:30:00+05:30,390.95,391.25,387.0,387.0,396018
2025-08-04T10:45:00+05:30,387.1,390.25,385.8,386.4,731387
2025-08-04T11:00:00+05:30,386.5,389.0,385.6,388.9,441246
2025-08-04T11:15:00+05:30,388.85,390.85,388.85,390.5,303044
2025-08-04T11:30:00+05:30,390.65,391.75,390.4,391.55,243520
2025-08-04T11:45:00+05:30,391.55,393.4,391.5,393.3,294252
2025-08-04T12:00:00+05:30,393.25,394.2,392.4,393.4,593517
2025-08-04T12:15:00+05:30,393.45,402.35,393.4,400.55,1540350
2025-08-04T12:30:00+05:30,400.55,402.0,400.0,401.75,342702
2025-08-04T12:45:00+05:30,401.75,402.65,400.35,400.7,381035
2025-08-04T13:00:00+05:30,400.75,402.9,400.65,402.6,290549
2025-08-04T13:15:00+05:30,402.7,403.15,398.2,398.75,615343
2025-08-04T13:30:00+05:30,398.75,403.05,398.75,400.9,599305
2025-08-04T13:45:00+05:30,400.95,401.45,399.85,399.9,164437
2025-08-04T14:00:00+05:30,399.9,401.35,398.3,399.85,360271
2025-08-04T14:15:00+05:30,399.85,400.4,397.0,397.9,364216
2025-08-04T14:30:00+05:30,398.0,398.95,397.55,398.85,223772
2025-08-04T14:45:00+05:30,398.75,399.45,396.5,398.25,778877
2025-08-04T15:00:00+05:30,398.4,400.0,397.6,399.6,412528
2025-08-04T15:15:00+05:30,399.55,400.0,397.35,398.05,773616
2025-08-05T09:15:00+05:30,397.2,398.9,395.15,396.55,849366
2025-08-05T09:30:00+05:30,396.6,396.8,394.35,395.85,612624
2025-08-05T09:45:00+05:30,395.85,396.5,394.95,395.95,257837
2025-08-05T10:00:00+05:30,395.95,395.95,392.2,392.9,356959
2025-08-05T10:15:00+05:30,392.9,393.05,389.05,390.35,729448
2025-08-05T10:30:00+05:30,390.35,391.95,388.5,388.85,629876
2025-08-05T10:45:00+05:30,389.05,391.4,388.85,391.15,397319
2025-08-05T11:00:00+05:30,391.15,391.2,389.6,390.1,199942
2025-08-05T11:15:00+05:30,390.1,390.4,389.6,389.95,212322
2025-08-05T11:30:00+05:30,389.95,390.3,389.6,390.05,191121
2025-08-05T11:45:00+05:30,390.05,390.25,389.0,389.7,289382
2025-08-05T12:00:00+05:30,389.7,389.9,388.0,388.85,260103
2025-08-05T12:15:00+05:30,388.85,389.8,388.05,388.25,251397
2025-08-05T12:30:00+05:30,388.25,389.25,387.75,388.95,282229
2025-08-05T12:45:00+05:30,388.95,389.1,388.4,388.5,135357
2025-08-05T13:00:00+05:30,388.5,389.85,388.45,389.45,168041
2025-08-05T13:15:00+05:30,389.45,389.95,388.8,389.25,155686
2025-08-05T13:30:00+05:30,389.25,389.55,387.0,387.45,263564
2025-08-05T13:45:00+05:30,387.5,387.9,385.85,386.15,301532
2025-08-05T14:00:00+05:30,386.25,386.75,385.5,386.45,358041
2025-08-05T14:15:00+05:30,386.45,387.85,385.8,387.6,311877
2025-08-05T14:30:00+05:30,387.7,389.1,387.55,388.95,554041
2025-08-05T14:45:00+05:30,388.95,390.8,388.1,388.1,1207572
2025-08-05T15:00:00+05:30,388.3,389.0,385.65,386.25,731373
2025-08-05T15:15:00+05:30,386.25,386.25,383.0,385.05,1375858
2025-08-06T09:15:00+05:30,386.9,391.65,385.55,389.5,1295766
2025-08-06T09:30:00+05:30,389.65,397.45,388.85,397.35,1694599
2025-08-06T09:45:00+05:30,397.3,398.0,393.8,397.7,1447552
2025-08-06T10:00:00+05:30,397.65,397.8,394.65,395.75,884800
2025-08-06T10:15:00+05:30,395.75,397.2,394.5,394.85,777018
2025-08-06T10:30:00+05:30,394.85,395.25,392.05,392.1,607480
2025-08-06T10:45:00+05:30,392.1,395.2,392.05,394.75,431006
2025-08-06T11:00:00+05:30,394.75,397.0,394.3,396.75,579511
2025-08-06T11:15:00+05:30,396.55,399.0,395.7,396.95,1097531
2025-08-06T11:30:00+05:30,396.9,398.2,396.2,397.25,603257
2025-08-06T11:45:00+05:30,397.3,397.5,395.3,396.8,378156
2025-08-06T12:00:00+05:30,396.65,397.0,394.6,395.4,414525
2025-08-06T12:15:00+05:30,395.4,397.5,395.2,397.1,714280
2025-08-06T12:30:00+05:30,397.1,397.15,396.25,396.95,248795
2025-08-06T12:45:00+05:30,396.9,397.0,395.5,395.55,237683
2025-08-06T13:00:00+05:30,395.7,396.0,394.3,394.45,291392
2025-08-06T13:15:00+05:30,394.45,395.7,394.1,394.55,417974
2025-08-06T13:30:00+05:30,394.55,395.55,394.4,394.9,253888
2025-08-06T13:45:00+05:30,394.9,395.0,392.2,392.55,404935
2025-08-06T14:00:00+05:30,392.5,392.6,390.7,390.8,534455
2025-08-06T14:15:00+05:30,390.7,392.95,390.7,391.6,436531
2025-08-06T14:30:00+05:30,391.6,391.65,389.55,390.75,481843
2025-08-06T14:45:00+05:30,390.7,393.8,390.55,393.7,397279
2025-08-06T15:00:00+05:30,393.75,395.0,392.75,393.95,769167
2025-08-06T15:15:00+05:30,393.8,394.95,392.1,392.7,1140225
2025-08-07T09:15:00+05:30,392.0,394.6,387.5,394.45,1020396
2025-08-07T09:30:00+05:30,394.45,396.0,393.75,395.3,928922
2025-08-07T09:45:00+05:30,395.35,395.7,393.85,395.7,350249
2025-08-07T10:00:00+05:30,395.6,397.6,395.6,397.3,759900
2025-08-07T10:15:00+05:30,397.25,397.75,396.0,396.05,330151
2025-08-07T10:30:00+05:30,396.05,398.1,394.5,395.1,548485
2025-08-07T10:45:00+05:30,395.2,396.7,394.5,396.65,251907
2025-08-07T11:00:00+05:30,396.55,398.0,396.55,397.4,317684
2025-08-07T11:15:00+05:30,397.45,397.75,396.65,396.8,187148
2025-08-07T11:30:00+05:30,396.8,397.15,396.5,396.95,155229
2025-08-07T11:45:00+05:30,396.9,397.15,396.9,397.1,112547
2025-08-07T12:00:00+05:30,397.15,397.8,397.05,397.5,162820
2025-08-07T12:15:00+05:30,397.45,399.0,396.7,397.0,808453
2025-08-07T12:30:00+05:30,397.05,397.15,396.0,397.0,146627
2025-08-07T12:45:00+05:30,397.0,397.45,396.95,397.25,240631
2025-08-07T13:00:00+05:30,397.3,398.1,395.8,396.3,268789
2025-08-07T13:15:00+05:30,396.25,396.6,395.85,396.35,173183
2025-08-07T13:30:00+05:30,396.3,396.5,395.9,396.3,292103
2025-08-07T13:45:00+05:30,396.3,396.5,396.05,396.1,92506
2025-08-07T14:00:00+05:30,396.1,396.45,393.45,395.45,354378
2025-08-07T14:15:00+05:30,395.45,398.1,395.1,397.9,499709
2025-08-07T14:30:00+05:30,397.85,398.3,397.2,397.45,241734
2025-08-07T14:45:00+05:30,397.4,397.7,396.6,397.0,178391
2025-08-07T15:00:00+05:30,397.0,398.0,396.5,397.5,470569
2025-08-07T15:15:00+05:30,397.65,400.55,397.05,397.5,1245521
2025-08-08T09:15:00+05:30,402.9,402.9,396.4,397.45,1132678
2025-08-08T09:30:00+05:30,397.55,397.7,394.6,395.6,634438
2025-08-08T09:45:00+05:30,395.5,396.65,394.55,395.95,379779
2025-08-08T10:00:00+05:30,396.0,396.05,392.75,393.15,495077
2025-08-08T10:15:00+05:30,393.15,394.85,392.3,394.15,346243
2025-08-08T10:30:00+05:30,394.15,395.25,393.5,394.8,278088
2025-08-08T10:45:00+05:30,394.7,394.8,394.0,394.0,235969
2025-08-08T11:00:00+05:30,394.05,395.25,394.05,394.7,239094
2025-08-08T11:15:00+05:30,394.7,395.05,394.3,394.65,165780
2025-08-08T11:30:00+05:30,394.6,395.15,394.05,394.15,174125
2025-08-08T11:45:00+05:30,394.25,395.95,393.5,393.5,200325
2025-08-08T12:00:00+05:30,393.5,394.0,391.5,392.05,365652
2025-08-08T12:15:00+05:30,392.05,392.85,391.0,392.85,418774
2025-08-08T12:30:00+05:30,392.85,394.55,392.8,393.85,377644
2025-08-08T12:45:00+05:30,393.9,395.6,393.75,394.9,233934
2025-08-08T13:00:00+05:30,394.9,395.0,394.3,394.7,123415
2025-08-08T13:15:00+05:30,394.7,395.25,394.0,394.0,179171
2025-08-08T13:30:00+05:30,394.1,394.25,393.6,394.1,120064
2025-08-08T13:45:00+05:30,394.1,394.35,393.6,394.35,118822
2025-08-08T14:00:00+05:30,394.3,394.55,393.55,394.05,166707
2025-08-08T14:15:00+05:30,394.0,394.05,391.3,391.5,196469
2025-08-08T14:30:00+05:30,391.5,392.35,390.7,391.4,213548
2025-08-08T14:45:00+05:30,391.45,391.8,387.45,388.95,411712
2025-08-08T15:00:00+05:30,389.05,389.8,383.55,383.85,849890
2025-08-08T15:15:00+05:30,384.0,384.8,381.85,382.95,1297718
2025-08-11T09:15:00+05:30,385.0,390.1,381.65,389.0,1438665
2025-08-11T09:30:00+05:30,389.1,391.4,388.3,390.15,490123
2025-08-11T09:45:00+05:30,390.15,391.8,389.35,390.5,383024
2025-08-11T10:00:00+05:30,390.55,391.3,388.0,388.45,361201
2025-08-11T10:15:00+05:30,388.25,390.5,388.25,390.3,178767
2025-08-11T10:30:00+05:30,390.35,390.5,389.7,390.1,197727
2025-08-11T10:45:00+05:30,390.05,390.35,389.5,390.25,166174
2025-08-11T11:00:00+05:30,390.3,390.3,389.75,389.8,171060
2025-08-11T11:15:00+05:30,389.85,390.15,387.5,387.7,307530
2025-08-11T11:30:00+05:30,387.75,389.35,386.4,388.85,291492
2025-08-11T11:45:00+05:30,388.85,388.85,387.65,388.75,93161
2025-08-11T12:00:00+05:30,388.7,392.5,388.7,390.85,403484
2025-08-11T12:15:00+05:30,390.8,390.9,389.1,389.75,183530
2025-08-11T12:30:00+05:30,389.75,393.4,389.7,393.05,379048
2025-08-11T12:45:00+05:30,393.0,394.5,393.0,393.55,207403
2025-08-11T13:00:00+05:30,393.55,394.4,393.55,394.3,202491
2025-08-11T13:15:00+05:30,394.3,395.5,394.15,394.9,413234
2025-08-11T13:30:00+05:30,394.85,395.15,394.25,394.4,153977
2025-08-11T13:45:00+05:30,394.4,395.35,394.3,394.95,116992
2025-08-11T14:00:00+05:30,394.95,396.75,394.9,395.35,272128
2025-08-11T14:15:00+05:30,395.3,395.45,394.4,394.6,141327
2025-08-11T14:30:00+05:30,394.6,395.8,394.15,395.15,174206
2025-08-11T14:45:00+05:30,395.2,396.65,395.0,396.6,188898
2025-08-11T15:00:00+05:30,396.6,398.9,396.0,398.3,527391
2025-08-11T15:15:00+05:30,398.15,404.95,397.9,403.95,1681665
2025-08-12T09:15:00+05:30,403.0,403.0,395.4,400.7,1147659
2025-08-12T09:30:00+05:30,400.65,403.5,400.5,403.1,701462
2025-08-12T09:45:00+05:30,403.05,403.4,398.05,399.9,856472
2025-08-12T10:00:00+05:30,399.85,400.0,399.2,399.65,366478
2025-08-12T10:15:00+05:30,399.65,399.7,397.25,397.4,224127
2025-08-12T10:30:00+05:30,397.45,398.35,396.15,397.7,215789
2025-08-12T10:45:00+05:30,397.65,401.65,397.65,400.3,536682
2025-08-12T11:00:00+05:30,400.3,401.0,399.95,400.8,367961
2025-08-12T11:15:00+05:30,400.75,401.95,400.45,401.2,180775
2025-08-12T11:30:00+05:30,401.2,401.3,397.5,397.9,393486
2025-08-12T11:45:00+05:30,397.9,397.95,396.6,396.7,211167
2025-08-12T12:00:00+05:30,396.7,397.75,396.7,397.2,233954
2025-08-12T12:15:00+05:30,397.2,397.7,397.05,397.45,227995
2025-08-12T12:30:00+05:30,397.45,398.0,397.25,397.45,182208
2025-08-12T12:45:00+05:30,397.4,397.5,397.4,397.4,91470
2025-08-12T13:00:00+05:30,397.45,397.45,397.2,397.25,147268
2025-08-12T13:15:00+05:30,397.25,398.75,397.1,397.9,219257
2025-08-12T13:30:00+05:30,397.9,398.0,397.0,397.15,167766
2025-08-12T13:45:00+05:30,397.2,397.5,397.0,397.3,110796
2025-08-12T14:00:00+05:30,397.25,397.3,394.3,394.55,358855
2025-08-12T14:15:00+05:30,394.55,396.4,394.4,395.55,235400
2025-08-12T14:30:00+05:30,395.6,395.95,391.65,393.7,649040
2025-08-12T14:45:00+05:30,393.75,395.4,392.5,393.3,439697
2025-08-12T15:00:00+05:30,393.35,396.0,391.95,393.15,541915
2025-08-12T15:15:00+05:30,393.0,397.0,392.0,394.0,804198
2025-08-13T09:15:00+05:30,396.45,402.85,395.1,402.4,2097939
2025-08-13T09:30:00+05:30,402.35,404.65,400.85,403.5,1398889
2025-08-13T09:45:00+05:30,403.65,403.85,400.2,401.25,632773
2025-08-13T10:00:00+05:30,401.3,401.5,400.1,400.1,364393
2025-08-13T10:15:00+05:30,400.1,400.5,399.55,400.3,264471
2025-08-13T10:30:00+05:30,400.3,401.25,400.3,400.75,170081
2025-08-13T10:45:00+05:30,400.8,402.3,400.75,401.1,331505
2025-08-13T11:00:00+05:30,401.3,401.55,401.1,401.5,86672
2025-08-13T11:15:00+05:30,401.5,403.4,401.45,402.95,302217
2025-08-13T11:30:00+05:30,402.95,403.45,401.85,401.95,385167
2025-08-13T11:45:00+05:30,401.9,402.85,401.6,402.75,181719
2025-08-13T12:00:00+05:30,402.75,403.65,402.0,403.05,386709
2025-08-13T12:15:00+05:30,403.05,404.5,403.05,403.85,288895
2025-08-13T12:30:00+05:30,403.8,405.75,402.5,403.4,744325
2025-08-13T12:45:00+05:30,403.35,403.5,401.85,402.15,373059
2025-08-13T13:00:00+05:30,402.1,402.15,400.3,401.7,1101175
2025-08-13T13:15:00+05:30,401.65,401.65,400.5,400.55,245197
2025-08-13T13:30:00+05:30,400.55,401.45,400.55,401.45,261919
2025-08-13T13:45:00+05:30,401.5,402.5,401.25,401.6,279859
2025-08-13T14:00:00+05:30,401.6,401.6,400.25,400.9,322410
2025-08-13T14:15:00+05:30,400.8,401.25,398.4,398.9,300481
2025-08-13T14:30:00+05:30,398.85,399.8,397.8,398.25,255292
2025-08-13T14:45:00+05:30,398.25,398.85,396.9,398.25,419507
2025-08-13T15:00:00+05:30,398.25,401.5,398.05,400.7,800115
2025-08-13T15:15:00+05:30,400.7,401.25,399.05,400.0,836519
2025-08-14T09:15:00+05:30,401.0,403.8,399.05,402.8,797490
2025-08-14T09:30:00+05:30,402.75,403.4,401.05,401.8,483651
2025-08-14T09:45:00+05:30,401.85,402.0,398.0,398.75,606999
2025-08-14T10:00:00+05:30,398.75,401.5,398.6,400.2,319254
2025-08-14T10:15:00+05:30,400.3,401.2,399.65,400.4,164252
2025-08-14T10:30:00+05:30,400.4,401.0,399.85,400.8,212953
2025-08-14T10:45:00+05:30,400.8,401.0,399.8,400.5,211477
2025-08-14T11:00:00+05:30,400.55,401.0,400.0,400.85,138022
2025-08-14T11:15:00+05:30,400.75,401.15,400.45,400.9,98105
2025-08-14T11:30:00+05:30,400.9,400.9,399.5,399.5,133344
2025-08-14T11:45:00+05:30,399.55,400.65,399.5,400.2,268346
2025-08-14T12:00:00+05:30,400.25,400.35,399.0,399.35,208238
2025-08-14T12:15:00+05:30,399.25,399.55,398.45,398.55,136177
2025-08-14T12:30:00+05:30,398.6,399.8,398.55,398.8,143080
2025-08-14T12:45:00+05:30,398.85,399.1,397.2,397.85,184319
2025-08-14T13:00:00+05:30,397.85,398.95,397.8,398.65,110623
2025-08-14T13:15:00+05:30,398.7,399.75,398.55,399.6,98639
2025-08-14T13:30:00+05:30,399.6,399.75,398.4,398.6,128878
2025-08-14T13:45:00+05:30,398.65,399.75,398.6,399.75,144838
2025-08-14T14:00:00+05:30,399.65,400.5,399.2,400.5,271962
2025-08-14T14:15:00+05:30,400.35,401.15,399.5,401.0,316542
2025-08-14T14:30:00+05:30,400.85,401.0,399.5,400.3,327469
2025-08-14T14:45:00+05:30,400.25,400.75,399.5,400.0,399336
2025-08-14T15:00:00+05:30,399.9,400.0,397.7,397.95,576013
2025-08-14T15:15:00+05:30,397.8,399.2,397.0,397.4,700845
2025-08-18T09:15:00+05:30,408.05,410.85,404.5,406.4,2943577
2025-08-18T09:30:00+05:30,406.45,406.75,400.5,402.65,1246812
2025-08-18T09:45:00+05:30,402.8,403.0,401.65,402.3,492977
2025-08-18T10:00:00+05:30,402.25,402.95,401.15,401.8,732900
2025-08-18T10:15:00+05:30,401.85,401.85,399.05,400.45,942483
2025-08-18T10:30:00+05:30,400.45,400.7,399.6,399.9,308648
2025-08-18T10:45:00+05:30,399.85,401.5,398.1,401.5,649833
2025-08-18T11:00:00+05:30,401.4,402.0,400.8,401.9,410190
2025-08-18T11:15:00+05:30,401.9,401.9,399.7,400.9,197733
2025-08-18T11:30:00+05:30,400.9,400.95,399.5,400.15,267134
2025-08-18T11:45:00+05:30,400.15,400.8,399.35,400.2,167296
2025-08-18T12:00:00+05:30,400.15,400.2,399.15,399.55,231186
2025-08-18T12:15:00+05:30,399.6,400.25,399.3,399.95,266681
2025-08-18T12:30:00+05:30,400.0,400.55,399.75,399.95,240119
2025-08-18T12:45:00+05:30,399.95,400.6,399.9,400.4,108643
2025-08-18T13:00:00+05:30,400.35,400.5,399.85,400.05,182432
2025-08-18T13:15:00+05:30,400.2,400.35,399.9,400.3,240058
2025-08-18T13:30:00+05:30,400.35,400.35,399.95,399.95,162443
2025-08-18T13:45:00+05:30,400.0,400.1,399.5,400.0,140030
2025-08-18T14:00:00+05:30,399.95,400.25,399.85,400.0,159048
2025-08-18T14:15:00+05:30,399.95,400.25,399.85,400.0,250561
2025-08-18T14:30:00+05:30,400.0,400.3,397.8,398.4,248962
2025-08-18T14:45:00+05:30,398.45,399.6,398.4,399.5,191391
2025-08-18T15:00:00+05:30,399.5,400.0,399.0,399.85,584150
2025-08-18T15:15:00+05:30,399.85,400.5,399.25,400.0,706942
2025-08-19T09:15:00+05:30,401.8,402.8,399.5,401.45,776495
2025-08-19T09:30:00+05:30,401.45,402.85,401.35,401.65,671169
2025-08-19T09:45:00+05:30,401.6,402.0,401.25,401.85,291101
2025-08-19T10:00:00+05:30,401.85,402.6,401.65,402.15,264708
2025-08-19T10:15:00+05:30,402.15,403.9,402.1,403.45,322568
2025-08-19T10:30:00+05:30,403.5,405.7,403.1,405.7,570308
2025-08-19T10:45:00+05:30,405.6,407.95,405.0,407.5,962620
2025-08-19T11:00:00+05:30,407.5,407.8,405.55,405.95,723118
2025-08-19T11:15:00+05:30,405.95,406.5,405.5,406.5,296747
2025-08-19T11:30:00+05:30,406.45,407.5,406.4,407.3,259336
2025-08-19T11:45:00+05:30,407.45,407.65,406.9,407.5,238366
2025-08-19T12:00:00+05:30,407.55,407.8,406.05,407.15,620468
2025-08-19T12:15:00+05:30,407.1,410.25,407.1,410.0,1162581
2025-08-19T12:30:00+05:30,410.0,410.05,408.55,409.2,334806
2025-08-19T12:45:00+05:30,409.2,409.5,408.5,408.55,224086
2025-08-19T13:00:00+05:30,408.55,410.45,408.05,409.45,823040
2025-08-19T13:15:00+05:30,409.3,409.6,407.0,407.0,578345
2025-08-19T13:30:00+05:30,407.0,407.5,406.3,406.9,259860
2025-08-19T13:45:00+05:30,406.9,408.45,404.9,406.3,1156818
2025-08-19T14:00:00+05:30,406.3,407.0,405.5,406.05,191009
2025-08-19T14:15:00+05:30,406.05,406.15,405.15,405.3,204726
2025-08-19T14:30:00+05:30,405.3,407.8,405.2,407.25,342252
2025-08-19T14:45:00+05:30,407.25,409.1,406.8,409.1,241906
2025-08-19T15:00:00+05:30,409.1,410.75,408.95,409.85,681654
2025-08-19T15:15:00+05:30,409.9,410.5,407.6,408.4,715799
2025-08-20T09:15:00+05:30,408.5,415.3,406.35,412.95,1854884
2025-08-20T09:30:00+05:30,412.95,415.15,411.6,413.3,936541
2025-08-20T09:45:00+05:30,413.4,415.0,412.9,413.65,2338200
2025-08-20T10:00:00+05:30,413.65,414.0,411.2,411.85,2010452
2025-08-20T10:15:00+05:30,411.6,411.85,409.1,411.3,1807973
2025-08-20T10:30:00+05:30,411.45,413.2,411.35,412.65,383628
2025-08-20T10:45:00+05:30,412.65,414.1,412.65,413.65,1476245
2025-08-20T11:00:00+05:30,413.65,415.95,412.8,415.8,1903985
2025-08-20T11:15:00+05:30,415.75,417.25,415.05,416.65,907561
2025-08-20T11:30:00+05:30,416.6,417.4,416.25,417.35,961847
2025-08-20T11:45:00+05:30,417.35,420.7,417.05,420.5,1956595
2025-08-20T12:00:00+05:30,420.2,422.2,419.8,420.85,1091710
2025-08-20T12:15:00+05:30,420.9,421.0,419.7,419.9,650942
2025-08-20T12:30:00+05:30,419.9,420.9,419.4,420.9,503616
2025-08-20T12:45:00+05:30,420.85,420.9,419.5,420.0,398093
2025-08-20T13:00:00+05:30,419.95,420.75,418.7,419.95,1179249
2025-08-20T13:15:00+05:30,419.95,420.45,419.45,420.1,490049
2025-08-20T13:30:00+05:30,420.15,420.35,419.55,419.7,454602
2025-08-20T13:45:00+05:30,419.8,420.5,419.0,420.2,500722
2025-08-20T14:00:00+05:30,420.2,420.3,419.7,420.0,323490
2025-08-20T14:15:00+05:30,419.95,420.4,419.6,420.2,377669
2025-08-20T14:30:00+05:30,420.2,420.75,419.85,420.5,462637
2025-08-20T14:45:00+05:30,420.35,421.6,420.2,421.0,652212
2025-08-20T15:00:00+05:30,421.0,422.7,420.35,421.8,1191510
2025-08-20T15:15:00+05:30,421.1,421.8,419.8,421.3,1208914
2025-08-21T09:15:00+05:30,427.0,438.7,424.1,436.3,7007767
2025-08-21T09:30:00+05:30,436.25,442.0,436.25,439.65,4925869
2025-08-21T09:45:00+05:30,439.65,443.4,435.05,436.95,3526464
2025-08-21T10:00:00+05:30,436.8,437.0,428.85,431.75,3291433
2025-08-21T10:15:00+05:30,431.7,433.8,431.25,433.55,1390429
2025-08-21T10:30:00+05:30,433.55,435.8,433.2,435.2,1346583
2025-08-21T10:45:00+05:30,435.15,437.55,432.35,434.3,1687881
2025-08-21T11:00:00+05:30,434.3,434.95,433.55,434.75,475496
2025-08-21T11:15:00+05:30,434.7,436.35,434.0,435.45,598106
2025-08-21T11:30:00+05:30,435.45,435.75,434.95,435.0,534314
2025-08-21T11:45:00+05:30,435.0,435.05,432.5,432.9,581395
2025-08-21T12:00:00+05:30,432.8,434.05,431.9,432.6,700681
2025-08-21T12:15:00+05:30,432.45,436.2,432.0,435.45,896774
2025-08-21T12:30:00+05:30,435.25,435.4,433.05,433.05,1111377
2025-08-21T12:45:00+05:30,433.05,433.1,430.0,431.5,784221
2025-08-21T13:00:00+05:30,431.5,432.5,431.5,432.0,417425
2025-08-21T13:15:00+05:30,431.95,433.4,431.95,432.5,499865
2025-08-21T13:30:00+05:30,432.5,433.85,432.5,432.9,351209
2025-08-21T13:45:00+05:30,432.9,433.45,432.4,432.5,388448
2025-08-21T14:00:00+05:30,432.5,434.2,432.3,433.35,505228
2025-08-21T14:15:00+05:30,433.35,434.55,433.35,433.8,588961
2025-08-21T14:30:00+05:30,433.75,435.25,433.7,434.9,897404
2025-08-21T14:45:00+05:30,434.7,436.2,434.45,435.8,1443985
2025-08-21T15:00:00+05:30,435.7,438.0,435.5,437.9,1862360
2025-08-21T15:15:00+05:30,438.0,438.25,428.1,429.8,3513486
2025-08-22T09:15:00+05:30,431.85,431.85,421.2,427.35,2820766
2025-08-22T09:30:00+05:30,427.1,428.7,423.2,428.3,1178341
2025-08-22T09:45:00+05:30,428.25,429.3,426.3,426.5,659025
2025-08-22T10:00:00+05:30,426.5,431.7,426.2,430.6,878194
2025-08-22T10:15:00+05:30,430.8,431.05,427.6,430.85,1123244
2025-08-22T10:30:00+05:30,431.0,433.0,430.3,432.25,641198
2025-08-22T10:45:00+05:30,432.25,433.6,431.0,432.75,591811
2025-08-22T11:00:00+05:30,432.75,433.5,432.3,432.6,315793
2025-08-22T11:15:00+05:30,432.55,434.4,431.85,432.7,498471
2025-08-22T11:30:00+05:30,432.65,433.15,432.5,432.65,220668
2025-08-22T11:45:00+05:30,432.6,434.0,432.0,432.65,316890
2025-08-22T12:00:00+05:30,432.8,434.95,432.5,432.85,586687
2025-08-22T12:15:00+05:30,432.95,434.0,432.1,433.75,401904
2025-08-22T12:30:00+05:30,433.85,433.9,432.9,433.1,141230
2025-08-22T12:45:00+05:30,433.1,433.9,433.1,433.5,261300
2025-08-22T13:00:00+05:30,433.5,434.0,432.5,432.6,728293
2025-08-22T13:15:00+05:30,432.75,432.75,430.05,430.4,519039
2025-08-22T13:30:00+05:30,430.5,431.5,429.4,431.45,349319
2025-08-22T13:45:00+05:30,431.5,431.7,430.25,430.4,218570
2025-08-22T14:00:00+05:30,430.3,430.4,429.1,429.9,283841
2025-08-22T14:15:00+05:30,429.9,430.65,429.75,430.45,245889
2025-08-22T14:30:00+05:30,430.45,431.1,429.9,430.6,274973
2025-08-22T14:45:00+05:30,430.6,432.55,430.55,432.0,473354
2025-08-22T15:00:00+05:30,432.0,432.0,429.0,429.65,590493
2025-08-22T15:15:00+05:30,429.65,429.85,423.6,424.9,1022639
2025-08-25T09:15:00+05:30,428.0,428.0,422.2,422.85,1146202
2025-08-25T09:30:00+05:30,422.85,423.6,420.6,420.95,884282
2025-08-25T09:45:00+05:30,420.95,422.6,420.1,420.8,477017
2025-08-25T10:00:00+05:30,420.8,422.5,420.1,422.2,331723
2025-08-25T10:15:00+05:30,422.15,423.4,421.15,421.7,461555
2025-08-25T10:30:00+05:30,421.65,422.35,421.2,421.85,188578
2025-08-25T10:45:00+05:30,421.85,425.0,421.85,425.0,1055811
2025-08-25T11:00:00+05:30,424.95,425.95,424.65,424.7,477654
2025-08-25T11:15:00+05:30,424.7,425.4,424.7,425.0,176812
2025-08-25T11:30:00+05:30,425.05,426.65,424.6,426.25,358264
2025-08-25T11:45:00+05:30,426.4,427.4,425.9,427.0,433878
2025-08-25T12:00:00+05:30,427.0,428.75,426.85,427.35,521484
2025-08-25T12:15:00+05:30,427.3,429.3,427.1,429.3,243683
2025-08-25T12:30:00+05:30,429.2,432.3,428.85,430.2,1438272
2025-08-25T12:45:00+05:30,430.4,432.2,430.05,432.05,369566
2025-08-25T13:00:00+05:30,432.0,432.1,429.05,429.25,921206
2025-08-25T13:15:00+05:30,429.3,430.0,429.25,429.6,327229
2025-08-25T13:30:00+05:30,429.6,429.75,429.15,429.55,508456
2025-08-25T13:45:00+05:30,429.55,430.0,427.55,427.9,417815
2025-08-25T14:00:00+05:30,427.9,428.65,425.75,425.85,574220
2025-08-25T14:15:00+05:30,425.85,427.5,425.7,426.05,285375
2025-08-25T14:30:00+05:30,426.1,426.2,424.15,424.3,390013
2025-08-25T14:45:00+05:30,424.3,425.2,424.05,424.05,206931
2025-08-25T15:00:00+05:30,424.15,425.7,423.55,425.1,489416
2025-08-25T15:15:00+05:30,425.05,427.3,425.0,427.0,1044189
2025-08-26T09:15:00+05:30,427.0,431.95,424.55,427.4,1894309
2025-08-26T09:30:00+05:30,427.2,429.0,426.1,428.2,665714
2025-08-26T09:45:00+05:30,428.25,430.85,428.05,429.3,1116294
2025-08-26T10:00:00+05:30,429.3,429.3,427.0,427.25,507138
2025-08-26T10:15:00+05:30,427.25,427.35,425.75,426.55,534393
2025-08-26T10:30:00+05:30,426.55,427.8,426.4,426.95,358660
2025-08-26T10:45:00+05:30,426.95,429.15,426.55,427.65,547838
2025-08-26T11:00:00+05:30,427.65,428.4,423.0,423.5,790381
2025-08-26T11:15:00+05:30,423.65,425.65,422.0,423.35,653075
2025-08-26T11:30:00+05:30,423.35,424.05,421.5,422.25,540645
2025-08-26T11:45:00+05:30,422.25,422.9,421.05,422.2,361556
2025-08-26T12:00:00+05:30,422.2,422.25,420.1,420.55,449824
2025-08-26T12:15:00+05:30,420.4,422.65,420.1,421.5,558836
2025-08-26T12:30:00+05:30,421.5,422.1,420.75,421.55,582050
2025-08-26T12:45:00+05:30,421.5,421.55,419.0,419.6,622282
2025-08-26T13:00:00+05:30,419.6,420.9,419.1,420.2,463605
2025-08-26T13:15:00+05:30,420.15,421.0,419.7,420.75,306665
2025-08-26T13:30:00+05:30,420.75,421.6,420.0,421.6,308685
2025-08-26T13:45:00+05:30,421.55,422.45,420.9,422.0,386568
2025-08-26T14:00:00+05:30,422.05,423.0,421.8,422.0,522492
2025-08-26T14:15:00+05:30,422.05,424.3,421.85,423.35,640697
2025-08-26T14:30:00+05:30,423.1,427.65,423.05,427.0,1322966
2025-08-26T14:45:00+05:30,426.8,428.9,425.55,427.25,1414090
2025-08-26T15:00:00+05:30,427.25,439.4,425.0,432.2,59091062
2025-08-26T15:15:00+05:30,432.2,433.9,422.4,428.15,51606942
2025-08-28T09:15:00+05:30,430.55,433.2,427.0,427.9,785602
2025-08-28T09:30:00+05:30,427.9,430.0,427.05,427.55,307207
2025-08-28T09:45:00+05:30,427.7,430.95,426.6,429.8,320988
2025-08-28T10:00:00+05:30,429.8,431.65,429.1,429.85,319218
2025-08-28T10:15:00+05:30,429.8,430.8,427.5,428.7,256214
2025-08-28T10:30:00+05:30,428.7,429.4,427.15,428.35,192438
2025-08-28T10:45:00+05:30,428.35,428.65,427.55,428.15,124388
2025-08-28T11:00:00+05:30,428.3,429.5,428.0,429.0,135095
2025-08-28T11:15:00+05:30,429.0,429.45,428.3,428.9,94053
2025-08-28T11:30:00+05:30,428.9,429.75,428.35,428.9,107403
2025-08-28T11:45:00+05:30,428.9,429.7,428.15,428.7,140180
2025-08-28T12:00:00+05:30,428.7,428.85,427.8,428.6,122299
2025-08-28T12:15:00+05:30,428.6,428.75,426.5,428.1,168411
2025-08-28T12:30:00+05:30,428.1,428.65,427.5,427.85,97557
2025-08-28T12:45:00+05:30,427.85,428.55,423.1,423.45,420764
2025-08-28T13:00:00+05:30,423.3,425.1,423.2,424.2,290858
2025-08-28T13:15:00+05:30,424.15,424.7,423.25,424.5,372740
2025-08-28T13:30:00+05:30,424.4,424.85,422.0,423.0,497350
2025-08-28T13:45:00+05:30,423.0,424.7,422.55,422.95,399099
2025-08-28T14:00:00+05:30,422.95,425.7,422.55,425.45,595122
2025-08-28T14:15:00+05:30,425.35,426.8,424.6,424.75,497413
2025-08-28T14:30:00+05:30,424.75,426.05,424.35,424.8,131386
2025-08-28T14:45:00+05:30,424.8,426.35,422.1,422.2,388498
2025-08-28T15:00:00+05:30,422.2,423.75,421.7,422.5,650653
2025-08-28T15:15:00+05:30,422.45,422.5,419.6,420.35,1655431
2025-08-29T09:15:00+05:30,425.0,425.0,413.0,414.65,1528505
2025-08-29T09:30:00+05:30,414.65,414.9,411.55,413.0,527156
2025-08-29T09:45:00+05:30,413.0,414.75,411.1,411.5,593419
2025-08-29T10:00:00+05:30,411.5,413.4,409.55,411.25,980748
2025-08-29T10:15:00+05:30,411.25,414.2,410.7,412.3,469345
2025-08-29T10:30:00+05:30,412.3,413.8,411.75,413.7,244731
2025-08-29T10:45:00+05:30,413.5,415.45,413.25,413.85,367819
2025-08-29T11:00:00+05:30,413.85,414.95,413.5,414.4,184823
2025-08-29T11:15:00+05:30,414.4,414.5,412.2,412.95,279207
2025-08-29T11:30:00+05:30,412.95,413.0,409.1,410.55,665944
2025-08-29T11:45:00+05:30,410.55,411.95,410.1,411.2,236202
2025-08-29T12:00:00+05:30,411.0,411.2,407.5,409.25,542759
2025-08-29T12:15:00+05:30,409.25,409.35,407.8,407.95,253428
2025-08-29T12:30:00+05:30,407.95,409.2,406.15,409.0,348166
2025-08-29T12:45:00+05:30,409.0,410.0,407.5,408.7,374135
2025-08-29T13:00:00+05:30,408.7,411.35,408.0,409.3,384655
2025-08-29T13:15:00+05:30,409.3,410.3,408.75,409.65,199722
2025-08-29T13:30:00+05:30,409.65,410.0,409.0,409.7,101568
2025-08-29T13:45:00+05:30,409.7,409.7,407.55,408.35,255973
2025-08-29T14:00:00+05:30,408.35,410.65,408.25,410.65,395040
2025-08-29T14:15:00+05:30,410.65,412.85,410.05,411.65,773581
2025-08-29T14:30:00+05:30,411.65,412.15,410.35,410.7,424323
2025-08-29T14:45:00+05:30,410.7,411.8,410.05,411.8,398594
2025-08-29T15:00:00+05:30,411.8,412.2,409.0,409.7,1242806
2025-08-29T15:15:00+05:30,409.9,411.0,408.05,409.5,1463563
2025-09-01T09:15:00+05:30,416.95,420.3,413.25,417.7,1580359
2025-09-01T09:30:00+05:30,417.7,422.0,416.4,420.65,861727
2025-09-01T09:45:00+05:30,420.65,422.7,419.1,420.3,884767
2025-09-01T10:00:00+05:30,420.5,421.5,420.05,420.95,234111
2025-09-01T10:15:00+05:30,420.9,422.2,420.2,421.1,289354
2025-09-01T10:30:00+05:30,421.1,421.45,420.0,420.15,149112
2025-09-01T10:45:00+05:30,420.15,421.0,420.0,420.7,137482
2025-09-01T11:00:00+05:30,420.75,420.75,418.7,419.4,296872
2025-09-01T11:15:00+05:30,419.35,420.5,419.2,419.55,177511
2025-09-01T11:30:00+05:30,419.55,420.25,419.2,419.45,114893
2025-09-01T11:45:00+05:30,419.5,422.2,419.25,421.05,391724
2025-09-01T12:00:00+05:30,421.05,424.0,420.7,423.9,525731
2025-09-01T12:15:00+05:30,423.9,427.8,423.65,424.65,1035525
2025-09-01T12:30:00+05:30,424.6,426.95,424.3,426.55,271835
2025-09-01T12:45:00+05:30,426.5,427.55,424.55,425.25,412211
2025-09-01T13:00:00+05:30,425.25,426.0,423.05,424.1,283778
2025-09-01T13:15:00+05:30,424.25,425.7,423.1,424.1,264650
2025-09-01T13:30:00+05:30,424.1,425.4,423.55,423.9,148939
2025-09-01T13:45:00+05:30,423.95,424.65,422.8,422.8,256538
2025-09-01T14:00:00+05:30,422.75,424.45,422.6,424.3,134531
2025-09-01T14:15:00+05:30,424.35,425.85,423.25,425.35,343176
2025-09-01T14:30:00+05:30,425.35,426.0,424.9,425.05,182135
2025-09-01T14:45:00+05:30,425.05,428.35,425.0,428.2,659983
2025-09-01T15:00:00+05:30,428.25,430.0,427.15,429.1,1324102
2025-09-01T15:15:00+05:30,429.25,430.0,426.95,427.7,1272861
2025-09-02T09:15:00+05:30,427.95,429.0,424.0,427.4,757737
2025-09-02T09:30:00+05:30,427.15,432.6,426.1,431.3,1018439
2025-09-02T09:45:00+05:30,431.3,432.0,430.7,431.8,269187
2025-09-02T10:00:00+05:30,431.7,432.25,429.5,430.4,320984
2025-09-02T10:15:00+05:30,430.3,431.6,428.7,429.15,535030
2025-09-02T10:30:00+05:30,429.15,429.15,423.5,425.6,673161
2025-09-02T10:45:00+05:30,425.7,425.9,424.7,425.1,170825
2025-09-02T11:00:00+05:30,425.25,425.8,424.2,424.25,135210
2025-09-02T11:15:00+05:30,424.25,425.0,423.6,424.85,123634
2025-09-02T11:30:00+05:30,424.95,425.45,424.0,425.1,101924
2025-09-02T11:45:00+05:30,425.0,425.8,424.7,425.5,111567
2025-09-02T12:00:00+05:30,425.7,425.85,424.55,425.35,82466
2025-09-02T12:15:00+05:30,425.3,425.85,425.1,425.3,82287
2025-09-02T12:30:00+05:30,425.3,425.7,424.6,425.5,115855
2025-09-02T12:45:00+05:30,425.4,425.85,425.1,425.35,67575
2025-09-02T13:00:00+05:30,425.5,427.1,425.2,425.9,200805
2025-09-02T13:15:00+05:30,425.95,427.4,425.9,426.8,242416
2025-09-02T13:30:00+05:30,426.85,426.85,424.15,424.5,95508
2025-09-02T13:45:00+05:30,424.7,425.35,422.0,422.2,260670
2025-09-02T14:00:00+05:30,422.2,423.85,421.45,423.25,187861
2025-09-02T14:15:00+05:30,423.5,424.0,422.6,423.1,147805
2025-09-02T14:30:00+05:30,423.25,423.85,422.4,423.2,85170
2025-09-02T14:45:00+05:30,423.4,428.2,423.25,428.05,517574
2025-09-02T15:00:00+05:30,428.05,428.05,425.0,425.7,433556
2025-09-02T15:15:00+05:30,425.7,427.9,423.65,425.05,550187
2025-09-03T09:15:00+05:30,428.1,434.75,426.15,427.25,1595058
2025-09-03T09:30:00+05:30,427.1,428.75,426.1,427.7,438318
2025-09-03T09:45:00+05:30,427.6,428.7,427.5,428.05,218475
2025-09-03T10:00:00+05:30,428.0,429.8,426.8,429.1,427515
2025-09-03T10:15:00+05:30,429.2,429.8,427.65,429.65,376892
2025-09-03T10:30:00+05:30,429.6,429.75,428.65,428.75,111660
2025-09-03T10:45:00+05:30,428.7,429.0,427.4,428.7,135110
2025-09-03T11:00:00+05:30,428.6,429.8,427.55,429.15,169029
2025-09-03T11:15:00+05:30,429.0,430.8,428.8,430.4,262731
2025-09-03T11:30:00+05:30,430.3,430.35,429.8,430.1,90075
2025-09-03T11:45:00+05:30,430.1,430.2,429.05,430.15,92009
2025-09-03T12:00:00+05:30,430.15,430.5,429.65,430.15,96405
2025-09-03T12:15:00+05:30,430.05,430.5,428.0,428.0,204475
2025-09-03T12:30:00+05:30,428.0,429.0,427.55,428.6,171268
2025-09-03T12:45:00+05:30,428.55,428.6,426.4,427.1,199317
2025-09-03T13:00:00+05:30,427.05,427.35,426.55,427.1,108985
2025-09-03T13:15:00+05:30,427.1,427.85,426.55,426.75,93880
2025-09-03T13:30:00+05:30,426.75,427.0,424.65,425.6,321798
2025-09-03T13:45:00+05:30,425.55,427.0,425.55,426.7,83715
2025-09-03T14:00:00+05:30,426.7,431.2,426.25,430.2,720087
2025-09-03T14:15:00+05:30,430.15,430.8,429.0,430.0,444270
2025-09-03T14:30:00+05:30,430.1,431.95,430.0,431.0,370634
2025-09-03T14:45:00+05:30,431.0,431.7,430.1,430.9,211780
2025-09-03T15:00:00+05:30,430.9,431.5,430.55,430.55,470492
2025-09-03T15:15:00+05:30,430.55,430.75,429.2,429.5,724942
2025-09-04T09:15:00+05:30,432.0,436.25,427.1,429.7,1339578
2025-09-04T09:30:00+05:30,429.8,431.5,429.0,429.95,275669
2025-09-04T09:45:00+05:30,429.95,431.55,429.95,430.05,211395
2025-09-04T10:00:00+05:30,430.1,430.15,428.05,428.7,170760
2025-09-04T10:15:00+05:30,428.5,429.2,427.4,428.05,142183
2025-09-04T10:30:00+05:30,428.05,428.5,426.75,427.15,190754
2025-09-04T10:45:00+05:30,427.15,428.55,426.7,427.5,101976
2025-09-04T11:00:00+05:30,427.6,428.4,426.8,427.15,97932
2025-09-04T11:15:00+05:30,427.15,428.3,426.85,428.3,85858
2025-09-04T11:30:00+05:30,428.3,428.9,428.05,428.6,64891
2025-09-04T11:45:00+05:30,428.65,429.0,428.15,428.25,41050
2025-09-04T12:00:00+05:30,428.25,429.6,427.15,428.55,199361
2025-09-04T12:15:00+05:30,428.55,429.4,425.35,426.2,245423
2025-09-04T12:30:00+05:30,426.2,427.3,424.4,425.1,371782
2025-09-04T12:45:00+05:30,425.1,426.8,424.9,425.2,145537
2025-09-04T13:00:00+05:30,425.15,426.15,424.4,425.85,160490
2025-09-04T13:15:00+05:30,425.8,426.3,424.8,425.2,95882
2025-09-04T13:30:00+05:30,425.2,427.0,424.9,426.5,112356
2025-09-04T13:45:00+05:30,426.5,427.0,426.2,426.55,46162
2025-09-04T14:00:00+05:30,426.55,427.85,426.2,427.45,102243
2025-09-04T14:15:00+05:30,427.4,429.25,422.8,424.55,1193370
2025-09-04T14:30:00+05:30,424.5,425.0,423.4,424.9,358887
2025-09-04T14:45:00+05:30,424.9,425.0,424.1,425.0,221549
2025-09-04T15:00:00+05:30,425.0,425.0,422.4,423.0,533981
2025-09-04T15:15:00+05:30,422.95,424.5,421.2,423.45,968808
2025-09-05T09:15:00+05:30,425.0,425.0,420.7,423.2,1000553
2025-09-05T09:30:00+05:30,423.35,430.85,423.25,429.8,1605375
2025-09-05T09:45:00+05:30,429.9,432.5,428.4,429.25,962107
2025-09-05T10:00:00+05:30,429.15,430.0,427.5,428.15,523134
2025-09-05T10:15:00+05:30,428.15,430.3,427.5,429.4,737956
2025-09-05T10:30:00+05:30,429.2,433.8,429.2,433.0,1383276
2025-09-05T10:45:00+05:30,433.1,433.1,431.25,432.0,360750
2025-09-05T11:00:00+05:30,432.0,433.3,431.75,433.15,297923
2025-09-05T11:15:00+05:30,433.1,437.5,432.55,436.75,1860448
2025-09-05T11:30:00+05:30,437.0,437.8,433.65,434.8,856053
2025-09-05T11:45:00+05:30,434.8,435.0,433.0,434.9,566377
2025-09-05T12:00:00+05:30,434.75,435.55,433.75,435.4,521471
2025-09-05T12:15:00+05:30,435.4,435.5,433.45,434.35,481558
2025-09-05T12:30:00+05:30,434.35,436.9,433.65,436.15,618483
2025-09-05T12:45:00+05:30,436.2,436.5,435.0,435.6,371589
2025-09-05T13:00:00+05:30,435.6,436.0,434.75,435.5,328839
2025-09-05T13:15:00+05:30,435.5,437.0,435.4,436.45,428647
2025-09-05T13:30:00+05:30,436.45,436.65,435.35,436.5,313612
2025-09-05T13:45:00+05:30,436.5,437.9,436.45,437.6,914587
2025-09-05T14:00:00+05:30,437.5,437.8,436.1,437.75,489710
2025-09-05T14:15:00+05:30,437.5,439.55,437.3,438.9,1312784
2025-09-05T14:30:00+05:30,438.9,439.0,435.7,437.25,735625
2025-09-05T14:45:00+05:30,437.35,438.95,437.35,437.75,482287
2025-09-05T15:00:00+05:30,437.75,440.0,436.6,439.35,1358712
2025-09-05T15:15:00+05:30,439.4,440.0,438.5,439.75,1609065
2025-09-08T09:15:00+05:30,443.0,458.95,443.0,447.0,5435055
2025-09-08T09:30:00+05:30,446.85,447.0,441.8,442.25,1407179
2025-09-08T09:45:00+05:30,442.05,444.65,441.15,443.35,747900
2025-09-08T10:00:00+05:30,443.6,446.45,442.45,445.75,564272
2025-09-08T10:15:00+05:30,445.9,450.0,445.55,448.3,1193290
2025-09-08T10:30:00+05:30,448.3,450.5,447.7,449.15,1034420
2025-09-08T10:45:00+05:30,449.4,449.95,446.4,446.9,859615
2025-09-08T11:00:00+05:30,447.0,449.25,446.85,448.35,422710
2025-09-08T11:15:00+05:30,448.35,448.9,447.8,448.2,209632
2025-09-08T11:30:00+05:30,448.15,448.4,445.7,447.45,709172
2025-09-08T11:45:00+05:30,447.45,448.4,447.15,447.25,273227
2025-09-08T12:00:00+05:30,447.2,448.9,446.15,448.8,487904
2025-09-08T12:15:00+05:30,448.8,448.95,447.8,448.3,286561
2025-09-08T12:30:00+05:30,448.4,448.95,447.5,448.3,253971
2025-09-08T12:45:00+05:30,448.4,448.9,448.0,448.05,192281
2025-09-08T13:00:00+05:30,448.0,448.15,447.45,447.6,259540
2025-09-08T13:15:00+05:30,447.6,448.15,447.4,447.5,297268
2025-09-08T13:30:00+05:30,447.5,447.5,445.75,446.8,311240
2025-09-08T13:45:00+05:30,446.8,447.65,446.2,447.0,309193
2025-09-08T14:00:00+05:30,447.0,447.0,445.1,445.6,277678
2025-09-08T14:15:00+05:30,445.6,447.8,445.55,446.85,283065
2025-09-08T14:30:00+05:30,446.85,447.35,444.4,444.85,757036
2025-09-08T14:45:00+05:30,444.85,445.0,444.05,444.65,445460
2025-09-08T15:00:00+05:30,444.65,445.0,442.6,444.85,909055
2025-09-08T15:15:00+05:30,444.85,445.0,440.0,443.2,1373774
2025-09-09T09:15:00+05:30,445.0,445.0,432.2,432.9,2164748
2025-09-09T09:30:00+05:30,432.9,437.25,432.4,436.35,903612
2025-09-09T09:45:00+05:30,436.35,437.45,435.85,436.5,423289
2025-09-09T10:00:00+05:30,436.5,438.2,436.1,437.2,495153
2025-09-09T10:15:00+05:30,437.2,438.7,436.8,437.45,415266
2025-09-09T10:30:00+05:30,437.45,437.45,436.5,437.05,170199
2025-09-09T10:45:00+05:30,437.05,437.25,436.5,437.2,125597
2025-09-09T11:00:00+05:30,437.2,437.6,436.5,436.6,121468
2025-09-09T11:15:00+05:30,436.55,438.15,436.5,437.45,266310
2025-09-09T11:30:00+05:30,437.45,437.45,436.15,436.5,136340
2025-09-09T11:45:00+05:30,436.45,437.5,436.2,436.2,106549
2025-09-09T12:00:00+05:30,436.25,436.25,434.45,435.35,241974
2025-09-09T12:15:00+05:30,435.35,436.2,435.0,436.05,182417
2025-09-09T12:30:00+05:30,436.05,436.5,435.05,435.35,140161
2025-09-09T12:45:00+05:30,435.35,437.3,435.2,437.0,493040
2025-09-09T13:00:00+05:30,437.05,437.05,435.5,435.9,301422
2025-09-09T13:15:00+05:30,436.0,436.25,435.65,436.25,72410
2025-09-09T13:30:00+05:30,436.25,437.0,435.0,435.85,102812
2025-09-09T13:45:00+05:30,435.85,436.0,435.3,435.7,139669
2025-09-09T14:00:00+05:30,435.8,436.4,435.7,435.8,139894
2025-09-09T14:15:00+05:30,435.8,435.85,435.0,435.55,396683
2025-09-09T14:30:00+05:30,435.55,436.2,434.95,435.7,335147
2025-09-09T14:45:00+05:30,435.75,436.85,435.4,436.45,321259
2025-09-09T15:00:00+05:30,436.45,437.55,435.8,436.9,493614
2025-09-09T15:15:00+05:30,436.9,437.75,436.05,436.9,690828
2025-09-10T09:15:00+05:30,438.75,438.75,431.9,436.6,1196362
2025-09-10T09:30:00+05:30,436.6,438.0,434.75,435.65,772072
2025-09-10T09:45:00+05:30,435.65,436.9,433.65,434.45,328198
2025-09-10T10:00:00+05:30,434.45,435.0,432.8,433.45,275482
2025-09-10T10:15:00+05:30,433.45,434.05,428.0,429.7,603610
2025-09-10T10:30:00+05:30,429.85,430.75,427.4,429.4,930337
2025-09-10T10:45:00+05:30,429.35,429.5,427.15,429.2,391864
2025-09-10T11:00:00+05:30,429.2,429.85,428.0,428.35,336332
2025-09-10T11:15:00+05:30,428.35,428.5,427.35,427.4,247043
2025-09-10T11:30:00+05:30,427.45,427.55,424.65,425.7,453203
2025-09-10T11:45:00+05:30,425.7,426.0,422.15,422.75,620791
2025-09-10T12:00:00+05:30,422.85,426.0,421.4,425.4,1109150
2025-09-10T12:15:00+05:30,425.4,426.3,423.95,424.25,422549
2025-09-10T12:30:00+05:30,424.25,425.05,423.85,424.25,287437
2025-09-10T12:45:00+05:30,424.25,425.0,423.0,423.2,332372
2025-09-10T13:00:00+05:30,423.2,424.3,422.8,424.2,275134
2025-09-10T13:15:00+05:30,424.15,426.1,423.45,424.8,557742
2025-09-10T13:30:00+05:30,424.8,425.2,423.2,423.85,342417
2025-09-10T13:45:00+05:30,423.85,425.4,423.65,424.65,178338
2025-09-10T14:00:00+05:30,424.65,425.0,424.0,424.25,192813
2025-09-10T14:15:00+05:30,424.3,424.8,424.0,424.55,140958
2025-09-10T14:30:00+05:30,424.55,425.0,424.1,424.45,140509
2025-09-10T14:45:00+05:30,424.5,424.7,422.0,422.85,637105
2025-09-10T15:00:00+05:30,422.85,425.0,422.7,423.8,756270
2025-09-10T15:15:00+05:30,423.8,425.7,421.65,425.3,1458428
2025-09-11T09:15:00+05:30,426.95,432.2,425.35,429.35,1403303
2025-09-11T09:30:00+05:30,429.3,429.75,426.5,427.35,560469
2025-09-11T09:45:00+05:30,427.35,428.15,426.2,426.95,381385
2025-09-11T10:00:00+05:30,426.95,428.4,426.05,428.2,214139
2025-09-11T10:15:00+05:30,428.4,429.5,428.4,429.15,206979
2025-09-11T10:30:00+05:30,429.15,429.15,428.0,428.35,162308
2025-09-11T10:45:00+05:30,428.35,428.85,427.65,427.85,97818
2025-09-11T11:00:00+05:30,427.85,428.5,427.65,428.45,152090
2025-09-11T11:15:00+05:30,428.45,428.9,427.8,427.8,201906
2025-09-11T11:30:00+05:30,427.8,428.05,426.55,426.85,146363
2025-09-11T11:45:00+05:30,426.85,427.8,422.9,424.7,776017
2025-09-11T12:00:00+05:30,424.7,426.55,423.2,426.05,312292
2025-09-11T12:15:00+05:30,426.15,427.5,425.5,427.5,207203
2025-09-11T12:30:00+05:30,427.5,428.35,426.3,427.15,239650
2025-09-11T12:45:00+05:30,427.35,427.5,426.35,427.2,242729
2025-09-11T13:00:00+05:30,427.2,427.75,426.85,427.3,141017
2025-09-11T13:15:00+05:30,427.3,427.45,425.05,425.5,300170
2025-09-11T13:30:00+05:30,425.5,426.0,424.35,424.75,220547
2025-09-11T13:45:00+05:30,424.75,426.0,424.35,425.9,249638
2025-09-11T14:00:00+05:30,425.9,426.2,425.5,425.65,252063
2025-09-11T14:15:00+05:30,425.6,425.6,424.8,425.1,172164
2025-09-11T14:30:00+05:30,425.1,425.2,424.15,424.95,223968
2025-09-11T14:45:00+05:30,424.9,424.9,423.6,424.0,224569
2025-09-11T15:00:00+05:30,424.0,425.2,422.7,423.0,586092
2025-09-11T15:15:00+05:30,423.0,423.9,422.5,423.7,879949
2025-09-12T09:15:00+05:30,425.05,430.0,424.4,429.6,916803
2025-09-12T09:30:00+05:30,429.6,429.7,425.0,426.3,508562
2025-09-12T09:45:00+05:30,426.1,428.0,425.9,427.3,335979
2025-09-12T10:00:00+05:30,427.3,427.95,426.0,427.95,190295
2025-09-12T10:15:00+05:30,427.75,428.0,425.65,425.8,119783
2025-09-12T10:30:00+05:30,425.8,425.8,423.4,425.1,348605
2025-09-12T10:45:00+05:30,425.1,426.2,424.3,425.85,168137
2025-09-12T11:00:00+05:30,425.9,427.3,425.35,425.7,218572
2025-09-12T11:15:00+05:30,425.6,427.3,425.3,426.85,184528
2025-09-12T11:30:00+05:30,426.9,426.9,426.0,426.05,75257
2025-09-12T11:45:00+05:30,426.05,426.55,425.75,426.3,72717
2025-09-12T12:00:00+05:30,426.3,427.7,426.1,427.7,159447
2025-09-12T12:15:00+05:30,427.65,427.9,424.95,425.15,178069
2025-09-12T12:30:00+05:30,425.2,426.2,424.95,426.1,153151
2025-09-12T12:45:00+05:30,426.15,427.05,425.15,425.55,150395
2025-09-12T13:00:00+05:30,425.65,426.3,425.05,425.1,139317
2025-09-12T13:15:00+05:30,425.1,425.75,424.35,424.75,202938
2025-09-12T13:30:00+05:30,424.7,424.75,422.5,423.0,314593
2025-09-12T13:45:00+05:30,423.0,424.05,421.6,421.85,382243
2025-09-12T14:00:00+05:30,421.85,422.9,421.8,422.25,209565
2025-09-12T14:15:00+05:30,422.3,422.4,421.2,421.3,211482
2025-09-12T14:30:00+05:30,421.3,421.7,417.85,419.75,918522
2025-09-12T14:45:00+05:30,419.75,419.9,415.55,415.95,501623
2025-09-12T15:00:00+05:30,415.85,421.75,415.85,421.1,941370
2025-09-12T15:15:00+05:30,421.05,422.85,420.1,420.6,933493
2025-09-15T09:15:00+05:30,422.65,425.9,420.45,422.8,599954
2025-09-15T09:30:00+05:30,422.9,424.55,421.4,424.4,294676
2025-09-15T09:45:00+05:30,424.4,424.85,423.2,424.3,225075
2025-09-15T10:00:00+05:30,424.3,424.65,423.0,423.05,313048
2025-09-15T10:15:00+05:30,423.1,425.1,423.0,424.5,166918
2025-09-15T10:30:00+05:30,424.45,425.4,423.65,424.25,129980
2025-09-15T10:45:00+05:30,424.35,424.6,423.5,424.35,73572
2025-09-15T11:00:00+05:30,424.35,424.8,422.05,423.8,142305
2025-09-15T11:15:00+05:30,423.85,424.7,423.55,424.25,62035
2025-09-15T11:30:00+05:30,424.3,424.6,423.55,423.65,75936
2025-09-15T11:45:00+05:30,423.8,424.45,423.05,424.2,143618
2025-09-15T12:00:00+05:30,424.3,424.45,423.15,424.35,196410
2025-09-15T12:15:00+05:30,424.35,426.6,424.35,425.6,381891
2025-09-15T12:30:00+05:30,425.7,427.9,425.3,425.85,297839
2025-09-15T12:45:00+05:30,425.9,426.5,424.55,424.9,136493
2025-09-15T13:00:00+05:30,424.9,425.0,424.25,424.7,134723
2025-09-15T13:15:00+05:30,424.7,425.3,424.25,424.65,104487
2025-09-15T13:30:00+05:30,424.85,425.8,424.25,424.6,119152
2025-09-15T13:45:00+05:30,424.65,425.3,424.4,425.1,59391
2025-09-15T14:00:00+05:30,425.05,425.4,425.05,425.2,70437
2025-09-15T14:15:00+05:30,425.1,425.8,424.2,425.15,157037
2025-09-15T14:30:00+05:30,425.15,427.0,425.0,425.4,213566
2025-09-15T14:45:00+05:30,425.4,425.65,423.35,423.85,178924
2025-09-15T15:00:00+05:30,423.85,425.0,423.1,423.65,356170
2025-09-15T15:15:00+05:30,423.65,427.0,423.6,426.5,544180
2025-09-16T09:15:00+05:30,427.9,430.0,425.3,429.3,750424
2025-09-16T09:30:00+05:30,429.25,429.6,426.15,429.25,550671
2025-09-16T09:45:00+05:30,429.3,432.3,429.1,431.15,696493
2025-09-16T10:00:00+05:30,431.15,431.2,430.0,430.5,172228
2025-09-16T10:15:00+05:30,430.5,433.0,430.05,431.25,446380
2025-09-16T10:30:00+05:30,431.4,435.0,431.35,433.75,906229
2025-09-16T10:45:00+05:30,433.75,434.5,433.1,433.95,347597
2025-09-16T11:00:00+05:30,434.0,434.65,433.4,434.15,304219
2025-09-16T11:15:00+05:30,434.15,435.5,434.1,435.0,462355
2025-09-16T11:30:00+05:30,435.0,435.5,434.6,434.95,208457
2025-09-16T11:45:00+05:30,435.0,435.65,434.6,435.0,300208
2025-09-16T12:00:00+05:30,435.0,436.4,434.85,436.05,357831
2025-09-16T12:15:00+05:30,436.2,438.25,435.75,436.8,437308
2025-09-16T12:30:00+05:30,436.8,437.6,435.05,437.35,409988
2025-09-16T12:45:00+05:30,437.35,438.25,435.5,436.4,414227
2025-09-16T13:00:00+05:30,436.4,437.5,435.3,435.45,236309
2025-09-16T13:15:00+05:30,435.5,436.6,435.5,435.8,195719
2025-09-16T13:30:00+05:30,435.8,436.5,435.0,436.2,247662
2025-09-16T13:45:00+05:30,436.1,436.75,435.65,435.8,178467
2025-09-16T14:00:00+05:30,435.8,438.0,434.7,437.0,736236
2025-09-16T14:15:00+05:30,437.0,438.75,437.0,437.95,474854
2025-09-16T14:30:00+05:30,437.95,438.85,437.7,437.8,465723
2025-09-16T14:45:00+05:30,437.75,437.9,434.0,435.75,1230439
2025-09-16T15:00:00+05:30,435.8,437.9,435.75,437.7,689597
2025-09-16T15:15:00+05:30,437.7,439.2,436.0,437.0,1497057
2025-09-17T09:15:00+05:30,437.0,438.75,435.05,435.45,745094
2025-09-17T09:30:00+05:30,435.35,435.85,433.5,435.25,380388
2025-09-17T09:45:00+05:30,435.25,436.45,434.25,435.55,174367
2025-09-17T10:00:00+05:30,435.75,436.2,434.55,434.8,103993
2025-09-17T10:15:00+05:30,434.8,434.9,433.05,434.35,120533
2025-09-17T10:30:00+05:30,434.15,434.5,432.0,433.3,263451
2025-09-17T10:45:00+05:30,433.45,435.9,433.0,435.75,147374
2025-09-17T11:00:00+05:30,435.7,435.7,434.05,434.55,40570
2025-09-17T11:15:00+05:30,434.8,435.95,434.6,435.25,83230
2025-09-17T11:30:00+05:30,435.4,436.75,434.0,436.6,95341
2025-09-17T11:45:00+05:30,436.6,437.8,435.35,437.55,413229
2025-09-17T12:00:00+05:30,437.55,437.6,436.5,437.35,173819
2025-09-17T12:15:00+05:30,437.35,438.3,437.1,437.2,155480
2025-09-17T12:30:00+05:30,437.2,437.7,436.65,437.65,98993
2025-09-17T12:45:00+05:30,437.65,439.4,437.2,438.6,296916
2025-09-17T13:00:00+05:30,438.65,440.0,438.3,439.85,228203
2025-09-17T13:15:00+05:30,439.85,441.1,439.1,439.6,456117
2025-09-17T13:30:00+05:30,439.7,439.7,437.6,437.6,270353
2025-09-17T13:45:00+05:30,437.65,438.8,436.5,438.25,314905
2025-09-17T14:00:00+05:30,438.25,438.4,437.3,437.45,74171
2025-09-17T14:15:00+05:30,437.5,438.8,437.05,438.6,156984
2025-09-17T14:30:00+05:30,438.8,439.35,437.4,438.95,166411
2025-09-17T14:45:00+05:30,438.95,440.7,438.45,439.1,403409
2025-09-17T15:00:00+05:30,439.1,442.5,438.5,441.25,841812
2025-09-17T15:15:00+05:30,441.25,442.6,438.15,439.5,784825
2025-09-18T09:15:00+05:30,440.0,440.85,436.25,438.75,419291
2025-09-18T09:30:00+05:30,438.75,440.6,438.7,439.5,334436
2025-09-18T09:45:00+05:30,439.5,440.5,439.25,439.4,133538
2025-09-18T10:00:00+05:30,439.5,440.2,438.2,438.8,142153
2025-09-18T10:15:00+05:30,438.85,442.8,438.85,441.2,390149
2025-09-18T10:30:00+05:30,441.2,442.15,440.1,440.3,298767
2025-09-18T10:45:00+05:30,440.3,441.0,440.05,440.45,53130
2025-09-18T11:00:00+05:30,440.4,440.6,439.8,440.05,87463
2025-09-18T11:15:00+05:30,440.0,440.7,439.3,440.45,111863
2025-09-18T11:30:00+05:30,440.65,440.7,440.2,440.6,31217
2025-09-18T11:45:00+05:30,440.6,440.8,440.15,440.65,58859
2025-09-18T12:00:00+05:30,440.6,441.0,440.35,440.65,36359
2025-09-18T12:15:00+05:30,440.65,440.95,440.0,440.35,111539
2025-09-18T12:30:00+05:30,440.35,440.8,439.1,439.45,138893
2025-09-18T12:45:00+05:30,439.45,441.45,439.35,440.6,90180
2025-09-18T13:00:00+05:30,440.6,440.65,440.0,440.1,38170
2025-09-18T13:15:00+05:30,440.1,440.7,440.0,440.1,42991
2025-09-18T13:30:00+05:30,440.2,441.0,440.15,440.85,51577
2025-09-18T13:45:00+05:30,440.8,441.0,440.0,440.05,44331
2025-09-18T14:00:00+05:30,440.1,440.8,440.0,440.55,39156
2025-09-18T14:15:00+05:30,440.5,441.3,440.2,440.9,123970
2025-09-18T14:30:00+05:30,440.95,441.7,440.75,441.65,101893
2025-09-18T14:45:00+05:30,441.7,443.8,441.6,443.8,326594
2025-09-18T15:00:00+05:30,443.75,444.9,443.3,444.55,613721
2025-09-18T15:15:00+05:30,444.6,445.0,444.0,444.65,701115
2025-09-19T09:15:00+05:30,445.0,446.1,440.85,442.35,1436038
2025-09-19T09:30:00+05:30,442.35,445.9,442.2,444.85,387014
2025-09-19T09:45:00+05:30,444.85,446.0,444.25,444.7,259146
2025-09-19T10:00:00+05:30,444.7,446.2,444.0,445.6,233558
2025-09-19T10:15:00+05:30,445.65,445.7,442.2,442.5,188132
2025-09-19T10:30:00+05:30,442.5,443.55,441.2,443.25,502253
2025-09-19T10:45:00+05:30,443.25,446.2,441.5,445.5,474424
2025-09-19T11:00:00+05:30,445.75,447.0,445.1,446.0,470736
2025-09-19T11:15:00+05:30,446.0,447.0,445.85,446.0,201621
2025-09-19T11:30:00+05:30,446.15,446.25,445.65,446.0,285316
2025-09-19T11:45:00+05:30,446.0,447.0,444.95,446.6,457719
2025-09-19T12:00:00+05:30,446.55,448.0,446.55,447.0,243733
2025-09-19T12:15:00+05:30,447.0,447.8,446.6,447.05,122701
2025-09-19T12:30:00+05:30,447.05,447.1,446.0,446.8,138166
2025-09-19T12:45:00+05:30,446.8,447.0,446.05,446.6,62131
2025-09-19T13:00:00+05:30,446.6,447.0,446.45,446.8,55606
2025-09-19T13:15:00+05:30,446.8,448.7,446.6,448.0,286377
2025-09-19T13:30:00+05:30,448.05,448.4,447.4,448.0,195988
2025-09-19T13:45:00+05:30,448.05,448.4,447.45,448.15,147914
2025-09-19T14:00:00+05:30,448.25,452.0,448.0,451.25,1405987
2025-09-19T14:15:00+05:30,451.5,453.7,449.65,452.3,1093550
2025-09-19T14:30:00+05:30,452.35,455.8,451.95,454.0,1224249
2025-09-19T14:45:00+05:30,454.05,454.05,450.6,451.3,1740172
2025-09-19T15:00:00+05:30,451.35,462.0,451.1,455.2,28181562
2025-09-19T15:15:00+05:30,455.2,474.0,455.2,470.5,26398910
2025-09-22T09:15:00+05:30,461.0,464.35,448.05,453.85,3518676
2025-09-22T09:30:00+05:30,453.9,453.9,448.25,451.2,1652549
2025-09-22T09:45:00+05:30,451.3,451.4,447.05,447.95,774101
2025-09-22T10:00:00+05:30,447.95,449.4,447.4,448.25,416970
2025-09-22T10:15:00+05:30,448.25,449.35,447.6,448.8,245335
2025-09-22T10:30:00+05:30,448.8,450.1,448.55,449.4,356913
2025-09-22T10:45:00+05:30,449.45,450.5,449.35,449.65,446611
2025-09-22T11:00:00+05:30,449.65,449.65,446.55,447.35,336118
2025-09-22T11:15:00+05:30,447.35,448.4,447.1,447.4,181761
2025-09-22T11:30:00+05:30,447.6,449.35,447.4,448.45,163993
2025-09-22T11:45:00+05:30,448.5,448.75,447.5,447.9,146550
2025-09-22T12:00:00+05:30,447.95,449.2,447.65,448.5,162895
2025-09-22T12:15:00+05:30,448.65,448.75,448.05,448.35,83723
2025-09-22T12:30:00+05:30,448.35,449.8,447.85,448.9,199659
2025-09-22T12:45:00+05:30,448.95,450.6,448.9,449.75,185581
2025-09-22T13:00:00+05:30,449.75,450.1,449.15,449.35,196024
2025-09-22T13:15:00+05:30,449.4,450.5,449.25,450.0,210511
2025-09-22T13:30:00+05:30,450.0,450.15,449.25,449.45,182419
2025-09-22T13:45:00+05:30,449.5,450.55,448.75,449.85,412337
2025-09-22T14:00:00+05:30,449.85,450.15,449.45,450.0,152449
2025-09-22T14:15:00+05:30,450.0,450.7,449.75,449.95,393918
2025-09-22T14:30:00+05:30,450.0,450.25,447.95,449.15,375456
2025-09-22T14:45:00+05:30,449.1,450.1,448.65,450.0,345518
2025-09-22T15:00:00+05:30,450.0,450.1,449.0,449.25,467772
2025-09-22T15:15:00+05:30,449.25,450.0,448.15,449.7,1110634
2025-09-23T09:15:00+05:30,450.7,451.65,447.15,449.75,792266
2025-09-23T09:30:00+05:30,449.75,450.25,448.5,450.0,281532
2025-09-23T09:45:00+05:30,450.0,450.0,447.0,448.4,292467
2025-09-23T10:00:00+05:30,448.4,448.8,447.6,448.2,124695
2025-09-23T10:15:00+05:30,448.2,450.0,448.0,449.0,123390
2025-09-23T10:30:00+05:30,449.05,449.5,448.85,449.2,53310
2025-09-23T10:45:00+05:30,449.2,449.5,447.75,448.1,1158467
2025-09-23T11:00:00+05:30,448.1,449.3,447.95,448.8,2157743
2025-09-23T11:15:00+05:30,448.75,449.0,448.0,448.95,209127
2025-09-23T11:30:00+05:30,448.95,448.95,445.55,445.7,268327
2025-09-23T11:45:00+05:30,445.75,449.0,445.7,448.25,179989
2025-09-23T12:00:00+05:30,448.25,448.5,447.5,448.2,62390
2025-09-23T12:15:00+05:30,448.15,449.0,448.15,448.3,78898
2025-09-23T12:30:00+05:30,448.3,448.4,446.25,446.5,116612
2025-09-23T12:45:00+05:30,446.5,446.7,445.2,446.4,113950
2025-09-23T13:00:00+05:30,446.4,447.0,445.55,446.65,110346
2025-09-23T13:15:00+05:30,446.6,448.15,446.6,448.0,260444
2025-09-23T13:30:00+05:30,448.0,448.0,447.25,447.7,46290
2025-09-23T13:45:00+05:30,447.7,447.85,447.0,447.45,70459
2025-09-23T14:00:00+05:30,447.45,447.85,446.9,447.3,107858
2025-09-23T14:15:00+05:30,447.25,449.95,447.15,449.0,359550
2025-09-23T14:30:00+05:30,448.95,449.45,448.65,449.0,104946
2025-09-23T14:45:00+05:30,448.95,449.0,447.9,448.55,109630
2025-09-23T15:00:00+05:30,448.75,449.2,448.05,449.0,225496
2025-09-23T15:15:00+05:30,449.0,450.0,448.05,449.95,551076
2025-09-24T09:15:00+05:30,458.2,460.9,442.8,444.0,4259693
2025-09-24T09:30:00+05:30,444.0,445.85,443.55,445.75,735129
2025-09-24T09:45:00+05:30,445.6,445.9,443.25,443.65,610003
2025-09-24T10:00:00+05:30,443.6,444.55,440.45,440.75,935799
2025-09-24T10:15:00+05:30,440.75,446.25,440.5,446.05,1324678
2025-09-24T10:30:00+05:30,446.05,447.2,444.35,445.7,755898
2025-09-24T10:45:00+05:30,445.55,447.0,444.6,444.8,396945
2025-09-24T11:00:00+05:30,444.8,445.45,442.55,444.0,840465
2025-09-24T11:15:00+05:30,444.0,444.0,441.0,441.85,749760
2025-09-24T11:30:00+05:30,441.85,442.65,441.0,441.8,363845
2025-09-24T11:45:00+05:30,441.75,441.8,439.4,441.2,579826
2025-09-24T12:00:00+05:30,441.25,441.4,440.0,440.6,363878
2025-09-24T12:15:00+05:30,440.6,440.6,438.2,439.5,547527
2025-09-24T12:30:00+05:30,439.3,439.5,437.15,437.8,488730
2025-09-24T12:45:00+05:30,437.75,439.6,437.35,439.45,383543
2025-09-24T13:00:00+05:30,439.5,441.35,438.85,440.05,483114
2025-09-24T13:15:00+05:30,440.3,440.75,439.1,440.1,262881
2025-09-24T13:30:00+05:30,440.1,440.7,439.25,440.4,285237
2025-09-24T13:45:00+05:30,440.4,441.4,440.2,440.65,261775
2025-09-24T14:00:00+05:30,440.6,441.0,439.0,439.85,350706
2025-09-24T14:15:00+05:30,439.65,441.5,439.25,441.2,448935
2025-09-24T14:30:00+05:30,441.0,441.4,440.0,440.95,413071
2025-09-24T14:45:00+05:30,441.0,441.75,440.15,440.95,571170
2025-09-24T15:00:00+05:30,441.0,441.3,436.0,437.15,1353668
2025-09-24T15:15:00+05:30,437.3,439.9,437.2,439.0,1549968
2025-09-25T09:15:00+05:30,439.95,440.8,436.1,439.35,683028
2025-09-25T09:30:00+05:30,439.35,439.35,436.0,436.55,243803
2025-09-25T09:45:00+05:30,436.35,436.55,431.0,432.2,501691
2025-09-25T10:00:00+05:30,432.2,432.55,430.7,430.9,316899
2025-09-25T10:15:00+05:30,430.9,432.6,430.7,432.5,181219
2025-09-25T10:30:00+05:30,432.5,433.65,431.85,432.7,201268
2025-09-25T10:45:00+05:30,432.7,433.6,430.5,430.8,278778
2025-09-25T11:00:00+05:30,430.8,431.95,430.4,431.0,149605
2025-09-25T11:15:00+05:30,430.85,431.45,429.0,429.95,289974
2025-09-25T11:30:00+05:30,430.0,430.2,426.0,426.05,632749
2025-09-25T11:45:00+05:30,426.1,428.65,426.05,428.45,204524
2025-09-25T12:00:00+05:30,428.25,428.65,426.05,427.55,278082
2025-09-25T12:15:00+05:30,427.6,429.15,427.45,428.65,138038
2025-09-25T12:30:00+05:30,428.65,429.35,428.5,428.5,117145
2025-09-25T12:45:00+05:30,428.55,428.9,426.6,428.35,477564
2025-09-25T13:00:00+05:30,428.35,429.2,427.85,428.7,217178
2025-09-25T13:15:00+05:30,428.8,428.85,428.0,428.55,333063
2025-09-25T13:30:00+05:30,428.5,430.55,428.3,429.75,416602
2025-09-25T13:45:00+05:30,429.75,430.4,429.2,429.4,260918
2025-09-25T14:00:00+05:30,429.45,429.65,427.85,428.55,352820
2025-09-25T14:15:00+05:30,428.55,429.25,428.25,429.0,249859
2025-09-25T14:30:00+05:30,429.05,429.2,428.2,428.85,376132
2025-09-25T14:45:00+05:30,428.85,429.45,428.1,428.25,626098
2025-09-25T15:00:00+05:30,428.35,428.5,425.55,426.25,558278
2025-09-25T15:15:00+05:30,426.4,426.65,425.0,425.75,721661
2025-09-26T09:15:00+05:30,425.0,427.2,420.6,420.8,980168
2025-09-26T09:30:00+05:30,420.8,423.6,418.55,422.55,791726
2025-09-26T09:45:00+05:30,422.6,424.0,422.25,423.6,363713
2025-09-26T10:00:00+05:30,423.75,424.0,422.2,422.7,146234
2025-09-26T10:15:00+05:30,422.6,423.45,422.4,423.05,107123
2025-09-26T10:30:00+05:30,423.05,424.9,422.2,422.95,366065
2025-09-26T10:45:00+05:30,422.95,423.7,422.4,422.95,55463
2025-09-26T11:00:00+05:30,422.95,423.5,421.8,422.75,203524
2025-09-26T11:15:00+05:30,422.75,423.1,422.25,422.9,249130
2025-09-26T11:30:00+05:30,423.1,423.1,421.5,421.85,301091
2025-09-26T11:45:00+05:30,421.85,422.5,421.05,421.4,266664
2025-09-26T12:00:00+05:30,421.45,421.45,418.0,419.95,465830
2025-09-26T12:15:00+05:30,419.95,420.8,418.9,419.0,316144
2025-09-26T12:30:00+05:30,419.0,419.9,418.7,419.25,407149
2025-09-26T12:45:00+05:30,419.45,423.7,418.9,421.6,1127777
2025-09-26T13:00:00+05:30,421.6,422.35,419.4,419.55,219178
2025-09-26T13:15:00+05:30,419.55,419.7,418.35,419.3,266156
2025-09-26T13:30:00+05:30,419.3,421.35,418.95,420.4,676804
2025-09-26T13:45:00+05:30,420.4,420.9,419.0,420.55,1011862
2025-09-26T14:00:00+05:30,420.6,421.45,420.05,420.55,210071
2025-09-26T14:15:00+05:30,420.6,420.6,418.85,419.15,288761
2025-09-26T14:30:00+05:30,419.05,420.2,418.7,419.95,247332
2025-09-26T14:45:00+05:30,419.95,421.95,419.75,421.15,388182
2025-09-26T15:00:00+05:30,421.15,422.85,420.0,421.2,875479
2025-09-26T15:15:00+05:30,421.0,421.75,418.0,419.0,773012
2025-09-29T09:15:00+05:30,423.55,423.6,414.0,419.4,815221
2025-09-29T09:30:00+05:30,419.4,420.6,415.7,416.9,398181
2025-09-29T09:45:00+05:30,416.65,419.0,416.6,418.45,265494
2025-09-29T10:00:00+05:30,418.6,420.55,417.35,418.5,1340021
2025-09-29T10:15:00+05:30,418.5,419.2,416.65,417.85,249978
2025-09-29T10:30:00+05:30,417.85,417.9,415.0,415.75,242567
2025-09-29T10:45:00+05:30,415.8,416.0,413.2,414.35,385734
2025-09-29T11:00:00+05:30,414.45,416.75,414.3,415.6,289502
2025-09-29T11:15:00+05:30,415.5,415.8,414.0,415.75,1186024
2025-09-29T11:30:00+05:30,415.75,416.2,414.8,415.1,110246
2025-09-29T11:45:00+05:30,415.1,415.4,413.4,414.2,196795
2025-09-29T12:00:00+05:30,414.2,414.8,413.6,413.9,73907
2025-09-29T12:15:00+05:30,413.9,415.1,413.6,414.4,110368
2025-09-29T12:30:00+05:30,414.4,416.8,414.15,414.6,585101
2025-09-29T12:45:00+05:30,414.8,415.8,413.6,415.05,175121
2025-09-29T13:00:00+05:30,415.1,415.95,414.35,415.7,136637
2025-09-29T13:15:00+05:30,415.75,417.6,415.65,416.8,321359
2025-09-29T13:30:00+05:30,416.9,418.25,416.5,416.8,198304
2025-09-29T13:45:00+05:30,416.8,417.45,416.4,416.9,115940
2025-09-29T14:00:00+05:30,416.9,419.2,416.1,418.8,431035
2025-09-29T14:15:00+05:30,418.8,418.9,416.8,417.0,378531
2025-09-29T14:30:00+05:30,417.0,417.45,416.35,417.15,380389
2025-09-29T14:45:00+05:30,417.2,419.95,415.65,418.6,857488
2025-09-29T15:00:00+05:30,418.6,418.85,413.45,416.55,6066391
2025-09-29T15:15:00+05:30,416.55,419.05,415.5,418.2,4527491
2025-09-30T09:15:00+05:30,419.25,422.45,418.0,420.45,956737
2025-09-30T09:30:00+05:30,420.45,424.3,420.15,423.25,2074090
2025-09-30T09:45:00+05:30,423.2,425.2,423.0,424.55,897386
2025-09-30T10:00:00+05:30,424.55,425.0,423.5,424.75,403543
2025-09-30T10:15:00+05:30,424.7,426.5,424.5,425.3,1440842
2025-09-30T10:30:00+05:30,425.3,425.5,424.15,424.8,1112344
2025-09-30T10:45:00+05:30,424.9,425.2,420.5,422.25,517442
2025-09-30T11:00:00+05:30,422.25,423.9,419.6,421.2,419708
2025-09-30T11:15:00+05:30,421.2,421.3,416.55,419.8,611180
2025-09-30T11:30:00+05:30,419.8,419.9,418.6,419.45,100512
2025-09-30T11:45:00+05:30,419.2,420.2,419.2,419.75,104797
2025-09-30T12:00:00+05:30,419.7,420.2,417.05,418.5,450219
2025-09-30T12:15:00+05:30,418.5,420.2,418.15,419.95,161763
2025-09-30T12:30:00+05:30,419.95,422.9,419.4,422.6,778052
2025-09-30T12:45:00+05:30,422.6,423.0,421.95,422.85,231080
2025-09-30T13:00:00+05:30,422.95,423.9,421.75,423.0,285585
2025-09-30T13:15:00+05:30,423.0,424.2,422.75,423.9,205686
2025-09-30T13:30:00+05:30,423.65,424.6,423.3,424.55,205650
2025-09-30T13:45:00+05:30,424.55,424.8,422.4,423.6,286721
2025-09-30T14:00:00+05:30,423.55,423.95,422.8,423.7,245865
2025-09-30T14:15:00+05:30,423.65,423.75,421.4,423.6,409498
2025-09-30T14:30:00+05:30,423.6,424.0,422.45,423.95,243654
2025-09-30T14:45:00+05:30,423.85,424.0,422.65,423.5,243213
2025-09-30T15:00:00+05:30,423.4,423.85,422.55,423.1,538246
2025-09-30T15:15:00+05:30,423.1,423.75,421.9,422.2,612517
2025-10-01T09:15:00+05:30,423.3,423.3,414.25,416.5,1527347
2025-10-01T09:30:00+05:30,416.5,418.5,416.35,418.3,223216
2025-10-01T09:45:00+05:30,418.4,418.95,415.1,415.45,264987
2025-10-01T10:00:00+05:30,415.5,416.4,414.4,416.25,369488
2025-10-01T10:15:00+05:30,416.1,416.4,415.35,415.9,118173
2025-10-01T10:30:00+05:30,416.0,416.4,415.2,415.3,116396
2025-10-01T10:45:00+05:30,415.3,415.5,414.6,415.0,171987
2025-10-01T11:00:00+05:30,415.1,417.55,414.6,417.2,564480
2025-10-01T11:15:00+05:30,417.15,418.1,416.4,416.7,275184
2025-10-01T11:30:00+05:30,416.9,419.45,416.7,418.3,254029
2025-10-01T11:45:00+05:30,418.3,419.15,417.0,418.0,113361
2025-10-01T12:00:00+05:30,417.9,418.0,415.6,416.55,196078
2025-10-01T12:15:00+05:30,416.55,417.6,416.0,417.3,104727
2025-10-01T12:30:00+05:30,417.3,418.25,417.0,418.05,179557
2025-10-01T12:45:00+05:30,418.05,418.5,417.55,417.75,56328
2025-10-01T13:00:00+05:30,417.7,418.0,417.35,417.6,103670
2025-10-01T13:15:00+05:30,417.6,418.0,417.0,417.85,97551
2025-10-01T13:30:00+05:30,417.8,418.0,417.25,417.65,175369
2025-10-01T13:45:00+05:30,417.8,417.9,417.2,417.65,87460
2025-10-01T14:00:00+05:30,417.55,418.25,417.55,418.0,135679
2025-10-01T14:15:00+05:30,417.95,418.0,417.05,418.0,172201
2025-10-01T14:30:00+05:30,418.0,418.5,417.75,417.75,172017
2025-10-01T14:45:00+05:30,417.75,418.5,417.35,418.5,291007
2025-10-01T15:00:00+05:30,418.45,418.85,417.1,418.0,386465
2025-10-01T15:15:00+05:30,418.0,418.5,416.65,417.9,906765
2025-10-03T09:15:00+05:30,420.0,420.85,414.75,415.2,1060257
2025-10-03T09:30:00+05:30,415.0,415.85,413.65,414.95,490960
2025-10-03T09:45:00+05:30,414.8,415.7,413.5,414.7,246872
2025-10-03T10:00:00+05:30,414.7,414.9,414.0,414.55,210271
2025-10-03T10:15:00+05:30,414.55,418.9,414.5,418.9,400491
2025-10-03T10:30:00+05:30,418.9,421.1,418.8,419.95,402823
2025-10-03T10:45:00+05:30,419.95,421.25,417.5,418.1,780671
2025-10-03T11:00:00+05:30,418.1,419.0,417.5,418.8,202085
2025-10-03T11:15:00+05:30,418.8,419.0,417.15,417.5,771725
2025-10-03T11:30:00+05:30,417.5,417.6,416.8,417.15,126784
2025-10-03T11:45:00+05:30,417.15,417.4,416.5,416.65,75483
2025-10-03T12:00:00+05:30,416.65,418.0,416.5,417.15,84983
2025-10-03T12:15:00+05:30,417.1,417.1,415.1,415.55,142618
2025-10-03T12:30:00+05:30,415.6,416.0,414.6,415.65,166536
2025-10-03T12:45:00+05:30,415.65,415.95,415.2,415.55,85679
2025-10-03T13:00:00+05:30,415.65,415.9,414.85,415.85,100400
2025-10-03T13:15:00+05:30,415.85,416.25,415.3,415.3,67849
2025-10-03T13:30:00+05:30,415.35,416.05,415.0,415.95,81078
2025-10-03T13:45:00+05:30,416.05,416.5,415.3,415.9,70873
2025-10-03T14:00:00+05:30,415.9,416.45,415.35,415.5,68215
2025-10-03T14:15:00+05:30,415.5,416.4,415.15,415.75,69214
2025-10-03T14:30:00+05:30,415.9,416.8,415.3,415.4,131325
2025-10-03T14:45:00+05:30,415.55,416.7,415.0,416.5,148991
2025-10-03T15:00:00+05:30,416.5,416.7,413.25,414.0,669774
2025-10-03T15:15:00+05:30,414.05,414.05,412.55,413.6,721502
2025-10-06T09:15:00+05:30,413.85,413.85,408.15,410.25,852447
2025-10-06T09:30:00+05:30,410.25,411.85,409.7,411.6,264539
2025-10-06T09:45:00+05:30,411.5,415.2,411.5,412.05,523663
2025-10-06T10:00:00+05:30,412.05,414.45,412.05,414.25,244100
2025-10-06T10:15:00+05:30,414.25,415.85,414.0,415.5,232707
2025-10-06T10:30:00+05:30,415.6,417.55,415.05,416.95,457989
2025-10-06T10:45:00+05:30,417.2,418.9,416.9,418.5,347645
2025-10-06T11:00:00+05:30,418.5,418.95,417.4,418.2,176104
2025-10-06T11:15:00+05:30,418.35,418.5,417.55,418.35,105547
2025-10-06T11:30:00+05:30,418.4,418.65,416.0,416.9,187173
2025-10-06T11:45:00+05:30,417.0,417.35,413.95,415.25,315797
2025-10-06T12:00:00+05:30,415.4,415.95,414.4,414.9,206561
2025-10-06T12:15:00+05:30,414.95,416.55,414.25,416.4,214801
2025-10-06T12:30:00+05:30,416.45,417.3,416.05,417.0,141895
2025-10-06T12:45:00+05:30,417.0,418.2,416.95,418.0,205091
2025-10-06T13:00:00+05:30,418.0,418.35,417.4,418.15,91142
2025-10-06T13:15:00+05:30,418.2,419.45,418.0,419.25,211827
2025-10-06T13:30:00+05:30,419.2,420.5,419.15,420.05,303491
2025-10-06T13:45:00+05:30,420.25,423.75,420.0,423.3,773171
2025-10-06T14:00:00+05:30,423.3,424.7,421.55,421.8,390826
2025-10-06T14:15:00+05:30,421.85,422.9,421.4,422.1,111591
2025-10-06T14:30:00+05:30,422.1,422.5,421.5,422.15,204665
2025-10-06T14:45:00+05:30,421.95,422.35,421.3,421.95,365587
2025-10-06T15:00:00+05:30,422.0,422.95,421.05,421.75,464457
2025-10-06T15:15:00+05:30,421.75,422.0,420.0,421.5,618053
2025-10-07T09:15:00+05:30,422.0,422.65,418.5,420.1,502594
2025-10-07T09:30:00+05:30,420.3,420.3,418.05,419.25,371910
2025-10-07T09:45:00+05:30,419.25,419.5,417.5,418.2,257247
2025-10-07T10:00:00+05:30,418.2,418.25,414.45,416.25,507190
2025-10-07T10:15:00+05:30,416.15,416.6,415.7,416.5,143030
2025-10-07T10:30:00+05:30,416.4,417.4,416.0,417.0,159177
2025-10-07T10:45:00+05:30,417.0,417.5,416.5,417.3,143828
2025-10-07T11:00:00+05:30,417.3,418.2,416.7,418.0,182191
2025-10-07T11:15:00+05:30,418.0,418.1,417.2,417.65,175759
2025-10-07T11:30:00+05:30,417.7,417.85,416.55,416.85,145299
2025-10-07T11:45:00+05:30,416.85,417.25,416.25,416.95,232850
2025-10-07T12:00:00+05:30,417.0,417.15,415.35,416.0,166794
2025-10-07T12:15:00+05:30,416.0,416.4,415.1,416.0,122380
2025-10-07T12:30:00+05:30,416.1,417.1,415.85,417.0,567282
2025-10-07T12:45:00+05:30,417.0,417.5,416.4,417.45,240302
2025-10-07T13:00:00+05:30,417.45,420.7,417.25,420.0,1053747
2025-10-07T13:15:00+05:30,420.0,420.85,417.85,418.5,1377440
2025-10-07T13:30:00+05:30,418.5,419.65,418.45,418.7,74766
2025-10-07T13:45:00+05:30,418.7,419.0,418.2,418.6,120931
2025-10-07T14:00:00+05:30,418.6,418.7,418.25,418.55,96906
2025-10-07T14:15:00+05:30,418.55,419.4,418.25,419.15,94969
2025-10-07T14:30:00+05:30,419.15,420.4,418.35,420.05,207857
2025-10-07T14:45:00+05:30,420.0,420.2,419.8,420.0,219467
2025-10-07T15:00:00+05:30,420.05,422.05,419.9,422.0,714202
2025-10-07T15:15:00+05:30,421.75,422.5,419.85,421.85,728137
2025-10-08T09:15:00+05:30,420.0,421.4,416.5,420.9,491758
2025-10-08T09:30:00+05:30,420.8,420.95,420.0,420.5,118730
2025-10-08T09:45:00+05:30,420.75,420.8,418.1,419.55,171027
2025-10-08T10:00:00+05:30,419.35,419.55,418.2,418.45,59758
2025-10-08T10:15:00+05:30,418.45,420.75,417.8,420.75,160249
2025-10-08T10:30:00+05:30,420.75,420.8,420.0,420.6,75824
2025-10-08T10:45:00+05:30,420.6,420.6,420.15,420.45,134500
2025-10-08T11:00:00+05:30,420.45,421.95,419.8,421.35,197945
2025-10-08T11:15:00+05:30,421.3,422.45,421.0,421.7,192071
2025-10-08T11:30:00+05:30,421.65,422.5,421.3,422.0,223347
2025-10-08T11:45:00+05:30,422.0,422.3,421.35,422.05,104277
2025-10-08T12:00:00+05:30,422.0,422.05,421.1,421.65,126419
2025-10-08T12:15:00+05:30,421.75,422.25,421.45,422.0,111083
2025-10-08T12:30:00+05:30,422.0,423.45,421.3,422.55,211608
2025-10-08T12:45:00+05:30,422.7,423.0,421.85,422.05,107979
2025-10-08T13:00:00+05:30,422.1,423.0,421.6,422.1,198213
2025-10-08T13:15:00+05:30,422.05,422.15,421.6,422.05,105722
2025-10-08T13:30:00+05:30,422.05,422.2,421.8,422.0,86781
2025-10-08T13:45:00+05:30,422.0,423.05,422.0,422.25,341319
2025-10-08T14:00:00+05:30,422.3,422.85,421.05,421.6,172806
2025-10-08T14:15:00+05:30,421.45,422.35,421.3,421.9,163165
2025-10-08T14:30:00+05:30,421.7,422.3,421.6,422.05,88936
2025-10-08T14:45:00+05:30,422.05,422.2,422.0,422.05,135425
2025-10-08T15:00:00+05:30,422.05,422.2,420.05,420.35,307566
2025-10-08T15:15:00+05:30,420.35,421.5,420.0,420.05,446558
2025-10-09T09:15:00+05:30,422.8,426.85,421.05,426.8,1320412
2025-10-09T09:30:00+05:30,426.7,430.65,426.0,428.1,1035068
2025-10-09T09:45:00+05:30,428.0,429.0,427.0,428.95,435271
2025-10-09T10:00:00+05:30,428.95,429.85,427.95,428.4,300314
2025-10-09T10:15:00+05:30,428.3,429.3,428.1,429.0,136834
2025-10-09T10:30:00+05:30,429.0,430.0,427.75,427.95,350132
2025-10-09T10:45:00+05:30,428.0,431.5,427.95,431.15,664789
2025-10-09T11:00:00+05:30,431.15,432.7,430.5,432.4,393900
2025-10-09T11:15:00+05:30,432.4,435.3,432.3,434.3,943523
2025-10-09T11:30:00+05:30,434.35,434.9,432.3,432.4,407935
2025-10-09T11:45:00+05:30,432.6,434.0,432.4,433.95,240994
2025-10-09T12:00:00+05:30,433.95,433.95,432.5,432.9,161822
2025-10-09T12:15:00+05:30,432.95,433.5,432.05,433.5,132424
2025-10-09T12:30:00+05:30,433.5,435.8,433.2,434.55,538852
2025-10-09T12:45:00+05:30,434.55,436.0,434.35,435.05,529577
2025-10-09T13:00:00+05:30,435.05,435.5,434.3,435.0,222744
2025-10-09T13:15:00+05:30,435.0,435.4,434.5,434.9,180069
2025-10-09T13:30:00+05:30,434.9,436.0,434.0,435.35,229337
2025-10-09T13:45:00+05:30,435.35,435.6,435.0,435.2,108923
2025-10-09T14:00:00+05:30,435.45,436.0,434.1,435.9,213885
2025-10-09T14:15:00+05:30,435.9,436.9,435.45,435.9,391397
2025-10-09T14:30:00+05:30,435.9,436.9,435.5,435.95,360488
2025-10-09T14:45:00+05:30,436.0,436.95,435.35,436.35,287783
2025-10-09T15:00:00+05:30,436.1,437.8,436.0,436.9,970596
2025-10-09T15:15:00+05:30,436.9,437.5,436.0,436.1,963691
2025-10-10T09:15:00+05:30,436.1,439.0,433.25,436.8,990283
2025-10-10T09:30:00+05:30,436.8,438.5,434.05,434.9,610264
2025-10-10T09:45:00+05:30,434.9,435.35,430.9,432.5,554889
2025-10-10T10:00:00+05:30,432.5,432.5,428.7,429.55,408802
2025-10-10T10:15:00+05:30,429.5,432.35,429.25,432.0,268987
2025-10-10T10:30:00+05:30,432.0,432.3,431.85,432.05,152807
2025-10-10T10:45:00+05:30,432.0,434.95,432.0,434.0,300522
2025-10-10T11:00:00+05:30,434.05,436.7,434.0,436.7,398805
2025-10-10T11:15:00+05:30,436.5,436.65,435.15,436.1,284712
2025-10-10T11:30:00+05:30,436.1,436.8,435.55,436.6,240817
2025-10-10T11:45:00+05:30,436.6,436.85,436.0,436.75,132948
2025-10-10T12:00:00+05:30,436.75,437.75,436.5,437.65,231950
2025-10-10T12:15:00+05:30,437.65,437.65,434.1,436.45,277397
2025-10-10T12:30:00+05:30,436.45,436.8,435.6,436.45,142263
2025-10-10T12:45:00+05:30,436.55,436.8,435.55,436.15,157796
2025-10-10T13:00:00+05:30,436.3,436.45,435.2,435.65,142178
2025-10-10T13:15:00+05:30,435.8,436.9,433.45,433.75,544210
2025-10-10T13:30:00+05:30,433.75,435.5,433.75,435.0,206111
2025-10-10T13:45:00+05:30,435.2,436.05,435.0,435.7,186908
2025-10-10T14:00:00+05:30,435.7,436.5,435.0,436.5,139872
2025-10-10T14:15:00+05:30,436.5,436.5,435.0,436.45,239073
2025-10-10T14:30:00+05:30,436.45,436.85,436.05,436.05,146177
2025-10-10T14:45:00+05:30,436.1,436.1,434.95,435.2,174562
2025-10-10T15:00:00+05:30,435.2,436.0,434.65,435.8,328549
2025-10-10T15:15:00+05:30,435.8,436.5,435.0,435.35,637382
2025-10-13T09:15:00+05:30,435.0,437.6,432.1,435.9,918321
2025-10-13T09:30:00+05:30,435.95,436.8,434.2,435.5,295386
2025-10-13T09:45:00+05:30,435.55,436.0,432.65,434.15,285668
2025-10-13T10:00:00+05:30,434.15,434.35,431.3,433.5,501777
2025-10-13T10:15:00+05:30,433.55,433.85,432.75,433.6,112069
2025-10-13T10:30:00+05:30,433.65,435.35,432.8,435.1,668825
2025-10-13T10:45:00+05:30,435.1,435.65,434.4,435.0,314322
2025-10-13T11:00:00+05:30,435.0,435.95,434.4,435.5,154209
2025-10-13T11:15:00+05:30,435.5,435.9,434.5,434.85,123433
2025-10-13T11:30:00+05:30,434.85,435.0,433.0,434.5,142527
2025-10-13T11:45:00+05:30,434.5,434.85,433.8,434.3,99399
2025-10-13T12:00:00+05:30,434.35,434.85,433.8,434.2,171997
2025-10-13T12:15:00+05:30,434.2,434.7,433.15,433.85,132515
2025-10-13T12:30:00+05:30,433.9,434.1,432.65,433.8,150623
2025-10-13T12:45:00+05:30,433.85,434.25,433.15,433.3,125663
2025-10-13T13:00:00+05:30,433.3,433.75,432.95,433.7,100518
2025-10-13T13:15:00+05:30,433.75,434.4,433.45,433.85,85826
2025-10-13T13:30:00+05:30,433.85,434.85,433.2,433.8,130177
2025-10-13T13:45:00+05:30,433.85,434.0,433.6,433.9,100432
2025-10-13T14:00:00+05:30,433.95,435.65,433.35,434.4,664406
2025-10-13T14:15:00+05:30,434.45,435.0,434.0,434.75,97540
2025-10-13T14:30:00+05:30,434.8,436.0,434.7,435.75,270507
2025-10-13T14:45:00+05:30,435.75,435.9,434.9,435.5,284676
2025-10-13T15:00:00+05:30,435.5,435.9,434.55,435.55,521888
2025-10-13T15:15:00+05:30,435.4,435.55,433.75,434.5,655203
2025-10-14T09:15:00+05:30,435.2,439.4,435.0,437.85,725326
2025-10-14T09:30:00+05:30,437.8,438.7,437.4,438.0,233490
2025-10-14T09:45:00+05:30,438.0,438.4,435.55,435.75,313779
2025-10-14T10:00:00+05:30,435.85,436.55,434.1,436.3,324562
2025-10-14T10:15:00+05:30,436.3,436.8,435.1,436.8,198813
2025-10-14T10:30:00+05:30,436.8,438.0,436.0,436.8,218354
2025-10-14T10:45:00+05:30,436.95,437.4,436.25,436.8,95685
2025-10-14T11:00:00+05:30,437.0,437.35,436.2,436.65,103613
2025-10-14T11:15:00+05:30,436.85,437.0,434.8,435.6,269150
2025-10-14T11:30:00+05:30,435.75,435.9,432.35,435.5,491535
2025-10-14T11:45:00+05:30,435.5,436.2,435.0,436.1,155071
2025-10-14T12:00:00+05:30,436.1,437.35,435.5,436.5,204918
2025-10-14T12:15:00+05:30,436.45,438.55,436.3,437.05,298208
2025-10-14T12:30:00+05:30,437.05,438.0,434.9,435.75,200906
2025-10-14T12:45:00+05:30,435.95,436.75,435.1,436.75,301618
2025-10-14T13:00:00+05:30,436.6,437.55,435.3,437.0,176417
2025-10-14T13:15:00+05:30,437.2,437.7,436.25,437.35,194064
2025-10-14T13:30:00+05:30,437.4,438.7,437.3,438.35,233803
2025-10-14T13:45:00+05:30,438.45,438.7,436.3,437.35,247853
2025-10-14T14:00:00+05:30,437.4,438.8,436.85,438.45,236170
2025-10-14T14:15:00+05:30,438.55,439.4,438.0,439.35,368794
2025-10-14T14:30:00+05:30,439.4,442.0,439.1,441.0,835314
2025-10-14T14:45:00+05:30,441.0,441.8,440.3,441.7,291095
2025-10-14T15:00:00+05:30,441.65,441.7,439.5,440.7,498399
2025-10-14T15:15:00+05:30,440.6,440.8,438.0,438.1,1056906
2025-10-15T09:15:00+05:30,440.4,441.2,437.25,438.75,571097
2025-10-15T09:30:00+05:30,438.75,441.9,438.3,439.2,573150
2025-10-15T09:45:00+05:30,439.2,441.3,439.1,440.5,287866
2025-10-15T10:00:00+05:30,440.55,442.15,439.9,440.3,530099
2025-10-15T10:15:00+05:30,440.05,441.0,440.0,440.85,445371
2025-10-15T10:30:00+05:30,440.85,441.4,440.0,440.65,528155
2025-10-15T10:45:00+05:30,440.65,440.85,438.75,439.85,1237497
2025-10-15T11:00:00+05:30,439.95,440.15,439.15,440.0,185071
2025-10-15T11:15:00+05:30,440.0,440.0,439.5,439.85,135275
2025-10-15T11:30:00+05:30,439.85,440.0,439.5,439.85,163099
2025-10-15T11:45:00+05:30,439.85,440.5,439.5,439.65,259633
2025-10-15T12:00:00+05:30,439.65,440.55,439.6,440.05,178795
2025-10-15T12:15:00+05:30,440.0,440.8,436.15,438.0,2183874
2025-10-15T12:30:00+05:30,437.9,439.0,435.7,438.55,398952
2025-10-15T12:45:00+05:30,438.55,439.7,438.2,438.3,307999
2025-10-15T13:00:00+05:30,438.2,439.4,437.0,439.1,283589
2025-10-15T13:15:00+05:30,439.05,440.75,439.0,440.2,1820203
2025-10-15T13:30:00+05:30,440.1,441.3,439.85,440.0,240683
2025-10-15T13:45:00+05:30,440.05,440.7,439.75,440.6,1035154
2025-10-15T14:00:00+05:30,440.7,441.65,440.5,441.35,222341
2025-10-15T14:15:00+05:30,441.15,441.7,440.9,441.55,241265
2025-10-15T14:30:00+05:30,441.55,442.3,441.2,441.95,401059
2025-10-15T14:45:00+05:30,442.0,442.25,440.95,441.9,352689
2025-10-15T15:00:00+05:30,441.9,443.1,441.5,442.85,834110
2025-10-15T15:15:00+05:30,442.85,443.5,441.55,442.55,839831
2025-10-16T09:15:00+05:30,444.45,450.9,442.75,447.0,1989424
2025-10-16T09:30:00+05:30,446.8,447.9,444.75,446.7,961292
2025-10-16T09:45:00+05:30,446.8,451.0,446.6,449.95,969292
2025-10-16T10:00:00+05:30,450.0,450.85,449.05,449.7,365362
2025-10-16T10:15:00+05:30,449.6,453.05,449.45,452.75,746333
2025-10-16T10:30:00+05:30,452.95,455.8,452.75,455.0,1449183
2025-10-16T10:45:00+05:30,455.05,456.3,451.9,454.15,2837419
2025-10-16T11:00:00+05:30,454.15,455.35,453.15,453.85,736610
2025-10-16T11:15:00+05:30,453.7,455.9,453.0,455.0,391017
2025-10-16T11:30:00+05:30,455.15,457.0,454.3,455.05,622848
2025-10-16T11:45:00+05:30,455.05,457.5,454.0,456.7,996788
2025-10-16T12:00:00+05:30,456.7,459.95,456.4,458.5,1322667
2025-10-16T12:15:00+05:30,458.7,459.0,455.7,456.15,529446
2025-10-16T12:30:00+05:30,456.2,456.95,455.7,456.55,263506
2025-10-16T12:45:00+05:30,456.55,459.75,455.8,459.0,729643
2025-10-16T13:00:00+05:30,459.0,459.15,456.4,456.9,471187
2025-10-16T13:15:00+05:30,456.9,458.9,456.6,458.85,553082
2025-10-16T13:30:00+05:30,458.85,458.95,456.95,457.15,196638
2025-10-16T13:45:00+05:30,457.15,457.85,456.3,457.1,407583
2025-10-16T14:00:00+05:30,457.1,457.1,454.5,454.8,531536
2025-10-16T14:15:00+05:30,454.75,455.95,454.1,455.0,381493
2025-10-16T14:30:00+05:30,455.05,455.8,455.05,455.25,257146
2025-10-16T14:45:00+05:30,455.25,458.85,453.65,458.6,1305953
2025-10-16T15:00:00+05:30,458.6,459.0,447.3,447.8,2071045
2025-10-16T15:15:00+05:30,447.8,448.0,444.0,448.0,3435825
2025-10-17T09:15:00+05:30,447.0,447.0,437.0,438.4,1888153
2025-10-17T09:30:00+05:30,438.4,438.55,431.55,433.5,1506193
2025-10-17T09:45:00+05:30,433.45,435.45,432.0,434.8,766298
2025-10-17T10:00:00+05:30,434.8,435.85,433.5,435.45,595393
2025-10-17T10:15:00+05:30,435.45,435.75,430.05,431.25,719812
2025-10-17T10:30:00+05:30,431.25,432.75,430.2,432.35,680714
2025-10-17T10:45:00+05:30,432.35,437.4,432.25,436.75,1173464
2025-10-17T11:00:00+05:30,436.55,438.2,435.85,436.8,550522
2025-10-17T11:15:00+05:30,436.95,437.85,435.85,437.05,305531
2025-10-17T11:30:00+05:30,437.0,437.1,435.0,435.2,222443
2025-10-17T11:45:00+05:30,435.2,435.25,430.95,431.8,643696
2025-10-17T12:00:00+05:30,431.8,431.8,429.05,429.05,820545
2025-10-17T12:15:00+05:30,429.15,430.0,428.3,429.8,436101
2025-10-17T12:30:00+05:30,429.6,429.85,427.0,429.4,730816
2025-10-17T12:45:00+05:30,429.4,429.8,427.95,428.95,307149
2025-10-17T13:00:00+05:30,428.85,428.95,424.95,426.4,977487
2025-10-17T13:15:00+05:30,426.4,427.95,426.1,427.75,227728
2025-10-17T13:30:00+05:30,427.75,429.0,427.0,429.0,276413
2025-10-17T13:45:00+05:30,428.95,429.2,427.8,428.95,297567
2025-10-17T14:00:00+05:30,428.95,430.4,428.3,430.0,534340
2025-10-17T14:15:00+05:30,429.9,430.6,429.0,429.5,557934
2025-10-17T14:30:00+05:30,429.45,430.0,428.3,429.6,542382
2025-10-17T14:45:00+05:30,429.6,429.85,428.35,429.0,272501
2025-10-17T15:00:00+05:30,429.0,432.7,428.65,432.1,1764369
2025-10-17T15:15:00+05:30,432.1,434.6,431.25,433.25,1608649
2025-10-20T09:15:00+05:30,435.0,435.9,427.3,427.95,756049
2025-10-20T09:30:00+05:30,428.15,429.0,426.0,426.25,347737
2025-10-20T09:45:00+05:30,426.05,427.1,423.85,424.6,486489
2025-10-20T10:00:00+05:30,424.55,426.6,423.5,426.5,424446
2025-10-20T10:15:00+05:30,426.3,427.55,424.95,425.5,380871
2025-10-20T10:30:00+05:30,425.5,425.85,420.0,422.65,1166431
2025-10-20T10:45:00+05:30,422.65,423.65,421.75,422.1,271071
2025-10-20T11:00:00+05:30,422.1,422.5,418.95,419.45,740505
2025-10-20T11:15:00+05:30,419.35,419.45,416.1,418.95,1540925
2025-10-20T11:30:00+05:30,418.95,420.3,418.45,419.7,351472
2025-10-20T11:45:00+05:30,419.6,420.3,417.65,418.0,421602
2025-10-20T12:00:00+05:30,418.0,419.5,417.25,419.35,392056
2025-10-20T12:15:00+05:30,419.4,419.95,419.2,419.5,136869
2025-10-20T12:30:00+05:30,419.75,420.45,419.5,420.0,242226
2025-10-20T12:45:00+05:30,420.0,420.85,418.7,419.5,879501
2025-10-20T13:00:00+05:30,419.7,420.9,418.7,420.8,644684
2025-10-20T13:15:00+05:30,420.9,421.4,420.5,421.1,121981
2025-10-20T13:30:00+05:30,421.1,421.85,417.85,418.95,817570
2025-10-20T13:45:00+05:30,419.15,421.0,418.0,420.55,347833
2025-10-20T14:00:00+05:30,420.55,421.2,420.0,420.5,161796
2025-10-20T14:15:00+05:30,420.75,422.25,420.0,421.4,247933
2025-10-20T14:30:00+05:30,421.5,422.0,421.0,421.75,181121
2025-10-20T14:45:00+05:30,421.8,422.35,421.0,421.4,449654
2025-10-20T15:00:00+05:30,421.4,422.3,420.25,421.45,678847
2025-10-20T15:15:00+05:30,421.25,425.0,420.0,423.9,1097959
2025-10-21T13:45:00+05:30,426.05,432.6,424.0,430.5,1037631
2025-10-21T14:00:00+05:30,430.5,431.9,430.0,431.15,326453
2025-10-21T14:15:00+05:30,431.0,432.5,430.6,432.0,350362
2025-10-21T14:30:00+05:30,432.0,433.9,431.2,433.25,515319
2025-10-23T09:15:00+05:30,432.1,433.05,425.55,428.35,779910
2025-10-23T09:30:00+05:30,428.25,429.7,426.7,427.95,442433
2025-10-23T09:45:00+05:30,427.95,428.9,426.8,427.95,306905
2025-10-23T10:00:00+05:30,427.8,429.3,426.8,427.55,867566
2025-10-23T10:15:00+05:30,427.55,428.8,427.45,427.95,160783
2025-10-23T10:30:00+05:30,427.95,429.5,427.5,427.85,175052
2025-10-23T10:45:00+05:30,427.85,427.85,425.6,425.85,304167
2025-10-23T11:00:00+05:30,425.8,426.8,424.0,426.75,485862
2025-10-23T11:15:00+05:30,426.8,427.0,424.5,426.7,465315
2025-10-23T11:30:00+05:30,426.65,426.95,426.0,426.8,119519
2025-10-23T11:45:00+05:30,426.85,427.2,426.8,427.05,106751
2025-10-23T12:00:00+05:30,427.05,427.6,426.8,427.45,324612
2025-10-23T12:15:00+05:30,427.5,427.8,426.7,427.55,117196
2025-10-23T12:30:00+05:30,427.55,427.9,427.15,427.4,162448
2025-10-23T12:45:00+05:30,427.45,427.65,427.0,427.25,264841
2025-10-23T13:00:00+05:30,427.35,427.35,425.7,426.5,842134
2025-10-23T13:15:00+05:30,426.45,426.95,426.05,426.6,71092
2025-10-23T13:30:00+05:30,426.7,427.55,426.6,427.4,74069
2025-10-23T13:45:00+05:30,427.4,427.45,426.5,426.6,142654
2025-10-23T14:00:00+05:30,426.6,427.1,425.6,425.8,186702
2025-10-23T14:15:00+05:30,425.8,426.4,425.1,425.6,203929
2025-10-23T14:30:00+05:30,425.6,426.0,425.1,425.4,130416
2025-10-23T14:45:00+05:30,425.4,426.3,425.1,425.5,173074
2025-10-23T15:00:00+05:30,425.55,425.75,423.0,424.0,548915
2025-10-23T15:15:00+05:30,424.2,424.6,423.5,423.5,322901
2025-10-24T09:15:00+05:30,426.0,427.45,424.6,426.3,432061
2025-10-24T09:30:00+05:30,426.3,427.45,425.95,427.1,132923
2025-10-24T09:45:00+05:30,427.1,427.75,424.85,424.85,195158
2025-10-24T10:00:00+05:30,425.05,427.6,424.9,426.7,137633
2025-10-24T10:15:00+05:30,426.7,429.0,426.25,428.45,189851
2025-10-24T10:30:00+05:30,428.4,428.95,428.0,428.35,112822
2025-10-24T10:45:00+05:30,428.35,428.8,428.0,428.15,60177
2025-10-24T11:00:00+05:30,428.05,428.65,427.15,428.25,105449
2025-10-24T11:15:00+05:30,428.25,428.55,426.15,426.45,262194
2025-10-24T11:30:00+05:30,426.5,427.75,426.5,427.1,140285
2025-10-24T11:45:00+05:30,427.0,427.2,426.8,427.05,50433
2025-10-24T12:00:00+05:30,427.05,427.2,426.5,427.0,41210
2025-10-24T12:15:00+05:30,427.0,428.2,426.5,427.85,67169
2025-10-24T12:30:00+05:30,427.8,428.1,427.0,427.5,56143
2025-10-24T12:45:00+05:30,427.5,428.65,427.35,428.65,322119
2025-10-24T13:00:00+05:30,428.6,430.2,428.15,428.6,223109
2025-10-24T13:15:00+05:30,428.6,428.6,427.2,427.3,157534
2025-10-24T13:30:00+05:30,427.3,427.9,426.85,427.6,67912
2025-10-24T13:45:00+05:30,427.55,428.0,426.4,426.5,347275
2025-10-24T14:00:00+05:30,426.4,427.65,426.25,427.1,80223
2025-10-24T14:15:00+05:30,427.0,427.15,423.0,423.7,268688
2025-10-24T14:30:00+05:30,423.7,424.7,423.05,423.45,143445
2025-10-24T14:45:00+05:30,423.45,424.2,423.1,423.3,164698
2025-10-24T15:00:00+05:30,423.5,426.3,423.5,424.9,312407
2025-10-24T15:15:00+05:30,424.9,426.0,424.8,425.0,263503
2025-10-27T09:15:00+05:30,425.95,427.35,424.6,426.4,229383
2025-10-27T09:30:00+05:30,426.6,427.0,425.3,425.5,110115
2025-10-27T09:45:00+05:30,425.4,426.0,424.5,425.1,115585
2025-10-27T10:00:00+05:30,425.1,427.0,423.7,424.25,211656
2025-10-27T10:15:00+05:30,424.25,424.9,423.3,424.2,103880
2025-10-27T10:30:00+05:30,424.2,424.85,424.0,424.55,56192
2025-10-27T10:45:00+05:30,424.6,424.85,423.55,423.7,50852
2025-10-27T11:00:00+05:30,423.7,424.35,422.75,422.9,101287
2025-10-27T11:15:00+05:30,422.85,423.5,422.35,423.1,44455
2025-10-27T11:30:00+05:30,423.3,423.8,423.1,423.3,44163
2025-10-27T11:45:00+05:30,423.4,423.5,422.05,422.35,71344
2025-10-27T12:00:00+05:30,422.3,422.35,421.25,421.55,137840
2025-10-27T12:15:00+05:30,421.5,421.85,420.3,421.3,196601
2025-10-27T12:30:00+05:30,421.3,422.9,421.3,422.75,120637
2025-10-27T12:45:00+05:30,422.7,424.0,422.6,423.65,125613
2025-10-27T13:00:00+05:30,423.65,423.65,422.9,423.1,61143
2025-10-27T13:15:00+05:30,422.95,423.35,422.5,423.2,40546
2025-10-27T13:30:00+05:30,423.2,423.45,421.5,421.9,134666
2025-10-27T13:45:00+05:30,421.95,422.5,421.4,422.1,77992
2025-10-27T14:00:00+05:30,422.05,422.1,421.5,421.75,87641
2025-10-27T14:15:00+05:30,421.7,422.2,421.65,421.65,43427
2025-10-27T14:30:00+05:30,421.7,423.75,420.8,423.6,305424
2025-10-27T14:45:00+05:30,423.6,425.3,423.55,425.2,542200
2025-10-27T15:00:00+05:30,425.2,425.8,424.95,425.65,253017
2025-10-27T15:15:00+05:30,425.55,426.6,425.0,425.7,609380
2025-10-28T09:15:00+05:30,427.7,427.75,424.25,425.4,366629
2025-10-28T09:30:00+05:30,425.35,425.6,423.6,424.4,177867
2025-10-28T09:45:00+05:30,424.15,425.0,424.0,424.4,87621
2025-10-28T10:00:00+05:30,424.45,427.0,424.3,426.5,241731
2025-10-28T10:15:00+05:30,426.4,428.0,425.5,426.15,267995
2025-10-28T10:30:00+05:30,425.95,428.4,425.7,428.0,155148
2025-10-28T10:45:00+05:30,427.9,429.0,426.95,427.05,120410
2025-10-28T11:00:00+05:30,427.1,428.2,425.25,425.4,107610
2025-10-28T11:15:00+05:30,425.25,426.0,425.1,425.7,62032
2025-10-28T11:30:00+05:30,425.7,426.1,424.2,424.3,147280
2025-10-28T11:45:00+05:30,424.35,424.75,424.2,424.25,78789
2025-10-28T12:00:00+05:30,424.25,424.35,422.0,422.4,198832
2025-10-28T12:15:00+05:30,422.4,423.3,422.3,423.05,98661
2025-10-28T12:30:00+05:30,423.05,423.3,422.8,423.0,76143
2025-10-28T12:45:00+05:30,423.0,423.1,422.2,422.5,87035
2025-10-28T13:00:00+05:30,422.7,423.45,421.85,422.75,138536
2025-10-28T13:15:00+05:30,422.75,423.45,422.7,423.3,76162
2025-10-28T13:30:00+05:30,423.1,423.35,422.25,422.3,92392
2025-10-28T13:45:00+05:30,422.25,422.8,420.5,420.65,182128
2025-10-28T14:00:00+05:30,420.65,421.0,420.0,420.4,188139
2025-10-28T14:15:00+05:30,420.4,420.65,419.15,419.55,162631
2025-10-28T14:30:00+05:30,419.55,420.65,419.5,420.5,117304
2025-10-28T14:45:00+05:30,420.5,422.35,420.35,420.85,274083
2025-10-28T15:00:00+05:30,420.9,423.1,420.7,422.8,473888
2025-10-28T15:15:00+05:30,422.8,423.6,422.0,423.5,370113
2025-10-29T09:15:00+05:30,423.25,426.6,422.25,424.4,282242
2025-10-29T09:30:00+05:30,424.5,425.0,423.75,424.3,50464
2025-10-29T09:45:00+05:30,424.25,424.6,423.0,423.15,126965
2025-10-29T10:00:00+05:30,423.2,424.2,421.75,422.0,96125
2025-10-29T10:15:00+05:30,422.0,423.3,421.4,422.9,120621
2025-10-29T10:30:00+05:30,422.9,423.75,422.5,423.45,55455
2025-10-29T10:45:00+05:30,423.45,424.0,422.85,423.4,50701
2025-10-29T11:00:00+05:30,423.3,423.5,420.0,420.25,284892
2025-10-29T11:15:00+05:30,420.3,422.4,420.15,421.8,58739
2025-10-29T11:30:00+05:30,421.8,422.6,421.7,422.4,48386
2025-10-29T11:45:00+05:30,422.4,422.4,421.5,421.75,39252
2025-10-29T12:00:00+05:30,421.8,422.15,421.05,421.7,52786
2025-10-29T12:15:00+05:30,421.6,421.8,420.0,420.75,127674
2025-10-29T12:30:00+05:30,420.6,421.5,420.6,421.15,62288
2025-10-29T12:45:00+05:30,421.15,421.65,420.95,421.15,80073
2025-10-29T13:00:00+05:30,421.1,421.5,421.0,421.0,40543
2025-10-29T13:15:00+05:30,421.0,421.85,421.0,421.5,64888
2025-10-29T13:30:00+05:30,421.5,422.5,421.5,421.6,64376
2025-10-29T13:45:00+05:30,421.6,421.7,421.0,421.0,60796
2025-10-29T14:00:00+05:30,421.0,421.8,420.45,421.3,129868
2025-10-29T14:15:00+05:30,421.25,421.5,420.95,421.0,72955
2025-10-29T14:30:00+05:30,421.0,421.75,419.3,420.0,252516
2025-10-29T14:45:00+05:30,419.85,420.0,418.2,418.3,277708
2025-10-29T15:00:00+05:30,418.25,419.75,417.65,418.4,345341
2025-10-29T15:15:00+05:30,418.55,421.0,418.25,420.5,408406
2025-10-30T09:15:00+05:30,419.95,422.5,419.05,420.0,424834
2025-10-30T09:30:00+05:30,419.8,420.1,416.7,417.0,256365
2025-10-30T09:45:00+05:30,416.8,417.6,416.55,417.0,125547
2025-10-30T10:00:00+05:30,416.75,417.6,416.4,416.5,93564
2025-10-30T10:15:00+05:30,416.35,416.7,414.5,415.4,280178
2025-10-30T10:30:00+05:30,415.4,415.65,413.5,414.4,658877
2025-10-30T10:45:00+05:30,414.25,415.2,413.85,414.0,138829
2025-10-30T11:00:00+05:30,414.0,414.9,413.8,414.75,476248
2025-10-30T11:15:00+05:30,414.75,415.85,414.1,415.05,108244
2025-10-30T11:30:00+05:30,415.1,415.75,414.85,415.3,32777
2025-10-30T11:45:00+05:30,415.3,416.4,415.15,416.3,79887
2025-10-30T12:00:00+05:30,416.3,418.5,416.2,418.2,132153
2025-10-30T12:15:00+05:30,418.25,420.0,418.2,418.8,224142
2025-10-30T12:30:00+05:30,418.85,419.35,417.65,417.9,77199
2025-10-30T12:45:00+05:30,417.8,418.5,417.55,418.1,38292
2025-10-30T13:00:00+05:30,418.1,418.25,417.0,417.95,53156
2025-10-30T13:15:00+05:30,418.0,418.0,416.5,417.2,42063
2025-10-30T13:30:00+05:30,417.2,418.5,416.75,418.2,45129
2025-10-30T13:45:00+05:30,418.2,418.25,417.5,418.0,29886
2025-10-30T14:00:00+05:30,418.0,418.2,417.3,418.2,42421
2025-10-30T14:15:00+05:30,418.2,419.25,418.1,418.6,46961
2025-10-30T14:30:00+05:30,418.6,418.65,417.55,418.1,28485
2025-10-30T14:45:00+05:30,417.95,418.65,417.55,417.85,70522
2025-10-30T15:00:00+05:30,417.85,418.65,417.0,418.1,254139
2025-10-30T15:15:00+05:30,418.05,418.65,417.05,418.0,339404
2025-10-31T09:15:00+05:30,430.0,434.0,421.9,426.7,4130637
2025-10-31T09:30:00+05:30,426.7,427.75,423.5,424.0,1337951
2025-10-31T09:45:00+05:30,424.0,424.2,420.4,421.6,1703654
2025-10-31T10:00:00+05:30,421.55,421.85,419.3,419.7,631994
2025-10-31T10:15:00+05:30,419.6,422.75,418.45,422.45,661611
2025-10-31T10:30:00+05:30,422.6,422.6,416.2,417.75,1187503
2025-10-31T10:45:00+05:30,417.8,417.85,411.2,412.35,1363284
2025-10-31T11:00:00+05:30,412.35,412.75,409.0,409.45,1052607
2025-10-31T11:15:00+05:30,409.45,410.8,407.1,409.6,951239
2025-10-31T11:30:00+05:30,409.8,411.0,409.6,410.6,353411
2025-10-31T11:45:00+05:30,410.4,416.6,410.4,416.0,1294375
2025-10-31T12:00:00+05:30,416.0,416.1,411.0,411.05,396258
2025-10-31T12:15:00+05:30,411.1,411.25,410.0,410.6,294710
2025-10-31T12:30:00+05:30,410.75,411.0,410.3,410.45,139029
2025-10-31T12:45:00+05:30,410.4,411.45,409.0,410.5,383816
2025-10-31T13:00:00+05:30,410.55,411.9,410.1,411.05,181241
2025-10-31T13:15:00+05:30,411.1,411.9,410.55,411.0,195626
2025-10-31T13:30:00+05:30,411.05,411.15,410.0,410.2,109721
2025-10-31T13:45:00+05:30,410.25,410.9,410.1,410.3,123518
2025-10-31T14:00:00+05:30,410.4,410.75,410.3,410.35,113491
2025-10-31T14:15:00+05:30,410.4,410.5,409.35,410.05,173549
2025-10-31T14:30:00+05:30,410.05,410.55,410.0,410.05,143124
2025-10-31T14:45:00+05:30,410.0,410.5,409.35,410.0,319001
2025-10-31T15:00:00+05:30,410.05,411.25,409.95,410.05,756132
2025-10-31T15:15:00+05:30,410.05,410.5,409.0,409.65,1181424
2025-11-03T09:15:00+05:30,409.8,409.8,404.15,404.5,548728
2025-11-03T09:30:00+05:30,404.5,408.0,403.45,408.0,432584
2025-11-03T09:45:00+05:30,407.85,409.45,407.2,407.5,242935
2025-11-03T10:00:00+05:30,407.5,408.55,406.85,407.75,165952
2025-11-03T10:15:00+05:30,407.7,408.8,407.05,407.75,76545
2025-11-03T10:30:00+05:30,407.75,407.95,405.5,406.35,123987
2025-11-03T10:45:00+05:30,406.35,407.2,405.6,406.0,176763
2025-11-03T11:00:00+05:30,406.1,407.9,406.0,406.4,129941
2025-11-03T11:15:00+05:30,406.4,406.5,404.8,405.0,192245
2025-11-03T11:30:00+05:30,405.15,405.8,405.0,405.2,72665
2025-11-03T11:45:00+05:30,405.2,405.45,404.6,404.95,105219
2025-11-03T12:00:00+05:30,405.0,405.0,404.05,404.25,89536
2025-11-03T12:15:00+05:30,404.45,404.7,402.7,403.3,234951
2025-11-03T12:30:00+05:30,403.45,404.8,403.0,403.9,516108
2025-11-03T12:45:00+05:30,404.15,405.45,403.8,404.1,124978
2025-11-03T13:00:00+05:30,404.1,404.5,403.75,404.5,88201
2025-11-03T13:15:00+05:30,404.6,404.7,404.15,404.5,65934
2025-11-03T13:30:00+05:30,404.55,404.7,403.5,403.55,65559
2025-11-03T13:45:00+05:30,403.8,404.15,403.6,403.85,45095
2025-11-03T14:00:00+05:30,403.8,404.0,403.5,403.65,47718
2025-11-03T14:15:00+05:30,403.7,404.0,403.5,403.55,76892
2025-11-03T14:30:00+05:30,403.5,404.2,402.9,404.05,162608
2025-11-03T14:45:00+05:30,404.15,404.3,403.0,403.5,198097
2025-11-03T15:00:00+05:30,403.55,403.9,402.7,403.15,321455
2025-11-03T15:15:00+05:30,403.15,403.2,401.4,401.7,547667
2025-11-04T09:15:00+05:30,405.0,407.95,403.3,403.7,618393
2025-11-04T09:30:00+05:30,403.7,404.35,402.3,403.95,315937
2025-11-04T09:45:00+05:30,403.65,405.7,402.5,405.1,220937
2025-11-04T10:00:00+05:30,405.35,408.3,404.8,408.2,431939
2025-11-04T10:15:00+05:30,408.3,412.25,408.1,411.65,663660
2025-11-04T10:30:00+05:30,411.9,413.4,411.45,412.45,545831
2025-11-04T10:45:00+05:30,412.45,414.15,412.0,413.15,414623
2025-11-04T11:00:00+05:30,413.15,413.15,412.15,412.6,152978
2025-11-04T11:15:00+05:30,412.7,414.75,411.4,412.65,1729804
2025-11-04T11:30:00+05:30,412.8,413.45,411.5,412.45,189794
2025-11-04T11:45:00+05:30,412.4,412.5,411.85,412.05,148228
2025-11-04T12:00:00+05:30,412.05,413.0,410.8,412.7,300104
2025-11-04T12:15:00+05:30,412.75,415.45,412.15,415.0,374909
2025-11-04T12:30:00+05:30,415.2,415.25,412.4,412.65,316843
2025-11-04T12:45:00+05:30,412.7,413.9,412.7,413.35,98459
2025-11-04T13:00:00+05:30,413.35,414.45,413.0,413.45,120362
2025-11-04T13:15:00+05:30,413.4,413.55,412.3,412.65,122441
2025-11-04T13:30:00+05:30,412.7,412.85,411.5,412.7,168891
2025-11-04T13:45:00+05:30,412.8,413.3,411.9,412.45,205869
2025-11-04T14:00:00+05:30,412.5,412.65,411.85,412.3,174479
2025-11-04T14:15:00+05:30,412.3,413.7,411.9,412.95,231542
2025-11-04T14:30:00+05:30,412.95,414.4,412.6,413.05,237189
2025-11-04T14:45:00+05:30,413.05,414.25,412.9,413.45,325067
2025-11-04T15:00:00+05:30,413.45,414.15,412.4,413.7,532416
2025-11-04T15:15:00+05:30,413.8,414.5,411.65,412.5,803315
2025-11-06T09:15:00+05:30,412.65,413.0,406.15,406.35,521283
2025-11-06T09:30:00+05:30,406.45,409.3,406.0,407.95,403226
2025-11-06T09:45:00+05:30,407.9,407.95,406.0,406.75,261324
2025-11-06T10:00:00+05:30,406.85,407.8,406.0,407.3,830906
2025-11-06T10:15:00+05:30,407.35,408.3,406.8,407.0,240214
2025-11-06T10:30:00+05:30,406.95,410.5,406.75,410.35,438964
2025-11-06T10:45:00+05:30,410.4,412.65,410.05,412.35,234579
2025-11-06T11:00:00+05:30,412.35,412.9,409.1,409.1,206512
2025-11-06T11:15:00+05:30,409.15,409.3,407.35,408.1,167024
2025-11-06T11:30:00+05:30,408.1,408.25,407.2,407.3,72558
2025-11-06T11:45:00+05:30,407.3,408.25,407.05,407.15,68719
2025-11-06T12:00:00+05:30,407.25,408.45,407.15,408.0,71471
2025-11-06T12:15:00+05:30,407.8,409.65,407.5,409.4,179593
2025-11-06T12:30:00+05:30,409.25,409.55,407.25,407.7,233283
2025-11-06T12:45:00+05:30,407.65,407.75,406.3,406.55,183120
2025-11-06T13:00:00+05:30,406.55,407.4,405.5,405.85,107159
2025-11-06T13:15:00+05:30,405.8,406.55,404.8,405.25,139895
2025-11-06T13:30:00+05:30,405.25,406.1,405.15,405.15,76914
2025-11-06T13:45:00+05:30,405.15,406.25,404.25,404.7,150542
2025-11-06T14:00:00+05:30,404.8,405.2,404.7,404.95,37998
2025-11-06T14:15:00+05:30,404.85,405.9,404.65,405.5,69216
2025-11-06T14:30:00+05:30,405.6,406.75,405.45,406.3,75125
2025-11-06T14:45:00+05:30,406.35,407.45,405.6,407.0,150582
2025-11-06T15:00:00+05:30,407.15,407.15,403.15,403.3,255914
2025-11-06T15:15:00+05:30,403.4,405.75,402.6,405.75,339729
2025-11-07T09:15:00+05:30,399.95,408.8,398.1,402.7,743086
2025-11-07T09:30:00+05:30,402.9,402.9,397.8,398.85,516737
2025-11-07T09:45:00+05:30,398.85,401.0,396.85,398.05,354447
2025-11-07T10:00:00+05:30,398.05,398.4,396.4,397.25,180741
2025-11-07T10:15:00+05:30,397.25,398.0,395.65,397.05,204103
2025-11-07T10:30:00+05:30,397.05,399.15,396.8,399.0,114562
2025-11-07T10:45:00+05:30,399.05,401.0,399.0,399.05,204293
2025-11-07T11:00:00+05:30,399.0,400.5,398.3,400.2,121833
2025-11-07T11:15:00+05:30,400.05,402.9,400.0,401.3,167809
2025-11-07T11:30:00+05:30,401.35,401.9,401.2,401.55,101411
2025-11-07T11:45:00+05:30,401.55,402.7,401.25,402.15,93701
2025-11-07T12:00:00+05:30,402.15,404.1,402.1,403.6,199591
2025-11-07T12:15:00+05:30,403.5,404.0,402.8,404.0,121069
2025-11-07T12:30:00+05:30,403.8,404.8,401.65,402.0,324243
2025-11-07T12:45:00+05:30,401.95,402.0,400.65,401.7,141391
2025-11-07T13:00:00+05:30,401.7,402.0,400.95,401.25,72948
2025-11-07T13:15:00+05:30,401.2,402.0,401.2,401.85,59452
2025-11-07T13:30:00+05:30,401.85,402.0,401.4,401.8,62412
2025-11-07T13:45:00+05:30,401.6,402.0,401.2,401.45,98510
2025-11-07T14:00:00+05:30,401.45,403.85,401.35,402.4,121578
2025-11-07T14:15:00+05:30,402.4,403.05,402.05,403.0,97479
2025-11-07T14:30:00+05:30,402.85,403.2,401.35,401.95,87538
2025-11-07T14:45:00+05:30,401.95,402.0,401.15,401.75,68218
2025-11-07T15:00:00+05:30,401.75,402.05,401.25,402.0,174526
2025-11-07T15:15:00+05:30,402.0,402.1,400.45,402.0,519906
2025-11-10T09:15:00+05:30,404.0,411.4,404.0,405.95,610737
2025-11-10T09:30:00+05:30,405.95,407.65,405.85,407.0,150656
2025-11-10T09:45:00+05:30,406.85,407.0,403.15,403.35,214499
2025-11-10T10:00:00+05:30,403.45,403.8,402.2,402.65,234290
2025-11-10T10:15:00+05:30,402.55,402.85,401.4,402.05,123658
2025-11-10T10:30:00+05:30,402.15,403.3,401.5,401.75,88600
2025-11-10T10:45:00+05:30,401.6,401.9,399.8,400.85,168101
2025-11-10T11:00:00+05:30,401.0,401.25,400.0,400.3,87690
2025-11-10T11:15:00+05:30,400.2,401.45,400.0,401.05,76566
2025-11-10T11:30:00+05:30,401.05,401.65,399.55,400.0,116801
2025-11-10T11:45:00+05:30,400.0,400.6,399.7,399.9,53821
2025-11-10T12:00:00+05:30,399.95,400.6,398.85,398.95,81456
2025-11-10T12:15:00+05:30,398.8,399.45,398.4,398.5,87796
2025-11-10T12:30:00+05:30,398.6,398.75,396.9,397.5,125037
2025-11-10T12:45:00+05:30,397.5,397.95,397.2,397.35,42983
2025-11-10T13:00:00+05:30,397.4,397.4,395.1,395.9,194741
2025-11-10T13:15:00+05:30,395.9,396.2,394.2,394.3,134807
2025-11-10T13:30:00+05:30,394.4,395.85,394.2,395.0,108217
2025-11-10T13:45:00+05:30,394.85,395.9,392.4,393.55,249476
2025-11-10T14:00:00+05:30,393.55,394.15,389.45,389.95,799061
2025-11-10T14:15:00+05:30,389.85,390.5,389.0,389.65,295579
2025-11-10T14:30:00+05:30,389.65,389.85,386.0,386.1,660293
2025-11-10T14:45:00+05:30,386.25,386.25,382.65,384.55,2228357
2025-11-10T15:00:00+05:30,384.55,390.5,380.0,389.75,3008458
2025-11-10T15:15:00+05:30,389.55,391.0,387.0,389.0,1158607
2025-11-11T09:15:00+05:30,387.9,389.05,379.25,380.25,1385900
2025-11-11T09:30:00+05:30,380.2,380.9,377.0,379.3,1045098
2025-11-11T09:45:00+05:30,379.1,384.9,379.1,384.7,794346
2025-11-11T10:00:00+05:30,384.5,387.5,383.45,387.0,550192
2025-11-11T10:15:00+05:30,387.0,387.45,384.0,384.65,352842
2025-11-11T10:30:00+05:30,384.65,386.8,383.95,383.95,712065
2025-11-11T10:45:00+05:30,384.0,385.05,383.5,384.45,151193
2025-11-11T11:00:00+05:30,384.45,387.8,384.4,387.8,281764
2025-11-11T11:15:00+05:30,387.8,389.05,386.75,388.0,375958
2025-11-11T11:30:00+05:30,388.15,388.45,387.35,387.55,84215
2025-11-11T11:45:00+05:30,387.55,389.1,387.25,387.7,218201
2025-11-11T12:00:00+05:30,387.7,392.5,386.45,392.2,612796
2025-11-11T12:15:00+05:30,392.2,396.1,392.2,395.45,769685
2025-11-11T12:30:00+05:30,395.65,395.65,392.6,393.85,346830
2025-11-11T12:45:00+05:30,393.85,394.35,393.0,393.45,194505
2025-11-11T13:00:00+05:30,393.5,393.95,393.0,393.8,133190
2025-11-11T13:15:00+05:30,393.8,394.45,392.45,393.15,327572
2025-11-11T13:30:00+05:30,393.15,394.75,392.7,393.75,146177
2025-11-11T13:45:00+05:30,393.75,394.0,393.1,393.95,126260
2025-11-11T14:00:00+05:30,393.95,394.0,391.7,392.95,276504
2025-11-11T14:15:00+05:30,392.95,395.1,392.55,393.55,339010
2025-11-11T14:30:00+05:30,393.55,394.1,393.05,393.75,231533
2025-11-11T14:45:00+05:30,393.65,394.15,393.05,393.65,191342
2025-11-11T15:00:00+05:30,393.5,394.6,393.15,394.05,356051
2025-11-11T15:15:00+05:30,394.05,395.4,393.85,394.1,534746
2025-11-12T09:15:00+05:30,395.75,398.0,392.4,392.85,543180
2025-11-12T09:30:00+05:30,392.75,393.25,391.25,392.75,202527
2025-11-12T09:45:00+05:30,392.6,396.55,390.8,395.85,283578
2025-11-12T10:00:00+05:30,395.85,396.9,395.3,396.45,296303
2025-11-12T10:15:00+05:30,396.5,397.65,394.35,396.85,299151
2025-11-12T10:30:00+05:30,396.85,397.5,395.3,396.0,167748
2025-11-12T10:45:00+05:30,396.1,396.7,395.6,396.0,91994
2025-11-12T11:00:00+05:30,396.0,396.3,395.5,395.85,31869
2025-11-12T11:15:00+05:30,395.85,396.6,395.6,396.1,45890
2025-11-12T11:30:00+05:30,396.1,396.2,395.6,395.7,25148
2025-11-12T11:45:00+05:30,395.65,396.15,395.3,395.65,105381
2025-11-12T12:00:00+05:30,395.8,396.75,395.3,395.85,77052
2025-11-12T12:15:00+05:30,395.85,396.75,395.6,395.85,38946
2025-11-12T12:30:00+05:30,395.85,396.3,395.6,395.95,39408
2025-11-12T12:45:00+05:30,395.95,396.3,395.55,395.7,34452
2025-11-12T13:00:00+05:30,395.7,396.45,395.5,396.2,53292
2025-11-12T13:15:00+05:30,396.2,396.2,395.6,395.85,24543
2025-11-12T13:30:00+05:30,395.7,395.95,395.4,395.7,46112
2025-11-12T13:45:00+05:30,395.7,396.0,395.5,395.95,31877
2025-11-12T14:00:00+05:30,396.0,396.0,395.25,395.65,58717
2025-11-12T14:15:00+05:30,395.6,395.95,395.3,395.8,55131
2025-11-12T14:30:00+05:30,395.8,396.0,395.6,396.0,37615
2025-11-12T14:45:00+05:30,396.0,396.5,395.7,395.85,74910
2025-11-12T15:00:00+05:30,395.9,396.3,395.25,395.85,193055
2025-11-12T15:15:00+05:30,395.85,396.2,395.6,396.05,356029
2025-11-13T09:15:00+05:30,397.0,397.9,391.05,391.3,465977
2025-11-13T09:30:00+05:30,391.25,392.0,390.05,390.7,314202
2025-11-13T09:45:00+05:30,390.95,391.2,390.05,390.3,184684
2025-11-13T10:00:00+05:30,390.3,390.3,388.1,389.45,330286
2025-11-13T10:15:00+05:30,389.35,391.25,389.0,390.85,197849
2025-11-13T10:30:00+05:30,390.85,391.65,390.25,390.5,156122
2025-11-13T10:45:00+05:30,390.5,390.9,390.0,390.05,89913
2025-11-13T11:00:00+05:30,390.1,390.5,388.55,388.8,165048
2025-11-13T11:15:00+05:30,388.8,389.25,388.2,388.75,137117
2025-11-13T11:30:00+05:30,388.75,388.75,386.5,386.8,243546
2025-11-13T11:45:00+05:30,386.8,387.5,386.2,386.65,169254
2025-11-13T12:00:00+05:30,386.7,388.45,386.65,387.6,172698
2025-11-13T12:15:00+05:30,387.6,387.75,386.7,387.0,89955
2025-11-13T12:30:00+05:30,387.0,388.35,386.6,388.0,128574
2025-11-13T12:45:00+05:30,387.95,388.25,386.8,387.05,86843
2025-11-13T13:00:00+05:30,387.05,387.7,386.3,386.7,102788
2025-11-13T13:15:00+05:30,386.65,386.7,385.55,386.2,178852
2025-11-13T13:30:00+05:30,386.2,386.6,386.15,386.5,116425
2025-11-13T13:45:00+05:30,386.5,386.5,383.0,383.5,375935
2025-11-13T14:00:00+05:30,383.5,385.35,382.75,385.0,376743
2025-11-13T14:15:00+05:30,385.05,387.1,385.0,386.3,290190
2025-11-13T14:30:00+05:30,386.25,386.9,385.25,385.9,187360
2025-11-13T14:45:00+05:30,385.85,385.95,383.3,383.85,298770
2025-11-13T15:00:00+05:30,383.9,384.3,382.55,383.0,662170
2025-11-13T15:15:00+05:30,383.05,383.05,382.2,382.7,560958
2025-11-14T09:15:00+05:30,380.0,392.5,379.6,391.35,1722871
2025-11-14T09:30:00+05:30,391.3,391.3,387.2,388.5,553841
2025-11-14T09:45:00+05:30,388.75,389.05,387.35,388.0,262644
2025-11-14T10:00:00+05:30,388.0,389.05,387.35,388.75,91180
2025-11-14T10:15:00+05:30,388.75,390.4,388.4,389.45,230369
2025-11-14T10:30:00+05:30,389.6,389.6,388.6,388.8,70773
2025-11-14T10:45:00+05:30,388.85,391.0,388.65,391.0,183958
2025-11-14T11:00:00+05:30,391.0,391.45,389.9,390.65,139918
2025-11-14T11:15:00+05:30,390.45,390.7,387.85,388.8,192647
2025-11-14T11:30:00+05:30,388.8,388.95,388.0,388.35,138283
2025-11-14T11:45:00+05:30,388.3,388.9,387.35,388.25,98342
2025-11-14T12:00:00+05:30,388.25,390.25,388.25,389.95,136208
2025-11-14T12:15:00+05:30,390.0,390.1,389.15,389.6,61698
2025-11-14T12:30:00+05:30,389.6,389.8,389.5,389.6,32839
2025-11-14T12:45:00+05:30,389.6,389.95,385.7,389.95,230636
2025-11-14T13:00:00+05:30,389.95,390.75,389.5,390.7,126258
2025-11-14T13:15:00+05:30,390.7,390.7,389.2,389.45,59869
2025-11-14T13:30:00+05:30,389.45,390.75,389.35,390.2,44991
2025-11-14T13:45:00+05:30,390.2,390.8,389.95,390.5,90515
2025-11-14T14:00:00+05:30,390.5,391.0,390.3,390.9,64340
2025-11-14T14:15:00+05:30,390.8,390.85,386.8,387.25,506962
2025-11-14T14:30:00+05:30,387.25,388.55,387.0,388.05,120302
2025-11-14T14:45:00+05:30,388.05,389.85,388.0,389.7,465823
2025-11-14T15:00:00+05:30,389.7,392.8,389.7,392.75,704911
2025-11-14T15:15:00+05:30,392.75,395.0,392.55,394.0,1243440
2025-11-17T09:15:00+05:30,395.0,395.0,390.9,392.05,272373
2025-11-17T09:30:00+05:30,392.05,394.8,391.6,394.2,163892
2025-11-17T09:45:00+05:30,394.2,394.3,392.4,393.0,111709
2025-11-17T10:00:00+05:30,393.0,393.0,391.0,391.95,137254
2025-11-17T10:15:00+05:30,391.95,393.35,391.85,392.55,84794
2025-11-17T10:30:00+05:30,392.55,393.75,389.45,389.55,259245
2025-11-17T10:45:00+05:30,389.7,389.95,387.1,387.4,775747
2025-11-17T11:00:00+05:30,387.35,388.45,384.3,386.75,850283
2025-11-17T11:15:00+05:30,386.75,391.95,386.6,391.05,368065
2025-11-17T11:30:00+05:30,391.15,391.65,389.85,390.95,88468
2025-11-17T11:45:00+05:30,390.95,392.5,390.85,392.1,105255
2025-11-17T12:00:00+05:30,392.1,394.25,391.8,393.7,189012
2025-11-17T12:15:00+05:30,393.55,395.0,393.3,394.5,180260
2025-11-17T12:30:00+05:30,394.5,394.85,393.85,394.8,98538
2025-11-17T12:45:00+05:30,394.8,395.7,393.9,395.05,221718
2025-11-17T13:00:00+05:30,395.0,397.2,395.0,395.25,252539
2025-11-17T13:15:00+05:30,395.3,395.95,395.0,395.75,98955
2025-11-17T13:30:00+05:30,395.75,396.0,394.1,394.5,78798
2025-11-17T13:45:00+05:30,394.35,394.4,393.2,393.25,77260
2025-11-17T14:00:00+05:30,393.35,394.0,392.95,393.45,93572
2025-11-17T14:15:00+05:30,393.45,396.5,393.2,395.25,131871
2025-11-17T14:30:00+05:30,395.2,396.0,394.65,394.95,94456
2025-11-17T14:45:00+05:30,394.7,396.0,394.25,395.9,241251
2025-11-17T15:00:00+05:30,395.7,396.5,393.4,394.25,776464
2025-11-17T15:15:00+05:30,394.25,396.4,393.8,394.6,649898
2025-11-18T09:15:00+05:30,396.0,399.55,393.6,399.0,583990
2025-11-18T09:30:00+05:30,398.9,399.55,397.05,397.7,236007
2025-11-18T09:45:00+05:30,397.55,401.8,397.4,398.2,396651
2025-11-18T10:00:00+05:30,398.2,401.2,397.35,399.55,238494
2025-11-18T10:15:00+05:30,399.55,399.55,396.15,396.8,195238
2025-11-18T10:30:00+05:30,396.95,398.05,396.75,397.55,68353
2025-11-18T10:45:00+05:30,397.55,398.55,397.5,398.0,78697
2025-11-18T11:00:00+05:30,398.0,399.4,397.9,398.9,85950
2025-11-18T11:15:00+05:30,398.9,399.2,397.5,397.7,68046
2025-11-18T11:30:00+05:30,397.55,398.4,395.4,396.7,103845
2025-11-18T11:45:00+05:30,396.7,397.5,396.2,396.95,106428
2025-11-18T12:00:00+05:30,397.0,397.4,396.7,397.0,75943
2025-11-18T12:15:00+05:30,397.1,398.4,397.0,397.5,76452
2025-11-18T12:30:00+05:30,397.65,398.3,397.45,398.0,48576
2025-11-18T12:45:00+05:30,398.0,398.45,397.25,397.95,73566
2025-11-18T13:00:00+05:30,398.0,398.2,397.7,398.2,40441
2025-11-18T13:15:00+05:30,398.05,398.35,397.55,397.6,37054
2025-11-18T13:30:00+05:30,397.6,397.6,396.5,396.7,41986
2025-11-18T13:45:00+05:30,396.7,397.2,396.1,396.8,54272
2025-11-18T14:00:00+05:30,396.7,396.8,394.3,395.45,114168
2025-11-18T14:15:00+05:30,395.45,396.45,395.3,396.0,58706
2025-11-18T14:30:00+05:30,396.0,396.5,395.65,396.0,70188
2025-11-18T14:45:00+05:30,396.0,396.25,395.35,395.7,56989
2025-11-18T15:00:00+05:30,395.8,395.95,392.55,393.1,314599
2025-11-18T15:15:00+05:30,393.05,393.95,392.6,393.4,322587
2025-11-19T09:15:00+05:30,394.2,397.1,393.5,396.8,320052
2025-11-19T09:30:00+05:30,396.8,398.05,396.2,396.35,154295
2025-11-19T09:45:00+05:30,396.35,397.6,395.6,397.5,120367
2025-11-19T10:00:00+05:30,397.5,398.35,397.2,398.2,95294
2025-11-19T10:15:00+05:30,398.2,398.8,396.35,396.85,90221
2025-11-19T10:30:00+05:30,396.85,397.9,396.6,397.7,57514
2025-11-19T10:45:00+05:30,397.7,398.5,397.5,397.8,57380
2025-11-19T11:00:00+05:30,397.8,397.9,397.0,397.3,51549
2025-11-19T11:15:00+05:30,397.25,397.7,396.95,397.25,42824
2025-11-19T11:30:00+05:30,397.2,397.6,396.05,396.7,35346
2025-11-19T11:45:00+05:30,396.7,396.9,396.45,396.7,25064
2025-11-19T12:00:00+05:30,396.75,397.4,395.6,396.35,73046
2025-11-19T12:15:00+05:30,396.4,396.95,396.05,396.45,35783
2025-11-19T12:30:00+05:30,396.45,396.65,395.7,396.45,40041
2025-11-19T12:45:00+05:30,396.25,397.0,396.2,396.6,41707
2025-11-19T13:00:00+05:30,396.6,397.0,396.5,396.85,32091
2025-11-19T13:15:00+05:30,396.85,397.2,395.85,396.0,30963
2025-11-19T13:30:00+05:30,396.2,396.75,396.05,396.25,25294
2025-11-19T13:45:00+05:30,396.25,396.75,396.25,396.5,25058
2025-11-19T14:00:00+05:30,396.65,396.95,396.3,396.6,32639
2025-11-19T14:15:00+05:30,396.8,396.95,395.9,396.6,43086
2025-11-19T14:30:00+05:30,396.6,397.0,396.55,396.85,36001
2025-11-19T14:45:00+05:30,396.85,397.45,396.65,396.85,66732
2025-11-19T15:00:00+05:30,396.85,398.0,396.3,397.65,271294
2025-11-19T15:15:00+05:30,397.7,397.8,395.6,397.0,326661
2025-11-20T09:15:00+05:30,397.0,402.9,397.0,401.25,533633
2025-11-20T09:30:00+05:30,401.25,402.7,400.5,401.4,242412
2025-11-20T09:45:00+05:30,401.25,401.5,397.1,399.85,249557
2025-11-20T10:00:00+05:30,399.9,399.9,398.1,399.05,72448
2025-11-20T10:15:00+05:30,399.05,399.9,399.05,399.75,80884
2025-11-20T10:30:00+05:30,399.75,399.95,399.15,399.65,106825
2025-11-20T10:45:00+05:30,399.65,400.0,399.65,399.85,42950
2025-11-20T11:00:00+05:30,399.8,400.9,399.8,400.5,98977
2025-11-20T11:15:00+05:30,400.5,402.0,400.05,401.55,171612
2025-11-20T11:30:00+05:30,401.6,402.3,401.0,401.2,112416
2025-11-20T11:45:00+05:30,401.15,402.3,401.15,401.95,94355
2025-11-20T12:00:00+05:30,402.0,402.05,401.4,402.0,61737
2025-11-20T12:15:00+05:30,402.0,402.4,401.7,401.9,68632
2025-11-20T12:30:00+05:30,401.95,402.0,401.3,401.6,53443
2025-11-20T12:45:00+05:30,401.65,401.9,401.6,401.8,43579
2025-11-20T13:00:00+05:30,401.8,401.8,401.1,401.5,58104
2025-11-20T13:15:00+05:30,401.5,401.5,400.4,401.0,67610
2025-11-20T13:30:00+05:30,401.0,401.5,400.75,401.45,36341
2025-11-20T13:45:00+05:30,401.5,401.95,401.35,401.65,53765
2025-11-20T14:00:00+05:30,401.7,401.95,399.65,400.2,171844
2025-11-20T14:15:00+05:30,400.2,400.35,396.5,397.0,226401
2025-11-20T14:30:00+05:30,397.0,397.0,394.6,395.25,240037
2025-11-20T14:45:00+05:30,395.05,395.75,394.5,395.5,160343
2025-11-20T15:00:00+05:30,395.5,396.75,393.7,396.75,286997
2025-11-20T15:15:00+05:30,396.75,396.75,394.9,395.1,216766
2025-11-21T09:15:00+05:30,395.5,396.45,390.4,392.1,188789
2025-11-21T09:30:00+05:30,392.35,393.0,389.5,389.8,165974
2025-11-21T09:45:00+05:30,389.8,389.8,388.05,388.6,163726
2025-11-21T10:00:00+05:30,388.55,389.35,387.9,388.85,123339
2025-11-21T10:15:00+05:30,388.85,389.5,387.65,388.1,115298
2025-11-21T10:30:00+05:30,388.3,389.2,388.0,388.25,134554
2025-11-21T10:45:00+05:30,388.1,388.75,388.0,388.35,140678
2025-11-21T11:00:00+05:30,388.35,388.55,388.05,388.4,79976
2025-11-21T11:15:00+05:30,388.5,388.55,387.0,387.3,143298
2025-11-21T11:30:00+05:30,387.2,387.35,386.25,386.5,87268
2025-11-21T11:45:00+05:30,386.5,387.25,386.3,387.05,66074
2025-11-21T12:00:00+05:30,387.25,387.95,386.75,387.15,74526
2025-11-21T12:15:00+05:30,387.15,387.5,386.75,387.0,76993
2025-11-21T12:30:00+05:30,387.0,387.0,384.6,385.1,245034
2025-11-21T12:45:00+05:30,385.1,385.35,384.9,385.05,197207
2025-11-21T13:00:00+05:30,385.05,386.3,385.0,385.6,59817
2025-11-21T13:15:00+05:30,385.6,385.95,385.25,385.55,27475
2025-11-21T13:30:00+05:30,385.6,385.85,385.1,385.5,36137
2025-11-21T13:45:00+05:30,385.5,386.75,385.35,386.7,28891
2025-11-21T14:00:00+05:30,386.7,386.75,385.65,386.0,32889
2025-11-21T14:15:00+05:30,386.0,386.15,385.6,385.9,21901
2025-11-21T14:30:00+05:30,385.9,385.9,384.0,384.2,266205
2025-11-21T14:45:00+05:30,384.0,385.35,383.85,385.2,147733
2025-11-21T15:00:00+05:30,385.2,386.35,384.6,385.65,342886
2025-11-21T15:15:00+05:30,385.65,385.95,384.05,384.9,406587
2025-11-24T09:15:00+05:30,380.3,386.15,378.0,386.0,736745
2025-11-24T09:30:00+05:30,386.0,391.5,385.95,390.0,903478
2025-11-24T09:45:00+05:30,390.0,390.5,388.0,389.05,505373
2025-11-24T10:00:00+05:30,389.0,391.2,389.0,390.55,211281
2025-11-24T10:15:00+05:30,390.4,390.4,389.4,390.1,193059
2025-11-24T10:30:00+05:30,390.05,390.3,388.5,389.5,212548
2025-11-24T10:45:00+05:30,389.5,392.5,388.9,390.5,474662
2025-11-24T11:00:00+05:30,390.5,390.6,389.15,389.85,154823
2025-11-24T11:15:00+05:30,389.85,390.9,389.0,389.55,568779
2025-11-24T11:30:00+05:30,389.4,389.75,388.75,389.25,158124
2025-11-24T11:45:00+05:30,389.25,389.7,387.3,388.1,316968
2025-11-24T12:00:00+05:30,388.1,389.0,387.7,388.0,193762
2025-11-24T12:15:00+05:30,388.0,389.1,387.55,388.15,171784
2025-11-24T12:30:00+05:30,388.15,388.5,387.55,388.15,129857
2025-11-24T12:45:00+05:30,388.15,389.65,387.9,389.4,199725
2025-11-24T13:00:00+05:30,389.4,389.4,388.1,388.85,64107
2025-11-24T13:15:00+05:30,388.85,389.7,388.5,389.35,105618
2025-11-24T13:30:00+05:30,389.35,389.5,388.1,388.95,80915
2025-11-24T13:45:00+05:30,388.95,389.3,388.55,388.9,46013
2025-11-24T14:00:00+05:30,388.95,389.0,388.35,388.75,55360
2025-11-24T14:15:00+05:30,388.75,389.3,388.35,388.6,68625
2025-11-24T14:30:00+05:30,388.6,389.1,388.05,388.55,138998
2025-11-24T14:45:00+05:30,388.55,389.85,388.15,389.6,189983
2025-11-24T15:00:00+05:30,389.6,410.7,389.3,405.7,9228627
2025-11-24T15:15:00+05:30,405.75,409.75,401.9,405.0,7286850
2025-11-25T09:15:00+05:30,402.0,402.9,392.6,393.5,740714
2025-11-25T09:30:00+05:30,393.5,396.4,393.1,395.7,289035
2025-11-25T09:45:00+05:30,395.7,395.9,393.8,394.95,158955
2025-11-25T10:00:00+05:30,394.95,396.0,394.6,395.7,257680
2025-11-25T10:15:00+05:30,395.7,396.45,395.0,395.1,217422
2025-11-25T10:30:00+05:30,395.1,395.1,394.05,394.55,93617
2025-11-25T10:45:00+05:30,394.55,394.9,394.05,394.05,54595
2025-11-25T11:00:00+05:30,394.05,395.3,394.0,395.05,101454
2025-11-25T11:15:00+05:30,395.05,395.8,394.0,394.1,93552
2025-11-25T11:30:00+05:30,394.1,394.45,393.8,394.05,92431
2025-11-25T11:45:00+05:30,394.0,394.7,393.6,394.1,128080
2025-11-25T12:00:00+05:30,394.0,394.3,393.6,393.85,86295
2025-11-25T12:15:00+05:30,393.7,393.85,393.0,393.1,116502
2025-11-25T12:30:00+05:30,393.1,393.35,392.6,393.1,93310
2025-11-25T12:45:00+05:30,393.1,393.6,391.5,391.55,165271
2025-11-25T13:00:00+05:30,391.55,392.2,391.0,391.1,175969
2025-11-25T13:15:00+05:30,391.0,391.6,390.4,390.8,118390
2025-11-25T13:30:00+05:30,390.75,391.2,390.2,390.4,78350
2025-11-25T13:45:00+05:30,390.4,391.15,390.2,390.5,99501
2025-11-25T14:00:00+05:30,390.5,390.9,390.2,390.35,98871
2025-11-25T14:15:00+05:30,390.2,390.65,390.05,390.25,89376
2025-11-25T14:30:00+05:30,390.15,392.45,390.0,391.95,166669
2025-11-25T14:45:00+05:30,392.0,392.5,391.35,392.25,178704
2025-11-25T15:00:00+05:30,392.25,395.85,392.25,395.0,562058
2025-11-25T15:15:00+05:30,395.1,395.25,392.15,393.3,379884
2025-11-26T09:15:00+05:30,393.25,396.3,390.6,395.7,257313
2025-11-26T09:30:00+05:30,395.7,396.0,394.1,395.05,133729
2025-11-26T09:45:00+05:30,395.25,396.4,395.0,395.5,90087
2025-11-26T10:00:00+05:30,395.4,396.5,394.5,394.75,70473
2025-11-26T10:15:00+05:30,394.85,395.15,394.25,394.55,39917
2025-11-26T10:30:00+05:30,394.55,395.0,394.35,394.75,31030
2025-11-26T10:45:00+05:30,394.8,395.1,393.85,395.0,66110
2025-11-26T11:00:00+05:30,395.1,395.95,394.45,394.55,43208
2025-11-26T11:15:00+05:30,394.6,395.2,394.55,394.9,27673
2025-11-26T11:30:00+05:30,394.9,395.5,393.7,393.8,89093
2025-11-26T11:45:00+05:30,393.8,394.45,392.45,393.5,101067
2025-11-26T12:00:00+05:30,393.45,393.85,392.75,393.05,71895
2025-11-26T12:15:00+05:30,393.0,393.6,392.5,392.85,79438
2025-11-26T12:30:00+05:30,392.85,393.3,392.35,392.9,59345
2025-11-26T12:45:00+05:30,392.9,393.15,392.35,392.5,64471
2025-11-26T13:00:00+05:30,392.4,392.6,391.8,391.85,78521
2025-11-26T13:15:00+05:30,391.9,391.95,391.3,391.4,68537
2025-11-26T13:30:00+05:30,391.4,392.35,391.2,391.25,84591
2025-11-26T13:45:00+05:30,391.2,391.35,390.7,391.15,86845
2025-11-26T14:00:00+05:30,391.15,392.65,391.05,391.45,75218
2025-11-26T14:15:00+05:30,391.45,391.7,390.65,391.45,75073
2025-11-26T14:30:00+05:30,391.45,392.3,391.35,392.0,59934
2025-11-26T14:45:00+05:30,392.0,392.5,391.65,392.2,59303
2025-11-26T15:00:00+05:30,392.2,394.5,392.2,393.0,409798
2025-11-26T15:15:00+05:30,392.95,393.1,390.4,391.2,492844
2025-11-27T09:15:00+05:30,392.45,394.4,388.5,389.1,420685
2025-11-27T09:30:00+05:30,389.1,390.0,387.5,387.75,178567
2025-11-27T09:45:00+05:30,387.85,389.0,387.65,388.8,63399
2025-11-27T10:00:00+05:30,388.8,389.1,388.1,388.5,59555
2025-11-27T10:15:00+05:30,388.55,389.35,388.2,388.55,42110
2025-11-27T10:30:00+05:30,388.55,389.0,387.7,387.75,57419
2025-11-27T10:45:00+05:30,387.7,388.6,387.6,387.7,54254
2025-11-27T11:00:00+05:30,387.7,387.95,387.0,387.1,77469
2025-11-27T11:15:00+05:30,387.15,387.35,386.25,386.65,94288
2025-11-27T11:30:00+05:30,386.65,387.2,386.5,386.85,36504
2025-11-27T11:45:00+05:30,386.75,387.7,386.7,387.25,40036
2025-11-27T12:00:00+05:30,387.35,388.5,387.0,387.5,79997
2025-11-27T12:15:00+05:30,387.65,388.05,387.0,388.0,64563
2025-11-27T12:30:00+05:30,388.0,388.05,387.3,387.55,30792
2025-11-27T12:45:00+05:30,387.75,388.1,386.35,386.4,49994
2025-11-27T13:00:00+05:30,386.6,386.75,386.25,386.3,45651
2025-11-27T13:15:00+05:30,386.3,386.65,386.0,386.2,49715
2025-11-27T13:30:00+05:30,386.3,387.6,386.25,387.1,45238
2025-11-27T13:45:00+05:30,387.2,387.4,386.65,387.1,24806
2025-11-27T14:00:00+05:30,387.1,387.6,386.95,387.1,30121
2025-11-27T14:15:00+05:30,387.1,387.6,386.7,386.7,46363
2025-11-27T14:30:00+05:30,386.6,387.1,386.35,387.1,32618
2025-11-27T14:45:00+05:30,387.05,387.4,386.85,387.2,60530
2025-11-27T15:00:00+05:30,387.2,388.05,386.75,387.4,273326
2025-11-27T15:15:00+05:30,387.4,387.4,385.25,385.75,338898
2025-11-28T09:15:00+05:30,386.65,387.25,380.65,383.6,503672
2025-11-28T09:30:00+05:30,383.6,384.0,381.75,382.35,144685
2025-11-28T09:45:00+05:30,382.3,382.95,381.85,382.4,126362
2025-11-28T10:00:00+05:30,382.4,382.75,382.15,382.5,81551
2025-11-28T10:15:00+05:30,382.55,383.1,382.25,382.4,103134
2025-11-28T10:30:00+05:30,382.4,384.05,382.2,383.3,129884
2025-11-28T10:45:00+05:30,383.3,383.85,383.0,383.05,112966
2025-11-28T11:00:00+05:30,383.05,383.2,382.3,382.65,111450
2025-11-28T11:15:00+05:30,382.65,382.9,382.3,382.5,85734
2025-11-28T11:30:00+05:30,382.45,382.85,382.0,382.15,118080
2025-11-28T11:45:00+05:30,382.15,382.5,382.0,382.3,84700
2025-11-28T12:00:00+05:30,382.3,382.55,382.05,382.35,71474
2025-11-28T12:15:00+05:30,382.35,383.05,382.0,382.6,117538
2025-11-28T12:30:00+05:30,382.6,382.6,382.05,382.35,84447
2025-11-28T12:45:00+05:30,382.3,382.4,380.5,380.65,272921
2025-11-28T13:00:00+05:30,380.65,380.7,379.8,380.05,239739
2025-11-28T13:15:00+05:30,380.0,381.1,380.0,380.05,104601
2025-11-28T13:30:00+05:30,380.05,380.5,379.75,380.05,77502
2025-11-28T13:45:00+05:30,380.15,380.4,378.2,378.65,269632
2025-11-28T14:00:00+05:30,378.65,379.75,378.0,378.25,210871
2025-11-28T14:15:00+05:30,378.2,379.85,378.1,378.75,195674
2025-11-28T14:30:00+05:30,378.75,379.3,378.5,378.9,95965
2025-11-28T14:45:00+05:30,378.95,379.7,378.8,379.5,141681
2025-11-28T15:00:00+05:30,379.5,380.55,377.5,378.1,575189
2025-11-28T15:15:00+05:30,378.15,378.45,376.9,377.0,639036
2025-12-01T09:15:00+05:30,380.0,382.85,378.5,382.5,355369
2025-12-01T09:30:00+05:30,382.5,382.95,380.6,380.85,174450
2025-12-01T09:45:00+05:30,380.85,382.95,380.85,382.55,111836
2025-12-01T10:00:00+05:30,382.55,383.5,382.45,382.9,74162
2025-12-01T10:15:00+05:30,382.9,384.1,382.65,383.2,91637
2025-12-01T10:30:00+05:30,383.35,385.8,382.55,385.35,254986
2025-12-01T10:45:00+05:30,385.55,387.9,385.0,386.9,415210
2025-12-01T11:00:00+05:30,386.9,387.7,386.2,387.6,120507
2025-12-01T11:15:00+05:30,387.6,387.6,386.4,386.8,58432
2025-12-01T11:30:00+05:30,386.8,386.9,386.1,386.45,57075
2025-12-01T11:45:00+05:30,386.45,387.75,386.0,387.25,95386
2025-12-01T12:00:00+05:30,387.25,387.5,386.7,386.95,67726
2025-12-01T12:15:00+05:30,387.0,389.4,386.6,388.6,957874
2025-12-01T12:30:00+05:30,388.8,391.35,388.25,390.6,397750
2025-12-01T12:45:00+05:30,390.55,391.2,389.4,390.4,204788
2025-12-01T13:00:00+05:30,390.3,391.5,390.0,391.2,180484
2025-12-01T13:15:00+05:30,391.2,391.75,389.7,390.2,276749
2025-12-01T13:30:00+05:30,390.2,390.6,388.65,389.6,220825
2025-12-01T13:45:00+05:30,389.4,389.85,387.1,389.15,270935
2025-12-01T14:00:00+05:30,389.15,389.8,388.2,388.95,91334
2025-12-01T14:15:00+05:30,388.95,389.4,388.35,389.4,75636
2025-12-01T14:30:00+05:30,389.4,389.4,388.0,389.3,108992
2025-12-01T14:45:00+05:30,389.3,389.35,388.0,388.3,136172
2025-12-01T15:00:00+05:30,388.65,389.45,388.0,388.8,219916
2025-12-01T15:15:00+05:30,388.75,390.0,387.0,387.8,430595
2025-12-02T09:15:00+05:30,389.1,392.8,388.0,390.45,434062
2025-12-02T09:30:00+05:30,390.5,392.3,390.3,390.3,88393
2025-12-02T09:45:00+05:30,390.5,391.5,390.05,391.3,92392
2025-12-02T10:00:00+05:30,391.3,392.3,390.45,391.4,136344
2025-12-02T10:15:00+05:30,391.4,391.5,390.25,391.35,82654
2025-12-02T10:30:00+05:30,391.2,392.25,388.2,388.95,281437
2025-12-02T10:45:00+05:30,389.0,389.65,388.25,389.2,67149
2025-12-02T11:00:00+05:30,389.0,390.9,388.95,390.0,142601
2025-12-02T11:15:00+05:30,390.1,390.9,389.55,390.65,131968
2025-12-02T11:30:00+05:30,390.75,390.85,390.1,390.55,82528
2025-12-02T11:45:00+05:30,390.6,390.75,389.3,390.1,120386
2025-12-02T12:00:00+05:30,390.1,390.75,390.05,390.5,133883
2025-12-02T12:15:00+05:30,390.55,392.2,390.5,391.95,113034
2025-12-02T12:30:00+05:30,391.95,392.8,391.5,392.25,143737
2025-12-02T12:45:00+05:30,392.1,393.6,391.3,393.0,472707
2025-12-02T13:00:00+05:30,393.15,394.9,393.0,394.2,267721
2025-12-02T13:15:00+05:30,394.25,395.5,394.0,395.5,183098
2025-12-02T13:30:00+05:30,395.35,395.4,394.3,395.2,113903
2025-12-02T13:45:00+05:30,395.25,398.25,395.1,397.35,490573
2025-12-02T14:00:00+05:30,397.55,398.5,396.2,398.3,514218
2025-12-02T14:15:00+05:30,398.1,399.4,396.5,398.25,610062
2025-12-02T14:30:00+05:30,398.25,402.5,398.1,400.7,1023616
2025-12-02T14:45:00+05:30,400.75,402.25,399.2,399.4,728478
2025-12-02T15:00:00+05:30,399.25,400.8,399.2,400.4,486533
2025-12-02T15:15:00+05:30,400.3,400.8,397.2,397.5,658155
2025-12-03T09:15:00+05:30,395.7,399.45,395.05,395.7,314153
2025-12-03T09:30:00+05:30,395.7,401.65,395.5,400.1,1044682
2025-12-03T09:45:00+05:30,400.15,405.5,400.1,401.3,712753
2025-12-03T10:00:00+05:30,401.25,402.3,400.6,400.7,703625
2025-12-03T10:15:00+05:30,400.85,401.7,400.1,400.2,210278
2025-12-03T10:30:00+05:30,400.35,402.05,400.1,401.3,181312
2025-12-03T10:45:00+05:30,401.35,402.6,401.1,402.5,89107
2025-12-03T11:00:00+05:30,402.55,404.6,402.05,403.4,318112
2025-12-03T11:15:00+05:30,403.35,403.55,402.6,403.3,115874
2025-12-03T11:30:00+05:30,403.3,403.3,401.1,401.6,130242
2025-12-03T11:45:00+05:30,401.55,401.95,400.35,400.7,104313
2025-12-03T12:00:00+05:30,400.7,401.5,400.3,401.2,100750
2025-12-03T12:15:00+05:30,401.15,401.85,401.1,401.55,43074
2025-12-03T12:30:00+05:30,401.6,402.55,401.2,402.3,98800
2025-12-03T12:45:00+05:30,402.3,404.8,402.15,404.4,304713
2025-12-03T13:00:00+05:30,404.2,404.5,402.2,402.8,170920
2025-12-03T13:15:00+05:30,402.9,403.4,402.55,403.3,88963
2025-12-03T13:30:00+05:30,403.35,404.2,403.0,404.0,146768
2025-12-03T13:45:00+05:30,404.0,404.55,403.15,403.9,175106
2025-12-03T14:00:00+05:30,404.0,404.75,403.35,404.35,185161
2025-12-03T14:15:00+05:30,404.5,404.5,401.8,402.65,366768
2025-12-03T14:30:00+05:30,402.7,403.9,402.45,403.5,196598
2025-12-03T14:45:00+05:30,403.45,404.3,403.0,404.25,255153
2025-12-03T15:00:00+05:30,404.25,404.4,403.05,404.2,339982
2025-12-03T15:15:00+05:30,404.2,404.25,401.85,402.6,530251
2025-12-04T09:15:00+05:30,400.0,403.75,398.15,403.0,251597
2025-12-04T09:30:00+05:30,403.0,403.5,401.3,403.05,149419
2025-12-04T09:45:00+05:30,403.15,403.15,401.5,401.8,78943
2025-12-04T10:00:00+05:30,401.9,402.95,400.95,401.3,102059
2025-12-04T10:15:00+05:30,401.25,401.3,400.4,400.9,69792
2025-12-04T10:30:00+05:30,400.9,401.05,399.5,400.8,85028
2025-12-04T10:45:00+05:30,400.95,401.2,400.5,400.55,38243
2025-12-04T11:00:00+05:30,400.55,401.9,400.55,401.65,48875
2025-12-04T11:15:00+05:30,401.65,402.8,401.6,402.0,91837
2025-12-04T11:30:00+05:30,402.15,403.95,401.05,403.55,179125
2025-12-04T11:45:00+05:30,403.55,405.5,402.65,404.65,229609
2025-12-04T12:00:00+05:30,404.8,405.25,404.25,404.75,88934
2025-12-04T12:15:00+05:30,404.75,404.8,403.25,403.75,57354
2025-12-04T12:30:00+05:30,403.75,405.4,403.6,404.5,82159
2025-12-04T12:45:00+05:30,404.45,404.9,402.6,403.5,375293
2025-12-04T13:00:00+05:30,403.5,403.85,403.15,403.3,23692
2025-12-04T13:15:00+05:30,403.45,406.65,403.05,403.65,364976
2025-12-04T13:30:00+05:30,403.7,403.7,402.25,403.6,116888
2025-12-04T13:45:00+05:30,403.65,403.7,402.8,403.0,72674
2025-12-04T14:00:00+05:30,403.05,403.85,402.9,403.8,72728
2025-12-04T14:15:00+05:30,403.8,404.3,403.55,403.8,51330
2025-12-04T14:30:00+05:30,403.9,403.9,401.95,402.1,1210421
2025-12-04T14:45:00+05:30,402.1,402.25,400.35,401.15,123370
2025-12-04T15:00:00+05:30,401.35,402.2,400.05,401.75,216464
2025-12-04T15:15:00+05:30,401.8,402.05,400.55,401.55,281094
2025-12-05T09:15:00+05:30,397.55,404.9,397.55,402.5,358043
2025-12-05T09:30:00+05:30,402.5,402.55,400.15,400.55,528142
2025-12-05T09:45:00+05:30,400.5,400.5,398.75,399.45,96626
2025-12-05T10:00:00+05:30,399.45,400.7,399.0,399.8,72759
2025-12-05T10:15:00+05:30,399.85,400.3,399.35,399.4,35321
2025-12-05T10:30:00+05:30,399.4,401.15,398.45,400.5,119744
2025-12-05T10:45:00+05:30,400.5,400.95,400.1,400.4,35627
2025-12-05T11:00:00+05:30,400.5,400.55,400.0,400.15,42644
2025-12-05T11:15:00+05:30,400.15,400.3,398.55,399.65,104841
2025-12-05T11:30:00+05:30,399.65,399.95,398.8,399.0,39424
2025-12-05T11:45:00+05:30,399.15,399.95,397.95,398.4,79324
2025-12-05T12:00:00+05:30,398.35,398.4,397.7,397.9,54060
2025-12-05T12:15:00+05:30,397.9,398.2,397.45,397.65,92631
2025-12-05T12:30:00+05:30,397.65,397.9,396.95,397.5,65168
2025-12-05T12:45:00+05:30,397.5,397.95,396.9,396.95,33735
2025-12-05T13:00:00+05:30,397.0,397.8,396.95,397.65,27867
2025-12-05T13:15:00+05:30,397.65,398.0,396.95,397.4,84908
2025-12-05T13:30:00+05:30,397.4,397.7,397.1,397.45,28006
2025-12-05T13:45:00+05:30,397.45,398.45,397.2,398.1,319453
2025-12-05T14:00:00+05:30,398.1,398.4,397.8,398.15,169711
2025-12-05T14:15:00+05:30,398.2,398.35,397.9,398.0,124233
2025-12-05T14:30:00+05:30,398.05,398.25,397.15,397.15,83782
2025-12-05T14:45:00+05:30,397.1,397.1,394.25,394.75,130069
2025-12-05T15:00:00+05:30,394.7,396.4,393.75,394.6,216126
2025-12-05T15:15:00+05:30,394.45,394.85,393.1,394.2,259475
2025-12-08T09:15:00+05:30,393.8,394.9,390.5,391.6,438450
2025-12-08T09:30:00+05:30,391.9,392.75,391.25,391.7,75256
2025-12-08T09:45:00+05:30,391.75,393.0,391.45,392.5,93782
2025-12-08T10:00:00+05:30,392.5,392.55,391.8,392.55,41592
2025-12-08T10:15:00+05:30,392.6,393.7,392.4,393.0,190090
2025-12-08T10:30:00+05:30,393.0,393.0,391.0,391.3,62958
2025-12-08T10:45:00+05:30,391.2,391.3,389.05,389.05,104159
2025-12-08T11:00:00+05:30,389.2,390.8,388.65,390.75,74774
2025-12-08T11:15:00+05:30,390.8,391.15,390.2,390.65,57352
2025-12-08T11:30:00+05:30,390.65,390.8,389.1,389.5,61214
2025-12-08T11:45:00+05:30,389.55,389.8,387.95,388.85,113972
2025-12-08T12:00:00+05:30,388.9,389.15,388.05,388.45,48109
2025-12-08T12:15:00+05:30,388.45,388.75,386.85,387.15,142066
2025-12-08T12:30:00+05:30,387.15,387.3,385.25,385.75,113570
2025-12-08T12:45:00+05:30,385.55,386.95,385.2,385.8,110740
2025-12-08T13:00:00+05:30,385.8,386.1,385.5,385.5,84968
2025-12-08T13:15:00+05:30,385.7,386.0,384.9,385.25,123893
2025-12-08T13:30:00+05:30,385.35,386.0,385.0,385.4,148905
2025-12-08T13:45:00+05:30,385.4,386.1,385.15,385.95,129976
2025-12-08T14:00:00+05:30,385.95,386.1,384.8,385.45,152395
2025-12-08T14:15:00+05:30,385.45,386.0,384.1,385.5,162158
2025-12-08T14:30:00+05:30,385.5,385.85,384.5,384.95,203582
2025-12-08T14:45:00+05:30,384.95,386.75,380.8,386.45,446173
2025-12-08T15:00:00+05:30,386.3,387.0,384.75,386.85,479225
2025-12-08T15:15:00+05:30,386.6,388.0,383.15,385.0,495970
2025-12-09T09:15:00+05:30,384.0,386.05,380.15,383.35,367476
2025-12-09T09:30:00+05:30,383.4,387.25,381.45,386.15,270570
2025-12-09T09:45:00+05:30,386.3,391.0,386.1,390.2,613066
2025-12-09T10:00:00+05:30,390.15,398.15,390.05,397.5,647088
2025-12-09T10:15:00+05:30,397.7,397.8,394.4,395.4,640031
2025-12-09T10:30:00+05:30,395.25,396.4,394.15,395.65,257536
2025-12-09T10:45:00+05:30,395.65,399.4,393.3,395.2,668877
2025-12-09T11:00:00+05:30,395.1,395.2,391.6,392.35,300857
2025-12-09T11:15:00+05:30,392.15,393.1,390.5,390.75,1232785
2025-12-09T11:30:00+05:30,390.75,394.9,390.4,393.5,216352
2025-12-09T11:45:00+05:30,393.45,394.3,393.0,394.0,84976
2025-12-09T12:00:00+05:30,393.8,394.55,393.5,393.8,131146
2025-12-09T12:15:00+05:30,393.8,394.55,393.65,394.3,74306
2025-12-09T12:30:00+05:30,394.3,394.5,392.2,393.45,171135
2025-12-09T12:45:00+05:30,393.45,395.25,393.45,394.9,116654
2025-12-09T13:00:00+05:30,395.0,395.85,394.6,394.8,45403
2025-12-09T13:15:00+05:30,394.95,395.35,394.35,394.8,67396
2025-12-09T13:30:00+05:30,394.8,396.5,394.65,396.35,119955
2025-12-09T13:45:00+05:30,396.5,398.0,395.85,397.15,141829
2025-12-09T14:00:00+05:30,397.3,397.75,393.55,395.55,238364
2025-12-09T14:15:00+05:30,395.6,396.5,395.5,396.0,207037
2025-12-09T14:30:00+05:30,396.0,397.15,396.0,396.7,265308
2025-12-09T14:45:00+05:30,396.7,397.0,396.0,396.6,184717
2025-12-09T15:00:00+05:30,396.6,398.5,396.45,397.8,484872
2025-12-09T15:15:00+05:30,397.8,400.0,397.5,397.7,863601
2025-12-10T09:15:00+05:30,395.0,406.9,395.0,404.05,2020756
2025-12-10T09:30:00+05:30,404.35,406.45,403.45,405.1,557052
2025-12-10T09:45:00+05:30,405.0,405.9,403.7,405.0,630824
2025-12-10T10:00:00+05:30,405.0,405.2,402.8,403.5,322548
2025-12-10T10:15:00+05:30,403.5,404.1,401.1,402.0,188495
2025-12-10T10:30:00+05:30,401.85,402.0,401.0,401.2,167324
2025-12-10T10:45:00+05:30,401.2,401.85,400.65,401.0,349798
2025-12-10T11:00:00+05:30,401.1,401.95,401.0,401.5,107049
2025-12-10T11:15:00+05:30,401.65,401.65,401.0,401.3,93672
2025-12-10T11:30:00+05:30,401.25,402.05,401.0,401.25,154971
2025-12-10T11:45:00+05:30,401.45,402.75,401.05,402.4,112271
2025-12-10T12:00:00+05:30,402.4,402.95,401.6,402.8,149213
2025-12-10T12:15:00+05:30,402.8,404.0,402.05,403.95,97963
2025-12-10T12:30:00+05:30,403.95,404.85,402.25,402.95,222572
2025-12-10T12:45:00+05:30,402.95,403.65,402.55,403.15,77400
2025-12-10T13:00:00+05:30,403.15,404.5,402.8,404.0,76172
2025-12-10T13:15:00+05:30,404.0,404.5,403.45,404.05,71969
2025-12-10T13:30:00+05:30,404.05,405.0,403.65,404.75,142946
2025-12-10T13:45:00+05:30,404.8,404.8,402.1,402.55,379680
2025-12-10T14:00:00+05:30,402.55,403.0,401.75,402.2,252307
2025-12-10T14:15:00+05:30,402.2,403.2,401.9,401.9,191726
2025-12-10T14:30:00+05:30,402.0,402.25,401.3,401.5,268193
2025-12-10T14:45:00+05:30,401.55,401.6,400.45,401.05,1130784
2025-12-10T15:00:00+05:30,401.05,402.05,392.9,393.9,2550451
2025-12-10T15:15:00+05:30,393.9,398.0,390.1,398.0,2204034
2025-12-11T09:15:00+05:30,397.0,405.85,396.95,398.9,4622605
2025-12-11T09:30:00+05:30,398.9,401.0,398.1,399.4,689578
2025-12-11T09:45:00+05:30,399.45,403.95,398.55,402.5,717948
2025-12-11T10:00:00+05:30,402.6,406.4,399.55,404.9,772803
2025-12-11T10:15:00+05:30,404.9,405.5,403.45,404.0,582929
2025-12-11T10:30:00+05:30,404.0,407.9,403.6,405.95,561601
2025-12-11T10:45:00+05:30,405.95,407.6,402.7,403.25,655196
2025-12-11T11:00:00+05:30,403.25,404.0,402.5,403.55,181452
2025-12-11T11:15:00+05:30,403.55,404.75,403.1,404.65,135327
2025-12-11T11:30:00+05:30,404.6,404.9,404.2,404.45,111660
2025-12-11T11:45:00+05:30,404.45,404.75,402.75,402.95,176661
2025-12-11T12:00:00+05:30,402.95,403.75,402.85,403.1,92823
2025-12-11T12:15:00+05:30,403.15,404.0,403.1,403.65,89633
2025-12-11T12:30:00+05:30,403.65,403.7,402.4,403.05,186116
2025-12-11T12:45:00+05:30,403.05,403.15,399.6,400.35,1011783
2025-12-11T13:00:00+05:30,400.35,401.55,400.25,400.6,121025
2025-12-11T13:15:00+05:30,400.65,401.9,400.1,401.65,130116
2025-12-11T13:30:00+05:30,401.65,402.5,401.25,401.8,132296
2025-12-11T13:45:00+05:30,401.8,402.3,401.25,401.55,148718
2025-12-11T14:00:00+05:30,401.7,402.5,401.25,401.85,158519
2025-12-11T14:15:00+05:30,401.85,402.95,401.85,402.65,210373
2025-12-11T14:30:00+05:30,402.65,402.9,402.25,402.45,266767
2025-12-11T14:45:00+05:30,402.5,402.7,401.55,401.8,278699
2025-12-11T15:00:00+05:30,401.9,402.65,399.4,400.8,1954998
2025-12-11T15:15:00+05:30,400.55,404.9,399.85,404.7,1131993
2025-12-12T09:15:00+05:30,404.75,411.6,403.4,410.15,3699866
2025-12-12T09:30:00+05:30,410.2,412.4,409.25,411.85,2279401
2025-12-12T09:45:00+05:30,411.85,413.5,411.15,412.4,847629
2025-12-12T10:00:00+05:30,412.4,413.7,411.7,412.85,534496
2025-12-12T10:15:00+05:30,412.8,414.95,412.8,414.8,1450043
2025-12-12T10:30:00+05:30,414.85,421.6,413.6,420.45,2758711
2025-12-12T10:45:00+05:30,420.45,421.0,416.5,418.8,2146379
2025-12-12T11:00:00+05:30,418.8,419.8,415.35,415.95,1352891
2025-12-12T11:15:00+05:30,415.85,419.45,415.4,417.05,1116129
2025-12-12T11:30:00+05:30,417.05,417.55,416.05,416.75,421599
2025-12-12T11:45:00+05:30,416.7,417.8,416.3,417.5,529409
2025-12-12T12:00:00+05:30,417.5,417.55,415.0,415.7,658759
2025-12-12T12:15:00+05:30,415.8,417.0,415.5,416.4,249076
2025-12-12T12:30:00+05:30,416.5,416.85,415.4,416.5,214353
2025-12-12T12:45:00+05:30,416.5,417.2,416.0,417.0,235824
2025-12-12T13:00:00+05:30,417.0,417.2,416.05,416.8,244320
2025-12-12T13:15:00+05:30,416.8,418.2,416.4,418.05,294926
2025-12-12T13:30:00+05:30,418.15,419.25,417.8,419.05,550295
2025-12-12T13:45:00+05:30,419.1,420.2,416.55,417.25,1517139
2025-12-12T14:00:00+05:30,417.4,417.9,416.85,417.05,244724
2025-12-12T14:15:00+05:30,417.15,417.5,415.8,416.4,831453
2025-12-12T14:30:00+05:30,416.4,417.4,416.25,416.9,580963
2025-12-12T14:45:00+05:30,416.9,417.05,416.1,416.6,485944
2025-12-12T15:00:00+05:30,416.55,417.15,415.2,416.65,1391593
2025-12-12T15:15:00+05:30,416.65,418.4,414.95,416.7,2338871
2025-12-15T09:15:00+05:30,417.95,417.95,409.4,410.3,749067
2025-12-15T09:30:00+05:30,410.45,411.55,409.85,411.35,268515
2025-12-15T09:45:00+05:30,411.35,411.6,410.25,411.1,211885
2025-12-15T10:00:00+05:30,411.05,411.55,410.9,411.5,128689
2025-12-15T10:15:00+05:30,411.5,412.5,410.75,411.65,207890
2025-12-15T10:30:00+05:30,411.5,413.5,411.4,412.35,217352
2025-12-15T10:45:00+05:30,412.4,414.0,412.0,413.3,804648
2025-12-15T11:00:00+05:30,413.3,414.5,412.7,413.4,369407
2025-12-15T11:15:00+05:30,413.4,414.9,413.35,413.95,129787
2025-12-15T11:30:00+05:30,414.05,414.4,411.6,411.9,692279
2025-12-15T11:45:00+05:30,411.9,412.55,411.65,412.0,136012
2025-12-15T12:00:00+05:30,412.05,412.25,412.0,412.0,123300
2025-12-15T12:15:00+05:30,412.1,413.0,411.9,412.1,651771
2025-12-15T12:30:00+05:30,412.15,413.0,412.05,412.75,104429
2025-12-15T12:45:00+05:30,412.8,413.35,412.1,412.9,122066
2025-12-15T13:00:00+05:30,413.0,414.9,412.9,414.3,695377
2025-12-15T13:15:00+05:30,414.45,414.55,413.1,413.3,893394
2025-12-15T13:30:00+05:30,413.4,413.5,412.15,413.25,171379
2025-12-15T13:45:00+05:30,413.3,414.3,413.15,413.9,133617
2025-12-15T14:00:00+05:30,413.95,414.95,413.75,414.35,675152
2025-12-15T14:15:00+05:30,414.4,415.9,414.2,415.05,218633
2025-12-15T14:30:00+05:30,415.1,415.9,414.6,415.25,196538
2025-12-15T14:45:00+05:30,415.35,416.25,413.35,414.1,989366
2025-12-15T15:00:00+05:30,414.15,414.9,413.4,413.65,361911
2025-12-15T15:15:00+05:30,413.4,414.0,412.15,412.4,567932
2025-12-16T09:15:00+05:30,410.0,410.0,402.7,406.05,4448907
2025-12-16T09:30:00+05:30,406.35,409.95,405.85,407.7,1625165
2025-12-16T09:45:00+05:30,407.7,408.15,405.6,406.45,662034
2025-12-16T10:00:00+05:30,406.25,406.9,403.55,404.85,3244125
2025-12-16T10:15:00+05:30,404.85,406.8,403.25,405.6,395695
2025-12-16T10:30:00+05:30,405.65,405.9,404.2,404.95,638202
2025-12-16T10:45:00+05:30,404.9,404.95,402.55,403.9,471377
2025-12-16T11:00:00+05:30,403.85,404.75,402.55,402.55,1051356
2025-12-16T11:15:00+05:30,402.6,403.95,401.9,403.1,796739
2025-12-16T11:30:00+05:30,403.05,403.1,400.15,400.4,546319
2025-12-16T11:45:00+05:30,400.3,401.45,399.1,400.15,513613
2025-12-16T12:00:00+05:30,400.15,402.15,399.6,402.0,690648
2025-12-16T12:15:00+05:30,402.0,402.0,400.5,400.7,246509
2025-12-16T12:30:00+05:30,400.65,401.15,398.3,398.95,1309958
2025-12-16T12:45:00+05:30,398.85,399.1,394.5,398.4,1010768
2025-12-16T13:00:00+05:30,398.3,399.5,397.6,399.0,531074
2025-12-16T13:15:00+05:30,399.0,399.2,398.6,399.0,241433
2025-12-16T13:30:00+05:30,399.0,399.15,398.15,398.65,245965
2025-12-16T13:45:00+05:30,398.65,399.05,398.0,398.25,249322
2025-12-16T14:00:00+05:30,398.25,399.15,397.9,398.95,192200
2025-12-16T14:15:00+05:30,398.95,399.2,398.4,399.0,211442
2025-12-16T14:30:00+05:30,399.0,400.45,398.65,400.0,325233
2025-12-16T14:45:00+05:30,399.95,400.05,398.6,399.0,337063
2025-12-16T15:00:00+05:30,399.1,400.6,395.55,397.85,2046140
2025-12-16T15:15:00+05:30,397.85,397.95,389.15,396.0,2294588
2025-12-17T09:15:00+05:30,395.0,403.25,392.35,402.0,1516659
2025-12-17T09:30:00+05:30,401.95,404.5,400.8,402.35,1297520
2025-12-17T09:45:00+05:30,402.35,404.0,402.2,402.45,497805
2025-12-17T10:00:00+05:30,402.5,402.7,400.1,401.65,563365
2025-12-17T10:15:00+05:30,401.55,404.1,400.75,403.2,412574
2025-12-17T10:30:00+05:30,403.25,404.0,402.6,402.9,420058
2025-12-17T10:45:00+05:30,402.9,403.8,402.75,403.45,321051
2025-12-17T11:00:00+05:30,403.45,403.75,401.85,403.2,406516
2025-12-17T11:15:00+05:30,403.3,405.4,402.9,405.05,1418954
2025-12-17T11:30:00+05:30,405.1,405.4,403.2,403.2,379090
2025-12-17T11:45:00+05:30,403.2,403.4,400.5,402.3,747130
2025-12-17T12:00:00+05:30,402.35,403.0,401.5,402.8,209337
2025-12-17T12:15:00+05:30,402.8,403.65,401.5,403.0,348351
2025-12-17T12:30:00+05:30,403.05,405.2,402.6,405.2,422309
2025-12-17T12:45:00+05:30,405.0,406.0,403.75,404.65,595447
2025-12-17T13:00:00+05:30,404.7,405.0,403.5,404.0,507022
2025-12-17T13:15:00+05:30,403.95,404.85,403.85,404.05,288879
2025-12-17T13:30:00+05:30,404.1,404.2,402.3,402.75,509154
2025-12-17T13:45:00+05:30,402.7,402.8,399.2,400.25,1131623
2025-12-17T14:00:00+05:30,400.35,400.85,399.5,400.4,269776
2025-12-17T14:15:00+05:30,400.25,400.5,399.85,400.0,315340
2025-12-17T14:30:00+05:30,400.0,400.4,399.0,400.0,347690
2025-12-17T14:45:00+05:30,400.0,400.0,398.25,398.7,334404
2025-12-17T15:00:00+05:30,398.7,400.05,398.15,399.6,584790
2025-12-17T15:15:00+05:30,399.6,400.4,396.6,397.75,1243540
2025-12-18T09:15:00+05:30,400.0,404.4,397.35,400.0,697530
2025-12-18T09:30:00+05:30,400.15,402.05,399.3,399.75,600886
2025-12-18T09:45:00+05:30,400.0,401.3,399.05,401.15,442465
2025-12-18T10:00:00+05:30,401.15,402.15,400.95,401.4,410239
2025-12-18T10:15:00+05:30,401.4,402.8,400.85,400.85,542176
2025-12-18T10:30:00+05:30,400.85,402.0,399.35,399.5,1216145
2025-12-18T10:45:00+05:30,399.7,401.4,399.6,400.8,202303
2025-12-18T11:00:00+05:30,400.8,401.4,399.85,400.0,494484
2025-12-18T11:15:00+05:30,400.0,401.65,400.0,401.15,454156
2025-12-18T11:30:00+05:30,401.15,401.8,399.7,400.35,941216
2025-12-18T11:45:00+05:30,400.35,401.15,399.85,401.05,270736
2025-12-18T12:00:00+05:30,400.85,401.15,399.95,400.4,195439
2025-12-18T12:15:00+05:30,400.3,400.95,399.85,400.3,461484
2025-12-18T12:30:00+05:30,400.3,401.15,399.9,400.5,328272
2025-12-18T12:45:00+05:30,400.5,401.15,399.65,399.95,716655
2025-12-18T13:00:00+05:30,399.95,400.8,399.8,400.0,421793
2025-12-18T13:15:00+05:30,399.95,400.5,399.95,400.15,1107457
2025-12-18T13:30:00+05:30,400.15,400.5,399.9,400.0,436196
2025-12-18T13:45:00+05:30,399.95,400.55,399.95,400.1,510220
2025-12-18T14:00:00+05:30,400.1,400.4,399.9,400.0,461409
2025-12-18T14:15:00+05:30,399.9,400.3,399.8,400.0,413530
2025-12-18T14:30:00+05:30,400.0,400.2,397.8,399.55,700404
2025-12-18T14:45:00+05:30,399.45,400.9,399.3,399.45,1008297
2025-12-18T15:00:00+05:30,399.6,415.4,399.5,411.8,28878377
2025-12-18T15:15:00+05:30,411.75,414.0,406.65,408.9,26714679
2025-12-19T09:15:00+05:30,420.0,420.0,408.5,410.25,2552826
2025-12-19T09:30:00+05:30,410.25,413.35,409.1,409.35,1205390
2025-12-19T09:45:00+05:30,409.4,409.95,405.2,405.6,746695
2025-12-19T10:00:00+05:30,405.6,408.0,404.25,407.3,653551
2025-12-19T10:15:00+05:30,407.3,408.9,407.25,407.85,272054
2025-12-19T10:30:00+05:30,408.0,409.1,406.5,408.25,875447
2025-12-19T10:45:00+05:30,408.35,409.0,407.5,407.5,122616
2025-12-19T11:00:00+05:30,407.55,409.55,405.8,409.45,1090397
2025-12-19T11:15:00+05:30,409.4,410.0,407.6,407.7,368907
2025-12-19T11:30:00+05:30,407.7,408.25,406.55,408.1,117318
2025-12-19T11:45:00+05:30,408.05,408.6,407.85,407.85,99454
2025-12-19T12:00:00+05:30,407.85,408.0,407.4,407.5,169644
2025-12-19T12:15:00+05:30,407.5,408.5,407.45,408.0,258645
2025-12-19T12:30:00+05:30,407.95,408.95,407.5,408.9,106967
2025-12-19T12:45:00+05:30,408.9,409.4,407.45,407.5,358602
2025-12-19T13:00:00+05:30,407.65,408.25,406.7,407.85,175136
2025-12-19T13:15:00+05:30,407.95,410.0,407.6,409.9,290741
2025-12-19T13:30:00+05:30,409.9,410.1,409.15,409.85,295721
2025-12-19T13:45:00+05:30,409.9,410.0,409.25,409.25,352892
2025-12-19T14:00:00+05:30,409.25,410.0,408.25,409.5,451388
2025-12-19T14:15:00+05:30,409.4,409.55,408.75,409.0,464760
2025-12-19T14:30:00+05:30,408.95,410.95,407.9,409.85,835312
2025-12-19T14:45:00+05:30,409.7,410.65,408.55,408.7,588083
2025-12-19T15:00:00+05:30,408.65,414.8,408.35,410.5,6568959
2025-12-19T15:15:00+05:30,410.6,418.9,409.55,409.9,6812153
2025-12-22T09:15:00+05:30,410.0,412.2,407.9,409.1,586338
2025-12-22T09:30:00+05:30,409.1,409.9,407.55,408.65,501453
2025-12-22T09:45:00+05:30,408.9,409.6,406.35,409.5,851259
2025-12-22T10:00:00+05:30,409.45,410.0,407.0,407.55,223034
2025-12-22T10:15:00+05:30,407.55,408.85,406.85,407.55,297305
2025-12-22T10:30:00+05:30,407.6,408.9,406.05,408.55,715794
2025-12-22T10:45:00+05:30,408.55,409.25,406.9,407.5,408034
2025-12-22T11:00:00+05:30,407.5,407.7,406.1,406.2,145436
2025-12-22T11:15:00+05:30,406.2,406.45,405.4,405.9,123323
2025-12-22T11:30:00+05:30,405.9,406.75,405.9,406.35,92295
2025-12-22T11:45:00+05:30,406.35,406.75,406.0,406.15,87277
2025-12-22T12:00:00+05:30,406.15,406.75,405.5,405.6,89138
2025-12-22T12:15:00+05:30,405.6,406.15,404.75,405.45,170889
2025-12-22T12:30:00+05:30,405.5,405.85,405.4,405.45,34956
2025-12-22T12:45:00+05:30,405.45,405.75,405.25,405.3,43351
2025-12-22T13:00:00+05:30,405.3,406.95,405.25,406.5,122259
2025-12-22T13:15:00+05:30,406.5,408.0,405.75,406.6,190903
2025-12-22T13:30:00+05:30,406.6,406.8,406.05,406.2,46283
2025-12-22T13:45:00+05:30,406.2,406.55,406.05,406.3,54356
2025-12-22T14:00:00+05:30,406.3,407.45,406.3,407.15,64234
2025-12-22T14:15:00+05:30,407.15,407.5,406.0,406.0,124808
2025-12-22T14:30:00+05:30,406.0,406.9,405.9,406.1,109099
2025-12-22T14:45:00+05:30,406.1,406.75,406.0,406.55,73313
2025-12-22T15:00:00+05:30,406.55,408.0,406.1,407.0,451290
2025-12-22T15:15:00+05:30,407.1,407.15,404.7,405.5,448718
2025-12-23T09:15:00+05:30,406.4,406.9,401.9,402.55,346411
2025-12-23T09:30:00+05:30,402.3,403.15,401.7,402.15,103525
2025-12-23T09:45:00+05:30,402.15,405.1,402.1,404.7,163561
2025-12-23T10:00:00+05:30,404.7,404.85,403.25,403.55,77255
2025-12-23T10:15:00+05:30,403.75,403.85,403.1,403.2,25641
2025-12-23T10:30:00+05:30,403.15,403.3,402.6,403.0,49831
2025-12-23T10:45:00+05:30,403.05,403.25,401.4,401.8,301127
2025-12-23T11:00:00+05:30,401.85,402.0,401.45,402.0,87006
2025-12-23T11:15:00+05:30,401.95,402.35,401.3,401.4,252158
2025-12-23T11:30:00+05:30,401.55,401.7,400.8,401.0,110415
2025-12-23T11:45:00+05:30,401.0,401.4,400.85,400.9,40173
2025-12-23T12:00:00+05:30,400.9,401.4,400.85,401.0,51512
2025-12-23T12:15:00+05:30,401.0,401.8,400.95,401.5,32982
2025-12-23T12:30:00+05:30,401.55,401.8,401.1,401.5,60223
2025-12-23T12:45:00+05:30,401.55,401.55,400.9,400.95,49134
2025-12-23T13:00:00+05:30,401.0,401.25,400.9,401.0,32106
2025-12-23T13:15:00+05:30,401.05,401.6,401.0,401.35,30785
2025-12-23T13:30:00+05:30,401.35,401.65,400.15,400.4,56492
2025-12-23T13:45:00+05:30,400.55,401.05,400.15,400.2,56456
2025-12-23T14:00:00+05:30,400.45,400.75,400.2,400.2,34736
2025-12-23T14:15:00+05:30,400.25,400.95,400.15,400.4,72181
2025-12-23T14:30:00+05:30,400.4,400.9,400.25,400.5,54795
2025-12-23T14:45:00+05:30,400.55,401.5,400.25,401.0,164158
2025-12-23T15:00:00+05:30,401.0,406.5,401.0,405.15,1416871
2025-12-23T15:15:00+05:30,405.2,406.8,403.3,404.0,960094
2025-12-24T09:15:00+05:30,404.4,406.6,402.7,403.75,165922
2025-12-24T09:30:00+05:30,403.75,404.0,402.55,403.2,112656
2025-12-24T09:45:00+05:30,403.1,403.75,402.2,403.5,78187
2025-12-24T10:00:00+05:30,403.6,404.0,403.2,403.95,43284
2025-12-24T10:15:00+05:30,403.75,404.3,403.1,403.4,37023
2025-12-24T10:30:00+05:30,403.4,403.55,403.0,403.1,32989
2025-12-24T10:45:00+05:30,403.05,404.8,402.8,404.35,84567
2025-12-24T11:00:00+05:30,404.3,405.0,403.25,403.5,141496
2025-12-24T11:15:00+05:30,403.5,403.55,400.35,400.7,178075
2025-12-24T11:30:00+05:30,400.7,400.9,398.45,398.7,243648
2025-12-24T11:45:00+05:30,398.65,400.9,398.45,400.5,95115
2025-12-24T12:00:00+05:30,400.65,400.85,400.05,400.2,40974
2025-12-24T12:15:00+05:30,400.2,400.85,400.1,400.65,23598
2025-12-24T12:30:00+05:30,400.75,402.0,400.55,401.6,70139
2025-12-24T12:45:00+05:30,401.55,401.95,399.15,399.85,95981
2025-12-24T13:00:00+05:30,399.85,399.9,399.15,399.75,30356
2025-12-24T13:15:00+05:30,399.75,399.9,399.5,399.55,31237
2025-12-24T13:30:00+05:30,399.55,400.35,399.5,400.0,41826
2025-12-24T13:45:00+05:30,400.0,400.25,399.8,399.9,35567
2025-12-24T14:00:00+05:30,399.85,400.2,399.4,400.0,100621
2025-12-24T14:15:00+05:30,400.0,400.25,399.8,400.0,161375
2025-12-24T14:30:00+05:30,400.0,400.65,399.8,400.0,137163
2025-12-24T14:45:00+05:30,400.0,400.35,399.85,399.9,157266
2025-12-24T15:00:00+05:30,399.95,401.7,399.3,399.5,216685
2025-12-24T15:15:00+05:30,399.45,400.95,399.0,400.3,366802
2025-12-26T09:15:00+05:30,394.0,396.4,391.4,393.1,583409
2025-12-26T09:30:00+05:30,393.1,393.45,392.6,393.2,142796
2025-12-26T09:45:00+05:30,393.2,393.85,392.9,393.6,97703
2025-12-26T10:00:00+05:30,393.65,394.8,393.25,394.3,134912
2025-12-26T10:15:00+05:30,394.3,394.55,392.9,393.35,129966
2025-12-26T10:30:00+05:30,393.6,393.8,393.0,393.25,49282
2025-12-26T10:45:00+05:30,393.25,393.4,392.7,393.0,51916
2025-12-26T11:00:00+05:30,393.0,393.15,392.5,392.8,72017
2025-12-26T11:15:00+05:30,392.8,393.05,392.6,392.75,33538
2025-12-26T11:30:00+05:30,392.8,392.95,392.5,392.6,42970
2025-12-26T11:45:00+05:30,392.55,392.6,391.8,392.3,94442
2025-12-26T12:00:00+05:30,392.3,392.6,391.85,392.45,29063
2025-12-26T12:15:00+05:30,392.45,393.4,391.8,392.2,183486
2025-12-26T12:30:00+05:30,392.2,392.4,391.8,392.2,33468
2025-12-26T12:45:00+05:30,392.1,392.3,391.75,392.1,34043
2025-12-26T13:00:00+05:30,392.1,392.6,391.95,392.4,28892
2025-12-26T13:15:00+05:30,392.4,392.6,391.9,392.1,30440
2025-12-26T13:30:00+05:30,392.1,392.6,392.05,392.2,12557
2025-12-26T13:45:00+05:30,392.25,392.5,392.0,392.4,16010
2025-12-26T14:00:00+05:30,392.4,393.7,391.35,391.55,200190
2025-12-26T14:15:00+05:30,391.6,392.1,391.5,391.6,50486
2025-12-26T14:30:00+05:30,391.8,391.9,391.2,391.65,31631
2025-12-26T14:45:00+05:30,391.5,392.6,391.3,392.0,102178
2025-12-26T15:00:00+05:30,392.0,393.0,391.4,391.5,229962
2025-12-26T15:15:00+05:30,391.55,392.8,391.0,392.0,361696
2025-12-29T09:15:00+05:30,393.95,406.6,393.5,404.6,1382057
2025-12-29T09:30:00+05:30,404.6,405.55,402.6,402.75,581900
2025-12-29T09:45:00+05:30,402.7,402.75,400.0,401.8,372098
2025-12-29T10:00:00+05:30,401.7,402.0,399.8,400.15,218293
2025-12-29T10:15:00+05:30,400.15,400.25,398.0,398.75,287167
2025-12-29T10:30:00+05:30,398.6,400.0,398.05,399.9,142387
2025-12-29T10:45:00+05:30,399.9,399.9,398.1,398.4,179088
2025-12-29T11:00:00+05:30,398.45,398.45,397.25,397.95,152485
2025-12-29T11:15:00+05:30,397.95,398.6,397.55,397.55,79415
2025-12-29T11:30:00+05:30,397.6,398.25,397.55,397.95,57841
2025-12-29T11:45:00+05:30,398.0,398.1,397.5,397.7,83600
2025-12-29T12:00:00+05:30,397.7,397.95,397.5,397.7,61837
2025-12-29T12:15:00+05:30,397.7,397.9,396.7,397.0,122142
2025-12-29T12:30:00+05:30,397.0,397.0,395.9,396.1,81962
2025-12-29T12:45:00+05:30,396.2,396.8,395.3,395.45,122445
2025-12-29T13:00:00+05:30,395.5,396.0,392.3,393.0,438344
2025-12-29T13:15:00+05:30,393.0,393.15,391.65,391.7,311177
2025-12-29T13:30:00+05:30,391.75,392.0,391.05,392.0,186895
2025-12-29T13:45:00+05:30,392.0,393.7,391.8,393.5,306668
2025-12-29T14:00:00+05:30,393.5,394.85,393.4,394.45,102524
2025-12-29T14:15:00+05:30,394.45,394.95,394.05,394.7,37319
2025-12-29T14:30:00+05:30,394.7,394.75,392.9,393.65,113932
2025-12-29T14:45:00+05:30,393.65,394.4,393.45,394.4,51090
2025-12-29T15:00:00+05:30,394.4,395.25,393.55,394.9,461139
2025-12-29T15:15:00+05:30,394.95,396.4,393.8,395.8,500060
2025-12-30T09:15:00+05:30,395.0,395.75,389.5,389.7,274961
2025-12-30T09:30:00+05:30,389.6,390.35,388.2,388.8,259808
2025-12-30T09:45:00+05:30,388.75,389.05,388.1,388.75,107389
2025-12-30T10:00:00+05:30,388.6,389.1,388.1,388.5,102348
2025-12-30T10:15:00+05:30,388.45,389.15,388.2,388.7,75942
2025-12-30T10:30:00+05:30,388.7,389.45,388.5,389.35,148351
2025-12-30T10:45:00+05:30,389.2,389.35,388.5,388.8,40183
2025-12-30T11:00:00+05:30,388.8,389.45,388.5,389.1,58328
2025-12-30T11:15:00+05:30,389.25,389.25,388.6,389.2,41743
2025-12-30T11:30:00+05:30,388.95,389.1,387.5,388.0,99168
2025-12-30T11:45:00+05:30,388.0,389.0,388.0,388.85,49281
2025-12-30T12:00:00+05:30,388.85,389.15,388.15,388.35,32748
2025-12-30T12:15:00+05:30,388.35,389.0,388.2,388.45,45499
2025-12-30T12:30:00+05:30,388.4,388.6,388.0,388.1,46487
2025-12-30T12:45:00+05:30,388.1,388.25,387.7,387.8,38894
2025-12-30T13:00:00+05:30,388.05,388.9,387.6,388.0,73826
2025-12-30T13:15:00+05:30,388.0,388.2,387.7,388.15,55867
2025-12-30T13:30:00+05:30,387.95,388.15,387.15,387.5,110263
2025-12-30T13:45:00+05:30,387.5,388.05,387.05,387.15,127763
2025-12-30T14:00:00+05:30,387.05,387.25,386.55,386.85,78514
2025-12-30T14:15:00+05:30,386.95,389.65,386.7,388.95,439022
2025-12-30T14:30:00+05:30,388.95,389.2,388.25,388.35,257025
2025-12-30T14:45:00+05:30,388.5,389.05,388.25,388.45,265048
2025-12-30T15:00:00+05:30,388.45,399.6,388.15,395.75,2676378
2025-12-30T15:15:00+05:30,395.75,399.7,394.25,396.5,2068241
2025-12-31T09:15:00+05:30,395.45,396.0,389.45,390.15,861342
2025-12-31T09:30:00+05:30,390.0,394.5,389.65,393.85,466282
2025-12-31T09:45:00+05:30,394.0,395.0,392.45,392.7,279827
2025-12-31T10:00:00+05:30,392.85,393.9,391.8,391.8,125797
2025-12-31T10:15:00+05:30,391.8,392.5,391.25,391.5,156390
2025-12-31T10:30:00+05:30,391.3,392.25,390.2,391.5,209194
2025-12-31T10:45:00+05:30,391.5,391.65,390.45,390.9,137392
2025-12-31T11:00:00+05:30,390.75,391.0,390.5,390.6,91998
2025-12-31T11:15:00+05:30,390.6,390.65,390.0,390.1,112821
2025-12-31T11:30:00+05:30,390.1,390.45,390.0,390.0,78164
2025-12-31T11:45:00+05:30,390.0,390.25,389.25,389.7,140465
2025-12-31T12:00:00+05:30,389.6,390.0,389.0,389.85,138384
2025-12-31T12:15:00+05:30,389.9,391.95,389.8,390.25,217219
2025-12-31T12:30:00+05:30,390.25,391.2,389.75,390.9,93948
2025-12-31T12:45:00+05:30,390.9,391.95,390.9,391.45,126971
2025-12-31T13:00:00+05:30,391.45,391.45,390.45,390.9,113366
2025-12-31T13:15:00+05:30,390.9,391.15,390.5,390.55,126578
2025-12-31T13:30:00+05:30,390.55,390.9,389.5,389.9,193529
2025-12-31T13:45:00+05:30,389.7,390.0,389.5,389.8,165764
2025-12-31T14:00:00+05:30,389.8,389.9,389.25,389.25,98244
2025-12-31T14:15:00+05:30,389.4,389.5,387.3,387.8,430052
2025-12-31T14:30:00+05:30,387.8,388.95,386.3,386.5,557328
2025-12-31T14:45:00+05:30,386.5,387.3,385.85,386.0,512120
2025-12-31T15:00:00+05:30,386.15,387.5,385.3,385.85,948376
2025-12-31T15:15:00+05:30,385.9,386.65,385.0,386.2,770473
2026-01-01T09:15:00+05:30,389.0,389.15,386.75,387.7,265274
2026-01-01T09:30:00+05:30,387.5,389.7,387.15,389.5,1314174
2026-01-01T09:45:00+05:30,389.5,391.2,389.5,390.45,286143
2026-01-01T10:00:00+05:30,390.25,391.0,389.6,390.45,153974
2026-01-01T10:15:00+05:30,390.5,390.5,388.65,390.35,114818
2026-01-01T10:30:00+05:30,390.35,390.75,389.7,389.7,42595
2026-01-01T10:45:00+05:30,389.9,392.3,389.9,391.6,168401
2026-01-01T11:00:00+05:30,391.55,392.0,391.25,391.8,96628
2026-01-01T11:15:00+05:30,391.8,393.9,391.8,392.6,228977
2026-01-01T11:30:00+05:30,392.6,393.0,392.15,392.5,74682
2026-01-01T11:45:00+05:30,392.5,392.6,391.4,391.9,125785
2026-01-01T12:00:00+05:30,392.0,392.0,391.55,392.0,50995
2026-01-01T12:15:00+05:30,391.95,392.0,391.6,391.9,25425
2026-01-01T12:30:00+05:30,391.85,391.9,389.7,389.85,105077
2026-01-01T12:45:00+05:30,390.0,390.3,389.7,390.25,68293
2026-01-01T13:00:00+05:30,390.2,392.1,389.8,391.25,1148036
2026-01-01T13:15:00+05:30,391.25,391.3,390.35,390.6,50177
2026-01-01T13:30:00+05:30,390.6,390.95,390.5,390.7,22909
2026-01-01T13:45:00+05:30,390.9,391.75,390.75,391.6,45944
2026-01-01T14:00:00+05:30,391.6,391.9,391.3,391.5,82179
2026-01-01T14:15:00+05:30,391.7,391.8,391.45,391.5,27524
2026-01-01T14:30:00+05:30,391.5,391.7,391.35,391.55,64675
2026-01-01T14:45:00+05:30,391.6,391.9,391.5,391.6,51822
2026-01-01T15:00:00+05:30,391.65,392.2,390.95,391.35,172551
2026-01-01T15:15:00+05:30,391.5,391.55,389.0,390.5,337513
2026-01-02T09:15:00+05:30,390.7,390.7,386.25,388.2,253514
2026-01-02T09:30:00+05:30,388.05,388.75,387.05,387.5,91332
2026-01-02T09:45:00+05:30,387.3,387.35,386.55,387.0,159172
2026-01-02T10:00:00+05:30,387.0,387.35,386.5,386.7,84610
2026-01-02T10:15:00+05:30,386.7,386.7,385.75,386.2,181178
2026-01-02T10:30:00+05:30,386.25,386.35,385.3,385.85,150526
2026-01-02T10:45:00+05:30,385.85,386.45,385.75,386.4,69877
2026-01-02T11:00:00+05:30,386.4,388.3,386.1,386.85,193810
2026-01-02T11:15:00+05:30,386.85,386.85,385.6,385.75,109179
2026-01-02T11:30:00+05:30,385.75,385.85,384.75,384.95,214693
2026-01-02T11:45:00+05:30,384.9,385.0,383.9,383.9,177793
2026-01-02T12:00:00+05:30,384.0,384.1,382.1,383.05,337591
2026-01-02T12:15:00+05:30,383.05,383.2,382.6,383.2,159765
2026-01-02T12:30:00+05:30,383.2,384.25,383.0,383.25,184138
2026-01-02T12:45:00+05:30,383.25,383.4,382.7,382.75,120956
2026-01-02T13:00:00+05:30,382.7,382.8,381.5,382.3,277989
2026-01-02T13:15:00+05:30,382.3,382.75,381.5,381.6,214824
2026-01-02T13:30:00+05:30,381.6,383.05,381.0,381.05,289395
2026-01-02T13:45:00+05:30,381.05,381.9,381.0,381.25,158229
2026-01-02T14:00:00+05:30,381.3,383.1,381.2,383.0,309649
2026-01-02T14:15:00+05:30,383.05,385.0,382.65,384.9,431629
2026-01-02T14:30:00+05:30,384.9,385.8,384.7,385.55,308559
2026-01-02T14:45:00+05:30,385.6,385.65,385.05,385.35,192942
2026-01-02T15:00:00+05:30,385.4,387.9,385.05,387.8,715653
2026-01-02T15:15:00+05:30,387.75,388.4,387.05,387.05,741150
2026-01-05T09:15:00+05:30,387.2,390.25,381.7,381.95,694565
2026-01-05T09:30:00+05:30,381.85,381.95,380.8,381.2,364241
2026-01-05T09:45:00+05:30,381.25,382.7,381.15,382.4,327617
2026-01-05T10:00:00+05:30,382.4,382.55,380.55,382.0,435664
2026-01-05T10:15:00+05:30,381.95,382.85,381.75,382.65,159391
2026-01-05T10:30:00+05:30,382.65,382.9,381.05,381.15,250928
2026-01-05T10:45:00+05:30,381.1,381.85,379.6,380.0,486293
2026-01-05T11:00:00+05:30,379.95,380.75,379.9,380.25,294479
2026-01-05T11:15:00+05:30,380.25,381.45,380.25,380.35,310630
2026-01-05T11:30:00+05:30,380.35,381.3,380.2,380.4,202761
2026-01-05T11:45:00+05:30,380.35,382.25,379.9,382.05,237981
2026-01-05T12:00:00+05:30,382.05,382.5,381.8,382.05,160850
2026-01-05T12:15:00+05:30,382.05,382.55,382.0,382.3,134613
2026-01-05T12:30:00+05:30,382.3,382.75,382.0,382.0,140608
2026-01-05T12:45:00+05:30,382.0,382.2,380.5,380.5,449282
2026-01-05T13:00:00+05:30,380.5,381.0,380.05,380.3,270217
2026-01-05T13:15:00+05:30,380.3,380.8,379.25,379.35,347061
2026-01-05T13:30:00+05:30,379.5,379.65,378.2,378.3,340867
2026-01-05T13:45:00+05:30,378.35,379.1,377.65,377.9,389362
2026-01-05T14:00:00+05:30,377.8,378.0,377.0,377.35,229795
2026-01-05T14:15:00+05:30,377.6,378.5,377.15,377.8,259304
2026-01-05T14:30:00+05:30,377.7,378.8,377.3,378.8,236087
2026-01-05T14:45:00+05:30,378.75,380.15,378.5,380.0,353454
2026-01-05T15:00:00+05:30,380.0,380.05,378.7,378.85,377623
2026-01-05T15:15:00+05:30,378.85,378.85,377.25,377.8,616640
2026-01-06T09:15:00+05:30,378.4,379.0,363.1,365.95,3473099
2026-01-06T09:30:00+05:30,365.95,366.85,363.1,365.95,2236906
2026-01-06T09:45:00+05:30,365.95,365.95,360.05,363.1,1926306
2026-01-06T10:00:00+05:30,363.15,364.95,363.0,363.65,500187
2026-01-06T10:15:00+05:30,363.65,364.0,360.0,360.4,1530530
2026-01-06T10:30:00+05:30,360.4,361.25,359.7,360.55,1032482
2026-01-06T10:45:00+05:30,360.65,361.9,360.55,361.25,477019
2026-01-06T11:00:00+05:30,361.15,362.75,360.6,361.0,1673340
2026-01-06T11:15:00+05:30,361.0,361.45,359.45,360.6,1266697
2026-01-06T11:30:00+05:30,360.5,361.0,360.0,360.9,393779
2026-01-06T11:45:00+05:30,360.9,361.05,360.5,360.6,192556
2026-01-06T12:00:00+05:30,360.6,361.25,360.2,360.85,305275
2026-01-06T12:15:00+05:30,360.75,363.45,360.75,362.5,1194695
2026-01-06T12:30:00+05:30,362.4,363.35,362.2,362.45,437878
2026-01-06T12:45:00+05:30,362.65,362.75,360.75,360.95,490848
2026-01-06T13:00:00+05:30,360.95,362.5,360.95,362.05,348498
2026-01-06T13:15:00+05:30,362.1,362.3,360.8,361.05,356837
2026-01-06T13:30:00+05:30,361.05,361.8,360.0,360.9,932701
2026-01-06T13:45:00+05:30,360.95,361.15,360.0,360.3,622790
2026-01-06T14:00:00+05:30,360.25,360.55,356.8,357.4,1115012
2026-01-06T14:15:00+05:30,357.4,358.3,356.35,358.1,807971
2026-01-06T14:30:00+05:30,358.1,358.3,356.65,357.8,624700
2026-01-06T14:45:00+05:30,357.8,358.8,357.55,358.1,992914
2026-01-06T15:00:00+05:30,358.15,359.3,358.15,359.2,1561934
2026-01-06T15:15:00+05:30,359.15,365.0,359.05,364.65,3716673
2026-01-07T09:15:00+05:30,362.9,366.5,362.3,365.65,1215921
2026-01-07T09:30:00+05:30,365.75,366.5,361.6,362.0,786007
2026-01-07T09:45:00+05:30,362.0,363.7,360.45,362.9,546402
2026-01-07T10:00:00+05:30,362.8,363.5,361.4,362.5,220084
2026-01-07T10:15:00+05:30,362.5,364.85,362.0,364.45,357415
2026-01-07T10:30:00+05:30,364.5,365.4,363.3,364.75,286900
2026-01-07T10:45:00+05:30,364.9,365.75,364.05,365.4,168244
2026-01-07T11:00:00+05:30,365.5,366.4,364.85,365.05,275277
2026-01-07T11:15:00+05:30,365.0,365.35,364.45,365.25,258981
2026-01-07T11:30:00+05:30,365.2,366.25,364.75,364.75,189093
2026-01-07T11:45:00+05:30,364.85,365.15,362.9,363.6,1046485
2026-01-07T12:00:00+05:30,363.6,364.0,362.15,363.05,676986
2026-01-07T12:15:00+05:30,362.95,363.45,362.3,362.4,180079
2026-01-07T12:30:00+05:30,362.55,363.3,360.6,361.15,540519
2026-01-07T12:45:00+05:30,361.0,362.0,360.65,361.6,242880
2026-01-07T13:00:00+05:30,361.6,362.1,360.4,361.2,290624
2026-01-07T13:15:00+05:30,361.2,362.0,360.85,361.05,225004
2026-01-07T13:30:00+05:30,361.05,361.05,359.5,360.05,406105
2026-01-07T13:45:00+05:30,359.9,361.4,359.9,361.3,249845
2026-01-07T14:00:00+05:30,361.4,361.7,361.0,361.65,194955
2026-01-07T14:15:00+05:30,361.65,361.75,360.2,360.55,269322
2026-01-07T14:30:00+05:30,360.55,361.65,360.25,361.6,263882
2026-01-07T14:45:00+05:30,361.65,363.25,361.4,362.35,331679
2026-01-07T15:00:00+05:30,362.4,362.45,361.3,361.75,508517
2026-01-07T15:15:00+05:30,361.7,363.2,361.4,363.05,678878
2026-01-08T09:15:00+05:30,362.9,363.9,357.05,357.35,788906
2026-01-08T09:30:00+05:30,357.35,357.9,354.05,356.25,900672
2026-01-08T09:45:00+05:30,356.4,357.8,356.0,357.3,767791
2026-01-08T10:00:00+05:30,357.3,358.3,356.8,357.4,635257
2026-01-08T10:15:00+05:30,357.55,357.9,357.0,357.7,551325
2026-01-08T10:30:00+05:30,357.8,357.9,357.2,357.35,283264
2026-01-08T10:45:00+05:30,357.5,357.8,357.0,357.5,320165
2026-01-08T11:00:00+05:30,357.6,358.0,356.55,356.55,731308
2026-01-08T11:15:00+05:30,356.7,356.75,354.5,355.4,594624
2026-01-08T11:30:00+05:30,355.55,355.7,354.2,355.0,357792
2026-01-08T11:45:00+05:30,354.8,355.1,353.55,354.2,423633
2026-01-08T12:00:00+05:30,354.2,355.0,353.65,354.6,442763
2026-01-08T12:15:00+05:30,354.6,354.95,354.0,354.5,155364
2026-01-08T12:30:00+05:30,354.6,354.75,353.15,353.8,174903
2026-01-08T12:45:00+05:30,353.8,354.0,353.0,353.8,242633
2026-01-08T13:00:00+05:30,353.9,354.9,353.7,354.1,272571
2026-01-08T13:15:00+05:30,354.1,354.35,351.35,352.7,933135
2026-01-08T13:30:00+05:30,352.7,354.0,351.7,352.95,446469
2026-01-08T13:45:00+05:30,352.9,353.85,352.6,352.7,176826
2026-01-08T14:00:00+05:30,352.85,354.0,352.2,353.45,390127
2026-01-08T14:15:00+05:30,353.4,354.4,352.2,352.75,284877
2026-01-08T14:30:00+05:30,352.7,354.5,352.7,354.3,269134
2026-01-08T14:45:00+05:30,354.35,354.9,353.8,354.4,805281
2026-01-08T15:00:00+05:30,354.4,354.5,353.45,353.75,591676
2026-01-08T15:15:00+05:30,353.75,353.75,351.4,351.9,910404
2026-01-09T09:15:00+05:30,352.85,354.35,349.5,350.65,982322
2026-01-09T09:30:00+05:30,350.5,352.9,350.5,352.1,444385
2026-01-09T09:45:00+05:30,352.1,357.4,351.0,355.65,1540619
2026-01-09T10:00:00+05:30,355.7,358.15,354.9,355.55,1419620
2026-01-09T10:15:00+05:30,355.3,356.15,354.4,354.45,589781
2026-01-09T10:30:00+05:30,354.5,354.95,351.5,352.75,318528
2026-01-09T10:45:00+05:30,352.65,354.15,351.55,351.9,252878
2026-01-09T11:00:00+05:30,351.9,351.9,350.6,350.9,184154
2026-01-09T11:15:00+05:30,350.9,352.9,349.75,352.4,368416
2026-01-09T11:30:00+05:30,352.45,352.9,351.35,351.9,133453
2026-01-09T11:45:00+05:30,351.9,352.3,351.5,351.65,128353
2026-01-09T12:00:00+05:30,351.65,352.75,351.55,352.3,160974
2026-01-09T12:15:00+05:30,352.25,353.5,351.7,352.35,308285
2026-01-09T12:30:00+05:30,352.35,353.35,352.15,353.3,175148
2026-01-09T12:45:00+05:30,353.3,354.25,352.85,354.0,165053
2026-01-09T13:00:00+05:30,354.0,354.95,353.55,354.25,379884
2026-01-09T13:15:00+05:30,354.25,355.4,354.0,354.05,300479
2026-01-09T13:30:00+05:30,354.0,355.9,353.8,354.0,252443
2026-01-09T13:45:00+05:30,354.0,354.35,352.1,352.75,661623
2026-01-09T14:00:00+05:30,352.75,353.4,352.0,352.3,139883
2026-01-09T14:15:00+05:30,352.2,352.4,350.55,351.0,406053
2026-01-09T14:30:00+05:30,351.0,351.8,350.0,351.65,268679
2026-01-09T14:45:00+05:30,351.65,352.3,351.05,351.95,239818
2026-01-09T15:00:00+05:30,351.95,352.1,351.2,351.65,566748
2026-01-09T15:15:00+05:30,351.65,352.45,350.8,351.7,831305
2026-01-12T09:15:00+05:30,351.7,352.3,343.25,343.6,532238
2026-01-12T09:30:00+05:30,343.6,346.95,343.6,345.0,502330
2026-01-12T09:45:00+05:30,345.0,346.35,343.65,345.05,705508
2026-01-12T10:00:00+05:30,345.05,346.8,344.85,345.45,326736
2026-01-12T10:15:00+05:30,345.5,346.15,344.7,345.3,255811
2026-01-12T10:30:00+05:30,345.35,345.65,343.2,343.7,713635
2026-01-12T10:45:00+05:30,343.7,344.7,343.5,344.0,466239
2026-01-12T11:00:00+05:30,344.0,345.0,343.85,344.5,724923
2026-01-12T11:15:00+05:30,344.45,344.75,342.25,343.75,401473
2026-01-12T11:30:00+05:30,343.8,344.65,342.8,344.3,563813
2026-01-12T11:45:00+05:30,344.3,344.5,342.0,343.05,401551
2026-01-12T12:00:00+05:30,343.05,344.05,342.8,344.05,383202
2026-01-12T12:15:00+05:30,344.05,345.5,343.6,343.75,1377721
2026-01-12T12:30:00+05:30,343.75,344.9,343.5,344.3,454879
2026-01-12T12:45:00+05:30,344.25,344.75,343.15,344.5,591200
2026-01-12T13:00:00+05:30,344.5,344.75,343.1,343.8,246193
2026-01-12T13:15:00+05:30,343.8,344.4,342.75,344.2,227104
2026-01-12T13:30:00+05:30,344.15,344.65,343.95,344.2,360788
2026-01-12T13:45:00+05:30,344.2,344.5,343.55,344.0,198184
2026-01-12T14:00:00+05:30,343.95,344.0,342.75,343.1,450353
2026-01-12T14:15:00+05:30,343.05,344.4,342.55,344.4,1061352
2026-01-12T14:30:00+05:30,344.35,345.2,343.9,344.95,507633
2026-01-12T14:45:00+05:30,344.95,349.25,344.45,348.2,1671908
2026-01-12T15:00:00+05:30,348.25,350.7,347.0,349.2,1035561
2026-01-12T15:15:00+05:30,349.2,350.5,348.9,350.4,616724
2026-01-13T09:15:00+05:30,350.4,355.55,349.15,350.55,1100619
2026-01-13T09:30:00+05:30,350.5,351.5,349.3,349.6,380565
2026-01-13T09:45:00+05:30,349.55,350.2,347.7,347.8,369898
2026-01-13T10:00:00+05:30,347.75,350.35,347.55,349.6,402545
2026-01-13T10:15:00+05:30,349.65,350.1,349.0,349.75,188839
2026-01-13T10:30:00+05:30,349.75,349.85,348.0,348.45,209801
2026-01-13T10:45:00+05:30,348.45,348.7,347.0,347.25,285169
2026-01-13T11:00:00+05:30,347.25,348.9,346.6,348.5,308307
2026-01-13T11:15:00+05:30,348.5,352.4,347.7,352.0,517775
2026-01-13T11:30:00+05:30,352.05,353.45,351.75,353.0,569464
2026-01-13T11:45:00+05:30,353.05,353.5,352.25,353.0,306461
2026-01-13T12:00:00+05:30,353.0,354.3,351.65,354.0,782951
2026-01-13T12:15:00+05:30,354.1,354.75,350.85,352.1,834389
2026-01-13T12:30:00+05:30,352.1,352.35,351.15,352.3,220401
2026-01-13T12:45:00+05:30,352.3,352.35,349.3,350.3,314302
2026-01-13T13:00:00+05:30,350.35,350.65,347.15,347.2,263176
2026-01-13T13:15:00+05:30,347.25,347.75,347.0,347.1,179656
2026-01-13T13:30:00+05:30,347.1,348.0,346.4,346.9,200225
2026-01-13T13:45:00+05:30,346.95,347.45,346.1,346.65,171256
2026-01-13T14:00:00+05:30,346.7,346.85,345.15,346.5,207467
2026-01-13T14:15:00+05:30,346.55,347.6,345.7,346.8,400075
2026-01-13T14:30:00+05:30,346.85,349.4,346.4,348.5,413424
2026-01-13T14:45:00+05:30,348.55,351.2,348.4,349.7,415743
2026-01-13T15:00:00+05:30,349.7,350.9,349.4,350.7,953910
2026-01-13T15:15:00+05:30,350.75,351.6,349.8,350.2,736824
2026-01-14T09:15:00+05:30,348.1,348.6,344.5,345.2,819411
2026-01-14T09:30:00+05:30,345.15,345.45,343.35,343.8,508695
2026-01-14T09:45:00+05:30,343.8,344.9,343.3,343.65,614779
2026-01-14T10:00:00+05:30,343.55,344.0,342.4,343.85,658511
2026-01-14T10:15:00+05:30,343.85,343.85,341.7,342.05,620682
2026-01-14T10:30:00+05:30,342.0,342.85,341.6,342.0,264273
2026-01-14T10:45:00+05:30,342.0,342.1,341.3,342.0,190995
2026-01-14T11:00:00+05:30,342.0,342.6,341.8,342.0,173358
2026-01-14T11:15:00+05:30,342.0,346.05,341.95,344.25,844430
2026-01-14T11:30:00+05:30,344.3,346.1,344.25,345.0,540422
2026-01-14T11:45:00+05:30,345.05,345.75,344.0,345.5,264395
2026-01-14T12:00:00+05:30,345.55,346.75,345.2,346.1,357960
2026-01-14T12:15:00+05:30,346.1,347.3,345.3,345.65,444085
2026-01-14T12:30:00+05:30,345.7,346.6,345.15,345.85,299816
2026-01-14T12:45:00+05:30,345.9,346.95,345.5,346.75,390721
2026-01-14T13:00:00+05:30,346.8,347.4,346.2,346.65,258734
2026-01-14T13:15:00+05:30,346.65,347.35,344.55,347.1,300550
2026-01-14T13:30:00+05:30,347.1,347.5,345.85,345.95,219590
2026-01-14T13:45:00+05:30,346.0,346.25,345.0,345.45,237257
2026-01-14T14:00:00+05:30,345.5,346.45,345.3,346.35,166659
2026-01-14T14:15:00+05:30,346.35,346.6,345.05,345.6,189434
2026-01-14T14:30:00+05:30,345.55,347.0,345.2,346.75,209780
2026-01-14T14:45:00+05:30,347.1,347.5,346.35,347.0,403254
2026-01-14T15:00:00+05:30,346.9,348.25,346.6,347.0,564069
2026-01-14T15:15:00+05:30,346.85,347.95,346.1,347.8,712945
2026-01-16T09:15:00+05:30,346.25,347.0,340.0,341.5,756040
2026-01-16T09:30:00+05:30,341.5,341.5,337.55,339.1,940565
2026-01-16T09:45:00+05:30,339.1,341.45,338.85,339.9,475303
2026-01-16T10:00:00+05:30,339.9,342.0,339.5,341.0,310226
2026-01-16T10:15:00+05:30,341.1,341.45,340.1,341.4,200265
2026-01-16T10:30:00+05:30,341.35,342.15,340.75,341.5,286981
2026-01-16T10:45:00+05:30,341.5,341.95,340.1,341.4,186888
2026-01-16T11:00:00+05:30,341.25,341.75,340.5,340.85,334386
2026-01-16T11:15:00+05:30,340.85,341.45,339.5,339.65,236152
2026-01-16T11:30:00+05:30,339.75,340.9,339.7,340.45,120984
2026-01-16T11:45:00+05:30,340.45,340.9,339.5,340.3,289332
2026-01-16T12:00:00+05:30,340.3,340.85,340.1,340.75,138533
2026-01-16T12:15:00+05:30,340.7,340.85,339.85,340.05,229769
2026-01-16T12:30:00+05:30,340.05,340.55,339.5,340.1,463921
2026-01-16T12:45:00+05:30,340.1,340.4,339.8,340.0,223792
2026-01-16T13:00:00+05:30,340.0,341.0,339.8,340.0,468437
2026-01-16T13:15:00+05:30,340.0,340.35,339.5,339.85,381264
2026-01-16T13:30:00+05:30,339.85,341.7,339.5,341.35,252974
2026-01-16T13:45:00+05:30,341.4,341.5,339.8,340.05,460582
2026-01-16T14:00:00+05:30,340.0,340.6,339.55,340.25,607608
2026-01-16T14:15:00+05:30,340.25,340.75,339.65,340.35,417702
2026-01-16T14:30:00+05:30,340.35,341.1,340.1,340.55,141608
2026-01-16T14:45:00+05:30,340.6,340.9,340.05,340.6,180505
2026-01-16T15:00:00+05:30,340.5,340.75,340.0,340.1,818723
2026-01-16T15:15:00+05:30,340.2,340.85,339.5,340.2,864933
2026-01-19T09:15:00+05:30,340.0,341.5,336.7,337.25,964991
2026-01-19T09:30:00+05:30,337.15,339.3,336.15,338.55,488776
2026-01-19T09:45:00+05:30,338.55,340.0,337.6,338.7,550317
2026-01-19T10:00:00+05:30,338.7,339.55,338.1,339.5,193514
2026-01-19T10:15:00+05:30,339.4,339.5,338.15,338.85,145439
2026-01-19T10:30:00+05:30,338.85,338.9,335.65,336.9,328474
2026-01-19T10:45:00+05:30,336.9,338.15,336.75,337.75,267082
2026-01-19T11:00:00+05:30,337.75,337.75,335.9,337.25,283769
2026-01-19T11:15:00+05:30,337.25,337.55,334.4,335.0,302884
2026-01-19T11:30:00+05:30,335.0,335.0,334.2,334.9,137977
2026-01-19T11:45:00+05:30,334.9,336.05,334.5,334.6,161807
2026-01-19T12:00:00+05:30,334.6,334.9,334.0,334.7,125331
2026-01-19T12:15:00+05:30,334.75,335.2,334.1,334.45,93353
2026-01-19T12:30:00+05:30,334.45,334.45,332.5,333.05,383026
2026-01-19T12:45:00+05:30,333.05,333.65,332.25,332.6,238870
2026-01-19T13:00:00+05:30,332.6,334.75,332.45,332.55,338697
2026-01-19T13:15:00+05:30,332.6,333.65,332.0,333.4,227898
2026-01-19T13:30:00+05:30,333.4,333.9,332.85,333.05,236201
2026-01-19T13:45:00+05:30,333.1,335.0,333.0,334.8,274268
2026-01-19T14:00:00+05:30,334.8,335.35,333.9,334.15,304462
2026-01-19T14:15:00+05:30,334.05,335.0,332.45,333.05,1555787
2026-01-19T14:30:00+05:30,333.05,334.15,332.3,334.15,392396
2026-01-19T14:45:00+05:30,334.15,335.0,333.35,334.25,569509
2026-01-19T15:00:00+05:30,334.15,335.25,333.2,334.0,2466694
2026-01-19T15:15:00+05:30,334.0,334.1,331.2,331.7,2499133
2026-01-20T09:15:00+05:30,331.8,334.3,327.35,327.55,1070201
2026-01-20T09:30:00+05:30,327.5,328.7,326.25,327.6,565445
2026-01-20T09:45:00+05:30,327.6,330.0,326.8,328.65,342595
2026-01-20T10:00:00+05:30,328.65,330.0,328.4,328.55,364646
2026-01-20T10:15:00+05:30,328.55,330.2,328.4,328.75,308975
2026-01-20T10:30:00+05:30,328.6,330.6,328.3,329.55,397501
2026-01-20T10:45:00+05:30,329.55,330.3,328.35,329.0,135823
2026-01-20T11:00:00+05:30,329.05,329.75,328.45,328.7,81293
2026-01-20T11:15:00+05:30,328.7,329.4,328.1,328.75,82636
2026-01-20T11:30:00+05:30,328.7,330.1,328.3,329.3,112392
2026-01-20T11:45:00+05:30,329.4,329.4,328.2,328.65,76605
2026-01-20T12:00:00+05:30,328.65,329.65,328.0,328.85,97155
2026-01-20T12:15:00+05:30,328.85,329.55,328.0,328.7,111086
2026-01-20T12:30:00+05:30,328.7,328.7,328.0,328.4,85424
2026-01-20T12:45:00+05:30,328.55,330.3,327.8,329.65,251343
2026-01-20T13:00:00+05:30,329.7,330.05,328.95,329.1,77662
2026-01-20T13:15:00+05:30,329.15,329.25,328.2,328.5,57294
2026-01-20T13:30:00+05:30,328.55,328.6,327.5,327.95,158663
2026-01-20T13:45:00+05:30,327.95,328.0,327.15,327.45,93647
2026-01-20T14:00:00+05:30,327.45,328.2,326.35,326.5,202766
2026-01-20T14:15:00+05:30,326.5,327.65,325.8,327.45,227646
2026-01-20T14:30:00+05:30,327.45,328.05,326.95,327.95,242756
2026-01-20T14:45:00+05:30,327.95,328.15,327.2,327.3,236949
2026-01-20T15:00:00+05:30,327.3,327.95,325.7,325.95,650648
2026-01-20T15:15:00+05:30,325.85,327.45,324.05,325.75,808250
2026-01-21T09:15:00+05:30,325.75,328.15,324.05,326.9,890819
2026-01-21T09:30:00+05:30,326.8,328.75,326.05,326.25,391561
2026-01-21T09:45:00+05:30,326.25,327.75,325.4,325.6,271856
2026-01-21T10:00:00+05:30,325.45,326.15,324.3,325.0,552315
2026-01-21T10:15:00+05:30,325.0,326.3,324.55,324.6,213711
2026-01-21T10:30:00+05:30,324.6,324.7,320.15,320.75,907796
2026-01-21T10:45:00+05:30,320.65,322.35,318.4,322.05,571811
2026-01-21T11:00:00+05:30,322.15,324.2,321.75,323.1,1128528
2026-01-21T11:15:00+05:30,323.1,325.3,322.9,323.8,546449
2026-01-21T11:30:00+05:30,323.7,325.5,323.4,325.3,460077
2026-01-21T11:45:00+05:30,325.1,325.8,324.25,324.6,652959
2026-01-21T12:00:00+05:30,324.7,325.5,324.25,325.2,294444
2026-01-21T12:15:00+05:30,325.25,328.8,325.1,328.75,2117650
2026-01-21T12:30:00+05:30,328.8,338.5,328.8,338.3,2943169
2026-01-21T12:45:00+05:30,338.3,339.4,331.9,334.65,1985991
2026-01-21T13:00:00+05:30,334.65,336.5,333.45,333.45,583588
2026-01-21T13:15:00+05:30,333.75,333.9,331.9,332.3,315814
2026-01-21T13:30:00+05:30,332.15,333.5,331.45,333.05,663652
2026-01-21T13:45:00+05:30,333.05,334.1,331.1,332.0,897586
2026-01-21T14:00:00+05:30,331.9,333.75,331.5,333.05,409531
2026-01-21T14:15:00+05:30,333.0,334.9,332.75,332.95,326176
2026-01-21T14:30:00+05:30,333.1,334.4,332.95,334.4,183278
2026-01-21T14:45:00+05:30,334.15,334.65,333.15,333.45,231085
2026-01-21T15:00:00+05:30,333.3,334.65,333.15,334.3,523280
2026-01-21T15:15:00+05:30,334.15,338.3,333.7,338.0,881264
2026-01-22T09:15:00+05:30,343.0,347.85,329.7,329.8,3747352
2026-01-22T09:30:00+05:30,329.9,334.3,326.7,331.8,4905494
2026-01-22T09:45:00+05:30,331.7,334.4,330.65,332.85,1201645
2026-01-22T10:00:00+05:30,332.85,333.8,329.0,329.15,728227
2026-01-22T10:15:00+05:30,329.25,330.35,327.05,328.15,1030520
2026-01-22T10:30:00+05:30,328.25,329.4,326.85,327.45,734320
2026-01-22T10:45:00+05:30,327.45,328.45,326.5,327.9,725855
2026-01-22T11:00:00+05:30,327.9,330.2,326.65,329.4,710733
2026-01-22T11:15:00+05:30,329.45,329.9,327.85,328.95,293683
2026-01-22T11:30:00+05:30,329.15,329.9,328.25,328.75,344575
2026-01-22T11:45:00+05:30,328.75,328.95,325.4,326.15,471822
2026-01-22T12:00:00+05:30,326.15,327.7,325.9,327.5,335786
2026-01-22T12:15:00+05:30,327.4,327.4,325.0,325.35,339323
2026-01-22T12:30:00+05:30,325.35,326.05,324.6,324.95,558039
2026-01-22T12:45:00+05:30,324.95,325.15,323.7,324.1,474593
2026-01-22T13:00:00+05:30,324.1,325.15,323.35,324.3,501225
2026-01-22T13:15:00+05:30,324.3,325.95,324.0,325.2,1405054
2026-01-22T13:30:00+05:30,325.15,325.35,324.0,324.8,425000
2026-01-22T13:45:00+05:30,324.75,325.6,324.0,325.6,311955
2026-01-22T14:00:00+05:30,325.5,326.0,324.7,325.05,420153
2026-01-22T14:15:00+05:30,325.1,325.2,324.0,324.6,680934
2026-01-22T14:30:00+05:30,324.6,325.6,324.1,324.65,472450
2026-01-22T14:45:00+05:30,324.6,325.25,324.0,324.05,721882
2026-01-22T15:00:00+05:30,324.05,324.1,318.45,319.05,2302925
2026-01-22T15:15:00+05:30,319.05,322.7,312.9,320.0,2827749
2026-01-23T09:15:00+05:30,320.55,321.7,314.95,318.85,1230686
2026-01-23T09:30:00+05:30,318.85,318.85,314.7,315.0,1156433
2026-01-23T09:45:00+05:30,315.0,315.2,310.15,310.65,2639854
2026-01-23T10:00:00+05:30,310.7,313.0,310.4,311.75,826882
2026-01-23T10:15:00+05:30,311.75,315.55,311.2,315.25,1034667
2026-01-23T10:30:00+05:30,315.3,317.75,314.45,314.6,1449583
2026-01-23T10:45:00+05:30,314.7,315.9,313.8,315.5,380416
2026-01-23T11:00:00+05:30,315.5,315.85,314.2,315.0,508381
2026-01-23T11:15:00+05:30,315.0,316.45,314.9,316.15,438609
2026-01-23T11:30:00+05:30,316.15,316.45,314.65,315.6,473023
2026-01-23T11:45:00+05:30,315.55,316.2,314.75,316.05,606133
2026-01-23T12:00:00+05:30,316.0,316.2,314.8,315.05,713470
2026-01-23T12:15:00+05:30,315.0,316.4,314.85,315.55,393254
2026-01-23T12:30:00+05:30,315.45,315.95,315.2,315.3,183223
2026-01-23T12:45:00+05:30,315.3,315.4,313.1,314.05,385318
2026-01-23T13:00:00+05:30,314.05,317.7,313.85,314.55,554674
2026-01-23T13:15:00+05:30,314.5,314.85,313.15,313.8,414197
2026-01-23T13:30:00+05:30,313.8,313.9,311.7,312.2,384693
2026-01-23T13:45:00+05:30,312.2,313.95,311.75,313.65,479041
2026-01-23T14:00:00+05:30,313.7,314.65,313.65,314.4,217980
2026-01-23T14:15:00+05:30,314.4,315.0,313.3,313.35,331012
2026-01-23T14:30:00+05:30,313.3,315.0,313.1,314.9,433379
2026-01-23T14:45:00+05:30,314.8,315.65,313.55,314.5,527414
2026-01-23T15:00:00+05:30,314.5,314.85,311.0,311.35,518387
2026-01-23T15:15:00+05:30,311.4,314.1,310.5,313.0,895497
2026-01-27T09:15:00+05:30,314.1,314.4,304.65,309.25,1683685
2026-01-27T09:30:00+05:30,309.25,311.9,307.9,310.55,1106480
2026-01-27T09:45:00+05:30,310.65,312.25,308.85,311.7,950588
2026-01-27T10:00:00+05:30,311.7,312.5,309.9,310.7,553826
2026-01-27T10:15:00+05:30,310.7,310.95,307.8,308.05,353948
2026-01-27T10:30:00+05:30,308.05,308.4,305.35,305.5,593891
2026-01-27T10:45:00+05:30,305.5,306.05,304.0,305.65,675561
2026-01-27T11:00:00+05:30,305.9,309.15,305.75,308.5,384750
2026-01-27T11:15:00+05:30,308.5,308.7,307.4,307.85,249441
2026-01-27T11:30:00+05:30,307.85,309.9,307.65,309.55,396935
2026-01-27T11:45:00+05:30,309.55,309.65,308.2,309.3,376773
2026-01-27T12:00:00+05:30,309.3,309.5,308.2,308.5,352712
2026-01-27T12:15:00+05:30,308.5,309.6,307.7,307.75,327204
2026-01-27T12:30:00+05:30,307.75,308.5,307.1,307.2,227999
2026-01-27T12:45:00+05:30,307.2,308.3,306.8,307.9,193698
2026-01-27T13:00:00+05:30,307.8,308.3,307.3,307.95,214521
2026-01-27T13:15:00+05:30,307.95,308.1,306.5,308.05,220720
2026-01-27T13:30:00+05:30,307.95,308.45,307.2,307.7,215224
2026-01-27T13:45:00+05:30,307.7,309.5,307.45,309.5,227022
2026-01-27T14:00:00+05:30,309.5,310.4,309.15,310.0,475552
2026-01-27T14:15:00+05:30,310.0,310.6,309.2,310.55,303619
2026-01-27T14:30:00+05:30,310.6,313.8,310.35,313.5,540303
2026-01-27T14:45:00+05:30,313.6,316.4,312.8,314.45,570937
2026-01-27T15:00:00+05:30,314.45,314.75,310.55,311.95,1279902
2026-01-27T15:15:00+05:30,311.85,317.9,310.55,316.2,1800934
2026-01-28T09:15:00+05:30,313.0,314.6,310.8,311.25,788231
2026-01-28T09:30:00+05:30,311.1,311.55,310.15,310.65,438719
2026-01-28T09:45:00+05:30,310.65,312.6,309.0,312.25,509040
2026-01-28T10:00:00+05:30,312.35,313.4,310.55,311.0,771558
2026-01-28T10:15:00+05:30,311.0,313.2,310.05,311.0,412899
2026-01-28T10:30:00+05:30,311.0,312.2,310.1,311.8,343919
2026-01-28T10:45:00+05:30,311.8,312.2,311.15,311.4,195057
2026-01-28T11:00:00+05:30,311.4,313.65,311.3,312.05,605610
2026-01-28T11:15:00+05:30,312.05,316.5,312.0,315.5,875300
2026-01-28T11:30:00+05:30,315.4,317.85,315.05,317.25,612831
2026-01-28T11:45:00+05:30,317.25,319.6,317.15,319.2,484156
2026-01-28T12:00:00+05:30,319.2,320.85,317.3,320.0,1249492
2026-01-28T12:15:00+05:30,320.0,320.7,318.85,319.0,270642
2026-01-28T12:30:00+05:30,319.0,319.95,318.2,318.5,244761
2026-01-28T12:45:00+05:30,318.5,319.0,317.9,318.3,210570
2026-01-28T13:00:00+05:30,318.3,319.75,318.1,319.3,215971
2026-01-28T13:15:00+05:30,319.3,319.35,317.75,318.3,206173
2026-01-28T13:30:00+05:30,318.3,318.9,318.05,318.05,147819
2026-01-28T13:45:00+05:30,318.1,319.05,317.9,319.0,156957
2026-01-28T14:00:00+05:30,319.05,320.35,318.8,320.3,551191
2026-01-28T14:15:00+05:30,320.35,321.95,319.75,321.7,302134
2026-01-28T14:30:00+05:30,321.75,322.15,320.8,322.0,598486
2026-01-28T14:45:00+05:30,322.05,322.05,320.75,321.95,307356
2026-01-28T15:00:00+05:30,321.9,324.0,321.75,323.5,1200793
2026-01-28T15:15:00+05:30,323.5,325.3,322.9,324.6,1177205
2026-01-29T09:15:00+05:30,324.6,326.3,321.65,325.45,763653
2026-01-29T09:30:00+05:30,325.5,328.9,324.25,325.55,589383
2026-01-29T09:45:00+05:30,325.55,325.9,323.0,324.7,289352
2026-01-29T10:00:00+05:30,324.55,325.85,323.5,323.5,158879
2026-01-29T10:15:00+05:30,323.5,324.9,322.7,323.6,117736
2026-01-29T10:30:00+05:30,323.8,325.9,323.05,325.55,186105
2026-01-29T10:45:00+05:30,325.65,326.6,325.1,325.4,211538
2026-01-29T11:00:00+05:30,325.3,326.15,325.3,325.6,79255
2026-01-29T11:15:00+05:30,325.5,326.35,324.55,324.8,112532
2026-01-29T11:30:00+05:30,324.8,325.8,324.75,325.15,53724
2026-01-29T11:45:00+05:30,325.15,325.4,324.45,324.7,74850
2026-01-29T12:00:00+05:30,324.75,325.5,324.65,325.35,89651
2026-01-29T12:15:00+05:30,325.3,325.35,324.5,324.75,44994
2026-01-29T12:30:00+05:30,324.8,326.45,324.65,325.6,89062
2026-01-29T12:45:00+05:30,325.55,325.6,324.1,324.35,113521
2026-01-29T13:00:00+05:30,324.3,325.8,324.3,325.6,107302
2026-01-29T13:15:00+05:30,325.6,325.85,324.55,324.55,63823
2026-01-29T13:30:00+05:30,324.65,325.8,324.2,325.65,67526
2026-01-29T13:45:00+05:30,325.65,325.8,324.25,324.95,226921
2026-01-29T14:00:00+05:30,324.95,329.0,324.9,328.75,371092
2026-01-29T14:15:00+05:30,328.75,329.3,327.65,328.25,370767
2026-01-29T14:30:00+05:30,328.2,328.4,326.7,328.4,528454
2026-01-29T14:45:00+05:30,328.3,329.6,327.85,329.0,397456
2026-01-29T15:00:00+05:30,328.85,330.5,328.05,328.1,613789
2026-01-29T15:15:00+05:30,328.1,328.15,323.85,323.85,810103
2026-01-30T09:15:00+05:30,309.0,314.9,302.15,308.6,6083022
2026-01-30T09:30:00+05:30,308.7,309.25,304.5,307.25,2092712
2026-01-30T09:45:00+05:30,307.25,307.25,304.0,305.5,1243813
2026-01-30T10:00:00+05:30,305.4,308.35,304.6,307.8,1562465
2026-01-30T10:15:00+05:30,307.75,308.6,306.85,307.05,1651450
2026-01-30T10:30:00+05:30,307.05,312.2,306.0,310.2,3124976
2026-01-30T10:45:00+05:30,310.2,310.9,308.85,308.95,1580628
2026-01-30T11:00:00+05:30,308.85,310.2,308.05,309.75,1276772
2026-01-30T11:15:00+05:30,309.7,312.7,308.75,309.05,1436921
2026-01-30T11:30:00+05:30,308.9,309.5,308.4,308.75,1211709
2026-01-30T11:45:00+05:30,308.75,308.85,304.0,304.7,1999981
2026-01-30T12:00:00+05:30,304.6,305.9,304.3,305.15,983636
2026-01-30T12:15:00+05:30,305.2,306.8,304.8,304.95,689763
2026-01-30T12:30:00+05:30,304.95,305.25,303.5,303.7,925494
2026-01-30T12:45:00+05:30,303.75,305.05,302.1,304.65,1235001
2026-01-30T13:00:00+05:30,304.6,304.85,302.25,303.2,836111
2026-01-30T13:15:00+05:30,303.2,305.45,302.95,304.4,917390
2026-01-30T13:30:00+05:30,304.45,305.95,304.4,305.5,792030
2026-01-30T13:45:00+05:30,305.5,308.35,305.3,308.25,1018484
2026-01-30T14:00:00+05:30,308.3,310.35,306.0,306.65,1750883
2026-01-30T14:15:00+05:30,306.6,306.9,306.0,306.55,620944
2026-01-30T14:30:00+05:30,306.5,307.45,305.4,306.15,724354
2026-01-30T14:45:00+05:30,306.15,306.5,305.45,305.55,710648
2026-01-30T15:00:00+05:30,305.6,307.5,305.5,306.75,2169382
2026-01-30T15:15:00+05:30,306.7,316.0,306.55,314.9,4872241
2026-02-01T09:15:00+05:30,313.0,313.0,309.35,312.15,216364
2026-02-01T09:30:00+05:30,312.2,322.2,311.45,319.65,662380
2026-02-01T09:45:00+05:30,319.6,322.6,318.6,320.5,526468
2026-02-01T10:00:00+05:30,320.55,320.75,318.5,320.3,241445
2026-02-01T10:15:00+05:30,320.5,321.5,319.25,321.0,243087
2026-02-01T10:30:00+05:30,321.25,321.25,318.5,318.7,100732
2026-02-01T10:45:00+05:30,318.7,321.85,318.55,321.45,128521
2026-02-01T11:00:00+05:30,321.25,323.5,319.6,323.4,741356
2026-02-01T11:15:00+05:30,323.25,323.5,321.3,322.2,233476
2026-02-01T11:30:00+05:30,322.25,322.25,318.1,318.9,465787
2026-02-01T11:45:00+05:30,318.9,320.0,318.45,318.9,393306
2026-02-01T12:00:00+05:30,318.95,319.0,317.1,317.5,323721
2026-02-01T12:15:00+05:30,317.55,317.85,302.75,303.0,657573
2026-02-01T12:30:00+05:30,302.75,315.25,297.9,313.9,1187634
2026-02-01T12:45:00+05:30,313.9,319.9,313.8,319.5,457534
2026-02-01T13:00:00+05:30,319.5,319.7,316.0,317.75,441375
2026-02-01T13:15:00+05:30,317.8,318.55,316.55,317.1,287978
2026-02-01T13:30:00+05:30,317.1,318.9,315.9,318.1,320716
2026-02-01T13:45:00+05:30,318.25,318.65,316.6,317.85,296344
2026-02-01T14:00:00+05:30,318.0,318.0,314.7,315.55,212401
2026-02-01T14:15:00+05:30,315.35,316.95,315.0,316.5,129996
2026-02-01T14:30:00+05:30,316.5,318.05,316.15,317.55,205879
2026-02-01T14:45:00+05:30,317.55,317.9,315.0,316.0,168288
2026-02-01T15:00:00+05:30,315.85,316.35,314.6,315.0,226007
2026-02-01T15:15:00+05:30,314.85,315.3,312.0,312.95,353718
2026-02-02T09:15:00+05:30,314.0,315.6,308.5,311.65,524747
2026-02-02T09:30:00+05:30,311.65,312.5,309.75,310.75,254806
2026-02-02T09:45:00+05:30,310.75,313.4,310.0,311.1,282190
2026-02-02T10:00:00+05:30,311.05,311.3,307.35,307.85,363991
2026-02-02T10:15:00+05:30,308.0,308.0,305.4,306.35,280556
2026-02-02T10:30:00+05:30,306.4,306.8,305.7,306.35,133742
2026-02-02T10:45:00+05:30,306.35,306.7,305.0,305.1,223653
2026-02-02T11:00:00+05:30,305.1,305.35,304.1,305.25,183108
2026-02-02T11:15:00+05:30,305.25,308.35,305.0,308.1,218902
2026-02-02T11:30:00+05:30,308.15,310.35,308.05,310.0,294700
2026-02-02T11:45:00+05:30,310.0,310.2,309.1,310.0,208833
2026-02-02T12:00:00+05:30,310.0,310.35,309.45,310.2,232316
2026-02-02T12:15:00+05:30,310.3,310.4,306.4,306.55,1430435
2026-02-02T12:30:00+05:30,306.55,307.55,306.0,306.55,286145
2026-02-02T12:45:00+05:30,306.5,308.45,305.95,308.25,394413
2026-02-02T13:00:00+05:30,308.25,308.55,306.9,307.55,164808
2026-02-02T13:15:00+05:30,307.55,307.85,305.0,305.45,594316
2026-02-02T13:30:00+05:30,305.5,306.05,304.55,305.9,240822
2026-02-02T13:45:00+05:30,305.85,306.0,305.4,306.0,84312
2026-02-02T14:00:00+05:30,306.0,306.15,305.0,305.5,467241
2026-02-02T14:15:00+05:30,305.35,306.4,304.85,306.05,158890
2026-02-02T14:30:00+05:30,306.05,306.3,304.9,305.45,527406
2026-02-02T14:45:00+05:30,305.45,306.95,304.85,306.1,1278770
2026-02-02T15:00:00+05:30,306.15,306.65,304.6,305.0,1175331
2026-02-02T15:15:00+05:30,305.0,309.05,305.0,308.75,1541456
2026-02-03T09:15:00+05:30,319.0,328.35,318.95,321.2,3601631
2026-02-03T09:30:00+05:30,321.4,321.5,314.85,315.2,1160839
2026-02-03T09:45:00+05:30,315.25,317.65,315.0,316.35,449939
2026-02-03T10:00:00+05:30,316.35,317.9,315.6,317.2,563561
2026-02-03T10:15:00+05:30,317.4,317.5,316.65,317.45,371806
2026-02-03T10:30:00+05:30,317.3,319.25,317.3,318.3,205423
2026-02-03T10:45:00+05:30,318.3,318.6,318.0,318.25,188901
2026-02-03T11:00:00+05:30,318.05,318.45,317.5,317.8,583209
2026-02-03T11:15:00+05:30,317.9,318.3,316.8,318.25,570129
2026-02-03T11:30:00+05:30,318.25,324.0,317.95,323.45,1967268
2026-02-03T11:45:00+05:30,323.45,323.95,320.75,321.6,955703
2026-02-03T12:00:00+05:30,321.75,321.75,319.85,320.8,328921
2026-02-03T12:15:00+05:30,320.8,320.85,319.45,320.0,454867
2026-02-03T12:30:00+05:30,320.0,320.05,319.15,320.0,175981
2026-02-03T12:45:00+05:30,320.0,321.45,318.65,318.65,2975921
2026-02-03T13:00:00+05:30,318.65,321.15,318.15,320.6,689388
2026-02-03T13:15:00+05:30,320.65,321.0,316.2,316.65,3879811
2026-02-03T13:30:00+05:30,316.85,317.75,316.35,316.95,179101
2026-02-03T13:45:00+05:30,316.95,318.35,316.15,317.55,236734
2026-02-03T14:00:00+05:30,317.65,317.8,316.2,316.8,566221
2026-02-03T14:15:00+05:30,316.9,317.1,315.0,315.6,305184
2026-02-03T14:30:00+05:30,315.55,316.2,314.7,315.15,514231
2026-02-03T14:45:00+05:30,315.15,317.55,315.0,316.65,544502
2026-02-03T15:00:00+05:30,316.7,318.7,316.6,318.45,664784
2026-02-03T15:15:00+05:30,318.65,319.15,317.0,317.0,911457
2026-02-04T09:15:00+05:30,319.5,319.5,314.55,315.3,659577
2026-02-04T09:30:00+05:30,315.55,317.1,315.4,315.7,354199
2026-02-04T09:45:00+05:30,315.85,316.05,314.55,315.15,226166
2026-02-04T10:00:00+05:30,315.15,315.95,314.05,315.0,223634
2026-02-04T10:15:00+05:30,315.0,315.45,314.1,314.55,141007
2026-02-04T10:30:00+05:30,314.55,316.75,314.35,315.65,164621
2026-02-04T10:45:00+05:30,315.75,318.55,315.65,317.7,213973
2026-02-04T11:00:00+05:30,317.7,317.8,316.75,317.2,81150
2026-02-04T11:15:00+05:30,317.2,317.25,316.25,316.5,36256
2026-02-04T11:30:00+05:30,316.45,317.65,316.15,317.6,52091
2026-02-04T11:45:00+05:30,317.6,318.15,317.15,317.15,69827
2026-02-04T12:00:00+05:30,317.15,319.9,316.6,319.75,151524
2026-02-04T12:15:00+05:30,319.85,322.0,319.4,321.3,366014
2026-02-04T12:30:00+05:30,321.1,322.25,320.2,321.6,285457
2026-02-04T12:45:00+05:30,321.65,322.15,320.6,320.8,208662
2026-02-04T13:00:00+05:30,320.9,322.0,320.6,321.2,168430
2026-02-04T13:15:00+05:30,321.35,322.0,320.25,321.95,89161
2026-02-04T13:30:00+05:30,322.0,323.45,321.85,323.0,254624
2026-02-04T13:45:00+05:30,323.05,323.3,322.15,323.05,788343
2026-02-04T14:00:00+05:30,323.15,324.05,322.6,323.6,443432
2026-02-04T14:15:00+05:30,323.6,324.2,322.7,323.0,915428
2026-02-04T14:30:00+05:30,323.1,323.85,322.05,322.95,646950
2026-02-04T14:45:00+05:30,322.95,323.2,322.4,322.7,341083
2026-02-04T15:00:00+05:30,322.7,323.0,319.6,320.1,1036377
2026-02-04T15:15:00+05:30,320.1,321.95,320.0,321.5,883055
2026-02-05T09:15:00+05:30,322.0,324.55,318.4,323.3,415935
2026-02-05T09:30:00+05:30,323.3,324.5,321.05,321.6,210099
2026-02-05T09:45:00+05:30,321.45,321.6,319.55,319.95,327160
2026-02-05T10:00:00+05:30,319.85,321.25,316.7,320.65,405698
2026-02-05T10:15:00+05:30,320.65,322.3,319.05,319.3,498443
2026-02-05T10:30:00+05:30,319.3,320.35,317.5,318.25,439312
2026-02-05T10:45:00+05:30,318.4,318.6,314.25,314.8,651461
2026-02-05T11:00:00+05:30,314.8,317.35,314.3,317.1,213963
2026-02-05T11:15:00+05:30,317.2,319.8,316.65,319.5,333067
2026-02-05T11:30:00+05:30,319.5,320.6,319.4,320.05,323459
2026-02-05T11:45:00+05:30,320.25,320.55,318.7,319.75,328159
2026-02-05T12:00:00+05:30,319.75,320.35,318.0,319.0,390699
2026-02-05T12:15:00+05:30,319.0,319.6,318.35,319.45,334247
2026-02-05T12:30:00+05:30,319.45,320.8,317.45,320.8,395503
2026-02-05T12:45:00+05:30,320.8,321.1,320.05,320.5,718732
2026-02-05T13:00:00+05:30,320.5,320.5,318.95,319.25,317434
2026-02-05T13:15:00+05:30,319.25,320.15,319.05,319.5,243386
2026-02-05T13:30:00+05:30,319.5,320.25,319.3,320.0,143252
2026-02-05T13:45:00+05:30,320.0,320.9,319.75,320.85,72201
2026-02-05T14:00:00+05:30,320.9,320.95,320.35,320.9,242585
2026-02-05T14:15:00+05:30,320.9,321.1,320.25,320.8,563683
2026-02-05T14:30:00+05:30,320.95,321.0,319.0,320.05,398777
2026-02-05T14:45:00+05:30,320.2,321.9,319.9,321.25,356805
2026-02-05T15:00:00+05:30,321.25,322.6,321.1,321.5,464590
2026-02-05T15:15:00+05:30,321.5,322.05,319.0,320.7,705384
2026-02-06T09:15:00+05:30,321.45,322.2,316.5,316.75,498756
2026-02-06T09:30:00+05:30,316.8,317.5,314.55,315.2,341473
2026-02-06T09:45:00+05:30,315.15,316.3,314.9,315.05,194814
2026-02-06T10:00:00+05:30,314.9,315.95,314.6,315.45,133931
2026-02-06T10:15:00+05:30,315.45,315.95,314.3,315.3,228177
2026-02-06T10:30:00+05:30,315.3,315.4,314.45,315.0,546496
2026-02-06T10:45:00+05:30,315.1,318.0,314.0,317.25,961017
2026-02-06T11:00:00+05:30,317.3,319.95,317.3,319.9,182559
2026-02-06T11:15:00+05:30,319.9,320.8,318.65,319.85,266212
2026-02-06T11:30:00+05:30,319.85,320.8,318.75,318.75,131443
2026-02-06T11:45:00+05:30,318.8,321.45,318.65,321.0,227786
2026-02-06T12:00:00+05:30,321.0,322.0,320.4,321.85,187647
2026-02-06T12:15:00+05:30,321.9,322.0,320.95,321.35,101971
2026-02-06T12:30:00+05:30,321.35,321.35,319.1,319.65,402867
2026-02-06T12:45:00+05:30,319.7,320.55,319.45,320.05,167184
2026-02-06T13:00:00+05:30,320.05,320.2,319.1,319.3,90543
2026-02-06T13:15:00+05:30,319.2,320.0,319.2,319.75,55541
2026-02-06T13:30:00+05:30,319.65,320.0,319.05,319.8,170606
2026-02-06T13:45:00+05:30,319.8,320.3,319.4,319.7,152020
2026-02-06T14:00:00+05:30,319.7,319.95,319.3,319.55,89838
2026-02-06T14:15:00+05:30,319.55,319.95,319.2,319.9,105754
2026-02-06T14:30:00+05:30,319.9,320.0,319.4,320.0,69838
2026-02-06T14:45:00+05:30,320.0,320.25,319.1,319.8,145490
2026-02-06T15:00:00+05:30,319.65,320.25,319.65,320.0,314416
2026-02-06T15:15:00+05:30,319.95,320.15,319.0,319.4,363751
2026-02-09T09:15:00+05:30,321.0,325.6,319.5,324.05,501473
2026-02-09T09:30:00+05:30,324.05,324.25,320.3,320.7,388102
2026-02-09T09:45:00+05:30,320.75,321.75,320.5,321.5,140136
2026-02-09T10:00:00+05:30,321.4,321.8,320.55,321.2,161237
2026-02-09T10:15:00+05:30,321.2,322.5,321.1,322.25,135658
2026-02-09T10:30:00+05:30,322.15,325.0,322.0,323.8,641000
2026-02-09T10:45:00+05:30,323.8,324.5,322.8,323.75,226777
2026-02-09T11:00:00+05:30,323.75,324.8,323.3,323.85,191773
2026-02-09T11:15:00+05:30,324.0,324.25,322.55,322.7,196284
2026-02-09T11:30:00+05:30,322.75,327.45,322.35,325.4,733331
2026-02-09T11:45:00+05:30,325.4,326.85,325.1,326.45,258642
2026-02-09T12:00:00+05:30,326.45,328.0,326.0,327.1,767906
2026-02-09T12:15:00+05:30,327.2,327.3,326.55,326.8,88443
2026-02-09T12:30:00+05:30,326.7,327.0,326.25,326.7,86830
2026-02-09T12:45:00+05:30,326.6,326.95,325.95,326.25,158348
2026-02-09T13:00:00+05:30,326.25,328.3,326.1,326.9,394771
2026-02-09T13:15:00+05:30,327.0,327.35,325.1,325.1,113231
2026-02-09T13:30:00+05:30,325.2,328.25,325.05,328.05,251741
2026-02-09T13:45:00+05:30,328.05,328.05,326.35,327.45,320667
2026-02-09T14:00:00+05:30,327.45,327.95,326.15,327.3,249074
2026-02-09T14:15:00+05:30,327.35,328.3,327.0,327.35,439850
2026-02-09T14:30:00+05:30,327.35,332.2,327.2,331.95,1397354
2026-02-09T14:45:00+05:30,331.9,333.3,331.05,332.2,1020732
2026-02-09T15:00:00+05:30,332.25,333.95,331.65,333.85,1059871
2026-02-09T15:15:00+05:30,333.85,335.0,333.05,334.8,1347733
2026-02-10T09:15:00+05:30,335.05,340.0,333.1,339.85,3039482
2026-02-10T09:30:00+05:30,339.8,344.2,338.75,344.2,2836418
2026-02-10T09:45:00+05:30,344.25,346.7,342.5,344.3,1742266
2026-02-10T10:00:00+05:30,344.15,345.8,342.1,343.25,1096936
2026-02-10T10:15:00+05:30,343.05,346.2,342.9,346.05,648999
2026-02-10T10:30:00+05:30,346.2,348.4,346.15,348.1,850774
2026-02-10T10:45:00+05:30,348.1,350.6,347.65,350.2,1562449
2026-02-10T11:00:00+05:30,350.2,350.95,347.8,348.8,1466684
2026-02-10T11:15:00+05:30,348.8,349.7,347.35,348.9,1197863
2026-02-10T11:30:00+05:30,348.85,350.75,348.7,350.0,1570030
2026-02-10T11:45:00+05:30,350.0,350.45,349.25,350.3,849495
2026-02-10T12:00:00+05:30,350.25,350.7,349.05,350.05,806369
2026-02-10T12:15:00+05:30,350.05,350.4,349.05,350.1,688940
2026-02-10T12:30:00+05:30,350.0,351.9,349.1,351.25,1085682
2026-02-10T12:45:00+05:30,351.3,351.7,350.05,351.3,530089
2026-02-10T13:00:00+05:30,351.25,351.45,349.85,350.1,642022
2026-02-10T13:15:00+05:30,350.2,350.3,349.05,349.25,713242
2026-02-10T13:30:00+05:30,349.35,351.25,349.05,350.9,483513
2026-02-10T13:45:00+05:30,350.9,351.8,349.5,350.7,841328
2026-02-10T14:00:00+05:30,350.85,351.3,350.1,351.25,432468
2026-02-10T14:15:00+05:30,351.2,351.6,350.25,351.15,478948
2026-02-10T14:30:00+05:30,351.15,351.8,350.75,351.5,504533
2026-02-10T14:45:00+05:30,351.5,353.75,351.5,353.1,1442494
2026-02-10T15:00:00+05:30,353.2,356.25,353.2,355.2,2796239
2026-02-10T15:15:00+05:30,355.2,359.0,353.1,354.1,2724441
2026-02-11T09:15:00+05:30,354.6,355.0,347.3,347.5,1168383
2026-02-11T09:30:00+05:30,347.75,349.2,346.05,347.25,503077
2026-02-11T09:45:00+05:30,347.25,347.4,345.15,345.2,474106
2026-02-11T10:00:00+05:30,345.3,345.3,344.05,344.6,419867
2026-02-11T10:15:00+05:30,344.6,345.3,342.1,342.7,490346
2026-02-11T10:30:00+05:30,342.7,344.75,342.6,343.7,286875
2026-02-11T10:45:00+05:30,343.7,344.7,343.5,344.0,208306
2026-02-11T11:00:00+05:30,344.0,345.15,343.5,343.95,299159
2026-02-11T11:15:00+05:30,343.9,344.5,343.0,343.05,124132
2026-02-11T11:30:00+05:30,343.05,343.7,341.25,341.65,376711
2026-02-11T11:45:00+05:30,341.7,343.3,341.1,342.7,395207
2026-02-11T12:00:00+05:30,342.75,343.15,341.95,342.85,175450
2026-02-11T12:15:00+05:30,342.85,343.35,342.05,342.8,200411
2026-02-11T12:30:00+05:30,342.95,343.2,342.1,342.6,149277
2026-02-11T12:45:00+05:30,342.6,344.9,342.6,344.05,192840
2026-02-11T13:00:00+05:30,344.0,344.45,343.7,344.0,98176
2026-02-11T13:15:00+05:30,343.95,345.4,343.85,345.15,154433
2026-02-11T13:30:00+05:30,345.0,345.1,343.1,343.5,182221
2026-02-11T13:45:00+05:30,343.45,343.65,342.7,343.05,149351
2026-02-11T14:00:00+05:30,343.2,343.65,342.9,343.6,173015
2026-02-11T14:15:00+05:30,343.45,343.7,341.9,342.35,275520
2026-02-11T14:30:00+05:30,342.25,342.3,340.4,341.9,323008
2026-02-11T14:45:00+05:30,341.7,342.5,341.05,341.75,311651
2026-02-11T15:00:00+05:30,341.75,342.45,341.5,342.1,341476
2026-02-11T15:15:00+05:30,342.05,343.4,341.55,342.7,583804
2026-02-12T09:15:00+05:30,340.0,340.6,331.55,332.35,1110965
2026-02-12T09:30:00+05:30,332.4,333.3,330.8,332.1,1157044
2026-02-12T09:45:00+05:30,332.0,334.0,331.75,333.65,323437
2026-02-12T10:00:00+05:30,333.6,333.6,332.0,333.25,406249
2026-02-12T10:15:00+05:30,333.25,333.8,331.1,332.0,209656
2026-02-12T10:30:00+05:30,332.05,332.45,331.0,331.65,210532
2026-02-12T10:45:00+05:30,331.65,332.0,329.3,329.6,826747
2026-02-12T11:00:00+05:30,329.55,330.0,328.7,329.1,280110
2026-02-12T11:15:00+05:30,329.15,329.5,328.7,328.7,237629
2026-02-12T11:30:00+05:30,328.7,330.9,328.7,330.05,295417
2026-02-12T11:45:00+05:30,330.05,332.85,330.05,332.65,680352
2026-02-12T12:00:00+05:30,332.65,332.65,331.5,331.65,168682
2026-02-12T12:15:00+05:30,331.75,332.95,331.75,332.3,151474
2026-02-12T12:30:00+05:30,332.4,335.4,332.3,335.0,592498
2026-02-12T12:45:00+05:30,335.05,335.15,334.45,334.85,244341
2026-02-12T13:00:00+05:30,334.7,335.75,334.25,334.6,242793
2026-02-12T13:15:00+05:30,334.6,336.8,334.6,336.1,291307
2026-02-12T13:30:00+05:30,336.15,337.35,335.6,337.0,260962
2026-02-12T13:45:00+05:30,337.05,337.5,336.8,337.0,152090
2026-02-12T14:00:00+05:30,337.2,337.3,336.55,337.0,237613
2026-02-12T14:15:00+05:30,337.0,337.7,336.95,337.3,165390
2026-02-12T14:30:00+05:30,337.25,337.65,336.8,336.8,132993
2026-02-12T14:45:00+05:30,336.95,337.65,336.2,337.5,351342
2026-02-12T15:00:00+05:30,337.5,338.35,336.8,336.9,310948
2026-02-12T15:15:00+05:30,336.9,338.9,336.8,338.6,399389
2026-02-13T09:15:00+05:30,337.0,341.65,332.2,332.5,534440
2026-02-13T09:30:00+05:30,332.5,333.0,330.7,332.3,486005
2026-02-13T09:45:00+05:30,332.1,332.7,330.45,330.5,295266
2026-02-13T10:00:00+05:30,330.45,331.15,330.1,330.45,245639
2026-02-13T10:15:00+05:30,330.4,330.8,329.35,330.45,226977
2026-02-13T10:30:00+05:30,330.3,333.5,330.15,331.0,365887
2026-02-13T10:45:00+05:30,331.1,333.55,330.0,333.0,717218
2026-02-13T11:00:00+05:30,332.9,333.85,331.25,332.75,456334
2026-02-13T11:15:00+05:30,332.9,332.9,331.1,332.5,255177
2026-02-13T11:30:00+05:30,332.4,332.55,331.5,332.15,173434
2026-02-13T11:45:00+05:30,332.1,334.1,331.5,334.0,191479
2026-02-13T12:00:00+05:30,334.0,337.5,333.8,336.4,297353
2026-02-13T12:15:00+05:30,336.55,338.35,335.9,337.2,410924
2026-02-13T12:30:00+05:30,337.25,337.35,335.35,335.75,148086
2026-02-13T12:45:00+05:30,335.9,337.35,334.75,334.75,123561
2026-02-13T13:00:00+05:30,334.85,338.8,334.55,338.45,623320
2026-02-13T13:15:00+05:30,338.4,338.75,337.75,338.05,252219
2026-02-13T13:30:00+05:30,338.1,338.5,336.05,338.25,678370
2026-02-13T13:45:00+05:30,338.25,338.85,337.0,338.3,479333
2026-02-13T14:00:00+05:30,338.4,339.2,337.55,338.2,229431
2026-02-13T14:15:00+05:30,338.2,338.55,337.6,337.7,124623
2026-02-13T14:30:00+05:30,337.7,338.25,336.85,338.0,371977
2026-02-13T14:45:00+05:30,338.05,339.1,337.9,339.1,232094
2026-02-13T15:00:00+05:30,339.1,339.15,335.9,337.6,677294
2026-02-13T15:15:00+05:30,337.7,338.8,335.15,335.3,1507499
2026-02-16T09:15:00+05:30,337.0,337.65,333.65,335.8,489540
2026-02-16T09:30:00+05:30,335.95,339.55,335.75,337.1,254352
2026-02-16T09:45:00+05:30,337.1,337.3,335.6,336.9,164322
2026-02-16T10:00:00+05:30,337.0,340.3,337.0,338.85,181784
2026-02-16T10:15:00+05:30,338.75,338.95,337.4,337.65,92092
2026-02-16T10:30:00+05:30,337.6,342.7,337.6,342.2,720621
2026-02-16T10:45:00+05:30,342.2,342.45,340.4,341.1,693957
2026-02-16T11:00:00+05:30,341.1,342.05,340.5,341.4,210634
2026-02-16T11:15:00+05:30,341.65,342.7,341.45,341.8,120931
2026-02-16T11:30:00+05:30,341.95,342.3,340.3,340.4,233782
2026-02-16T11:45:00+05:30,340.4,342.45,340.2,342.45,505624
2026-02-16T12:00:00+05:30,342.35,343.0,339.4,339.7,573446
2026-02-16T12:15:00+05:30,339.7,341.9,339.7,341.55,161909
2026-02-16T12:30:00+05:30,341.65,342.4,341.55,341.8,81346
2026-02-16T12:45:00+05:30,341.8,342.25,341.55,341.7,185386
2026-02-16T13:00:00+05:30,341.85,342.9,341.7,342.65,78259
2026-02-16T13:15:00+05:30,342.5,342.65,341.45,341.85,130747
2026-02-16T13:30:00+05:30,341.85,342.0,340.65,340.85,301645
2026-02-16T13:45:00+05:30,340.8,341.7,340.25,340.4,215790
2026-02-16T14:00:00+05:30,340.55,341.35,340.2,341.1,123068
2026-02-16T14:15:00+05:30,341.0,342.1,340.45,341.6,344111
2026-02-16T14:30:00+05:30,341.5,342.65,341.3,342.65,366644
2026-02-16T14:45:00+05:30,342.55,342.9,341.9,342.2,150678
2026-02-16T15:00:00+05:30,342.2,342.75,342.0,342.15,138246
2026-02-16T15:15:00+05:30,342.15,342.5,341.0,342.2,430103
2026-02-17T09:15:00+05:30,340.0,340.0,332.3,333.6,797305
2026-02-17T09:30:00+05:30,333.6,334.2,332.0,333.5,405686
2026-02-17T09:45:00+05:30,333.6,334.95,332.25,332.55,358402
2026-02-17T10:00:00+05:30,332.6,333.3,331.3,333.1,369156
2026-02-17T10:15:00+05:30,333.05,335.9,332.7,333.1,586598
2026-02-17T10:30:00+05:30,333.1,334.45,332.65,333.1,205045
2026-02-17T10:45:00+05:30,333.1,334.15,332.4,332.85,163360
2026-02-17T11:00:00+05:30,332.75,333.4,332.15,332.35,157194
2026-02-17T11:15:00+05:30,332.35,332.7,331.6,332.4,289172
2026-02-17T11:30:00+05:30,332.4,333.7,332.2,332.7,131890
2026-02-17T11:45:00+05:30,332.6,333.0,332.0,332.1,152663
2026-02-17T12:00:00+05:30,332.1,332.8,331.5,332.25,182891
2026-02-17T12:15:00+05:30,332.1,332.9,331.8,332.0,428588
2026-02-17T12:30:00+05:30,331.95,332.0,330.7,331.15,268382
2026-02-17T12:45:00+05:30,331.1,331.95,330.9,331.15,111608
2026-02-17T13:00:00+05:30,331.15,331.5,330.3,330.9,213703
2026-02-17T13:15:00+05:30,330.85,332.1,330.5,331.5,213528
2026-02-17T13:30:00+05:30,331.6,332.4,331.0,331.4,175989
2026-02-17T13:45:00+05:30,331.4,331.4,330.3,330.6,147939
2026-02-17T14:00:00+05:30,330.7,331.1,330.1,330.15,154204
2026-02-17T14:15:00+05:30,330.15,330.95,329.6,330.5,210110
2026-02-17T14:30:00+05:30,330.5,330.85,329.55,330.6,137700
2026-02-17T14:45:00+05:30,330.6,331.4,329.8,331.05,240399
2026-02-17T15:00:00+05:30,331.05,331.15,330.4,330.7,641822
2026-02-17T15:15:00+05:30,330.7,331.7,330.0,331.4,894190
2026-02-18T09:15:00+05:30,333.0,337.85,332.45,335.6,731607
2026-02-18T09:30:00+05:30,335.55,336.2,332.5,332.65,487161
2026-02-18T09:45:00+05:30,332.65,333.0,331.55,331.9,314223
2026-02-18T10:00:00+05:30,331.85,332.15,330.65,330.85,260477
2026-02-18T10:15:00+05:30,330.85,331.75,330.5,330.6,118515
2026-02-18T10:30:00+05:30,330.7,331.25,330.0,331.1,305772
2026-02-18T10:45:00+05:30,331.1,335.8,331.1,335.55,982387
2026-02-18T11:00:00+05:30,335.6,335.8,332.15,332.5,269035
2026-02-18T11:15:00+05:30,332.25,333.0,331.65,332.45,140772
2026-02-18T11:30:00+05:30,332.45,332.65,331.5,332.45,60859
2026-02-18T11:45:00+05:30,332.3,332.7,331.55,331.95,72470
2026-02-18T12:00:00+05:30,331.95,332.3,330.9,331.85,104117
2026-02-18T12:15:00+05:30,331.9,332.45,330.5,331.1,115345
2026-02-18T12:30:00+05:30,331.1,331.75,331.0,331.3,52313
2026-02-18T12:45:00+05:30,331.25,331.8,331.1,331.5,51198
2026-02-18T13:00:00+05:30,331.5,332.2,331.05,331.75,80823
2026-02-18T13:15:00+05:30,331.75,332.45,331.65,331.7,56717
2026-02-18T13:30:00+05:30,331.7,332.05,331.5,331.7,48750
2026-02-18T13:45:00+05:30,331.85,333.6,331.75,332.55,158219
2026-02-18T14:00:00+05:30,332.6,333.45,332.45,333.1,71314
2026-02-18T14:15:00+05:30,333.0,333.5,332.35,333.15,225026
2026-02-18T14:30:00+05:30,333.15,333.15,330.8,331.3,131059
2026-02-18T14:45:00+05:30,331.25,333.1,331.2,332.9,261401
2026-02-18T15:00:00+05:30,333.05,334.75,332.9,334.05,404147
2026-02-18T15:15:00+05:30,334.05,334.5,332.9,334.0,498223
2026-02-19T09:15:00+05:30,333.95,337.8,332.3,335.3,562272
2026-02-19T09:30:00+05:30,335.5,335.5,332.55,332.85,241942
2026-02-19T09:45:00+05:30,332.75,333.75,332.65,332.85,90479
2026-02-19T10:00:00+05:30,332.85,333.0,331.85,332.3,125626
2026-02-19T10:15:00+05:30,332.3,333.2,332.2,332.85,66313
2026-02-19T10:30:00+05:30,333.0,333.45,332.05,333.05,87309
2026-02-19T10:45:00+05:30,333.2,333.2,326.6,328.7,1567861
2026-02-19T11:00:00+05:30,328.7,330.35,328.05,329.6,180546
2026-02-19T11:15:00+05:30,329.5,329.95,327.55,327.75,150464
2026-02-19T11:30:00+05:30,327.8,329.35,327.6,328.8,92252
2026-02-19T11:45:00+05:30,328.85,328.95,327.35,327.75,92555
2026-02-19T12:00:00+05:30,327.8,328.25,327.0,327.05,83688
2026-02-19T12:15:00+05:30,327.05,329.1,326.7,328.3,219579
2026-02-19T12:30:00+05:30,328.2,328.8,327.7,328.1,54259
2026-02-19T12:45:00+05:30,328.2,329.0,327.85,328.85,55107
2026-02-19T13:00:00+05:30,328.85,329.3,328.5,328.65,28144
2026-02-19T13:15:00+05:30,328.65,328.75,328.0,328.0,42815
2026-02-19T13:30:00+05:30,328.0,328.45,327.25,328.2,62418
2026-02-19T13:45:00+05:30,328.2,328.45,327.8,328.2,56225
2026-02-19T14:00:00+05:30,328.4,328.45,327.35,327.9,97200
2026-02-19T14:15:00+05:30,327.8,328.4,327.25,327.55,160033
2026-02-19T14:30:00+05:30,327.5,329.7,327.4,327.9,255061
2026-02-19T14:45:00+05:30,327.9,329.1,327.8,328.5,221561
2026-02-19T15:00:00+05:30,328.5,328.5,326.0,327.0,407241
2026-02-19T15:15:00+05:30,326.8,327.3,325.0,326.2,678275
2026-02-20T09:15:00+05:30,323.5,328.55,322.35,323.85,603152
2026-02-20T09:30:00+05:30,323.85,327.6,323.7,327.05,286651
2026-02-20T09:45:00+05:30,327.2,328.7,325.55,325.85,220790
2026-02-20T10:00:00+05:30,326.1,326.4,324.0,324.85,158661
2026-02-20T10:15:00+05:30,324.95,326.55,324.85,325.9,130172
2026-02-20T10:30:00+05:30,325.9,326.95,325.75,326.05,119106
2026-02-20T10:45:00+05:30,326.05,326.2,323.7,325.35,221292
2026-02-20T11:00:00+05:30,325.35,325.8,324.4,324.6,177012
2026-02-20T11:15:00+05:30,324.6,326.35,324.15,325.5,275806
2026-02-20T11:30:00+05:30,325.7,326.6,324.7,325.3,209035
2026-02-20T11:45:00+05:30,325.3,325.35,324.45,325.2,161516
2026-02-20T12:00:00+05:30,325.3,325.35,324.5,325.0,123236
2026-02-20T12:15:00+05:30,324.85,325.65,324.75,325.55,184983
2026-02-20T12:30:00+05:30,325.45,325.7,323.15,323.15,285330
2026-02-20T12:45:00+05:30,323.2,324.7,322.5,323.7,308016
2026-02-20T13:00:00+05:30,323.7,324.0,323.2,323.4,149545
2026-02-20T13:15:00+05:30,323.3,324.0,322.25,323.6,332832
2026-02-20T13:30:00+05:30,323.65,325.4,323.5,325.15,309375
2026-02-20T13:45:00+05:30,325.15,325.6,324.8,324.95,399513
2026-02-20T14:00:00+05:30,325.0,325.5,324.3,324.85,222854
2026-02-20T14:15:00+05:30,324.85,325.15,324.4,325.15,230423
2026-02-20T14:30:00+05:30,325.25,325.85,324.15,324.7,239978
2026-02-20T14:45:00+05:30,324.7,325.2,324.45,324.9,225304
2026-02-20T15:00:00+05:30,325.0,325.15,322.75,324.0,466398
2026-02-20T15:15:00+05:30,324.05,324.4,322.15,322.75,391541
2026-02-23T09:15:00+05:30,324.0,324.9,321.35,324.5,491838
2026-02-23T09:30:00+05:30,324.5,324.5,320.75,320.95,390735
2026-02-23T09:45:00+05:30,320.85,321.25,319.6,320.7,328375
2026-02-23T10:00:00+05:30,320.5,321.05,319.6,320.35,228428
2026-02-23T10:15:00+05:30,320.25,321.2,319.75,320.35,200051
2026-02-23T10:30:00+05:30,320.35,320.95,317.9,318.75,327823
2026-02-23T10:45:00+05:30,318.7,319.45,318.05,319.4,219616
2026-02-23T11:00:00+05:30,319.4,319.45,318.4,319.4,147543
2026-02-23T11:15:00+05:30,319.3,320.6,319.3,319.95,167612
2026-02-23T11:30:00+05:30,320.0,320.0,318.6,319.15,102291
2026-02-23T11:45:00+05:30,319.1,320.15,318.75,320.0,173343
2026-02-23T12:00:00+05:30,320.0,320.4,319.65,320.25,136735
2026-02-23T12:15:00+05:30,320.25,320.7,319.6,320.1,191390
2026-02-23T12:30:00+05:30,320.15,320.5,319.55,319.55,188700
2026-02-23T12:45:00+05:30,319.8,320.5,319.2,319.95,138986
2026-02-23T13:00:00+05:30,319.95,320.25,319.5,319.8,85813
2026-02-23T13:15:00+05:30,319.8,320.3,319.45,320.25,77724
2026-02-23T13:30:00+05:30,320.25,320.35,319.2,320.05,127192
2026-02-23T13:45:00+05:30,320.05,320.4,319.8,320.0,196932
2026-02-23T14:00:00+05:30,320.0,320.45,319.7,319.8,123359
2026-02-23T14:15:00+05:30,319.85,320.8,319.7,320.35,250888
2026-02-23T14:30:00+05:30,320.5,321.4,320.15,320.4,254573
2026-02-23T14:45:00+05:30,320.4,321.05,320.05,320.85,232519
2026-02-23T15:00:00+05:30,320.85,321.65,320.6,321.15,411626
2026-02-23T15:15:00+05:30,321.15,321.5,319.9,320.45,537066
2026-02-24T09:15:00+05:30,318.2,322.35,313.4,313.9,1020431
2026-02-24T09:30:00+05:30,313.9,315.0,312.25,314.55,484571
2026-02-24T09:45:00+05:30,314.55,315.8,313.65,315.0,396394
2026-02-24T10:00:00+05:30,315.15,316.35,314.2,315.4,302437
2026-02-24T10:15:00+05:30,315.2,316.0,314.85,315.7,105597
2026-02-24T10:30:00+05:30,315.7,316.35,315.6,316.1,112163
2026-02-24T10:45:00+05:30,316.05,316.35,315.25,316.2,165274
2026-02-24T11:00:00+05:30,316.2,316.95,315.6,316.55,136046
2026-02-24T11:15:00+05:30,316.4,317.1,315.75,315.95,199681
2026-02-24T11:30:00+05:30,316.0,316.0,313.5,314.0,282601
2026-02-24T11:45:00+05:30,314.0,314.6,313.05,313.2,268395
2026-02-24T12:00:00+05:30,313.15,313.6,312.65,313.0,173085
2026-02-24T12:15:00+05:30,313.0,313.1,311.85,312.5,277047
2026-02-24T12:30:00+05:30,312.7,312.9,312.25,312.4,88578
2026-02-24T12:45:00+05:30,312.4,312.5,311.9,312.35,93049
2026-02-24T13:00:00+05:30,312.35,312.5,311.6,312.0,115292
2026-02-24T13:15:00+05:30,312.0,312.2,310.9,310.9,191729
2026-02-24T13:30:00+05:30,310.95,312.05,310.55,312.05,303203
2026-02-24T13:45:00+05:30,312.0,313.5,312.0,313.05,346095
2026-02-24T14:00:00+05:30,313.2,314.45,313.05,313.4,368101
2026-02-24T14:15:00+05:30,313.4,313.5,313.0,313.3,145882
2026-02-24T14:30:00+05:30,313.35,313.5,312.0,312.65,322185
2026-02-24T14:45:00+05:30,312.65,313.6,312.3,313.45,212677
2026-02-24T15:00:00+05:30,313.4,314.4,313.35,313.7,594115
2026-02-24T15:15:00+05:30,313.7,314.7,313.5,314.4,617102
2026-02-25T09:15:00+05:30,316.05,317.6,314.2,314.2,516097
2026-02-25T09:30:00+05:30,314.2,314.35,310.75,310.95,594150
2026-02-25T09:45:00+05:30,310.95,312.7,310.8,312.05,295028
2026-02-25T10:00:00+05:30,312.1,312.9,311.85,312.15,148363
2026-02-25T10:15:00+05:30,312.2,313.4,311.6,312.95,160811
2026-02-25T10:30:00+05:30,313.1,313.5,310.5,311.0,288744
2026-02-25T10:45:00+05:30,311.0,311.95,310.65,311.7,388567
2026-02-25T11:00:00+05:30,311.75,312.4,311.55,312.15,189302
2026-02-25T11:15:00+05:30,312.25,313.35,310.75,310.9,247094
2026-02-25T11:30:00+05:30,311.0,312.3,310.9,312.05,227306
2026-02-25T11:45:00+05:30,312.05,312.25,311.0,311.45,168511
2026-02-25T12:00:00+05:30,311.45,311.95,310.45,310.75,735812
2026-02-25T12:15:00+05:30,310.75,311.35,310.45,310.5,471999
2026-02-25T12:30:00+05:30,310.45,310.95,309.05,309.85,646498
2026-02-25T12:45:00+05:30,310.0,310.05,307.6,307.9,1208626
2026-02-25T13:00:00+05:30,307.7,308.9,307.15,308.0,480062
2026-02-25T13:15:00+05:30,307.85,308.25,307.3,307.5,194565
2026-02-25T13:30:00+05:30,307.5,308.0,307.35,307.55,173540
2026-02-25T13:45:00+05:30,307.55,308.0,307.5,307.7,157782
2026-02-25T14:00:00+05:30,307.7,308.0,307.3,307.7,202150
2026-02-25T14:15:00+05:30,307.7,310.25,307.6,309.45,561996
2026-02-25T14:30:00+05:30,309.45,309.75,307.4,307.5,242359
2026-02-25T14:45:00+05:30,307.5,308.6,307.5,308.2,286653
2026-02-25T15:00:00+05:30,308.15,308.6,307.25,307.25,573520
2026-02-25T15:15:00+05:30,307.25,308.5,304.0,307.5,1345139
2026-02-26T09:15:00+05:30,309.0,311.9,307.2,307.65,695019
2026-02-26T09:30:00+05:30,307.85,311.2,307.0,309.75,485741
2026-02-26T09:45:00+05:30,309.75,310.6,307.3,307.5,334130
2026-02-26T10:00:00+05:30,307.5,308.2,307.25,307.5,153569
2026-02-26T10:15:00+05:30,307.7,309.05,307.35,307.9,174321
2026-02-26T10:30:00+05:30,307.9,308.55,307.7,307.8,94986
2026-02-26T10:45:00+05:30,307.8,308.5,306.4,306.5,165781
2026-02-26T11:00:00+05:30,306.5,307.8,306.3,307.3,641487
2026-02-26T11:15:00+05:30,307.3,308.45,306.7,307.55,96548
2026-02-26T11:30:00+05:30,307.65,307.65,306.45,307.0,232924
2026-02-26T11:45:00+05:30,307.0,307.05,305.8,306.05,213446
2026-02-26T12:00:00+05:30,305.95,306.45,305.9,306.25,245120
2026-02-26T12:15:00+05:30,306.25,306.5,305.35,305.7,315077
2026-02-26T12:30:00+05:30,305.8,306.25,305.0,305.4,273511
2026-02-26T12:45:00+05:30,305.5,305.7,305.25,305.35,79480
2026-02-26T13:00:00+05:30,305.35,305.85,304.8,305.1,109450
2026-02-26T13:15:00+05:30,305.25,305.45,304.75,304.9,207661
2026-02-26T13:30:00+05:30,305.0,305.8,304.75,305.8,126015
2026-02-26T13:45:00+05:30,305.6,306.2,305.25,305.65,214168
2026-02-26T14:00:00+05:30,305.8,306.65,305.3,306.45,140411
2026-02-26T14:15:00+05:30,306.5,307.5,306.0,306.9,411779
2026-02-26T14:30:00+05:30,306.9,308.05,306.9,307.7,1486319
2026-02-26T14:45:00+05:30,307.7,307.95,307.35,307.5,243946
2026-02-26T15:00:00+05:30,307.55,307.95,306.25,306.35,382581
2026-02-26T15:15:00+05:30,306.4,307.0,306.3,306.9,327314
2026-02-27T09:15:00+05:30,308.0,308.0,305.5,306.25,347799
2026-02-27T09:30:00+05:30,306.3,306.8,305.6,306.45,186894
2026-02-27T09:45:00+05:30,306.45,306.8,305.55,306.05,278161
2026-02-27T10:00:00+05:30,306.15,306.6,305.0,305.8,327308
2026-02-27T10:15:00+05:30,305.7,306.7,304.8,306.2,353556
2026-02-27T10:30:00+05:30,306.25,307.35,306.0,306.25,197547
2026-02-27T10:45:00+05:30,306.4,307.5,306.0,306.8,168717
2026-02-27T11:00:00+05:30,306.85,307.9,306.75,307.6,84212
2026-02-27T11:15:00+05:30,307.65,307.9,306.8,307.15,97643
2026-02-27T11:30:00+05:30,307.3,307.7,306.6,307.5,97472
2026-02-27T11:45:00+05:30,307.6,308.5,307.05,307.65,748964
2026-02-27T12:00:00+05:30,307.7,307.9,306.95,307.05,74742
2026-02-27T12:15:00+05:30,307.05,307.05,306.1,306.3,70503
2026-02-27T12:30:00+05:30,306.35,306.6,305.2,305.4,94322
2026-02-27T12:45:00+05:30,305.4,306.45,305.35,305.75,90719
2026-02-27T13:00:00+05:30,305.8,307.0,305.75,306.55,134945
2026-02-27T13:15:00+05:30,306.5,307.4,306.4,306.6,109842
2026-02-27T13:30:00+05:30,306.6,307.3,306.5,307.05,159872
2026-02-27T13:45:00+05:30,307.1,307.4,306.2,307.35,83142
2026-02-27T14:00:00+05:30,307.35,307.55,306.75,307.05,241504
2026-02-27T14:15:00+05:30,307.2,307.25,305.8,306.05,233602
2026-02-27T14:30:00+05:30,306.0,306.95,305.75,306.0,275086
2026-02-27T14:45:00+05:30,306.05,306.35,305.3,305.5,318681
2026-02-27T15:00:00+05:30,305.5,305.5,299.7,300.9,4365427
2026-02-27T15:15:00+05:30,300.95,304.3,298.35,300.05,4524008
2026-03-02T09:15:00+05:30,290.2,298.0,289.8,293.5,1326086
2026-03-02T09:30:00+05:30,293.7,295.3,293.5,294.4,612297
2026-03-02T09:45:00+05:30,294.4,296.95,293.8,295.25,521383
2026-03-02T10:00:00+05:30,295.25,295.7,293.55,294.15,295736
2026-03-02T10:15:00+05:30,294.15,295.1,293.05,293.45,378668
2026-03-02T10:30:00+05:30,293.4,294.35,293.15,293.3,286850
2026-03-02T10:45:00+05:30,293.45,293.45,292.45,292.95,322946
2026-03-02T11:00:00+05:30,292.95,293.25,292.2,292.7,331207
2026-03-02T11:15:00+05:30,292.75,292.9,291.55,291.75,225775
2026-03-02T11:30:00+05:30,291.75,291.85,291.0,291.65,238633
2026-03-02T11:45:00+05:30,291.65,292.15,290.65,290.65,236612
2026-03-02T12:00:00+05:30,290.8,291.55,289.15,290.5,487492
2026-03-02T12:15:00+05:30,290.3,291.3,289.05,289.75,1045044
2026-03-02T12:30:00+05:30,289.75,290.0,289.0,289.55,308268
2026-03-02T12:45:00+05:30,289.55,290.55,289.25,289.8,311218
2026-03-02T13:00:00+05:30,289.85,290.0,289.05,289.4,192266
2026-03-02T13:15:00+05:30,289.4,289.65,288.6,288.8,265791
2026-03-02T13:30:00+05:30,288.8,289.05,287.9,288.5,348964
2026-03-02T13:45:00+05:30,288.5,288.85,287.3,287.8,296285
2026-03-02T14:00:00+05:30,287.8,290.0,287.0,289.7,784461
2026-03-02T14:15:00+05:30,289.85,290.0,288.65,289.0,413625
2026-03-02T14:30:00+05:30,289.0,290.0,287.65,289.65,374313
2026-03-02T14:45:00+05:30,289.6,289.95,288.75,289.05,307868
2026-03-02T15:00:00+05:30,289.05,289.6,287.55,288.25,738700
2026-03-02T15:15:00+05:30,288.25,291.9,288.25,289.85,1462492
2026-03-04T09:15:00+05:30,280.3,293.85,280.3,293.35,2916009
2026-03-04T09:30:00+05:30,293.35,295.85,291.3,295.55,1382945
2026-03-04T09:45:00+05:30,295.65,295.75,292.15,293.65,949861
2026-03-04T10:00:00+05:30,293.65,298.75,293.05,298.2,1356418
2026-03-04T10:15:00+05:30,298.25,298.25,294.6,295.65,875880
2026-03-04T10:30:00+05:30,295.65,298.85,293.8,294.55,1935733
2026-03-04T10:45:00+05:30,294.55,295.45,293.3,293.8,760509
2026-03-04T11:00:00+05:30,293.8,296.5,293.45,295.6,415786
2026-03-04T11:15:00+05:30,295.6,296.0,293.85,294.2,213523
2026-03-04T11:30:00+05:30,294.2,295.15,293.7,294.0,315493
2026-03-04T11:45:00+05:30,294.0,294.6,293.15,293.8,209451
2026-03-04T12:00:00+05:30,293.85,294.2,292.8,293.05,205947
2026-03-04T12:15:00+05:30,292.95,293.9,292.1,292.6,292197
2026-03-04T12:30:00+05:30,292.6,292.9,291.65,292.2,231337
2026-03-04T12:45:00+05:30,292.2,293.0,291.9,292.65,213806
2026-03-04T13:00:00+05:30,292.65,293.4,292.3,293.35,292059
2026-03-04T13:15:00+05:30,293.25,298.0,293.15,297.25,577682
2026-03-04T13:30:00+05:30,297.25,297.9,295.1,296.0,442200
2026-03-04T13:45:00+05:30,295.9,295.95,295.05,295.4,160050
2026-03-04T14:00:00+05:30,295.55,298.2,295.4,298.1,476008
2026-03-04T14:15:00+05:30,298.1,300.2,297.5,297.7,1342257
2026-03-04T14:30:00+05:30,297.7,298.75,297.0,298.05,343310
2026-03-04T14:45:00+05:30,298.15,299.05,297.35,298.55,519580
2026-03-04T15:00:00+05:30,298.75,299.45,297.1,297.15,901354
2026-03-04T15:15:00+05:30,297.15,298.2,293.8,294.45,1042602
2026-03-05T09:15:00+05:30,296.1,298.25,293.7,294.0,737359
2026-03-05T09:30:00+05:30,294.0,294.1,291.85,292.35,314918
2026-03-05T09:45:00+05:30,292.3,293.55,291.5,291.7,247775
2026-03-05T10:00:00+05:30,291.7,291.95,291.0,291.35,182394
2026-03-05T10:15:00+05:30,291.4,291.8,290.1,290.4,185281
2026-03-05T10:30:00+05:30,290.4,292.6,290.0,291.8,261717
2026-03-05T10:45:00+05:30,291.8,291.8,290.0,290.95,160311
2026-03-05T11:00:00+05:30,290.95,290.95,289.7,290.15,189766
2026-03-05T11:15:00+05:30,290.15,290.15,289.1,289.15,135295
2026-03-05T11:30:00+05:30,289.35,289.6,288.7,289.3,153751
2026-03-05T11:45:00+05:30,289.2,290.6,289.1,290.3,144634
2026-03-05T12:00:00+05:30,290.3,292.4,290.15,291.55,366510
2026-03-05T12:15:00+05:30,291.55,293.85,291.25,293.0,155498
2026-03-05T12:30:00+05:30,293.0,294.2,292.95,293.55,230401
2026-03-05T12:45:00+05:30,293.65,295.8,293.4,295.0,223070
2026-03-05T13:00:00+05:30,295.0,295.65,294.45,294.7,260154
2026-03-05T13:15:00+05:30,294.75,295.4,294.55,295.35,124717
2026-03-05T13:30:00+05:30,295.35,295.5,294.95,295.15,111588
2026-03-05T13:45:00+05:30,295.2,295.5,294.85,295.15,86910
2026-03-05T14:00:00+05:30,295.15,295.45,294.95,295.3,123481
2026-03-05T14:15:00+05:30,295.4,296.55,295.0,296.3,153468
2026-03-05T14:30:00+05:30,296.45,297.7,295.5,297.45,202681
2026-03-05T14:45:00+05:30,297.4,299.65,297.4,299.55,461322
2026-03-05T15:00:00+05:30,299.55,299.85,297.75,297.9,428656
2026-03-05T15:15:00+05:30,297.9,299.0,297.2,298.1,503205
2026-03-06T09:15:00+05:30,298.1,301.5,295.95,301.3,513509
2026-03-06T09:30:00+05:30,301.25,301.25,299.2,300.0,237124
2026-03-06T09:45:00+05:30,300.1,300.1,298.25,298.6,210279
2026-03-06T10:00:00+05:30,298.6,299.9,298.15,299.45,199546
2026-03-06T10:15:00+05:30,299.6,299.95,299.0,299.65,147489
2026-03-06T10:30:00+05:30,299.65,300.3,299.0,299.75,121810
2026-03-06T10:45:00+05:30,299.85,300.1,298.6,299.2,191686
2026-03-06T11:00:00+05:30,299.4,300.35,298.95,299.0,129421
2026-03-06T11:15:00+05:30,299.0,300.85,298.6,300.15,184596
2026-03-06T11:30:00+05:30,300.15,301.0,299.95,300.75,123915
2026-03-06T11:45:00+05:30,300.75,301.45,300.3,300.75,121088
2026-03-06T12:00:00+05:30,300.75,300.95,300.0,300.45,113601
2026-03-06T12:15:00+05:30,300.45,301.0,300.0,300.15,129775
2026-03-06T12:30:00+05:30,300.4,300.55,299.6,299.8,240541
2026-03-06T12:45:00+05:30,300.0,300.1,299.5,299.75,181158
2026-03-06T13:00:00+05:30,299.8,300.0,298.65,298.7,452051
2026-03-06T13:15:00+05:30,298.65,299.25,298.3,298.65,105768
2026-03-06T13:30:00+05:30,298.75,298.9,298.35,298.7,62669
2026-03-06T13:45:00+05:30,298.7,299.75,298.55,299.4,138911
2026-03-06T14:00:00+05:30,299.4,301.0,299.25,300.8,174796
2026-03-06T14:15:00+05:30,300.7,303.5,300.45,302.9,456282
2026-03-06T14:30:00+05:30,302.8,302.8,301.75,302.2,223623
2026-03-06T14:45:00+05:30,302.2,302.6,300.8,302.05,552190
2026-03-06T15:00:00+05:30,302.1,302.15,300.25,301.35,717942
2026-03-06T15:15:00+05:30,301.4,302.4,300.95,302.0,860059
2026-03-09T09:15:00+05:30,295.85,296.6,291.3,292.7,468747
2026-03-09T09:30:00+05:30,292.65,297.15,292.5,295.5,447700
2026-03-09T09:45:00+05:30,295.45,296.6,293.8,293.85,223586
2026-03-09T10:00:00+05:30,293.8,295.8,293.75,293.75,224334
2026-03-09T10:15:00+05:30,293.8,294.4,292.5,294.0,224547
2026-03-09T10:30:00+05:30,293.95,294.05,293.0,293.7,108120
2026-03-09T10:45:00+05:30,293.75,295.7,292.65,295.15,132320
2026-03-09T11:00:00+05:30,295.15,295.65,294.55,295.5,77065
2026-03-09T11:15:00+05:30,295.4,296.45,294.9,296.15,56715
2026-03-09T11:30:00+05:30,296.3,296.7,296.0,296.1,43868
2026-03-09T11:45:00+05:30,296.1,297.6,295.0,297.6,118814
2026-03-09T12:00:00+05:30,297.6,299.8,297.35,299.8,236104
2026-03-09T12:15:00+05:30,299.6,299.75,298.4,299.3,178589
2026-03-09T12:30:00+05:30,299.3,299.75,297.8,298.2,197801
2026-03-09T12:45:00+05:30,298.2,298.3,296.6,298.0,103503
2026-03-09T13:00:00+05:30,298.0,298.0,297.3,297.75,46021
2026-03-09T13:15:00+05:30,297.75,298.0,296.3,297.35,78009
2026-03-09T13:30:00+05:30,297.35,298.85,297.25,298.6,73327
2026-03-09T13:45:00+05:30,298.55,298.9,297.85,298.5,112909
2026-03-09T14:00:00+05:30,298.55,299.45,297.95,298.9,148493
2026-03-09T14:15:00+05:30,298.9,300.0,298.8,299.35,157249
2026-03-09T14:30:00+05:30,299.4,299.75,298.7,299.4,145689
2026-03-09T14:45:00+05:30,299.3,301.25,299.3,300.0,349124
2026-03-09T15:00:00+05:30,300.1,301.5,299.6,301.4,475116
2026-03-09T15:15:00+05:30,301.4,303.0,301.2,301.5,361686
2026-03-10T09:15:00+05:30,304.7,306.2,300.1,300.45,475652
2026-03-10T09:30:00+05:30,300.6,301.25,299.3,301.0,289274
2026-03-10T09:45:00+05:30,301.0,301.25,296.7,297.1,310277
2026-03-10T10:00:00+05:30,297.1,299.45,297.0,299.35,185872
2026-03-10T10:15:00+05:30,299.4,300.0,298.5,298.5,86295
2026-03-10T10:30:00+05:30,298.5,299.1,297.2,298.3,123227
2026-03-10T10:45:00+05:30,298.3,299.3,298.1,298.2,110989
2026-03-10T11:00:00+05:30,298.2,298.75,298.0,298.75,73711
2026-03-10T11:15:00+05:30,298.85,298.95,295.25,297.55,279576
2026-03-10T11:30:00+05:30,297.6,298.55,296.55,297.8,300135
2026-03-10T11:45:00+05:30,297.8,298.0,296.8,297.2,390756
2026-03-10T12:00:00+05:30,297.25,298.45,297.1,297.4,252378
2026-03-10T12:15:00+05:30,297.4,297.75,296.5,296.6,295842
2026-03-10T12:30:00+05:30,296.6,296.9,294.5,294.55,429122
2026-03-10T12:45:00+05:30,294.55,296.85,294.4,296.8,139360
2026-03-10T13:00:00+05:30,296.85,296.85,296.0,296.4,79877
2026-03-10T13:15:00+05:30,296.45,296.5,296.0,296.45,46599
2026-03-10T13:30:00+05:30,296.4,296.8,296.1,296.35,115615
2026-03-10T13:45:00+05:30,296.35,296.55,296.15,296.5,85784
2026-03-10T14:00:00+05:30,296.5,296.95,296.2,296.3,126536
2026-03-10T14:15:00+05:30,296.45,296.5,294.5,295.1,215073
2026-03-10T14:30:00+05:30,294.9,295.45,294.4,295.1,136519
2026-03-10T14:45:00+05:30,295.0,296.35,294.75,295.65,145868
2026-03-10T15:00:00+05:30,295.65,295.75,294.0,294.3,475316
2026-03-10T15:15:00+05:30,294.4,295.25,293.8,294.95,791724
2026-03-11T09:15:00+05:30,293.5,296.4,290.8,294.5,595227
2026-03-11T09:30:00+05:30,294.45,294.85,291.95,292.9,343358
2026-03-11T09:45:00+05:30,292.95,293.45,292.0,292.05,186589
2026-03-11T10:00:00+05:30,292.1,292.6,291.85,292.15,94127
2026-03-11T10:15:00+05:30,292.1,292.5,291.5,292.15,117603
2026-03-11T10:30:00+05:30,292.05,292.85,291.35,291.5,128889
2026-03-11T10:45:00+05:30,291.5,291.95,290.25,291.25,308085
2026-03-11T11:00:00+05:30,291.15,291.6,290.65,290.85,143763
2026-03-11T11:15:00+05:30,291.0,291.0,289.65,290.2,183452
2026-03-11T11:30:00+05:30,290.1,290.2,288.25,288.35,172001
2026-03-11T11:45:00+05:30,288.35,288.9,287.7,288.2,250625
2026-03-11T12:00:00+05:30,288.2,290.75,288.0,290.25,342306
2026-03-11T12:15:00+05:30,290.45,290.8,289.55,289.85,220332
2026-03-11T12:30:00+05:30,289.8,291.35,289.3,291.3,190953
2026-03-11T12:45:00+05:30,291.3,291.3,290.15,290.9,87051
2026-03-11T13:00:00+05:30,290.75,290.75,289.15,289.5,129129
2026-03-11T13:15:00+05:30,289.35,290.3,288.8,289.9,117984
2026-03-11T13:30:00+05:30,289.9,290.5,289.15,289.35,98738
2026-03-11T13:45:00+05:30,289.35,289.4,287.8,288.2,169428
2026-03-11T14:00:00+05:30,288.2,288.3,287.2,287.55,150057
2026-03-11T14:15:00+05:30,287.45,288.65,286.55,287.95,290681
2026-03-11T14:30:00+05:30,287.95,288.45,286.75,286.8,395227
2026-03-11T14:45:00+05:30,286.8,286.95,285.85,285.9,427167
2026-03-11T15:00:00+05:30,285.95,286.7,284.05,284.55,565902
2026-03-11T15:15:00+05:30,284.5,285.3,283.05,283.75,1252994
2026-03-12T09:15:00+05:30,281.0,282.9,273.0,273.85,1495891
2026-03-12T09:30:00+05:30,273.85,276.5,271.1,275.0,1112690
2026-03-12T09:45:00+05:30,275.1,277.45,273.9,277.3,833614
2026-03-12T10:00:00+05:30,277.3,279.65,276.35,276.65,709912
2026-03-12T10:15:00+05:30,276.8,279.0,276.05,278.6,341783
2026-03-12T10:30:00+05:30,278.6,279.95,277.5,279.3,351450
2026-03-12T10:45:00+05:30,279.25,282.5,278.5,281.4,383674
2026-03-12T11:00:00+05:30,281.35,283.5,281.2,282.8,376439
2026-03-12T11:15:00+05:30,282.95,283.3,281.65,282.4,216304
2026-03-12T11:30:00+05:30,282.25,284.0,281.55,283.8,268198
2026-03-12T11:45:00+05:30,283.8,284.35,283.05,283.95,337604
2026-03-12T12:00:00+05:30,283.9,285.6,283.0,284.15,413576
2026-03-12T12:15:00+05:30,284.05,284.25,282.6,283.6,286652
2026-03-12T12:30:00+05:30,283.6,283.8,281.6,281.95,413280
2026-03-12T12:45:00+05:30,281.95,282.15,280.55,280.85,310700
2026-03-12T13:00:00+05:30,280.85,281.1,280.05,280.95,365259
2026-03-12T13:15:00+05:30,281.05,282.15,280.25,282.15,273361
2026-03-12T13:30:00+05:30,282.25,284.35,281.75,283.55,350096
2026-03-12T13:45:00+05:30,283.55,283.6,281.85,282.15,224114
2026-03-12T14:00:00+05:30,282.2,283.05,281.95,282.9,222362
2026-03-12T14:15:00+05:30,282.75,283.9,282.65,282.75,281375
2026-03-12T14:30:00+05:30,282.7,283.05,281.9,281.9,340960
2026-03-12T14:45:00+05:30,281.75,282.45,280.9,282.0,377928
2026-03-12T15:00:00+05:30,282.1,282.1,280.0,280.1,1440588
2026-03-12T15:15:00+05:30,280.15,282.3,279.75,282.2,2281961
2026-03-13T09:15:00+05:30,281.0,287.75,281.0,283.3,1052494
2026-03-13T09:30:00+05:30,283.35,285.35,282.2,282.4,1491050
2026-03-13T09:45:00+05:30,282.4,283.9,282.3,282.85,350585
2026-03-13T10:00:00+05:30,282.85,285.0,282.7,284.5,445986
2026-03-13T10:15:00+05:30,284.5,284.9,282.75,283.75,375227
2026-03-13T10:30:00+05:30,283.7,283.9,282.5,283.4,873918
2026-03-13T10:45:00+05:30,283.4,285.75,282.7,285.2,976760
2026-03-13T11:00:00+05:30,285.1,285.2,283.0,283.3,256310
2026-03-13T11:15:00+05:30,283.3,284.3,283.05,283.85,185538
2026-03-13T11:30:00+05:30,283.85,284.2,283.05,283.3,242020
2026-03-13T11:45:00+05:30,283.3,283.8,282.5,282.75,229489
2026-03-13T12:00:00+05:30,282.65,283.25,282.15,282.9,223340
2026-03-13T12:15:00+05:30,283.0,283.1,280.35,280.8,387699
2026-03-13T12:30:00+05:30,280.8,281.75,280.3,280.95,514001
2026-03-13T12:45:00+05:30,280.95,281.95,280.85,281.1,196956
2026-03-13T13:00:00+05:30,281.05,282.0,281.0,281.3,170433
2026-03-13T13:15:00+05:30,281.3,281.75,280.1,281.5,357734
2026-03-13T13:30:00+05:30,281.4,281.65,281.0,281.45,198818
2026-03-13T13:45:00+05:30,281.35,281.8,280.55,280.8,279894
2026-03-13T14:00:00+05:30,280.8,282.9,280.7,282.9,301315
2026-03-13T14:15:00+05:30,282.9,284.0,282.25,283.65,252578
2026-03-13T14:30:00+05:30,283.55,284.0,282.85,283.5,342548
2026-03-13T14:45:00+05:30,283.5,283.55,282.1,282.8,293808
2026-03-13T15:00:00+05:30,282.75,283.85,282.25,283.6,769154
2026-03-13T15:15:00+05:30,283.4,283.6,281.2,282.0,2345082
2026-03-16T09:15:00+05:30,279.65,284.3,279.3,283.95,647965
2026-03-16T09:30:00+05:30,283.95,285.4,283.4,283.45,224794
2026-03-16T09:45:00+05:30,283.6,284.05,281.7,282.1,187052
2026-03-16T10:00:00+05:30,282.15,282.4,280.3,280.5,251904
2026-03-16T10:15:00+05:30,280.35,280.35,277.15,277.25,281645
2026-03-16T10:30:00+05:30,277.25,278.55,276.65,277.15,246239
2026-03-16T10:45:00+05:30,277.15,277.5,275.6,277.35,119489
2026-03-16T11:00:00+05:30,277.35,279.5,277.0,278.3,171467
2026-03-16T11:15:00+05:30,278.3,280.05,278.2,278.35,147770
2026-03-16T11:30:00+05:30,278.35,279.7,278.15,278.35,96237
2026-03-16T11:45:00+05:30,278.35,278.8,277.65,277.75,58048
2026-03-16T12:00:00+05:30,277.9,279.4,277.8,279.05,62668
2026-03-16T12:15:00+05:30,279.1,279.9,278.6,278.9,117178
2026-03-16T12:30:00+05:30,278.9,278.9,277.25,277.75,93164
2026-03-16T12:45:00+05:30,277.85,278.75,277.35,278.5,107009
2026-03-16T13:00:00+05:30,278.5,278.7,276.75,277.15,107736
2026-03-16T13:15:00+05:30,277.15,277.6,276.15,277.2,63571
2026-03-16T13:30:00+05:30,277.0,278.2,277.0,277.4,64673
2026-03-16T13:45:00+05:30,277.4,278.0,276.85,277.1,108467
2026-03-16T14:00:00+05:30,277.15,278.2,276.8,277.7,113861
2026-03-16T14:15:00+05:30,277.7,281.4,277.35,281.4,313613
2026-03-16T14:30:00+05:30,281.4,285.45,280.85,285.05,954445
2026-03-16T14:45:00+05:30,285.1,285.8,284.05,285.45,2259036
2026-03-16T15:00:00+05:30,285.45,285.45,283.8,284.85,1812239
2026-03-16T15:15:00+05:30,284.85,285.0,282.15,282.55,682184
2026-03-17T09:15:00+05:30,284.1,286.9,281.6,286.2,421540
2026-03-17T09:30:00+05:30,286.4,289.95,284.95,289.5,603079
2026-03-17T09:45:00+05:30,289.5,289.95,286.65,289.5,381607
2026-03-17T10:00:00+05:30,289.6,291.35,289.6,290.35,463494
2026-03-17T10:15:00+05:30,290.2,291.65,288.35,289.65,1438418
2026-03-17T10:30:00+05:30,289.55,290.4,288.8,290.05,328139
2026-03-17T10:45:00+05:30,290.0,291.6,289.95,291.0,275317
2026-03-17T11:00:00+05:30,290.95,291.7,290.7,290.9,166791
2026-03-17T11:15:00+05:30,290.9,291.0,290.1,290.3,111294
2026-03-17T11:30:00+05:30,290.4,290.9,290.0,290.5,152188
2026-03-17T11:45:00+05:30,290.45,290.8,289.2,289.5,374615
2026-03-17T12:00:00+05:30,289.5,291.55,289.25,291.1,223658
2026-03-17T12:15:00+05:30,291.15,291.3,290.05,290.5,170389
2026-03-17T12:30:00+05:30,290.5,291.2,290.25,290.9,190263
2026-03-17T12:45:00+05:30,291.0,292.05,290.8,291.45,324514
2026-03-17T13:00:00+05:30,291.45,293.85,291.15,292.3,660617
2026-03-17T13:15:00+05:30,292.3,293.2,292.25,293.1,297600
2026-03-17T13:30:00+05:30,293.15,294.25,292.35,292.55,631647
2026-03-17T13:45:00+05:30,292.55,295.8,292.5,294.9,356772
2026-03-17T14:00:00+05:30,295.0,295.7,294.5,295.05,242011
2026-03-17T14:15:00+05:30,295.05,295.1,291.35,291.6,534052
2026-03-17T14:30:00+05:30,291.7,294.0,291.4,293.6,825080
2026-03-17T14:45:00+05:30,293.6,294.3,293.0,294.3,202589
2026-03-17T15:00:00+05:30,294.3,294.6,292.65,293.1,414068
2026-03-17T15:15:00+05:30,293.05,293.9,291.8,293.0,503755
2026-03-18T09:15:00+05:30,295.0,297.2,292.8,296.25,399559
2026-03-18T09:30:00+05:30,296.15,296.5,294.3,295.85,197575
2026-03-18T09:45:00+05:30,295.85,296.9,295.6,296.2,160176
2026-03-18T10:00:00+05:30,296.1,296.9,295.4,296.8,216126
2026-03-18T10:15:00+05:30,296.9,299.0,296.9,298.3,246667
2026-03-18T10:30:00+05:30,298.35,300.5,298.05,298.6,267859
2026-03-18T10:45:00+05:30,298.65,300.75,298.5,300.4,178974
2026-03-18T11:00:00+05:30,300.4,300.75,299.65,300.2,125184
2026-03-18T11:15:00+05:30,300.3,300.6,299.2,299.75,119524
2026-03-18T11:30:00+05:30,299.65,300.45,299.0,299.15,110813
2026-03-18T11:45:00+05:30,299.2,299.75,298.6,299.7,48867
2026-03-18T12:00:00+05:30,299.7,299.75,298.7,299.15,97050
2026-03-18T12:15:00+05:30,299.15,299.5,298.6,298.6,79390
2026-03-18T12:30:00+05:30,298.65,298.85,298.1,298.35,81797
2026-03-18T12:45:00+05:30,298.45,298.5,297.6,297.6,144543
2026-03-18T13:00:00+05:30,297.6,299.5,297.55,299.15,172732
2026-03-18T13:15:00+05:30,299.3,299.55,298.15,298.4,168215
2026-03-18T13:30:00+05:30,298.4,298.65,298.1,298.45,54300
2026-03-18T13:45:00+05:30,298.45,299.5,298.2,298.95,116282
2026-03-18T14:00:00+05:30,298.95,299.1,297.45,297.75,174461
2026-03-18T14:15:00+05:30,297.65,298.85,297.55,297.75,236157
2026-03-18T14:30:00+05:30,297.6,298.2,297.15,297.5,251640
2026-03-18T14:45:00+05:30,297.5,299.0,297.2,298.7,363117
2026-03-18T15:00:00+05:30,298.6,298.95,297.95,298.45,450344
2026-03-18T15:15:00+05:30,298.5,299.5,297.75,298.25,575249
2026-03-19T09:15:00+05:30,294.55,294.55,287.7,289.95,642205
2026-03-19T09:30:00+05:30,289.9,290.0,288.8,289.7,145874
2026-03-19T09:45:00+05:30,289.65,290.25,288.1,288.8,154183
2026-03-19T10:00:00+05:30,288.75,288.9,287.15,287.35,155759
2026-03-19T10:15:00+05:30,287.2,288.25,286.5,287.05,118442
2026-03-19T10:30:00+05:30,287.05,289.9,286.9,289.25,132185
2026-03-19T10:45:00+05:30,289.25,289.65,288.0,289.0,130149
2026-03-19T11:00:00+05:30,289.0,289.15,286.8,286.9,156130
2026-03-19T11:15:00+05:30,286.9,287.0,286.0,286.75,226138
2026-03-19T11:30:00+05:30,286.75,287.8,286.7,287.6,114236
2026-03-19T11:45:00+05:30,287.65,288.35,287.3,287.6,84853
2026-03-19T12:00:00+05:30,287.6,288.15,286.25,288.0,119417
2026-03-19T12:15:00+05:30,287.95,288.0,285.75,287.85,118963
2026-03-19T12:30:00+05:30,288.0,288.75,287.6,288.4,128718
2026-03-19T12:45:00+05:30,288.4,289.0,287.8,288.1,126323
2026-03-19T13:00:00+05:30,288.25,288.35,287.55,287.85,84660
2026-03-19T13:15:00+05:30,287.8,287.9,286.85,286.85,103218
2026-03-19T13:30:00+05:30,287.0,287.25,286.0,286.3,207512
2026-03-19T13:45:00+05:30,286.3,286.5,284.8,285.2,252654
2026-03-19T14:00:00+05:30,285.2,285.4,283.5,283.75,185239
2026-03-19T14:15:00+05:30,283.6,284.9,282.95,284.1,500562
2026-03-19T14:30:00+05:30,284.05,285.45,283.65,285.05,422357
2026-03-19T14:45:00+05:30,284.95,284.95,281.8,282.05,377433
2026-03-19T15:00:00+05:30,282.05,283.15,281.15,282.7,360207
2026-03-19T15:15:00+05:30,282.7,284.95,282.55,284.85,411364
2026-03-20T09:15:00+05:30,285.9,287.3,284.05,284.6,680721
2026-03-20T09:30:00+05:30,284.7,287.45,284.2,284.4,426504
2026-03-20T09:45:00+05:30,284.4,286.5,284.15,285.95,263303
2026-03-20T10:00:00+05:30,285.95,286.55,285.2,286.3,211206
2026-03-20T10:15:00+05:30,286.3,287.95,285.25,287.4,423651
2026-03-20T10:30:00+05:30,287.45,290.5,286.4,290.2,450002
2026-03-20T10:45:00+05:30,290.25,292.15,288.75,289.85,499138
2026-03-20T11:00:00+05:30,289.6,290.35,289.2,289.55,289303
2026-03-20T11:15:00+05:30,289.55,290.7,289.05,289.1,274209
2026-03-20T11:30:00+05:30,289.1,289.5,287.5,287.55,183859
2026-03-20T11:45:00+05:30,287.5,288.15,285.9,286.15,340453
2026-03-20T12:00:00+05:30,286.15,286.6,285.35,285.6,286230
2026-03-20T12:15:00+05:30,285.6,288.15,284.4,287.65,679203
2026-03-20T12:30:00+05:30,287.65,287.8,284.4,286.55,553511
2026-03-20T12:45:00+05:30,286.5,286.85,284.8,284.8,170341
2026-03-20T13:00:00+05:30,284.8,285.45,284.4,284.85,156114
2026-03-20T13:15:00+05:30,284.7,286.0,284.2,285.5,200749
2026-03-20T13:30:00+05:30,285.5,285.75,283.35,283.65,235917
2026-03-20T13:45:00+05:30,283.75,284.4,283.55,283.6,248884
2026-03-20T14:00:00+05:30,283.75,284.0,282.55,282.7,360579
2026-03-20T14:15:00+05:30,282.85,284.5,282.6,284.15,513746
2026-03-20T14:30:00+05:30,284.15,284.7,282.8,283.35,625174
2026-03-20T14:45:00+05:30,283.35,286.3,282.4,283.1,1286117
2026-03-20T15:00:00+05:30,282.95,284.95,281.7,283.05,14073798
2026-03-20T15:15:00+05:30,283.0,284.85,280.0,280.75,13317650
2026-03-23T09:15:00+05:30,277.35,280.4,276.0,277.5,683024
2026-03-23T09:30:00+05:30,277.5,280.8,276.9,279.25,482521
2026-03-23T09:45:00+05:30,279.2,279.2,276.1,276.2,303021
2026-03-23T10:00:00+05:30,276.2,277.65,275.6,276.0,333624
2026-03-23T10:15:00+05:30,276.05,276.45,275.25,275.45,203444
2026-03-23T10:30:00+05:30,275.4,277.0,274.3,275.7,507086
2026-03-23T10:45:00+05:30,275.7,275.9,274.5,275.15,266858
2026-03-23T11:00:00+05:30,275.2,276.75,274.95,276.4,242130
2026-03-23T11:15:00+05:30,276.5,276.5,274.2,274.55,307706
2026-03-23T11:30:00+05:30,274.65,275.15,273.9,274.35,256181
2026-03-23T11:45:00+05:30,274.35,275.35,274.0,274.55,235670
2026-03-23T12:00:00+05:30,274.55,275.45,274.25,274.3,235803
2026-03-23T12:15:00+05:30,274.45,274.45,273.15,273.95,369982
2026-03-23T12:30:00+05:30,273.95,275.1,273.3,274.55,285645
2026-03-23T12:45:00+05:30,274.65,276.25,274.35,275.45,436111
2026-03-23T13:00:00+05:30,275.55,275.7,273.55,273.85,296391
2026-03-23T13:15:00+05:30,273.85,274.6,271.0,271.5,1555411
2026-03-23T13:30:00+05:30,271.45,272.7,271.4,272.5,332183
2026-03-23T13:45:00+05:30,272.55,272.95,268.2,268.6,1259416
2026-03-23T14:00:00+05:30,268.6,271.3,266.95,270.5,1855445
2026-03-23T14:15:00+05:30,270.35,271.2,270.0,270.45,1102250
2026-03-23T14:30:00+05:30,270.5,271.65,269.65,271.15,1349977
2026-03-23T14:45:00+05:30,271.2,273.6,270.1,273.25,1518363
2026-03-23T15:00:00+05:30,273.25,273.9,271.4,273.5,1573966
2026-03-23T15:15:00+05:30,273.3,273.9,270.95,272.55,1037771
2026-03-24T09:15:00+05:30,280.95,281.05,274.35,276.75,1190720
2026-03-24T09:30:00+05:30,276.75,277.45,272.8,273.35,761885
2026-03-24T09:45:00+05:30,273.45,273.7,271.6,271.85,507527
2026-03-24T10:00:00+05:30,271.85,272.5,271.1,271.45,326212
2026-03-24T10:15:00+05:30,271.35,272.2,271.05,271.15,225469
2026-03-24T10:30:00+05:30,271.15,271.3,269.1,269.4,238759
2026-03-24T10:45:00+05:30,269.35,270.0,268.4,269.0,243888
2026-03-24T11:00:00+05:30,269.0,272.0,268.9,271.1,320692
2026-03-24T11:15:00+05:30,271.2,272.3,270.65,271.65,261099
2026-03-24T11:30:00+05:30,271.65,274.15,271.6,273.95,396271
2026-03-24T11:45:00+05:30,273.95,275.35,273.6,275.2,242391
2026-03-24T12:00:00+05:30,275.2,279.85,274.95,279.6,679648
2026-03-24T12:15:00+05:30,279.6,281.2,278.35,279.3,713546
2026-03-24T12:30:00+05:30,279.4,282.3,279.35,281.25,377505
2026-03-24T12:45:00+05:30,281.4,281.9,279.85,280.95,300660
2026-03-24T13:00:00+05:30,280.95,281.35,280.0,280.75,196305
2026-03-24T13:15:00+05:30,280.85,282.1,280.55,282.05,174075
2026-03-24T13:30:00+05:30,282.05,282.1,281.0,281.25,133903
2026-03-24T13:45:00+05:30,281.3,281.5,279.6,280.05,197608
2026-03-24T14:00:00+05:30,280.05,280.85,279.65,280.5,223079
2026-03-24T14:15:00+05:30,280.55,281.0,279.85,280.75,154841
2026-03-24T14:30:00+05:30,280.75,280.8,278.2,278.35,391632
2026-03-24T14:45:00+05:30,278.45,278.7,275.5,277.65,925048
2026-03-24T15:00:00+05:30,277.6,277.7,274.5,274.95,2334304
2026-03-24T15:15:00+05:30,274.95,276.95,274.5,276.95,2090667
2026-03-25T09:15:00+05:30,282.1,288.2,280.95,287.8,1382198
2026-03-25T09:30:00+05:30,287.6,288.35,285.85,287.5,559486
2026-03-25T09:45:00+05:30,287.5,288.75,287.05,287.45,481469
2026-03-25T10:00:00+05:30,287.5,287.5,283.75,284.2,563505
2026-03-25T10:15:00+05:30,284.3,284.3,281.6,282.15,538477
2026-03-25T10:30:00+05:30,282.15,284.2,279.65,279.85,1600500
2026-03-25T10:45:00+05:30,279.85,279.9,278.2,278.65,413754
2026-03-25T11:00:00+05:30,278.65,279.7,276.55,277.0,559751
2026-03-25T11:15:00+05:30,277.15,277.8,275.05,275.15,769430
2026-03-25T11:30:00+05:30,275.2,275.75,272.05,272.35,861630
2026-03-25T11:45:00+05:30,272.25,275.3,272.25,274.2,893024
2026-03-25T12:00:00+05:30,274.4,275.7,273.9,275.1,546776
2026-03-25T12:15:00+05:30,275.1,275.65,274.35,274.6,444800
2026-03-25T12:30:00+05:30,274.7,276.4,274.25,276.15,686328
2026-03-25T12:45:00+05:30,276.15,276.45,275.0,276.15,553399
2026-03-25T13:00:00+05:30,276.15,276.45,275.7,276.15,461744
2026-03-25T13:15:00+05:30,276.25,276.4,274.6,274.8,649678
2026-03-25T13:30:00+05:30,274.8,278.4,274.75,277.2,994715
2026-03-25T13:45:00+05:30,277.1,277.2,276.1,276.75,479927
2026-03-25T14:00:00+05:30,276.65,277.0,275.4,275.6,341906
2026-03-25T14:15:00+05:30,275.6,276.0,274.0,275.0,519276
2026-03-25T14:30:00+05:30,275.0,276.85,274.55,276.7,1186789
2026-03-25T14:45:00+05:30,276.65,277.5,276.2,277.25,1139706
2026-03-25T15:00:00+05:30,277.25,277.9,276.1,276.8,1333317
2026-03-25T15:15:00+05:30,276.7,277.1,275.45,276.5,1810681
2026-03-27T09:15:00+05:30,276.0,278.0,273.5,277.1,1682279
2026-03-27T09:30:00+05:30,277.05,277.1,274.4,275.2,463637
2026-03-27T09:45:00+05:30,275.15,275.95,274.55,275.05,300102
2026-03-27T10:00:00+05:30,275.05,275.05,271.0,271.05,722596
2026-03-27T10:15:00+05:30,271.0,271.5,270.6,271.1,237816
2026-03-27T10:30:00+05:30,271.15,272.75,271.0,272.5,389238
2026-03-27T10:45:00+05:30,272.5,272.55,271.3,272.15,247544
2026-03-27T11:00:00+05:30,272.1,274.95,272.05,274.5,577393
2026-03-27T11:15:00+05:30,274.55,274.7,273.1,273.2,319811
2026-03-27T11:30:00+05:30,273.2,275.5,273.15,275.3,428839
2026-03-27T11:45:00+05:30,275.3,276.1,273.6,274.2,350957
2026-03-27T12:00:00+05:30,274.15,275.5,273.9,275.2,275788
2026-03-27T12:15:00+05:30,275.4,275.9,274.1,275.25,364265
2026-03-27T12:30:00+05:30,275.25,275.3,273.8,274.5,398333
2026-03-27T12:45:00+05:30,274.5,275.45,273.3,274.25,395239
2026-03-27T13:00:00+05:30,274.45,274.65,273.3,273.7,229891
2026-03-27T13:15:00+05:30,273.7,274.6,271.7,271.75,508563
2026-03-27T13:30:00+05:30,271.75,272.05,270.55,271.05,524758
2026-03-27T13:45:00+05:30,271.05,271.75,270.65,271.0,615172
2026-03-27T14:00:00+05:30,270.95,271.45,270.25,270.85,529737
2026-03-27T14:15:00+05:30,270.85,271.2,269.65,270.15,604242
2026-03-27T14:30:00+05:30,270.2,270.2,269.15,269.65,829201
2026-03-27T14:45:00+05:30,269.85,270.1,268.85,269.1,551915
2026-03-27T15:00:00+05:30,269.1,270.65,268.5,268.75,1219385
2026-03-27T15:15:00+05:30,268.75,269.3,266.3,267.95,1535445
2026-03-30T09:15:00+05:30,265.0,266.8,261.8,263.5,1228954
2026-03-30T09:30:00+05:30,263.6,265.2,263.35,263.9,557150
2026-03-30T09:45:00+05:30,263.95,264.4,262.9,263.2,327613
2026-03-30T10:00:00+05:30,263.15,264.0,261.65,262.5,375048
2026-03-30T10:15:00+05:30,262.5,262.7,260.4,261.05,335599
2026-03-30T10:30:00+05:30,260.9,261.15,259.55,260.4,617202
2026-03-30T10:45:00+05:30,260.3,261.25,259.35,259.7,692915
2026-03-30T11:00:00+05:30,259.7,260.5,259.15,259.85,521418
2026-03-30T11:15:00+05:30,259.85,260.65,259.2,259.35,387785
2026-03-30T11:30:00+05:30,259.35,260.15,258.75,259.1,368228
2026-03-30T11:45:00+05:30,259.1,259.9,258.6,259.6,199049
2026-03-30T12:00:00+05:30,259.55,260.7,259.35,259.9,307763
2026-03-30T12:15:00+05:30,259.85,261.7,259.6,261.0,517368
2026-03-30T12:30:00+05:30,261.0,262.3,260.8,261.9,220877
2026-03-30T12:45:00+05:30,261.9,261.95,260.6,260.95,166866
2026-03-30T13:00:00+05:30,260.95,261.7,260.2,261.0,257634
2026-03-30T13:15:00+05:30,261.0,261.45,259.7,260.35,373789
2026-03-30T13:30:00+05:30,260.35,261.4,259.6,259.85,516143
2026-03-30T13:45:00+05:30,259.85,260.1,258.25,258.45,309988
2026-03-30T14:00:00+05:30,258.5,260.0,258.45,259.9,516806
2026-03-30T14:15:00+05:30,259.9,260.7,259.3,259.65,783448
2026-03-30T14:30:00+05:30,259.65,260.9,259.5,260.5,801892
2026-03-30T14:45:00+05:30,260.55,261.0,260.35,260.45,641508
2026-03-30T15:00:00+05:30,260.45,260.45,259.2,259.75,2035660
2026-03-30T15:15:00+05:30,259.8,264.95,258.75,263.0,2078887
2026-04-01T09:15:00+05:30,270.0,273.0,264.05,266.4,1327493
2026-04-01T09:30:00+05:30,266.3,266.45,262.75,264.25,738143
2026-04-01T09:45:00+05:30,264.25,267.95,264.15,267.45,1515685
2026-04-01T10:00:00+05:30,267.45,269.7,267.25,269.35,965198
2026-04-01T10:15:00+05:30,269.25,269.9,267.0,268.5,807807
2026-04-01T10:30:00+05:30,268.6,268.85,266.55,267.25,280364
2026-04-01T10:45:00+05:30,267.45,268.0,266.15,266.5,275247
2026-04-01T11:00:00+05:30,266.55,267.7,265.1,266.7,585760
2026-04-01T11:15:00+05:30,266.85,267.8,266.4,267.45,203632
2026-04-01T11:30:00+05:30,267.5,269.6,267.5,268.9,277430
2026-04-01T11:45:00+05:30,268.95,269.15,267.75,268.35,348584
2026-04-01T12:00:00+05:30,268.25,268.75,268.15,268.35,288001
2026-04-01T12:15:00+05:30,268.35,268.5,266.65,267.75,538536
2026-04-01T12:30:00+05:30,267.8,268.45,265.65,265.7,3140364
2026-04-01T12:45:00+05:30,265.9,268.5,265.9,266.55,664178
2026-04-01T13:00:00+05:30,266.5,267.9,266.4,267.45,515612
2026-04-01T13:15:00+05:30,267.35,269.9,267.0,268.85,893237
2026-04-01T13:30:00+05:30,268.85,269.05,265.55,266.6,550748
2026-04-01T13:45:00+05:30,266.6,267.1,266.1,266.9,263794
2026-04-01T14:00:00+05:30,266.9,267.35,266.5,267.25,236882
2026-04-01T14:15:00+05:30,267.15,267.35,266.1,266.75,265277
2026-04-01T14:30:00+05:30,266.9,266.9,265.2,265.8,338915
2026-04-01T14:45:00+05:30,265.8,265.8,264.3,264.85,691919
2026-04-01T15:00:00+05:30,264.85,265.9,263.9,264.25,1148590
2026-04-01T15:15:00+05:30,264.15,267.4,263.55,267.0,1464985
2026-04-02T09:15:00+05:30,262.5,264.0,256.7,259.55,713017
2026-04-02T09:30:00+05:30,259.4,262.0,259.25,261.25,476712
2026-04-02T09:45:00+05:30,261.1,261.3,258.65,258.85,219591
2026-04-02T10:00:00+05:30,258.85,258.85,256.95,258.25,322445
2026-04-02T10:15:00+05:30,258.25,261.3,257.6,261.15,371451
2026-04-02T10:30:00+05:30,261.25,262.5,260.3,262.0,282293
2026-04-02T10:45:00+05:30,262.1,262.15,260.15,261.3,190658
2026-04-02T11:00:00+05:30,261.25,263.25,261.0,261.9,239870
2026-04-02T11:15:00+05:30,261.9,263.9,261.8,263.1,137496
2026-04-02T11:30:00+05:30,263.2,265.9,263.0,265.55,240957
2026-04-02T11:45:00+05:30,265.75,266.6,265.25,265.3,250060
2026-04-02T12:00:00+05:30,265.35,265.75,264.0,264.85,207797
2026-04-02T12:15:00+05:30,264.8,266.0,264.45,265.55,202527
2026-04-02T12:30:00+05:30,265.55,268.2,265.4,267.0,576167
2026-04-02T12:45:00+05:30,267.0,267.05,265.8,266.9,265673
2026-04-02T13:00:00+05:30,266.9,267.1,265.55,266.7,510767
2026-04-02T13:15:00+05:30,266.75,268.25,266.15,268.25,175852
2026-04-02T13:30:00+05:30,268.1,269.4,267.85,268.45,305460
2026-04-02T13:45:00+05:30,268.45,269.3,267.9,268.4,234903
2026-04-02T14:00:00+05:30,268.45,268.75,267.6,268.2,178489
2026-04-02T14:15:00+05:30,268.2,272.0,267.9,271.35,976097
2026-04-02T14:30:00+05:30,271.2,271.7,269.85,269.95,288195
2026-04-02T14:45:00+05:30,269.9,274.3,269.45,274.0,651991
2026-04-02T15:00:00+05:30,274.0,277.0,274.0,275.55,1002957
2026-04-02T15:15:00+05:30,275.55,276.8,274.3,275.15,1136144
2026-04-06T09:15:00+05:30,275.3,275.3,266.0,268.45,1452440
2026-04-06T09:30:00+05:30,268.35,273.4,268.2,272.85,1263683
2026-04-06T09:45:00+05:30,272.75,273.25,268.85,271.15,999031
2026-04-06T10:00:00+05:30,271.25,273.65,270.75,273.55,454520
2026-04-06T10:15:00+05:30,273.55,274.2,271.55,271.65,312663
2026-04-06T10:30:00+05:30,271.65,272.25,270.1,271.45,1035476
2026-04-06T10:45:00+05:30,271.55,271.85,269.65,270.2,334447
2026-04-06T11:00:00+05:30,270.2,272.3,268.8,269.1,955412
2026-04-06T11:15:00+05:30,269.1,271.6,268.8,270.75,736081
2026-04-06T11:30:00+05:30,270.75,271.35,269.85,270.65,349837
2026-04-06T11:45:00+05:30,270.75,271.15,268.8,269.05,1495345
2026-04-06T12:00:00+05:30,269.0,269.5,267.75,268.95,804093
2026-04-06T12:15:00+05:30,268.95,269.75,268.1,269.55,916369
2026-04-06T12:30:00+05:30,269.7,270.0,267.65,268.75,557558
2026-04-06T12:45:00+05:30,268.75,270.0,268.6,269.9,550318
2026-04-06T13:00:00+05:30,269.9,271.5,269.05,271.35,1233723
2026-04-06T13:15:00+05:30,271.4,272.85,270.8,271.5,840740
2026-04-06T13:30:00+05:30,271.5,273.5,271.5,272.85,917162
2026-04-06T13:45:00+05:30,272.85,274.7,272.5,273.0,635810
2026-04-06T14:00:00+05:30,273.1,273.85,272.2,273.25,545451
2026-04-06T14:15:00+05:30,273.25,273.9,272.55,272.95,426785
2026-04-06T14:30:00+05:30,273.0,273.6,271.85,272.3,574245
2026-04-06T14:45:00+05:30,272.2,272.7,271.35,271.6,518530
2026-04-06T15:00:00+05:30,271.6,272.75,271.3,272.05,885088
2026-04-06T15:15:00+05:30,272.0,272.5,271.0,271.8,1314204
2026-04-07T09:15:00+05:30,269.2,270.2,264.25,268.55,1214881
2026-04-07T09:30:00+05:30,268.6,269.0,266.15,266.3,334904
2026-04-07T09:45:00+05:30,266.3,267.8,266.2,267.6,193872
2026-04-07T10:00:00+05:30,267.6,268.8,267.45,268.5,186673
2026-04-07T10:15:00+05:30,268.5,270.9,268.45,270.9,289638
2026-04-07T10:30:00+05:30,270.9,271.5,269.4,270.9,267353
2026-04-07T10:45:00+05:30,271.0,271.3,268.3,268.55,222497
2026-04-07T11:00:00+05:30,268.5,269.0,268.05,268.3,127210
2026-04-07T11:15:00+05:30,268.35,269.4,268.25,269.4,45300
2026-04-07T11:30:00+05:30,269.3,271.4,269.05,269.65,231943
2026-04-07T11:45:00+05:30,269.8,270.95,269.55,270.65,46191
2026-04-07T12:00:00+05:30,270.85,270.85,269.35,269.9,54965
2026-04-07T12:15:00+05:30,269.65,269.9,268.8,269.3,68900
2026-04-07T12:30:00+05:30,269.3,270.0,269.1,269.7,66125
2026-04-07T12:45:00+05:30,269.5,269.7,267.8,267.9,1056126
2026-04-07T13:00:00+05:30,267.8,270.0,267.7,269.6,262659
2026-04-07T13:15:00+05:30,269.75,270.3,269.3,269.55,165860
2026-04-07T13:30:00+05:30,269.55,270.25,269.5,269.75,89216
2026-04-07T13:45:00+05:30,269.75,270.2,268.25,268.55,211335
2026-04-07T14:00:00+05:30,268.65,269.35,268.0,268.3,218970
2026-04-07T14:15:00+05:30,268.3,268.65,268.0,268.35,63052
2026-04-07T14:30:00+05:30,268.35,268.6,267.75,268.2,89049
2026-04-07T14:45:00+05:30,268.3,268.9,268.05,268.7,137269
2026-04-07T15:00:00+05:30,268.7,270.25,267.95,269.85,1077009
2026-04-07T15:15:00+05:30,269.8,269.85,268.45,269.5,907398
2026-04-08T09:15:00+05:30,281.0,281.7,276.85,278.85,1329316
2026-04-08T09:30:00+05:30,278.95,283.3,278.95,280.9,1742249
2026-04-08T09:45:00+05:30,281.0,285.2,280.9,284.7,1691430
2026-04-08T10:00:00+05:30,284.7,285.6,281.25,281.8,1102618
2026-04-08T10:15:00+05:30,281.8,281.9,281.05,281.3,154715
2026-04-08T10:30:00+05:30,281.4,282.4,281.2,282.2,151687
2026-04-08T10:45:00+05:30,282.25,282.3,281.1,281.9,131187
2026-04-08T11:00:00+05:30,282.0,282.05,281.1,281.45,199404
2026-04-08T11:15:00+05:30,281.4,282.0,280.9,281.4,149568
2026-04-08T11:30:00+05:30,281.3,281.6,279.55,279.9,352255
2026-04-08T11:45:00+05:30,279.9,281.25,279.65,280.4,397031
2026-04-08T12:00:00+05:30,280.4,280.95,279.7,280.25,359771
2026-04-08T12:15:00+05:30,280.15,280.5,279.15,279.85,332278
2026-04-08T12:30:00+05:30,279.85,280.0,278.4,279.35,2294088
2026-04-08T12:45:00+05:30,279.45,279.95,278.75,279.5,259659
2026-04-08T13:00:00+05:30,279.6,279.65,278.9,279.4,92000
2026-04-08T13:15:00+05:30,279.45,279.9,279.0,279.55,133345
2026-04-08T13:30:00+05:30,279.65,280.75,278.35,278.65,439856
2026-04-08T13:45:00+05:30,278.8,278.8,277.2,277.75,186445
2026-04-08T14:00:00+05:30,277.75,277.75,276.6,277.0,339462
2026-04-08T14:15:00+05:30,277.0,277.9,276.8,277.5,492815
2026-04-08T14:30:00+05:30,277.6,277.7,276.65,277.0,269800
2026-04-08T14:45:00+05:30,277.0,277.45,276.35,276.55,234030
2026-04-08T15:00:00+05:30,276.45,277.0,275.6,277.0,518847
2026-04-08T15:15:00+05:30,276.9,280.0,276.7,279.55,1757256
2026-04-09T09:15:00+05:30,277.65,281.95,274.1,279.15,1314084
2026-04-09T09:30:00+05:30,279.05,279.15,274.6,274.85,566308
2026-04-09T09:45:00+05:30,274.7,274.9,269.2,270.2,1077026
2026-04-09T10:00:00+05:30,270.2,272.8,269.3,271.6,500152
2026-04-09T10:15:00+05:30,271.6,273.0,271.3,273.0,196005
2026-04-09T10:30:00+05:30,272.9,274.15,272.55,273.05,321639
2026-04-09T10:45:00+05:30,273.05,273.9,273.05,273.2,177441
2026-04-09T11:00:00+05:30,273.25,275.3,273.2,275.15,661586
2026-04-09T11:15:00+05:30,275.25,275.3,273.65,274.95,286468
2026-04-09T11:30:00+05:30,274.95,275.0,274.05,274.4,121346
2026-04-09T11:45:00+05:30,274.3,275.5,273.1,273.5,187889
2026-04-09T12:00:00+05:30,273.4,274.05,273.0,273.4,101714
2026-04-09T12:15:00+05:30,273.4,274.8,273.15,274.1,102989
2026-04-09T12:30:00+05:30,274.0,274.45,273.1,273.1,101433
2026-04-09T12:45:00+05:30,273.1,273.1,272.15,272.8,210313
2026-04-09T13:00:00+05:30,272.8,273.35,272.1,272.2,153072
2026-04-09T13:15:00+05:30,272.15,272.5,271.3,271.55,202007
2026-04-09T13:30:00+05:30,271.7,271.8,270.4,271.2,307640
2026-04-09T13:45:00+05:30,271.2,271.3,270.6,270.8,133452
2026-04-09T14:00:00+05:30,270.85,272.25,270.75,271.75,125494
2026-04-09T14:15:00+05:30,271.75,271.75,270.35,270.9,141825
2026-04-09T14:30:00+05:30,270.9,272.9,270.5,272.45,264477
2026-04-09T14:45:00+05:30,272.4,272.75,271.6,271.7,207590
2026-04-09T15:00:00+05:30,271.7,272.55,270.9,271.95,618172
2026-04-09T15:15:00+05:30,272.05,272.5,271.4,272.15,600564
2026-04-10T09:15:00+05:30,274.1,277.4,273.4,276.5,658590
2026-04-10T09:30:00+05:30,276.55,277.45,274.55,274.55,370539
2026-04-10T09:45:00+05:30,274.6,276.0,274.5,275.7,179245
2026-04-10T10:00:00+05:30,275.65,275.8,273.95,275.65,225491
2026-04-10T10:15:00+05:30,275.55,276.95,275.5,276.7,201534
2026-04-10T10:30:00+05:30,276.7,277.5,276.55,277.35,307187
2026-04-10T10:45:00+05:30,277.4,277.4,276.3,276.9,165755
2026-04-10T11:00:00+05:30,276.8,278.4,276.55,276.8,325833
2026-04-10T11:15:00+05:30,276.8,279.3,276.45,278.6,256168
2026-04-10T11:30:00+05:30,278.7,279.75,278.45,279.0,465797
2026-04-10T11:45:00+05:30,279.15,279.8,278.25,279.7,198653
2026-04-10T12:00:00+05:30,279.7,280.75,279.3,280.3,385659
2026-04-10T12:15:00+05:30,280.25,280.5,279.15,280.35,168022
2026-04-10T12:30:00+05:30,280.4,280.4,279.2,279.3,140502
2026-04-10T12:45:00+05:30,279.3,279.6,278.75,278.95,88989
2026-04-10T13:00:00+05:30,278.95,279.5,278.5,278.7,160237
2026-04-10T13:15:00+05:30,278.65,278.65,276.4,276.4,304407
2026-04-10T13:30:00+05:30,276.55,276.75,275.75,276.0,454925
2026-04-10T13:45:00+05:30,276.0,276.9,275.75,276.0,243068
2026-04-10T14:00:00+05:30,276.0,276.0,274.15,274.5,458786
2026-04-10T14:15:00+05:30,274.65,274.65,273.55,273.9,246354
2026-04-10T14:30:00+05:30,273.9,274.7,273.85,274.25,107121
2026-04-10T14:45:00+05:30,274.3,274.9,274.25,274.45,251919
2026-04-10T15:00:00+05:30,274.45,275.9,274.3,275.2,602560
2026-04-10T15:15:00+05:30,275.15,276.0,274.25,276.0,936513
2026-04-13T09:15:00+05:30,266.2,268.25,262.85,266.5,1481364
2026-04-13T09:30:00+05:30,266.5,266.9,265.15,266.75,474598
2026-04-13T09:45:00+05:30,266.65,268.25,266.45,267.95,332743
2026-04-13T10:00:00+05:30,267.9,267.9,266.55,266.95,258463
2026-04-13T10:15:00+05:30,266.9,267.9,266.25,267.0,478912
2026-04-13T10:30:00+05:30,266.95,267.6,265.55,266.15,741105
2026-04-13T10:45:00+05:30,266.0,268.0,265.95,267.3,445240
2026-04-13T11:00:00+05:30,267.2,267.3,266.0,266.05,183322
2026-04-13T11:15:00+05:30,266.05,266.7,265.55,266.2,268304
2026-04-13T11:30:00+05:30,266.1,266.4,265.7,266.1,192674
2026-04-13T11:45:00+05:30,266.1,267.0,265.95,266.55,192035
2026-04-13T12:00:00+05:30,266.55,266.75,265.45,266.0,250238
2026-04-13T12:15:00+05:30,266.0,266.25,265.55,266.1,175359
2026-04-13T12:30:00+05:30,266.05,266.25,265.7,265.9,144639
2026-04-13T12:45:00+05:30,265.85,266.05,264.6,265.2,423323
2026-04-13T13:00:00+05:30,265.15,265.4,264.25,265.25,358645
2026-04-13T13:15:00+05:30,265.25,265.4,264.5,264.9,145121
2026-04-13T13:30:00+05:30,264.85,265.55,264.8,265.1,225681
2026-04-13T13:45:00+05:30,265.15,265.65,265.0,265.35,112970
2026-04-13T14:00:00+05:30,265.4,265.45,264.6,264.75,195740
2026-04-13T14:15:00+05:30,264.7,265.35,264.65,265.0,183774
2026-04-13T14:30:00+05:30,264.9,265.5,264.8,265.4,203093
2026-04-13T14:45:00+05:30,265.35,265.8,265.0,265.15,221289
2026-04-13T15:00:00+05:30,265.15,265.15,263.7,264.25,726159
2026-04-13T15:15:00+05:30,264.2,265.85,263.55,265.55,973996
2026-04-15T09:15:00+05:30,268.85,272.7,268.8,271.7,1061727
2026-04-15T09:30:00+05:30,271.7,272.2,270.75,271.85,358971
2026-04-15T09:45:00+05:30,271.85,272.7,270.0,270.75,496408
2026-04-15T10:00:00+05:30,270.6,274.85,270.0,273.35,2006579
2026-04-15T10:15:00+05:30,273.4,274.1,272.6,272.65,541808
2026-04-15T10:30:00+05:30,272.8,273.05,271.55,271.7,265875
2026-04-15T10:45:00+05:30,271.7,272.0,270.7,270.8,313042
2026-04-15T11:00:00+05:30,270.95,271.05,270.25,270.55,237472
2026-04-15T11:15:00+05:30,270.5,271.0,269.6,269.8,558114
2026-04-15T11:30:00+05:30,269.9,271.3,269.8,271.15,148462
2026-04-15T11:45:00+05:30,271.15,271.5,270.9,271.35,142448
2026-04-15T12:00:00+05:30,271.4,272.8,271.35,272.35,314956
2026-04-15T12:15:00+05:30,272.45,272.5,271.7,271.85,149080
2026-04-15T12:30:00+05:30,271.9,272.1,271.45,271.65,329235
2026-04-15T12:45:00+05:30,271.7,271.75,270.55,271.2,277322
2026-04-15T13:00:00+05:30,271.2,271.55,270.2,270.25,262745
2026-04-15T13:15:00+05:30,270.3,270.65,269.7,270.45,407241
2026-04-15T13:30:00+05:30,270.45,271.55,270.25,270.85,464819
2026-04-15T13:45:00+05:30,270.85,271.9,270.35,271.7,892672
2026-04-15T14:00:00+05:30,271.8,272.7,271.55,272.25,527316
2026-04-15T14:15:00+05:30,272.25,272.7,272.05,272.35,192749
2026-04-15T14:30:00+05:30,272.45,272.7,271.85,272.55,193929
2026-04-15T14:45:00+05:30,272.6,273.55,272.55,273.15,325107
2026-04-15T15:00:00+05:30,273.2,273.25,271.85,271.95,560095
2026-04-15T15:15:00+05:30,271.95,272.75,271.25,272.75,906508
2026-04-16T09:15:00+05:30,275.0,281.3,273.75,279.65,1449743
2026-04-16T09:30:00+05:30,279.5,280.65,275.4,275.8,694848
2026-04-16T09:45:00+05:30,275.7,276.8,274.25,274.65,396048
2026-04-16T10:00:00+05:30,274.65,277.0,274.3,276.6,260205
2026-04-16T10:15:00+05:30,276.55,277.15,275.4,277.1,253085
2026-04-16T10:30:00+05:30,277.0,277.85,276.8,277.8,126166
2026-04-16T10:45:00+05:30,277.8,278.8,277.45,277.75,207478
2026-04-16T11:00:00+05:30,277.8,278.5,277.55,278.05,73775
2026-04-16T11:15:00+05:30,278.1,278.3,277.0,277.3,109656
2026-04-16T11:30:00+05:30,277.5,278.45,277.25,277.35,117582
2026-04-16T11:45:00+05:30,277.35,277.35,275.95,276.75,290863
2026-04-16T12:00:00+05:30,276.7,277.0,275.65,277.0,199079
2026-04-16T12:15:00+05:30,276.9,277.2,276.5,276.6,76660
2026-04-16T12:30:00+05:30,276.6,276.95,276.05,276.65,137816
2026-04-16T12:45:00+05:30,276.55,277.35,276.4,277.25,136144
2026-04-16T13:00:00+05:30,277.1,278.15,276.75,277.0,233671
2026-04-16T13:15:00+05:30,276.95,277.75,276.8,277.4,192319
2026-04-16T13:30:00+05:30,277.5,278.25,277.2,277.95,110744
2026-04-16T13:45:00+05:30,277.95,279.7,277.95,279.4,246520
2026-04-16T14:00:00+05:30,279.4,280.0,278.85,279.95,247162
2026-04-16T14:15:00+05:30,279.95,280.0,279.0,279.45,178959
2026-04-16T14:30:00+05:30,279.5,280.6,279.5,280.25,264137
2026-04-16T14:45:00+05:30,280.4,282.45,280.4,281.7,757750
2026-04-16T15:00:00+05:30,281.7,281.9,279.6,280.2,546012
2026-04-16T15:15:00+05:30,280.15,281.3,279.8,280.8,513590
2026-04-17T09:15:00+05:30,281.85,283.35,280.0,282.25,1128808
2026-04-17T09:30:00+05:30,282.4,282.4,278.2,279.6,741164
2026-04-17T09:45:00+05:30,279.6,281.35,279.5,281.3,173759
2026-04-17T10:00:00+05:30,281.2,282.25,280.65,281.05,216894
2026-04-17T10:15:00+05:30,281.1,281.25,280.0,280.1,182278
2026-04-17T10:30:00+05:30,280.15,280.45,279.2,279.55,181387
2026-04-17T10:45:00+05:30,279.5,279.9,279.4,279.8,65966
2026-04-17T11:00:00+05:30,279.8,280.15,279.0,279.75,111663
2026-04-17T11:15:00+05:30,279.8,279.8,278.6,278.7,141065
2026-04-17T11:30:00+05:30,278.8,279.3,278.25,278.45,234893
2026-04-17T11:45:00+05:30,278.5,278.65,277.55,277.7,179298
2026-04-17T12:00:00+05:30,277.85,278.1,277.3,277.9,154648
2026-04-17T12:15:00+05:30,277.85,278.05,277.05,277.25,122995
2026-04-17T12:30:00+05:30,277.3,277.35,275.75,276.85,274008
2026-04-17T12:45:00+05:30,276.8,277.4,276.4,277.3,111277
2026-04-17T13:00:00+05:30,277.25,277.25,274.8,274.8,486328
2026-04-17T13:15:00+05:30,274.85,275.95,274.05,275.9,504709
2026-04-17T13:30:00+05:30,276.0,276.45,275.35,275.75,187325
2026-04-17T13:45:00+05:30,275.8,276.9,275.6,276.6,171341
2026-04-17T14:00:00+05:30,276.6,277.7,276.2,277.3,206065
2026-04-17T14:15:00+05:30,277.3,277.8,277.15,277.6,228746
2026-04-17T14:30:00+05:30,277.6,278.4,277.5,278.4,202687
2026-04-17T14:45:00+05:30,278.4,278.75,277.3,278.4,432250
2026-04-17T15:00:00+05:30,278.4,278.7,277.0,277.05,439820
2026-04-17T15:15:00+05:30,277.2,277.9,276.6,277.4,676521
2026-04-20T09:15:00+05:30,278.85,278.85,272.8,275.7,949901
2026-04-20T09:30:00+05:30,275.7,275.85,274.2,274.35,276621
2026-04-20T09:45:00+05:30,274.3,275.85,273.7,275.5,197903
2026-04-20T10:00:00+05:30,275.7,278.35,275.45,277.5,248347
2026-04-20T10:15:00+05:30,277.5,279.15,276.95,279.1,249315
2026-04-20T10:30:00+05:30,279.1,281.25,279.0,280.65,390000
2026-04-20T10:45:00+05:30,280.75,280.9,279.5,280.5,255340
2026-04-20T11:00:00+05:30,280.6,280.9,280.1,280.2,184130
2026-04-20T11:15:00+05:30,280.5,281.15,280.5,281.0,85707
2026-04-20T11:30:00+05:30,280.95,284.25,280.7,284.15,612386
2026-04-20T11:45:00+05:30,284.1,284.5,283.4,283.75,339015
2026-04-20T12:00:00+05:30,283.8,284.35,281.7,281.9,281587
2026-04-20T12:15:00+05:30,281.95,282.3,281.35,281.55,147963
2026-04-20T12:30:00+05:30,281.5,282.95,281.2,282.75,133621
2026-04-20T12:45:00+05:30,282.8,283.55,282.55,282.75,200669
2026-04-20T13:00:00+05:30,282.7,282.7,281.5,282.0,207527
2026-04-20T13:15:00+05:30,282.0,282.0,280.35,280.7,247200
2026-04-20T13:30:00+05:30,280.8,281.45,280.6,280.8,110633
2026-04-20T13:45:00+05:30,280.8,280.9,279.6,279.75,222444
2026-04-20T14:00:00+05:30,279.75,279.9,279.1,279.85,134960
2026-04-20T14:15:00+05:30,279.85,280.25,279.25,280.1,118207
2026-04-20T14:30:00+05:30,280.2,280.45,279.7,280.1,149116
2026-04-20T14:45:00+05:30,280.1,280.3,279.65,279.95,151954
2026-04-20T15:00:00+05:30,280.05,280.4,279.3,280.0,294924
2026-04-20T15:15:00+05:30,280.0,280.0,278.25,278.8,695330
2026-04-21T09:15:00+05:30,280.0,280.25,277.45,279.5,543996
2026-04-21T09:30:00+05:30,279.4,281.4,279.05,280.0,908767
2026-04-21T09:45:00+05:30,280.0,281.5,279.55,281.5,1025506
2026-04-21T10:00:00+05:30,281.45,282.6,281.2,282.2,421492
2026-04-21T10:15:00+05:30,282.25,282.5,281.35,281.95,294496
2026-04-21T10:30:00+05:30,281.85,284.95,281.55,284.35,892337
2026-04-21T10:45:00+05:30,284.35,284.55,283.35,283.5,778707
2026-04-21T11:00:00+05:30,283.45,284.9,283.4,284.55,263897
2026-04-21T11:15:00+05:30,284.45,284.55,282.85,283.15,159068
2026-04-21T11:30:00+05:30,283.15,283.85,281.8,283.7,713256
2026-04-21T11:45:00+05:30,283.7,284.1,283.05,283.6,159388
2026-04-21T12:00:00+05:30,283.6,283.85,283.3,283.8,91490
2026-04-21T12:15:00+05:30,283.8,284.0,283.25,283.25,81938
2026-04-21T12:30:00+05:30,283.25,283.8,283.15,283.25,59729
2026-04-21T12:45:00+05:30,283.35,283.4,282.75,283.0,72293
2026-04-21T13:00:00+05:30,282.95,283.0,282.2,282.9,78788
2026-04-21T13:15:00+05:30,282.95,283.1,282.2,282.9,215931
2026-04-21T13:30:00+05:30,282.8,283.4,282.6,283.35,135278
2026-04-21T13:45:00+05:30,283.2,283.4,282.95,283.3,57892
2026-04-21T14:00:00+05:30,283.3,283.5,282.9,283.25,95949
2026-04-21T14:15:00+05:30,283.25,283.95,282.6,283.8,288239
2026-04-21T14:30:00+05:30,283.8,284.45,283.15,283.45,230737
2026-04-21T14:45:00+05:30,283.5,283.7,282.65,283.4,329958
2026-04-21T15:00:00+05:30,283.25,283.65,283.0,283.65,209074
2026-04-21T15:15:00+05:30,283.55,284.65,283.4,284.4,584747
2026-04-22T09:15:00+05:30,283.25,286.25,282.45,283.25,826570
2026-04-22T09:30:00+05:30,283.45,285.45,283.25,284.2,480998
2026-04-22T09:45:00+05:30,284.25,284.55,283.0,283.6,310889
2026-04-22T10:00:00+05:30,283.55,284.85,283.25,283.85,113975
2026-04-22T10:15:00+05:30,283.85,284.05,283.1,283.65,64960
2026-04-22T10:30:00+05:30,283.6,284.15,283.25,283.8,110333
2026-04-22T10:45:00+05:30,283.7,285.0,283.5,284.2,141935
2026-04-22T11:00:00+05:30,284.15,285.25,284.0,285.0,129728
2026-04-22T11:15:00+05:30,284.8,288.2,284.5,288.0,919976
2026-04-22T11:30:00+05:30,288.1,291.35,288.0,291.1,1036607
2026-04-22T11:45:00+05:30,291.1,291.75,290.65,291.15,657193
2026-04-22T12:00:00+05:30,291.0,291.45,290.5,291.2,1195109
2026-04-22T12:15:00+05:30,291.3,291.95,291.0,291.7,218812
2026-04-22T12:30:00+05:30,291.6,291.8,290.9,291.05,206718
2026-04-22T12:45:00+05:30,291.15,291.35,289.55,291.05,360688
2026-04-22T13:00:00+05:30,291.0,291.4,290.85,291.3,206171
2026-04-22T13:15:00+05:30,291.1,291.85,290.65,291.75,212148
2026-04-22T13:30:00+05:30,291.6,293.3,291.6,293.15,463713
2026-04-22T13:45:00+05:30,293.2,294.4,292.2,293.7,619814
2026-04-22T14:00:00+05:30,293.75,293.95,292.8,293.0,148219
2026-04-22T14:15:00+05:30,292.9,294.3,292.2,294.15,280135
2026-04-22T14:30:00+05:30,294.1,295.25,293.6,295.2,548790
2026-04-22T14:45:00+05:30,295.2,296.0,295.05,295.2,445800
2026-04-22T15:00:00+05:30,295.2,295.2,294.0,294.45,579115
2026-04-22T15:15:00+05:30,294.55,295.5,294.15,294.25,1069697
2026-04-23T09:15:00+05:30,291.95,293.8,288.25,288.5,1355022
2026-04-23T09:30:00+05:30,288.45,290.55,287.6,289.35,550644
2026-04-23T09:45:00+05:30,289.4,292.1,289.2,291.55,437358
2026-04-23T10:00:00+05:30,291.5,293.25,290.6,291.2,387349
2026-04-23T10:15:00+05:30,291.2,291.95,291.0,291.3,94684
2026-04-23T10:30:00+05:30,291.3,291.65,290.4,291.1,339709
2026-04-23T10:45:00+05:30,291.1,291.45,290.75,291.25,103474
2026-04-23T11:00:00+05:30,291.25,291.8,291.0,291.0,58796
2026-04-23T11:15:00+05:30,291.05,293.5,290.75,293.1,643157
2026-04-23T11:30:00+05:30,293.1,293.4,292.55,293.25,628319
2026-04-23T11:45:00+05:30,293.4,294.4,291.5,294.2,443949
2026-04-23T12:00:00+05:30,294.35,295.5,293.85,295.15,320441
2026-04-23T12:15:00+05:30,295.15,295.8,294.5,294.9,184884
2026-04-23T12:30:00+05:30,294.9,295.1,293.2,293.3,250614
2026-04-23T12:45:00+05:30,293.3,294.15,292.65,293.45,285797
2026-04-23T13:00:00+05:30,293.65,294.0,293.45,293.8,115220
2026-04-23T13:15:00+05:30,293.6,295.7,293.3,295.3,141937
2026-04-23T13:30:00+05:30,295.45,296.5,295.0,296.5,234029
2026-04-23T13:45:00+05:30,296.4,296.8,295.6,295.7,125657
2026-04-23T14:00:00+05:30,295.8,297.0,294.15,295.1,310292
2026-04-23T14:15:00+05:30,295.15,295.3,294.25,294.45,210077
2026-04-23T14:30:00+05:30,294.5,295.2,294.0,294.75,299947
2026-04-23T14:45:00+05:30,294.75,295.35,293.25,293.85,331346
2026-04-23T15:00:00+05:30,293.75,294.1,293.05,293.2,396547
2026-04-23T15:15:00+05:30,293.2,294.0,292.65,293.4,1727338
2026-04-24T09:15:00+05:30,295.05,299.0,289.85,290.0,1737624
2026-04-24T09:30:00+05:30,290.0,290.7,287.85,289.5,548513
2026-04-24T09:45:00+05:30,289.5,289.5,287.6,289.1,277613
2026-04-24T10:00:00+05:30,289.2,290.2,288.85,289.15,330960
2026-04-24T10:15:00+05:30,289.0,289.1,287.1,287.75,340182
2026-04-24T10:30:00+05:30,287.6,288.45,286.35,288.3,779542
2026-04-24T10:45:00+05:30,288.4,288.5,286.9,287.9,1744521
2026-04-24T11:00:00+05:30,287.9,288.15,287.3,287.55,298589
2026-04-24T11:15:00+05:30,287.5,288.45,287.3,287.75,393776
2026-04-24T11:30:00+05:30,287.6,288.5,287.5,287.75,205128
2026-04-24T11:45:00+05:30,287.8,288.0,287.1,287.9,801461
2026-04-24T12:00:00+05:30,287.9,288.0,286.05,286.7,256068
2026-04-24T12:15:00+05:30,286.6,287.95,285.75,285.85,142585
2026-04-24T12:30:00+05:30,285.9,285.9,282.95,283.1,394657
2026-04-24T12:45:00+05:30,283.15,285.2,283.0,284.65,325228
2026-04-24T13:00:00+05:30,284.6,285.0,283.7,285.0,64128
2026-04-24T13:15:00+05:30,285.1,286.9,285.0,286.7,240995
2026-04-24T13:30:00+05:30,286.7,286.8,285.85,286.5,189219
2026-04-24T13:45:00+05:30,286.55,287.4,286.2,287.25,123811
2026-04-24T14:00:00+05:30,287.25,287.3,284.6,284.95,193016
2026-04-24T14:15:00+05:30,284.9,286.9,284.55,286.65,284426
2026-04-24T14:30:00+05:30,286.65,289.3,286.45,288.3,612508
2026-04-24T14:45:00+05:30,288.4,288.4,287.05,287.5,177572
2026-04-24T15:00:00+05:30,287.35,287.55,286.0,286.15,268761
2026-04-24T15:15:00+05:30,286.15,288.9,285.9,287.3,640840
