datetime,open,high,low,close,volume
2025-10-13T10:00:00+05:30,330.0,332.0,326.35,326.7,26690339
2025-10-13T10:15:00+05:30,326.7,328.65,326.25,328.4,5167151
2025-10-13T10:30:00+05:30,328.35,331.4,328.3,329.25,8344526
2025-10-13T10:45:00+05:30,329.15,330.8,329.05,329.7,2770227
2025-10-13T11:00:00+05:30,329.75,333.0,328.2,328.8,5545849
2025-10-13T11:15:00+05:30,328.8,329.9,328.5,329.4,1549532
2025-10-13T11:30:00+05:30,329.4,330.65,329.2,329.95,1599960
2025-10-13T11:45:00+05:30,329.95,331.0,329.65,330.55,1273431
2025-10-13T12:00:00+05:30,330.5,330.7,329.8,330.0,893371
2025-10-13T12:15:00+05:30,330.0,330.25,329.55,330.0,910228
2025-10-13T12:30:00+05:30,330.0,331.45,329.9,330.7,1423700
2025-10-13T12:45:00+05:30,330.65,330.9,330.0,330.3,715156
2025-10-13T13:00:00+05:30,330.15,331.15,330.05,330.3,1080073
2025-10-13T13:15:00+05:30,330.35,330.6,330.0,330.1,915629
2025-10-13T13:30:00+05:30,330.1,330.5,330.0,330.1,1151584
2025-10-13T13:45:00+05:30,330.2,331.4,330.1,331.1,1663795
2025-10-13T14:00:00+05:30,331.1,331.45,330.3,331.0,1361181
2025-10-13T14:15:00+05:30,331.0,331.05,328.3,329.75,3730775
2025-10-13T14:30:00+05:30,329.85,330.6,329.45,330.25,1577853
2025-10-13T14:45:00+05:30,330.2,330.3,329.6,329.85,1418605
2025-10-13T15:00:00+05:30,329.9,330.25,329.6,330.05,3177213
2025-10-13T15:15:00+05:30,330.05,331.85,329.0,331.1,7304142
2025-10-14T09:15:00+05:30,330.5,331.9,330.05,330.6,3532215
2025-10-14T09:30:00+05:30,330.6,330.9,329.6,329.6,1775708
2025-10-14T09:45:00+05:30,329.65,329.65,326.9,327.0,2613964
2025-10-14T10:00:00+05:30,327.05,327.15,322.8,323.55,3727820
2025-10-14T10:15:00+05:30,323.55,327.0,323.15,326.45,1978195
2025-10-14T10:30:00+05:30,326.45,326.9,325.0,325.0,836851
2025-10-14T10:45:00+05:30,325.05,326.5,325.0,326.1,562508
2025-10-14T11:00:00+05:30,326.1,326.4,325.55,325.75,613045
2025-10-14T11:15:00+05:30,325.65,326.2,325.35,326.1,636562
2025-10-14T11:30:00+05:30,326.05,326.4,325.3,325.5,430332
2025-10-14T11:45:00+05:30,325.55,325.6,324.5,324.85,402263
2025-10-14T12:00:00+05:30,324.85,325.4,324.15,324.45,385940
2025-10-14T12:15:00+05:30,324.5,324.65,324.0,324.05,322741
2025-10-14T12:30:00+05:30,324.1,324.25,323.1,323.15,387155
2025-10-14T12:45:00+05:30,323.1,324.0,323.0,323.5,458735
2025-10-14T13:00:00+05:30,323.5,323.65,322.2,322.6,555657
2025-10-14T13:15:00+05:30,322.6,322.9,321.75,321.8,776102
2025-10-14T13:30:00+05:30,321.8,322.95,321.75,322.6,876351
2025-10-14T13:45:00+05:30,322.6,322.75,321.35,321.45,1569918
2025-10-14T14:00:00+05:30,321.4,321.75,319.2,320.5,1408176
2025-10-14T14:15:00+05:30,320.6,321.0,319.8,319.95,882316
2025-10-14T14:30:00+05:30,320.0,320.85,319.5,320.2,873346
2025-10-14T14:45:00+05:30,320.15,320.65,319.75,320.25,448324
2025-10-14T15:00:00+05:30,320.2,320.6,319.2,319.6,563470
2025-10-14T15:15:00+05:30,319.65,323.0,319.05,321.0,1680627
2025-10-15T09:15:00+05:30,320.0,324.4,320.0,322.95,1185126
2025-10-15T09:30:00+05:30,322.85,323.0,320.3,321.15,728193
2025-10-15T09:45:00+05:30,321.15,321.7,320.6,321.25,289110
2025-10-15T10:00:00+05:30,321.25,324.5,321.0,323.95,974743
2025-10-15T10:15:00+05:30,323.95,325.4,323.3,324.25,924767
2025-10-15T10:30:00+05:30,324.2,324.6,323.1,323.85,365604
2025-10-15T10:45:00+05:30,323.9,324.05,322.9,323.35,291256
2025-10-15T11:00:00+05:30,323.3,324.35,322.3,323.9,323552
2025-10-15T11:15:00+05:30,323.95,324.2,323.2,323.35,146038
2025-10-15T11:30:00+05:30,323.3,324.1,323.3,323.75,160080
2025-10-15T11:45:00+05:30,323.7,324.8,323.55,324.65,358166
2025-10-15T12:00:00+05:30,324.6,326.0,324.55,325.9,534630
2025-10-15T12:15:00+05:30,325.8,326.25,325.15,325.7,755043
2025-10-15T12:30:00+05:30,325.7,326.25,325.65,325.95,560956
2025-10-15T12:45:00+05:30,326.0,326.15,325.65,326.0,435078
2025-10-15T13:00:00+05:30,326.0,326.1,325.9,326.05,415353
2025-10-15T13:15:00+05:30,326.0,326.05,326.0,326.0,316870
2025-10-15T13:30:00+05:30,326.0,326.2,326.0,326.05,312316
2025-10-15T13:45:00+05:30,326.0,326.15,326.0,326.0,310847
2025-10-15T14:00:00+05:30,326.0,327.0,326.0,326.9,541471
2025-10-15T14:15:00+05:30,326.9,326.95,326.0,326.05,230341
2025-10-15T14:30:00+05:30,326.1,326.2,326.0,326.05,226536
2025-10-15T14:45:00+05:30,326.05,329.4,326.0,329.2,1633286
2025-10-15T15:00:00+05:30,329.05,329.85,327.85,329.45,1291717
2025-10-15T15:15:00+05:30,329.4,330.8,329.05,330.05,2472242
2025-10-16T09:15:00+05:30,330.0,334.8,329.7,331.75,3019331
2025-10-16T09:30:00+05:30,331.7,331.95,330.3,330.5,687630
2025-10-16T09:45:00+05:30,330.6,331.95,330.5,331.25,565307
2025-10-16T10:00:00+05:30,331.25,332.45,329.8,332.0,921823
2025-10-16T10:15:00+05:30,332.0,332.85,332.0,332.25,438865
2025-10-16T10:30:00+05:30,332.25,332.65,332.2,332.6,326396
2025-10-16T10:45:00+05:30,332.6,332.65,331.65,332.25,344581
2025-10-16T11:00:00+05:30,332.25,334.25,332.25,333.7,1278599
2025-10-16T11:15:00+05:30,333.65,334.45,332.9,333.25,720965
2025-10-16T11:30:00+05:30,333.2,333.65,332.55,333.0,369861
2025-10-16T11:45:00+05:30,333.0,333.2,332.8,333.05,300850
2025-10-16T12:00:00+05:30,333.0,333.95,332.7,333.15,838277
2025-10-16T12:15:00+05:30,333.15,334.5,333.15,333.95,573159
2025-10-16T12:30:00+05:30,333.9,335.85,333.65,335.05,2371045
2025-10-16T12:45:00+05:30,335.05,335.45,333.65,334.95,661402
2025-10-16T13:00:00+05:30,334.95,335.15,334.0,334.15,609645
2025-10-16T13:15:00+05:30,334.0,335.2,333.95,334.35,574551
2025-10-16T13:30:00+05:30,334.35,334.6,333.5,334.25,412471
2025-10-16T13:45:00+05:30,334.35,335.1,333.6,333.8,387834
2025-10-16T14:00:00+05:30,333.8,334.95,333.65,334.2,359634
2025-10-16T14:15:00+05:30,334.15,335.0,333.65,334.0,543171
2025-10-16T14:30:00+05:30,334.0,334.95,333.8,334.1,328597
2025-10-16T14:45:00+05:30,334.15,334.8,334.0,334.2,321618
2025-10-16T15:00:00+05:30,334.2,335.2,334.1,335.0,1132482
2025-10-16T15:15:00+05:30,335.0,336.0,334.55,335.75,1705502
2025-10-17T09:15:00+05:30,335.1,336.65,335.0,336.2,1154452
2025-10-17T09:30:00+05:30,336.2,336.25,330.2,331.35,930412
2025-10-17T09:45:00+05:30,331.35,331.4,329.4,331.1,456000
2025-10-17T10:00:00+05:30,331.25,332.55,330.5,330.5,265420
2025-10-17T10:15:00+05:30,330.5,330.8,330.0,330.3,245519
2025-10-17T10:30:00+05:30,330.3,330.75,329.7,330.1,168000
2025-10-17T10:45:00+05:30,330.1,330.5,330.05,330.05,94343
2025-10-17T11:00:00+05:30,330.05,330.5,329.9,330.05,152989
2025-10-17T11:15:00+05:30,330.05,330.5,330.05,330.15,86172
2025-10-17T11:30:00+05:30,330.2,330.25,329.9,330.0,160957
2025-10-17T11:45:00+05:30,330.0,330.4,330.0,330.0,167744
2025-10-17T12:00:00+05:30,330.0,330.2,330.0,330.1,70698
2025-10-17T12:15:00+05:30,330.1,330.3,330.0,330.15,81204
2025-10-17T12:30:00+05:30,330.15,330.3,330.0,330.05,75460
2025-10-17T12:45:00+05:30,330.05,330.25,330.0,330.1,112810
2025-10-17T13:00:00+05:30,330.05,330.2,329.95,330.0,476352
2025-10-17T13:15:00+05:30,330.0,331.5,330.0,330.3,254131
2025-10-17T13:30:00+05:30,330.25,330.65,330.0,330.25,147352
2025-10-17T13:45:00+05:30,330.3,330.45,330.05,330.45,94419
2025-10-17T14:00:00+05:30,330.45,331.0,330.05,330.8,149058
2025-10-17T14:15:00+05:30,330.75,332.4,330.6,331.75,381253
2025-10-17T14:30:00+05:30,331.9,332.35,331.6,331.9,267593
2025-10-17T14:45:00+05:30,331.85,331.95,331.15,331.9,215197
2025-10-17T15:00:00+05:30,331.85,332.0,330.2,330.35,488869
2025-10-17T15:15:00+05:30,330.4,331.9,329.75,330.7,818135
2025-10-20T09:15:00+05:30,330.75,331.65,326.2,326.7,588977
2025-10-20T09:30:00+05:30,326.7,327.2,325.4,325.5,319850
2025-10-20T09:45:00+05:30,325.5,327.5,325.45,327.05,530285
2025-10-20T10:00:00+05:30,327.1,328.7,326.7,328.2,441240
2025-10-20T10:15:00+05:30,328.1,328.9,327.05,327.1,193348
2025-10-20T10:30:00+05:30,327.1,327.1,326.0,326.15,138151
2025-10-20T10:45:00+05:30,326.15,326.7,326.0,326.4,95454
2025-10-20T11:00:00+05:30,326.45,326.75,325.8,326.0,141086
2025-10-20T11:15:00+05:30,326.0,326.35,325.9,326.1,107167
2025-10-20T11:30:00+05:30,326.1,326.1,325.1,325.45,142231
2025-10-20T11:45:00+05:30,325.5,325.9,325.4,325.6,60588
2025-10-20T12:00:00+05:30,325.6,326.1,325.5,325.75,121515
2025-10-20T12:15:00+05:30,325.75,325.85,325.25,325.6,66215
2025-10-20T12:30:00+05:30,325.6,325.8,325.2,325.35,98052
2025-10-20T12:45:00+05:30,325.25,325.5,324.55,324.95,808551
2025-10-20T13:00:00+05:30,324.95,325.05,324.25,324.95,221712
2025-10-20T13:15:00+05:30,324.95,325.1,324.55,324.9,134907
2025-10-20T13:30:00+05:30,324.9,324.9,323.95,324.15,209046
2025-10-20T13:45:00+05:30,324.15,324.75,324.0,324.7,104549
2025-10-20T14:00:00+05:30,324.7,324.9,324.3,324.45,50060
2025-10-20T14:15:00+05:30,324.45,325.35,324.4,325.35,77507
2025-10-20T14:30:00+05:30,325.35,325.6,325.0,325.1,63314
2025-10-20T14:45:00+05:30,325.15,325.55,325.0,325.0,119656
2025-10-20T15:00:00+05:30,325.05,326.45,325.0,325.3,378389
2025-10-20T15:15:00+05:30,325.45,325.7,325.0,325.2,431811
2025-10-21T13:45:00+05:30,326.35,331.0,326.35,330.35,1253566
2025-10-21T14:00:00+05:30,330.35,331.35,330.0,330.3,782646
2025-10-21T14:15:00+05:30,330.3,331.25,328.8,329.15,612826
2025-10-21T14:30:00+05:30,329.15,329.7,328.5,329.0,366391
2025-10-23T09:15:00+05:30,329.55,330.0,326.7,327.4,4766961
2025-10-23T09:30:00+05:30,327.2,327.4,325.5,325.7,331835
2025-10-23T09:45:00+05:30,325.7,326.9,325.5,326.1,228056
2025-10-23T10:00:00+05:30,326.25,326.45,325.4,325.65,166627
2025-10-23T10:15:00+05:30,325.65,326.2,325.2,325.45,289538
2025-10-23T10:30:00+05:30,325.5,326.3,325.15,326.3,310138
2025-10-23T10:45:00+05:30,326.25,326.45,325.9,326.3,111343
2025-10-23T11:00:00+05:30,326.3,326.4,326.05,326.15,75746
2025-10-23T11:15:00+05:30,326.2,326.5,326.1,326.2,117133
2025-10-23T11:30:00+05:30,326.2,326.75,326.1,326.15,78628
2025-10-23T11:45:00+05:30,326.1,326.35,326.05,326.15,63290
2025-10-23T12:00:00+05:30,326.2,326.2,326.0,326.0,91585
2025-10-23T12:15:00+05:30,326.05,326.1,326.0,326.05,63184
2025-10-23T12:30:00+05:30,326.05,326.4,325.5,326.4,141816
2025-10-23T12:45:00+05:30,326.4,326.95,326.1,326.5,906255
2025-10-23T13:00:00+05:30,326.45,326.5,326.05,326.15,358912
2025-10-23T13:15:00+05:30,326.2,326.25,326.0,326.05,60916
2025-10-23T13:30:00+05:30,326.05,326.2,325.6,326.05,139375
2025-10-23T13:45:00+05:30,326.05,326.05,325.2,325.55,87863
2025-10-23T14:00:00+05:30,325.55,325.65,325.25,325.4,55909
2025-10-23T14:15:00+05:30,325.4,325.5,325.05,325.35,145894
2025-10-23T14:30:00+05:30,325.3,325.4,325.05,325.3,68632
2025-10-23T14:45:00+05:30,325.3,325.5,325.15,325.3,108015
2025-10-23T15:00:00+05:30,325.3,325.6,325.0,325.05,234093
2025-10-23T15:15:00+05:30,325.05,325.5,324.45,324.5,473164
2025-10-24T09:15:00+05:30,324.5,325.4,323.4,323.9,285537
2025-10-24T09:30:00+05:30,323.8,325.8,323.75,325.35,169952
2025-10-24T09:45:00+05:30,325.35,325.7,325.05,325.7,76416
2025-10-24T10:00:00+05:30,325.65,325.75,325.1,325.45,95584
2025-10-24T10:15:00+05:30,325.35,325.55,325.05,325.35,73301
2025-10-24T10:30:00+05:30,325.35,325.55,325.0,325.15,93438
2025-10-24T10:45:00+05:30,325.15,325.2,323.7,324.25,371252
2025-10-24T11:00:00+05:30,324.25,324.5,323.8,324.1,86890
2025-10-24T11:15:00+05:30,324.1,324.4,323.9,324.15,60954
2025-10-24T11:30:00+05:30,324.2,324.7,324.15,324.35,118744
2025-10-24T11:45:00+05:30,324.3,327.7,324.2,327.3,1293090
2025-10-24T12:00:00+05:30,327.3,327.3,325.6,325.6,135282
2025-10-24T12:15:00+05:30,325.7,325.8,325.0,325.25,78895
2025-10-24T12:30:00+05:30,325.2,325.35,325.0,325.05,47927
2025-10-24T12:45:00+05:30,325.0,325.7,325.0,325.2,55159
2025-10-24T13:00:00+05:30,325.2,325.45,325.15,325.15,39396
2025-10-24T13:15:00+05:30,325.3,325.45,325.1,325.2,43028
2025-10-24T13:30:00+05:30,325.2,325.35,324.2,324.45,193415
2025-10-24T13:45:00+05:30,324.45,324.6,324.0,324.15,67588
2025-10-24T14:00:00+05:30,324.15,324.2,324.0,324.15,60739
2025-10-24T14:15:00+05:30,324.1,324.2,324.0,324.1,55937
2025-10-24T14:30:00+05:30,324.1,324.45,324.05,324.3,57093
2025-10-24T14:45:00+05:30,324.3,324.4,324.0,324.2,70064
2025-10-24T15:00:00+05:30,324.2,324.65,324.0,324.2,162726
2025-10-24T15:15:00+05:30,324.15,325.0,324.0,324.3,326844
2025-10-27T09:15:00+05:30,325.0,327.8,324.9,327.8,357827
2025-10-27T09:30:00+05:30,327.8,327.85,326.55,326.7,213869
2025-10-27T09:45:00+05:30,326.7,326.9,325.35,325.95,159236
2025-10-27T10:00:00+05:30,326.0,327.0,325.55,326.3,122910
2025-10-27T10:15:00+05:30,326.3,326.45,325.55,325.9,83585
2025-10-27T10:30:00+05:30,325.9,326.7,325.55,326.05,98981
2025-10-27T10:45:00+05:30,326.25,326.6,326.0,326.15,101825
2025-10-27T11:00:00+05:30,326.25,326.25,326.0,326.0,59534
2025-10-27T11:15:00+05:30,326.0,329.75,326.0,329.45,611155
2025-10-27T11:30:00+05:30,329.45,330.3,328.55,330.0,838053
2025-10-27T11:45:00+05:30,330.0,330.45,329.45,330.0,342136
2025-10-27T12:00:00+05:30,330.0,330.25,329.5,329.8,417549
2025-10-27T12:15:00+05:30,329.8,330.15,329.5,329.6,594804
2025-10-27T12:30:00+05:30,329.6,329.8,329.15,329.5,94359
2025-10-27T12:45:00+05:30,329.5,329.7,329.0,329.4,128931
2025-10-27T13:00:00+05:30,329.25,329.45,329.0,329.0,100570
2025-10-27T13:15:00+05:30,329.0,329.5,328.6,329.25,141991
2025-10-27T13:30:00+05:30,329.25,329.35,329.0,329.25,88404
2025-10-27T13:45:00+05:30,329.2,329.45,329.0,329.0,70276
2025-10-27T14:00:00+05:30,329.0,329.25,328.75,329.0,118539
2025-10-27T14:15:00+05:30,329.0,329.1,328.15,328.35,98030
2025-10-27T14:30:00+05:30,328.25,329.2,328.1,329.15,220285
2025-10-27T14:45:00+05:30,329.0,329.15,328.15,328.5,123777
2025-10-27T15:00:00+05:30,328.5,330.0,328.1,329.0,452875
2025-10-27T15:15:00+05:30,329.05,329.15,328.2,328.95,272655
2025-10-28T09:15:00+05:30,328.9,329.7,327.6,328.4,228884
2025-10-28T09:30:00+05:30,328.4,328.6,327.6,328.25,166545
2025-10-28T09:45:00+05:30,328.1,328.6,327.6,328.1,175766
2025-10-28T10:00:00+05:30,328.05,328.7,328.0,328.7,85281
2025-10-28T10:15:00+05:30,328.65,331.7,328.5,330.0,597433
2025-10-28T10:30:00+05:30,330.0,330.6,329.7,329.75,245797
2025-10-28T10:45:00+05:30,329.75,330.6,329.75,330.6,178794
2025-10-28T11:00:00+05:30,330.55,331.25,330.5,330.65,245450
2025-10-28T11:15:00+05:30,330.6,330.8,330.45,330.55,264439
2025-10-28T11:30:00+05:30,330.55,330.6,330.0,330.3,194129
2025-10-28T11:45:00+05:30,330.3,331.2,330.1,331.05,374721
2025-10-28T12:00:00+05:30,331.05,333.7,331.05,332.55,1126870
2025-10-28T12:15:00+05:30,332.25,332.4,330.95,331.25,388017
2025-10-28T12:30:00+05:30,331.35,332.2,331.1,331.35,436320
2025-10-28T12:45:00+05:30,331.35,331.8,331.3,331.55,260364
2025-10-28T13:00:00+05:30,331.6,331.65,330.2,330.75,100116
2025-10-28T13:15:00+05:30,330.75,330.95,330.05,330.3,90326
2025-10-28T13:30:00+05:30,330.5,331.15,330.25,330.3,83019
2025-10-28T13:45:00+05:30,330.4,330.5,330.1,330.3,65603
2025-10-28T14:00:00+05:30,330.3,330.9,329.85,330.1,104242
2025-10-28T14:15:00+05:30,330.0,331.4,329.85,331.0,146011
2025-10-28T14:30:00+05:30,331.0,332.45,330.55,331.55,531483
2025-10-28T14:45:00+05:30,331.55,332.0,331.0,331.0,175537
2025-10-28T15:00:00+05:30,331.0,332.0,330.15,331.3,308018
2025-10-28T15:15:00+05:30,331.45,332.0,330.4,330.6,312887
2025-10-29T09:15:00+05:30,331.9,331.9,326.45,328.55,1293426
2025-10-29T09:30:00+05:30,328.55,328.85,327.25,328.2,509972
2025-10-29T09:45:00+05:30,328.35,328.5,327.3,327.3,234201
2025-10-29T10:00:00+05:30,327.3,327.5,326.75,326.8,202912
2025-10-29T10:15:00+05:30,326.8,327.0,326.0,326.4,261101
2025-10-29T10:30:00+05:30,326.4,326.45,326.05,326.3,153815
2025-10-29T10:45:00+05:30,326.3,326.35,325.8,326.0,476660
2025-10-29T11:00:00+05:30,326.0,326.15,325.85,326.05,91754
2025-10-29T11:15:00+05:30,326.05,326.5,326.0,326.5,97318
2025-10-29T11:30:00+05:30,326.5,326.95,326.3,326.45,108502
2025-10-29T11:45:00+05:30,326.45,326.7,326.2,326.25,66580
2025-10-29T12:00:00+05:30,326.25,326.4,325.85,325.9,143108
2025-10-29T12:15:00+05:30,325.95,326.4,325.9,326.3,148002
2025-10-29T12:30:00+05:30,326.2,326.75,326.05,326.7,133624
2025-10-29T12:45:00+05:30,326.7,326.8,326.2,326.3,102287
2025-10-29T13:00:00+05:30,326.3,326.3,325.9,326.3,171778
2025-10-29T13:15:00+05:30,326.25,326.3,326.0,326.05,115279
2025-10-29T13:30:00+05:30,326.05,326.3,326.05,326.3,154936
2025-10-29T13:45:00+05:30,326.3,326.3,325.9,326.1,115616
2025-10-29T14:00:00+05:30,326.1,326.2,326.0,326.15,62864
2025-10-29T14:15:00+05:30,326.1,326.35,325.95,326.25,207917
2025-10-29T14:30:00+05:30,326.35,326.4,326.15,326.15,83435
2025-10-29T14:45:00+05:30,326.15,326.3,325.95,326.1,166784
2025-10-29T15:00:00+05:30,326.1,326.35,325.95,326.3,389366
2025-10-29T15:15:00+05:30,326.3,326.9,326.1,326.3,1183815
2025-10-30T09:15:00+05:30,325.4,326.4,324.85,325.25,176469
2025-10-30T09:30:00+05:30,325.1,325.95,325.05,325.5,168705
2025-10-30T09:45:00+05:30,325.5,325.6,325.1,325.2,64649
2025-10-30T10:00:00+05:30,325.2,325.7,325.1,325.35,84904
2025-10-30T10:15:00+05:30,325.35,325.85,325.35,325.6,59299
2025-10-30T10:30:00+05:30,325.6,325.85,325.4,325.75,42785
2025-10-30T10:45:00+05:30,325.75,325.85,325.5,325.7,41459
2025-10-30T11:00:00+05:30,325.7,325.8,325.5,325.65,29680
2025-10-30T11:15:00+05:30,325.65,325.9,325.5,325.8,58649
2025-10-30T11:30:00+05:30,325.8,325.95,325.55,325.8,38960
2025-10-30T11:45:00+05:30,325.9,325.9,325.6,325.75,22892
2025-10-30T12:00:00+05:30,325.75,326.7,325.5,326.3,95396
2025-10-30T12:15:00+05:30,326.15,327.35,326.15,326.7,147173
2025-10-30T12:30:00+05:30,326.7,326.75,326.25,326.4,42024
2025-10-30T12:45:00+05:30,326.4,326.45,326.05,326.25,43866
2025-10-30T13:00:00+05:30,326.25,326.55,325.75,326.3,82421
2025-10-30T13:15:00+05:30,326.3,326.3,325.85,326.05,32076
2025-10-30T13:30:00+05:30,326.05,326.1,325.8,326.05,31852
2025-10-30T13:45:00+05:30,326.05,326.4,325.85,326.35,46617
2025-10-30T14:00:00+05:30,326.4,327.35,326.3,327.15,319223
2025-10-30T14:15:00+05:30,327.25,327.8,326.8,326.95,158666
2025-10-30T14:30:00+05:30,327.0,327.5,326.8,327.1,67079
2025-10-30T14:45:00+05:30,327.1,327.2,326.65,326.85,65853
2025-10-30T15:00:00+05:30,326.85,327.4,326.2,326.9,190150
2025-10-30T15:15:00+05:30,326.9,327.2,326.6,327.2,343783
2025-10-31T09:15:00+05:30,330.0,330.0,328.0,328.3,368906
2025-10-31T09:30:00+05:30,328.25,328.5,327.7,327.85,104645
2025-10-31T09:45:00+05:30,327.8,328.0,327.5,327.6,91727
2025-10-31T10:00:00+05:30,327.65,327.7,327.1,327.15,100147
2025-10-31T10:15:00+05:30,327.15,327.4,327.1,327.2,94048
2025-10-31T10:30:00+05:30,327.15,327.2,326.5,326.55,80842
2025-10-31T10:45:00+05:30,326.6,327.15,326.5,326.7,56112
2025-10-31T11:00:00+05:30,326.75,326.95,325.3,325.6,186740
2025-10-31T11:15:00+05:30,325.6,326.0,325.5,325.75,73185
2025-10-31T11:30:00+05:30,325.7,325.95,325.5,325.7,50271
2025-10-31T11:45:00+05:30,325.75,326.0,325.65,325.85,54334
2025-10-31T12:00:00+05:30,325.75,326.0,325.65,325.75,56837
2025-10-31T12:15:00+05:30,325.7,325.95,325.55,325.65,105094
2025-10-31T12:30:00+05:30,325.7,326.8,325.65,326.8,92809
2025-10-31T12:45:00+05:30,326.65,327.4,326.65,327.15,108057
2025-10-31T13:00:00+05:30,327.2,327.25,326.8,326.9,118098
2025-10-31T13:15:00+05:30,326.9,326.95,326.45,326.5,91240
2025-10-31T13:30:00+05:30,326.55,326.7,326.4,326.55,55839
2025-10-31T13:45:00+05:30,326.5,326.95,326.4,326.75,119095
2025-10-31T14:00:00+05:30,326.8,327.5,326.7,327.1,125149
2025-10-31T14:15:00+05:30,327.1,327.1,326.5,326.7,52701
2025-10-31T14:30:00+05:30,326.65,327.15,326.5,327.0,141009
2025-10-31T14:45:00+05:30,327.0,328.5,326.85,327.95,822305
2025-10-31T15:00:00+05:30,328.0,328.0,327.0,327.0,214778
2025-10-31T15:15:00+05:30,327.05,327.45,327.0,327.3,300335
2025-11-03T09:15:00+05:30,325.6,329.8,325.25,329.0,333753
2025-11-03T09:30:00+05:30,328.85,329.0,327.5,328.1,133460
2025-11-03T09:45:00+05:30,328.1,328.9,327.8,328.25,175055
2025-11-03T10:00:00+05:30,328.25,328.45,327.8,328.15,99467
2025-11-03T10:15:00+05:30,328.15,331.5,327.9,328.7,1209954
2025-11-03T10:30:00+05:30,328.75,329.45,328.4,329.15,187738
2025-11-03T10:45:00+05:30,329.15,329.15,328.1,328.2,81143
2025-11-03T11:00:00+05:30,328.2,328.8,328.1,328.55,172371
2025-11-03T11:15:00+05:30,328.7,328.85,328.05,328.35,61341
2025-11-03T11:30:00+05:30,328.35,328.45,328.0,328.1,46850
2025-11-03T11:45:00+05:30,328.15,329.1,328.0,328.3,107353
2025-11-03T12:00:00+05:30,328.25,328.6,328.15,328.25,48878
2025-11-03T12:15:00+05:30,328.35,328.85,328.05,328.7,63307
2025-11-03T12:30:00+05:30,328.65,329.3,328.25,329.0,105453
2025-11-03T12:45:00+05:30,329.05,329.3,328.5,328.95,81040
2025-11-03T13:00:00+05:30,328.95,329.15,328.05,328.95,104416
2025-11-03T13:15:00+05:30,329.0,329.25,328.7,329.0,175911
2025-11-03T13:30:00+05:30,329.0,329.25,328.5,328.6,201196
2025-11-03T13:45:00+05:30,328.6,328.95,328.55,328.8,80327
2025-11-03T14:00:00+05:30,328.8,328.95,328.35,328.4,59240
2025-11-03T14:15:00+05:30,328.4,328.95,328.4,328.5,71321
2025-11-03T14:30:00+05:30,328.5,328.65,328.2,328.55,63397
2025-11-03T14:45:00+05:30,328.6,328.75,328.35,328.5,148423
2025-11-03T15:00:00+05:30,328.55,328.6,328.0,328.5,174579
2025-11-03T15:15:00+05:30,328.35,329.2,328.35,328.85,755983
2025-11-04T09:15:00+05:30,326.4,328.55,326.4,326.75,120277
2025-11-04T09:30:00+05:30,326.8,330.7,326.75,329.65,427403
2025-11-04T09:45:00+05:30,329.65,330.25,329.0,329.75,281632
2025-11-04T10:00:00+05:30,329.8,330.25,329.25,329.5,123653
2025-11-04T10:15:00+05:30,329.4,329.5,328.35,328.7,67962
2025-11-04T10:30:00+05:30,328.8,328.8,328.3,328.55,50115
2025-11-04T10:45:00+05:30,328.55,329.3,328.4,329.2,79466
2025-11-04T11:00:00+05:30,329.25,330.3,329.0,330.15,343248
2025-11-04T11:15:00+05:30,330.15,330.2,329.75,330.0,473401
2025-11-04T11:30:00+05:30,330.0,330.4,329.65,329.9,263183
2025-11-04T11:45:00+05:30,329.95,330.2,329.35,330.0,359984
2025-11-04T12:00:00+05:30,330.0,330.15,329.45,329.7,155577
2025-11-04T12:15:00+05:30,329.65,329.9,329.35,329.6,166255
2025-11-04T12:30:00+05:30,329.6,330.3,329.35,330.15,222527
2025-11-04T12:45:00+05:30,330.15,330.2,329.55,329.55,191300
2025-11-04T13:00:00+05:30,329.55,329.7,328.95,329.35,305376
2025-11-04T13:15:00+05:30,329.45,329.45,328.4,328.75,234518
2025-11-04T13:30:00+05:30,328.6,328.8,328.4,328.65,36322
2025-11-04T13:45:00+05:30,328.55,329.55,328.05,329.0,646257
2025-11-04T14:00:00+05:30,328.95,329.0,327.35,327.55,381697
2025-11-04T14:15:00+05:30,327.5,328.1,326.95,327.8,493856
2025-11-04T14:30:00+05:30,327.6,327.95,327.35,327.75,138320
2025-11-04T14:45:00+05:30,327.75,328.3,327.5,328.1,59941
2025-11-04T15:00:00+05:30,328.0,328.4,327.4,328.2,75413
2025-11-04T15:15:00+05:30,328.25,330.2,328.15,330.0,631831
2025-11-06T09:15:00+05:30,327.65,327.95,325.8,326.0,238605
2025-11-06T09:30:00+05:30,326.0,326.1,325.05,325.35,123433
2025-11-06T09:45:00+05:30,325.25,326.35,325.2,325.7,165553
2025-11-06T10:00:00+05:30,325.75,326.3,325.4,325.4,113946
2025-11-06T10:15:00+05:30,325.45,325.5,325.0,325.35,121958
2025-11-06T10:30:00+05:30,325.3,325.5,325.15,325.35,67846
2025-11-06T10:45:00+05:30,325.4,326.25,325.25,325.9,73086
2025-11-06T11:00:00+05:30,325.9,326.5,325.7,326.0,88261
2025-11-06T11:15:00+05:30,326.0,326.0,325.4,325.65,60752
2025-11-06T11:30:00+05:30,325.65,325.8,325.3,325.55,61738
2025-11-06T11:45:00+05:30,325.45,325.9,325.25,325.5,55825
2025-11-06T12:00:00+05:30,325.5,325.8,325.1,325.15,69772
2025-11-06T12:15:00+05:30,325.25,326.45,325.15,325.8,120542
2025-11-06T12:30:00+05:30,325.8,326.5,325.2,325.4,113603
2025-11-06T12:45:00+05:30,325.4,325.7,325.25,325.4,43658
2025-11-06T13:00:00+05:30,325.6,325.6,325.25,325.4,50593
2025-11-06T13:15:00+05:30,325.4,325.45,325.05,325.25,54334
2025-11-06T13:30:00+05:30,325.25,327.35,325.1,327.15,291098
2025-11-06T13:45:00+05:30,327.0,328.0,326.5,326.6,461555
2025-11-06T14:00:00+05:30,326.65,326.8,326.4,326.75,43017
2025-11-06T14:15:00+05:30,326.75,326.8,326.4,326.6,28950
2025-11-06T14:30:00+05:30,326.5,327.0,326.25,326.5,61180
2025-11-06T14:45:00+05:30,326.55,326.6,326.3,326.5,36869
2025-11-06T15:00:00+05:30,326.5,327.2,325.4,326.3,444029
2025-11-06T15:15:00+05:30,326.2,328.15,325.85,327.25,515912
2025-11-07T09:15:00+05:30,325.1,326.0,324.3,324.6,242225
2025-11-07T09:30:00+05:30,324.6,325.0,323.45,324.0,217174
2025-11-07T09:45:00+05:30,323.85,324.95,323.6,323.65,164312
2025-11-07T10:00:00+05:30,323.65,324.5,323.5,324.4,91072
2025-11-07T10:15:00+05:30,324.15,324.4,322.8,323.7,254878
2025-11-07T10:30:00+05:30,323.7,324.0,323.1,323.95,199915
2025-11-07T10:45:00+05:30,323.9,324.3,322.8,323.0,134299
2025-11-07T11:00:00+05:30,323.0,323.2,322.4,322.7,227067
2025-11-07T11:15:00+05:30,322.65,323.15,322.5,323.1,206664
2025-11-07T11:30:00+05:30,323.1,323.7,322.55,322.8,173660
2025-11-07T11:45:00+05:30,322.75,322.8,321.8,322.45,219679
2025-11-07T12:00:00+05:30,322.45,322.5,321.4,321.9,174230
2025-11-07T12:15:00+05:30,321.8,321.9,320.95,321.0,216088
2025-11-07T12:30:00+05:30,321.0,321.95,320.7,321.5,164122
2025-11-07T12:45:00+05:30,321.5,321.9,320.85,321.25,273427
2025-11-07T13:00:00+05:30,321.2,321.75,320.95,321.5,172470
2025-11-07T13:15:00+05:30,321.4,321.5,320.3,321.15,188207
2025-11-07T13:30:00+05:30,321.1,322.95,320.8,322.65,216241
2025-11-07T13:45:00+05:30,322.6,322.95,321.25,321.4,200172
2025-11-07T14:00:00+05:30,321.4,321.75,320.95,321.7,234763
2025-11-07T14:15:00+05:30,321.55,322.4,321.4,322.3,220182
2025-11-07T14:30:00+05:30,322.15,322.75,322.15,322.6,120577
2025-11-07T14:45:00+05:30,322.55,322.75,322.55,322.55,126703
2025-11-07T15:00:00+05:30,322.65,323.6,322.55,322.95,592753
2025-11-07T15:15:00+05:30,322.9,323.25,322.7,322.95,302896
2025-11-10T09:15:00+05:30,322.0,322.8,318.35,320.95,666719
2025-11-10T09:30:00+05:30,320.95,321.45,320.6,321.0,181264
2025-11-10T09:45:00+05:30,320.95,322.15,320.6,321.75,213293
2025-11-10T10:00:00+05:30,321.75,322.5,321.5,322.4,133315
2025-11-10T10:15:00+05:30,322.35,323.9,322.0,323.55,195296
2025-11-10T10:30:00+05:30,323.5,324.8,323.5,324.4,176149
2025-11-10T10:45:00+05:30,324.4,325.95,324.15,325.9,244744
2025-11-10T11:00:00+05:30,325.9,325.95,324.6,325.1,139658
2025-11-10T11:15:00+05:30,325.1,325.15,324.2,324.5,111725
2025-11-10T11:30:00+05:30,324.5,324.85,323.55,324.6,123396
2025-11-10T11:45:00+05:30,324.5,324.8,324.0,324.7,88468
2025-11-10T12:00:00+05:30,324.7,325.2,324.3,325.05,113191
2025-11-10T12:15:00+05:30,325.1,325.15,324.6,325.1,80645
2025-11-10T12:30:00+05:30,325.1,325.15,324.7,324.95,67348
2025-11-10T12:45:00+05:30,324.95,325.15,324.6,325.05,71140
2025-11-10T13:00:00+05:30,325.05,325.3,324.75,325.1,74999
2025-11-10T13:15:00+05:30,325.1,325.3,324.75,325.15,144299
2025-11-10T13:30:00+05:30,325.2,325.2,324.7,325.1,74255
2025-11-10T13:45:00+05:30,325.15,325.3,324.8,325.15,72078
2025-11-10T14:00:00+05:30,325.15,325.25,324.4,325.0,78095
2025-11-10T14:15:00+05:30,325.05,325.25,324.85,325.1,76765
2025-11-10T14:30:00+05:30,325.1,325.2,324.75,325.1,93080
2025-11-10T14:45:00+05:30,325.05,325.1,324.65,325.0,88370
2025-11-10T15:00:00+05:30,325.0,325.0,324.35,324.6,144309
2025-11-10T15:15:00+05:30,324.55,325.15,324.0,324.5,363669
2025-11-11T09:15:00+05:30,324.0,324.3,321.2,323.9,208103
2025-11-11T09:30:00+05:30,323.9,325.25,323.05,325.15,126023
2025-11-11T09:45:00+05:30,325.15,325.15,324.6,325.05,114757
2025-11-11T10:00:00+05:30,325.05,325.4,324.15,324.9,563701
2025-11-11T10:15:00+05:30,324.9,325.2,324.35,325.1,499834
2025-11-11T10:30:00+05:30,325.1,325.2,324.35,325.0,289382
2025-11-11T10:45:00+05:30,325.05,326.0,325.0,325.9,92148
2025-11-11T11:00:00+05:30,325.9,326.2,325.45,326.0,119559
2025-11-11T11:15:00+05:30,326.0,326.1,325.45,325.75,93736
2025-11-11T11:30:00+05:30,325.5,326.0,325.3,325.9,44275
2025-11-11T11:45:00+05:30,325.9,326.0,325.55,325.95,51454
2025-11-11T12:00:00+05:30,325.95,326.25,325.7,325.9,80676
2025-11-11T12:15:00+05:30,325.9,326.0,325.6,325.85,27885
2025-11-11T12:30:00+05:30,325.85,325.95,325.25,325.45,40858
2025-11-11T12:45:00+05:30,325.45,325.9,325.35,325.45,35704
2025-11-11T13:00:00+05:30,325.7,325.9,325.4,325.6,28341
2025-11-11T13:15:00+05:30,325.6,325.9,325.5,325.75,26858
2025-11-11T13:30:00+05:30,325.75,325.9,325.5,325.6,32990
2025-11-11T13:45:00+05:30,325.6,325.9,325.2,325.5,57511
2025-11-11T14:00:00+05:30,325.5,325.6,325.15,325.2,46230
2025-11-11T14:15:00+05:30,325.4,325.6,325.0,325.5,74953
2025-11-11T14:30:00+05:30,325.5,325.6,325.05,325.6,67192
2025-11-11T14:45:00+05:30,325.6,325.7,325.25,325.25,72384
2025-11-11T15:00:00+05:30,325.4,325.9,325.4,325.7,165190
2025-11-11T15:15:00+05:30,325.7,326.0,325.15,325.5,371121
2025-11-12T09:15:00+05:30,325.75,326.25,323.6,324.9,156730
2025-11-12T09:30:00+05:30,324.75,325.0,324.0,324.15,94000
2025-11-12T09:45:00+05:30,324.3,325.4,324.15,325.0,127590
2025-11-12T10:00:00+05:30,325.0,325.25,324.8,325.0,139811
2025-11-12T10:15:00+05:30,325.0,325.25,324.9,325.15,218484
2025-11-12T10:30:00+05:30,325.1,325.4,324.85,325.2,128109
2025-11-12T10:45:00+05:30,325.2,325.65,325.0,325.6,103581
2025-11-12T11:00:00+05:30,325.65,325.8,325.15,325.25,32707
2025-11-12T11:15:00+05:30,325.25,325.35,324.8,325.2,70044
2025-11-12T11:30:00+05:30,325.2,325.3,325.0,325.2,90959
2025-11-12T11:45:00+05:30,325.2,325.9,325.2,325.25,64853
2025-11-12T12:00:00+05:30,325.25,325.4,325.2,325.25,13316
2025-11-12T12:15:00+05:30,325.3,325.75,325.0,325.5,47076
2025-11-12T12:30:00+05:30,325.6,325.75,325.0,325.3,38473
2025-11-12T12:45:00+05:30,325.3,325.4,325.2,325.25,22321
2025-11-12T13:00:00+05:30,325.3,325.35,325.0,325.15,25780
2025-11-12T13:15:00+05:30,325.1,325.45,325.0,325.25,28040
2025-11-12T13:30:00+05:30,325.25,325.3,325.05,325.25,40327
2025-11-12T13:45:00+05:30,325.25,325.35,324.7,325.15,69356
2025-11-12T14:00:00+05:30,325.15,325.7,324.9,325.1,170743
2025-11-12T14:15:00+05:30,325.15,325.35,325.0,325.05,40916
2025-11-12T14:30:00+05:30,325.15,325.5,324.75,325.25,79674
2025-11-12T14:45:00+05:30,325.25,325.5,325.2,325.2,57562
2025-11-12T15:00:00+05:30,325.25,325.6,325.15,325.15,161769
2025-11-12T15:15:00+05:30,325.2,325.75,325.0,325.3,242530
2025-11-13T09:15:00+05:30,325.0,327.5,324.25,326.35,208874
2025-11-13T09:30:00+05:30,326.3,326.6,325.6,325.75,90781
2025-11-13T09:45:00+05:30,325.75,325.75,324.9,325.2,81054
2025-11-13T10:00:00+05:30,325.2,325.7,325.1,325.4,40892
2025-11-13T10:15:00+05:30,325.4,326.0,325.1,325.7,228609
2025-11-13T10:30:00+05:30,325.7,326.1,324.5,324.95,237730
2025-11-13T10:45:00+05:30,324.85,325.35,324.55,324.95,56076
2025-11-13T11:00:00+05:30,324.95,325.25,324.7,325.05,73059
2025-11-13T11:15:00+05:30,325.0,325.45,324.75,324.9,58144
2025-11-13T11:30:00+05:30,324.85,325.0,324.5,324.6,75358
2025-11-13T11:45:00+05:30,324.55,325.1,324.4,324.85,146598
2025-11-13T12:00:00+05:30,324.95,325.15,324.4,324.8,400725
2025-11-13T12:15:00+05:30,324.6,324.95,324.3,324.35,109713
2025-11-13T12:30:00+05:30,324.35,324.9,324.25,324.6,67078
2025-11-13T12:45:00+05:30,324.6,324.95,324.35,324.7,111276
2025-11-13T13:00:00+05:30,324.7,325.2,324.6,325.0,155181
2025-11-13T13:15:00+05:30,325.05,325.1,324.15,324.6,86975
2025-11-13T13:30:00+05:30,324.65,325.1,324.5,325.0,71632
2025-11-13T13:45:00+05:30,325.0,325.1,324.55,324.7,79822
2025-11-13T14:00:00+05:30,324.8,325.05,324.35,324.85,138638
2025-11-13T14:15:00+05:30,324.9,325.05,323.9,324.0,159881
2025-11-13T14:30:00+05:30,324.2,324.5,322.95,324.2,173049
2025-11-13T14:45:00+05:30,324.2,324.65,323.5,323.65,174428
2025-11-13T15:00:00+05:30,323.65,324.45,323.45,323.5,311363
2025-11-13T15:15:00+05:30,323.65,324.15,323.4,323.8,231468
2025-11-14T09:15:00+05:30,324.0,324.5,322.45,323.5,83706
2025-11-14T09:30:00+05:30,323.7,324.45,323.4,324.05,44175
2025-11-14T09:45:00+05:30,324.25,325.0,323.65,323.65,35690
2025-11-14T10:00:00+05:30,323.65,323.95,322.6,323.5,160248
2025-11-14T10:15:00+05:30,323.45,324.3,323.25,324.0,35033
2025-11-14T10:30:00+05:30,323.8,324.0,323.5,323.75,15095
2025-11-14T10:45:00+05:30,323.75,324.0,323.55,324.0,14680
2025-11-14T11:00:00+05:30,323.8,324.2,323.65,324.0,44296
2025-11-14T11:15:00+05:30,324.2,324.25,323.55,324.1,37918
2025-11-14T11:30:00+05:30,324.1,324.25,323.7,324.2,41258
2025-11-14T11:45:00+05:30,324.2,324.3,323.55,323.8,70877
2025-11-14T12:00:00+05:30,323.8,324.7,323.75,324.35,32053
2025-11-14T12:15:00+05:30,324.35,324.75,323.95,324.55,49409
2025-11-14T12:30:00+05:30,324.3,325.25,324.25,324.95,88112
2025-11-14T12:45:00+05:30,324.75,324.95,324.3,324.7,24722
2025-11-14T13:00:00+05:30,324.75,325.1,323.9,325.0,175139
2025-11-14T13:15:00+05:30,324.9,325.3,324.8,325.15,72422
2025-11-14T13:30:00+05:30,325.05,325.35,324.9,325.2,22440
2025-11-14T13:45:00+05:30,325.05,325.25,323.9,324.75,185438
2025-11-14T14:00:00+05:30,324.95,325.25,324.35,325.0,167039
2025-11-14T14:15:00+05:30,325.0,325.1,324.8,325.05,27534
2025-11-14T14:30:00+05:30,325.0,325.3,324.85,325.1,34607
2025-11-14T14:45:00+05:30,325.1,325.35,324.85,325.1,62288
2025-11-14T15:00:00+05:30,325.1,325.65,325.0,325.5,206522
2025-11-14T15:15:00+05:30,325.45,325.95,325.25,325.5,352087
2025-11-17T09:15:00+05:30,325.0,325.7,324.65,325.05,71327
2025-11-17T09:30:00+05:30,325.1,325.3,324.8,325.0,101090
2025-11-17T09:45:00+05:30,325.05,325.05,324.9,324.9,78504
2025-11-17T10:00:00+05:30,324.9,325.2,324.9,325.05,74719
2025-11-17T10:15:00+05:30,325.0,325.3,324.85,325.0,87541
2025-11-17T10:30:00+05:30,325.1,325.35,325.0,325.05,53447
2025-11-17T10:45:00+05:30,325.05,325.25,324.9,325.05,56697
2025-11-17T11:00:00+05:30,325.0,325.35,325.0,325.05,61049
2025-11-17T11:15:00+05:30,325.05,325.15,324.85,324.95,129268
2025-11-17T11:30:00+05:30,325.0,325.45,324.9,325.15,170492
2025-11-17T11:45:00+05:30,325.15,325.25,325.0,325.05,46252
2025-11-17T12:00:00+05:30,325.05,325.45,325.0,325.1,69009
2025-11-17T12:15:00+05:30,325.2,325.25,324.9,324.95,52855
2025-11-17T12:30:00+05:30,324.95,325.2,324.9,325.05,56884
2025-11-17T12:45:00+05:30,325.05,325.15,325.0,325.0,46883
2025-11-17T13:00:00+05:30,325.0,325.15,324.9,325.15,57321
2025-11-17T13:15:00+05:30,325.15,325.15,325.0,325.15,58669
2025-11-17T13:30:00+05:30,325.05,325.15,324.9,325.0,54367
2025-11-17T13:45:00+05:30,325.0,325.15,324.75,324.9,65615
2025-11-17T14:00:00+05:30,324.9,325.1,324.45,325.0,129332
2025-11-17T14:15:00+05:30,325.05,325.05,325.0,325.0,45426
2025-11-17T14:30:00+05:30,325.0,325.1,324.45,325.05,72279
2025-11-17T14:45:00+05:30,325.05,325.2,324.7,325.15,83693
2025-11-17T15:00:00+05:30,325.05,325.15,324.85,325.15,153508
2025-11-17T15:15:00+05:30,325.1,325.3,324.5,325.0,254293
2025-11-18T09:15:00+05:30,324.0,324.9,322.6,322.75,155710
2025-11-18T09:30:00+05:30,322.75,322.9,322.1,322.1,68646
2025-11-18T09:45:00+05:30,322.1,322.55,321.8,322.05,76358
2025-11-18T10:00:00+05:30,322.05,322.45,322.0,322.05,27337
2025-11-18T10:15:00+05:30,322.05,322.25,321.6,322.0,66668
2025-11-18T10:30:00+05:30,322.05,322.25,321.9,322.1,47960
2025-11-18T10:45:00+05:30,322.0,322.2,321.8,321.95,33016
2025-11-18T11:00:00+05:30,321.95,322.2,321.85,322.15,31605
2025-11-18T11:15:00+05:30,322.1,322.25,321.85,322.0,39364
2025-11-18T11:30:00+05:30,322.0,322.2,322.0,322.0,16920
2025-11-18T11:45:00+05:30,322.05,322.25,321.8,321.8,30411
2025-11-18T12:00:00+05:30,321.85,322.2,321.75,322.0,315893
2025-11-18T12:15:00+05:30,322.1,322.3,321.85,322.05,18567
2025-11-18T12:30:00+05:30,322.3,322.35,322.0,322.2,10785
2025-11-18T12:45:00+05:30,322.0,322.2,321.8,322.0,30430
2025-11-18T13:00:00+05:30,322.0,322.2,322.0,322.0,11930
2025-11-18T13:15:00+05:30,322.1,322.3,321.8,322.05,17347
2025-11-18T13:30:00+05:30,322.05,322.5,321.8,322.15,39133
2025-11-18T13:45:00+05:30,322.15,322.35,322.0,322.0,12945
2025-11-18T14:00:00+05:30,322.1,322.4,322.0,322.0,21485
2025-11-18T14:15:00+05:30,322.0,322.25,321.9,322.0,17062
2025-11-18T14:30:00+05:30,322.0,322.2,321.9,322.05,27549
2025-11-18T14:45:00+05:30,322.05,322.1,322.0,322.05,32642
2025-11-18T15:00:00+05:30,322.05,322.05,321.1,321.45,122861
2025-11-18T15:15:00+05:30,321.35,321.4,320.05,320.1,233096
2025-11-19T09:15:00+05:30,322.4,323.35,321.55,322.35,186136
2025-11-19T09:30:00+05:30,322.3,322.45,321.4,322.0,54520
2025-11-19T09:45:00+05:30,322.2,322.55,321.05,321.25,85417
2025-11-19T10:00:00+05:30,321.25,321.5,320.75,321.1,95318
2025-11-19T10:15:00+05:30,321.3,321.35,320.2,320.25,80488
2025-11-19T10:30:00+05:30,320.25,320.85,320.2,320.4,38339
2025-11-19T10:45:00+05:30,320.4,321.4,320.2,320.95,66039
2025-11-19T11:00:00+05:30,321.15,321.4,320.85,320.85,40534
2025-11-19T11:15:00+05:30,320.85,321.0,320.65,320.75,16188
2025-11-19T11:30:00+05:30,320.75,321.0,320.65,320.95,17073
2025-11-19T11:45:00+05:30,320.75,321.0,320.65,320.8,18290
2025-11-19T12:00:00+05:30,320.8,321.0,320.3,320.7,75827
2025-11-19T12:15:00+05:30,320.65,320.75,320.2,320.25,76034
2025-11-19T12:30:00+05:30,320.35,320.45,319.2,320.15,700720
2025-11-19T12:45:00+05:30,320.15,320.25,319.85,320.0,1000950
2025-11-19T13:00:00+05:30,320.0,320.05,318.95,319.2,226787
2025-11-19T13:15:00+05:30,319.2,319.75,318.9,319.4,105890
2025-11-19T13:30:00+05:30,319.4,319.55,318.8,319.35,41273
2025-11-19T13:45:00+05:30,319.3,320.0,319.0,319.4,110544
2025-11-19T14:00:00+05:30,319.5,319.6,317.95,319.0,403885
2025-11-19T14:15:00+05:30,319.2,319.25,318.9,319.25,63640
2025-11-19T14:30:00+05:30,319.25,319.65,319.0,319.55,73173
2025-11-19T14:45:00+05:30,319.55,320.25,319.05,320.0,332701
2025-11-19T15:00:00+05:30,320.15,320.2,320.0,320.1,79070
2025-11-19T15:15:00+05:30,320.1,320.9,320.0,320.6,388610
2025-11-20T09:15:00+05:30,320.95,321.45,319.2,319.2,121673
2025-11-20T09:30:00+05:30,319.45,319.45,318.05,318.55,109069
2025-11-20T09:45:00+05:30,318.7,318.8,318.15,318.2,53950
2025-11-20T10:00:00+05:30,318.4,320.0,318.2,318.55,137593
2025-11-20T10:15:00+05:30,318.6,319.0,318.05,318.6,106588
2025-11-20T10:30:00+05:30,318.5,318.85,318.3,318.6,79771
2025-11-20T10:45:00+05:30,318.55,318.7,317.8,318.5,172420
2025-11-20T11:00:00+05:30,318.5,319.0,318.0,318.45,149822
2025-11-20T11:15:00+05:30,318.4,318.9,318.1,318.5,70326
2025-11-20T11:30:00+05:30,318.6,318.9,318.45,318.7,40327
2025-11-20T11:45:00+05:30,318.65,318.95,318.5,318.75,54375
2025-11-20T12:00:00+05:30,318.7,319.0,318.05,318.9,64783
2025-11-20T12:15:00+05:30,318.7,318.9,318.4,318.5,65752
2025-11-20T12:30:00+05:30,318.7,319.3,318.25,318.8,49226
2025-11-20T12:45:00+05:30,318.8,318.95,318.45,318.5,69737
2025-11-20T13:00:00+05:30,318.5,318.9,318.4,318.75,153951
2025-11-20T13:15:00+05:30,318.55,318.75,318.45,318.7,94206
2025-11-20T13:30:00+05:30,318.65,318.9,318.5,318.65,56383
2025-11-20T13:45:00+05:30,318.7,318.75,318.45,318.6,30042
2025-11-20T14:00:00+05:30,318.6,319.35,318.5,319.25,58914
2025-11-20T14:15:00+05:30,319.25,319.4,318.9,319.0,35780
2025-11-20T14:30:00+05:30,319.0,319.1,318.6,318.85,19745
2025-11-20T14:45:00+05:30,318.65,318.85,318.5,318.6,29399
2025-11-20T15:00:00+05:30,318.6,318.8,318.5,318.6,54925
2025-11-20T15:15:00+05:30,318.5,318.9,318.5,318.5,171384
2025-11-21T09:15:00+05:30,318.6,319.4,317.6,318.85,51694
2025-11-21T09:30:00+05:30,318.7,318.9,317.3,317.4,71782
2025-11-21T09:45:00+05:30,317.6,317.6,315.65,315.8,113512
2025-11-21T10:00:00+05:30,315.9,316.25,315.1,316.0,96501
2025-11-21T10:15:00+05:30,316.0,316.3,315.55,316.25,45107
2025-11-21T10:30:00+05:30,316.05,316.8,315.9,316.05,63653
2025-11-21T10:45:00+05:30,316.05,316.6,316.0,316.55,64939
2025-11-21T11:00:00+05:30,316.55,316.65,316.4,316.5,18527
2025-11-21T11:15:00+05:30,316.55,316.55,316.5,316.55,16849
2025-11-21T11:30:00+05:30,316.5,316.7,316.4,316.6,37524
2025-11-21T11:45:00+05:30,316.5,316.75,316.5,316.75,22219
2025-11-21T12:00:00+05:30,316.7,317.35,316.7,317.05,78654
2025-11-21T12:15:00+05:30,317.05,317.2,316.0,317.1,104291
2025-11-21T12:30:00+05:30,317.1,317.4,317.0,317.25,22167
2025-11-21T12:45:00+05:30,317.1,317.7,317.1,317.4,23117
2025-11-21T13:00:00+05:30,317.4,317.6,316.5,317.05,130155
2025-11-21T13:15:00+05:30,317.05,317.25,316.35,316.45,25722
2025-11-21T13:30:00+05:30,316.5,316.85,316.35,316.6,24553
2025-11-21T13:45:00+05:30,316.6,316.9,316.35,316.75,30109
2025-11-21T14:00:00+05:30,316.7,316.95,316.5,316.65,27334
2025-11-21T14:15:00+05:30,316.6,317.2,316.4,317.05,37142
2025-11-21T14:30:00+05:30,317.0,317.35,316.75,317.05,99679
2025-11-21T14:45:00+05:30,317.05,317.3,316.65,317.15,141219
2025-11-21T15:00:00+05:30,317.15,317.4,316.85,317.4,96812
2025-11-21T15:15:00+05:30,317.35,317.5,315.85,315.9,195078
2025-11-24T09:15:00+05:30,316.8,320.9,316.5,320.3,241850
2025-11-24T09:30:00+05:30,320.3,322.45,320.25,322.3,301429
2025-11-24T09:45:00+05:30,322.4,322.75,321.3,322.55,156665
2025-11-24T10:00:00+05:30,322.75,323.75,322.55,323.2,169501
2025-11-24T10:15:00+05:30,323.05,323.1,321.9,322.3,79755
2025-11-24T10:30:00+05:30,322.2,322.7,321.9,322.3,34559
2025-11-24T10:45:00+05:30,322.3,322.3,321.5,322.2,60574
2025-11-24T11:00:00+05:30,322.15,322.4,321.2,321.95,102156
2025-11-24T11:15:00+05:30,321.8,322.0,320.85,320.85,167890
2025-11-24T11:30:00+05:30,321.0,321.4,320.35,321.05,76383
2025-11-24T11:45:00+05:30,321.2,321.25,320.3,320.8,92593
2025-11-24T12:00:00+05:30,320.85,320.85,320.25,320.6,77622
2025-11-24T12:15:00+05:30,320.6,320.7,319.8,320.65,98385
2025-11-24T12:30:00+05:30,320.65,320.7,319.7,320.05,75427
2025-11-24T12:45:00+05:30,320.05,320.15,319.65,320.0,44794
2025-11-24T13:00:00+05:30,320.0,320.0,319.45,319.8,75966
2025-11-24T13:15:00+05:30,319.8,319.8,319.0,319.75,114727
2025-11-24T13:30:00+05:30,319.7,319.75,318.8,319.15,145130
2025-11-24T13:45:00+05:30,319.2,319.35,318.95,319.05,49660
2025-11-24T14:00:00+05:30,319.05,319.1,318.95,319.1,45501
2025-11-24T14:15:00+05:30,319.1,319.35,317.95,318.15,312462
2025-11-24T14:30:00+05:30,318.15,319.3,317.9,318.9,482659
2025-11-24T14:45:00+05:30,319.0,319.5,318.0,319.35,223308
2025-11-24T15:00:00+05:30,319.35,319.6,318.45,318.9,79779
2025-11-24T15:15:00+05:30,318.95,320.55,318.4,320.5,248882
2025-11-25T09:15:00+05:30,319.65,322.95,319.65,321.65,149011
2025-11-25T09:30:00+05:30,321.95,323.0,320.65,322.6,107274
2025-11-25T09:45:00+05:30,322.45,324.45,322.15,323.55,124225
2025-11-25T10:00:00+05:30,323.7,325.6,323.45,325.0,231718
2025-11-25T10:15:00+05:30,324.95,325.5,324.8,325.3,96831
2025-11-25T10:30:00+05:30,325.2,326.5,324.65,325.55,197718
2025-11-25T10:45:00+05:30,325.55,325.9,325.25,325.6,67401
2025-11-25T11:00:00+05:30,325.5,325.6,324.95,325.6,74787
2025-11-25T11:15:00+05:30,325.4,325.65,325.15,325.2,31575
2025-11-25T11:30:00+05:30,325.2,325.5,325.15,325.4,29509
2025-11-25T11:45:00+05:30,325.4,325.45,325.0,325.35,33475
2025-11-25T12:00:00+05:30,325.3,325.35,324.55,325.0,66948
2025-11-25T12:15:00+05:30,324.95,325.1,324.45,324.9,32528
2025-11-25T12:30:00+05:30,324.9,325.0,324.45,325.0,35046
2025-11-25T12:45:00+05:30,325.0,325.45,324.95,325.35,44322
2025-11-25T13:00:00+05:30,325.35,325.5,325.0,325.2,88935
2025-11-25T13:15:00+05:30,325.2,325.3,325.0,325.05,56866
2025-11-25T13:30:00+05:30,325.05,325.3,325.0,325.25,24997
2025-11-25T13:45:00+05:30,325.25,325.3,325.2,325.3,27124
2025-11-25T14:00:00+05:30,325.3,325.4,325.0,325.15,32503
2025-11-25T14:15:00+05:30,325.2,325.45,325.0,325.15,47137
2025-11-25T14:30:00+05:30,325.2,325.5,324.85,325.2,50773
2025-11-25T14:45:00+05:30,325.05,325.3,324.9,325.05,50091
2025-11-25T15:00:00+05:30,325.05,325.5,324.65,325.0,99122
2025-11-25T15:15:00+05:30,325.0,325.2,324.65,324.9,215511
2025-11-26T09:15:00+05:30,325.95,327.9,325.1,325.75,207073
2025-11-26T09:30:00+05:30,325.75,325.9,323.9,325.0,106402
2025-11-26T09:45:00+05:30,325.1,325.5,324.55,324.75,44864
2025-11-26T10:00:00+05:30,324.75,325.25,324.4,324.7,36068
2025-11-26T10:15:00+05:30,324.7,324.9,324.05,324.3,40845
2025-11-26T10:30:00+05:30,324.3,325.2,324.05,325.0,51685
2025-11-26T10:45:00+05:30,325.0,325.0,324.05,324.5,48218
2025-11-26T11:00:00+05:30,324.5,324.65,324.15,324.45,23913
2025-11-26T11:15:00+05:30,324.45,326.25,324.05,325.5,190970
2025-11-26T11:30:00+05:30,325.5,325.9,324.55,324.8,87158
2025-11-26T11:45:00+05:30,324.8,325.2,324.45,324.85,39428
2025-11-26T12:00:00+05:30,324.85,325.35,324.5,324.95,50421
2025-11-26T12:15:00+05:30,324.95,324.95,324.3,324.75,23976
2025-11-26T12:30:00+05:30,324.75,325.15,324.35,325.0,372390
2025-11-26T12:45:00+05:30,325.05,325.1,324.8,325.0,30217
2025-11-26T13:00:00+05:30,324.85,325.1,324.8,325.1,34812
2025-11-26T13:15:00+05:30,325.0,325.3,324.8,325.0,51675
2025-11-26T13:30:00+05:30,325.0,325.15,324.3,324.75,63186
2025-11-26T13:45:00+05:30,324.9,325.1,324.5,324.9,58317
2025-11-26T14:00:00+05:30,324.75,324.95,324.5,324.75,52514
2025-11-26T14:15:00+05:30,324.85,325.0,324.5,324.75,68928
2025-11-26T14:30:00+05:30,324.75,324.85,324.6,324.75,55578
2025-11-26T14:45:00+05:30,324.8,324.85,324.6,324.85,57946
2025-11-26T15:00:00+05:30,324.85,325.3,324.6,324.8,87940
2025-11-26T15:15:00+05:30,324.8,324.9,323.6,324.15,258427
2025-11-27T09:15:00+05:30,324.95,326.95,324.55,325.15,107841
2025-11-27T09:30:00+05:30,325.1,325.15,324.3,324.5,37479
2025-11-27T09:45:00+05:30,324.3,324.5,324.0,324.1,25878
2025-11-27T10:00:00+05:30,324.1,324.45,323.6,324.05,33372
2025-11-27T10:15:00+05:30,323.95,324.5,323.8,323.85,29074
2025-11-27T10:30:00+05:30,323.9,324.45,323.85,324.05,22126
2025-11-27T10:45:00+05:30,324.05,324.4,324.0,324.1,17407
2025-11-27T11:00:00+05:30,324.0,324.5,323.85,324.3,21840
2025-11-27T11:15:00+05:30,324.3,325.5,324.05,324.5,69756
2025-11-27T11:30:00+05:30,324.65,325.35,324.55,324.8,24419
2025-11-27T11:45:00+05:30,325.0,325.0,324.5,324.65,18376
2025-11-27T12:00:00+05:30,324.5,324.75,324.05,324.45,34831
2025-11-27T12:15:00+05:30,324.45,324.95,324.0,324.85,39185
2025-11-27T12:30:00+05:30,324.85,325.0,324.6,324.95,14681
2025-11-27T12:45:00+05:30,324.95,324.95,324.25,324.8,30280
2025-11-27T13:00:00+05:30,324.85,324.95,324.35,324.5,20182
2025-11-27T13:15:00+05:30,324.5,325.25,324.4,324.7,42095
2025-11-27T13:30:00+05:30,324.7,325.0,324.5,325.0,17432
2025-11-27T13:45:00+05:30,324.8,325.25,324.75,325.05,32710
2025-11-27T14:00:00+05:30,324.85,325.1,324.6,324.65,13718
2025-11-27T14:15:00+05:30,324.65,324.95,324.6,324.8,18097
2025-11-27T14:30:00+05:30,324.65,325.0,324.65,324.95,16509
2025-11-27T14:45:00+05:30,324.9,324.95,324.6,324.8,18068
2025-11-27T15:00:00+05:30,324.8,325.0,324.5,324.7,42579
2025-11-27T15:15:00+05:30,324.7,325.15,323.9,324.75,112791
2025-11-28T09:15:00+05:30,324.0,325.3,324.0,324.4,32620
2025-11-28T09:30:00+05:30,324.4,324.55,324.1,324.2,23956
2025-11-28T09:45:00+05:30,324.2,326.6,324.0,326.55,193496
2025-11-28T10:00:00+05:30,326.3,329.0,326.25,327.8,615692
2025-11-28T10:15:00+05:30,327.8,328.75,327.35,327.75,242882
2025-11-28T10:30:00+05:30,327.7,330.9,327.35,330.45,821474
2025-11-28T10:45:00+05:30,330.35,330.6,329.1,330.0,346835
2025-11-28T11:00:00+05:30,330.0,330.65,329.55,329.75,270525
2025-11-28T11:15:00+05:30,329.75,330.25,329.4,329.95,254833
2025-11-28T11:30:00+05:30,329.95,330.2,328.65,328.75,210217
2025-11-28T11:45:00+05:30,328.75,329.0,328.7,328.9,75784
2025-11-28T12:00:00+05:30,329.0,329.2,328.9,329.1,96038
2025-11-28T12:15:00+05:30,329.1,329.25,328.7,328.75,86398
2025-11-28T12:30:00+05:30,328.75,329.0,328.55,328.8,66201
2025-11-28T12:45:00+05:30,328.8,329.0,328.6,328.9,60302
2025-11-28T13:00:00+05:30,328.9,329.0,328.6,328.75,75727
2025-11-28T13:15:00+05:30,328.75,328.85,328.15,328.65,2174388
2025-11-28T13:30:00+05:30,328.6,329.0,328.5,328.6,80996
2025-11-28T13:45:00+05:30,328.6,328.6,327.65,327.7,67668
2025-11-28T14:00:00+05:30,327.75,327.85,327.15,327.3,66590
2025-11-28T14:15:00+05:30,327.3,327.6,326.85,327.2,68560
2025-11-28T14:30:00+05:30,327.2,327.5,327.2,327.45,41103
2025-11-28T14:45:00+05:30,327.5,327.6,327.25,327.4,57572
2025-11-28T15:00:00+05:30,327.4,328.5,327.3,328.0,232978
2025-11-28T15:15:00+05:30,327.95,328.4,327.1,327.6,380012
2025-12-01T09:15:00+05:30,327.0,327.7,325.2,325.3,92641
2025-12-01T09:30:00+05:30,325.45,325.7,325.0,325.2,53890
2025-12-01T09:45:00+05:30,325.35,326.55,324.8,326.05,68930
2025-12-01T10:00:00+05:30,325.95,326.4,325.9,326.0,31488
2025-12-01T10:15:00+05:30,325.95,326.3,325.8,326.0,39314
2025-12-01T10:30:00+05:30,326.1,326.1,325.75,326.0,25275
2025-12-01T10:45:00+05:30,326.05,326.05,325.75,326.0,32485
2025-12-01T11:00:00+05:30,326.0,326.05,325.75,325.85,60517
2025-12-01T11:15:00+05:30,326.0,326.05,325.6,326.0,53636
2025-12-01T11:30:00+05:30,325.85,326.05,324.4,324.45,93865
2025-12-01T11:45:00+05:30,324.4,324.5,323.8,323.8,43746
2025-12-01T12:00:00+05:30,324.0,324.2,323.45,323.6,21666
2025-12-01T12:15:00+05:30,323.6,324.4,323.5,324.4,34843
2025-12-01T12:30:00+05:30,324.25,324.85,323.75,323.8,31570
2025-12-01T12:45:00+05:30,323.85,323.85,323.5,323.6,16092
2025-12-01T13:00:00+05:30,323.55,323.6,323.15,323.4,29034
2025-12-01T13:15:00+05:30,323.55,323.55,323.15,323.2,10725
2025-12-01T13:30:00+05:30,323.4,323.55,322.85,323.05,43888
2025-12-01T13:45:00+05:30,323.2,323.35,322.1,322.85,64778
2025-12-01T14:00:00+05:30,322.85,323.55,322.65,323.35,45986
2025-12-01T14:15:00+05:30,323.25,323.45,323.0,323.05,30147
2025-12-01T14:30:00+05:30,323.05,323.3,323.0,323.0,21961
2025-12-01T14:45:00+05:30,323.0,323.2,322.85,323.1,27724
2025-12-01T15:00:00+05:30,323.1,323.2,323.0,323.0,45494
2025-12-01T15:15:00+05:30,323.0,323.4,322.25,323.35,187834
2025-12-02T09:15:00+05:30,322.95,324.4,322.5,323.1,106000
2025-12-02T09:30:00+05:30,323.15,323.4,321.75,321.8,85962
2025-12-02T09:45:00+05:30,321.85,322.65,321.65,321.9,37678
2025-12-02T10:00:00+05:30,321.9,322.65,321.75,322.2,31205
2025-12-02T10:15:00+05:30,322.25,322.4,321.5,321.8,62182
2025-12-02T10:30:00+05:30,321.75,322.0,320.75,320.9,75639
2025-12-02T10:45:00+05:30,320.85,321.95,320.7,321.35,105448
2025-12-02T11:00:00+05:30,321.4,322.2,321.4,321.5,37889
2025-12-02T11:15:00+05:30,321.4,321.9,321.3,321.35,21018
2025-12-02T11:30:00+05:30,321.35,321.55,320.85,321.05,31244
2025-12-02T11:45:00+05:30,321.0,321.5,321.0,321.2,25383
2025-12-02T12:00:00+05:30,321.35,321.5,321.15,321.4,14229
2025-12-02T12:15:00+05:30,321.4,321.8,321.3,321.5,13994
2025-12-02T12:30:00+05:30,321.55,321.85,321.4,321.6,23150
2025-12-02T12:45:00+05:30,321.5,321.65,321.25,321.55,15780
2025-12-02T13:00:00+05:30,321.45,321.7,320.9,321.35,43462
2025-12-02T13:15:00+05:30,321.35,321.45,321.2,321.35,17174
2025-12-02T13:30:00+05:30,321.3,321.8,321.3,321.75,30525
2025-12-02T13:45:00+05:30,321.55,322.3,321.45,321.75,21983
2025-12-02T14:00:00+05:30,321.75,322.0,321.35,321.8,19265
2025-12-02T14:15:00+05:30,321.75,322.0,321.65,321.85,20104
2025-12-02T14:30:00+05:30,321.8,322.0,321.5,321.9,24930
2025-12-02T14:45:00+05:30,321.9,322.25,321.9,322.25,33055
2025-12-02T15:00:00+05:30,322.1,322.65,322.1,322.3,66575
2025-12-02T15:15:00+05:30,322.3,322.35,321.05,321.55,97513
2025-12-03T09:15:00+05:30,321.05,321.9,319.9,321.15,90566
2025-12-03T09:30:00+05:30,321.15,321.8,320.5,321.15,56469
2025-12-03T09:45:00+05:30,321.15,321.65,320.0,321.25,97897
2025-12-03T10:00:00+05:30,321.25,321.3,320.95,321.1,29723
2025-12-03T10:15:00+05:30,321.15,321.35,321.0,321.25,34198
2025-12-03T10:30:00+05:30,321.25,322.25,321.15,321.5,53550
2025-12-03T10:45:00+05:30,321.5,321.85,321.3,321.55,24603
2025-12-03T11:00:00+05:30,321.55,322.0,320.9,321.3,62324
2025-12-03T11:15:00+05:30,321.3,321.75,321.1,321.2,23464
2025-12-03T11:30:00+05:30,321.2,322.45,320.9,322.2,48156
2025-12-03T11:45:00+05:30,322.05,323.15,322.0,323.1,55905
2025-12-03T12:00:00+05:30,323.05,323.35,323.0,323.1,29874
2025-12-03T12:15:00+05:30,323.15,323.25,322.85,323.05,39566
2025-12-03T12:30:00+05:30,323.05,323.3,322.55,323.0,176492
2025-12-03T12:45:00+05:30,323.0,323.2,322.8,323.1,129362
2025-12-03T13:00:00+05:30,323.05,323.1,322.5,322.55,33275
2025-12-03T13:15:00+05:30,322.55,322.7,322.45,322.55,19341
2025-12-03T13:30:00+05:30,322.55,323.0,322.5,322.5,23059
2025-12-03T13:45:00+05:30,322.5,322.65,322.4,322.55,21488
2025-12-03T14:00:00+05:30,322.55,322.75,322.5,322.6,19614
2025-12-03T14:15:00+05:30,322.6,322.9,322.5,322.55,22848
2025-12-03T14:30:00+05:30,322.5,322.95,322.45,322.55,30991
2025-12-03T14:45:00+05:30,322.5,322.65,322.4,322.5,30473
2025-12-03T15:00:00+05:30,322.55,323.0,322.45,322.7,71886
2025-12-03T15:15:00+05:30,322.7,322.75,321.8,322.5,164403
2025-12-04T09:15:00+05:30,321.05,322.95,321.05,322.25,45433
2025-12-04T09:30:00+05:30,322.25,322.8,321.65,322.5,32722
2025-12-04T09:45:00+05:30,322.55,323.0,322.05,322.5,69635
2025-12-04T10:00:00+05:30,322.4,322.5,322.05,322.25,33531
2025-12-04T10:15:00+05:30,322.25,322.75,322.2,322.5,29220
2025-12-04T10:30:00+05:30,322.55,322.55,322.0,322.45,23888
2025-12-04T10:45:00+05:30,322.45,322.5,321.95,322.05,22058
2025-12-04T11:00:00+05:30,322.0,322.45,321.9,322.25,28989
2025-12-04T11:15:00+05:30,322.2,322.5,321.8,322.5,26097
2025-12-04T11:30:00+05:30,322.5,322.55,322.05,322.45,27439
2025-12-04T11:45:00+05:30,322.35,322.65,322.35,322.45,17122
2025-12-04T12:00:00+05:30,322.5,322.55,322.1,322.5,19550
2025-12-04T12:15:00+05:30,322.45,322.75,322.2,322.45,42581
2025-12-04T12:30:00+05:30,322.4,322.5,321.8,322.1,51620
2025-12-04T12:45:00+05:30,322.0,322.15,321.55,321.7,26173
2025-12-04T13:00:00+05:30,321.85,321.95,321.5,321.9,21075
2025-12-04T13:15:00+05:30,321.9,321.95,321.5,321.9,13205
2025-12-04T13:30:00+05:30,321.95,322.95,321.65,322.95,133106
2025-12-04T13:45:00+05:30,322.95,322.95,322.25,322.65,23692
2025-12-04T14:00:00+05:30,322.6,322.85,322.5,322.75,18867
2025-12-04T14:15:00+05:30,322.75,322.8,322.15,322.35,22569
2025-12-04T14:30:00+05:30,322.35,322.45,322.25,322.35,15841
2025-12-04T14:45:00+05:30,322.3,322.55,322.0,322.45,32068
2025-12-04T15:00:00+05:30,322.5,322.75,321.4,321.9,55371
2025-12-04T15:15:00+05:30,321.85,322.8,321.5,322.5,140868
2025-12-05T09:15:00+05:30,322.05,325.5,322.05,324.55,78895
2025-12-05T09:30:00+05:30,324.6,324.65,323.5,323.6,30378
2025-12-05T09:45:00+05:30,323.55,323.85,323.2,323.25,26109
2025-12-05T10:00:00+05:30,323.25,324.65,322.95,323.5,129974
2025-12-05T10:15:00+05:30,323.5,324.3,323.25,323.75,30717
2025-12-05T10:30:00+05:30,323.75,324.75,323.1,324.25,88109
2025-12-05T10:45:00+05:30,324.45,325.95,324.1,325.4,106625
2025-12-05T11:00:00+05:30,325.5,328.0,325.1,326.6,633123
2025-12-05T11:15:00+05:30,326.6,326.85,325.5,326.0,56846
2025-12-05T11:30:00+05:30,325.95,326.85,325.5,326.7,55011
2025-12-05T11:45:00+05:30,326.8,326.85,326.0,326.45,48045
2025-12-05T12:00:00+05:30,326.5,327.15,326.2,326.3,85057
2025-12-05T12:15:00+05:30,326.35,327.8,326.05,327.3,94294
2025-12-05T12:30:00+05:30,327.3,327.9,326.7,327.0,74268
2025-12-05T12:45:00+05:30,326.8,327.2,326.35,326.7,73598
2025-12-05T13:00:00+05:30,326.6,326.9,326.05,326.35,37212
2025-12-05T13:15:00+05:30,326.3,326.5,326.25,326.35,29709
2025-12-05T13:30:00+05:30,326.35,326.5,325.6,326.05,56076
2025-12-05T13:45:00+05:30,326.1,326.25,325.65,325.8,34255
2025-12-05T14:00:00+05:30,325.75,325.95,325.5,325.6,31621
2025-12-05T14:15:00+05:30,325.6,325.8,325.45,325.45,18393
2025-12-05T14:30:00+05:30,325.6,325.7,325.15,325.15,23516
2025-12-05T14:45:00+05:30,325.2,325.5,325.05,325.4,33153
2025-12-05T15:00:00+05:30,325.45,325.5,325.1,325.1,50303
2025-12-05T15:15:00+05:30,325.15,326.0,325.0,325.25,155152
2025-12-08T09:15:00+05:30,326.4,327.8,323.6,324.2,103504
2025-12-08T09:30:00+05:30,324.2,324.45,323.2,323.45,53101
2025-12-08T09:45:00+05:30,323.3,324.4,322.5,323.75,36980
2025-12-08T10:00:00+05:30,323.95,324.1,322.5,322.95,28542
2025-12-08T10:15:00+05:30,322.95,323.4,322.8,323.1,21947
2025-12-08T10:30:00+05:30,323.1,323.4,322.8,323.25,28057
2025-12-08T10:45:00+05:30,323.3,323.5,322.4,322.65,24085
2025-12-08T11:00:00+05:30,322.55,323.0,321.9,322.75,52639
2025-12-08T11:15:00+05:30,322.8,322.85,321.5,322.85,39926
2025-12-08T11:30:00+05:30,322.8,323.2,322.3,322.7,38962
2025-12-08T11:45:00+05:30,322.7,322.8,322.3,322.6,10934
2025-12-08T12:00:00+05:30,322.6,323.95,322.25,323.95,23411
2025-12-08T12:15:00+05:30,323.8,325.5,323.8,325.0,103808
2025-12-08T12:30:00+05:30,325.05,325.95,324.8,325.1,86795
2025-12-08T12:45:00+05:30,325.05,325.25,324.85,325.05,34100
2025-12-08T13:00:00+05:30,325.05,325.5,324.1,325.0,61646
2025-12-08T13:15:00+05:30,324.95,325.65,324.15,324.75,185009
2025-12-08T13:30:00+05:30,324.75,324.75,323.0,323.35,38840
2025-12-08T13:45:00+05:30,323.4,323.8,323.1,323.35,31241
2025-12-08T14:00:00+05:30,323.4,323.6,322.95,323.0,24046
2025-12-08T14:15:00+05:30,322.95,323.05,321.75,322.85,84436
2025-12-08T14:30:00+05:30,322.8,322.85,322.3,322.65,28716
2025-12-08T14:45:00+05:30,322.6,322.9,322.35,322.55,70372
2025-12-08T15:00:00+05:30,322.65,323.25,322.4,322.8,55579
2025-12-08T15:15:00+05:30,322.8,323.6,322.0,323.5,165524
2025-12-09T09:15:00+05:30,323.05,324.3,322.15,323.15,126290
2025-12-09T09:30:00+05:30,323.25,323.75,320.8,321.0,93911
2025-12-09T09:45:00+05:30,320.8,321.25,320.15,320.6,56339
2025-12-09T10:00:00+05:30,320.75,321.45,320.5,321.4,45053
2025-12-09T10:15:00+05:30,321.45,322.45,321.25,322.35,31469
2025-12-09T10:30:00+05:30,322.35,324.0,321.8,322.9,92794
2025-12-09T10:45:00+05:30,323.2,324.0,322.95,323.45,43990
2025-12-09T11:00:00+05:30,323.55,324.4,322.7,324.2,38358
2025-12-09T11:15:00+05:30,324.2,324.45,323.5,324.4,30580
2025-12-09T11:30:00+05:30,324.5,324.95,324.0,324.3,34313
2025-12-09T11:45:00+05:30,324.2,325.5,323.7,325.45,67904
2025-12-09T12:00:00+05:30,325.45,326.5,325.2,326.0,144046
2025-12-09T12:15:00+05:30,326.05,327.0,325.8,326.55,109207
2025-12-09T12:30:00+05:30,326.55,326.85,326.0,326.1,65332
2025-12-09T12:45:00+05:30,326.2,326.7,325.8,326.3,50213
2025-12-09T13:00:00+05:30,326.05,326.6,326.0,326.5,46923
2025-12-09T13:15:00+05:30,326.5,326.8,326.1,326.8,67796
2025-12-09T13:30:00+05:30,326.6,326.8,326.15,326.45,48184
2025-12-09T13:45:00+05:30,326.45,326.6,325.9,326.35,35580
2025-12-09T14:00:00+05:30,326.35,326.5,325.9,326.1,48587
2025-12-09T14:15:00+05:30,326.35,326.5,325.9,326.0,44056
2025-12-09T14:30:00+05:30,326.3,326.5,326.0,326.1,61953
2025-12-09T14:45:00+05:30,326.3,326.5,326.0,326.2,48163
2025-12-09T15:00:00+05:30,326.25,326.8,326.05,326.25,83812
2025-12-09T15:15:00+05:30,326.3,327.05,326.1,327.0,255960
2025-12-10T09:15:00+05:30,326.85,328.0,325.6,326.45,60176
2025-12-10T09:30:00+05:30,326.3,328.5,326.25,327.05,150014
2025-12-10T09:45:00+05:30,327.0,327.35,326.8,327.0,52050
2025-12-10T10:00:00+05:30,327.0,328.8,326.9,328.55,223967
2025-12-10T10:15:00+05:30,328.6,328.6,327.8,328.05,105971
2025-12-10T10:30:00+05:30,328.0,328.1,327.65,327.95,108369
2025-12-10T10:45:00+05:30,327.95,328.0,327.75,327.8,72098
2025-12-10T11:00:00+05:30,327.95,327.95,327.25,327.8,100064
2025-12-10T11:15:00+05:30,327.7,328.2,327.55,328.0,176149
2025-12-10T11:30:00+05:30,328.0,328.4,327.2,327.35,459068
2025-12-10T11:45:00+05:30,327.35,327.35,326.0,326.4,62168
2025-12-10T12:00:00+05:30,326.2,326.5,326.05,326.1,19637
2025-12-10T12:15:00+05:30,326.1,326.3,325.7,326.05,27113
2025-12-10T12:30:00+05:30,325.9,326.4,325.8,325.95,18399
2025-12-10T12:45:00+05:30,326.05,326.15,325.9,326.1,18973
2025-12-10T13:00:00+05:30,326.1,326.2,325.75,326.15,19487
2025-12-10T13:15:00+05:30,326.1,326.15,325.8,326.05,24631
2025-12-10T13:30:00+05:30,325.95,327.0,325.95,326.85,54411
2025-12-10T13:45:00+05:30,326.7,326.9,326.15,326.55,24669
2025-12-10T14:00:00+05:30,326.55,326.6,326.0,326.35,29810
2025-12-10T14:15:00+05:30,326.35,326.95,325.8,326.15,88426
2025-12-10T14:30:00+05:30,326.0,326.3,325.0,325.1,38792
2025-12-10T14:45:00+05:30,325.1,325.5,325.1,325.5,21307
2025-12-10T15:00:00+05:30,325.5,325.7,325.3,325.45,28051
2025-12-10T15:15:00+05:30,325.45,325.55,323.85,324.7,158740
2025-12-11T09:15:00+05:30,323.4,326.3,323.4,325.6,51436
2025-12-11T09:30:00+05:30,325.4,325.95,324.0,324.8,39296
2025-12-11T09:45:00+05:30,324.8,325.8,324.3,325.25,34567
2025-12-11T10:00:00+05:30,325.4,325.85,325.0,325.6,17376
2025-12-11T10:15:00+05:30,325.6,326.0,325.4,325.6,23164
2025-12-11T10:30:00+05:30,325.6,326.2,325.45,325.55,26609
2025-12-11T10:45:00+05:30,325.7,325.8,325.1,325.3,16411
2025-12-11T11:00:00+05:30,325.3,325.6,325.05,325.4,29870
2025-12-11T11:15:00+05:30,325.4,325.7,325.25,325.35,11456
2025-12-11T11:30:00+05:30,325.25,325.5,325.0,325.5,17964
2025-12-11T11:45:00+05:30,325.5,325.5,325.15,325.5,13530
2025-12-11T12:00:00+05:30,325.45,325.65,325.4,325.65,13030
2025-12-11T12:15:00+05:30,325.65,325.65,325.1,325.5,9264
2025-12-11T12:30:00+05:30,325.35,325.6,325.15,325.45,15030
2025-12-11T12:45:00+05:30,325.3,325.6,325.1,325.25,13454
2025-12-11T13:00:00+05:30,325.35,326.5,325.0,325.2,77309
2025-12-11T13:15:00+05:30,325.2,325.5,325.2,325.3,9100
2025-12-11T13:30:00+05:30,325.3,325.95,325.25,325.65,13467
2025-12-11T13:45:00+05:30,325.45,325.85,325.0,325.55,16380
2025-12-11T14:00:00+05:30,325.55,326.75,325.25,326.35,51053
2025-12-11T14:15:00+05:30,326.35,326.6,326.0,326.15,43936
2025-12-11T14:30:00+05:30,326.0,326.3,325.75,326.1,39880
2025-12-11T14:45:00+05:30,326.1,326.15,325.7,326.1,28646
2025-12-11T15:00:00+05:30,326.1,326.25,325.95,326.2,55146
2025-12-11T15:15:00+05:30,326.0,326.3,325.9,326.15,192104
2025-12-12T09:15:00+05:30,325.6,326.5,325.6,326.0,60171
2025-12-12T09:30:00+05:30,326.1,327.5,326.1,326.4,75464
2025-12-12T09:45:00+05:30,326.2,326.65,326.1,326.5,37322
2025-12-12T10:00:00+05:30,326.55,326.6,326.05,326.05,32306
2025-12-12T10:15:00+05:30,326.1,326.2,325.9,326.05,27060
2025-12-12T10:30:00+05:30,326.0,326.25,325.9,326.1,26315
2025-12-12T10:45:00+05:30,326.0,326.25,325.55,325.7,27587
2025-12-12T11:00:00+05:30,325.8,326.1,325.65,325.85,28538
2025-12-12T11:15:00+05:30,325.85,326.1,325.7,325.85,18005
2025-12-12T11:30:00+05:30,326.0,326.05,325.65,325.75,18434
2025-12-12T11:45:00+05:30,325.75,326.0,325.6,325.7,23553
2025-12-12T12:00:00+05:30,325.75,326.0,325.55,325.6,18017
2025-12-12T12:15:00+05:30,325.75,325.95,325.55,325.95,17082
2025-12-12T12:30:00+05:30,325.8,325.95,325.5,325.8,19385
2025-12-12T12:45:00+05:30,325.6,325.9,325.5,325.8,17231
2025-12-12T13:00:00+05:30,325.7,325.95,325.5,325.65,16502
2025-12-12T13:15:00+05:30,325.7,326.3,325.35,326.0,40573
2025-12-12T13:30:00+05:30,326.0,326.05,325.1,325.4,20181
2025-12-12T13:45:00+05:30,325.4,325.7,325.0,325.5,20269
2025-12-12T14:00:00+05:30,325.35,325.75,325.35,325.5,16934
2025-12-12T14:15:00+05:30,325.45,325.5,324.45,324.6,42919
2025-12-12T14:30:00+05:30,324.6,325.0,324.45,324.95,83497
2025-12-12T14:45:00+05:30,324.95,325.5,324.75,324.85,34795
2025-12-12T15:00:00+05:30,324.9,325.4,324.85,325.0,59371
2025-12-12T15:15:00+05:30,325.0,325.25,323.65,324.5,113978
2025-12-15T09:15:00+05:30,322.95,324.0,321.75,321.9,91538
2025-12-15T09:30:00+05:30,321.9,322.35,321.6,321.6,38330
2025-12-15T09:45:00+05:30,321.8,322.2,321.3,322.0,25342
2025-12-15T10:00:00+05:30,322.0,322.35,321.55,322.2,26946
2025-12-15T10:15:00+05:30,322.2,322.4,321.75,321.8,26011
2025-12-15T10:30:00+05:30,322.05,323.0,321.75,322.75,29561
2025-12-15T10:45:00+05:30,322.75,323.0,322.2,322.55,21590
2025-12-15T11:00:00+05:30,322.55,323.0,322.1,322.5,20388
2025-12-15T11:15:00+05:30,322.5,322.7,322.15,322.55,14300
2025-12-15T11:30:00+05:30,322.55,322.9,322.0,322.7,25232
2025-12-15T11:45:00+05:30,322.45,322.85,322.25,322.75,17829
2025-12-15T12:00:00+05:30,322.75,322.9,322.4,322.8,16973
2025-12-15T12:15:00+05:30,322.7,322.85,322.4,322.8,12129
2025-12-15T12:30:00+05:30,322.7,322.8,322.5,322.6,14244
2025-12-15T12:45:00+05:30,322.5,322.65,322.3,322.45,7153
2025-12-15T13:00:00+05:30,322.45,322.7,322.0,322.5,12834
2025-12-15T13:15:00+05:30,322.5,322.8,322.25,322.6,13958
2025-12-15T13:30:00+05:30,322.55,322.85,322.5,322.65,18848
2025-12-15T13:45:00+05:30,322.65,322.7,322.3,322.7,12816
2025-12-15T14:00:00+05:30,322.7,322.75,322.4,322.6,13565
2025-12-15T14:15:00+05:30,322.6,322.95,322.35,322.9,15199
2025-12-15T14:30:00+05:30,322.9,322.9,322.35,322.7,13067
2025-12-15T14:45:00+05:30,322.5,322.8,322.25,322.6,22763
2025-12-15T15:00:00+05:30,322.6,323.5,322.25,322.6,64780
2025-12-15T15:15:00+05:30,322.6,323.25,322.25,322.9,74531
2025-12-16T09:15:00+05:30,322.05,329.3,322.0,328.5,497480
2025-12-16T09:30:00+05:30,328.5,328.5,327.1,327.4,220107
2025-12-16T09:45:00+05:30,327.4,328.0,326.55,326.95,174864
2025-12-16T10:00:00+05:30,326.7,327.0,324.35,325.25,165463
2025-12-16T10:15:00+05:30,325.25,325.9,324.75,325.2,57129
2025-12-16T10:30:00+05:30,325.2,325.25,323.85,324.25,58321
2025-12-16T10:45:00+05:30,324.25,325.3,324.0,324.9,37037
2025-12-16T11:00:00+05:30,324.9,325.95,324.5,325.65,39027
2025-12-16T11:15:00+05:30,325.4,325.95,325.3,325.9,43857
2025-12-16T11:30:00+05:30,325.9,325.95,325.25,325.75,33036
2025-12-16T11:45:00+05:30,325.75,325.8,325.25,325.8,34885
2025-12-16T12:00:00+05:30,325.8,325.85,324.85,325.15,33782
2025-12-16T12:15:00+05:30,324.95,325.5,324.55,325.0,35258
2025-12-16T12:30:00+05:30,325.15,325.25,324.55,324.95,27588
2025-12-16T12:45:00+05:30,325.15,325.55,324.85,325.15,28658
2025-12-16T13:00:00+05:30,325.4,325.6,324.5,324.9,27632
2025-12-16T13:15:00+05:30,324.95,325.25,324.55,325.05,21674
2025-12-16T13:30:00+05:30,325.2,325.25,324.75,325.2,21370
2025-12-16T13:45:00+05:30,325.2,326.8,324.8,326.5,109896
2025-12-16T14:00:00+05:30,326.6,326.6,326.15,326.5,38199
2025-12-16T14:15:00+05:30,326.5,326.7,326.0,326.4,61108
2025-12-16T14:30:00+05:30,326.35,326.45,325.9,326.25,39104
2025-12-16T14:45:00+05:30,326.25,326.45,325.8,326.3,40084
2025-12-16T15:00:00+05:30,326.3,326.45,325.0,326.35,125595
2025-12-16T15:15:00+05:30,326.35,326.95,325.85,326.55,172507
2025-12-17T09:15:00+05:30,325.0,328.7,325.0,327.75,201248
2025-12-17T09:30:00+05:30,327.95,329.0,327.4,327.8,167840
2025-12-17T09:45:00+05:30,327.8,327.95,327.1,327.65,66486
2025-12-17T10:00:00+05:30,327.65,327.8,326.7,327.1,55839
2025-12-17T10:15:00+05:30,327.1,327.3,326.7,327.0,50667
2025-12-17T10:30:00+05:30,326.95,327.1,326.6,326.65,70683
2025-12-17T10:45:00+05:30,326.8,326.95,326.5,326.65,25205
2025-12-17T11:00:00+05:30,326.65,326.95,326.45,326.9,33489
2025-12-17T11:15:00+05:30,326.75,327.0,326.4,326.65,25912
2025-12-17T11:30:00+05:30,326.6,326.75,326.3,326.55,19697
2025-12-17T11:45:00+05:30,326.55,326.65,326.1,326.3,31172
2025-12-17T12:00:00+05:30,326.3,326.6,326.0,326.4,29406
2025-12-17T12:15:00+05:30,326.4,326.5,326.0,326.4,24521
2025-12-17T12:30:00+05:30,326.3,326.45,326.05,326.15,28135
2025-12-17T12:45:00+05:30,326.2,326.45,326.0,326.45,26429
2025-12-17T13:00:00+05:30,326.4,326.5,326.1,326.4,19560
2025-12-17T13:15:00+05:30,326.4,326.4,326.2,326.3,20345
2025-12-17T13:30:00+05:30,326.25,326.45,326.0,326.3,38779
2025-12-17T13:45:00+05:30,326.4,326.45,326.05,326.3,36389
2025-12-17T14:00:00+05:30,326.4,326.4,326.0,326.3,19648
2025-12-17T14:15:00+05:30,326.3,326.6,326.05,326.6,46555
2025-12-17T14:30:00+05:30,326.6,326.85,326.2,326.6,38185
2025-12-17T14:45:00+05:30,326.6,326.8,326.3,326.8,36029
2025-12-17T15:00:00+05:30,326.7,326.8,326.3,326.65,59709
2025-12-17T15:15:00+05:30,326.8,326.95,325.25,325.6,126807
2025-12-18T09:15:00+05:30,325.0,325.5,323.6,324.3,57821
2025-12-18T09:30:00+05:30,324.1,324.15,323.2,323.3,26484
2025-12-18T09:45:00+05:30,323.5,323.85,323.0,323.05,36797
2025-12-18T10:00:00+05:30,323.25,324.25,322.75,323.7,21763
2025-12-18T10:15:00+05:30,323.9,324.3,322.9,323.0,39410
2025-12-18T10:30:00+05:30,322.9,323.5,322.75,323.3,18976
2025-12-18T10:45:00+05:30,323.1,323.5,322.55,322.95,21212
2025-12-18T11:00:00+05:30,322.95,323.3,322.55,322.75,14244
2025-12-18T11:15:00+05:30,322.8,323.2,322.6,322.95,12748
2025-12-18T11:30:00+05:30,322.75,325.4,322.6,325.1,77192
2025-12-18T11:45:00+05:30,325.1,325.95,325.0,325.75,32969
2025-12-18T12:00:00+05:30,325.75,325.75,325.05,325.5,21409
2025-12-18T12:15:00+05:30,325.45,325.8,325.05,325.65,16433
2025-12-18T12:30:00+05:30,325.65,325.7,325.2,325.6,13391
2025-12-18T12:45:00+05:30,325.4,325.6,325.1,325.35,12074
2025-12-18T13:00:00+05:30,325.35,325.65,325.05,325.6,13139
2025-12-18T13:15:00+05:30,325.5,325.65,325.05,325.2,12848
2025-12-18T13:30:00+05:30,325.2,325.5,325.0,325.15,18326
2025-12-18T13:45:00+05:30,325.05,325.4,325.0,325.3,11128
2025-12-18T14:00:00+05:30,325.25,325.5,324.9,325.15,29074
2025-12-18T14:15:00+05:30,325.1,325.3,324.85,325.2,16845
2025-12-18T14:30:00+05:30,325.0,325.25,324.9,325.15,11415
2025-12-18T14:45:00+05:30,325.15,325.2,324.55,325.15,20267
2025-12-18T15:00:00+05:30,325.15,325.2,324.3,324.45,40155
2025-12-18T15:15:00+05:30,324.45,324.55,323.55,323.85,51616
2025-12-19T09:15:00+05:30,324.0,325.1,323.2,324.0,47777
2025-12-19T09:30:00+05:30,323.75,324.1,323.1,323.25,50379
2025-12-19T09:45:00+05:30,323.25,323.7,322.7,323.2,40094
2025-12-19T10:00:00+05:30,323.1,323.15,322.2,322.6,40821
2025-12-19T10:15:00+05:30,322.5,322.6,322.15,322.3,35605
2025-12-19T10:30:00+05:30,322.35,324.05,322.3,323.85,42092
2025-12-19T10:45:00+05:30,323.95,323.95,323.65,323.75,31767
2025-12-19T11:00:00+05:30,323.85,323.9,323.4,323.8,25898
2025-12-19T11:15:00+05:30,323.75,323.9,323.25,323.35,19948
2025-12-19T11:30:00+05:30,323.35,323.85,323.3,323.55,19435
2025-12-19T11:45:00+05:30,323.55,323.8,323.4,323.6,17365
2025-12-19T12:00:00+05:30,323.6,323.95,323.5,323.8,18131
2025-12-19T12:15:00+05:30,323.8,323.9,323.5,323.7,30020
2025-12-19T12:30:00+05:30,323.85,324.3,323.6,324.15,28547
2025-12-19T12:45:00+05:30,324.15,324.15,323.55,323.8,17956
2025-12-19T13:00:00+05:30,323.8,323.9,323.45,323.55,20866
2025-12-19T13:15:00+05:30,323.55,323.7,323.4,323.6,18749
2025-12-19T13:30:00+05:30,323.6,323.75,323.55,323.6,14564
2025-12-19T13:45:00+05:30,323.6,323.7,322.75,323.05,40149
2025-12-19T14:00:00+05:30,323.05,323.25,322.8,323.1,21497
2025-12-19T14:15:00+05:30,323.05,323.3,322.95,323.0,28881
2025-12-19T14:30:00+05:30,323.1,323.5,323.0,323.5,22306
2025-12-19T14:45:00+05:30,323.45,323.6,323.3,323.55,28728
2025-12-19T15:00:00+05:30,323.55,324.4,323.5,323.95,74803
2025-12-19T15:15:00+05:30,323.95,324.5,323.2,323.5,95666
2025-12-22T09:15:00+05:30,324.05,326.7,324.05,325.95,124892
2025-12-22T09:30:00+05:30,325.7,327.25,325.3,326.3,113547
2025-12-22T09:45:00+05:30,326.25,332.0,326.05,327.8,1140581
2025-12-22T10:00:00+05:30,327.8,328.45,326.6,328.0,215925
2025-12-22T10:15:00+05:30,328.0,328.35,327.0,328.2,117767
2025-12-22T10:30:00+05:30,328.15,328.15,326.9,327.15,109254
2025-12-22T10:45:00+05:30,327.0,327.65,326.65,327.35,93763
2025-12-22T11:00:00+05:30,327.1,327.4,326.75,327.15,52211
2025-12-22T11:15:00+05:30,327.0,327.5,326.8,327.45,46903
2025-12-22T11:30:00+05:30,327.45,328.3,327.15,328.0,90664
2025-12-22T11:45:00+05:30,328.0,328.4,327.55,328.0,79747
2025-12-22T12:00:00+05:30,328.0,329.5,328.0,329.1,288248
2025-12-22T12:15:00+05:30,329.2,329.4,328.8,329.2,98815
2025-12-22T12:30:00+05:30,329.2,331.2,328.8,330.0,648760
2025-12-22T12:45:00+05:30,330.0,330.3,329.6,330.05,129699
2025-12-22T13:00:00+05:30,330.05,330.45,329.25,330.0,143744
2025-12-22T13:15:00+05:30,330.0,330.15,329.3,329.65,79644
2025-12-22T13:30:00+05:30,329.65,330.55,329.4,330.0,194784
2025-12-22T13:45:00+05:30,329.95,330.2,329.2,329.35,117458
2025-12-22T14:00:00+05:30,329.35,329.95,329.0,329.7,119124
2025-12-22T14:15:00+05:30,329.75,329.8,329.1,329.5,80664
2025-12-22T14:30:00+05:30,329.5,329.85,329.25,329.5,81790
2025-12-22T14:45:00+05:30,329.5,330.2,329.3,330.15,234853
2025-12-22T15:00:00+05:30,330.15,330.25,329.65,330.0,202093
2025-12-22T15:15:00+05:30,330.0,330.2,329.6,330.2,339142
2025-12-23T09:15:00+05:30,330.0,342.2,329.15,339.85,2095044
2025-12-23T09:30:00+05:30,339.85,343.6,337.65,338.05,1534228
2025-12-23T09:45:00+05:30,338.05,341.4,337.9,340.4,693081
2025-12-23T10:00:00+05:30,340.4,343.5,340.1,341.9,772617
2025-12-23T10:15:00+05:30,342.15,342.15,340.55,341.25,297193
2025-12-23T10:30:00+05:30,341.2,342.45,341.0,341.3,300899
2025-12-23T10:45:00+05:30,341.3,342.95,341.0,342.15,271545
2025-12-23T11:00:00+05:30,342.1,345.0,342.05,344.8,877214
2025-12-23T11:15:00+05:30,344.55,345.0,344.05,344.95,366725
2025-12-23T11:30:00+05:30,344.9,345.0,342.7,343.3,315297
2025-12-23T11:45:00+05:30,343.3,345.6,343.0,345.5,740439
2025-12-23T12:00:00+05:30,345.6,348.3,345.5,345.55,940269
2025-12-23T12:15:00+05:30,345.5,345.55,344.15,344.5,249016
2025-12-23T12:30:00+05:30,344.5,346.45,344.2,345.7,204643
2025-12-23T12:45:00+05:30,345.7,347.2,345.5,345.65,199096
2025-12-23T13:00:00+05:30,345.65,345.8,345.1,345.2,96045
2025-12-23T13:15:00+05:30,345.45,346.0,344.1,344.5,220526
2025-12-23T13:30:00+05:30,344.4,344.65,343.25,343.65,164745
2025-12-23T13:45:00+05:30,343.5,344.15,343.15,343.7,124210
2025-12-23T14:00:00+05:30,343.7,343.8,343.15,343.45,104202
2025-12-23T14:15:00+05:30,343.45,343.8,342.0,343.25,340900
2025-12-23T14:30:00+05:30,343.25,345.15,343.25,343.8,274299
2025-12-23T14:45:00+05:30,343.7,344.8,343.5,344.05,152875
2025-12-23T15:00:00+05:30,344.1,344.7,343.6,344.15,209428
2025-12-23T15:15:00+05:30,344.15,345.0,343.3,345.0,564923
2025-12-24T09:15:00+05:30,345.95,352.5,345.0,352.0,1649333
2025-12-24T09:30:00+05:30,352.0,354.8,348.6,351.65,1354357
2025-12-24T09:45:00+05:30,351.65,353.3,350.4,351.0,658911
2025-12-24T10:00:00+05:30,351.0,352.85,350.3,351.05,341369
2025-12-24T10:15:00+05:30,351.05,353.75,350.9,352.65,507680
2025-12-24T10:30:00+05:30,352.6,352.85,350.15,351.4,204026
2025-12-24T10:45:00+05:30,351.45,353.4,350.7,353.05,218815
2025-12-24T11:00:00+05:30,353.25,354.9,353.05,353.05,572235
2025-12-24T11:15:00+05:30,353.05,355.0,353.05,353.9,1045099
2025-12-24T11:30:00+05:30,353.85,354.35,349.3,349.9,932621
2025-12-24T11:45:00+05:30,349.8,350.0,349.0,349.85,192934
2025-12-24T12:00:00+05:30,349.9,350.0,349.25,349.75,74804
2025-12-24T12:15:00+05:30,349.75,349.8,349.2,349.7,87799
2025-12-24T12:30:00+05:30,349.7,349.9,347.3,349.0,207877
2025-12-24T12:45:00+05:30,349.0,349.0,344.0,345.0,1213473
2025-12-24T13:00:00+05:30,345.0,345.1,344.05,344.55,178818
2025-12-24T13:15:00+05:30,344.75,344.8,344.0,344.2,97933
2025-12-24T13:30:00+05:30,344.2,344.3,342.75,343.9,148709
2025-12-24T13:45:00+05:30,343.9,345.0,343.5,344.0,154898
2025-12-24T14:00:00+05:30,344.0,344.1,343.1,343.3,58873
2025-12-24T14:15:00+05:30,343.5,343.95,342.5,342.8,137973
2025-12-24T14:30:00+05:30,342.8,343.0,341.6,341.9,180161
2025-12-24T14:45:00+05:30,342.0,343.9,341.8,343.6,147460
2025-12-24T15:00:00+05:30,343.8,344.4,342.8,343.9,241760
2025-12-24T15:15:00+05:30,343.9,344.05,342.0,342.65,422908
2025-12-26T09:15:00+05:30,343.3,348.0,343.2,346.95,334213
2025-12-26T09:30:00+05:30,346.9,346.95,342.5,343.25,462427
2025-12-26T09:45:00+05:30,343.1,343.5,341.1,341.8,182881
2025-12-26T10:00:00+05:30,341.85,342.5,341.5,341.8,102914
2025-12-26T10:15:00+05:30,341.8,341.95,340.1,340.55,407618
2025-12-26T10:30:00+05:30,340.6,340.75,338.6,339.25,384576
2025-12-26T10:45:00+05:30,339.25,339.6,339.0,339.5,62313
2025-12-26T11:00:00+05:30,339.4,339.5,338.35,338.5,73678
2025-12-26T11:15:00+05:30,338.45,339.5,338.35,339.25,85549
2025-12-26T11:30:00+05:30,339.2,339.65,338.5,339.15,65074
2025-12-26T11:45:00+05:30,339.2,339.9,338.95,339.5,49278
2025-12-26T12:00:00+05:30,339.5,339.8,339.15,339.2,46320
2025-12-26T12:15:00+05:30,339.45,339.8,339.05,339.45,41228
2025-12-26T12:30:00+05:30,339.5,339.8,339.0,339.2,36174
2025-12-26T12:45:00+05:30,339.2,340.0,339.0,339.9,110747
2025-12-26T13:00:00+05:30,339.75,340.5,339.7,339.8,47149
2025-12-26T13:15:00+05:30,340.0,340.0,339.55,339.75,29189
2025-12-26T13:30:00+05:30,339.7,339.95,339.4,339.6,31018
2025-12-26T13:45:00+05:30,339.8,340.0,339.25,339.6,35761
2025-12-26T14:00:00+05:30,339.6,340.0,339.4,339.4,38875
2025-12-26T14:15:00+05:30,339.5,339.5,338.25,338.5,64227
2025-12-26T14:30:00+05:30,338.3,338.75,338.0,338.1,31867
2025-12-26T14:45:00+05:30,338.15,338.3,337.5,337.95,37134
2025-12-26T15:00:00+05:30,338.15,338.35,337.75,338.2,53032
2025-12-26T15:15:00+05:30,338.1,339.8,337.9,339.2,197780
2025-12-29T09:15:00+05:30,338.5,339.5,336.05,336.55,150945
2025-12-29T09:30:00+05:30,336.55,337.0,336.0,336.8,129350
2025-12-29T09:45:00+05:30,336.8,337.0,335.1,335.4,108451
2025-12-29T10:00:00+05:30,335.45,336.65,334.6,335.45,165540
2025-12-29T10:15:00+05:30,335.3,335.75,334.9,335.3,52583
2025-12-29T10:30:00+05:30,335.25,335.6,335.05,335.1,36904
2025-12-29T10:45:00+05:30,335.25,335.35,334.8,335.0,51685
2025-12-29T11:00:00+05:30,335.0,335.1,332.75,334.55,523526
2025-12-29T11:15:00+05:30,334.55,335.0,334.05,334.65,51029
2025-12-29T11:30:00+05:30,334.7,334.7,333.2,333.45,151931
2025-12-29T11:45:00+05:30,333.3,333.45,332.2,332.3,88662
2025-12-29T12:00:00+05:30,332.3,333.8,332.1,333.45,1364059
2025-12-29T12:15:00+05:30,333.5,334.15,332.7,333.15,1978962
2025-12-29T12:30:00+05:30,333.15,335.5,333.15,333.8,201824
2025-12-29T12:45:00+05:30,333.8,334.2,333.15,333.55,32771
2025-12-29T13:00:00+05:30,333.35,333.7,333.05,333.6,29672
2025-12-29T13:15:00+05:30,333.5,335.8,333.0,335.3,73245
2025-12-29T13:30:00+05:30,335.1,335.55,334.65,335.0,47807
2025-12-29T13:45:00+05:30,335.0,336.4,334.7,335.85,66982
2025-12-29T14:00:00+05:30,335.85,336.0,335.0,335.1,34576
2025-12-29T14:15:00+05:30,335.0,335.7,335.0,335.25,42680
2025-12-29T14:30:00+05:30,335.25,336.8,335.0,336.4,71957
2025-12-29T14:45:00+05:30,336.5,336.95,336.0,336.8,85583
2025-12-29T15:00:00+05:30,336.75,338.35,336.65,337.65,184824
2025-12-29T15:15:00+05:30,337.65,338.4,337.05,338.05,205671
2025-12-30T09:15:00+05:30,337.3,338.0,335.6,335.75,119348
2025-12-30T09:30:00+05:30,335.85,338.85,335.5,337.2,233478
2025-12-30T09:45:00+05:30,337.2,339.4,337.15,338.65,116024
2025-12-30T10:00:00+05:30,338.8,339.2,336.45,336.5,63698
2025-12-30T10:15:00+05:30,336.5,337.7,336.0,336.95,247712
2025-12-30T10:30:00+05:30,336.95,337.15,336.5,336.9,54101
2025-12-30T10:45:00+05:30,337.0,337.3,336.7,336.75,30316
2025-12-30T11:00:00+05:30,336.7,336.8,335.0,335.35,60559
2025-12-30T11:15:00+05:30,335.35,336.35,334.2,335.6,74340
2025-12-30T11:30:00+05:30,335.45,335.65,335.0,335.5,24528
2025-12-30T11:45:00+05:30,335.4,335.5,335.05,335.15,20694
2025-12-30T12:00:00+05:30,335.15,336.45,335.0,335.75,54307
2025-12-30T12:15:00+05:30,335.6,336.35,335.3,336.25,54883
2025-12-30T12:30:00+05:30,336.2,336.35,336.0,336.15,22492
2025-12-30T12:45:00+05:30,336.3,336.3,336.0,336.25,27942
2025-12-30T13:00:00+05:30,336.25,336.45,336.0,336.2,25720
2025-12-30T13:15:00+05:30,336.05,336.65,336.0,336.35,27139
2025-12-30T13:30:00+05:30,336.2,336.6,336.15,336.5,32337
2025-12-30T13:45:00+05:30,336.55,336.75,336.0,336.6,28904
2025-12-30T14:00:00+05:30,336.5,336.65,336.25,336.35,29023
2025-12-30T14:15:00+05:30,336.35,336.65,336.25,336.5,39613
2025-12-30T14:30:00+05:30,336.5,336.55,336.0,336.45,32165
2025-12-30T14:45:00+05:30,336.55,336.55,336.0,336.5,33000
2025-12-30T15:00:00+05:30,336.5,336.8,336.0,336.3,82400
2025-12-30T15:15:00+05:30,336.25,337.65,336.2,337.0,138676
2025-12-31T09:15:00+05:30,335.15,341.05,335.0,341.0,142463
2025-12-31T09:30:00+05:30,340.85,341.65,340.0,340.15,99001
2025-12-31T09:45:00+05:30,340.25,340.9,340.0,340.25,61065
2025-12-31T10:00:00+05:30,340.25,341.45,340.1,340.8,52963
2025-12-31T10:15:00+05:30,340.95,342.0,340.75,341.05,62602
2025-12-31T10:30:00+05:30,341.2,341.5,340.55,340.7,29359
2025-12-31T10:45:00+05:30,340.7,341.0,340.45,340.85,30341
2025-12-31T11:00:00+05:30,340.8,341.0,340.15,340.65,34127
2025-12-31T11:15:00+05:30,340.4,342.5,340.4,342.4,76395
2025-12-31T11:30:00+05:30,342.4,343.45,342.3,342.95,83914
2025-12-31T11:45:00+05:30,342.95,343.0,342.45,342.85,36501
2025-12-31T12:00:00+05:30,342.9,343.9,342.25,343.7,74887
2025-12-31T12:15:00+05:30,343.65,343.8,342.95,343.2,43487
2025-12-31T12:30:00+05:30,343.2,343.7,342.9,343.3,44536
2025-12-31T12:45:00+05:30,343.25,343.5,342.75,343.15,39969
2025-12-31T13:00:00+05:30,343.35,343.45,342.6,343.1,47813
2025-12-31T13:15:00+05:30,343.15,343.9,342.5,343.6,53830
2025-12-31T13:30:00+05:30,343.6,344.1,341.75,342.25,219698
2025-12-31T13:45:00+05:30,342.05,343.2,340.85,341.05,727661
2025-12-31T14:00:00+05:30,341.05,343.6,341.0,342.85,540054
2025-12-31T14:15:00+05:30,342.85,343.2,342.2,342.6,109923
2025-12-31T14:30:00+05:30,342.6,342.8,342.05,342.6,156916
2025-12-31T14:45:00+05:30,342.55,342.9,342.3,342.6,118545
2025-12-31T15:00:00+05:30,342.55,344.2,341.0,341.15,381288
2025-12-31T15:15:00+05:30,341.05,345.0,339.9,344.0,1035437
2026-01-01T09:15:00+05:30,343.85,344.4,341.0,341.75,102269
2026-01-01T09:30:00+05:30,341.7,342.1,341.2,341.5,35194
2026-01-01T09:45:00+05:30,341.5,343.95,341.35,342.75,71635
2026-01-01T10:00:00+05:30,342.75,343.45,342.2,343.0,40932
2026-01-01T10:15:00+05:30,343.1,343.85,342.6,343.7,120347
2026-01-01T10:30:00+05:30,343.7,343.8,343.0,343.25,16375
2026-01-01T10:45:00+05:30,343.0,344.45,343.0,344.05,59910
2026-01-01T11:00:00+05:30,344.15,344.4,342.6,342.95,34446
2026-01-01T11:15:00+05:30,343.2,343.65,342.05,342.35,32342
2026-01-01T11:30:00+05:30,342.4,342.4,341.3,341.5,24875
2026-01-01T11:45:00+05:30,341.5,341.7,341.0,341.15,21514
2026-01-01T12:00:00+05:30,341.4,341.7,340.7,341.1,33445
2026-01-01T12:15:00+05:30,341.1,342.4,341.0,342.4,32944
2026-01-01T12:30:00+05:30,342.35,343.05,342.0,342.9,43239
2026-01-01T12:45:00+05:30,342.9,343.1,342.5,343.1,16576
2026-01-01T13:00:00+05:30,343.1,343.35,342.15,342.25,28452
2026-01-01T13:15:00+05:30,342.25,342.95,342.15,342.4,24587
2026-01-01T13:30:00+05:30,342.55,342.95,342.35,342.6,13046
2026-01-01T13:45:00+05:30,342.35,342.8,342.15,342.45,19503
2026-01-01T14:00:00+05:30,342.55,343.0,342.1,342.55,31794
2026-01-01T14:15:00+05:30,342.55,342.75,342.35,342.6,14088
2026-01-01T14:30:00+05:30,342.6,342.65,342.2,342.5,20039
2026-01-01T14:45:00+05:30,342.25,342.5,341.6,341.9,25466
2026-01-01T15:00:00+05:30,341.9,342.15,339.3,340.0,212792
2026-01-01T15:15:00+05:30,340.1,341.8,339.85,341.75,227814
2026-01-02T09:15:00+05:30,340.05,344.25,340.05,344.0,151265
2026-01-02T09:30:00+05:30,344.0,346.0,343.35,345.15,239951
2026-01-02T09:45:00+05:30,345.15,349.5,345.0,348.9,582824
2026-01-02T10:00:00+05:30,348.8,354.4,348.2,353.8,909875
2026-01-02T10:15:00+05:30,353.65,354.0,349.65,351.35,459733
2026-01-02T10:30:00+05:30,351.2,352.0,350.15,350.35,201553
2026-01-02T10:45:00+05:30,350.35,352.8,350.1,351.55,424579
2026-01-02T11:00:00+05:30,351.55,352.0,350.7,351.4,284012
2026-01-02T11:15:00+05:30,351.4,352.4,351.0,351.75,214751
2026-01-02T11:30:00+05:30,351.75,353.85,350.3,353.75,312426
2026-01-02T11:45:00+05:30,353.75,354.5,352.8,353.7,414782
2026-01-02T12:00:00+05:30,353.7,353.9,353.0,353.4,134637
2026-01-02T12:15:00+05:30,353.4,353.95,353.05,353.15,113267
2026-01-02T12:30:00+05:30,353.15,353.5,352.45,352.65,158499
2026-01-02T12:45:00+05:30,352.65,354.8,351.55,354.45,407794
2026-01-02T13:00:00+05:30,354.5,357.0,354.3,356.5,1463071
2026-01-02T13:15:00+05:30,356.5,357.2,355.4,356.9,488033
2026-01-02T13:30:00+05:30,356.9,357.0,356.1,356.95,259291
2026-01-02T13:45:00+05:30,356.9,357.1,355.2,356.35,235671
2026-01-02T14:00:00+05:30,356.55,357.15,356.1,356.9,237500
2026-01-02T14:15:00+05:30,356.95,357.45,356.35,357.0,223842
2026-01-02T14:30:00+05:30,357.0,357.25,356.55,356.85,185683
2026-01-02T14:45:00+05:30,356.6,357.6,356.1,357.45,250227
2026-01-02T15:00:00+05:30,357.45,357.7,356.95,357.45,318326
2026-01-02T15:15:00+05:30,357.45,361.8,357.25,361.4,2281021
2026-01-05T09:15:00+05:30,360.0,363.15,354.4,355.35,622239
2026-01-05T09:30:00+05:30,355.35,359.0,355.2,357.2,377643
2026-01-05T09:45:00+05:30,357.35,358.2,356.15,357.0,164407
2026-01-05T10:00:00+05:30,357.0,357.5,355.1,355.6,186935
2026-01-05T10:15:00+05:30,355.65,357.45,354.6,354.9,147347
2026-01-05T10:30:00+05:30,354.9,355.6,353.0,354.0,208181
2026-01-05T10:45:00+05:30,354.0,354.6,353.0,354.1,104652
2026-01-05T11:00:00+05:30,354.1,356.0,354.05,354.85,154963
2026-01-05T11:15:00+05:30,354.85,356.75,354.25,355.75,144553
2026-01-05T11:30:00+05:30,355.75,357.1,354.8,356.85,74461
2026-01-05T11:45:00+05:30,356.75,357.0,355.65,356.0,67358
2026-01-05T12:00:00+05:30,356.0,359.3,356.0,358.65,243077
2026-01-05T12:15:00+05:30,358.85,359.95,358.15,359.9,198266
2026-01-05T12:30:00+05:30,359.8,363.0,359.7,360.7,482186
2026-01-05T12:45:00+05:30,360.65,361.5,360.1,360.3,140893
2026-01-05T13:00:00+05:30,360.4,360.6,359.95,360.0,146996
2026-01-05T13:15:00+05:30,360.0,360.85,359.3,360.2,140991
2026-01-05T13:30:00+05:30,360.25,360.75,360.0,360.0,71352
2026-01-05T13:45:00+05:30,360.25,360.6,358.8,359.3,231343
2026-01-05T14:00:00+05:30,359.3,359.3,357.45,358.1,165136
2026-01-05T14:15:00+05:30,358.15,358.75,357.85,358.25,59637
2026-01-05T14:30:00+05:30,358.25,359.0,357.9,358.75,49779
2026-01-05T14:45:00+05:30,358.8,359.45,358.6,359.0,63434
2026-01-05T15:00:00+05:30,359.0,360.1,357.85,359.9,263888
2026-01-05T15:15:00+05:30,359.95,360.3,359.0,360.15,378994
2026-01-06T09:15:00+05:30,359.6,360.85,356.0,358.75,454030
2026-01-06T09:30:00+05:30,358.55,359.35,356.55,359.0,121444
2026-01-06T09:45:00+05:30,359.0,359.95,358.3,359.15,95418
2026-01-06T10:00:00+05:30,359.15,359.4,357.65,358.0,54083
2026-01-06T10:15:00+05:30,358.0,359.5,357.25,359.5,56235
2026-01-06T10:30:00+05:30,359.3,359.9,358.85,359.75,92077
2026-01-06T10:45:00+05:30,359.75,359.75,358.4,358.5,42936
2026-01-06T11:00:00+05:30,358.5,359.0,357.1,357.45,35023
2026-01-06T11:15:00+05:30,357.25,358.45,357.15,358.25,62845
2026-01-06T11:30:00+05:30,358.25,358.8,358.05,358.35,30869
2026-01-06T11:45:00+05:30,358.5,358.95,358.3,358.95,47004
2026-01-06T12:00:00+05:30,358.95,359.95,357.8,359.75,128091
2026-01-06T12:15:00+05:30,359.65,362.7,359.65,361.1,421683
2026-01-06T12:30:00+05:30,360.9,361.25,360.25,360.35,151259
2026-01-06T12:45:00+05:30,360.5,361.9,360.3,361.35,268254
2026-01-06T13:00:00+05:30,361.35,362.3,360.75,361.7,228572
2026-01-06T13:15:00+05:30,361.95,362.25,361.35,361.9,162899
2026-01-06T13:30:00+05:30,361.9,362.2,361.45,361.7,219235
2026-01-06T13:45:00+05:30,362.0,362.15,361.6,361.9,143995
2026-01-06T14:00:00+05:30,361.9,362.2,361.5,361.9,192621
2026-01-06T14:15:00+05:30,361.75,362.05,359.85,360.7,213406
2026-01-06T14:30:00+05:30,360.75,361.95,360.5,361.6,117955
2026-01-06T14:45:00+05:30,361.55,363.0,361.05,361.9,361483
2026-01-06T15:00:00+05:30,361.9,362.5,360.9,361.7,184083
2026-01-06T15:15:00+05:30,361.7,362.0,360.5,361.35,282361
2026-01-07T09:15:00+05:30,358.05,358.95,354.4,357.0,1763937
2026-01-07T09:30:00+05:30,357.0,360.3,356.8,359.15,825012
2026-01-07T09:45:00+05:30,359.15,360.05,357.0,358.2,1298122
2026-01-07T10:00:00+05:30,358.2,359.0,357.15,357.95,367247
2026-01-07T10:15:00+05:30,358.0,358.4,356.8,357.1,405224
2026-01-07T10:30:00+05:30,357.15,357.6,356.75,357.4,281417
2026-01-07T10:45:00+05:30,357.45,358.0,357.0,357.15,291158
2026-01-07T11:00:00+05:30,357.2,358.25,357.1,357.45,468421
2026-01-07T11:15:00+05:30,357.6,357.65,356.8,357.0,223126
2026-01-07T11:30:00+05:30,357.0,358.5,356.9,357.1,403320
2026-01-07T11:45:00+05:30,357.15,357.9,357.0,357.2,238841
2026-01-07T12:00:00+05:30,357.35,357.65,356.9,357.0,391335
2026-01-07T12:15:00+05:30,357.15,358.9,356.8,358.3,376921
2026-01-07T12:30:00+05:30,358.25,358.25,357.3,357.45,271174
2026-01-07T12:45:00+05:30,357.5,357.6,356.95,357.15,370331
2026-01-07T13:00:00+05:30,357.2,358.0,356.8,357.95,443608
2026-01-07T13:15:00+05:30,357.95,358.5,357.1,358.1,250613
2026-01-07T13:30:00+05:30,358.15,360.45,358.0,359.25,298280
2026-01-07T13:45:00+05:30,359.25,360.75,359.0,360.45,229547
2026-01-07T14:00:00+05:30,360.5,362.35,360.1,360.3,311405
2026-01-07T14:15:00+05:30,360.45,363.0,360.0,361.65,433751
2026-01-07T14:30:00+05:30,361.6,361.9,360.05,361.4,170722
2026-01-07T14:45:00+05:30,361.15,361.95,360.15,360.5,164364
2026-01-07T15:00:00+05:30,360.55,362.8,359.25,359.7,758169
2026-01-07T15:15:00+05:30,359.5,361.5,358.4,360.95,432912
2026-01-08T09:15:00+05:30,359.0,364.5,359.0,359.35,813835
2026-01-08T09:30:00+05:30,359.6,359.75,356.8,358.0,288701
2026-01-08T09:45:00+05:30,357.75,358.2,357.2,357.9,115816
2026-01-08T10:00:00+05:30,358.0,358.5,357.55,358.0,164098
2026-01-08T10:15:00+05:30,358.0,359.7,357.95,358.7,151226
2026-01-08T10:30:00+05:30,358.65,358.85,357.0,357.9,193756
2026-01-08T10:45:00+05:30,357.95,358.15,357.5,357.85,67990
2026-01-08T11:00:00+05:30,357.9,358.0,356.5,357.15,141286
2026-01-08T11:15:00+05:30,357.1,357.3,356.1,356.95,143724
2026-01-08T11:30:00+05:30,356.95,357.65,356.7,357.0,305331
2026-01-08T11:45:00+05:30,357.0,357.8,355.5,356.0,197579
2026-01-08T12:00:00+05:30,355.95,357.4,355.7,357.2,222995
2026-01-08T12:15:00+05:30,357.15,359.8,356.85,357.2,469299
2026-01-08T12:30:00+05:30,357.2,359.15,357.2,357.45,103854
2026-01-08T12:45:00+05:30,357.45,357.75,357.0,357.35,116525
2026-01-08T13:00:00+05:30,357.35,357.6,357.15,357.5,78687
2026-01-08T13:15:00+05:30,357.5,357.6,356.5,356.7,139748
2026-01-08T13:30:00+05:30,356.7,357.05,356.05,357.0,135606
2026-01-08T13:45:00+05:30,357.0,357.3,356.5,357.0,110394
2026-01-08T14:00:00+05:30,357.0,357.0,356.55,356.9,69444
2026-01-08T14:15:00+05:30,356.9,357.0,356.2,356.4,104941
2026-01-08T14:30:00+05:30,356.4,357.0,356.25,357.0,104445
2026-01-08T14:45:00+05:30,357.0,357.0,355.65,356.0,145432
2026-01-08T15:00:00+05:30,356.0,356.0,353.5,353.95,358756
2026-01-08T15:15:00+05:30,353.95,357.0,353.0,356.9,548785
2026-01-09T09:15:00+05:30,353.0,357.4,351.65,356.95,291068
2026-01-09T09:30:00+05:30,356.75,357.65,354.5,356.05,142248
2026-01-09T09:45:00+05:30,356.0,359.2,355.9,358.7,120435
2026-01-09T10:00:00+05:30,358.7,360.25,358.1,359.1,175801
2026-01-09T10:15:00+05:30,359.0,361.0,358.95,360.5,212438
2026-01-09T10:30:00+05:30,360.6,360.95,359.25,360.15,152230
2026-01-09T10:45:00+05:30,360.15,361.0,358.95,359.3,179242
2026-01-09T11:00:00+05:30,359.2,360.0,359.0,359.9,60405
2026-01-09T11:15:00+05:30,359.9,360.0,359.25,359.65,60442
2026-01-09T11:30:00+05:30,359.6,359.9,358.25,359.35,73656
2026-01-09T11:45:00+05:30,359.45,360.6,358.65,359.3,211478
2026-01-09T12:00:00+05:30,359.5,361.0,359.25,360.5,145577
2026-01-09T12:15:00+05:30,360.55,362.0,360.5,361.1,256666
2026-01-09T12:30:00+05:30,361.1,361.45,360.4,360.9,151772
2026-01-09T12:45:00+05:30,360.9,363.0,360.75,362.8,244571
2026-01-09T13:00:00+05:30,362.8,362.95,362.15,362.6,160749
2026-01-09T13:15:00+05:30,362.55,363.5,362.2,363.5,245658
2026-01-09T13:30:00+05:30,363.5,363.9,362.65,363.4,155755
2026-01-09T13:45:00+05:30,363.35,363.65,361.2,361.4,200991
2026-01-09T14:00:00+05:30,361.4,362.05,359.7,360.5,191161
2026-01-09T14:15:00+05:30,360.5,360.8,359.05,359.65,122193
2026-01-09T14:30:00+05:30,359.8,359.85,358.4,358.4,85793
2026-01-09T14:45:00+05:30,358.6,360.35,358.2,359.8,181106
2026-01-09T15:00:00+05:30,359.85,360.0,359.1,359.9,124624
2026-01-09T15:15:00+05:30,360.0,361.0,359.2,360.45,391939
2026-01-12T09:15:00+05:30,359.9,359.9,351.65,352.65,250087
2026-01-12T09:30:00+05:30,352.75,355.3,351.4,351.5,308357
2026-01-12T09:45:00+05:30,351.5,353.35,348.45,351.25,556186
2026-01-12T10:00:00+05:30,351.25,354.4,350.85,352.45,217846
2026-01-12T10:15:00+05:30,352.45,355.15,351.95,352.65,301907
2026-01-12T10:30:00+05:30,352.65,353.0,351.7,352.7,94919
2026-01-12T10:45:00+05:30,352.7,353.0,351.65,352.5,109762
2026-01-12T11:00:00+05:30,352.5,353.15,351.9,352.5,98343
2026-01-12T11:15:00+05:30,352.4,355.05,352.0,352.7,216805
2026-01-12T11:30:00+05:30,352.6,353.3,352.0,352.8,246197
2026-01-12T11:45:00+05:30,352.65,353.75,350.8,351.0,306160
2026-01-12T12:00:00+05:30,351.0,352.1,350.35,351.7,488606
2026-01-12T12:15:00+05:30,351.95,356.0,350.8,353.6,492677
2026-01-12T12:30:00+05:30,353.7,355.45,353.5,354.65,100955
2026-01-12T12:45:00+05:30,354.65,356.05,354.6,355.2,124878
2026-01-12T13:00:00+05:30,355.2,355.35,354.5,354.95,58323
2026-01-12T13:15:00+05:30,354.95,356.0,354.6,354.65,78484
2026-01-12T13:30:00+05:30,354.65,354.9,351.45,351.45,121414
2026-01-12T13:45:00+05:30,351.55,353.45,351.4,352.7,145058
2026-01-12T14:00:00+05:30,352.6,352.6,351.7,351.95,113168
2026-01-12T14:15:00+05:30,351.95,353.2,351.8,352.15,115332
2026-01-12T14:30:00+05:30,352.2,352.45,351.6,352.3,49094
2026-01-12T14:45:00+05:30,352.25,352.6,351.25,351.45,155237
2026-01-12T15:00:00+05:30,351.5,351.5,346.9,347.1,440552
2026-01-12T15:15:00+05:30,347.15,354.0,346.05,352.55,778660
2026-01-13T09:15:00+05:30,352.1,356.9,351.0,354.8,172520
2026-01-13T09:30:00+05:30,355.0,355.4,353.45,354.15,80545
2026-01-13T09:45:00+05:30,354.25,356.25,352.6,352.95,73016
2026-01-13T10:00:00+05:30,353.0,354.45,352.65,353.4,32623
2026-01-13T10:15:00+05:30,353.2,355.15,353.05,354.75,87451
2026-01-13T10:30:00+05:30,354.85,356.2,354.75,355.1,52171
2026-01-13T10:45:00+05:30,355.1,355.95,354.85,355.4,27887
2026-01-13T11:00:00+05:30,355.4,355.65,354.05,354.35,14837
2026-01-13T11:15:00+05:30,354.4,354.7,354.15,354.5,13927
2026-01-13T11:30:00+05:30,354.3,356.7,354.2,356.3,99288
2026-01-13T11:45:00+05:30,356.05,356.2,355.55,355.8,22520
2026-01-13T12:00:00+05:30,355.9,355.9,354.4,354.5,23365
2026-01-13T12:15:00+05:30,354.4,355.4,354.4,355.4,26832
2026-01-13T12:30:00+05:30,355.3,355.5,353.65,354.5,23502
2026-01-13T12:45:00+05:30,354.55,354.75,353.6,354.0,64451
2026-01-13T13:00:00+05:30,353.95,354.0,353.25,353.75,21157
2026-01-13T13:15:00+05:30,353.7,353.8,351.4,352.15,125630
2026-01-13T13:30:00+05:30,351.95,352.15,350.6,351.35,88583
2026-01-13T13:45:00+05:30,351.35,351.65,350.1,350.9,118684
2026-01-13T14:00:00+05:30,350.8,351.1,349.15,349.4,163508
2026-01-13T14:15:00+05:30,349.4,349.7,348.35,348.35,95769
2026-01-13T14:30:00+05:30,348.35,350.3,348.15,349.3,158528
2026-01-13T14:45:00+05:30,349.3,350.65,348.2,348.2,179273
2026-01-13T15:00:00+05:30,348.35,348.95,347.6,348.7,209093
2026-01-13T15:15:00+05:30,348.7,350.9,348.15,350.9,290044
2026-01-14T09:15:00+05:30,348.7,352.45,348.65,352.3,165632
2026-01-14T09:30:00+05:30,352.45,353.95,351.8,353.7,175217
2026-01-14T09:45:00+05:30,353.7,354.95,352.25,354.25,112397
2026-01-14T10:00:00+05:30,354.1,355.05,352.9,353.0,106760
2026-01-14T10:15:00+05:30,353.2,355.6,353.0,355.5,86893
2026-01-14T10:30:00+05:30,355.4,357.5,354.9,356.0,90453
2026-01-14T10:45:00+05:30,356.0,357.5,355.45,357.2,81685
2026-01-14T11:00:00+05:30,357.25,357.25,353.45,353.6,58263
2026-01-14T11:15:00+05:30,353.6,355.5,353.55,355.0,75524
2026-01-14T11:30:00+05:30,355.0,355.2,353.6,353.8,65111
2026-01-14T11:45:00+05:30,354.0,355.35,353.8,354.5,83710
2026-01-14T12:00:00+05:30,354.5,355.5,354.3,354.7,38025
2026-01-14T12:15:00+05:30,354.7,355.5,354.2,354.2,81500
2026-01-14T12:30:00+05:30,354.2,355.15,353.75,354.9,67501
2026-01-14T12:45:00+05:30,354.9,355.75,354.45,354.85,104442
2026-01-14T13:00:00+05:30,355.0,356.95,354.75,355.9,151381
2026-01-14T13:15:00+05:30,355.9,356.7,355.45,356.55,146417
2026-01-14T13:30:00+05:30,356.55,358.0,355.75,357.4,137200
2026-01-14T13:45:00+05:30,357.4,357.7,355.5,355.5,95687
2026-01-14T14:00:00+05:30,355.75,356.6,355.4,356.1,149247
2026-01-14T14:15:00+05:30,356.1,356.1,354.5,355.1,58707
2026-01-14T14:30:00+05:30,355.1,355.75,354.95,355.5,72556
2026-01-14T14:45:00+05:30,355.3,356.85,354.15,355.9,163571
2026-01-14T15:00:00+05:30,355.9,355.9,354.3,354.35,108333
2026-01-14T15:15:00+05:30,354.2,355.8,354.05,355.5,128403
2026-01-16T09:15:00+05:30,354.85,356.8,354.0,355.4,100844
2026-01-16T09:30:00+05:30,355.5,357.2,354.95,356.75,57804
2026-01-16T09:45:00+05:30,356.75,357.9,355.8,356.6,69514
2026-01-16T10:00:00+05:30,356.7,357.95,356.7,357.9,75732
2026-01-16T10:15:00+05:30,357.9,361.65,357.6,361.0,180695
2026-01-16T10:30:00+05:30,361.0,361.0,359.25,359.3,66853
2026-01-16T10:45:00+05:30,359.3,360.5,359.3,360.05,81252
2026-01-16T11:00:00+05:30,360.0,360.05,358.5,358.65,50242
2026-01-16T11:15:00+05:30,358.65,359.0,357.15,358.0,58537
2026-01-16T11:30:00+05:30,357.9,358.45,357.05,358.45,48208
2026-01-16T11:45:00+05:30,358.45,358.8,357.45,357.5,30472
2026-01-16T12:00:00+05:30,357.7,358.75,357.45,358.3,16638
2026-01-16T12:15:00+05:30,358.3,358.5,357.4,357.6,27056
2026-01-16T12:30:00+05:30,357.6,357.6,356.55,357.0,32975
2026-01-16T12:45:00+05:30,356.85,360.8,356.3,358.45,243596
2026-01-16T13:00:00+05:30,358.65,360.5,358.5,359.5,562379
2026-01-16T13:15:00+05:30,359.5,360.15,358.0,358.0,359615
2026-01-16T13:30:00+05:30,358.0,359.05,357.15,358.25,174799
2026-01-16T13:45:00+05:30,358.55,359.75,358.3,359.05,78984
2026-01-16T14:00:00+05:30,359.05,359.25,358.05,358.5,48242
2026-01-16T14:15:00+05:30,358.35,359.5,358.0,359.4,80011
2026-01-16T14:30:00+05:30,359.5,359.75,359.0,359.3,54179
2026-01-16T14:45:00+05:30,359.3,360.0,359.1,359.65,201168
2026-01-16T15:00:00+05:30,359.8,360.0,359.0,359.8,377961
2026-01-16T15:15:00+05:30,359.75,359.75,357.6,358.4,159068
2026-01-19T09:15:00+05:30,359.0,365.1,358.2,358.5,547520
2026-01-19T09:30:00+05:30,358.35,359.6,357.75,358.3,87890
2026-01-19T09:45:00+05:30,358.3,360.4,357.9,358.9,107693
2026-01-19T10:00:00+05:30,359.0,359.5,358.4,359.15,65982
2026-01-19T10:15:00+05:30,359.0,359.4,357.95,358.3,34098
2026-01-19T10:30:00+05:30,358.3,359.1,357.5,358.25,85927
2026-01-19T10:45:00+05:30,358.25,358.95,357.5,357.9,48285
2026-01-19T11:00:00+05:30,357.9,359.0,357.15,358.8,51093
2026-01-19T11:15:00+05:30,358.8,359.2,358.0,358.1,38441
2026-01-19T11:30:00+05:30,358.1,358.9,357.95,358.3,83821
2026-01-19T11:45:00+05:30,358.3,358.9,358.0,358.25,31617
2026-01-19T12:00:00+05:30,358.25,359.1,358.0,358.65,43381
2026-01-19T12:15:00+05:30,358.8,358.8,357.55,358.0,108245
2026-01-19T12:30:00+05:30,358.0,358.4,358.0,358.15,13357
2026-01-19T12:45:00+05:30,358.1,358.6,357.5,357.55,140506
2026-01-19T13:00:00+05:30,357.6,359.25,357.5,358.8,52464
2026-01-19T13:15:00+05:30,358.85,359.9,358.75,359.15,111524
2026-01-19T13:30:00+05:30,359.15,359.5,358.5,358.65,37124
2026-01-19T13:45:00+05:30,358.5,360.85,358.05,360.6,229930
2026-01-19T14:00:00+05:30,360.6,361.5,359.7,360.35,126218
2026-01-19T14:15:00+05:30,360.2,360.95,359.65,359.85,55487
2026-01-19T14:30:00+05:30,359.85,361.45,359.25,361.1,111819
2026-01-19T14:45:00+05:30,361.15,362.45,360.6,360.8,272052
2026-01-19T15:00:00+05:30,360.8,361.6,359.85,360.75,144039
2026-01-19T15:15:00+05:30,361.0,361.15,359.0,359.25,226218
2026-01-20T09:15:00+05:30,365.0,367.3,358.55,359.3,1548959
2026-01-20T09:30:00+05:30,359.3,359.95,356.5,357.0,323898
2026-01-20T09:45:00+05:30,357.0,360.7,356.0,360.2,421232
2026-01-20T10:00:00+05:30,360.25,361.35,358.5,360.3,397730
2026-01-20T10:15:00+05:30,360.25,360.7,357.55,358.6,229206
2026-01-20T10:30:00+05:30,358.5,358.7,355.8,357.35,170352
2026-01-20T10:45:00+05:30,357.35,358.8,355.8,358.5,92693
2026-01-20T11:00:00+05:30,358.5,359.25,358.0,359.2,116942
2026-01-20T11:15:00+05:30,359.2,361.85,358.6,361.7,304776
2026-01-20T11:30:00+05:30,361.5,365.4,361.1,364.65,543787
2026-01-20T11:45:00+05:30,364.65,365.5,363.8,364.7,605607
2026-01-20T12:00:00+05:30,364.95,365.1,360.15,360.9,719348
2026-01-20T12:15:00+05:30,360.85,360.9,358.05,359.0,208308
2026-01-20T12:30:00+05:30,358.85,360.1,358.6,358.65,118986
2026-01-20T12:45:00+05:30,358.7,359.9,358.65,359.45,130833
2026-01-20T13:00:00+05:30,359.5,359.7,358.15,358.85,136534
2026-01-20T13:15:00+05:30,358.8,360.25,357.65,358.7,286462
2026-01-20T13:30:00+05:30,358.5,358.85,357.3,357.6,136415
2026-01-20T13:45:00+05:30,357.65,357.85,356.8,356.8,150845
2026-01-20T14:00:00+05:30,356.95,357.3,355.05,355.6,247102
2026-01-20T14:15:00+05:30,355.65,356.8,355.05,356.1,175048
2026-01-20T14:30:00+05:30,356.1,357.35,355.7,357.05,260074
2026-01-20T14:45:00+05:30,357.05,359.1,354.75,358.85,345532
2026-01-20T15:00:00+05:30,359.0,361.0,357.45,360.85,620226
2026-01-20T15:15:00+05:30,360.9,363.0,353.05,357.2,624776
2026-01-21T09:15:00+05:30,354.0,356.65,348.0,352.1,494214
2026-01-21T09:30:00+05:30,352.1,357.3,351.7,355.5,304737
2026-01-21T09:45:00+05:30,355.25,356.35,352.6,353.0,258287
2026-01-21T10:00:00+05:30,352.75,355.6,352.25,354.15,345719
2026-01-21T10:15:00+05:30,353.85,356.6,353.8,353.9,259174
2026-01-21T10:30:00+05:30,353.95,355.95,353.05,353.45,164334
2026-01-21T10:45:00+05:30,353.45,354.4,352.0,354.0,236626
2026-01-21T11:00:00+05:30,354.0,357.9,354.0,354.65,253453
2026-01-21T11:15:00+05:30,354.75,355.0,352.55,352.75,153742
2026-01-21T11:30:00+05:30,352.75,354.0,352.3,352.3,70272
2026-01-21T11:45:00+05:30,352.5,354.4,352.0,353.5,119849
2026-01-21T12:00:00+05:30,353.5,360.5,353.5,358.85,271754
2026-01-21T12:15:00+05:30,358.85,360.05,357.4,357.9,103499
2026-01-21T12:30:00+05:30,357.9,360.0,357.35,359.25,85242
2026-01-21T12:45:00+05:30,359.25,360.35,359.25,360.35,86826
2026-01-21T13:00:00+05:30,360.35,360.4,358.0,358.85,84080
2026-01-21T13:15:00+05:30,358.95,359.65,358.4,358.9,60282
2026-01-21T13:30:00+05:30,358.9,359.25,357.5,357.75,55079
2026-01-21T13:45:00+05:30,357.75,358.0,357.0,357.05,48927
2026-01-21T14:00:00+05:30,357.25,357.75,356.2,356.35,57566
2026-01-21T14:15:00+05:30,356.35,358.2,356.35,357.0,82755
2026-01-21T14:30:00+05:30,357.15,359.25,357.15,358.95,64778
2026-01-21T14:45:00+05:30,358.95,359.05,357.5,357.65,58990
2026-01-21T15:00:00+05:30,357.7,359.4,356.85,357.75,215172
2026-01-21T15:15:00+05:30,358.05,359.7,356.25,358.3,273024
2026-01-22T09:15:00+05:30,359.0,361.9,357.7,359.3,259203
2026-01-22T09:30:00+05:30,359.3,360.5,358.8,359.8,110169
2026-01-22T09:45:00+05:30,359.95,361.0,358.4,358.6,151795
2026-01-22T10:00:00+05:30,358.55,359.8,357.85,359.2,161166
2026-01-22T10:15:00+05:30,359.2,359.5,358.25,359.05,151134
2026-01-22T10:30:00+05:30,359.0,359.75,358.3,358.65,222865
2026-01-22T10:45:00+05:30,358.4,359.55,356.55,358.9,240204
2026-01-22T11:00:00+05:30,358.9,359.4,358.2,358.8,75576
2026-01-22T11:15:00+05:30,358.65,359.2,358.2,358.35,116527
2026-01-22T11:30:00+05:30,358.35,359.55,357.85,358.65,168603
2026-01-22T11:45:00+05:30,358.65,358.95,358.0,358.3,77153
2026-01-22T12:00:00+05:30,358.35,359.2,358.1,359.2,101524
2026-01-22T12:15:00+05:30,359.2,359.3,358.8,358.85,26831
2026-01-22T12:30:00+05:30,358.85,359.2,357.8,358.05,159521
2026-01-22T12:45:00+05:30,358.1,358.6,356.1,356.6,48904
2026-01-22T13:00:00+05:30,356.6,358.65,356.35,358.05,650122
2026-01-22T13:15:00+05:30,358.2,358.45,357.5,357.5,77616
2026-01-22T13:30:00+05:30,357.6,358.1,357.0,357.9,58480
2026-01-22T13:45:00+05:30,357.9,357.9,357.1,357.55,127837
2026-01-22T14:00:00+05:30,357.6,358.8,356.5,357.0,69439
2026-01-22T14:15:00+05:30,357.2,357.3,355.5,357.15,80786
2026-01-22T14:30:00+05:30,357.1,358.95,357.1,358.2,105735
2026-01-22T14:45:00+05:30,358.2,359.4,358.05,358.6,166007
2026-01-22T15:00:00+05:30,358.6,358.85,357.75,358.6,482128
2026-01-22T15:15:00+05:30,358.7,359.0,356.3,356.8,369456
2026-01-23T09:15:00+05:30,360.0,360.0,352.9,354.25,607655
2026-01-23T09:30:00+05:30,354.2,354.45,353.3,353.55,57713
2026-01-23T09:45:00+05:30,353.55,354.4,353.0,353.95,59688
2026-01-23T10:00:00+05:30,353.8,354.3,353.05,353.3,50080
2026-01-23T10:15:00+05:30,353.3,354.0,352.35,353.9,59022
2026-01-23T10:30:00+05:30,353.85,354.15,352.55,353.0,58606
2026-01-23T10:45:00+05:30,353.0,355.75,352.45,355.7,178049
2026-01-23T11:00:00+05:30,355.7,357.35,355.2,356.85,77305
2026-01-23T11:15:00+05:30,356.85,357.0,356.05,356.55,49128
2026-01-23T11:30:00+05:30,356.65,358.25,356.2,356.75,112456
2026-01-23T11:45:00+05:30,356.95,357.6,356.35,356.9,57098
2026-01-23T12:00:00+05:30,357.0,357.25,356.25,356.95,58716
2026-01-23T12:15:00+05:30,356.95,358.7,356.35,358.55,77085
2026-01-23T12:30:00+05:30,358.55,358.65,357.15,357.85,58280
2026-01-23T12:45:00+05:30,357.85,358.0,356.6,356.85,59201
2026-01-23T13:00:00+05:30,357.0,357.35,356.5,356.6,42767
2026-01-23T13:15:00+05:30,356.85,356.85,354.65,355.2,67327
2026-01-23T13:30:00+05:30,355.2,355.35,354.3,355.25,53262
2026-01-23T13:45:00+05:30,355.05,355.25,352.9,353.15,126392
2026-01-23T14:00:00+05:30,353.25,353.35,352.1,353.0,68827
2026-01-23T14:15:00+05:30,353.1,353.35,352.15,352.65,50437
2026-01-23T14:30:00+05:30,352.65,353.3,351.6,352.2,137452
2026-01-23T14:45:00+05:30,352.2,353.5,351.55,353.4,135768
2026-01-23T15:00:00+05:30,353.3,353.45,351.8,352.25,280437
2026-01-23T15:15:00+05:30,352.25,352.4,350.0,350.5,193559
2026-01-27T09:15:00+05:30,351.5,353.9,342.3,344.85,348607
2026-01-27T09:30:00+05:30,344.95,348.0,344.0,345.45,177595
2026-01-27T09:45:00+05:30,345.55,348.45,345.25,347.0,71670
2026-01-27T10:00:00+05:30,346.85,348.5,346.6,347.5,88616
2026-01-27T10:15:00+05:30,347.85,347.85,344.45,344.45,102531
2026-01-27T10:30:00+05:30,344.55,344.8,342.15,342.25,88671
2026-01-27T10:45:00+05:30,342.25,342.5,341.25,341.75,59901
2026-01-27T11:00:00+05:30,341.95,343.75,341.9,343.2,91922
2026-01-27T11:15:00+05:30,343.3,343.8,342.1,342.1,38327
2026-01-27T11:30:00+05:30,342.1,343.0,341.5,342.25,61102
2026-01-27T11:45:00+05:30,342.5,344.5,341.7,343.5,76309
2026-01-27T12:00:00+05:30,343.6,343.9,339.0,339.55,249671
2026-01-27T12:15:00+05:30,339.55,339.65,338.3,338.35,122353
2026-01-27T12:30:00+05:30,338.3,338.85,336.45,336.5,156931
2026-01-27T12:45:00+05:30,336.5,337.05,336.25,336.7,83354
2026-01-27T13:00:00+05:30,336.7,339.95,336.35,338.55,179858
2026-01-27T13:15:00+05:30,338.55,340.5,337.6,340.4,434905
2026-01-27T13:30:00+05:30,340.4,340.85,339.55,340.05,75623
2026-01-27T13:45:00+05:30,340.0,340.2,339.5,339.75,32089
2026-01-27T14:00:00+05:30,339.75,339.9,339.0,339.3,45297
2026-01-27T14:15:00+05:30,339.35,339.45,338.7,339.1,84978
2026-01-27T14:30:00+05:30,339.05,339.9,339.0,339.7,46787
2026-01-27T14:45:00+05:30,339.7,339.8,339.0,339.0,65065
2026-01-27T15:00:00+05:30,339.0,339.55,337.75,337.95,294525
2026-01-27T15:15:00+05:30,337.95,339.2,337.7,339.0,311099
2026-01-28T09:15:00+05:30,339.0,340.0,336.1,338.6,208361
2026-01-28T09:30:00+05:30,338.5,342.2,338.0,340.8,141064
2026-01-28T09:45:00+05:30,341.0,341.55,339.6,339.65,74187
2026-01-28T10:00:00+05:30,339.7,339.95,339.2,339.2,35191
2026-01-28T10:15:00+05:30,339.3,340.1,338.6,338.7,41708
2026-01-28T10:30:00+05:30,338.6,339.2,337.3,338.25,69117
2026-01-28T10:45:00+05:30,338.25,338.25,337.4,337.55,33748
2026-01-28T11:00:00+05:30,337.5,338.3,337.35,338.05,36443
2026-01-28T11:15:00+05:30,338.05,338.3,337.15,337.5,32328
2026-01-28T11:30:00+05:30,337.55,338.35,337.15,337.35,42438
2026-01-28T11:45:00+05:30,337.35,337.6,337.1,337.5,28435
2026-01-28T12:00:00+05:30,337.45,337.85,335.55,336.2,172499
2026-01-28T12:15:00+05:30,336.1,336.65,335.65,335.95,60422
2026-01-28T12:30:00+05:30,335.9,336.4,335.7,336.25,47707
2026-01-28T12:45:00+05:30,336.15,336.7,335.1,335.45,68624
2026-01-28T13:00:00+05:30,335.45,336.0,335.35,335.9,40450
2026-01-28T13:15:00+05:30,335.9,336.25,335.85,336.0,26879
2026-01-28T13:30:00+05:30,336.0,336.5,334.25,334.5,124861
2026-01-28T13:45:00+05:30,334.5,335.2,334.3,334.95,81067
2026-01-28T14:00:00+05:30,334.95,335.9,334.65,335.85,74117
2026-01-28T14:15:00+05:30,335.85,335.9,334.7,335.6,189795
2026-01-28T14:30:00+05:30,335.6,336.25,335.25,336.0,84493
2026-01-28T14:45:00+05:30,336.0,338.6,335.9,338.0,222770
2026-01-28T15:00:00+05:30,338.2,338.8,337.55,338.2,257478
2026-01-28T15:15:00+05:30,338.2,338.7,337.65,338.0,249171
2026-01-29T09:15:00+05:30,338.45,341.75,337.85,340.5,140676
2026-01-29T09:30:00+05:30,340.45,341.4,337.8,338.25,174377
2026-01-29T09:45:00+05:30,338.15,338.5,337.1,337.7,67569
2026-01-29T10:00:00+05:30,337.95,338.2,336.8,337.25,55620
2026-01-29T10:15:00+05:30,337.25,337.35,336.05,336.4,44566
2026-01-29T10:30:00+05:30,336.4,336.7,335.4,335.6,48978
2026-01-29T10:45:00+05:30,335.6,336.4,334.75,335.65,76978
2026-01-29T11:00:00+05:30,335.5,335.75,333.9,334.25,78715
2026-01-29T11:15:00+05:30,334.2,334.45,332.0,332.4,177067
2026-01-29T11:30:00+05:30,332.4,332.4,331.1,331.15,116789
2026-01-29T11:45:00+05:30,331.15,331.4,330.5,330.7,114963
2026-01-29T12:00:00+05:30,330.8,330.8,330.1,330.55,45356
2026-01-29T12:15:00+05:30,330.5,332.5,330.25,332.1,95219
2026-01-29T12:30:00+05:30,332.1,332.7,331.2,331.35,83024
2026-01-29T12:45:00+05:30,331.3,332.0,331.0,331.6,47346
2026-01-29T13:00:00+05:30,331.6,332.0,331.3,331.35,65638
2026-01-29T13:15:00+05:30,331.35,331.35,330.55,330.9,63191
2026-01-29T13:30:00+05:30,330.9,331.5,330.75,331.0,34880
2026-01-29T13:45:00+05:30,331.0,331.95,331.0,331.8,84874
2026-01-29T14:00:00+05:30,331.8,332.7,331.6,331.95,76459
2026-01-29T14:15:00+05:30,332.0,332.15,331.3,331.6,37754
2026-01-29T14:30:00+05:30,331.6,332.1,331.4,331.6,53504
2026-01-29T14:45:00+05:30,331.7,331.95,331.35,331.65,27317
2026-01-29T15:00:00+05:30,331.9,332.8,330.75,330.9,151117
2026-01-29T15:15:00+05:30,331.0,331.15,330.0,330.5,224997
2026-01-30T09:15:00+05:30,330.0,332.85,327.85,332.0,188594
2026-01-30T09:30:00+05:30,332.25,332.95,331.2,332.15,64482
2026-01-30T09:45:00+05:30,332.0,332.75,331.7,332.75,35584
2026-01-30T10:00:00+05:30,332.7,333.9,332.4,333.8,64605
2026-01-30T10:15:00+05:30,333.55,334.4,333.0,333.2,41052
2026-01-30T10:30:00+05:30,333.45,333.55,331.05,332.0,51163
2026-01-30T10:45:00+05:30,332.0,333.65,331.8,332.9,97738
2026-01-30T11:00:00+05:30,332.9,333.65,332.05,332.45,69364
2026-01-30T11:15:00+05:30,332.45,334.25,332.1,334.15,95423
2026-01-30T11:30:00+05:30,334.2,334.75,332.85,334.05,107059
2026-01-30T11:45:00+05:30,334.4,337.4,334.4,337.35,155803
2026-01-30T12:00:00+05:30,337.35,338.95,336.65,338.85,187141
2026-01-30T12:15:00+05:30,338.9,339.25,338.1,338.8,137059
2026-01-30T12:30:00+05:30,338.85,339.0,338.1,338.9,100751
2026-01-30T12:45:00+05:30,338.9,339.5,338.75,338.95,90982
2026-01-30T13:00:00+05:30,338.95,338.95,336.55,337.05,131342
2026-01-30T13:15:00+05:30,337.05,337.35,335.1,336.25,149272
2026-01-30T13:30:00+05:30,336.25,337.45,336.15,337.1,60788
2026-01-30T13:45:00+05:30,337.1,337.95,336.6,337.6,72000
2026-01-30T14:00:00+05:30,337.6,340.0,337.55,339.9,128060
2026-01-30T14:15:00+05:30,339.9,340.0,338.3,338.9,100472
2026-01-30T14:30:00+05:30,338.9,339.2,337.75,339.0,134191
2026-01-30T14:45:00+05:30,338.9,341.0,338.5,340.9,245305
2026-01-30T15:00:00+05:30,340.9,344.3,340.2,341.8,592612
2026-01-30T15:15:00+05:30,341.8,343.1,339.55,341.0,411742
2026-02-01T09:15:00+05:30,341.0,341.0,334.4,335.95,79125
2026-02-01T09:30:00+05:30,335.95,337.5,335.2,335.7,61250
2026-02-01T09:45:00+05:30,335.7,337.2,335.7,336.95,30191
2026-02-01T10:00:00+05:30,336.95,339.9,336.65,339.3,29999
2026-02-01T10:15:00+05:30,339.3,339.8,338.45,339.25,42793
2026-02-01T10:30:00+05:30,339.25,339.55,338.4,339.0,16175
2026-02-01T10:45:00+05:30,339.0,339.2,338.5,339.2,9869
2026-02-01T11:00:00+05:30,339.2,339.55,338.9,339.4,11396
2026-02-01T11:15:00+05:30,339.35,341.0,338.75,340.1,37775
2026-02-01T11:30:00+05:30,340.1,341.0,339.0,339.95,35392
2026-02-01T11:45:00+05:30,339.95,339.95,338.75,339.85,17848
2026-02-01T12:00:00+05:30,339.9,339.9,338.6,338.9,14124
2026-02-01T12:15:00+05:30,338.65,338.95,335.0,335.8,135299
2026-02-01T12:30:00+05:30,335.8,339.4,333.55,338.55,113737
2026-02-01T12:45:00+05:30,338.35,339.75,337.3,338.5,46580
2026-02-01T13:00:00+05:30,338.6,338.85,337.15,337.5,20398
2026-02-01T13:15:00+05:30,337.45,338.95,337.3,337.75,24015
2026-02-01T13:30:00+05:30,337.75,338.1,337.2,337.85,17482
2026-02-01T13:45:00+05:30,337.85,338.0,337.1,337.6,13633
2026-02-01T14:00:00+05:30,337.6,339.55,337.2,338.25,45034
2026-02-01T14:15:00+05:30,338.55,338.6,337.7,338.25,9637
2026-02-01T14:30:00+05:30,338.25,339.6,338.0,338.6,48716
2026-02-01T14:45:00+05:30,338.65,339.9,338.1,339.15,22771
2026-02-01T15:00:00+05:30,339.4,339.95,338.3,338.55,52361
2026-02-01T15:15:00+05:30,338.55,339.5,334.05,335.5,88458
2026-02-02T09:15:00+05:30,333.6,335.5,330.55,333.05,294158
2026-02-02T09:30:00+05:30,333.0,334.3,331.65,332.0,106786
2026-02-02T09:45:00+05:30,332.0,332.75,329.0,330.75,308645
2026-02-02T10:00:00+05:30,330.9,332.45,330.2,332.2,78431
2026-02-02T10:15:00+05:30,332.2,332.9,331.15,331.9,113946
2026-02-02T10:30:00+05:30,331.85,333.2,331.35,332.85,55552
2026-02-02T10:45:00+05:30,332.85,333.2,331.3,331.8,41429
2026-02-02T11:00:00+05:30,331.8,332.0,330.25,330.7,142973
2026-02-02T11:15:00+05:30,330.8,331.7,329.65,330.5,168657
2026-02-02T11:30:00+05:30,330.55,331.9,330.35,330.8,60349
2026-02-02T11:45:00+05:30,330.85,331.35,330.05,330.8,125982
2026-02-02T12:00:00+05:30,330.8,331.1,329.4,329.6,29351
2026-02-02T12:15:00+05:30,329.6,330.45,328.8,328.9,40421
2026-02-02T12:30:00+05:30,328.9,329.0,327.8,328.6,55991
2026-02-02T12:45:00+05:30,328.4,329.4,327.9,329.2,23977
2026-02-02T13:00:00+05:30,329.2,329.9,328.95,329.4,31745
2026-02-02T13:15:00+05:30,329.45,329.45,327.8,328.7,54511
2026-02-02T13:30:00+05:30,328.8,330.1,328.3,330.0,35628
2026-02-02T13:45:00+05:30,330.0,330.65,329.4,330.1,53073
2026-02-02T14:00:00+05:30,330.0,330.35,329.65,330.0,34146
2026-02-02T14:15:00+05:30,330.0,330.35,329.6,330.0,41097
2026-02-02T14:30:00+05:30,330.0,330.25,329.75,330.15,36800
2026-02-02T14:45:00+05:30,330.1,330.5,329.45,330.0,81563
2026-02-02T15:00:00+05:30,329.95,331.95,329.7,331.05,211868
2026-02-02T15:15:00+05:30,331.05,332.4,330.25,331.55,308802
2026-02-03T09:15:00+05:30,339.0,340.9,336.0,338.25,237229
2026-02-03T09:30:00+05:30,338.05,339.9,337.3,338.0,128891
2026-02-03T09:45:00+05:30,338.2,338.9,337.85,338.55,64668
2026-02-03T10:00:00+05:30,338.6,341.1,338.25,340.5,122090
2026-02-03T10:15:00+05:30,340.5,342.45,340.3,342.45,118722
2026-02-03T10:30:00+05:30,342.45,343.0,341.75,342.55,64095
2026-02-03T10:45:00+05:30,342.55,342.8,341.8,342.5,58583
2026-02-03T11:00:00+05:30,342.5,342.85,342.0,342.45,26109
2026-02-03T11:15:00+05:30,342.45,344.9,342.0,344.4,99109
2026-02-03T11:30:00+05:30,344.45,345.95,344.15,345.25,96426
2026-02-03T11:45:00+05:30,345.35,345.55,344.6,345.0,43828
2026-02-03T12:00:00+05:30,345.0,345.0,343.8,344.85,49418
2026-02-03T12:15:00+05:30,344.85,345.35,343.8,345.15,73448
2026-02-03T12:30:00+05:30,345.15,347.15,345.0,346.1,139736
2026-02-03T12:45:00+05:30,346.1,346.1,344.55,345.15,31532
2026-02-03T13:00:00+05:30,345.35,345.95,344.7,345.35,53360
2026-02-03T13:15:00+05:30,345.35,346.3,345.0,345.55,66276
2026-02-03T13:30:00+05:30,345.75,346.55,345.1,346.5,58819
2026-02-03T13:45:00+05:30,346.45,346.95,345.05,345.35,64615
2026-02-03T14:00:00+05:30,345.6,345.95,345.1,345.75,36695
2026-02-03T14:15:00+05:30,345.75,345.9,345.1,345.8,36843
2026-02-03T14:30:00+05:30,345.8,346.25,344.6,346.15,93885
2026-02-03T14:45:00+05:30,346.15,346.35,345.3,345.6,56618
2026-02-03T15:00:00+05:30,345.6,347.0,345.5,346.35,632823
2026-02-03T15:15:00+05:30,346.2,346.95,345.1,346.0,212591
2026-02-04T09:15:00+05:30,346.0,348.3,342.4,346.8,100564
2026-02-04T09:30:00+05:30,346.85,347.35,345.8,346.85,72481
2026-02-04T09:45:00+05:30,346.85,347.85,346.15,346.5,39307
2026-02-04T10:00:00+05:30,346.5,347.4,345.85,346.75,42591
2026-02-04T10:15:00+05:30,347.0,348.75,346.6,346.85,36194
2026-02-04T10:30:00+05:30,346.95,347.45,346.1,346.25,60023
2026-02-04T10:45:00+05:30,346.1,346.9,345.55,346.3,25393
2026-02-04T11:00:00+05:30,346.5,347.25,346.2,346.6,79730
2026-02-04T11:15:00+05:30,346.6,346.8,346.05,346.2,20780
2026-02-04T11:30:00+05:30,346.3,346.55,345.5,346.3,45187
2026-02-04T11:45:00+05:30,346.4,348.0,346.2,347.0,42014
2026-02-04T12:00:00+05:30,347.0,347.7,346.6,347.0,24286
2026-02-04T12:15:00+05:30,346.8,347.3,346.55,346.75,13116
2026-02-04T12:30:00+05:30,346.85,347.25,346.5,347.15,9787
2026-02-04T12:45:00+05:30,347.0,347.75,346.2,346.45,20562
2026-02-04T13:00:00+05:30,346.45,347.5,346.45,347.3,21398
2026-02-04T13:15:00+05:30,347.3,349.4,346.95,348.7,256370
2026-02-04T13:30:00+05:30,348.55,349.6,348.55,349.1,43522
2026-02-04T13:45:00+05:30,349.1,349.1,348.35,348.95,15897
2026-02-04T14:00:00+05:30,348.95,349.0,348.45,348.55,16060
2026-02-04T14:15:00+05:30,348.8,349.0,348.3,348.75,13371
2026-02-04T14:30:00+05:30,348.6,348.7,348.0,348.3,21446
2026-02-04T14:45:00+05:30,348.15,348.45,347.5,347.5,23302
2026-02-04T15:00:00+05:30,347.7,349.6,347.7,348.85,127152
2026-02-04T15:15:00+05:30,349.0,349.1,347.0,348.0,133068
2026-02-05T09:15:00+05:30,348.0,348.75,345.35,345.9,265494
2026-02-05T09:30:00+05:30,345.9,347.0,344.6,345.1,42619
2026-02-05T09:45:00+05:30,345.15,346.5,344.95,345.4,33332
2026-02-05T10:00:00+05:30,345.3,345.3,343.4,344.5,43558
2026-02-05T10:15:00+05:30,344.5,345.4,344.35,344.85,12895
2026-02-05T10:30:00+05:30,344.9,345.35,344.45,344.55,14855
2026-02-05T10:45:00+05:30,344.65,345.5,344.2,344.8,15259
2026-02-05T11:00:00+05:30,344.8,344.95,344.0,344.45,18315
2026-02-05T11:15:00+05:30,344.45,344.95,343.8,344.1,26597
2026-02-05T11:30:00+05:30,344.05,344.25,343.0,343.85,22229
2026-02-05T11:45:00+05:30,343.95,343.95,343.1,343.75,10109
2026-02-05T12:00:00+05:30,343.75,343.9,342.35,342.95,22945
2026-02-05T12:15:00+05:30,343.0,343.65,342.15,343.4,16613
2026-02-05T12:30:00+05:30,343.45,344.5,343.25,344.25,12160
2026-02-05T12:45:00+05:30,344.25,346.15,344.1,345.4,46202
2026-02-05T13:00:00+05:30,345.5,346.5,345.0,346.5,31870
2026-02-05T13:15:00+05:30,346.5,346.65,345.5,345.75,16392
2026-02-05T13:30:00+05:30,345.5,346.4,345.45,346.15,13182
2026-02-05T13:45:00+05:30,346.15,346.9,345.8,346.75,21098
2026-02-05T14:00:00+05:30,346.75,346.95,345.3,345.65,12437
2026-02-05T14:15:00+05:30,345.65,345.9,345.4,345.85,9184
2026-02-05T14:30:00+05:30,345.6,346.3,345.45,345.85,17393
2026-02-05T14:45:00+05:30,345.65,346.6,345.4,346.45,18376
2026-02-05T15:00:00+05:30,346.45,346.75,345.6,345.95,28015
2026-02-05T15:15:00+05:30,345.9,346.8,345.45,346.8,75745
2026-02-06T09:15:00+05:30,343.0,347.65,342.6,345.35,70308
2026-02-06T09:30:00+05:30,345.55,345.85,344.05,344.25,47733
2026-02-06T09:45:00+05:30,344.25,345.0,344.1,344.5,34866
2026-02-06T10:00:00+05:30,344.5,344.5,342.8,342.85,41813
2026-02-06T10:15:00+05:30,342.85,343.7,342.35,342.65,61415
2026-02-06T10:30:00+05:30,342.65,343.1,341.75,341.95,21610
2026-02-06T10:45:00+05:30,341.95,341.95,340.7,341.3,25372
2026-02-06T11:00:00+05:30,341.3,342.0,341.0,341.7,20904
2026-02-06T11:15:00+05:30,341.7,342.75,341.2,342.1,25472
2026-02-06T11:30:00+05:30,341.9,343.0,341.0,342.25,21406
2026-02-06T11:45:00+05:30,342.05,343.25,341.8,342.6,27449
2026-02-06T12:00:00+05:30,342.7,343.2,342.0,342.35,11450
2026-02-06T12:15:00+05:30,342.15,342.4,341.15,341.7,21444
2026-02-06T12:30:00+05:30,341.85,344.35,341.5,343.85,54419
2026-02-06T12:45:00+05:30,343.85,344.45,343.1,344.0,27040
2026-02-06T13:00:00+05:30,344.0,344.15,343.25,343.95,35158
2026-02-06T13:15:00+05:30,343.95,344.85,343.8,344.8,23344
2026-02-06T13:30:00+05:30,344.7,344.85,343.9,344.3,15508
2026-02-06T13:45:00+05:30,344.3,345.4,344.0,344.75,37260
2026-02-06T14:00:00+05:30,344.9,345.2,344.4,344.7,25298
2026-02-06T14:15:00+05:30,344.65,344.95,344.3,344.5,27049
2026-02-06T14:30:00+05:30,344.5,345.3,344.3,345.25,16059
2026-02-06T14:45:00+05:30,345.05,345.85,344.9,345.65,25985
2026-02-06T15:00:00+05:30,345.75,346.8,345.75,346.6,97244
2026-02-06T15:15:00+05:30,346.6,347.1,345.0,345.0,167226
2026-02-09T09:15:00+05:30,346.3,349.25,344.25,348.85,108900
2026-02-09T09:30:00+05:30,348.85,352.45,348.3,352.0,150404
2026-02-09T09:45:00+05:30,352.1,352.5,351.4,351.65,50478
2026-02-09T10:00:00+05:30,351.65,353.2,351.4,351.55,159672
2026-02-09T10:15:00+05:30,351.65,352.7,351.25,351.4,84970
2026-02-09T10:30:00+05:30,351.4,352.25,350.25,351.35,198800
2026-02-09T10:45:00+05:30,351.2,351.75,349.9,350.55,67858
2026-02-09T11:00:00+05:30,350.55,351.9,350.25,351.05,42572
2026-02-09T11:15:00+05:30,351.05,351.95,350.75,350.8,31758
2026-02-09T11:30:00+05:30,350.8,351.95,350.7,351.75,36439
2026-02-09T11:45:00+05:30,351.75,351.95,351.1,351.75,35562
2026-02-09T12:00:00+05:30,351.75,352.0,351.0,351.7,33873
2026-02-09T12:15:00+05:30,351.7,351.85,350.8,351.2,41788
2026-02-09T12:30:00+05:30,351.25,352.0,350.95,351.25,37856
2026-02-09T12:45:00+05:30,351.2,351.55,350.4,350.85,33584
2026-02-09T13:00:00+05:30,350.9,351.45,350.65,351.3,31185
2026-02-09T13:15:00+05:30,351.3,352.0,351.15,351.7,36797
2026-02-09T13:30:00+05:30,351.7,351.9,351.2,351.65,33602
2026-02-09T13:45:00+05:30,351.65,352.5,351.55,352.15,79428
2026-02-09T14:00:00+05:30,352.05,352.25,351.8,352.25,48678
2026-02-09T14:15:00+05:30,352.2,352.3,350.85,351.35,70421
2026-02-09T14:30:00+05:30,351.35,351.4,350.8,351.0,26879
2026-02-09T14:45:00+05:30,351.0,351.6,350.9,351.6,40356
2026-02-09T15:00:00+05:30,351.5,352.15,350.65,351.1,162497
2026-02-09T15:15:00+05:30,351.05,351.5,350.25,351.15,156239
2026-02-10T09:15:00+05:30,351.15,353.35,350.3,352.25,88235
2026-02-10T09:30:00+05:30,352.15,352.75,351.15,351.7,48064
2026-02-10T09:45:00+05:30,351.7,352.25,351.15,351.4,37098
2026-02-10T10:00:00+05:30,351.45,352.0,350.6,350.9,72119
2026-02-10T10:15:00+05:30,351.2,351.5,350.8,351.25,22756
2026-02-10T10:30:00+05:30,351.25,352.25,351.05,352.0,57867
2026-02-10T10:45:00+05:30,352.0,353.95,351.6,353.05,123493
2026-02-10T11:00:00+05:30,353.05,354.0,352.5,353.9,72491
2026-02-10T11:15:00+05:30,353.65,353.9,352.2,352.9,37498
2026-02-10T11:30:00+05:30,352.7,352.9,351.55,352.5,17364
2026-02-10T11:45:00+05:30,352.3,353.95,351.8,353.65,48527
2026-02-10T12:00:00+05:30,353.6,355.25,353.6,354.75,546246
2026-02-10T12:15:00+05:30,354.65,355.4,354.65,355.05,37636
2026-02-10T12:30:00+05:30,355.05,355.45,353.85,354.95,38605
2026-02-10T12:45:00+05:30,354.65,356.2,354.4,356.0,101382
2026-02-10T13:00:00+05:30,356.0,356.8,355.75,356.0,87578
2026-02-10T13:15:00+05:30,355.95,356.5,355.65,356.4,66948
2026-02-10T13:30:00+05:30,356.25,357.0,355.5,356.2,109042
2026-02-10T13:45:00+05:30,356.0,356.85,355.6,355.9,54893
2026-02-10T14:00:00+05:30,355.7,357.85,355.55,357.55,99078
2026-02-10T14:15:00+05:30,357.3,358.25,356.9,357.0,107464
2026-02-10T14:30:00+05:30,357.0,357.2,355.5,355.9,36368
2026-02-10T14:45:00+05:30,355.85,356.5,354.8,355.25,68321
2026-02-10T15:00:00+05:30,355.35,355.45,354.4,354.9,85956
2026-02-10T15:15:00+05:30,354.85,356.0,354.25,355.05,171757
2026-02-11T09:15:00+05:30,355.0,356.8,354.05,354.85,105508
2026-02-11T09:30:00+05:30,354.85,356.2,353.6,354.35,618062
2026-02-11T09:45:00+05:30,354.3,355.2,353.6,354.5,72720
2026-02-11T10:00:00+05:30,354.5,355.25,353.65,354.7,54128
2026-02-11T10:15:00+05:30,354.7,355.25,354.25,354.35,53466
2026-02-11T10:30:00+05:30,354.45,357.75,354.2,355.8,1170309
2026-02-11T10:45:00+05:30,355.55,356.75,355.0,355.75,689173
2026-02-11T11:00:00+05:30,355.75,356.4,355.4,356.05,232378
2026-02-11T11:15:00+05:30,356.05,358.5,356.0,358.05,84779
2026-02-11T11:30:00+05:30,358.15,358.75,357.6,357.85,44682
2026-02-11T11:45:00+05:30,358.1,358.4,357.8,357.95,25602
2026-02-11T12:00:00+05:30,357.95,358.9,357.65,358.65,38042
2026-02-11T12:15:00+05:30,358.65,358.8,357.85,358.35,29229
2026-02-11T12:30:00+05:30,358.35,358.75,357.6,357.9,23657
2026-02-11T12:45:00+05:30,357.9,358.5,357.45,358.5,23736
2026-02-11T13:00:00+05:30,358.4,358.4,357.5,358.2,20646
2026-02-11T13:15:00+05:30,358.2,358.9,357.8,358.85,45574
2026-02-11T13:30:00+05:30,358.85,358.9,357.8,358.0,14195
2026-02-11T13:45:00+05:30,358.1,358.2,357.65,357.95,8640
2026-02-11T14:00:00+05:30,357.85,358.05,357.65,357.95,21670
2026-02-11T14:15:00+05:30,357.9,358.2,357.5,357.65,49331
2026-02-11T14:30:00+05:30,357.65,358.5,357.55,357.95,46327
2026-02-11T14:45:00+05:30,357.95,357.95,357.0,357.9,25427
2026-02-11T15:00:00+05:30,357.9,358.0,357.15,357.55,59116
2026-02-11T15:15:00+05:30,357.65,358.0,357.0,357.5,148325
2026-02-12T09:15:00+05:30,355.85,358.45,355.6,356.65,125106
2026-02-12T09:30:00+05:30,356.25,357.5,355.3,356.25,104677
2026-02-12T09:45:00+05:30,356.25,358.0,356.2,357.4,70162
2026-02-12T10:00:00+05:30,357.1,357.7,356.25,357.0,29479
2026-02-12T10:15:00+05:30,357.0,357.15,356.05,356.35,27845
2026-02-12T10:30:00+05:30,356.35,357.0,355.7,356.5,49165
2026-02-12T10:45:00+05:30,356.45,356.45,354.8,355.0,34204
2026-02-12T11:00:00+05:30,354.9,355.0,351.5,351.65,80922
2026-02-12T11:15:00+05:30,351.75,352.0,351.0,351.4,172500
2026-02-12T11:30:00+05:30,351.4,353.55,351.25,353.15,98681
2026-02-12T11:45:00+05:30,353.15,356.45,353.15,355.25,71479
2026-02-12T12:00:00+05:30,355.25,356.8,355.25,356.35,255326
2026-02-12T12:15:00+05:30,356.15,356.8,355.65,356.1,47131
2026-02-12T12:30:00+05:30,356.1,358.25,356.0,358.0,106094
2026-02-12T12:45:00+05:30,358.0,358.55,357.2,357.4,68302
2026-02-12T13:00:00+05:30,357.4,357.7,356.7,357.25,35041
2026-02-12T13:15:00+05:30,357.25,357.7,356.35,356.95,29592
2026-02-12T13:30:00+05:30,356.95,357.0,356.05,356.2,24431
2026-02-12T13:45:00+05:30,356.2,356.4,355.45,355.75,42684
2026-02-12T14:00:00+05:30,355.8,356.95,355.55,356.5,90279
2026-02-12T14:15:00+05:30,356.5,356.95,355.8,356.5,100819
2026-02-12T14:30:00+05:30,356.45,357.25,355.9,356.75,105518
2026-02-12T14:45:00+05:30,356.75,357.25,355.9,356.5,92106
2026-02-12T15:00:00+05:30,356.5,357.3,356.0,356.45,131691
2026-02-12T15:15:00+05:30,356.45,358.2,356.0,357.0,373536
2026-02-13T09:15:00+05:30,355.9,357.0,351.2,352.5,208317
2026-02-13T09:30:00+05:30,352.5,352.7,350.1,352.45,57421
2026-02-13T09:45:00+05:30,352.4,353.95,352.0,353.95,36277
2026-02-13T10:00:00+05:30,353.95,354.0,353.0,353.5,43375
2026-02-13T10:15:00+05:30,353.5,356.0,352.0,355.5,152085
2026-02-13T10:30:00+05:30,355.5,356.45,355.0,356.0,49163
2026-02-13T10:45:00+05:30,355.9,355.9,355.0,355.5,27793
2026-02-13T11:00:00+05:30,355.5,355.5,354.4,355.0,20923
2026-02-13T11:15:00+05:30,355.0,355.45,354.2,355.45,40737
2026-02-13T11:30:00+05:30,355.25,355.45,354.4,355.4,66229
2026-02-13T11:45:00+05:30,355.4,355.4,354.85,355.25,29593
2026-02-13T12:00:00+05:30,355.2,355.3,355.0,355.25,16872
2026-02-13T12:15:00+05:30,355.15,355.2,354.2,355.0,45331
2026-02-13T12:30:00+05:30,355.0,355.15,354.3,354.95,43550
2026-02-13T12:45:00+05:30,354.95,355.0,354.45,354.65,25231
2026-02-13T13:00:00+05:30,354.65,354.75,354.3,354.75,31543
2026-02-13T13:15:00+05:30,354.75,355.65,354.45,355.25,80619
2026-02-13T13:30:00+05:30,355.25,355.25,354.0,354.2,21095
2026-02-13T13:45:00+05:30,354.2,354.4,353.15,354.2,39747
2026-02-13T14:00:00+05:30,354.35,354.5,353.6,354.0,26045
2026-02-13T14:15:00+05:30,354.0,354.3,353.65,354.0,33517
2026-02-13T14:30:00+05:30,354.0,354.25,353.55,353.9,39916
2026-02-13T14:45:00+05:30,353.9,354.0,353.5,354.0,23875
2026-02-13T15:00:00+05:30,354.0,354.05,353.15,353.7,105206
2026-02-13T15:15:00+05:30,353.6,354.5,352.0,352.5,135613
2026-02-16T09:15:00+05:30,351.9,352.5,347.6,348.95,98779
2026-02-16T09:30:00+05:30,349.0,352.7,348.75,350.65,39386
2026-02-16T09:45:00+05:30,350.6,352.0,350.25,351.65,24740
2026-02-16T10:00:00+05:30,352.0,352.4,351.65,352.15,13891
2026-02-16T10:15:00+05:30,352.1,352.5,351.75,352.2,15128
2026-02-16T10:30:00+05:30,352.35,352.9,351.8,352.65,28706
2026-02-16T10:45:00+05:30,352.85,352.9,352.1,352.3,10316
2026-02-16T11:00:00+05:30,352.3,352.7,352.15,352.5,14455
2026-02-16T11:15:00+05:30,352.7,353.3,352.3,353.2,25773
2026-02-16T11:30:00+05:30,353.0,353.2,352.3,352.9,15218
2026-02-16T11:45:00+05:30,352.9,352.9,352.3,352.8,11771
2026-02-16T12:00:00+05:30,352.8,353.7,352.25,353.65,96111
2026-02-16T12:15:00+05:30,353.65,354.75,353.3,353.7,384916
2026-02-16T12:30:00+05:30,353.9,355.15,353.65,355.0,46344
2026-02-16T12:45:00+05:30,355.0,355.2,354.5,354.7,11646
2026-02-16T13:00:00+05:30,354.7,355.15,354.45,355.05,26838
2026-02-16T13:15:00+05:30,355.0,355.1,354.35,354.95,15295
2026-02-16T13:30:00+05:30,354.95,355.1,354.3,354.9,23400
2026-02-16T13:45:00+05:30,354.9,355.1,354.55,354.8,24435
2026-02-16T14:00:00+05:30,354.85,355.0,354.25,354.8,19796
2026-02-16T14:15:00+05:30,354.75,354.95,354.5,354.75,18015
2026-02-16T14:30:00+05:30,354.85,355.5,354.85,355.35,20481
2026-02-16T14:45:00+05:30,355.2,355.55,354.75,355.3,522805
2026-02-16T15:00:00+05:30,355.3,357.4,355.3,357.15,120661
2026-02-16T15:15:00+05:30,357.2,357.25,356.0,357.0,209672
2026-02-17T09:15:00+05:30,356.7,358.0,354.5,355.6,48582
2026-02-17T09:30:00+05:30,355.65,357.0,355.4,356.2,24216
2026-02-17T09:45:00+05:30,356.1,357.45,356.0,356.2,27102
2026-02-17T10:00:00+05:30,356.4,356.85,355.8,356.6,13443
2026-02-17T10:15:00+05:30,356.55,357.0,356.0,356.35,22960
2026-02-17T10:30:00+05:30,356.35,357.45,355.95,356.75,71004
2026-02-17T10:45:00+05:30,356.95,357.15,355.95,356.9,41167
2026-02-17T11:00:00+05:30,356.75,357.1,356.0,356.8,55569
2026-02-17T11:15:00+05:30,356.9,357.0,356.4,356.9,19224
2026-02-17T11:30:00+05:30,356.85,357.1,356.25,356.6,32630
2026-02-17T11:45:00+05:30,356.5,356.75,356.0,356.65,96487
2026-02-17T12:00:00+05:30,356.55,357.5,356.15,357.0,328791
2026-02-17T12:15:00+05:30,357.0,357.2,356.55,356.75,13343
2026-02-17T12:30:00+05:30,356.7,356.85,356.25,356.5,26388
2026-02-17T12:45:00+05:30,356.45,357.1,354.35,356.3,286467
2026-02-17T13:00:00+05:30,356.35,357.15,355.05,355.35,115689
2026-02-17T13:15:00+05:30,355.35,355.75,354.35,355.0,22567
2026-02-17T13:30:00+05:30,354.85,355.25,354.25,354.55,37188
2026-02-17T13:45:00+05:30,354.55,355.75,354.1,354.75,86305
2026-02-17T14:00:00+05:30,354.75,355.9,353.9,355.7,59741
2026-02-17T14:15:00+05:30,355.55,355.7,354.15,354.25,42284
2026-02-17T14:30:00+05:30,354.25,355.5,353.85,355.05,40430
2026-02-17T14:45:00+05:30,355.0,356.2,354.9,356.0,44251
2026-02-17T15:00:00+05:30,356.0,356.35,355.0,355.15,50124
2026-02-17T15:15:00+05:30,355.15,355.4,354.5,355.0,78009
2026-02-18T09:15:00+05:30,352.35,357.45,352.35,356.8,42549
2026-02-18T09:30:00+05:30,356.95,357.0,356.0,356.6,29309
2026-02-18T09:45:00+05:30,356.4,356.7,355.5,356.0,17703
2026-02-18T10:00:00+05:30,356.0,356.0,355.3,355.7,15128
2026-02-18T10:15:00+05:30,355.9,355.9,355.05,355.45,13354
2026-02-18T10:30:00+05:30,355.4,356.85,355.1,356.55,24300
2026-02-18T10:45:00+05:30,356.55,357.6,356.2,357.15,26528
2026-02-18T11:00:00+05:30,357.0,357.75,356.85,357.05,18248
2026-02-18T11:15:00+05:30,357.0,357.1,355.55,356.3,20754
2026-02-18T11:30:00+05:30,356.15,356.5,355.95,356.3,9418
2026-02-18T11:45:00+05:30,356.3,356.45,355.0,356.2,25030
2026-02-18T12:00:00+05:30,356.0,356.25,355.1,356.0,21770
2026-02-18T12:15:00+05:30,355.95,356.15,355.7,356.0,5511
2026-02-18T12:30:00+05:30,356.0,356.2,355.9,356.0,11426
2026-02-18T12:45:00+05:30,356.0,356.05,355.6,355.7,14011
2026-02-18T13:00:00+05:30,355.7,355.95,353.6,353.75,31936
2026-02-18T13:15:00+05:30,353.8,354.9,353.7,354.2,15058
2026-02-18T13:30:00+05:30,354.2,355.3,354.2,355.0,16313
2026-02-18T13:45:00+05:30,355.0,355.7,354.65,355.3,17938
2026-02-18T14:00:00+05:30,355.15,355.9,354.3,355.0,152519
2026-02-18T14:15:00+05:30,355.0,355.8,354.95,355.2,27044
2026-02-18T14:30:00+05:30,355.2,355.4,354.95,355.25,13538
2026-02-18T14:45:00+05:30,355.3,356.0,354.95,355.9,43772
2026-02-18T15:00:00+05:30,355.75,355.9,355.0,355.2,27782
2026-02-18T15:15:00+05:30,355.25,356.1,355.2,356.0,62051
2026-02-19T09:15:00+05:30,355.5,357.5,354.4,354.4,36260
2026-02-19T09:30:00+05:30,354.5,354.7,353.5,353.55,30542
2026-02-19T09:45:00+05:30,353.75,354.9,353.05,353.3,23305
2026-02-19T10:00:00+05:30,353.4,354.5,352.65,353.9,36614
2026-02-19T10:15:00+05:30,354.1,354.1,353.0,353.0,26319
2026-02-19T10:30:00+05:30,353.0,353.05,351.45,352.25,27626
2026-02-19T10:45:00+05:30,352.3,352.4,351.4,352.0,17723
2026-02-19T11:00:00+05:30,352.0,353.1,351.5,352.1,20153
2026-02-19T11:15:00+05:30,352.05,353.3,351.9,353.2,18638
2026-02-19T11:30:00+05:30,352.95,353.3,352.15,352.55,15870
2026-02-19T11:45:00+05:30,352.35,353.1,352.05,352.55,21697
2026-02-19T12:00:00+05:30,352.8,352.8,352.0,352.0,21823
2026-02-19T12:15:00+05:30,352.0,352.1,351.25,351.25,36301
2026-02-19T12:30:00+05:30,351.25,351.45,349.6,349.9,44209
2026-02-19T12:45:00+05:30,349.9,350.45,349.25,350.15,16674
2026-02-19T13:00:00+05:30,350.15,350.5,349.8,350.3,16931
2026-02-19T13:15:00+05:30,350.3,350.5,349.7,350.1,18539
2026-02-19T13:30:00+05:30,350.1,350.45,349.45,350.15,21911
2026-02-19T13:45:00+05:30,350.15,350.3,349.1,349.15,19421
2026-02-19T14:00:00+05:30,349.15,349.45,347.25,348.45,102338
2026-02-19T14:15:00+05:30,348.45,349.7,348.1,349.0,25507
2026-02-19T14:30:00+05:30,349.1,349.5,348.5,348.5,19475
2026-02-19T14:45:00+05:30,348.5,349.4,348.0,348.9,43684
2026-02-19T15:00:00+05:30,348.9,349.3,347.85,348.1,75516
2026-02-19T15:15:00+05:30,348.25,349.85,347.0,349.0,129918
2026-02-20T09:15:00+05:30,348.0,348.8,345.65,346.25,62357
2026-02-20T09:30:00+05:30,346.25,348.7,346.05,347.5,36300
2026-02-20T09:45:00+05:30,347.5,348.55,347.3,347.7,18598
2026-02-20T10:00:00+05:30,347.65,348.2,347.55,347.65,19387
2026-02-20T10:15:00+05:30,347.65,348.75,347.5,348.55,16809
2026-02-20T10:30:00+05:30,348.55,349.4,348.15,348.65,26379
2026-02-20T10:45:00+05:30,348.65,349.3,348.25,348.4,21191
2026-02-20T11:00:00+05:30,348.45,348.7,347.45,347.75,15416
2026-02-20T11:15:00+05:30,347.85,348.2,347.05,347.25,16222
2026-02-20T11:30:00+05:30,347.15,347.65,346.85,347.1,22756
2026-02-20T11:45:00+05:30,347.0,347.6,346.55,346.6,19446
2026-02-20T12:00:00+05:30,346.6,347.1,346.4,346.85,12174
2026-02-20T12:15:00+05:30,346.95,346.95,345.75,345.95,121562
2026-02-20T12:30:00+05:30,345.95,348.35,345.8,346.55,123372
2026-02-20T12:45:00+05:30,346.4,346.6,345.65,346.1,75572
2026-02-20T13:00:00+05:30,346.2,346.4,345.3,345.4,16205
2026-02-20T13:15:00+05:30,345.55,345.65,344.8,345.1,41116
2026-02-20T13:30:00+05:30,345.2,346.5,345.05,345.75,21927
2026-02-20T13:45:00+05:30,345.75,346.0,345.55,345.85,8232
2026-02-20T14:00:00+05:30,345.85,346.3,345.55,346.0,20156
2026-02-20T14:15:00+05:30,346.05,346.3,345.5,345.95,10455
2026-02-20T14:30:00+05:30,345.95,346.3,344.95,345.3,88539
2026-02-20T14:45:00+05:30,345.3,345.9,345.3,345.7,14456
2026-02-20T15:00:00+05:30,345.75,346.15,344.85,345.1,46993
2026-02-20T15:15:00+05:30,345.0,345.25,344.15,344.8,63623
2026-02-23T09:15:00+05:30,345.0,346.9,342.4,343.4,63320
2026-02-23T09:30:00+05:30,343.35,344.2,342.9,342.9,43735
2026-02-23T09:45:00+05:30,343.0,343.15,342.25,342.65,34109
2026-02-23T10:00:00+05:30,342.65,343.0,342.4,342.6,13735
2026-02-23T10:15:00+05:30,342.5,343.15,342.5,342.7,11811
2026-02-23T10:30:00+05:30,342.7,342.85,341.25,341.4,45732
2026-02-23T10:45:00+05:30,341.35,341.65,340.4,340.65,55836
2026-02-23T11:00:00+05:30,340.65,341.85,340.65,341.55,19596
2026-02-23T11:15:00+05:30,341.5,341.75,340.8,340.9,22221
2026-02-23T11:30:00+05:30,341.0,341.05,339.5,340.2,46884
2026-02-23T11:45:00+05:30,340.0,340.95,339.75,340.8,11118
2026-02-23T12:00:00+05:30,340.75,340.85,340.0,340.0,19585
2026-02-23T12:15:00+05:30,340.0,340.65,340.0,340.1,6831
2026-02-23T12:30:00+05:30,340.1,340.6,339.65,340.25,14464
2026-02-23T12:45:00+05:30,340.05,341.2,339.9,340.2,15072
2026-02-23T13:00:00+05:30,340.1,340.6,340.0,340.0,7729
2026-02-23T13:15:00+05:30,340.0,340.15,339.4,339.4,18982
2026-02-23T13:30:00+05:30,339.65,339.95,339.1,339.1,21816
2026-02-23T13:45:00+05:30,339.1,339.45,338.6,338.85,22171
2026-02-23T14:00:00+05:30,338.85,339.05,338.05,338.5,38271
2026-02-23T14:15:00+05:30,338.35,338.8,338.1,338.4,20300
2026-02-23T14:30:00+05:30,338.3,339.0,338.3,338.3,35022
2026-02-23T14:45:00+05:30,338.35,338.95,338.2,338.55,21278
2026-02-23T15:00:00+05:30,338.6,339.45,338.5,338.6,55522
2026-02-23T15:15:00+05:30,338.75,340.65,338.5,339.0,162950
2026-02-24T09:15:00+05:30,338.2,339.85,335.8,335.8,80211
2026-02-24T09:30:00+05:30,335.8,337.4,334.55,337.4,74274
2026-02-24T09:45:00+05:30,337.2,339.25,336.85,338.55,44044
2026-02-24T10:00:00+05:30,338.75,339.0,337.45,337.65,28575
2026-02-24T10:15:00+05:30,337.7,338.95,337.4,338.35,31614
2026-02-24T10:30:00+05:30,338.35,338.55,337.5,338.3,32042
2026-02-24T10:45:00+05:30,338.3,338.45,337.45,337.75,17900
2026-02-24T11:00:00+05:30,337.8,338.0,337.45,337.85,18528
2026-02-24T11:15:00+05:30,337.8,338.1,337.45,337.65,18934
2026-02-24T11:30:00+05:30,337.65,338.0,337.5,337.65,14458
2026-02-24T11:45:00+05:30,337.65,339.2,337.55,338.45,33026
2026-02-24T12:00:00+05:30,338.25,339.4,338.15,338.2,42226
2026-02-24T12:15:00+05:30,338.3,338.7,338.0,338.45,19249
2026-02-24T12:30:00+05:30,338.4,338.75,337.6,338.25,29195
2026-02-24T12:45:00+05:30,338.25,338.25,337.45,337.5,17285
2026-02-24T13:00:00+05:30,337.6,338.25,337.2,337.75,55283
2026-02-24T13:15:00+05:30,337.75,338.1,336.15,337.35,51438
2026-02-24T13:30:00+05:30,337.05,337.4,336.3,336.8,28104
2026-02-24T13:45:00+05:30,336.75,337.9,336.35,337.2,37641
2026-02-24T14:00:00+05:30,337.15,337.85,336.95,337.7,22991
2026-02-24T14:15:00+05:30,337.55,337.9,336.7,337.15,26298
2026-02-24T14:30:00+05:30,337.25,337.9,337.15,337.2,17210
2026-02-24T14:45:00+05:30,337.2,338.4,337.0,337.65,46192
2026-02-24T15:00:00+05:30,337.85,338.2,336.95,337.15,65111
2026-02-24T15:15:00+05:30,337.1,337.9,337.0,337.1,67315
2026-02-25T09:15:00+05:30,337.5,341.4,337.5,340.6,92939
2026-02-25T09:30:00+05:30,340.65,340.8,339.0,339.4,60111
2026-02-25T09:45:00+05:30,339.4,340.45,339.15,340.3,21284
2026-02-25T10:00:00+05:30,340.45,340.5,339.65,339.8,19013
2026-02-25T10:15:00+05:30,339.8,340.2,339.3,339.4,26406
2026-02-25T10:30:00+05:30,339.4,339.55,339.05,339.2,29422
2026-02-25T10:45:00+05:30,339.2,339.75,339.0,339.45,21353
2026-02-25T11:00:00+05:30,339.3,339.55,336.25,336.6,64810
2026-02-25T11:15:00+05:30,336.65,336.85,336.15,336.65,33543
2026-02-25T11:30:00+05:30,336.65,337.35,336.15,336.25,23897
2026-02-25T11:45:00+05:30,336.25,337.55,336.25,336.35,33198
2026-02-25T12:00:00+05:30,336.35,336.85,336.3,336.55,12240
2026-02-25T12:15:00+05:30,336.55,336.9,336.4,336.4,12675
2026-02-25T12:30:00+05:30,336.4,336.65,335.2,335.3,32412
2026-02-25T12:45:00+05:30,335.5,335.6,333.85,334.2,59260
2026-02-25T13:00:00+05:30,334.2,334.3,333.15,333.2,71727
2026-02-25T13:15:00+05:30,333.2,333.6,333.15,333.45,21842
2026-02-25T13:30:00+05:30,333.45,335.3,333.45,335.25,24034
2026-02-25T13:45:00+05:30,335.05,335.45,334.7,335.35,20852
2026-02-25T14:00:00+05:30,335.35,335.4,334.7,334.75,14459
2026-02-25T14:15:00+05:30,334.75,335.45,334.75,335.3,14615
2026-02-25T14:30:00+05:30,335.3,335.4,335.05,335.1,14367
2026-02-25T14:45:00+05:30,335.05,335.25,334.25,334.5,37882
2026-02-25T15:00:00+05:30,334.5,336.4,334.15,334.4,149546
2026-02-25T15:15:00+05:30,334.3,335.25,333.5,334.5,147696
2026-02-26T09:15:00+05:30,334.5,337.0,333.15,335.4,155267
2026-02-26T09:30:00+05:30,335.6,335.75,333.6,334.6,118249
2026-02-26T09:45:00+05:30,334.5,334.8,331.4,331.7,121034
2026-02-26T10:00:00+05:30,331.7,331.9,330.3,330.45,135501
2026-02-26T10:15:00+05:30,330.45,330.5,328.7,329.4,157384
2026-02-26T10:30:00+05:30,329.4,329.5,328.8,329.2,58916
2026-02-26T10:45:00+05:30,329.2,330.85,329.2,329.4,81861
2026-02-26T11:00:00+05:30,329.3,329.9,328.8,329.75,89231
2026-02-26T11:15:00+05:30,329.7,331.5,329.4,330.85,174759
2026-02-26T11:30:00+05:30,330.85,331.45,330.45,330.85,105082
2026-02-26T11:45:00+05:30,330.85,331.0,330.35,330.4,55548
2026-02-26T12:00:00+05:30,330.35,330.95,330.0,330.85,96163
2026-02-26T12:15:00+05:30,330.85,331.35,330.0,330.4,115609
2026-02-26T12:30:00+05:30,330.35,332.3,330.25,332.15,217657
2026-02-26T12:45:00+05:30,332.15,334.15,331.9,333.55,243224
2026-02-26T13:00:00+05:30,333.55,333.75,332.65,332.95,100511
2026-02-26T13:15:00+05:30,332.95,333.95,332.8,333.45,87625
2026-02-26T13:30:00+05:30,333.4,333.95,333.1,333.5,86835
2026-02-26T13:45:00+05:30,333.5,333.6,333.0,333.25,93586
2026-02-26T14:00:00+05:30,333.25,334.2,333.2,334.0,75572
2026-02-26T14:15:00+05:30,334.0,334.2,333.5,333.75,33086
2026-02-26T14:30:00+05:30,333.75,334.25,333.4,334.25,74491
2026-02-26T14:45:00+05:30,334.05,334.5,334.0,334.3,31634
2026-02-26T15:00:00+05:30,334.35,334.95,333.95,334.25,134121
2026-02-26T15:15:00+05:30,334.25,334.3,334.0,334.0,131428
2026-02-27T09:15:00+05:30,334.0,334.0,331.6,332.7,106104
2026-02-27T09:30:00+05:30,332.7,332.95,331.85,332.5,127887
2026-02-27T09:45:00+05:30,332.5,333.3,332.4,333.3,25798
2026-02-27T10:00:00+05:30,333.1,333.5,333.0,333.25,18311
2026-02-27T10:15:00+05:30,333.4,334.5,333.15,334.25,37820
2026-02-27T10:30:00+05:30,334.1,334.85,334.0,334.6,66650
2026-02-27T10:45:00+05:30,334.65,335.0,333.45,333.9,104243
2026-02-27T11:00:00+05:30,333.85,334.45,333.0,333.0,133649
2026-02-27T11:15:00+05:30,333.2,333.6,333.0,333.5,45146
2026-02-27T11:30:00+05:30,333.5,333.6,331.8,332.35,135330
2026-02-27T11:45:00+05:30,332.35,332.65,330.75,331.25,137520
2026-02-27T12:00:00+05:30,331.25,332.75,330.6,332.65,152252
2026-02-27T12:15:00+05:30,332.65,333.0,332.1,332.9,65784
2026-02-27T12:30:00+05:30,332.9,333.45,332.75,333.3,59433
2026-02-27T12:45:00+05:30,333.3,333.8,332.9,333.35,94675
2026-02-27T13:00:00+05:30,333.35,333.7,332.65,333.35,92534
2026-02-27T13:15:00+05:30,333.15,333.6,332.9,333.5,68841
2026-02-27T13:30:00+05:30,333.6,334.35,333.45,333.95,52734
2026-02-27T13:45:00+05:30,334.1,334.4,333.7,334.4,57981
2026-02-27T14:00:00+05:30,334.35,334.75,333.0,333.05,98207
2026-02-27T14:15:00+05:30,333.05,333.75,332.9,333.6,67405
2026-02-27T14:30:00+05:30,333.6,333.9,333.45,333.5,53459
2026-02-27T14:45:00+05:30,333.55,333.75,333.2,333.7,50327
2026-02-27T15:00:00+05:30,333.7,333.8,331.4,333.0,291627
2026-02-27T15:15:00+05:30,333.0,335.6,333.0,335.2,350750
2026-03-02T09:15:00+05:30,320.05,329.05,319.05,328.3,413933
2026-03-02T09:30:00+05:30,328.25,330.95,328.25,330.35,121894
2026-03-02T09:45:00+05:30,330.35,330.6,328.85,330.05,121770
2026-03-02T10:00:00+05:30,330.1,330.55,328.05,329.0,193472
2026-03-02T10:15:00+05:30,328.9,329.35,327.35,327.35,45435
2026-03-02T10:30:00+05:30,327.35,329.5,327.2,328.3,61442
2026-03-02T10:45:00+05:30,328.35,328.75,327.25,328.1,70534
2026-03-02T11:00:00+05:30,328.25,328.5,327.8,328.05,33976
2026-03-02T11:15:00+05:30,328.15,328.3,327.2,327.35,25136
2026-03-02T11:30:00+05:30,327.35,328.35,327.05,328.0,45216
2026-03-02T11:45:00+05:30,328.15,328.5,327.7,328.0,35986
2026-03-02T12:00:00+05:30,328.1,328.35,327.85,328.05,45490
2026-03-02T12:15:00+05:30,328.05,328.5,328.0,328.2,30969
2026-03-02T12:30:00+05:30,328.15,328.3,327.9,328.0,59451
2026-03-02T12:45:00+05:30,328.0,328.35,326.9,327.2,292656
2026-03-02T13:00:00+05:30,327.2,327.85,327.05,327.5,40286
2026-03-02T13:15:00+05:30,327.5,327.75,327.1,327.25,20951
2026-03-02T13:30:00+05:30,327.25,328.0,327.0,327.6,48431
2026-03-02T13:45:00+05:30,327.65,328.45,327.45,328.05,60483
2026-03-02T14:00:00+05:30,328.0,329.0,327.5,328.55,64000
2026-03-02T14:15:00+05:30,328.6,329.45,328.1,328.4,34795
2026-03-02T14:30:00+05:30,328.45,329.35,328.15,328.4,49928
2026-03-02T14:45:00+05:30,328.45,329.15,328.35,328.7,37649
2026-03-02T15:00:00+05:30,328.65,330.0,328.1,328.4,142612
2026-03-02T15:15:00+05:30,328.4,329.0,327.4,328.9,170116
2026-03-04T09:15:00+05:30,325.0,326.0,321.1,322.55,160950
2026-03-04T09:30:00+05:30,322.55,323.75,321.8,323.6,197803
2026-03-04T09:45:00+05:30,323.6,324.45,323.1,323.15,163802
2026-03-04T10:00:00+05:30,323.15,325.25,322.9,325.05,143718
2026-03-04T10:15:00+05:30,325.0,326.45,325.0,325.1,75998
2026-03-04T10:30:00+05:30,325.1,325.35,324.85,325.05,116420
2026-03-04T10:45:00+05:30,325.05,325.15,323.4,323.7,116133
2026-03-04T11:00:00+05:30,323.6,324.05,323.3,323.95,53566
2026-03-04T11:15:00+05:30,323.8,323.95,321.65,321.8,66209
2026-03-04T11:30:00+05:30,321.7,321.9,320.6,320.8,75433
2026-03-04T11:45:00+05:30,320.7,321.65,320.0,320.6,102788
2026-03-04T12:00:00+05:30,320.55,320.85,320.25,320.3,45575
2026-03-04T12:15:00+05:30,320.25,320.65,319.5,320.0,106496
2026-03-04T12:30:00+05:30,320.0,320.45,319.85,320.25,94630
2026-03-04T12:45:00+05:30,320.1,320.45,319.95,320.25,56537
2026-03-04T13:00:00+05:30,320.2,320.85,320.0,320.85,56494
2026-03-04T13:15:00+05:30,320.75,320.85,320.2,320.45,39591
2026-03-04T13:30:00+05:30,320.4,320.55,319.9,320.1,63996
2026-03-04T13:45:00+05:30,320.1,320.2,319.9,320.05,49658
2026-03-04T14:00:00+05:30,320.0,320.75,319.85,320.65,65898
2026-03-04T14:15:00+05:30,320.6,321.15,320.1,320.2,70723
2026-03-04T14:30:00+05:30,320.2,320.45,319.9,320.4,65292
2026-03-04T14:45:00+05:30,320.35,320.95,320.1,320.4,117082
2026-03-04T15:00:00+05:30,320.4,320.45,319.15,319.15,129457
2026-03-04T15:15:00+05:30,319.15,320.0,319.05,319.25,139871
2026-03-05T09:15:00+05:30,320.5,323.95,320.5,323.75,93431
2026-03-05T09:30:00+05:30,323.8,323.95,322.9,323.5,43429
2026-03-05T09:45:00+05:30,323.55,324.9,323.3,324.35,71264
2026-03-05T10:00:00+05:30,324.35,327.3,323.95,327.0,138431
2026-03-05T10:15:00+05:30,327.05,329.55,327.0,328.35,169728
2026-03-05T10:30:00+05:30,328.4,328.95,324.5,324.65,152062
2026-03-05T10:45:00+05:30,324.7,324.7,323.2,324.45,40301
2026-03-05T11:00:00+05:30,324.55,324.95,323.4,323.45,49119
2026-03-05T11:15:00+05:30,323.5,324.0,323.1,323.15,42530
2026-03-05T11:30:00+05:30,323.15,323.25,322.3,322.35,35266
2026-03-05T11:45:00+05:30,322.35,322.4,321.75,321.8,30017
2026-03-05T12:00:00+05:30,321.75,323.0,321.75,322.75,32221
2026-03-05T12:15:00+05:30,322.75,323.05,321.85,321.95,40960
2026-03-05T12:30:00+05:30,321.95,322.25,321.5,321.55,42231
2026-03-05T12:45:00+05:30,321.55,321.95,321.2,321.45,48123
2026-03-05T13:00:00+05:30,321.5,322.25,321.45,321.75,37185
2026-03-05T13:15:00+05:30,321.7,322.1,321.7,321.9,33741
2026-03-05T13:30:00+05:30,321.95,322.0,320.75,321.45,62788
2026-03-05T13:45:00+05:30,321.5,321.75,319.0,319.45,102728
2026-03-05T14:00:00+05:30,319.4,319.95,319.1,319.4,38880
2026-03-05T14:15:00+05:30,319.35,320.4,319.3,320.2,33521
2026-03-05T14:30:00+05:30,320.2,321.5,319.7,321.25,43608
2026-03-05T14:45:00+05:30,321.25,322.1,321.25,322.0,44480
2026-03-05T15:00:00+05:30,321.85,322.05,321.2,321.65,78233
2026-03-05T15:15:00+05:30,321.6,322.9,321.0,322.7,213218
2026-03-06T09:15:00+05:30,322.35,324.0,321.65,323.9,55627
2026-03-06T09:30:00+05:30,323.9,324.0,322.4,323.25,38822
2026-03-06T09:45:00+05:30,323.1,323.35,322.0,322.3,29106
2026-03-06T10:00:00+05:30,322.3,322.75,321.45,322.2,41623
2026-03-06T10:15:00+05:30,322.2,323.0,322.1,322.15,23752
2026-03-06T10:30:00+05:30,322.1,322.35,321.75,321.85,37275
2026-03-06T10:45:00+05:30,321.75,322.4,321.1,321.15,40841
2026-03-06T11:00:00+05:30,321.2,321.7,321.15,321.45,13158
2026-03-06T11:15:00+05:30,321.4,322.95,321.4,322.6,276711
2026-03-06T11:30:00+05:30,322.3,322.75,321.9,321.95,17621
2026-03-06T11:45:00+05:30,322.0,322.4,321.75,322.05,17410
2026-03-06T12:00:00+05:30,322.1,322.3,321.55,321.6,12160
2026-03-06T12:15:00+05:30,321.6,321.85,320.45,320.8,95800
2026-03-06T12:30:00+05:30,320.8,321.2,320.55,321.0,25735
2026-03-06T12:45:00+05:30,321.0,322.05,321.0,321.9,32070
2026-03-06T13:00:00+05:30,321.85,321.85,321.35,321.4,11537
2026-03-06T13:15:00+05:30,321.4,321.8,321.4,321.6,10431
2026-03-06T13:30:00+05:30,321.55,321.7,321.25,321.25,11766
2026-03-06T13:45:00+05:30,321.35,321.75,321.1,321.15,14491
2026-03-06T14:00:00+05:30,321.2,321.65,321.15,321.4,13752
2026-03-06T14:15:00+05:30,321.45,321.85,321.3,321.45,16837
2026-03-06T14:30:00+05:30,321.5,321.6,320.15,320.15,87761
2026-03-06T14:45:00+05:30,320.15,321.45,318.75,319.05,174691
2026-03-06T15:00:00+05:30,319.0,319.6,318.05,318.1,134108
2026-03-06T15:15:00+05:30,318.1,319.0,317.2,318.75,132293
2026-03-09T09:15:00+05:30,313.5,314.9,310.3,313.4,236339
2026-03-09T09:30:00+05:30,313.4,314.85,311.65,312.35,103910
2026-03-09T09:45:00+05:30,312.3,313.0,311.2,311.95,61245
2026-03-09T10:00:00+05:30,312.0,312.45,311.4,312.3,44420
2026-03-09T10:15:00+05:30,312.25,315.0,310.75,311.65,121268
2026-03-09T10:30:00+05:30,311.6,311.7,310.3,310.65,59671
2026-03-09T10:45:00+05:30,310.6,311.75,309.0,311.05,102107
2026-03-09T11:00:00+05:30,311.05,311.95,310.5,310.75,52029
2026-03-09T11:15:00+05:30,310.75,311.45,310.25,311.3,36038
2026-03-09T11:30:00+05:30,311.3,311.35,310.25,310.85,49672
2026-03-09T11:45:00+05:30,310.9,311.05,309.6,309.75,43617
2026-03-09T12:00:00+05:30,309.8,310.7,309.5,310.4,345483
2026-03-09T12:15:00+05:30,310.4,311.5,310.15,310.85,42391
2026-03-09T12:30:00+05:30,310.85,311.1,310.0,310.9,47986
2026-03-09T12:45:00+05:30,310.8,310.9,310.2,310.7,33840
2026-03-09T13:00:00+05:30,310.75,310.75,310.15,310.4,25423
2026-03-09T13:15:00+05:30,310.3,310.55,310.1,310.15,19445
2026-03-09T13:30:00+05:30,310.15,311.0,310.0,310.5,128477
2026-03-09T13:45:00+05:30,310.45,311.25,310.05,310.5,31409
2026-03-09T14:00:00+05:30,310.55,310.7,310.1,310.1,32703
2026-03-09T14:15:00+05:30,310.1,311.0,309.8,310.35,45936
2026-03-09T14:30:00+05:30,310.3,310.4,310.1,310.2,18132
2026-03-09T14:45:00+05:30,310.25,311.0,310.05,310.2,56288
2026-03-09T15:00:00+05:30,310.25,311.55,310.1,311.1,189067
2026-03-09T15:15:00+05:30,311.2,312.0,311.0,311.6,144339
2026-03-10T09:15:00+05:30,314.0,318.1,314.0,316.4,118236
2026-03-10T09:30:00+05:30,316.6,316.9,315.4,315.9,97211
2026-03-10T09:45:00+05:30,315.9,317.2,315.5,316.05,42441
2026-03-10T10:00:00+05:30,316.05,316.9,315.65,316.85,23818
2026-03-10T10:15:00+05:30,316.85,318.35,316.25,317.6,62184
2026-03-10T10:30:00+05:30,317.6,319.8,317.25,319.0,68056
2026-03-10T10:45:00+05:30,319.15,321.0,318.8,320.85,137697
2026-03-10T11:00:00+05:30,320.85,323.0,320.1,322.45,111995
2026-03-10T11:15:00+05:30,322.4,322.75,322.05,322.3,48146
2026-03-10T11:30:00+05:30,322.25,323.75,322.2,323.25,64785
2026-03-10T11:45:00+05:30,323.25,323.25,322.2,323.1,38257
2026-03-10T12:00:00+05:30,323.05,323.4,322.8,322.95,28522
2026-03-10T12:15:00+05:30,323.0,323.05,322.4,322.95,25404
2026-03-10T12:30:00+05:30,322.95,323.45,322.35,322.55,50512
2026-03-10T12:45:00+05:30,322.55,322.65,321.95,322.3,44922
2026-03-10T13:00:00+05:30,322.3,322.3,321.3,321.8,33516
2026-03-10T13:15:00+05:30,321.8,322.25,320.0,320.2,56789
2026-03-10T13:30:00+05:30,320.2,321.4,319.1,320.35,436843
2026-03-10T13:45:00+05:30,320.35,321.0,320.2,320.7,47195
2026-03-10T14:00:00+05:30,320.7,322.4,320.4,322.05,41485
2026-03-10T14:15:00+05:30,322.05,322.3,321.4,321.7,32844
2026-03-10T14:30:00+05:30,321.7,321.75,321.2,321.35,25746
2026-03-10T14:45:00+05:30,321.35,321.65,320.95,321.5,22202
2026-03-10T15:00:00+05:30,321.5,322.15,320.4,321.85,171000
2026-03-10T15:15:00+05:30,321.85,322.95,321.7,322.85,146944
2026-03-11T09:15:00+05:30,322.35,322.35,318.0,319.2,117042
2026-03-11T09:30:00+05:30,319.2,320.9,318.55,319.75,1112956
2026-03-11T09:45:00+05:30,319.75,320.35,318.3,318.4,109782
2026-03-11T10:00:00+05:30,318.4,320.1,318.35,319.7,44701
2026-03-11T10:15:00+05:30,319.65,319.75,319.3,319.5,20739
2026-03-11T10:30:00+05:30,319.45,320.6,319.45,320.1,41575
2026-03-11T10:45:00+05:30,320.1,320.35,319.5,319.9,34771
2026-03-11T11:00:00+05:30,319.85,320.4,319.7,320.0,45050
2026-03-11T11:15:00+05:30,320.05,320.05,318.85,319.55,40997
2026-03-11T11:30:00+05:30,319.65,319.8,319.2,319.55,26383
2026-03-11T11:45:00+05:30,319.5,319.75,318.45,318.5,111573
2026-03-11T12:00:00+05:30,318.55,319.25,318.35,319.2,42814
2026-03-11T12:15:00+05:30,319.25,319.7,319.15,319.65,27826
2026-03-11T12:30:00+05:30,319.65,319.8,319.0,319.7,43859
2026-03-11T12:45:00+05:30,319.7,320.0,319.3,319.6,48277
2026-03-11T13:00:00+05:30,319.65,319.75,319.2,319.5,29755
2026-03-11T13:15:00+05:30,319.5,319.8,319.15,319.7,33798
2026-03-11T13:30:00+05:30,319.7,319.8,319.25,319.75,19268
2026-03-11T13:45:00+05:30,319.6,319.8,319.5,319.7,20853
2026-03-11T14:00:00+05:30,319.7,319.9,318.95,319.45,45629
2026-03-11T14:15:00+05:30,319.4,319.8,319.1,319.8,17700
2026-03-11T14:30:00+05:30,319.8,319.85,319.5,319.6,9940
2026-03-11T14:45:00+05:30,319.65,320.0,319.5,319.65,25508
2026-03-11T15:00:00+05:30,319.65,320.0,319.05,319.7,138913
2026-03-11T15:15:00+05:30,319.75,320.45,319.3,319.7,109018
2026-03-12T09:15:00+05:30,319.0,319.0,314.0,315.85,113022
2026-03-12T09:30:00+05:30,315.85,316.0,314.1,314.1,67498
2026-03-12T09:45:00+05:30,314.15,315.95,313.6,315.65,111026
2026-03-12T10:00:00+05:30,315.65,316.0,314.5,314.7,36072
2026-03-12T10:15:00+05:30,314.7,314.7,313.6,314.4,35377
2026-03-12T10:30:00+05:30,314.4,314.6,313.7,314.5,46297
2026-03-12T10:45:00+05:30,314.4,315.7,314.3,315.55,40851
2026-03-12T11:00:00+05:30,315.3,316.2,315.3,315.65,57164
2026-03-12T11:15:00+05:30,315.65,315.95,314.9,314.9,31413
2026-03-12T11:30:00+05:30,314.85,315.4,314.55,315.4,19540
2026-03-12T11:45:00+05:30,315.2,316.0,315.0,316.0,27339
2026-03-12T12:00:00+05:30,315.85,316.0,315.4,316.0,27324
2026-03-12T12:15:00+05:30,315.95,316.55,315.6,316.05,44081
2026-03-12T12:30:00+05:30,316.05,316.45,316.0,316.3,24319
2026-03-12T12:45:00+05:30,316.3,316.9,315.85,315.95,52099
2026-03-12T13:00:00+05:30,316.0,316.55,315.5,316.3,30535
2026-03-12T13:15:00+05:30,316.3,316.35,315.95,316.3,24062
2026-03-12T13:30:00+05:30,316.3,317.1,316.3,316.9,95329
2026-03-12T13:45:00+05:30,316.9,317.25,316.45,316.55,25852
2026-03-12T14:00:00+05:30,316.5,317.55,316.5,316.9,41129
2026-03-12T14:15:00+05:30,316.65,317.0,316.4,316.6,17309
2026-03-12T14:30:00+05:30,316.7,316.95,316.0,316.0,14485
2026-03-12T14:45:00+05:30,316.2,317.8,315.4,317.15,96102
2026-03-12T15:00:00+05:30,317.5,318.8,317.35,318.75,157685
2026-03-12T15:15:00+05:30,318.75,319.6,318.4,319.5,248829
2026-03-13T09:15:00+05:30,317.0,317.65,315.35,317.3,39218
2026-03-13T09:30:00+05:30,317.45,318.4,316.85,317.0,60236
2026-03-13T09:45:00+05:30,317.0,317.0,315.65,315.75,41200
2026-03-13T10:00:00+05:30,315.75,316.05,315.25,315.6,46972
2026-03-13T10:15:00+05:30,315.5,315.85,313.0,314.25,62985
2026-03-13T10:30:00+05:30,314.25,314.85,313.8,314.75,40445
2026-03-13T10:45:00+05:30,314.55,315.75,313.95,315.5,32813
2026-03-13T11:00:00+05:30,315.65,316.0,314.5,314.7,99416
2026-03-13T11:15:00+05:30,314.55,315.1,314.35,315.0,31631
2026-03-13T11:30:00+05:30,314.85,315.1,314.4,314.95,22407
2026-03-13T11:45:00+05:30,314.8,315.25,314.25,314.3,25385
2026-03-13T12:00:00+05:30,314.25,314.6,313.9,314.1,29172
2026-03-13T12:15:00+05:30,314.1,314.35,312.6,312.8,68220
2026-03-13T12:30:00+05:30,312.75,312.9,312.1,312.4,37457
2026-03-13T12:45:00+05:30,312.4,312.85,311.9,312.45,47748
2026-03-13T13:00:00+05:30,312.35,313.0,311.6,313.0,67257
2026-03-13T13:15:00+05:30,312.85,313.4,312.0,312.15,22092
2026-03-13T13:30:00+05:30,312.15,312.65,311.7,312.0,31566
2026-03-13T13:45:00+05:30,312.0,312.5,311.8,311.9,22909
2026-03-13T14:00:00+05:30,312.0,312.85,311.6,312.55,26523
2026-03-13T14:15:00+05:30,312.55,312.95,311.7,312.0,37347
2026-03-13T14:30:00+05:30,312.1,312.95,312.05,312.35,20009
2026-03-13T14:45:00+05:30,312.35,312.75,311.85,312.45,34295
2026-03-13T15:00:00+05:30,312.4,313.3,312.35,312.75,72112
2026-03-13T15:15:00+05:30,312.8,314.4,312.5,313.8,157465
2026-03-16T09:15:00+05:30,313.1,314.9,307.9,308.85,126590
2026-03-16T09:30:00+05:30,308.75,311.4,308.15,310.55,95259
2026-03-16T09:45:00+05:30,310.5,311.1,309.75,309.8,43134
2026-03-16T10:00:00+05:30,309.85,310.25,308.8,309.2,40919
2026-03-16T10:15:00+05:30,309.0,309.15,306.6,306.8,66232
2026-03-16T10:30:00+05:30,306.75,307.55,306.2,306.3,42239
2026-03-16T10:45:00+05:30,306.25,306.35,304.3,305.4,102205
2026-03-16T11:00:00+05:30,305.4,305.6,303.4,303.95,75557
2026-03-16T11:15:00+05:30,303.85,305.95,303.85,304.6,69237
2026-03-16T11:30:00+05:30,304.5,307.0,304.3,305.4,75719
2026-03-16T11:45:00+05:30,305.45,305.95,305.0,305.5,45732
2026-03-16T12:00:00+05:30,305.5,306.2,304.9,305.1,28144
2026-03-16T12:15:00+05:30,305.15,305.9,304.9,305.2,57033
2026-03-16T12:30:00+05:30,305.2,306.25,305.1,305.6,37807
2026-03-16T12:45:00+05:30,305.55,305.6,304.2,304.7,41111
2026-03-16T13:00:00+05:30,304.65,305.9,304.65,305.35,59921
2026-03-16T13:15:00+05:30,305.35,305.8,305.1,305.35,16798
2026-03-16T13:30:00+05:30,305.35,305.85,305.15,305.45,22033
2026-03-16T13:45:00+05:30,305.45,305.85,305.0,305.1,32361
2026-03-16T14:00:00+05:30,305.1,305.8,305.0,305.4,29554
2026-03-16T14:15:00+05:30,305.2,307.65,305.15,307.35,64923
2026-03-16T14:30:00+05:30,307.3,308.7,307.25,308.6,45005
2026-03-16T14:45:00+05:30,308.4,309.9,308.25,309.2,51715
2026-03-16T15:00:00+05:30,309.2,309.6,308.6,309.1,95441
2026-03-16T15:15:00+05:30,309.1,309.45,308.0,308.5,119684
2026-03-17T09:15:00+05:30,310.0,311.2,307.05,309.7,99650
2026-03-17T09:30:00+05:30,309.8,310.45,308.45,310.15,65798
2026-03-17T09:45:00+05:30,310.2,310.95,309.8,310.8,82018
2026-03-17T10:00:00+05:30,310.8,311.4,310.4,310.55,35265
2026-03-17T10:15:00+05:30,310.55,311.75,310.0,310.4,49121
2026-03-17T10:30:00+05:30,310.45,311.2,310.05,310.6,37203
2026-03-17T10:45:00+05:30,310.6,311.75,310.5,311.2,38629
2026-03-17T11:00:00+05:30,311.2,311.95,310.75,310.9,46842
2026-03-17T11:15:00+05:30,310.95,310.95,310.25,310.35,19376
2026-03-17T11:30:00+05:30,310.35,310.55,310.2,310.45,15879
2026-03-17T11:45:00+05:30,310.45,311.9,310.45,311.9,38337
2026-03-17T12:00:00+05:30,311.85,312.05,311.2,311.45,29233
2026-03-17T12:15:00+05:30,311.35,311.5,310.05,310.25,34053
2026-03-17T12:30:00+05:30,310.25,311.75,310.25,311.55,29494
2026-03-17T12:45:00+05:30,311.6,311.85,310.5,310.9,42407
2026-03-17T13:00:00+05:30,310.9,311.35,310.7,311.0,86778
2026-03-17T13:15:00+05:30,311.15,311.85,311.05,311.55,35854
2026-03-17T13:30:00+05:30,311.55,311.95,311.2,311.55,32037
2026-03-17T13:45:00+05:30,311.55,312.0,311.45,311.7,45788
2026-03-17T14:00:00+05:30,311.75,312.35,311.7,312.3,24504
2026-03-17T14:15:00+05:30,312.3,312.4,310.3,310.35,40932
2026-03-17T14:30:00+05:30,310.35,310.8,310.05,310.8,220416
2026-03-17T14:45:00+05:30,310.8,311.6,310.7,311.3,33731
2026-03-17T15:00:00+05:30,311.35,311.35,310.65,310.9,87136
2026-03-17T15:15:00+05:30,310.85,311.5,310.35,310.55,142777
2026-03-18T09:15:00+05:30,311.9,312.9,309.65,312.25,115866
2026-03-18T09:30:00+05:30,312.25,315.35,312.05,315.1,118360
2026-03-18T09:45:00+05:30,315.0,315.9,314.6,314.95,77496
2026-03-18T10:00:00+05:30,315.0,315.35,312.9,313.5,143559
2026-03-18T10:15:00+05:30,313.7,314.9,313.5,314.45,45275
2026-03-18T10:30:00+05:30,314.45,314.95,314.15,314.75,37964
2026-03-18T10:45:00+05:30,314.75,315.8,314.7,315.6,35909
2026-03-18T11:00:00+05:30,315.65,317.1,315.15,316.7,130592
2026-03-18T11:15:00+05:30,316.7,319.65,316.7,317.7,181559
2026-03-18T11:30:00+05:30,317.7,318.3,317.3,317.7,62301
2026-03-18T11:45:00+05:30,317.7,318.85,317.15,317.3,87404
2026-03-18T12:00:00+05:30,317.25,317.9,317.0,317.4,20421
2026-03-18T12:15:00+05:30,317.55,317.9,317.05,317.7,21664
2026-03-18T12:30:00+05:30,317.65,318.6,317.6,318.45,25766
2026-03-18T12:45:00+05:30,318.45,319.35,318.45,319.1,34143
2026-03-18T13:00:00+05:30,319.05,319.5,318.95,319.3,21847
2026-03-18T13:15:00+05:30,319.3,319.9,319.3,319.65,23715
2026-03-18T13:30:00+05:30,319.65,321.8,319.35,320.3,66316
2026-03-18T13:45:00+05:30,320.3,321.0,319.65,320.95,329715
2026-03-18T14:00:00+05:30,320.95,321.7,320.8,321.35,43900
2026-03-18T14:15:00+05:30,321.45,322.4,321.3,322.1,44596
2026-03-18T14:30:00+05:30,322.05,323.05,320.95,322.65,82174
2026-03-18T14:45:00+05:30,322.7,324.0,322.35,324.0,98675
2026-03-18T15:00:00+05:30,323.9,325.15,323.3,324.45,219815
2026-03-18T15:15:00+05:30,324.4,325.0,322.5,323.1,225435
2026-03-19T09:15:00+05:30,319.0,319.0,316.1,318.0,64570
2026-03-19T09:30:00+05:30,317.65,318.8,316.9,318.8,34421
2026-03-19T09:45:00+05:30,318.55,319.5,318.3,318.55,33222
2026-03-19T10:00:00+05:30,318.35,319.0,318.0,318.9,14388
2026-03-19T10:15:00+05:30,318.7,319.0,318.1,318.55,17194
2026-03-19T10:30:00+05:30,318.55,319.25,318.45,318.95,10999
2026-03-19T10:45:00+05:30,318.8,319.25,318.0,318.2,19916
2026-03-19T11:00:00+05:30,318.05,318.65,317.7,318.5,28834
2026-03-19T11:15:00+05:30,318.35,319.0,318.15,318.65,14486
2026-03-19T11:30:00+05:30,318.45,319.25,318.3,318.9,8092
2026-03-19T11:45:00+05:30,318.85,319.15,318.5,318.5,13126
2026-03-19T12:00:00+05:30,318.7,318.85,318.2,318.5,28881
2026-03-19T12:15:00+05:30,318.45,319.55,318.2,318.3,23436
2026-03-19T12:30:00+05:30,318.25,318.4,317.7,317.9,26091
2026-03-19T12:45:00+05:30,317.85,318.15,317.7,317.7,17661
2026-03-19T13:00:00+05:30,317.7,317.7,316.6,316.8,22690
2026-03-19T13:15:00+05:30,316.7,316.8,316.2,316.4,17781
2026-03-19T13:30:00+05:30,316.4,316.65,315.55,315.8,38774
2026-03-19T13:45:00+05:30,315.8,316.5,315.8,316.1,10332
2026-03-19T14:00:00+05:30,316.1,316.4,315.5,315.5,21453
2026-03-19T14:15:00+05:30,315.5,315.7,314.7,315.15,67695
2026-03-19T14:30:00+05:30,315.15,315.5,314.7,315.0,20967
2026-03-19T14:45:00+05:30,315.05,315.05,312.4,312.4,47232
2026-03-19T15:00:00+05:30,312.65,313.5,312.45,312.55,50835
2026-03-19T15:15:00+05:30,312.6,313.9,312.4,313.75,77189
2026-03-20T09:15:00+05:30,314.1,317.0,313.9,316.9,122965
2026-03-20T09:30:00+05:30,316.9,318.35,316.3,317.05,50135
2026-03-20T09:45:00+05:30,317.3,317.5,316.35,317.0,21716
2026-03-20T10:00:00+05:30,317.0,317.15,314.6,314.8,31609
2026-03-20T10:15:00+05:30,314.8,315.5,313.6,315.5,57816
2026-03-20T10:30:00+05:30,315.35,315.65,313.0,313.6,73776
2026-03-20T10:45:00+05:30,313.6,314.15,313.0,313.15,67849
2026-03-20T11:00:00+05:30,313.15,313.6,312.5,312.9,127866
2026-03-20T11:15:00+05:30,312.75,313.5,312.1,312.4,90847
2026-03-20T11:30:00+05:30,312.4,313.5,312.15,312.7,99662
2026-03-20T11:45:00+05:30,312.7,312.95,311.1,311.3,125595
2026-03-20T12:00:00+05:30,311.3,311.7,310.55,310.8,76203
2026-03-20T12:15:00+05:30,310.6,310.8,309.7,309.9,75036
2026-03-20T12:30:00+05:30,309.9,310.4,309.55,310.0,77354
2026-03-20T12:45:00+05:30,309.95,310.5,309.6,310.15,82600
2026-03-20T13:00:00+05:30,310.15,310.6,309.9,310.55,61532
2026-03-20T13:15:00+05:30,310.55,313.9,310.3,313.45,173871
2026-03-20T13:30:00+05:30,313.25,313.5,312.05,312.65,94550
2026-03-20T13:45:00+05:30,312.5,314.3,312.3,313.25,87126
2026-03-20T14:00:00+05:30,313.1,314.5,312.1,314.3,90619
2026-03-20T14:15:00+05:30,314.3,316.0,314.1,315.6,126198
2026-03-20T14:30:00+05:30,315.5,316.5,315.0,316.2,87298
2026-03-20T14:45:00+05:30,316.2,316.8,314.95,316.3,231671
2026-03-20T15:00:00+05:30,316.3,318.75,314.65,317.25,654704
2026-03-20T15:15:00+05:30,317.35,318.35,316.0,316.6,501860
2026-03-23T09:15:00+05:30,312.0,312.9,309.9,311.65,137669
2026-03-23T09:30:00+05:30,311.55,313.85,311.3,313.4,67784
2026-03-23T09:45:00+05:30,313.2,314.45,312.9,314.3,32087
2026-03-23T10:00:00+05:30,314.3,314.45,313.1,313.25,124149
2026-03-23T10:15:00+05:30,313.25,313.25,312.05,312.35,79708
2026-03-23T10:30:00+05:30,312.3,313.2,311.95,312.3,54572
2026-03-23T10:45:00+05:30,312.1,314.0,312.1,313.55,34597
2026-03-23T11:00:00+05:30,313.3,313.55,312.45,312.75,24106
2026-03-23T11:15:00+05:30,312.75,314.0,312.5,313.45,44087
2026-03-23T11:30:00+05:30,313.6,313.7,312.75,312.95,28001
2026-03-23T11:45:00+05:30,312.85,313.6,312.8,313.4,13484
2026-03-23T12:00:00+05:30,313.35,313.4,312.5,312.7,23345
2026-03-23T12:15:00+05:30,312.55,313.3,312.25,312.75,46274
2026-03-23T12:30:00+05:30,312.8,313.35,312.6,312.8,26797
2026-03-23T12:45:00+05:30,312.7,313.25,312.6,312.65,22508
2026-03-23T13:00:00+05:30,312.65,312.7,311.9,312.1,48479
2026-03-23T13:15:00+05:30,312.05,312.95,311.65,311.65,57493
2026-03-23T13:30:00+05:30,311.65,313.3,311.6,313.0,29755
2026-03-23T13:45:00+05:30,312.95,313.05,310.55,311.75,129393
2026-03-23T14:00:00+05:30,311.8,312.85,311.55,312.3,27985
2026-03-23T14:15:00+05:30,312.25,312.75,311.0,311.2,37085
2026-03-23T14:30:00+05:30,311.25,312.5,310.3,312.1,197437
2026-03-23T14:45:00+05:30,312.1,312.9,312.1,312.45,23907
2026-03-23T15:00:00+05:30,312.4,313.8,311.5,312.1,261079
2026-03-23T15:15:00+05:30,312.05,312.6,310.25,311.2,99048
2026-03-24T09:15:00+05:30,316.0,319.9,314.05,319.55,105412
2026-03-24T09:30:00+05:30,319.4,320.3,318.5,319.0,86786
2026-03-24T09:45:00+05:30,318.9,319.15,317.6,317.8,50201
2026-03-24T10:00:00+05:30,317.65,317.8,315.4,315.75,49363
2026-03-24T10:15:00+05:30,315.7,316.6,315.35,315.9,36080
2026-03-24T10:30:00+05:30,315.95,316.5,315.35,316.2,31213
2026-03-24T10:45:00+05:30,316.0,316.6,315.65,316.15,30585
2026-03-24T11:00:00+05:30,316.0,316.4,315.65,316.15,29223
2026-03-24T11:15:00+05:30,316.05,316.9,316.05,316.65,23021
2026-03-24T11:30:00+05:30,316.5,317.4,316.4,317.35,18304
2026-03-24T11:45:00+05:30,317.25,318.25,317.1,318.15,35983
2026-03-24T12:00:00+05:30,318.15,318.95,317.85,318.8,25564
2026-03-24T12:15:00+05:30,318.75,321.3,318.75,320.7,142948
2026-03-24T12:30:00+05:30,320.65,321.45,320.65,320.85,27599
2026-03-24T12:45:00+05:30,320.85,322.55,320.65,322.35,43433
2026-03-24T13:00:00+05:30,322.35,322.9,322.35,322.6,30559
2026-03-24T13:15:00+05:30,322.55,324.4,322.4,324.2,63573
2026-03-24T13:30:00+05:30,324.05,326.9,324.05,325.75,166151
2026-03-24T13:45:00+05:30,325.6,326.15,323.1,324.25,109045
2026-03-24T14:00:00+05:30,324.15,325.0,324.15,324.45,29669
2026-03-24T14:15:00+05:30,324.55,324.8,324.0,324.4,28058
2026-03-24T14:30:00+05:30,324.45,325.5,323.3,324.85,48110
2026-03-24T14:45:00+05:30,325.1,326.25,324.95,325.8,103241
2026-03-24T15:00:00+05:30,325.8,328.0,325.35,327.25,271967
2026-03-24T15:15:00+05:30,327.3,327.45,325.05,325.75,252289
2026-03-25T09:15:00+05:30,325.2,328.0,325.2,325.35,122270
2026-03-25T09:30:00+05:30,325.6,325.8,323.5,325.1,111744
2026-03-25T09:45:00+05:30,325.25,325.4,324.5,324.7,35108
2026-03-25T10:00:00+05:30,324.65,325.5,324.1,324.1,74550
2026-03-25T10:15:00+05:30,324.15,324.35,324.1,324.1,26014
2026-03-25T10:30:00+05:30,324.15,324.6,324.1,324.25,22190
2026-03-25T10:45:00+05:30,324.3,324.6,323.55,323.6,73408
2026-03-25T11:00:00+05:30,323.65,324.4,322.4,323.3,136383
2026-03-25T11:15:00+05:30,323.3,323.3,322.1,322.1,41724
2026-03-25T11:30:00+05:30,322.25,322.35,321.75,321.8,66533
2026-03-25T11:45:00+05:30,321.85,322.5,321.55,321.65,25429
2026-03-25T12:00:00+05:30,321.65,321.95,321.15,321.8,19271
2026-03-25T12:15:00+05:30,321.65,321.8,321.1,321.8,27727
2026-03-25T12:30:00+05:30,321.8,322.55,321.5,321.9,27949
2026-03-25T12:45:00+05:30,321.9,324.7,321.6,324.0,78404
2026-03-25T13:00:00+05:30,324.05,324.7,323.75,324.5,59554
2026-03-25T13:15:00+05:30,324.4,324.55,324.0,324.25,52109
2026-03-25T13:30:00+05:30,324.3,324.85,324.1,324.5,57994
2026-03-25T13:45:00+05:30,324.7,325.1,324.3,325.0,70333
2026-03-25T14:00:00+05:30,325.0,325.25,324.6,324.95,97756
2026-03-25T14:15:00+05:30,325.0,325.45,324.75,325.3,68698
2026-03-25T14:30:00+05:30,325.25,326.25,325.1,326.05,73462
2026-03-25T14:45:00+05:30,326.05,326.25,325.3,325.65,66269
2026-03-25T15:00:00+05:30,325.65,325.75,324.55,324.8,111594
2026-03-25T15:15:00+05:30,324.7,325.95,323.4,323.5,196157
2026-03-27T09:15:00+05:30,320.15,322.0,315.75,318.15,235902
2026-03-27T09:30:00+05:30,318.4,319.4,317.05,318.05,44961
2026-03-27T09:45:00+05:30,317.85,318.5,316.85,317.0,38751
2026-03-27T10:00:00+05:30,317.15,317.45,315.5,315.65,107379
2026-03-27T10:15:00+05:30,315.65,316.85,315.45,316.8,39944
2026-03-27T10:30:00+05:30,316.8,317.05,316.3,316.65,60183
2026-03-27T10:45:00+05:30,316.65,317.05,316.4,316.6,33461
2026-03-27T11:00:00+05:30,316.8,317.0,316.5,316.75,19892
2026-03-27T11:15:00+05:30,316.6,317.0,316.4,316.55,33394
2026-03-27T11:30:00+05:30,316.5,317.8,316.4,317.45,68825
2026-03-27T11:45:00+05:30,317.6,318.75,317.4,318.6,25638
2026-03-27T12:00:00+05:30,318.65,318.9,317.7,318.35,36568
2026-03-27T12:15:00+05:30,318.4,318.65,317.4,318.6,72670
2026-03-27T12:30:00+05:30,318.6,320.4,318.3,320.0,72940
2026-03-27T12:45:00+05:30,320.0,320.5,319.7,319.95,28278
2026-03-27T13:00:00+05:30,319.95,320.9,319.75,320.6,39548
2026-03-27T13:15:00+05:30,320.6,321.6,320.45,320.85,39962
2026-03-27T13:30:00+05:30,320.9,321.3,320.55,320.9,16519
2026-03-27T13:45:00+05:30,321.05,321.65,320.55,321.1,54296
2026-03-27T14:00:00+05:30,321.1,321.3,320.5,320.6,40047
2026-03-27T14:15:00+05:30,320.55,321.05,320.4,320.9,27007
2026-03-27T14:30:00+05:30,320.9,321.55,320.55,321.35,59248
2026-03-27T14:45:00+05:30,321.5,324.0,321.35,324.0,129062
2026-03-27T15:00:00+05:30,323.95,326.0,315.3,320.9,5467374
2026-03-27T15:15:00+05:30,320.9,322.5,318.65,321.1,4292653
2026-03-30T09:15:00+05:30,313.6,316.9,312.25,314.1,184493
2026-03-30T09:30:00+05:30,314.1,317.8,314.05,317.55,109478
2026-03-30T09:45:00+05:30,317.75,317.8,313.3,315.2,58825
2026-03-30T10:00:00+05:30,315.2,316.15,314.0,315.5,53004
2026-03-30T10:15:00+05:30,315.25,315.6,314.3,314.55,25701
2026-03-30T10:30:00+05:30,314.5,314.75,313.6,313.85,48111
2026-03-30T10:45:00+05:30,313.8,315.6,313.55,315.2,63532
2026-03-30T11:00:00+05:30,315.2,317.05,313.9,314.3,110994
2026-03-30T11:15:00+05:30,314.15,314.5,312.9,313.4,280229
2026-03-30T11:30:00+05:30,313.4,314.15,313.15,313.45,41341
2026-03-30T11:45:00+05:30,313.4,313.55,312.5,312.8,36997
2026-03-30T12:00:00+05:30,312.75,314.0,312.3,313.5,44631
2026-03-30T12:15:00+05:30,313.55,313.75,312.7,313.0,37725
2026-03-30T12:30:00+05:30,313.1,313.25,312.35,312.85,26573
2026-03-30T12:45:00+05:30,312.8,312.8,312.1,312.5,30669
2026-03-30T13:00:00+05:30,312.5,312.65,311.7,312.25,38160
2026-03-30T13:15:00+05:30,312.1,312.4,311.65,311.9,32668
2026-03-30T13:30:00+05:30,311.8,312.0,311.15,311.65,37044
2026-03-30T13:45:00+05:30,311.65,311.9,309.6,310.0,118306
2026-03-30T14:00:00+05:30,310.0,310.55,309.4,310.0,74700
2026-03-30T14:15:00+05:30,310.0,310.25,309.0,309.6,49098
2026-03-30T14:30:00+05:30,309.5,309.95,307.45,307.9,94220
2026-03-30T14:45:00+05:30,307.9,308.4,306.85,307.7,87084
2026-03-30T15:00:00+05:30,307.65,308.0,305.95,306.4,273940
2026-03-30T15:15:00+05:30,306.45,307.3,303.0,305.0,519610
2026-04-01T09:15:00+05:30,311.5,314.15,309.75,311.45,1130718
2026-04-01T09:30:00+05:30,311.5,311.85,308.7,309.3,177942
2026-04-01T09:45:00+05:30,309.3,312.0,308.75,311.35,126489
2026-04-01T10:00:00+05:30,311.25,313.7,310.9,311.2,157982
2026-04-01T10:15:00+05:30,311.2,312.05,310.05,310.75,45126
2026-04-01T10:30:00+05:30,310.65,310.95,308.85,309.35,137000
2026-04-01T10:45:00+05:30,309.35,309.35,307.6,307.75,87279
2026-04-01T11:00:00+05:30,307.7,307.75,306.9,307.05,52690
2026-04-01T11:15:00+05:30,307.0,308.3,307.0,307.65,36960
2026-04-01T11:30:00+05:30,307.5,308.05,307.5,307.9,21194
2026-04-01T11:45:00+05:30,307.9,307.9,306.4,307.1,74074
2026-04-01T12:00:00+05:30,307.1,308.05,307.1,307.9,30589
2026-04-01T12:15:00+05:30,307.8,308.3,307.5,308.15,31509
2026-04-01T12:30:00+05:30,308.0,308.5,307.8,308.05,25730
2026-04-01T12:45:00+05:30,308.05,308.75,307.7,307.95,52176
2026-04-01T13:00:00+05:30,307.75,308.8,307.65,308.05,30790
2026-04-01T13:15:00+05:30,308.1,308.65,307.35,307.95,97957
2026-04-01T13:30:00+05:30,307.85,307.95,306.55,307.2,105118
2026-04-01T13:45:00+05:30,307.05,307.4,306.8,307.3,28638
2026-04-01T14:00:00+05:30,307.2,307.4,306.85,307.3,22128
2026-04-01T14:15:00+05:30,307.2,307.4,306.7,306.7,22103
2026-04-01T14:30:00+05:30,306.65,307.05,306.0,306.1,52325
2026-04-01T14:45:00+05:30,306.1,306.1,305.05,305.1,85188
2026-04-01T15:00:00+05:30,305.1,306.1,305.05,305.75,118417
2026-04-01T15:15:00+05:30,305.9,306.9,305.5,306.9,189664
2026-04-02T09:15:00+05:30,305.0,305.0,300.15,303.55,168874
2026-04-02T09:30:00+05:30,303.75,304.55,303.1,303.5,29071
2026-04-02T09:45:00+05:30,303.5,303.55,302.45,302.7,24765
2026-04-02T10:00:00+05:30,302.7,304.5,302.7,304.4,23976
2026-04-02T10:15:00+05:30,304.35,304.45,303.8,304.15,16856
2026-04-02T10:30:00+05:30,304.35,304.65,304.0,304.6,20002
2026-04-02T10:45:00+05:30,304.45,304.8,304.0,304.65,16632
2026-04-02T11:00:00+05:30,304.65,304.9,304.0,304.8,13164
2026-04-02T11:15:00+05:30,304.65,305.3,304.65,305.15,13548
2026-04-02T11:30:00+05:30,305.15,305.6,305.15,305.5,14071
2026-04-02T11:45:00+05:30,305.5,307.0,305.5,306.25,41513
2026-04-02T12:00:00+05:30,306.25,307.65,306.25,307.3,26107
2026-04-02T12:15:00+05:30,307.25,308.0,306.45,307.55,26863
2026-04-02T12:30:00+05:30,307.25,309.1,306.8,307.4,69169
2026-04-02T12:45:00+05:30,307.35,308.05,307.0,307.15,13983
2026-04-02T13:00:00+05:30,307.15,308.45,307.15,308.35,20694
2026-04-02T13:15:00+05:30,308.3,309.75,308.2,309.3,39630
2026-04-02T13:30:00+05:30,309.2,309.8,308.75,309.8,28443
2026-04-02T13:45:00+05:30,309.75,310.4,308.85,309.45,44837
2026-04-02T14:00:00+05:30,309.4,310.0,309.0,310.0,20399
2026-04-02T14:15:00+05:30,309.95,310.3,308.65,309.0,27857
2026-04-02T14:30:00+05:30,308.95,309.0,306.65,307.25,29050
2026-04-02T14:45:00+05:30,307.05,307.8,307.05,307.75,18625
2026-04-02T15:00:00+05:30,307.75,309.65,307.3,309.6,73759
2026-04-02T15:15:00+05:30,309.5,309.8,308.0,308.9,76002
2026-04-06T09:15:00+05:30,308.55,311.7,306.35,309.95,213086
2026-04-06T09:30:00+05:30,310.2,311.0,308.6,308.6,67985
2026-04-06T09:45:00+05:30,308.75,309.7,308.0,308.9,72977
2026-04-06T10:00:00+05:30,308.9,309.6,307.2,308.0,35829
2026-04-06T10:15:00+05:30,308.0,308.5,307.05,307.65,40059
2026-04-06T10:30:00+05:30,307.65,307.95,307.0,307.75,16675
2026-04-06T10:45:00+05:30,307.7,308.1,307.1,307.6,38617
2026-04-06T11:00:00+05:30,307.6,307.95,306.4,306.6,48634
2026-04-06T11:15:00+05:30,306.6,308.65,306.6,308.35,32370
2026-04-06T11:30:00+05:30,308.4,308.65,307.65,307.95,15406
2026-04-06T11:45:00+05:30,307.95,308.1,307.3,307.55,22475
2026-04-06T12:00:00+05:30,307.55,307.55,306.5,307.15,76515
2026-04-06T12:15:00+05:30,307.15,307.4,306.75,307.0,28954
2026-04-06T12:30:00+05:30,307.15,307.4,305.6,306.05,75907
2026-04-06T12:45:00+05:30,306.0,307.1,305.95,306.7,117954
2026-04-06T13:00:00+05:30,306.7,307.5,306.4,306.9,200073
2026-04-06T13:15:00+05:30,306.9,307.9,306.75,307.0,37053
2026-04-06T13:30:00+05:30,306.9,307.65,306.9,307.05,31823
2026-04-06T13:45:00+05:30,307.15,307.7,307.0,307.4,37368
2026-04-06T14:00:00+05:30,307.4,307.8,307.2,307.75,25594
2026-04-06T14:15:00+05:30,307.75,308.35,307.35,307.65,78179
2026-04-06T14:30:00+05:30,307.75,307.95,307.4,307.65,55110
2026-04-06T14:45:00+05:30,307.65,307.8,307.2,307.2,91404
2026-04-06T15:00:00+05:30,307.3,308.6,307.2,308.1,128207
2026-04-06T15:15:00+05:30,308.05,308.45,307.8,308.05,185150
2026-04-07T09:15:00+05:30,308.0,308.9,306.15,308.8,59470
2026-04-07T09:30:00+05:30,308.7,309.35,307.1,307.1,40991
2026-04-07T09:45:00+05:30,307.1,308.2,307.05,308.15,26963
2026-04-07T10:00:00+05:30,307.95,308.7,307.95,308.35,14742
2026-04-07T10:15:00+05:30,308.1,308.85,308.0,308.7,24694
2026-04-07T10:30:00+05:30,308.4,308.95,308.25,308.95,17184
2026-04-07T10:45:00+05:30,308.75,309.0,307.55,307.75,21496
2026-04-07T11:00:00+05:30,307.6,308.25,307.55,307.55,13642
2026-04-07T11:15:00+05:30,307.55,308.25,307.5,308.2,11809
2026-04-07T11:30:00+05:30,308.2,308.55,308.0,308.05,14538
2026-04-07T11:45:00+05:30,308.05,308.45,307.65,308.45,9577
2026-04-07T12:00:00+05:30,308.3,308.5,307.9,308.4,5687
2026-04-07T12:15:00+05:30,308.3,308.5,308.1,308.2,4540
2026-04-07T12:30:00+05:30,308.2,308.4,308.0,308.3,6595
2026-04-07T12:45:00+05:30,308.1,308.35,308.0,308.0,3565
2026-04-07T13:00:00+05:30,308.1,308.35,307.8,308.1,9527
2026-04-07T13:15:00+05:30,308.1,308.4,308.1,308.1,7873
2026-04-07T13:30:00+05:30,308.1,309.0,308.1,308.9,12228
2026-04-07T13:45:00+05:30,308.9,308.9,308.05,308.45,4850
2026-04-07T14:00:00+05:30,308.45,308.8,308.2,308.6,14626
2026-04-07T14:15:00+05:30,308.6,308.95,308.05,308.95,18993
2026-04-07T14:30:00+05:30,308.95,308.95,308.05,308.45,13409
2026-04-07T14:45:00+05:30,308.4,309.0,308.1,308.85,26712
2026-04-07T15:00:00+05:30,308.85,308.85,308.25,308.4,25443
2026-04-07T15:15:00+05:30,308.4,308.8,308.05,308.7,49221
2026-04-08T09:15:00+05:30,315.9,318.0,314.55,317.0,273620
2026-04-08T09:30:00+05:30,317.0,318.95,317.0,318.7,183904
2026-04-08T09:45:00+05:30,318.95,322.25,318.75,320.95,376828
2026-04-08T10:00:00+05:30,320.7,323.4,320.5,323.0,104206
2026-04-08T10:15:00+05:30,323.0,325.0,322.35,322.85,155136
2026-04-08T10:30:00+05:30,322.7,325.55,322.0,322.25,402295
2026-04-08T10:45:00+05:30,322.4,323.15,320.85,322.3,133363
2026-04-08T11:00:00+05:30,322.5,324.5,322.3,323.55,123297
2026-04-08T11:15:00+05:30,323.55,323.85,322.8,323.0,28387
2026-04-08T11:30:00+05:30,323.0,323.45,322.55,322.8,29745
2026-04-08T11:45:00+05:30,322.9,323.5,322.15,322.4,57145
2026-04-08T12:00:00+05:30,322.4,322.9,321.8,322.35,62896
2026-04-08T12:15:00+05:30,322.35,323.75,322.0,322.85,51168
2026-04-08T12:30:00+05:30,322.85,323.2,321.95,322.5,38735
2026-04-08T12:45:00+05:30,322.5,322.7,319.45,320.1,360963
2026-04-08T13:00:00+05:30,320.1,322.7,320.05,321.95,191914
2026-04-08T13:15:00+05:30,321.95,323.0,321.95,322.7,36956
2026-04-08T13:30:00+05:30,322.7,323.4,322.55,323.25,38577
2026-04-08T13:45:00+05:30,322.95,324.15,322.95,323.9,71494
2026-04-08T14:00:00+05:30,323.7,324.65,323.55,324.05,69085
2026-04-08T14:15:00+05:30,324.2,326.95,324.0,326.95,114787
2026-04-08T14:30:00+05:30,326.85,327.4,325.85,327.0,263064
2026-04-08T14:45:00+05:30,326.8,327.25,325.1,326.05,148882
2026-04-08T15:00:00+05:30,326.05,327.75,324.7,326.5,270718
2026-04-08T15:15:00+05:30,326.45,327.6,325.7,327.0,107105
2026-04-09T09:15:00+05:30,326.4,327.6,323.0,326.6,89259
2026-04-09T09:30:00+05:30,326.45,329.75,325.1,327.1,94974
2026-04-09T09:45:00+05:30,327.1,328.0,326.3,326.65,70748
2026-04-09T10:00:00+05:30,326.65,327.75,326.5,326.8,49518
2026-04-09T10:15:00+05:30,326.8,327.7,326.3,326.9,32105
2026-04-09T10:30:00+05:30,327.0,329.0,326.9,328.75,48389
2026-04-09T10:45:00+05:30,328.9,329.1,327.6,328.0,82457
2026-04-09T11:00:00+05:30,327.65,328.55,327.65,328.15,31828
2026-04-09T11:15:00+05:30,328.35,329.0,327.75,328.8,56452
2026-04-09T11:30:00+05:30,328.8,329.5,328.3,328.95,52988
2026-04-09T11:45:00+05:30,329.1,330.0,328.95,329.75,60580
2026-04-09T12:00:00+05:30,329.8,330.0,328.9,329.65,36770
2026-04-09T12:15:00+05:30,329.8,329.9,329.4,329.55,27511
2026-04-09T12:30:00+05:30,329.75,330.0,329.0,329.2,56355
2026-04-09T12:45:00+05:30,329.2,329.5,328.6,329.15,25505
2026-04-09T13:00:00+05:30,329.3,329.5,328.65,328.65,24187
2026-04-09T13:15:00+05:30,328.7,328.7,327.0,327.0,51477
2026-04-09T13:30:00+05:30,327.25,327.3,326.25,326.25,44473
2026-04-09T13:45:00+05:30,326.25,326.75,325.6,326.25,36635
2026-04-09T14:00:00+05:30,326.55,326.7,325.0,326.4,82973
2026-04-09T14:15:00+05:30,326.15,326.5,325.95,326.0,23357
2026-04-09T14:30:00+05:30,326.0,326.25,325.2,325.55,30504
2026-04-09T14:45:00+05:30,325.3,326.15,325.05,325.8,27600
2026-04-09T15:00:00+05:30,325.7,327.5,325.35,327.45,44750
2026-04-09T15:15:00+05:30,327.4,327.5,323.3,326.5,140257
2026-04-10T09:15:00+05:30,326.05,328.65,325.0,327.9,60737
2026-04-10T09:30:00+05:30,327.9,329.1,327.7,329.1,36477
2026-04-10T09:45:00+05:30,329.1,329.1,328.0,328.0,16884
2026-04-10T10:00:00+05:30,328.0,328.55,327.25,328.55,13507
2026-04-10T10:15:00+05:30,328.4,328.7,327.55,327.65,27488
2026-04-10T10:30:00+05:30,327.55,328.25,327.0,328.0,21090
2026-04-10T10:45:00+05:30,328.0,328.3,327.7,328.15,17914
2026-04-10T11:00:00+05:30,327.95,328.25,327.5,327.9,19765
2026-04-10T11:15:00+05:30,327.9,328.05,327.25,327.5,13912
2026-04-10T11:30:00+05:30,327.25,327.55,326.0,326.5,40199
2026-04-10T11:45:00+05:30,326.7,326.85,325.75,326.3,19222
2026-04-10T12:00:00+05:30,326.3,326.75,326.0,326.35,21250
2026-04-10T12:15:00+05:30,326.2,326.35,325.45,325.75,20749
2026-04-10T12:30:00+05:30,325.75,326.6,325.75,326.1,22027
2026-04-10T12:45:00+05:30,326.05,326.25,325.5,326.25,19997
2026-04-10T13:00:00+05:30,326.25,326.25,325.65,326.0,19306
2026-04-10T13:15:00+05:30,326.0,326.25,325.4,325.6,15811
2026-04-10T13:30:00+05:30,325.6,325.95,325.5,325.95,13689
2026-04-10T13:45:00+05:30,325.75,326.45,325.55,326.25,21508
2026-04-10T14:00:00+05:30,326.45,326.6,325.85,326.3,39586
2026-04-10T14:15:00+05:30,326.1,326.3,325.25,325.25,49308
2026-04-10T14:30:00+05:30,325.25,325.8,325.25,325.8,21756
2026-04-10T14:45:00+05:30,325.8,325.9,325.4,325.7,24339
2026-04-10T15:00:00+05:30,325.75,326.7,325.6,326.25,109634
2026-04-10T15:15:00+05:30,326.25,328.0,325.65,328.0,235277
2026-04-13T09:15:00+05:30,323.25,325.4,319.0,325.3,233016
2026-04-13T09:30:00+05:30,325.05,326.0,323.15,323.95,83171
2026-04-13T09:45:00+05:30,323.9,324.95,323.75,324.55,38054
2026-04-13T10:00:00+05:30,324.55,325.75,323.8,324.05,62990
2026-04-13T10:15:00+05:30,324.05,325.45,323.55,325.0,21263
2026-04-13T10:30:00+05:30,325.0,325.25,324.0,324.95,45203
2026-04-13T10:45:00+05:30,324.95,325.75,323.35,323.6,63965
2026-04-13T11:00:00+05:30,323.4,324.05,323.3,323.4,22077
2026-04-13T11:15:00+05:30,323.6,323.95,323.2,323.5,24168
2026-04-13T11:30:00+05:30,323.55,323.8,322.85,323.0,25189
2026-04-13T11:45:00+05:30,322.9,323.45,322.2,323.05,50465
2026-04-13T12:00:00+05:30,323.2,323.2,322.5,322.9,21003
2026-04-13T12:15:00+05:30,322.9,323.0,322.6,322.8,13568
2026-04-13T12:30:00+05:30,322.8,323.2,322.75,322.9,13977
2026-04-13T12:45:00+05:30,322.9,323.0,321.55,322.1,45668
2026-04-13T13:00:00+05:30,322.1,322.5,322.1,322.5,29071
2026-04-13T13:15:00+05:30,322.5,322.85,322.2,322.4,10328
2026-04-13T13:30:00+05:30,322.6,322.75,322.0,322.4,24107
2026-04-13T13:45:00+05:30,322.3,323.0,322.25,322.8,16917
2026-04-13T14:00:00+05:30,322.8,323.0,322.35,322.4,22546
2026-04-13T14:15:00+05:30,322.45,322.9,322.35,322.7,29972
2026-04-13T14:30:00+05:30,322.65,322.9,322.5,322.65,19460
2026-04-13T14:45:00+05:30,322.55,322.95,322.55,322.95,19312
2026-04-13T15:00:00+05:30,322.9,322.95,320.55,320.9,136851
2026-04-13T15:15:00+05:30,320.95,322.0,320.8,322.0,97753
2026-04-15T09:15:00+05:30,327.6,329.25,323.85,327.55,359388
2026-04-15T09:30:00+05:30,327.7,328.45,326.25,328.2,147231
2026-04-15T09:45:00+05:30,328.2,329.35,328.05,328.4,84493
2026-04-15T10:00:00+05:30,328.5,328.7,327.65,328.5,92152
2026-04-15T10:15:00+05:30,328.5,328.9,327.9,328.45,102082
2026-04-15T10:30:00+05:30,328.45,328.8,328.15,328.8,79063
2026-04-15T10:45:00+05:30,328.85,329.0,327.9,328.35,78492
2026-04-15T11:00:00+05:30,328.35,328.45,328.0,328.15,36336
2026-04-15T11:15:00+05:30,328.2,329.7,328.15,329.25,164762
2026-04-15T11:30:00+05:30,329.45,329.45,328.1,328.15,41531
2026-04-15T11:45:00+05:30,328.2,328.2,326.6,327.05,74439
2026-04-15T12:00:00+05:30,327.05,327.85,327.0,327.3,57021
2026-04-15T12:15:00+05:30,327.3,328.75,326.95,328.55,37804
2026-04-15T12:30:00+05:30,328.6,329.6,328.25,329.2,79508
2026-04-15T12:45:00+05:30,329.15,329.7,329.05,329.5,44209
2026-04-15T13:00:00+05:30,329.3,331.35,329.25,330.5,302615
2026-04-15T13:15:00+05:30,330.5,330.8,328.95,329.6,74638
2026-04-15T13:30:00+05:30,329.6,329.95,328.9,329.2,58196
2026-04-15T13:45:00+05:30,329.4,330.0,329.15,329.75,52815
2026-04-15T14:00:00+05:30,329.65,331.0,329.4,330.9,66319
2026-04-15T14:15:00+05:30,330.95,332.0,330.05,331.8,188240
2026-04-15T14:30:00+05:30,331.9,331.9,330.95,331.2,87021
2026-04-15T14:45:00+05:30,331.1,331.5,329.9,331.0,94320
2026-04-15T15:00:00+05:30,331.0,332.3,330.6,331.6,201493
2026-04-15T15:15:00+05:30,331.4,333.9,331.15,333.75,294642
2026-04-16T09:15:00+05:30,333.75,339.4,332.4,337.05,237226
2026-04-16T09:30:00+05:30,337.05,337.8,336.05,336.1,87164
2026-04-16T09:45:00+05:30,336.3,337.0,335.45,336.3,68239
2026-04-16T10:00:00+05:30,336.1,336.4,335.3,335.75,39181
2026-04-16T10:15:00+05:30,335.9,336.5,334.8,336.5,98901
2026-04-16T10:30:00+05:30,336.5,337.0,336.15,337.0,24840
2026-04-16T10:45:00+05:30,337.0,338.95,336.7,337.55,188527
2026-04-16T11:00:00+05:30,337.8,339.25,337.1,338.55,81334
2026-04-16T11:15:00+05:30,338.75,339.3,338.45,339.2,60699
2026-04-16T11:30:00+05:30,339.05,339.25,337.6,338.7,62980
2026-04-16T11:45:00+05:30,338.65,338.8,336.6,336.85,61279
2026-04-16T12:00:00+05:30,336.8,337.0,336.25,336.45,26707
2026-04-16T12:15:00+05:30,336.25,337.7,336.0,337.05,45642
2026-04-16T12:30:00+05:30,337.05,337.55,336.0,336.55,57426
2026-04-16T12:45:00+05:30,336.6,336.6,334.0,335.0,74303
2026-04-16T13:00:00+05:30,335.0,335.55,334.55,334.6,23799
2026-04-16T13:15:00+05:30,334.55,336.1,334.55,335.9,40846
2026-04-16T13:30:00+05:30,335.75,336.15,335.5,335.8,21487
2026-04-16T13:45:00+05:30,335.8,336.5,335.8,336.35,21048
2026-04-16T14:00:00+05:30,336.45,336.45,335.2,336.0,36819
2026-04-16T14:15:00+05:30,335.85,336.4,335.7,336.0,37994
2026-04-16T14:30:00+05:30,335.95,336.3,335.7,335.9,37036
2026-04-16T14:45:00+05:30,336.0,336.4,335.85,336.3,74238
2026-04-16T15:00:00+05:30,336.3,336.3,335.55,335.9,79138
2026-04-16T15:15:00+05:30,335.9,336.15,335.55,335.95,97356
2026-04-17T09:15:00+05:30,334.0,336.95,332.5,336.2,107736
2026-04-17T09:30:00+05:30,336.45,336.85,334.0,334.75,79172
2026-04-17T09:45:00+05:30,334.75,335.8,334.45,335.6,41783
2026-04-17T10:00:00+05:30,335.6,336.4,335.3,336.15,28254
2026-04-17T10:15:00+05:30,336.15,336.6,335.4,336.35,63485
2026-04-17T10:30:00+05:30,336.35,336.6,335.6,335.9,26961
2026-04-17T10:45:00+05:30,335.9,337.45,335.6,336.75,37625
2026-04-17T11:00:00+05:30,336.75,337.9,336.1,337.25,44025
2026-04-17T11:15:00+05:30,337.2,337.25,334.8,335.8,53627
2026-04-17T11:30:00+05:30,335.95,336.0,335.3,336.0,27542
2026-04-17T11:45:00+05:30,336.0,336.0,335.8,335.95,36238
2026-04-17T12:00:00+05:30,335.8,336.0,334.95,335.5,63683
2026-04-17T12:15:00+05:30,335.7,335.8,335.25,335.7,16669
2026-04-17T12:30:00+05:30,335.5,336.0,335.5,335.8,41273
2026-04-17T12:45:00+05:30,335.8,336.0,335.5,335.95,32697
2026-04-17T13:00:00+05:30,335.95,336.25,335.65,335.95,172015
2026-04-17T13:15:00+05:30,335.95,336.0,335.3,335.75,45458
2026-04-17T13:30:00+05:30,336.0,336.0,335.65,336.0,51341
2026-04-17T13:45:00+05:30,335.95,336.15,335.35,336.0,124888
2026-04-17T14:00:00+05:30,336.0,336.0,335.9,336.0,17976
2026-04-17T14:15:00+05:30,336.0,336.25,335.9,335.95,101342
2026-04-17T14:30:00+05:30,335.95,337.4,335.9,337.25,154093
2026-04-17T14:45:00+05:30,337.4,338.55,337.2,338.2,113398
2026-04-17T15:00:00+05:30,338.3,338.3,337.3,337.95,105497
2026-04-17T15:15:00+05:30,337.95,338.0,337.5,337.5,112450
2026-04-20T09:15:00+05:30,338.0,338.6,333.25,335.7,165395
2026-04-20T09:30:00+05:30,335.7,335.7,334.3,334.8,58360
2026-04-20T09:45:00+05:30,334.65,335.1,333.9,334.55,60754
2026-04-20T10:00:00+05:30,334.55,335.9,334.5,335.55,35366
2026-04-20T10:15:00+05:30,335.8,336.25,335.55,335.95,21600
2026-04-20T10:30:00+05:30,336.1,336.9,335.25,336.6,27662
2026-04-20T10:45:00+05:30,336.7,336.7,335.55,335.65,27616
2026-04-20T11:00:00+05:30,335.65,336.4,334.95,335.0,98858
2026-04-20T11:15:00+05:30,335.1,336.5,335.0,336.3,23322
2026-04-20T11:30:00+05:30,336.3,336.5,335.8,336.0,18337
2026-04-20T11:45:00+05:30,336.2,336.4,336.05,336.3,15914
2026-04-20T12:00:00+05:30,336.3,336.35,334.15,334.55,84720
2026-04-20T12:15:00+05:30,334.7,335.45,334.45,335.2,47460
2026-04-20T12:30:00+05:30,335.2,336.2,335.0,335.75,67753
2026-04-20T12:45:00+05:30,335.75,336.05,335.5,335.7,20282
2026-04-20T13:00:00+05:30,335.75,336.0,335.0,335.8,34811
2026-04-20T13:15:00+05:30,335.8,335.95,335.05,335.5,34070
2026-04-20T13:30:00+05:30,335.55,336.55,335.5,336.3,32695
2026-04-20T13:45:00+05:30,336.55,336.85,336.0,336.65,32290
2026-04-20T14:00:00+05:30,336.4,336.75,336.15,336.25,55026
2026-04-20T14:15:00+05:30,336.25,337.0,336.0,337.0,44817
2026-04-20T14:30:00+05:30,337.0,337.4,336.95,337.2,29470
2026-04-20T14:45:00+05:30,337.4,337.85,337.1,337.55,24395
2026-04-20T15:00:00+05:30,337.55,337.55,335.8,336.0,90935
2026-04-20T15:15:00+05:30,335.9,336.0,333.1,334.0,226403
2026-04-21T09:15:00+05:30,336.85,338.25,334.4,335.7,78174
2026-04-21T09:30:00+05:30,335.7,335.9,334.6,335.05,45850
2026-04-21T09:45:00+05:30,335.1,335.2,333.15,333.45,55967
2026-04-21T10:00:00+05:30,333.55,333.85,332.5,332.8,57314
2026-04-21T10:15:00+05:30,332.8,332.95,331.7,332.15,45140
2026-04-21T10:30:00+05:30,332.0,333.9,332.0,333.15,50794
2026-04-21T10:45:00+05:30,332.9,333.3,332.65,332.95,20836
2026-04-21T11:00:00+05:30,332.95,333.5,332.7,332.7,24997
2026-04-21T11:15:00+05:30,332.7,333.5,332.6,332.9,39462
2026-04-21T11:30:00+05:30,332.9,333.5,332.8,333.15,19002
2026-04-21T11:45:00+05:30,333.1,333.5,332.8,332.8,20987
2026-04-21T12:00:00+05:30,332.8,333.35,332.65,333.3,25577
2026-04-21T12:15:00+05:30,333.15,333.95,333.05,333.5,43269
2026-04-21T12:30:00+05:30,333.5,334.0,333.25,333.45,63220
2026-04-21T12:45:00+05:30,333.5,334.4,333.0,333.55,46134
2026-04-21T13:00:00+05:30,333.5,333.85,333.2,333.25,26851
2026-04-21T13:15:00+05:30,333.5,333.5,333.0,333.4,25429
2026-04-21T13:30:00+05:30,333.45,333.5,333.2,333.3,23434
2026-04-21T13:45:00+05:30,333.4,334.55,332.2,334.05,206232
2026-04-21T14:00:00+05:30,334.15,334.35,333.65,334.1,60788
2026-04-21T14:15:00+05:30,334.1,334.25,333.5,333.95,134223
2026-04-21T14:30:00+05:30,334.05,336.0,333.4,334.8,278018
2026-04-21T14:45:00+05:30,334.85,338.05,334.0,334.55,577669
2026-04-21T15:00:00+05:30,334.35,335.5,333.0,335.0,328058
2026-04-21T15:15:00+05:30,334.9,336.8,333.1,336.5,237155
2026-04-22T09:15:00+05:30,334.95,338.6,333.9,336.0,117654
2026-04-22T09:30:00+05:30,336.0,336.7,335.1,336.0,44247
2026-04-22T09:45:00+05:30,336.0,336.35,333.15,333.45,148612
2026-04-22T10:00:00+05:30,333.2,333.5,332.55,333.0,36532
2026-04-22T10:15:00+05:30,332.9,333.1,332.55,332.7,34788
2026-04-22T10:30:00+05:30,332.7,333.8,332.5,333.6,27649
2026-04-22T10:45:00+05:30,333.5,333.8,333.0,333.2,28176
2026-04-22T11:00:00+05:30,333.2,333.45,332.5,332.65,35731
2026-04-22T11:15:00+05:30,332.55,333.3,332.5,332.6,18504
2026-04-22T11:30:00+05:30,332.6,333.45,332.5,332.7,15768
2026-04-22T11:45:00+05:30,332.7,332.9,332.5,332.7,16244
2026-04-22T12:00:00+05:30,332.75,332.95,332.5,332.6,23120
2026-04-22T12:15:00+05:30,332.6,332.8,332.0,332.4,32057
2026-04-22T12:30:00+05:30,332.3,332.9,332.1,332.2,13872
2026-04-22T12:45:00+05:30,332.25,332.95,332.1,332.75,19883
2026-04-22T13:00:00+05:30,332.75,333.0,332.6,332.6,17686
2026-04-22T13:15:00+05:30,332.75,333.0,332.1,332.15,22465
2026-04-22T13:30:00+05:30,332.1,332.7,332.0,332.3,46424
2026-04-22T13:45:00+05:30,332.3,334.5,332.3,333.6,45614
2026-04-22T14:00:00+05:30,333.6,335.5,333.6,335.25,104402
2026-04-22T14:15:00+05:30,335.25,336.1,335.0,335.95,58690
2026-04-22T14:30:00+05:30,336.0,337.45,335.45,337.3,133187
2026-04-22T14:45:00+05:30,337.2,337.85,337.0,337.55,82636
2026-04-22T15:00:00+05:30,337.8,337.8,336.5,337.4,138131
2026-04-22T15:15:00+05:30,337.45,338.0,336.7,337.95,242246
2026-04-23T09:15:00+05:30,338.95,342.9,336.3,342.55,430508
2026-04-23T09:30:00+05:30,342.55,342.55,340.5,340.85,282893
2026-04-23T09:45:00+05:30,340.85,341.6,340.05,341.45,79225
2026-04-23T10:00:00+05:30,341.4,341.7,340.5,340.95,92399
2026-04-23T10:15:00+05:30,340.85,341.05,339.35,339.75,64244
2026-04-23T10:30:00+05:30,339.75,339.75,338.0,338.55,92784
2026-04-23T10:45:00+05:30,338.55,341.1,338.3,340.4,106175
2026-04-23T11:00:00+05:30,340.4,343.0,340.3,341.65,385615
2026-04-23T11:15:00+05:30,341.65,341.95,340.8,341.25,55957
2026-04-23T11:30:00+05:30,341.25,342.35,341.2,341.55,85735
2026-04-23T11:45:00+05:30,341.6,341.6,340.7,341.25,47396
2026-04-23T12:00:00+05:30,341.25,342.0,339.25,340.0,707512
2026-04-23T12:15:00+05:30,340.3,342.0,340.05,341.9,209539
2026-04-23T12:30:00+05:30,341.65,342.4,341.3,341.5,196973
2026-04-23T12:45:00+05:30,341.5,341.9,340.85,341.75,73369
2026-04-23T13:00:00+05:30,341.65,342.25,341.55,341.8,135536
2026-04-23T13:15:00+05:30,341.85,342.2,341.15,342.2,77275
2026-04-23T13:30:00+05:30,342.15,343.0,341.6,342.05,283584
2026-04-23T13:45:00+05:30,341.95,343.4,341.55,342.3,312551
2026-04-23T14:00:00+05:30,342.25,342.5,341.0,341.4,94062
2026-04-23T14:15:00+05:30,341.2,341.8,341.0,341.1,66121
2026-04-23T14:30:00+05:30,341.25,342.9,341.05,342.7,201688
2026-04-23T14:45:00+05:30,342.55,343.5,342.0,343.3,226774
2026-04-23T15:00:00+05:30,343.45,343.8,339.35,339.75,351953
2026-04-23T15:15:00+05:30,339.75,340.8,338.1,339.0,449743
2026-04-24T09:15:00+05:30,345.2,346.0,337.0,338.35,1875272
2026-04-24T09:30:00+05:30,338.2,341.25,335.5,341.05,512682
2026-04-24T09:45:00+05:30,341.25,342.75,340.45,341.0,493308
2026-04-24T10:00:00+05:30,340.95,341.7,339.15,339.25,202032
2026-04-24T10:15:00+05:30,339.45,339.6,338.5,338.9,99351
2026-04-24T10:30:00+05:30,338.95,339.7,337.2,337.4,140681
2026-04-24T10:45:00+05:30,337.35,339.4,337.15,339.05,152020
2026-04-24T11:00:00+05:30,339.15,339.15,337.6,338.35,93873
2026-04-24T11:15:00+05:30,338.45,338.85,337.65,338.35,65159
2026-04-24T11:30:00+05:30,338.4,338.6,337.35,337.45,64003
2026-04-24T11:45:00+05:30,337.45,337.8,336.65,337.45,96232
2026-04-24T12:00:00+05:30,337.45,337.5,335.8,336.9,155639
2026-04-24T12:15:00+05:30,337.1,337.35,336.2,336.6,67216
2026-04-24T12:30:00+05:30,336.6,337.6,336.45,337.5,45769
2026-04-24T12:45:00+05:30,337.5,338.2,337.4,337.8,69003
2026-04-24T13:00:00+05:30,337.8,338.0,337.35,337.9,50030
2026-04-24T13:15:00+05:30,337.9,337.9,336.35,336.8,95438
2026-04-24T13:30:00+05:30,336.8,336.8,336.2,336.25,88096
2026-04-24T13:45:00+05:30,336.3,336.75,335.7,336.65,119691
2026-04-24T14:00:00+05:30,336.65,337.15,336.1,336.75,47364
2026-04-24T14:15:00+05:30,336.95,337.2,334.6,336.05,149428
2026-04-24T14:30:00+05:30,336.2,336.75,335.8,336.2,78790
2026-04-24T14:45:00+05:30,336.3,338.4,335.5,338.1,208339
2026-04-24T15:00:00+05:30,338.15,338.75,337.1,338.05,301125
2026-04-24T15:15:00+05:30,338.05,338.35,334.95,335.0,549733
