datetime,open,high,low,close,volume
2024-10-28T10:00:00+05:30,2500.05,2624.4,2300.0,2349.2,7729720
2024-10-28T10:15:00+05:30,2347.55,2412.15,2327.0,2377.15,1811882
2024-10-28T10:30:00+05:30,2377.15,2425.0,2362.15,2403.0,924871
2024-10-28T10:45:00+05:30,2403.0,2495.0,2377.0,2461.15,1351104
2024-10-28T11:00:00+05:30,2461.15,2483.35,2430.0,2473.4,605089
2024-10-28T11:15:00+05:30,2474.85,2479.95,2460.0,2468.05,276925
2024-10-28T11:30:00+05:30,2468.05,2498.9,2468.0,2481.35,489735
2024-10-28T11:45:00+05:30,2481.25,2491.4,2436.0,2446.7,372435
2024-10-28T12:00:00+05:30,2446.55,2454.5,2411.0,2435.75,418448
2024-10-28T12:15:00+05:30,2436.0,2440.4,2375.1,2386.0,496448
2024-10-28T12:30:00+05:30,2385.45,2405.0,2367.05,2401.0,330444
2024-10-28T12:45:00+05:30,2401.25,2402.0,2355.75,2370.3,222235
2024-10-28T13:00:00+05:30,2370.05,2388.0,2370.0,2382.0,144281
2024-10-28T13:15:00+05:30,2382.0,2382.0,2342.0,2362.45,275140
2024-10-28T13:30:00+05:30,2362.0,2379.0,2360.0,2366.25,120555
2024-10-28T13:45:00+05:30,2366.75,2400.0,2361.0,2395.15,234735
2024-10-28T14:00:00+05:30,2395.15,2405.0,2375.0,2387.7,213238
2024-10-28T14:15:00+05:30,2387.7,2389.0,2364.0,2369.3,153503
2024-10-28T14:30:00+05:30,2369.3,2370.0,2350.05,2358.2,309480
2024-10-28T14:45:00+05:30,2358.0,2361.0,2325.75,2333.9,430426
2024-10-28T15:00:00+05:30,2333.6,2354.8,2300.0,2352.6,1025410
2024-10-28T15:15:00+05:30,2352.15,2363.75,2341.75,2345.0,1060253
2024-10-29T09:15:00+05:30,2375.0,2454.0,2352.05,2414.75,1545954
2024-10-29T09:30:00+05:30,2414.75,2439.8,2407.55,2428.9,515917
2024-10-29T09:45:00+05:30,2428.9,2433.45,2382.5,2407.9,433723
2024-10-29T10:00:00+05:30,2407.9,2460.0,2402.15,2426.2,861402
2024-10-29T10:15:00+05:30,2426.2,2462.95,2416.3,2448.45,418435
2024-10-29T10:30:00+05:30,2448.0,2468.0,2430.0,2462.15,369685
2024-10-29T10:45:00+05:30,2463.0,2482.8,2457.3,2473.0,558625
2024-10-29T11:00:00+05:30,2472.95,2497.0,2468.0,2488.05,575671
2024-10-29T11:15:00+05:30,2488.7,2494.4,2455.0,2462.3,291086
2024-10-29T11:30:00+05:30,2462.5,2474.0,2437.0,2449.0,284717
2024-10-29T11:45:00+05:30,2448.4,2455.25,2438.0,2451.7,175665
2024-10-29T12:00:00+05:30,2450.25,2460.0,2448.5,2459.35,105090
2024-10-29T12:15:00+05:30,2457.8,2468.4,2451.6,2456.0,130095
2024-10-29T12:30:00+05:30,2455.5,2458.6,2439.0,2448.5,84989
2024-10-29T12:45:00+05:30,2448.55,2450.0,2442.0,2448.95,46797
2024-10-29T13:00:00+05:30,2448.15,2450.0,2390.0,2396.95,285222
2024-10-29T13:15:00+05:30,2397.7,2421.9,2396.25,2418.0,145169
2024-10-29T13:30:00+05:30,2418.0,2422.0,2406.05,2409.4,88865
2024-10-29T13:45:00+05:30,2409.4,2424.0,2403.55,2420.55,70041
2024-10-29T14:00:00+05:30,2421.9,2427.0,2416.35,2420.0,75134
2024-10-29T14:15:00+05:30,2420.55,2421.8,2411.0,2420.5,77270
2024-10-29T14:30:00+05:30,2420.5,2421.8,2416.0,2417.15,48725
2024-10-29T14:45:00+05:30,2417.0,2418.45,2392.0,2397.8,159227
2024-10-29T15:00:00+05:30,2398.35,2400.0,2377.05,2388.75,160538
2024-10-29T15:15:00+05:30,2388.9,2389.9,2366.05,2378.65,368268
2024-10-30T09:15:00+05:30,2391.0,2431.7,2370.15,2426.9,555697
2024-10-30T09:30:00+05:30,2427.95,2430.0,2391.85,2414.1,248649
2024-10-30T09:45:00+05:30,2415.0,2419.0,2402.0,2404.0,78184
2024-10-30T10:00:00+05:30,2404.0,2419.25,2401.15,2412.0,65333
2024-10-30T10:15:00+05:30,2412.0,2415.2,2403.65,2411.45,48934
2024-10-30T10:30:00+05:30,2412.65,2424.0,2410.0,2415.0,61218
2024-10-30T10:45:00+05:30,2416.0,2416.0,2402.05,2406.15,41785
2024-10-30T11:00:00+05:30,2406.15,2419.0,2405.0,2415.0,85500
2024-10-30T11:15:00+05:30,2416.0,2419.8,2411.0,2417.65,39318
2024-10-30T11:30:00+05:30,2418.9,2447.0,2416.0,2439.0,235094
2024-10-30T11:45:00+05:30,2439.0,2440.0,2421.25,2425.05,66404
2024-10-30T12:00:00+05:30,2425.05,2432.25,2425.0,2429.0,47313
2024-10-30T12:15:00+05:30,2428.5,2429.5,2426.15,2428.0,32341
2024-10-30T12:30:00+05:30,2428.9,2440.45,2427.4,2433.8,67747
2024-10-30T12:45:00+05:30,2433.8,2436.0,2430.0,2433.0,30506
2024-10-30T13:00:00+05:30,2433.0,2433.0,2430.1,2430.2,29541
2024-10-30T13:15:00+05:30,2431.25,2432.0,2408.05,2423.0,84427
2024-10-30T13:30:00+05:30,2423.0,2427.05,2413.0,2416.0,45152
2024-10-30T13:45:00+05:30,2414.95,2418.0,2400.0,2403.5,74983
2024-10-30T14:00:00+05:30,2403.5,2410.0,2395.0,2396.0,56048
2024-10-30T14:15:00+05:30,2396.0,2408.5,2395.0,2408.0,109052
2024-10-30T14:30:00+05:30,2408.0,2409.9,2405.0,2407.0,25604
2024-10-30T14:45:00+05:30,2407.25,2419.0,2401.3,2414.7,55809
2024-10-30T15:00:00+05:30,2414.0,2450.0,2411.1,2447.05,347079
2024-10-30T15:15:00+05:30,2447.05,2450.0,2437.0,2442.35,287707
2024-10-31T09:15:00+05:30,2453.0,2554.7,2441.7,2539.0,1249552
2024-10-31T09:30:00+05:30,2539.0,2588.0,2508.85,2576.0,985045
2024-10-31T09:45:00+05:30,2577.0,2657.0,2557.0,2638.95,1522448
2024-10-31T10:00:00+05:30,2638.95,2718.0,2620.0,2673.95,1579519
2024-10-31T10:15:00+05:30,2673.95,2694.0,2652.3,2691.95,560197
2024-10-31T10:30:00+05:30,2690.1,2692.95,2636.8,2647.85,475933
2024-10-31T10:45:00+05:30,2649.0,2655.0,2626.25,2627.0,269143
2024-10-31T11:00:00+05:30,2627.0,2660.0,2625.0,2631.65,368148
2024-10-31T11:15:00+05:30,2630.1,2648.8,2628.0,2641.0,133439
2024-10-31T11:30:00+05:30,2641.8,2644.95,2631.75,2636.45,99840
2024-10-31T11:45:00+05:30,2637.05,2642.9,2612.6,2614.2,126727
2024-10-31T12:00:00+05:30,2615.0,2624.6,2603.25,2611.25,206721
2024-10-31T12:15:00+05:30,2611.25,2612.8,2582.0,2596.1,250551
2024-10-31T12:30:00+05:30,2595.2,2616.0,2590.5,2595.25,183059
2024-10-31T12:45:00+05:30,2595.95,2624.0,2590.1,2619.8,98426
2024-10-31T13:00:00+05:30,2620.35,2638.9,2618.7,2637.65,201995
2024-10-31T13:15:00+05:30,2637.65,2638.9,2614.15,2631.55,99098
2024-10-31T13:30:00+05:30,2631.5,2653.6,2616.0,2649.0,134106
2024-10-31T13:45:00+05:30,2648.95,2652.0,2616.0,2617.1,163368
2024-10-31T14:00:00+05:30,2617.1,2635.0,2617.1,2630.1,123988
2024-10-31T14:15:00+05:30,2630.95,2653.9,2628.0,2642.5,218709
2024-10-31T14:30:00+05:30,2642.5,2669.0,2638.05,2659.85,296127
2024-10-31T14:45:00+05:30,2659.0,2711.0,2658.0,2677.65,903749
2024-10-31T15:00:00+05:30,2676.0,2724.0,2662.0,2710.3,905502
2024-10-31T15:15:00+05:30,2710.25,2758.7,2709.0,2749.95,1166477
2024-11-01T18:00:00+05:30,2780.0,2883.8,2776.55,2875.95,2033252
2024-11-01T18:15:00+05:30,2876.0,2897.7,2855.65,2892.05,1215874
2024-11-01T18:30:00+05:30,2893.0,2910.0,2872.0,2877.0,1001071
2024-11-01T18:45:00+05:30,2877.0,2909.0,2867.1,2895.0,1021888
2024-11-04T09:15:00+05:30,2909.0,2915.0,2725.05,2758.0,1715584
2024-11-04T09:30:00+05:30,2758.55,2777.4,2750.0,2757.6,419846
2024-11-04T09:45:00+05:30,2757.6,2772.9,2712.0,2771.75,536504
2024-11-04T10:00:00+05:30,2771.8,2804.8,2751.1,2761.9,399680
2024-11-04T10:15:00+05:30,2761.9,2820.0,2751.2,2819.15,453746
2024-11-04T10:30:00+05:30,2819.0,2828.0,2785.2,2806.75,321915
2024-11-04T10:45:00+05:30,2806.75,2829.8,2803.4,2826.95,261206
2024-11-04T11:00:00+05:30,2826.95,2833.0,2802.0,2831.35,211510
2024-11-04T11:15:00+05:30,2832.9,2898.95,2825.05,2868.0,782648
2024-11-04T11:30:00+05:30,2868.25,2968.0,2845.0,2955.0,748573
2024-11-04T11:45:00+05:30,2956.0,2992.3,2940.05,2980.1,902728
2024-11-04T12:00:00+05:30,2980.1,3015.0,2966.0,2972.3,903043
2024-11-04T12:15:00+05:30,2972.7,2973.95,2912.0,2913.85,573760
2024-11-04T12:30:00+05:30,2913.85,2914.4,2881.1,2908.95,463462
2024-11-04T12:45:00+05:30,2908.95,2923.65,2885.1,2897.05,236525
2024-11-04T13:00:00+05:30,2897.95,2924.95,2890.0,2919.0,165771
2024-11-04T13:15:00+05:30,2920.0,2920.0,2865.05,2868.85,198183
2024-11-04T13:30:00+05:30,2866.9,2894.0,2866.5,2893.0,137070
2024-11-04T13:45:00+05:30,2893.0,2923.85,2892.3,2917.95,179801
2024-11-04T14:00:00+05:30,2917.0,2918.0,2900.0,2912.2,106169
2024-11-04T14:15:00+05:30,2912.0,2969.0,2902.0,2966.6,425391
2024-11-04T14:30:00+05:30,2966.6,2978.0,2920.0,2926.0,421753
2024-11-04T14:45:00+05:30,2926.0,2958.85,2925.0,2957.0,239253
2024-11-04T15:00:00+05:30,2957.0,3005.0,2936.6,2991.05,770674
2024-11-04T15:15:00+05:30,2991.05,3016.0,2986.75,2991.1,954444
2024-11-05T09:15:00+05:30,2978.0,3064.45,2931.3,2983.2,1443281
2024-11-05T09:30:00+05:30,2983.2,3034.95,2962.0,2996.2,637778
2024-11-05T09:45:00+05:30,2996.6,3064.4,2996.2,3051.9,475788
2024-11-05T10:00:00+05:30,3051.9,3072.5,3041.9,3063.0,392136
2024-11-05T10:15:00+05:30,3063.0,3074.45,3026.6,3055.3,324803
2024-11-05T10:30:00+05:30,3055.0,3088.0,3045.1,3066.0,339191
2024-11-05T10:45:00+05:30,3065.0,3097.7,3061.4,3097.7,330552
2024-11-05T11:00:00+05:30,3097.7,3119.95,3081.7,3105.95,640885
2024-11-05T11:15:00+05:30,3105.35,3157.8,3105.3,3143.75,468373
2024-11-05T11:30:00+05:30,3142.4,3178.95,3134.9,3138.9,495161
2024-11-05T11:45:00+05:30,3138.9,3156.4,3116.0,3156.4,274514
2024-11-05T12:00:00+05:30,3156.4,3158.0,3121.25,3134.9,228452
2024-11-05T12:15:00+05:30,3134.9,3158.0,3132.4,3156.0,139015
2024-11-05T12:30:00+05:30,3155.45,3193.55,3154.5,3176.65,379298
2024-11-05T12:45:00+05:30,3175.0,3205.9,3167.0,3184.9,333464
2024-11-05T13:00:00+05:30,3184.9,3219.0,3171.05,3215.35,330537
2024-11-05T13:15:00+05:30,3215.45,3311.15,3213.0,3302.0,821264
2024-11-05T13:30:00+05:30,3302.0,3306.8,3252.2,3294.0,450357
2024-11-05T13:45:00+05:30,3292.65,3407.75,3287.2,3335.45,1012376
2024-11-05T14:00:00+05:30,3336.4,3348.0,3265.65,3344.4,590356
2024-11-05T14:15:00+05:30,3342.45,3383.45,3333.15,3355.0,448239
2024-11-05T14:30:00+05:30,3355.0,3388.0,3351.05,3381.6,337640
2024-11-05T14:45:00+05:30,3382.9,3568.8,3378.5,3563.05,1587135
2024-11-05T15:00:00+05:30,3564.95,3566.6,3435.0,3451.0,1004463
2024-11-05T15:15:00+05:30,3452.0,3473.05,3410.05,3437.0,670819
2024-11-06T09:15:00+05:30,3434.0,3708.4,3425.0,3642.85,2279619
2024-11-06T09:30:00+05:30,3642.85,3735.45,3604.0,3715.05,963410
2024-11-06T09:45:00+05:30,3715.0,3743.0,3655.75,3655.8,613252
2024-11-06T10:00:00+05:30,3658.0,3687.8,3625.0,3662.0,486971
2024-11-06T10:15:00+05:30,3663.7,3665.0,3570.05,3580.35,568776
2024-11-06T10:30:00+05:30,3580.35,3582.8,3461.0,3555.0,881598
2024-11-06T10:45:00+05:30,3554.9,3615.0,3552.0,3581.65,398377
2024-11-06T11:00:00+05:30,3581.0,3596.0,3520.0,3534.8,221433
2024-11-06T11:15:00+05:30,3535.85,3585.0,3531.35,3569.65,155047
2024-11-06T11:30:00+05:30,3569.75,3648.05,3568.95,3637.15,361478
2024-11-06T11:45:00+05:30,3636.15,3638.25,3586.0,3614.0,154119
2024-11-06T12:00:00+05:30,3615.0,3615.0,3577.0,3588.85,117826
2024-11-06T12:15:00+05:30,3588.85,3636.75,3586.25,3616.0,129080
2024-11-06T12:30:00+05:30,3616.85,3618.0,3573.0,3588.55,97157
2024-11-06T12:45:00+05:30,3588.55,3614.4,3557.5,3595.25,126993
2024-11-06T13:00:00+05:30,3596.8,3605.0,3585.0,3593.65,47599
2024-11-06T13:15:00+05:30,3593.35,3645.0,3586.0,3630.1,153021
2024-11-06T13:30:00+05:30,3631.1,3656.0,3588.0,3604.95,194091
2024-11-06T13:45:00+05:30,3604.95,3637.0,3600.0,3630.05,105249
2024-11-06T14:00:00+05:30,3630.0,3655.0,3622.35,3644.35,174808
2024-11-06T14:15:00+05:30,3644.0,3670.0,3636.0,3643.95,256365
2024-11-06T14:30:00+05:30,3642.0,3649.0,3590.0,3605.3,204432
2024-11-06T14:45:00+05:30,3605.05,3635.5,3590.0,3624.6,135787
2024-11-06T15:00:00+05:30,3621.85,3666.0,3615.25,3645.9,268890
2024-11-06T15:15:00+05:30,3645.05,3652.95,3622.25,3632.1,333541
2024-11-07T09:15:00+05:30,3574.0,3619.8,3400.0,3511.15,1466760
2024-11-07T09:30:00+05:30,3513.8,3545.0,3481.15,3528.7,419899
2024-11-07T09:45:00+05:30,3528.7,3530.0,3441.2,3472.2,367163
2024-11-07T10:00:00+05:30,3470.0,3487.0,3440.0,3454.35,192889
2024-11-07T10:15:00+05:30,3452.0,3454.75,3354.0,3377.05,533589
2024-11-07T10:30:00+05:30,3378.95,3400.0,3315.2,3332.85,368743
2024-11-07T10:45:00+05:30,3333.0,3374.9,3331.0,3373.75,216179
2024-11-07T11:00:00+05:30,3373.2,3380.0,3333.45,3355.95,152233
2024-11-07T11:15:00+05:30,3354.05,3379.95,3352.0,3367.6,97863
2024-11-07T11:30:00+05:30,3364.65,3385.9,3356.4,3360.0,87909
2024-11-07T11:45:00+05:30,3360.0,3361.35,3345.0,3346.9,72847
2024-11-07T12:00:00+05:30,3346.1,3358.55,3325.0,3344.85,113252
2024-11-07T12:15:00+05:30,3344.85,3384.8,3339.0,3360.85,91292
2024-11-07T12:30:00+05:30,3360.1,3424.0,3351.3,3416.7,195038
2024-11-07T12:45:00+05:30,3415.0,3428.95,3390.0,3403.55,117104
2024-11-07T13:00:00+05:30,3403.55,3410.0,3370.15,3374.75,60076
2024-11-07T13:15:00+05:30,3373.65,3404.0,3372.0,3383.85,56854
2024-11-07T13:30:00+05:30,3382.3,3384.8,3352.0,3370.0,57621
2024-11-07T13:45:00+05:30,3370.0,3382.8,3368.0,3371.05,37505
2024-11-07T14:00:00+05:30,3372.0,3375.0,3345.9,3347.95,69233
2024-11-07T14:15:00+05:30,3347.0,3372.3,3345.0,3369.35,104190
2024-11-07T14:30:00+05:30,3367.75,3393.0,3350.0,3369.0,82085
2024-11-07T14:45:00+05:30,3369.0,3370.0,3300.0,3303.85,245577
2024-11-07T15:00:00+05:30,3302.05,3372.8,3301.55,3371.55,314104
2024-11-07T15:15:00+05:30,3372.65,3380.0,3344.0,3346.0,260247
2024-11-08T09:15:00+05:30,3303.5,3349.95,3186.0,3344.0,846239
2024-11-08T09:30:00+05:30,3343.65,3414.0,3311.0,3392.7,592131
2024-11-08T09:45:00+05:30,3392.7,3405.0,3305.0,3328.5,245038
2024-11-08T10:00:00+05:30,3328.45,3332.0,3281.0,3294.0,163336
2024-11-08T10:15:00+05:30,3292.35,3309.95,3236.0,3255.75,192193
2024-11-08T10:30:00+05:30,3254.0,3257.85,3200.0,3210.3,192856
2024-11-08T10:45:00+05:30,3208.25,3234.0,3202.0,3233.6,126914
2024-11-08T11:00:00+05:30,3233.45,3248.0,3210.0,3214.7,122764
2024-11-08T11:15:00+05:30,3214.0,3219.0,3166.0,3174.9,238406
2024-11-08T11:30:00+05:30,3174.9,3179.95,3101.0,3130.0,325238
2024-11-08T11:45:00+05:30,3128.2,3144.7,3103.0,3122.7,198835
2024-11-08T12:00:00+05:30,3122.7,3137.0,3110.0,3122.0,109084
2024-11-08T12:15:00+05:30,3122.0,3135.0,3106.65,3124.8,91185
2024-11-08T12:30:00+05:30,3124.75,3126.7,3056.75,3080.65,243883
2024-11-08T12:45:00+05:30,3080.65,3124.3,3077.3,3122.95,134126
2024-11-08T13:00:00+05:30,3122.0,3141.15,3102.0,3141.1,97097
2024-11-08T13:15:00+05:30,3141.1,3163.7,3115.0,3147.8,134519
2024-11-08T13:30:00+05:30,3148.0,3148.0,3125.0,3132.0,56126
2024-11-08T13:45:00+05:30,3131.5,3160.0,3131.1,3140.65,77164
2024-11-08T14:00:00+05:30,3140.0,3154.75,3100.0,3103.05,83147
2024-11-08T14:15:00+05:30,3103.05,3129.0,3100.0,3129.0,59189
2024-11-08T14:30:00+05:30,3128.95,3156.0,3121.5,3141.5,79203
2024-11-08T14:45:00+05:30,3143.6,3156.95,3131.05,3145.9,99856
2024-11-08T15:00:00+05:30,3145.9,3164.75,3121.75,3144.4,189757
2024-11-08T15:15:00+05:30,3144.4,3147.45,3103.0,3110.0,163066
2024-11-11T09:15:00+05:30,3070.4,3122.0,2980.0,3082.95,676300
2024-11-11T09:30:00+05:30,3082.8,3094.3,2971.0,2997.0,394644
2024-11-11T09:45:00+05:30,2998.4,3019.1,2954.0,2971.05,271852
2024-11-11T10:00:00+05:30,2973.0,2977.8,2930.0,2934.0,283711
2024-11-11T10:15:00+05:30,2935.35,2975.0,2924.8,2968.75,196658
2024-11-11T10:30:00+05:30,2968.75,3007.95,2955.0,2986.65,182110
2024-11-11T10:45:00+05:30,2986.65,3005.0,2955.0,2963.3,123890
2024-11-11T11:00:00+05:30,2963.3,2974.0,2955.0,2972.0,64053
2024-11-11T11:15:00+05:30,2972.0,2978.0,2935.05,2953.0,109583
2024-11-11T11:30:00+05:30,2952.1,2956.65,2937.05,2938.8,45099
2024-11-11T11:45:00+05:30,2938.8,2959.0,2925.0,2937.0,86802
2024-11-11T12:00:00+05:30,2937.0,2945.7,2915.1,2920.05,105646
2024-11-11T12:15:00+05:30,2920.05,2934.95,2911.15,2928.95,108787
2024-11-11T12:30:00+05:30,2928.95,2937.0,2925.1,2937.0,34576
2024-11-11T12:45:00+05:30,2936.9,2941.0,2925.0,2928.3,35117
2024-11-11T13:00:00+05:30,2928.3,2930.0,2876.0,2884.85,205615
2024-11-11T13:15:00+05:30,2883.0,2899.7,2870.0,2899.0,122566
2024-11-11T13:30:00+05:30,2899.0,2903.95,2857.1,2864.8,126237
2024-11-11T13:45:00+05:30,2864.8,2866.0,2831.35,2862.0,304109
2024-11-11T14:00:00+05:30,2860.5,2884.0,2841.25,2854.0,193295
2024-11-11T14:15:00+05:30,2854.0,2857.45,2825.25,2828.2,164234
2024-11-11T14:30:00+05:30,2828.0,2868.0,2825.75,2840.0,233097
2024-11-11T14:45:00+05:30,2836.6,2855.65,2830.25,2850.0,119612
2024-11-11T15:00:00+05:30,2850.85,2851.0,2820.35,2820.35,440755
2024-11-11T15:15:00+05:30,2820.35,2820.35,2820.35,2820.35,67709
2024-11-12T09:15:00+05:30,2821.95,2947.0,2762.25,2917.75,1093763
2024-11-12T09:30:00+05:30,2917.75,3014.0,2890.0,2996.9,700777
2024-11-12T09:45:00+05:30,2996.9,3012.95,2901.1,2928.0,392581
2024-11-12T10:00:00+05:30,2927.3,2939.9,2886.0,2917.15,220384
2024-11-12T10:15:00+05:30,2917.85,2923.0,2872.65,2895.55,159092
2024-11-12T10:30:00+05:30,2895.55,2904.6,2870.0,2877.0,85552
2024-11-12T10:45:00+05:30,2876.0,2899.9,2850.0,2881.45,130572
2024-11-12T11:00:00+05:30,2881.45,2908.4,2870.0,2888.0,55623
2024-11-12T11:15:00+05:30,2887.8,2907.0,2878.0,2897.65,46991
2024-11-12T11:30:00+05:30,2897.5,2929.95,2890.0,2911.6,112526
2024-11-12T11:45:00+05:30,2910.0,2925.0,2897.45,2908.75,61379
2024-11-12T12:00:00+05:30,2907.45,2937.3,2895.0,2922.25,73381
2024-11-12T12:15:00+05:30,2923.0,2929.7,2905.05,2911.0,28659
2024-11-12T12:30:00+05:30,2911.0,2917.55,2880.0,2896.0,60447
2024-11-12T12:45:00+05:30,2895.0,2895.0,2884.0,2887.0,34840
2024-11-12T13:00:00+05:30,2887.0,2907.0,2886.05,2897.95,30929
2024-11-12T13:15:00+05:30,2898.0,2898.0,2874.05,2876.1,34000
2024-11-12T13:30:00+05:30,2875.0,2890.0,2841.0,2853.0,95870
2024-11-12T13:45:00+05:30,2853.0,2880.0,2846.6,2872.2,49943
2024-11-12T14:00:00+05:30,2872.2,2876.75,2850.0,2851.7,28886
2024-11-12T14:15:00+05:30,2853.4,2869.9,2845.0,2850.0,38606
2024-11-12T14:30:00+05:30,2850.1,2866.6,2845.0,2863.95,23506
2024-11-12T14:45:00+05:30,2863.95,2875.0,2860.05,2868.25,31186
2024-11-12T15:00:00+05:30,2865.8,2897.8,2850.0,2874.15,160429
2024-11-12T15:15:00+05:30,2875.0,2884.95,2851.0,2859.7,132166
2024-11-13T09:15:00+05:30,2905.5,2970.0,2895.0,2941.15,369695
2024-11-13T09:30:00+05:30,2941.15,2941.85,2860.95,2872.85,210421
2024-11-13T09:45:00+05:30,2871.1,2878.15,2804.25,2859.0,227191
2024-11-13T10:00:00+05:30,2857.0,2863.7,2790.05,2806.7,86875
2024-11-13T10:15:00+05:30,2807.3,2838.0,2784.0,2818.0,143611
2024-11-13T10:30:00+05:30,2818.0,2859.0,2816.3,2844.0,73846
2024-11-13T10:45:00+05:30,2841.45,2856.0,2836.1,2845.55,38034
2024-11-13T11:00:00+05:30,2844.0,2867.0,2821.0,2848.35,59550
2024-11-13T11:15:00+05:30,2848.35,2899.9,2844.3,2898.65,88346
2024-11-13T11:30:00+05:30,2898.65,2906.95,2876.2,2883.6,80908
2024-11-13T11:45:00+05:30,2883.8,2898.8,2873.35,2892.05,35676
2024-11-13T12:00:00+05:30,2891.45,2894.85,2866.35,2872.0,36182
2024-11-13T12:15:00+05:30,2871.0,2894.9,2869.0,2889.05,20179
2024-11-13T12:30:00+05:30,2889.7,2889.7,2865.0,2865.8,18760
2024-11-13T12:45:00+05:30,2865.8,2878.0,2837.15,2842.5,44791
2024-11-13T13:00:00+05:30,2844.95,2858.0,2830.0,2854.7,52003
2024-11-13T13:15:00+05:30,2854.6,2854.6,2836.0,2838.1,14970
2024-11-13T13:30:00+05:30,2838.1,2859.75,2835.0,2855.0,22540
2024-11-13T13:45:00+05:30,2855.0,2874.95,2852.85,2866.15,31285
2024-11-13T14:00:00+05:30,2867.65,2884.3,2850.0,2850.0,32412
2024-11-13T14:15:00+05:30,2851.0,2859.0,2838.5,2843.0,34750
2024-11-13T14:30:00+05:30,2842.6,2855.0,2832.0,2852.0,36981
2024-11-13T14:45:00+05:30,2852.0,2879.95,2850.0,2869.0,67826
2024-11-13T15:00:00+05:30,2869.0,2899.7,2833.0,2866.95,141359
2024-11-13T15:15:00+05:30,2867.0,2900.0,2863.0,2899.0,130730
2024-11-14T09:15:00+05:30,2901.9,2959.0,2901.9,2915.25,281497
2024-11-14T09:30:00+05:30,2915.25,2923.45,2872.0,2890.0,146517
2024-11-14T09:45:00+05:30,2889.15,2931.0,2885.55,2925.0,92689
2024-11-14T10:00:00+05:30,2925.0,2968.0,2923.0,2942.95,188492
2024-11-14T10:15:00+05:30,2942.85,2944.8,2919.0,2935.35,52397
2024-11-14T10:30:00+05:30,2937.55,2952.0,2930.05,2936.45,47336
2024-11-14T10:45:00+05:30,2936.5,2940.0,2901.25,2918.0,54706
2024-11-14T11:00:00+05:30,2918.0,2923.5,2890.1,2895.9,50392
2024-11-14T11:15:00+05:30,2895.85,2924.0,2892.7,2920.0,24773
2024-11-14T11:30:00+05:30,2920.0,2939.95,2911.7,2925.8,39146
2024-11-14T11:45:00+05:30,2924.1,2933.0,2911.7,2914.1,15335
2024-11-14T12:00:00+05:30,2913.95,2935.0,2912.05,2932.55,24427
2024-11-14T12:15:00+05:30,2932.1,2934.0,2916.05,2926.0,13942
2024-11-14T12:30:00+05:30,2926.0,2926.8,2916.05,2919.35,12353
2024-11-14T12:45:00+05:30,2919.25,2920.55,2911.5,2913.95,7955
2024-11-14T13:00:00+05:30,2914.3,2929.8,2912.1,2923.0,10643
2024-11-14T13:15:00+05:30,2923.75,2928.65,2920.05,2923.0,9438
2024-11-14T13:30:00+05:30,2922.1,2930.0,2918.1,2920.0,16309
2024-11-14T13:45:00+05:30,2920.0,2923.0,2907.0,2918.0,15870
2024-11-14T14:00:00+05:30,2918.0,2925.0,2901.0,2907.05,30198
2024-11-14T14:15:00+05:30,2909.0,2909.5,2890.0,2900.0,37311
2024-11-14T14:30:00+05:30,2900.0,2904.9,2895.05,2898.0,15153
2024-11-14T14:45:00+05:30,2898.95,2915.0,2895.0,2913.55,25483
2024-11-14T15:00:00+05:30,2913.6,2937.4,2906.7,2910.0,107089
2024-11-14T15:15:00+05:30,2910.1,2918.0,2904.0,2915.95,91486
2024-11-18T09:15:00+05:30,2945.7,2952.8,2893.3,2935.15,195192
2024-11-18T09:30:00+05:30,2936.3,2956.0,2911.0,2946.45,128143
2024-11-18T09:45:00+05:30,2946.45,2997.0,2931.3,2956.1,255464
2024-11-18T10:00:00+05:30,2956.1,2987.0,2954.45,2969.2,85868
2024-11-18T10:15:00+05:30,2969.2,2978.0,2937.6,2938.05,72170
2024-11-18T10:30:00+05:30,2940.25,2950.0,2933.5,2937.3,44103
2024-11-18T10:45:00+05:30,2937.3,2973.0,2936.15,2971.65,45256
2024-11-18T11:00:00+05:30,2969.85,2970.0,2953.3,2962.0,25319
2024-11-18T11:15:00+05:30,2961.0,3040.0,2960.0,3039.9,198823
2024-11-18T11:30:00+05:30,3039.9,3094.7,3020.05,3090.0,426358
2024-11-18T11:45:00+05:30,3091.6,3145.0,3091.0,3129.9,453915
2024-11-18T12:00:00+05:30,3129.85,3131.5,3082.6,3127.95,209458
2024-11-18T12:15:00+05:30,3127.4,3183.7,3121.0,3162.35,317944
2024-11-18T12:30:00+05:30,3162.35,3176.7,3145.0,3167.25,122297
2024-11-18T12:45:00+05:30,3166.25,3186.0,3152.0,3152.0,113280
2024-11-18T13:00:00+05:30,3152.0,3177.95,3152.0,3163.85,64924
2024-11-18T13:15:00+05:30,3164.0,3164.5,3115.0,3133.0,117517
2024-11-18T13:30:00+05:30,3133.05,3148.0,3110.4,3133.0,66786
2024-11-18T13:45:00+05:30,3133.05,3148.6,3123.35,3136.05,30554
2024-11-18T14:00:00+05:30,3136.75,3165.0,3122.0,3151.0,74935
2024-11-18T14:15:00+05:30,3151.0,3165.0,3124.45,3135.35,61556
2024-11-18T14:30:00+05:30,3135.15,3140.0,3066.0,3072.3,162838
2024-11-18T14:45:00+05:30,3073.1,3130.0,3071.75,3124.95,130156
2024-11-18T15:00:00+05:30,3123.0,3144.0,3104.0,3116.75,121722
2024-11-18T15:15:00+05:30,3116.75,3121.9,3100.0,3106.0,146016
2024-11-19T09:15:00+05:30,2951.0,3030.0,2916.1,2961.75,630121
2024-11-19T09:30:00+05:30,2963.1,2975.0,2927.8,2972.45,265223
2024-11-19T09:45:00+05:30,2972.65,3013.3,2962.0,3010.75,223556
2024-11-19T10:00:00+05:30,3011.25,3044.0,3006.0,3019.7,330178
2024-11-19T10:15:00+05:30,3018.25,3023.8,2985.0,3013.9,150700
2024-11-19T10:30:00+05:30,3013.0,3017.0,2977.0,2994.3,103214
2024-11-19T10:45:00+05:30,2992.75,3004.0,2985.0,2995.85,52805
2024-11-19T11:00:00+05:30,2995.85,3004.9,2971.25,3003.0,76331
2024-11-19T11:15:00+05:30,3004.7,3014.9,2995.35,3000.2,43798
2024-11-19T11:30:00+05:30,2999.0,3000.2,2982.25,2998.0,26913
2024-11-19T11:45:00+05:30,2998.0,3006.0,2981.2,3002.95,45456
2024-11-19T12:00:00+05:30,3003.0,3023.95,2996.5,3021.85,72888
2024-11-19T12:15:00+05:30,3022.05,3024.0,3000.4,3005.8,48594
2024-11-19T12:30:00+05:30,3005.9,3009.4,2996.0,3000.0,30375
2024-11-19T12:45:00+05:30,2999.0,2999.0,2982.1,2988.0,52058
2024-11-19T13:00:00+05:30,2987.95,3007.0,2978.0,3002.0,47695
2024-11-19T13:15:00+05:30,3003.45,3004.0,2991.6,2995.65,15104
2024-11-19T13:30:00+05:30,2995.65,2997.15,2981.0,2988.9,36030
2024-11-19T13:45:00+05:30,2988.0,2991.8,2980.0,2984.45,48171
2024-11-19T14:00:00+05:30,2984.45,2984.9,2961.1,2963.8,81806
2024-11-19T14:15:00+05:30,2962.45,2970.0,2950.0,2958.95,79905
2024-11-19T14:30:00+05:30,2958.95,2960.0,2940.0,2942.15,88160
2024-11-19T14:45:00+05:30,2941.95,2944.85,2900.0,2905.0,230704
2024-11-19T15:00:00+05:30,2904.95,2927.85,2886.0,2897.6,226080
2024-11-19T15:15:00+05:30,2898.0,2909.0,2880.0,2883.0,237170
2024-11-21T09:15:00+05:30,2883.05,2915.0,2831.3,2858.45,342697
2024-11-21T09:30:00+05:30,2858.15,2874.0,2825.0,2862.2,188435
2024-11-21T09:45:00+05:30,2861.8,2881.0,2835.6,2840.6,95698
2024-11-21T10:00:00+05:30,2840.45,2850.0,2827.05,2830.0,71387
2024-11-21T10:15:00+05:30,2831.8,2836.65,2815.1,2828.05,91145
2024-11-21T10:30:00+05:30,2827.7,2838.0,2810.0,2824.5,68139
2024-11-21T10:45:00+05:30,2824.5,2834.9,2811.1,2828.0,48752
2024-11-21T11:00:00+05:30,2828.0,2842.95,2821.1,2823.0,43517
2024-11-21T11:15:00+05:30,2823.95,2829.85,2815.45,2824.45,47219
2024-11-21T11:30:00+05:30,2824.45,2825.05,2815.0,2825.0,29867
2024-11-21T11:45:00+05:30,2824.0,2825.0,2801.0,2810.0,72669
2024-11-21T12:00:00+05:30,2810.0,2812.9,2760.0,2778.15,151663
2024-11-21T12:15:00+05:30,2778.2,2795.4,2764.95,2780.0,89178
2024-11-21T12:30:00+05:30,2780.0,2788.85,2775.1,2779.7,60437
2024-11-21T12:45:00+05:30,2779.7,2781.0,2766.0,2766.05,39138
2024-11-21T13:00:00+05:30,2766.95,2780.0,2763.2,2780.0,44531
2024-11-21T13:15:00+05:30,2779.0,2780.75,2776.0,2777.6,24700
2024-11-21T13:30:00+05:30,2778.75,2780.4,2776.0,2778.2,21464
2024-11-21T13:45:00+05:30,2779.8,2781.45,2770.1,2779.0,35900
2024-11-21T14:00:00+05:30,2779.0,2780.0,2772.0,2778.0,24950
2024-11-21T14:15:00+05:30,2778.0,2779.0,2773.0,2776.2,20047
2024-11-21T14:30:00+05:30,2775.05,2777.85,2760.1,2763.05,68052
2024-11-21T14:45:00+05:30,2764.0,2764.1,2720.0,2725.1,190759
2024-11-21T15:00:00+05:30,2725.8,2739.95,2690.0,2730.9,239695
2024-11-21T15:15:00+05:30,2731.0,2747.7,2714.5,2730.0,154782
2024-11-22T09:15:00+05:30,2739.0,2805.0,2739.0,2773.85,281373
2024-11-22T09:30:00+05:30,2772.0,2775.0,2745.05,2759.95,93900
2024-11-22T09:45:00+05:30,2758.6,2760.05,2722.05,2749.9,113587
2024-11-22T10:00:00+05:30,2749.9,2764.0,2745.05,2762.9,42940
2024-11-22T10:15:00+05:30,2762.85,2767.8,2730.25,2738.9,55767
2024-11-22T10:30:00+05:30,2738.0,2748.65,2731.15,2734.95,23107
2024-11-22T10:45:00+05:30,2733.3,2741.95,2714.7,2722.0,52719
2024-11-22T11:00:00+05:30,2720.6,2724.95,2680.0,2688.35,129165
2024-11-22T11:15:00+05:30,2687.05,2706.95,2672.0,2699.0,87028
2024-11-22T11:30:00+05:30,2699.0,2705.0,2674.15,2695.4,48900
2024-11-22T11:45:00+05:30,2695.4,2704.0,2685.45,2702.75,31233
2024-11-22T12:00:00+05:30,2702.95,2711.5,2692.1,2708.2,36218
2024-11-22T12:15:00+05:30,2706.35,2719.8,2701.05,2708.15,35268
2024-11-22T12:30:00+05:30,2709.0,2745.0,2709.0,2731.45,72436
2024-11-22T12:45:00+05:30,2730.6,2733.0,2706.0,2722.0,26744
2024-11-22T13:00:00+05:30,2722.0,2730.0,2696.0,2700.2,28856
2024-11-22T13:15:00+05:30,2700.0,2701.05,2695.0,2699.8,20275
2024-11-22T13:30:00+05:30,2699.7,2700.0,2690.0,2699.15,19471
2024-11-22T13:45:00+05:30,2698.65,2699.15,2695.0,2698.8,12215
2024-11-22T14:00:00+05:30,2699.0,2707.95,2696.0,2698.0,30402
2024-11-22T14:15:00+05:30,2698.0,2698.75,2692.0,2692.8,19560
2024-11-22T14:30:00+05:30,2692.8,2702.95,2681.1,2699.9,55733
2024-11-22T14:45:00+05:30,2700.0,2703.0,2691.0,2697.0,42002
2024-11-22T15:00:00+05:30,2697.0,2719.95,2680.0,2710.75,119707
2024-11-22T15:15:00+05:30,2712.15,2714.0,2700.0,2702.0,103241
2024-11-25T09:15:00+05:30,2788.0,2789.95,2586.0,2606.5,754192
2024-11-25T09:30:00+05:30,2606.3,2612.0,2565.0,2594.1,432356
2024-11-25T09:45:00+05:30,2594.05,2627.7,2592.05,2615.0,263727
2024-11-25T10:00:00+05:30,2614.4,2643.7,2611.3,2642.0,200138
2024-11-25T10:15:00+05:30,2641.0,2662.0,2627.1,2628.7,289910
2024-11-25T10:30:00+05:30,2628.95,2630.85,2611.25,2618.2,71292
2024-11-25T10:45:00+05:30,2618.2,2629.0,2613.05,2626.75,45019
2024-11-25T11:00:00+05:30,2626.85,2628.4,2615.65,2618.35,24068
2024-11-25T11:15:00+05:30,2618.35,2627.75,2606.05,2623.35,47545
2024-11-25T11:30:00+05:30,2623.05,2623.3,2602.0,2609.35,39243
2024-11-25T11:45:00+05:30,2609.05,2613.0,2601.0,2603.6,52913
2024-11-25T12:00:00+05:30,2603.6,2611.0,2601.3,2602.05,25904
2024-11-25T12:15:00+05:30,2601.3,2608.0,2601.1,2604.0,18106
2024-11-25T12:30:00+05:30,2603.5,2607.75,2601.1,2607.5,19498
2024-11-25T12:45:00+05:30,2607.65,2612.0,2591.0,2596.95,66469
2024-11-25T13:00:00+05:30,2596.95,2600.0,2583.0,2596.25,61947
2024-11-25T13:15:00+05:30,2596.2,2606.95,2591.15,2592.0,44157
2024-11-25T13:30:00+05:30,2592.0,2597.95,2587.0,2587.8,28141
2024-11-25T13:45:00+05:30,2587.0,2594.4,2578.0,2589.0,67679
2024-11-25T14:00:00+05:30,2589.0,2599.15,2588.0,2593.15,45733
2024-11-25T14:15:00+05:30,2592.85,2616.0,2588.0,2606.3,76462
2024-11-25T14:30:00+05:30,2605.9,2615.0,2602.0,2602.95,48388
2024-11-25T14:45:00+05:30,2604.4,2609.9,2600.0,2603.8,42268
2024-11-25T15:00:00+05:30,2603.85,2613.9,2601.45,2605.5,91650
2024-11-25T15:15:00+05:30,2605.5,2610.05,2581.05,2590.0,182591
2024-11-26T09:15:00+05:30,2615.0,2622.3,2532.0,2585.05,434909
2024-11-26T09:30:00+05:30,2585.85,2599.7,2555.0,2568.4,164349
2024-11-26T09:45:00+05:30,2569.4,2572.0,2536.7,2542.95,263932
2024-11-26T10:00:00+05:30,2542.7,2561.0,2540.5,2554.45,81408
2024-11-26T10:15:00+05:30,2555.85,2556.0,2538.0,2544.05,104941
2024-11-26T10:30:00+05:30,2544.9,2554.5,2535.05,2552.05,91807
2024-11-26T10:45:00+05:30,2553.0,2554.0,2522.35,2532.9,146166
2024-11-26T11:00:00+05:30,2532.25,2555.1,2530.0,2550.65,71842
2024-11-26T11:15:00+05:30,2551.3,2551.95,2540.0,2545.0,28924
2024-11-26T11:30:00+05:30,2543.75,2549.95,2542.5,2547.6,15892
2024-11-26T11:45:00+05:30,2546.0,2575.0,2545.2,2566.0,115678
2024-11-26T12:00:00+05:30,2567.0,2571.15,2556.15,2558.35,36324
2024-11-26T12:15:00+05:30,2558.4,2569.0,2554.95,2556.15,32641
2024-11-26T12:30:00+05:30,2556.3,2564.7,2554.05,2563.0,20681
2024-11-26T12:45:00+05:30,2563.0,2564.7,2550.0,2552.4,24834
2024-11-26T13:00:00+05:30,2550.2,2553.8,2546.1,2549.65,26273
2024-11-26T13:15:00+05:30,2548.0,2552.9,2536.5,2540.65,25521
2024-11-26T13:30:00+05:30,2539.75,2543.9,2527.0,2528.0,74445
2024-11-26T13:45:00+05:30,2527.15,2535.0,2523.25,2532.0,67988
2024-11-26T14:00:00+05:30,2531.0,2532.0,2512.0,2516.85,153493
2024-11-26T14:15:00+05:30,2515.5,2547.0,2515.3,2525.1,207518
2024-11-26T14:30:00+05:30,2525.0,2539.85,2525.0,2535.15,59855
2024-11-26T14:45:00+05:30,2535.15,2545.0,2529.05,2533.1,53229
2024-11-26T15:00:00+05:30,2533.1,2539.0,2521.0,2526.9,91585
2024-11-26T15:15:00+05:30,2526.9,2529.0,2520.0,2523.9,154637
2024-11-27T09:15:00+05:30,2544.15,2614.0,2534.5,2599.0,483684
2024-11-27T09:30:00+05:30,2598.9,2613.55,2582.5,2604.4,222566
2024-11-27T09:45:00+05:30,2604.95,2605.0,2565.05,2568.8,153260
2024-11-27T10:00:00+05:30,2568.8,2590.75,2557.55,2590.0,116362
2024-11-27T10:15:00+05:30,2590.0,2644.0,2586.3,2638.65,280481
2024-11-27T10:30:00+05:30,2637.45,2649.9,2617.2,2622.35,198886
2024-11-27T10:45:00+05:30,2623.9,2644.95,2615.0,2635.0,98226
2024-11-27T11:00:00+05:30,2635.0,2649.0,2626.15,2642.0,89835
2024-11-27T11:15:00+05:30,2642.0,2678.0,2640.1,2671.1,251601
2024-11-27T11:30:00+05:30,2671.6,2675.0,2649.0,2651.4,99577
2024-11-27T11:45:00+05:30,2651.4,2652.5,2625.2,2633.2,91704
2024-11-27T12:00:00+05:30,2631.35,2635.0,2616.0,2620.2,81624
2024-11-27T12:15:00+05:30,2620.15,2625.75,2612.0,2613.0,78279
2024-11-27T12:30:00+05:30,2612.85,2617.35,2602.55,2604.45,69148
2024-11-27T12:45:00+05:30,2602.75,2617.0,2602.3,2613.7,45230
2024-11-27T13:00:00+05:30,2613.7,2616.95,2603.25,2611.9,38282
2024-11-27T13:15:00+05:30,2611.9,2633.0,2611.9,2632.85,55737
2024-11-27T13:30:00+05:30,2631.05,2632.75,2612.0,2616.1,31946
2024-11-27T13:45:00+05:30,2616.1,2618.0,2605.0,2612.05,27919
2024-11-27T14:00:00+05:30,2612.05,2619.0,2609.8,2610.05,27090
2024-11-27T14:15:00+05:30,2610.1,2614.0,2605.65,2611.8,15159
2024-11-27T14:30:00+05:30,2611.8,2611.95,2608.0,2611.95,14432
2024-11-27T14:45:00+05:30,2611.9,2629.0,2610.0,2625.0,59149
2024-11-27T15:00:00+05:30,2623.8,2623.8,2601.0,2610.45,114027
2024-11-27T15:15:00+05:30,2611.7,2612.5,2600.0,2602.0,122057
2024-11-28T09:15:00+05:30,2643.9,2680.95,2634.0,2672.95,513790
2024-11-28T09:30:00+05:30,2673.8,2686.35,2651.4,2653.15,166058
2024-11-28T09:45:00+05:30,2654.0,2663.0,2631.1,2634.65,107200
2024-11-28T10:00:00+05:30,2634.65,2645.0,2624.0,2625.85,106083
2024-11-28T10:15:00+05:30,2625.85,2634.0,2620.0,2631.0,66890
2024-11-28T10:30:00+05:30,2631.0,2631.0,2605.35,2621.95,115590
2024-11-28T10:45:00+05:30,2622.0,2623.0,2606.3,2616.9,42870
2024-11-28T11:00:00+05:30,2616.9,2628.95,2613.55,2625.35,64968
2024-11-28T11:15:00+05:30,2626.85,2636.0,2612.1,2630.65,44532
2024-11-28T11:30:00+05:30,2630.65,2638.5,2625.2,2633.0,66839
2024-11-28T11:45:00+05:30,2633.05,2639.9,2626.1,2631.65,74655
2024-11-28T12:00:00+05:30,2631.6,2632.0,2626.1,2629.7,21448
2024-11-28T12:15:00+05:30,2630.0,2636.05,2621.0,2631.0,21574
2024-11-28T12:30:00+05:30,2631.0,2634.0,2625.95,2630.0,28121
2024-11-28T12:45:00+05:30,2630.0,2631.0,2628.0,2628.1,19264
2024-11-28T13:00:00+05:30,2628.95,2629.25,2615.0,2622.5,32299
2024-11-28T13:15:00+05:30,2622.5,2631.0,2618.0,2630.0,26322
2024-11-28T13:30:00+05:30,2630.0,2631.0,2618.0,2623.0,25562
2024-11-28T13:45:00+05:30,2621.6,2630.0,2615.05,2623.5,29140
2024-11-28T14:00:00+05:30,2624.9,2635.0,2619.0,2622.55,36862
2024-11-28T14:15:00+05:30,2622.9,2633.0,2616.0,2629.9,37539
2024-11-28T14:30:00+05:30,2629.9,2652.0,2625.65,2631.55,86618
2024-11-28T14:45:00+05:30,2634.05,2635.0,2625.0,2628.9,39923
2024-11-28T15:00:00+05:30,2628.05,2647.4,2625.0,2638.0,74306
2024-11-28T15:15:00+05:30,2637.1,2639.6,2626.7,2630.3,108733
2024-11-29T09:15:00+05:30,2641.6,2651.45,2624.05,2631.95,95833
2024-11-29T09:30:00+05:30,2631.95,2634.35,2612.95,2620.0,56210
2024-11-29T09:45:00+05:30,2620.7,2629.9,2610.1,2617.0,47710
2024-11-29T10:00:00+05:30,2619.0,2625.95,2605.2,2605.5,36135
2024-11-29T10:15:00+05:30,2606.35,2616.85,2591.0,2614.05,57441
2024-11-29T10:30:00+05:30,2615.0,2619.15,2611.5,2613.25,17779
2024-11-29T10:45:00+05:30,2613.2,2623.0,2611.65,2616.85,17064
2024-11-29T11:00:00+05:30,2619.1,2619.1,2612.05,2614.0,11811
2024-11-29T11:15:00+05:30,2614.5,2616.5,2606.95,2610.0,17240
2024-11-29T11:30:00+05:30,2611.0,2611.75,2598.0,2598.8,27814
2024-11-29T11:45:00+05:30,2598.3,2599.0,2585.0,2591.65,55302
2024-11-29T12:00:00+05:30,2592.0,2597.0,2585.05,2595.15,33399
2024-11-29T12:15:00+05:30,2595.2,2599.0,2587.35,2594.5,18313
2024-11-29T12:30:00+05:30,2593.3,2595.15,2585.25,2588.9,21830
2024-11-29T12:45:00+05:30,2587.4,2598.0,2586.1,2596.45,14211
2024-11-29T13:00:00+05:30,2595.85,2596.6,2589.7,2591.0,9910
2024-11-29T13:15:00+05:30,2591.95,2598.0,2586.2,2597.75,19448
2024-11-29T13:30:00+05:30,2597.6,2598.75,2591.65,2594.55,11210
2024-11-29T13:45:00+05:30,2594.85,2603.75,2592.2,2598.5,18108
2024-11-29T14:00:00+05:30,2598.5,2609.7,2598.05,2600.0,30046
2024-11-29T14:15:00+05:30,2600.0,2605.45,2596.0,2602.9,14436
2024-11-29T14:30:00+05:30,2602.9,2612.0,2601.1,2606.0,25280
2024-11-29T14:45:00+05:30,2606.0,2655.0,2605.8,2647.6,202313
2024-11-29T15:00:00+05:30,2647.6,2673.2,2640.15,2671.5,192596
2024-11-29T15:15:00+05:30,2671.5,2692.0,2665.8,2692.0,237258
2024-12-02T09:15:00+05:30,2696.0,2719.95,2675.05,2699.2,308979
2024-12-02T09:30:00+05:30,2700.0,2733.0,2696.0,2727.7,207487
2024-12-02T09:45:00+05:30,2727.5,2742.0,2718.4,2737.35,145120
2024-12-02T10:00:00+05:30,2736.0,2737.8,2705.65,2714.55,80752
2024-12-02T10:15:00+05:30,2714.55,2725.95,2702.7,2703.25,52394
2024-12-02T10:30:00+05:30,2705.0,2708.0,2682.0,2695.9,106396
2024-12-02T10:45:00+05:30,2694.45,2708.0,2690.1,2700.0,54464
2024-12-02T11:00:00+05:30,2700.0,2704.85,2697.0,2699.0,32959
2024-12-02T11:15:00+05:30,2699.0,2712.0,2694.1,2708.6,47347
2024-12-02T11:30:00+05:30,2708.6,2732.0,2702.6,2730.5,68688
2024-12-02T11:45:00+05:30,2732.0,2797.0,2722.55,2793.5,452125
2024-12-02T12:00:00+05:30,2792.1,2794.8,2751.35,2753.5,181139
2024-12-02T12:15:00+05:30,2753.5,2764.0,2734.8,2743.0,126311
2024-12-02T12:30:00+05:30,2743.0,2748.0,2732.2,2736.0,63310
2024-12-02T12:45:00+05:30,2736.6,2748.0,2735.0,2742.0,49604
2024-12-02T13:00:00+05:30,2741.95,2747.85,2732.35,2747.8,34186
2024-12-02T13:15:00+05:30,2745.75,2752.4,2735.5,2746.1,51658
2024-12-02T13:30:00+05:30,2747.9,2748.55,2735.15,2737.7,22007
2024-12-02T13:45:00+05:30,2739.0,2753.85,2738.15,2743.0,51194
2024-12-02T14:00:00+05:30,2743.0,2743.0,2730.0,2731.15,35828
2024-12-02T14:15:00+05:30,2731.2,2743.8,2722.2,2729.65,62459
2024-12-02T14:30:00+05:30,2729.0,2732.25,2709.1,2715.0,88205
2024-12-02T14:45:00+05:30,2715.0,2722.0,2710.0,2718.85,55938
2024-12-02T15:00:00+05:30,2718.85,2767.7,2700.0,2745.0,359520
2024-12-02T15:15:00+05:30,2744.05,2746.45,2727.15,2735.75,136398
2024-12-03T09:15:00+05:30,2753.95,2765.1,2714.05,2745.55,205477
2024-12-03T09:30:00+05:30,2745.55,2746.65,2715.0,2719.0,89745
2024-12-03T09:45:00+05:30,2718.95,2723.85,2706.1,2714.25,91238
2024-12-03T10:00:00+05:30,2714.25,2728.85,2713.05,2724.0,33529
2024-12-03T10:15:00+05:30,2724.25,2734.65,2718.3,2720.9,34862
2024-12-03T10:30:00+05:30,2720.95,2731.7,2720.0,2722.3,21247
2024-12-03T10:45:00+05:30,2722.3,2726.45,2711.0,2718.85,31330
2024-12-03T11:00:00+05:30,2718.85,2724.65,2714.0,2716.5,20530
2024-12-03T11:15:00+05:30,2716.5,2721.7,2710.05,2719.8,27390
2024-12-03T11:30:00+05:30,2718.15,2723.0,2714.0,2717.85,18757
2024-12-03T11:45:00+05:30,2717.95,2719.95,2703.0,2714.0,43101
2024-12-03T12:00:00+05:30,2714.0,2714.3,2701.6,2708.45,34604
2024-12-03T12:15:00+05:30,2708.5,2716.2,2695.0,2716.0,66111
2024-12-03T12:30:00+05:30,2714.75,2725.35,2711.0,2713.0,30767
2024-12-03T12:45:00+05:30,2713.0,2713.0,2706.6,2708.1,14168
2024-12-03T13:00:00+05:30,2708.1,2713.1,2699.95,2710.55,27154
2024-12-03T13:15:00+05:30,2710.55,2711.0,2704.05,2704.05,10457
2024-12-03T13:30:00+05:30,2704.05,2713.7,2703.0,2713.65,13848
2024-12-03T13:45:00+05:30,2713.3,2719.8,2710.0,2711.55,96476
2024-12-03T14:00:00+05:30,2712.0,2715.0,2707.05,2710.4,14992
2024-12-03T14:15:00+05:30,2710.0,2712.15,2698.0,2704.4,34058
2024-12-03T14:30:00+05:30,2703.25,2710.2,2698.0,2706.8,36864
2024-12-03T14:45:00+05:30,2706.0,2706.8,2690.0,2694.95,45510
2024-12-03T15:00:00+05:30,2695.0,2713.8,2690.0,2699.1,97913
2024-12-03T15:15:00+05:30,2699.8,2703.0,2690.0,2692.0,105482
2024-12-04T09:15:00+05:30,2702.0,2734.0,2695.0,2723.95,141991
2024-12-04T09:30:00+05:30,2724.0,2764.3,2724.0,2738.1,192142
2024-12-04T09:45:00+05:30,2738.85,2745.0,2718.2,2722.95,65181
2024-12-04T10:00:00+05:30,2722.95,2736.0,2711.25,2718.0,45184
2024-12-04T10:15:00+05:30,2718.0,2721.0,2704.0,2710.7,42899
2024-12-04T10:30:00+05:30,2712.5,2721.05,2710.0,2712.1,36562
2024-12-04T10:45:00+05:30,2712.05,2725.9,2704.8,2724.05,33885
2024-12-04T11:00:00+05:30,2724.8,2727.9,2710.3,2711.9,26020
2024-12-04T11:15:00+05:30,2711.9,2737.2,2710.0,2730.15,59581
2024-12-04T11:30:00+05:30,2731.75,2736.25,2721.3,2726.95,30181
2024-12-04T11:45:00+05:30,2726.95,2727.45,2700.0,2706.7,56875
2024-12-04T12:00:00+05:30,2706.65,2722.5,2702.1,2716.5,38812
2024-12-04T12:15:00+05:30,2716.5,2721.0,2710.0,2711.75,17944
2024-12-04T12:30:00+05:30,2711.75,2717.9,2710.0,2713.0,15497
2024-12-04T12:45:00+05:30,2713.0,2721.0,2711.1,2720.95,17408
2024-12-04T13:00:00+05:30,2720.9,2729.85,2718.55,2719.45,23013
2024-12-04T13:15:00+05:30,2720.95,2727.0,2718.0,2725.55,11837
2024-12-04T13:30:00+05:30,2725.55,2734.5,2720.9,2726.45,26588
2024-12-04T13:45:00+05:30,2726.0,2729.85,2720.2,2724.75,13538
2024-12-04T14:00:00+05:30,2723.7,2728.0,2720.2,2721.65,13918
2024-12-04T14:15:00+05:30,2721.65,2724.85,2707.0,2717.95,34744
2024-12-04T14:30:00+05:30,2717.95,2719.15,2711.0,2715.05,19953
2024-12-04T14:45:00+05:30,2715.05,2715.05,2706.0,2711.9,31178
2024-12-04T15:00:00+05:30,2711.9,2729.6,2711.0,2725.8,95938
2024-12-04T15:15:00+05:30,2725.85,2730.0,2714.7,2716.0,108622
2024-12-05T09:15:00+05:30,2734.0,2757.0,2715.0,2728.7,157511
2024-12-05T09:30:00+05:30,2728.7,2778.8,2723.8,2756.3,136864
2024-12-05T09:45:00+05:30,2756.25,2784.0,2749.4,2768.65,239601
2024-12-05T10:00:00+05:30,2766.3,2851.95,2765.65,2842.0,643044
2024-12-05T10:15:00+05:30,2841.95,2857.95,2821.0,2848.95,270624
2024-12-05T10:30:00+05:30,2848.95,2856.6,2834.75,2856.35,124829
2024-12-05T10:45:00+05:30,2856.15,2882.0,2855.0,2866.55,321127
2024-12-05T11:00:00+05:30,2864.55,2887.95,2850.0,2884.9,140964
2024-12-05T11:15:00+05:30,2885.15,2918.0,2885.0,2886.0,323683
2024-12-05T11:30:00+05:30,2887.2,2905.0,2876.0,2903.0,209615
2024-12-05T11:45:00+05:30,2902.7,2949.0,2901.0,2927.35,401343
2024-12-05T12:00:00+05:30,2927.35,2930.0,2872.0,2873.65,191499
2024-12-05T12:15:00+05:30,2874.1,2890.0,2839.0,2845.8,239280
2024-12-05T12:30:00+05:30,2846.0,2869.9,2833.25,2839.9,181938
2024-12-05T12:45:00+05:30,2840.0,2844.45,2822.25,2832.55,101843
2024-12-05T13:00:00+05:30,2834.15,2845.0,2831.0,2834.4,56771
2024-12-05T13:15:00+05:30,2834.45,2843.8,2826.0,2832.05,55918
2024-12-05T13:30:00+05:30,2832.05,2843.95,2832.05,2840.4,36313
2024-12-05T13:45:00+05:30,2840.05,2845.0,2835.05,2836.05,26867
2024-12-05T14:00:00+05:30,2836.05,2842.5,2831.5,2837.9,33851
2024-12-05T14:15:00+05:30,2836.15,2839.95,2800.0,2812.2,128667
2024-12-05T14:30:00+05:30,2812.2,2823.7,2806.8,2817.0,126113
2024-12-05T14:45:00+05:30,2818.1,2830.0,2811.15,2821.2,92787
2024-12-05T15:00:00+05:30,2821.1,2857.0,2820.0,2845.75,142314
2024-12-05T15:15:00+05:30,2847.4,2853.0,2833.2,2848.4,131929
2024-12-06T09:15:00+05:30,2886.05,2923.7,2852.0,2903.55,507515
2024-12-06T09:30:00+05:30,2902.6,2964.35,2885.0,2962.0,591355
2024-12-06T09:45:00+05:30,2962.0,2975.0,2931.0,2938.25,376862
2024-12-06T10:00:00+05:30,2938.25,2942.3,2900.0,2922.0,336310
2024-12-06T10:15:00+05:30,2923.25,2942.3,2900.6,2910.6,167776
2024-12-06T10:30:00+05:30,2910.25,2917.0,2901.1,2915.95,68639
2024-12-06T10:45:00+05:30,2915.95,2938.9,2914.0,2926.65,74490
2024-12-06T11:00:00+05:30,2926.65,2943.7,2916.55,2936.8,84131
2024-12-06T11:15:00+05:30,2936.0,2941.4,2921.8,2922.5,59413
2024-12-06T11:30:00+05:30,2923.8,2935.0,2921.1,2932.0,36979
2024-12-06T11:45:00+05:30,2932.1,2962.3,2925.35,2935.9,166315
2024-12-06T12:00:00+05:30,2936.0,2947.0,2910.65,2917.25,125408
2024-12-06T12:15:00+05:30,2918.8,2927.95,2913.0,2919.2,77026
2024-12-06T12:30:00+05:30,2918.6,2919.95,2885.0,2895.45,191711
2024-12-06T12:45:00+05:30,2895.45,2904.9,2890.0,2898.85,74419
2024-12-06T13:00:00+05:30,2898.7,2900.0,2875.9,2897.0,107890
2024-12-06T13:15:00+05:30,2897.0,2898.0,2892.05,2894.75,25200
2024-12-06T13:30:00+05:30,2894.75,2896.0,2882.05,2885.8,37017
2024-12-06T13:45:00+05:30,2887.0,2896.0,2883.0,2889.0,35142
2024-12-06T14:00:00+05:30,2889.0,2898.0,2885.0,2897.9,37683
2024-12-06T14:15:00+05:30,2897.9,2908.0,2886.2,2892.3,52147
2024-12-06T14:30:00+05:30,2891.05,2906.45,2890.9,2898.1,49381
2024-12-06T14:45:00+05:30,2899.0,2919.9,2895.65,2900.45,97916
2024-12-06T15:00:00+05:30,2900.0,2917.3,2898.45,2908.6,119511
2024-12-06T15:15:00+05:30,2908.6,2909.8,2890.05,2891.0,159825
2024-12-09T09:15:00+05:30,2916.1,2955.0,2911.2,2915.0,301337
2024-12-09T09:30:00+05:30,2915.0,2968.7,2910.35,2957.95,252179
2024-12-09T09:45:00+05:30,2956.05,2985.55,2946.05,2985.55,246926
2024-12-09T10:00:00+05:30,2985.55,2986.5,2931.0,2934.95,150507
2024-12-09T10:15:00+05:30,2934.9,2944.0,2923.0,2935.15,99123
2024-12-09T10:30:00+05:30,2935.7,2938.8,2927.2,2931.95,39216
2024-12-09T10:45:00+05:30,2931.8,2933.0,2921.2,2923.4,58870
2024-12-09T11:00:00+05:30,2923.65,2930.15,2915.6,2922.05,41053
2024-12-09T11:15:00+05:30,2923.0,2929.8,2916.15,2925.0,56280
2024-12-09T11:30:00+05:30,2925.0,2925.0,2912.35,2922.6,29473
2024-12-09T11:45:00+05:30,2922.0,2924.3,2902.6,2904.0,77489
2024-12-09T12:00:00+05:30,2902.6,2918.55,2902.0,2911.0,74122
2024-12-09T12:15:00+05:30,2911.0,2923.15,2910.05,2919.5,44009
2024-12-09T12:30:00+05:30,2919.75,2924.0,2917.0,2922.95,31324
2024-12-09T12:45:00+05:30,2922.95,2924.0,2916.0,2919.0,19026
2024-12-09T13:00:00+05:30,2919.0,2919.0,2915.0,2915.0,24869
2024-12-09T13:15:00+05:30,2916.0,2922.2,2915.0,2917.1,19468
2024-12-09T13:30:00+05:30,2917.1,2920.0,2916.6,2918.5,7223
2024-12-09T13:45:00+05:30,2918.5,2920.1,2917.0,2920.0,11444
2024-12-09T14:00:00+05:30,2920.0,2924.45,2917.0,2922.55,17206
2024-12-09T14:15:00+05:30,2923.8,2923.8,2910.0,2911.45,23965
2024-12-09T14:30:00+05:30,2910.3,2966.3,2910.0,2943.0,291937
2024-12-09T14:45:00+05:30,2943.1,2992.0,2932.3,2970.2,454859
2024-12-09T15:00:00+05:30,2969.6,2983.0,2961.75,2976.9,241726
2024-12-09T15:15:00+05:30,2976.9,2978.0,2961.0,2972.0,203636
2024-12-10T09:15:00+05:30,3020.0,3185.0,3020.0,3162.85,1587975
2024-12-10T09:30:00+05:30,3164.65,3170.0,3092.0,3097.55,641545
2024-12-10T09:45:00+05:30,3098.15,3111.15,3083.0,3103.0,277820
2024-12-10T10:00:00+05:30,3101.5,3111.15,3081.0,3081.95,155593
2024-12-10T10:15:00+05:30,3081.0,3111.15,3081.0,3106.55,127217
2024-12-10T10:30:00+05:30,3106.25,3150.0,3102.0,3135.0,395062
2024-12-10T10:45:00+05:30,3134.85,3138.85,3124.05,3128.0,115695
2024-12-10T11:00:00+05:30,3129.2,3143.75,3118.0,3134.75,106662
2024-12-10T11:15:00+05:30,3134.75,3137.05,3122.0,3130.0,57207
2024-12-10T11:30:00+05:30,3129.95,3131.0,3119.0,3126.35,40203
2024-12-10T11:45:00+05:30,3126.0,3134.0,3117.0,3127.7,51966
2024-12-10T12:00:00+05:30,3127.0,3132.0,3106.25,3110.95,66799
2024-12-10T12:15:00+05:30,3109.4,3114.45,3093.35,3109.3,93320
2024-12-10T12:30:00+05:30,3109.0,3110.75,3091.5,3098.0,77758
2024-12-10T12:45:00+05:30,3098.0,3113.0,3096.0,3106.0,42376
2024-12-10T13:00:00+05:30,3106.0,3114.95,3100.0,3105.0,27538
2024-12-10T13:15:00+05:30,3106.2,3106.2,3093.0,3100.0,33112
2024-12-10T13:30:00+05:30,3100.0,3110.9,3096.4,3100.25,38915
2024-12-10T13:45:00+05:30,3100.95,3109.3,3100.1,3109.0,26734
2024-12-10T14:00:00+05:30,3108.95,3145.0,3101.6,3134.85,192481
2024-12-10T14:15:00+05:30,3133.6,3140.0,3119.0,3135.3,110915
2024-12-10T14:30:00+05:30,3134.0,3161.0,3126.2,3131.85,297948
2024-12-10T14:45:00+05:30,3132.05,3149.75,3131.05,3135.0,132861
2024-12-10T15:00:00+05:30,3135.0,3145.0,3117.95,3131.0,177258
2024-12-10T15:15:00+05:30,3130.75,3145.0,3126.0,3140.0,255830
2024-12-11T09:15:00+05:30,3142.0,3231.0,3134.65,3212.0,851397
2024-12-11T09:30:00+05:30,3211.75,3216.25,3164.9,3173.95,284563
2024-12-11T09:45:00+05:30,3173.95,3184.6,3155.55,3179.3,131533
2024-12-11T10:00:00+05:30,3179.3,3182.0,3152.9,3156.25,86806
2024-12-11T10:15:00+05:30,3156.75,3165.0,3141.0,3161.05,96631
2024-12-11T10:30:00+05:30,3162.75,3174.5,3156.5,3164.85,56119
2024-12-11T10:45:00+05:30,3165.1,3170.0,3158.0,3161.6,27455
2024-12-11T11:00:00+05:30,3162.0,3168.65,3155.65,3165.0,24795
2024-12-11T11:15:00+05:30,3165.0,3178.0,3161.15,3170.8,54141
2024-12-11T11:30:00+05:30,3170.0,3173.0,3165.0,3165.5,19475
2024-12-11T11:45:00+05:30,3165.5,3170.0,3162.5,3164.75,18812
2024-12-11T12:00:00+05:30,3164.75,3169.75,3155.75,3162.05,19659
2024-12-11T12:15:00+05:30,3163.0,3165.0,3160.95,3163.35,12688
2024-12-11T12:30:00+05:30,3163.35,3180.0,3162.1,3173.0,61134
2024-12-11T12:45:00+05:30,3172.95,3184.9,3163.7,3171.0,37943
2024-12-11T13:00:00+05:30,3171.0,3175.0,3165.0,3169.0,16863
2024-12-11T13:15:00+05:30,3170.0,3170.0,3160.2,3164.0,27279
2024-12-11T13:30:00+05:30,3164.0,3171.5,3161.55,3165.0,19707
2024-12-11T13:45:00+05:30,3165.0,3171.5,3164.0,3170.7,12751
2024-12-11T14:00:00+05:30,3170.7,3184.0,3169.7,3183.1,52758
2024-12-11T14:15:00+05:30,3184.0,3197.25,3178.0,3189.55,138234
2024-12-11T14:30:00+05:30,3189.55,3190.0,3173.0,3182.6,52851
2024-12-11T14:45:00+05:30,3184.0,3210.0,3182.65,3190.0,165901
2024-12-11T15:00:00+05:30,3190.0,3190.0,3171.95,3176.35,94461
2024-12-11T15:15:00+05:30,3176.35,3179.0,3166.0,3169.0,154895
2024-12-12T09:15:00+05:30,3235.5,3304.85,3226.0,3260.0,1145422
2024-12-12T09:30:00+05:30,3260.0,3267.0,3233.35,3244.55,305245
2024-12-12T09:45:00+05:30,3243.65,3245.0,3210.05,3231.0,277144
2024-12-12T10:00:00+05:30,3231.0,3245.0,3230.0,3237.15,98950
2024-12-12T10:15:00+05:30,3236.35,3264.0,3230.2,3254.0,186790
2024-12-12T10:30:00+05:30,3254.0,3278.95,3240.6,3268.65,193455
2024-12-12T10:45:00+05:30,3266.05,3297.9,3257.5,3293.0,218318
2024-12-12T11:00:00+05:30,3291.8,3358.0,3284.1,3354.75,767222
2024-12-12T11:15:00+05:30,3354.75,3367.6,3319.0,3366.0,388151
2024-12-12T11:30:00+05:30,3367.65,3393.4,3350.0,3384.1,498744
2024-12-12T11:45:00+05:30,3384.1,3445.45,3367.0,3400.05,895502
2024-12-12T12:00:00+05:30,3401.75,3419.45,3344.0,3363.35,593628
2024-12-12T12:15:00+05:30,3365.0,3424.05,3352.0,3413.85,431305
2024-12-12T12:30:00+05:30,3413.7,3417.9,3355.0,3363.0,327892
2024-12-12T12:45:00+05:30,3363.1,3370.0,3348.0,3357.95,183598
2024-12-12T13:00:00+05:30,3357.95,3360.45,3329.05,3330.0,239264
2024-12-12T13:15:00+05:30,3330.7,3345.0,3301.6,3317.9,313269
2024-12-12T13:30:00+05:30,3317.9,3320.0,3305.95,3318.35,149409
2024-12-12T13:45:00+05:30,3318.0,3337.0,3276.6,3302.2,357304
2024-12-12T14:00:00+05:30,3300.75,3302.6,3267.0,3283.0,241746
2024-12-12T14:15:00+05:30,3284.65,3320.0,3283.3,3312.25,310336
2024-12-12T14:30:00+05:30,3312.25,3316.05,3285.0,3303.85,163864
2024-12-12T14:45:00+05:30,3305.0,3315.0,3296.0,3303.3,131868
2024-12-12T15:00:00+05:30,3301.75,3308.9,3285.0,3293.85,169361
2024-12-12T15:15:00+05:30,3292.15,3297.4,3280.0,3295.05,299755
2024-12-13T09:15:00+05:30,3269.0,3279.9,3215.0,3266.9,581868
2024-12-13T09:30:00+05:30,3266.9,3270.0,3225.0,3237.45,249376
2024-12-13T09:45:00+05:30,3239.55,3239.7,3210.15,3227.25,222491
2024-12-13T10:00:00+05:30,3227.25,3239.0,3210.0,3213.05,119384
2024-12-13T10:15:00+05:30,3213.7,3216.55,3167.0,3173.9,292820
2024-12-13T10:30:00+05:30,3173.45,3189.0,3162.0,3186.65,154187
2024-12-13T10:45:00+05:30,3188.0,3214.85,3167.0,3208.15,188200
2024-12-13T11:00:00+05:30,3208.15,3235.0,3195.05,3221.45,172632
2024-12-13T11:15:00+05:30,3221.55,3226.35,3210.0,3216.95,88986
2024-12-13T11:30:00+05:30,3215.8,3229.9,3212.35,3225.7,65924
2024-12-13T11:45:00+05:30,3225.4,3235.9,3220.0,3234.7,66582
2024-12-13T12:00:00+05:30,3234.7,3237.45,3216.55,3222.0,106453
2024-12-13T12:15:00+05:30,3222.75,3224.0,3205.0,3209.75,54752
2024-12-13T12:30:00+05:30,3210.7,3213.0,3185.05,3192.8,113089
2024-12-13T12:45:00+05:30,3192.6,3209.6,3185.0,3203.5,62763
2024-12-13T13:00:00+05:30,3203.5,3209.95,3195.05,3197.95,50642
2024-12-13T13:15:00+05:30,3197.4,3210.0,3193.3,3203.1,46869
2024-12-13T13:30:00+05:30,3203.1,3218.25,3199.3,3215.0,65311
2024-12-13T13:45:00+05:30,3215.5,3216.0,3202.15,3213.0,42485
2024-12-13T14:00:00+05:30,3213.0,3222.0,3207.0,3219.8,53439
2024-12-13T14:15:00+05:30,3219.9,3224.0,3210.05,3218.35,51284
2024-12-13T14:30:00+05:30,3218.0,3221.95,3208.0,3212.0,41461
2024-12-13T14:45:00+05:30,3210.2,3230.0,3210.0,3226.4,91425
2024-12-13T15:00:00+05:30,3225.0,3228.0,3208.0,3216.9,108980
2024-12-13T15:15:00+05:30,3217.1,3222.0,3206.3,3211.5,154068
2024-12-16T09:15:00+05:30,3224.0,3257.55,3190.55,3192.95,333497
2024-12-16T09:30:00+05:30,3192.95,3220.0,3183.95,3194.9,161471
2024-12-16T09:45:00+05:30,3194.0,3207.9,3181.6,3185.0,87221
2024-12-16T10:00:00+05:30,3185.0,3189.9,3175.05,3185.6,87280
2024-12-16T10:15:00+05:30,3186.0,3198.0,3167.0,3167.0,90179
2024-12-16T10:30:00+05:30,3166.6,3182.0,3165.0,3176.5,71554
2024-12-16T10:45:00+05:30,3176.6,3187.0,3171.05,3179.1,33884
2024-12-16T11:00:00+05:30,3180.8,3182.05,3150.0,3150.95,72765
2024-12-16T11:15:00+05:30,3150.95,3176.0,3145.0,3165.1,184938
2024-12-16T11:30:00+05:30,3166.0,3171.0,3155.0,3158.6,48732
2024-12-16T11:45:00+05:30,3160.05,3162.0,3151.35,3158.65,48683
2024-12-16T12:00:00+05:30,3159.95,3165.95,3157.0,3158.0,30370
2024-12-16T12:15:00+05:30,3158.6,3169.9,3158.0,3168.0,31652
2024-12-16T12:30:00+05:30,3168.0,3176.75,3163.65,3169.6,48148
2024-12-16T12:45:00+05:30,3170.0,3174.1,3166.0,3169.15,19125
2024-12-16T13:00:00+05:30,3169.0,3174.1,3166.35,3171.4,21646
2024-12-16T13:15:00+05:30,3172.0,3173.0,3160.0,3163.0,33870
2024-12-16T13:30:00+05:30,3163.0,3168.65,3160.6,3164.0,26829
2024-12-16T13:45:00+05:30,3164.0,3167.2,3160.0,3165.6,20590
2024-12-16T14:00:00+05:30,3165.6,3173.0,3163.0,3170.9,40438
2024-12-16T14:15:00+05:30,3172.15,3173.0,3164.0,3168.05,26789
2024-12-16T14:30:00+05:30,3168.1,3169.95,3162.0,3162.5,28175
2024-12-16T14:45:00+05:30,3163.0,3171.95,3161.5,3165.9,51671
2024-12-16T15:00:00+05:30,3167.5,3167.8,3145.1,3148.6,122194
2024-12-16T15:15:00+05:30,3148.0,3148.6,3111.15,3121.0,318857
2024-12-17T09:15:00+05:30,3133.0,3207.8,3130.0,3188.75,504552
2024-12-17T09:30:00+05:30,3190.0,3236.85,3187.5,3230.0,456758
2024-12-17T09:45:00+05:30,3229.95,3245.5,3205.5,3211.0,279828
2024-12-17T10:00:00+05:30,3211.65,3225.0,3205.0,3215.25,111817
2024-12-17T10:15:00+05:30,3215.25,3216.6,3192.0,3203.35,122990
2024-12-17T10:30:00+05:30,3203.3,3209.0,3185.6,3205.0,93442
2024-12-17T10:45:00+05:30,3204.3,3225.0,3198.4,3215.4,96527
2024-12-17T11:00:00+05:30,3214.3,3231.0,3212.0,3226.9,72485
2024-12-17T11:15:00+05:30,3226.9,3235.0,3210.0,3212.7,86522
2024-12-17T11:30:00+05:30,3211.05,3213.05,3195.0,3199.5,84241
2024-12-17T11:45:00+05:30,3198.05,3204.25,3191.0,3191.0,53734
2024-12-17T12:00:00+05:30,3191.0,3197.0,3183.0,3186.85,59864
2024-12-17T12:15:00+05:30,3186.95,3189.95,3181.05,3188.0,34041
2024-12-17T12:30:00+05:30,3188.85,3194.0,3182.0,3185.85,45833
2024-12-17T12:45:00+05:30,3185.0,3188.0,3182.7,3182.7,18342
2024-12-17T13:00:00+05:30,3184.15,3184.15,3157.0,3162.9,84716
2024-12-17T13:15:00+05:30,3162.95,3174.4,3152.15,3169.5,71283
2024-12-17T13:30:00+05:30,3169.65,3170.0,3145.0,3146.95,69255
2024-12-17T13:45:00+05:30,3146.2,3147.95,3134.05,3138.75,94998
2024-12-17T14:00:00+05:30,3137.4,3145.0,3105.0,3124.25,190401
2024-12-17T14:15:00+05:30,3124.0,3130.0,3115.5,3125.5,67914
2024-12-17T14:30:00+05:30,3125.5,3129.2,3110.0,3111.55,52398
2024-12-17T14:45:00+05:30,3110.3,3119.95,3081.0,3096.65,137588
2024-12-17T15:00:00+05:30,3096.25,3112.6,3095.0,3097.6,111263
2024-12-17T15:15:00+05:30,3097.85,3110.0,3090.05,3095.0,194140
2024-12-18T09:15:00+05:30,3112.1,3145.0,3065.0,3082.0,415697
2024-12-18T09:30:00+05:30,3083.05,3115.0,3071.15,3110.0,173710
2024-12-18T09:45:00+05:30,3110.9,3112.0,3051.05,3057.0,190263
2024-12-18T10:00:00+05:30,3057.0,3063.9,3037.0,3040.0,127308
2024-12-18T10:15:00+05:30,3040.0,3069.95,3036.05,3058.0,76118
2024-12-18T10:30:00+05:30,3057.95,3069.5,3056.55,3064.15,43311
2024-12-18T10:45:00+05:30,3064.4,3069.0,3046.0,3052.5,41873
2024-12-18T11:00:00+05:30,3052.0,3065.0,3045.65,3062.95,39399
2024-12-18T11:15:00+05:30,3062.55,3079.5,3057.0,3073.0,64955
2024-12-18T11:30:00+05:30,3072.4,3076.95,3065.6,3068.55,28374
2024-12-18T11:45:00+05:30,3067.5,3069.5,3060.6,3066.25,18442
2024-12-18T12:00:00+05:30,3066.35,3068.95,3058.0,3058.6,20516
2024-12-18T12:15:00+05:30,3059.75,3065.0,3056.0,3062.5,20488
2024-12-18T12:30:00+05:30,3063.65,3064.0,3025.1,3032.75,94522
2024-12-18T12:45:00+05:30,3031.4,3035.0,3017.6,3024.45,101380
2024-12-18T13:00:00+05:30,3024.45,3032.0,3018.0,3026.0,64396
2024-12-18T13:15:00+05:30,3026.25,3039.9,3022.05,3034.05,45169
2024-12-18T13:30:00+05:30,3035.35,3037.3,3026.2,3028.9,22246
2024-12-18T13:45:00+05:30,3028.9,3036.4,3027.8,3033.9,14388
2024-12-18T14:00:00+05:30,3034.5,3045.7,3033.95,3043.05,38292
2024-12-18T14:15:00+05:30,3043.9,3046.5,3033.0,3039.45,21772
2024-12-18T14:30:00+05:30,3038.05,3039.9,3025.0,3030.0,31782
2024-12-18T14:45:00+05:30,3030.0,3045.1,3027.0,3030.05,69962
2024-12-18T15:00:00+05:30,3031.1,3051.0,3030.05,3042.0,105459
2024-12-18T15:15:00+05:30,3041.1,3048.85,3035.0,3042.0,141706
2024-12-19T09:15:00+05:30,2950.0,3024.0,2941.05,2999.0,327205
2024-12-19T09:30:00+05:30,3000.3,3059.9,2997.0,3042.1,217640
2024-12-19T09:45:00+05:30,3042.1,3069.0,3028.5,3030.95,159099
2024-12-19T10:00:00+05:30,3031.5,3037.7,3011.05,3020.0,100868
2024-12-19T10:15:00+05:30,3020.0,3028.75,3010.0,3028.0,57747
2024-12-19T10:30:00+05:30,3026.55,3057.0,3018.2,3053.2,80990
2024-12-19T10:45:00+05:30,3054.0,3078.0,3051.0,3072.6,149050
2024-12-19T11:00:00+05:30,3071.1,3096.0,3063.25,3082.95,168060
2024-12-19T11:15:00+05:30,3081.6,3102.25,3080.35,3094.35,122948
2024-12-19T11:30:00+05:30,3093.95,3106.75,3087.2,3096.75,85530
2024-12-19T11:45:00+05:30,3097.9,3108.0,3078.0,3086.95,82456
2024-12-19T12:00:00+05:30,3086.95,3101.0,3075.0,3089.65,69832
2024-12-19T12:15:00+05:30,3090.95,3091.0,3078.0,3083.05,41286
2024-12-19T12:30:00+05:30,3083.05,3095.0,3075.5,3077.0,44032
2024-12-19T12:45:00+05:30,3077.0,3083.0,3071.1,3075.0,29808
2024-12-19T13:00:00+05:30,3075.0,3083.0,3065.7,3080.9,37245
2024-12-19T13:15:00+05:30,3081.9,3092.0,3079.0,3083.75,38756
2024-12-19T13:30:00+05:30,3083.35,3084.95,3071.05,3075.0,36958
2024-12-19T13:45:00+05:30,3076.05,3078.0,3065.1,3070.4,35176
2024-12-19T14:00:00+05:30,3070.8,3072.0,3040.05,3041.0,96024
2024-12-19T14:15:00+05:30,3041.3,3051.5,3031.1,3039.2,74579
2024-12-19T14:30:00+05:30,3039.2,3040.0,3030.0,3035.95,38135
2024-12-19T14:45:00+05:30,3034.8,3048.75,3034.2,3039.6,50522
2024-12-19T15:00:00+05:30,3039.0,3049.9,3033.1,3037.4,99593
2024-12-19T15:15:00+05:30,3036.3,3050.0,3031.0,3041.3,100731
2024-12-20T09:15:00+05:30,3073.5,3085.95,3046.7,3068.5,218859
2024-12-20T09:30:00+05:30,3068.0,3076.0,3042.25,3050.0,117466
2024-12-20T09:45:00+05:30,3048.35,3050.85,3002.35,3009.9,131496
2024-12-20T10:00:00+05:30,3009.85,3010.0,2974.0,2989.6,147077
2024-12-20T10:15:00+05:30,2989.6,3003.8,2976.75,2990.0,91535
2024-12-20T10:30:00+05:30,2990.0,2999.95,2979.9,2985.5,51202
2024-12-20T10:45:00+05:30,2986.95,2991.0,2978.0,2984.0,37174
2024-12-20T11:00:00+05:30,2984.0,2990.45,2978.4,2981.05,40141
2024-12-20T11:15:00+05:30,2982.1,2984.4,2970.0,2972.35,45200
2024-12-20T11:30:00+05:30,2973.8,2978.9,2972.0,2978.0,20063
2024-12-20T11:45:00+05:30,2978.0,2979.95,2976.05,2977.85,22248
2024-12-20T12:00:00+05:30,2977.8,2987.0,2960.1,2964.5,53421
2024-12-20T12:15:00+05:30,2964.95,2965.0,2951.0,2958.4,60123
2024-12-20T12:30:00+05:30,2958.4,2968.0,2955.6,2956.35,31084
2024-12-20T12:45:00+05:30,2956.25,2958.0,2941.0,2942.0,53435
2024-12-20T13:00:00+05:30,2942.05,2951.95,2925.0,2938.85,71969
2024-12-20T13:15:00+05:30,2938.85,2938.95,2918.0,2919.0,59690
2024-12-20T13:30:00+05:30,2919.1,2926.0,2900.0,2921.8,86346
2024-12-20T13:45:00+05:30,2921.9,2924.35,2908.05,2912.9,45560
2024-12-20T14:00:00+05:30,2913.0,2914.55,2890.0,2891.35,71823
2024-12-20T14:15:00+05:30,2891.9,2914.95,2890.15,2909.5,61645
2024-12-20T14:30:00+05:30,2909.5,2910.0,2874.7,2888.25,121958
2024-12-20T14:45:00+05:30,2888.25,2909.7,2884.6,2885.25,90935
2024-12-20T15:00:00+05:30,2885.05,2900.0,2879.5,2880.0,128349
2024-12-20T15:15:00+05:30,2881.0,2888.0,2865.0,2871.0,221200
2024-12-23T09:15:00+05:30,2921.35,2945.0,2861.0,2864.4,255691
2024-12-23T09:30:00+05:30,2865.1,2900.0,2835.1,2862.1,181570
2024-12-23T09:45:00+05:30,2862.6,2875.0,2830.45,2840.55,99136
2024-12-23T10:00:00+05:30,2842.45,2864.85,2830.5,2852.35,59444
2024-12-23T10:15:00+05:30,2853.0,2857.0,2837.2,2844.95,40463
2024-12-23T10:30:00+05:30,2844.0,2869.9,2842.0,2867.0,43617
2024-12-23T10:45:00+05:30,2865.95,2891.0,2856.0,2885.1,65048
2024-12-23T11:00:00+05:30,2886.75,2899.95,2875.0,2879.0,67796
2024-12-23T11:15:00+05:30,2877.7,2918.35,2877.45,2912.1,91891
2024-12-23T11:30:00+05:30,2912.3,2913.3,2892.3,2907.8,40514
2024-12-23T11:45:00+05:30,2906.25,2908.0,2890.1,2904.9,50570
2024-12-23T12:00:00+05:30,2904.0,2930.0,2900.0,2924.65,102467
2024-12-23T12:15:00+05:30,2924.65,2954.0,2922.0,2937.0,141210
2024-12-23T12:30:00+05:30,2934.95,2939.65,2920.0,2938.5,57090
2024-12-23T12:45:00+05:30,2938.5,2950.0,2921.0,2942.65,84347
2024-12-23T13:00:00+05:30,2942.95,2954.0,2934.1,2936.05,69754
2024-12-23T13:15:00+05:30,2935.8,2948.0,2923.0,2928.8,40465
2024-12-23T13:30:00+05:30,2928.7,2930.0,2911.6,2927.7,55045
2024-12-23T13:45:00+05:30,2928.0,2934.85,2919.25,2921.15,26100
2024-12-23T14:00:00+05:30,2920.05,2935.9,2917.0,2932.8,24148
2024-12-23T14:15:00+05:30,2932.8,2968.0,2932.2,2956.7,111070
2024-12-23T14:30:00+05:30,2954.95,2957.4,2930.65,2936.15,51303
2024-12-23T14:45:00+05:30,2935.05,2947.0,2917.45,2930.55,106614
2024-12-23T15:00:00+05:30,2930.5,2939.0,2925.0,2935.0,70452
2024-12-23T15:15:00+05:30,2935.5,2948.8,2925.75,2948.3,129673
2024-12-24T09:15:00+05:30,2958.3,2975.0,2916.4,2951.2,239983
2024-12-24T09:30:00+05:30,2950.25,2956.65,2935.2,2949.5,54906
2024-12-24T09:45:00+05:30,2950.0,3030.0,2947.05,3012.55,243474
2024-12-24T10:00:00+05:30,3014.25,3016.75,2963.0,2963.9,235632
2024-12-24T10:15:00+05:30,2963.9,2987.95,2960.1,2977.8,80474
2024-12-24T10:30:00+05:30,2976.2,2980.2,2945.05,2947.0,91977
2024-12-24T10:45:00+05:30,2947.0,2950.0,2932.15,2938.95,78104
2024-12-24T11:00:00+05:30,2938.95,2950.0,2925.1,2932.1,45169
2024-12-24T11:15:00+05:30,2933.0,2939.0,2924.0,2925.55,38529
2024-12-24T11:30:00+05:30,2927.1,2933.0,2921.45,2924.85,31432
2024-12-24T11:45:00+05:30,2924.85,2933.0,2904.0,2910.8,73496
2024-12-24T12:00:00+05:30,2910.8,2912.0,2890.0,2892.25,68511
2024-12-24T12:15:00+05:30,2892.15,2896.85,2881.1,2893.0,50798
2024-12-24T12:30:00+05:30,2892.9,2912.35,2892.0,2894.35,48410
2024-12-24T12:45:00+05:30,2894.35,2904.65,2892.0,2892.95,22176
2024-12-24T13:00:00+05:30,2894.35,2896.9,2886.5,2891.15,20506
2024-12-24T13:15:00+05:30,2891.15,2896.95,2886.8,2893.1,19585
2024-12-24T13:30:00+05:30,2894.7,2894.7,2885.15,2886.35,24314
2024-12-24T13:45:00+05:30,2887.85,2893.55,2885.3,2885.9,25323
2024-12-24T14:00:00+05:30,2885.5,2892.35,2882.0,2889.9,36181
2024-12-24T14:15:00+05:30,2889.9,2891.6,2873.55,2878.0,42625
2024-12-24T14:30:00+05:30,2878.0,2879.1,2865.5,2873.9,46700
2024-12-24T14:45:00+05:30,2874.0,2890.0,2868.85,2872.95,70872
2024-12-24T15:00:00+05:30,2872.95,2884.0,2870.0,2872.5,76171
2024-12-24T15:15:00+05:30,2872.4,2873.15,2858.75,2868.0,146422
2024-12-26T09:15:00+05:30,2887.05,2900.0,2856.05,2874.7,190357
2024-12-26T09:30:00+05:30,2873.9,2875.0,2825.2,2842.9,137414
2024-12-26T09:45:00+05:30,2842.85,2843.05,2819.6,2833.8,79771
2024-12-26T10:00:00+05:30,2834.95,2835.0,2812.25,2818.75,72223
2024-12-26T10:15:00+05:30,2818.75,2825.0,2811.0,2822.4,38794
2024-12-26T10:30:00+05:30,2823.8,2842.0,2822.95,2841.45,48925
2024-12-26T10:45:00+05:30,2841.45,2859.95,2825.75,2848.15,73856
2024-12-26T11:00:00+05:30,2848.1,2856.0,2841.05,2852.95,29362
2024-12-26T11:15:00+05:30,2852.0,2857.9,2845.25,2849.0,31577
2024-12-26T11:30:00+05:30,2849.0,2850.6,2833.0,2840.7,28220
2024-12-26T11:45:00+05:30,2840.95,2848.0,2835.35,2840.0,10938
2024-12-26T12:00:00+05:30,2840.0,2841.0,2833.0,2834.9,10689
2024-12-26T12:15:00+05:30,2833.95,2842.5,2833.0,2842.5,11302
2024-12-26T12:30:00+05:30,2842.5,2849.0,2840.0,2846.05,10513
2024-12-26T12:45:00+05:30,2846.05,2849.9,2836.05,2844.7,18366
2024-12-26T13:00:00+05:30,2844.65,2845.0,2838.0,2840.15,6926
2024-12-26T13:15:00+05:30,2840.5,2849.95,2840.1,2846.1,19352
2024-12-26T13:30:00+05:30,2846.1,2849.0,2835.0,2841.05,23977
2024-12-26T13:45:00+05:30,2841.1,2844.0,2833.0,2834.45,13006
2024-12-26T14:00:00+05:30,2834.45,2839.0,2825.4,2834.2,20093
2024-12-26T14:15:00+05:30,2834.45,2836.95,2830.0,2831.0,10086
2024-12-26T14:30:00+05:30,2832.0,2834.9,2825.0,2827.2,17088
2024-12-26T14:45:00+05:30,2828.35,2838.1,2827.0,2836.0,24250
2024-12-26T15:00:00+05:30,2836.6,2837.7,2830.0,2831.05,39973
2024-12-26T15:15:00+05:30,2831.0,2831.25,2811.35,2818.0,109593
2024-12-27T09:15:00+05:30,2827.0,2850.0,2816.65,2849.15,134583
2024-12-27T09:30:00+05:30,2849.0,2850.0,2824.3,2833.75,57809
2024-12-27T09:45:00+05:30,2832.5,2833.7,2801.55,2805.85,74814
2024-12-27T10:00:00+05:30,2805.85,2818.25,2802.6,2810.0,42036
2024-12-27T10:15:00+05:30,2809.7,2815.0,2804.25,2810.0,27208
2024-12-27T10:30:00+05:30,2810.0,2815.0,2807.0,2808.85,37154
2024-12-27T10:45:00+05:30,2809.95,2818.7,2805.05,2818.6,19998
2024-12-27T11:00:00+05:30,2818.6,2822.0,2813.0,2816.0,12009
2024-12-27T11:15:00+05:30,2816.0,2817.9,2805.0,2811.0,15245
2024-12-27T11:30:00+05:30,2810.95,2812.85,2806.6,2812.0,8509
2024-12-27T11:45:00+05:30,2811.05,2813.0,2809.0,2813.0,5178
2024-12-27T12:00:00+05:30,2812.75,2813.0,2806.05,2808.35,10444
2024-12-27T12:15:00+05:30,2808.35,2809.5,2805.0,2806.0,7581
2024-12-27T12:30:00+05:30,2805.5,2807.0,2790.0,2796.7,42992
2024-12-27T12:45:00+05:30,2796.7,2804.85,2792.0,2800.4,17855
2024-12-27T13:00:00+05:30,2801.0,2804.0,2796.85,2801.8,10072
2024-12-27T13:15:00+05:30,2801.75,2805.0,2796.2,2803.0,9109
2024-12-27T13:30:00+05:30,2802.95,2809.5,2799.1,2808.0,10086
2024-12-27T13:45:00+05:30,2807.95,2824.0,2801.55,2808.55,40872
2024-12-27T14:00:00+05:30,2808.05,2810.1,2804.0,2804.75,10370
2024-12-27T14:15:00+05:30,2804.2,2807.85,2801.1,2804.5,9569
2024-12-27T14:30:00+05:30,2804.5,2804.9,2800.0,2803.65,8669
2024-12-27T14:45:00+05:30,2802.35,2804.0,2790.1,2794.45,30836
2024-12-27T15:00:00+05:30,2794.0,2798.1,2781.3,2789.0,51760
2024-12-27T15:15:00+05:30,2789.0,2800.8,2785.75,2800.0,85121
2024-12-30T09:15:00+05:30,2800.0,2804.3,2758.8,2798.0,161213
2024-12-30T09:30:00+05:30,2798.15,2815.75,2780.0,2799.85,102918
2024-12-30T09:45:00+05:30,2799.0,2840.0,2797.7,2822.15,123408
2024-12-30T10:00:00+05:30,2823.7,2853.9,2822.85,2839.35,110567
2024-12-30T10:15:00+05:30,2839.35,2843.05,2813.9,2817.65,53573
2024-12-30T10:30:00+05:30,2819.15,2827.0,2819.05,2826.1,18093
2024-12-30T10:45:00+05:30,2825.95,2833.45,2812.0,2812.0,31627
2024-12-30T11:00:00+05:30,2812.0,2818.95,2805.35,2816.15,30039
2024-12-30T11:15:00+05:30,2817.35,2830.0,2814.45,2828.0,21859
2024-12-30T11:30:00+05:30,2828.0,2834.55,2819.05,2824.0,23043
2024-12-30T11:45:00+05:30,2823.55,2829.0,2818.1,2821.05,11364
2024-12-30T12:00:00+05:30,2820.25,2823.8,2812.0,2815.6,12620
2024-12-30T12:15:00+05:30,2814.1,2815.35,2807.0,2809.0,19021
2024-12-30T12:30:00+05:30,2809.95,2814.3,2800.0,2811.55,30291
2024-12-30T12:45:00+05:30,2811.55,2817.95,2806.0,2811.3,12891
2024-12-30T13:00:00+05:30,2811.0,2811.6,2795.25,2798.1,19746
2024-12-30T13:15:00+05:30,2799.4,2804.5,2792.05,2797.0,16198
2024-12-30T13:30:00+05:30,2797.0,2797.0,2788.0,2792.0,24283
2024-12-30T13:45:00+05:30,2792.2,2794.95,2785.0,2791.9,19206
2024-12-30T14:00:00+05:30,2791.0,2797.45,2786.05,2788.3,18431
2024-12-30T14:15:00+05:30,2789.55,2789.6,2781.25,2784.7,17049
2024-12-30T14:30:00+05:30,2784.0,2787.0,2777.15,2782.1,31279
2024-12-30T14:45:00+05:30,2782.1,2789.3,2775.2,2784.7,19596
2024-12-30T15:00:00+05:30,2784.7,2786.8,2766.05,2767.1,47173
2024-12-30T15:15:00+05:30,2768.7,2786.95,2766.6,2782.0,74977
2024-12-31T09:15:00+05:30,2778.0,2784.0,2744.5,2752.15,129547
2024-12-31T09:30:00+05:30,2752.55,2769.5,2745.15,2748.95,47049
2024-12-31T09:45:00+05:30,2747.45,2768.0,2744.0,2762.8,33544
2024-12-31T10:00:00+05:30,2762.8,2768.5,2737.95,2743.65,36422
2024-12-31T10:15:00+05:30,2744.65,2757.95,2743.6,2746.25,31654
2024-12-31T10:30:00+05:30,2746.8,2755.5,2745.0,2752.5,11078
2024-12-31T10:45:00+05:30,2752.5,2773.9,2745.1,2753.5,56574
2024-12-31T11:00:00+05:30,2754.35,2763.0,2752.1,2756.85,23018
2024-12-31T11:15:00+05:30,2756.8,2756.85,2745.7,2748.7,19890
2024-12-31T11:30:00+05:30,2750.0,2750.0,2741.0,2750.0,20867
2024-12-31T11:45:00+05:30,2750.0,2750.0,2740.5,2742.85,12746
2024-12-31T12:00:00+05:30,2742.8,2749.95,2740.9,2747.7,18492
2024-12-31T12:15:00+05:30,2747.7,2753.0,2745.05,2751.85,13250
2024-12-31T12:30:00+05:30,2751.4,2756.0,2748.05,2753.7,12507
2024-12-31T12:45:00+05:30,2753.6,2773.0,2748.1,2770.25,32184
2024-12-31T13:00:00+05:30,2769.65,2797.95,2766.25,2783.4,88232
2024-12-31T13:15:00+05:30,2784.8,2805.2,2776.1,2805.0,34660
2024-12-31T13:30:00+05:30,2805.0,2833.9,2801.1,2822.0,132108
2024-12-31T13:45:00+05:30,2821.6,2850.0,2811.5,2829.85,96115
2024-12-31T14:00:00+05:30,2828.5,2845.95,2825.0,2833.0,50539
2024-12-31T14:15:00+05:30,2832.6,2843.0,2821.55,2837.0,48268
2024-12-31T14:30:00+05:30,2835.5,2842.0,2826.3,2828.05,36077
2024-12-31T14:45:00+05:30,2828.0,2858.0,2826.5,2846.2,90959
2024-12-31T15:00:00+05:30,2846.9,2855.0,2843.0,2848.75,86895
2024-12-31T15:15:00+05:30,2848.0,2868.0,2843.0,2862.0,140006
2025-01-01T09:15:00+05:30,2869.0,2893.05,2851.0,2889.9,162943
2025-01-01T09:30:00+05:30,2891.35,2906.0,2871.2,2873.95,145696
2025-01-01T09:45:00+05:30,2872.25,2883.4,2861.0,2877.75,56569
2025-01-01T10:00:00+05:30,2877.75,2886.9,2861.0,2878.0,41534
2025-01-01T10:15:00+05:30,2879.0,2881.25,2868.75,2872.5,15444
2025-01-01T10:30:00+05:30,2873.5,2878.4,2870.0,2872.0,12949
2025-01-01T10:45:00+05:30,2873.1,2881.2,2870.1,2871.0,31393
2025-01-01T11:00:00+05:30,2870.1,2872.05,2865.0,2868.35,14140
2025-01-01T11:15:00+05:30,2869.9,2869.95,2861.35,2865.6,13385
2025-01-01T11:30:00+05:30,2865.6,2867.9,2851.0,2852.0,33143
2025-01-01T11:45:00+05:30,2852.85,2854.05,2842.5,2849.0,31421
2025-01-01T12:00:00+05:30,2849.0,2864.0,2848.3,2861.15,22272
2025-01-01T12:15:00+05:30,2861.2,2869.0,2861.15,2862.05,25996
2025-01-01T12:30:00+05:30,2862.05,2866.0,2861.6,2865.7,4810
2025-01-01T12:45:00+05:30,2865.7,2866.0,2862.0,2864.0,6100
2025-01-01T13:00:00+05:30,2863.75,2871.0,2862.15,2869.0,9090
2025-01-01T13:15:00+05:30,2869.0,2870.95,2865.2,2870.7,6511
2025-01-01T13:30:00+05:30,2871.0,2884.8,2870.6,2881.2,24295
2025-01-01T13:45:00+05:30,2882.0,2883.05,2876.0,2878.1,12082
2025-01-01T14:00:00+05:30,2878.15,2881.75,2870.1,2872.85,13985
2025-01-01T14:15:00+05:30,2873.6,2873.6,2868.8,2873.6,11859
2025-01-01T14:30:00+05:30,2873.55,2878.95,2868.8,2868.8,9457
2025-01-01T14:45:00+05:30,2868.8,2874.0,2861.1,2866.0,20424
2025-01-01T15:00:00+05:30,2865.2,2870.0,2860.1,2863.05,30615
2025-01-01T15:15:00+05:30,2864.0,2865.0,2856.1,2864.0,68477
2025-01-02T09:15:00+05:30,2870.0,2874.0,2842.2,2852.0,106659
2025-01-02T09:30:00+05:30,2851.1,2864.95,2836.3,2842.0,71963
2025-01-02T09:45:00+05:30,2842.0,2846.15,2830.15,2838.9,56758
2025-01-02T10:00:00+05:30,2838.0,2877.0,2836.85,2865.9,128538
2025-01-02T10:15:00+05:30,2865.9,2866.9,2846.0,2852.05,58082
2025-01-02T10:30:00+05:30,2852.05,2853.05,2836.0,2841.3,43798
2025-01-02T10:45:00+05:30,2841.3,2845.6,2836.15,2840.8,24360
2025-01-02T11:00:00+05:30,2840.45,2844.0,2838.75,2841.0,9276
2025-01-02T11:15:00+05:30,2841.95,2842.0,2834.0,2834.0,17226
2025-01-02T11:30:00+05:30,2833.55,2842.0,2832.2,2839.0,12763
2025-01-02T11:45:00+05:30,2839.85,2839.95,2831.15,2838.6,15695
2025-01-02T12:00:00+05:30,2839.75,2845.0,2837.0,2838.5,13844
2025-01-02T12:15:00+05:30,2837.9,2844.6,2836.45,2842.7,8303
2025-01-02T12:30:00+05:30,2842.7,2844.95,2839.5,2841.75,9179
2025-01-02T12:45:00+05:30,2841.75,2858.0,2840.85,2856.3,30941
2025-01-02T13:00:00+05:30,2856.95,2856.95,2848.0,2852.2,18142
2025-01-02T13:15:00+05:30,2852.9,2857.0,2845.0,2851.45,16523
2025-01-02T13:30:00+05:30,2851.45,2854.0,2847.0,2847.45,13685
2025-01-02T13:45:00+05:30,2849.8,2853.6,2847.05,2848.0,9242
2025-01-02T14:00:00+05:30,2847.95,2853.8,2834.15,2843.6,34883
2025-01-02T14:15:00+05:30,2843.6,2849.9,2841.95,2849.9,14707
2025-01-02T14:30:00+05:30,2849.9,2856.0,2841.05,2843.8,17946
2025-01-02T14:45:00+05:30,2843.3,2848.65,2840.0,2842.0,18104
2025-01-02T15:00:00+05:30,2841.65,2849.0,2840.2,2844.8,37539
2025-01-02T15:15:00+05:30,2844.8,2845.2,2830.0,2833.0,85355
2025-01-03T09:15:00+05:30,2844.0,2886.0,2836.5,2869.95,191599
2025-01-03T09:30:00+05:30,2869.9,2872.5,2852.2,2862.65,65315
2025-01-03T09:45:00+05:30,2861.95,2884.2,2860.0,2874.0,56063
2025-01-03T10:00:00+05:30,2873.3,2892.95,2872.0,2887.95,93509
2025-01-03T10:15:00+05:30,2887.8,2892.0,2865.2,2867.2,57148
2025-01-03T10:30:00+05:30,2868.0,2869.9,2857.7,2869.9,46257
2025-01-03T10:45:00+05:30,2869.9,2870.0,2860.0,2867.45,16764
2025-01-03T11:00:00+05:30,2867.1,2872.0,2859.3,2864.75,16563
2025-01-03T11:15:00+05:30,2864.15,2873.0,2863.1,2867.5,14982
2025-01-03T11:30:00+05:30,2866.75,2868.7,2861.0,2862.75,10625
2025-01-03T11:45:00+05:30,2862.8,2862.85,2854.55,2856.55,20820
2025-01-03T12:00:00+05:30,2857.0,2857.8,2848.0,2857.0,24403
2025-01-03T12:15:00+05:30,2856.9,2859.0,2839.85,2848.85,27938
2025-01-03T12:30:00+05:30,2848.85,2854.7,2845.0,2854.6,12188
2025-01-03T12:45:00+05:30,2854.65,2855.0,2846.1,2854.95,8169
2025-01-03T13:00:00+05:30,2854.95,2859.7,2845.95,2849.2,11215
2025-01-03T13:15:00+05:30,2848.1,2849.95,2833.0,2840.0,34692
2025-01-03T13:30:00+05:30,2840.6,2844.95,2840.0,2844.05,9115
2025-01-03T13:45:00+05:30,2843.5,2844.8,2832.0,2834.0,26588
2025-01-03T14:00:00+05:30,2834.65,2836.55,2825.0,2833.95,28782
2025-01-03T14:15:00+05:30,2833.9,2837.5,2827.75,2836.4,16251
2025-01-03T14:30:00+05:30,2837.5,2839.9,2831.0,2835.0,8761
2025-01-03T14:45:00+05:30,2835.95,2839.45,2826.0,2828.9,24658
2025-01-03T15:00:00+05:30,2828.9,2832.95,2815.0,2820.0,68130
2025-01-03T15:15:00+05:30,2821.15,2824.8,2815.05,2821.5,69994
2025-01-06T09:15:00+05:30,2826.95,2830.0,2792.0,2794.95,110564
2025-01-06T09:30:00+05:30,2794.95,2840.0,2792.0,2827.2,103092
2025-01-06T09:45:00+05:30,2826.0,2843.4,2814.0,2818.15,52807
2025-01-06T10:00:00+05:30,2818.15,2828.0,2807.0,2808.5,25130
2025-01-06T10:15:00+05:30,2807.4,2832.0,2805.6,2817.4,80006
2025-01-06T10:30:00+05:30,2817.0,2819.95,2800.05,2801.0,27830
2025-01-06T10:45:00+05:30,2801.0,2801.35,2785.45,2789.95,53325
2025-01-06T11:00:00+05:30,2788.55,2790.75,2766.0,2773.5,48495
2025-01-06T11:15:00+05:30,2773.8,2775.0,2756.4,2768.45,61793
2025-01-06T11:30:00+05:30,2767.3,2776.9,2762.0,2771.7,33853
2025-01-06T11:45:00+05:30,2770.35,2771.4,2740.0,2750.25,53415
2025-01-06T12:00:00+05:30,2750.95,2763.95,2746.25,2759.65,35495
2025-01-06T12:15:00+05:30,2757.4,2760.3,2747.05,2749.45,25479
2025-01-06T12:30:00+05:30,2749.45,2773.0,2747.4,2762.0,27455
2025-01-06T12:45:00+05:30,2761.05,2767.3,2757.25,2765.0,13983
2025-01-06T13:00:00+05:30,2764.5,2765.6,2751.0,2751.05,12612
2025-01-06T13:15:00+05:30,2751.05,2752.1,2730.0,2733.7,38328
2025-01-06T13:30:00+05:30,2733.95,2735.4,2710.0,2715.65,44526
2025-01-06T13:45:00+05:30,2714.05,2714.95,2705.0,2709.6,41905
2025-01-06T14:00:00+05:30,2709.45,2719.7,2706.0,2712.95,34106
2025-01-06T14:15:00+05:30,2712.05,2719.0,2710.0,2710.0,28146
2025-01-06T14:30:00+05:30,2710.0,2712.6,2695.0,2698.75,53384
2025-01-06T14:45:00+05:30,2700.0,2740.0,2698.0,2733.9,78313
2025-01-06T15:00:00+05:30,2735.0,2756.9,2734.9,2742.0,90149
2025-01-06T15:15:00+05:30,2740.25,2746.75,2732.25,2739.9,70266
2025-01-07T09:15:00+05:30,2746.65,2775.75,2739.9,2774.1,122399
2025-01-07T09:30:00+05:30,2772.9,2790.75,2769.6,2786.0,61223
2025-01-07T09:45:00+05:30,2785.85,2785.85,2750.1,2750.1,54267
2025-01-07T10:00:00+05:30,2751.2,2779.0,2742.6,2776.6,50882
2025-01-07T10:15:00+05:30,2777.85,2788.85,2766.75,2788.85,38995
2025-01-07T10:30:00+05:30,2787.75,2790.75,2772.0,2779.45,32384
2025-01-07T10:45:00+05:30,2777.4,2793.55,2773.0,2788.3,28440
2025-01-07T11:00:00+05:30,2789.95,2805.3,2785.85,2802.55,49821
2025-01-07T11:15:00+05:30,2802.55,2820.0,2795.0,2811.75,52029
2025-01-07T11:30:00+05:30,2812.7,2814.0,2802.0,2803.0,17435
2025-01-07T11:45:00+05:30,2803.0,2824.0,2793.35,2795.6,38968
2025-01-07T12:00:00+05:30,2795.95,2797.45,2783.0,2784.05,25236
2025-01-07T12:15:00+05:30,2785.8,2786.0,2770.1,2771.05,33707
2025-01-07T12:30:00+05:30,2772.35,2780.95,2771.2,2778.55,11599
2025-01-07T12:45:00+05:30,2778.55,2781.0,2770.1,2770.15,11456
2025-01-07T13:00:00+05:30,2770.45,2774.55,2766.0,2772.7,14572
2025-01-07T13:15:00+05:30,2773.05,2776.45,2768.4,2772.35,6330
2025-01-07T13:30:00+05:30,2772.35,2776.75,2760.45,2763.95,18853
2025-01-07T13:45:00+05:30,2763.0,2766.55,2758.0,2761.5,16827
2025-01-07T14:00:00+05:30,2761.0,2777.95,2760.6,2777.95,15712
2025-01-07T14:15:00+05:30,2777.8,2779.85,2771.35,2771.35,15104
2025-01-07T14:30:00+05:30,2772.0,2778.85,2770.6,2773.2,7925
2025-01-07T14:45:00+05:30,2773.2,2778.55,2772.05,2777.15,13733
2025-01-07T15:00:00+05:30,2777.15,2781.05,2773.2,2774.0,21699
2025-01-07T15:15:00+05:30,2774.0,2776.7,2758.1,2763.0,59017
2025-01-08T09:15:00+05:30,2755.0,2760.6,2721.6,2725.2,102493
2025-01-08T09:30:00+05:30,2726.6,2738.35,2715.1,2718.4,69259
2025-01-08T09:45:00+05:30,2719.4,2736.9,2712.05,2724.85,43455
2025-01-08T10:00:00+05:30,2723.5,2739.75,2722.75,2737.95,27916
2025-01-08T10:15:00+05:30,2737.05,2738.05,2716.0,2721.05,26853
2025-01-08T10:30:00+05:30,2721.95,2722.0,2715.0,2717.0,13889
2025-01-08T10:45:00+05:30,2716.8,2729.9,2715.1,2725.3,19554
2025-01-08T11:00:00+05:30,2725.3,2727.65,2718.0,2721.0,10141
2025-01-08T11:15:00+05:30,2721.85,2727.3,2719.1,2725.2,11847
2025-01-08T11:30:00+05:30,2725.2,2729.9,2712.9,2717.1,23250
2025-01-08T11:45:00+05:30,2717.1,2719.8,2703.05,2707.4,23117
2025-01-08T12:00:00+05:30,2706.8,2711.0,2702.5,2703.55,20672
2025-01-08T12:15:00+05:30,2702.45,2714.0,2696.6,2700.0,37084
2025-01-08T12:30:00+05:30,2700.0,2705.0,2698.0,2703.65,15776
2025-01-08T12:45:00+05:30,2703.9,2707.45,2699.0,2704.8,15891
2025-01-08T13:00:00+05:30,2704.15,2706.65,2696.4,2701.7,11764
2025-01-08T13:15:00+05:30,2701.7,2704.0,2697.5,2703.45,11002
2025-01-08T13:30:00+05:30,2703.25,2704.95,2698.0,2701.35,15620
2025-01-08T13:45:00+05:30,2701.4,2710.0,2701.0,2704.5,24647
2025-01-08T14:00:00+05:30,2704.25,2718.7,2704.05,2714.55,28957
2025-01-08T14:15:00+05:30,2714.0,2723.5,2705.0,2710.05,24918
2025-01-08T14:30:00+05:30,2710.3,2717.35,2707.0,2712.6,10238
2025-01-08T14:45:00+05:30,2713.4,2719.4,2708.0,2709.0,31572
2025-01-08T15:00:00+05:30,2709.0,2713.0,2697.0,2699.0,53398
2025-01-08T15:15:00+05:30,2699.0,2699.45,2686.5,2690.0,75894
2025-01-09T09:15:00+05:30,2693.0,2693.25,2616.25,2636.95,196467
2025-01-09T09:30:00+05:30,2636.95,2654.0,2628.0,2646.0,99875
2025-01-09T09:45:00+05:30,2645.9,2662.65,2641.05,2657.9,59350
2025-01-09T10:00:00+05:30,2657.8,2658.0,2635.5,2648.0,42809
2025-01-09T10:15:00+05:30,2648.8,2649.0,2638.05,2640.7,18358
2025-01-09T10:30:00+05:30,2640.65,2644.0,2638.0,2640.0,22655
2025-01-09T10:45:00+05:30,2640.0,2641.05,2625.05,2631.95,55868
2025-01-09T11:00:00+05:30,2631.95,2634.15,2627.0,2631.95,18524
2025-01-09T11:15:00+05:30,2631.1,2634.0,2625.0,2629.8,17683
2025-01-09T11:30:00+05:30,2629.75,2632.95,2625.0,2627.0,15764
2025-01-09T11:45:00+05:30,2628.75,2629.5,2618.3,2623.45,28763
2025-01-09T12:00:00+05:30,2623.45,2623.45,2615.6,2620.0,20946
2025-01-09T12:15:00+05:30,2620.0,2623.0,2617.0,2617.0,10222
2025-01-09T12:30:00+05:30,2617.0,2621.95,2616.0,2620.0,17384
2025-01-09T12:45:00+05:30,2620.0,2620.0,2612.6,2615.5,20894
2025-01-09T13:00:00+05:30,2616.35,2618.45,2614.0,2614.95,16470
2025-01-09T13:15:00+05:30,2616.0,2617.8,2611.0,2611.5,12443
2025-01-09T13:30:00+05:30,2612.4,2615.0,2604.0,2607.0,38343
2025-01-09T13:45:00+05:30,2607.0,2607.75,2601.0,2603.1,22495
2025-01-09T14:00:00+05:30,2603.1,2609.1,2601.0,2605.5,20664
2025-01-09T14:15:00+05:30,2605.5,2609.95,2601.3,2602.1,21045
2025-01-09T14:30:00+05:30,2603.0,2605.0,2597.25,2598.35,56133
2025-01-09T14:45:00+05:30,2598.4,2611.15,2594.4,2608.0,53742
2025-01-09T15:00:00+05:30,2607.55,2615.55,2601.8,2604.0,58682
2025-01-09T15:15:00+05:30,2603.6,2604.8,2591.0,2597.0,81699
2025-01-10T09:15:00+05:30,2584.95,2624.8,2580.0,2595.9,152475
2025-01-10T09:30:00+05:30,2594.0,2598.7,2572.8,2593.45,104591
2025-01-10T09:45:00+05:30,2593.0,2594.0,2568.05,2569.9,58527
2025-01-10T10:00:00+05:30,2569.9,2582.95,2562.35,2581.3,66298
2025-01-10T10:15:00+05:30,2580.15,2583.55,2562.35,2564.85,53412
2025-01-10T10:30:00+05:30,2564.85,2592.0,2563.05,2591.55,44584
2025-01-10T10:45:00+05:30,2591.35,2611.0,2584.1,2603.45,70701
2025-01-10T11:00:00+05:30,2602.65,2636.95,2602.05,2636.95,107934
2025-01-10T11:15:00+05:30,2636.95,2647.55,2616.25,2632.35,97703
2025-01-10T11:30:00+05:30,2632.0,2642.5,2600.15,2601.55,66057
2025-01-10T11:45:00+05:30,2601.55,2614.5,2595.25,2611.85,41522
2025-01-10T12:00:00+05:30,2610.75,2611.65,2584.45,2599.0,43506
2025-01-10T12:15:00+05:30,2597.25,2607.5,2592.05,2595.0,17307
2025-01-10T12:30:00+05:30,2595.0,2598.0,2584.4,2595.5,23105
2025-01-10T12:45:00+05:30,2595.5,2603.0,2592.4,2594.85,12645
2025-01-10T13:00:00+05:30,2596.0,2598.0,2590.0,2594.35,7240
2025-01-10T13:15:00+05:30,2593.25,2597.0,2589.0,2590.5,10060
2025-01-10T13:30:00+05:30,2591.0,2597.0,2588.0,2590.85,11575
2025-01-10T13:45:00+05:30,2590.85,2595.9,2588.0,2590.3,8684
2025-01-10T14:00:00+05:30,2590.3,2594.85,2570.5,2571.75,33164
2025-01-10T14:15:00+05:30,2570.5,2575.0,2564.0,2570.9,36308
2025-01-10T14:30:00+05:30,2570.9,2578.3,2566.05,2575.95,21081
2025-01-10T14:45:00+05:30,2577.15,2579.8,2563.1,2563.6,42664
2025-01-10T15:00:00+05:30,2563.7,2579.8,2561.4,2567.95,44798
2025-01-10T15:15:00+05:30,2567.9,2568.35,2560.0,2561.0,71744
2025-01-13T09:15:00+05:30,2552.0,2627.95,2542.65,2625.0,338380
2025-01-13T09:30:00+05:30,2625.0,2648.0,2583.9,2600.9,172663
2025-01-13T09:45:00+05:30,2600.9,2601.8,2575.5,2579.95,71220
2025-01-13T10:00:00+05:30,2581.0,2605.4,2578.5,2586.15,65475
2025-01-13T10:15:00+05:30,2587.65,2593.15,2575.3,2587.6,41944
2025-01-13T10:30:00+05:30,2587.6,2597.7,2585.05,2590.85,34865
2025-01-13T10:45:00+05:30,2590.2,2590.2,2575.0,2575.6,34022
2025-01-13T11:00:00+05:30,2575.05,2576.9,2553.0,2556.95,65777
2025-01-13T11:15:00+05:30,2556.95,2564.55,2552.0,2554.3,25733
2025-01-13T11:30:00+05:30,2554.25,2557.3,2546.85,2551.5,46187
2025-01-13T11:45:00+05:30,2550.05,2552.0,2536.35,2536.4,66423
2025-01-13T12:00:00+05:30,2538.0,2546.5,2536.45,2540.05,23494
2025-01-13T12:15:00+05:30,2540.05,2549.4,2536.0,2544.8,32903
2025-01-13T12:30:00+05:30,2544.75,2549.5,2540.0,2547.9,17863
2025-01-13T12:45:00+05:30,2547.0,2548.0,2534.25,2535.75,25848
2025-01-13T13:00:00+05:30,2535.8,2538.8,2526.9,2530.25,45505
2025-01-13T13:15:00+05:30,2530.0,2535.5,2526.0,2528.0,27952
2025-01-13T13:30:00+05:30,2528.55,2533.0,2524.8,2526.0,24515
2025-01-13T13:45:00+05:30,2526.0,2527.3,2517.45,2518.0,42048
2025-01-13T14:00:00+05:30,2517.45,2524.9,2506.25,2509.4,30289
2025-01-13T14:15:00+05:30,2508.85,2509.3,2485.05,2487.0,112069
2025-01-13T14:30:00+05:30,2487.0,2487.95,2475.0,2485.0,90750
2025-01-13T14:45:00+05:30,2484.05,2511.9,2479.9,2503.65,80049
2025-01-13T15:00:00+05:30,2502.4,2509.35,2485.05,2487.55,66756
2025-01-13T15:15:00+05:30,2487.75,2495.0,2477.45,2487.95,96239
2025-01-14T09:15:00+05:30,2517.2,2549.0,2496.15,2523.75,168525
2025-01-14T09:30:00+05:30,2522.05,2529.9,2493.1,2514.4,89534
2025-01-14T09:45:00+05:30,2515.7,2546.4,2505.55,2530.55,106376
2025-01-14T10:00:00+05:30,2530.05,2589.75,2525.0,2582.0,155619
2025-01-14T10:15:00+05:30,2583.35,2583.65,2555.0,2576.95,104922
2025-01-14T10:30:00+05:30,2576.95,2611.0,2575.0,2608.55,125836
2025-01-14T10:45:00+05:30,2608.55,2618.7,2591.1,2602.15,79323
2025-01-14T11:00:00+05:30,2601.3,2607.7,2591.05,2604.0,34414
2025-01-14T11:15:00+05:30,2602.65,2623.0,2596.0,2607.45,66735
2025-01-14T11:30:00+05:30,2606.4,2624.7,2604.6,2609.95,55648
2025-01-14T11:45:00+05:30,2609.95,2614.0,2597.75,2608.7,42008
2025-01-14T12:00:00+05:30,2607.65,2614.0,2605.6,2606.4,23193
2025-01-14T12:15:00+05:30,2607.75,2610.6,2578.0,2582.3,64682
2025-01-14T12:30:00+05:30,2582.35,2597.5,2567.35,2583.9,80097
2025-01-14T12:45:00+05:30,2584.2,2591.95,2576.35,2580.2,28858
2025-01-14T13:00:00+05:30,2578.95,2584.5,2575.05,2583.95,20786
2025-01-14T13:15:00+05:30,2582.75,2584.55,2577.0,2582.2,15671
2025-01-14T13:30:00+05:30,2581.4,2583.85,2571.15,2578.0,28916
2025-01-14T13:45:00+05:30,2578.0,2587.8,2574.0,2586.15,18360
2025-01-14T14:00:00+05:30,2586.15,2610.75,2586.0,2604.55,59101
2025-01-14T14:15:00+05:30,2603.1,2618.0,2603.05,2612.0,38147
2025-01-14T14:30:00+05:30,2610.9,2613.0,2596.15,2604.0,35490
2025-01-14T14:45:00+05:30,2604.0,2610.2,2600.5,2607.0,43886
2025-01-14T15:00:00+05:30,2608.4,2618.4,2604.0,2604.8,59316
2025-01-14T15:15:00+05:30,2604.0,2635.0,2603.7,2635.0,116224
2025-01-15T09:15:00+05:30,2651.0,2684.9,2640.05,2662.35,167576
2025-01-15T09:30:00+05:30,2661.2,2662.5,2636.15,2655.35,92782
2025-01-15T09:45:00+05:30,2653.25,2654.85,2627.1,2640.0,57035
2025-01-15T10:00:00+05:30,2640.55,2644.9,2617.25,2627.7,58775
2025-01-15T10:15:00+05:30,2627.7,2644.95,2621.4,2636.4,42472
2025-01-15T10:30:00+05:30,2637.0,2644.9,2629.95,2639.0,21138
2025-01-15T10:45:00+05:30,2639.0,2653.25,2637.5,2645.55,26852
2025-01-15T11:00:00+05:30,2645.55,2647.0,2637.05,2643.55,18445
2025-01-15T11:15:00+05:30,2643.55,2650.0,2640.25,2644.8,9577
2025-01-15T11:30:00+05:30,2644.8,2644.8,2632.35,2635.7,12759
2025-01-15T11:45:00+05:30,2635.1,2666.9,2633.5,2659.95,30809
2025-01-15T12:00:00+05:30,2658.45,2663.0,2647.5,2648.6,34073
2025-01-15T12:15:00+05:30,2648.6,2655.0,2645.45,2652.9,20627
2025-01-15T12:30:00+05:30,2654.4,2655.85,2650.0,2654.35,11500
2025-01-15T12:45:00+05:30,2653.05,2660.95,2652.0,2655.5,16724
2025-01-15T13:00:00+05:30,2655.2,2656.1,2645.65,2646.7,14690
2025-01-15T13:15:00+05:30,2646.05,2648.7,2632.7,2634.4,26748
2025-01-15T13:30:00+05:30,2634.4,2634.6,2602.5,2614.35,65236
2025-01-15T13:45:00+05:30,2615.0,2619.4,2610.05,2616.95,17592
2025-01-15T14:00:00+05:30,2616.95,2617.0,2602.7,2603.7,31115
2025-01-15T14:15:00+05:30,2604.65,2608.45,2600.0,2601.0,34414
2025-01-15T14:30:00+05:30,2601.75,2610.85,2590.0,2604.9,34731
2025-01-15T14:45:00+05:30,2606.95,2620.0,2601.0,2615.25,36213
2025-01-15T15:00:00+05:30,2615.25,2622.0,2608.0,2613.1,37022
2025-01-15T15:15:00+05:30,2613.65,2614.9,2602.0,2609.0,58007
2025-01-16T09:15:00+05:30,2641.0,2658.0,2630.05,2655.05,101573
2025-01-16T09:30:00+05:30,2656.0,2663.25,2641.2,2660.35,44105
2025-01-16T09:45:00+05:30,2661.8,2671.2,2648.05,2650.95,60088
2025-01-16T10:00:00+05:30,2650.95,2682.0,2650.05,2670.0,60043
2025-01-16T10:15:00+05:30,2669.95,2681.2,2666.0,2674.75,32589
2025-01-16T10:30:00+05:30,2675.95,2681.85,2670.0,2672.35,19768
2025-01-16T10:45:00+05:30,2672.6,2683.95,2670.7,2677.35,26641
2025-01-16T11:00:00+05:30,2677.35,2677.5,2666.05,2670.3,20803
2025-01-16T11:15:00+05:30,2671.4,2671.8,2663.05,2671.2,15448
2025-01-16T11:30:00+05:30,2671.2,2673.2,2667.0,2669.4,9135
2025-01-16T11:45:00+05:30,2670.5,2670.9,2656.0,2663.85,23962
2025-01-16T12:00:00+05:30,2664.0,2667.0,2654.0,2660.0,15427
2025-01-16T12:15:00+05:30,2658.8,2661.25,2655.0,2656.0,11715
2025-01-16T12:30:00+05:30,2655.2,2666.05,2655.2,2662.8,14026
2025-01-16T12:45:00+05:30,2662.8,2667.8,2661.2,2663.9,7810
2025-01-16T13:00:00+05:30,2664.9,2668.65,2660.3,2666.15,9412
2025-01-16T13:15:00+05:30,2664.8,2667.25,2656.4,2660.0,12783
2025-01-16T13:30:00+05:30,2659.2,2663.0,2648.0,2653.65,19445
2025-01-16T13:45:00+05:30,2655.15,2659.0,2650.05,2655.65,9928
2025-01-16T14:00:00+05:30,2656.4,2660.0,2655.0,2659.25,9915
2025-01-16T14:15:00+05:30,2659.25,2659.5,2649.25,2652.5,16527
2025-01-16T14:30:00+05:30,2652.5,2655.0,2630.05,2637.0,59682
2025-01-16T14:45:00+05:30,2635.85,2647.5,2631.15,2639.9,28101
2025-01-16T15:00:00+05:30,2639.9,2650.0,2635.0,2647.0,42625
2025-01-16T15:15:00+05:30,2646.0,2663.25,2640.05,2656.0,57669
2025-01-17T09:15:00+05:30,2655.9,2655.95,2605.8,2621.0,90903
2025-01-17T09:30:00+05:30,2620.1,2622.7,2602.55,2604.45,39089
2025-01-17T09:45:00+05:30,2605.3,2616.3,2603.8,2613.5,21154
2025-01-17T10:00:00+05:30,2614.8,2624.75,2609.1,2612.8,22630
2025-01-17T10:15:00+05:30,2612.85,2619.95,2610.15,2614.75,12935
2025-01-17T10:30:00+05:30,2614.05,2618.0,2612.0,2617.0,8667
2025-01-17T10:45:00+05:30,2616.9,2617.9,2602.35,2604.35,20437
2025-01-17T11:00:00+05:30,2604.4,2610.0,2602.45,2609.4,9130
2025-01-17T11:15:00+05:30,2609.0,2612.9,2607.0,2610.55,5150
2025-01-17T11:30:00+05:30,2610.8,2611.0,2604.0,2605.25,8079
2025-01-17T11:45:00+05:30,2604.05,2608.85,2604.0,2607.45,5088
2025-01-17T12:00:00+05:30,2607.45,2615.85,2606.0,2608.9,12026
2025-01-17T12:15:00+05:30,2608.9,2613.3,2603.9,2604.45,9259
2025-01-17T12:30:00+05:30,2606.35,2609.0,2604.7,2606.6,7503
2025-01-17T12:45:00+05:30,2607.85,2609.95,2605.0,2607.05,5597
2025-01-17T13:00:00+05:30,2608.6,2611.3,2605.3,2607.45,7469
2025-01-17T13:15:00+05:30,2607.4,2608.15,2602.05,2604.95,6367
2025-01-17T13:30:00+05:30,2604.95,2608.55,2595.0,2600.95,18483
2025-01-17T13:45:00+05:30,2600.95,2605.0,2597.0,2603.9,8989
2025-01-17T14:00:00+05:30,2603.75,2608.8,2602.85,2606.0,6078
2025-01-17T14:15:00+05:30,2606.0,2610.0,2605.05,2606.3,6569
2025-01-17T14:30:00+05:30,2607.65,2611.95,2605.5,2608.05,6416
2025-01-17T14:45:00+05:30,2608.9,2613.0,2607.05,2609.65,11004
2025-01-17T15:00:00+05:30,2609.65,2612.95,2603.0,2608.2,27501
2025-01-17T15:15:00+05:30,2608.2,2610.0,2601.0,2606.0,40139
2025-01-20T09:15:00+05:30,2620.9,2642.0,2611.0,2626.6,89373
2025-01-20T09:30:00+05:30,2626.6,2639.3,2620.25,2624.75,33576
2025-01-20T09:45:00+05:30,2625.3,2633.9,2617.0,2618.95,32163
2025-01-20T10:00:00+05:30,2619.05,2625.0,2613.5,2624.95,17667
2025-01-20T10:15:00+05:30,2624.95,2654.0,2621.85,2647.25,66963
2025-01-20T10:30:00+05:30,2648.85,2650.7,2633.3,2634.6,19660
2025-01-20T10:45:00+05:30,2634.6,2648.0,2631.2,2645.0,14075
2025-01-20T11:00:00+05:30,2646.1,2647.35,2638.0,2641.8,10062
2025-01-20T11:15:00+05:30,2641.0,2649.2,2638.05,2644.75,11045
2025-01-20T11:30:00+05:30,2646.5,2649.95,2643.05,2645.65,9921
2025-01-20T11:45:00+05:30,2645.85,2667.45,2643.5,2653.0,56249
2025-01-20T12:00:00+05:30,2653.05,2657.0,2646.0,2653.45,12996
2025-01-20T12:15:00+05:30,2652.0,2654.75,2651.0,2652.1,7501
2025-01-20T12:30:00+05:30,2652.1,2654.75,2647.35,2649.6,11175
2025-01-20T12:45:00+05:30,2649.65,2653.95,2644.9,2649.55,10030
2025-01-20T13:00:00+05:30,2650.6,2650.6,2644.05,2645.5,7881
2025-01-20T13:15:00+05:30,2645.4,2651.0,2641.05,2649.1,8976
2025-01-20T13:30:00+05:30,2649.75,2650.2,2640.4,2644.3,7661
2025-01-20T13:45:00+05:30,2644.3,2645.05,2636.9,2637.6,6366
2025-01-20T14:00:00+05:30,2637.5,2643.95,2637.5,2642.15,6421
2025-01-20T14:15:00+05:30,2642.45,2642.5,2635.0,2637.6,6272
2025-01-20T14:30:00+05:30,2637.6,2638.4,2628.4,2636.75,19202
2025-01-20T14:45:00+05:30,2635.4,2636.75,2632.5,2636.0,8527
2025-01-20T15:00:00+05:30,2636.0,2640.85,2632.0,2632.2,24856
2025-01-20T15:15:00+05:30,2632.2,2640.0,2627.0,2638.5,39323
2025-01-21T09:15:00+05:30,2674.55,2721.0,2657.05,2705.0,232457
2025-01-21T09:30:00+05:30,2704.95,2705.0,2683.65,2685.0,58935
2025-01-21T09:45:00+05:30,2686.3,2689.8,2668.3,2670.4,61372
2025-01-21T10:00:00+05:30,2670.4,2672.5,2658.15,2659.8,41578
2025-01-21T10:15:00+05:30,2659.0,2659.8,2635.0,2637.55,62319
2025-01-21T10:30:00+05:30,2637.5,2649.4,2635.0,2646.2,31665
2025-01-21T10:45:00+05:30,2646.7,2654.45,2636.0,2639.1,24719
2025-01-21T11:00:00+05:30,2638.0,2638.4,2623.7,2629.0,34555
2025-01-21T11:15:00+05:30,2629.5,2630.9,2615.0,2618.5,17685
2025-01-21T11:30:00+05:30,2618.5,2632.4,2615.5,2628.7,20921
2025-01-21T11:45:00+05:30,2629.3,2651.45,2628.0,2644.0,41061
2025-01-21T12:00:00+05:30,2644.45,2645.0,2623.05,2624.85,21197
2025-01-21T12:15:00+05:30,2624.9,2624.9,2611.05,2615.0,23304
2025-01-21T12:30:00+05:30,2615.0,2617.0,2610.1,2615.8,10984
2025-01-21T12:45:00+05:30,2616.0,2618.9,2605.0,2607.45,16473
2025-01-21T13:00:00+05:30,2608.9,2614.2,2602.0,2606.45,19373
2025-01-21T13:15:00+05:30,2606.45,2610.45,2591.1,2608.75,32047
2025-01-21T13:30:00+05:30,2607.5,2609.0,2603.3,2607.7,8562
2025-01-21T13:45:00+05:30,2607.4,2613.15,2606.3,2609.55,11393
2025-01-21T14:00:00+05:30,2608.5,2618.0,2607.1,2612.05,31905
2025-01-21T14:15:00+05:30,2612.25,2614.75,2606.0,2609.75,10105
2025-01-21T14:30:00+05:30,2609.9,2612.0,2592.5,2593.0,21730
2025-01-21T14:45:00+05:30,2594.45,2635.25,2592.7,2625.55,68099
2025-01-21T15:00:00+05:30,2626.15,2693.2,2626.15,2685.05,183439
2025-01-21T15:15:00+05:30,2685.7,2699.0,2660.05,2678.0,121740
2025-01-22T09:15:00+05:30,2678.1,2679.95,2468.2,2498.45,986051
2025-01-22T09:30:00+05:30,2498.45,2532.3,2483.6,2520.75,326600
2025-01-22T09:45:00+05:30,2520.75,2522.7,2491.0,2500.15,171775
2025-01-22T10:00:00+05:30,2500.0,2544.1,2496.05,2525.0,147593
2025-01-22T10:15:00+05:30,2525.0,2527.0,2493.0,2494.25,174355
2025-01-22T10:30:00+05:30,2493.7,2494.9,2471.1,2476.8,219447
2025-01-22T10:45:00+05:30,2476.8,2477.15,2461.75,2469.75,235654
2025-01-22T11:00:00+05:30,2469.2,2488.0,2469.0,2482.2,260001
2025-01-22T11:15:00+05:30,2482.2,2482.35,2468.3,2471.05,125386
2025-01-22T11:30:00+05:30,2471.55,2477.0,2464.1,2464.45,65080
2025-01-22T11:45:00+05:30,2464.45,2484.7,2458.0,2472.95,129826
2025-01-22T12:00:00+05:30,2472.5,2477.3,2467.0,2469.55,48982
2025-01-22T12:15:00+05:30,2469.55,2474.7,2438.0,2439.05,209943
2025-01-22T12:30:00+05:30,2440.3,2443.3,2430.0,2430.5,146755
2025-01-22T12:45:00+05:30,2430.2,2431.45,2411.25,2414.15,156046
2025-01-22T13:00:00+05:30,2414.05,2419.9,2395.95,2408.0,222196
2025-01-22T13:15:00+05:30,2407.95,2412.0,2362.25,2362.25,347757
2025-01-22T13:30:00+05:30,2362.45,2400.75,2362.25,2384.1,212501
2025-01-22T13:45:00+05:30,2385.3,2423.8,2381.0,2390.95,201909
2025-01-22T14:00:00+05:30,2392.0,2415.0,2385.0,2399.25,195095
2025-01-22T14:15:00+05:30,2399.25,2408.75,2394.0,2396.95,105057
2025-01-22T14:30:00+05:30,2396.45,2444.0,2394.0,2442.7,224409
2025-01-22T14:45:00+05:30,2442.7,2457.65,2431.85,2444.5,233511
2025-01-22T15:00:00+05:30,2444.4,2459.0,2420.05,2421.3,225165
2025-01-22T15:15:00+05:30,2421.0,2424.5,2405.1,2424.0,237593
2025-01-23T09:15:00+05:30,2435.0,2464.3,2398.05,2408.85,330639
2025-01-23T09:30:00+05:30,2408.85,2462.0,2407.05,2416.35,207271
2025-01-23T09:45:00+05:30,2416.35,2419.6,2385.0,2398.0,163268
2025-01-23T10:00:00+05:30,2398.0,2403.7,2387.0,2397.75,70376
2025-01-23T10:15:00+05:30,2397.65,2401.3,2395.0,2398.95,46345
2025-01-23T10:30:00+05:30,2398.95,2435.65,2396.0,2423.95,115457
2025-01-23T10:45:00+05:30,2422.65,2439.4,2391.05,2393.55,153892
2025-01-23T11:00:00+05:30,2393.55,2404.0,2393.0,2401.0,76419
2025-01-23T11:15:00+05:30,2400.5,2402.5,2376.1,2379.0,95050
2025-01-23T11:30:00+05:30,2379.0,2382.1,2342.3,2353.0,234049
2025-01-23T11:45:00+05:30,2353.0,2369.95,2344.45,2368.9,107767
2025-01-23T12:00:00+05:30,2368.9,2376.3,2359.5,2369.05,57693
2025-01-23T12:15:00+05:30,2369.25,2382.9,2368.0,2373.4,59500
2025-01-23T12:30:00+05:30,2373.3,2378.75,2356.7,2360.55,55358
2025-01-23T12:45:00+05:30,2362.3,2364.8,2353.0,2363.85,52105
2025-01-23T13:00:00+05:30,2363.9,2375.0,2361.65,2365.75,43595
2025-01-23T13:15:00+05:30,2365.95,2369.55,2355.25,2357.65,30246
2025-01-23T13:30:00+05:30,2357.7,2371.0,2355.0,2362.05,47287
2025-01-23T13:45:00+05:30,2361.15,2362.85,2356.05,2359.0,32774
2025-01-23T14:00:00+05:30,2359.2,2360.0,2350.0,2353.05,52566
2025-01-23T14:15:00+05:30,2352.5,2354.0,2333.4,2339.7,135743
2025-01-23T14:30:00+05:30,2339.05,2350.95,2317.85,2323.85,197925
2025-01-23T14:45:00+05:30,2323.0,2342.35,2322.0,2330.2,113011
2025-01-23T15:00:00+05:30,2330.15,2349.75,2325.0,2338.0,122678
2025-01-23T15:15:00+05:30,2338.0,2357.35,2335.05,2355.95,217829
2025-01-24T09:15:00+05:30,2368.0,2394.4,2328.5,2361.35,309770
2025-01-24T09:30:00+05:30,2361.55,2369.85,2345.1,2350.0,85072
2025-01-24T09:45:00+05:30,2350.1,2355.0,2335.0,2349.75,64448
2025-01-24T10:00:00+05:30,2348.1,2358.8,2321.0,2322.65,90243
2025-01-24T10:15:00+05:30,2321.05,2340.5,2316.3,2336.0,75276
2025-01-24T10:30:00+05:30,2334.95,2345.0,2331.0,2338.0,35955
2025-01-24T10:45:00+05:30,2338.0,2345.0,2334.1,2344.2,24097
2025-01-24T11:00:00+05:30,2344.2,2345.25,2334.1,2344.85,30984
2025-01-24T11:15:00+05:30,2345.0,2345.0,2336.05,2340.0,13555
2025-01-24T11:30:00+05:30,2339.8,2341.0,2327.1,2337.7,22370
2025-01-24T11:45:00+05:30,2337.8,2344.0,2336.45,2343.75,19092
2025-01-24T12:00:00+05:30,2343.75,2344.0,2326.2,2326.2,28999
2025-01-24T12:15:00+05:30,2327.6,2327.75,2318.0,2320.0,49900
2025-01-24T12:30:00+05:30,2320.0,2320.05,2284.0,2284.0,198860
2025-01-24T12:45:00+05:30,2284.5,2291.6,2274.0,2281.25,122752
2025-01-24T13:00:00+05:30,2281.25,2287.8,2273.0,2284.0,58454
2025-01-24T13:15:00+05:30,2284.45,2285.0,2265.15,2273.55,81572
2025-01-24T13:30:00+05:30,2273.55,2281.0,2268.0,2270.9,38104
2025-01-24T13:45:00+05:30,2270.85,2270.95,2257.0,2258.75,86284
2025-01-24T14:00:00+05:30,2258.0,2262.95,2252.0,2256.0,93245
2025-01-24T14:15:00+05:30,2256.05,2256.05,2218.0,2230.0,202980
2025-01-24T14:30:00+05:30,2229.7,2231.95,2207.0,2212.65,135259
2025-01-24T14:45:00+05:30,2213.0,2257.0,2210.0,2252.9,277828
2025-01-24T15:00:00+05:30,2252.1,2258.9,2233.75,2245.6,204484
2025-01-24T15:15:00+05:30,2245.2,2246.1,2221.05,2225.0,172112
2025-01-27T09:15:00+05:30,2213.0,2213.0,2026.0,2131.95,1115050
2025-01-27T09:30:00+05:30,2131.7,2204.1,2126.15,2187.05,404329
2025-01-27T09:45:00+05:30,2187.0,2213.0,2148.65,2153.75,272760
2025-01-27T10:00:00+05:30,2153.8,2199.4,2152.4,2164.0,163989
2025-01-27T10:15:00+05:30,2164.95,2172.95,2147.1,2160.8,103807
2025-01-27T10:30:00+05:30,2161.4,2194.0,2158.1,2188.6,118176
2025-01-27T10:45:00+05:30,2188.0,2204.9,2184.0,2186.6,100564
2025-01-27T11:00:00+05:30,2186.6,2223.8,2180.65,2216.1,152644
2025-01-27T11:15:00+05:30,2217.3,2268.0,2205.0,2261.55,380972
2025-01-27T11:30:00+05:30,2261.8,2268.0,2221.0,2232.7,213077
2025-01-27T11:45:00+05:30,2233.95,2247.9,2215.25,2231.95,125520
2025-01-27T12:00:00+05:30,2231.95,2232.0,2202.0,2213.9,125501
2025-01-27T12:15:00+05:30,2212.4,2236.7,2208.0,2230.15,85766
2025-01-27T12:30:00+05:30,2230.4,2231.1,2181.15,2187.05,123451
2025-01-27T12:45:00+05:30,2186.05,2194.65,2174.0,2185.65,93152
2025-01-27T13:00:00+05:30,2186.85,2204.65,2186.0,2202.8,74515
2025-01-27T13:15:00+05:30,2203.5,2208.0,2158.2,2171.0,152697
2025-01-27T13:30:00+05:30,2170.05,2189.0,2168.3,2186.3,61072
2025-01-27T13:45:00+05:30,2186.3,2189.9,2174.55,2181.85,58072
2025-01-27T14:00:00+05:30,2183.4,2184.4,2169.45,2180.0,62091
2025-01-27T14:15:00+05:30,2180.6,2183.8,2171.2,2174.0,52757
2025-01-27T14:30:00+05:30,2174.0,2182.05,2165.35,2176.7,57981
2025-01-27T14:45:00+05:30,2176.7,2206.55,2165.4,2197.15,149058
2025-01-27T15:00:00+05:30,2196.65,2214.0,2192.0,2195.9,171664
2025-01-27T15:15:00+05:30,2195.9,2197.85,2180.1,2180.1,187186
2025-01-28T09:15:00+05:30,2208.8,2230.8,2131.8,2141.6,361744
2025-01-28T09:30:00+05:30,2142.95,2143.5,2087.0,2091.0,305621
2025-01-28T09:45:00+05:30,2090.9,2108.65,2056.65,2083.7,315056
2025-01-28T10:00:00+05:30,2083.7,2104.9,2066.65,2071.85,188965
2025-01-28T10:15:00+05:30,2074.7,2081.0,2038.15,2050.0,191678
2025-01-28T10:30:00+05:30,2050.0,2059.05,2030.0,2054.65,193959
2025-01-28T10:45:00+05:30,2053.2,2100.0,2051.1,2081.7,198085
2025-01-28T11:00:00+05:30,2082.95,2093.2,2060.0,2079.1,144455
2025-01-28T11:15:00+05:30,2079.05,2087.65,2062.0,2086.8,68398
2025-01-28T11:30:00+05:30,2085.85,2100.25,2072.0,2098.3,104319
2025-01-28T11:45:00+05:30,2098.2,2133.2,2097.95,2113.4,286142
2025-01-28T12:00:00+05:30,2114.35,2130.9,2105.25,2106.8,83472
2025-01-28T12:15:00+05:30,2106.8,2121.95,2105.55,2109.9,60724
2025-01-28T12:30:00+05:30,2109.65,2119.4,2101.1,2117.4,68982
2025-01-28T12:45:00+05:30,2117.45,2127.6,2113.0,2122.0,77458
2025-01-28T13:00:00+05:30,2122.0,2134.0,2117.55,2123.5,112233
2025-01-28T13:15:00+05:30,2123.05,2144.4,2106.1,2109.95,131211
2025-01-28T13:30:00+05:30,2109.15,2116.85,2092.9,2092.9,72865
2025-01-28T13:45:00+05:30,2093.6,2108.0,2086.65,2101.45,78431
2025-01-28T14:00:00+05:30,2101.85,2102.95,2095.0,2095.55,40104
2025-01-28T14:15:00+05:30,2095.0,2105.95,2086.75,2095.35,86805
2025-01-28T14:30:00+05:30,2094.4,2111.25,2094.0,2099.65,117911
2025-01-28T14:45:00+05:30,2099.2,2100.0,2066.0,2068.15,120342
2025-01-28T15:00:00+05:30,2068.0,2102.45,2068.0,2095.55,176044
2025-01-28T15:15:00+05:30,2095.6,2102.5,2082.3,2088.0,160758
2025-01-29T09:15:00+05:30,2116.0,2126.0,2087.4,2107.75,282299
2025-01-29T09:30:00+05:30,2107.75,2166.0,2096.55,2164.25,286773
2025-01-29T09:45:00+05:30,2164.25,2182.25,2155.0,2170.0,180712
2025-01-29T10:00:00+05:30,2169.95,2197.7,2164.45,2166.0,164720
2025-01-29T10:15:00+05:30,2166.1,2186.95,2161.0,2178.0,97450
2025-01-29T10:30:00+05:30,2178.0,2180.1,2150.5,2153.65,111236
2025-01-29T10:45:00+05:30,2153.65,2159.9,2132.2,2146.25,102941
2025-01-29T11:00:00+05:30,2146.25,2169.0,2136.25,2157.0,86488
2025-01-29T11:15:00+05:30,2157.0,2165.05,2150.0,2157.85,42399
2025-01-29T11:30:00+05:30,2157.85,2163.85,2152.3,2159.65,22016
2025-01-29T11:45:00+05:30,2159.55,2170.0,2154.0,2165.0,33016
2025-01-29T12:00:00+05:30,2165.0,2171.0,2161.2,2164.5,25143
2025-01-29T12:15:00+05:30,2164.5,2174.3,2161.0,2169.4,51035
2025-01-29T12:30:00+05:30,2169.65,2174.0,2156.35,2164.75,44527
2025-01-29T12:45:00+05:30,2163.9,2169.9,2151.2,2153.95,31275
2025-01-29T13:00:00+05:30,2153.95,2157.55,2145.2,2156.6,37077
2025-01-29T13:15:00+05:30,2156.05,2186.7,2156.05,2165.75,118030
2025-01-29T13:30:00+05:30,2165.9,2171.0,2163.35,2168.8,31156
2025-01-29T13:45:00+05:30,2167.85,2216.75,2166.0,2210.85,144043
2025-01-29T14:00:00+05:30,2210.0,2210.0,2186.25,2188.0,97269
2025-01-29T14:15:00+05:30,2187.5,2196.9,2181.0,2188.85,66314
2025-01-29T14:30:00+05:30,2189.95,2191.5,2181.3,2186.55,39523
2025-01-29T14:45:00+05:30,2187.4,2212.0,2184.0,2210.0,130897
2025-01-29T15:00:00+05:30,2210.55,2219.4,2193.4,2204.0,115110
2025-01-29T15:15:00+05:30,2203.0,2222.0,2195.65,2220.75,139821
2025-01-30T09:15:00+05:30,2226.95,2235.9,2167.0,2197.65,338949
2025-01-30T09:30:00+05:30,2197.0,2235.8,2189.95,2231.0,156400
2025-01-30T09:45:00+05:30,2231.15,2247.35,2226.05,2234.6,170886
2025-01-30T10:00:00+05:30,2235.55,2257.75,2215.3,2251.45,158526
2025-01-30T10:15:00+05:30,2251.0,2252.0,2206.5,2214.0,153588
2025-01-30T10:30:00+05:30,2214.05,2215.0,2193.0,2203.9,124146
2025-01-30T10:45:00+05:30,2204.85,2212.45,2190.1,2196.65,67037
2025-01-30T11:00:00+05:30,2195.25,2199.2,2183.1,2186.0,58616
2025-01-30T11:15:00+05:30,2185.65,2200.0,2181.0,2197.7,52160
2025-01-30T11:30:00+05:30,2198.75,2198.8,2185.2,2189.9,26682
2025-01-30T11:45:00+05:30,2189.95,2192.75,2182.25,2184.65,26925
2025-01-30T12:00:00+05:30,2184.7,2186.0,2176.5,2183.85,34395
2025-01-30T12:15:00+05:30,2184.25,2194.8,2180.65,2191.8,28426
2025-01-30T12:30:00+05:30,2191.95,2192.9,2188.25,2189.05,9201
2025-01-30T12:45:00+05:30,2190.0,2191.5,2184.8,2188.0,16135
2025-01-30T13:00:00+05:30,2188.0,2189.25,2184.0,2184.5,17496
2025-01-30T13:15:00+05:30,2184.95,2185.6,2170.25,2171.65,38093
2025-01-30T13:30:00+05:30,2172.1,2177.6,2168.05,2170.8,40230
2025-01-30T13:45:00+05:30,2171.0,2174.95,2160.95,2167.8,42269
2025-01-30T14:00:00+05:30,2166.95,2172.65,2162.5,2164.65,23605
2025-01-30T14:15:00+05:30,2164.35,2170.0,2162.65,2166.75,23561
2025-01-30T14:30:00+05:30,2167.0,2167.1,2156.85,2166.5,43851
2025-01-30T14:45:00+05:30,2166.5,2172.75,2164.25,2168.5,38879
2025-01-30T15:00:00+05:30,2168.05,2170.0,2158.0,2159.95,78694
2025-01-30T15:15:00+05:30,2158.7,2238.0,2145.0,2235.05,594237
2025-01-31T09:15:00+05:30,2430.3,2505.5,2375.6,2394.0,2175102
2025-01-31T09:30:00+05:30,2392.35,2422.0,2378.0,2406.8,533832
2025-01-31T09:45:00+05:30,2406.95,2423.0,2360.1,2381.0,505518
2025-01-31T10:00:00+05:30,2381.35,2388.85,2360.1,2377.55,280679
2025-01-31T10:15:00+05:30,2377.35,2382.55,2365.0,2379.45,131856
2025-01-31T10:30:00+05:30,2379.9,2394.0,2372.05,2381.8,149175
2025-01-31T10:45:00+05:30,2381.8,2412.0,2380.7,2402.0,218737
2025-01-31T11:00:00+05:30,2402.3,2415.0,2393.0,2394.0,190406
2025-01-31T11:15:00+05:30,2394.5,2438.5,2392.0,2420.1,315553
2025-01-31T11:30:00+05:30,2420.1,2447.4,2411.0,2414.65,361356
2025-01-31T11:45:00+05:30,2414.05,2428.0,2401.55,2411.0,143192
2025-01-31T12:00:00+05:30,2410.95,2411.8,2391.6,2407.4,166778
2025-01-31T12:15:00+05:30,2406.15,2414.0,2381.55,2393.55,149940
2025-01-31T12:30:00+05:30,2393.55,2399.85,2384.0,2397.65,84300
2025-01-31T12:45:00+05:30,2398.0,2416.95,2396.3,2413.7,129087
2025-01-31T13:00:00+05:30,2414.45,2415.0,2396.95,2406.25,62247
2025-01-31T13:15:00+05:30,2405.65,2412.95,2395.95,2399.75,59470
2025-01-31T13:30:00+05:30,2399.7,2412.0,2390.0,2402.45,80445
2025-01-31T13:45:00+05:30,2402.55,2430.0,2398.3,2418.5,188740
2025-01-31T14:00:00+05:30,2418.1,2424.0,2406.8,2422.9,97417
2025-01-31T14:15:00+05:30,2422.9,2427.95,2406.55,2417.8,123734
2025-01-31T14:30:00+05:30,2416.6,2423.5,2395.0,2400.0,145787
2025-01-31T14:45:00+05:30,2399.05,2408.85,2392.2,2405.0,121476
2025-01-31T15:00:00+05:30,2405.0,2405.55,2381.05,2386.75,236124
2025-01-31T15:15:00+05:30,2386.75,2404.0,2385.05,2396.0,316511
2025-02-01T09:15:00+05:30,2415.0,2478.0,2401.0,2456.3,481373
2025-02-01T09:30:00+05:30,2457.0,2488.0,2455.0,2484.0,230615
2025-02-01T09:45:00+05:30,2484.0,2486.0,2463.75,2476.0,127328
2025-02-01T10:00:00+05:30,2475.35,2503.7,2471.15,2484.2,249576
2025-02-01T10:15:00+05:30,2484.2,2517.0,2477.45,2513.8,205057
2025-02-01T10:30:00+05:30,2512.1,2514.9,2501.0,2501.3,109139
2025-02-01T10:45:00+05:30,2502.8,2506.35,2485.4,2501.8,132729
2025-02-01T11:00:00+05:30,2500.7,2502.0,2470.0,2486.0,132510
2025-02-01T11:15:00+05:30,2485.65,2557.35,2484.0,2517.9,429637
2025-02-01T11:30:00+05:30,2517.9,2528.0,2492.3,2507.0,166700
2025-02-01T11:45:00+05:30,2505.75,2507.95,2429.0,2467.05,366681
2025-02-01T12:00:00+05:30,2465.35,2490.85,2452.0,2474.45,147339
2025-02-01T12:15:00+05:30,2475.0,2485.0,2437.3,2441.05,122274
2025-02-01T12:30:00+05:30,2441.3,2458.95,2424.2,2445.4,116588
2025-02-01T12:45:00+05:30,2447.15,2457.2,2432.05,2454.8,58559
2025-02-01T13:00:00+05:30,2453.6,2455.3,2402.35,2417.25,126076
2025-02-01T13:15:00+05:30,2416.0,2419.6,2358.6,2402.9,231613
2025-02-01T13:30:00+05:30,2403.6,2440.0,2400.3,2439.25,118870
2025-02-01T13:45:00+05:30,2439.8,2449.0,2418.65,2434.1,76760
2025-02-01T14:00:00+05:30,2434.95,2445.0,2423.15,2433.9,43351
2025-02-01T14:15:00+05:30,2434.7,2445.1,2426.3,2434.05,45176
2025-02-01T14:30:00+05:30,2432.6,2434.05,2412.3,2416.55,52174
2025-02-01T14:45:00+05:30,2416.05,2429.0,2405.15,2426.0,50411
2025-02-01T15:00:00+05:30,2424.1,2428.05,2404.0,2418.25,72171
2025-02-01T15:15:00+05:30,2418.25,2420.0,2381.15,2395.0,171266
2025-02-03T09:15:00+05:30,2369.45,2369.45,2316.6,2339.65,330081
2025-02-03T09:30:00+05:30,2339.0,2340.8,2292.7,2302.7,211658
2025-02-03T09:45:00+05:30,2302.55,2303.45,2291.0,2299.9,92136
2025-02-03T10:00:00+05:30,2300.0,2314.3,2292.65,2298.9,67499
2025-02-03T10:15:00+05:30,2298.9,2299.0,2275.0,2282.9,97047
2025-02-03T10:30:00+05:30,2282.15,2295.6,2278.05,2292.05,37016
2025-02-03T10:45:00+05:30,2293.45,2305.0,2290.0,2304.0,56671
2025-02-03T11:00:00+05:30,2303.45,2309.55,2293.0,2307.95,44872
2025-02-03T11:15:00+05:30,2307.95,2314.9,2300.5,2302.3,46282
2025-02-03T11:30:00+05:30,2302.9,2305.0,2294.0,2296.85,22508
2025-02-03T11:45:00+05:30,2298.1,2306.5,2296.6,2304.0,14348
2025-02-03T12:00:00+05:30,2304.0,2306.75,2300.0,2300.9,14515
2025-02-03T12:15:00+05:30,2300.9,2310.4,2297.6,2308.45,23147
2025-02-03T12:30:00+05:30,2308.45,2308.9,2300.0,2300.8,10687
2025-02-03T12:45:00+05:30,2302.0,2303.6,2291.15,2299.85,26519
2025-02-03T13:00:00+05:30,2300.0,2308.8,2297.0,2306.95,22654
2025-02-03T13:15:00+05:30,2307.0,2313.05,2303.0,2303.95,22260
2025-02-03T13:30:00+05:30,2304.0,2308.0,2301.0,2307.5,13335
2025-02-03T13:45:00+05:30,2307.5,2312.9,2301.0,2312.9,27220
2025-02-03T14:00:00+05:30,2312.5,2324.8,2308.0,2312.0,54105
2025-02-03T14:15:00+05:30,2311.8,2312.65,2306.85,2310.0,15875
2025-02-03T14:30:00+05:30,2310.0,2324.0,2305.0,2324.0,52259
2025-02-03T14:45:00+05:30,2324.05,2341.05,2315.15,2339.0,107992
2025-02-03T15:00:00+05:30,2339.0,2343.5,2323.7,2336.0,90162
2025-02-03T15:15:00+05:30,2335.75,2340.0,2330.1,2332.4,87379
2025-02-04T09:15:00+05:30,2379.75,2403.6,2354.45,2376.45,266337
2025-02-04T09:30:00+05:30,2375.65,2389.0,2371.0,2380.95,79828
2025-02-04T09:45:00+05:30,2382.5,2384.85,2377.0,2378.05,29367
2025-02-04T10:00:00+05:30,2378.0,2378.6,2352.2,2362.0,74029
2025-02-04T10:15:00+05:30,2362.0,2362.0,2344.0,2352.65,58261
2025-02-04T10:30:00+05:30,2353.7,2353.75,2331.25,2342.9,78239
2025-02-04T10:45:00+05:30,2342.8,2344.2,2322.25,2328.95,43667
2025-02-04T11:00:00+05:30,2327.05,2353.95,2316.8,2331.8,113225
2025-02-04T11:15:00+05:30,2331.9,2349.55,2330.4,2342.4,44579
2025-02-04T11:30:00+05:30,2342.4,2346.75,2333.25,2336.2,19095
2025-02-04T11:45:00+05:30,2335.95,2353.15,2335.05,2351.05,41064
2025-02-04T12:00:00+05:30,2350.95,2351.05,2340.25,2342.9,29010
2025-02-04T12:15:00+05:30,2342.9,2345.45,2338.55,2339.55,13086
2025-02-04T12:30:00+05:30,2339.55,2339.7,2332.3,2335.85,21569
2025-02-04T12:45:00+05:30,2335.85,2335.9,2320.0,2330.0,35690
2025-02-04T13:00:00+05:30,2330.0,2330.0,2325.0,2327.1,13344
2025-02-04T13:15:00+05:30,2327.65,2327.65,2311.0,2320.3,46393
2025-02-04T13:30:00+05:30,2320.85,2332.2,2319.05,2330.95,17077
2025-02-04T13:45:00+05:30,2331.8,2337.65,2329.0,2333.35,31045
2025-02-04T14:00:00+05:30,2333.3,2344.15,2332.0,2337.3,27827
2025-02-04T14:15:00+05:30,2337.5,2345.5,2334.4,2336.0,21456
2025-02-04T14:30:00+05:30,2336.0,2344.4,2330.2,2337.5,21511
2025-02-04T14:45:00+05:30,2337.5,2355.0,2337.0,2352.15,62651
2025-02-04T15:00:00+05:30,2352.75,2359.8,2344.0,2351.8,66624
2025-02-04T15:15:00+05:30,2351.35,2365.95,2348.0,2360.0,120546
2025-02-05T09:15:00+05:30,2373.9,2383.0,2362.1,2374.0,119061
2025-02-05T09:30:00+05:30,2373.85,2398.0,2366.0,2394.85,119646
2025-02-05T09:45:00+05:30,2393.95,2394.85,2375.1,2379.3,69920
2025-02-05T10:00:00+05:30,2379.3,2384.0,2370.0,2377.95,31256
2025-02-05T10:15:00+05:30,2378.25,2383.95,2371.0,2383.0,22031
2025-02-05T10:30:00+05:30,2383.05,2387.45,2378.0,2382.2,19999
2025-02-05T10:45:00+05:30,2382.2,2383.1,2374.9,2375.5,16695
2025-02-05T11:00:00+05:30,2376.0,2379.25,2373.0,2374.4,11254
2025-02-05T11:15:00+05:30,2374.35,2379.6,2370.8,2376.05,13992
2025-02-05T11:30:00+05:30,2376.05,2377.5,2372.3,2375.0,9701
2025-02-05T11:45:00+05:30,2375.0,2375.65,2372.0,2373.15,8672
2025-02-05T12:00:00+05:30,2373.15,2403.95,2373.15,2394.8,106426
2025-02-05T12:15:00+05:30,2394.0,2414.0,2390.0,2397.5,111816
2025-02-05T12:30:00+05:30,2397.45,2398.9,2391.1,2394.8,24539
2025-02-05T12:45:00+05:30,2394.8,2395.0,2386.05,2390.85,22909
2025-02-05T13:00:00+05:30,2390.85,2395.45,2385.0,2390.25,18278
2025-02-05T13:15:00+05:30,2390.25,2392.25,2385.05,2386.0,11580
2025-02-05T13:30:00+05:30,2386.55,2400.0,2385.25,2397.15,21473
2025-02-05T13:45:00+05:30,2396.05,2398.1,2388.0,2392.1,14170
2025-02-05T14:00:00+05:30,2392.1,2394.95,2386.0,2386.9,13967
2025-02-05T14:15:00+05:30,2387.0,2389.05,2385.1,2388.0,9678
2025-02-05T14:30:00+05:30,2388.0,2395.3,2387.5,2389.5,14468
2025-02-05T14:45:00+05:30,2389.55,2390.2,2380.05,2383.75,28263
2025-02-05T15:00:00+05:30,2383.0,2389.45,2373.35,2383.45,45727
2025-02-05T15:15:00+05:30,2384.0,2388.0,2377.7,2384.0,52927
2025-02-06T09:15:00+05:30,2390.0,2398.0,2369.0,2369.05,94337
2025-02-06T09:30:00+05:30,2370.0,2389.85,2362.15,2384.15,54921
2025-02-06T09:45:00+05:30,2383.95,2392.95,2376.0,2380.45,47450
2025-02-06T10:00:00+05:30,2381.95,2385.0,2360.65,2365.85,56307
2025-02-06T10:15:00+05:30,2365.9,2371.85,2363.0,2365.0,21168
2025-02-06T10:30:00+05:30,2365.0,2370.75,2363.0,2367.0,12443
2025-02-06T10:45:00+05:30,2367.0,2370.35,2363.0,2368.0,10220
2025-02-06T11:00:00+05:30,2367.95,2368.8,2363.0,2366.0,10732
2025-02-06T11:15:00+05:30,2365.5,2368.0,2363.1,2365.85,8890
2025-02-06T11:30:00+05:30,2366.3,2371.8,2366.15,2370.7,8812
2025-02-06T11:45:00+05:30,2371.8,2372.0,2366.05,2369.0,4877
2025-02-06T12:00:00+05:30,2369.0,2369.85,2365.2,2368.0,3003
2025-02-06T12:15:00+05:30,2368.35,2368.4,2354.0,2356.0,24616
2025-02-06T12:30:00+05:30,2356.0,2356.0,2351.0,2352.85,11150
2025-02-06T12:45:00+05:30,2352.85,2355.05,2345.05,2348.0,17712
2025-02-06T13:00:00+05:30,2347.45,2349.75,2340.0,2348.4,18429
2025-02-06T13:15:00+05:30,2348.1,2349.8,2343.05,2347.8,9056
2025-02-06T13:30:00+05:30,2347.8,2349.0,2340.0,2347.05,8079
2025-02-06T13:45:00+05:30,2347.05,2348.7,2336.05,2342.25,13705
2025-02-06T14:00:00+05:30,2343.7,2347.35,2340.0,2341.35,6619
2025-02-06T14:15:00+05:30,2341.35,2343.35,2336.6,2342.95,9678
2025-02-06T14:30:00+05:30,2342.95,2343.0,2331.3,2339.0,21227
2025-02-06T14:45:00+05:30,2339.0,2341.0,2333.85,2337.8,15602
2025-02-06T15:00:00+05:30,2336.8,2347.0,2332.5,2333.8,33171
2025-02-06T15:15:00+05:30,2332.55,2335.0,2320.0,2321.0,84903
2025-02-07T09:15:00+05:30,2323.0,2323.5,2290.2,2303.75,101480
2025-02-07T09:30:00+05:30,2303.75,2308.0,2296.55,2301.8,46667
2025-02-07T09:45:00+05:30,2301.8,2338.0,2300.0,2332.95,93717
2025-02-07T10:00:00+05:30,2332.8,2333.35,2310.1,2319.55,50648
2025-02-07T10:15:00+05:30,2319.0,2327.0,2298.0,2311.5,57549
2025-02-07T10:30:00+05:30,2311.0,2324.1,2306.05,2321.85,38672
2025-02-07T10:45:00+05:30,2323.5,2332.0,2315.5,2332.0,23102
2025-02-07T11:00:00+05:30,2331.95,2341.0,2326.0,2327.3,42533
2025-02-07T11:15:00+05:30,2328.3,2343.55,2327.4,2336.5,35843
2025-02-07T11:30:00+05:30,2335.7,2342.0,2325.0,2332.0,21696
2025-02-07T11:45:00+05:30,2332.0,2332.05,2325.0,2328.8,17767
2025-02-07T12:00:00+05:30,2327.8,2330.0,2320.0,2321.05,17038
2025-02-07T12:15:00+05:30,2321.0,2322.85,2315.0,2319.95,20889
2025-02-07T12:30:00+05:30,2319.25,2322.0,2311.7,2313.95,16636
2025-02-07T12:45:00+05:30,2314.0,2319.0,2313.05,2316.15,9675
2025-02-07T13:00:00+05:30,2315.35,2324.75,2308.0,2313.0,21656
2025-02-07T13:15:00+05:30,2313.6,2319.8,2313.05,2315.15,8512
2025-02-07T13:30:00+05:30,2315.25,2321.45,2315.0,2315.05,7855
2025-02-07T13:45:00+05:30,2315.9,2315.9,2304.0,2308.75,23592
2025-02-07T14:00:00+05:30,2308.35,2309.0,2297.05,2298.0,29437
2025-02-07T14:15:00+05:30,2297.0,2301.95,2295.1,2298.7,30022
2025-02-07T14:30:00+05:30,2299.6,2305.0,2295.0,2300.6,19217
2025-02-07T14:45:00+05:30,2300.1,2303.95,2298.0,2301.45,20704
2025-02-07T15:00:00+05:30,2300.5,2305.0,2299.0,2300.7,26186
2025-02-07T15:15:00+05:30,2301.1,2302.45,2291.0,2292.0,67761
2025-02-10T09:15:00+05:30,2299.0,2299.0,2271.8,2283.9,116879
2025-02-10T09:30:00+05:30,2283.0,2283.95,2253.3,2260.0,72429
2025-02-10T09:45:00+05:30,2259.2,2270.7,2257.8,2262.7,30216
2025-02-10T10:00:00+05:30,2262.6,2266.4,2250.05,2251.8,39556
2025-02-10T10:15:00+05:30,2252.0,2259.85,2244.0,2259.7,53581
2025-02-10T10:30:00+05:30,2259.7,2263.0,2254.8,2258.0,14613
2025-02-10T10:45:00+05:30,2256.6,2258.75,2250.0,2256.7,20077
2025-02-10T11:00:00+05:30,2256.7,2256.95,2251.1,2254.0,14011
2025-02-10T11:15:00+05:30,2254.0,2255.0,2245.0,2247.5,21711
2025-02-10T11:30:00+05:30,2247.5,2253.25,2245.5,2252.3,9190
2025-02-10T11:45:00+05:30,2252.35,2253.85,2232.15,2232.95,39590
2025-02-10T12:00:00+05:30,2233.7,2239.0,2222.6,2235.1,51941
2025-02-10T12:15:00+05:30,2235.15,2238.8,2230.35,2238.5,13926
2025-02-10T12:30:00+05:30,2238.0,2242.0,2235.35,2241.55,11772
2025-02-10T12:45:00+05:30,2242.0,2245.0,2235.15,2238.8,11298
2025-02-10T13:00:00+05:30,2238.9,2244.55,2235.0,2242.7,10291
2025-02-10T13:15:00+05:30,2242.8,2243.25,2226.0,2234.05,17993
2025-02-10T13:30:00+05:30,2234.95,2239.4,2233.15,2236.3,12509
2025-02-10T13:45:00+05:30,2237.3,2246.6,2235.3,2240.75,15530
2025-02-10T14:00:00+05:30,2240.8,2241.15,2234.1,2236.0,6937
2025-02-10T14:15:00+05:30,2235.85,2238.3,2228.1,2231.15,19958
2025-02-10T14:30:00+05:30,2232.0,2240.95,2228.9,2236.05,20953
2025-02-10T14:45:00+05:30,2236.0,2256.1,2234.4,2255.9,55338
2025-02-10T15:00:00+05:30,2256.2,2280.0,2251.35,2272.05,103596
2025-02-10T15:15:00+05:30,2270.65,2275.0,2262.65,2268.1,85160
2025-02-11T09:15:00+05:30,2268.1,2270.0,2225.0,2229.55,86179
2025-02-11T09:30:00+05:30,2228.55,2232.5,2217.0,2221.85,58377
2025-02-11T09:45:00+05:30,2220.65,2222.0,2203.0,2207.0,47919
2025-02-11T10:00:00+05:30,2207.0,2218.6,2205.1,2208.75,36476
2025-02-11T10:15:00+05:30,2208.0,2220.35,2204.0,2219.0,26000
2025-02-11T10:30:00+05:30,2218.0,2219.0,2209.3,2212.55,16093
2025-02-11T10:45:00+05:30,2211.6,2220.0,2208.05,2214.75,18760
2025-02-11T11:00:00+05:30,2215.3,2215.95,2205.0,2213.0,29396
2025-02-11T11:15:00+05:30,2211.75,2214.05,2206.85,2208.9,11994
2025-02-11T11:30:00+05:30,2208.85,2213.65,2206.0,2210.2,11205
2025-02-11T11:45:00+05:30,2211.6,2212.9,2209.0,2210.95,6165
2025-02-11T12:00:00+05:30,2211.4,2213.8,2208.0,2208.85,9644
2025-02-11T12:15:00+05:30,2209.4,2209.4,2197.0,2200.45,45178
2025-02-11T12:30:00+05:30,2201.8,2202.0,2186.6,2199.4,46045
2025-02-11T12:45:00+05:30,2199.5,2200.0,2187.5,2188.95,23119
2025-02-11T13:00:00+05:30,2188.95,2189.0,2173.25,2174.85,34706
2025-02-11T13:15:00+05:30,2175.0,2186.0,2173.55,2180.8,25744
2025-02-11T13:30:00+05:30,2180.8,2194.5,2179.85,2193.8,21897
2025-02-11T13:45:00+05:30,2194.05,2196.95,2185.0,2188.45,17066
2025-02-11T14:00:00+05:30,2188.45,2194.95,2183.3,2192.0,16476
2025-02-11T14:15:00+05:30,2191.95,2192.0,2165.2,2167.6,88050
2025-02-11T14:30:00+05:30,2167.6,2172.85,2152.5,2161.0,73311
2025-02-11T14:45:00+05:30,2160.1,2188.95,2159.25,2185.5,140554
2025-02-11T15:00:00+05:30,2185.5,2188.0,2165.0,2169.65,72463
2025-02-11T15:15:00+05:30,2169.65,2170.0,2153.0,2164.0,90724
2025-02-12T09:15:00+05:30,2145.0,2198.0,2125.0,2176.9,252023
2025-02-12T09:30:00+05:30,2176.9,2188.75,2156.9,2170.75,134106
2025-02-12T09:45:00+05:30,2170.75,2177.95,2135.0,2135.9,125046
2025-02-12T10:00:00+05:30,2137.9,2139.45,2121.1,2126.15,110894
2025-02-12T10:15:00+05:30,2126.5,2149.65,2111.1,2142.75,90399
2025-02-12T10:30:00+05:30,2143.3,2174.0,2136.15,2158.2,98593
2025-02-12T10:45:00+05:30,2158.6,2178.0,2158.1,2161.75,54560
2025-02-12T11:00:00+05:30,2161.0,2185.0,2148.95,2185.0,67867
2025-02-12T11:15:00+05:30,2184.0,2196.0,2176.85,2192.0,70929
2025-02-12T11:30:00+05:30,2192.85,2207.45,2172.6,2205.75,75123
2025-02-12T11:45:00+05:30,2205.75,2215.0,2195.0,2205.4,78959
2025-02-12T12:00:00+05:30,2206.0,2209.35,2180.2,2188.15,71467
2025-02-12T12:15:00+05:30,2186.9,2191.25,2172.4,2174.25,37656
2025-02-12T12:30:00+05:30,2174.35,2192.95,2168.25,2173.25,49346
2025-02-12T12:45:00+05:30,2173.2,2190.9,2171.8,2183.95,33128
2025-02-12T13:00:00+05:30,2183.95,2203.15,2181.7,2195.55,42291
2025-02-12T13:15:00+05:30,2194.85,2202.45,2190.55,2194.55,38224
2025-02-12T13:30:00+05:30,2194.55,2201.85,2177.7,2188.7,35982
2025-02-12T13:45:00+05:30,2187.95,2190.0,2175.4,2178.45,21110
2025-02-12T14:00:00+05:30,2177.05,2184.05,2162.2,2177.9,51820
2025-02-12T14:15:00+05:30,2177.85,2180.0,2165.25,2171.9,27015
2025-02-12T14:30:00+05:30,2171.85,2180.0,2168.0,2177.6,22799
2025-02-12T14:45:00+05:30,2176.35,2182.85,2170.6,2179.8,21004
2025-02-12T15:00:00+05:30,2178.1,2197.05,2178.1,2192.0,55983
2025-02-12T15:15:00+05:30,2191.25,2198.0,2188.65,2195.45,68179
2025-02-13T09:15:00+05:30,2192.0,2210.0,2168.25,2182.1,122425
2025-02-13T09:30:00+05:30,2182.5,2224.75,2182.35,2213.5,94758
2025-02-13T09:45:00+05:30,2213.5,2234.0,2212.5,2216.95,103794
2025-02-13T10:00:00+05:30,2216.0,2233.05,2215.2,2221.3,62107
2025-02-13T10:15:00+05:30,2220.45,2227.8,2217.15,2220.8,28647
2025-02-13T10:30:00+05:30,2221.7,2244.9,2219.5,2235.0,73061
2025-02-13T10:45:00+05:30,2235.0,2254.9,2226.9,2251.15,87672
2025-02-13T11:00:00+05:30,2251.8,2257.0,2242.1,2254.0,45939
2025-02-13T11:15:00+05:30,2254.0,2258.0,2241.0,2246.0,42967
2025-02-13T11:30:00+05:30,2247.15,2247.6,2235.95,2240.0,23903
2025-02-13T11:45:00+05:30,2239.95,2244.0,2236.65,2239.55,13167
2025-02-13T12:00:00+05:30,2238.55,2244.0,2233.0,2234.55,20440
2025-02-13T12:15:00+05:30,2234.55,2240.0,2229.05,2232.05,26038
2025-02-13T12:30:00+05:30,2232.05,2233.9,2226.0,2231.0,11036
2025-02-13T12:45:00+05:30,2231.75,2233.85,2225.1,2229.4,13116
2025-02-13T13:00:00+05:30,2229.4,2233.3,2223.2,2224.25,18032
2025-02-13T13:15:00+05:30,2224.85,2230.0,2223.15,2225.0,12071
2025-02-13T13:30:00+05:30,2223.9,2225.0,2209.0,2216.15,38959
2025-02-13T13:45:00+05:30,2216.25,2221.95,2212.2,2213.9,24710
2025-02-13T14:00:00+05:30,2213.9,2219.85,2210.0,2213.45,17334
2025-02-13T14:15:00+05:30,2213.0,2214.85,2205.05,2208.0,20127
2025-02-13T14:30:00+05:30,2208.0,2208.35,2193.8,2200.8,42270
2025-02-13T14:45:00+05:30,2200.5,2205.0,2197.15,2200.75,20922
2025-02-13T15:00:00+05:30,2200.75,2204.5,2194.85,2195.15,26224
2025-02-13T15:15:00+05:30,2196.0,2204.9,2186.5,2204.9,54176
2025-02-14T09:15:00+05:30,2210.4,2218.95,2151.35,2155.2,153626
2025-02-14T09:30:00+05:30,2155.2,2177.95,2153.25,2164.1,53982
2025-02-14T09:45:00+05:30,2165.0,2170.0,2150.6,2162.9,37343
2025-02-14T10:00:00+05:30,2162.75,2169.9,2157.5,2159.2,29158
2025-02-14T10:15:00+05:30,2159.35,2165.95,2159.0,2160.0,14442
2025-02-14T10:30:00+05:30,2159.85,2163.0,2142.1,2146.0,42264
2025-02-14T10:45:00+05:30,2146.0,2147.0,2134.95,2136.75,35266
2025-02-14T11:00:00+05:30,2135.85,2144.85,2130.0,2141.35,32327
2025-02-14T11:15:00+05:30,2141.85,2145.0,2135.0,2138.2,14891
2025-02-14T11:30:00+05:30,2138.2,2141.9,2131.0,2139.95,19402
2025-02-14T11:45:00+05:30,2139.5,2142.0,2133.0,2137.45,19565
2025-02-14T12:00:00+05:30,2137.05,2139.95,2125.0,2127.85,36606
2025-02-14T12:15:00+05:30,2127.85,2132.0,2123.3,2128.7,22400
2025-02-14T12:30:00+05:30,2129.5,2129.5,2118.2,2121.0,29182
2025-02-14T12:45:00+05:30,2121.2,2122.0,2115.0,2116.8,19314
2025-02-14T13:00:00+05:30,2116.8,2117.05,2109.35,2114.95,30295
2025-02-14T13:15:00+05:30,2114.95,2123.45,2112.0,2116.0,24886
2025-02-14T13:30:00+05:30,2115.15,2116.3,2107.0,2108.65,17537
2025-02-14T13:45:00+05:30,2108.05,2110.2,2092.4,2094.5,50232
2025-02-14T14:00:00+05:30,2094.5,2094.5,2085.25,2088.0,44356
2025-02-14T14:15:00+05:30,2087.95,2112.6,2086.15,2109.0,64814
2025-02-14T14:30:00+05:30,2109.0,2135.0,2107.4,2134.3,61798
2025-02-14T14:45:00+05:30,2135.0,2135.0,2106.0,2119.95,52258
2025-02-14T15:00:00+05:30,2119.0,2122.0,2104.0,2106.3,49223
2025-02-14T15:15:00+05:30,2104.8,2109.0,2090.25,2099.95,104727
2025-02-17T09:15:00+05:30,2099.95,2123.0,2052.4,2083.55,215435
2025-02-17T09:30:00+05:30,2083.1,2118.65,2055.7,2115.75,118730
2025-02-17T09:45:00+05:30,2114.55,2122.0,2092.0,2114.0,113313
2025-02-17T10:00:00+05:30,2113.15,2115.0,2090.65,2100.1,51085
2025-02-17T10:15:00+05:30,2098.5,2121.0,2093.2,2119.1,39846
2025-02-17T10:30:00+05:30,2119.15,2133.25,2111.55,2129.95,53479
2025-02-17T10:45:00+05:30,2130.0,2138.0,2115.25,2121.85,44400
2025-02-17T11:00:00+05:30,2121.0,2125.85,2110.0,2112.95,36780
2025-02-17T11:15:00+05:30,2112.5,2120.0,2105.0,2113.65,27329
2025-02-17T11:30:00+05:30,2113.65,2118.9,2102.0,2114.95,22577
2025-02-17T11:45:00+05:30,2114.95,2118.85,2110.6,2116.05,9690
2025-02-17T12:00:00+05:30,2115.25,2121.6,2107.3,2108.0,17630
2025-02-17T12:15:00+05:30,2108.0,2109.65,2102.95,2109.0,14358
2025-02-17T12:30:00+05:30,2108.45,2113.0,2103.7,2108.55,11080
2025-02-17T12:45:00+05:30,2109.35,2126.35,2108.7,2122.0,27606
2025-02-17T13:00:00+05:30,2122.65,2133.55,2116.6,2117.75,25543
2025-02-17T13:15:00+05:30,2117.75,2136.05,2115.0,2130.3,32945
2025-02-17T13:30:00+05:30,2130.05,2154.75,2127.0,2153.15,72118
2025-02-17T13:45:00+05:30,2154.4,2154.75,2134.0,2140.05,46087
2025-02-17T14:00:00+05:30,2140.0,2149.0,2135.0,2146.0,33909
2025-02-17T14:15:00+05:30,2145.2,2151.15,2144.0,2147.65,17869
2025-02-17T14:30:00+05:30,2147.7,2165.5,2143.25,2156.9,67125
2025-02-17T14:45:00+05:30,2156.55,2185.9,2155.1,2175.45,100871
2025-02-17T15:00:00+05:30,2175.5,2182.6,2166.6,2171.55,64199
2025-02-17T15:15:00+05:30,2171.55,2182.0,2168.0,2181.0,88683
2025-02-18T09:15:00+05:30,2181.0,2189.8,2150.0,2151.6,105654
2025-02-18T09:30:00+05:30,2151.75,2163.55,2134.35,2149.0,69738
2025-02-18T09:45:00+05:30,2149.15,2164.4,2142.0,2155.8,36555
2025-02-18T10:00:00+05:30,2153.8,2184.8,2153.65,2174.4,58059
2025-02-18T10:15:00+05:30,2174.4,2184.6,2166.5,2175.5,53554
2025-02-18T10:30:00+05:30,2175.05,2193.05,2172.75,2177.0,65177
2025-02-18T10:45:00+05:30,2177.0,2179.9,2163.05,2174.45,39837
2025-02-18T11:00:00+05:30,2174.35,2174.9,2155.65,2159.0,28198
2025-02-18T11:15:00+05:30,2159.8,2167.15,2151.95,2156.6,24988
2025-02-18T11:30:00+05:30,2156.6,2156.75,2145.05,2155.1,22552
2025-02-18T11:45:00+05:30,2155.0,2160.65,2151.45,2153.0,18623
2025-02-18T12:00:00+05:30,2152.9,2157.85,2150.0,2154.5,12661
2025-02-18T12:15:00+05:30,2155.25,2160.8,2146.1,2156.25,19406
2025-02-18T12:30:00+05:30,2157.7,2164.8,2156.5,2159.95,18157
2025-02-18T12:45:00+05:30,2159.75,2160.4,2149.05,2153.0,15146
2025-02-18T13:00:00+05:30,2152.25,2158.6,2150.35,2155.0,7702
2025-02-18T13:15:00+05:30,2155.0,2156.95,2150.0,2151.0,7366
2025-02-18T13:30:00+05:30,2151.05,2154.75,2147.0,2152.45,17242
2025-02-18T13:45:00+05:30,2152.0,2157.75,2151.0,2151.35,10718
2025-02-18T14:00:00+05:30,2151.35,2157.0,2151.0,2152.1,16198
2025-02-18T14:15:00+05:30,2152.1,2154.6,2147.05,2153.15,12342
2025-02-18T14:30:00+05:30,2153.2,2156.0,2146.1,2154.0,11950
2025-02-18T14:45:00+05:30,2154.0,2164.0,2151.0,2156.05,37673
2025-02-18T15:00:00+05:30,2156.0,2166.0,2156.0,2158.2,33171
2025-02-18T15:15:00+05:30,2159.35,2178.0,2156.55,2170.05,86761
2025-02-19T09:15:00+05:30,2150.0,2188.0,2135.0,2187.0,99217
2025-02-19T09:30:00+05:30,2186.15,2214.0,2185.4,2209.05,102893
2025-02-19T09:45:00+05:30,2209.15,2242.0,2208.2,2241.0,100636
2025-02-19T10:00:00+05:30,2240.05,2248.0,2230.2,2244.7,77630
2025-02-19T10:15:00+05:30,2244.85,2266.85,2241.15,2250.25,100449
2025-02-19T10:30:00+05:30,2250.25,2259.0,2236.15,2241.0,60851
2025-02-19T10:45:00+05:30,2240.65,2241.45,2212.15,2219.1,73473
2025-02-19T11:00:00+05:30,2219.05,2234.0,2215.0,2221.55,41191
2025-02-19T11:15:00+05:30,2221.1,2224.35,2216.5,2221.0,22435
2025-02-19T11:30:00+05:30,2220.0,2231.0,2218.3,2222.0,26907
2025-02-19T11:45:00+05:30,2222.15,2230.0,2222.0,2227.0,13396
2025-02-19T12:00:00+05:30,2226.95,2236.45,2216.0,2218.7,41158
2025-02-19T12:15:00+05:30,2218.7,2221.35,2210.0,2212.4,24094
2025-02-19T12:30:00+05:30,2212.55,2215.0,2205.7,2212.0,24502
2025-02-19T12:45:00+05:30,2211.3,2212.85,2205.05,2210.0,15241
2025-02-19T13:00:00+05:30,2209.95,2213.45,2202.15,2207.0,21492
2025-02-19T13:15:00+05:30,2205.55,2207.1,2197.15,2205.55,16356
2025-02-19T13:30:00+05:30,2204.1,2228.0,2204.1,2218.4,38745
2025-02-19T13:45:00+05:30,2218.4,2224.05,2215.5,2217.5,15768
2025-02-19T14:00:00+05:30,2217.5,2224.25,2213.05,2221.05,19603
2025-02-19T14:15:00+05:30,2221.5,2222.0,2200.1,2208.35,37357
2025-02-19T14:30:00+05:30,2207.9,2222.55,2207.2,2221.0,22336
2025-02-19T14:45:00+05:30,2221.75,2228.0,2220.0,2224.05,26500
2025-02-19T15:00:00+05:30,2225.05,2229.0,2215.05,2221.9,31896
2025-02-19T15:15:00+05:30,2221.9,2222.95,2211.15,2216.9,45003
2025-02-20T09:15:00+05:30,2224.0,2278.0,2220.0,2245.8,277788
2025-02-20T09:30:00+05:30,2245.8,2276.0,2244.05,2273.5,134413
2025-02-20T09:45:00+05:30,2273.45,2288.7,2253.6,2285.5,126914
2025-02-20T10:00:00+05:30,2285.05,2319.0,2277.1,2289.95,245715
2025-02-20T10:15:00+05:30,2290.55,2297.65,2284.0,2290.0,69944
2025-02-20T10:30:00+05:30,2290.0,2306.0,2284.15,2297.0,51466
2025-02-20T10:45:00+05:30,2297.0,2297.0,2284.0,2286.1,34438
2025-02-20T11:00:00+05:30,2286.1,2295.0,2285.75,2294.35,21043
2025-02-20T11:15:00+05:30,2294.5,2297.55,2285.5,2289.5,20949
2025-02-20T11:30:00+05:30,2288.35,2292.7,2283.0,2286.75,18272
2025-02-20T11:45:00+05:30,2286.95,2311.95,2283.05,2300.45,70208
2025-02-20T12:00:00+05:30,2301.0,2308.55,2292.2,2299.05,37708
2025-02-20T12:15:00+05:30,2299.85,2302.3,2297.1,2299.25,13448
2025-02-20T12:30:00+05:30,2299.25,2344.4,2297.05,2339.95,160461
2025-02-20T12:45:00+05:30,2339.95,2364.9,2328.0,2348.0,241789
2025-02-20T13:00:00+05:30,2347.05,2347.35,2326.5,2329.0,115502
2025-02-20T13:15:00+05:30,2329.0,2337.15,2323.0,2329.9,54478
2025-02-20T13:30:00+05:30,2329.0,2336.95,2327.2,2328.4,39620
2025-02-20T13:45:00+05:30,2329.5,2337.0,2325.25,2331.0,39352
2025-02-20T14:00:00+05:30,2331.0,2331.4,2317.0,2321.0,46991
2025-02-20T14:15:00+05:30,2321.0,2322.9,2301.1,2303.05,75016
2025-02-20T14:30:00+05:30,2303.85,2325.0,2292.0,2312.75,193584
2025-02-20T14:45:00+05:30,2312.65,2319.0,2310.05,2312.25,30742
2025-02-20T15:00:00+05:30,2312.0,2321.0,2306.55,2308.55,63641
2025-02-20T15:15:00+05:30,2307.05,2311.15,2291.7,2304.0,101274
2025-02-21T09:15:00+05:30,2310.5,2344.4,2305.0,2320.85,166049
2025-02-21T09:30:00+05:30,2322.0,2322.0,2276.3,2282.05,109125
2025-02-21T09:45:00+05:30,2282.8,2285.0,2267.35,2275.55,70641
2025-02-21T10:00:00+05:30,2273.75,2275.0,2252.6,2255.85,42803
2025-02-21T10:15:00+05:30,2255.05,2261.15,2242.0,2254.0,56618
2025-02-21T10:30:00+05:30,2254.0,2269.95,2254.0,2265.7,34065
2025-02-21T10:45:00+05:30,2266.15,2268.75,2254.6,2265.75,25186
2025-02-21T11:00:00+05:30,2265.85,2267.0,2250.1,2258.4,17848
2025-02-21T11:15:00+05:30,2257.75,2258.15,2247.0,2250.0,24275
2025-02-21T11:30:00+05:30,2250.0,2275.4,2249.5,2267.9,30232
2025-02-21T11:45:00+05:30,2266.5,2275.0,2263.35,2265.0,16593
2025-02-21T12:00:00+05:30,2266.0,2269.65,2261.15,2264.85,9553
2025-02-21T12:15:00+05:30,2264.85,2269.15,2263.3,2268.0,6117
2025-02-21T12:30:00+05:30,2267.55,2273.45,2262.35,2266.25,11670
2025-02-21T12:45:00+05:30,2266.8,2270.65,2266.0,2268.3,9495
2025-02-21T13:00:00+05:30,2269.5,2269.5,2256.0,2259.0,15338
2025-02-21T13:15:00+05:30,2258.95,2263.45,2256.15,2257.1,8299
2025-02-21T13:30:00+05:30,2258.55,2259.5,2248.45,2255.15,23352
2025-02-21T13:45:00+05:30,2256.05,2261.0,2245.05,2260.7,23616
2025-02-21T14:00:00+05:30,2260.8,2264.95,2250.15,2259.0,15874
2025-02-21T14:15:00+05:30,2259.0,2264.8,2255.25,2257.0,27571
2025-02-21T14:30:00+05:30,2257.0,2264.5,2257.0,2261.75,33071
2025-02-21T14:45:00+05:30,2262.8,2267.0,2260.0,2260.75,24243
2025-02-21T15:00:00+05:30,2261.3,2274.4,2261.05,2265.0,68861
2025-02-21T15:15:00+05:30,2265.0,2265.8,2245.1,2247.0,64374
2025-02-24T09:15:00+05:30,2207.95,2239.55,2195.05,2231.5,121606
2025-02-24T09:30:00+05:30,2231.85,2239.8,2217.3,2227.15,59632
2025-02-24T09:45:00+05:30,2227.0,2269.8,2225.0,2262.7,99762
2025-02-24T10:00:00+05:30,2261.95,2274.8,2253.9,2260.05,82304
2025-02-24T10:15:00+05:30,2260.5,2263.2,2247.05,2251.15,31913
2025-02-24T10:30:00+05:30,2251.85,2255.0,2243.0,2250.0,25966
2025-02-24T10:45:00+05:30,2250.0,2250.0,2242.15,2247.95,15867
2025-02-24T11:00:00+05:30,2248.0,2255.0,2243.05,2251.7,16893
2025-02-24T11:15:00+05:30,2251.3,2264.95,2250.0,2253.75,23016
2025-02-24T11:30:00+05:30,2255.0,2264.8,2253.5,2263.05,12036
2025-02-24T11:45:00+05:30,2263.1,2270.9,2255.4,2255.4,27519
2025-02-24T12:00:00+05:30,2256.2,2256.2,2246.35,2253.0,16025
2025-02-24T12:15:00+05:30,2252.45,2254.0,2245.0,2248.7,7831
2025-02-24T12:30:00+05:30,2248.7,2252.6,2246.15,2246.15,6225
2025-02-24T12:45:00+05:30,2246.65,2252.0,2246.65,2251.05,5434
2025-02-24T13:00:00+05:30,2251.95,2253.7,2241.2,2243.9,15308
2025-02-24T13:15:00+05:30,2243.9,2246.0,2237.5,2242.55,11067
2025-02-24T13:30:00+05:30,2242.55,2243.9,2226.2,2230.05,28211
2025-02-24T13:45:00+05:30,2231.15,2235.65,2230.0,2232.45,8764
2025-02-24T14:00:00+05:30,2232.45,2239.0,2228.0,2233.15,18210
2025-02-24T14:15:00+05:30,2233.05,2235.0,2228.0,2228.25,11106
2025-02-24T14:30:00+05:30,2228.0,2237.95,2228.0,2236.95,9677
2025-02-24T14:45:00+05:30,2236.95,2249.7,2235.95,2248.0,26635
2025-02-24T15:00:00+05:30,2247.5,2248.0,2232.8,2234.4,24383
2025-02-24T15:15:00+05:30,2233.55,2233.55,2226.05,2229.0,45826
2025-02-25T09:15:00+05:30,2242.95,2282.7,2241.0,2277.45,129207
2025-02-25T09:30:00+05:30,2277.25,2294.2,2271.2,2285.0,83475
2025-02-25T09:45:00+05:30,2285.0,2294.9,2282.95,2286.45,37187
2025-02-25T10:00:00+05:30,2286.5,2289.2,2273.0,2275.1,38613
2025-02-25T10:15:00+05:30,2275.05,2275.85,2262.0,2264.95,45535
2025-02-25T10:30:00+05:30,2264.95,2277.25,2261.15,2269.5,23215
2025-02-25T10:45:00+05:30,2268.3,2277.0,2258.0,2265.75,69676
2025-02-25T11:00:00+05:30,2265.2,2282.0,2263.9,2275.95,32205
2025-02-25T11:15:00+05:30,2276.45,2277.0,2265.9,2267.65,16829
2025-02-25T11:30:00+05:30,2267.65,2268.5,2258.0,2263.0,23934
2025-02-25T11:45:00+05:30,2264.35,2264.35,2257.05,2263.6,15165
2025-02-25T12:00:00+05:30,2263.45,2264.8,2258.45,2264.0,7206
2025-02-25T12:15:00+05:30,2264.0,2266.9,2256.9,2264.65,16299
2025-02-25T12:30:00+05:30,2264.85,2265.5,2261.7,2262.85,8867
2025-02-25T12:45:00+05:30,2262.85,2268.7,2261.5,2267.9,8211
2025-02-25T13:00:00+05:30,2266.9,2267.9,2262.3,2264.0,7462
2025-02-25T13:15:00+05:30,2264.0,2264.0,2259.0,2260.0,8617
2025-02-25T13:30:00+05:30,2260.55,2263.9,2259.6,2260.5,5289
2025-02-25T13:45:00+05:30,2260.5,2265.2,2260.0,2260.75,6655
2025-02-25T14:00:00+05:30,2262.0,2266.0,2260.8,2264.8,8384
2025-02-25T14:15:00+05:30,2264.8,2265.65,2262.0,2263.55,5727
2025-02-25T14:30:00+05:30,2263.85,2268.0,2262.1,2264.8,16439
2025-02-25T14:45:00+05:30,2265.0,2269.85,2263.0,2266.15,18127
2025-02-25T15:00:00+05:30,2265.0,2272.5,2264.0,2269.1,63730
2025-02-25T15:15:00+05:30,2269.05,2275.0,2265.05,2274.0,56121
2025-02-27T09:15:00+05:30,2295.0,2298.0,2241.0,2245.6,153119
2025-02-27T09:30:00+05:30,2246.8,2247.6,2215.95,2221.15,81509
2025-02-27T09:45:00+05:30,2221.15,2232.0,2221.15,2226.05,38618
2025-02-27T10:00:00+05:30,2226.0,2228.0,2218.05,2225.85,35825
2025-02-27T10:15:00+05:30,2225.05,2229.8,2209.0,2213.95,41433
2025-02-27T10:30:00+05:30,2213.5,2226.25,2210.1,2217.45,26353
2025-02-27T10:45:00+05:30,2217.5,2224.0,2216.0,2217.55,12786
2025-02-27T11:00:00+05:30,2217.0,2225.0,2214.05,2221.7,14412
2025-02-27T11:15:00+05:30,2221.55,2223.0,2214.65,2215.5,9950
2025-02-27T11:30:00+05:30,2216.0,2228.45,2215.0,2222.0,11989
2025-02-27T11:45:00+05:30,2222.0,2225.3,2219.05,2219.5,9031
2025-02-27T12:00:00+05:30,2220.0,2221.3,2211.45,2212.7,14765
2025-02-27T12:15:00+05:30,2212.7,2217.5,2212.7,2215.95,5489
2025-02-27T12:30:00+05:30,2215.4,2215.4,2202.0,2203.0,43900
2025-02-27T12:45:00+05:30,2203.0,2205.0,2198.25,2202.8,24709
2025-02-27T13:00:00+05:30,2202.8,2206.4,2201.7,2202.75,8995
2025-02-27T13:15:00+05:30,2202.75,2211.5,2202.0,2208.45,10469
2025-02-27T13:30:00+05:30,2208.45,2218.0,2207.1,2213.35,12091
2025-02-27T13:45:00+05:30,2213.0,2217.3,2212.75,2216.7,11341
2025-02-27T14:00:00+05:30,2215.65,2217.9,2207.0,2209.0,17323
2025-02-27T14:15:00+05:30,2210.4,2216.0,2206.15,2215.8,17121
2025-02-27T14:30:00+05:30,2215.6,2217.65,2212.05,2213.2,9389
2025-02-27T14:45:00+05:30,2214.05,2225.0,2213.2,2219.65,36861
2025-02-27T15:00:00+05:30,2219.9,2225.0,2213.2,2213.6,39352
2025-02-27T15:15:00+05:30,2213.2,2221.1,2200.0,2205.2,67448
2025-02-28T09:15:00+05:30,2166.0,2194.95,2151.9,2170.9,132771
2025-02-28T09:30:00+05:30,2171.4,2175.0,2146.25,2160.7,75816
2025-02-28T09:45:00+05:30,2160.65,2173.8,2151.0,2152.0,50338
2025-02-28T10:00:00+05:30,2151.8,2161.5,2144.85,2160.9,46865
2025-02-28T10:15:00+05:30,2160.05,2174.95,2159.15,2168.05,29061
2025-02-28T10:30:00+05:30,2167.9,2172.0,2161.15,2165.6,14396
2025-02-28T10:45:00+05:30,2165.75,2166.5,2154.0,2156.9,16926
2025-02-28T11:00:00+05:30,2156.9,2163.85,2154.0,2154.6,12943
2025-02-28T11:15:00+05:30,2155.55,2157.15,2151.0,2156.55,15347
2025-02-28T11:30:00+05:30,2157.8,2159.6,2150.0,2150.95,15718
2025-02-28T11:45:00+05:30,2150.95,2153.45,2146.0,2149.0,19009
2025-02-28T12:00:00+05:30,2148.0,2149.9,2144.45,2146.9,14729
2025-02-28T12:15:00+05:30,2146.95,2152.4,2144.0,2150.45,13042
2025-02-28T12:30:00+05:30,2151.0,2151.0,2133.0,2135.6,27343
2025-02-28T12:45:00+05:30,2134.3,2138.4,2127.1,2132.0,31780
2025-02-28T13:00:00+05:30,2131.05,2138.45,2129.3,2135.6,14985
2025-02-28T13:15:00+05:30,2135.0,2144.0,2133.85,2135.7,20204
2025-02-28T13:30:00+05:30,2136.15,2143.1,2136.0,2142.0,11779
2025-02-28T13:45:00+05:30,2141.0,2141.7,2132.8,2136.8,16615
2025-02-28T14:00:00+05:30,2136.3,2145.0,2135.0,2143.5,16905
2025-02-28T14:15:00+05:30,2143.5,2147.0,2139.0,2141.65,16016
2025-02-28T14:30:00+05:30,2141.65,2154.95,2139.5,2154.95,20766
2025-02-28T14:45:00+05:30,2154.95,2160.0,2151.0,2154.5,40086
2025-02-28T15:00:00+05:30,2154.25,2161.85,2148.0,2155.9,38867
2025-02-28T15:15:00+05:30,2154.85,2170.0,2153.25,2167.0,43266
2025-03-03T09:15:00+05:30,2175.0,2179.05,2115.05,2119.35,103670
2025-03-03T09:30:00+05:30,2119.5,2128.9,2102.5,2110.55,92807
2025-03-03T09:45:00+05:30,2110.55,2119.25,2105.0,2117.0,28302
2025-03-03T10:00:00+05:30,2117.15,2117.85,2080.0,2086.3,80234
2025-03-03T10:15:00+05:30,2086.15,2099.6,2071.7,2096.85,61775
2025-03-03T10:30:00+05:30,2097.0,2102.35,2078.25,2090.55,40633
2025-03-03T10:45:00+05:30,2090.05,2097.0,2080.0,2094.1,32112
2025-03-03T11:00:00+05:30,2094.1,2096.0,2079.0,2082.25,28244
2025-03-03T11:15:00+05:30,2083.1,2085.35,2072.0,2073.75,16746
2025-03-03T11:30:00+05:30,2074.05,2082.0,2066.4,2075.05,38684
2025-03-03T11:45:00+05:30,2076.25,2080.0,2073.0,2076.0,21540
2025-03-03T12:00:00+05:30,2075.65,2083.8,2073.1,2080.0,29939
2025-03-03T12:15:00+05:30,2080.0,2083.85,2075.8,2078.0,49762
2025-03-03T12:30:00+05:30,2078.5,2101.55,2078.15,2100.55,74173
2025-03-03T12:45:00+05:30,2101.0,2117.35,2099.9,2107.3,77056
2025-03-03T13:00:00+05:30,2107.25,2119.0,2105.0,2113.9,140327
2025-03-03T13:15:00+05:30,2113.55,2124.0,2101.25,2105.8,55757
2025-03-03T13:30:00+05:30,2105.5,2119.95,2103.2,2119.3,24703
2025-03-03T13:45:00+05:30,2119.3,2125.95,2108.1,2110.9,22834
2025-03-03T14:00:00+05:30,2111.25,2119.8,2110.0,2118.9,19719
2025-03-03T14:15:00+05:30,2118.95,2124.95,2113.0,2122.0,19577
2025-03-03T14:30:00+05:30,2122.3,2122.6,2115.0,2120.55,12121
2025-03-03T14:45:00+05:30,2120.2,2125.7,2119.1,2122.7,18469
2025-03-03T15:00:00+05:30,2122.7,2126.1,2115.15,2118.9,52318
2025-03-03T15:15:00+05:30,2118.0,2120.0,2106.6,2110.0,55897
2025-03-04T09:15:00+05:30,2078.0,2136.0,2072.05,2134.7,175960
2025-03-04T09:30:00+05:30,2135.65,2145.0,2123.0,2143.1,78289
2025-03-04T09:45:00+05:30,2143.4,2164.0,2138.0,2159.7,83726
2025-03-04T10:00:00+05:30,2158.9,2161.0,2142.95,2149.7,49302
2025-03-04T10:15:00+05:30,2149.9,2155.25,2133.4,2135.8,32073
2025-03-04T10:30:00+05:30,2135.1,2145.0,2132.1,2135.8,20710
2025-03-04T10:45:00+05:30,2135.8,2144.05,2128.8,2129.9,22895
2025-03-04T11:00:00+05:30,2130.95,2138.0,2130.25,2134.4,11529
2025-03-04T11:15:00+05:30,2134.4,2148.0,2132.0,2142.5,21462
2025-03-04T11:30:00+05:30,2142.55,2145.5,2136.0,2136.6,9502
2025-03-04T11:45:00+05:30,2136.6,2136.6,2126.3,2128.0,18892
2025-03-04T12:00:00+05:30,2128.0,2128.4,2116.8,2122.3,21939
2025-03-04T12:15:00+05:30,2122.3,2127.65,2117.0,2125.5,14118
2025-03-04T12:30:00+05:30,2125.5,2129.1,2122.7,2123.2,13161
2025-03-04T12:45:00+05:30,2124.3,2125.05,2120.0,2120.85,6508
2025-03-04T13:00:00+05:30,2121.8,2121.95,2105.1,2107.2,25024
2025-03-04T13:15:00+05:30,2107.0,2117.95,2102.1,2111.0,17325
2025-03-04T13:30:00+05:30,2110.75,2114.05,2107.3,2111.2,7966
2025-03-04T13:45:00+05:30,2111.15,2114.0,2108.15,2109.35,8194
2025-03-04T14:00:00+05:30,2109.35,2118.3,2108.6,2117.2,11221
2025-03-04T14:15:00+05:30,2118.05,2125.5,2115.0,2122.0,18566
2025-03-04T14:30:00+05:30,2121.15,2122.2,2115.0,2117.05,15965
2025-03-04T14:45:00+05:30,2117.05,2118.75,2111.45,2117.5,18141
2025-03-04T15:00:00+05:30,2117.5,2117.5,2105.0,2108.5,35878
2025-03-04T15:15:00+05:30,2106.3,2113.4,2105.0,2110.55,44182
2025-03-05T09:15:00+05:30,2119.0,2154.0,2115.2,2153.95,86320
2025-03-05T09:30:00+05:30,2153.45,2162.55,2143.05,2156.95,59096
2025-03-05T09:45:00+05:30,2156.95,2207.0,2155.35,2198.15,137349
2025-03-05T10:00:00+05:30,2196.9,2209.5,2196.15,2200.8,84676
2025-03-05T10:15:00+05:30,2200.8,2221.0,2199.65,2218.0,83590
2025-03-05T10:30:00+05:30,2218.0,2224.9,2207.0,2220.7,62695
2025-03-05T10:45:00+05:30,2221.65,2221.7,2199.75,2211.05,67105
2025-03-05T11:00:00+05:30,2211.1,2218.9,2205.45,2216.0,75538
2025-03-05T11:15:00+05:30,2216.55,2229.0,2208.25,2212.6,58515
2025-03-05T11:30:00+05:30,2211.55,2237.7,2211.1,2236.0,84900
2025-03-05T11:45:00+05:30,2236.0,2247.0,2214.55,2215.6,123682
2025-03-05T12:00:00+05:30,2214.95,2221.65,2213.0,2214.4,39987
2025-03-05T12:15:00+05:30,2215.2,2218.0,2206.55,2212.95,28080
2025-03-05T12:30:00+05:30,2212.95,2213.85,2202.35,2206.75,40054
2025-03-05T12:45:00+05:30,2206.9,2219.0,2204.1,2216.9,31915
2025-03-05T13:00:00+05:30,2216.9,2218.9,2212.45,2217.4,12678
2025-03-05T13:15:00+05:30,2217.8,2232.9,2213.35,2225.0,46721
2025-03-05T13:30:00+05:30,2225.0,2225.0,2209.25,2212.75,21018
2025-03-05T13:45:00+05:30,2212.75,2216.5,2211.1,2212.15,9485
2025-03-05T14:00:00+05:30,2213.3,2213.3,2205.05,2208.85,15883
2025-03-05T14:15:00+05:30,2209.85,2215.0,2200.55,2213.5,44627
2025-03-05T14:30:00+05:30,2214.0,2222.45,2210.0,2222.0,26020
2025-03-05T14:45:00+05:30,2221.05,2221.85,2213.95,2217.15,19878
2025-03-05T15:00:00+05:30,2217.95,2227.0,2210.1,2219.75,73707
2025-03-05T15:15:00+05:30,2219.0,2234.0,2219.0,2225.0,77707
2025-03-06T09:15:00+05:30,2245.0,2254.0,2212.15,2219.5,178504
2025-03-06T09:30:00+05:30,2220.95,2223.1,2201.0,2207.7,67833
2025-03-06T09:45:00+05:30,2209.1,2212.0,2199.0,2206.0,44330
2025-03-06T10:00:00+05:30,2205.9,2217.7,2201.0,2215.2,37567
2025-03-06T10:15:00+05:30,2215.2,2224.0,2209.1,2224.0,24880
2025-03-06T10:30:00+05:30,2223.15,2224.0,2212.9,2216.5,17479
2025-03-06T10:45:00+05:30,2216.45,2219.0,2213.4,2215.25,10419
2025-03-06T11:00:00+05:30,2216.0,2224.5,2213.0,2224.0,19923
2025-03-06T11:15:00+05:30,2223.95,2224.0,2211.25,2212.9,67994
2025-03-06T11:30:00+05:30,2213.0,2218.05,2211.0,2215.0,9484
2025-03-06T11:45:00+05:30,2215.7,2215.8,2212.1,2212.85,5391
2025-03-06T12:00:00+05:30,2214.0,2214.0,2208.0,2210.9,9663
2025-03-06T12:15:00+05:30,2210.9,2213.5,2208.65,2211.9,7889
2025-03-06T12:30:00+05:30,2211.9,2218.15,2211.0,2214.7,9837
2025-03-06T12:45:00+05:30,2214.0,2222.5,2212.0,2221.3,16508
2025-03-06T13:00:00+05:30,2221.1,2222.25,2217.0,2220.0,5838
2025-03-06T13:15:00+05:30,2220.0,2224.95,2215.35,2217.55,15463
2025-03-06T13:30:00+05:30,2217.55,2223.0,2217.55,2220.15,7043
2025-03-06T13:45:00+05:30,2220.15,2224.2,2220.0,2221.65,8208
2025-03-06T14:00:00+05:30,2222.0,2224.2,2219.6,2221.95,13243
2025-03-06T14:15:00+05:30,2222.0,2227.5,2220.65,2222.65,20597
2025-03-06T14:30:00+05:30,2223.45,2224.9,2217.1,2219.9,12639
2025-03-06T14:45:00+05:30,2218.35,2219.8,2212.1,2219.0,16261
2025-03-06T15:00:00+05:30,2218.95,2218.95,2209.05,2210.1,29761
2025-03-06T15:15:00+05:30,2209.45,2215.0,2204.5,2206.7,68405
2025-03-07T09:15:00+05:30,2204.1,2234.0,2191.4,2230.7,101088
2025-03-07T09:30:00+05:30,2230.0,2235.0,2220.0,2227.25,41155
2025-03-07T09:45:00+05:30,2227.45,2229.3,2215.0,2227.0,44697
2025-03-07T10:00:00+05:30,2227.7,2265.8,2221.3,2260.0,172013
2025-03-07T10:15:00+05:30,2261.55,2281.45,2256.9,2266.0,83651
2025-03-07T10:30:00+05:30,2266.0,2271.0,2252.05,2255.4,24980
2025-03-07T10:45:00+05:30,2256.25,2259.7,2246.55,2250.2,26178
2025-03-07T11:00:00+05:30,2250.4,2259.95,2250.0,2255.3,9835
2025-03-07T11:15:00+05:30,2255.15,2259.7,2250.05,2251.1,13674
2025-03-07T11:30:00+05:30,2252.65,2259.0,2250.0,2251.7,13934
2025-03-07T11:45:00+05:30,2252.85,2253.4,2234.35,2240.35,42901
2025-03-07T12:00:00+05:30,2240.35,2241.0,2229.65,2233.25,23664
2025-03-07T12:15:00+05:30,2234.35,2237.0,2227.0,2233.75,16059
2025-03-07T12:30:00+05:30,2232.9,2237.0,2229.0,2231.8,12198
2025-03-07T12:45:00+05:30,2231.75,2238.7,2226.15,2232.0,13089
2025-03-07T13:00:00+05:30,2231.45,2232.0,2227.0,2229.15,7711
2025-03-07T13:15:00+05:30,2230.0,2234.9,2228.5,2232.05,8787
2025-03-07T13:30:00+05:30,2232.65,2235.0,2230.0,2233.0,5250
2025-03-07T13:45:00+05:30,2233.2,2234.85,2224.15,2229.65,14511
2025-03-07T14:00:00+05:30,2228.65,2234.0,2228.05,2233.0,6253
2025-03-07T14:15:00+05:30,2233.6,2237.25,2233.0,2237.0,13849
2025-03-07T14:30:00+05:30,2236.2,2238.6,2232.15,2234.55,19015
2025-03-07T14:45:00+05:30,2235.75,2237.05,2231.0,2231.75,12532
2025-03-07T15:00:00+05:30,2232.4,2233.95,2225.0,2226.75,35139
2025-03-07T15:15:00+05:30,2226.75,2228.8,2220.05,2228.0,62024
2025-03-10T09:15:00+05:30,2237.8,2250.0,2211.1,2213.85,95335
2025-03-10T09:30:00+05:30,2213.9,2224.9,2205.1,2211.95,44594
2025-03-10T09:45:00+05:30,2213.6,2215.05,2181.0,2188.95,84021
2025-03-10T10:00:00+05:30,2189.0,2189.95,2172.05,2182.95,44145
2025-03-10T10:15:00+05:30,2182.95,2183.0,2172.4,2181.65,23252
2025-03-10T10:30:00+05:30,2181.5,2190.0,2177.35,2186.0,15755
2025-03-10T10:45:00+05:30,2186.0,2189.8,2183.3,2183.3,12738
2025-03-10T11:00:00+05:30,2185.0,2185.4,2179.85,2181.95,9965
2025-03-10T11:15:00+05:30,2182.85,2183.1,2177.0,2179.85,14234
2025-03-10T11:30:00+05:30,2179.0,2183.5,2177.0,2182.0,7546
2025-03-10T11:45:00+05:30,2182.0,2182.4,2174.15,2178.7,13837
2025-03-10T12:00:00+05:30,2177.55,2178.5,2173.0,2174.95,7595
2025-03-10T12:15:00+05:30,2174.95,2174.95,2168.0,2173.05,19664
2025-03-10T12:30:00+05:30,2172.6,2175.35,2169.25,2175.05,10351
2025-03-10T12:45:00+05:30,2173.8,2175.0,2170.5,2174.5,4595
2025-03-10T13:00:00+05:30,2174.3,2179.0,2170.0,2173.05,8692
2025-03-10T13:15:00+05:30,2173.05,2173.95,2169.1,2169.95,9943
2025-03-10T13:30:00+05:30,2169.25,2172.9,2165.0,2170.5,9941
2025-03-10T13:45:00+05:30,2170.5,2172.75,2166.0,2170.5,9969
2025-03-10T14:00:00+05:30,2170.5,2171.4,2166.0,2166.55,9023
2025-03-10T14:15:00+05:30,2167.0,2168.05,2155.2,2158.0,21376
2025-03-10T14:30:00+05:30,2156.8,2159.45,2150.0,2156.2,19408
2025-03-10T14:45:00+05:30,2156.2,2162.8,2152.3,2160.25,16426
2025-03-10T15:00:00+05:30,2159.1,2162.0,2145.0,2148.0,43574
2025-03-10T15:15:00+05:30,2148.0,2148.7,2125.0,2131.0,78436
2025-03-11T09:15:00+05:30,2108.0,2120.0,2095.1,2104.95,114869
2025-03-11T09:30:00+05:30,2104.55,2107.05,2086.75,2103.8,86182
2025-03-11T09:45:00+05:30,2102.75,2122.8,2094.65,2119.0,59915
2025-03-11T10:00:00+05:30,2119.0,2123.0,2105.05,2112.35,30743
2025-03-11T10:15:00+05:30,2111.25,2120.9,2105.5,2115.0,20535
2025-03-11T10:30:00+05:30,2114.8,2116.0,2101.2,2114.65,18477
2025-03-11T10:45:00+05:30,2115.0,2126.95,2112.0,2121.95,24345
2025-03-11T11:00:00+05:30,2121.9,2126.95,2115.05,2121.0,20447
2025-03-11T11:15:00+05:30,2121.0,2126.0,2115.65,2116.4,14510
2025-03-11T11:30:00+05:30,2117.0,2126.9,2115.05,2122.25,10701
2025-03-11T11:45:00+05:30,2121.85,2125.5,2120.0,2125.0,8983
2025-03-11T12:00:00+05:30,2125.0,2129.0,2117.0,2120.35,16641
2025-03-11T12:15:00+05:30,2119.75,2121.25,2109.0,2111.8,15868
2025-03-11T12:30:00+05:30,2111.65,2112.0,2105.0,2110.35,11849
2025-03-11T12:45:00+05:30,2110.25,2111.7,2098.9,2100.0,16919
2025-03-11T13:00:00+05:30,2100.0,2100.9,2092.15,2098.4,19771
2025-03-11T13:15:00+05:30,2099.15,2108.0,2096.85,2105.15,12694
2025-03-11T13:30:00+05:30,2105.15,2110.9,2101.55,2110.8,6878
2025-03-11T13:45:00+05:30,2109.8,2116.1,2109.8,2112.55,21335
2025-03-11T14:00:00+05:30,2113.9,2114.0,2107.85,2110.6,10289
2025-03-11T14:15:00+05:30,2111.5,2118.25,2110.0,2114.45,13518
2025-03-11T14:30:00+05:30,2114.55,2116.0,2102.0,2103.4,15665
2025-03-11T14:45:00+05:30,2103.4,2108.55,2095.1,2102.9,57613
2025-03-11T15:00:00+05:30,2102.9,2115.95,2102.0,2110.0,43626
2025-03-11T15:15:00+05:30,2111.2,2129.95,2110.3,2127.75,46672
2025-03-12T09:15:00+05:30,2131.0,2149.75,2115.85,2120.15,90994
2025-03-12T09:30:00+05:30,2120.95,2137.3,2118.0,2122.9,35257
2025-03-12T09:45:00+05:30,2122.4,2134.05,2118.55,2127.75,22160
2025-03-12T10:00:00+05:30,2126.95,2127.9,2113.3,2117.15,27523
2025-03-12T10:15:00+05:30,2117.15,2119.75,2114.5,2118.0,9350
2025-03-12T10:30:00+05:30,2118.0,2129.0,2118.0,2127.25,16325
2025-03-12T10:45:00+05:30,2127.75,2129.45,2112.4,2116.6,28909
2025-03-12T11:00:00+05:30,2116.8,2120.95,2113.1,2120.1,6663
2025-03-12T11:15:00+05:30,2120.7,2120.95,2114.3,2116.5,6317
2025-03-12T11:30:00+05:30,2116.0,2119.75,2112.5,2113.45,7705
2025-03-12T11:45:00+05:30,2112.95,2113.8,2102.8,2106.45,15648
2025-03-12T12:00:00+05:30,2106.45,2109.7,2105.0,2108.0,7384
2025-03-12T12:15:00+05:30,2107.15,2109.35,2105.5,2107.15,7230
2025-03-12T12:30:00+05:30,2107.15,2112.1,2105.35,2105.35,7088
2025-03-12T12:45:00+05:30,2105.15,2110.0,2102.0,2109.0,5961
2025-03-12T13:00:00+05:30,2108.85,2116.25,2106.05,2114.8,6212
2025-03-12T13:15:00+05:30,2115.15,2127.8,2114.55,2125.0,18101
2025-03-12T13:30:00+05:30,2125.9,2128.95,2119.25,2123.95,9208
2025-03-12T13:45:00+05:30,2124.0,2129.95,2123.05,2126.0,9403
2025-03-12T14:00:00+05:30,2126.1,2128.9,2124.05,2126.6,5010
2025-03-12T14:15:00+05:30,2126.6,2132.25,2122.0,2125.45,16268
2025-03-12T14:30:00+05:30,2125.45,2127.0,2121.05,2124.0,7822
2025-03-12T14:45:00+05:30,2124.0,2127.1,2121.55,2121.55,7276
2025-03-12T15:00:00+05:30,2122.55,2131.0,2122.0,2130.0,22986
2025-03-12T15:15:00+05:30,2130.0,2130.75,2105.0,2112.5,45231
2025-03-13T09:15:00+05:30,2127.95,2134.0,2096.4,2108.4,79279
2025-03-13T09:30:00+05:30,2109.5,2115.0,2103.55,2109.05,18563
2025-03-13T09:45:00+05:30,2109.05,2128.85,2109.05,2125.55,30891
2025-03-13T10:00:00+05:30,2125.55,2145.65,2121.05,2143.0,57867
2025-03-13T10:15:00+05:30,2143.1,2144.45,2136.9,2139.0,18520
2025-03-13T10:30:00+05:30,2139.0,2153.9,2138.15,2139.05,36447
2025-03-13T10:45:00+05:30,2140.1,2140.15,2123.6,2135.95,23369
2025-03-13T11:00:00+05:30,2135.6,2139.9,2130.0,2138.05,10944
2025-03-13T11:15:00+05:30,2138.05,2139.9,2131.55,2133.0,5646
2025-03-13T11:30:00+05:30,2133.0,2138.95,2129.15,2133.0,19016
2025-03-13T11:45:00+05:30,2132.55,2134.95,2129.8,2133.45,5032
2025-03-13T12:00:00+05:30,2133.45,2134.95,2131.4,2132.1,4564
2025-03-13T12:15:00+05:30,2132.35,2144.1,2131.15,2139.85,15472
2025-03-13T12:30:00+05:30,2139.25,2144.75,2137.0,2140.4,11676
2025-03-13T12:45:00+05:30,2140.75,2145.0,2133.9,2137.5,5904
2025-03-13T13:00:00+05:30,2137.5,2138.9,2133.0,2133.7,4993
2025-03-13T13:15:00+05:30,2133.6,2133.6,2123.0,2128.7,16108
2025-03-13T13:30:00+05:30,2129.65,2132.55,2123.1,2125.35,11178
2025-03-13T13:45:00+05:30,2125.3,2131.1,2123.4,2126.25,8732
2025-03-13T14:00:00+05:30,2125.55,2131.45,2124.5,2127.1,6720
2025-03-13T14:15:00+05:30,2127.1,2127.1,2122.55,2124.7,14979
2025-03-13T14:30:00+05:30,2124.7,2126.0,2122.25,2125.95,22547
2025-03-13T14:45:00+05:30,2125.35,2127.0,2115.0,2115.35,20141
2025-03-13T15:00:00+05:30,2115.35,2122.8,2115.05,2118.5,16740
2025-03-13T15:15:00+05:30,2118.45,2137.95,2115.75,2125.2,58173
2025-03-17T09:15:00+05:30,2138.6,2167.0,2135.2,2166.25,113308
2025-03-17T09:30:00+05:30,2166.25,2174.7,2162.0,2169.45,70093
2025-03-17T09:45:00+05:30,2169.55,2179.85,2164.0,2174.4,51370
2025-03-17T10:00:00+05:30,2173.4,2179.85,2166.0,2178.5,27483
2025-03-17T10:15:00+05:30,2178.5,2183.0,2169.0,2175.0,34791
2025-03-17T10:30:00+05:30,2174.7,2175.0,2162.1,2165.55,25225
2025-03-17T10:45:00+05:30,2164.15,2172.05,2164.15,2169.7,11243
2025-03-17T11:00:00+05:30,2169.6,2171.5,2163.05,2165.5,12229
2025-03-17T11:15:00+05:30,2165.85,2168.5,2165.05,2166.0,4741
2025-03-17T11:30:00+05:30,2166.15,2166.5,2163.0,2164.35,6579
2025-03-17T11:45:00+05:30,2164.4,2165.3,2151.15,2153.2,22013
2025-03-17T12:00:00+05:30,2153.1,2156.35,2151.15,2152.6,9824
2025-03-17T12:15:00+05:30,2153.2,2153.3,2142.0,2144.5,19645
2025-03-17T12:30:00+05:30,2145.85,2147.8,2138.9,2142.35,16003
2025-03-17T12:45:00+05:30,2141.95,2142.85,2137.0,2140.2,9463
2025-03-17T13:00:00+05:30,2140.65,2142.0,2136.3,2139.05,10506
2025-03-17T13:15:00+05:30,2138.4,2144.0,2137.75,2141.4,9517
2025-03-17T13:30:00+05:30,2141.5,2142.85,2137.8,2139.85,6399
2025-03-17T13:45:00+05:30,2139.9,2140.95,2133.05,2139.55,12587
2025-03-17T14:00:00+05:30,2139.1,2140.0,2136.1,2139.5,6653
2025-03-17T14:15:00+05:30,2139.5,2144.0,2138.7,2142.0,12457
2025-03-17T14:30:00+05:30,2142.0,2142.0,2133.0,2136.4,14720
2025-03-17T14:45:00+05:30,2137.0,2140.65,2136.1,2137.6,7536
2025-03-17T15:00:00+05:30,2137.6,2137.6,2124.0,2127.65,22596
2025-03-17T15:15:00+05:30,2126.65,2127.7,2090.0,2112.9,109918
2025-03-18T09:15:00+05:30,2150.95,2165.0,2131.9,2156.35,111495
2025-03-18T09:30:00+05:30,2157.6,2179.35,2157.6,2173.4,95344
2025-03-18T09:45:00+05:30,2172.0,2175.0,2166.5,2169.55,37213
2025-03-18T10:00:00+05:30,2169.4,2172.0,2167.0,2170.2,19401
2025-03-18T10:15:00+05:30,2170.25,2181.0,2169.1,2175.3,49600
2025-03-18T10:30:00+05:30,2175.45,2176.0,2156.85,2162.95,30610
2025-03-18T10:45:00+05:30,2162.95,2164.95,2158.6,2159.0,11040
2025-03-18T11:00:00+05:30,2159.5,2164.7,2159.2,2164.1,8267
2025-03-18T11:15:00+05:30,2164.0,2167.05,2162.4,2166.85,8633
2025-03-18T11:30:00+05:30,2166.85,2169.95,2163.9,2163.9,6202
2025-03-18T11:45:00+05:30,2164.3,2166.0,2163.15,2165.3,4788
2025-03-18T12:00:00+05:30,2165.15,2166.45,2161.75,2164.0,6058
2025-03-18T12:15:00+05:30,2163.6,2173.05,2161.5,2168.6,19672
2025-03-18T12:30:00+05:30,2168.55,2171.05,2163.3,2163.3,15834
2025-03-18T12:45:00+05:30,2163.3,2163.85,2158.4,2160.55,14520
2025-03-18T13:00:00+05:30,2161.0,2164.45,2159.0,2163.35,6816
2025-03-18T13:15:00+05:30,2163.35,2166.0,2161.5,2163.9,5930
2025-03-18T13:30:00+05:30,2162.85,2163.85,2158.6,2161.1,7837
2025-03-18T13:45:00+05:30,2161.1,2170.0,2160.0,2169.05,11905
2025-03-18T14:00:00+05:30,2170.0,2172.0,2166.25,2169.1,9108
2025-03-18T14:15:00+05:30,2169.7,2177.5,2167.35,2173.0,21393
2025-03-18T14:30:00+05:30,2173.85,2179.0,2173.0,2178.0,20820
2025-03-18T14:45:00+05:30,2177.55,2178.95,2173.0,2176.85,16104
2025-03-18T15:00:00+05:30,2177.3,2179.9,2170.8,2177.0,37652
2025-03-18T15:15:00+05:30,2178.0,2186.75,2175.0,2182.0,64263
2025-03-19T09:15:00+05:30,2192.9,2224.0,2184.0,2217.75,110137
2025-03-19T09:30:00+05:30,2216.95,2228.8,2208.0,2217.2,50787
2025-03-19T09:45:00+05:30,2218.05,2226.65,2215.0,2225.65,28339
2025-03-19T10:00:00+05:30,2226.0,2226.35,2210.65,2215.25,23699
2025-03-19T10:15:00+05:30,2215.1,2219.95,2212.7,2218.6,16889
2025-03-19T10:30:00+05:30,2218.0,2228.0,2216.0,2226.05,26564
2025-03-19T10:45:00+05:30,2226.0,2227.0,2220.9,2222.35,11782
2025-03-19T11:00:00+05:30,2222.6,2228.25,2220.55,2224.45,17963
2025-03-19T11:15:00+05:30,2224.4,2232.0,2219.25,2230.1,21753
2025-03-19T11:30:00+05:30,2230.1,2245.4,2226.55,2238.9,55693
2025-03-19T11:45:00+05:30,2239.75,2244.7,2235.0,2240.75,20772
2025-03-19T12:00:00+05:30,2240.05,2240.8,2230.1,2231.0,15623
2025-03-19T12:15:00+05:30,2230.85,2235.95,2229.0,2230.0,36636
2025-03-19T12:30:00+05:30,2230.05,2235.0,2227.0,2232.4,32365
2025-03-19T12:45:00+05:30,2232.4,2243.5,2232.4,2241.0,15133
2025-03-19T13:00:00+05:30,2240.1,2243.0,2233.0,2238.25,18522
2025-03-19T13:15:00+05:30,2238.3,2241.8,2236.7,2238.4,8937
2025-03-19T13:30:00+05:30,2237.7,2240.0,2236.1,2237.5,7783
2025-03-19T13:45:00+05:30,2237.15,2239.85,2235.0,2238.1,8562
2025-03-19T14:00:00+05:30,2238.1,2241.8,2235.0,2235.55,14788
2025-03-19T14:15:00+05:30,2235.5,2252.0,2235.5,2248.2,37490
2025-03-19T14:30:00+05:30,2248.25,2268.4,2247.45,2265.6,101217
2025-03-19T14:45:00+05:30,2265.75,2265.75,2256.0,2260.7,32774
2025-03-19T15:00:00+05:30,2260.85,2266.85,2248.0,2249.05,49885
2025-03-19T15:15:00+05:30,2249.25,2260.95,2247.5,2257.0,58338
2025-03-20T09:15:00+05:30,2272.0,2300.0,2267.3,2295.75,141299
2025-03-20T09:30:00+05:30,2297.65,2303.65,2270.0,2271.55,82506
2025-03-20T09:45:00+05:30,2270.7,2271.85,2240.75,2251.9,68883
2025-03-20T10:00:00+05:30,2251.9,2259.95,2222.3,2235.6,50989
2025-03-20T10:15:00+05:30,2235.4,2249.5,2233.7,2248.0,15378
2025-03-20T10:30:00+05:30,2248.0,2255.0,2241.05,2244.0,22416
2025-03-20T10:45:00+05:30,2244.4,2249.95,2241.1,2245.5,11629
2025-03-20T11:00:00+05:30,2244.2,2251.7,2243.0,2250.85,8634
2025-03-20T11:15:00+05:30,2251.95,2253.0,2240.2,2245.0,10317
2025-03-20T11:30:00+05:30,2245.0,2247.3,2241.1,2246.6,4900
2025-03-20T11:45:00+05:30,2246.85,2253.75,2244.0,2246.1,9702
2025-03-20T12:00:00+05:30,2246.8,2247.35,2235.2,2240.0,16314
2025-03-20T12:15:00+05:30,2239.5,2239.7,2233.1,2234.65,14351
2025-03-20T12:30:00+05:30,2234.7,2237.95,2231.25,2234.25,11456
2025-03-20T12:45:00+05:30,2234.25,2235.0,2232.05,2235.0,7441
2025-03-20T13:00:00+05:30,2235.0,2236.0,2231.0,2235.4,10355
2025-03-20T13:15:00+05:30,2235.35,2235.65,2232.5,2234.05,10099
2025-03-20T13:30:00+05:30,2234.4,2235.2,2233.0,2235.0,5897
2025-03-20T13:45:00+05:30,2234.95,2239.9,2234.05,2235.3,14683
2025-03-20T14:00:00+05:30,2235.0,2236.15,2232.0,2232.65,8891
2025-03-20T14:15:00+05:30,2232.65,2238.2,2229.05,2234.2,14016
2025-03-20T14:30:00+05:30,2234.5,2236.0,2233.0,2235.0,25435
2025-03-20T14:45:00+05:30,2235.0,2274.0,2233.6,2265.95,73488
2025-03-20T15:00:00+05:30,2266.8,2269.4,2253.3,2258.2,57002
2025-03-20T15:15:00+05:30,2257.0,2257.0,2240.05,2244.0,53998
2025-03-21T09:15:00+05:30,2254.6,2256.0,2233.0,2244.65,69281
2025-03-21T09:30:00+05:30,2244.6,2264.95,2242.9,2261.9,52127
2025-03-21T09:45:00+05:30,2261.3,2267.5,2257.0,2261.3,35396
2025-03-21T10:00:00+05:30,2261.3,2263.95,2253.0,2258.8,24278
2025-03-21T10:15:00+05:30,2258.85,2264.45,2255.0,2260.1,18044
2025-03-21T10:30:00+05:30,2260.1,2278.8,2260.1,2274.0,41261
2025-03-21T10:45:00+05:30,2275.0,2323.0,2273.0,2297.4,240678
2025-03-21T11:00:00+05:30,2298.75,2308.0,2292.05,2295.0,42365
2025-03-21T11:15:00+05:30,2295.95,2309.95,2295.5,2303.0,34852
2025-03-21T11:30:00+05:30,2304.7,2305.0,2293.2,2298.05,18775
2025-03-21T11:45:00+05:30,2298.75,2298.8,2286.75,2294.4,25343
2025-03-21T12:00:00+05:30,2294.4,2298.0,2290.55,2292.45,15881
2025-03-21T12:15:00+05:30,2292.35,2299.0,2290.8,2297.35,14848
2025-03-21T12:30:00+05:30,2296.5,2313.0,2295.5,2309.0,29065
2025-03-21T12:45:00+05:30,2309.0,2310.7,2301.3,2305.0,16763
2025-03-21T13:00:00+05:30,2304.0,2316.0,2302.4,2306.05,31589
2025-03-21T13:15:00+05:30,2306.05,2308.45,2300.35,2303.85,17584
2025-03-21T13:30:00+05:30,2304.45,2305.15,2289.4,2295.7,31762
2025-03-21T13:45:00+05:30,2296.05,2299.6,2288.2,2294.75,20947
2025-03-21T14:00:00+05:30,2295.45,2307.5,2293.55,2306.95,21722
2025-03-21T14:15:00+05:30,2307.0,2309.0,2301.0,2304.8,16542
2025-03-21T14:30:00+05:30,2304.8,2305.0,2301.0,2303.7,14510
2025-03-21T14:45:00+05:30,2302.95,2308.4,2299.05,2308.0,25990
2025-03-21T15:00:00+05:30,2308.0,2374.0,2308.0,2368.25,302166
2025-03-21T15:15:00+05:30,2368.45,2374.0,2355.25,2358.0,182209
2025-03-24T09:15:00+05:30,2395.0,2424.4,2383.55,2422.8,198624
2025-03-24T09:30:00+05:30,2422.05,2422.8,2386.45,2399.9,104018
2025-03-24T09:45:00+05:30,2401.3,2408.0,2382.65,2401.9,62346
2025-03-24T10:00:00+05:30,2403.1,2416.65,2400.05,2415.55,42700
2025-03-24T10:15:00+05:30,2415.8,2445.3,2413.5,2441.65,139781
2025-03-24T10:30:00+05:30,2441.55,2449.7,2426.8,2428.15,83923
2025-03-24T10:45:00+05:30,2428.85,2437.0,2426.25,2430.1,31513
2025-03-24T11:00:00+05:30,2431.5,2435.0,2421.0,2424.55,34511
2025-03-24T11:15:00+05:30,2424.1,2435.6,2421.8,2424.15,29752
2025-03-24T11:30:00+05:30,2424.35,2426.95,2416.05,2422.95,22907
2025-03-24T11:45:00+05:30,2423.8,2429.6,2419.8,2426.5,15712
2025-03-24T12:00:00+05:30,2425.3,2433.45,2423.0,2428.3,22339
2025-03-24T12:15:00+05:30,2427.05,2434.0,2427.05,2432.5,13133
2025-03-24T12:30:00+05:30,2432.0,2432.0,2426.05,2429.0,10416
2025-03-24T12:45:00+05:30,2429.8,2430.5,2423.05,2427.3,12284
2025-03-24T13:00:00+05:30,2427.35,2430.0,2425.0,2428.05,10409
2025-03-24T13:15:00+05:30,2428.05,2430.55,2425.25,2427.5,8889
2025-03-24T13:30:00+05:30,2427.1,2433.6,2427.05,2432.0,17232
2025-03-24T13:45:00+05:30,2432.0,2432.0,2426.0,2430.7,10392
2025-03-24T14:00:00+05:30,2429.5,2436.8,2429.0,2434.6,17966
2025-03-24T14:15:00+05:30,2435.6,2435.7,2430.0,2434.2,13947
2025-03-24T14:30:00+05:30,2434.2,2434.2,2426.0,2430.0,19175
2025-03-24T14:45:00+05:30,2429.55,2438.0,2427.0,2437.9,24416
2025-03-24T15:00:00+05:30,2437.9,2439.45,2429.0,2429.0,36886
2025-03-24T15:15:00+05:30,2429.2,2433.65,2425.5,2429.95,73416
2025-03-25T09:15:00+05:30,2450.95,2468.0,2425.05,2432.85,167567
2025-03-25T09:30:00+05:30,2432.85,2487.7,2430.6,2486.0,147228
2025-03-25T09:45:00+05:30,2486.0,2508.0,2479.65,2493.1,152911
2025-03-25T10:00:00+05:30,2493.0,2494.0,2452.85,2455.0,95413
2025-03-25T10:15:00+05:30,2454.8,2475.0,2445.1,2468.45,89708
2025-03-25T10:30:00+05:30,2468.25,2469.95,2434.1,2440.0,63603
2025-03-25T10:45:00+05:30,2440.0,2444.0,2421.0,2428.5,57673
2025-03-25T11:00:00+05:30,2428.5,2429.95,2418.3,2427.8,42675
2025-03-25T11:15:00+05:30,2428.35,2431.65,2415.15,2421.0,31849
2025-03-25T11:30:00+05:30,2421.0,2427.0,2403.5,2411.7,39899
2025-03-25T11:45:00+05:30,2411.95,2428.0,2392.6,2427.1,86261
2025-03-25T12:00:00+05:30,2428.0,2444.0,2420.75,2434.7,46936
2025-03-25T12:15:00+05:30,2434.65,2439.6,2418.2,2431.7,38312
2025-03-25T12:30:00+05:30,2431.95,2443.55,2419.2,2439.15,34636
2025-03-25T12:45:00+05:30,2439.9,2443.8,2431.65,2436.65,20128
2025-03-25T13:00:00+05:30,2436.65,2441.5,2434.0,2440.8,14195
2025-03-25T13:15:00+05:30,2439.65,2440.1,2430.0,2434.2,23823
2025-03-25T13:30:00+05:30,2433.45,2445.5,2433.0,2444.2,16059
2025-03-25T13:45:00+05:30,2445.0,2455.0,2442.05,2453.15,32398
2025-03-25T14:00:00+05:30,2452.9,2453.05,2446.95,2450.05,13278
2025-03-25T14:15:00+05:30,2451.0,2454.3,2445.2,2445.4,18869
2025-03-25T14:30:00+05:30,2446.0,2448.6,2439.35,2443.35,23083
2025-03-25T14:45:00+05:30,2443.05,2447.4,2432.0,2441.0,33472
2025-03-25T15:00:00+05:30,2440.6,2445.0,2434.0,2437.25,50237
2025-03-25T15:15:00+05:30,2435.85,2448.1,2434.0,2435.25,96698
2025-03-26T09:15:00+05:30,2454.75,2464.6,2431.15,2447.8,146469
2025-03-26T09:30:00+05:30,2447.3,2451.15,2396.9,2399.0,81697
2025-03-26T09:45:00+05:30,2398.0,2412.0,2392.5,2408.0,57617
2025-03-26T10:00:00+05:30,2407.05,2443.8,2405.0,2437.0,92610
2025-03-26T10:15:00+05:30,2437.0,2444.0,2431.45,2437.0,40005
2025-03-26T10:30:00+05:30,2436.8,2444.7,2434.0,2435.55,18976
2025-03-26T10:45:00+05:30,2436.0,2442.0,2427.05,2429.35,20290
2025-03-26T11:00:00+05:30,2428.95,2429.85,2421.2,2427.35,17579
2025-03-26T11:15:00+05:30,2426.0,2432.0,2424.6,2431.5,8839
2025-03-26T11:30:00+05:30,2431.5,2432.9,2423.6,2424.9,11541
2025-03-26T11:45:00+05:30,2423.6,2424.9,2413.05,2415.5,16472
2025-03-26T12:00:00+05:30,2415.5,2420.6,2411.0,2418.55,12825
2025-03-26T12:15:00+05:30,2418.5,2420.05,2415.05,2415.8,7825
2025-03-26T12:30:00+05:30,2416.15,2419.0,2415.0,2418.6,4723
2025-03-26T12:45:00+05:30,2417.85,2421.95,2417.0,2419.75,8883
2025-03-26T13:00:00+05:30,2420.8,2421.95,2411.0,2411.85,11553
2025-03-26T13:15:00+05:30,2411.9,2416.65,2405.0,2412.4,14829
2025-03-26T13:30:00+05:30,2411.35,2415.0,2410.3,2412.6,7095
2025-03-26T13:45:00+05:30,2412.8,2416.8,2409.0,2410.0,13578
2025-03-26T14:00:00+05:30,2410.5,2413.5,2408.6,2410.9,5330
2025-03-26T14:15:00+05:30,2410.95,2410.95,2405.0,2409.05,7077
2025-03-26T14:30:00+05:30,2409.6,2410.95,2404.15,2405.0,9331
2025-03-26T14:45:00+05:30,2405.0,2434.0,2404.15,2426.7,63123
2025-03-26T15:00:00+05:30,2427.25,2434.0,2423.1,2426.25,41574
2025-03-26T15:15:00+05:30,2426.8,2429.85,2421.0,2423.4,55386
2025-03-27T09:15:00+05:30,2415.0,2427.1,2390.3,2403.5,92412
2025-03-27T09:30:00+05:30,2403.45,2412.0,2387.05,2399.7,60140
2025-03-27T09:45:00+05:30,2400.05,2408.5,2394.3,2406.4,21836
2025-03-27T10:00:00+05:30,2406.4,2412.0,2400.55,2405.15,20492
2025-03-27T10:15:00+05:30,2406.0,2416.3,2404.75,2414.75,18950
2025-03-27T10:30:00+05:30,2414.75,2421.0,2409.75,2420.0,19565
2025-03-27T10:45:00+05:30,2420.0,2425.0,2399.0,2403.2,31493
2025-03-27T11:00:00+05:30,2402.05,2406.1,2395.05,2400.2,26250
2025-03-27T11:15:00+05:30,2400.4,2401.95,2391.5,2391.5,18400
2025-03-27T11:30:00+05:30,2391.85,2393.95,2390.5,2391.2,12636
2025-03-27T11:45:00+05:30,2390.6,2394.95,2382.05,2384.35,24125
2025-03-27T12:00:00+05:30,2385.0,2387.5,2380.0,2385.0,16700
2025-03-27T12:15:00+05:30,2385.05,2386.1,2372.4,2374.0,24006
2025-03-27T12:30:00+05:30,2375.0,2375.8,2371.0,2372.75,14400
2025-03-27T12:45:00+05:30,2372.75,2384.0,2372.0,2375.2,15498
2025-03-27T13:00:00+05:30,2374.3,2382.0,2371.9,2378.45,21272
2025-03-27T13:15:00+05:30,2378.45,2387.4,2375.5,2383.45,14295
2025-03-27T13:30:00+05:30,2383.5,2390.0,2381.25,2383.5,16442
2025-03-27T13:45:00+05:30,2383.5,2385.0,2379.0,2379.0,14125
2025-03-27T14:00:00+05:30,2379.55,2381.55,2375.0,2377.0,14146
2025-03-27T14:15:00+05:30,2377.55,2382.5,2375.0,2376.9,15162
2025-03-27T14:30:00+05:30,2376.85,2386.4,2371.9,2381.95,44980
2025-03-27T14:45:00+05:30,2381.95,2405.95,2380.4,2402.6,92281
2025-03-27T15:00:00+05:30,2402.6,2450.0,2402.6,2432.8,265904
2025-03-27T15:15:00+05:30,2432.8,2442.1,2419.05,2421.4,176406
2025-03-28T09:15:00+05:30,2450.0,2469.0,2435.45,2445.35,97476
2025-03-28T09:30:00+05:30,2444.95,2447.95,2423.1,2432.15,46640
2025-03-28T09:45:00+05:30,2431.5,2469.0,2431.5,2468.0,77469
2025-03-28T10:00:00+05:30,2468.0,2468.0,2441.0,2448.0,56512
2025-03-28T10:15:00+05:30,2448.95,2449.0,2437.3,2441.8,19744
2025-03-28T10:30:00+05:30,2441.8,2448.0,2428.1,2428.65,24941
2025-03-28T10:45:00+05:30,2430.3,2436.0,2427.0,2431.9,23485
2025-03-28T11:00:00+05:30,2431.9,2433.0,2424.0,2424.95,14073
2025-03-28T11:15:00+05:30,2424.75,2426.0,2416.05,2419.95,23898
2025-03-28T11:30:00+05:30,2420.05,2425.45,2416.0,2418.7,14768
2025-03-28T11:45:00+05:30,2418.2,2421.0,2416.2,2417.55,12246
2025-03-28T12:00:00+05:30,2417.8,2420.8,2416.0,2417.0,11076
2025-03-28T12:15:00+05:30,2417.5,2417.55,2408.0,2409.65,29118
2025-03-28T12:30:00+05:30,2409.0,2410.0,2403.0,2405.0,15580
2025-03-28T12:45:00+05:30,2405.25,2406.05,2402.0,2404.9,11485
2025-03-28T13:00:00+05:30,2403.55,2406.7,2400.05,2403.55,13998
2025-03-28T13:15:00+05:30,2404.3,2409.75,2402.0,2406.35,12301
2025-03-28T13:30:00+05:30,2405.5,2408.1,2400.1,2400.8,12547
2025-03-28T13:45:00+05:30,2400.8,2400.85,2388.15,2391.0,32702
2025-03-28T14:00:00+05:30,2390.15,2396.45,2385.1,2392.8,23295
2025-03-28T14:15:00+05:30,2392.8,2395.95,2383.05,2394.5,27679
2025-03-28T14:30:00+05:30,2394.5,2408.55,2392.0,2405.95,31138
2025-03-28T14:45:00+05:30,2407.0,2427.0,2405.0,2425.45,67955
2025-03-28T15:00:00+05:30,2425.4,2425.45,2406.6,2408.65,57856
2025-03-28T15:15:00+05:30,2408.65,2410.0,2384.0,2384.0,81203
2025-04-01T09:15:00+05:30,2379.95,2402.5,2368.05,2382.7,81475
2025-04-01T09:30:00+05:30,2382.65,2396.85,2375.45,2395.35,31264
2025-04-01T09:45:00+05:30,2394.3,2421.0,2391.15,2412.25,57682
2025-04-01T10:00:00+05:30,2412.3,2415.0,2395.1,2396.75,22156
2025-04-01T10:15:00+05:30,2396.0,2404.95,2387.15,2390.0,19938
2025-04-01T10:30:00+05:30,2390.0,2394.65,2387.0,2392.3,11038
2025-04-01T10:45:00+05:30,2392.3,2394.65,2387.0,2388.65,7912
2025-04-01T11:00:00+05:30,2388.65,2390.85,2386.5,2387.7,6621
2025-04-01T11:15:00+05:30,2387.05,2394.35,2386.1,2388.6,6913
2025-04-01T11:30:00+05:30,2388.6,2389.15,2378.05,2382.05,15217
2025-04-01T11:45:00+05:30,2382.6,2388.1,2381.0,2382.55,4726
2025-04-01T12:00:00+05:30,2383.55,2390.0,2378.3,2389.45,8959
2025-04-01T12:15:00+05:30,2389.5,2393.85,2388.0,2390.4,5308
2025-04-01T12:30:00+05:30,2389.9,2396.95,2388.85,2392.65,7210
2025-04-01T12:45:00+05:30,2392.05,2394.75,2389.15,2391.8,3305
2025-04-01T13:00:00+05:30,2391.8,2391.8,2385.0,2385.0,4832
2025-04-01T13:15:00+05:30,2385.25,2385.25,2378.0,2380.95,9781
2025-04-01T13:30:00+05:30,2380.95,2383.0,2374.2,2381.95,12826
2025-04-01T13:45:00+05:30,2382.2,2386.4,2376.0,2383.85,8076
2025-04-01T14:00:00+05:30,2383.8,2390.05,2382.5,2387.8,7911
2025-04-01T14:15:00+05:30,2387.8,2389.0,2384.55,2387.5,4259
2025-04-01T14:30:00+05:30,2387.5,2389.0,2381.6,2385.0,5628
2025-04-01T14:45:00+05:30,2383.85,2385.35,2381.3,2382.75,5355
2025-04-01T15:00:00+05:30,2382.75,2388.8,2380.25,2381.0,18863
2025-04-01T15:15:00+05:30,2381.0,2384.0,2374.95,2380.8,36452
2025-04-02T09:15:00+05:30,2342.6,2342.6,2301.0,2306.35,168188
2025-04-02T09:30:00+05:30,2306.35,2324.45,2305.0,2309.65,60608
2025-04-02T09:45:00+05:30,2309.2,2317.0,2301.1,2312.35,51316
2025-04-02T10:00:00+05:30,2311.75,2315.95,2303.1,2304.8,27870
2025-04-02T10:15:00+05:30,2305.05,2308.75,2301.1,2305.4,23465
2025-04-02T10:30:00+05:30,2306.0,2310.7,2301.1,2308.55,24420
2025-04-02T10:45:00+05:30,2308.4,2314.0,2306.35,2309.95,21892
2025-04-02T11:00:00+05:30,2309.8,2314.0,2303.05,2306.0,27047
2025-04-02T11:15:00+05:30,2306.4,2307.4,2293.8,2298.0,60220
2025-04-02T11:30:00+05:30,2297.25,2301.0,2295.0,2299.95,25909
2025-04-02T11:45:00+05:30,2299.5,2307.9,2295.6,2296.0,28591
2025-04-02T12:00:00+05:30,2296.0,2299.9,2295.0,2299.0,26794
2025-04-02T12:15:00+05:30,2299.65,2299.75,2295.45,2297.7,21639
2025-04-02T12:30:00+05:30,2297.0,2303.9,2296.2,2303.1,31953
2025-04-02T12:45:00+05:30,2303.1,2304.5,2297.0,2298.0,18224
2025-04-02T13:00:00+05:30,2298.0,2302.6,2296.55,2301.3,16806
2025-04-02T13:15:00+05:30,2300.25,2302.8,2296.2,2297.0,15749
2025-04-02T13:30:00+05:30,2297.95,2299.3,2296.0,2297.0,12251
2025-04-02T13:45:00+05:30,2297.0,2299.45,2296.0,2298.3,13179
2025-04-02T14:00:00+05:30,2297.15,2298.3,2281.15,2284.0,75635
2025-04-02T14:15:00+05:30,2284.0,2290.25,2282.1,2288.05,29040
2025-04-02T14:30:00+05:30,2289.05,2292.5,2288.0,2290.0,26591
2025-04-02T14:45:00+05:30,2289.9,2295.9,2287.0,2292.0,39788
2025-04-02T15:00:00+05:30,2292.0,2294.0,2282.0,2284.9,52332
2025-04-02T15:15:00+05:30,2284.0,2284.8,2268.55,2278.9,112178
2025-04-03T09:15:00+05:30,2240.0,2264.3,2205.05,2249.0,311876
2025-04-03T09:30:00+05:30,2249.0,2251.7,2235.65,2235.7,59127
2025-04-03T09:45:00+05:30,2235.6,2239.55,2209.2,2215.25,112873
2025-04-03T10:00:00+05:30,2216.9,2222.0,2214.25,2220.0,37602
2025-04-03T10:15:00+05:30,2219.75,2226.85,2216.45,2222.05,28217
2025-04-03T10:30:00+05:30,2222.0,2225.0,2219.0,2224.25,19595
2025-04-03T10:45:00+05:30,2224.0,2224.0,2219.0,2221.8,15424
2025-04-03T11:00:00+05:30,2221.8,2222.9,2216.2,2220.0,30357
2025-04-03T11:15:00+05:30,2220.0,2220.0,2213.0,2216.0,24860
2025-04-03T11:30:00+05:30,2215.95,2217.0,2210.0,2211.4,47511
2025-04-03T11:45:00+05:30,2211.1,2215.05,2207.05,2210.0,30409
2025-04-03T12:00:00+05:30,2209.65,2214.0,2209.0,2212.9,13929
2025-04-03T12:15:00+05:30,2212.5,2215.0,2211.7,2212.3,12782
2025-04-03T12:30:00+05:30,2212.3,2214.0,2211.0,2213.6,7994
2025-04-03T12:45:00+05:30,2213.55,2213.55,2208.05,2211.6,17693
2025-04-03T13:00:00+05:30,2211.6,2215.0,2211.0,2214.75,16464
2025-04-03T13:15:00+05:30,2214.8,2218.15,2213.45,2215.75,10754
2025-04-03T13:30:00+05:30,2215.75,2219.9,2215.25,2218.8,11084
2025-04-03T13:45:00+05:30,2218.8,2221.7,2215.9,2218.25,17972
2025-04-03T14:00:00+05:30,2218.25,2224.9,2217.0,2222.35,15678
2025-04-03T14:15:00+05:30,2222.2,2257.0,2222.2,2247.35,114046
2025-04-03T14:30:00+05:30,2247.4,2251.85,2242.0,2249.6,93871
2025-04-03T14:45:00+05:30,2249.75,2250.0,2232.75,2237.0,48439
2025-04-03T15:00:00+05:30,2237.05,2244.75,2231.0,2234.55,43596
2025-04-03T15:15:00+05:30,2235.65,2236.35,2225.05,2230.0,81779
2025-04-04T09:15:00+05:30,2232.9,2232.9,2186.3,2192.7,147848
2025-04-04T09:30:00+05:30,2193.65,2194.6,2180.65,2180.65,62256
2025-04-04T09:45:00+05:30,2180.65,2183.4,2166.7,2171.8,46075
2025-04-04T10:00:00+05:30,2171.45,2176.2,2167.35,2173.0,26831
2025-04-04T10:15:00+05:30,2173.0,2176.2,2160.0,2162.2,44425
2025-04-04T10:30:00+05:30,2162.6,2174.7,2161.0,2170.6,34747
2025-04-04T10:45:00+05:30,2170.25,2178.8,2168.0,2175.0,26304
2025-04-04T11:00:00+05:30,2174.9,2183.0,2174.9,2181.3,21771
2025-04-04T11:15:00+05:30,2180.7,2180.7,2171.0,2172.75,11280
2025-04-04T11:30:00+05:30,2172.95,2177.35,2170.0,2172.2,7817
2025-04-04T11:45:00+05:30,2172.8,2173.9,2167.1,2170.4,14723
2025-04-04T12:00:00+05:30,2170.45,2170.55,2165.0,2167.05,12227
2025-04-04T12:15:00+05:30,2167.0,2170.0,2165.45,2168.15,10642
2025-04-04T12:30:00+05:30,2168.15,2168.4,2145.5,2146.45,56818
2025-04-04T12:45:00+05:30,2145.65,2152.7,2145.0,2151.75,20897
2025-04-04T13:00:00+05:30,2151.75,2153.0,2135.0,2137.75,28051
2025-04-04T13:15:00+05:30,2138.0,2143.55,2131.2,2137.9,77887
2025-04-04T13:30:00+05:30,2137.9,2147.9,2137.35,2147.8,21291
2025-04-04T13:45:00+05:30,2147.75,2147.9,2143.05,2146.45,13617
2025-04-04T14:00:00+05:30,2146.45,2149.35,2144.0,2148.25,10962
2025-04-04T14:15:00+05:30,2148.95,2152.0,2145.25,2146.0,15570
2025-04-04T14:30:00+05:30,2146.0,2146.0,2141.55,2144.15,11238
2025-04-04T14:45:00+05:30,2144.15,2158.65,2142.95,2156.55,64048
2025-04-04T15:00:00+05:30,2156.55,2168.0,2156.0,2161.85,80182
2025-04-04T15:15:00+05:30,2161.85,2165.0,2155.15,2165.0,69852
2025-04-07T09:15:00+05:30,1869.95,2033.0,1863.0,2023.05,220022
2025-04-07T09:30:00+05:30,2022.4,2046.5,2018.2,2041.75,122081
2025-04-07T09:45:00+05:30,2041.95,2052.0,2028.0,2041.05,75944
2025-04-07T10:00:00+05:30,2041.5,2053.0,2013.05,2014.35,76522
2025-04-07T10:15:00+05:30,2014.35,2018.65,1992.25,2017.4,120709
2025-04-07T10:30:00+05:30,2018.0,2022.0,2002.0,2020.0,56562
2025-04-07T10:45:00+05:30,2019.8,2022.85,2011.3,2014.15,41229
2025-04-07T11:00:00+05:30,2014.55,2040.85,2013.55,2037.4,31677
2025-04-07T11:15:00+05:30,2037.9,2041.0,2032.25,2040.0,16642
2025-04-07T11:30:00+05:30,2040.0,2046.7,2036.55,2038.35,29439
2025-04-07T11:45:00+05:30,2038.3,2042.85,2026.0,2035.65,24003
2025-04-07T12:00:00+05:30,2034.45,2036.4,2025.0,2028.0,20049
2025-04-07T12:15:00+05:30,2028.0,2040.0,2027.0,2039.85,19293
2025-04-07T12:30:00+05:30,2039.0,2044.85,2033.0,2044.0,13472
2025-04-07T12:45:00+05:30,2044.0,2054.9,2043.85,2045.35,22886
2025-04-07T13:00:00+05:30,2046.15,2048.8,2042.4,2046.0,13964
2025-04-07T13:15:00+05:30,2046.0,2058.05,2042.0,2050.45,25786
2025-04-07T13:30:00+05:30,2051.15,2053.3,2032.1,2037.6,35812
2025-04-07T13:45:00+05:30,2037.6,2041.0,2025.9,2029.3,34755
2025-04-07T14:00:00+05:30,2029.0,2029.0,2022.0,2026.65,32038
2025-04-07T14:15:00+05:30,2026.65,2038.45,2023.0,2034.15,28497
2025-04-07T14:30:00+05:30,2033.65,2046.95,2033.65,2039.95,36676
2025-04-07T14:45:00+05:30,2039.05,2061.0,2036.05,2051.4,104157
2025-04-07T15:00:00+05:30,2051.4,2074.0,2047.35,2057.2,113365
2025-04-07T15:15:00+05:30,2055.6,2137.7,2052.0,2120.5,197295
2025-04-08T09:15:00+05:30,2152.0,2178.0,2141.7,2166.65,137179
2025-04-08T09:30:00+05:30,2166.65,2167.1,2142.4,2143.7,60392
2025-04-08T09:45:00+05:30,2144.6,2149.95,2135.0,2146.4,41336
2025-04-08T10:00:00+05:30,2145.35,2148.8,2139.0,2144.05,21887
2025-04-08T10:15:00+05:30,2143.95,2146.95,2131.0,2136.0,18775
2025-04-08T10:30:00+05:30,2135.9,2137.2,2115.2,2115.2,24171
2025-04-08T10:45:00+05:30,2115.05,2133.9,2113.0,2126.55,25481
2025-04-08T11:00:00+05:30,2125.85,2128.85,2120.5,2125.3,9660
2025-04-08T11:15:00+05:30,2125.1,2126.15,2117.15,2121.1,11301
2025-04-08T11:30:00+05:30,2121.5,2122.9,2112.0,2113.7,11171
2025-04-08T11:45:00+05:30,2114.1,2118.95,2113.0,2114.8,9125
2025-04-08T12:00:00+05:30,2115.15,2126.65,2113.5,2124.55,9386
2025-04-08T12:15:00+05:30,2124.55,2136.05,2120.0,2133.8,19485
2025-04-08T12:30:00+05:30,2135.0,2136.0,2126.6,2129.2,13582
2025-04-08T12:45:00+05:30,2130.0,2130.25,2126.0,2129.65,7784
2025-04-08T13:00:00+05:30,2129.0,2129.45,2125.0,2126.75,5316
2025-04-08T13:15:00+05:30,2126.05,2133.65,2125.85,2128.85,8917
2025-04-08T13:30:00+05:30,2128.85,2129.95,2121.85,2123.35,11211
2025-04-08T13:45:00+05:30,2122.25,2124.25,2118.0,2122.15,12010
2025-04-08T14:00:00+05:30,2122.8,2123.4,2112.2,2116.0,17453
2025-04-08T14:15:00+05:30,2116.0,2120.85,2115.0,2120.0,12680
2025-04-08T14:30:00+05:30,2120.0,2120.15,2113.05,2116.4,12658
2025-04-08T14:45:00+05:30,2115.55,2123.0,2115.0,2116.95,18399
2025-04-08T15:00:00+05:30,2116.9,2136.0,2109.0,2121.85,58343
2025-04-08T15:15:00+05:30,2122.0,2122.0,2100.2,2115.0,75610
2025-04-09T09:15:00+05:30,2114.0,2114.0,2078.0,2085.95,64488
2025-04-09T09:30:00+05:30,2085.9,2085.95,2072.2,2085.05,30962
2025-04-09T09:45:00+05:30,2085.9,2087.5,2077.25,2083.0,16647
2025-04-09T10:00:00+05:30,2082.8,2085.0,2076.0,2078.95,17242
2025-04-09T10:15:00+05:30,2078.3,2084.0,2075.7,2080.9,12707
2025-04-09T10:30:00+05:30,2082.05,2082.35,2075.55,2079.15,9567
2025-04-09T10:45:00+05:30,2078.05,2083.55,2077.8,2083.25,7150
2025-04-09T11:00:00+05:30,2083.15,2083.75,2078.0,2080.25,8965
2025-04-09T11:15:00+05:30,2080.0,2086.0,2078.65,2085.5,6246
2025-04-09T11:30:00+05:30,2085.5,2097.2,2084.3,2094.65,14168
2025-04-09T11:45:00+05:30,2094.9,2097.5,2090.0,2092.75,8672
2025-04-09T12:00:00+05:30,2092.95,2093.0,2088.5,2092.95,6478
2025-04-09T12:15:00+05:30,2092.95,2094.25,2090.5,2091.55,3215
2025-04-09T12:30:00+05:30,2091.55,2109.8,2091.0,2105.8,23227
2025-04-09T12:45:00+05:30,2106.0,2126.6,2105.2,2117.9,54825
2025-04-09T13:00:00+05:30,2118.0,2125.0,2111.2,2112.6,26231
2025-04-09T13:15:00+05:30,2112.5,2113.75,2107.35,2108.8,6965
2025-04-09T13:30:00+05:30,2108.65,2111.55,2100.05,2105.25,11611
2025-04-09T13:45:00+05:30,2105.25,2108.0,2101.05,2101.15,5890
2025-04-09T14:00:00+05:30,2102.2,2104.2,2095.0,2096.85,25919
2025-04-09T14:15:00+05:30,2096.85,2106.0,2095.05,2100.0,12401
2025-04-09T14:30:00+05:30,2100.35,2104.4,2098.0,2102.55,8606
2025-04-09T14:45:00+05:30,2104.0,2108.15,2101.0,2106.3,11967
2025-04-09T15:00:00+05:30,2105.85,2158.3,2103.05,2156.95,140057
2025-04-09T15:15:00+05:30,2157.6,2161.85,2147.2,2155.5,94215
2025-04-11T09:15:00+05:30,2240.0,2240.0,2177.15,2187.15,116028
2025-04-11T09:30:00+05:30,2188.0,2193.35,2177.2,2178.25,49396
2025-04-11T09:45:00+05:30,2177.25,2180.45,2165.55,2167.35,37286
2025-04-11T10:00:00+05:30,2167.9,2177.65,2167.85,2170.35,24668
2025-04-11T10:15:00+05:30,2170.35,2173.65,2162.6,2166.8,30160
2025-04-11T10:30:00+05:30,2166.75,2169.95,2160.0,2161.2,18042
2025-04-11T10:45:00+05:30,2161.2,2165.8,2152.5,2164.6,20077
2025-04-11T11:00:00+05:30,2164.8,2169.95,2163.1,2165.0,13338
2025-04-11T11:15:00+05:30,2165.0,2166.5,2160.75,2161.05,13934
2025-04-11T11:30:00+05:30,2161.05,2166.65,2160.0,2165.0,11554
2025-04-11T11:45:00+05:30,2165.5,2186.35,2165.4,2172.95,42922
2025-04-11T12:00:00+05:30,2172.95,2180.35,2170.05,2178.85,15352
2025-04-11T12:15:00+05:30,2179.25,2181.95,2173.5,2174.85,13518
2025-04-11T12:30:00+05:30,2175.75,2177.0,2172.0,2173.0,9227
2025-04-11T12:45:00+05:30,2173.9,2174.0,2170.3,2170.85,7724
2025-04-11T13:00:00+05:30,2170.3,2172.4,2170.0,2170.45,11818
2025-04-11T13:15:00+05:30,2170.75,2171.0,2160.55,2163.5,21217
2025-04-11T13:30:00+05:30,2164.0,2164.2,2157.3,2163.85,13822
2025-04-11T13:45:00+05:30,2163.75,2163.85,2157.5,2162.6,12029
2025-04-11T14:00:00+05:30,2163.3,2163.3,2155.0,2157.1,12115
2025-04-11T14:15:00+05:30,2158.0,2168.55,2156.8,2158.0,13338
2025-04-11T14:30:00+05:30,2158.05,2166.35,2158.0,2165.95,9993
2025-04-11T14:45:00+05:30,2165.95,2174.9,2164.8,2169.0,28263
2025-04-11T15:00:00+05:30,2170.45,2175.5,2162.05,2166.95,42731
2025-04-11T15:15:00+05:30,2166.3,2167.85,2150.0,2153.0,66382
2025-04-15T09:15:00+05:30,2200.0,2207.7,2176.2,2198.0,94009
2025-04-15T09:30:00+05:30,2198.4,2200.0,2193.1,2195.5,25303
2025-04-15T09:45:00+05:30,2195.5,2198.9,2190.7,2193.0,26722
2025-04-15T10:00:00+05:30,2192.8,2215.0,2192.0,2207.4,47449
2025-04-15T10:15:00+05:30,2206.9,2215.0,2202.0,2205.1,28178
2025-04-15T10:30:00+05:30,2205.0,2207.6,2200.1,2204.5,13807
2025-04-15T10:45:00+05:30,2204.5,2205.8,2198.0,2203.5,12917
2025-04-15T11:00:00+05:30,2202.7,2206.0,2201.0,2201.1,8145
2025-04-15T11:15:00+05:30,2202.3,2206.0,2200.1,2201.0,14995
2025-04-15T11:30:00+05:30,2201.0,2204.0,2197.3,2198.1,16758
2025-04-15T11:45:00+05:30,2198.4,2199.8,2195.0,2197.1,10442
2025-04-15T12:00:00+05:30,2196.5,2199.7,2194.1,2198.5,9437
2025-04-15T12:15:00+05:30,2198.2,2200.0,2194.4,2194.4,7631
2025-04-15T12:30:00+05:30,2194.2,2201.3,2194.0,2199.8,7225
2025-04-15T12:45:00+05:30,2199.5,2206.5,2196.7,2201.8,12348
2025-04-15T13:00:00+05:30,2201.8,2202.0,2199.3,2200.3,5819
2025-04-15T13:15:00+05:30,2200.2,2202.8,2196.0,2197.4,8318
2025-04-15T13:30:00+05:30,2197.5,2197.5,2187.6,2192.0,16020
2025-04-15T13:45:00+05:30,2191.8,2196.7,2190.5,2194.0,9153
2025-04-15T14:00:00+05:30,2194.0,2195.8,2191.7,2193.0,6171
2025-04-15T14:15:00+05:30,2192.7,2195.1,2190.1,2193.5,6637
2025-04-15T14:30:00+05:30,2193.5,2214.0,2186.2,2210.0,40046
2025-04-15T14:45:00+05:30,2210.0,2219.0,2205.9,2210.2,59632
2025-04-15T15:00:00+05:30,2210.1,2223.9,2209.8,2217.4,69282
2025-04-15T15:15:00+05:30,2217.5,2220.0,2212.6,2214.4,51846
2025-04-16T09:15:00+05:30,2215.0,2261.2,2200.6,2251.0,131642
2025-04-16T09:30:00+05:30,2251.9,2254.0,2241.0,2249.0,41193
2025-04-16T09:45:00+05:30,2250.0,2251.6,2240.5,2242.0,22425
2025-04-16T10:00:00+05:30,2242.3,2244.0,2236.7,2238.6,16415
2025-04-16T10:15:00+05:30,2238.5,2239.6,2220.0,2231.1,32608
2025-04-16T10:30:00+05:30,2230.9,2234.9,2221.0,2223.1,20064
2025-04-16T10:45:00+05:30,2222.3,2224.8,2219.0,2220.0,14339
2025-04-16T11:00:00+05:30,2219.2,2227.0,2219.0,2224.9,13802
2025-04-16T11:15:00+05:30,2224.9,2229.0,2221.6,2222.2,13728
2025-04-16T11:30:00+05:30,2223.3,2224.6,2220.1,2224.0,9713
2025-04-16T11:45:00+05:30,2223.1,2227.9,2221.5,2223.2,7371
2025-04-16T12:00:00+05:30,2222.5,2225.9,2222.0,2225.0,7875
2025-04-16T12:15:00+05:30,2223.8,2231.8,2223.8,2227.0,14153
2025-04-16T12:30:00+05:30,2227.9,2228.0,2224.1,2226.0,6368
2025-04-16T12:45:00+05:30,2225.1,2226.8,2222.0,2224.9,7998
2025-04-16T13:00:00+05:30,2224.9,2225.9,2221.6,2223.5,7663
2025-04-16T13:15:00+05:30,2223.5,2224.3,2216.1,2217.7,13783
2025-04-16T13:30:00+05:30,2217.7,2217.7,2211.0,2215.1,16688
2025-04-16T13:45:00+05:30,2215.6,2221.6,2215.0,2219.9,17416
2025-04-16T14:00:00+05:30,2219.9,2223.1,2213.0,2214.1,24412
2025-04-16T14:15:00+05:30,2214.1,2215.3,2212.0,2214.1,12092
2025-04-16T14:30:00+05:30,2215.0,2215.9,2205.3,2208.0,26577
2025-04-16T14:45:00+05:30,2208.0,2233.2,2207.6,2220.7,43550
2025-04-16T15:00:00+05:30,2221.0,2228.2,2217.1,2219.6,34987
2025-04-16T15:15:00+05:30,2218.6,2253.0,2216.0,2250.0,116160
2025-04-17T09:15:00+05:30,2275.1,2377.1,2275.0,2335.1,982583
2025-04-17T09:30:00+05:30,2335.8,2347.5,2321.1,2330.6,308981
2025-04-17T09:45:00+05:30,2330.5,2334.9,2313.5,2332.9,175724
2025-04-17T10:00:00+05:30,2332.9,2333.3,2305.9,2314.0,147373
2025-04-17T10:15:00+05:30,2312.6,2325.0,2310.8,2318.5,73183
2025-04-17T10:30:00+05:30,2318.5,2328.8,2316.0,2320.0,71954
2025-04-17T10:45:00+05:30,2320.0,2323.0,2317.7,2319.0,29514
2025-04-17T11:00:00+05:30,2318.9,2321.8,2313.2,2319.4,32052
2025-04-17T11:15:00+05:30,2319.0,2324.8,2317.6,2323.0,25326
2025-04-17T11:30:00+05:30,2323.0,2323.0,2316.1,2320.5,23586
2025-04-17T11:45:00+05:30,2320.7,2326.7,2315.0,2317.9,41358
2025-04-17T12:00:00+05:30,2317.0,2317.8,2312.0,2315.0,28843
2025-04-17T12:15:00+05:30,2315.0,2319.5,2313.0,2317.9,28940
2025-04-17T12:30:00+05:30,2317.9,2319.1,2306.0,2312.5,41462
2025-04-17T12:45:00+05:30,2312.5,2318.0,2312.0,2316.1,22448
2025-04-17T13:00:00+05:30,2316.1,2319.0,2313.0,2315.0,20905
2025-04-17T13:15:00+05:30,2315.0,2319.5,2313.0,2315.2,23986
2025-04-17T13:30:00+05:30,2316.0,2329.6,2314.6,2325.8,90800
2025-04-17T13:45:00+05:30,2325.5,2325.8,2315.8,2317.9,39545
2025-04-17T14:00:00+05:30,2318.0,2322.9,2315.0,2321.1,27287
2025-04-17T14:15:00+05:30,2321.8,2328.7,2318.2,2326.1,62238
2025-04-17T14:30:00+05:30,2326.9,2326.9,2317.7,2319.3,36842
2025-04-17T14:45:00+05:30,2319.4,2326.7,2318.0,2321.3,37814
2025-04-17T15:00:00+05:30,2321.2,2332.0,2315.9,2324.1,118337
2025-04-17T15:15:00+05:30,2324.0,2332.5,2313.0,2317.0,159777
2025-04-21T09:15:00+05:30,2350.0,2374.0,2345.1,2367.7,244733
2025-04-21T09:30:00+05:30,2367.6,2374.2,2360.0,2367.0,105117
2025-04-21T09:45:00+05:30,2366.7,2368.9,2356.1,2367.9,64839
2025-04-21T10:00:00+05:30,2367.9,2384.9,2358.0,2360.7,103356
2025-04-21T10:15:00+05:30,2361.0,2361.4,2355.0,2358.2,32709
2025-04-21T10:30:00+05:30,2358.2,2359.9,2353.2,2355.0,21591
2025-04-21T10:45:00+05:30,2354.0,2360.0,2354.0,2357.0,20325
2025-04-21T11:00:00+05:30,2357.0,2357.0,2347.7,2354.3,38654
2025-04-21T11:15:00+05:30,2354.9,2357.6,2353.0,2355.9,14810
2025-04-21T11:30:00+05:30,2355.9,2356.9,2350.2,2351.5,19363
2025-04-21T11:45:00+05:30,2351.5,2355.9,2351.0,2354.9,15144
2025-04-21T12:00:00+05:30,2354.0,2358.9,2352.5,2356.2,16334
2025-04-21T12:15:00+05:30,2355.7,2363.0,2355.1,2359.8,22741
2025-04-21T12:30:00+05:30,2358.5,2359.9,2355.6,2357.5,12052
2025-04-21T12:45:00+05:30,2357.6,2363.5,2356.6,2362.4,14225
2025-04-21T13:00:00+05:30,2362.2,2365.4,2356.0,2360.4,24454
2025-04-21T13:15:00+05:30,2360.0,2363.0,2355.5,2357.0,14491
2025-04-21T13:30:00+05:30,2357.0,2361.0,2357.0,2357.1,13956
2025-04-21T13:45:00+05:30,2357.1,2361.1,2357.0,2357.9,13807
2025-04-21T14:00:00+05:30,2357.2,2367.0,2357.0,2366.4,20787
2025-04-21T14:15:00+05:30,2366.2,2393.5,2365.0,2387.4,126836
2025-04-21T14:30:00+05:30,2387.1,2408.0,2385.9,2399.4,182886
2025-04-21T14:45:00+05:30,2399.3,2445.0,2395.3,2431.2,310848
2025-04-21T15:00:00+05:30,2431.2,2466.0,2426.6,2442.5,419994
2025-04-21T15:15:00+05:30,2443.0,2446.0,2434.1,2443.0,255141
2025-04-22T09:15:00+05:30,2520.1,2566.1,2513.3,2527.1,742743
2025-04-22T09:30:00+05:30,2527.9,2577.0,2508.0,2565.1,541535
2025-04-22T09:45:00+05:30,2565.3,2585.0,2561.0,2583.2,378120
2025-04-22T10:00:00+05:30,2581.9,2594.0,2570.3,2576.0,299912
2025-04-22T10:15:00+05:30,2576.0,2576.3,2554.0,2568.0,210990
2025-04-22T10:30:00+05:30,2568.0,2612.0,2566.8,2609.8,467155
2025-04-22T10:45:00+05:30,2610.0,2617.7,2600.8,2616.4,254949
2025-04-22T11:00:00+05:30,2616.7,2629.0,2611.1,2621.0,364897
2025-04-22T11:15:00+05:30,2621.0,2622.0,2587.0,2594.3,351624
2025-04-22T11:30:00+05:30,2594.4,2596.0,2570.0,2582.2,236451
2025-04-22T11:45:00+05:30,2582.2,2586.3,2571.5,2583.1,89896
2025-04-22T12:00:00+05:30,2584.3,2597.0,2583.1,2593.0,108676
2025-04-22T12:15:00+05:30,2593.0,2620.0,2591.5,2607.6,245491
2025-04-22T12:30:00+05:30,2606.3,2610.0,2597.0,2602.0,134559
2025-04-22T12:45:00+05:30,2601.9,2604.0,2588.8,2597.9,116265
2025-04-22T13:00:00+05:30,2597.5,2608.0,2592.0,2600.8,104837
2025-04-22T13:15:00+05:30,2601.8,2607.0,2598.0,2600.1,48351
2025-04-22T13:30:00+05:30,2601.0,2614.8,2596.0,2613.9,103359
2025-04-22T13:45:00+05:30,2613.0,2614.0,2597.6,2603.8,87125
2025-04-22T14:00:00+05:30,2602.8,2605.0,2600.0,2603.8,41826
2025-04-22T14:15:00+05:30,2603.9,2610.0,2598.2,2606.2,72095
2025-04-22T14:30:00+05:30,2606.2,2607.7,2586.0,2594.0,149439
2025-04-22T14:45:00+05:30,2593.9,2603.0,2587.0,2590.9,104669
2025-04-22T15:00:00+05:30,2589.6,2603.0,2588.1,2600.0,178576
2025-04-22T15:15:00+05:30,2599.2,2649.0,2598.2,2645.0,547517
2025-04-23T09:15:00+05:30,2819.5,2845.0,2740.8,2799.4,2347897
2025-04-23T09:30:00+05:30,2800.0,2855.0,2798.0,2828.9,1936344
2025-04-23T09:45:00+05:30,2828.9,2845.0,2811.0,2839.0,680100
2025-04-23T10:00:00+05:30,2838.1,2850.0,2811.1,2813.6,701395
2025-04-23T10:15:00+05:30,2813.8,2837.0,2810.0,2833.8,418736
2025-04-23T10:30:00+05:30,2833.9,2842.0,2817.1,2818.0,314656
2025-04-23T10:45:00+05:30,2818.1,2828.5,2810.0,2824.3,327664
2025-04-23T11:00:00+05:30,2825.0,2835.0,2815.6,2824.0,204422
2025-04-23T11:15:00+05:30,2823.0,2845.8,2822.0,2844.0,365956
2025-04-23T11:30:00+05:30,2844.0,2937.7,2840.0,2918.4,1759176
2025-04-23T11:45:00+05:30,2918.3,2980.0,2900.0,2946.0,1368916
2025-04-23T12:00:00+05:30,2947.7,2972.0,2934.7,2956.4,776829
2025-04-23T12:15:00+05:30,2955.2,2964.0,2938.3,2959.7,491744
2025-04-23T12:30:00+05:30,2959.8,2998.6,2957.5,2987.6,1004371
2025-04-23T12:45:00+05:30,2987.1,2997.4,2961.1,2990.5,712062
2025-04-23T13:00:00+05:30,2992.0,3093.8,2983.0,3067.1,2157368
2025-04-23T13:15:00+05:30,3067.1,3109.8,3062.0,3097.8,737701
2025-04-23T13:30:00+05:30,3097.7,3116.3,3036.1,3048.9,867762
2025-04-23T13:45:00+05:30,3048.0,3066.6,3012.0,3014.2,600552
2025-04-23T14:00:00+05:30,3012.5,3047.0,3005.1,3015.1,533717
2025-04-23T14:15:00+05:30,3015.0,3025.6,2971.1,2991.3,786067
2025-04-23T14:30:00+05:30,2991.1,3028.7,2975.0,2991.0,588861
2025-04-23T14:45:00+05:30,2990.5,3013.0,2981.0,2997.3,338640
2025-04-23T15:00:00+05:30,2997.3,3039.0,2982.1,3025.9,583101
2025-04-23T15:15:00+05:30,3028.4,3028.8,2995.0,3002.0,657030
2025-04-24T09:15:00+05:30,2920.0,2956.0,2874.5,2901.5,1451522
2025-04-24T09:30:00+05:30,2901.0,2918.8,2872.2,2880.0,700756
2025-04-24T09:45:00+05:30,2881.3,2895.0,2864.2,2884.1,436051
2025-04-24T10:00:00+05:30,2883.8,2898.4,2876.5,2881.7,216030
2025-04-24T10:15:00+05:30,2881.0,2884.6,2841.0,2846.9,472067
2025-04-24T10:30:00+05:30,2846.0,2864.9,2831.1,2859.0,384487
2025-04-24T10:45:00+05:30,2859.0,2862.0,2841.0,2858.0,179560
2025-04-24T11:00:00+05:30,2859.0,2866.0,2853.2,2855.0,157009
2025-04-24T11:15:00+05:30,2855.0,2860.0,2851.0,2855.1,72478
2025-04-24T11:30:00+05:30,2854.1,2883.0,2853.1,2874.0,200924
2025-04-24T11:45:00+05:30,2874.0,2890.0,2867.2,2882.8,158512
2025-04-24T12:00:00+05:30,2882.8,2885.0,2863.0,2863.8,97552
2025-04-24T12:15:00+05:30,2863.0,2878.0,2855.5,2875.8,114896
2025-04-24T12:30:00+05:30,2875.5,2882.2,2867.0,2871.6,82039
2025-04-24T12:45:00+05:30,2872.0,2874.3,2862.0,2866.0,57151
2025-04-24T13:00:00+05:30,2865.6,2869.5,2856.5,2861.4,54634
2025-04-24T13:15:00+05:30,2861.4,2865.0,2851.2,2854.0,76847
2025-04-24T13:30:00+05:30,2854.4,2868.2,2854.0,2856.0,82227
2025-04-24T13:45:00+05:30,2856.0,2859.8,2852.9,2857.6,51427
2025-04-24T14:00:00+05:30,2858.7,2873.9,2856.2,2871.0,95200
2025-04-24T14:15:00+05:30,2870.1,2873.0,2861.3,2867.1,86727
2025-04-24T14:30:00+05:30,2867.1,2870.9,2860.2,2863.3,87634
2025-04-24T14:45:00+05:30,2863.3,2866.0,2851.0,2851.5,134758
2025-04-24T15:00:00+05:30,2852.8,2862.9,2833.0,2836.3,302417
2025-04-24T15:15:00+05:30,2837.8,2843.0,2821.5,2832.0,448702
2025-04-25T09:15:00+05:30,2623.0,2769.9,2590.2,2753.6,1964533
2025-04-25T09:30:00+05:30,2753.5,2774.4,2690.1,2736.6,928828
2025-04-25T09:45:00+05:30,2736.6,2745.0,2708.3,2717.9,513401
2025-04-25T10:00:00+05:30,2719.3,2738.8,2685.0,2736.8,604344
2025-04-25T10:15:00+05:30,2738.0,2749.5,2710.0,2713.3,491922
2025-04-25T10:30:00+05:30,2711.6,2758.8,2710.1,2758.4,463525
2025-04-25T10:45:00+05:30,2757.5,2775.0,2741.8,2757.5,505526
2025-04-25T11:00:00+05:30,2757.3,2764.0,2734.1,2761.7,395459
2025-04-25T11:15:00+05:30,2763.2,2764.0,2710.6,2713.1,376390
2025-04-25T11:30:00+05:30,2713.2,2713.4,2680.0,2681.5,437741
2025-04-25T11:45:00+05:30,2681.5,2681.9,2651.1,2669.8,389407
2025-04-25T12:00:00+05:30,2669.8,2689.9,2662.5,2683.8,191201
2025-04-25T12:15:00+05:30,2683.8,2685.9,2669.5,2678.0,104721
2025-04-25T12:30:00+05:30,2678.0,2700.0,2677.0,2696.0,137170
2025-04-25T12:45:00+05:30,2696.0,2714.4,2692.0,2709.0,184574
2025-04-25T13:00:00+05:30,2709.0,2714.2,2693.8,2699.4,114670
2025-04-25T13:15:00+05:30,2701.1,2711.1,2686.0,2691.3,129694
2025-04-25T13:30:00+05:30,2691.4,2708.7,2691.3,2707.1,67892
2025-04-25T13:45:00+05:30,2707.1,2718.8,2705.5,2718.6,110808
2025-04-25T14:00:00+05:30,2718.8,2733.3,2692.0,2702.4,204195
2025-04-25T14:15:00+05:30,2702.4,2714.9,2700.1,2705.4,80557
2025-04-25T14:30:00+05:30,2705.6,2706.5,2685.0,2693.2,129830
2025-04-25T14:45:00+05:30,2693.0,2703.0,2683.8,2692.8,111974
2025-04-25T15:00:00+05:30,2692.9,2694.0,2671.0,2682.9,201743
2025-04-25T15:15:00+05:30,2682.9,2689.8,2665.0,2668.1,316345
2025-04-28T09:15:00+05:30,2650.0,2713.0,2626.0,2647.2,632824
2025-04-28T09:30:00+05:30,2647.2,2702.4,2645.5,2690.8,359233
2025-04-28T09:45:00+05:30,2690.0,2746.9,2681.0,2720.3,492722
2025-04-28T10:00:00+05:30,2720.9,2720.9,2700.0,2709.3,125015
2025-04-28T10:15:00+05:30,2709.3,2711.0,2675.5,2686.7,148717
2025-04-28T10:30:00+05:30,2687.9,2724.0,2686.2,2720.1,157674
2025-04-28T10:45:00+05:30,2720.1,2729.9,2705.0,2708.0,140050
2025-04-28T11:00:00+05:30,2708.0,2715.0,2701.0,2702.0,56870
2025-04-28T11:15:00+05:30,2701.9,2715.0,2698.3,2712.3,54188
2025-04-28T11:30:00+05:30,2712.3,2722.6,2710.0,2715.3,66742
2025-04-28T11:45:00+05:30,2715.3,2716.8,2708.1,2714.0,36122
2025-04-28T12:00:00+05:30,2714.2,2720.0,2710.1,2711.1,30345
2025-04-28T12:15:00+05:30,2711.1,2714.0,2705.1,2705.2,25165
2025-04-28T12:30:00+05:30,2705.7,2715.0,2700.4,2714.1,28428
2025-04-28T12:45:00+05:30,2714.1,2717.9,2710.0,2711.4,19028
2025-04-28T13:00:00+05:30,2710.7,2715.9,2705.5,2711.1,26129
2025-04-28T13:15:00+05:30,2711.1,2722.0,2711.0,2717.0,35980
2025-04-28T13:30:00+05:30,2718.0,2724.0,2716.0,2719.6,30740
2025-04-28T13:45:00+05:30,2720.9,2721.0,2715.0,2717.0,21148
2025-04-28T14:00:00+05:30,2717.1,2722.0,2706.0,2711.1,29740
2025-04-28T14:15:00+05:30,2711.1,2711.7,2688.0,2693.1,69038
2025-04-28T14:30:00+05:30,2694.9,2697.0,2688.5,2694.1,43717
2025-04-28T14:45:00+05:30,2694.8,2708.0,2690.1,2704.0,66844
2025-04-28T15:00:00+05:30,2704.9,2715.0,2698.0,2700.7,89774
2025-04-28T15:15:00+05:30,2700.9,2703.9,2685.0,2699.6,130361
2025-04-29T09:15:00+05:30,2720.1,2753.8,2715.8,2740.0,263815
2025-04-29T09:30:00+05:30,2740.0,2762.3,2730.0,2745.0,137768
2025-04-29T09:45:00+05:30,2745.0,2758.7,2735.0,2744.8,70365
2025-04-29T10:00:00+05:30,2745.0,2745.3,2739.0,2740.0,24441
2025-04-29T10:15:00+05:30,2740.0,2759.9,2739.5,2744.6,88866
2025-04-29T10:30:00+05:30,2744.1,2750.0,2740.1,2742.0,82976
2025-04-29T10:45:00+05:30,2742.0,2749.0,2741.6,2745.3,18783
2025-04-29T11:00:00+05:30,2745.3,2749.0,2741.1,2745.1,19650
2025-04-29T11:15:00+05:30,2746.0,2747.0,2725.7,2726.7,53638
2025-04-29T11:30:00+05:30,2726.5,2730.0,2721.0,2721.5,31352
2025-04-29T11:45:00+05:30,2722.5,2722.9,2710.0,2715.1,42497
2025-04-29T12:00:00+05:30,2715.1,2719.0,2706.4,2707.3,30059
2025-04-29T12:15:00+05:30,2707.9,2718.0,2701.0,2714.4,40300
2025-04-29T12:30:00+05:30,2714.3,2715.0,2710.0,2710.1,16482
2025-04-29T12:45:00+05:30,2710.0,2715.0,2706.0,2706.1,32415
2025-04-29T13:00:00+05:30,2707.0,2710.9,2690.0,2693.0,41549
2025-04-29T13:15:00+05:30,2693.0,2704.0,2693.0,2698.3,25392
2025-04-29T13:30:00+05:30,2697.0,2698.3,2685.0,2688.2,20033
2025-04-29T13:45:00+05:30,2689.0,2689.0,2676.1,2683.5,57674
2025-04-29T14:00:00+05:30,2683.5,2685.0,2672.0,2677.0,36519
2025-04-29T14:15:00+05:30,2677.3,2678.9,2650.0,2672.0,118289
2025-04-29T14:30:00+05:30,2672.0,2675.0,2666.0,2675.0,29590
2025-04-29T14:45:00+05:30,2673.7,2682.0,2666.4,2671.4,43393
2025-04-29T15:00:00+05:30,2671.0,2674.0,2662.1,2667.3,49749
2025-04-29T15:15:00+05:30,2668.1,2679.5,2661.2,2670.9,99894
2025-04-30T09:15:00+05:30,2675.7,2698.2,2641.1,2652.0,219685
2025-04-30T09:30:00+05:30,2652.0,2690.0,2652.0,2676.3,91337
2025-04-30T09:45:00+05:30,2676.3,2683.0,2670.1,2674.9,34842
2025-04-30T10:00:00+05:30,2674.9,2674.9,2653.6,2658.0,42471
2025-04-30T10:15:00+05:30,2658.1,2674.7,2658.1,2668.7,33584
2025-04-30T10:30:00+05:30,2669.1,2670.0,2650.0,2650.0,40049
2025-04-30T10:45:00+05:30,2650.0,2663.9,2650.0,2658.4,24919
2025-04-30T11:00:00+05:30,2657.2,2667.4,2652.0,2659.4,23477
2025-04-30T11:15:00+05:30,2658.7,2668.0,2658.0,2665.0,17513
2025-04-30T11:30:00+05:30,2666.0,2667.0,2656.4,2664.5,20271
2025-04-30T11:45:00+05:30,2664.5,2669.0,2659.0,2664.0,19495
2025-04-30T12:00:00+05:30,2663.0,2671.0,2662.0,2667.0,22534
2025-04-30T12:15:00+05:30,2667.0,2667.0,2631.0,2640.0,58253
2025-04-30T12:30:00+05:30,2640.0,2641.8,2625.5,2629.3,31896
2025-04-30T12:45:00+05:30,2629.0,2632.6,2619.9,2623.7,25907
2025-04-30T13:00:00+05:30,2623.7,2625.0,2610.1,2621.2,43288
2025-04-30T13:15:00+05:30,2621.2,2625.0,2618.3,2620.1,19528
2025-04-30T13:30:00+05:30,2620.3,2625.0,2615.0,2621.3,18193
2025-04-30T13:45:00+05:30,2621.3,2623.0,2616.1,2619.0,19321
2025-04-30T14:00:00+05:30,2619.0,2620.0,2602.9,2605.1,33954
2025-04-30T14:15:00+05:30,2606.0,2608.9,2582.0,2585.1,53864
2025-04-30T14:30:00+05:30,2586.3,2602.5,2582.2,2600.9,41849
2025-04-30T14:45:00+05:30,2601.3,2607.5,2589.0,2590.3,49164
2025-04-30T15:00:00+05:30,2592.0,2600.0,2591.0,2599.3,37048
2025-04-30T15:15:00+05:30,2599.2,2617.1,2591.0,2600.0,276030
2025-05-02T09:15:00+05:30,2609.8,2640.0,2580.0,2582.3,151715
2025-05-02T09:30:00+05:30,2581.7,2604.0,2577.0,2593.3,57604
2025-05-02T09:45:00+05:30,2593.5,2614.2,2587.0,2607.9,50252
2025-05-02T10:00:00+05:30,2608.0,2615.0,2599.9,2615.0,40901
2025-05-02T10:15:00+05:30,2613.4,2628.0,2611.0,2611.9,37543
2025-05-02T10:30:00+05:30,2611.9,2626.5,2611.0,2624.2,28936
2025-05-02T10:45:00+05:30,2624.2,2625.0,2597.0,2605.0,36073
2025-05-02T11:00:00+05:30,2605.0,2608.0,2599.7,2600.1,12248
2025-05-02T11:15:00+05:30,2600.4,2604.7,2587.0,2596.5,22458
2025-05-02T11:30:00+05:30,2598.9,2598.9,2587.1,2595.6,15380
2025-05-02T11:45:00+05:30,2595.8,2605.0,2592.0,2601.9,14589
2025-05-02T12:00:00+05:30,2601.9,2609.0,2587.5,2589.0,21565
2025-05-02T12:15:00+05:30,2589.0,2592.4,2580.0,2580.0,19276
2025-05-02T12:30:00+05:30,2580.9,2587.2,2575.2,2585.0,25263
2025-05-02T12:45:00+05:30,2586.5,2594.7,2585.0,2590.0,18035
2025-05-02T13:00:00+05:30,2589.5,2593.0,2586.0,2589.0,6619
2025-05-02T13:15:00+05:30,2589.1,2599.8,2588.3,2596.2,13133
2025-05-02T13:30:00+05:30,2596.2,2599.0,2585.7,2591.9,10783
2025-05-02T13:45:00+05:30,2592.0,2597.7,2592.0,2593.0,8932
2025-05-02T14:00:00+05:30,2592.3,2596.4,2586.1,2588.2,16316
2025-05-02T14:15:00+05:30,2588.2,2594.7,2585.1,2587.0,10991
2025-05-02T14:30:00+05:30,2587.0,2593.8,2583.0,2587.1,21741
2025-05-02T14:45:00+05:30,2587.1,2593.4,2583.0,2584.9,23246
2025-05-02T15:00:00+05:30,2585.0,2586.6,2573.0,2575.0,42419
2025-05-02T15:15:00+05:30,2574.9,2576.4,2550.0,2561.0,96318
2025-05-05T09:15:00+05:30,2590.0,2599.7,2569.3,2573.0,93892
2025-05-05T09:30:00+05:30,2573.0,2657.6,2570.1,2654.4,174210
2025-05-05T09:45:00+05:30,2653.0,2718.0,2649.0,2695.0,326795
2025-05-05T10:00:00+05:30,2695.0,2715.0,2688.0,2693.4,150103
2025-05-05T10:15:00+05:30,2693.4,2703.6,2686.0,2701.1,81375
2025-05-05T10:30:00+05:30,2700.3,2731.2,2698.6,2726.0,206134
2025-05-05T10:45:00+05:30,2726.0,2727.8,2710.0,2717.3,87853
2025-05-05T11:00:00+05:30,2717.3,2724.0,2700.4,2716.1,90279
2025-05-05T11:15:00+05:30,2716.3,2720.0,2708.8,2710.9,36264
2025-05-05T11:30:00+05:30,2712.1,2712.1,2695.0,2704.0,51858
2025-05-05T11:45:00+05:30,2704.8,2714.2,2691.2,2700.8,51089
2025-05-05T12:00:00+05:30,2702.5,2708.0,2693.0,2697.0,34179
2025-05-05T12:15:00+05:30,2698.0,2700.0,2690.0,2698.4,27718
2025-05-05T12:30:00+05:30,2698.4,2700.0,2686.1,2686.1,32722
2025-05-05T12:45:00+05:30,2687.0,2698.5,2682.1,2695.9,37594
2025-05-05T13:00:00+05:30,2695.9,2698.3,2690.1,2691.2,20038
2025-05-05T13:15:00+05:30,2692.5,2692.7,2681.3,2684.0,24002
2025-05-05T13:30:00+05:30,2685.3,2693.2,2682.2,2691.0,12289
2025-05-05T13:45:00+05:30,2691.0,2695.0,2690.0,2692.4,12737
2025-05-05T14:00:00+05:30,2692.4,2695.0,2684.8,2686.3,23843
2025-05-05T14:15:00+05:30,2688.5,2692.9,2686.6,2688.2,19058
2025-05-05T14:30:00+05:30,2688.0,2694.0,2687.5,2692.8,69107
2025-05-05T14:45:00+05:30,2693.6,2705.0,2691.9,2695.0,72503
2025-05-05T15:00:00+05:30,2695.8,2709.0,2691.6,2707.3,97199
2025-05-05T15:15:00+05:30,2707.2,2715.0,2695.0,2698.5,122526
2025-05-06T09:15:00+05:30,2720.1,2733.9,2671.0,2675.7,217783
2025-05-06T09:30:00+05:30,2676.9,2696.9,2671.0,2685.1,73169
2025-05-06T09:45:00+05:30,2685.1,2690.0,2653.0,2660.6,74689
2025-05-06T10:00:00+05:30,2661.9,2671.1,2644.0,2651.0,94006
2025-05-06T10:15:00+05:30,2651.7,2656.0,2645.0,2653.1,35020
2025-05-06T10:30:00+05:30,2653.0,2658.6,2647.1,2653.2,32924
2025-05-06T10:45:00+05:30,2654.4,2656.6,2647.0,2653.8,19407
2025-05-06T11:00:00+05:30,2653.7,2658.1,2650.2,2652.3,19323
2025-05-06T11:15:00+05:30,2652.3,2655.0,2644.0,2650.8,24147
2025-05-06T11:30:00+05:30,2650.8,2652.0,2646.0,2651.8,15007
2025-05-06T11:45:00+05:30,2650.3,2655.9,2644.8,2651.8,16444
2025-05-06T12:00:00+05:30,2651.8,2653.9,2647.6,2650.0,13818
2025-05-06T12:15:00+05:30,2650.0,2658.1,2649.1,2654.8,14700
2025-05-06T12:30:00+05:30,2653.3,2654.7,2648.6,2651.2,16804
2025-05-06T12:45:00+05:30,2651.2,2654.1,2648.8,2648.9,11844
2025-05-06T13:00:00+05:30,2649.1,2654.0,2644.0,2653.0,56886
2025-05-06T13:15:00+05:30,2653.0,2653.6,2648.0,2652.0,15317
2025-05-06T13:30:00+05:30,2652.3,2652.8,2650.0,2652.1,21714
2025-05-06T13:45:00+05:30,2652.0,2655.1,2650.0,2651.2,27789
2025-05-06T14:00:00+05:30,2652.5,2654.0,2645.1,2650.0,30597
2025-05-06T14:15:00+05:30,2650.0,2650.5,2615.0,2615.8,97163
2025-05-06T14:30:00+05:30,2616.0,2620.0,2581.0,2591.2,143503
2025-05-06T14:45:00+05:30,2592.4,2611.9,2567.5,2571.5,140561
2025-05-06T15:00:00+05:30,2570.7,2595.0,2568.3,2588.4,89856
2025-05-06T15:15:00+05:30,2587.0,2589.9,2571.8,2578.5,129374
2025-05-07T09:15:00+05:30,2556.2,2614.2,2530.3,2601.4,300309
2025-05-07T09:30:00+05:30,2601.0,2615.3,2565.2,2567.9,142904
2025-05-07T09:45:00+05:30,2568.0,2579.9,2550.2,2575.9,115273
2025-05-07T10:00:00+05:30,2575.0,2587.5,2559.5,2580.5,57434
2025-05-07T10:15:00+05:30,2580.2,2610.0,2577.1,2607.2,76030
2025-05-07T10:30:00+05:30,2607.1,2617.7,2596.0,2599.0,77044
2025-05-07T10:45:00+05:30,2597.3,2614.8,2596.9,2602.9,32693
2025-05-07T11:00:00+05:30,2603.9,2642.0,2603.9,2637.2,113582
2025-05-07T11:15:00+05:30,2636.7,2639.0,2618.0,2623.3,55419
2025-05-07T11:30:00+05:30,2623.8,2625.9,2618.0,2621.8,28935
2025-05-07T11:45:00+05:30,2621.6,2625.0,2618.0,2621.4,29358
2025-05-07T12:00:00+05:30,2621.1,2632.0,2618.4,2625.0,47318
2025-05-07T12:15:00+05:30,2624.7,2631.8,2621.0,2623.8,19902
2025-05-07T12:30:00+05:30,2625.0,2634.0,2623.3,2631.0,18010
2025-05-07T12:45:00+05:30,2631.0,2637.0,2623.1,2623.1,16572
2025-05-07T13:00:00+05:30,2623.1,2627.4,2607.6,2613.0,29897
2025-05-07T13:15:00+05:30,2613.0,2620.8,2607.4,2609.6,18145
2025-05-07T13:30:00+05:30,2609.7,2612.8,2602.3,2605.4,24529
2025-05-07T13:45:00+05:30,2605.7,2612.0,2602.7,2605.9,16687
2025-05-07T14:00:00+05:30,2605.7,2622.0,2605.1,2613.5,25510
2025-05-07T14:15:00+05:30,2613.5,2615.7,2604.0,2611.5,21082
2025-05-07T14:30:00+05:30,2611.5,2619.4,2608.0,2618.8,20999
2025-05-07T14:45:00+05:30,2618.1,2626.1,2615.5,2620.5,42796
2025-05-07T15:00:00+05:30,2620.5,2626.0,2619.6,2621.3,42699
2025-05-07T15:15:00+05:30,2622.7,2639.0,2621.3,2632.0,89075
2025-05-08T09:15:00+05:30,2623.8,2679.0,2622.0,2651.7,142940
2025-05-08T09:30:00+05:30,2651.7,2685.0,2650.0,2661.1,94783
2025-05-08T09:45:00+05:30,2661.3,2670.0,2652.4,2667.9,45493
2025-05-08T10:00:00+05:30,2667.9,2674.0,2666.0,2670.0,24266
2025-05-08T10:15:00+05:30,2670.9,2712.0,2670.8,2701.8,169574
2025-05-08T10:30:00+05:30,2700.8,2707.0,2683.3,2700.9,74314
2025-05-08T10:45:00+05:30,2702.7,2708.1,2695.0,2703.6,43183
2025-05-08T11:00:00+05:30,2703.0,2711.0,2691.1,2692.0,109992
2025-05-08T11:15:00+05:30,2693.0,2725.0,2692.0,2718.0,109070
2025-05-08T11:30:00+05:30,2718.3,2730.1,2702.7,2713.4,120876
2025-05-08T11:45:00+05:30,2713.4,2714.0,2707.0,2709.7,28765
2025-05-08T12:00:00+05:30,2709.2,2713.0,2707.3,2709.0,15031
2025-05-08T12:15:00+05:30,2709.0,2712.2,2706.4,2710.0,23559
2025-05-08T12:30:00+05:30,2710.5,2712.9,2706.8,2709.8,12125
2025-05-08T12:45:00+05:30,2708.3,2709.1,2696.5,2702.0,52163
2025-05-08T13:00:00+05:30,2702.6,2705.0,2685.7,2691.1,51661
2025-05-08T13:15:00+05:30,2691.1,2692.1,2668.0,2674.7,76957
2025-05-08T13:30:00+05:30,2673.7,2675.0,2651.0,2657.0,54124
2025-05-08T13:45:00+05:30,2657.2,2669.9,2646.9,2651.9,65591
2025-05-08T14:00:00+05:30,2652.0,2658.0,2640.0,2646.9,51404
2025-05-08T14:15:00+05:30,2647.0,2662.9,2647.0,2660.1,37785
2025-05-08T14:30:00+05:30,2660.0,2663.0,2651.5,2655.2,17706
2025-05-08T14:45:00+05:30,2655.2,2655.6,2580.1,2601.9,160078
2025-05-08T15:00:00+05:30,2601.9,2626.8,2593.9,2612.0,139951
2025-05-08T15:15:00+05:30,2612.4,2614.0,2601.4,2605.0,88206
2025-05-09T09:15:00+05:30,2541.0,2587.9,2540.3,2558.6,225605
2025-05-09T09:30:00+05:30,2559.0,2586.5,2545.3,2572.9,99199
2025-05-09T09:45:00+05:30,2573.0,2579.6,2555.6,2555.6,44495
2025-05-09T10:00:00+05:30,2557.0,2573.9,2548.0,2572.3,60557
2025-05-09T10:15:00+05:30,2573.0,2579.7,2566.5,2570.8,24149
2025-05-09T10:30:00+05:30,2571.7,2574.0,2562.4,2566.9,17642
2025-05-09T10:45:00+05:30,2565.5,2577.0,2559.0,2560.6,34358
2025-05-09T11:00:00+05:30,2561.6,2570.0,2560.2,2570.0,14340
2025-05-09T11:15:00+05:30,2570.0,2590.7,2567.1,2589.0,31589
2025-05-09T11:30:00+05:30,2589.5,2600.0,2582.0,2588.1,58534
2025-05-09T11:45:00+05:30,2587.2,2594.8,2582.1,2590.5,18300
2025-05-09T12:00:00+05:30,2590.5,2598.0,2587.1,2594.8,17329
2025-05-09T12:15:00+05:30,2594.8,2608.8,2587.1,2603.0,37188
2025-05-09T12:30:00+05:30,2603.0,2605.2,2592.3,2592.3,19813
2025-05-09T12:45:00+05:30,2592.3,2598.0,2587.8,2590.9,16609
2025-05-09T13:00:00+05:30,2591.0,2599.4,2588.2,2595.5,14224
2025-05-09T13:15:00+05:30,2596.0,2598.5,2572.0,2575.9,31165
2025-05-09T13:30:00+05:30,2577.0,2583.8,2574.6,2580.0,21915
2025-05-09T13:45:00+05:30,2580.0,2585.0,2579.5,2580.0,11621
2025-05-09T14:00:00+05:30,2580.0,2583.3,2574.0,2579.4,14027
2025-05-09T14:15:00+05:30,2579.5,2590.0,2578.0,2583.0,18234
2025-05-09T14:30:00+05:30,2583.0,2596.9,2583.0,2593.2,20946
2025-05-09T14:45:00+05:30,2593.3,2601.0,2591.0,2597.0,37697
2025-05-09T15:00:00+05:30,2596.1,2604.0,2575.0,2584.6,100329
2025-05-09T15:15:00+05:30,2584.9,2610.0,2582.0,2601.0,100422
2025-05-12T09:15:00+05:30,2699.0,2708.0,2677.1,2679.8,242409
2025-05-12T09:30:00+05:30,2679.1,2682.0,2666.0,2668.2,111541
2025-05-12T09:45:00+05:30,2668.7,2683.6,2668.0,2676.8,71099
2025-05-12T10:00:00+05:30,2678.6,2700.3,2670.8,2698.2,91811
2025-05-12T10:15:00+05:30,2698.2,2704.0,2683.2,2684.6,78118
2025-05-12T10:30:00+05:30,2684.2,2693.4,2675.0,2683.1,50627
2025-05-12T10:45:00+05:30,2684.8,2688.5,2677.1,2678.2,15255
2025-05-12T11:00:00+05:30,2678.6,2685.0,2672.0,2682.6,25927
2025-05-12T11:15:00+05:30,2683.5,2687.0,2678.1,2685.0,25307
2025-05-12T11:30:00+05:30,2684.2,2688.8,2681.7,2685.3,17750
2025-05-12T11:45:00+05:30,2685.3,2695.0,2684.4,2690.0,23936
2025-05-12T12:00:00+05:30,2689.3,2691.8,2686.6,2690.0,11492
2025-05-12T12:15:00+05:30,2689.2,2692.8,2687.0,2689.8,9417
2025-05-12T12:30:00+05:30,2689.8,2696.0,2676.2,2679.7,62072
2025-05-12T12:45:00+05:30,2679.0,2685.0,2661.0,2665.4,63839
2025-05-12T13:00:00+05:30,2665.2,2670.9,2664.0,2665.0,29703
2025-05-12T13:15:00+05:30,2665.0,2682.0,2664.8,2677.0,25359
2025-05-12T13:30:00+05:30,2677.0,2679.5,2672.8,2677.3,16529
2025-05-12T13:45:00+05:30,2677.3,2678.0,2672.8,2675.4,15696
2025-05-12T14:00:00+05:30,2675.4,2683.0,2674.0,2678.7,58262
2025-05-12T14:15:00+05:30,2678.7,2680.0,2673.0,2677.0,17599
2025-05-12T14:30:00+05:30,2676.9,2680.0,2676.0,2678.0,15474
2025-05-12T14:45:00+05:30,2677.9,2684.9,2675.1,2683.2,64072
2025-05-12T15:00:00+05:30,2683.9,2685.0,2676.1,2678.0,36054
2025-05-12T15:15:00+05:30,2678.0,2684.0,2674.0,2683.8,113643
2025-05-13T09:15:00+05:30,2688.1,2709.0,2672.3,2682.0,152827
2025-05-13T09:30:00+05:30,2681.7,2691.4,2671.1,2685.0,62000
2025-05-13T09:45:00+05:30,2685.0,2696.0,2678.0,2691.6,50133
2025-05-13T10:00:00+05:30,2691.6,2714.0,2686.4,2708.4,141322
2025-05-13T10:15:00+05:30,2709.4,2715.0,2700.0,2706.5,86470
2025-05-13T10:30:00+05:30,2705.7,2717.0,2702.1,2712.4,55977
2025-05-13T10:45:00+05:30,2711.5,2714.8,2695.0,2702.5,66836
2025-05-13T11:00:00+05:30,2702.5,2707.3,2697.8,2701.6,21844
2025-05-13T11:15:00+05:30,2702.0,2705.0,2699.6,2704.3,16241
2025-05-13T11:30:00+05:30,2704.4,2706.3,2695.1,2698.0,57547
2025-05-13T11:45:00+05:30,2698.6,2705.5,2696.1,2702.6,21941
2025-05-13T12:00:00+05:30,2702.6,2705.0,2702.0,2705.0,12864
2025-05-13T12:15:00+05:30,2703.8,2705.0,2696.5,2698.7,13112
2025-05-13T12:30:00+05:30,2698.7,2700.6,2695.0,2696.2,12407
2025-05-13T12:45:00+05:30,2696.2,2698.0,2682.3,2683.1,42542
2025-05-13T13:00:00+05:30,2684.9,2690.7,2673.0,2680.4,50067
2025-05-13T13:15:00+05:30,2682.1,2684.5,2672.0,2672.7,28142
2025-05-13T13:30:00+05:30,2672.7,2679.0,2665.2,2678.0,28916
2025-05-13T13:45:00+05:30,2678.1,2679.4,2673.0,2674.0,15751
2025-05-13T14:00:00+05:30,2674.1,2680.0,2672.9,2679.9,13959
2025-05-13T14:15:00+05:30,2679.9,2680.0,2673.1,2678.3,27128
2025-05-13T14:30:00+05:30,2679.0,2684.3,2676.8,2680.3,31576
2025-05-13T14:45:00+05:30,2679.6,2694.9,2679.6,2692.3,44582
2025-05-13T15:00:00+05:30,2692.9,2694.0,2684.5,2687.0,34832
2025-05-13T15:15:00+05:30,2687.0,2695.0,2682.3,2689.0,105153
2025-05-14T09:15:00+05:30,2711.0,2742.0,2706.9,2733.4,275303
2025-05-14T09:30:00+05:30,2733.2,2778.0,2733.0,2771.5,405103
2025-05-14T09:45:00+05:30,2772.8,2838.0,2763.0,2834.0,511874
2025-05-14T10:00:00+05:30,2832.4,2855.0,2805.1,2843.3,536454
2025-05-14T10:15:00+05:30,2843.3,2863.0,2832.1,2842.7,288373
2025-05-14T10:30:00+05:30,2842.5,2859.9,2825.0,2848.0,209236
2025-05-14T10:45:00+05:30,2847.6,2871.2,2841.5,2852.1,228768
2025-05-14T11:00:00+05:30,2852.2,2862.6,2850.0,2856.3,93719
2025-05-14T11:15:00+05:30,2856.3,2862.0,2850.2,2855.1,71799
2025-05-14T11:30:00+05:30,2855.1,2858.9,2833.0,2836.2,110231
2025-05-14T11:45:00+05:30,2835.0,2850.9,2825.0,2843.3,106087
2025-05-14T12:00:00+05:30,2842.4,2843.7,2825.0,2829.6,63523
2025-05-14T12:15:00+05:30,2829.6,2837.0,2823.3,2828.2,40938
2025-05-14T12:30:00+05:30,2828.3,2837.8,2816.3,2830.4,89003
2025-05-14T12:45:00+05:30,2831.0,2831.0,2803.0,2814.7,108173
2025-05-14T13:00:00+05:30,2814.7,2825.0,2813.0,2818.5,49693
2025-05-14T13:15:00+05:30,2817.5,2820.0,2800.0,2811.5,110248
2025-05-14T13:30:00+05:30,2811.5,2812.9,2803.6,2810.9,31375
2025-05-14T13:45:00+05:30,2810.9,2811.6,2804.4,2806.7,26939
2025-05-14T14:00:00+05:30,2806.7,2812.0,2783.1,2786.4,127047
2025-05-14T14:15:00+05:30,2786.4,2794.8,2782.7,2787.1,61185
2025-05-14T14:30:00+05:30,2787.2,2807.2,2781.8,2794.0,88221
2025-05-14T14:45:00+05:30,2793.5,2815.0,2791.4,2811.5,112462
2025-05-14T15:00:00+05:30,2812.0,2830.0,2800.0,2804.9,163592
2025-05-14T15:15:00+05:30,2804.9,2809.0,2792.3,2799.0,204778
2025-05-15T09:15:00+05:30,2816.3,2824.0,2791.0,2792.5,208311
2025-05-15T09:30:00+05:30,2793.9,2799.0,2771.0,2781.0,107109
2025-05-15T09:45:00+05:30,2780.3,2804.8,2766.6,2795.9,94174
2025-05-15T10:00:00+05:30,2796.0,2817.0,2791.4,2810.0,79771
2025-05-15T10:15:00+05:30,2810.0,2819.0,2801.1,2810.6,42330
2025-05-15T10:30:00+05:30,2810.0,2830.0,2809.3,2825.5,80857
2025-05-15T10:45:00+05:30,2825.3,2826.9,2812.3,2813.6,44220
2025-05-15T11:00:00+05:30,2814.6,2816.1,2792.1,2797.9,51533
2025-05-15T11:15:00+05:30,2798.0,2814.9,2796.9,2814.2,21180
2025-05-15T11:30:00+05:30,2814.3,2822.0,2808.0,2809.0,24493
2025-05-15T11:45:00+05:30,2809.4,2815.3,2808.0,2811.3,15885
2025-05-15T12:00:00+05:30,2813.5,2813.9,2809.0,2809.0,13335
2025-05-15T12:15:00+05:30,2809.1,2813.8,2809.1,2809.3,9595
2025-05-15T12:30:00+05:30,2810.0,2813.0,2806.9,2809.0,10177
2025-05-15T12:45:00+05:30,2809.0,2811.0,2798.0,2800.0,19612
2025-05-15T13:00:00+05:30,2800.0,2804.4,2797.1,2800.9,20929
2025-05-15T13:15:00+05:30,2800.2,2803.0,2796.0,2800.2,33676
2025-05-15T13:30:00+05:30,2800.0,2815.0,2797.4,2811.0,70272
2025-05-15T13:45:00+05:30,2811.0,2815.0,2806.1,2813.0,36761
2025-05-15T14:00:00+05:30,2812.5,2814.9,2808.0,2811.5,18281
2025-05-15T14:15:00+05:30,2810.7,2830.0,2810.7,2823.0,58886
2025-05-15T14:30:00+05:30,2823.0,2850.0,2811.7,2849.7,116135
2025-05-15T14:45:00+05:30,2849.7,2850.0,2828.1,2832.8,77532
2025-05-15T15:00:00+05:30,2834.6,2842.5,2832.0,2838.0,54401
2025-05-15T15:15:00+05:30,2838.1,2900.0,2838.1,2896.0,500837
2025-05-16T09:15:00+05:30,2899.9,2994.0,2896.0,2970.0,633024
2025-05-16T09:30:00+05:30,2970.0,2973.0,2932.0,2939.0,218463
2025-05-16T09:45:00+05:30,2940.0,2940.0,2906.6,2918.3,170465
2025-05-16T10:00:00+05:30,2918.0,2932.3,2897.0,2908.0,115517
2025-05-16T10:15:00+05:30,2908.6,2923.5,2906.0,2917.7,61154
2025-05-16T10:30:00+05:30,2917.8,2922.8,2905.1,2908.0,47531
2025-05-16T10:45:00+05:30,2907.8,2907.8,2896.0,2903.1,71693
2025-05-16T11:00:00+05:30,2903.0,2903.1,2890.1,2897.4,47653
2025-05-16T11:15:00+05:30,2897.0,2910.0,2895.0,2905.2,48517
2025-05-16T11:30:00+05:30,2905.2,2910.0,2903.1,2908.0,28686
2025-05-16T11:45:00+05:30,2908.0,2922.0,2907.5,2913.0,49510
2025-05-16T12:00:00+05:30,2913.2,2916.0,2899.4,2901.9,37154
2025-05-16T12:15:00+05:30,2901.8,2916.0,2901.8,2914.8,32273
2025-05-16T12:30:00+05:30,2914.8,2916.0,2906.0,2913.1,21021
2025-05-16T12:45:00+05:30,2913.9,2923.8,2909.6,2918.2,43545
2025-05-16T13:00:00+05:30,2918.2,2935.4,2915.2,2933.9,64966
2025-05-16T13:15:00+05:30,2933.8,2958.5,2933.8,2956.3,158744
2025-05-16T13:30:00+05:30,2956.3,2957.0,2932.0,2935.0,80288
2025-05-16T13:45:00+05:30,2935.5,2941.0,2924.1,2930.6,48330
2025-05-16T14:00:00+05:30,2930.7,2944.8,2930.0,2937.0,52752
2025-05-16T14:15:00+05:30,2937.0,2941.4,2925.5,2926.3,39377
2025-05-16T14:30:00+05:30,2928.0,2928.0,2909.2,2916.0,66702
2025-05-16T14:45:00+05:30,2915.9,2922.0,2902.0,2917.8,58584
2025-05-16T15:00:00+05:30,2918.8,2935.0,2915.5,2928.0,93780
2025-05-16T15:15:00+05:30,2928.0,2931.0,2908.2,2914.0,160032
2025-05-19T09:15:00+05:30,2941.0,2953.0,2885.0,2895.8,254059
2025-05-19T09:30:00+05:30,2897.7,2897.7,2850.0,2875.6,181958
2025-05-19T09:45:00+05:30,2876.1,2887.6,2865.5,2887.6,65625
2025-05-19T10:00:00+05:30,2886.8,2967.8,2882.3,2960.8,311491
2025-05-19T10:15:00+05:30,2960.9,2985.0,2953.0,2975.8,226259
2025-05-19T10:30:00+05:30,2974.4,2992.5,2960.2,2976.3,209121
2025-05-19T10:45:00+05:30,2976.3,2977.0,2962.2,2972.0,67487
2025-05-19T11:00:00+05:30,2972.1,2979.4,2960.1,2970.0,48086
2025-05-19T11:15:00+05:30,2970.8,2974.5,2955.0,2964.0,45042
2025-05-19T11:30:00+05:30,2964.0,2977.0,2963.5,2975.1,40631
2025-05-19T11:45:00+05:30,2975.3,3000.0,2970.7,2995.0,187769
2025-05-19T12:00:00+05:30,2995.0,2995.0,2978.0,2989.9,70565
2025-05-19T12:15:00+05:30,2989.1,3021.0,2982.7,3015.7,279053
2025-05-19T12:30:00+05:30,3015.8,3018.0,2986.2,2992.2,77291
2025-05-19T12:45:00+05:30,2993.0,3000.0,2980.3,2984.0,45587
2025-05-19T13:00:00+05:30,2983.4,2997.9,2982.0,2992.8,46333
2025-05-19T13:15:00+05:30,2992.4,2993.0,2981.0,2984.3,26855
2025-05-19T13:30:00+05:30,2984.2,2984.3,2972.2,2978.0,32792
2025-05-19T13:45:00+05:30,2978.0,2984.0,2973.0,2983.0,36757
2025-05-19T14:00:00+05:30,2982.5,2983.0,2951.4,2958.0,112468
2025-05-19T14:15:00+05:30,2958.0,2966.9,2955.0,2958.0,35661
2025-05-19T14:30:00+05:30,2958.2,2967.9,2958.2,2960.2,26604
2025-05-19T14:45:00+05:30,2960.8,2961.6,2946.1,2949.4,59703
2025-05-19T15:00:00+05:30,2950.0,2954.9,2939.0,2940.7,108407
2025-05-19T15:15:00+05:30,2940.7,2964.0,2940.1,2962.7,115596
2025-05-20T09:15:00+05:30,2982.0,3036.8,2961.0,2963.3,454782
2025-05-20T09:30:00+05:30,2963.3,2994.0,2956.1,2969.3,152215
2025-05-20T09:45:00+05:30,2968.8,3020.0,2960.0,3008.6,218585
2025-05-20T10:00:00+05:30,3008.6,3019.0,3002.1,3008.0,155100
2025-05-20T10:15:00+05:30,3008.0,3010.0,2962.0,2969.0,151579
2025-05-20T10:30:00+05:30,2968.0,2969.0,2900.0,2933.7,223198
2025-05-20T10:45:00+05:30,2936.0,2942.9,2911.1,2927.0,105545
2025-05-20T11:00:00+05:30,2926.0,2931.8,2913.4,2921.2,57500
2025-05-20T11:15:00+05:30,2919.9,2923.1,2914.5,2919.8,24270
2025-05-20T11:30:00+05:30,2919.4,2927.6,2914.5,2921.7,19603
2025-05-20T11:45:00+05:30,2920.3,2924.0,2911.0,2919.8,42860
2025-05-20T12:00:00+05:30,2919.3,2926.9,2916.1,2926.5,20016
2025-05-20T12:15:00+05:30,2925.9,2928.0,2922.0,2926.9,12875
2025-05-20T12:30:00+05:30,2926.4,2932.0,2922.0,2923.0,25958
2025-05-20T12:45:00+05:30,2923.0,2923.0,2903.1,2906.9,45276
2025-05-20T13:00:00+05:30,2906.0,2918.0,2901.0,2914.0,36660
2025-05-20T13:15:00+05:30,2914.0,2916.6,2907.3,2912.3,21129
2025-05-20T13:30:00+05:30,2912.3,2915.0,2902.0,2905.0,15130
2025-05-20T13:45:00+05:30,2906.0,2914.2,2904.2,2910.0,10403
2025-05-20T14:00:00+05:30,2909.1,2911.5,2889.0,2891.2,65639
2025-05-20T14:15:00+05:30,2889.9,2909.0,2885.0,2897.5,52196
2025-05-20T14:30:00+05:30,2897.4,2915.0,2894.8,2909.0,54181
2025-05-20T14:45:00+05:30,2908.4,2934.0,2905.6,2917.0,88118
2025-05-20T15:00:00+05:30,2917.0,2937.2,2908.0,2918.0,96229
2025-05-20T15:15:00+05:30,2917.3,2919.5,2905.0,2913.7,129742
2025-05-21T09:15:00+05:30,2914.0,2920.5,2866.3,2899.1,170814
2025-05-21T09:30:00+05:30,2901.0,2936.9,2899.1,2927.9,78794
2025-05-21T09:45:00+05:30,2927.5,2939.0,2920.4,2929.0,42305
2025-05-21T10:00:00+05:30,2928.3,2939.8,2923.4,2937.6,34907
2025-05-21T10:15:00+05:30,2937.6,2948.0,2936.0,2941.0,40605
2025-05-21T10:30:00+05:30,2941.0,2966.0,2938.0,2958.0,59258
2025-05-21T10:45:00+05:30,2958.0,2970.0,2956.0,2963.9,59964
2025-05-21T11:00:00+05:30,2963.9,2974.8,2947.2,2965.1,80293
2025-05-21T11:15:00+05:30,2966.1,2968.8,2953.3,2955.4,20686
2025-05-21T11:30:00+05:30,2954.8,2959.0,2949.0,2958.3,22561
2025-05-21T11:45:00+05:30,2958.3,2958.3,2940.0,2946.6,30204
2025-05-21T12:00:00+05:30,2946.7,2947.0,2931.0,2933.0,34531
2025-05-21T12:15:00+05:30,2933.1,2945.7,2925.0,2940.0,34042
2025-05-21T12:30:00+05:30,2939.8,2947.0,2934.8,2940.8,16622
2025-05-21T12:45:00+05:30,2940.1,2944.0,2933.0,2942.5,18845
2025-05-21T13:00:00+05:30,2942.5,2949.9,2940.0,2948.0,15970
2025-05-21T13:15:00+05:30,2947.2,2950.0,2941.0,2943.3,11535
2025-05-21T13:30:00+05:30,2941.5,2956.0,2939.8,2952.0,28952
2025-05-21T13:45:00+05:30,2950.7,2958.4,2946.3,2950.6,42383
2025-05-21T14:00:00+05:30,2950.6,2956.0,2948.0,2952.2,17933
2025-05-21T14:15:00+05:30,2951.9,2966.6,2942.1,2944.8,31472
2025-05-21T14:30:00+05:30,2944.0,2945.0,2935.7,2941.0,20658
2025-05-21T14:45:00+05:30,2941.0,2958.0,2938.0,2956.0,29960
2025-05-21T15:00:00+05:30,2955.0,2984.0,2947.6,2977.8,102181
2025-05-21T15:15:00+05:30,2978.3,2995.0,2977.8,2983.0,188501
2025-05-22T09:15:00+05:30,2975.0,3032.0,2968.9,2998.6,391140
2025-05-22T09:30:00+05:30,2998.9,2999.9,2982.0,2989.0,87869
2025-05-22T09:45:00+05:30,2987.7,2989.0,2960.0,2986.3,89071
2025-05-22T10:00:00+05:30,2986.3,3039.5,2980.0,3038.7,156759
2025-05-22T10:15:00+05:30,3037.0,3080.0,3031.7,3036.0,449039
2025-05-22T10:30:00+05:30,3036.0,3043.9,3022.0,3027.0,95342
2025-05-22T10:45:00+05:30,3027.0,3030.3,3014.7,3022.7,84906
2025-05-22T11:00:00+05:30,3022.7,3023.0,3005.0,3008.3,61614
2025-05-22T11:15:00+05:30,3008.2,3021.5,3007.0,3013.0,40900
2025-05-22T11:30:00+05:30,3013.0,3013.3,2982.1,2991.1,72827
2025-05-22T11:45:00+05:30,2991.2,2998.0,2985.5,2987.5,53142
2025-05-22T12:00:00+05:30,2987.6,2992.9,2974.5,2984.0,49184
2025-05-22T12:15:00+05:30,2984.0,2986.5,2976.1,2980.0,30015
2025-05-22T12:30:00+05:30,2980.0,2989.5,2967.0,2986.3,58524
2025-05-22T12:45:00+05:30,2985.0,2986.7,2975.9,2981.3,21892
2025-05-22T13:00:00+05:30,2980.8,2986.0,2980.1,2986.0,17917
2025-05-22T13:15:00+05:30,2986.0,2988.0,2980.5,2980.5,15533
2025-05-22T13:30:00+05:30,2981.0,2982.0,2972.1,2973.0,24583
2025-05-22T13:45:00+05:30,2973.0,2979.0,2967.0,2972.6,30213
2025-05-22T14:00:00+05:30,2973.5,2988.0,2973.0,2975.0,35361
2025-05-22T14:15:00+05:30,2975.0,2975.9,2960.0,2968.5,59533
2025-05-22T14:30:00+05:30,2969.0,2988.0,2964.2,2977.1,54200
2025-05-22T14:45:00+05:30,2975.7,2994.9,2972.0,2993.8,64909
2025-05-22T15:00:00+05:30,2992.5,3014.0,2986.3,3009.0,117147
2025-05-22T15:15:00+05:30,3010.0,3012.0,2980.2,2995.0,120344
2025-05-23T09:15:00+05:30,2875.0,2914.7,2789.0,2805.0,1060007
2025-05-23T09:30:00+05:30,2803.6,2807.5,2755.0,2776.1,680670
2025-05-23T09:45:00+05:30,2775.0,2776.1,2666.8,2677.9,871908
2025-05-23T10:00:00+05:30,2679.0,2719.9,2664.0,2697.0,883081
2025-05-23T10:15:00+05:30,2698.3,2757.6,2691.0,2757.5,890963
2025-05-23T10:30:00+05:30,2756.0,2802.4,2753.8,2785.0,794165
2025-05-23T10:45:00+05:30,2784.0,2819.0,2775.0,2805.3,615525
2025-05-23T11:00:00+05:30,2805.2,2830.0,2790.1,2828.0,456251
2025-05-23T11:15:00+05:30,2828.1,2830.0,2806.0,2811.1,229491
2025-05-23T11:30:00+05:30,2811.1,2817.0,2791.3,2808.5,206287
2025-05-23T11:45:00+05:30,2808.5,2814.9,2802.9,2806.5,81198
2025-05-23T12:00:00+05:30,2806.5,2809.8,2794.5,2803.2,79366
2025-05-23T12:15:00+05:30,2803.0,2813.2,2799.0,2810.6,82975
2025-05-23T12:30:00+05:30,2810.0,2810.6,2785.0,2796.7,96179
2025-05-23T12:45:00+05:30,2796.7,2808.9,2794.5,2801.9,49022
2025-05-23T13:00:00+05:30,2801.9,2807.0,2795.1,2796.0,46564
2025-05-23T13:15:00+05:30,2797.2,2800.6,2794.0,2797.2,44029
2025-05-23T13:30:00+05:30,2797.1,2799.8,2765.0,2767.0,223772
2025-05-23T13:45:00+05:30,2767.0,2767.8,2751.0,2759.0,205160
2025-05-23T14:00:00+05:30,2759.9,2775.0,2738.2,2768.0,261818
2025-05-23T14:15:00+05:30,2768.9,2789.0,2765.2,2788.9,165206
2025-05-23T14:30:00+05:30,2787.8,2798.7,2785.6,2793.7,182612
2025-05-23T14:45:00+05:30,2794.9,2795.8,2770.0,2773.7,143844
2025-05-23T15:00:00+05:30,2774.7,2779.0,2763.0,2771.6,187085
2025-05-23T15:15:00+05:30,2770.0,2773.9,2751.0,2756.0,341478
2025-05-26T09:15:00+05:30,2775.0,2797.8,2745.8,2779.6,341846
2025-05-26T09:30:00+05:30,2779.6,2795.0,2777.0,2790.0,100342
2025-05-26T09:45:00+05:30,2790.0,2797.5,2780.0,2792.0,70223
2025-05-26T10:00:00+05:30,2792.0,2830.0,2787.0,2799.1,176828
2025-05-26T10:15:00+05:30,2799.2,2812.0,2796.5,2799.7,66545
2025-05-26T10:30:00+05:30,2798.1,2803.7,2790.0,2801.3,41775
2025-05-26T10:45:00+05:30,2801.1,2804.1,2794.5,2796.3,19059
2025-05-26T11:00:00+05:30,2796.4,2800.7,2794.5,2799.2,14260
2025-05-26T11:15:00+05:30,2800.0,2808.0,2799.2,2803.0,27031
2025-05-26T11:30:00+05:30,2803.7,2807.0,2799.1,2800.4,15878
2025-05-26T11:45:00+05:30,2800.0,2806.0,2796.8,2803.3,12398
2025-05-26T12:00:00+05:30,2803.9,2806.0,2798.0,2798.7,17885
2025-05-26T12:15:00+05:30,2798.7,2819.5,2798.6,2806.0,46186
2025-05-26T12:30:00+05:30,2805.0,2805.9,2796.9,2799.8,20475
2025-05-26T12:45:00+05:30,2799.0,2800.0,2788.2,2794.0,24627
2025-05-26T13:00:00+05:30,2794.3,2796.5,2791.1,2796.0,13057
2025-05-26T13:15:00+05:30,2796.5,2797.5,2775.9,2779.9,63101
2025-05-26T13:30:00+05:30,2779.9,2788.1,2777.0,2783.2,25128
2025-05-26T13:45:00+05:30,2783.8,2785.0,2780.2,2782.0,13250
2025-05-26T14:00:00+05:30,2782.0,2789.0,2777.2,2789.0,19785
2025-05-26T14:15:00+05:30,2788.1,2800.0,2786.0,2799.5,40681
2025-05-26T14:30:00+05:30,2799.9,2808.2,2793.4,2806.3,53772
2025-05-26T14:45:00+05:30,2806.9,2814.9,2805.0,2810.0,57832
2025-05-26T15:00:00+05:30,2810.0,2811.0,2796.0,2802.0,66010
2025-05-26T15:15:00+05:30,2802.6,2810.0,2799.6,2805.0,129539
2025-05-27T09:15:00+05:30,2810.0,2824.0,2791.1,2795.5,139022
2025-05-27T09:30:00+05:30,2795.5,2806.6,2791.0,2799.0,57455
2025-05-27T09:45:00+05:30,2799.5,2803.1,2790.5,2793.6,30377
2025-05-27T10:00:00+05:30,2791.5,2798.3,2786.0,2796.1,34372
2025-05-27T10:15:00+05:30,2795.9,2798.0,2790.5,2791.9,17628
2025-05-27T10:30:00+05:30,2793.6,2794.9,2783.0,2784.0,23323
2025-05-27T10:45:00+05:30,2785.6,2789.0,2775.3,2787.9,45444
2025-05-27T11:00:00+05:30,2787.9,2800.0,2786.5,2797.0,26750
2025-05-27T11:15:00+05:30,2797.1,2803.0,2794.0,2802.5,36738
2025-05-27T11:30:00+05:30,2802.5,2808.0,2798.5,2800.0,22752
2025-05-27T11:45:00+05:30,2800.3,2807.4,2796.1,2801.2,19105
2025-05-27T12:00:00+05:30,2801.1,2802.9,2798.3,2801.9,9680
2025-05-27T12:15:00+05:30,2802.5,2804.0,2793.0,2795.0,13904
2025-05-27T12:30:00+05:30,2795.0,2798.7,2790.0,2795.1,11920
2025-05-27T12:45:00+05:30,2795.9,2798.9,2794.2,2796.0,8899
2025-05-27T13:00:00+05:30,2796.9,2797.8,2792.8,2794.8,5639
2025-05-27T13:15:00+05:30,2794.9,2797.0,2788.5,2795.4,12056
2025-05-27T13:30:00+05:30,2794.5,2799.0,2794.2,2798.0,7449
2025-05-27T13:45:00+05:30,2799.0,2800.0,2797.0,2797.1,17421
2025-05-27T14:00:00+05:30,2797.1,2798.0,2792.0,2797.0,11237
2025-05-27T14:15:00+05:30,2797.8,2800.0,2792.2,2799.0,21318
2025-05-27T14:30:00+05:30,2799.0,2799.8,2798.0,2798.0,9085
2025-05-27T14:45:00+05:30,2798.1,2798.5,2794.3,2797.9,16780
2025-05-27T15:00:00+05:30,2797.9,2803.0,2793.4,2794.2,46832
2025-05-27T15:15:00+05:30,2794.9,2798.0,2794.0,2797.5,78410
2025-05-28T09:15:00+05:30,2809.5,2835.0,2802.4,2803.6,115345
2025-05-28T09:30:00+05:30,2803.6,2812.9,2801.1,2811.0,32086
2025-05-28T09:45:00+05:30,2811.3,2813.0,2797.2,2797.2,34805
2025-05-28T10:00:00+05:30,2797.5,2812.0,2794.7,2801.7,32719
2025-05-28T10:15:00+05:30,2801.7,2809.0,2797.0,2807.1,21428
2025-05-28T10:30:00+05:30,2808.9,2814.0,2806.3,2810.8,22446
2025-05-28T10:45:00+05:30,2811.6,2820.7,2810.8,2819.0,35544
2025-05-28T11:00:00+05:30,2820.0,2827.8,2815.4,2818.0,45264
2025-05-28T11:15:00+05:30,2818.0,2828.3,2815.2,2817.8,24898
2025-05-28T11:30:00+05:30,2817.8,2818.0,2812.0,2813.1,11157
2025-05-28T11:45:00+05:30,2813.1,2816.1,2807.0,2812.2,14694
2025-05-28T12:00:00+05:30,2813.0,2813.8,2810.0,2811.9,7000
2025-05-28T12:15:00+05:30,2812.1,2816.0,2811.4,2814.1,8915
2025-05-28T12:30:00+05:30,2815.0,2816.0,2806.0,2808.5,18684
2025-05-28T12:45:00+05:30,2809.0,2813.0,2808.5,2813.0,10500
2025-05-28T13:00:00+05:30,2812.5,2818.0,2809.5,2809.5,12499
2025-05-28T13:15:00+05:30,2810.0,2810.9,2806.0,2810.0,10480
2025-05-28T13:30:00+05:30,2809.7,2811.4,2807.0,2809.7,6361
2025-05-28T13:45:00+05:30,2808.2,2809.7,2801.5,2806.5,14234
2025-05-28T14:00:00+05:30,2805.0,2807.8,2803.0,2807.1,7991
2025-05-28T14:15:00+05:30,2805.7,2807.7,2803.3,2803.3,9683
2025-05-28T14:30:00+05:30,2804.0,2811.7,2796.0,2799.9,28097
2025-05-28T14:45:00+05:30,2800.0,2801.0,2794.5,2800.0,29269
2025-05-28T15:00:00+05:30,2799.6,2799.9,2794.2,2797.5,59390
2025-05-28T15:15:00+05:30,2797.5,2800.8,2790.0,2797.0,90690
2025-05-29T09:15:00+05:30,2816.0,2830.9,2804.3,2812.1,148378
2025-05-29T09:30:00+05:30,2813.0,2823.0,2811.0,2817.0,35039
2025-05-29T09:45:00+05:30,2817.0,2820.9,2811.7,2816.6,39256
2025-05-29T10:00:00+05:30,2817.0,2879.9,2815.6,2872.3,465034
2025-05-29T10:15:00+05:30,2872.4,2920.0,2866.7,2914.6,572174
2025-05-29T10:30:00+05:30,2914.7,2964.2,2914.4,2927.0,622804
2025-05-29T10:45:00+05:30,2928.5,2980.0,2922.4,2968.4,526178
2025-05-29T11:00:00+05:30,2968.9,2988.0,2944.4,2961.9,411424
2025-05-29T11:15:00+05:30,2960.3,2980.0,2956.1,2974.5,271163
2025-05-29T11:30:00+05:30,2974.5,2980.0,2955.0,2974.0,237671
2025-05-29T11:45:00+05:30,2974.6,2992.3,2969.1,2980.3,324615
2025-05-29T12:00:00+05:30,2980.8,2986.0,2962.0,2970.3,167812
2025-05-29T12:15:00+05:30,2970.1,2972.9,2957.0,2968.9,111560
2025-05-29T12:30:00+05:30,2968.0,2974.0,2958.6,2965.0,72533
2025-05-29T12:45:00+05:30,2964.2,2985.9,2964.0,2973.2,198512
2025-05-29T13:00:00+05:30,2973.2,2976.0,2966.2,2968.3,40337
2025-05-29T13:15:00+05:30,2968.3,2989.7,2968.3,2978.5,244678
2025-05-29T13:30:00+05:30,2979.0,2989.7,2975.3,2983.8,107065
2025-05-29T13:45:00+05:30,2983.8,2989.5,2980.5,2983.1,97229
2025-05-29T14:00:00+05:30,2983.5,2989.8,2977.0,2986.8,121920
2025-05-29T14:15:00+05:30,2986.8,2988.0,2975.0,2980.2,126037
2025-05-29T14:30:00+05:30,2981.8,2987.5,2975.0,2982.9,92033
2025-05-29T14:45:00+05:30,2982.9,2994.8,2976.1,2994.7,305646
2025-05-29T15:00:00+05:30,2994.8,3028.0,2986.1,3028.0,584359
2025-05-29T15:15:00+05:30,3027.1,3042.0,3014.0,3030.9,666893
2025-05-30T09:15:00+05:30,3028.5,3063.0,2983.5,3042.4,687308
2025-05-30T09:30:00+05:30,3042.4,3050.0,3006.1,3041.5,292026
2025-05-30T09:45:00+05:30,3041.3,3068.0,3018.0,3024.8,286821
2025-05-30T10:00:00+05:30,3026.4,3037.0,3017.1,3025.5,80635
2025-05-30T10:15:00+05:30,3027.1,3033.0,3012.0,3014.8,74771
2025-05-30T10:30:00+05:30,3015.0,3032.7,2995.3,3026.6,115228
2025-05-30T10:45:00+05:30,3026.6,3031.0,3016.0,3022.4,30137
2025-05-30T11:00:00+05:30,3022.4,3025.0,3012.0,3014.5,23291
2025-05-30T11:15:00+05:30,3014.5,3018.9,3007.5,3014.4,28530
2025-05-30T11:30:00+05:30,3013.0,3015.0,2990.0,3001.4,64320
2025-05-30T11:45:00+05:30,3001.4,3007.9,2992.8,3002.0,38226
2025-05-30T12:00:00+05:30,3001.0,3004.5,2994.0,3000.0,28504
2025-05-30T12:15:00+05:30,3000.0,3003.0,2997.0,2999.6,19749
2025-05-30T12:30:00+05:30,2998.3,2999.8,2964.7,2979.2,108349
2025-05-30T12:45:00+05:30,2979.2,2985.0,2965.0,2973.5,59677
2025-05-30T13:00:00+05:30,2971.9,2978.0,2962.0,2967.6,45693
2025-05-30T13:15:00+05:30,2967.5,2978.0,2966.0,2976.7,20256
2025-05-30T13:30:00+05:30,2975.4,2981.6,2972.6,2979.8,23355
2025-05-30T13:45:00+05:30,2978.3,2995.0,2975.0,2994.6,33842
2025-05-30T14:00:00+05:30,2994.0,2998.0,2980.1,2980.7,40295
2025-05-30T14:15:00+05:30,2980.7,2992.0,2980.0,2990.0,23067
2025-05-30T14:30:00+05:30,2989.9,2999.9,2982.1,2994.0,30126
2025-05-30T14:45:00+05:30,2994.0,2998.8,2990.4,2996.6,34309
2025-05-30T15:00:00+05:30,2997.1,3000.0,2977.6,2986.0,111251
2025-05-30T15:15:00+05:30,2986.5,2989.5,2952.2,2968.0,158965
2025-06-02T09:15:00+05:30,2984.9,2984.9,2931.0,2948.1,165856
2025-06-02T09:30:00+05:30,2948.8,2953.6,2936.0,2946.6,52423
2025-06-02T09:45:00+05:30,2946.7,2948.0,2937.7,2945.0,24188
2025-06-02T10:00:00+05:30,2945.0,2955.0,2942.4,2946.9,36963
2025-06-02T10:15:00+05:30,2947.9,2950.0,2912.0,2920.7,69327
2025-06-02T10:30:00+05:30,2922.3,2936.1,2917.0,2933.9,50453
2025-06-02T10:45:00+05:30,2933.7,2935.8,2928.0,2931.1,16160
2025-06-02T11:00:00+05:30,2931.1,2937.0,2927.0,2935.0,13041
2025-06-02T11:15:00+05:30,2934.0,2942.0,2932.0,2938.0,15717
2025-06-02T11:30:00+05:30,2938.0,2964.0,2935.0,2949.0,73175
2025-06-02T11:45:00+05:30,2950.0,2957.1,2945.2,2949.1,20897
2025-06-02T12:00:00+05:30,2949.0,2955.0,2948.0,2955.0,9118
2025-06-02T12:15:00+05:30,2954.1,2956.0,2950.0,2952.0,15205
2025-06-02T12:30:00+05:30,2951.2,2964.0,2950.0,2960.3,28664
2025-06-02T12:45:00+05:30,2960.2,2961.0,2950.9,2952.0,12797
2025-06-02T13:00:00+05:30,2952.0,2954.8,2943.5,2948.7,20212
2025-06-02T13:15:00+05:30,2947.5,2949.4,2942.0,2942.0,11684
2025-06-02T13:30:00+05:30,2942.0,2944.4,2934.0,2935.0,23609
2025-06-02T13:45:00+05:30,2934.3,2939.4,2921.3,2924.5,45044
2025-06-02T14:00:00+05:30,2924.7,2930.0,2922.6,2930.0,20706
2025-06-02T14:15:00+05:30,2929.9,2937.6,2927.9,2930.0,37907
2025-06-02T14:30:00+05:30,2930.0,2930.0,2925.0,2925.2,17810
2025-06-02T14:45:00+05:30,2925.1,2933.5,2922.0,2924.3,43215
2025-06-02T15:00:00+05:30,2924.9,2926.0,2917.9,2921.5,74790
2025-06-02T15:15:00+05:30,2921.4,2925.0,2912.1,2923.0,130917
2025-06-03T09:15:00+05:30,2931.0,2944.3,2905.1,2906.6,147486
2025-06-03T09:30:00+05:30,2906.9,2919.9,2892.7,2895.1,122366
2025-06-03T09:45:00+05:30,2896.2,2903.9,2882.0,2888.9,89808
2025-06-03T10:00:00+05:30,2888.7,2899.7,2882.0,2898.9,42660
2025-06-03T10:15:00+05:30,2898.9,2908.0,2893.6,2903.3,38780
2025-06-03T10:30:00+05:30,2903.3,2913.0,2898.3,2903.8,35431
2025-06-03T10:45:00+05:30,2905.9,2909.5,2900.1,2903.1,15407
2025-06-03T11:00:00+05:30,2903.1,2930.4,2900.1,2918.7,99616
2025-06-03T11:15:00+05:30,2918.7,2928.0,2917.7,2922.6,34762
2025-06-03T11:30:00+05:30,2923.2,2955.4,2919.1,2928.9,166560
2025-06-03T11:45:00+05:30,2928.0,2936.9,2911.1,2917.5,47360
2025-06-03T12:00:00+05:30,2918.5,2919.5,2908.3,2909.0,26831
2025-06-03T12:15:00+05:30,2909.0,2917.7,2905.0,2910.1,19988
2025-06-03T12:30:00+05:30,2910.1,2914.8,2908.5,2911.0,12760
2025-06-03T12:45:00+05:30,2910.9,2914.0,2901.0,2902.1,21014
2025-06-03T13:00:00+05:30,2903.5,2908.7,2891.0,2898.0,36093
2025-06-03T13:15:00+05:30,2898.0,2899.4,2893.0,2895.7,13924
2025-06-03T13:30:00+05:30,2895.7,2903.8,2895.7,2897.0,15877
2025-06-03T13:45:00+05:30,2896.1,2910.0,2896.1,2902.4,15766
2025-06-03T14:00:00+05:30,2901.0,2905.6,2899.0,2901.9,12631
2025-06-03T14:15:00+05:30,2901.9,2904.9,2896.0,2900.0,25500
2025-06-03T14:30:00+05:30,2901.0,2909.9,2896.7,2905.1,21825
2025-06-03T14:45:00+05:30,2906.1,2910.0,2898.1,2902.3,25222
2025-06-03T15:00:00+05:30,2902.0,2906.0,2886.1,2891.6,54428
2025-06-03T15:15:00+05:30,2892.0,2893.0,2878.9,2882.0,92554
2025-06-04T09:15:00+05:30,2895.5,2940.0,2882.6,2936.2,253376
2025-06-04T09:30:00+05:30,2936.1,2936.1,2895.8,2902.1,127810
2025-06-04T09:45:00+05:30,2901.0,2907.9,2867.2,2893.8,106372
2025-06-04T10:00:00+05:30,2894.9,2900.0,2886.0,2891.5,41244
2025-06-04T10:15:00+05:30,2891.3,2893.9,2881.3,2887.4,24802
2025-06-04T10:30:00+05:30,2885.8,2903.9,2885.4,2903.8,30645
2025-06-04T10:45:00+05:30,2903.0,2909.9,2900.5,2903.0,29335
2025-06-04T11:00:00+05:30,2904.0,2905.0,2895.4,2896.8,12616
2025-06-04T11:15:00+05:30,2896.8,2899.9,2890.4,2892.6,14097
2025-06-04T11:30:00+05:30,2892.6,2899.0,2891.1,2894.0,7894
2025-06-04T11:45:00+05:30,2894.0,2898.0,2882.2,2889.2,27994
2025-06-04T12:00:00+05:30,2889.2,2891.9,2885.6,2890.0,14237
2025-06-04T12:15:00+05:30,2890.0,2892.8,2885.0,2887.8,8807
2025-06-04T12:30:00+05:30,2887.1,2890.0,2885.0,2887.6,11647
2025-06-04T12:45:00+05:30,2889.7,2892.7,2886.1,2890.3,8375
2025-06-04T13:00:00+05:30,2890.9,2898.0,2888.8,2892.6,12254
2025-06-04T13:15:00+05:30,2894.2,2894.2,2888.0,2890.5,6783
2025-06-04T13:30:00+05:30,2891.0,2893.2,2888.0,2891.1,11339
2025-06-04T13:45:00+05:30,2891.0,2894.7,2888.8,2893.5,9263
2025-06-04T14:00:00+05:30,2894.0,2909.9,2890.7,2900.4,34270
2025-06-04T14:15:00+05:30,2900.4,2902.0,2885.0,2887.1,20857
2025-06-04T14:30:00+05:30,2887.1,2895.0,2880.1,2889.8,35584
2025-06-04T14:45:00+05:30,2890.0,2898.0,2886.5,2889.9,33743
2025-06-04T15:00:00+05:30,2888.5,2892.0,2885.0,2886.1,34760
2025-06-04T15:15:00+05:30,2886.9,2890.9,2865.3,2881.0,122219
2025-06-05T09:15:00+05:30,2889.6,2934.5,2886.8,2932.0,160975
2025-06-05T09:30:00+05:30,2933.9,2974.0,2927.0,2960.0,374250
2025-06-05T09:45:00+05:30,2958.4,2969.0,2948.0,2960.0,104182
2025-06-05T10:00:00+05:30,2958.9,2988.0,2922.3,2938.0,308863
2025-06-05T10:15:00+05:30,2938.4,2938.6,2925.1,2933.0,70242
2025-06-05T10:30:00+05:30,2932.0,2933.7,2920.3,2927.1,44519
2025-06-05T10:45:00+05:30,2927.7,2930.0,2905.6,2912.0,78018
2025-06-05T11:00:00+05:30,2911.9,2913.8,2893.7,2908.4,75236
2025-06-05T11:15:00+05:30,2908.4,2918.4,2908.0,2910.5,22143
2025-06-05T11:30:00+05:30,2910.9,2915.0,2902.0,2909.0,23365
2025-06-05T11:45:00+05:30,2908.4,2915.0,2905.0,2913.5,21240
2025-06-05T12:00:00+05:30,2913.5,2915.6,2908.0,2915.0,11687
2025-06-05T12:15:00+05:30,2915.0,2915.0,2907.7,2909.8,16500
2025-06-05T12:30:00+05:30,2909.8,2911.2,2899.6,2901.1,29647
2025-06-05T12:45:00+05:30,2901.1,2907.8,2891.1,2895.5,36831
2025-06-05T13:00:00+05:30,2895.9,2898.9,2888.1,2894.3,39385
2025-06-05T13:15:00+05:30,2893.2,2896.9,2876.3,2883.7,50239
2025-06-05T13:30:00+05:30,2884.0,2888.9,2867.0,2873.5,53802
2025-06-05T13:45:00+05:30,2873.9,2885.0,2870.1,2880.5,35036
2025-06-05T14:00:00+05:30,2881.8,2888.0,2874.3,2885.1,30099
2025-06-05T14:15:00+05:30,2885.1,2888.0,2870.1,2877.2,39402
2025-06-05T14:30:00+05:30,2877.2,2877.8,2836.2,2844.2,135799
2025-06-05T14:45:00+05:30,2844.2,2856.9,2840.0,2848.5,56667
2025-06-05T15:00:00+05:30,2848.9,2854.0,2840.0,2849.5,92166
2025-06-05T15:15:00+05:30,2849.5,2862.5,2842.1,2862.5,140826
2025-06-06T09:15:00+05:30,2873.3,2884.0,2845.2,2848.0,165984
2025-06-06T09:30:00+05:30,2847.1,2853.6,2826.0,2828.3,102997
2025-06-06T09:45:00+05:30,2828.3,2835.0,2820.1,2832.4,61410
2025-06-06T10:00:00+05:30,2832.2,2838.0,2815.0,2820.7,50600
2025-06-06T10:15:00+05:30,2820.7,2834.0,2818.3,2833.0,34610
2025-06-06T10:30:00+05:30,2833.3,2839.4,2816.0,2827.6,36473
2025-06-06T10:45:00+05:30,2827.6,2835.0,2820.0,2823.0,27560
2025-06-06T11:00:00+05:30,2823.0,2823.0,2815.6,2822.0,27247
2025-06-06T11:15:00+05:30,2822.0,2828.5,2818.5,2819.8,25025
2025-06-06T11:30:00+05:30,2819.8,2826.0,2818.7,2822.4,14630
2025-06-06T11:45:00+05:30,2823.0,2826.0,2822.0,2825.1,9827
2025-06-06T12:00:00+05:30,2825.1,2827.0,2817.6,2820.1,16790
2025-06-06T12:15:00+05:30,2820.3,2821.8,2812.4,2818.4,31652
2025-06-06T12:30:00+05:30,2818.7,2836.4,2818.1,2830.4,31431
2025-06-06T12:45:00+05:30,2831.0,2845.0,2828.7,2839.5,32823
2025-06-06T13:00:00+05:30,2839.5,2867.0,2839.2,2845.9,89170
2025-06-06T13:15:00+05:30,2845.0,2850.0,2836.1,2840.0,26169
2025-06-06T13:30:00+05:30,2839.8,2846.0,2837.3,2842.1,17902
2025-06-06T13:45:00+05:30,2842.1,2846.9,2835.1,2837.9,15217
2025-06-06T14:00:00+05:30,2837.9,2838.5,2831.0,2833.0,17099
2025-06-06T14:15:00+05:30,2834.0,2837.0,2830.8,2832.0,14030
2025-06-06T14:30:00+05:30,2832.3,2835.0,2824.0,2825.6,28148
2025-06-06T14:45:00+05:30,2825.6,2830.1,2824.0,2829.3,24006
2025-06-06T15:00:00+05:30,2829.3,2833.1,2823.0,2829.0,46687
2025-06-06T15:15:00+05:30,2829.0,2832.6,2822.7,2831.0,88512
2025-06-09T09:15:00+05:30,2843.4,2859.0,2808.0,2818.1,143910
2025-06-09T09:30:00+05:30,2817.2,2834.9,2812.0,2833.9,46818
2025-06-09T09:45:00+05:30,2833.9,2837.9,2818.0,2836.2,39612
2025-06-09T10:00:00+05:30,2836.2,2844.2,2813.8,2819.6,66535
2025-06-09T10:15:00+05:30,2819.0,2825.0,2815.8,2816.0,20751
2025-06-09T10:30:00+05:30,2815.9,2819.8,2814.3,2816.9,18630
2025-06-09T10:45:00+05:30,2817.2,2818.7,2802.0,2802.8,46888
2025-06-09T11:00:00+05:30,2804.3,2804.3,2791.0,2795.0,68780
2025-06-09T11:15:00+05:30,2795.0,2805.0,2794.6,2801.2,35100
2025-06-09T11:30:00+05:30,2802.5,2807.0,2801.0,2806.1,11856
2025-06-09T11:45:00+05:30,2806.0,2806.0,2800.5,2804.9,9820
2025-06-09T12:00:00+05:30,2804.8,2811.0,2803.6,2807.3,12926
2025-06-09T12:15:00+05:30,2807.3,2812.8,2803.5,2809.5,14652
2025-06-09T12:30:00+05:30,2809.5,2810.9,2805.0,2806.7,8861
2025-06-09T12:45:00+05:30,2806.7,2813.0,2798.0,2805.0,29070
2025-06-09T13:00:00+05:30,2804.8,2805.0,2799.0,2803.4,11642
2025-06-09T13:15:00+05:30,2803.4,2805.0,2801.0,2804.0,6872
2025-06-09T13:30:00+05:30,2804.6,2807.4,2803.8,2805.0,6323
2025-06-09T13:45:00+05:30,2805.0,2809.2,2801.6,2808.9,9626
2025-06-09T14:00:00+05:30,2808.9,2809.9,2805.0,2806.9,7895
2025-06-09T14:15:00+05:30,2806.2,2808.9,2802.9,2808.0,10767
2025-06-09T14:30:00+05:30,2808.0,2810.3,2805.4,2808.8,14443
2025-06-09T14:45:00+05:30,2809.8,2812.0,2802.0,2805.9,22316
2025-06-09T15:00:00+05:30,2805.8,2812.0,2805.0,2806.4,45534
2025-06-09T15:15:00+05:30,2806.7,2808.3,2803.0,2807.8,69919
2025-06-10T09:15:00+05:30,2820.0,2846.0,2815.5,2817.9,134734
2025-06-10T09:30:00+05:30,2816.3,2845.0,2805.9,2822.8,123438
2025-06-10T09:45:00+05:30,2822.7,2835.0,2820.0,2825.0,34175
2025-06-10T10:00:00+05:30,2825.0,2843.0,2823.1,2825.0,47903
2025-06-10T10:15:00+05:30,2824.8,2830.8,2812.8,2818.2,45832
2025-06-10T10:30:00+05:30,2818.9,2818.9,2811.0,2813.8,17776
2025-06-10T10:45:00+05:30,2814.9,2815.0,2810.0,2811.6,14638
2025-06-10T11:00:00+05:30,2811.6,2818.0,2808.0,2816.2,16972
2025-06-10T11:15:00+05:30,2816.9,2836.3,2816.2,2827.0,36589
2025-06-10T11:30:00+05:30,2827.0,2885.0,2824.9,2865.3,272428
2025-06-10T11:45:00+05:30,2865.2,2868.0,2841.1,2848.4,98657
2025-06-10T12:00:00+05:30,2847.3,2859.0,2844.6,2852.0,31101
2025-06-10T12:15:00+05:30,2852.0,2852.0,2846.0,2849.9,19251
2025-06-10T12:30:00+05:30,2849.9,2851.7,2846.0,2846.8,19174
2025-06-10T12:45:00+05:30,2846.6,2850.9,2841.1,2842.0,21286
2025-06-10T13:00:00+05:30,2842.0,2851.0,2841.2,2846.1,20388
2025-06-10T13:15:00+05:30,2846.0,2849.0,2835.0,2836.4,37463
2025-06-10T13:30:00+05:30,2836.4,2839.8,2832.2,2838.5,22910
2025-06-10T13:45:00+05:30,2839.0,2847.0,2836.5,2846.1,13650
2025-06-10T14:00:00+05:30,2845.9,2847.0,2841.3,2846.0,9720
2025-06-10T14:15:00+05:30,2846.0,2848.0,2841.0,2842.2,19294
2025-06-10T14:30:00+05:30,2843.0,2843.0,2832.5,2836.6,21116
2025-06-10T14:45:00+05:30,2837.0,2843.5,2834.0,2834.2,19460
2025-06-10T15:00:00+05:30,2835.0,2842.0,2830.1,2840.0,41156
2025-06-10T15:15:00+05:30,2840.0,2844.0,2835.0,2841.0,64054
2025-06-11T09:15:00+05:30,2849.9,2899.0,2849.9,2866.3,295002
2025-06-11T09:30:00+05:30,2866.3,2869.0,2851.0,2865.7,74043
2025-06-11T09:45:00+05:30,2865.0,2866.0,2851.0,2853.0,39282
2025-06-11T10:00:00+05:30,2854.2,2865.0,2852.8,2862.2,21684
2025-06-11T10:15:00+05:30,2863.3,2869.0,2862.0,2864.1,23862
2025-06-11T10:30:00+05:30,2864.0,2872.8,2858.8,2871.0,37595
2025-06-11T10:45:00+05:30,2871.0,2906.5,2870.0,2906.0,169376
2025-06-11T11:00:00+05:30,2905.5,2921.8,2895.2,2910.0,218121
2025-06-11T11:15:00+05:30,2909.6,2913.8,2896.4,2905.0,85194
2025-06-11T11:30:00+05:30,2905.4,2916.8,2902.0,2911.0,76416
2025-06-11T11:45:00+05:30,2911.1,2942.4,2908.2,2941.9,216358
2025-06-11T12:00:00+05:30,2941.9,2956.8,2932.0,2941.8,253388
2025-06-11T12:15:00+05:30,2940.2,2946.9,2925.0,2926.7,97102
2025-06-11T12:30:00+05:30,2926.7,2933.9,2921.1,2924.3,64121
2025-06-11T12:45:00+05:30,2925.7,2926.0,2909.0,2917.9,87621
2025-06-11T13:00:00+05:30,2916.9,2920.0,2905.5,2910.3,43949
2025-06-11T13:15:00+05:30,2910.3,2913.4,2886.7,2889.1,100796
2025-06-11T13:30:00+05:30,2888.5,2895.0,2871.0,2872.0,89016
2025-06-11T13:45:00+05:30,2872.0,2874.8,2851.0,2872.8,125587
2025-06-11T14:00:00+05:30,2871.5,2872.1,2856.0,2868.0,52307
2025-06-11T14:15:00+05:30,2868.0,2878.0,2859.0,2865.6,40889
2025-06-11T14:30:00+05:30,2865.6,2870.0,2863.6,2868.8,17000
2025-06-11T14:45:00+05:30,2868.8,2885.0,2868.2,2878.7,49986
2025-06-11T15:00:00+05:30,2878.7,2893.8,2871.3,2891.6,97234
2025-06-11T15:15:00+05:30,2892.0,2893.0,2870.0,2881.7,113028
2025-06-12T09:15:00+05:30,2892.0,2923.8,2866.0,2878.0,286933
2025-06-12T09:30:00+05:30,2878.2,2892.0,2877.0,2880.6,62075
2025-06-12T09:45:00+05:30,2880.6,2888.0,2871.8,2883.0,42386
2025-06-12T10:00:00+05:30,2882.5,2894.8,2875.0,2888.0,40325
2025-06-12T10:15:00+05:30,2886.5,2888.0,2880.0,2882.2,17162
2025-06-12T10:30:00+05:30,2880.1,2887.9,2877.5,2880.5,20092
2025-06-12T10:45:00+05:30,2881.9,2890.9,2871.0,2874.8,37696
2025-06-12T11:00:00+05:30,2873.0,2876.2,2867.1,2872.6,34953
2025-06-12T11:15:00+05:30,2873.8,2879.7,2871.0,2878.9,11318
2025-06-12T11:30:00+05:30,2879.1,2905.7,2872.0,2901.7,38961
2025-06-12T11:45:00+05:30,2901.7,2904.2,2875.0,2875.3,22796
2025-06-12T12:00:00+05:30,2876.2,2876.8,2867.3,2872.2,30814
2025-06-12T12:15:00+05:30,2872.1,2879.4,2869.2,2877.0,13687
2025-06-12T12:30:00+05:30,2877.0,2883.5,2875.2,2878.0,22384
2025-06-12T12:45:00+05:30,2876.3,2879.5,2870.6,2871.3,10825
2025-06-12T13:00:00+05:30,2871.4,2901.9,2869.0,2897.0,52201
2025-06-12T13:15:00+05:30,2896.1,2905.0,2877.8,2880.0,48887
2025-06-12T13:30:00+05:30,2880.0,2880.0,2870.5,2871.1,21303
2025-06-12T13:45:00+05:30,2871.0,2871.6,2856.1,2859.9,62214
2025-06-12T14:00:00+05:30,2859.9,2859.9,2831.0,2832.1,96823
2025-06-12T14:15:00+05:30,2832.1,2854.0,2831.8,2840.0,46998
2025-06-12T14:30:00+05:30,2840.0,2846.6,2836.0,2844.1,26943
2025-06-12T14:45:00+05:30,2843.3,2849.0,2840.7,2843.1,18921
2025-06-12T15:00:00+05:30,2842.8,2847.7,2832.6,2842.9,54391
2025-06-12T15:15:00+05:30,2843.8,2845.5,2831.0,2834.0,130029
2025-06-13T09:15:00+05:30,2750.0,2805.0,2750.0,2796.6,203904
2025-06-13T09:30:00+05:30,2796.6,2814.9,2781.5,2794.4,96730
2025-06-13T09:45:00+05:30,2794.4,2808.0,2768.2,2804.8,105016
2025-06-13T10:00:00+05:30,2804.1,2815.0,2800.1,2812.9,43885
2025-06-13T10:15:00+05:30,2812.9,2817.9,2808.0,2813.0,24729
2025-06-13T10:30:00+05:30,2813.0,2818.0,2804.1,2806.9,27927
2025-06-13T10:45:00+05:30,2806.9,2813.0,2805.0,2811.0,14685
2025-06-13T11:00:00+05:30,2811.0,2815.0,2797.6,2800.0,22093
2025-06-13T11:15:00+05:30,2801.6,2809.8,2800.0,2805.9,15964
2025-06-13T11:30:00+05:30,2805.0,2807.8,2797.5,2799.7,14839
2025-06-13T11:45:00+05:30,2799.7,2803.9,2794.0,2802.0,13448
2025-06-13T12:00:00+05:30,2802.0,2804.2,2796.1,2799.0,9124
2025-06-13T12:15:00+05:30,2800.0,2807.8,2799.0,2802.0,11051
2025-06-13T12:30:00+05:30,2802.0,2804.3,2791.9,2801.0,15701
2025-06-13T12:45:00+05:30,2801.0,2803.6,2796.3,2796.9,8758
2025-06-13T13:00:00+05:30,2797.1,2799.0,2790.0,2794.4,14391
2025-06-13T13:15:00+05:30,2794.0,2798.8,2791.2,2796.0,5297
2025-06-13T13:30:00+05:30,2796.9,2802.8,2796.2,2800.1,11633
2025-06-13T13:45:00+05:30,2800.0,2804.9,2799.1,2800.4,13024
2025-06-13T14:00:00+05:30,2800.4,2803.6,2797.6,2801.3,7525
2025-06-13T14:15:00+05:30,2802.0,2808.8,2800.0,2804.8,14879
2025-06-13T14:30:00+05:30,2805.9,2811.9,2801.5,2808.3,25275
2025-06-13T14:45:00+05:30,2808.3,2810.3,2800.0,2801.3,27878
2025-06-13T15:00:00+05:30,2800.7,2839.3,2799.1,2831.0,78990
2025-06-13T15:15:00+05:30,2831.0,2839.9,2820.1,2824.2,94891
2025-06-16T09:15:00+05:30,2829.0,2845.0,2797.8,2798.0,124278
2025-06-16T09:30:00+05:30,2796.5,2797.9,2767.8,2776.2,90374
2025-06-16T09:45:00+05:30,2776.3,2779.7,2757.3,2777.6,55666
2025-06-16T10:00:00+05:30,2777.7,2794.0,2770.1,2791.0,32665
2025-06-16T10:15:00+05:30,2790.2,2798.0,2788.9,2795.0,23699
2025-06-16T10:30:00+05:30,2794.5,2803.0,2792.3,2799.0,23896
2025-06-16T10:45:00+05:30,2799.0,2804.0,2798.2,2803.0,13095
2025-06-16T11:00:00+05:30,2802.2,2804.0,2800.4,2802.7,8796
2025-06-16T11:15:00+05:30,2802.7,2808.0,2790.9,2795.6,22026
2025-06-16T11:30:00+05:30,2794.3,2809.0,2794.3,2805.5,10500
2025-06-16T11:45:00+05:30,2805.2,2817.0,2801.5,2810.0,22304
2025-06-16T12:00:00+05:30,2810.9,2829.0,2810.0,2824.1,32540
2025-06-16T12:15:00+05:30,2824.8,2826.6,2820.2,2822.0,16326
2025-06-16T12:30:00+05:30,2822.0,2832.1,2821.4,2830.0,24228
2025-06-16T12:45:00+05:30,2830.0,2834.0,2825.0,2830.0,17990
2025-06-16T13:00:00+05:30,2829.1,2836.9,2828.0,2836.0,24089
2025-06-16T13:15:00+05:30,2835.9,2869.9,2833.3,2854.2,104129
2025-06-16T13:30:00+05:30,2854.2,2855.0,2845.0,2852.0,27947
2025-06-16T13:45:00+05:30,2851.9,2853.8,2845.0,2847.0,18936
2025-06-16T14:00:00+05:30,2847.0,2848.4,2840.1,2847.1,17089
2025-06-16T14:15:00+05:30,2848.4,2855.0,2844.6,2855.0,27207
2025-06-16T14:30:00+05:30,2855.0,2869.7,2852.6,2861.8,57680
2025-06-16T14:45:00+05:30,2862.0,2887.0,2858.7,2880.0,82535
2025-06-16T15:00:00+05:30,2881.4,2892.4,2877.0,2889.7,97182
2025-06-16T15:15:00+05:30,2889.0,2895.0,2883.1,2886.0,110622
2025-06-17T09:15:00+05:30,2889.2,2893.0,2853.6,2864.4,97424
2025-06-17T09:30:00+05:30,2864.4,2871.4,2855.6,2864.0,48436
2025-06-17T09:45:00+05:30,2864.0,2872.8,2858.2,2866.6,32733
2025-06-17T10:00:00+05:30,2866.6,2877.8,2848.0,2850.0,59910
2025-06-17T10:15:00+05:30,2850.0,2857.8,2846.9,2855.9,29328
2025-06-17T10:30:00+05:30,2855.5,2857.4,2850.0,2851.9,18777
2025-06-17T10:45:00+05:30,2851.9,2852.7,2845.0,2849.0,31829
2025-06-17T11:00:00+05:30,2848.9,2849.0,2838.0,2842.0,22907
2025-06-17T11:15:00+05:30,2843.0,2843.0,2832.0,2835.0,23719
2025-06-17T11:30:00+05:30,2835.0,2839.9,2830.7,2839.7,22106
2025-06-17T11:45:00+05:30,2839.0,2840.0,2830.5,2835.0,18147
2025-06-17T12:00:00+05:30,2836.6,2837.0,2826.0,2828.2,29191
2025-06-17T12:15:00+05:30,2827.0,2830.0,2816.1,2821.1,32306
2025-06-17T12:30:00+05:30,2821.6,2825.0,2815.1,2818.0,23682
2025-06-17T12:45:00+05:30,2818.0,2819.6,2805.1,2810.6,44356
2025-06-17T13:00:00+05:30,2810.6,2815.0,2806.8,2813.0,19960
2025-06-17T13:15:00+05:30,2812.9,2819.7,2810.2,2816.0,17081
2025-06-17T13:30:00+05:30,2817.7,2819.0,2814.1,2818.3,10640
2025-06-17T13:45:00+05:30,2818.2,2819.0,2810.0,2812.7,11204
2025-06-17T14:00:00+05:30,2812.7,2815.9,2810.6,2813.7,10248
2025-06-17T14:15:00+05:30,2813.8,2817.9,2810.0,2812.6,17442
2025-06-17T14:30:00+05:30,2812.7,2815.9,2800.0,2802.9,54905
2025-06-17T14:45:00+05:30,2802.9,2805.4,2791.0,2800.9,42984
2025-06-17T15:00:00+05:30,2801.0,2812.5,2792.1,2793.0,53544
2025-06-17T15:15:00+05:30,2792.5,2793.0,2781.2,2786.0,137785
2025-06-18T09:15:00+05:30,2769.4,2781.6,2722.0,2731.0,382430
2025-06-18T09:30:00+05:30,2731.1,2742.0,2723.0,2733.4,166572
2025-06-18T09:45:00+05:30,2733.4,2736.4,2722.0,2722.1,99694
2025-06-18T10:00:00+05:30,2722.0,2724.8,2712.0,2716.9,126240
2025-06-18T10:15:00+05:30,2716.9,2717.6,2711.1,2715.0,54616
2025-06-18T10:30:00+05:30,2714.9,2717.9,2702.7,2708.8,99810
2025-06-18T10:45:00+05:30,2708.6,2708.8,2691.0,2698.8,95188
2025-06-18T11:00:00+05:30,2699.0,2700.0,2691.0,2696.1,43968
2025-06-18T11:15:00+05:30,2697.2,2708.6,2695.0,2707.1,75504
2025-06-18T11:30:00+05:30,2707.0,2713.0,2696.1,2705.5,50150
2025-06-18T11:45:00+05:30,2706.5,2707.0,2700.0,2703.0,21258
2025-06-18T12:00:00+05:30,2702.7,2717.5,2702.0,2714.6,58314
2025-06-18T12:15:00+05:30,2714.3,2725.0,2713.3,2722.4,63831
2025-06-18T12:30:00+05:30,2722.3,2729.8,2715.3,2719.0,54525
2025-06-18T12:45:00+05:30,2719.0,2722.0,2712.0,2716.9,41049
2025-06-18T13:00:00+05:30,2717.0,2721.1,2710.0,2714.9,40904
2025-06-18T13:15:00+05:30,2714.9,2714.9,2705.0,2705.0,26021
2025-06-18T13:30:00+05:30,2705.4,2718.0,2705.0,2713.4,28850
2025-06-18T13:45:00+05:30,2713.4,2715.4,2708.0,2712.0,20559
2025-06-18T14:00:00+05:30,2712.5,2713.9,2710.0,2711.6,13531
2025-06-18T14:15:00+05:30,2711.3,2711.5,2700.1,2702.8,42833
2025-06-18T14:30:00+05:30,2702.8,2714.0,2700.1,2707.7,49706
2025-06-18T14:45:00+05:30,2707.7,2713.0,2706.0,2711.0,27494
2025-06-18T15:00:00+05:30,2711.0,2711.5,2700.0,2700.7,88420
2025-06-18T15:15:00+05:30,2700.7,2704.9,2691.0,2691.0,154730
2025-06-19T09:15:00+05:30,2705.0,2764.0,2699.0,2757.0,246714
2025-06-19T09:30:00+05:30,2756.2,2758.0,2725.0,2729.8,99901
2025-06-19T09:45:00+05:30,2729.4,2730.0,2713.0,2721.3,40353
2025-06-19T10:00:00+05:30,2721.0,2726.0,2713.2,2717.6,28728
2025-06-19T10:15:00+05:30,2718.5,2719.0,2709.8,2709.9,30250
2025-06-19T10:30:00+05:30,2709.9,2710.0,2690.0,2691.6,58330
2025-06-19T10:45:00+05:30,2692.9,2710.0,2691.0,2696.9,37483
2025-06-19T11:00:00+05:30,2697.0,2704.0,2694.0,2694.0,21597
2025-06-19T11:15:00+05:30,2694.0,2698.1,2690.0,2691.9,22554
2025-06-19T11:30:00+05:30,2691.9,2693.2,2680.1,2687.1,40840
2025-06-19T11:45:00+05:30,2687.1,2689.4,2677.2,2680.0,23399
2025-06-19T12:00:00+05:30,2680.0,2683.4,2675.0,2680.1,19543
2025-06-19T12:15:00+05:30,2680.1,2681.5,2673.3,2675.8,18697
2025-06-19T12:30:00+05:30,2675.8,2678.0,2665.5,2665.5,27607
2025-06-19T12:45:00+05:30,2665.5,2671.6,2656.1,2660.0,39124
2025-06-19T13:00:00+05:30,2658.7,2672.5,2655.0,2663.9,38682
2025-06-19T13:15:00+05:30,2663.9,2665.4,2650.0,2652.0,42916
2025-06-19T13:30:00+05:30,2652.9,2654.6,2641.0,2648.9,46100
2025-06-19T13:45:00+05:30,2648.9,2655.0,2645.0,2653.0,19225
2025-06-19T14:00:00+05:30,2653.0,2664.9,2652.9,2661.3,31251
2025-06-19T14:15:00+05:30,2661.3,2675.0,2661.1,2663.3,35379
2025-06-19T14:30:00+05:30,2663.3,2676.5,2661.2,2671.7,30164
2025-06-19T14:45:00+05:30,2671.7,2680.0,2670.5,2672.0,25577
2025-06-19T15:00:00+05:30,2670.9,2675.8,2665.0,2673.7,64901
2025-06-19T15:15:00+05:30,2673.7,2677.0,2666.5,2670.0,91103
2025-06-20T09:15:00+05:30,2676.2,2718.0,2676.2,2708.5,148846
2025-06-20T09:30:00+05:30,2709.0,2768.0,2709.0,2764.5,439985
2025-06-20T09:45:00+05:30,2764.5,2777.0,2746.0,2776.1,256267
2025-06-20T10:00:00+05:30,2776.2,2810.0,2775.0,2810.0,410291
2025-06-20T10:15:00+05:30,2810.0,2840.3,2808.1,2838.8,509261
2025-06-20T10:30:00+05:30,2837.7,2840.2,2826.0,2838.5,381942
2025-06-20T10:45:00+05:30,2838.5,2840.2,2812.6,2823.1,343006
2025-06-20T11:00:00+05:30,2823.1,2825.0,2815.1,2823.1,134622
2025-06-20T11:15:00+05:30,2824.9,2824.9,2813.8,2814.0,100598
2025-06-20T11:30:00+05:30,2814.9,2838.8,2811.0,2836.4,241883
2025-06-20T11:45:00+05:30,2837.0,2889.8,2834.0,2885.9,577595
2025-06-20T12:00:00+05:30,2884.8,2894.5,2870.1,2875.5,315896
2025-06-20T12:15:00+05:30,2875.0,2896.6,2867.4,2888.5,317697
2025-06-20T12:30:00+05:30,2888.5,2898.7,2868.0,2892.1,332200
2025-06-20T12:45:00+05:30,2892.1,2894.6,2881.6,2893.9,149416
2025-06-20T13:00:00+05:30,2893.0,2894.6,2884.5,2887.7,115228
2025-06-20T13:15:00+05:30,2886.3,2893.8,2882.0,2889.0,89630
2025-06-20T13:30:00+05:30,2889.0,2920.0,2881.1,2912.2,431071
2025-06-20T13:45:00+05:30,2912.2,2924.1,2903.0,2917.0,310892
2025-06-20T14:00:00+05:30,2916.3,2922.0,2902.1,2916.1,247866
2025-06-20T14:15:00+05:30,2917.0,2928.8,2886.3,2898.9,471577
2025-06-20T14:30:00+05:30,2899.0,2918.2,2898.4,2908.7,254709
2025-06-20T14:45:00+05:30,2908.2,2914.0,2897.9,2909.0,208394
2025-06-20T15:00:00+05:30,2908.2,3000.0,2907.0,2989.4,3476413
2025-06-20T15:15:00+05:30,2989.4,3025.3,2987.6,3008.0,3287327
2025-06-23T09:15:00+05:30,2962.0,2988.0,2932.0,2955.1,698086
2025-06-23T09:30:00+05:30,2955.1,3008.0,2952.5,2966.1,483101
2025-06-23T09:45:00+05:30,2966.1,2967.9,2940.0,2944.6,240693
2025-06-23T10:00:00+05:30,2942.7,2959.5,2936.8,2955.0,120689
2025-06-23T10:15:00+05:30,2953.8,2955.0,2926.4,2942.9,148426
2025-06-23T10:30:00+05:30,2944.0,2948.8,2938.0,2947.0,48073
2025-06-23T10:45:00+05:30,2948.0,2953.0,2942.3,2949.8,45705
2025-06-23T11:00:00+05:30,2949.8,2959.0,2937.0,2946.1,68112
2025-06-23T11:15:00+05:30,2946.1,2949.0,2941.5,2946.9,20525
2025-06-23T11:30:00+05:30,2946.9,2963.4,2945.3,2959.6,54486
2025-06-23T11:45:00+05:30,2959.1,2960.1,2945.0,2948.9,34270
2025-06-23T12:00:00+05:30,2948.6,2957.0,2947.0,2951.0,21008
2025-06-23T12:15:00+05:30,2951.7,2954.5,2949.0,2951.9,15797
2025-06-23T12:30:00+05:30,2952.9,2955.0,2949.9,2952.5,16475
2025-06-23T12:45:00+05:30,2952.5,2954.9,2947.8,2948.0,17638
2025-06-23T13:00:00+05:30,2948.0,2957.6,2946.7,2957.5,21598
2025-06-23T13:15:00+05:30,2957.7,2965.0,2951.0,2961.0,37841
2025-06-23T13:30:00+05:30,2961.6,2962.0,2955.0,2956.9,25791
2025-06-23T13:45:00+05:30,2955.7,2957.9,2950.0,2957.0,17352
2025-06-23T14:00:00+05:30,2957.5,2963.0,2954.5,2955.0,27281
2025-06-23T14:15:00+05:30,2955.0,2956.2,2942.2,2948.5,38922
2025-06-23T14:30:00+05:30,2948.5,2951.0,2944.0,2947.0,39644
2025-06-23T14:45:00+05:30,2947.9,2948.7,2944.0,2945.1,25884
2025-06-23T15:00:00+05:30,2945.2,2948.0,2925.0,2930.7,133661
2025-06-23T15:15:00+05:30,2930.1,2939.0,2917.0,2921.9,171380
2025-06-24T09:15:00+05:30,2976.4,2987.0,2921.9,2933.9,338705
2025-06-24T09:30:00+05:30,2933.9,2934.6,2901.0,2903.7,154897
2025-06-24T09:45:00+05:30,2904.0,2925.0,2901.3,2921.0,84254
2025-06-24T10:00:00+05:30,2921.0,2973.0,2920.5,2945.6,213194
2025-06-24T10:15:00+05:30,2945.6,2974.0,2931.4,2937.8,141592
2025-06-24T10:30:00+05:30,2937.6,2949.6,2930.1,2948.9,48295
2025-06-24T10:45:00+05:30,2948.9,2964.4,2944.1,2952.0,55584
2025-06-24T11:00:00+05:30,2952.0,3048.0,2950.1,3032.9,374538
2025-06-24T11:15:00+05:30,3032.9,3042.0,2976.0,2985.7,389517
2025-06-24T11:30:00+05:30,2984.9,3009.8,2982.6,2993.1,148725
2025-06-24T11:45:00+05:30,2994.0,3018.0,2993.4,3000.4,184552
2025-06-24T12:00:00+05:30,3002.0,3005.4,2991.0,2992.9,74693
2025-06-24T12:15:00+05:30,2992.9,3001.0,2987.1,3000.8,55580
2025-06-24T12:30:00+05:30,3001.0,3020.0,2978.0,2987.6,202625
2025-06-24T12:45:00+05:30,2987.5,2993.0,2972.1,2982.1,75985
2025-06-24T13:00:00+05:30,2983.0,2988.3,2972.2,2980.5,39231
2025-06-24T13:15:00+05:30,2981.0,2982.0,2955.0,2956.5,103152
2025-06-24T13:30:00+05:30,2957.0,2958.8,2942.5,2948.3,119227
2025-06-24T13:45:00+05:30,2948.3,2952.0,2938.0,2945.1,73046
2025-06-24T14:00:00+05:30,2947.0,2953.9,2941.0,2949.0,42864
2025-06-24T14:15:00+05:30,2949.0,2955.8,2935.0,2952.0,69758
2025-06-24T14:30:00+05:30,2951.8,2975.3,2950.0,2970.9,149791
2025-06-24T14:45:00+05:30,2971.0,2978.0,2965.3,2967.0,54242
2025-06-24T15:00:00+05:30,2967.8,2984.0,2950.1,2972.2,143369
2025-06-24T15:15:00+05:30,2970.8,2984.8,2961.4,2980.1,192211
2025-06-25T09:15:00+05:30,3000.0,3082.3,2998.9,3068.4,1093021
2025-06-25T09:30:00+05:30,3068.3,3095.0,3037.0,3044.5,825775
2025-06-25T09:45:00+05:30,3045.0,3049.4,3023.1,3039.3,341228
2025-06-25T10:00:00+05:30,3038.8,3039.7,2987.0,3010.0,331247
2025-06-25T10:15:00+05:30,3009.0,3025.0,3003.9,3007.7,214059
2025-06-25T10:30:00+05:30,3007.7,3013.0,2990.0,2997.4,134822
2025-06-25T10:45:00+05:30,2996.0,3004.8,2991.8,3000.0,72647
2025-06-25T11:00:00+05:30,2999.9,3006.8,2992.5,2996.9,62067
2025-06-25T11:15:00+05:30,2997.4,3005.8,2991.0,3004.5,46724
2025-06-25T11:30:00+05:30,3003.3,3009.9,2995.0,3008.0,43117
2025-06-25T11:45:00+05:30,3008.0,3008.6,2997.0,2999.0,36179
2025-06-25T12:00:00+05:30,2999.0,3000.0,2989.0,2989.9,50869
2025-06-25T12:15:00+05:30,2989.0,2990.3,2974.5,2983.5,101201
2025-06-25T12:30:00+05:30,2983.9,2984.0,2956.0,2958.9,136218
2025-06-25T12:45:00+05:30,2958.5,2961.9,2942.0,2947.4,201193
2025-06-25T13:00:00+05:30,2948.9,2963.0,2944.0,2958.1,60270
2025-06-25T13:15:00+05:30,2959.1,2968.5,2951.0,2965.7,77569
2025-06-25T13:30:00+05:30,2967.0,2975.0,2964.5,2974.0,58517
2025-06-25T13:45:00+05:30,2974.0,2975.0,2959.1,2964.0,48747
2025-06-25T14:00:00+05:30,2964.0,2969.0,2960.0,2961.0,39318
2025-06-25T14:15:00+05:30,2961.2,2966.0,2955.6,2962.1,33305
2025-06-25T14:30:00+05:30,2962.0,2964.5,2950.0,2959.0,108457
2025-06-25T14:45:00+05:30,2959.0,2963.0,2950.0,2954.2,71567
2025-06-25T15:00:00+05:30,2954.1,2958.0,2938.0,2939.0,181008
2025-06-25T15:15:00+05:30,2939.5,2947.3,2933.0,2942.0,257338
2025-06-26T09:15:00+05:30,2961.0,2968.4,2917.4,2939.6,249575
2025-06-26T09:30:00+05:30,2939.0,2963.0,2930.0,2934.6,132508
2025-06-26T09:45:00+05:30,2934.7,2949.0,2934.7,2943.8,42510
2025-06-26T10:00:00+05:30,2944.7,2948.0,2925.0,2927.7,46886
2025-06-26T10:15:00+05:30,2927.4,2939.0,2927.3,2932.5,21707
2025-06-26T10:30:00+05:30,2934.1,2954.6,2929.0,2941.9,42131
2025-06-26T10:45:00+05:30,2941.0,2944.6,2925.0,2926.9,27756
2025-06-26T11:00:00+05:30,2926.9,2944.0,2925.0,2937.0,51145
2025-06-26T11:15:00+05:30,2935.8,2937.0,2930.0,2931.0,18361
2025-06-26T11:30:00+05:30,2931.9,2933.7,2925.0,2928.8,23406
2025-06-26T11:45:00+05:30,2927.7,2935.0,2924.3,2933.4,15912
2025-06-26T12:00:00+05:30,2933.4,2935.0,2930.2,2931.1,8171
2025-06-26T12:15:00+05:30,2931.4,2935.0,2930.1,2934.0,7619
2025-06-26T12:30:00+05:30,2935.0,2940.0,2933.5,2939.2,29326
2025-06-26T12:45:00+05:30,2939.2,2942.0,2931.6,2940.1,24186
2025-06-26T13:00:00+05:30,2941.6,2943.0,2935.0,2939.5,13216
2025-06-26T13:15:00+05:30,2938.2,2947.0,2937.8,2941.0,26814
2025-06-26T13:30:00+05:30,2942.0,2948.0,2940.5,2945.0,21721
2025-06-26T13:45:00+05:30,2944.5,2947.0,2935.3,2939.0,20248
2025-06-26T14:00:00+05:30,2939.0,2940.0,2933.0,2933.0,16630
2025-06-26T14:15:00+05:30,2933.0,2937.0,2931.9,2935.8,17814
2025-06-26T14:30:00+05:30,2935.8,2943.2,2934.5,2938.7,17373
2025-06-26T14:45:00+05:30,2938.6,2958.7,2935.7,2947.7,57790
2025-06-26T15:00:00+05:30,2947.6,2953.0,2940.0,2942.9,48089
2025-06-26T15:15:00+05:30,2943.0,2956.0,2938.0,2950.0,137104
2025-06-27T09:15:00+05:30,2962.0,2994.0,2961.4,2968.0,223400
2025-06-27T09:30:00+05:30,2968.0,2996.0,2956.8,2975.0,116620
2025-06-27T09:45:00+05:30,2976.7,2985.0,2971.0,2976.1,52278
2025-06-27T10:00:00+05:30,2976.1,2992.0,2972.0,2985.4,62314
2025-06-27T10:15:00+05:30,2987.4,3010.6,2967.9,2974.1,186279
2025-06-27T10:30:00+05:30,2975.0,2977.5,2965.0,2969.4,38074
2025-06-27T10:45:00+05:30,2969.4,2970.6,2961.1,2963.3,28252
2025-06-27T11:00:00+05:30,2963.3,2969.8,2961.3,2967.4,21652
2025-06-27T11:15:00+05:30,2967.3,2973.8,2966.2,2970.8,13800
2025-06-27T11:30:00+05:30,2969.1,2973.2,2965.1,2969.2,14161
2025-06-27T11:45:00+05:30,2967.3,2970.0,2952.3,2955.3,40602
2025-06-27T12:00:00+05:30,2957.0,2958.0,2948.1,2954.9,33290
2025-06-27T12:15:00+05:30,2955.0,2958.0,2948.0,2953.2,25678
2025-06-27T12:30:00+05:30,2953.1,2958.0,2950.0,2955.4,13009
2025-06-27T12:45:00+05:30,2956.3,2956.4,2941.1,2943.0,28478
2025-06-27T13:00:00+05:30,2943.1,2949.8,2935.0,2947.6,40971
2025-06-27T13:15:00+05:30,2947.6,2948.6,2937.0,2944.8,13874
2025-06-27T13:30:00+05:30,2945.0,2950.1,2939.9,2943.1,13720
2025-06-27T13:45:00+05:30,2944.8,2944.8,2937.3,2943.0,11281
2025-06-27T14:00:00+05:30,2943.0,2943.0,2938.0,2940.4,12372
2025-06-27T14:15:00+05:30,2940.4,2942.0,2931.0,2937.5,22035
2025-06-27T14:30:00+05:30,2937.2,2945.9,2933.9,2943.7,19161
2025-06-27T14:45:00+05:30,2943.7,2944.6,2935.0,2942.0,31050
2025-06-27T15:00:00+05:30,2941.4,2953.4,2940.0,2947.0,79228
2025-06-27T15:15:00+05:30,2947.9,2952.0,2941.1,2941.3,101812
2025-06-30T09:15:00+05:30,2986.0,3065.0,2972.1,3015.8,1083037
2025-06-30T09:30:00+05:30,3016.4,3030.0,2989.6,3013.0,350647
2025-06-30T09:45:00+05:30,3011.3,3024.4,3001.0,3021.3,151520
2025-06-30T10:00:00+05:30,3021.3,3069.9,3017.1,3038.9,578298
2025-06-30T10:15:00+05:30,3038.0,3038.0,3004.5,3014.4,245369
2025-06-30T10:30:00+05:30,3015.0,3028.0,3012.0,3017.9,89257
2025-06-30T10:45:00+05:30,3017.9,3029.0,3011.4,3019.0,48209
2025-06-30T11:00:00+05:30,3019.0,3069.7,3016.0,3052.0,226905
2025-06-30T11:15:00+05:30,3051.3,3097.4,3051.1,3091.6,865003
2025-06-30T11:30:00+05:30,3092.0,3099.9,3071.0,3079.0,477408
2025-06-30T11:45:00+05:30,3079.9,3129.8,3077.0,3121.6,819370
2025-06-30T12:00:00+05:30,3121.6,3134.4,3105.9,3118.4,458114
2025-06-30T12:15:00+05:30,3118.4,3125.0,3096.0,3116.3,284406
2025-06-30T12:30:00+05:30,3116.4,3140.0,3116.2,3134.9,378532
2025-06-30T12:45:00+05:30,3134.8,3136.6,3106.0,3113.8,250977
2025-06-30T13:00:00+05:30,3112.5,3113.8,3091.0,3102.2,201592
2025-06-30T13:15:00+05:30,3103.3,3108.8,3082.0,3102.5,234481
2025-06-30T13:30:00+05:30,3102.5,3108.0,3089.7,3103.3,115424
2025-06-30T13:45:00+05:30,3103.3,3106.2,3076.0,3091.0,158751
2025-06-30T14:00:00+05:30,3090.1,3092.0,3080.2,3083.9,101927
2025-06-30T14:15:00+05:30,3083.9,3128.5,3083.0,3123.7,310972
2025-06-30T14:30:00+05:30,3123.8,3125.0,3104.0,3117.0,189272
2025-06-30T14:45:00+05:30,3117.0,3138.0,3111.6,3128.8,314226
2025-06-30T15:00:00+05:30,3128.5,3147.8,3122.1,3130.6,458997
2025-06-30T15:15:00+05:30,3132.7,3154.0,3130.4,3149.9,681917
2025-07-01T09:15:00+05:30,3178.0,3197.0,3140.1,3144.0,923290
2025-07-01T09:30:00+05:30,3144.0,3165.0,3133.5,3158.8,320646
2025-07-01T09:45:00+05:30,3159.7,3161.9,3095.1,3117.7,421717
2025-07-01T10:00:00+05:30,3119.0,3125.4,3090.0,3095.0,177250
2025-07-01T10:15:00+05:30,3096.2,3100.0,3080.0,3099.5,155165
2025-07-01T10:30:00+05:30,3099.8,3104.9,3088.5,3096.0,90856
2025-07-01T10:45:00+05:30,3096.0,3106.9,3091.7,3101.7,67067
2025-07-01T11:00:00+05:30,3101.2,3109.0,3096.8,3105.0,60332
2025-07-01T11:15:00+05:30,3105.0,3114.9,3100.0,3112.1,46475
2025-07-01T11:30:00+05:30,3113.0,3118.0,3103.0,3107.0,60500
2025-07-01T11:45:00+05:30,3107.0,3108.0,3088.0,3096.2,64070
2025-07-01T12:00:00+05:30,3097.7,3100.0,3093.0,3099.0,22943
2025-07-01T12:15:00+05:30,3099.0,3105.8,3095.5,3099.4,26923
2025-07-01T12:30:00+05:30,3099.4,3125.0,3098.0,3106.0,131784
2025-07-01T12:45:00+05:30,3106.0,3109.9,3059.5,3063.0,172643
2025-07-01T13:00:00+05:30,3064.0,3064.4,3042.0,3058.5,205848
2025-07-01T13:15:00+05:30,3058.0,3067.0,3042.0,3064.5,112444
2025-07-01T13:30:00+05:30,3064.9,3074.6,3064.5,3071.7,80018
2025-07-01T13:45:00+05:30,3072.6,3076.6,3065.0,3069.5,55396
2025-07-01T14:00:00+05:30,3070.5,3074.5,3066.8,3074.4,29039
2025-07-01T14:15:00+05:30,3074.4,3075.0,3065.0,3066.3,38207
2025-07-01T14:30:00+05:30,3067.0,3075.6,3065.0,3070.2,50995
2025-07-01T14:45:00+05:30,3071.0,3076.0,3061.0,3064.0,68499
2025-07-01T15:00:00+05:30,3064.6,3069.9,3051.0,3059.7,132041
2025-07-01T15:15:00+05:30,3059.1,3069.9,3052.0,3068.9,237360
2025-07-02T09:15:00+05:30,3073.9,3107.9,3004.3,3009.0,581455
2025-07-02T09:30:00+05:30,3009.1,3025.0,2991.0,3014.0,245111
2025-07-02T09:45:00+05:30,3013.7,3023.0,2985.0,2993.9,201766
2025-07-02T10:00:00+05:30,2993.9,2998.9,2985.1,2990.6,90767
2025-07-02T10:15:00+05:30,2990.9,2999.0,2985.0,2996.5,91700
2025-07-02T10:30:00+05:30,2996.3,2996.3,2985.0,2992.0,48080
2025-07-02T10:45:00+05:30,2992.0,2997.0,2982.0,2991.8,47744
2025-07-02T11:00:00+05:30,2991.7,3011.0,2989.5,3008.6,83946
2025-07-02T11:15:00+05:30,3008.6,3010.6,3001.1,3006.0,37738
2025-07-02T11:30:00+05:30,3006.0,3010.0,2990.1,2992.1,62393
2025-07-02T11:45:00+05:30,2993.9,2999.3,2985.5,2989.0,44312
2025-07-02T12:00:00+05:30,2990.4,2995.0,2988.0,2993.0,23766
2025-07-02T12:15:00+05:30,2992.0,2993.2,2965.0,2971.2,162599
2025-07-02T12:30:00+05:30,2971.2,2978.9,2969.0,2974.8,48031
2025-07-02T12:45:00+05:30,2974.0,2979.8,2970.5,2974.0,37689
2025-07-02T13:00:00+05:30,2974.0,2983.4,2967.4,2971.0,59083
2025-07-02T13:15:00+05:30,2972.0,2972.0,2955.0,2961.0,84799
2025-07-02T13:30:00+05:30,2962.0,2967.8,2956.0,2964.3,43992
2025-07-02T13:45:00+05:30,2964.3,2967.0,2960.0,2961.2,29416
2025-07-02T14:00:00+05:30,2962.0,2972.0,2960.2,2970.8,33441
2025-07-02T14:15:00+05:30,2971.0,2974.7,2965.1,2967.6,35354
2025-07-02T14:30:00+05:30,2968.0,2970.0,2964.0,2967.7,31439
2025-07-02T14:45:00+05:30,2967.9,2972.9,2963.6,2964.0,44683
2025-07-02T15:00:00+05:30,2964.9,2967.0,2957.0,2962.0,112857
2025-07-02T15:15:00+05:30,2961.1,2974.0,2955.5,2972.0,221287
2025-07-03T09:15:00+05:30,2977.0,2989.0,2940.0,2948.9,297996
2025-07-03T09:30:00+05:30,2948.9,2974.0,2931.2,2947.4,153185
2025-07-03T09:45:00+05:30,2947.0,2974.3,2940.9,2972.0,89808
2025-07-03T10:00:00+05:30,2971.9,2978.0,2956.0,2960.5,79354
2025-07-03T10:15:00+05:30,2960.7,2968.1,2958.0,2965.6,34169
2025-07-03T10:30:00+05:30,2965.6,2967.1,2958.0,2961.1,16998
2025-07-03T10:45:00+05:30,2961.1,2988.8,2956.0,2982.3,61389
2025-07-03T11:00:00+05:30,2982.3,2999.0,2975.6,2992.6,177383
2025-07-03T11:15:00+05:30,2992.6,2995.0,2980.6,2982.3,43332
2025-07-03T11:30:00+05:30,2982.5,3013.9,2980.3,3003.0,137015
2025-07-03T11:45:00+05:30,3003.4,3014.4,2991.1,3009.9,64025
2025-07-03T12:00:00+05:30,3010.0,3015.0,3002.0,3005.9,64894
2025-07-03T12:15:00+05:30,3006.0,3006.5,3001.0,3003.2,30265
2025-07-03T12:30:00+05:30,3002.5,3009.0,3001.1,3005.2,21905
2025-07-03T12:45:00+05:30,3005.2,3013.0,3002.5,3008.2,29265
2025-07-03T13:00:00+05:30,3006.9,3010.0,3001.1,3003.1,25566
2025-07-03T13:15:00+05:30,3003.1,3006.4,2993.2,3006.0,44554
2025-07-03T13:30:00+05:30,3006.0,3012.9,3003.3,3008.0,28235
2025-07-03T13:45:00+05:30,3008.7,3009.0,3001.6,3005.0,20302
2025-07-03T14:00:00+05:30,3006.8,3006.8,3001.3,3003.4,14287
2025-07-03T14:15:00+05:30,3004.0,3008.6,3002.0,3003.2,28209
2025-07-03T14:30:00+05:30,3002.5,3003.0,2984.1,3001.0,74941
2025-07-03T14:45:00+05:30,3001.0,3004.1,2996.4,3000.9,33191
2025-07-03T15:00:00+05:30,3001.4,3001.6,2992.0,2996.0,52876
2025-07-03T15:15:00+05:30,2994.2,2997.0,2985.0,2989.0,102757
2025-07-04T09:15:00+05:30,2994.0,3011.0,2974.0,3007.6,172310
2025-07-04T09:30:00+05:30,3007.7,3012.0,2980.9,3001.9,72672
2025-07-04T09:45:00+05:30,3000.2,3016.0,2996.0,3000.0,69985
2025-07-04T10:00:00+05:30,3000.1,3021.0,2996.0,3013.9,61848
2025-07-04T10:15:00+05:30,3013.9,3019.0,3004.3,3008.1,30048
2025-07-04T10:30:00+05:30,3008.1,3011.5,2998.0,3005.0,32636
2025-07-04T10:45:00+05:30,3005.0,3006.8,2995.1,2999.0,21027
2025-07-04T11:00:00+05:30,2998.0,3002.0,2988.6,2995.0,27246
2025-07-04T11:15:00+05:30,2995.1,2999.9,2986.2,2988.0,26301
2025-07-04T11:30:00+05:30,2988.6,2993.4,2982.2,2982.3,22316
2025-07-04T11:45:00+05:30,2982.3,2984.5,2970.0,2973.6,59614
2025-07-04T12:00:00+05:30,2974.5,2979.0,2972.2,2977.0,22280
2025-07-04T12:15:00+05:30,2977.3,2978.9,2973.2,2976.0,12856
2025-07-04T12:30:00+05:30,2977.0,2978.4,2967.1,2971.7,22444
2025-07-04T12:45:00+05:30,2971.7,2975.0,2966.0,2969.9,14288
2025-07-04T13:00:00+05:30,2968.8,2977.1,2966.8,2972.5,12735
2025-07-04T13:15:00+05:30,2973.8,2984.5,2971.7,2976.9,18664
2025-07-04T13:30:00+05:30,2976.9,2977.9,2968.3,2969.1,14043
2025-07-04T13:45:00+05:30,2970.0,2977.8,2968.5,2975.0,8653
2025-07-04T14:00:00+05:30,2975.0,2976.0,2970.0,2971.5,9634
2025-07-04T14:15:00+05:30,2974.0,2977.0,2963.1,2965.7,22440
2025-07-04T14:30:00+05:30,2966.0,2979.0,2965.1,2977.0,16968
2025-07-04T14:45:00+05:30,2976.9,2986.1,2973.0,2977.4,29599
2025-07-04T15:00:00+05:30,2977.4,2982.0,2973.0,2981.8,43789
2025-07-04T15:15:00+05:30,2981.8,2982.0,2973.2,2978.0,85243
2025-07-07T09:15:00+05:30,2978.0,3005.0,2961.5,2987.1,130205
2025-07-07T09:30:00+05:30,2988.0,2996.3,2984.2,2988.8,32493
2025-07-07T09:45:00+05:30,2988.1,2998.5,2982.7,2992.0,32460
2025-07-07T10:00:00+05:30,2990.8,2992.6,2974.1,2977.7,32115
2025-07-07T10:15:00+05:30,2977.9,2984.0,2975.1,2975.4,17892
2025-07-07T10:30:00+05:30,2975.0,2985.0,2974.2,2983.0,6850
2025-07-07T10:45:00+05:30,2983.8,2984.9,2976.8,2980.9,9181
2025-07-07T11:00:00+05:30,2981.4,2982.0,2978.6,2978.6,6190
2025-07-07T11:15:00+05:30,2978.6,2983.8,2978.2,2980.9,6596
2025-07-07T11:30:00+05:30,2981.8,2983.5,2977.6,2980.1,5115
2025-07-07T11:45:00+05:30,2980.7,2983.0,2976.0,2981.9,8992
2025-07-07T12:00:00+05:30,2981.2,2982.0,2971.5,2972.3,10674
2025-07-07T12:15:00+05:30,2972.4,2973.4,2967.7,2970.2,19430
2025-07-07T12:30:00+05:30,2970.1,2970.1,2964.0,2966.5,14490
2025-07-07T12:45:00+05:30,2966.5,2968.7,2957.2,2958.9,20905
2025-07-07T13:00:00+05:30,2959.6,2960.8,2957.6,2959.1,11322
2025-07-07T13:15:00+05:30,2960.3,2963.3,2958.4,2960.6,15096
2025-07-07T13:30:00+05:30,2960.6,2962.8,2940.0,2948.7,40908
2025-07-07T13:45:00+05:30,2948.5,2948.5,2931.0,2931.1,66333
2025-07-07T14:00:00+05:30,2932.1,2936.4,2917.8,2929.5,101611
2025-07-07T14:15:00+05:30,2929.5,2931.4,2915.0,2920.0,54954
2025-07-07T14:30:00+05:30,2920.0,2924.1,2915.0,2923.0,38844
2025-07-07T14:45:00+05:30,2923.0,2926.4,2916.2,2924.6,69895
2025-07-07T15:00:00+05:30,2925.7,2940.0,2910.8,2917.4,385217
2025-07-07T15:15:00+05:30,2917.2,2920.0,2905.0,2910.0,137759
2025-07-08T09:15:00+05:30,2919.9,3009.0,2917.0,2985.3,314567
2025-07-08T09:30:00+05:30,2985.2,3038.6,2976.3,3020.3,457025
2025-07-08T09:45:00+05:30,3020.0,3030.0,3005.5,3011.1,255527
2025-07-08T10:00:00+05:30,3011.1,3014.4,2994.2,3001.6,178769
2025-07-08T10:15:00+05:30,3003.8,3005.0,2985.1,2987.7,97051
2025-07-08T10:30:00+05:30,2986.2,2999.0,2980.0,2983.1,125504
2025-07-08T10:45:00+05:30,2983.5,2998.8,2980.0,2997.6,54043
2025-07-08T11:00:00+05:30,2997.5,3000.0,2991.2,2998.6,46439
2025-07-08T11:15:00+05:30,2999.5,3044.0,2996.3,3032.1,313934
2025-07-08T11:30:00+05:30,3032.3,3047.0,3031.7,3041.1,191999
2025-07-08T11:45:00+05:30,3041.1,3049.8,3025.0,3027.3,198165
2025-07-08T12:00:00+05:30,3028.0,3035.0,3020.0,3033.6,92467
2025-07-08T12:15:00+05:30,3033.6,3035.0,3000.0,3019.7,199604
2025-07-08T12:30:00+05:30,3018.0,3020.5,3014.3,3017.0,44205
2025-07-08T12:45:00+05:30,3017.0,3024.5,3009.9,3021.0,77555
2025-07-08T13:00:00+05:30,3021.0,3038.0,3021.0,3036.1,64165
2025-07-08T13:15:00+05:30,3037.0,3048.6,3030.3,3045.6,135535
2025-07-08T13:30:00+05:30,3045.9,3047.0,3038.1,3038.9,54704
2025-07-08T13:45:00+05:30,3038.9,3040.6,3028.0,3036.8,65302
2025-07-08T14:00:00+05:30,3036.8,3038.5,3021.5,3024.3,54504
2025-07-08T14:15:00+05:30,3024.0,3027.0,3015.0,3018.6,54483
2025-07-08T14:30:00+05:30,3019.8,3043.0,3018.6,3040.2,134502
2025-07-08T14:45:00+05:30,3040.2,3057.0,3035.0,3056.0,194363
2025-07-08T15:00:00+05:30,3056.0,3074.9,3050.0,3072.4,305903
2025-07-08T15:15:00+05:30,3072.0,3083.0,3060.6,3067.0,357239
2025-07-09T09:15:00+05:30,3055.0,3144.4,3046.0,3128.0,799749
2025-07-09T09:30:00+05:30,3127.7,3144.0,3118.0,3135.7,280484
2025-07-09T09:45:00+05:30,3134.7,3153.2,3111.0,3112.9,418095
2025-07-09T10:00:00+05:30,3111.1,3115.3,3076.6,3109.4,376037
2025-07-09T10:15:00+05:30,3109.4,3148.3,3104.5,3132.0,273255
2025-07-09T10:30:00+05:30,3132.3,3144.9,3128.0,3135.4,151929
2025-07-09T10:45:00+05:30,3137.2,3137.2,3115.3,3121.0,88968
2025-07-09T11:00:00+05:30,3121.0,3130.0,3115.1,3116.1,67029
2025-07-09T11:15:00+05:30,3117.0,3126.0,3112.3,3125.0,50270
2025-07-09T11:30:00+05:30,3124.8,3150.0,3120.1,3147.0,232166
2025-07-09T11:45:00+05:30,3146.9,3149.0,3130.1,3135.0,85515
2025-07-09T12:00:00+05:30,3135.0,3159.1,3128.2,3152.6,204993
2025-07-09T12:15:00+05:30,3152.6,3156.0,3123.0,3128.8,193067
2025-07-09T12:30:00+05:30,3127.1,3132.9,3120.5,3129.6,67539
2025-07-09T12:45:00+05:30,3127.8,3128.8,3121.6,3124.9,43328
2025-07-09T13:00:00+05:30,3124.5,3128.0,3118.0,3124.8,48316
2025-07-09T13:15:00+05:30,3124.0,3124.0,3105.8,3110.6,69164
2025-07-09T13:30:00+05:30,3112.3,3113.7,3105.9,3110.0,53246
2025-07-09T13:45:00+05:30,3110.8,3115.0,3105.4,3110.9,37742
2025-07-09T14:00:00+05:30,3110.0,3114.0,3106.0,3110.8,32553
2025-07-09T14:15:00+05:30,3110.4,3115.0,3106.1,3108.9,38971
2025-07-09T14:30:00+05:30,3108.9,3115.0,3090.0,3110.0,82087
2025-07-09T14:45:00+05:30,3109.0,3114.9,3103.4,3113.3,53885
2025-07-09T15:00:00+05:30,3114.0,3128.1,3113.3,3116.7,143305
2025-07-09T15:15:00+05:30,3116.7,3126.0,3110.5,3124.0,222534
2025-07-10T09:15:00+05:30,3129.5,3181.0,3128.2,3167.0,511056
2025-07-10T09:30:00+05:30,3167.1,3172.5,3129.7,3135.8,230324
2025-07-10T09:45:00+05:30,3135.7,3175.8,3133.3,3159.1,169217
2025-07-10T10:00:00+05:30,3159.4,3173.5,3137.6,3143.3,119843
2025-07-10T10:15:00+05:30,3142.2,3150.0,3133.1,3141.8,69687
2025-07-10T10:30:00+05:30,3142.3,3143.5,3130.0,3133.0,62881
2025-07-10T10:45:00+05:30,3132.0,3135.0,3125.0,3133.0,50916
2025-07-10T11:00:00+05:30,3133.0,3138.3,3128.0,3133.2,30594
2025-07-10T11:15:00+05:30,3133.4,3148.8,3131.1,3148.7,50363
2025-07-10T11:30:00+05:30,3148.7,3175.6,3145.8,3164.0,230294
2025-07-10T11:45:00+05:30,3164.0,3171.8,3150.1,3169.6,63524
2025-07-10T12:00:00+05:30,3169.5,3171.0,3157.5,3163.0,54780
2025-07-10T12:15:00+05:30,3163.0,3175.0,3162.0,3170.0,82995
2025-07-10T12:30:00+05:30,3170.5,3170.5,3157.2,3158.2,48827
2025-07-10T12:45:00+05:30,3158.5,3164.9,3158.0,3159.1,30507
2025-07-10T13:00:00+05:30,3159.8,3164.0,3156.8,3159.0,24748
2025-07-10T13:15:00+05:30,3159.0,3166.0,3157.7,3160.8,29541
2025-07-10T13:30:00+05:30,3160.8,3165.7,3153.0,3155.0,41676
2025-07-10T13:45:00+05:30,3155.0,3157.5,3150.0,3154.0,37419
2025-07-10T14:00:00+05:30,3154.2,3158.0,3148.1,3152.5,36249
2025-07-10T14:15:00+05:30,3152.5,3162.1,3151.0,3158.2,33028
2025-07-10T14:30:00+05:30,3158.2,3178.7,3153.6,3171.0,121395
2025-07-10T14:45:00+05:30,3171.2,3171.7,3161.5,3168.9,50181
2025-07-10T15:00:00+05:30,3169.0,3174.0,3163.5,3169.0,90248
2025-07-10T15:15:00+05:30,3168.1,3178.9,3161.5,3168.0,203678
2025-07-11T09:15:00+05:30,3175.0,3192.0,3147.2,3155.0,330700
2025-07-11T09:30:00+05:30,3155.2,3156.6,3141.1,3146.7,109158
2025-07-11T09:45:00+05:30,3146.7,3148.0,3133.0,3135.7,74209
2025-07-11T10:00:00+05:30,3137.0,3140.0,3130.0,3130.1,46028
2025-07-11T10:15:00+05:30,3130.1,3140.0,3121.2,3121.3,45766
2025-07-11T10:30:00+05:30,3121.4,3124.5,3107.4,3114.0,69077
2025-07-11T10:45:00+05:30,3113.0,3113.9,3100.0,3100.5,60661
2025-07-11T11:00:00+05:30,3100.5,3101.0,3085.0,3096.2,97545
2025-07-11T11:15:00+05:30,3097.0,3098.9,3082.0,3090.0,42523
2025-07-11T11:30:00+05:30,3089.6,3096.4,3088.8,3089.0,29343
2025-07-11T11:45:00+05:30,3090.0,3096.9,3089.0,3089.5,27913
2025-07-11T12:00:00+05:30,3089.5,3090.0,3071.1,3071.5,37827
2025-07-11T12:15:00+05:30,3071.1,3079.8,3070.1,3077.0,33746
2025-07-11T12:30:00+05:30,3077.0,3088.9,3070.1,3081.0,43815
2025-07-11T12:45:00+05:30,3081.0,3093.0,3080.6,3090.8,24298
2025-07-11T13:00:00+05:30,3090.8,3094.0,3087.7,3090.4,13576
2025-07-11T13:15:00+05:30,3090.5,3106.6,3088.3,3102.0,46896
2025-07-11T13:30:00+05:30,3102.9,3109.2,3098.1,3099.4,38848
2025-07-11T13:45:00+05:30,3099.4,3105.0,3099.4,3102.7,11171
2025-07-11T14:00:00+05:30,3102.7,3108.0,3097.8,3107.3,22058
2025-07-11T14:15:00+05:30,3107.3,3118.0,3105.3,3115.5,38734
2025-07-11T14:30:00+05:30,3115.9,3115.9,3104.2,3106.7,27661
2025-07-11T14:45:00+05:30,3107.0,3110.0,3100.0,3107.9,26166
2025-07-11T15:00:00+05:30,3107.8,3117.0,3107.0,3111.8,67846
2025-07-11T15:15:00+05:30,3111.8,3115.0,3106.2,3108.8,123256
2025-07-14T09:15:00+05:30,3113.8,3142.0,3078.5,3140.8,251845
2025-07-14T09:30:00+05:30,3140.8,3144.0,3124.0,3135.0,90700
2025-07-14T09:45:00+05:30,3135.0,3165.0,3131.0,3164.0,146980
2025-07-14T10:00:00+05:30,3164.0,3169.5,3161.0,3165.0,69029
2025-07-14T10:15:00+05:30,3164.9,3168.0,3145.0,3149.2,44894
2025-07-14T10:30:00+05:30,3149.3,3152.8,3142.0,3147.1,30081
2025-07-14T10:45:00+05:30,3147.1,3157.9,3146.3,3152.4,18405
2025-07-14T11:00:00+05:30,3154.0,3175.0,3151.2,3171.6,70325
2025-07-14T11:15:00+05:30,3171.6,3177.8,3161.2,3163.9,78865
2025-07-14T11:30:00+05:30,3165.0,3165.8,3153.9,3159.0,30487
2025-07-14T11:45:00+05:30,3159.0,3168.0,3154.1,3160.4,35659
2025-07-14T12:00:00+05:30,3160.4,3165.0,3156.0,3163.7,22363
2025-07-14T12:15:00+05:30,3165.0,3183.0,3161.7,3178.0,88922
2025-07-14T12:30:00+05:30,3177.0,3234.0,3176.4,3227.7,472090
2025-07-14T12:45:00+05:30,3226.2,3232.0,3207.0,3210.0,141496
2025-07-14T13:00:00+05:30,3209.3,3219.5,3195.0,3202.6,119042
2025-07-14T13:15:00+05:30,3201.2,3229.7,3200.5,3204.3,115761
2025-07-14T13:30:00+05:30,3204.1,3208.4,3185.0,3198.8,98796
2025-07-14T13:45:00+05:30,3197.0,3205.0,3182.0,3185.8,49443
2025-07-14T14:00:00+05:30,3186.0,3194.0,3181.4,3189.9,38113
2025-07-14T14:15:00+05:30,3189.9,3195.5,3188.0,3192.9,32373
2025-07-14T14:30:00+05:30,3191.5,3207.3,3188.2,3202.9,39836
2025-07-14T14:45:00+05:30,3203.0,3205.0,3190.0,3204.2,44060
2025-07-14T15:00:00+05:30,3204.0,3213.0,3193.3,3194.0,120323
2025-07-14T15:15:00+05:30,3195.8,3203.8,3185.0,3189.0,154077
2025-07-15T09:15:00+05:30,3199.4,3227.0,3190.9,3203.5,217567
2025-07-15T09:30:00+05:30,3202.8,3226.9,3193.0,3204.0,126280
2025-07-15T09:45:00+05:30,3203.6,3215.3,3194.0,3197.6,59403
2025-07-15T10:00:00+05:30,3196.3,3211.0,3196.3,3201.2,33672
2025-07-15T10:15:00+05:30,3202.6,3207.0,3200.0,3206.0,20660
2025-07-15T10:30:00+05:30,3206.0,3220.6,3195.0,3211.0,72275
2025-07-15T10:45:00+05:30,3211.0,3248.9,3211.0,3246.2,207049
2025-07-15T11:00:00+05:30,3246.2,3248.0,3221.0,3222.0,89869
2025-07-15T11:15:00+05:30,3221.1,3234.3,3219.1,3230.0,40047
2025-07-15T11:30:00+05:30,3230.0,3232.0,3226.0,3229.9,19966
2025-07-15T11:45:00+05:30,3228.4,3264.9,3225.0,3264.0,154933
2025-07-15T12:00:00+05:30,3264.0,3280.0,3260.3,3262.0,191710
2025-07-15T12:15:00+05:30,3262.1,3263.1,3245.7,3251.9,82477
2025-07-15T12:30:00+05:30,3251.1,3260.4,3246.0,3249.3,41810
2025-07-15T12:45:00+05:30,3248.0,3252.9,3241.1,3245.3,33334
2025-07-15T13:00:00+05:30,3245.3,3246.6,3237.0,3239.0,34434
2025-07-15T13:15:00+05:30,3240.0,3245.9,3231.0,3235.0,37299
2025-07-15T13:30:00+05:30,3235.1,3240.7,3230.1,3230.5,34952
2025-07-15T13:45:00+05:30,3231.0,3239.7,3211.0,3219.0,71568
2025-07-15T14:00:00+05:30,3219.9,3224.7,3214.0,3220.4,35926
2025-07-15T14:15:00+05:30,3220.4,3241.7,3220.4,3232.8,56194
2025-07-15T14:30:00+05:30,3232.8,3234.0,3216.0,3227.9,34838
2025-07-15T14:45:00+05:30,3227.3,3227.8,3216.0,3218.0,36287
2025-07-15T15:00:00+05:30,3218.0,3227.6,3217.9,3222.9,49252
2025-07-15T15:15:00+05:30,3222.1,3226.4,3215.1,3218.9,112832
2025-07-16T09:15:00+05:30,3224.0,3282.0,3207.3,3274.0,426383
2025-07-16T09:30:00+05:30,3272.4,3295.0,3266.0,3295.0,266884
2025-07-16T09:45:00+05:30,3294.3,3296.0,3256.1,3263.4,216065
2025-07-16T10:00:00+05:30,3264.4,3270.0,3251.4,3270.0,84693
2025-07-16T10:15:00+05:30,3270.0,3275.0,3264.0,3268.0,34690
2025-07-16T10:30:00+05:30,3266.2,3269.1,3259.4,3260.2,31267
2025-07-16T10:45:00+05:30,3260.2,3260.5,3246.0,3247.0,66764
2025-07-16T11:00:00+05:30,3247.0,3258.2,3246.1,3254.0,42141
2025-07-16T11:15:00+05:30,3253.9,3284.2,3248.1,3283.1,95780
2025-07-16T11:30:00+05:30,3283.0,3339.0,3281.8,3331.7,545295
2025-07-16T11:45:00+05:30,3331.0,3342.0,3325.0,3335.8,228558
2025-07-16T12:00:00+05:30,3335.5,3336.0,3300.0,3315.8,169618
2025-07-16T12:15:00+05:30,3315.5,3317.0,3296.6,3302.4,94372
2025-07-16T12:30:00+05:30,3301.7,3325.1,3286.0,3318.0,160503
2025-07-16T12:45:00+05:30,3317.0,3325.0,3310.0,3310.5,67766
2025-07-16T13:00:00+05:30,3310.5,3316.9,3310.0,3312.6,23055
2025-07-16T13:15:00+05:30,3312.3,3312.3,3291.0,3291.5,67080
2025-07-16T13:30:00+05:30,3291.5,3292.9,3272.1,3280.0,74706
2025-07-16T13:45:00+05:30,3279.1,3280.9,3273.4,3276.6,45920
2025-07-16T14:00:00+05:30,3276.0,3283.4,3268.0,3283.0,63183
2025-07-16T14:15:00+05:30,3283.0,3286.2,3272.1,3277.0,42060
2025-07-16T14:30:00+05:30,3276.4,3309.9,3275.1,3295.0,114325
2025-07-16T14:45:00+05:30,3295.2,3298.7,3288.0,3294.9,49325
2025-07-16T15:00:00+05:30,3295.0,3305.0,3286.3,3291.6,112546
2025-07-16T15:15:00+05:30,3290.1,3296.8,3277.1,3284.0,135688
2025-07-17T09:15:00+05:30,3289.0,3302.1,3251.0,3251.1,269556
2025-07-17T09:30:00+05:30,3251.9,3260.0,3235.0,3239.1,171939
2025-07-17T09:45:00+05:30,3239.1,3239.1,3213.3,3225.9,152630
2025-07-17T10:00:00+05:30,3226.2,3236.9,3218.0,3219.7,63083
2025-07-17T10:15:00+05:30,3221.3,3238.6,3219.0,3226.0,42399
2025-07-17T10:30:00+05:30,3226.0,3229.4,3220.0,3227.0,35461
2025-07-17T10:45:00+05:30,3227.0,3263.5,3225.0,3240.0,145112
2025-07-17T11:00:00+05:30,3240.0,3250.0,3235.0,3243.0,28332
2025-07-17T11:15:00+05:30,3243.0,3260.0,3241.1,3250.9,35040
2025-07-17T11:30:00+05:30,3251.0,3253.0,3242.3,3245.1,15317
2025-07-17T11:45:00+05:30,3243.8,3247.0,3241.1,3245.1,10564
2025-07-17T12:00:00+05:30,3245.1,3245.4,3235.0,3236.0,17787
2025-07-17T12:15:00+05:30,3235.5,3238.5,3228.0,3229.4,27195
2025-07-17T12:30:00+05:30,3229.0,3230.0,3222.0,3228.8,26366
2025-07-17T12:45:00+05:30,3229.0,3235.2,3227.0,3228.7,19486
2025-07-17T13:00:00+05:30,3229.0,3229.0,3218.1,3220.6,33135
2025-07-17T13:15:00+05:30,3220.6,3225.9,3219.0,3225.7,18409
2025-07-17T13:30:00+05:30,3225.5,3226.0,3218.0,3224.1,17442
2025-07-17T13:45:00+05:30,3225.2,3233.8,3219.4,3221.5,28849
2025-07-17T14:00:00+05:30,3221.2,3223.2,3209.1,3216.5,45840
2025-07-17T14:15:00+05:30,3215.2,3228.9,3202.0,3209.0,80338
2025-07-17T14:30:00+05:30,3207.5,3219.5,3207.0,3213.4,32118
2025-07-17T14:45:00+05:30,3213.0,3219.8,3209.1,3215.5,30817
2025-07-17T15:00:00+05:30,3216.6,3219.3,3202.4,3208.3,73654
2025-07-17T15:15:00+05:30,3208.2,3212.0,3198.1,3208.0,148203
2025-07-18T09:15:00+05:30,3206.0,3272.5,3200.0,3253.0,327482
2025-07-18T09:30:00+05:30,3253.0,3253.0,3236.1,3240.9,92523
2025-07-18T09:45:00+05:30,3240.9,3241.0,3224.6,3230.0,61002
2025-07-18T10:00:00+05:30,3231.6,3233.2,3180.1,3183.2,183743
2025-07-18T10:15:00+05:30,3183.0,3200.0,3177.7,3197.4,93697
2025-07-18T10:30:00+05:30,3199.1,3215.0,3191.4,3192.7,71096
2025-07-18T10:45:00+05:30,3192.8,3201.3,3185.1,3190.5,43328
2025-07-18T11:00:00+05:30,3190.5,3199.2,3190.0,3194.0,17816
2025-07-18T11:15:00+05:30,3194.9,3195.0,3186.9,3188.0,20479
2025-07-18T11:30:00+05:30,3188.0,3194.9,3183.4,3187.9,30306
2025-07-18T11:45:00+05:30,3186.8,3187.9,3173.0,3177.5,32217
2025-07-18T12:00:00+05:30,3177.5,3184.9,3175.0,3182.0,19046
2025-07-18T12:15:00+05:30,3182.0,3183.1,3176.5,3181.4,16181
2025-07-18T12:30:00+05:30,3181.0,3186.3,3178.2,3179.3,17661
2025-07-18T12:45:00+05:30,3179.3,3179.6,3163.2,3171.1,34837
2025-07-18T13:00:00+05:30,3171.7,3172.0,3164.8,3166.0,23514
2025-07-18T13:15:00+05:30,3165.0,3167.0,3132.0,3144.0,77696
2025-07-18T13:30:00+05:30,3144.2,3149.8,3125.0,3137.1,114991
2025-07-18T13:45:00+05:30,3137.0,3143.3,3130.0,3134.5,36407
2025-07-18T14:00:00+05:30,3134.5,3137.4,3127.0,3129.0,31872
2025-07-18T14:15:00+05:30,3129.0,3132.9,3127.1,3127.4,27616
2025-07-18T14:30:00+05:30,3127.5,3128.0,3118.1,3122.9,41440
2025-07-18T14:45:00+05:30,3122.9,3130.0,3112.0,3124.0,60074
2025-07-18T15:00:00+05:30,3125.0,3138.9,3120.0,3128.0,96188
2025-07-18T15:15:00+05:30,3127.0,3128.0,3107.1,3112.5,154630
2025-07-21T09:15:00+05:30,3159.0,3198.4,3088.3,3109.9,387293
2025-07-21T09:30:00+05:30,3109.9,3122.6,3091.0,3116.0,86789
2025-07-21T09:45:00+05:30,3116.0,3117.5,3104.1,3117.5,41910
2025-07-21T10:00:00+05:30,3117.6,3130.3,3088.5,3097.3,131164
2025-07-21T10:15:00+05:30,3097.0,3104.6,3091.0,3097.4,58887
2025-07-21T10:30:00+05:30,3096.0,3104.0,3089.0,3091.9,44595
2025-07-21T10:45:00+05:30,3093.0,3109.4,3092.1,3106.0,37927
2025-07-21T11:00:00+05:30,3106.0,3118.6,3103.0,3106.0,40633
2025-07-21T11:15:00+05:30,3106.0,3128.0,3095.2,3097.2,90078
2025-07-21T11:30:00+05:30,3097.2,3100.0,3092.0,3096.3,33810
2025-07-21T11:45:00+05:30,3096.3,3109.0,3096.3,3106.0,17343
2025-07-21T12:00:00+05:30,3105.0,3106.5,3100.0,3103.2,11981
2025-07-21T12:15:00+05:30,3103.2,3111.9,3103.0,3106.0,12165
2025-07-21T12:30:00+05:30,3106.0,3109.0,3102.1,3103.8,15529
2025-07-21T12:45:00+05:30,3104.3,3108.0,3091.4,3092.5,22130
2025-07-21T13:00:00+05:30,3091.5,3092.4,3071.0,3080.0,76983
2025-07-21T13:15:00+05:30,3080.6,3087.4,3075.1,3084.7,36197
2025-07-21T13:30:00+05:30,3084.6,3094.0,3079.7,3081.9,21657
2025-07-21T13:45:00+05:30,3082.0,3084.8,3078.0,3079.6,16891
2025-07-21T14:00:00+05:30,3079.6,3083.1,3077.0,3079.5,13290
2025-07-21T14:15:00+05:30,3078.3,3084.9,3056.6,3063.0,79741
2025-07-21T14:30:00+05:30,3062.0,3067.6,3058.0,3063.1,52099
2025-07-21T14:45:00+05:30,3063.5,3074.4,3054.8,3073.0,72796
2025-07-21T15:00:00+05:30,3073.3,3089.0,3070.5,3084.5,126640
2025-07-21T15:15:00+05:30,3084.5,3100.0,3073.6,3093.0,158678
2025-07-22T09:15:00+05:30,3096.2,3139.3,3090.0,3124.6,188352
2025-07-22T09:30:00+05:30,3124.6,3137.8,3102.0,3111.3,83019
2025-07-22T09:45:00+05:30,3110.7,3139.9,3108.5,3124.5,78122
2025-07-22T10:00:00+05:30,3123.3,3125.0,3107.0,3114.1,37497
2025-07-22T10:15:00+05:30,3115.0,3120.4,3108.5,3110.0,14153
2025-07-22T10:30:00+05:30,3109.4,3110.0,3091.0,3096.5,56443
2025-07-22T10:45:00+05:30,3096.5,3120.0,3091.0,3107.5,43912
2025-07-22T11:00:00+05:30,3108.2,3114.0,3101.6,3111.8,16624
2025-07-22T11:15:00+05:30,3113.0,3117.0,3110.4,3115.0,10004
2025-07-22T11:30:00+05:30,3115.0,3124.0,3114.1,3121.5,29669
2025-07-22T11:45:00+05:30,3121.5,3121.5,3113.0,3118.3,11512
2025-07-22T12:00:00+05:30,3119.0,3120.0,3108.0,3109.1,11755
2025-07-22T12:15:00+05:30,3110.0,3116.3,3108.0,3113.9,13182
2025-07-22T12:30:00+05:30,3113.9,3114.9,3108.4,3112.8,8831
2025-07-22T12:45:00+05:30,3112.8,3114.6,3104.0,3110.6,10105
2025-07-22T13:00:00+05:30,3110.2,3112.0,3098.0,3104.9,25377
2025-07-22T13:15:00+05:30,3104.9,3108.8,3104.0,3106.4,11395
2025-07-22T13:30:00+05:30,3107.8,3108.8,3102.0,3104.2,6112
2025-07-22T13:45:00+05:30,3104.2,3105.0,3096.0,3100.0,14562
2025-07-22T14:00:00+05:30,3099.9,3105.0,3098.0,3099.7,10627
2025-07-22T14:15:00+05:30,3099.6,3104.0,3086.1,3097.0,31549
2025-07-22T14:30:00+05:30,3096.0,3103.0,3093.7,3100.4,12205
2025-07-22T14:45:00+05:30,3101.2,3106.6,3097.2,3100.4,20689
2025-07-22T15:00:00+05:30,3099.8,3104.9,3093.0,3100.9,32502
2025-07-22T15:15:00+05:30,3100.1,3108.9,3094.1,3107.9,74244
2025-07-23T09:15:00+05:30,3113.0,3118.0,3086.3,3090.7,110502
2025-07-23T09:15:00+05:30,3113.0,3118.0,3086.3,3090.7,110502
2025-07-23T09:30:00+05:30,3090.7,3095.0,3071.0,3072.8,48653
2025-07-23T09:45:00+05:30,3074.9,3093.0,3073.0,3084.0,36787
2025-07-23T10:00:00+05:30,3084.7,3098.0,3076.7,3085.5,18601
2025-07-23T10:15:00+05:30,3085.5,3094.0,3083.0,3092.2,16968
2025-07-23T10:30:00+05:30,3092.0,3095.0,3082.6,3085.3,17575
2025-07-23T10:45:00+05:30,3085.4,3089.8,3080.0,3087.0,12446
2025-07-23T11:00:00+05:30,3087.9,3097.5,3082.1,3084.0,21961
2025-07-23T11:15:00+05:30,3084.0,3084.3,3078.9,3082.3,14940
2025-07-23T11:30:00+05:30,3081.0,3089.8,3080.6,3084.0,10290
2025-07-23T11:45:00+05:30,3084.0,3088.0,3081.6,3088.0,6285
2025-07-23T12:00:00+05:30,3088.0,3124.0,3086.1,3119.7,117179
2025-07-23T12:15:00+05:30,3119.5,3128.8,3105.0,3121.8,73660
2025-07-23T12:30:00+05:30,3121.8,3147.9,3121.8,3145.9,117004
2025-07-23T12:45:00+05:30,3144.8,3149.6,3134.0,3145.0,72993
2025-07-23T13:00:00+05:30,3145.9,3159.0,3143.6,3156.2,85567
2025-07-23T13:15:00+05:30,3156.2,3160.0,3145.2,3156.0,59736
2025-07-23T13:30:00+05:30,3155.0,3187.8,3154.0,3162.1,159191
2025-07-23T13:45:00+05:30,3162.1,3189.0,3161.5,3183.0,120356
2025-07-23T14:00:00+05:30,3181.1,3187.0,3176.5,3178.8,58273
2025-07-23T14:15:00+05:30,3178.0,3181.0,3168.1,3171.5,42384
2025-07-23T14:30:00+05:30,3170.0,3182.0,3168.0,3180.1,38720
2025-07-23T14:45:00+05:30,3181.7,3196.9,3180.0,3194.0,108236
2025-07-23T15:00:00+05:30,3195.0,3195.0,3185.0,3190.0,108159
2025-07-23T15:15:00+05:30,3190.0,3194.7,3184.0,3189.0,152391
2025-07-24T09:15:00+05:30,3192.0,3199.0,3166.2,3176.5,167381
2025-07-24T09:30:00+05:30,3175.2,3215.9,3170.2,3210.7,136965
2025-07-24T09:45:00+05:30,3212.9,3219.7,3198.8,3213.0,102399
2025-07-24T10:00:00+05:30,3213.1,3235.0,3210.0,3218.0,124876
2025-07-24T10:15:00+05:30,3218.0,3233.0,3212.6,3219.5,52589
2025-07-24T10:30:00+05:30,3219.5,3223.5,3213.2,3221.0,23873
2025-07-24T10:45:00+05:30,3220.9,3231.0,3218.0,3230.0,40656
2025-07-24T11:00:00+05:30,3230.2,3233.5,3221.1,3229.2,28571
2025-07-24T11:15:00+05:30,3229.2,3244.0,3215.0,3215.8,103294
2025-07-24T11:30:00+05:30,3216.6,3232.5,3215.9,3223.2,22726
2025-07-24T11:45:00+05:30,3223.2,3249.0,3222.2,3247.5,68713
2025-07-24T12:00:00+05:30,3247.9,3263.0,3242.0,3260.9,177131
2025-07-24T12:15:00+05:30,3260.5,3264.8,3254.1,3261.0,66452
2025-07-24T12:30:00+05:30,3260.3,3266.3,3247.0,3253.8,66520
2025-07-24T12:45:00+05:30,3253.0,3254.9,3231.0,3235.9,55137
2025-07-24T13:00:00+05:30,3233.6,3240.8,3220.3,3222.3,50084
2025-07-24T13:15:00+05:30,3222.3,3227.0,3205.9,3224.9,51892
2025-07-24T13:30:00+05:30,3225.0,3226.0,3218.0,3223.5,14800
2025-07-24T13:45:00+05:30,3224.9,3235.0,3220.3,3226.8,29391
2025-07-24T14:00:00+05:30,3228.3,3240.0,3225.0,3235.6,29069
2025-07-24T14:15:00+05:30,3234.1,3238.6,3228.0,3235.5,19589
2025-07-24T14:30:00+05:30,3235.4,3241.9,3233.3,3240.9,20861
2025-07-24T14:45:00+05:30,3241.9,3245.0,3228.4,3228.4,46776
2025-07-24T15:00:00+05:30,3229.9,3241.5,3223.5,3239.0,112525
2025-07-24T15:15:00+05:30,3239.0,3257.8,3235.0,3246.2,173726
2025-07-25T09:15:00+05:30,3242.9,3285.0,3235.0,3277.7,284134
2025-07-25T09:30:00+05:30,3275.9,3279.0,3251.0,3273.1,128976
2025-07-25T09:45:00+05:30,3273.0,3275.0,3224.5,3232.7,129625
2025-07-25T10:00:00+05:30,3232.5,3250.0,3215.0,3225.4,101457
2025-07-25T10:15:00+05:30,3225.0,3225.1,3207.2,3215.8,66904
2025-07-25T10:30:00+05:30,3215.3,3218.5,3201.0,3216.2,52780
2025-07-25T10:45:00+05:30,3215.5,3220.0,3209.0,3214.6,19919
2025-07-25T11:00:00+05:30,3214.6,3224.0,3194.0,3196.6,53571
2025-07-25T11:15:00+05:30,3195.0,3209.0,3192.2,3208.2,42297
2025-07-25T11:30:00+05:30,3209.0,3214.8,3201.0,3204.0,20632
2025-07-25T11:45:00+05:30,3204.1,3206.0,3186.7,3190.3,38091
2025-07-25T12:00:00+05:30,3188.3,3190.0,3171.1,3180.0,67859
2025-07-25T12:15:00+05:30,3180.2,3181.1,3172.0,3177.6,23711
2025-07-25T12:30:00+05:30,3177.6,3196.0,3177.0,3191.0,34655
2025-07-25T12:45:00+05:30,3190.1,3192.0,3184.0,3188.5,22344
2025-07-25T13:00:00+05:30,3188.5,3191.7,3174.4,3183.4,23498
2025-07-25T13:15:00+05:30,3184.0,3205.0,3181.3,3200.0,51967
2025-07-25T13:30:00+05:30,3200.7,3204.0,3189.3,3204.0,16833
2025-07-25T13:45:00+05:30,3204.0,3204.0,3194.0,3196.7,17422
2025-07-25T14:00:00+05:30,3196.7,3198.9,3182.6,3183.9,16839
2025-07-25T14:15:00+05:30,3183.9,3190.2,3177.1,3184.5,19672
2025-07-25T14:30:00+05:30,3184.5,3187.9,3174.2,3182.2,45887
2025-07-25T14:45:00+05:30,3182.1,3200.0,3175.5,3198.8,99604
2025-07-25T15:00:00+05:30,3198.8,3204.8,3188.9,3191.9,103897
2025-07-25T15:15:00+05:30,3192.9,3204.8,3185.0,3190.1,120216
2025-07-28T09:15:00+05:30,3250.0,3250.8,3177.3,3205.7,236189
2025-07-28T09:30:00+05:30,3205.0,3214.0,3185.0,3187.5,62060
2025-07-28T09:45:00+05:30,3187.3,3197.0,3152.0,3157.9,105174
2025-07-28T10:00:00+05:30,3157.1,3183.0,3152.0,3172.4,72594
2025-07-28T10:15:00+05:30,3170.7,3175.8,3152.1,3156.4,42720
2025-07-28T10:30:00+05:30,3157.1,3158.0,3131.0,3135.6,79531
2025-07-28T10:45:00+05:30,3136.9,3146.9,3131.0,3141.2,39335
2025-07-28T11:00:00+05:30,3141.5,3146.4,3135.4,3138.5,21540
2025-07-28T11:15:00+05:30,3139.3,3157.9,3138.5,3155.6,32757
2025-07-28T11:30:00+05:30,3155.7,3157.3,3132.8,3134.6,37830
2025-07-28T11:45:00+05:30,3135.2,3140.4,3131.7,3134.8,16395
2025-07-28T12:00:00+05:30,3134.8,3135.0,3124.0,3124.0,29924
2025-07-28T12:15:00+05:30,3125.6,3132.8,3124.0,3132.6,42869
2025-07-28T12:30:00+05:30,3131.2,3131.2,3122.1,3124.5,17671
2025-07-28T12:45:00+05:30,3124.7,3126.8,3120.2,3120.9,20124
2025-07-28T13:00:00+05:30,3120.2,3120.2,3112.1,3112.5,27019
2025-07-28T13:15:00+05:30,3112.5,3120.0,3102.1,3105.7,38230
2025-07-28T13:30:00+05:30,3104.0,3115.0,3100.1,3103.5,32239
2025-07-28T13:45:00+05:30,3101.3,3113.0,3085.2,3095.5,84268
2025-07-28T14:00:00+05:30,3096.2,3106.8,3075.0,3099.0,90614
2025-07-28T14:15:00+05:30,3097.6,3104.8,3090.4,3097.4,26582
2025-07-28T14:30:00+05:30,3097.4,3118.5,3095.8,3115.8,46992
2025-07-28T14:45:00+05:30,3115.6,3136.0,3111.7,3124.9,92919
2025-07-28T15:00:00+05:30,3125.0,3134.0,3110.6,3112.0,93037
2025-07-28T15:15:00+05:30,3112.6,3124.6,3086.0,3097.4,163358
2025-07-29T09:15:00+05:30,3188.0,3274.0,3158.0,3264.0,1557791
2025-07-29T09:30:00+05:30,3265.0,3271.9,3233.3,3244.6,541133
2025-07-29T09:45:00+05:30,3246.3,3247.3,3161.3,3184.5,799661
2025-07-29T10:00:00+05:30,3184.4,3236.4,3158.8,3231.6,533740
2025-07-29T10:15:00+05:30,3231.6,3291.0,3230.1,3272.0,1070921
2025-07-29T10:30:00+05:30,3272.4,3289.9,3245.0,3250.0,410950
2025-07-29T10:45:00+05:30,3250.0,3274.0,3225.0,3270.0,384408
2025-07-29T11:00:00+05:30,3267.9,3271.0,3229.3,3247.0,277512
2025-07-29T11:15:00+05:30,3247.0,3249.5,3210.0,3235.0,242327
2025-07-29T11:30:00+05:30,3234.0,3272.0,3229.2,3260.8,301965
2025-07-29T11:45:00+05:30,3262.0,3274.8,3251.0,3256.0,233331
2025-07-29T12:00:00+05:30,3256.0,3260.0,3237.5,3243.2,174972
2025-07-29T12:15:00+05:30,3243.2,3250.0,3181.0,3221.7,556886
2025-07-29T12:30:00+05:30,3221.7,3221.7,3181.0,3189.2,260268
2025-07-29T12:45:00+05:30,3189.2,3205.0,3175.0,3183.2,352828
2025-07-29T13:00:00+05:30,3183.2,3200.0,3171.0,3193.5,184044
2025-07-29T13:15:00+05:30,3193.5,3199.0,3190.3,3195.0,58461
2025-07-29T13:30:00+05:30,3195.0,3200.0,3175.0,3180.0,153708
2025-07-29T13:45:00+05:30,3180.0,3195.0,3176.0,3179.0,112019
2025-07-29T14:00:00+05:30,3179.2,3186.0,3166.0,3170.0,134396
2025-07-29T14:15:00+05:30,3170.0,3182.4,3160.1,3177.1,126056
2025-07-29T14:30:00+05:30,3177.9,3185.0,3162.0,3183.1,148081
2025-07-29T14:45:00+05:30,3183.0,3185.0,3166.5,3176.4,113285
2025-07-29T15:00:00+05:30,3177.8,3192.0,3165.6,3170.1,243585
2025-07-29T15:15:00+05:30,3170.2,3176.0,3161.0,3168.0,361266
2025-07-30T09:15:00+05:30,3184.0,3223.4,3132.5,3216.5,556723
2025-07-30T09:30:00+05:30,3216.5,3242.4,3206.4,3233.5,284093
2025-07-30T09:45:00+05:30,3233.7,3239.5,3202.0,3212.9,179860
2025-07-30T10:00:00+05:30,3213.0,3221.0,3207.0,3216.9,67656
2025-07-30T10:15:00+05:30,3216.9,3220.9,3201.5,3204.3,95990
2025-07-30T10:30:00+05:30,3204.3,3211.7,3182.8,3186.5,119813
2025-07-30T10:45:00+05:30,3186.1,3190.3,3176.1,3181.0,71232
2025-07-30T11:00:00+05:30,3180.4,3185.0,3175.1,3185.0,56149
2025-07-30T11:15:00+05:30,3184.5,3188.0,3180.1,3182.4,54663
2025-07-30T11:30:00+05:30,3182.1,3187.0,3176.5,3185.1,45186
2025-07-30T11:45:00+05:30,3186.0,3191.0,3182.1,3187.8,49444
2025-07-30T12:00:00+05:30,3187.8,3188.9,3160.0,3178.0,105049
2025-07-30T12:15:00+05:30,3178.0,3182.0,3176.6,3181.9,30980
2025-07-30T12:30:00+05:30,3180.8,3181.8,3169.2,3175.1,30957
2025-07-30T12:45:00+05:30,3176.1,3176.1,3155.0,3160.0,46897
2025-07-30T13:00:00+05:30,3160.0,3161.2,3145.1,3148.1,103739
2025-07-30T13:15:00+05:30,3148.1,3154.7,3130.0,3144.1,115356
2025-07-30T13:30:00+05:30,3144.0,3147.5,3134.2,3137.7,59907
2025-07-30T13:45:00+05:30,3137.7,3139.7,3124.3,3129.5,82349
2025-07-30T14:00:00+05:30,3129.0,3130.8,3122.2,3126.1,40170
2025-07-30T14:15:00+05:30,3126.1,3136.8,3124.0,3133.9,40370
2025-07-30T14:30:00+05:30,3133.9,3139.3,3133.4,3137.8,42078
2025-07-30T14:45:00+05:30,3138.0,3139.9,3134.0,3139.4,39411
2025-07-30T15:00:00+05:30,3139.4,3140.0,3131.0,3131.6,80195
2025-07-30T15:15:00+05:30,3131.9,3159.9,3131.1,3154.0,211771
2025-07-31T09:15:00+05:30,3050.0,3099.8,2955.0,2959.9,1034849
2025-07-31T09:30:00+05:30,2961.0,2999.5,2959.9,2992.1,387479
2025-07-31T09:45:00+05:30,2991.1,2999.0,2972.0,2992.5,214041
2025-07-31T10:00:00+05:30,2992.5,3018.0,2987.0,3011.2,259711
2025-07-31T10:15:00+05:30,3011.2,3015.0,2992.0,3013.7,146626
2025-07-31T10:30:00+05:30,3014.5,3031.6,3007.7,3023.0,183267
2025-07-31T10:45:00+05:30,3022.9,3033.0,3012.0,3015.0,109543
2025-07-31T11:00:00+05:30,3015.0,3020.0,2996.2,3004.0,106395
2025-07-31T11:15:00+05:30,3003.9,3024.0,3001.1,3019.5,76004
2025-07-31T11:30:00+05:30,3020.9,3026.9,3015.1,3017.9,62282
2025-07-31T11:45:00+05:30,3017.9,3022.4,3008.8,3010.4,41482
2025-07-31T12:00:00+05:30,3010.4,3012.3,3001.0,3008.0,73871
2025-07-31T12:15:00+05:30,3006.5,3024.6,3006.5,3016.6,62978
2025-07-31T12:30:00+05:30,3017.0,3026.0,3017.0,3021.0,48371
2025-07-31T12:45:00+05:30,3022.0,3034.9,3019.9,3032.8,70161
2025-07-31T13:00:00+05:30,3032.9,3032.9,3005.3,3006.1,84013
2025-07-31T13:15:00+05:30,3006.9,3018.0,3005.0,3017.7,78098
2025-07-31T13:30:00+05:30,3017.7,3017.9,3003.1,3005.0,46307
2025-07-31T13:45:00+05:30,3005.0,3007.0,2992.4,3000.2,107673
2025-07-31T14:00:00+05:30,3000.9,3009.0,3000.7,3005.3,27986
2025-07-31T14:15:00+05:30,3006.0,3009.7,2997.0,3001.2,51728
2025-07-31T14:30:00+05:30,3000.0,3010.0,2998.3,3007.0,83996
2025-07-31T14:45:00+05:30,3007.0,3009.7,2989.0,2998.0,107088
2025-07-31T15:00:00+05:30,2998.8,2998.9,2985.1,2992.0,140070
2025-07-31T15:15:00+05:30,2991.6,2998.6,2982.4,2990.9,192174
2025-08-01T09:15:00+05:30,3024.9,3058.0,3010.0,3047.0,331563
2025-08-01T09:30:00+05:30,3047.3,3050.0,3032.5,3039.0,105083
2025-08-01T09:45:00+05:30,3040.4,3047.0,3024.5,3025.8,73457
2025-08-01T10:00:00+05:30,3025.8,3049.8,3025.0,3043.5,70707
2025-08-01T10:15:00+05:30,3044.0,3069.8,3042.0,3061.0,140396
2025-08-01T10:30:00+05:30,3061.0,3069.8,3056.0,3058.1,69134
2025-08-01T10:45:00+05:30,3059.0,3069.8,3055.7,3067.6,56726
2025-08-01T11:00:00+05:30,3067.6,3069.0,3053.1,3053.4,50917
2025-08-01T11:15:00+05:30,3055.0,3064.2,3051.0,3058.4,37203
2025-08-01T11:30:00+05:30,3058.0,3058.4,3044.0,3049.0,35697
2025-08-01T11:45:00+05:30,3049.0,3069.8,3049.0,3065.6,56111
2025-08-01T12:00:00+05:30,3065.6,3090.3,3061.3,3089.0,133258
2025-08-01T12:15:00+05:30,3088.0,3128.0,3085.4,3128.0,434943
2025-08-01T12:30:00+05:30,3126.3,3163.9,3113.0,3155.8,489229
2025-08-01T12:45:00+05:30,3156.0,3159.0,3136.8,3149.6,253128
2025-08-01T13:00:00+05:30,3149.0,3151.0,3135.0,3139.2,119214
2025-08-01T13:15:00+05:30,3139.5,3144.0,3125.6,3129.2,121947
2025-08-01T13:30:00+05:30,3129.3,3138.9,3115.2,3132.7,108478
2025-08-01T13:45:00+05:30,3132.3,3144.0,3131.1,3140.0,92050
2025-08-01T14:00:00+05:30,3139.2,3140.5,3125.0,3129.4,75368
2025-08-01T14:15:00+05:30,3131.2,3132.5,3122.0,3124.0,55545
2025-08-01T14:30:00+05:30,3124.0,3130.0,3110.0,3122.9,93505
2025-08-01T14:45:00+05:30,3124.7,3129.9,3113.0,3117.2,63043
2025-08-01T15:00:00+05:30,3117.2,3122.8,3086.2,3089.6,175307
2025-08-01T15:15:00+05:30,3090.0,3111.8,3085.0,3103.2,161974
2025-08-04T09:15:00+05:30,3119.5,3138.0,3090.0,3115.9,160855
2025-08-04T09:30:00+05:30,3115.6,3118.0,3077.0,3080.0,113348
2025-08-04T09:45:00+05:30,3080.0,3089.0,3069.3,3081.2,71184
2025-08-04T10:00:00+05:30,3081.2,3104.0,3076.4,3088.8,60717
2025-08-04T10:15:00+05:30,3089.2,3091.9,3075.0,3075.2,27330
2025-08-04T10:30:00+05:30,3076.0,3109.7,3075.3,3102.1,60551
2025-08-04T10:45:00+05:30,3102.1,3114.8,3095.0,3108.5,39698
2025-08-04T11:00:00+05:30,3108.5,3115.0,3102.6,3112.0,39006
2025-08-04T11:15:00+05:30,3112.0,3118.0,3101.2,3103.0,32559
2025-08-04T11:30:00+05:30,3103.0,3107.8,3095.0,3096.0,24510
2025-08-04T11:45:00+05:30,3095.4,3118.0,3095.0,3118.0,44272
2025-08-04T12:00:00+05:30,3117.9,3126.0,3105.8,3109.4,74809
2025-08-04T12:15:00+05:30,3109.4,3112.5,3102.0,3109.1,19356
2025-08-04T12:30:00+05:30,3109.9,3121.0,3109.1,3115.0,16600
2025-08-04T12:45:00+05:30,3115.0,3115.0,3104.3,3105.3,13904
2025-08-04T13:00:00+05:30,3106.0,3108.8,3102.0,3102.3,15701
2025-08-04T13:15:00+05:30,3102.3,3104.0,3093.2,3095.6,24864
2025-08-04T13:30:00+05:30,3096.0,3104.3,3095.6,3102.9,11736
2025-08-04T13:45:00+05:30,3102.3,3110.0,3100.7,3105.5,19254
2025-08-04T14:00:00+05:30,3105.4,3106.9,3099.6,3102.0,12593
2025-08-04T14:15:00+05:30,3100.9,3102.0,3091.6,3098.0,21507
2025-08-04T14:30:00+05:30,3098.0,3104.8,3096.0,3099.8,18612
2025-08-04T14:45:00+05:30,3100.0,3103.0,3087.0,3087.0,40211
2025-08-04T15:00:00+05:30,3087.0,3095.8,3080.2,3090.1,66089
2025-08-04T15:15:00+05:30,3091.0,3095.0,3083.0,3089.9,90635
2025-08-05T09:15:00+05:30,3092.0,3136.8,3091.1,3113.0,231527
2025-08-05T09:30:00+05:30,3113.0,3114.0,3090.2,3102.6,103320
2025-08-05T09:45:00+05:30,3104.3,3104.5,3060.1,3069.7,138906
2025-08-05T10:00:00+05:30,3069.7,3073.7,3051.0,3054.0,76331
2025-08-05T10:15:00+05:30,3053.3,3066.9,3046.0,3063.5,82745
2025-08-05T10:30:00+05:30,3064.4,3065.0,3058.0,3059.0,34541
2025-08-05T10:45:00+05:30,3059.6,3059.7,3046.0,3049.7,39500
2025-08-05T11:00:00+05:30,3049.7,3054.4,3044.1,3051.6,47258
2025-08-05T11:15:00+05:30,3051.6,3066.0,3051.0,3061.8,33657
2025-08-05T11:30:00+05:30,3061.7,3063.7,3056.2,3062.0,16997
2025-08-05T11:45:00+05:30,3062.0,3062.8,3050.8,3060.0,25763
2025-08-05T12:00:00+05:30,3060.0,3064.5,3048.9,3062.9,30425
2025-08-05T12:15:00+05:30,3062.4,3066.8,3062.0,3066.0,19697
2025-08-05T12:30:00+05:30,3065.0,3075.0,3065.0,3066.9,36102
2025-08-05T12:45:00+05:30,3067.9,3073.0,3066.5,3066.5,19449
2025-08-05T13:00:00+05:30,3067.2,3067.2,3057.7,3063.0,25109
2025-08-05T13:15:00+05:30,3063.0,3070.0,3056.0,3068.0,26519
2025-08-05T13:30:00+05:30,3068.7,3069.1,3061.7,3064.5,12055
2025-08-05T13:45:00+05:30,3064.5,3065.2,3060.0,3063.1,17282
2025-08-05T14:00:00+05:30,3063.3,3064.1,3048.1,3048.4,51567
2025-08-05T14:15:00+05:30,3048.4,3061.7,3036.1,3060.4,53489
2025-08-05T14:30:00+05:30,3060.5,3063.0,3052.7,3056.4,31710
2025-08-05T14:45:00+05:30,3056.4,3064.8,3049.7,3058.0,58842
2025-08-05T15:00:00+05:30,3057.4,3064.7,3054.7,3059.4,72765
2025-08-05T15:15:00+05:30,3059.4,3063.0,3044.0,3044.0,130937
2025-08-06T09:15:00+05:30,3060.9,3119.3,3059.2,3089.8,390674
2025-08-06T09:30:00+05:30,3089.8,3098.5,3072.5,3077.7,137380
2025-08-06T09:45:00+05:30,3077.8,3080.0,3063.0,3077.6,95302
2025-08-06T10:00:00+05:30,3077.6,3095.0,3065.0,3093.2,116495
2025-08-06T10:15:00+05:30,3092.2,3170.5,3092.1,3162.0,470528
2025-08-06T10:30:00+05:30,3162.8,3189.0,3160.1,3178.8,485457
2025-08-06T10:45:00+05:30,3178.9,3212.0,3176.1,3194.0,488479
2025-08-06T11:00:00+05:30,3194.1,3196.4,3178.0,3195.6,163926
2025-08-06T11:15:00+05:30,3195.0,3220.0,3183.0,3216.3,310955
2025-08-06T11:30:00+05:30,3216.1,3223.0,3209.0,3210.0,209903
2025-08-06T11:45:00+05:30,3210.2,3221.0,3204.1,3213.0,154624
2025-08-06T12:00:00+05:30,3213.0,3234.6,3211.2,3232.0,230087
2025-08-06T12:15:00+05:30,3230.6,3247.3,3228.0,3230.0,275064
2025-08-06T12:30:00+05:30,3230.0,3238.0,3194.2,3214.0,342047
2025-08-06T12:45:00+05:30,3213.5,3222.9,3206.2,3213.0,128777
2025-08-06T13:00:00+05:30,3213.0,3215.0,3195.0,3200.1,116010
2025-08-06T13:15:00+05:30,3201.0,3219.9,3201.0,3214.5,114851
2025-08-06T13:30:00+05:30,3214.5,3216.0,3206.4,3212.2,46163
2025-08-06T13:45:00+05:30,3212.2,3216.0,3207.0,3213.9,47882
2025-08-06T14:00:00+05:30,3213.7,3216.0,3203.3,3207.1,52199
2025-08-06T14:15:00+05:30,3208.0,3211.0,3203.4,3203.8,50172
2025-08-06T14:30:00+05:30,3203.8,3204.6,3191.0,3193.0,147438
2025-08-06T14:45:00+05:30,3192.8,3213.0,3192.0,3209.6,89635
2025-08-06T15:00:00+05:30,3209.6,3225.0,3205.5,3217.1,282488
2025-08-06T15:15:00+05:30,3217.1,3230.0,3205.0,3210.0,321385
2025-08-07T09:15:00+05:30,3180.0,3206.7,3140.0,3168.6,434720
2025-08-07T09:30:00+05:30,3168.0,3197.4,3166.5,3191.1,154453
2025-08-07T09:45:00+05:30,3192.0,3195.0,3171.1,3172.1,72993
2025-08-07T10:00:00+05:30,3171.5,3175.1,3155.0,3174.0,118303
2025-08-07T10:15:00+05:30,3172.7,3188.0,3169.6,3170.2,74003
2025-08-07T10:30:00+05:30,3170.2,3170.6,3102.1,3125.5,277368
2025-08-07T10:45:00+05:30,3126.7,3142.7,3118.0,3139.3,105040
2025-08-07T11:00:00+05:30,3139.2,3148.7,3124.2,3132.5,77960
2025-08-07T11:15:00+05:30,3132.5,3145.0,3128.9,3139.3,29873
2025-08-07T11:30:00+05:30,3139.9,3153.7,3132.1,3146.4,62380
2025-08-07T11:45:00+05:30,3145.1,3148.9,3135.6,3142.2,25611
2025-08-07T12:00:00+05:30,3142.5,3159.8,3140.0,3158.2,46965
2025-08-07T12:15:00+05:30,3158.5,3193.0,3158.4,3182.0,243098
2025-08-07T12:30:00+05:30,3182.0,3184.0,3171.0,3172.3,43368
2025-08-07T12:45:00+05:30,3172.3,3175.8,3160.3,3160.3,47164
2025-08-07T13:00:00+05:30,3160.3,3165.3,3149.3,3151.0,46101
2025-08-07T13:15:00+05:30,3150.9,3157.6,3145.0,3149.7,31925
2025-08-07T13:30:00+05:30,3149.8,3155.8,3141.5,3143.1,50620
2025-08-07T13:45:00+05:30,3143.2,3153.5,3143.2,3150.7,35486
2025-08-07T14:00:00+05:30,3150.8,3160.0,3148.2,3158.3,42641
2025-08-07T14:15:00+05:30,3160.0,3170.0,3148.0,3156.0,57035
2025-08-07T14:30:00+05:30,3156.0,3156.0,3148.0,3149.7,52347
2025-08-07T14:45:00+05:30,3150.0,3155.0,3136.2,3146.8,61407
2025-08-07T15:00:00+05:30,3147.0,3159.7,3147.0,3154.8,91340
2025-08-07T15:15:00+05:30,3155.0,3176.0,3153.0,3170.0,167178
2025-08-08T09:15:00+05:30,3180.0,3190.0,3142.0,3156.6,265590
2025-08-08T09:30:00+05:30,3156.5,3169.9,3127.7,3144.0,117675
2025-08-08T09:45:00+05:30,3144.0,3148.3,3129.1,3129.9,56671
2025-08-08T10:00:00+05:30,3129.9,3132.9,3121.0,3122.0,85437
2025-08-08T10:15:00+05:30,3122.8,3132.5,3112.0,3118.0,56393
2025-08-08T10:30:00+05:30,3118.0,3118.9,3102.0,3106.6,100498
2025-08-08T10:45:00+05:30,3106.6,3121.0,3103.4,3115.0,50449
2025-08-08T11:00:00+05:30,3114.6,3114.6,3101.0,3106.9,33598
2025-08-08T11:15:00+05:30,3106.9,3113.1,3089.1,3089.1,67416
2025-08-08T11:30:00+05:30,3089.0,3099.1,3081.0,3087.9,67337
2025-08-08T11:45:00+05:30,3087.9,3092.0,3080.1,3081.7,42981
2025-08-08T12:00:00+05:30,3081.8,3090.0,3063.1,3084.3,100732
2025-08-08T12:15:00+05:30,3084.2,3084.3,3072.0,3076.1,28473
2025-08-08T12:30:00+05:30,3075.9,3093.9,3074.6,3088.5,47379
2025-08-08T12:45:00+05:30,3088.7,3106.0,3088.7,3104.0,71426
2025-08-08T13:00:00+05:30,3103.6,3106.0,3092.2,3093.8,45429
2025-08-08T13:15:00+05:30,3093.8,3105.5,3093.1,3105.5,30437
2025-08-08T13:30:00+05:30,3105.4,3109.8,3100.2,3102.6,43329
2025-08-08T13:45:00+05:30,3102.6,3103.2,3088.0,3089.1,35969
2025-08-08T14:00:00+05:30,3089.5,3093.7,3082.0,3088.8,30112
2025-08-08T14:15:00+05:30,3087.9,3097.0,3087.0,3091.4,28218
2025-08-08T14:30:00+05:30,3092.0,3094.0,3085.1,3089.9,31289
2025-08-08T14:45:00+05:30,3089.9,3093.5,3072.3,3074.8,53918
2025-08-08T15:00:00+05:30,3074.9,3077.0,3055.0,3055.0,128814
2025-08-08T15:15:00+05:30,3055.4,3069.9,3052.1,3069.9,182192
2025-08-11T09:15:00+05:30,3078.0,3116.0,3055.0,3105.1,242033
2025-08-11T09:30:00+05:30,3106.9,3111.1,3080.0,3090.0,96753
2025-08-11T09:45:00+05:30,3090.2,3108.0,3083.3,3106.0,76569
2025-08-11T10:00:00+05:30,3106.0,3107.8,3091.6,3100.7,36411
2025-08-11T10:15:00+05:30,3100.5,3116.0,3100.5,3113.0,48983
2025-08-11T10:30:00+05:30,3113.9,3122.0,3101.3,3110.0,71983
2025-08-11T10:45:00+05:30,3110.0,3110.0,3103.0,3104.7,17170
2025-08-11T11:00:00+05:30,3104.7,3111.0,3101.0,3104.8,21838
2025-08-11T11:15:00+05:30,3104.5,3109.0,3103.0,3107.2,13061
2025-08-11T11:30:00+05:30,3108.0,3111.8,3095.0,3100.3,27521
2025-08-11T11:45:00+05:30,3100.3,3115.7,3098.2,3111.8,48728
2025-08-11T12:00:00+05:30,3113.9,3118.0,3111.0,3114.8,17442
2025-08-11T12:15:00+05:30,3114.8,3116.0,3105.0,3111.3,16359
2025-08-11T12:30:00+05:30,3111.3,3111.3,3104.0,3110.2,15509
2025-08-11T12:45:00+05:30,3110.2,3114.5,3109.8,3112.6,10713
2025-08-11T13:00:00+05:30,3112.6,3113.4,3110.0,3110.9,16633
2025-08-11T13:15:00+05:30,3110.9,3112.9,3107.5,3108.2,9793
2025-08-11T13:30:00+05:30,3107.8,3114.2,3107.8,3109.4,11369
2025-08-11T13:45:00+05:30,3109.4,3111.0,3108.6,3110.3,9849
2025-08-11T14:00:00+05:30,3110.3,3113.0,3110.0,3111.8,9609
2025-08-11T14:15:00+05:30,3111.8,3117.6,3105.0,3115.0,28643
2025-08-11T14:30:00+05:30,3115.0,3126.0,3111.2,3122.2,49492
2025-08-11T14:45:00+05:30,3122.1,3126.0,3105.0,3109.9,54735
2025-08-11T15:00:00+05:30,3109.0,3120.0,3105.0,3115.4,50845
2025-08-11T15:15:00+05:30,3113.7,3116.9,3092.2,3112.0,101759
2025-08-12T09:15:00+05:30,3117.7,3149.9,3106.0,3136.7,161930
2025-08-12T09:30:00+05:30,3136.4,3159.9,3128.0,3153.0,92434
2025-08-12T09:45:00+05:30,3152.7,3168.8,3150.5,3165.5,99326
2025-08-12T10:00:00+05:30,3165.5,3190.9,3164.8,3173.1,233008
2025-08-12T10:15:00+05:30,3173.1,3178.0,3165.0,3167.8,67040
2025-08-12T10:30:00+05:30,3167.8,3174.4,3160.0,3169.7,51005
2025-08-12T10:45:00+05:30,3168.0,3169.3,3144.1,3151.0,53324
2025-08-12T11:00:00+05:30,3150.2,3164.2,3145.1,3152.4,33626
2025-08-12T11:15:00+05:30,3152.7,3166.2,3152.7,3155.7,32899
2025-08-12T11:30:00+05:30,3157.0,3158.2,3152.8,3155.4,10623
2025-08-12T11:45:00+05:30,3155.4,3156.2,3148.0,3153.6,22837
2025-08-12T12:00:00+05:30,3153.5,3156.0,3152.9,3154.2,8915
2025-08-12T12:15:00+05:30,3154.2,3158.0,3150.0,3151.1,21846
2025-08-12T12:30:00+05:30,3151.5,3159.4,3151.5,3157.0,16307
2025-08-12T12:45:00+05:30,3157.0,3160.0,3156.6,3159.8,15778
2025-08-12T13:00:00+05:30,3159.9,3161.8,3154.7,3158.8,32312
2025-08-12T13:15:00+05:30,3158.8,3158.8,3147.0,3153.3,22160
2025-08-12T13:30:00+05:30,3152.9,3156.9,3151.0,3154.8,17494
2025-08-12T13:45:00+05:30,3153.8,3156.9,3150.2,3156.8,16817
2025-08-12T14:00:00+05:30,3156.8,3156.9,3137.4,3138.3,40113
2025-08-12T14:15:00+05:30,3139.6,3141.0,3131.9,3137.7,34365
2025-08-12T14:30:00+05:30,3136.0,3137.5,3115.6,3122.1,55279
2025-08-12T14:45:00+05:30,3122.9,3124.5,3076.2,3080.0,100449
2025-08-12T15:00:00+05:30,3081.2,3098.7,3075.0,3083.0,93348
2025-08-12T15:15:00+05:30,3083.0,3097.7,3076.0,3093.0,96762
2025-08-13T09:15:00+05:30,3055.0,3065.6,2962.7,2988.0,753571
2025-08-13T09:30:00+05:30,2988.8,2991.9,2965.0,2970.7,275178
2025-08-13T09:45:00+05:30,2970.6,2980.0,2962.7,2968.0,188933
2025-08-13T10:00:00+05:30,2967.9,2969.1,2940.0,2949.7,308315
2025-08-13T10:15:00+05:30,2949.7,2959.0,2940.0,2953.7,130565
2025-08-13T10:30:00+05:30,2953.0,2961.3,2948.4,2954.7,106284
2025-08-13T10:45:00+05:30,2954.5,2974.0,2952.5,2963.3,139859
2025-08-13T11:00:00+05:30,2963.4,2963.8,2950.0,2953.1,81297
2025-08-13T11:15:00+05:30,2953.2,2961.5,2951.2,2957.6,41030
2025-08-13T11:30:00+05:30,2957.7,2964.9,2952.0,2953.8,56656
2025-08-13T11:45:00+05:30,2954.2,2958.3,2951.2,2954.0,39464
2025-08-13T12:00:00+05:30,2953.5,2964.8,2953.2,2963.8,44797
2025-08-13T12:15:00+05:30,2963.5,2965.0,2961.0,2964.3,42781
2025-08-13T12:30:00+05:30,2964.3,2969.4,2961.3,2966.7,61100
2025-08-13T12:45:00+05:30,2966.8,2968.1,2950.0,2961.7,84503
2025-08-13T13:00:00+05:30,2962.9,2970.0,2961.8,2969.8,40140
2025-08-13T13:15:00+05:30,2969.8,2970.0,2956.9,2966.0,38304
2025-08-13T13:30:00+05:30,2965.9,2967.3,2961.0,2962.1,27194
2025-08-13T13:45:00+05:30,2962.5,2967.5,2961.3,2963.8,36513
2025-08-13T14:00:00+05:30,2963.1,2966.0,2955.5,2965.5,35678
2025-08-13T14:15:00+05:30,2965.9,2972.0,2961.0,2962.0,56095
2025-08-13T14:30:00+05:30,2962.0,2975.0,2958.0,2968.8,65128
2025-08-13T14:45:00+05:30,2969.0,2971.0,2965.0,2966.0,63333
2025-08-13T15:00:00+05:30,2966.0,2966.0,2935.0,2948.5,229253
2025-08-13T15:15:00+05:30,2948.6,2949.0,2922.0,2928.0,352589
2025-08-14T09:15:00+05:30,2940.0,2940.0,2830.5,2887.0,648475
2025-08-14T09:30:00+05:30,2885.9,2905.0,2867.3,2898.2,256484
2025-08-14T09:45:00+05:30,2898.2,2938.0,2890.0,2933.0,225540
2025-08-14T10:00:00+05:30,2932.8,2962.2,2911.5,2926.3,283195
2025-08-14T10:15:00+05:30,2926.4,2948.0,2925.0,2946.0,83181
2025-08-14T10:30:00+05:30,2947.0,2959.0,2935.0,2946.9,85490
2025-08-14T10:45:00+05:30,2947.0,2964.0,2942.7,2959.0,96492
2025-08-14T11:00:00+05:30,2958.1,2959.0,2940.0,2943.0,66365
2025-08-14T11:15:00+05:30,2942.1,2943.0,2932.0,2937.5,52907
2025-08-14T11:30:00+05:30,2937.5,2948.0,2934.0,2935.1,38362
2025-08-14T11:45:00+05:30,2935.1,2937.9,2915.7,2920.0,68398
2025-08-14T12:00:00+05:30,2920.0,2920.0,2892.0,2899.3,132308
2025-08-14T12:15:00+05:30,2899.1,2914.0,2898.1,2902.9,54782
2025-08-14T12:30:00+05:30,2904.0,2908.0,2900.1,2902.6,33550
2025-08-14T12:45:00+05:30,2903.1,2910.0,2891.0,2891.0,48623
2025-08-14T13:00:00+05:30,2891.4,2894.7,2882.0,2893.1,57845
2025-08-14T13:15:00+05:30,2893.7,2899.3,2887.0,2888.4,35165
2025-08-14T13:30:00+05:30,2888.4,2896.6,2876.6,2880.4,44230
2025-08-14T13:45:00+05:30,2880.6,2890.0,2880.0,2887.7,32903
2025-08-14T14:00:00+05:30,2887.3,2890.0,2880.6,2880.6,26872
2025-08-14T14:15:00+05:30,2880.6,2882.7,2876.0,2879.1,34249
2025-08-14T14:30:00+05:30,2879.1,2903.3,2877.0,2894.0,117665
2025-08-14T14:45:00+05:30,2894.9,2896.7,2885.8,2892.1,41289
2025-08-14T15:00:00+05:30,2892.1,2899.9,2875.3,2877.0,115697
2025-08-14T15:15:00+05:30,2878.0,2891.9,2874.6,2882.0,176721
2025-08-18T09:15:00+05:30,2949.0,2969.9,2936.0,2954.1,253203
2025-08-18T09:30:00+05:30,2954.2,2980.0,2952.7,2976.3,120484
2025-08-18T09:45:00+05:30,2976.0,2977.9,2960.1,2971.4,71387
2025-08-18T10:00:00+05:30,2972.0,2985.0,2968.1,2971.4,65015
2025-08-18T10:15:00+05:30,2970.4,2971.0,2955.1,2963.7,47306
2025-08-18T10:30:00+05:30,2962.9,2987.8,2962.9,2982.3,54831
2025-08-18T10:45:00+05:30,2982.3,2989.0,2980.0,2987.3,66664
2025-08-18T11:00:00+05:30,2987.8,2995.5,2985.0,2992.4,61295
2025-08-18T11:15:00+05:30,2992.4,2993.0,2979.3,2988.7,37302
2025-08-18T11:30:00+05:30,2987.6,2988.7,2975.0,2980.0,23019
2025-08-18T11:45:00+05:30,2980.0,2980.0,2975.0,2979.2,15700
2025-08-18T12:00:00+05:30,2979.2,2981.0,2970.1,2972.8,30563
2025-08-18T12:15:00+05:30,2972.0,2983.0,2968.2,2983.0,32217
2025-08-18T12:30:00+05:30,2982.7,2989.2,2980.9,2987.0,34860
2025-08-18T12:45:00+05:30,2986.3,2989.2,2983.1,2987.0,21539
2025-08-18T13:00:00+05:30,2987.0,2987.6,2981.2,2985.0,13827
2025-08-18T13:15:00+05:30,2985.0,2987.0,2981.9,2981.9,14094
2025-08-18T13:30:00+05:30,2981.9,2986.9,2981.0,2985.6,8535
2025-08-18T13:45:00+05:30,2985.6,2988.0,2980.0,2982.8,33834
2025-08-18T14:00:00+05:30,2982.7,2987.0,2981.4,2985.5,14650
2025-08-18T14:15:00+05:30,2985.6,2987.4,2981.2,2982.7,16437
2025-08-18T14:30:00+05:30,2982.7,2983.0,2975.0,2976.0,20845
2025-08-18T14:45:00+05:30,2975.3,2981.0,2973.0,2978.0,33899
2025-08-18T15:00:00+05:30,2978.0,2986.0,2976.2,2984.0,76729
2025-08-18T15:15:00+05:30,2983.5,2992.0,2980.0,2982.5,122812
2025-08-19T09:15:00+05:30,3000.0,3060.0,3000.0,3060.0,431327
2025-08-19T09:30:00+05:30,3060.0,3083.0,3058.0,3065.0,421832
2025-08-19T09:45:00+05:30,3065.0,3085.0,3062.2,3077.5,201356
2025-08-19T10:00:00+05:30,3075.7,3077.6,3067.0,3073.1,86339
2025-08-19T10:15:00+05:30,3073.1,3082.0,3070.0,3072.5,66855
2025-08-19T10:30:00+05:30,3072.5,3076.1,3059.0,3076.1,79215
2025-08-19T10:45:00+05:30,3076.1,3079.4,3068.0,3072.5,36598
2025-08-19T11:00:00+05:30,3072.3,3078.1,3067.0,3068.9,36809
2025-08-19T11:15:00+05:30,3068.0,3071.1,3065.0,3068.0,22660
2025-08-19T11:30:00+05:30,3068.0,3074.5,3061.6,3072.9,34014
2025-08-19T11:45:00+05:30,3072.9,3074.5,3068.0,3072.6,23240
2025-08-19T12:00:00+05:30,3073.0,3075.0,3069.0,3072.4,18955
2025-08-19T12:15:00+05:30,3072.4,3077.0,3072.0,3076.5,41745
2025-08-19T12:30:00+05:30,3076.9,3077.0,3062.2,3065.6,52121
2025-08-19T12:45:00+05:30,3065.6,3072.7,3065.0,3069.0,17696
2025-08-19T13:00:00+05:30,3069.0,3070.5,3054.2,3055.9,51615
2025-08-19T13:15:00+05:30,3055.5,3063.0,3041.0,3051.2,83628
2025-08-19T13:30:00+05:30,3051.2,3060.0,3050.0,3050.0,45694
2025-08-19T13:45:00+05:30,3050.0,3051.0,3040.0,3045.0,51688
2025-08-19T14:00:00+05:30,3044.9,3047.5,3031.0,3032.3,70429
2025-08-19T14:15:00+05:30,3032.3,3045.8,3030.0,3040.0,51169
2025-08-19T14:30:00+05:30,3040.0,3044.9,3035.0,3036.1,32320
2025-08-19T14:45:00+05:30,3036.6,3040.0,3033.0,3037.7,17503
2025-08-19T15:00:00+05:30,3037.3,3044.5,3027.0,3043.7,94605
2025-08-19T15:15:00+05:30,3043.7,3043.8,3035.0,3036.6,139939
2025-08-20T09:15:00+05:30,3044.9,3079.9,3025.1,3077.7,269276
2025-08-20T09:30:00+05:30,3078.3,3087.7,3073.0,3086.0,113440
2025-08-20T09:45:00+05:30,3085.9,3087.0,3070.0,3078.6,55502
2025-08-20T10:00:00+05:30,3079.0,3087.5,3061.2,3072.0,88915
2025-08-20T10:15:00+05:30,3072.0,3080.0,3071.5,3077.0,29071
2025-08-20T10:30:00+05:30,3076.8,3084.0,3076.0,3079.3,38483
2025-08-20T10:45:00+05:30,3079.3,3080.5,3077.0,3078.7,19490
2025-08-20T11:00:00+05:30,3078.3,3079.8,3073.0,3076.7,14649
2025-08-20T11:15:00+05:30,3077.0,3079.0,3070.0,3074.9,18552
2025-08-20T11:30:00+05:30,3074.2,3079.0,3071.0,3071.1,17170
2025-08-20T11:45:00+05:30,3071.1,3077.0,3071.0,3074.6,12656
2025-08-20T12:00:00+05:30,3074.7,3076.9,3071.0,3076.1,18981
2025-08-20T12:15:00+05:30,3076.2,3083.1,3076.1,3077.4,24080
2025-08-20T12:30:00+05:30,3077.4,3081.0,3072.3,3080.2,21647
2025-08-20T12:45:00+05:30,3078.3,3083.8,3078.0,3081.5,24780
2025-08-20T13:00:00+05:30,3081.5,3103.4,3081.0,3095.0,137046
2025-08-20T13:15:00+05:30,3095.0,3098.8,3085.5,3091.0,35190
2025-08-20T13:30:00+05:30,3090.4,3092.0,3087.0,3088.8,20382
2025-08-20T13:45:00+05:30,3088.8,3130.0,3088.8,3123.0,212342
2025-08-20T14:00:00+05:30,3124.0,3133.0,3122.0,3126.0,99572
2025-08-20T14:15:00+05:30,3125.7,3130.0,3122.0,3128.1,52901
2025-08-20T14:30:00+05:30,3127.5,3138.2,3125.1,3131.1,100780
2025-08-20T14:45:00+05:30,3131.1,3148.8,3129.2,3147.8,115691
2025-08-20T15:00:00+05:30,3146.5,3152.7,3140.0,3152.1,151079
2025-08-20T15:15:00+05:30,3152.1,3168.0,3140.1,3142.0,265683
2025-08-21T09:15:00+05:30,3165.0,3239.9,3137.3,3233.0,748963
2025-08-21T09:30:00+05:30,3233.0,3277.9,3221.2,3277.9,455299
2025-08-21T09:45:00+05:30,3276.4,3299.0,3272.1,3274.0,486607
2025-08-21T10:00:00+05:30,3274.0,3287.8,3254.6,3269.3,208013
2025-08-21T10:15:00+05:30,3267.5,3270.2,3243.0,3245.2,153892
2025-08-21T10:30:00+05:30,3245.5,3255.3,3241.0,3247.5,122805
2025-08-21T10:45:00+05:30,3245.8,3255.0,3241.6,3243.1,71517
2025-08-21T11:00:00+05:30,3243.1,3255.0,3238.0,3253.8,94880
2025-08-21T11:15:00+05:30,3253.8,3256.0,3242.0,3246.9,47310
2025-08-21T11:30:00+05:30,3246.9,3250.1,3246.6,3247.1,28252
2025-08-21T11:45:00+05:30,3248.3,3249.5,3242.0,3244.0,35232
2025-08-21T12:00:00+05:30,3244.0,3274.0,3243.3,3266.9,112062
2025-08-21T12:15:00+05:30,3268.0,3280.0,3261.1,3276.4,169428
2025-08-21T12:30:00+05:30,3275.2,3294.0,3243.0,3250.0,287098
2025-08-21T12:45:00+05:30,3250.0,3255.4,3225.4,3239.9,122651
2025-08-21T13:00:00+05:30,3240.0,3243.4,3228.0,3239.0,70848
2025-08-21T13:15:00+05:30,3239.0,3239.3,3226.0,3229.0,62462
2025-08-21T13:30:00+05:30,3229.0,3231.2,3211.6,3221.2,82620
2025-08-21T13:45:00+05:30,3222.0,3228.8,3220.0,3225.0,33854
2025-08-21T14:00:00+05:30,3225.0,3226.8,3217.0,3217.5,24866
2025-08-21T14:15:00+05:30,3217.5,3222.6,3203.3,3214.0,86380
2025-08-21T14:30:00+05:30,3214.0,3214.0,3202.8,3209.1,46647
2025-08-21T14:45:00+05:30,3210.0,3218.0,3195.0,3199.0,68621
2025-08-21T15:00:00+05:30,3199.9,3215.9,3199.0,3213.8,83332
2025-08-21T15:15:00+05:30,3215.0,3242.5,3213.7,3225.0,211359
2025-08-22T09:15:00+05:30,3223.4,3237.4,3175.0,3197.1,455474
2025-08-22T09:30:00+05:30,3196.5,3220.9,3195.3,3211.8,163274
2025-08-22T09:45:00+05:30,3211.8,3217.0,3207.4,3213.0,65200
2025-08-22T10:00:00+05:30,3213.4,3226.0,3210.2,3224.0,88720
2025-08-22T10:15:00+05:30,3224.0,3228.0,3206.6,3217.0,69846
2025-08-22T10:30:00+05:30,3215.0,3223.9,3210.1,3211.3,39379
2025-08-22T10:45:00+05:30,3211.3,3215.0,3206.8,3209.8,38881
2025-08-22T11:00:00+05:30,3209.2,3219.8,3209.2,3213.5,26719
2025-08-22T11:15:00+05:30,3213.9,3216.1,3207.8,3213.5,24609
2025-08-22T11:30:00+05:30,3213.9,3216.9,3210.1,3213.5,16974
2025-08-22T11:45:00+05:30,3212.7,3214.0,3181.0,3189.1,80839
2025-08-22T12:00:00+05:30,3189.2,3198.7,3180.0,3197.1,68116
2025-08-22T12:15:00+05:30,3197.7,3209.4,3192.7,3208.9,31985
2025-08-22T12:30:00+05:30,3208.7,3210.8,3201.1,3205.6,25479
2025-08-22T12:45:00+05:30,3205.6,3206.0,3192.2,3198.1,20421
2025-08-22T13:00:00+05:30,3199.2,3201.6,3195.0,3200.7,12471
2025-08-22T13:15:00+05:30,3198.5,3200.8,3191.5,3200.0,16435
2025-08-22T13:30:00+05:30,3200.0,3203.0,3197.5,3198.1,13735
2025-08-22T13:45:00+05:30,3198.8,3202.0,3197.5,3201.4,10352
2025-08-22T14:00:00+05:30,3201.4,3202.0,3191.1,3192.1,18153
2025-08-22T14:15:00+05:30,3192.4,3199.9,3184.7,3189.0,45368
2025-08-22T14:30:00+05:30,3190.0,3194.8,3183.0,3194.5,27387
2025-08-22T14:45:00+05:30,3194.5,3206.0,3191.0,3199.7,47161
2025-08-22T15:00:00+05:30,3200.0,3200.0,3190.1,3193.7,54201
2025-08-22T15:15:00+05:30,3194.0,3196.9,3171.0,3175.0,142308
2025-08-25T09:15:00+05:30,3190.0,3194.6,3101.2,3104.0,331270
2025-08-25T09:30:00+05:30,3104.0,3114.0,3083.0,3097.4,227702
2025-08-25T09:45:00+05:30,3097.1,3107.0,3087.2,3094.3,101871
2025-08-25T10:00:00+05:30,3094.3,3094.3,3083.3,3091.0,60272
2025-08-25T10:15:00+05:30,3091.0,3112.0,3085.2,3104.0,69443
2025-08-25T10:30:00+05:30,3104.0,3109.0,3100.0,3101.3,25264
2025-08-25T10:45:00+05:30,3101.0,3103.4,3092.3,3101.0,28926
2025-08-25T11:00:00+05:30,3101.0,3121.0,3098.9,3118.0,65330
2025-08-25T11:15:00+05:30,3118.0,3120.2,3111.0,3118.0,37312
2025-08-25T11:30:00+05:30,3118.3,3124.9,3114.1,3115.0,26829
2025-08-25T11:45:00+05:30,3115.5,3120.0,3110.0,3111.0,17129
2025-08-25T12:00:00+05:30,3111.0,3113.9,3104.4,3108.3,24123
2025-08-25T12:15:00+05:30,3107.4,3111.1,3100.2,3106.0,24057
2025-08-25T12:30:00+05:30,3105.5,3109.0,3103.2,3104.8,13931
2025-08-25T12:45:00+05:30,3105.9,3108.6,3104.0,3106.5,9483
2025-08-25T13:00:00+05:30,3105.1,3107.0,3101.5,3103.0,15530
2025-08-25T13:15:00+05:30,3102.0,3118.9,3098.0,3112.9,58523
2025-08-25T13:30:00+05:30,3113.7,3152.0,3111.2,3146.5,160240
2025-08-25T13:45:00+05:30,3146.5,3158.0,3132.6,3136.6,111455
2025-08-25T14:00:00+05:30,3137.0,3156.9,3135.1,3156.5,69332
2025-08-25T14:15:00+05:30,3156.3,3186.5,3156.3,3163.5,225695
2025-08-25T14:30:00+05:30,3165.0,3166.5,3146.0,3154.0,72802
2025-08-25T14:45:00+05:30,3153.1,3160.7,3146.5,3156.6,44169
2025-08-25T15:00:00+05:30,3156.0,3162.6,3150.1,3154.3,69824
2025-08-25T15:15:00+05:30,3156.1,3160.0,3142.2,3151.0,119591
2025-08-26T09:15:00+05:30,3149.0,3180.0,3127.5,3139.4,315771
2025-08-26T09:30:00+05:30,3140.0,3174.9,3138.9,3169.9,211621
2025-08-26T09:45:00+05:30,3169.1,3178.0,3162.3,3174.8,88285
2025-08-26T10:00:00+05:30,3174.8,3175.4,3166.0,3174.7,52666
2025-08-26T10:15:00+05:30,3174.1,3178.8,3168.7,3171.7,42750
2025-08-26T10:30:00+05:30,3171.7,3185.0,3165.0,3183.0,87313
2025-08-26T10:45:00+05:30,3183.0,3204.0,3181.3,3203.7,224158
2025-08-26T11:00:00+05:30,3204.0,3207.5,3193.4,3205.3,143258
2025-08-26T11:15:00+05:30,3205.3,3214.5,3201.5,3209.0,155280
2025-08-26T11:30:00+05:30,3209.6,3210.0,3185.0,3193.4,87110
2025-08-26T11:45:00+05:30,3193.1,3203.8,3191.2,3195.5,46571
2025-08-26T12:00:00+05:30,3195.5,3195.5,3176.6,3177.2,47522
2025-08-26T12:15:00+05:30,3179.2,3185.0,3173.0,3180.2,66374
2025-08-26T12:30:00+05:30,3181.4,3181.4,3167.8,3171.4,41496
2025-08-26T12:45:00+05:30,3171.4,3172.0,3156.3,3165.0,67811
2025-08-26T13:00:00+05:30,3164.8,3165.0,3115.0,3130.0,154453
2025-08-26T13:15:00+05:30,3130.3,3135.0,3120.0,3127.1,87297
2025-08-26T13:30:00+05:30,3126.3,3140.0,3120.2,3129.2,116057
2025-08-26T13:45:00+05:30,3129.8,3144.0,3121.0,3138.1,79882
2025-08-26T14:00:00+05:30,3139.0,3152.5,3138.5,3149.0,62871
2025-08-26T14:15:00+05:30,3149.8,3163.4,3145.8,3163.4,68581
2025-08-26T14:30:00+05:30,3163.0,3182.5,3162.9,3182.0,216360
2025-08-26T14:45:00+05:30,3182.0,3185.0,3162.0,3162.0,187439
2025-08-26T15:00:00+05:30,3162.0,3300.0,3156.3,3289.7,6707700
2025-08-26T15:15:00+05:30,3289.5,3329.8,3266.1,3321.1,5076584
2025-08-28T09:15:00+05:30,3298.0,3364.7,3275.0,3315.5,957589
2025-08-28T09:30:00+05:30,3316.4,3320.0,3288.7,3319.6,285428
2025-08-28T09:45:00+05:30,3319.0,3356.0,3314.0,3352.0,385373
2025-08-28T10:00:00+05:30,3352.0,3393.0,3341.5,3354.6,700262
2025-08-28T10:15:00+05:30,3354.6,3394.9,3346.1,3382.6,340060
2025-08-28T10:30:00+05:30,3384.0,3389.9,3355.1,3358.0,288677
2025-08-28T10:45:00+05:30,3358.0,3374.9,3347.0,3365.0,161625
2025-08-28T11:00:00+05:30,3365.0,3368.0,3360.0,3364.0,61016
2025-08-28T11:15:00+05:30,3364.0,3364.0,3335.0,3343.9,117717
2025-08-28T11:30:00+05:30,3344.0,3350.0,3325.0,3339.9,95404
2025-08-28T11:45:00+05:30,3339.1,3345.0,3325.0,3333.0,86424
2025-08-28T12:00:00+05:30,3333.0,3338.9,3326.0,3328.7,46172
2025-08-28T12:15:00+05:30,3329.9,3330.0,3302.0,3312.9,141690
2025-08-28T12:30:00+05:30,3313.0,3318.0,3309.0,3315.0,37201
2025-08-28T12:45:00+05:30,3315.0,3343.9,3314.5,3337.8,106221
2025-08-28T13:00:00+05:30,3336.5,3361.8,3331.0,3354.5,112312
2025-08-28T13:15:00+05:30,3354.5,3393.0,3354.0,3390.5,334723
2025-08-28T13:30:00+05:30,3390.7,3396.0,3375.0,3386.0,246766
2025-08-28T13:45:00+05:30,3385.9,3394.0,3377.0,3388.3,164555
2025-08-28T14:00:00+05:30,3388.3,3420.0,3384.6,3417.0,348171
2025-08-28T14:15:00+05:30,3416.3,3447.7,3405.7,3430.0,686899
2025-08-28T14:30:00+05:30,3429.0,3437.0,3407.0,3430.9,270102
2025-08-28T14:45:00+05:30,3430.9,3439.0,3406.0,3409.0,276309
2025-08-28T15:00:00+05:30,3409.3,3444.4,3408.3,3416.1,423296
2025-08-28T15:15:00+05:30,3416.1,3429.9,3382.3,3393.8,421809
2025-08-29T09:15:00+05:30,3415.4,3490.0,3352.0,3482.0,823148
2025-08-29T09:30:00+05:30,3480.1,3488.0,3441.3,3477.6,440064
2025-08-29T09:45:00+05:30,3477.6,3496.8,3462.0,3470.0,382438
2025-08-29T10:00:00+05:30,3470.0,3470.0,3430.1,3461.4,351400
2025-08-29T10:15:00+05:30,3460.1,3461.7,3415.1,3428.4,243291
2025-08-29T10:30:00+05:30,3428.4,3468.9,3422.0,3454.4,203125
2025-08-29T10:45:00+05:30,3454.4,3460.3,3420.0,3431.5,124637
2025-08-29T11:00:00+05:30,3431.3,3435.7,3400.9,3423.3,169076
2025-08-29T11:15:00+05:30,3422.4,3440.0,3412.0,3414.4,80684
2025-08-29T11:30:00+05:30,3414.4,3418.7,3402.0,3408.0,91594
2025-08-29T11:45:00+05:30,3408.0,3415.0,3401.1,3401.6,50236
2025-08-29T12:00:00+05:30,3401.6,3412.1,3392.0,3399.3,108307
2025-08-29T12:15:00+05:30,3398.8,3404.8,3385.0,3388.8,68405
2025-08-29T12:30:00+05:30,3388.8,3438.0,3384.7,3428.2,159930
2025-08-29T12:45:00+05:30,3428.2,3431.8,3401.6,3404.0,90273
2025-08-29T13:00:00+05:30,3403.0,3409.8,3395.2,3398.0,37090
2025-08-29T13:15:00+05:30,3398.0,3415.0,3395.0,3411.3,48243
2025-08-29T13:30:00+05:30,3410.0,3411.4,3389.0,3394.9,53413
2025-08-29T13:45:00+05:30,3394.9,3405.2,3387.0,3388.8,42807
2025-08-29T14:00:00+05:30,3388.8,3394.0,3372.0,3392.0,123176
2025-08-29T14:15:00+05:30,3391.9,3400.8,3374.0,3376.7,76426
2025-08-29T14:30:00+05:30,3376.0,3383.0,3361.0,3368.0,106420
2025-08-29T14:45:00+05:30,3369.8,3395.0,3367.5,3392.5,99898
2025-08-29T15:00:00+05:30,3392.5,3430.0,3390.3,3393.8,304743
2025-08-29T15:15:00+05:30,3394.4,3408.4,3382.5,3392.0,211303
2025-09-01T09:15:00+05:30,3447.9,3447.9,3380.0,3387.0,339515
2025-09-01T09:30:00+05:30,3385.4,3420.0,3385.1,3387.0,137217
2025-09-01T09:45:00+05:30,3387.4,3395.0,3350.0,3351.0,177445
2025-09-01T10:00:00+05:30,3351.0,3357.8,3335.2,3342.9,132713
2025-09-01T10:15:00+05:30,3342.4,3345.0,3320.0,3325.5,114058
2025-09-01T10:30:00+05:30,3326.0,3330.0,3306.0,3317.6,107443
2025-09-01T10:45:00+05:30,3318.2,3322.8,3305.6,3306.6,61743
2025-09-01T11:00:00+05:30,3306.0,3315.0,3285.0,3292.4,164105
2025-09-01T11:15:00+05:30,3292.4,3293.1,3256.2,3266.0,205757
2025-09-01T11:30:00+05:30,3265.9,3281.5,3235.0,3250.5,226407
2025-09-01T11:45:00+05:30,3251.6,3257.6,3240.2,3247.6,70358
2025-09-01T12:00:00+05:30,3247.6,3265.0,3246.0,3247.6,81175
2025-09-01T12:15:00+05:30,3248.1,3258.0,3246.5,3256.4,33736
2025-09-01T12:30:00+05:30,3257.7,3264.0,3245.0,3246.4,51750
2025-09-01T12:45:00+05:30,3247.6,3251.3,3245.0,3249.5,26992
2025-09-01T13:00:00+05:30,3249.5,3258.0,3245.0,3252.7,44520
2025-09-01T13:15:00+05:30,3252.7,3253.2,3245.0,3248.5,35924
2025-09-01T13:30:00+05:30,3247.7,3258.5,3247.5,3255.2,36642
2025-09-01T13:45:00+05:30,3255.2,3256.9,3227.0,3235.5,82360
2025-09-01T14:00:00+05:30,3235.4,3242.0,3214.0,3216.1,139141
2025-09-01T14:15:00+05:30,3216.9,3238.0,3216.0,3234.2,85687
2025-09-01T14:30:00+05:30,3233.0,3234.2,3211.1,3218.0,127943
2025-09-01T14:45:00+05:30,3219.3,3224.0,3202.5,3213.0,137054
2025-09-01T15:00:00+05:30,3213.0,3217.1,3195.8,3196.8,211780
2025-09-01T15:15:00+05:30,3196.8,3211.1,3190.0,3199.0,388128
2025-09-02T09:15:00+05:30,3228.0,3269.4,3208.0,3263.3,559055
2025-09-02T09:30:00+05:30,3263.2,3267.0,3214.1,3214.1,259232
2025-09-02T09:45:00+05:30,3215.3,3234.7,3182.8,3197.9,203224
2025-09-02T10:00:00+05:30,3195.6,3213.9,3181.0,3189.7,156071
2025-09-02T10:15:00+05:30,3188.8,3192.0,3170.0,3174.8,125392
2025-09-02T10:30:00+05:30,3174.1,3184.9,3172.0,3175.0,67615
2025-09-02T10:45:00+05:30,3175.0,3176.0,3162.0,3170.0,81955
2025-09-02T11:00:00+05:30,3170.0,3199.5,3164.2,3195.0,119302
2025-09-02T11:15:00+05:30,3195.0,3232.4,3194.2,3225.1,252153
2025-09-02T11:30:00+05:30,3226.9,3230.0,3192.1,3197.4,146560
2025-09-02T11:45:00+05:30,3195.7,3215.0,3190.0,3212.7,67485
2025-09-02T12:00:00+05:30,3212.7,3227.0,3200.4,3213.0,57808
2025-09-02T12:15:00+05:30,3213.1,3218.9,3202.0,3214.0,40383
2025-09-02T12:30:00+05:30,3213.2,3220.0,3206.0,3214.4,26402
2025-09-02T12:45:00+05:30,3212.6,3214.9,3190.7,3197.1,48598
2025-09-02T13:00:00+05:30,3197.2,3212.0,3197.0,3207.0,26865
2025-09-02T13:15:00+05:30,3207.0,3209.4,3185.0,3187.9,58845
2025-09-02T13:30:00+05:30,3188.7,3189.7,3181.0,3185.0,37739
2025-09-02T13:45:00+05:30,3185.0,3186.5,3172.5,3182.4,66428
2025-09-02T14:00:00+05:30,3182.4,3192.0,3175.3,3187.6,40822
2025-09-02T14:15:00+05:30,3189.0,3195.0,3180.1,3183.9,35315
2025-09-02T14:30:00+05:30,3183.9,3192.8,3182.0,3188.0,21210
2025-09-02T14:45:00+05:30,3188.0,3196.0,3180.0,3189.3,34427
2025-09-02T15:00:00+05:30,3189.8,3206.9,3184.3,3192.0,127298
2025-09-02T15:15:00+05:30,3193.4,3213.0,3190.0,3197.0,176425
2025-09-03T09:15:00+05:30,3234.0,3239.5,3205.0,3223.5,233985
2025-09-03T09:30:00+05:30,3223.3,3248.4,3211.1,3230.5,137521
2025-09-03T09:45:00+05:30,3231.0,3238.9,3221.0,3224.2,55212
2025-09-03T10:00:00+05:30,3224.9,3228.0,3215.6,3219.7,41694
2025-09-03T10:15:00+05:30,3219.7,3222.1,3211.0,3217.1,42010
2025-09-03T10:30:00+05:30,3218.0,3220.2,3215.0,3215.6,21613
2025-09-03T10:45:00+05:30,3215.0,3220.0,3211.0,3219.5,22486
2025-09-03T11:00:00+05:30,3219.9,3227.0,3212.3,3213.5,24132
2025-09-03T11:15:00+05:30,3214.0,3218.0,3197.6,3203.2,54469
2025-09-03T11:30:00+05:30,3203.1,3218.5,3198.1,3213.0,37876
2025-09-03T11:45:00+05:30,3212.1,3215.0,3207.0,3209.0,12797
2025-09-03T12:00:00+05:30,3209.0,3214.9,3207.3,3210.8,11887
2025-09-03T12:15:00+05:30,3211.0,3211.4,3203.6,3209.6,12357
2025-09-03T12:30:00+05:30,3209.6,3210.0,3207.0,3208.6,7258
2025-09-03T12:45:00+05:30,3208.6,3209.0,3195.0,3198.4,31921
2025-09-03T13:00:00+05:30,3198.4,3204.3,3177.0,3178.9,66047
2025-09-03T13:15:00+05:30,3178.9,3189.2,3178.9,3180.9,25138
2025-09-03T13:30:00+05:30,3182.1,3186.6,3176.0,3180.0,29252
2025-09-03T13:45:00+05:30,3180.0,3183.8,3180.0,3181.8,14585
2025-09-03T14:00:00+05:30,3181.8,3189.6,3175.0,3182.7,33441
2025-09-03T14:15:00+05:30,3181.7,3194.4,3178.8,3190.9,32458
2025-09-03T14:30:00+05:30,3190.9,3196.0,3182.2,3183.3,33351
2025-09-03T14:45:00+05:30,3183.1,3212.0,3183.1,3205.0,124161
2025-09-03T15:00:00+05:30,3205.0,3230.0,3205.0,3225.3,128683
2025-09-03T15:15:00+05:30,3225.2,3235.0,3218.0,3226.1,140220
2025-09-04T09:15:00+05:30,3254.0,3265.0,3227.2,3230.0,170226
2025-09-04T09:30:00+05:30,3229.9,3244.9,3229.2,3233.6,53725
2025-09-04T09:45:00+05:30,3234.0,3241.0,3230.9,3236.2,21555
2025-09-04T10:00:00+05:30,3236.2,3240.5,3232.0,3237.0,22236
2025-09-04T10:15:00+05:30,3236.9,3253.4,3230.0,3246.3,70474
2025-09-04T10:30:00+05:30,3245.2,3247.0,3233.0,3235.9,14791
2025-09-04T10:45:00+05:30,3234.6,3244.0,3234.2,3240.5,11072
2025-09-04T11:00:00+05:30,3240.6,3242.5,3215.2,3219.8,49833
2025-09-04T11:15:00+05:30,3219.0,3226.0,3210.0,3224.2,45331
2025-09-04T11:30:00+05:30,3224.2,3230.1,3215.4,3224.0,16707
2025-09-04T11:45:00+05:30,3223.9,3243.5,3221.2,3240.0,36432
2025-09-04T12:00:00+05:30,3241.3,3242.0,3221.1,3223.0,37140
2025-09-04T12:15:00+05:30,3222.6,3223.5,3206.0,3219.4,35661
2025-09-04T12:30:00+05:30,3219.0,3221.0,3208.3,3210.0,18957
2025-09-04T12:45:00+05:30,3209.0,3217.5,3209.0,3214.7,11704
2025-09-04T13:00:00+05:30,3215.0,3217.6,3202.9,3208.4,30295
2025-09-04T13:15:00+05:30,3208.4,3212.0,3204.0,3205.0,15506
2025-09-04T13:30:00+05:30,3205.0,3208.3,3196.0,3200.0,28044
2025-09-04T13:45:00+05:30,3200.0,3202.0,3196.0,3199.0,13756
2025-09-04T14:00:00+05:30,3200.0,3208.9,3186.1,3194.8,36786
2025-09-04T14:15:00+05:30,3196.7,3215.0,3192.5,3208.4,30017
2025-09-04T14:30:00+05:30,3208.4,3217.7,3195.0,3202.0,44614
2025-09-04T14:45:00+05:30,3202.9,3208.5,3192.5,3199.0,24535
2025-09-04T15:00:00+05:30,3195.1,3206.4,3191.1,3193.0,60387
2025-09-04T15:15:00+05:30,3193.3,3213.9,3190.0,3205.3,144495
2025-09-05T09:15:00+05:30,3205.0,3219.8,3178.0,3186.9,120922
2025-09-05T09:30:00+05:30,3187.0,3212.5,3185.4,3210.0,35087
2025-09-05T09:45:00+05:30,3210.8,3239.0,3207.3,3225.0,107575
2025-09-05T10:00:00+05:30,3223.0,3226.0,3202.2,3207.9,29166
2025-09-05T10:15:00+05:30,3207.9,3218.0,3202.2,3216.0,21747
2025-09-05T10:30:00+05:30,3216.6,3221.2,3208.0,3217.0,11257
2025-09-05T10:45:00+05:30,3217.0,3217.0,3206.8,3209.3,12026
2025-09-05T11:00:00+05:30,3208.6,3215.3,3205.8,3208.7,13196
2025-09-05T11:15:00+05:30,3210.2,3210.7,3203.0,3206.6,9958
2025-09-05T11:30:00+05:30,3206.7,3207.8,3196.6,3198.0,14832
2025-09-05T11:45:00+05:30,3198.0,3202.2,3193.9,3198.4,19832
2025-09-05T12:00:00+05:30,3197.7,3199.9,3195.0,3199.9,6793
2025-09-05T12:15:00+05:30,3198.3,3207.8,3196.0,3204.9,10179
2025-09-05T12:30:00+05:30,3203.2,3208.0,3201.0,3206.0,8893
2025-09-05T12:45:00+05:30,3206.0,3215.0,3205.0,3212.8,11672
2025-09-05T13:00:00+05:30,3212.5,3215.9,3207.4,3212.0,12238
2025-09-05T13:15:00+05:30,3211.2,3214.0,3207.0,3209.1,5691
2025-09-05T13:30:00+05:30,3211.0,3216.0,3208.2,3211.7,8420
2025-09-05T13:45:00+05:30,3211.6,3216.0,3208.6,3216.0,12779
2025-09-05T14:00:00+05:30,3216.0,3218.7,3211.3,3217.0,8435
2025-09-05T14:15:00+05:30,3216.8,3217.5,3212.5,3213.9,4591
2025-09-05T14:30:00+05:30,3213.0,3214.8,3210.1,3210.2,9079
2025-09-05T14:45:00+05:30,3211.6,3216.0,3210.0,3213.7,21880
2025-09-05T15:00:00+05:30,3213.0,3230.0,3210.2,3218.0,56601
2025-09-05T15:15:00+05:30,3218.0,3223.0,3212.2,3219.9,83381
2025-09-08T09:15:00+05:30,3228.0,3248.0,3210.0,3228.1,90932
2025-09-08T09:30:00+05:30,3230.0,3245.9,3219.0,3230.0,49449
2025-09-08T09:45:00+05:30,3228.3,3237.1,3218.0,3222.8,23300
2025-09-08T10:00:00+05:30,3222.6,3224.0,3210.1,3213.6,34158
2025-09-08T10:15:00+05:30,3212.0,3217.4,3207.0,3208.1,21776
2025-09-08T10:30:00+05:30,3210.1,3211.0,3196.0,3198.8,25393
2025-09-08T10:45:00+05:30,3198.0,3207.4,3196.0,3199.5,16925
2025-09-08T11:00:00+05:30,3199.5,3200.9,3191.5,3200.0,15321
2025-09-08T11:15:00+05:30,3199.0,3203.8,3195.1,3200.6,11923
2025-09-08T11:30:00+05:30,3200.6,3202.5,3196.0,3200.9,8759
2025-09-08T11:45:00+05:30,3200.5,3200.5,3193.1,3198.7,9106
2025-09-08T12:00:00+05:30,3197.9,3199.9,3194.1,3198.0,7785
2025-09-08T12:15:00+05:30,3196.4,3198.0,3188.0,3189.0,20546
2025-09-08T12:30:00+05:30,3189.0,3197.8,3188.4,3193.9,8408
2025-09-08T12:45:00+05:30,3193.9,3195.1,3188.2,3190.0,11805
2025-09-08T13:00:00+05:30,3189.8,3193.0,3185.0,3192.1,10201
2025-09-08T13:15:00+05:30,3192.1,3192.7,3181.1,3187.0,13524
2025-09-08T13:30:00+05:30,3187.0,3189.0,3182.0,3186.0,10530
2025-09-08T13:45:00+05:30,3187.5,3188.8,3182.5,3186.0,7918
2025-09-08T14:00:00+05:30,3186.0,3188.4,3181.1,3183.1,11016
2025-09-08T14:15:00+05:30,3184.0,3186.0,3181.1,3184.3,10664
2025-09-08T14:30:00+05:30,3185.0,3187.8,3181.5,3181.5,9928
2025-09-08T14:45:00+05:30,3182.1,3183.1,3175.2,3179.7,30358
2025-09-08T15:00:00+05:30,3179.8,3185.0,3176.0,3184.8,35787
2025-09-08T15:15:00+05:30,3184.9,3184.9,3171.0,3176.0,85687
2025-09-09T09:15:00+05:30,3189.9,3208.2,3151.2,3207.0,152916
2025-09-09T09:30:00+05:30,3207.7,3244.3,3197.0,3235.1,195671
2025-09-09T09:45:00+05:30,3235.0,3236.2,3211.0,3221.6,71469
2025-09-09T10:00:00+05:30,3220.1,3226.2,3210.2,3213.0,29222
2025-09-09T10:15:00+05:30,3212.0,3238.4,3212.0,3230.0,44133
2025-09-09T10:30:00+05:30,3230.0,3258.0,3227.1,3237.1,142180
2025-09-09T10:45:00+05:30,3238.0,3254.0,3227.5,3247.0,47440
2025-09-09T11:00:00+05:30,3247.1,3262.0,3241.4,3245.0,92193
2025-09-09T11:15:00+05:30,3243.9,3256.0,3243.5,3252.0,30502
2025-09-09T11:30:00+05:30,3252.0,3252.4,3233.1,3241.2,32540
2025-09-09T11:45:00+05:30,3241.0,3244.3,3232.5,3239.2,17925
2025-09-09T12:00:00+05:30,3239.1,3243.6,3226.0,3235.0,20763
2025-09-09T12:15:00+05:30,3235.0,3260.0,3232.8,3240.5,63626
2025-09-09T12:30:00+05:30,3240.8,3240.8,3231.2,3234.5,11738
2025-09-09T12:45:00+05:30,3234.0,3241.1,3227.6,3240.7,23433
2025-09-09T13:00:00+05:30,3240.7,3249.0,3232.0,3236.4,27057
2025-09-09T13:15:00+05:30,3237.0,3243.7,3232.2,3240.0,10544
2025-09-09T13:30:00+05:30,3240.1,3249.0,3240.0,3246.4,17542
2025-09-09T13:45:00+05:30,3246.4,3248.0,3239.0,3240.0,15483
2025-09-09T14:00:00+05:30,3240.0,3240.0,3235.1,3238.1,10750
2025-09-09T14:15:00+05:30,3239.5,3240.1,3230.0,3233.4,21754
2025-09-09T14:30:00+05:30,3234.6,3248.0,3230.9,3245.0,35777
2025-09-09T14:45:00+05:30,3245.0,3265.0,3245.0,3250.1,108184
2025-09-09T15:00:00+05:30,3250.6,3261.5,3250.1,3261.1,73432
2025-09-09T15:15:00+05:30,3261.1,3265.0,3254.5,3259.1,126739
2025-09-10T09:15:00+05:30,3270.0,3314.0,3267.4,3295.0,307567
2025-09-10T09:30:00+05:30,3295.0,3324.8,3282.5,3323.3,178219
2025-09-10T09:45:00+05:30,3322.9,3348.9,3310.5,3343.0,233408
2025-09-10T10:00:00+05:30,3343.0,3438.0,3340.2,3414.2,735426
2025-09-10T10:15:00+05:30,3414.3,3429.0,3402.4,3411.5,286794
2025-09-10T10:30:00+05:30,3410.1,3411.0,3395.0,3395.1,141908
2025-09-10T10:45:00+05:30,3395.1,3422.0,3395.1,3402.4,122321
2025-09-10T11:00:00+05:30,3402.7,3410.0,3390.0,3392.9,91775
2025-09-10T11:15:00+05:30,3392.0,3398.0,3382.0,3385.4,60855
2025-09-10T11:30:00+05:30,3385.4,3387.2,3366.0,3370.0,92171
2025-09-10T11:45:00+05:30,3369.8,3383.7,3362.5,3379.0,67861
2025-09-10T12:00:00+05:30,3378.5,3379.0,3356.0,3363.1,57118
2025-09-10T12:15:00+05:30,3363.1,3399.0,3363.0,3393.9,84747
2025-09-10T12:30:00+05:30,3395.0,3439.5,3391.5,3430.1,332628
2025-09-10T12:45:00+05:30,3430.6,3438.0,3419.2,3429.0,205408
2025-09-10T13:00:00+05:30,3428.7,3450.0,3427.0,3431.2,234381
2025-09-10T13:15:00+05:30,3431.0,3438.0,3411.1,3435.9,139879
2025-09-10T13:30:00+05:30,3435.0,3450.0,3425.0,3446.4,130247
2025-09-10T13:45:00+05:30,3445.7,3464.0,3441.5,3452.9,260331
2025-09-10T14:00:00+05:30,3452.5,3466.0,3440.0,3456.0,207293
2025-09-10T14:15:00+05:30,3456.0,3457.0,3444.0,3450.0,95649
2025-09-10T14:30:00+05:30,3448.7,3475.5,3445.4,3467.0,246217
2025-09-10T14:45:00+05:30,3466.0,3485.0,3465.0,3470.9,297963
2025-09-10T15:00:00+05:30,3471.7,3503.5,3450.3,3461.0,655082
2025-09-10T15:15:00+05:30,3461.0,3479.9,3452.0,3464.2,409002
2025-09-11T09:15:00+05:30,3470.0,3568.0,3439.0,3551.5,1003439
2025-09-11T09:30:00+05:30,3551.4,3595.0,3535.3,3577.0,734496
2025-09-11T09:45:00+05:30,3575.3,3576.7,3521.0,3535.1,399830
2025-09-11T10:00:00+05:30,3536.5,3550.0,3516.0,3537.5,208087
2025-09-11T10:15:00+05:30,3539.0,3543.1,3509.7,3525.0,182405
2025-09-11T10:30:00+05:30,3525.0,3526.0,3495.0,3519.5,251764
2025-09-11T10:45:00+05:30,3519.5,3529.9,3511.8,3523.0,126678
2025-09-11T11:00:00+05:30,3522.0,3525.4,3510.5,3511.3,57074
2025-09-11T11:15:00+05:30,3511.3,3514.0,3492.1,3504.4,107790
2025-09-11T11:30:00+05:30,3505.0,3530.0,3505.0,3524.1,102693
2025-09-11T11:45:00+05:30,3525.8,3532.0,3516.0,3530.0,80186
2025-09-11T12:00:00+05:30,3530.0,3549.0,3528.0,3546.8,111297
2025-09-11T12:15:00+05:30,3546.8,3596.0,3545.0,3585.0,403257
2025-09-11T12:30:00+05:30,3585.1,3675.0,3580.0,3658.0,1083070
2025-09-11T12:45:00+05:30,3655.9,3748.0,3647.4,3720.0,1734277
2025-09-11T13:00:00+05:30,3721.1,3745.0,3690.1,3726.0,912238
2025-09-11T13:15:00+05:30,3727.0,3734.0,3701.0,3712.3,452100
2025-09-11T13:30:00+05:30,3712.0,3713.7,3670.0,3678.7,711125
2025-09-11T13:45:00+05:30,3678.0,3707.6,3654.0,3677.6,618362
2025-09-11T14:00:00+05:30,3677.6,3725.0,3676.6,3716.4,518255
2025-09-11T14:15:00+05:30,3718.0,3719.0,3667.0,3672.9,358458
2025-09-11T14:30:00+05:30,3672.9,3694.7,3645.0,3683.2,483742
2025-09-11T14:45:00+05:30,3682.0,3699.0,3666.6,3690.5,304921
2025-09-11T15:00:00+05:30,3690.3,3745.0,3690.3,3737.3,862691
2025-09-11T15:15:00+05:30,3737.2,3777.0,3733.5,3752.0,1092364
2025-09-12T09:15:00+05:30,3765.9,3865.0,3765.9,3811.8,1768563
2025-09-12T09:30:00+05:30,3811.8,3819.8,3755.3,3755.9,651402
2025-09-12T09:45:00+05:30,3755.8,3767.6,3693.4,3714.9,718298
2025-09-12T10:00:00+05:30,3715.5,3738.4,3677.6,3695.0,429330
2025-09-12T10:15:00+05:30,3694.0,3719.0,3672.0,3713.0,323095
2025-09-12T10:30:00+05:30,3713.0,3714.0,3684.6,3689.1,166177
2025-09-12T10:45:00+05:30,3689.1,3707.7,3672.0,3678.7,151539
2025-09-12T11:00:00+05:30,3678.8,3701.0,3665.0,3691.3,178663
2025-09-12T11:15:00+05:30,3691.3,3701.1,3681.0,3695.9,83097
2025-09-12T11:30:00+05:30,3697.1,3715.0,3686.0,3697.0,116079
2025-09-12T11:45:00+05:30,3696.6,3699.0,3676.5,3678.3,109628
2025-09-12T12:00:00+05:30,3680.0,3684.8,3666.0,3673.6,121904
2025-09-12T12:15:00+05:30,3673.8,3687.5,3673.5,3685.0,67825
2025-09-12T12:30:00+05:30,3684.9,3695.0,3681.1,3682.2,43759
2025-09-12T12:45:00+05:30,3682.4,3686.4,3674.2,3683.4,47413
2025-09-12T13:00:00+05:30,3683.5,3683.5,3670.0,3672.8,63732
2025-09-12T13:15:00+05:30,3672.8,3685.0,3665.5,3676.7,81237
2025-09-12T13:30:00+05:30,3676.6,3686.9,3671.0,3676.7,64105
2025-09-12T13:45:00+05:30,3677.5,3685.0,3662.5,3676.1,120569
2025-09-12T14:00:00+05:30,3677.2,3682.0,3672.2,3676.1,38387
2025-09-12T14:15:00+05:30,3675.1,3680.0,3670.0,3678.0,55090
2025-09-12T14:30:00+05:30,3676.5,3678.0,3615.0,3621.7,323172
2025-09-12T14:45:00+05:30,3621.8,3643.8,3612.8,3625.2,222981
2025-09-12T15:00:00+05:30,3626.0,3646.5,3625.6,3634.0,214094
2025-09-12T15:15:00+05:30,3634.1,3642.0,3617.3,3635.0,385521
2025-09-15T09:15:00+05:30,3640.0,3720.0,3638.1,3691.0,631543
2025-09-15T09:30:00+05:30,3690.1,3720.0,3681.0,3694.0,275406
2025-09-15T09:45:00+05:30,3694.0,3716.0,3676.0,3692.0,178384
2025-09-15T10:00:00+05:30,3692.6,3724.8,3692.6,3713.7,188624
2025-09-15T10:15:00+05:30,3714.0,3718.9,3692.9,3708.5,118669
2025-09-15T10:30:00+05:30,3707.7,3728.0,3666.0,3678.0,280134
2025-09-15T10:45:00+05:30,3678.0,3678.8,3640.0,3649.6,191672
2025-09-15T11:00:00+05:30,3650.7,3657.0,3615.6,3625.0,135603
2025-09-15T11:15:00+05:30,3625.0,3630.0,3608.0,3612.3,122728
2025-09-15T11:30:00+05:30,3612.0,3620.4,3600.0,3601.9,122898
2025-09-15T11:45:00+05:30,3601.3,3615.0,3592.0,3613.5,119037
2025-09-15T12:00:00+05:30,3613.0,3622.4,3607.9,3613.1,54424
2025-09-15T12:15:00+05:30,3613.9,3632.0,3613.1,3622.7,67765
2025-09-15T12:30:00+05:30,3622.9,3629.9,3601.8,3605.0,67390
2025-09-15T12:45:00+05:30,3605.0,3610.9,3600.1,3605.7,42487
2025-09-15T13:00:00+05:30,3605.7,3610.0,3601.4,3605.3,21614
2025-09-15T13:15:00+05:30,3605.2,3610.0,3576.0,3583.3,121744
2025-09-15T13:30:00+05:30,3583.5,3584.5,3561.1,3564.0,100579
2025-09-15T13:45:00+05:30,3563.6,3571.9,3561.2,3565.7,54224
2025-09-15T14:00:00+05:30,3565.7,3584.6,3555.5,3579.7,100563
2025-09-15T14:15:00+05:30,3579.2,3580.0,3562.0,3578.3,55437
2025-09-15T14:30:00+05:30,3578.3,3580.0,3567.0,3578.7,46786
2025-09-15T14:45:00+05:30,3578.5,3578.7,3565.0,3569.0,36468
2025-09-15T15:00:00+05:30,3569.0,3579.0,3562.0,3575.9,94574
2025-09-15T15:15:00+05:30,3575.8,3594.8,3570.1,3588.0,255711
2025-09-16T09:15:00+05:30,3601.0,3625.0,3583.0,3598.1,333702
2025-09-16T09:30:00+05:30,3597.8,3617.0,3562.7,3612.1,232992
2025-09-16T09:45:00+05:30,3611.3,3618.6,3592.4,3610.2,122473
2025-09-16T10:00:00+05:30,3611.0,3611.0,3575.0,3593.7,126529
2025-09-16T10:15:00+05:30,3593.9,3608.0,3585.6,3596.9,51014
2025-09-16T10:30:00+05:30,3596.9,3606.9,3594.0,3596.0,30260
2025-09-16T10:45:00+05:30,3596.0,3606.0,3590.7,3595.0,32951
2025-09-16T11:00:00+05:30,3595.0,3595.1,3571.2,3578.7,73837
2025-09-16T11:15:00+05:30,3578.7,3587.5,3575.0,3581.0,30966
2025-09-16T11:30:00+05:30,3581.0,3584.0,3575.0,3581.2,21109
2025-09-16T11:45:00+05:30,3581.1,3581.1,3551.2,3563.8,88760
2025-09-16T12:00:00+05:30,3563.1,3567.2,3548.0,3552.1,71824
2025-09-16T12:15:00+05:30,3552.1,3564.5,3543.0,3560.6,60287
2025-09-16T12:30:00+05:30,3560.7,3561.7,3550.2,3553.7,23636
2025-09-16T12:45:00+05:30,3553.7,3556.0,3550.2,3551.9,14632
2025-09-16T13:00:00+05:30,3551.8,3554.8,3549.0,3552.9,22909
2025-09-16T13:15:00+05:30,3552.9,3559.9,3552.9,3557.2,16164
2025-09-16T13:30:00+05:30,3557.1,3559.0,3545.0,3552.4,22821
2025-09-16T13:45:00+05:30,3552.9,3559.7,3550.6,3558.5,17383
2025-09-16T14:00:00+05:30,3558.5,3566.4,3547.7,3554.9,38543
2025-09-16T14:15:00+05:30,3554.9,3555.0,3535.0,3542.0,71936
2025-09-16T14:30:00+05:30,3542.4,3549.7,3542.0,3547.0,29013
2025-09-16T14:45:00+05:30,3547.0,3554.0,3545.0,3552.3,39442
2025-09-16T15:00:00+05:30,3552.3,3602.6,3552.3,3582.3,288920
2025-09-16T15:15:00+05:30,3582.4,3585.0,3565.0,3569.9,230184
2025-09-17T09:15:00+05:30,3585.0,3614.0,3582.7,3596.9,221093
2025-09-17T09:30:00+05:30,3595.5,3595.9,3570.0,3591.7,90730
2025-09-17T09:45:00+05:30,3591.7,3594.9,3570.0,3576.0,53907
2025-09-17T10:00:00+05:30,3574.8,3590.0,3565.0,3575.0,57587
2025-09-17T10:15:00+05:30,3575.0,3609.9,3575.0,3606.2,119841
2025-09-17T10:30:00+05:30,3606.2,3616.7,3590.0,3610.0,106212
2025-09-17T10:45:00+05:30,3610.8,3618.9,3595.0,3599.0,94442
2025-09-17T11:00:00+05:30,3597.6,3599.3,3581.0,3592.0,51082
2025-09-17T11:15:00+05:30,3591.9,3599.0,3585.0,3598.5,28505
2025-09-17T11:30:00+05:30,3598.4,3600.0,3591.5,3599.8,13806
2025-09-17T11:45:00+05:30,3599.7,3600.0,3587.3,3592.0,20592
2025-09-17T12:00:00+05:30,3592.0,3595.5,3587.3,3589.0,13311
2025-09-17T12:15:00+05:30,3588.0,3592.7,3583.1,3591.2,16822
2025-09-17T12:30:00+05:30,3591.3,3594.5,3588.0,3590.0,8824
2025-09-17T12:45:00+05:30,3590.0,3590.8,3585.0,3589.1,7747
2025-09-17T13:00:00+05:30,3589.0,3592.6,3576.4,3588.8,22832
2025-09-17T13:15:00+05:30,3588.8,3598.0,3580.8,3591.2,21575
2025-09-17T13:30:00+05:30,3593.3,3598.0,3588.1,3592.7,22789
2025-09-17T13:45:00+05:30,3592.7,3597.0,3584.0,3593.1,24288
2025-09-17T14:00:00+05:30,3591.7,3594.0,3585.0,3589.0,18228
2025-09-17T14:15:00+05:30,3589.0,3591.0,3582.6,3586.8,21244
2025-09-17T14:30:00+05:30,3585.6,3589.8,3582.8,3586.5,12681
2025-09-17T14:45:00+05:30,3586.5,3594.0,3584.0,3591.4,23270
2025-09-17T15:00:00+05:30,3591.4,3605.0,3585.7,3603.5,79847
2025-09-17T15:15:00+05:30,3603.5,3615.0,3602.0,3614.0,134323
2025-09-18T09:15:00+05:30,3614.0,3645.0,3586.0,3593.0,337125
2025-09-18T09:30:00+05:30,3593.9,3622.0,3593.0,3603.0,115890
2025-09-18T09:45:00+05:30,3603.0,3610.3,3572.0,3573.2,147241
2025-09-18T10:00:00+05:30,3573.4,3581.9,3566.4,3569.0,68348
2025-09-18T10:15:00+05:30,3570.2,3578.0,3558.0,3564.0,72714
2025-09-18T10:30:00+05:30,3564.2,3569.9,3556.0,3564.0,51542
2025-09-18T10:45:00+05:30,3564.0,3569.0,3553.0,3555.9,38354
2025-09-18T11:00:00+05:30,3557.5,3564.0,3555.1,3558.0,18459
2025-09-18T11:15:00+05:30,3558.0,3561.8,3546.6,3547.7,56162
2025-09-18T11:30:00+05:30,3547.7,3549.0,3520.1,3525.1,134538
2025-09-18T11:45:00+05:30,3525.0,3526.3,3516.1,3524.4,76230
2025-09-18T12:00:00+05:30,3524.4,3539.7,3520.3,3539.5,52666
2025-09-18T12:15:00+05:30,3538.1,3544.8,3532.9,3539.9,40059
2025-09-18T12:30:00+05:30,3539.8,3541.9,3532.0,3534.4,21682
2025-09-18T12:45:00+05:30,3534.4,3542.5,3532.0,3540.3,26137
2025-09-18T13:00:00+05:30,3539.6,3539.6,3530.0,3531.0,31068
2025-09-18T13:15:00+05:30,3531.0,3536.8,3505.0,3522.9,113430
2025-09-18T13:30:00+05:30,3522.8,3526.3,3513.1,3519.9,46205
2025-09-18T13:45:00+05:30,3519.9,3521.3,3514.0,3518.5,20956
2025-09-18T14:00:00+05:30,3518.5,3519.3,3505.0,3507.9,50948
2025-09-18T14:15:00+05:30,3508.7,3512.9,3504.0,3508.2,50264
2025-09-18T14:30:00+05:30,3508.3,3510.0,3492.2,3498.0,99879
2025-09-18T14:45:00+05:30,3497.8,3498.3,3491.1,3494.0,73430
2025-09-18T15:00:00+05:30,3494.4,3512.9,3492.0,3502.3,140425
2025-09-18T15:15:00+05:30,3502.7,3514.8,3490.0,3500.0,216001
2025-09-19T09:15:00+05:30,3510.0,3527.4,3470.2,3493.7,318193
2025-09-19T09:30:00+05:30,3492.3,3511.0,3483.1,3496.5,129216
2025-09-19T09:45:00+05:30,3496.9,3505.0,3482.0,3484.1,53675
2025-09-19T10:00:00+05:30,3485.0,3505.0,3482.0,3491.0,55361
2025-09-19T10:15:00+05:30,3492.0,3504.9,3490.0,3491.8,39461
2025-09-19T10:30:00+05:30,3493.3,3502.0,3491.0,3500.0,28290
2025-09-19T10:45:00+05:30,3500.0,3506.9,3490.0,3504.9,37821
2025-09-19T11:00:00+05:30,3504.4,3520.0,3498.9,3505.5,102398
2025-09-19T11:15:00+05:30,3505.3,3523.7,3500.6,3513.6,116104
2025-09-19T11:30:00+05:30,3513.6,3533.0,3508.7,3528.0,58644
2025-09-19T11:45:00+05:30,3527.9,3528.0,3501.1,3516.0,56772
2025-09-19T12:00:00+05:30,3516.2,3522.5,3510.1,3512.0,21063
2025-09-19T12:15:00+05:30,3512.0,3513.8,3505.1,3505.1,21042
2025-09-19T12:30:00+05:30,3505.7,3509.2,3501.3,3503.2,20241
2025-09-19T12:45:00+05:30,3502.8,3506.6,3490.0,3491.1,50745
2025-09-19T13:00:00+05:30,3492.9,3496.0,3486.1,3490.5,32558
2025-09-19T13:15:00+05:30,3491.9,3508.4,3490.3,3506.7,37276
2025-09-19T13:30:00+05:30,3506.7,3516.0,3501.6,3506.9,45102
2025-09-19T13:45:00+05:30,3506.9,3509.0,3501.2,3502.0,14024
2025-09-19T14:00:00+05:30,3503.2,3515.8,3500.1,3507.0,34400
2025-09-19T14:15:00+05:30,3508.5,3510.1,3504.0,3505.5,26353
2025-09-19T14:30:00+05:30,3505.5,3509.8,3502.9,3505.5,24773
2025-09-19T14:45:00+05:30,3506.5,3512.0,3502.9,3506.0,33410
2025-09-19T15:00:00+05:30,3506.0,3535.0,3500.1,3529.1,244123
2025-09-19T15:15:00+05:30,3530.4,3544.9,3529.1,3542.0,226970
2025-09-22T09:15:00+05:30,3400.4,3489.0,3400.4,3478.0,312302
2025-09-22T09:30:00+05:30,3478.0,3505.5,3475.3,3494.0,120213
2025-09-22T09:45:00+05:30,3494.9,3508.0,3487.0,3488.2,54670
2025-09-22T10:00:00+05:30,3489.0,3495.0,3477.9,3481.4,48972
2025-09-22T10:15:00+05:30,3481.0,3487.9,3475.0,3481.0,26740
2025-09-22T10:30:00+05:30,3481.0,3481.0,3470.0,3474.1,40509
2025-09-22T10:45:00+05:30,3475.0,3475.0,3441.6,3452.0,88648
2025-09-22T11:00:00+05:30,3452.0,3453.0,3435.2,3439.2,59944
2025-09-22T11:15:00+05:30,3439.1,3457.7,3439.1,3455.0,31341
2025-09-22T11:30:00+05:30,3455.8,3471.9,3455.0,3464.0,35831
2025-09-22T11:45:00+05:30,3464.6,3469.9,3461.2,3467.1,16328
2025-09-22T12:00:00+05:30,3466.0,3473.5,3463.1,3463.1,13416
2025-09-22T12:15:00+05:30,3464.2,3470.0,3455.6,3463.7,18051
2025-09-22T12:30:00+05:30,3462.0,3474.0,3460.0,3471.3,18090
2025-09-22T12:45:00+05:30,3470.0,3474.0,3462.1,3465.4,13625
2025-09-22T13:00:00+05:30,3464.0,3465.9,3440.0,3443.8,41902
2025-09-22T13:15:00+05:30,3443.7,3468.0,3441.8,3466.1,29825
2025-09-22T13:30:00+05:30,3466.1,3480.4,3465.6,3470.0,49478
2025-09-22T13:45:00+05:30,3470.3,3471.7,3453.0,3453.9,24804
2025-09-22T14:00:00+05:30,3454.0,3458.8,3450.0,3452.0,20306
2025-09-22T14:15:00+05:30,3452.0,3457.7,3445.0,3448.7,19765
2025-09-22T14:30:00+05:30,3448.0,3457.0,3445.0,3446.0,13533
2025-09-22T14:45:00+05:30,3446.0,3455.0,3441.0,3455.0,38372
2025-09-22T15:00:00+05:30,3455.0,3458.8,3447.0,3455.3,61271
2025-09-22T15:15:00+05:30,3456.5,3463.7,3448.0,3451.0,108513
2025-09-23T09:15:00+05:30,3464.0,3520.0,3462.0,3482.6,260390
2025-09-23T09:30:00+05:30,3482.6,3499.9,3480.0,3493.5,73409
2025-09-23T09:45:00+05:30,3492.6,3494.0,3475.1,3478.0,41573
2025-09-23T10:00:00+05:30,3478.1,3495.8,3468.2,3475.6,62679
2025-09-23T10:15:00+05:30,3475.0,3479.6,3455.0,3457.9,51040
2025-09-23T10:30:00+05:30,3457.5,3463.0,3444.0,3452.7,52122
2025-09-23T10:45:00+05:30,3452.0,3452.0,3440.8,3440.8,40288
2025-09-23T11:00:00+05:30,3441.4,3454.9,3440.1,3449.1,21361
2025-09-23T11:15:00+05:30,3450.5,3469.8,3450.5,3457.9,26195
2025-09-23T11:30:00+05:30,3459.0,3463.3,3456.1,3458.4,8655
2025-09-23T11:45:00+05:30,3458.4,3464.0,3456.0,3459.0,8126
2025-09-23T12:00:00+05:30,3460.6,3468.0,3458.0,3464.8,14928
2025-09-23T12:15:00+05:30,3465.9,3472.0,3463.0,3471.2,14743
2025-09-23T12:30:00+05:30,3471.4,3474.0,3456.5,3456.5,17723
2025-09-23T12:45:00+05:30,3457.5,3458.6,3451.0,3453.0,13499
2025-09-23T13:00:00+05:30,3451.7,3459.0,3451.0,3455.3,10192
2025-09-23T13:15:00+05:30,3456.0,3460.0,3441.5,3445.0,24393
2025-09-23T13:30:00+05:30,3445.0,3451.0,3441.5,3447.0,17766
2025-09-23T13:45:00+05:30,3447.0,3454.0,3442.6,3446.4,12398
2025-09-23T14:00:00+05:30,3446.4,3455.0,3442.3,3444.8,13132
2025-09-23T14:15:00+05:30,3446.3,3450.0,3443.0,3448.0,7662
2025-09-23T14:30:00+05:30,3448.9,3454.7,3447.0,3450.0,12384
2025-09-23T14:45:00+05:30,3449.4,3450.0,3423.4,3429.2,58813
2025-09-23T15:00:00+05:30,3429.2,3454.5,3420.0,3446.9,91885
2025-09-23T15:15:00+05:30,3446.5,3447.0,3424.8,3436.0,105117
2025-09-24T09:15:00+05:30,3440.6,3498.0,3440.0,3486.0,279984
2025-09-24T09:30:00+05:30,3487.0,3530.0,3460.1,3516.5,301581
2025-09-24T09:45:00+05:30,3516.3,3535.0,3502.3,3528.0,200235
2025-09-24T10:00:00+05:30,3528.0,3540.0,3510.0,3520.7,185195
2025-09-24T10:15:00+05:30,3521.9,3534.0,3505.0,3532.0,112191
2025-09-24T10:30:00+05:30,3531.7,3533.1,3505.0,3516.0,84530
2025-09-24T10:45:00+05:30,3515.0,3529.5,3505.2,3525.7,63394
2025-09-24T11:00:00+05:30,3526.2,3546.7,3518.5,3542.0,150974
2025-09-24T11:15:00+05:30,3543.8,3547.8,3522.0,3534.3,120306
2025-09-24T11:30:00+05:30,3535.0,3537.2,3525.0,3533.0,42567
2025-09-24T11:45:00+05:30,3533.5,3579.0,3532.9,3555.4,274196
2025-09-24T12:00:00+05:30,3557.0,3569.0,3547.0,3566.6,101248
2025-09-24T12:15:00+05:30,3566.8,3575.0,3558.2,3569.0,75711
2025-09-24T12:30:00+05:30,3569.0,3570.0,3537.1,3543.4,101974
2025-09-24T12:45:00+05:30,3543.6,3551.0,3530.1,3533.0,95483
2025-09-24T13:00:00+05:30,3533.0,3540.6,3522.0,3525.2,93532
2025-09-24T13:15:00+05:30,3525.2,3534.9,3515.6,3519.2,89381
2025-09-24T13:30:00+05:30,3520.0,3520.6,3506.5,3511.2,67826
2025-09-24T13:45:00+05:30,3511.1,3514.9,3501.0,3507.0,74048
2025-09-24T14:00:00+05:30,3506.1,3514.9,3500.2,3505.0,40357
2025-09-24T14:15:00+05:30,3505.0,3511.0,3482.0,3488.0,83258
2025-09-24T14:30:00+05:30,3487.4,3503.5,3485.5,3495.0,52941
2025-09-24T14:45:00+05:30,3495.8,3498.2,3475.0,3481.6,70483
2025-09-24T15:00:00+05:30,3479.1,3494.0,3477.8,3480.1,104232
2025-09-24T15:15:00+05:30,3480.1,3505.2,3479.9,3503.0,170602
2025-09-25T09:15:00+05:30,3506.0,3509.6,3471.0,3478.0,220057
2025-09-25T09:30:00+05:30,3477.0,3495.8,3467.0,3494.8,86385
2025-09-25T09:45:00+05:30,3493.2,3507.0,3481.2,3497.2,62812
2025-09-25T10:00:00+05:30,3498.0,3508.0,3482.5,3484.6,36759
2025-09-25T10:15:00+05:30,3485.7,3489.8,3475.1,3477.8,26003
2025-09-25T10:30:00+05:30,3477.8,3478.0,3470.0,3474.4,27707
2025-09-25T10:45:00+05:30,3474.4,3474.4,3455.8,3469.0,37989
2025-09-25T11:00:00+05:30,3468.2,3475.0,3463.4,3468.9,20852
2025-09-25T11:15:00+05:30,3468.9,3475.0,3465.2,3470.0,7787
2025-09-25T11:30:00+05:30,3471.0,3471.4,3455.1,3460.0,20138
2025-09-25T11:45:00+05:30,3460.0,3464.5,3452.0,3460.8,21295
2025-09-25T12:00:00+05:30,3460.5,3462.2,3452.6,3455.6,13319
2025-09-25T12:15:00+05:30,3457.0,3462.9,3455.0,3462.0,8876
2025-09-25T12:30:00+05:30,3461.6,3464.0,3456.1,3456.1,8939
2025-09-25T12:45:00+05:30,3457.0,3461.0,3455.4,3456.4,6664
2025-09-25T13:00:00+05:30,3456.7,3469.0,3455.4,3459.0,14709
2025-09-25T13:15:00+05:30,3459.2,3460.0,3445.0,3453.0,32251
2025-09-25T13:30:00+05:30,3453.0,3455.0,3447.0,3455.0,11395
2025-09-25T13:45:00+05:30,3455.0,3456.0,3449.0,3450.0,6480
2025-09-25T14:00:00+05:30,3450.4,3455.6,3441.3,3446.0,21146
2025-09-25T14:15:00+05:30,3446.0,3456.1,3445.2,3451.8,15692
2025-09-25T14:30:00+05:30,3451.0,3452.5,3436.1,3447.0,34016
2025-09-25T14:45:00+05:30,3447.8,3455.3,3445.1,3446.8,24360
2025-09-25T15:00:00+05:30,3448.3,3449.1,3436.4,3443.2,49125
2025-09-25T15:15:00+05:30,3445.0,3452.4,3440.6,3447.0,111104
2025-09-26T09:15:00+05:30,3375.0,3385.0,3254.6,3262.9,719923
2025-09-26T09:30:00+05:30,3262.0,3286.0,3260.0,3270.0,249161
2025-09-26T09:45:00+05:30,3270.0,3277.0,3245.0,3263.8,233434
2025-09-26T10:00:00+05:30,3264.9,3273.9,3254.2,3259.0,104800
2025-09-26T10:15:00+05:30,3258.0,3289.9,3256.7,3285.1,107000
2025-09-26T10:30:00+05:30,3285.1,3288.0,3271.1,3286.1,68338
2025-09-26T10:45:00+05:30,3287.4,3288.0,3267.1,3269.7,44961
2025-09-26T11:00:00+05:30,3269.6,3277.1,3267.1,3276.0,25613
2025-09-26T11:15:00+05:30,3275.0,3278.0,3260.0,3260.6,51186
2025-09-26T11:30:00+05:30,3260.2,3262.0,3251.5,3256.8,58815
2025-09-26T11:45:00+05:30,3255.5,3263.8,3234.2,3240.0,100461
2025-09-26T12:00:00+05:30,3240.3,3240.3,3224.0,3233.6,145592
2025-09-26T12:15:00+05:30,3233.0,3239.0,3211.1,3214.8,94064
2025-09-26T12:30:00+05:30,3214.6,3223.2,3201.2,3219.0,133134
2025-09-26T12:45:00+05:30,3219.0,3236.0,3210.2,3217.5,101509
2025-09-26T13:00:00+05:30,3217.5,3223.0,3182.0,3188.8,179865
2025-09-26T13:15:00+05:30,3189.0,3205.9,3186.1,3203.4,84904
2025-09-26T13:30:00+05:30,3203.4,3204.0,3186.1,3194.5,94885
2025-09-26T13:45:00+05:30,3195.6,3218.9,3193.5,3215.0,109595
2025-09-26T14:00:00+05:30,3215.5,3223.0,3203.2,3208.0,87923
2025-09-26T14:15:00+05:30,3208.0,3214.9,3200.0,3214.0,56859
2025-09-26T14:30:00+05:30,3214.0,3235.0,3206.5,3231.5,144756
2025-09-26T14:45:00+05:30,3231.5,3239.1,3212.2,3216.9,119941
2025-09-26T15:00:00+05:30,3216.1,3227.8,3195.0,3200.4,189504
2025-09-26T15:15:00+05:30,3200.4,3223.3,3195.0,3199.9,264101
2025-09-29T09:15:00+05:30,3225.0,3243.7,3156.8,3209.2,408645
2025-09-29T09:30:00+05:30,3207.4,3246.4,3203.0,3230.0,163033
2025-09-29T09:45:00+05:30,3230.0,3242.0,3214.0,3234.7,83702
2025-09-29T10:00:00+05:30,3233.5,3249.0,3215.0,3240.0,93956
2025-09-29T10:15:00+05:30,3239.0,3244.9,3209.0,3215.8,79350
2025-09-29T10:30:00+05:30,3215.5,3229.8,3201.2,3206.0,52883
2025-09-29T10:45:00+05:30,3207.5,3209.8,3187.7,3189.7,55129
2025-09-29T11:00:00+05:30,3188.4,3212.0,3187.0,3206.0,36622
2025-09-29T11:15:00+05:30,3206.0,3206.0,3193.8,3195.7,20444
2025-09-29T11:30:00+05:30,3195.6,3196.1,3182.0,3183.9,28787
2025-09-29T11:45:00+05:30,3182.6,3183.8,3165.9,3175.0,57473
2025-09-29T12:00:00+05:30,3175.0,3176.9,3161.8,3167.1,31951
2025-09-29T12:15:00+05:30,3167.2,3183.5,3161.5,3174.0,37934
2025-09-29T12:30:00+05:30,3173.0,3173.7,3151.4,3153.0,44237
2025-09-29T12:45:00+05:30,3153.0,3163.8,3142.7,3162.0,73786
2025-09-29T13:00:00+05:30,3162.9,3168.0,3155.5,3164.0,32509
2025-09-29T13:15:00+05:30,3164.0,3184.4,3155.3,3173.3,44829
2025-09-29T13:30:00+05:30,3172.6,3184.9,3171.8,3172.0,29680
2025-09-29T13:45:00+05:30,3171.8,3188.0,3171.8,3185.5,22419
2025-09-29T14:00:00+05:30,3184.2,3207.2,3183.8,3204.2,66130
2025-09-29T14:15:00+05:30,3203.4,3210.0,3190.0,3193.8,68663
2025-09-29T14:30:00+05:30,3194.0,3224.9,3190.0,3205.2,91035
2025-09-29T14:45:00+05:30,3207.0,3237.4,3196.0,3235.5,151448
2025-09-29T15:00:00+05:30,3237.0,3303.0,3236.0,3286.8,519694
2025-09-29T15:15:00+05:30,3286.8,3295.0,3226.8,3248.0,330249
2025-09-30T09:15:00+05:30,3259.0,3296.5,3241.0,3258.0,266850
2025-09-30T09:30:00+05:30,3257.6,3264.3,3242.3,3251.3,55341
2025-09-30T09:45:00+05:30,3251.2,3260.0,3244.2,3256.8,27686
2025-09-30T10:00:00+05:30,3256.8,3270.0,3250.0,3251.9,42928
2025-09-30T10:15:00+05:30,3251.8,3267.0,3250.1,3260.0,23909
2025-09-30T10:30:00+05:30,3260.0,3263.7,3246.1,3254.4,28434
2025-09-30T10:45:00+05:30,3255.0,3255.0,3222.3,3224.4,68420
2025-09-30T11:00:00+05:30,3224.4,3230.0,3204.0,3219.0,55753
2025-09-30T11:15:00+05:30,3218.5,3218.9,3200.0,3203.0,45986
2025-09-30T11:30:00+05:30,3203.0,3220.8,3195.0,3218.2,68218
2025-09-30T11:45:00+05:30,3219.3,3230.0,3215.0,3218.8,38756
2025-09-30T12:00:00+05:30,3219.0,3229.0,3209.8,3214.9,41128
2025-09-30T12:15:00+05:30,3215.0,3224.0,3202.1,3223.2,27441
2025-09-30T12:30:00+05:30,3223.9,3237.9,3221.5,3233.5,34154
2025-09-30T12:45:00+05:30,3234.0,3241.8,3226.7,3236.9,27367
2025-09-30T13:00:00+05:30,3237.7,3249.9,3230.6,3246.8,43637
2025-09-30T13:15:00+05:30,3248.2,3249.6,3233.9,3239.0,22136
2025-09-30T13:30:00+05:30,3238.9,3239.9,3228.2,3231.5,19329
2025-09-30T13:45:00+05:30,3231.5,3243.8,3230.3,3236.5,13664
2025-09-30T14:00:00+05:30,3237.6,3243.5,3234.1,3242.7,15872
2025-09-30T14:15:00+05:30,3241.1,3251.0,3234.3,3248.0,33877
2025-09-30T14:30:00+05:30,3248.4,3274.9,3245.1,3261.8,81045
2025-09-30T14:45:00+05:30,3261.8,3309.0,3261.8,3300.0,181145
2025-09-30T15:00:00+05:30,3300.0,3333.0,3299.6,3332.5,209377
2025-09-30T15:15:00+05:30,3332.9,3348.0,3325.2,3333.0,189646
2025-10-01T09:15:00+05:30,3344.0,3344.0,3298.0,3311.5,182273
2025-10-01T09:30:00+05:30,3311.6,3319.8,3304.1,3315.1,48337
2025-10-01T09:45:00+05:30,3315.0,3319.9,3301.0,3303.2,34624
2025-10-01T10:00:00+05:30,3301.5,3321.0,3301.0,3317.0,50873
2025-10-01T10:15:00+05:30,3316.5,3317.0,3307.0,3309.3,12981
2025-10-01T10:30:00+05:30,3310.0,3317.3,3301.0,3302.7,22800
2025-10-01T10:45:00+05:30,3302.6,3309.0,3300.5,3308.4,12726
2025-10-01T11:00:00+05:30,3307.1,3311.2,3304.9,3309.5,8378
2025-10-01T11:15:00+05:30,3309.8,3333.0,3309.8,3330.0,82807
2025-10-01T11:30:00+05:30,3330.0,3360.0,3328.9,3357.4,140849
2025-10-01T11:45:00+05:30,3356.1,3359.0,3334.0,3347.0,46172
2025-10-01T12:00:00+05:30,3347.0,3347.0,3325.0,3332.2,36649
2025-10-01T12:15:00+05:30,3332.9,3335.1,3322.2,3327.6,19166
2025-10-01T12:30:00+05:30,3329.0,3354.0,3327.6,3342.7,63941
2025-10-01T12:45:00+05:30,3343.0,3348.7,3333.0,3334.9,22276
2025-10-01T13:00:00+05:30,3335.0,3340.8,3332.0,3337.6,9394
2025-10-01T13:15:00+05:30,3337.6,3344.0,3336.1,3342.5,13974
2025-10-01T13:30:00+05:30,3342.5,3344.0,3333.1,3340.6,17959
2025-10-01T13:45:00+05:30,3341.8,3350.0,3335.5,3348.3,18364
2025-10-01T14:00:00+05:30,3346.9,3349.0,3340.2,3345.0,15639
2025-10-01T14:15:00+05:30,3345.7,3346.4,3338.0,3340.0,14763
2025-10-01T14:30:00+05:30,3340.0,3355.0,3333.3,3351.1,43786
2025-10-01T14:45:00+05:30,3351.3,3355.0,3343.0,3347.0,32242
2025-10-01T15:00:00+05:30,3348.0,3348.0,3321.0,3327.2,73978
2025-10-01T15:15:00+05:30,3327.1,3348.4,3316.4,3322.0,122800
2025-10-03T09:15:00+05:30,3364.0,3465.0,3359.0,3464.5,528402
2025-10-03T09:30:00+05:30,3464.2,3469.0,3425.0,3441.5,179833
2025-10-03T09:45:00+05:30,3441.6,3444.7,3418.0,3429.9,108563
2025-10-03T10:00:00+05:30,3428.4,3436.2,3421.0,3430.0,41937
2025-10-03T10:15:00+05:30,3430.0,3435.0,3424.2,3433.0,27273
2025-10-03T10:30:00+05:30,3431.8,3433.1,3420.1,3423.7,27810
2025-10-03T10:45:00+05:30,3424.5,3455.0,3420.0,3437.5,83237
2025-10-03T11:00:00+05:30,3437.5,3450.9,3436.0,3444.0,37968
2025-10-03T11:15:00+05:30,3443.9,3447.0,3430.0,3437.1,34272
2025-10-03T11:30:00+05:30,3438.4,3442.0,3435.0,3438.0,15987
2025-10-03T11:45:00+05:30,3438.0,3439.0,3431.0,3439.0,14822
2025-10-03T12:00:00+05:30,3438.2,3445.0,3435.9,3437.0,18179
2025-10-03T12:15:00+05:30,3437.0,3445.3,3432.0,3436.0,23927
2025-10-03T12:30:00+05:30,3436.0,3436.0,3424.4,3434.4,23213
2025-10-03T12:45:00+05:30,3434.3,3435.8,3429.0,3435.5,13561
2025-10-03T13:00:00+05:30,3435.4,3438.9,3428.3,3433.0,15256
2025-10-03T13:15:00+05:30,3433.0,3434.8,3422.0,3422.6,21872
2025-10-03T13:30:00+05:30,3423.0,3429.8,3418.0,3429.8,21603
2025-10-03T13:45:00+05:30,3429.8,3429.8,3423.0,3427.7,11083
2025-10-03T14:00:00+05:30,3427.7,3436.5,3426.2,3431.7,16568
2025-10-03T14:15:00+05:30,3430.9,3444.0,3430.9,3438.9,32870
2025-10-03T14:30:00+05:30,3438.9,3455.0,3438.0,3445.7,80585
2025-10-03T14:45:00+05:30,3446.9,3467.0,3441.1,3453.5,105526
2025-10-03T15:00:00+05:30,3454.8,3455.0,3435.1,3437.0,72955
2025-10-03T15:15:00+05:30,3436.5,3445.0,3423.4,3434.0,110544
2025-10-06T09:15:00+05:30,3440.0,3444.0,3402.0,3409.0,77080
2025-10-06T09:30:00+05:30,3410.0,3425.0,3405.0,3416.0,36227
2025-10-06T09:45:00+05:30,3416.0,3421.0,3407.0,3416.0,13821
2025-10-06T10:00:00+05:30,3415.8,3433.8,3410.0,3427.7,29271
2025-10-06T10:15:00+05:30,3427.7,3443.0,3425.4,3437.1,27785
2025-10-06T10:30:00+05:30,3436.9,3437.6,3415.1,3421.0,20393
2025-10-06T10:45:00+05:30,3421.0,3426.0,3415.1,3425.0,9560
2025-10-06T11:00:00+05:30,3426.0,3434.0,3422.4,3433.0,11228
2025-10-06T11:15:00+05:30,3433.0,3457.0,3430.0,3453.2,61056
2025-10-06T11:30:00+05:30,3452.3,3453.3,3432.1,3434.4,26974
2025-10-06T11:45:00+05:30,3435.9,3436.6,3425.0,3428.2,13909
2025-10-06T12:00:00+05:30,3429.5,3442.0,3426.5,3439.1,10615
2025-10-06T12:15:00+05:30,3439.7,3444.0,3432.8,3432.8,7299
2025-10-06T12:30:00+05:30,3433.5,3434.7,3428.0,3433.0,4218
2025-10-06T12:45:00+05:30,3433.0,3447.4,3430.0,3447.4,7933
2025-10-06T13:00:00+05:30,3446.8,3451.1,3440.9,3448.6,45430
2025-10-06T13:15:00+05:30,3447.6,3464.0,3444.0,3453.1,50495
2025-10-06T13:30:00+05:30,3453.1,3453.2,3445.2,3447.0,17852
2025-10-06T13:45:00+05:30,3446.3,3448.1,3441.0,3441.2,8990
2025-10-06T14:00:00+05:30,3443.7,3446.0,3436.1,3444.9,13593
2025-10-06T14:15:00+05:30,3444.5,3450.0,3442.4,3444.1,5560
2025-10-06T14:30:00+05:30,3445.0,3445.0,3435.5,3435.5,11832
2025-10-06T14:45:00+05:30,3436.0,3450.3,3432.8,3450.2,18870
2025-10-06T15:00:00+05:30,3450.1,3450.1,3437.0,3439.8,29551
2025-10-06T15:15:00+05:30,3439.8,3448.6,3421.0,3421.0,83056
2025-10-07T09:15:00+05:30,3441.5,3451.5,3426.6,3444.0,80784
2025-10-07T09:30:00+05:30,3445.2,3445.9,3434.5,3439.9,22493
2025-10-07T09:45:00+05:30,3438.8,3442.0,3429.0,3429.0,15517
2025-10-07T10:00:00+05:30,3429.7,3432.1,3421.0,3428.0,30528
2025-10-07T10:15:00+05:30,3428.2,3432.0,3425.0,3425.0,10063
2025-10-07T10:30:00+05:30,3425.4,3426.4,3417.0,3423.3,16561
2025-10-07T10:45:00+05:30,3422.9,3427.0,3422.1,3424.0,6465
2025-10-07T11:00:00+05:30,3425.0,3426.5,3405.9,3412.0,18928
2025-10-07T11:15:00+05:30,3412.8,3412.9,3404.9,3412.4,15890
2025-10-07T11:30:00+05:30,3411.3,3440.0,3411.3,3436.9,37775
2025-10-07T11:45:00+05:30,3437.0,3447.3,3430.1,3432.0,33536
2025-10-07T12:00:00+05:30,3432.1,3434.3,3425.4,3427.6,12866
2025-10-07T12:15:00+05:30,3427.6,3430.2,3422.0,3422.0,7894
2025-10-07T12:30:00+05:30,3422.1,3423.2,3410.4,3413.0,16012
2025-10-07T12:45:00+05:30,3413.0,3417.9,3408.1,3417.9,10433
2025-10-07T13:00:00+05:30,3417.2,3419.0,3410.2,3413.9,8527
2025-10-07T13:15:00+05:30,3413.9,3422.0,3412.9,3416.8,7361
2025-10-07T13:30:00+05:30,3416.8,3420.8,3414.0,3418.1,5978
2025-10-07T13:45:00+05:30,3417.1,3419.3,3416.0,3416.0,4111
2025-10-07T14:00:00+05:30,3416.0,3418.0,3413.2,3416.7,4122
2025-10-07T14:15:00+05:30,3416.7,3417.2,3406.0,3407.0,18427
2025-10-07T14:30:00+05:30,3407.8,3416.4,3407.0,3410.1,18252
2025-10-07T14:45:00+05:30,3411.4,3425.0,3411.4,3420.0,17856
2025-10-07T15:00:00+05:30,3420.1,3426.2,3410.1,3416.2,41863
2025-10-07T15:15:00+05:30,3415.1,3418.9,3370.0,3389.0,97144
2025-10-08T09:15:00+05:30,3400.0,3400.0,3341.4,3357.6,156705
2025-10-08T09:30:00+05:30,3355.7,3358.8,3321.1,3326.7,108565
2025-10-08T09:45:00+05:30,3327.0,3340.0,3320.0,3339.0,65770
2025-10-08T10:00:00+05:30,3339.0,3340.0,3330.0,3333.8,26586
2025-10-08T10:15:00+05:30,3334.4,3336.7,3321.1,3331.0,29385
2025-10-08T10:30:00+05:30,3331.7,3335.8,3326.5,3334.5,14031
2025-10-08T10:45:00+05:30,3333.3,3334.5,3325.4,3328.0,11183
2025-10-08T11:00:00+05:30,3329.2,3329.3,3322.1,3325.0,13365
2025-10-08T11:15:00+05:30,3325.0,3325.0,3313.0,3323.4,24867
2025-10-08T11:30:00+05:30,3323.2,3332.0,3320.0,3330.6,12778
2025-10-08T11:45:00+05:30,3330.6,3330.6,3324.0,3327.2,9594
2025-10-08T12:00:00+05:30,3327.2,3329.7,3324.0,3329.2,6654
2025-10-08T12:15:00+05:30,3328.9,3329.3,3321.4,3324.3,8244
2025-10-08T12:30:00+05:30,3324.3,3328.9,3324.3,3328.7,5171
2025-10-08T12:45:00+05:30,3328.7,3331.9,3327.0,3329.5,14197
2025-10-08T13:00:00+05:30,3330.0,3332.7,3327.7,3332.1,8775
2025-10-08T13:15:00+05:30,3332.1,3337.4,3328.0,3334.0,17952
2025-10-08T13:30:00+05:30,3333.9,3347.0,3333.8,3344.5,33012
2025-10-08T13:45:00+05:30,3344.5,3349.9,3340.0,3347.0,20784
2025-10-08T14:00:00+05:30,3347.0,3347.0,3335.7,3338.0,14959
2025-10-08T14:15:00+05:30,3338.5,3344.3,3333.0,3333.4,17080
2025-10-08T14:30:00+05:30,3335.2,3339.5,3333.0,3336.5,9810
2025-10-08T14:45:00+05:30,3336.6,3340.9,3330.0,3330.0,21346
2025-10-08T15:00:00+05:30,3330.2,3336.0,3315.0,3322.0,52624
2025-10-08T15:15:00+05:30,3322.0,3335.0,3315.0,3321.0,83335
2025-10-09T09:15:00+05:30,3328.0,3343.0,3304.0,3328.0,132047
2025-10-09T09:30:00+05:30,3328.1,3334.5,3305.0,3310.9,51368
2025-10-09T09:45:00+05:30,3308.4,3317.0,3293.0,3293.2,64000
2025-10-09T10:00:00+05:30,3294.4,3297.2,3281.0,3292.4,49164
2025-10-09T10:15:00+05:30,3293.6,3298.0,3291.0,3295.3,16983
2025-10-09T10:30:00+05:30,3293.7,3304.0,3288.9,3293.8,21918
2025-10-09T10:45:00+05:30,3293.9,3300.0,3292.8,3297.0,9587
2025-10-09T11:00:00+05:30,3297.1,3298.0,3286.0,3293.2,20336
2025-10-09T11:15:00+05:30,3291.0,3294.5,3289.8,3293.4,6334
2025-10-09T11:30:00+05:30,3292.0,3294.8,3290.9,3292.0,9653
2025-10-09T11:45:00+05:30,3292.0,3294.0,3290.0,3292.7,8742
2025-10-09T12:00:00+05:30,3292.5,3293.0,3286.0,3288.7,14691
2025-10-09T12:15:00+05:30,3288.7,3291.0,3285.0,3287.5,11369
2025-10-09T12:30:00+05:30,3287.5,3290.0,3285.0,3286.5,7147
2025-10-09T12:45:00+05:30,3286.6,3288.0,3285.1,3287.5,6685
2025-10-09T13:00:00+05:30,3287.5,3290.1,3285.2,3290.0,10630
2025-10-09T13:15:00+05:30,3290.0,3296.6,3270.0,3274.7,33307
2025-10-09T13:30:00+05:30,3274.7,3288.0,3274.4,3283.5,21411
2025-10-09T13:45:00+05:30,3283.5,3287.0,3280.9,3285.2,8357
2025-10-09T14:00:00+05:30,3285.3,3293.0,3283.0,3286.9,12224
2025-10-09T14:15:00+05:30,3286.9,3327.0,3280.5,3318.0,91906
2025-10-09T14:30:00+05:30,3318.0,3324.7,3310.3,3322.0,37571
2025-10-09T14:45:00+05:30,3320.0,3334.0,3315.1,3331.0,51021
2025-10-09T15:00:00+05:30,3330.0,3356.4,3330.0,3345.7,95680
2025-10-09T15:15:00+05:30,3346.4,3346.9,3333.0,3338.5,64329
2025-10-10T09:15:00+05:30,3350.0,3386.4,3322.2,3355.7,205160
2025-10-10T09:30:00+05:30,3355.0,3359.9,3336.0,3341.0,59055
2025-10-10T09:45:00+05:30,3341.0,3342.1,3329.6,3334.5,44222
2025-10-10T10:00:00+05:30,3334.5,3336.6,3325.5,3327.0,26218
2025-10-10T10:15:00+05:30,3327.8,3339.0,3327.1,3335.0,16452
2025-10-10T10:30:00+05:30,3335.6,3338.0,3330.0,3330.0,7618
2025-10-10T10:45:00+05:30,3331.1,3335.0,3330.0,3330.7,7752
2025-10-10T11:00:00+05:30,3332.2,3341.4,3330.7,3334.9,9960
2025-10-10T11:15:00+05:30,3336.0,3340.8,3333.5,3337.4,10160
2025-10-10T11:30:00+05:30,3337.5,3337.8,3327.3,3334.0,10976
2025-10-10T11:45:00+05:30,3334.5,3337.3,3331.4,3332.0,3381
2025-10-10T12:00:00+05:30,3333.0,3337.8,3331.4,3335.1,5719
2025-10-10T12:15:00+05:30,3336.5,3336.8,3326.0,3326.0,13811
2025-10-10T12:30:00+05:30,3326.1,3330.8,3325.5,3329.5,9060
2025-10-10T12:45:00+05:30,3329.7,3331.2,3318.0,3325.0,21579
2025-10-10T13:00:00+05:30,3326.4,3328.9,3324.0,3326.0,7070
2025-10-10T13:15:00+05:30,3326.7,3329.2,3324.0,3326.3,6502
2025-10-10T13:30:00+05:30,3326.3,3339.9,3326.3,3335.0,12304
2025-10-10T13:45:00+05:30,3335.9,3343.9,3334.0,3340.7,15327
2025-10-10T14:00:00+05:30,3341.0,3343.0,3337.0,3342.5,8320
2025-10-10T14:15:00+05:30,3343.0,3346.7,3337.2,3338.0,16331
2025-10-10T14:30:00+05:30,3339.0,3339.6,3333.1,3336.2,7642
2025-10-10T14:45:00+05:30,3337.3,3341.1,3333.0,3338.5,11918
2025-10-10T15:00:00+05:30,3338.7,3344.0,3326.7,3334.1,40856
2025-10-10T15:15:00+05:30,3334.1,3340.0,3323.0,3328.0,61306
2025-10-13T09:15:00+05:30,3339.9,3423.8,3335.3,3348.3,336085
2025-10-13T09:30:00+05:30,3347.5,3387.8,3335.1,3386.0,162955
2025-10-13T09:45:00+05:30,3385.0,3401.0,3376.0,3387.2,162972
2025-10-13T10:00:00+05:30,3387.1,3394.0,3371.0,3372.2,62098
2025-10-13T10:15:00+05:30,3371.5,3414.0,3371.5,3402.2,150928
2025-10-13T10:30:00+05:30,3402.2,3405.0,3381.1,3400.0,77699
2025-10-13T10:45:00+05:30,3401.0,3418.2,3396.9,3409.0,95670
2025-10-13T11:00:00+05:30,3409.0,3412.8,3390.0,3393.0,43795
2025-10-13T11:15:00+05:30,3392.0,3395.0,3381.2,3381.2,31872
2025-10-13T11:30:00+05:30,3381.9,3385.5,3362.0,3365.0,59326
2025-10-13T11:45:00+05:30,3365.5,3377.0,3365.0,3372.1,25547
2025-10-13T12:00:00+05:30,3372.1,3380.0,3371.0,3377.2,18194
2025-10-13T12:15:00+05:30,3377.2,3383.0,3369.6,3375.5,18322
2025-10-13T12:30:00+05:30,3373.9,3377.6,3371.3,3374.7,8561
2025-10-13T12:45:00+05:30,3373.1,3375.9,3370.1,3373.0,6782
2025-10-13T13:00:00+05:30,3373.0,3393.0,3370.1,3389.0,26732
2025-10-13T13:15:00+05:30,3389.0,3394.0,3375.6,3381.0,34915
2025-10-13T13:30:00+05:30,3380.9,3394.4,3376.1,3392.8,23506
2025-10-13T13:45:00+05:30,3392.0,3413.6,3391.0,3405.3,89286
2025-10-13T14:00:00+05:30,3405.3,3410.9,3398.0,3403.0,45811
2025-10-13T14:15:00+05:30,3404.6,3406.8,3390.2,3390.7,37523
2025-10-13T14:30:00+05:30,3391.0,3395.0,3382.3,3395.0,35999
2025-10-13T14:45:00+05:30,3395.0,3398.5,3390.0,3393.0,38097
2025-10-13T15:00:00+05:30,3393.0,3398.8,3390.0,3398.8,66438
2025-10-13T15:15:00+05:30,3398.8,3426.3,3391.7,3423.9,211552
2025-10-14T09:15:00+05:30,3475.6,3559.0,3475.6,3555.7,620283
2025-10-14T09:30:00+05:30,3556.8,3572.8,3541.0,3563.2,355672
2025-10-14T09:45:00+05:30,3563.0,3564.9,3528.0,3528.0,189607
2025-10-14T10:00:00+05:30,3529.2,3544.4,3514.4,3523.2,143608
2025-10-14T10:15:00+05:30,3522.6,3523.3,3503.0,3508.1,114130
2025-10-14T10:30:00+05:30,3508.1,3509.3,3485.5,3495.1,90587
2025-10-14T10:45:00+05:30,3496.5,3498.0,3485.2,3492.2,58078
2025-10-14T11:00:00+05:30,3491.6,3514.0,3483.0,3510.0,85082
2025-10-14T11:15:00+05:30,3509.7,3510.0,3490.1,3495.2,43604
2025-10-14T11:30:00+05:30,3495.7,3509.6,3491.7,3505.0,26930
2025-10-14T11:45:00+05:30,3505.0,3506.4,3495.1,3496.8,25204
2025-10-14T12:00:00+05:30,3496.8,3499.0,3491.4,3494.5,12412
2025-10-14T12:15:00+05:30,3494.5,3520.0,3493.0,3518.6,72548
2025-10-14T12:30:00+05:30,3516.6,3523.8,3505.8,3514.4,55777
2025-10-14T12:45:00+05:30,3514.4,3516.0,3497.5,3509.0,35088
2025-10-14T13:00:00+05:30,3507.5,3508.9,3501.1,3506.2,12068
2025-10-14T13:15:00+05:30,3506.2,3508.0,3486.0,3488.1,52138
2025-10-14T13:30:00+05:30,3487.0,3489.1,3470.1,3483.1,92048
2025-10-14T13:45:00+05:30,3483.0,3485.0,3474.0,3478.1,27438
2025-10-14T14:00:00+05:30,3479.0,3489.1,3478.3,3484.3,39635
2025-10-14T14:15:00+05:30,3484.3,3486.7,3479.4,3485.0,21294
2025-10-14T14:30:00+05:30,3485.9,3496.9,3483.0,3494.9,56882
2025-10-14T14:45:00+05:30,3493.6,3498.8,3491.7,3496.4,31587
2025-10-14T15:00:00+05:30,3496.4,3496.9,3470.0,3477.0,74955
2025-10-14T15:15:00+05:30,3476.0,3493.2,3475.0,3490.1,125637
2025-10-15T09:15:00+05:30,3510.0,3539.0,3455.5,3533.1,360041
2025-10-15T09:30:00+05:30,3533.4,3565.0,3530.0,3561.7,265712
2025-10-15T09:45:00+05:30,3561.7,3569.8,3533.3,3535.5,208390
2025-10-15T10:00:00+05:30,3537.0,3549.7,3523.0,3530.5,73495
2025-10-15T10:15:00+05:30,3531.0,3584.0,3525.3,3582.3,187248
2025-10-15T10:30:00+05:30,3582.2,3609.0,3558.1,3560.6,339041
2025-10-15T10:45:00+05:30,3562.1,3564.3,3542.1,3554.0,123299
2025-10-15T11:00:00+05:30,3554.1,3558.6,3526.7,3533.9,126193
2025-10-15T11:15:00+05:30,3533.9,3534.5,3486.6,3494.9,226177
2025-10-15T11:30:00+05:30,3494.0,3517.0,3490.0,3513.8,93209
2025-10-15T11:45:00+05:30,3513.8,3538.0,3506.0,3536.1,119566
2025-10-15T12:00:00+05:30,3536.1,3543.0,3528.1,3532.5,46967
2025-10-15T12:15:00+05:30,3532.6,3553.6,3530.3,3546.5,61318
2025-10-15T12:30:00+05:30,3548.8,3551.0,3530.2,3534.0,34677
2025-10-15T12:45:00+05:30,3532.8,3544.5,3532.0,3539.0,20587
2025-10-15T13:00:00+05:30,3539.1,3566.0,3539.0,3563.8,85777
2025-10-15T13:15:00+05:30,3562.3,3578.0,3560.2,3567.0,130495
2025-10-15T13:30:00+05:30,3565.3,3574.5,3552.0,3560.1,68319
2025-10-15T13:45:00+05:30,3560.1,3562.6,3552.0,3552.0,39376
2025-10-15T14:00:00+05:30,3553.8,3572.0,3552.0,3558.0,55392
2025-10-15T14:15:00+05:30,3557.0,3560.0,3540.1,3552.1,50977
2025-10-15T14:30:00+05:30,3552.1,3557.7,3535.1,3536.0,47054
2025-10-15T14:45:00+05:30,3536.0,3545.0,3535.0,3540.7,47649
2025-10-15T15:00:00+05:30,3540.0,3540.9,3513.1,3517.2,158572
2025-10-15T15:15:00+05:30,3518.0,3539.0,3494.1,3536.4,238725
2025-10-16T09:15:00+05:30,3587.0,3606.0,3526.0,3533.3,478590
2025-10-16T09:30:00+05:30,3533.0,3568.0,3528.0,3563.5,171978
2025-10-16T09:45:00+05:30,3565.0,3568.9,3547.5,3557.4,103842
2025-10-16T10:00:00+05:30,3557.1,3566.0,3551.0,3563.3,55120
2025-10-16T10:15:00+05:30,3563.2,3584.6,3561.8,3581.6,137612
2025-10-16T10:30:00+05:30,3580.5,3582.0,3566.0,3577.3,53714
2025-10-16T10:45:00+05:30,3576.4,3588.0,3566.0,3585.0,60563
2025-10-16T11:00:00+05:30,3585.0,3609.9,3563.2,3566.4,257895
2025-10-16T11:15:00+05:30,3566.6,3579.0,3555.5,3577.0,130519
2025-10-16T11:30:00+05:30,3577.0,3592.4,3572.2,3583.0,65077
2025-10-16T11:45:00+05:30,3582.9,3595.0,3578.0,3590.0,46557
2025-10-16T12:00:00+05:30,3589.1,3596.5,3580.2,3586.8,65939
2025-10-16T12:15:00+05:30,3589.0,3606.0,3587.0,3599.3,78196
2025-10-16T12:30:00+05:30,3598.6,3602.0,3582.3,3597.0,46344
2025-10-16T12:45:00+05:30,3597.7,3606.0,3595.0,3601.6,67333
2025-10-16T13:00:00+05:30,3601.6,3601.9,3590.0,3592.0,31413
2025-10-16T13:15:00+05:30,3592.0,3597.0,3587.0,3587.0,19542
2025-10-16T13:30:00+05:30,3587.0,3590.4,3580.2,3583.7,29815
2025-10-16T13:45:00+05:30,3583.7,3588.2,3581.0,3587.0,19656
2025-10-16T14:00:00+05:30,3587.0,3603.8,3580.1,3603.8,52872
2025-10-16T14:15:00+05:30,3602.8,3605.5,3589.0,3590.3,95582
2025-10-16T14:30:00+05:30,3590.4,3624.0,3590.0,3615.5,172181
2025-10-16T14:45:00+05:30,3615.5,3620.0,3600.0,3614.0,128771
2025-10-16T15:00:00+05:30,3614.0,3635.0,3610.0,3625.5,218698
2025-10-16T15:15:00+05:30,3625.5,3639.0,3625.1,3630.0,339911
2025-10-17T09:15:00+05:30,3650.0,3718.8,3577.0,3603.2,1590485
2025-10-17T09:30:00+05:30,3603.2,3620.0,3580.0,3589.1,285436
2025-10-17T09:45:00+05:30,3590.5,3590.8,3540.0,3557.8,472852
2025-10-17T10:00:00+05:30,3556.0,3609.0,3553.6,3609.0,246814
2025-10-17T10:15:00+05:30,3609.0,3657.0,3595.3,3640.8,552766
2025-10-17T10:30:00+05:30,3638.6,3645.2,3586.2,3591.5,307392
2025-10-17T10:45:00+05:30,3590.8,3610.0,3571.0,3583.0,176332
2025-10-17T11:00:00+05:30,3582.0,3589.0,3571.0,3577.3,85136
2025-10-17T11:15:00+05:30,3576.6,3588.3,3561.1,3571.2,101025
2025-10-17T11:30:00+05:30,3571.5,3575.0,3561.0,3574.2,61309
2025-10-17T11:45:00+05:30,3574.1,3585.0,3571.2,3577.6,45136
2025-10-17T12:00:00+05:30,3578.5,3589.8,3577.3,3582.6,46135
2025-10-17T12:15:00+05:30,3582.5,3587.9,3580.0,3584.9,24107
2025-10-17T12:30:00+05:30,3585.0,3596.0,3577.0,3588.9,57161
2025-10-17T12:45:00+05:30,3588.9,3589.0,3571.0,3577.9,49323
2025-10-17T13:00:00+05:30,3576.7,3579.3,3549.0,3563.0,108746
2025-10-17T13:15:00+05:30,3562.7,3569.6,3541.0,3549.3,91237
2025-10-17T13:30:00+05:30,3549.3,3558.0,3545.1,3549.5,51147
2025-10-17T13:45:00+05:30,3549.5,3556.0,3546.5,3556.0,35341
2025-10-17T14:00:00+05:30,3556.0,3565.0,3552.0,3555.5,41022
2025-10-17T14:15:00+05:30,3557.1,3575.0,3550.0,3566.8,65676
2025-10-17T14:30:00+05:30,3567.0,3570.0,3554.0,3565.0,52001
2025-10-17T14:45:00+05:30,3565.0,3569.0,3550.1,3553.2,73900
2025-10-17T15:00:00+05:30,3551.6,3562.0,3531.1,3535.0,195236
2025-10-17T15:15:00+05:30,3535.1,3545.0,3520.1,3530.5,345460
2025-10-20T09:15:00+05:30,3575.0,3583.4,3533.0,3555.7,197404
2025-10-20T09:30:00+05:30,3555.0,3555.3,3530.9,3540.3,62313
2025-10-20T09:45:00+05:30,3541.3,3548.0,3530.0,3544.3,46852
2025-10-20T10:00:00+05:30,3544.3,3563.0,3537.8,3538.0,55169
2025-10-20T10:15:00+05:30,3538.9,3543.3,3532.3,3537.3,21658
2025-10-20T10:30:00+05:30,3539.5,3542.3,3533.0,3541.0,14749
2025-10-20T10:45:00+05:30,3541.0,3549.5,3537.0,3538.0,19533
2025-10-20T11:00:00+05:30,3538.8,3540.0,3521.0,3527.0,42989
2025-10-20T11:15:00+05:30,3527.0,3544.7,3520.0,3537.7,37137
2025-10-20T11:30:00+05:30,3539.3,3541.9,3527.0,3530.2,15283
2025-10-20T11:45:00+05:30,3532.0,3532.8,3520.9,3525.4,15000
2025-10-20T12:00:00+05:30,3525.4,3528.7,3522.1,3527.4,14129
2025-10-20T12:15:00+05:30,3525.8,3527.4,3521.0,3526.5,9847
2025-10-20T12:30:00+05:30,3526.8,3533.8,3522.1,3524.1,16622
2025-10-20T12:45:00+05:30,3524.1,3525.0,3515.6,3520.8,20054
2025-10-20T13:00:00+05:30,3520.1,3529.5,3517.4,3521.0,24441
2025-10-20T13:15:00+05:30,3521.0,3521.0,3511.0,3513.7,18986
2025-10-20T13:30:00+05:30,3514.4,3515.1,3504.0,3508.0,28395
2025-10-20T13:45:00+05:30,3507.3,3513.9,3501.0,3513.7,25109
2025-10-20T14:00:00+05:30,3513.4,3514.6,3507.1,3513.8,11003
2025-10-20T14:15:00+05:30,3513.7,3518.0,3502.0,3507.0,24873
2025-10-20T14:30:00+05:30,3506.7,3508.0,3490.0,3497.0,42394
2025-10-20T14:45:00+05:30,3497.8,3500.0,3494.5,3496.9,18881
2025-10-20T15:00:00+05:30,3497.0,3518.0,3495.8,3504.1,93478
2025-10-20T15:15:00+05:30,3505.6,3513.0,3498.7,3503.4,103918
2025-10-21T13:45:00+05:30,3515.9,3531.0,3511.3,3522.0,97898
2025-10-21T14:00:00+05:30,3520.2,3525.0,3516.7,3517.0,29545
2025-10-21T14:15:00+05:30,3517.0,3521.6,3516.0,3519.0,24546
2025-10-21T14:30:00+05:30,3519.0,3520.0,3505.0,3514.0,61439
2025-10-23T09:15:00+05:30,3545.0,3568.5,3522.0,3563.0,203392
2025-10-23T09:30:00+05:30,3563.0,3589.4,3558.4,3583.4,125391
2025-10-23T09:45:00+05:30,3581.5,3597.7,3573.9,3586.5,148656
2025-10-23T10:00:00+05:30,3586.5,3593.9,3570.0,3576.7,55866
2025-10-23T10:15:00+05:30,3576.8,3584.4,3565.0,3581.0,42760
2025-10-23T10:30:00+05:30,3581.3,3584.8,3567.4,3574.0,29533
2025-10-23T10:45:00+05:30,3574.3,3586.0,3570.0,3586.0,31316
2025-10-23T11:00:00+05:30,3586.2,3615.0,3582.1,3597.0,238158
2025-10-23T11:15:00+05:30,3597.0,3602.1,3577.2,3580.0,58149
2025-10-23T11:30:00+05:30,3580.4,3582.9,3576.5,3579.1,24124
2025-10-23T11:45:00+05:30,3578.3,3620.0,3578.0,3618.4,113410
2025-10-23T12:00:00+05:30,3617.9,3623.0,3605.0,3614.6,155507
2025-10-23T12:15:00+05:30,3612.9,3613.9,3591.6,3602.2,53490
2025-10-23T12:30:00+05:30,3601.8,3615.0,3600.0,3614.0,44034
2025-10-23T12:45:00+05:30,3612.9,3615.0,3604.5,3606.1,29382
2025-10-23T13:00:00+05:30,3606.1,3612.0,3602.0,3603.3,24737
2025-10-23T13:15:00+05:30,3603.3,3609.6,3595.0,3606.3,61316
2025-10-23T13:30:00+05:30,3607.0,3609.5,3603.0,3604.0,21151
2025-10-23T13:45:00+05:30,3604.0,3605.0,3591.0,3601.0,25504
2025-10-23T14:00:00+05:30,3601.9,3605.2,3574.7,3581.0,70330
2025-10-23T14:15:00+05:30,3581.0,3589.9,3572.3,3584.7,55066
2025-10-23T14:30:00+05:30,3581.8,3594.5,3580.2,3590.7,33833
2025-10-23T14:45:00+05:30,3590.7,3594.5,3582.0,3583.5,37023
2025-10-23T15:00:00+05:30,3584.8,3586.2,3555.0,3556.5,119515
2025-10-23T15:15:00+05:30,3556.1,3576.0,3551.3,3570.0,136657
2025-10-24T09:15:00+05:30,3569.0,3594.2,3560.6,3590.0,144408
2025-10-24T09:30:00+05:30,3590.0,3598.0,3583.0,3595.5,56709
2025-10-24T09:45:00+05:30,3595.5,3610.0,3589.0,3598.0,84366
2025-10-24T10:00:00+05:30,3598.0,3598.2,3582.2,3586.0,40598
2025-10-24T10:15:00+05:30,3586.0,3586.0,3573.4,3580.0,34039
2025-10-24T10:30:00+05:30,3579.8,3580.5,3567.0,3571.8,32537
2025-10-24T10:45:00+05:30,3571.8,3579.9,3567.1,3572.0,20915
2025-10-24T11:00:00+05:30,3570.5,3575.2,3570.0,3572.6,10350
2025-10-24T11:15:00+05:30,3571.3,3572.3,3561.3,3564.9,27553
2025-10-24T11:30:00+05:30,3564.1,3573.5,3562.1,3565.9,19425
2025-10-24T11:45:00+05:30,3565.9,3571.5,3565.0,3569.1,8879
2025-10-24T12:00:00+05:30,3569.1,3571.4,3550.1,3557.9,35609
2025-10-24T12:15:00+05:30,3556.6,3564.2,3550.6,3563.5,34672
2025-10-24T12:30:00+05:30,3563.5,3565.0,3557.2,3563.4,12235
2025-10-24T12:45:00+05:30,3563.9,3566.0,3560.1,3561.8,5541
2025-10-24T13:00:00+05:30,3561.8,3566.0,3551.3,3552.8,13227
2025-10-24T13:15:00+05:30,3551.3,3553.0,3540.1,3541.2,38059
2025-10-24T13:30:00+05:30,3541.2,3545.9,3536.0,3539.8,20673
2025-10-24T13:45:00+05:30,3539.1,3544.5,3536.1,3538.2,14583
2025-10-24T14:00:00+05:30,3539.0,3542.8,3535.1,3539.0,17785
2025-10-24T14:15:00+05:30,3539.0,3542.0,3538.0,3542.0,12460
2025-10-24T14:30:00+05:30,3542.0,3543.0,3532.0,3534.8,25048
2025-10-24T14:45:00+05:30,3534.8,3540.0,3527.5,3537.0,27573
2025-10-24T15:00:00+05:30,3537.0,3548.0,3510.1,3532.0,87323
2025-10-24T15:15:00+05:30,3532.3,3534.5,3515.0,3520.6,105694
2025-10-27T09:15:00+05:30,3550.0,3574.0,3547.0,3558.4,156109
2025-10-27T09:30:00+05:30,3558.4,3559.5,3540.0,3545.0,64784
2025-10-27T09:45:00+05:30,3545.0,3549.8,3537.0,3538.8,34670
2025-10-27T10:00:00+05:30,3538.9,3572.8,3538.5,3571.0,90576
2025-10-27T10:15:00+05:30,3571.1,3624.0,3563.0,3623.0,328112
2025-10-27T10:30:00+05:30,3622.7,3632.0,3601.4,3620.3,239762
2025-10-27T10:45:00+05:30,3620.3,3630.0,3610.0,3621.7,136235
2025-10-27T11:00:00+05:30,3621.0,3635.0,3595.1,3604.9,146704
2025-10-27T11:15:00+05:30,3604.9,3605.5,3577.0,3585.7,90661
2025-10-27T11:30:00+05:30,3585.7,3594.6,3570.2,3571.6,68388
2025-10-27T11:45:00+05:30,3572.5,3634.9,3562.7,3631.0,205594
2025-10-27T12:00:00+05:30,3631.0,3643.0,3622.0,3632.0,188909
2025-10-27T12:15:00+05:30,3631.8,3637.0,3625.0,3629.8,64093
2025-10-27T12:30:00+05:30,3629.8,3629.8,3605.0,3610.5,61313
2025-10-27T12:45:00+05:30,3609.0,3625.0,3607.5,3610.1,40143
2025-10-27T13:00:00+05:30,3610.5,3614.3,3600.5,3604.6,34150
2025-10-27T13:15:00+05:30,3604.9,3615.0,3601.0,3610.1,25034
2025-10-27T13:30:00+05:30,3611.0,3626.4,3610.0,3615.1,28839
2025-10-27T13:45:00+05:30,3615.1,3622.0,3611.7,3615.0,19542
2025-10-27T14:00:00+05:30,3616.6,3618.6,3607.9,3610.4,14787
2025-10-27T14:15:00+05:30,3610.4,3614.1,3602.0,3609.3,25227
2025-10-27T14:30:00+05:30,3607.5,3609.1,3601.0,3603.0,21494
2025-10-27T14:45:00+05:30,3603.0,3603.5,3589.5,3593.5,56433
2025-10-27T15:00:00+05:30,3593.5,3598.5,3580.1,3591.2,91476
2025-10-27T15:15:00+05:30,3590.8,3592.1,3571.4,3581.0,157451
2025-10-28T09:15:00+05:30,3589.8,3590.0,3541.5,3541.5,157955
2025-10-28T09:30:00+05:30,3542.1,3550.0,3531.0,3535.5,109880
2025-10-28T09:45:00+05:30,3535.0,3546.8,3531.7,3542.0,58760
2025-10-28T10:00:00+05:30,3541.9,3546.0,3531.6,3535.0,39845
2025-10-28T10:15:00+05:30,3535.0,3536.4,3512.9,3518.6,88089
2025-10-28T10:30:00+05:30,3519.5,3528.0,3510.0,3515.0,60516
2025-10-28T10:45:00+05:30,3515.0,3516.3,3503.0,3513.9,47345
2025-10-28T11:00:00+05:30,3513.8,3516.0,3509.7,3511.8,22594
2025-10-28T11:15:00+05:30,3511.8,3523.1,3511.1,3512.1,26165
2025-10-28T11:30:00+05:30,3511.9,3515.0,3505.2,3505.7,23407
2025-10-28T11:45:00+05:30,3506.6,3507.5,3495.1,3496.8,60790
2025-10-28T12:00:00+05:30,3496.8,3504.6,3495.4,3501.9,24394
2025-10-28T12:15:00+05:30,3501.0,3505.0,3500.1,3503.0,16310
2025-10-28T12:30:00+05:30,3503.0,3513.0,3502.9,3509.0,26254
2025-10-28T12:45:00+05:30,3507.6,3512.0,3502.0,3505.4,20937
2025-10-28T13:00:00+05:30,3506.5,3510.0,3503.9,3503.9,15495
2025-10-28T13:15:00+05:30,3503.9,3507.9,3501.2,3505.4,17685
2025-10-28T13:30:00+05:30,3506.2,3506.3,3496.7,3498.0,25284
2025-10-28T13:45:00+05:30,3497.0,3501.2,3496.1,3498.0,18112
2025-10-28T14:00:00+05:30,3498.0,3499.4,3492.0,3497.1,29384
2025-10-28T14:15:00+05:30,3497.2,3497.4,3483.0,3488.0,49439
2025-10-28T14:30:00+05:30,3486.5,3488.2,3481.0,3483.1,38818
2025-10-28T14:45:00+05:30,3483.2,3492.0,3482.4,3486.7,38762
2025-10-28T15:00:00+05:30,3486.6,3494.7,3485.2,3488.7,63931
2025-10-28T15:15:00+05:30,3488.7,3492.0,3480.0,3488.7,151271
2025-10-29T09:15:00+05:30,3489.9,3495.9,3461.0,3464.5,139020
2025-10-29T09:30:00+05:30,3464.5,3472.0,3443.3,3449.6,94868
2025-10-29T09:45:00+05:30,3449.3,3454.0,3441.1,3449.5,44849
2025-10-29T10:00:00+05:30,3449.5,3459.4,3446.8,3450.0,29282
2025-10-29T10:15:00+05:30,3450.2,3467.0,3445.0,3466.5,26520
2025-10-29T10:30:00+05:30,3466.7,3487.0,3463.6,3482.0,79386
2025-10-29T10:45:00+05:30,3482.2,3484.9,3466.5,3480.0,30049
2025-10-29T11:00:00+05:30,3481.0,3484.0,3471.0,3471.8,14709
2025-10-29T11:15:00+05:30,3472.1,3485.0,3470.0,3476.0,14804
2025-10-29T11:30:00+05:30,3476.2,3481.5,3473.0,3478.9,14203
2025-10-29T11:45:00+05:30,3479.0,3479.0,3471.0,3477.0,8444
2025-10-29T12:00:00+05:30,3477.0,3483.0,3477.0,3479.0,10592
2025-10-29T12:15:00+05:30,3479.0,3484.0,3476.1,3477.0,15065
2025-10-29T12:30:00+05:30,3477.0,3478.0,3474.0,3476.1,8518
2025-10-29T12:45:00+05:30,3475.1,3479.0,3466.0,3466.9,17806
2025-10-29T13:00:00+05:30,3466.9,3480.0,3466.0,3479.1,16156
2025-10-29T13:15:00+05:30,3479.1,3479.4,3473.0,3478.0,10269
2025-10-29T13:30:00+05:30,3476.5,3478.5,3470.5,3470.5,8334
2025-10-29T13:45:00+05:30,3470.5,3478.4,3470.5,3475.8,7835
2025-10-29T14:00:00+05:30,3475.7,3484.4,3474.3,3480.0,16191
2025-10-29T14:15:00+05:30,3479.0,3480.0,3472.1,3475.0,10709
2025-10-29T14:30:00+05:30,3476.0,3480.0,3474.4,3476.8,15335
2025-10-29T14:45:00+05:30,3476.6,3479.2,3474.5,3475.0,9983
2025-10-29T15:00:00+05:30,3474.8,3479.4,3474.0,3476.0,29420
2025-10-29T15:15:00+05:30,3475.1,3488.0,3472.7,3475.0,90996
2025-10-30T09:15:00+05:30,3474.0,3515.0,3461.9,3499.5,131103
2025-10-30T09:30:00+05:30,3499.4,3500.0,3477.7,3486.4,46206
2025-10-30T09:45:00+05:30,3486.4,3491.8,3480.5,3482.5,24380
2025-10-30T10:00:00+05:30,3482.5,3484.7,3472.6,3479.3,26305
2025-10-30T10:15:00+05:30,3479.2,3484.9,3470.0,3472.5,26946
2025-10-30T10:30:00+05:30,3472.3,3480.0,3472.0,3475.0,12596
2025-10-30T10:45:00+05:30,3474.0,3476.6,3456.0,3462.9,36129
2025-10-30T11:00:00+05:30,3462.9,3468.9,3462.0,3465.0,13787
2025-10-30T11:15:00+05:30,3465.0,3473.2,3463.2,3466.5,19860
2025-10-30T11:30:00+05:30,3466.5,3469.0,3462.0,3466.0,8233
2025-10-30T11:45:00+05:30,3465.6,3476.0,3462.2,3467.0,15930
2025-10-30T12:00:00+05:30,3467.0,3467.5,3452.1,3453.7,22354
2025-10-30T12:15:00+05:30,3454.0,3459.1,3452.0,3456.0,14982
2025-10-30T12:30:00+05:30,3456.3,3457.5,3452.0,3455.3,8454
2025-10-30T12:45:00+05:30,3455.4,3457.8,3451.0,3453.0,10729
2025-10-30T13:00:00+05:30,3452.9,3456.0,3446.2,3455.9,15322
2025-10-30T13:15:00+05:30,3456.0,3457.0,3452.6,3455.1,5554
2025-10-30T13:30:00+05:30,3456.0,3459.9,3455.0,3459.9,6871
2025-10-30T13:45:00+05:30,3459.0,3464.0,3456.0,3461.3,7058
2025-10-30T14:00:00+05:30,3462.0,3463.8,3459.0,3463.8,10831
2025-10-30T14:15:00+05:30,3463.0,3463.3,3456.1,3457.0,8826
2025-10-30T14:30:00+05:30,3457.8,3458.0,3451.0,3451.5,17404
2025-10-30T14:45:00+05:30,3452.0,3455.0,3426.0,3430.0,84237
2025-10-30T15:00:00+05:30,3430.0,3435.7,3426.0,3431.0,60082
2025-10-30T15:15:00+05:30,3431.0,3440.0,3426.1,3439.9,95447
2025-10-31T09:15:00+05:30,3440.0,3454.3,3433.4,3448.5,69312
2025-10-31T09:30:00+05:30,3448.5,3464.3,3443.7,3458.6,69833
2025-10-31T09:45:00+05:30,3458.3,3470.0,3447.0,3455.5,50146
2025-10-31T10:00:00+05:30,3457.2,3460.0,3447.1,3449.7,15631
2025-10-31T10:15:00+05:30,3448.6,3451.2,3436.1,3448.4,36286
2025-10-31T10:30:00+05:30,3448.5,3452.7,3444.2,3449.0,11612
2025-10-31T10:45:00+05:30,3448.9,3449.0,3441.1,3444.8,13313
2025-10-31T11:00:00+05:30,3444.8,3446.0,3438.0,3440.0,12189
2025-10-31T11:15:00+05:30,3439.8,3454.0,3437.0,3445.2,16729
2025-10-31T11:30:00+05:30,3446.9,3447.9,3441.5,3444.0,9919
2025-10-31T11:45:00+05:30,3442.5,3444.0,3435.1,3438.8,12856
2025-10-31T12:00:00+05:30,3438.7,3443.0,3437.0,3441.9,7217
2025-10-31T12:15:00+05:30,3441.9,3441.9,3435.0,3436.4,8771
2025-10-31T12:30:00+05:30,3437.1,3448.2,3435.0,3444.5,11116
2025-10-31T12:45:00+05:30,3444.6,3446.0,3442.0,3445.0,3995
2025-10-31T13:00:00+05:30,3445.0,3450.0,3442.0,3448.5,12613
2025-10-31T13:15:00+05:30,3449.0,3449.0,3442.5,3444.4,13805
2025-10-31T13:30:00+05:30,3445.9,3445.9,3441.2,3442.4,9326
2025-10-31T13:45:00+05:30,3442.4,3449.9,3441.0,3449.0,7848
2025-10-31T14:00:00+05:30,3449.9,3457.0,3447.0,3450.0,14599
2025-10-31T14:15:00+05:30,3450.0,3450.0,3446.0,3449.0,4416
2025-10-31T14:30:00+05:30,3449.0,3450.2,3446.0,3446.0,8152
2025-10-31T14:45:00+05:30,3446.3,3449.0,3444.0,3445.0,13182
2025-10-31T15:00:00+05:30,3445.0,3447.0,3425.0,3430.0,52547
2025-10-31T15:15:00+05:30,3431.0,3431.0,3418.2,3423.0,98265
2025-11-03T09:15:00+05:30,3423.0,3475.1,3423.0,3449.0,105808
2025-11-03T09:30:00+05:30,3449.0,3465.0,3438.0,3460.7,36090
2025-11-03T09:45:00+05:30,3460.7,3465.0,3455.1,3457.0,18874
2025-11-03T10:00:00+05:30,3457.0,3463.0,3455.1,3458.2,8547
2025-11-03T10:15:00+05:30,3458.0,3461.5,3450.0,3450.6,15767
2025-11-03T10:30:00+05:30,3453.0,3455.3,3445.0,3453.2,12251
2025-11-03T10:45:00+05:30,3453.3,3455.0,3446.7,3453.2,10743
2025-11-03T11:00:00+05:30,3453.2,3454.6,3446.0,3447.6,6961
2025-11-03T11:15:00+05:30,3448.4,3456.2,3447.0,3455.0,9860
2025-11-03T11:30:00+05:30,3454.5,3456.2,3448.5,3448.8,5520
2025-11-03T11:45:00+05:30,3448.8,3450.0,3445.0,3449.2,11149
2025-11-03T12:00:00+05:30,3449.2,3450.9,3442.7,3444.4,8488
2025-11-03T12:15:00+05:30,3445.0,3449.8,3440.0,3444.1,9913
2025-11-03T12:30:00+05:30,3442.9,3445.6,3441.7,3444.0,8407
2025-11-03T12:45:00+05:30,3443.7,3453.0,3441.5,3451.2,11696
2025-11-03T13:00:00+05:30,3452.7,3452.8,3432.0,3432.9,18201
2025-11-03T13:15:00+05:30,3433.6,3440.0,3431.5,3433.5,12414
2025-11-03T13:30:00+05:30,3434.0,3437.9,3432.3,3432.6,5624
2025-11-03T13:45:00+05:30,3432.6,3434.3,3421.5,3434.0,26646
2025-11-03T14:00:00+05:30,3434.0,3434.2,3429.0,3432.4,9000
2025-11-03T14:15:00+05:30,3432.4,3445.0,3431.1,3442.8,12648
2025-11-03T14:30:00+05:30,3442.6,3444.0,3434.7,3442.4,12844
2025-11-03T14:45:00+05:30,3442.0,3446.0,3438.0,3446.0,16377
2025-11-03T15:00:00+05:30,3446.0,3446.6,3430.5,3431.7,50963
2025-11-03T15:15:00+05:30,3431.7,3432.0,3412.3,3422.0,79560
2025-11-04T09:15:00+05:30,3421.0,3428.9,3405.0,3409.3,62774
2025-11-04T09:30:00+05:30,3409.2,3427.5,3408.3,3410.5,41228
2025-11-04T09:45:00+05:30,3410.5,3414.4,3396.2,3406.7,43617
2025-11-04T10:00:00+05:30,3408.8,3410.4,3401.4,3406.1,12119
2025-11-04T10:15:00+05:30,3408.1,3410.2,3403.4,3407.1,9509
2025-11-04T10:30:00+05:30,3406.8,3408.4,3402.0,3405.8,5439
2025-11-04T10:45:00+05:30,3406.5,3407.1,3393.0,3397.7,20262
2025-11-04T11:00:00+05:30,3397.7,3409.0,3396.0,3406.8,13165
2025-11-04T11:15:00+05:30,3406.8,3410.0,3403.0,3407.4,7754
2025-11-04T11:30:00+05:30,3407.4,3416.9,3405.0,3406.0,17853
2025-11-04T11:45:00+05:30,3407.0,3408.5,3403.0,3403.3,4788
2025-11-04T12:00:00+05:30,3404.6,3408.0,3400.8,3400.8,9099
2025-11-04T12:15:00+05:30,3401.0,3403.2,3390.0,3391.5,20192
2025-11-04T12:30:00+05:30,3391.5,3392.0,3376.0,3379.9,38233
2025-11-04T12:45:00+05:30,3379.0,3383.0,3377.0,3378.2,15092
2025-11-04T13:00:00+05:30,3379.0,3380.5,3378.0,3379.3,6366
2025-11-04T13:15:00+05:30,3379.3,3382.0,3378.0,3380.9,8245
2025-11-04T13:30:00+05:30,3380.9,3381.7,3379.0,3381.7,5988
2025-11-04T13:45:00+05:30,3381.7,3389.6,3378.0,3387.0,15642
2025-11-04T14:00:00+05:30,3386.8,3386.8,3378.0,3381.0,12629
2025-11-04T14:15:00+05:30,3382.0,3391.9,3380.8,3390.3,19477
2025-11-04T14:30:00+05:30,3390.0,3399.0,3387.9,3397.6,16473
2025-11-04T14:45:00+05:30,3398.1,3399.0,3375.1,3375.1,37942
2025-11-04T15:00:00+05:30,3378.1,3381.1,3370.0,3370.2,47225
2025-11-04T15:15:00+05:30,3370.2,3372.0,3363.1,3370.0,72890
2025-11-06T09:15:00+05:30,3375.0,3394.0,3351.0,3355.2,129115
2025-11-06T09:30:00+05:30,3353.2,3409.5,3336.6,3400.1,130522
2025-11-06T09:45:00+05:30,3400.0,3412.8,3396.9,3407.0,79204
2025-11-06T10:00:00+05:30,3408.0,3408.0,3384.0,3386.2,35017
2025-11-06T10:15:00+05:30,3385.4,3388.0,3368.8,3371.0,39587
2025-11-06T10:30:00+05:30,3369.6,3378.2,3366.5,3376.7,24969
2025-11-06T10:45:00+05:30,3376.6,3385.0,3372.5,3381.9,14733
2025-11-06T11:00:00+05:30,3380.4,3382.8,3364.8,3367.6,19299
2025-11-06T11:15:00+05:30,3366.1,3378.6,3363.0,3378.2,12667
2025-11-06T11:30:00+05:30,3378.7,3379.0,3370.0,3377.6,10398
2025-11-06T11:45:00+05:30,3377.5,3379.9,3371.3,3373.7,7023
2025-11-06T12:00:00+05:30,3373.3,3383.9,3371.2,3380.6,8290
2025-11-06T12:15:00+05:30,3379.1,3389.9,3377.3,3380.9,13684
2025-11-06T12:30:00+05:30,3382.7,3387.0,3378.0,3383.9,6967
2025-11-06T12:45:00+05:30,3383.7,3387.0,3378.0,3384.0,7890
2025-11-06T13:00:00+05:30,3384.0,3385.9,3376.0,3377.4,8699
2025-11-06T13:15:00+05:30,3377.6,3385.9,3377.6,3385.9,5668
2025-11-06T13:30:00+05:30,3385.5,3389.0,3380.0,3381.3,7624
2025-11-06T13:45:00+05:30,3381.3,3386.0,3379.0,3380.0,7598
2025-11-06T14:00:00+05:30,3380.0,3386.6,3379.0,3383.7,8596
2025-11-06T14:15:00+05:30,3384.7,3384.9,3378.1,3378.1,5026
2025-11-06T14:30:00+05:30,3378.7,3383.0,3378.1,3380.0,7450
2025-11-06T14:45:00+05:30,3380.0,3385.0,3379.1,3380.2,12825
2025-11-06T15:00:00+05:30,3380.9,3384.9,3368.0,3368.4,43104
2025-11-06T15:15:00+05:30,3368.4,3370.0,3360.0,3365.0,61324
2025-11-07T09:15:00+05:30,3350.0,3362.6,3337.7,3345.6,76258
2025-11-07T09:30:00+05:30,3345.9,3348.9,3336.0,3345.0,34830
2025-11-07T09:45:00+05:30,3345.0,3356.7,3342.0,3346.0,22747
2025-11-07T10:00:00+05:30,3346.0,3346.0,3335.0,3336.0,23272
2025-11-07T10:15:00+05:30,3336.0,3336.0,3327.8,3334.7,25392
2025-11-07T10:30:00+05:30,3334.7,3345.8,3333.5,3340.5,16709
2025-11-07T10:45:00+05:30,3340.5,3348.8,3337.2,3338.6,14551
2025-11-07T11:00:00+05:30,3338.8,3346.8,3337.1,3345.5,6122
2025-11-07T11:15:00+05:30,3346.0,3346.0,3342.1,3343.1,7793
2025-11-07T11:30:00+05:30,3344.9,3350.9,3343.1,3347.0,17295
2025-11-07T11:45:00+05:30,3347.0,3348.4,3325.6,3327.6,37271
2025-11-07T12:00:00+05:30,3329.1,3334.3,3320.0,3327.1,35942
2025-11-07T12:15:00+05:30,3327.1,3330.0,3303.3,3313.4,61360
2025-11-07T12:30:00+05:30,3313.3,3315.6,3303.1,3315.0,27995
2025-11-07T12:45:00+05:30,3315.6,3318.9,3309.1,3315.6,18159
2025-11-07T13:00:00+05:30,3315.9,3318.0,3303.0,3308.4,35971
2025-11-07T13:15:00+05:30,3308.7,3317.2,3306.4,3309.0,15979
2025-11-07T13:30:00+05:30,3309.9,3316.0,3307.0,3315.2,19508
2025-11-07T13:45:00+05:30,3315.0,3315.6,3308.0,3313.4,23361
2025-11-07T14:00:00+05:30,3313.1,3316.0,3310.0,3311.7,17159
2025-11-07T14:15:00+05:30,3312.7,3314.6,3303.0,3305.0,34785
2025-11-07T14:30:00+05:30,3305.0,3310.8,3296.5,3299.8,51899
2025-11-07T14:45:00+05:30,3299.4,3303.4,3283.0,3285.0,56171
2025-11-07T15:00:00+05:30,3285.6,3290.0,3275.6,3279.0,159783
2025-11-07T15:15:00+05:30,3279.0,3280.7,3261.9,3273.0,146197
2025-11-10T09:15:00+05:30,3295.0,3334.0,3292.6,3328.0,123523
2025-11-10T09:30:00+05:30,3327.7,3331.7,3315.0,3325.0,43314
2025-11-10T09:45:00+05:30,3325.0,3340.0,3324.2,3335.0,50055
2025-11-10T10:00:00+05:30,3334.1,3339.0,3330.3,3333.0,28909
2025-11-10T10:15:00+05:30,3333.1,3347.5,3332.9,3341.3,55766
2025-11-10T10:30:00+05:30,3341.1,3346.0,3335.6,3342.0,24380
2025-11-10T10:45:00+05:30,3342.7,3349.6,3330.5,3336.8,36362
2025-11-10T11:00:00+05:30,3336.9,3348.8,3334.1,3345.0,21864
2025-11-10T11:15:00+05:30,3345.0,3360.0,3343.2,3347.3,53161
2025-11-10T11:30:00+05:30,3347.5,3349.9,3343.0,3344.0,11206
2025-11-10T11:45:00+05:30,3344.3,3344.4,3336.0,3338.4,15293
2025-11-10T12:00:00+05:30,3338.4,3340.0,3327.0,3330.7,25008
2025-11-10T12:15:00+05:30,3331.0,3331.8,3326.1,3331.0,16815
2025-11-10T12:30:00+05:30,3330.6,3334.9,3310.0,3318.8,37961
2025-11-10T12:45:00+05:30,3317.1,3319.7,3309.0,3315.0,19229
2025-11-10T13:00:00+05:30,3314.3,3315.0,3309.0,3311.5,12399
2025-11-10T13:15:00+05:30,3311.5,3317.0,3301.4,3310.5,22374
2025-11-10T13:30:00+05:30,3309.5,3322.0,3306.0,3307.8,10603
2025-11-10T13:45:00+05:30,3309.4,3310.2,3300.1,3309.1,21898
2025-11-10T14:00:00+05:30,3308.2,3309.1,3305.1,3307.2,4934
2025-11-10T14:15:00+05:30,3306.1,3314.7,3305.3,3308.5,11998
2025-11-10T14:30:00+05:30,3308.6,3310.8,3300.1,3302.3,18824
2025-11-10T14:45:00+05:30,3302.8,3321.1,3298.1,3318.5,23659
2025-11-10T15:00:00+05:30,3319.0,3329.0,3315.5,3317.2,37351
2025-11-10T15:15:00+05:30,3317.0,3325.0,3305.2,3311.0,58628
2025-11-11T09:15:00+05:30,3322.0,3333.0,3305.2,3308.6,63407
2025-11-11T09:30:00+05:30,3308.6,3310.4,3295.3,3299.8,35652
2025-11-11T09:45:00+05:30,3299.8,3299.9,3287.0,3292.7,32064
2025-11-11T10:00:00+05:30,3292.8,3304.2,3288.0,3301.5,21081
2025-11-11T10:15:00+05:30,3301.5,3301.5,3294.5,3299.0,12903
2025-11-11T10:30:00+05:30,3298.8,3303.0,3286.0,3290.3,17684
2025-11-11T10:45:00+05:30,3291.4,3298.0,3290.0,3293.7,9521
2025-11-11T11:00:00+05:30,3293.8,3295.4,3288.0,3289.0,8134
2025-11-11T11:15:00+05:30,3288.0,3303.3,3285.0,3302.0,18534
2025-11-11T11:30:00+05:30,3302.0,3303.0,3294.6,3301.2,9679
2025-11-11T11:45:00+05:30,3302.0,3314.0,3300.0,3307.5,20317
2025-11-11T12:00:00+05:30,3308.7,3310.8,3304.0,3308.0,9218
2025-11-11T12:15:00+05:30,3308.0,3320.0,3307.5,3318.0,16342
2025-11-11T12:30:00+05:30,3318.0,3318.8,3311.0,3312.5,7830
2025-11-11T12:45:00+05:30,3312.5,3316.1,3310.3,3312.4,3872
2025-11-11T13:00:00+05:30,3312.4,3314.9,3307.7,3310.6,6650
2025-11-11T13:15:00+05:30,3310.4,3324.5,3310.0,3316.0,19155
2025-11-11T13:30:00+05:30,3316.9,3322.0,3315.0,3316.9,6437
2025-11-11T13:45:00+05:30,3316.0,3335.0,3315.0,3324.0,22069
2025-11-11T14:00:00+05:30,3324.0,3326.6,3317.6,3323.5,11705
2025-11-11T14:15:00+05:30,3323.5,3332.9,3321.1,3321.3,15156
2025-11-11T14:30:00+05:30,3321.5,3322.7,3315.3,3317.7,11274
2025-11-11T14:45:00+05:30,3317.7,3332.8,3317.7,3323.0,21607
2025-11-11T15:00:00+05:30,3322.4,3325.5,3313.6,3313.7,22977
2025-11-11T15:15:00+05:30,3313.9,3322.8,3313.5,3315.0,51683
2025-11-12T09:15:00+05:30,3341.0,3374.0,3340.0,3359.2,155276
2025-11-12T09:30:00+05:30,3359.1,3371.0,3352.1,3357.2,46250
2025-11-12T09:45:00+05:30,3358.5,3366.0,3352.6,3355.0,18990
2025-11-12T10:00:00+05:30,3355.3,3362.0,3346.0,3350.4,30392
2025-11-12T10:15:00+05:30,3350.4,3354.0,3342.8,3351.0,22443
2025-11-12T10:30:00+05:30,3351.6,3351.6,3340.1,3345.7,15936
2025-11-12T10:45:00+05:30,3345.7,3363.9,3342.2,3363.0,20368
2025-11-12T11:00:00+05:30,3363.0,3366.8,3355.0,3358.5,20139
2025-11-12T11:15:00+05:30,3358.0,3368.7,3356.3,3366.9,14844
2025-11-12T11:30:00+05:30,3366.0,3385.0,3362.4,3377.6,61131
2025-11-12T11:45:00+05:30,3378.0,3387.0,3373.8,3380.1,26099
2025-11-12T12:00:00+05:30,3380.7,3387.0,3375.7,3384.8,27860
2025-11-12T12:15:00+05:30,3384.3,3384.9,3374.6,3381.0,14124
2025-11-12T12:30:00+05:30,3381.0,3381.5,3358.0,3359.9,40107
2025-11-12T12:45:00+05:30,3360.0,3362.8,3355.0,3356.5,14946
2025-11-12T13:00:00+05:30,3355.5,3363.0,3352.0,3363.0,10876
2025-11-12T13:15:00+05:30,3362.0,3365.4,3360.5,3362.8,6841
2025-11-12T13:30:00+05:30,3362.8,3366.1,3360.0,3366.0,9541
2025-11-12T13:45:00+05:30,3366.0,3367.0,3355.9,3360.8,9343
2025-11-12T14:00:00+05:30,3361.0,3362.4,3356.4,3357.5,4207
2025-11-12T14:15:00+05:30,3357.5,3362.9,3356.3,3357.9,8686
2025-11-12T14:30:00+05:30,3357.3,3372.6,3355.6,3362.6,14424
2025-11-12T14:45:00+05:30,3363.0,3364.1,3358.3,3358.5,9881
2025-11-12T15:00:00+05:30,3358.5,3362.9,3355.1,3358.0,25146
2025-11-12T15:15:00+05:30,3357.1,3360.0,3351.0,3357.9,53031
2025-11-13T09:15:00+05:30,3361.7,3405.0,3355.0,3402.3,132289
2025-11-13T09:30:00+05:30,3402.6,3404.0,3385.0,3386.0,40170
2025-11-13T09:45:00+05:30,3386.0,3395.9,3382.5,3385.0,25259
2025-11-13T10:00:00+05:30,3384.5,3387.0,3380.0,3381.9,20254
2025-11-13T10:15:00+05:30,3381.9,3385.0,3373.1,3373.2,27297
2025-11-13T10:30:00+05:30,3373.6,3377.0,3368.7,3373.7,17796
2025-11-13T10:45:00+05:30,3372.8,3380.0,3365.2,3372.5,28353
2025-11-13T11:00:00+05:30,3373.8,3378.0,3359.2,3376.0,28842
2025-11-13T11:15:00+05:30,3376.0,3388.0,3375.9,3382.6,16052
2025-11-13T11:30:00+05:30,3383.0,3386.6,3379.1,3380.5,6560
2025-11-13T11:45:00+05:30,3380.5,3381.8,3373.0,3381.3,10051
2025-11-13T12:00:00+05:30,3380.0,3386.8,3374.9,3384.9,11701
2025-11-13T12:15:00+05:30,3384.9,3387.2,3383.0,3384.4,8121
2025-11-13T12:30:00+05:30,3383.2,3383.2,3370.1,3371.6,12845
2025-11-13T12:45:00+05:30,3371.7,3373.4,3365.6,3371.9,13842
2025-11-13T13:00:00+05:30,3371.9,3371.9,3367.2,3369.6,3417
2025-11-13T13:15:00+05:30,3369.6,3369.9,3364.4,3369.1,9038
2025-11-13T13:30:00+05:30,3369.5,3370.0,3361.5,3362.5,7064
2025-11-13T13:45:00+05:30,3363.4,3364.2,3356.0,3357.3,11311
2025-11-13T14:00:00+05:30,3357.3,3360.3,3352.0,3353.6,17503
2025-11-13T14:15:00+05:30,3353.9,3354.7,3350.1,3351.8,11337
2025-11-13T14:30:00+05:30,3350.6,3351.9,3348.0,3350.7,11040
2025-11-13T14:45:00+05:30,3350.8,3351.9,3346.9,3347.7,14260
2025-11-13T15:00:00+05:30,3348.0,3348.0,3335.0,3337.8,31842
2025-11-13T15:15:00+05:30,3338.9,3341.6,3323.0,3327.9,64518
2025-11-14T09:15:00+05:30,3336.0,3359.9,3329.9,3350.0,55971
2025-11-14T09:30:00+05:30,3351.6,3359.8,3346.0,3349.7,16790
2025-11-14T09:45:00+05:30,3349.7,3355.0,3346.4,3350.0,13529
2025-11-14T10:00:00+05:30,3351.0,3359.8,3347.5,3353.5,11427
2025-11-14T10:15:00+05:30,3353.5,3356.6,3347.6,3349.3,9600
2025-11-14T10:30:00+05:30,3349.3,3349.9,3337.0,3338.0,11846
2025-11-14T10:45:00+05:30,3338.0,3346.4,3336.0,3343.7,9757
2025-11-14T11:00:00+05:30,3342.1,3350.3,3342.0,3344.0,13548
2025-11-14T11:15:00+05:30,3344.1,3347.0,3335.0,3340.9,8925
2025-11-14T11:30:00+05:30,3340.9,3342.8,3338.0,3338.0,3871
2025-11-14T11:45:00+05:30,3338.3,3340.8,3327.6,3332.0,13977
2025-11-14T12:00:00+05:30,3332.9,3335.0,3324.0,3327.5,14159
2025-11-14T12:15:00+05:30,3328.2,3343.7,3326.0,3340.0,12665
2025-11-14T12:30:00+05:30,3341.0,3341.6,3335.0,3337.0,5748
2025-11-14T12:45:00+05:30,3337.0,3337.4,3330.7,3331.7,3575
2025-11-14T13:00:00+05:30,3331.7,3333.7,3328.1,3331.0,5613
2025-11-14T13:15:00+05:30,3330.1,3334.2,3329.0,3334.0,2377
2025-11-14T13:30:00+05:30,3334.2,3334.3,3326.9,3328.2,5263
2025-11-14T13:45:00+05:30,3328.0,3334.1,3325.2,3328.6,3873
2025-11-14T14:00:00+05:30,3328.5,3334.2,3327.0,3332.0,4505
2025-11-14T14:15:00+05:30,3332.0,3335.0,3329.0,3332.3,5075
2025-11-14T14:30:00+05:30,3332.0,3340.0,3330.4,3336.3,11493
2025-11-14T14:45:00+05:30,3336.3,3336.9,3330.0,3336.4,8807
2025-11-14T15:00:00+05:30,3336.4,3354.0,3336.4,3349.0,34328
2025-11-14T15:15:00+05:30,3349.0,3358.0,3341.2,3347.0,53037
2025-11-17T09:15:00+05:30,3356.9,3359.8,3320.0,3321.0,77214
2025-11-17T09:30:00+05:30,3320.3,3326.8,3311.6,3317.3,41525
2025-11-17T09:45:00+05:30,3317.3,3324.6,3316.2,3318.0,25125
2025-11-17T10:00:00+05:30,3318.0,3319.4,3306.2,3307.0,33017
2025-11-17T10:15:00+05:30,3308.0,3310.0,3306.0,3308.1,16773
2025-11-17T10:30:00+05:30,3308.1,3308.5,3300.1,3300.1,31256
2025-11-17T10:45:00+05:30,3300.8,3304.9,3297.6,3298.5,32945
2025-11-17T11:00:00+05:30,3298.5,3302.0,3295.0,3296.9,25041
2025-11-17T11:15:00+05:30,3296.9,3310.0,3296.0,3308.6,23565
2025-11-17T11:30:00+05:30,3308.0,3309.0,3298.0,3299.0,25893
2025-11-17T11:45:00+05:30,3298.0,3302.1,3298.0,3299.1,12603
2025-11-17T12:00:00+05:30,3300.0,3303.0,3299.0,3300.0,11256
2025-11-17T12:15:00+05:30,3299.9,3305.0,3299.0,3300.4,15689
2025-11-17T12:30:00+05:30,3300.4,3304.2,3299.0,3300.0,12714
2025-11-17T12:45:00+05:30,3300.0,3304.5,3299.1,3303.9,11618
2025-11-17T13:00:00+05:30,3303.9,3304.8,3300.3,3302.5,8526
2025-11-17T13:15:00+05:30,3302.9,3303.9,3301.7,3301.7,7825
2025-11-17T13:30:00+05:30,3302.8,3303.0,3300.0,3300.5,5527
2025-11-17T13:45:00+05:30,3300.5,3302.9,3300.0,3300.8,12589
2025-11-17T14:00:00+05:30,3300.8,3302.0,3298.8,3300.8,9300
2025-11-17T14:15:00+05:30,3300.9,3305.0,3300.9,3303.9,11996
2025-11-17T14:30:00+05:30,3303.9,3304.0,3300.2,3301.5,6820
2025-11-17T14:45:00+05:30,3302.0,3307.8,3300.6,3306.5,19298
2025-11-17T15:00:00+05:30,3307.0,3310.0,3301.1,3306.3,48327
2025-11-17T15:15:00+05:30,3305.0,3306.3,3294.1,3302.0,67933
2025-11-18T09:15:00+05:30,3300.0,3349.0,3298.5,3329.7,102588
2025-11-18T09:30:00+05:30,3330.7,3331.4,3315.0,3320.7,36786
2025-11-18T09:45:00+05:30,3320.7,3324.3,3307.1,3308.0,23725
2025-11-18T10:00:00+05:30,3308.0,3313.6,3303.0,3309.5,16129
2025-11-18T10:15:00+05:30,3310.7,3315.0,3307.0,3308.0,16395
2025-11-18T10:30:00+05:30,3308.7,3310.0,3305.0,3307.9,11313
2025-11-18T10:45:00+05:30,3307.9,3315.0,3307.9,3315.0,9711
2025-11-18T11:00:00+05:30,3314.0,3315.0,3311.0,3313.0,6832
2025-11-18T11:15:00+05:30,3312.1,3313.0,3310.0,3311.2,5364
2025-11-18T11:30:00+05:30,3311.5,3322.9,3311.0,3321.2,10630
2025-11-18T11:45:00+05:30,3320.0,3324.4,3315.3,3324.0,9238
2025-11-18T12:00:00+05:30,3324.1,3324.7,3314.2,3316.5,12460
2025-11-18T12:15:00+05:30,3315.7,3323.0,3315.7,3320.2,6820
2025-11-18T12:30:00+05:30,3321.6,3321.6,3318.0,3319.8,3018
2025-11-18T12:45:00+05:30,3319.6,3319.9,3315.0,3317.0,4751
2025-11-18T13:00:00+05:30,3316.5,3318.0,3301.0,3310.8,19471
2025-11-18T13:15:00+05:30,3310.2,3311.6,3291.0,3297.1,39985
2025-11-18T13:30:00+05:30,3297.6,3298.7,3280.0,3284.0,48221
2025-11-18T13:45:00+05:30,3284.0,3290.0,3277.3,3278.1,25709
2025-11-18T14:00:00+05:30,3278.2,3287.5,3275.6,3287.5,15545
2025-11-18T14:15:00+05:30,3285.0,3288.0,3279.0,3280.0,10417
2025-11-18T14:30:00+05:30,3280.0,3286.0,3272.0,3272.6,27933
2025-11-18T14:45:00+05:30,3272.1,3276.0,3266.0,3273.9,37527
2025-11-18T15:00:00+05:30,3273.5,3299.0,3271.1,3272.1,56976
2025-11-18T15:15:00+05:30,3273.1,3290.5,3271.0,3288.9,51415
2025-11-19T09:15:00+05:30,3098.1,3165.0,3075.1,3156.5,681715
2025-11-19T09:30:00+05:30,3155.4,3156.4,3136.4,3152.0,165431
2025-11-19T09:45:00+05:30,3152.0,3183.6,3145.0,3175.2,190761
2025-11-19T10:00:00+05:30,3175.2,3195.7,3173.1,3194.0,162190
2025-11-19T10:15:00+05:30,3194.0,3199.0,3168.0,3170.9,132886
2025-11-19T10:30:00+05:30,3171.0,3175.0,3151.6,3153.8,118716
2025-11-19T10:45:00+05:30,3153.8,3161.0,3152.0,3155.1,50489
2025-11-19T11:00:00+05:30,3155.1,3156.7,3150.0,3153.0,44638
2025-11-19T11:15:00+05:30,3153.2,3158.3,3150.0,3155.5,45589
2025-11-19T11:30:00+05:30,3155.7,3161.4,3154.5,3159.0,30235
2025-11-19T11:45:00+05:30,3159.0,3159.5,3145.4,3147.7,45046
2025-11-19T12:00:00+05:30,3147.1,3150.4,3142.0,3145.7,36053
2025-11-19T12:15:00+05:30,3147.1,3149.3,3138.2,3140.0,36928
2025-11-19T12:30:00+05:30,3140.0,3149.9,3137.0,3149.3,39988
2025-11-19T12:45:00+05:30,3149.3,3160.8,3146.4,3151.0,46973
2025-11-19T13:00:00+05:30,3150.6,3159.9,3150.2,3153.0,19737
2025-11-19T13:15:00+05:30,3152.7,3154.5,3145.1,3146.2,24100
2025-11-19T13:30:00+05:30,3146.5,3147.6,3142.0,3145.0,24560
2025-11-19T13:45:00+05:30,3144.5,3150.0,3142.9,3148.5,19493
2025-11-19T14:00:00+05:30,3148.4,3155.0,3147.0,3153.3,21875
2025-11-19T14:15:00+05:30,3153.0,3165.0,3151.3,3162.9,55450
2025-11-19T14:30:00+05:30,3162.1,3175.8,3160.5,3171.5,80982
2025-11-19T14:45:00+05:30,3171.2,3172.0,3154.5,3157.0,62709
2025-11-19T15:00:00+05:30,3157.0,3179.0,3154.1,3175.5,111898
2025-11-19T15:15:00+05:30,3177.0,3190.0,3171.4,3187.0,134204
2025-11-20T09:15:00+05:30,3200.0,3275.0,3200.0,3267.6,323172
2025-11-20T09:30:00+05:30,3267.6,3279.0,3252.0,3273.0,170068
2025-11-20T09:45:00+05:30,3273.0,3273.3,3260.0,3261.0,49314
2025-11-20T10:00:00+05:30,3261.0,3261.0,3245.0,3254.7,80843
2025-11-20T10:15:00+05:30,3254.7,3259.8,3248.4,3251.7,19949
2025-11-20T10:30:00+05:30,3252.0,3255.0,3248.3,3250.0,14369
2025-11-20T10:45:00+05:30,3250.9,3258.6,3248.3,3256.4,28339
2025-11-20T11:00:00+05:30,3256.1,3258.4,3250.1,3252.5,19121
2025-11-20T11:15:00+05:30,3252.5,3254.1,3238.0,3240.0,30869
2025-11-20T11:30:00+05:30,3241.0,3245.0,3233.4,3243.1,31410
2025-11-20T11:45:00+05:30,3243.1,3252.2,3243.0,3248.0,15250
2025-11-20T12:00:00+05:30,3248.0,3253.0,3246.0,3248.9,8410
2025-11-20T12:15:00+05:30,3248.5,3249.1,3237.2,3239.8,14939
2025-11-20T12:30:00+05:30,3239.8,3242.0,3235.0,3238.2,22031
2025-11-20T12:45:00+05:30,3238.2,3240.0,3232.0,3233.5,14599
2025-11-20T13:00:00+05:30,3234.3,3237.9,3231.0,3237.0,12494
2025-11-20T13:15:00+05:30,3236.0,3238.8,3231.0,3238.0,10199
2025-11-20T13:30:00+05:30,3237.9,3239.7,3233.4,3236.0,8714
2025-11-20T13:45:00+05:30,3236.0,3239.2,3235.0,3237.7,5075
2025-11-20T14:00:00+05:30,3238.3,3242.0,3236.6,3238.5,17527
2025-11-20T14:15:00+05:30,3239.8,3243.0,3236.1,3240.4,12290
2025-11-20T14:30:00+05:30,3240.0,3243.3,3237.0,3237.0,10104
2025-11-20T14:45:00+05:30,3238.0,3238.2,3232.0,3234.6,15326
2025-11-20T15:00:00+05:30,3234.5,3254.8,3234.5,3248.0,74255
2025-11-20T15:15:00+05:30,3247.7,3255.0,3238.1,3244.7,86169
2025-11-21T09:15:00+05:30,3220.0,3233.4,3196.1,3205.0,101441
2025-11-21T09:30:00+05:30,3206.0,3206.0,3187.1,3196.0,50358
2025-11-21T09:45:00+05:30,3196.3,3199.0,3193.5,3195.5,18340
2025-11-21T10:00:00+05:30,3195.5,3198.9,3191.0,3193.0,15037
2025-11-21T10:15:00+05:30,3193.0,3198.0,3187.3,3189.8,20841
2025-11-21T10:30:00+05:30,3189.7,3195.3,3187.3,3192.0,13087
2025-11-21T10:45:00+05:30,3192.0,3197.0,3190.4,3195.7,7253
2025-11-21T11:00:00+05:30,3197.0,3198.9,3190.1,3192.5,10190
2025-11-21T11:15:00+05:30,3192.5,3197.5,3190.5,3194.6,11251
2025-11-21T11:30:00+05:30,3193.9,3196.0,3191.5,3194.0,5383
2025-11-21T11:45:00+05:30,3194.0,3195.0,3191.5,3193.9,5429
2025-11-21T12:00:00+05:30,3194.2,3198.0,3193.0,3195.6,8795
2025-11-21T12:15:00+05:30,3196.0,3199.0,3194.3,3197.0,8134
2025-11-21T12:30:00+05:30,3197.0,3203.9,3195.4,3200.9,12956
2025-11-21T12:45:00+05:30,3200.5,3204.0,3200.0,3202.7,9798
2025-11-21T13:00:00+05:30,3202.7,3203.0,3192.1,3194.0,11123
2025-11-21T13:15:00+05:30,3193.9,3195.0,3192.0,3193.3,3836
2025-11-21T13:30:00+05:30,3193.7,3194.9,3192.0,3193.0,4359
2025-11-21T13:45:00+05:30,3192.6,3196.0,3192.0,3193.1,7845
2025-11-21T14:00:00+05:30,3194.7,3196.9,3192.1,3196.0,4303
2025-11-21T14:15:00+05:30,3195.8,3196.0,3192.0,3195.0,5811
2025-11-21T14:30:00+05:30,3195.0,3196.9,3192.0,3195.8,12417
2025-11-21T14:45:00+05:30,3195.9,3199.2,3190.0,3190.1,18102
2025-11-21T15:00:00+05:30,3190.9,3191.0,3181.0,3185.9,45392
2025-11-21T15:15:00+05:30,3186.0,3189.9,3180.0,3188.0,53864
2025-11-24T09:15:00+05:30,3185.7,3206.9,3160.0,3160.9,82834
2025-11-24T09:30:00+05:30,3160.9,3160.9,3117.4,3126.2,109008
2025-11-24T09:45:00+05:30,3127.0,3127.0,3100.0,3104.0,72645
2025-11-24T10:00:00+05:30,3104.9,3116.0,3101.1,3107.0,48403
2025-11-24T10:15:00+05:30,3107.0,3107.9,3087.7,3093.3,68585
2025-11-24T10:30:00+05:30,3093.3,3122.0,3092.2,3122.0,48363
2025-11-24T10:45:00+05:30,3121.9,3125.0,3114.2,3120.3,37204
2025-11-24T11:00:00+05:30,3120.0,3121.8,3115.0,3119.2,13986
2025-11-24T11:15:00+05:30,3119.3,3119.3,3106.5,3113.5,26538
2025-11-24T11:30:00+05:30,3113.5,3113.5,3103.0,3106.5,14027
2025-11-24T11:45:00+05:30,3106.9,3107.8,3102.1,3106.3,11851
2025-11-24T12:00:00+05:30,3106.5,3106.5,3090.0,3098.6,45125
2025-11-24T12:15:00+05:30,3098.6,3106.0,3097.9,3105.1,11980
2025-11-24T12:30:00+05:30,3104.9,3105.7,3093.7,3096.2,21012
2025-11-24T12:45:00+05:30,3096.2,3100.3,3092.6,3094.5,21245
2025-11-24T13:00:00+05:30,3095.3,3098.2,3093.0,3098.2,6995
2025-11-24T13:15:00+05:30,3098.2,3104.9,3098.0,3100.8,15049
2025-11-24T13:30:00+05:30,3100.5,3109.4,3100.0,3104.6,16646
2025-11-24T13:45:00+05:30,3104.0,3107.9,3103.0,3105.9,14753
2025-11-24T14:00:00+05:30,3105.6,3107.0,3097.5,3098.9,15075
2025-11-24T14:15:00+05:30,3098.9,3099.3,3094.0,3094.2,15575
2025-11-24T14:30:00+05:30,3094.2,3094.9,3089.0,3090.2,26372
2025-11-24T14:45:00+05:30,3090.2,3094.3,3090.2,3093.8,15156
2025-11-24T15:00:00+05:30,3093.8,3285.0,3093.8,3275.3,765864
2025-11-24T15:15:00+05:30,3273.3,3324.9,3273.3,3286.3,607169
2025-11-25T09:15:00+05:30,3270.0,3270.0,3225.6,3257.4,209072
2025-11-25T09:30:00+05:30,3258.0,3263.8,3244.0,3253.8,61292
2025-11-25T09:45:00+05:30,3254.5,3270.0,3253.9,3259.9,30253
2025-11-25T10:00:00+05:30,3258.4,3261.1,3255.0,3257.4,12148
2025-11-25T10:15:00+05:30,3257.5,3273.2,3256.5,3258.9,21403
2025-11-25T10:30:00+05:30,3258.3,3260.0,3255.6,3258.1,10550
2025-11-25T10:45:00+05:30,3257.4,3259.2,3251.5,3255.8,16717
2025-11-25T11:00:00+05:30,3255.1,3258.5,3255.1,3257.6,10681
2025-11-25T11:15:00+05:30,3257.4,3259.8,3252.8,3257.4,11527
2025-11-25T11:30:00+05:30,3257.4,3267.0,3256.1,3261.0,13968
2025-11-25T11:45:00+05:30,3261.0,3265.7,3258.0,3259.1,9789
2025-11-25T12:00:00+05:30,3260.3,3260.3,3257.0,3258.4,5949
2025-11-25T12:15:00+05:30,3258.6,3259.8,3256.0,3257.4,5700
2025-11-25T12:30:00+05:30,3257.4,3259.9,3246.5,3257.7,27632
2025-11-25T12:45:00+05:30,3257.4,3258.0,3255.2,3257.4,12980
2025-11-25T13:00:00+05:30,3257.4,3258.0,3247.8,3251.1,13735
2025-11-25T13:15:00+05:30,3251.1,3254.0,3250.3,3252.2,7061
2025-11-25T13:30:00+05:30,3252.3,3258.0,3251.0,3254.1,9449
2025-11-25T13:45:00+05:30,3253.1,3255.6,3252.0,3255.6,11931
2025-11-25T14:00:00+05:30,3255.7,3275.0,3254.1,3270.0,35621
2025-11-25T14:15:00+05:30,3269.2,3273.0,3256.2,3258.0,26829
2025-11-25T14:30:00+05:30,3257.5,3259.7,3251.0,3251.0,18046
2025-11-25T14:45:00+05:30,3252.8,3261.1,3252.0,3254.1,13196
2025-11-25T15:00:00+05:30,3254.6,3269.9,3254.6,3257.4,38704
2025-11-25T15:15:00+05:30,3257.4,3265.1,3255.4,3260.0,53413
2025-11-26T09:15:00+05:30,3280.0,3280.0,3260.0,3271.0,65635
2025-11-26T09:30:00+05:30,3271.0,3306.2,3270.4,3284.5,80779
2025-11-26T09:45:00+05:30,3283.0,3288.5,3271.2,3275.2,20008
2025-11-26T10:00:00+05:30,3275.0,3282.0,3270.0,3275.0,18959
2025-11-26T10:15:00+05:30,3274.9,3297.9,3270.0,3284.0,23128
2025-11-26T10:30:00+05:30,3283.7,3287.0,3277.6,3279.0,11435
2025-11-26T10:45:00+05:30,3278.6,3281.9,3273.0,3278.0,8123
2025-11-26T11:00:00+05:30,3278.0,3284.0,3275.3,3278.8,6017
2025-11-26T11:15:00+05:30,3278.3,3280.0,3275.0,3275.9,3546
2025-11-26T11:30:00+05:30,3275.9,3279.5,3273.0,3275.1,5236
2025-11-26T11:45:00+05:30,3274.1,3277.9,3273.0,3275.0,3535
2025-11-26T12:00:00+05:30,3275.0,3278.1,3272.0,3274.9,5030
2025-11-26T12:15:00+05:30,3276.0,3277.0,3273.7,3275.5,1973
2025-11-26T12:30:00+05:30,3275.5,3278.6,3272.4,3273.1,4930
2025-11-26T12:45:00+05:30,3273.1,3281.2,3272.0,3273.6,7334
2025-11-26T13:00:00+05:30,3273.6,3277.0,3272.2,3275.1,3058
2025-11-26T13:15:00+05:30,3276.0,3278.8,3273.4,3273.5,4023
2025-11-26T13:30:00+05:30,3273.5,3274.9,3270.0,3272.2,5619
2025-11-26T13:45:00+05:30,3272.1,3274.0,3270.0,3271.0,4283
2025-11-26T14:00:00+05:30,3270.9,3276.0,3270.3,3275.0,4750
2025-11-26T14:15:00+05:30,3275.0,3276.0,3271.0,3273.0,3455
2025-11-26T14:30:00+05:30,3273.9,3275.0,3268.0,3271.0,18821
2025-11-26T14:45:00+05:30,3271.0,3285.0,3271.0,3282.2,23057
2025-11-26T15:00:00+05:30,3282.0,3294.6,3280.0,3280.0,46151
2025-11-26T15:15:00+05:30,3280.5,3291.0,3275.1,3278.5,50056
2025-11-27T09:15:00+05:30,3297.3,3332.7,3290.0,3318.0,102194
2025-11-27T09:30:00+05:30,3317.9,3318.3,3293.7,3297.6,42504
2025-11-27T09:45:00+05:30,3296.5,3302.9,3281.1,3297.0,37095
2025-11-27T10:00:00+05:30,3295.7,3299.0,3285.7,3290.0,12789
2025-11-27T10:15:00+05:30,3290.7,3294.7,3283.0,3284.1,11957
2025-11-27T10:30:00+05:30,3284.1,3288.6,3283.0,3285.0,5202
2025-11-27T10:45:00+05:30,3285.9,3290.9,3282.1,3282.7,8627
2025-11-27T11:00:00+05:30,3282.4,3282.7,3271.0,3273.6,24736
2025-11-27T11:15:00+05:30,3273.5,3274.8,3233.6,3241.5,63768
2025-11-27T11:30:00+05:30,3241.5,3251.1,3238.6,3247.3,17215
2025-11-27T11:45:00+05:30,3248.6,3250.0,3242.4,3245.0,13164
2025-11-27T12:00:00+05:30,3245.0,3245.0,3240.5,3242.1,6009
2025-11-27T12:15:00+05:30,3243.0,3244.0,3225.0,3230.0,29235
2025-11-27T12:30:00+05:30,3230.0,3232.8,3226.0,3229.6,12488
2025-11-27T12:45:00+05:30,3229.6,3231.8,3226.0,3231.8,11698
2025-11-27T13:00:00+05:30,3231.8,3238.0,3226.0,3226.7,10726
2025-11-27T13:15:00+05:30,3226.0,3227.0,3212.5,3217.8,44592
2025-11-27T13:30:00+05:30,3217.7,3221.9,3213.0,3219.0,11443
2025-11-27T13:45:00+05:30,3220.1,3227.0,3218.5,3224.0,10456
2025-11-27T14:00:00+05:30,3224.4,3227.0,3220.0,3225.0,8196
2025-11-27T14:15:00+05:30,3225.4,3234.0,3223.1,3228.0,10783
2025-11-27T14:30:00+05:30,3228.8,3232.0,3225.0,3231.7,9850
2025-11-27T14:45:00+05:30,3231.7,3237.8,3225.8,3227.0,25323
2025-11-27T15:00:00+05:30,3227.0,3233.5,3223.2,3224.5,31733
2025-11-27T15:15:00+05:30,3223.5,3229.5,3200.1,3214.5,109300
2025-11-28T09:15:00+05:30,3222.9,3230.0,3175.0,3178.2,98287
2025-11-28T09:30:00+05:30,3179.3,3189.0,3175.0,3181.0,26139
2025-11-28T09:45:00+05:30,3181.0,3187.5,3180.0,3182.9,14581
2025-11-28T10:00:00+05:30,3182.7,3185.0,3172.0,3176.0,27854
2025-11-28T10:15:00+05:30,3176.0,3178.0,3172.0,3177.0,16796
2025-11-28T10:30:00+05:30,3177.0,3178.5,3174.1,3175.2,9043
2025-11-28T10:45:00+05:30,3175.0,3177.8,3165.1,3170.5,18217
2025-11-28T11:00:00+05:30,3170.5,3175.0,3163.0,3164.4,19001
2025-11-28T11:15:00+05:30,3163.1,3169.9,3158.0,3159.2,18895
2025-11-28T11:30:00+05:30,3159.2,3161.1,3153.5,3155.0,18957
2025-11-28T11:45:00+05:30,3155.0,3157.7,3152.0,3154.4,16904
2025-11-28T12:00:00+05:30,3154.1,3157.5,3153.0,3154.2,12079
2025-11-28T12:15:00+05:30,3155.0,3155.8,3148.0,3153.9,26564
2025-11-28T12:30:00+05:30,3153.9,3154.8,3151.0,3152.5,8013
2025-11-28T12:45:00+05:30,3152.5,3153.0,3148.0,3150.6,11398
2025-11-28T13:00:00+05:30,3150.6,3151.9,3150.0,3151.6,6710
2025-11-28T13:15:00+05:30,3151.6,3152.0,3151.0,3151.9,10442
2025-11-28T13:30:00+05:30,3151.9,3163.0,3151.0,3160.0,25930
2025-11-28T13:45:00+05:30,3159.5,3159.5,3152.6,3157.8,10513
2025-11-28T14:00:00+05:30,3157.8,3158.1,3152.0,3153.5,6944
2025-11-28T14:15:00+05:30,3153.5,3154.9,3150.0,3152.7,10946
2025-11-28T14:30:00+05:30,3152.5,3197.4,3151.7,3195.5,70658
2025-11-28T14:45:00+05:30,3195.5,3215.9,3176.0,3181.3,53825
2025-11-28T15:00:00+05:30,3182.7,3188.0,3162.1,3167.9,57491
2025-11-28T15:15:00+05:30,3167.1,3185.9,3161.8,3185.9,80335
2025-12-01T09:15:00+05:30,3200.0,3229.4,3186.7,3192.0,131545
2025-12-01T09:30:00+05:30,3193.0,3197.3,3190.3,3190.5,25746
2025-12-01T09:45:00+05:30,3190.5,3203.8,3186.1,3193.5,29322
2025-12-01T10:00:00+05:30,3194.2,3199.8,3192.0,3197.4,11483
2025-12-01T10:15:00+05:30,3197.4,3199.3,3191.6,3193.3,10132
2025-12-01T10:30:00+05:30,3194.5,3198.0,3188.1,3189.4,8468
2025-12-01T10:45:00+05:30,3189.5,3194.3,3182.5,3186.7,17845
2025-12-01T11:00:00+05:30,3187.9,3195.0,3185.8,3194.8,7691
2025-12-01T11:15:00+05:30,3194.8,3194.8,3191.3,3193.2,4754
2025-12-01T11:30:00+05:30,3192.0,3195.0,3186.0,3186.8,8645
2025-12-01T11:45:00+05:30,3186.8,3196.6,3185.1,3188.1,13947
2025-12-01T12:00:00+05:30,3190.0,3190.0,3185.0,3185.0,8270
2025-12-01T12:15:00+05:30,3186.0,3190.0,3180.1,3185.7,11835
2025-12-01T12:30:00+05:30,3185.7,3187.0,3180.8,3181.9,11242
2025-12-01T12:45:00+05:30,3181.0,3187.5,3181.0,3181.2,7717
2025-12-01T13:00:00+05:30,3182.0,3183.0,3180.2,3181.2,4720
2025-12-01T13:15:00+05:30,3181.1,3192.0,3181.0,3186.0,10037
2025-12-01T13:30:00+05:30,3185.0,3187.8,3181.2,3184.5,6954
2025-12-01T13:45:00+05:30,3184.5,3186.0,3183.2,3185.9,3813
2025-12-01T14:00:00+05:30,3185.0,3189.0,3185.0,3187.2,6084
2025-12-01T14:15:00+05:30,3187.2,3188.4,3181.4,3184.4,8294
2025-12-01T14:30:00+05:30,3184.3,3185.5,3175.2,3180.4,15632
2025-12-01T14:45:00+05:30,3181.0,3181.8,3169.5,3179.9,24746
2025-12-01T15:00:00+05:30,3179.0,3190.7,3178.1,3183.1,30024
2025-12-01T15:15:00+05:30,3184.7,3185.0,3169.2,3175.0,63834
2025-12-02T09:15:00+05:30,3175.0,3206.9,3165.8,3173.8,102605
2025-12-02T09:30:00+05:30,3173.8,3177.1,3158.0,3159.9,39421
2025-12-02T09:45:00+05:30,3158.8,3180.0,3156.0,3163.2,42313
2025-12-02T10:00:00+05:30,3163.9,3164.8,3157.0,3160.0,13648
2025-12-02T10:15:00+05:30,3160.0,3165.0,3155.0,3164.9,15615
2025-12-02T10:30:00+05:30,3164.0,3169.3,3161.0,3163.0,9234
2025-12-02T10:45:00+05:30,3163.4,3174.8,3161.3,3166.6,11557
2025-12-02T11:00:00+05:30,3167.7,3170.9,3160.0,3160.5,12690
2025-12-02T11:15:00+05:30,3160.5,3162.1,3157.0,3161.0,8423
2025-12-02T11:30:00+05:30,3160.1,3165.0,3158.0,3159.0,8574
2025-12-02T11:45:00+05:30,3159.9,3160.0,3157.9,3157.9,4696
2025-12-02T12:00:00+05:30,3157.9,3160.0,3157.0,3157.9,4008
2025-12-02T12:15:00+05:30,3159.1,3160.0,3150.0,3156.5,12415
2025-12-02T12:30:00+05:30,3155.7,3157.3,3152.9,3156.7,3516
2025-12-02T12:45:00+05:30,3156.1,3159.0,3151.4,3152.5,7570
2025-12-02T13:00:00+05:30,3152.5,3155.0,3150.0,3153.0,6552
2025-12-02T13:15:00+05:30,3153.0,3155.0,3151.1,3155.0,3405
2025-12-02T13:30:00+05:30,3155.0,3155.0,3150.0,3154.9,6838
2025-12-02T13:45:00+05:30,3154.9,3155.0,3152.1,3155.0,3552
2025-12-02T14:00:00+05:30,3155.0,3155.0,3150.1,3152.0,6182
2025-12-02T14:15:00+05:30,3152.0,3152.0,3144.8,3146.0,15059
2025-12-02T14:30:00+05:30,3146.8,3149.8,3136.7,3145.0,24766
2025-12-02T14:45:00+05:30,3145.8,3155.0,3145.0,3154.9,16516
2025-12-02T15:00:00+05:30,3154.9,3159.5,3148.7,3158.2,39695
2025-12-02T15:15:00+05:30,3158.3,3159.9,3144.0,3154.0,57146
2025-12-03T09:15:00+05:30,3155.1,3162.4,3125.1,3129.0,54029
2025-12-03T09:30:00+05:30,3129.0,3135.5,3122.0,3125.0,28876
2025-12-03T09:45:00+05:30,3125.6,3133.0,3121.6,3129.0,17984
2025-12-03T10:00:00+05:30,3129.9,3130.5,3117.1,3122.0,16014
2025-12-03T10:15:00+05:30,3122.0,3129.7,3118.8,3125.0,8348
2025-12-03T10:30:00+05:30,3124.0,3128.0,3120.0,3120.0,7382
2025-12-03T10:45:00+05:30,3120.0,3121.2,3115.0,3118.0,8914
2025-12-03T11:00:00+05:30,3118.4,3122.5,3112.8,3117.0,13419
2025-12-03T11:15:00+05:30,3116.9,3118.5,3112.0,3116.1,5417
2025-12-03T11:30:00+05:30,3116.1,3120.0,3115.8,3119.6,4239
2025-12-03T11:45:00+05:30,3119.6,3119.6,3114.1,3115.0,2912
2025-12-03T12:00:00+05:30,3115.3,3126.8,3115.0,3123.0,8125
2025-12-03T12:15:00+05:30,3124.0,3126.8,3117.4,3117.6,9068
2025-12-03T12:30:00+05:30,3119.2,3120.5,3115.0,3118.3,5847
2025-12-03T12:45:00+05:30,3119.7,3122.5,3117.1,3117.1,4489
2025-12-03T13:00:00+05:30,3118.6,3122.0,3117.0,3117.5,3347
2025-12-03T13:15:00+05:30,3119.2,3120.8,3117.1,3120.6,3100
2025-12-03T13:30:00+05:30,3120.6,3122.3,3116.1,3116.1,6023
2025-12-03T13:45:00+05:30,3116.8,3119.4,3116.1,3118.9,2949
2025-12-03T14:00:00+05:30,3119.9,3123.5,3117.0,3123.5,6485
2025-12-03T14:15:00+05:30,3123.4,3124.7,3119.0,3121.3,6097
2025-12-03T14:30:00+05:30,3121.3,3121.3,3117.3,3119.8,4336
2025-12-03T14:45:00+05:30,3119.8,3119.9,3108.6,3110.1,32829
2025-12-03T15:00:00+05:30,3110.1,3118.0,3105.0,3112.2,37392
2025-12-03T15:15:00+05:30,3113.5,3115.2,3102.5,3109.0,54382
2025-12-04T09:15:00+05:30,3110.0,3118.0,3090.0,3097.1,69380
2025-12-04T09:30:00+05:30,3098.1,3104.5,3086.0,3098.9,38172
2025-12-04T09:45:00+05:30,3097.7,3106.0,3085.0,3103.9,30838
2025-12-04T10:00:00+05:30,3103.2,3112.0,3102.0,3106.5,20896
2025-12-04T10:15:00+05:30,3105.1,3112.4,3095.0,3106.1,20315
2025-12-04T10:30:00+05:30,3109.0,3110.1,3105.6,3105.6,8293
2025-12-04T10:45:00+05:30,3107.1,3110.0,3098.0,3099.1,16338
2025-12-04T11:00:00+05:30,3100.5,3107.0,3091.3,3093.3,12455
2025-12-04T11:15:00+05:30,3093.1,3095.0,3088.0,3088.1,15754
2025-12-04T11:30:00+05:30,3088.5,3090.0,3085.6,3090.0,13326
2025-12-04T11:45:00+05:30,3089.0,3089.7,3082.0,3083.5,17737
2025-12-04T12:00:00+05:30,3084.0,3086.0,3067.1,3073.2,53187
2025-12-04T12:15:00+05:30,3073.2,3081.1,3069.0,3078.5,14148
2025-12-04T12:30:00+05:30,3078.9,3078.9,3068.0,3069.0,15003
2025-12-04T12:45:00+05:30,3069.0,3071.6,3066.7,3069.5,11869
2025-12-04T13:00:00+05:30,3068.0,3069.4,3050.0,3055.0,48322
2025-12-04T13:15:00+05:30,3055.5,3056.3,3041.1,3043.5,28299
2025-12-04T13:30:00+05:30,3043.0,3046.7,3010.1,3013.8,72157
2025-12-04T13:45:00+05:30,3014.0,3016.1,3004.0,3008.7,66309
2025-12-04T14:00:00+05:30,3007.9,3010.0,3005.0,3006.9,41493
2025-12-04T14:15:00+05:30,3006.0,3015.4,3005.2,3013.0,42817
2025-12-04T14:30:00+05:30,3013.1,3014.7,3004.2,3009.7,42008
2025-12-04T14:45:00+05:30,3009.6,3013.6,3004.0,3009.0,50299
2025-12-04T15:00:00+05:30,3009.0,3009.0,2990.0,2995.0,97868
2025-12-04T15:15:00+05:30,2995.0,2995.7,2965.0,2970.0,175716
2025-12-05T09:15:00+05:30,2990.0,2990.0,2930.0,2934.3,150293
2025-12-05T09:30:00+05:30,2934.2,2934.5,2890.1,2897.8,164316
2025-12-05T09:45:00+05:30,2897.8,2914.1,2890.0,2896.0,105106
2025-12-05T10:00:00+05:30,2893.9,2902.4,2886.3,2898.7,74177
2025-12-05T10:15:00+05:30,2898.7,2899.8,2868.0,2871.0,117381
2025-12-05T10:30:00+05:30,2870.0,2894.9,2868.0,2888.0,91920
2025-12-05T10:45:00+05:30,2889.3,2900.0,2880.4,2887.5,66687
2025-12-05T11:00:00+05:30,2888.0,2893.7,2871.4,2876.9,53879
2025-12-05T11:15:00+05:30,2876.9,2878.0,2870.0,2872.4,43310
2025-12-05T11:30:00+05:30,2872.5,2872.5,2853.8,2864.1,76152
2025-12-05T11:45:00+05:30,2864.1,2872.0,2860.0,2871.7,36228
2025-12-05T12:00:00+05:30,2870.4,2871.6,2858.0,2860.5,40444
2025-12-05T12:15:00+05:30,2860.7,2866.4,2855.0,2857.4,35689
2025-12-05T12:30:00+05:30,2857.3,2862.0,2855.6,2861.8,28190
2025-12-05T12:45:00+05:30,2861.8,2877.5,2860.1,2868.8,43355
2025-12-05T13:00:00+05:30,2868.8,2871.5,2867.5,2869.2,15566
2025-12-05T13:15:00+05:30,2869.2,2883.0,2868.1,2878.6,37667
2025-12-05T13:30:00+05:30,2879.0,2888.9,2877.4,2882.0,43108
2025-12-05T13:45:00+05:30,2882.1,2884.8,2878.0,2882.0,22576
2025-12-05T14:00:00+05:30,2881.9,2899.1,2880.4,2893.9,67956
2025-12-05T14:15:00+05:30,2894.8,2896.9,2891.9,2893.9,23086
2025-12-05T14:30:00+05:30,2895.0,2896.3,2884.5,2886.1,32467
2025-12-05T14:45:00+05:30,2886.1,2907.0,2886.0,2892.0,86436
2025-12-05T15:00:00+05:30,2892.7,2899.1,2867.1,2868.0,99723
2025-12-05T15:15:00+05:30,2868.0,2872.6,2859.0,2869.0,139227
2025-12-08T09:15:00+05:30,2864.2,2934.0,2843.0,2905.7,311154
2025-12-08T09:30:00+05:30,2906.6,2918.9,2895.0,2904.2,95156
2025-12-08T09:45:00+05:30,2904.1,2904.9,2869.5,2882.9,91088
2025-12-08T10:00:00+05:30,2882.8,2894.2,2870.2,2873.0,72974
2025-12-08T10:15:00+05:30,2873.0,2906.9,2871.6,2905.0,93032
2025-12-08T10:30:00+05:30,2906.0,2906.0,2888.8,2897.2,54709
2025-12-08T10:45:00+05:30,2897.2,2908.9,2889.0,2895.9,33514
2025-12-08T11:00:00+05:30,2896.0,2897.0,2887.5,2894.0,22290
2025-12-08T11:15:00+05:30,2895.0,2895.0,2889.0,2892.3,9689
2025-12-08T11:30:00+05:30,2892.3,2892.6,2883.5,2886.1,20488
2025-12-08T11:45:00+05:30,2886.1,2887.0,2878.5,2879.8,18575
2025-12-08T12:00:00+05:30,2880.9,2883.0,2877.0,2878.0,12642
2025-12-08T12:15:00+05:30,2878.0,2879.9,2872.5,2873.5,25240
2025-12-08T12:30:00+05:30,2873.0,2873.5,2860.0,2860.2,36789
2025-12-08T12:45:00+05:30,2860.1,2865.0,2855.4,2859.9,33390
2025-12-08T13:00:00+05:30,2861.4,2868.4,2857.2,2861.0,13875
2025-12-08T13:15:00+05:30,2861.0,2861.0,2846.5,2848.0,24730
2025-12-08T13:30:00+05:30,2849.0,2859.7,2838.0,2853.0,32500
2025-12-08T13:45:00+05:30,2854.2,2860.0,2850.0,2853.7,18546
2025-12-08T14:00:00+05:30,2854.0,2854.7,2846.7,2850.0,12014
2025-12-08T14:15:00+05:30,2851.5,2855.0,2842.1,2853.4,22286
2025-12-08T14:30:00+05:30,2853.1,2855.0,2846.2,2853.5,13343
2025-12-08T14:45:00+05:30,2853.5,2881.0,2853.1,2879.6,86102
2025-12-08T15:00:00+05:30,2879.6,2898.0,2879.6,2885.9,127977
2025-12-08T15:15:00+05:30,2885.9,2885.9,2861.1,2875.0,117587
2025-12-09T09:15:00+05:30,2884.4,2892.0,2841.5,2850.1,129403
2025-12-09T09:30:00+05:30,2849.9,2854.0,2830.4,2834.1,95253
2025-12-09T09:45:00+05:30,2833.4,2858.0,2825.0,2838.5,84746
2025-12-09T10:00:00+05:30,2838.5,2869.2,2835.0,2861.9,48965
2025-12-09T10:15:00+05:30,2861.8,2898.6,2860.4,2882.8,92691
2025-12-09T10:30:00+05:30,2884.0,2885.7,2859.0,2863.8,54174
2025-12-09T10:45:00+05:30,2864.3,2883.1,2863.0,2879.8,32641
2025-12-09T11:00:00+05:30,2879.6,2886.1,2872.6,2883.5,19966
2025-12-09T11:15:00+05:30,2882.4,2886.5,2874.2,2877.1,24379
2025-12-09T11:30:00+05:30,2876.7,2879.0,2864.0,2865.6,30871
2025-12-09T11:45:00+05:30,2865.5,2875.0,2857.1,2870.0,25038
2025-12-09T12:00:00+05:30,2870.0,2873.0,2864.1,2867.1,26574
2025-12-09T12:15:00+05:30,2867.3,2886.0,2866.2,2884.0,35355
2025-12-09T12:30:00+05:30,2883.0,2888.9,2872.6,2876.8,18414
2025-12-09T12:45:00+05:30,2876.8,2879.4,2862.1,2872.0,16384
2025-12-09T13:00:00+05:30,2870.3,2878.0,2869.2,2872.6,7882
2025-12-09T13:15:00+05:30,2874.0,2879.7,2870.0,2879.5,9497
2025-12-09T13:30:00+05:30,2879.4,2879.4,2871.8,2874.0,11369
2025-12-09T13:45:00+05:30,2875.6,2883.0,2874.2,2878.9,8159
2025-12-09T14:00:00+05:30,2878.8,2878.8,2871.0,2875.0,14076
2025-12-09T14:15:00+05:30,2875.0,2876.9,2867.0,2869.5,15149
2025-12-09T14:30:00+05:30,2869.8,2871.8,2865.0,2868.6,12775
2025-12-09T14:45:00+05:30,2868.5,2891.0,2866.0,2889.9,41092
2025-12-09T15:00:00+05:30,2889.9,2919.0,2889.9,2913.3,145428
2025-12-09T15:15:00+05:30,2913.3,2918.0,2900.1,2910.0,88994
2025-12-10T09:15:00+05:30,2920.0,2926.0,2876.5,2880.0,106814
2025-12-10T09:30:00+05:30,2880.0,2896.8,2878.9,2892.0,37944
2025-12-10T09:45:00+05:30,2892.0,2904.2,2890.0,2896.0,43394
2025-12-10T10:00:00+05:30,2895.0,2899.0,2890.4,2899.0,13623
2025-12-10T10:15:00+05:30,2899.0,2899.0,2885.1,2889.6,15232
2025-12-10T10:30:00+05:30,2889.0,2894.3,2878.0,2882.1,29302
2025-12-10T10:45:00+05:30,2882.0,2883.3,2872.0,2874.7,20253
2025-12-10T11:00:00+05:30,2874.0,2875.6,2870.1,2875.0,16540
2025-12-10T11:15:00+05:30,2874.9,2877.0,2870.0,2872.3,8912
2025-12-10T11:30:00+05:30,2872.0,2872.9,2862.4,2864.0,19294
2025-12-10T11:45:00+05:30,2864.1,2866.0,2859.5,2862.0,15813
2025-12-10T12:00:00+05:30,2861.9,2863.2,2857.3,2859.0,10908
2025-12-10T12:15:00+05:30,2860.0,2862.6,2855.0,2862.3,13594
2025-12-10T12:30:00+05:30,2861.9,2862.3,2855.1,2856.9,7406
2025-12-10T12:45:00+05:30,2856.2,2859.0,2855.0,2855.9,10583
2025-12-10T13:00:00+05:30,2855.1,2857.0,2853.3,2856.0,6632
2025-12-10T13:15:00+05:30,2856.8,2859.2,2855.1,2858.0,8166
2025-12-10T13:30:00+05:30,2858.3,2867.8,2857.0,2863.0,21542
2025-12-10T13:45:00+05:30,2863.0,2865.8,2860.4,2861.0,6077
2025-12-10T14:00:00+05:30,2861.0,2863.0,2858.1,2859.0,8514
2025-12-10T14:15:00+05:30,2858.3,2861.4,2855.0,2857.0,10338
2025-12-10T14:30:00+05:30,2857.0,2882.3,2856.0,2865.7,35630
2025-12-10T14:45:00+05:30,2866.0,2894.8,2861.2,2886.9,63752
2025-12-10T15:00:00+05:30,2886.9,2898.3,2886.3,2888.0,57159
2025-12-10T15:15:00+05:30,2888.6,2891.5,2871.2,2888.3,70878
2025-12-11T09:15:00+05:30,2900.0,2919.0,2855.1,2877.6,90226
2025-12-11T09:30:00+05:30,2877.7,2884.0,2865.9,2870.0,38230
2025-12-11T09:45:00+05:30,2870.9,2885.0,2868.1,2872.2,18041
2025-12-11T10:00:00+05:30,2872.2,2875.0,2861.7,2875.0,39088
2025-12-11T10:15:00+05:30,2875.0,2887.9,2871.0,2871.0,26782
2025-12-11T10:30:00+05:30,2872.6,2883.3,2872.6,2882.6,10097
2025-12-11T10:45:00+05:30,2882.6,2883.3,2872.1,2872.8,6027
2025-12-11T11:00:00+05:30,2872.8,2880.0,2867.0,2874.8,12386
2025-12-11T11:15:00+05:30,2874.8,2880.0,2873.3,2879.0,3002
2025-12-11T11:30:00+05:30,2879.0,2880.0,2875.0,2880.0,4446
2025-12-11T11:45:00+05:30,2880.0,2884.0,2875.7,2882.6,5779
2025-12-11T12:00:00+05:30,2882.5,2890.0,2880.8,2889.9,20745
2025-12-11T12:15:00+05:30,2890.0,2910.0,2887.2,2904.0,46703
2025-12-11T12:30:00+05:30,2904.9,2906.9,2893.8,2901.7,16605
2025-12-11T12:45:00+05:30,2900.8,2902.6,2888.0,2890.0,9633
2025-12-11T13:00:00+05:30,2890.0,2903.1,2889.6,2894.3,11827
2025-12-11T13:15:00+05:30,2893.9,2899.0,2890.0,2894.1,7638
2025-12-11T13:30:00+05:30,2895.8,2901.9,2893.0,2894.2,10086
2025-12-11T13:45:00+05:30,2893.0,2899.9,2893.0,2897.7,4923
2025-12-11T14:00:00+05:30,2897.0,2897.3,2893.0,2893.0,12051
2025-12-11T14:15:00+05:30,2893.8,2903.9,2893.0,2903.9,12881
2025-12-11T14:30:00+05:30,2902.7,2909.0,2893.9,2896.1,23731
2025-12-11T14:45:00+05:30,2897.0,2902.0,2892.1,2896.3,31319
2025-12-11T15:00:00+05:30,2896.3,2907.1,2890.0,2891.0,46120
2025-12-11T15:15:00+05:30,2891.0,2898.0,2888.5,2898.0,55562
2025-12-12T09:15:00+05:30,2909.7,2945.0,2901.0,2910.9,92187
2025-12-12T09:30:00+05:30,2910.9,2916.2,2910.1,2913.9,18461
2025-12-12T09:45:00+05:30,2915.2,2943.7,2912.9,2937.8,65983
2025-12-12T10:00:00+05:30,2937.8,2938.0,2922.0,2927.4,23881
2025-12-12T10:15:00+05:30,2927.4,2937.8,2925.1,2927.9,27892
2025-12-12T10:30:00+05:30,2929.6,2935.2,2925.0,2925.5,22347
2025-12-12T10:45:00+05:30,2925.5,2942.0,2925.0,2927.7,21871
2025-12-12T11:00:00+05:30,2927.8,2974.9,2925.0,2970.0,111328
2025-12-12T11:15:00+05:30,2968.1,2980.0,2962.9,2965.0,71827
2025-12-12T11:30:00+05:30,2965.4,2974.1,2961.3,2971.0,26439
2025-12-12T11:45:00+05:30,2971.0,2972.0,2958.0,2967.2,26636
2025-12-12T12:00:00+05:30,2968.1,2969.7,2957.3,2965.0,15785
2025-12-12T12:15:00+05:30,2964.1,2972.6,2964.0,2972.6,15390
2025-12-12T12:30:00+05:30,2972.6,2973.4,2961.0,2964.6,18869
2025-12-12T12:45:00+05:30,2964.3,2964.5,2952.4,2959.9,24037
2025-12-12T13:00:00+05:30,2959.9,2969.3,2958.2,2969.3,16324
2025-12-12T13:15:00+05:30,2969.5,2970.0,2965.0,2967.6,7768
2025-12-12T13:30:00+05:30,2967.5,2967.6,2962.1,2967.6,6981
2025-12-12T13:45:00+05:30,2967.6,2972.0,2966.1,2971.5,10926
2025-12-12T14:00:00+05:30,2971.5,2972.8,2965.1,2966.0,9638
2025-12-12T14:15:00+05:30,2966.1,2970.0,2965.0,2968.5,11970
2025-12-12T14:30:00+05:30,2968.5,2970.8,2961.1,2967.8,26883
2025-12-12T14:45:00+05:30,2967.7,2973.0,2962.7,2973.0,23624
2025-12-12T15:00:00+05:30,2972.0,2990.8,2971.0,2982.7,104813
2025-12-12T15:15:00+05:30,2982.6,2986.1,2965.5,2971.2,89303
2025-12-15T09:15:00+05:30,2968.0,2968.0,2939.2,2942.2,75359
2025-12-15T09:30:00+05:30,2943.4,2944.9,2937.0,2940.0,26770
2025-12-15T09:45:00+05:30,2941.0,2963.9,2940.0,2958.1,33386
2025-12-15T10:00:00+05:30,2958.9,2967.2,2950.0,2954.0,23076
2025-12-15T10:15:00+05:30,2954.7,2964.0,2954.0,2961.8,12777
2025-12-15T10:30:00+05:30,2961.6,2964.0,2952.0,2954.0,8729
2025-12-15T10:45:00+05:30,2954.0,2965.0,2952.0,2961.7,11261
2025-12-15T11:00:00+05:30,2961.6,2969.9,2960.0,2966.3,12649
2025-12-15T11:15:00+05:30,2967.7,2972.0,2960.0,2963.9,14357
2025-12-15T11:30:00+05:30,2965.0,2966.0,2958.0,2958.0,8090
2025-12-15T11:45:00+05:30,2958.0,2967.9,2955.5,2961.0,8925
2025-12-15T12:00:00+05:30,2962.0,2962.0,2954.0,2955.9,7792
2025-12-15T12:15:00+05:30,2955.9,2959.9,2951.2,2956.0,9491
2025-12-15T12:30:00+05:30,2956.0,2956.9,2951.7,2951.7,4088
2025-12-15T12:45:00+05:30,2952.6,2955.9,2950.6,2953.9,4814
2025-12-15T13:00:00+05:30,2953.1,2957.9,2952.0,2952.3,4292
2025-12-15T13:15:00+05:30,2952.1,2954.5,2950.0,2951.0,7679
2025-12-15T13:30:00+05:30,2952.2,2955.0,2949.0,2949.2,7706
2025-12-15T13:45:00+05:30,2949.2,2951.9,2949.0,2950.0,4352
2025-12-15T14:00:00+05:30,2950.9,2953.0,2949.1,2950.6,6193
2025-12-15T14:15:00+05:30,2951.9,2953.0,2950.3,2951.0,3642
2025-12-15T14:30:00+05:30,2952.0,2974.0,2951.0,2972.3,25290
2025-12-15T14:45:00+05:30,2972.5,2985.0,2968.4,2978.2,47023
2025-12-15T15:00:00+05:30,2978.7,2981.5,2961.0,2963.8,32966
2025-12-15T15:15:00+05:30,2962.7,2966.0,2956.4,2965.0,40031
2025-12-16T09:15:00+05:30,2964.9,2964.9,2941.0,2948.3,49557
2025-12-16T09:30:00+05:30,2950.0,2954.0,2945.2,2950.3,17157
2025-12-16T09:45:00+05:30,2950.2,2958.2,2945.0,2945.0,16505
2025-12-16T10:00:00+05:30,2946.1,2952.0,2940.0,2943.8,16620
2025-12-16T10:15:00+05:30,2943.5,2948.0,2940.9,2941.3,10857
2025-12-16T10:30:00+05:30,2941.3,2945.1,2937.1,2939.3,13639
2025-12-16T10:45:00+05:30,2939.7,2939.7,2932.0,2933.3,10528
2025-12-16T11:00:00+05:30,2934.1,2937.2,2928.0,2932.0,12876
2025-12-16T11:15:00+05:30,2932.0,2937.9,2925.1,2935.5,9036
2025-12-16T11:30:00+05:30,2935.5,2937.0,2927.3,2928.0,6011
2025-12-16T11:45:00+05:30,2929.4,2932.6,2926.6,2929.0,6348
2025-12-16T12:00:00+05:30,2929.0,2933.8,2925.6,2930.0,7628
2025-12-16T12:15:00+05:30,2931.0,2935.7,2930.0,2931.9,3373
2025-12-16T12:30:00+05:30,2933.5,2933.9,2928.0,2930.3,3160
2025-12-16T12:45:00+05:30,2931.4,2931.5,2922.5,2923.2,7150
2025-12-16T13:00:00+05:30,2924.2,2928.2,2923.0,2923.0,2982
2025-12-16T13:15:00+05:30,2923.0,2927.8,2921.0,2924.3,10452
2025-12-16T13:30:00+05:30,2925.8,2929.8,2923.2,2927.1,3671
2025-12-16T13:45:00+05:30,2927.9,2928.0,2918.1,2918.7,9573
2025-12-16T14:00:00+05:30,2919.0,2920.4,2911.2,2912.7,13443
2025-12-16T14:15:00+05:30,2912.7,2913.0,2907.0,2909.0,11092
2025-12-16T14:30:00+05:30,2909.0,2915.5,2907.0,2914.9,9548
2025-12-16T14:45:00+05:30,2914.7,2925.0,2910.7,2923.5,32450
2025-12-16T15:00:00+05:30,2923.9,2925.0,2916.0,2918.9,32459
2025-12-16T15:15:00+05:30,2919.0,2924.9,2911.2,2916.2,45004
2025-12-17T09:15:00+05:30,2915.6,2918.5,2889.8,2899.0,57530
2025-12-17T09:30:00+05:30,2900.0,2922.2,2892.4,2915.0,36853
2025-12-17T09:45:00+05:30,2914.9,2916.0,2904.2,2913.6,12971
2025-12-17T10:00:00+05:30,2913.5,2913.6,2895.0,2897.0,17538
2025-12-17T10:15:00+05:30,2897.0,2900.0,2890.4,2891.0,15824
2025-12-17T10:30:00+05:30,2890.4,2892.6,2878.1,2883.0,26201
2025-12-17T10:45:00+05:30,2884.3,2890.0,2881.2,2882.0,7427
2025-12-17T11:00:00+05:30,2882.0,2885.0,2875.0,2877.0,16918
2025-12-17T11:15:00+05:30,2876.2,2878.0,2870.0,2872.8,16023
2025-12-17T11:30:00+05:30,2872.8,2875.3,2871.0,2875.0,5953
2025-12-17T11:45:00+05:30,2875.0,2875.3,2866.3,2872.1,22952
2025-12-17T12:00:00+05:30,2872.1,2872.1,2865.0,2866.7,9093
2025-12-17T12:15:00+05:30,2865.9,2870.6,2865.9,2867.0,4376
2025-12-17T12:30:00+05:30,2867.0,2872.1,2865.1,2867.1,5313
2025-12-17T12:45:00+05:30,2867.1,2869.5,2865.1,2868.0,4325
2025-12-17T13:00:00+05:30,2868.0,2873.0,2865.4,2867.9,7277
2025-12-17T13:15:00+05:30,2868.0,2871.2,2865.2,2869.0,5105
2025-12-17T13:30:00+05:30,2870.5,2872.0,2866.0,2866.8,3494
2025-12-17T13:45:00+05:30,2867.4,2868.8,2865.0,2867.7,5506
2025-12-17T14:00:00+05:30,2867.7,2872.0,2866.5,2867.3,9287
2025-12-17T14:15:00+05:30,2867.3,2872.5,2866.6,2870.3,9027
2025-12-17T14:30:00+05:30,2870.3,2875.0,2865.2,2869.0,12163
2025-12-17T14:45:00+05:30,2868.5,2940.5,2867.0,2895.1,83239
2025-12-17T15:00:00+05:30,2896.0,2900.7,2872.9,2875.2,44623
2025-12-17T15:15:00+05:30,2875.2,2875.5,2870.0,2874.1,42093
2025-12-18T09:15:00+05:30,2872.1,2873.0,2847.8,2858.9,48861
2025-12-18T09:30:00+05:30,2858.6,2858.8,2841.0,2844.0,29078
2025-12-18T09:45:00+05:30,2844.1,2849.0,2840.0,2847.0,15016
2025-12-18T10:00:00+05:30,2847.0,2860.0,2841.1,2855.9,16654
2025-12-18T10:15:00+05:30,2857.4,2861.2,2851.0,2856.4,16534
2025-12-18T10:30:00+05:30,2856.4,2858.5,2851.5,2853.2,9901
2025-12-18T10:45:00+05:30,2852.3,2857.0,2851.5,2853.5,7086
2025-12-18T11:00:00+05:30,2855.3,2856.0,2846.0,2848.8,7103
2025-12-18T11:15:00+05:30,2849.4,2854.4,2846.3,2852.8,8029
2025-12-18T11:30:00+05:30,2853.8,2855.0,2852.8,2854.5,2354
2025-12-18T11:45:00+05:30,2854.7,2857.0,2851.0,2855.8,8231
2025-12-18T12:00:00+05:30,2854.3,2857.0,2852.3,2855.9,5116
2025-12-18T12:15:00+05:30,2856.9,2857.0,2850.1,2855.0,5674
2025-12-18T12:30:00+05:30,2855.0,2863.0,2853.6,2861.7,8325
2025-12-18T12:45:00+05:30,2860.6,2869.0,2860.6,2866.7,9636
2025-12-18T13:00:00+05:30,2866.0,2866.0,2860.0,2860.3,8457
2025-12-18T13:15:00+05:30,2860.7,2863.0,2858.0,2859.0,4856
2025-12-18T13:30:00+05:30,2860.7,2862.0,2855.0,2861.7,5400
2025-12-18T13:45:00+05:30,2860.3,2861.7,2858.0,2858.9,3258
2025-12-18T14:00:00+05:30,2860.0,2860.4,2853.0,2856.1,6931
2025-12-18T14:15:00+05:30,2855.9,2857.0,2853.2,2856.0,5344
2025-12-18T14:30:00+05:30,2855.3,2862.0,2855.2,2859.0,10945
2025-12-18T14:45:00+05:30,2860.0,2889.5,2858.8,2875.9,79765
2025-12-18T15:00:00+05:30,2875.9,2883.3,2873.2,2879.4,37367
2025-12-18T15:15:00+05:30,2879.4,2884.0,2875.0,2881.9,48106
2025-12-19T09:15:00+05:30,2926.9,2980.0,2912.1,2951.9,375077
2025-12-19T09:30:00+05:30,2951.9,2970.4,2945.0,2948.0,88873
2025-12-19T09:45:00+05:30,2947.9,2957.2,2945.1,2951.2,52890
2025-12-19T10:00:00+05:30,2951.9,2956.5,2925.5,2933.8,68524
2025-12-19T10:15:00+05:30,2934.0,2942.0,2930.0,2936.1,21872
2025-12-19T10:30:00+05:30,2938.1,2940.0,2927.2,2939.0,19944
2025-12-19T10:45:00+05:30,2938.8,2943.2,2935.4,2936.6,14568
2025-12-19T11:00:00+05:30,2936.6,2937.8,2930.0,2933.0,12162
2025-12-19T11:15:00+05:30,2933.7,2939.3,2930.1,2930.9,8011
2025-12-19T11:30:00+05:30,2930.9,2936.1,2927.0,2927.0,16430
2025-12-19T11:45:00+05:30,2927.8,2929.0,2920.6,2927.4,19061
2025-12-19T12:00:00+05:30,2927.3,2934.9,2926.1,2934.9,9376
2025-12-19T12:15:00+05:30,2934.4,2949.7,2930.1,2949.0,17437
2025-12-19T12:30:00+05:30,2948.9,2963.3,2946.2,2960.9,66798
2025-12-19T12:45:00+05:30,2961.0,2966.0,2951.8,2961.8,41325
2025-12-19T13:00:00+05:30,2961.8,2963.6,2951.6,2952.4,17406
2025-12-19T13:15:00+05:30,2952.4,2964.0,2951.1,2960.1,19137
2025-12-19T13:30:00+05:30,2960.5,2963.5,2959.6,2960.8,11978
2025-12-19T13:45:00+05:30,2960.8,2968.0,2958.0,2966.5,28235
2025-12-19T14:00:00+05:30,2966.5,2970.0,2963.0,2968.1,27049
2025-12-19T14:15:00+05:30,2968.1,2974.0,2964.2,2970.5,39208
2025-12-19T14:30:00+05:30,2971.7,2979.0,2966.1,2974.3,63162
2025-12-19T14:45:00+05:30,2974.3,2978.5,2970.1,2974.6,47794
2025-12-19T15:00:00+05:30,2975.6,3010.0,2975.6,3008.5,259846
2025-12-19T15:15:00+05:30,3008.4,3076.0,3002.1,3057.0,383103
2025-12-22T09:15:00+05:30,3074.9,3081.5,3046.2,3057.6,143413
2025-12-22T09:30:00+05:30,3057.6,3069.0,3052.1,3065.0,37297
2025-12-22T09:45:00+05:30,3064.1,3074.0,3052.0,3064.3,33266
2025-12-22T10:00:00+05:30,3064.3,3066.5,3060.0,3064.5,14728
2025-12-22T10:15:00+05:30,3065.0,3065.6,3058.0,3061.9,13490
2025-12-22T10:30:00+05:30,3061.8,3065.0,3059.6,3060.0,9016
2025-12-22T10:45:00+05:30,3060.0,3072.0,3060.0,3069.3,18621
2025-12-22T11:00:00+05:30,3069.3,3070.5,3062.3,3064.5,8795
2025-12-22T11:15:00+05:30,3064.0,3065.0,3060.9,3060.9,5376
2025-12-22T11:30:00+05:30,3060.9,3065.0,3060.9,3063.9,5793
2025-12-22T11:45:00+05:30,3064.9,3070.1,3062.0,3067.0,10313
2025-12-22T12:00:00+05:30,3067.0,3079.9,3063.1,3076.0,33232
2025-12-22T12:15:00+05:30,3076.0,3084.4,3066.8,3082.9,35899
2025-12-22T12:30:00+05:30,3083.0,3086.0,3076.1,3078.0,22492
2025-12-22T12:45:00+05:30,3078.1,3080.0,3068.1,3076.1,21280
2025-12-22T13:00:00+05:30,3076.1,3079.0,3072.2,3074.0,8563
2025-12-22T13:15:00+05:30,3073.1,3074.0,3065.0,3071.0,19456
2025-12-22T13:30:00+05:30,3070.0,3074.4,3067.2,3068.0,7724
2025-12-22T13:45:00+05:30,3068.1,3069.9,3061.5,3064.0,16168
2025-12-22T14:00:00+05:30,3064.0,3077.0,3063.0,3075.3,15561
2025-12-22T14:15:00+05:30,3074.5,3077.0,3069.0,3073.7,12520
2025-12-22T14:30:00+05:30,3073.7,3078.0,3073.2,3074.0,14863
2025-12-22T14:45:00+05:30,3074.0,3075.0,3071.0,3074.0,9855
2025-12-22T15:00:00+05:30,3074.2,3075.8,3062.7,3063.0,37754
2025-12-22T15:15:00+05:30,3063.0,3064.6,3050.0,3060.0,73011
2025-12-23T09:15:00+05:30,3063.0,3068.9,3022.0,3025.0,63524
2025-12-23T09:30:00+05:30,3024.6,3033.6,3020.5,3029.0,24001
2025-12-23T09:45:00+05:30,3029.0,3043.4,3025.0,3040.0,34262
2025-12-23T10:00:00+05:30,3040.0,3044.9,3033.7,3039.4,17680
2025-12-23T10:15:00+05:30,3040.7,3040.7,3033.1,3035.1,9519
2025-12-23T10:30:00+05:30,3036.6,3054.0,3033.0,3045.5,16853
2025-12-23T10:45:00+05:30,3046.0,3048.0,3037.0,3042.2,7280
2025-12-23T11:00:00+05:30,3042.2,3044.9,3039.1,3044.0,4286
2025-12-23T11:15:00+05:30,3044.7,3049.9,3043.5,3044.0,7161
2025-12-23T11:30:00+05:30,3044.1,3047.7,3042.0,3045.0,7870
2025-12-23T11:45:00+05:30,3045.0,3046.5,3041.0,3043.1,3339
2025-12-23T12:00:00+05:30,3043.1,3048.2,3041.1,3044.0,4546
2025-12-23T12:15:00+05:30,3044.0,3045.6,3040.0,3040.2,2359
2025-12-23T12:30:00+05:30,3041.5,3042.6,3036.0,3036.0,4523
2025-12-23T12:45:00+05:30,3036.9,3043.5,3036.0,3041.9,3559
2025-12-23T13:00:00+05:30,3041.8,3043.3,3040.0,3041.0,2969
2025-12-23T13:15:00+05:30,3040.9,3042.6,3040.0,3041.6,2887
2025-12-23T13:30:00+05:30,3040.9,3058.0,3040.9,3046.0,17353
2025-12-23T13:45:00+05:30,3045.6,3051.4,3044.0,3050.1,5206
2025-12-23T14:00:00+05:30,3050.9,3057.0,3047.7,3049.0,11545
2025-12-23T14:15:00+05:30,3049.0,3055.0,3046.6,3050.1,9762
2025-12-23T14:30:00+05:30,3050.2,3109.9,3050.1,3098.6,147042
2025-12-23T14:45:00+05:30,3098.7,3099.9,3093.0,3099.7,42009
2025-12-23T15:00:00+05:30,3099.8,3114.9,3090.9,3094.9,100208
2025-12-23T15:15:00+05:30,3094.9,3095.0,3079.0,3080.0,86124
2025-12-24T09:15:00+05:30,3096.1,3114.8,3066.6,3105.0,94245
2025-12-24T09:30:00+05:30,3105.0,3106.3,3087.0,3096.4,38922
2025-12-24T09:45:00+05:30,3097.8,3098.5,3091.1,3094.4,12785
2025-12-24T10:00:00+05:30,3094.4,3100.0,3092.9,3100.0,20484
2025-12-24T10:15:00+05:30,3099.9,3100.0,3095.5,3097.6,5710
2025-12-24T10:30:00+05:30,3097.5,3100.0,3096.6,3096.6,7491
2025-12-24T10:45:00+05:30,3097.2,3098.0,3092.0,3096.1,8564
2025-12-24T11:00:00+05:30,3096.1,3096.8,3085.5,3091.5,10421
2025-12-24T11:15:00+05:30,3092.2,3097.8,3091.1,3095.7,7256
2025-12-24T11:30:00+05:30,3096.0,3096.4,3087.0,3092.0,7156
2025-12-24T11:45:00+05:30,3091.9,3093.8,3086.1,3092.8,5185
2025-12-24T12:00:00+05:30,3092.7,3095.9,3091.5,3095.3,7300
2025-12-24T12:15:00+05:30,3095.8,3098.0,3093.0,3097.0,5589
2025-12-24T12:30:00+05:30,3097.4,3105.5,3096.5,3102.0,19096
2025-12-24T12:45:00+05:30,3103.7,3104.0,3090.0,3094.7,7292
2025-12-24T13:00:00+05:30,3094.7,3094.8,3082.5,3085.3,14576
2025-12-24T13:15:00+05:30,3086.2,3088.0,3085.0,3087.7,4577
2025-12-24T13:30:00+05:30,3087.6,3087.7,3080.0,3082.9,8949
2025-12-24T13:45:00+05:30,3082.7,3089.8,3080.0,3087.9,6990
2025-12-24T14:00:00+05:30,3087.7,3089.0,3081.3,3083.9,7364
2025-12-24T14:15:00+05:30,3084.9,3085.0,3081.0,3084.0,4465
2025-12-24T14:30:00+05:30,3084.3,3098.9,3082.4,3094.4,29197
2025-12-24T14:45:00+05:30,3095.9,3100.0,3090.2,3096.8,26753
2025-12-24T15:00:00+05:30,3096.8,3097.0,3075.1,3078.9,44891
2025-12-24T15:15:00+05:30,3078.0,3078.6,3066.1,3076.6,43176
2025-12-26T09:15:00+05:30,3075.0,3075.0,3055.6,3065.7,43652
2025-12-26T09:30:00+05:30,3065.0,3075.0,3058.0,3059.1,19416
2025-12-26T09:45:00+05:30,3060.0,3070.2,3058.0,3068.9,15649
2025-12-26T10:00:00+05:30,3069.8,3070.0,3060.0,3060.5,5516
2025-12-26T10:15:00+05:30,3060.5,3061.5,3058.6,3060.9,8199
2025-12-26T10:30:00+05:30,3060.9,3063.8,3058.1,3062.5,7808
2025-12-26T10:45:00+05:30,3062.7,3064.9,3060.0,3060.0,4555
2025-12-26T11:00:00+05:30,3060.0,3062.0,3059.0,3059.8,4533
2025-12-26T11:15:00+05:30,3059.0,3060.1,3055.0,3057.5,11594
2025-12-26T11:30:00+05:30,3057.5,3059.8,3055.1,3058.2,5106
2025-12-26T11:45:00+05:30,3056.8,3061.1,3055.0,3056.2,6777
2025-12-26T12:00:00+05:30,3055.1,3056.2,3051.0,3052.0,7610
2025-12-26T12:15:00+05:30,3052.5,3054.0,3051.0,3051.1,3866
2025-12-26T12:30:00+05:30,3052.0,3054.0,3045.3,3048.4,10160
2025-12-26T12:45:00+05:30,3047.0,3048.9,3041.0,3042.0,8906
2025-12-26T13:00:00+05:30,3041.3,3049.3,3041.3,3047.6,10095
2025-12-26T13:15:00+05:30,3047.7,3048.7,3045.0,3046.8,3992
2025-12-26T13:30:00+05:30,3046.8,3047.8,3043.8,3046.1,2997
2025-12-26T13:45:00+05:30,3046.9,3048.5,3045.8,3047.7,3080
2025-12-26T14:00:00+05:30,3047.7,3053.6,3045.8,3048.3,9400
2025-12-26T14:15:00+05:30,3048.7,3051.0,3045.7,3047.0,4099
2025-12-26T14:30:00+05:30,3047.9,3048.5,3045.5,3048.4,4377
2025-12-26T14:45:00+05:30,3048.0,3068.0,3046.6,3060.4,50707
2025-12-26T15:00:00+05:30,3060.0,3062.0,3040.5,3045.8,31358
2025-12-26T15:15:00+05:30,3045.0,3052.0,3035.0,3040.4,45905
2025-12-29T09:15:00+05:30,3043.0,3043.0,3010.0,3020.0,57591
2025-12-29T09:30:00+05:30,3020.0,3028.0,3016.0,3017.0,20704
2025-12-29T09:45:00+05:30,3017.0,3022.0,3012.0,3012.0,13657
2025-12-29T10:00:00+05:30,3012.0,3016.4,3010.1,3010.1,13820
2025-12-29T10:15:00+05:30,3010.1,3014.5,3005.3,3010.0,18654
2025-12-29T10:30:00+05:30,3011.8,3013.2,3002.0,3004.0,17779
2025-12-29T10:45:00+05:30,3004.0,3004.3,2992.8,3001.1,23118
2025-12-29T11:00:00+05:30,3003.2,3003.2,2992.9,2997.0,8538
2025-12-29T11:15:00+05:30,2997.0,3008.4,2991.0,3007.5,13765
2025-12-29T11:30:00+05:30,3007.4,3009.8,3000.0,3003.0,18036
2025-12-29T11:45:00+05:30,3004.4,3005.0,2998.1,3001.9,3423
2025-12-29T12:00:00+05:30,3001.9,3002.0,2996.0,2998.2,6789
2025-12-29T12:15:00+05:30,2997.9,3000.0,2994.0,2994.0,6867
2025-12-29T12:30:00+05:30,2994.0,2995.7,2992.4,2994.0,3919
2025-12-29T12:45:00+05:30,2993.5,2996.0,2993.0,2994.7,4609
2025-12-29T13:00:00+05:30,2994.6,2999.8,2993.1,2995.1,5036
2025-12-29T13:15:00+05:30,2995.1,2995.2,2991.7,2991.7,4658
2025-12-29T13:30:00+05:30,2992.0,3000.0,2991.1,2996.0,10316
2025-12-29T13:45:00+05:30,2995.0,3005.0,2994.0,3001.0,7497
2025-12-29T14:00:00+05:30,3001.0,3002.8,2998.0,2999.0,4875
2025-12-29T14:15:00+05:30,2999.0,3007.5,2991.0,3001.3,19225
2025-12-29T14:30:00+05:30,2999.4,3001.2,2996.0,2997.0,5997
2025-12-29T14:45:00+05:30,2996.0,3002.0,2991.0,2995.6,17888
2025-12-29T15:00:00+05:30,2994.4,2996.0,2975.0,2979.0,44918
2025-12-29T15:15:00+05:30,2979.9,2980.5,2970.0,2975.0,44911
2025-12-30T09:15:00+05:30,2972.0,2982.8,2936.5,2943.3,79409
2025-12-30T09:30:00+05:30,2942.1,2952.0,2939.0,2948.4,27301
2025-12-30T09:45:00+05:30,2948.0,2951.4,2943.0,2943.6,15681
2025-12-30T10:00:00+05:30,2944.0,2944.0,2926.1,2932.3,26538
2025-12-30T10:15:00+05:30,2932.3,2939.9,2932.0,2935.3,15103
2025-12-30T10:30:00+05:30,2935.3,2935.9,2928.0,2933.5,11891
2025-12-30T10:45:00+05:30,2934.0,2937.6,2933.0,2935.1,5301
2025-12-30T11:00:00+05:30,2935.0,2955.0,2934.1,2945.7,16558
2025-12-30T11:15:00+05:30,2945.6,2945.7,2940.0,2940.9,6710
2025-12-30T11:30:00+05:30,2940.9,2948.0,2940.0,2943.4,5765
2025-12-30T11:45:00+05:30,2943.4,2956.1,2942.3,2944.0,9373
2025-12-30T12:00:00+05:30,2944.1,2947.1,2940.0,2941.9,4594
2025-12-30T12:15:00+05:30,2941.0,2947.0,2940.7,2943.7,3633
2025-12-30T12:30:00+05:30,2944.0,2949.4,2943.0,2943.3,5377
2025-12-30T12:45:00+05:30,2943.2,2948.5,2941.3,2946.0,2949
2025-12-30T13:00:00+05:30,2946.0,2947.1,2943.6,2945.3,2251
2025-12-30T13:15:00+05:30,2946.0,2948.5,2945.0,2948.5,2942
2025-12-30T13:30:00+05:30,2948.4,2953.6,2945.2,2952.1,6863
2025-12-30T13:45:00+05:30,2951.2,2964.6,2951.0,2956.0,15842
2025-12-30T14:00:00+05:30,2956.0,2962.7,2955.5,2961.3,8779
2025-12-30T14:15:00+05:30,2959.9,2963.1,2953.2,2955.8,9283
2025-12-30T14:30:00+05:30,2955.0,2959.9,2951.1,2958.0,8731
2025-12-30T14:45:00+05:30,2958.5,3000.0,2955.7,2987.0,57581
2025-12-30T15:00:00+05:30,2987.0,2995.1,2977.4,2980.0,48161
2025-12-30T15:15:00+05:30,2978.8,2980.7,2967.4,2976.0,48105
2025-12-31T09:15:00+05:30,2982.0,2989.0,2953.5,2954.0,78339
2025-12-31T09:30:00+05:30,2954.0,2962.5,2947.0,2950.7,49200
2025-12-31T09:45:00+05:30,2950.6,2959.8,2942.3,2957.8,25949
2025-12-31T10:00:00+05:30,2958.0,2965.1,2954.0,2962.9,21628
2025-12-31T10:15:00+05:30,2963.7,2979.9,2958.3,2967.4,39156
2025-12-31T10:30:00+05:30,2968.2,2969.3,2955.1,2967.0,25482
2025-12-31T10:45:00+05:30,2965.6,2968.0,2955.0,2957.9,17694
2025-12-31T11:00:00+05:30,2957.9,2961.8,2957.3,2959.0,8436
2025-12-31T11:15:00+05:30,2959.0,2964.3,2957.1,2962.0,8989
2025-12-31T11:30:00+05:30,2962.1,2964.3,2958.5,2961.9,7266
2025-12-31T11:45:00+05:30,2962.0,3032.0,2961.3,3013.4,211514
2025-12-31T12:00:00+05:30,3013.9,3019.2,2990.5,3007.8,75936
2025-12-31T12:15:00+05:30,3008.0,3009.0,2995.9,3004.0,26348
2025-12-31T12:30:00+05:30,3004.0,3009.6,3000.3,3008.7,16924
2025-12-31T12:45:00+05:30,3009.0,3011.0,3000.4,3004.6,21452
2025-12-31T13:00:00+05:30,3003.5,3004.5,2990.5,2990.8,18333
2025-12-31T13:15:00+05:30,2991.4,2997.9,2975.1,2978.2,37518
2025-12-31T13:30:00+05:30,2979.4,2985.0,2973.3,2975.5,23747
2025-12-31T13:45:00+05:30,2974.3,2980.2,2972.1,2975.0,20771
2025-12-31T14:00:00+05:30,2975.8,2976.8,2962.0,2962.5,27750
2025-12-31T14:15:00+05:30,2962.5,2964.3,2952.1,2962.2,51877
2025-12-31T14:30:00+05:30,2962.2,2987.6,2962.2,2981.0,54389
2025-12-31T14:45:00+05:30,2981.0,2992.8,2973.8,2991.0,62480
2025-12-31T15:00:00+05:30,2991.0,2991.3,2962.5,2964.4,76316
2025-12-31T15:15:00+05:30,2964.5,2965.8,2954.7,2962.0,73192
2026-01-01T09:15:00+05:30,2970.0,2994.3,2965.0,2979.6,51776
2026-01-01T09:30:00+05:30,2979.6,2979.8,2970.0,2975.9,14429
2026-01-01T09:45:00+05:30,2974.8,2987.6,2971.6,2983.4,16903
2026-01-01T10:00:00+05:30,2983.4,2984.0,2968.6,2969.5,11415
2026-01-01T10:15:00+05:30,2968.6,2975.3,2958.0,2973.1,35355
2026-01-01T10:30:00+05:30,2973.1,2976.0,2968.0,2972.7,21120
2026-01-01T10:45:00+05:30,2972.7,2976.0,2965.2,2965.2,8335
2026-01-01T11:00:00+05:30,2965.3,2970.0,2964.1,2966.5,9245
2026-01-01T11:15:00+05:30,2967.5,2973.0,2965.0,2970.3,8436
2026-01-01T11:30:00+05:30,2970.3,2972.0,2958.0,2965.1,16180
2026-01-01T11:45:00+05:30,2965.1,2968.8,2963.3,2965.3,6408
2026-01-01T12:00:00+05:30,2966.6,2967.8,2961.0,2961.7,8369
2026-01-01T12:15:00+05:30,2961.0,2963.1,2960.0,2960.8,5523
2026-01-01T12:30:00+05:30,2961.0,2963.8,2960.5,2960.8,6736
2026-01-01T12:45:00+05:30,2960.8,2963.4,2960.4,2961.0,4647
2026-01-01T13:00:00+05:30,2961.9,2964.0,2961.0,2961.2,4269
2026-01-01T13:15:00+05:30,2961.3,2965.0,2960.0,2962.6,7338
2026-01-01T13:30:00+05:30,2962.6,2964.8,2960.0,2960.9,7465
2026-01-01T13:45:00+05:30,2960.9,2961.5,2956.5,2958.5,8936
2026-01-01T14:00:00+05:30,2958.6,2961.5,2957.0,2959.2,5701
2026-01-01T14:15:00+05:30,2959.8,2961.2,2948.0,2950.5,22605
2026-01-01T14:30:00+05:30,2951.5,2957.4,2950.0,2955.0,11477
2026-01-01T14:45:00+05:30,2955.0,2968.9,2955.0,2964.2,19629
2026-01-01T15:00:00+05:30,2965.0,2965.5,2954.7,2955.0,27109
2026-01-01T15:15:00+05:30,2955.2,2958.0,2950.1,2958.0,50808
2026-01-02T09:15:00+05:30,2960.0,2964.9,2937.7,2940.0,59608
2026-01-02T09:30:00+05:30,2940.1,2942.7,2911.6,2917.6,80066
2026-01-02T09:45:00+05:30,2917.5,2925.9,2917.5,2919.5,30650
2026-01-02T10:00:00+05:30,2919.3,2921.3,2912.2,2916.6,30653
2026-01-02T10:15:00+05:30,2916.6,2922.0,2915.0,2919.8,24453
2026-01-02T10:30:00+05:30,2919.8,2919.8,2906.3,2909.0,45655
2026-01-02T10:45:00+05:30,2908.5,2909.8,2901.0,2902.7,37823
2026-01-02T11:00:00+05:30,2902.9,2903.6,2862.2,2873.9,135588
2026-01-02T11:15:00+05:30,2873.9,2879.1,2868.0,2875.0,70477
2026-01-02T11:30:00+05:30,2876.4,2878.1,2850.0,2858.0,138870
2026-01-02T11:45:00+05:30,2858.0,2865.7,2853.2,2859.0,74955
2026-01-02T12:00:00+05:30,2859.0,2868.8,2857.0,2868.2,51079
2026-01-02T12:15:00+05:30,2867.5,2875.0,2865.0,2871.2,41450
2026-01-02T12:30:00+05:30,2871.3,2873.6,2866.0,2866.7,29902
2026-01-02T12:45:00+05:30,2866.8,2870.2,2855.2,2860.0,72803
2026-01-02T13:00:00+05:30,2860.0,2860.0,2847.8,2851.4,105009
2026-01-02T13:15:00+05:30,2851.5,2854.2,2848.0,2849.2,52246
2026-01-02T13:30:00+05:30,2849.2,2862.9,2848.8,2856.9,37548
2026-01-02T13:45:00+05:30,2856.5,2858.0,2853.8,2854.0,25394
2026-01-02T14:00:00+05:30,2853.7,2857.5,2850.2,2857.0,28868
2026-01-02T14:15:00+05:30,2857.2,2863.4,2856.9,2862.8,30495
2026-01-02T14:30:00+05:30,2862.8,2864.9,2858.3,2862.5,39782
2026-01-02T14:45:00+05:30,2862.5,2872.8,2857.7,2868.2,123691
2026-01-02T15:00:00+05:30,2868.2,2870.0,2860.2,2865.0,102666
2026-01-02T15:15:00+05:30,2865.0,2868.0,2862.2,2866.0,142981
2026-01-05T09:15:00+05:30,2864.9,2864.9,2759.2,2760.6,286977
2026-01-05T09:30:00+05:30,2760.7,2772.6,2746.0,2765.0,273539
2026-01-05T09:45:00+05:30,2765.0,2766.0,2723.0,2737.0,276492
2026-01-05T10:00:00+05:30,2737.0,2745.0,2723.4,2745.0,137057
2026-01-05T10:15:00+05:30,2744.6,2748.9,2731.7,2744.7,87249
2026-01-05T10:30:00+05:30,2744.7,2761.0,2741.0,2742.4,110771
2026-01-05T10:45:00+05:30,2742.5,2749.7,2735.0,2735.7,69020
2026-01-05T11:00:00+05:30,2735.6,2745.0,2729.0,2735.7,79443
2026-01-05T11:15:00+05:30,2736.3,2737.0,2725.0,2727.2,78315
2026-01-05T11:30:00+05:30,2727.2,2733.3,2726.0,2729.6,40218
2026-01-05T11:45:00+05:30,2730.0,2732.2,2725.1,2730.0,36711
2026-01-05T12:00:00+05:30,2730.0,2734.8,2729.0,2733.1,31563
2026-01-05T12:15:00+05:30,2733.1,2735.6,2728.2,2730.0,34569
2026-01-05T12:30:00+05:30,2730.0,2732.7,2725.5,2727.3,45984
2026-01-05T12:45:00+05:30,2727.3,2736.8,2725.3,2734.0,42441
2026-01-05T13:00:00+05:30,2734.0,2734.4,2730.0,2732.3,21024
2026-01-05T13:15:00+05:30,2732.3,2732.5,2726.1,2727.9,33544
2026-01-05T13:30:00+05:30,2727.9,2728.2,2711.0,2714.1,115907
2026-01-05T13:45:00+05:30,2714.8,2726.0,2706.0,2715.3,109521
2026-01-05T14:00:00+05:30,2715.1,2716.3,2706.3,2713.9,67413
2026-01-05T14:15:00+05:30,2713.9,2715.0,2709.0,2713.1,45587
2026-01-05T14:30:00+05:30,2713.1,2724.9,2711.3,2723.0,53410
2026-01-05T14:45:00+05:30,2723.4,2730.5,2712.4,2717.0,157884
2026-01-05T15:00:00+05:30,2716.5,2722.2,2711.5,2718.0,138797
2026-01-05T15:15:00+05:30,2718.0,2719.7,2708.0,2713.1,245523
2026-01-06T09:15:00+05:30,2710.0,2713.6,2646.5,2700.0,539949
2026-01-06T09:30:00+05:30,2699.9,2701.3,2675.9,2692.8,124462
2026-01-06T09:45:00+05:30,2692.8,2727.5,2690.1,2706.1,194117
2026-01-06T10:00:00+05:30,2705.1,2706.9,2680.0,2684.2,101934
2026-01-06T10:15:00+05:30,2684.2,2685.9,2646.0,2659.2,224465
2026-01-06T10:30:00+05:30,2658.1,2659.8,2641.3,2648.8,133053
2026-01-06T10:45:00+05:30,2649.0,2655.8,2644.1,2650.8,74684
2026-01-06T11:00:00+05:30,2650.8,2658.0,2647.4,2653.0,48233
2026-01-06T11:15:00+05:30,2652.9,2653.0,2627.1,2638.8,106742
2026-01-06T11:30:00+05:30,2638.8,2649.6,2638.1,2646.6,38014
2026-01-06T11:45:00+05:30,2646.6,2649.0,2642.0,2642.6,29302
2026-01-06T12:00:00+05:30,2642.6,2644.2,2635.1,2638.2,37053
2026-01-06T12:15:00+05:30,2638.2,2640.0,2631.0,2635.0,34951
2026-01-06T12:30:00+05:30,2635.0,2640.0,2632.8,2636.0,29001
2026-01-06T12:45:00+05:30,2637.2,2638.5,2622.2,2631.8,68507
2026-01-06T13:00:00+05:30,2631.1,2639.9,2631.1,2632.4,37852
2026-01-06T13:15:00+05:30,2632.4,2639.0,2631.6,2637.9,18252
2026-01-06T13:30:00+05:30,2637.9,2639.8,2633.7,2636.0,23305
2026-01-06T13:45:00+05:30,2636.0,2638.5,2628.0,2628.0,26875
2026-01-06T14:00:00+05:30,2628.1,2629.1,2601.0,2609.0,198117
2026-01-06T14:15:00+05:30,2609.0,2614.9,2607.0,2611.3,74939
2026-01-06T14:30:00+05:30,2611.4,2613.1,2597.1,2612.6,135469
2026-01-06T14:45:00+05:30,2612.5,2631.8,2612.1,2628.6,130918
2026-01-06T15:00:00+05:30,2628.6,2646.7,2623.1,2640.2,180966
2026-01-06T15:15:00+05:30,2641.0,2644.2,2630.0,2637.0,178910
2026-01-07T09:15:00+05:30,2644.0,2653.0,2624.4,2634.4,194926
2026-01-07T09:30:00+05:30,2634.4,2644.0,2611.3,2614.9,105587
2026-01-07T09:45:00+05:30,2614.7,2627.0,2612.3,2626.0,60500
2026-01-07T10:00:00+05:30,2625.1,2639.5,2622.1,2637.9,53361
2026-01-07T10:15:00+05:30,2637.5,2662.0,2633.0,2639.4,127923
2026-01-07T10:30:00+05:30,2638.7,2639.3,2624.8,2630.0,57501
2026-01-07T10:45:00+05:30,2630.0,2636.0,2623.0,2634.0,39495
2026-01-07T11:00:00+05:30,2633.8,2634.0,2626.0,2628.3,30897
2026-01-07T11:15:00+05:30,2627.7,2628.5,2614.0,2617.0,43739
2026-01-07T11:30:00+05:30,2617.3,2618.9,2611.2,2614.5,60061
2026-01-07T11:45:00+05:30,2615.0,2619.6,2612.0,2613.2,18212
2026-01-07T12:00:00+05:30,2613.2,2616.9,2607.7,2613.9,37266
2026-01-07T12:15:00+05:30,2614.0,2621.0,2612.0,2613.7,22763
2026-01-07T12:30:00+05:30,2612.5,2614.2,2608.3,2609.4,17048
2026-01-07T12:45:00+05:30,2609.4,2617.4,2607.0,2617.4,16460
2026-01-07T13:00:00+05:30,2617.0,2618.8,2614.4,2614.5,14884
2026-01-07T13:15:00+05:30,2614.8,2616.0,2612.0,2612.1,10205
2026-01-07T13:30:00+05:30,2612.3,2618.8,2610.7,2618.7,13745
2026-01-07T13:45:00+05:30,2618.7,2619.5,2615.0,2617.0,14619
2026-01-07T14:00:00+05:30,2617.8,2625.9,2617.0,2622.1,31634
2026-01-07T14:15:00+05:30,2622.1,2624.0,2620.2,2622.2,9811
2026-01-07T14:30:00+05:30,2622.9,2636.9,2620.5,2635.5,41857
2026-01-07T14:45:00+05:30,2635.0,2677.4,2629.9,2666.0,213503
2026-01-07T15:00:00+05:30,2666.0,2677.0,2662.0,2674.4,199122
2026-01-07T15:15:00+05:30,2674.5,2679.7,2671.9,2675.0,180890
2026-01-08T09:15:00+05:30,2675.8,2696.0,2661.0,2689.7,197659
2026-01-08T09:30:00+05:30,2689.8,2693.9,2670.1,2687.3,120780
2026-01-08T09:45:00+05:30,2687.0,2708.7,2680.0,2699.5,110129
2026-01-08T10:00:00+05:30,2699.5,2700.6,2682.2,2687.0,64433
2026-01-08T10:15:00+05:30,2687.8,2688.3,2682.0,2687.1,24005
2026-01-08T10:30:00+05:30,2687.1,2689.0,2672.6,2678.3,45762
2026-01-08T10:45:00+05:30,2678.4,2682.9,2660.0,2660.9,55353
2026-01-08T11:00:00+05:30,2660.0,2662.2,2651.0,2653.0,43658
2026-01-08T11:15:00+05:30,2651.9,2655.9,2643.0,2650.5,46203
2026-01-08T11:30:00+05:30,2650.5,2654.9,2644.0,2646.9,27317
2026-01-08T11:45:00+05:30,2646.9,2647.3,2632.0,2633.7,38736
2026-01-08T12:00:00+05:30,2634.7,2641.2,2620.0,2630.1,59821
2026-01-08T12:15:00+05:30,2630.0,2635.3,2626.5,2634.1,28669
2026-01-08T12:30:00+05:30,2634.1,2639.0,2633.0,2634.9,21040
2026-01-08T12:45:00+05:30,2634.2,2642.4,2626.5,2628.8,19656
2026-01-08T13:00:00+05:30,2628.8,2632.9,2627.0,2631.5,18425
2026-01-08T13:15:00+05:30,2631.4,2631.4,2622.2,2623.8,16703
2026-01-08T13:30:00+05:30,2623.7,2624.8,2617.0,2622.3,33497
2026-01-08T13:45:00+05:30,2623.2,2636.1,2622.0,2631.4,29689
2026-01-08T14:00:00+05:30,2632.0,2635.6,2623.0,2624.0,18691
2026-01-08T14:15:00+05:30,2624.0,2635.6,2618.2,2619.0,30685
2026-01-08T14:30:00+05:30,2619.1,2624.4,2607.0,2622.3,66348
2026-01-08T14:45:00+05:30,2623.2,2628.9,2606.7,2623.7,81686
2026-01-08T15:00:00+05:30,2623.9,2625.0,2610.1,2616.1,79763
2026-01-08T15:15:00+05:30,2616.1,2619.0,2603.8,2603.8,141823
2026-01-09T09:15:00+05:30,2587.1,2609.0,2563.0,2564.5,277273
2026-01-09T09:30:00+05:30,2563.0,2568.9,2532.2,2547.9,211284
2026-01-09T09:45:00+05:30,2547.9,2597.8,2540.2,2584.3,220915
2026-01-09T10:00:00+05:30,2583.2,2588.1,2567.0,2567.0,94401
2026-01-09T10:15:00+05:30,2567.1,2590.9,2560.6,2581.3,62527
2026-01-09T10:30:00+05:30,2581.3,2583.4,2556.8,2565.8,64088
2026-01-09T10:45:00+05:30,2565.2,2573.0,2553.0,2557.2,30823
2026-01-09T11:00:00+05:30,2557.1,2559.6,2552.0,2552.5,32205
2026-01-09T11:15:00+05:30,2552.0,2554.8,2545.4,2552.7,39460
2026-01-09T11:30:00+05:30,2552.0,2564.5,2545.0,2545.9,49422
2026-01-09T11:45:00+05:30,2545.8,2547.1,2536.2,2538.3,41340
2026-01-09T12:00:00+05:30,2538.3,2547.9,2535.0,2542.3,39689
2026-01-09T12:15:00+05:30,2542.3,2549.5,2536.0,2536.4,19891
2026-01-09T12:30:00+05:30,2537.0,2543.9,2533.0,2538.0,27354
2026-01-09T12:45:00+05:30,2538.0,2546.0,2536.0,2540.9,39669
2026-01-09T13:00:00+05:30,2541.5,2547.6,2538.0,2544.7,21981
2026-01-09T13:15:00+05:30,2545.0,2551.9,2542.2,2548.9,24185
2026-01-09T13:30:00+05:30,2548.4,2560.9,2542.3,2550.0,49047
2026-01-09T13:45:00+05:30,2550.0,2553.6,2546.2,2550.0,26075
2026-01-09T14:00:00+05:30,2550.5,2554.8,2540.1,2540.1,20734
2026-01-09T14:15:00+05:30,2540.6,2545.0,2532.0,2534.0,50770
2026-01-09T14:30:00+05:30,2534.3,2544.8,2525.0,2543.8,67971
2026-01-09T14:45:00+05:30,2543.8,2563.0,2539.0,2550.0,68007
2026-01-09T15:00:00+05:30,2550.8,2555.7,2541.2,2544.0,65810
2026-01-09T15:15:00+05:30,2544.2,2549.9,2537.7,2546.9,138110
2026-01-12T09:15:00+05:30,2585.0,2674.7,2580.6,2592.9,484768
2026-01-12T09:30:00+05:30,2592.9,2644.9,2592.8,2609.4,293532
2026-01-12T09:45:00+05:30,2609.3,2634.8,2603.0,2613.0,153763
2026-01-12T10:00:00+05:30,2613.0,2614.5,2586.0,2590.0,160270
2026-01-12T10:15:00+05:30,2589.3,2598.2,2580.0,2581.8,86775
2026-01-12T10:30:00+05:30,2581.0,2582.9,2555.6,2558.6,121264
2026-01-12T10:45:00+05:30,2559.2,2569.5,2540.4,2554.0,98982
2026-01-12T11:00:00+05:30,2552.6,2557.3,2547.8,2550.5,38377
2026-01-12T11:15:00+05:30,2550.0,2553.6,2533.3,2538.1,70283
2026-01-12T11:30:00+05:30,2537.1,2541.3,2526.0,2535.7,59347
2026-01-12T11:45:00+05:30,2535.2,2544.1,2512.0,2521.8,92335
2026-01-12T12:00:00+05:30,2522.5,2546.9,2521.7,2543.7,75857
2026-01-12T12:15:00+05:30,2542.7,2554.0,2535.0,2545.8,116350
2026-01-12T12:30:00+05:30,2545.0,2568.0,2544.6,2561.0,97103
2026-01-12T12:45:00+05:30,2560.7,2567.6,2557.5,2560.2,45214
2026-01-12T13:00:00+05:30,2560.2,2574.0,2554.0,2569.2,59335
2026-01-12T13:15:00+05:30,2568.6,2573.9,2563.0,2564.4,31696
2026-01-12T13:30:00+05:30,2565.0,2577.7,2563.7,2570.9,37948
2026-01-12T13:45:00+05:30,2571.3,2576.8,2565.0,2568.7,26919
2026-01-12T14:00:00+05:30,2568.7,2581.2,2567.3,2572.7,36833
2026-01-12T14:15:00+05:30,2572.6,2577.7,2567.3,2573.9,22370
2026-01-12T14:30:00+05:30,2574.0,2574.5,2551.1,2569.9,63653
2026-01-12T14:45:00+05:30,2568.7,2586.8,2566.9,2584.7,67785
2026-01-12T15:00:00+05:30,2585.4,2585.4,2563.7,2569.8,105538
2026-01-12T15:15:00+05:30,2569.0,2592.0,2568.4,2590.0,159445
2026-01-13T09:15:00+05:30,2597.7,2606.4,2577.0,2578.8,155595
2026-01-13T09:30:00+05:30,2578.8,2585.7,2560.0,2566.9,83588
2026-01-13T09:45:00+05:30,2566.0,2582.9,2565.0,2565.0,55861
2026-01-13T10:00:00+05:30,2565.1,2581.8,2562.1,2567.6,29920
2026-01-13T10:15:00+05:30,2568.8,2585.0,2562.1,2583.0,33768
2026-01-13T10:30:00+05:30,2583.4,2584.3,2560.1,2567.0,31588
2026-01-13T10:45:00+05:30,2566.0,2572.2,2561.0,2567.0,19458
2026-01-13T11:00:00+05:30,2566.4,2580.0,2564.0,2575.8,21850
2026-01-13T11:15:00+05:30,2575.5,2587.6,2574.0,2583.3,19991
2026-01-13T11:30:00+05:30,2583.3,2590.9,2578.6,2579.1,21938
2026-01-13T11:45:00+05:30,2578.5,2594.3,2577.0,2581.3,19320
2026-01-13T12:00:00+05:30,2581.3,2581.6,2564.0,2565.1,20033
2026-01-13T12:15:00+05:30,2566.0,2572.7,2563.0,2571.8,15859
2026-01-13T12:30:00+05:30,2570.7,2572.7,2564.1,2570.9,10431
2026-01-13T12:45:00+05:30,2570.9,2574.0,2565.0,2567.1,16391
2026-01-13T13:00:00+05:30,2568.2,2569.9,2560.4,2568.0,18565
2026-01-13T13:15:00+05:30,2568.2,2576.0,2566.2,2571.8,13562
2026-01-13T13:30:00+05:30,2570.5,2577.5,2568.1,2571.0,15592
2026-01-13T13:45:00+05:30,2571.4,2571.5,2551.0,2551.6,53858
2026-01-13T14:00:00+05:30,2552.0,2553.7,2542.4,2547.0,51199
2026-01-13T14:15:00+05:30,2547.6,2550.0,2538.4,2541.5,25707
2026-01-13T14:30:00+05:30,2541.2,2563.0,2541.2,2560.0,38068
2026-01-13T14:45:00+05:30,2559.3,2579.7,2559.1,2578.3,65331
2026-01-13T15:00:00+05:30,2579.6,2611.8,2578.5,2606.6,172617
2026-01-13T15:15:00+05:30,2606.4,2608.0,2595.0,2595.0,91720
2026-01-14T09:15:00+05:30,2598.1,2648.0,2588.4,2632.0,184560
2026-01-14T09:30:00+05:30,2632.1,2640.0,2621.6,2625.0,61990
2026-01-14T09:45:00+05:30,2625.0,2636.4,2615.0,2625.8,42707
2026-01-14T10:00:00+05:30,2626.0,2627.3,2602.1,2602.1,50367
2026-01-14T10:15:00+05:30,2602.1,2607.1,2587.4,2594.2,68592
2026-01-14T10:30:00+05:30,2594.9,2596.8,2586.2,2587.3,27352
2026-01-14T10:45:00+05:30,2587.6,2590.7,2583.3,2589.6,18653
2026-01-14T11:00:00+05:30,2589.6,2593.5,2575.5,2580.5,34076
2026-01-14T11:15:00+05:30,2580.0,2596.9,2578.0,2595.0,23022
2026-01-14T11:30:00+05:30,2595.6,2595.9,2588.3,2589.9,10146
2026-01-14T11:45:00+05:30,2589.5,2598.4,2583.0,2585.9,20171
2026-01-14T12:00:00+05:30,2585.8,2590.7,2582.0,2586.6,16314
2026-01-14T12:15:00+05:30,2586.6,2589.0,2582.0,2582.9,13850
2026-01-14T12:30:00+05:30,2583.0,2591.2,2576.5,2582.2,25591
2026-01-14T12:45:00+05:30,2582.2,2584.9,2577.0,2579.7,17258
2026-01-14T13:00:00+05:30,2579.7,2584.1,2577.0,2581.5,12021
2026-01-14T13:15:00+05:30,2582.6,2583.7,2566.5,2571.0,32739
2026-01-14T13:30:00+05:30,2571.7,2574.5,2563.0,2567.8,23809
2026-01-14T13:45:00+05:30,2567.7,2570.7,2559.0,2564.3,29430
2026-01-14T14:00:00+05:30,2564.3,2565.8,2558.0,2564.1,24570
2026-01-14T14:15:00+05:30,2563.6,2564.4,2550.6,2551.0,33788
2026-01-14T14:30:00+05:30,2551.0,2573.7,2550.0,2571.7,57285
2026-01-14T14:45:00+05:30,2571.3,2581.1,2564.3,2570.1,77521
2026-01-14T15:00:00+05:30,2568.4,2569.2,2555.6,2564.6,70693
2026-01-14T15:15:00+05:30,2564.6,2568.2,2550.1,2558.9,84563
2026-01-16T09:15:00+05:30,2575.0,2593.0,2553.2,2586.9,142086
2026-01-16T09:30:00+05:30,2586.2,2597.4,2573.5,2585.0,64418
2026-01-16T09:45:00+05:30,2586.0,2626.7,2585.5,2624.0,162009
2026-01-16T10:00:00+05:30,2624.0,2624.7,2596.6,2609.0,109442
2026-01-16T10:15:00+05:30,2609.0,2609.4,2596.5,2607.5,46602
2026-01-16T10:30:00+05:30,2607.0,2617.9,2597.2,2598.5,48946
2026-01-16T10:45:00+05:30,2599.0,2609.4,2599.0,2599.3,27677
2026-01-16T11:00:00+05:30,2599.0,2601.2,2585.5,2588.5,34096
2026-01-16T11:15:00+05:30,2589.8,2593.8,2586.5,2590.6,15995
2026-01-16T11:30:00+05:30,2591.0,2594.6,2589.0,2590.9,12087
2026-01-16T11:45:00+05:30,2591.6,2592.0,2582.6,2583.9,15068
2026-01-16T12:00:00+05:30,2583.9,2589.0,2580.1,2581.3,34180
2026-01-16T12:15:00+05:30,2582.5,2582.7,2563.0,2564.0,68267
2026-01-16T12:30:00+05:30,2564.0,2567.6,2560.0,2565.0,26880
2026-01-16T12:45:00+05:30,2564.2,2565.6,2558.0,2558.5,22538
2026-01-16T13:00:00+05:30,2558.7,2559.9,2551.6,2554.8,28535
2026-01-16T13:15:00+05:30,2554.1,2556.1,2546.1,2551.4,37172
2026-01-16T13:30:00+05:30,2552.6,2555.6,2547.0,2550.0,34057
2026-01-16T13:45:00+05:30,2550.0,2554.0,2547.6,2548.8,21139
2026-01-16T14:00:00+05:30,2549.1,2550.9,2546.4,2547.0,15589
2026-01-16T14:15:00+05:30,2547.1,2553.5,2540.5,2551.0,33267
2026-01-16T14:30:00+05:30,2550.9,2562.0,2546.0,2560.7,45465
2026-01-16T14:45:00+05:30,2561.1,2564.5,2554.3,2561.1,47594
2026-01-16T15:00:00+05:30,2562.5,2564.0,2550.1,2553.0,66994
2026-01-16T15:15:00+05:30,2552.7,2553.9,2543.0,2549.0,82120
2026-01-19T09:15:00+05:30,2555.0,2578.6,2522.4,2553.3,230952
2026-01-19T09:30:00+05:30,2553.4,2557.0,2541.6,2544.6,58555
2026-01-19T09:45:00+05:30,2543.7,2592.0,2534.0,2581.0,169623
2026-01-19T10:00:00+05:30,2582.3,2584.8,2554.1,2565.7,69888
2026-01-19T10:15:00+05:30,2566.1,2570.0,2552.0,2557.3,26936
2026-01-19T10:30:00+05:30,2557.7,2560.8,2553.0,2558.6,16972
2026-01-19T10:45:00+05:30,2558.2,2567.8,2557.3,2567.6,16870
2026-01-19T11:00:00+05:30,2566.9,2572.0,2555.1,2555.1,44034
2026-01-19T11:15:00+05:30,2555.1,2556.5,2550.0,2551.9,20147
2026-01-19T11:30:00+05:30,2552.2,2562.0,2552.0,2559.9,9683
2026-01-19T11:45:00+05:30,2559.8,2570.0,2557.0,2564.7,30156
2026-01-19T12:00:00+05:30,2564.7,2565.0,2557.0,2561.1,9384
2026-01-19T12:15:00+05:30,2561.1,2565.0,2555.4,2557.4,10984
2026-01-19T12:30:00+05:30,2556.3,2557.8,2553.0,2556.9,11032
2026-01-19T12:45:00+05:30,2557.5,2558.9,2544.3,2550.2,40540
2026-01-19T13:00:00+05:30,2550.2,2553.3,2546.6,2550.0,11064
2026-01-19T13:15:00+05:30,2550.0,2553.0,2547.9,2549.0,5535
2026-01-19T13:30:00+05:30,2549.0,2554.1,2547.9,2552.0,9478
2026-01-19T13:45:00+05:30,2552.5,2555.8,2549.0,2555.6,16684
2026-01-19T14:00:00+05:30,2555.0,2568.2,2554.9,2559.6,47716
2026-01-19T14:15:00+05:30,2560.5,2570.5,2557.6,2563.4,36433
2026-01-19T14:30:00+05:30,2563.4,2576.3,2563.4,2569.0,89081
2026-01-19T14:45:00+05:30,2569.0,2582.8,2568.0,2575.9,89621
2026-01-19T15:00:00+05:30,2577.2,2577.9,2558.4,2561.2,48650
2026-01-19T15:15:00+05:30,2561.7,2561.8,2553.0,2556.8,103360
2026-01-20T09:15:00+05:30,2602.0,2604.0,2539.0,2539.0,245327
2026-01-20T09:30:00+05:30,2539.7,2569.9,2531.1,2538.9,126437
2026-01-20T09:45:00+05:30,2538.0,2546.8,2531.9,2535.0,75380
2026-01-20T10:00:00+05:30,2535.0,2562.0,2533.4,2559.0,139326
2026-01-20T10:15:00+05:30,2559.0,2574.8,2549.0,2554.0,149400
2026-01-20T10:30:00+05:30,2554.2,2560.5,2545.0,2546.0,38143
2026-01-20T10:45:00+05:30,2546.0,2546.9,2538.0,2543.5,24031
2026-01-20T11:00:00+05:30,2543.5,2545.6,2533.3,2537.7,26446
2026-01-20T11:15:00+05:30,2537.1,2547.9,2534.0,2547.9,20921
2026-01-20T11:30:00+05:30,2547.9,2547.9,2538.3,2541.2,14119
2026-01-20T11:45:00+05:30,2541.2,2545.0,2537.0,2541.3,21013
2026-01-20T12:00:00+05:30,2541.3,2546.0,2534.2,2534.2,25668
2026-01-20T12:15:00+05:30,2535.0,2538.6,2530.0,2534.6,39406
2026-01-20T12:30:00+05:30,2535.5,2542.0,2534.0,2534.7,14847
2026-01-20T12:45:00+05:30,2534.7,2540.6,2533.8,2538.2,11086
2026-01-20T13:00:00+05:30,2537.2,2538.5,2528.0,2530.6,21041
2026-01-20T13:15:00+05:30,2530.6,2534.9,2530.1,2533.4,15052
2026-01-20T13:30:00+05:30,2533.0,2534.5,2512.0,2515.9,56597
2026-01-20T13:45:00+05:30,2515.9,2520.5,2506.0,2508.1,46370
2026-01-20T14:00:00+05:30,2510.1,2516.3,2496.3,2498.1,59546
2026-01-20T14:15:00+05:30,2498.2,2509.0,2497.0,2509.0,67362
2026-01-20T14:30:00+05:30,2509.0,2518.3,2507.3,2517.8,46823
2026-01-20T14:45:00+05:30,2517.0,2524.8,2510.5,2519.5,72954
2026-01-20T15:00:00+05:30,2519.5,2519.5,2506.8,2510.0,102235
2026-01-20T15:15:00+05:30,2510.9,2510.9,2491.1,2505.0,143505
2026-01-21T09:15:00+05:30,2500.0,2523.9,2470.0,2498.0,200357
2026-01-21T09:30:00+05:30,2497.9,2508.0,2481.7,2486.0,77183
2026-01-21T09:45:00+05:30,2486.8,2498.6,2480.0,2480.0,58247
2026-01-21T10:00:00+05:30,2480.0,2489.3,2455.1,2471.2,147711
2026-01-21T10:15:00+05:30,2472.6,2472.7,2445.0,2454.9,89731
2026-01-21T10:30:00+05:30,2456.9,2469.0,2453.1,2459.3,90681
2026-01-21T10:45:00+05:30,2458.2,2459.3,2431.0,2437.0,86813
2026-01-21T11:00:00+05:30,2436.0,2449.0,2433.0,2445.8,61820
2026-01-21T11:15:00+05:30,2446.0,2450.0,2441.5,2442.2,23904
2026-01-21T11:30:00+05:30,2443.1,2443.1,2403.1,2420.0,163282
2026-01-21T11:45:00+05:30,2419.7,2423.7,2403.0,2412.1,73111
2026-01-21T12:00:00+05:30,2413.0,2448.0,2412.1,2448.0,93359
2026-01-21T12:15:00+05:30,2447.1,2448.5,2429.3,2430.0,40404
2026-01-21T12:30:00+05:30,2429.4,2444.7,2427.6,2439.9,23384
2026-01-21T12:45:00+05:30,2439.8,2455.0,2438.3,2449.0,31168
2026-01-21T13:00:00+05:30,2448.8,2458.0,2445.3,2446.9,34315
2026-01-21T13:15:00+05:30,2446.7,2456.2,2440.6,2443.6,28948
2026-01-21T13:30:00+05:30,2443.5,2446.6,2421.0,2428.6,47085
2026-01-21T13:45:00+05:30,2430.2,2432.1,2418.0,2424.6,41133
2026-01-21T14:00:00+05:30,2423.8,2435.0,2420.1,2425.0,22819
2026-01-21T14:15:00+05:30,2425.0,2433.4,2416.0,2418.7,31644
2026-01-21T14:30:00+05:30,2418.6,2440.9,2417.0,2440.0,39383
2026-01-21T14:45:00+05:30,2440.0,2440.3,2422.2,2424.7,34690
2026-01-21T15:00:00+05:30,2424.1,2426.7,2410.6,2412.0,60247
2026-01-21T15:15:00+05:30,2412.1,2436.7,2406.9,2435.7,158140
2026-01-22T09:15:00+05:30,2565.0,2660.9,2560.0,2651.7,2482734
2026-01-22T09:30:00+05:30,2653.7,2740.0,2647.0,2690.0,1678352
2026-01-22T09:45:00+05:30,2691.0,2705.0,2650.0,2659.0,803116
2026-01-22T10:00:00+05:30,2659.0,2665.5,2640.0,2652.2,467854
2026-01-22T10:15:00+05:30,2651.5,2664.4,2615.1,2639.4,611565
2026-01-22T10:30:00+05:30,2639.9,2641.4,2600.1,2602.5,329711
2026-01-22T10:45:00+05:30,2604.1,2610.0,2584.1,2595.5,440705
2026-01-22T11:00:00+05:30,2595.5,2605.0,2588.0,2592.5,166237
2026-01-22T11:15:00+05:30,2592.1,2609.4,2591.0,2600.3,155091
2026-01-22T11:30:00+05:30,2601.5,2616.0,2598.0,2605.0,147245
2026-01-22T11:45:00+05:30,2605.0,2608.3,2596.0,2598.7,87054
2026-01-22T12:00:00+05:30,2598.4,2627.0,2592.1,2621.9,207176
2026-01-22T12:15:00+05:30,2621.9,2621.9,2601.1,2607.7,130767
2026-01-22T12:30:00+05:30,2607.7,2615.0,2602.2,2612.4,75427
2026-01-22T12:45:00+05:30,2613.6,2617.0,2598.0,2604.9,87743
2026-01-22T13:00:00+05:30,2604.9,2611.0,2597.2,2601.2,55153
2026-01-22T13:15:00+05:30,2600.0,2607.0,2572.1,2576.9,181618
2026-01-22T13:30:00+05:30,2576.0,2602.4,2575.0,2595.8,157035
2026-01-22T13:45:00+05:30,2595.0,2610.0,2589.4,2600.9,139977
2026-01-22T14:00:00+05:30,2600.1,2618.5,2595.3,2610.0,158768
2026-01-22T14:15:00+05:30,2610.9,2643.5,2610.0,2636.5,217683
2026-01-22T14:30:00+05:30,2637.8,2647.0,2628.3,2643.0,258652
2026-01-22T14:45:00+05:30,2642.9,2653.0,2635.1,2643.5,292895
2026-01-22T15:00:00+05:30,2643.0,2643.8,2632.1,2636.0,178717
2026-01-22T15:15:00+05:30,2636.1,2661.3,2626.2,2652.8,391980
2026-01-23T09:15:00+05:30,2650.0,2693.0,2586.0,2685.8,621948
2026-01-23T09:30:00+05:30,2685.6,2687.9,2623.0,2632.2,349176
2026-01-23T09:45:00+05:30,2632.2,2636.9,2614.0,2617.0,126350
2026-01-23T10:00:00+05:30,2616.6,2617.0,2600.7,2611.8,120608
2026-01-23T10:15:00+05:30,2611.8,2611.8,2598.0,2602.5,94620
2026-01-23T10:30:00+05:30,2601.8,2609.0,2587.0,2607.3,132944
2026-01-23T10:45:00+05:30,2607.2,2627.0,2594.6,2622.9,118044
2026-01-23T11:00:00+05:30,2622.2,2622.9,2601.8,2605.1,79663
2026-01-23T11:15:00+05:30,2605.1,2611.0,2598.0,2608.1,44351
2026-01-23T11:30:00+05:30,2608.3,2612.8,2602.1,2605.2,21696
2026-01-23T11:45:00+05:30,2606.0,2613.9,2605.0,2607.6,17001
2026-01-23T12:00:00+05:30,2607.6,2608.0,2601.3,2604.0,12379
2026-01-23T12:15:00+05:30,2602.7,2610.0,2602.2,2607.7,15676
2026-01-23T12:30:00+05:30,2607.3,2619.2,2606.2,2617.3,41606
2026-01-23T12:45:00+05:30,2617.2,2618.9,2606.2,2606.5,22856
2026-01-23T13:00:00+05:30,2606.9,2610.0,2605.0,2608.9,19491
2026-01-23T13:15:00+05:30,2607.8,2616.9,2603.0,2606.6,44881
2026-01-23T13:30:00+05:30,2607.0,2607.0,2595.0,2597.2,52631
2026-01-23T13:45:00+05:30,2597.9,2608.8,2597.0,2601.3,29706
2026-01-23T14:00:00+05:30,2601.3,2613.9,2597.0,2609.0,43866
2026-01-23T14:15:00+05:30,2609.0,2613.0,2598.0,2605.8,31249
2026-01-23T14:30:00+05:30,2605.5,2613.6,2600.0,2600.7,70198
2026-01-23T14:45:00+05:30,2601.1,2609.0,2599.0,2603.7,49840
2026-01-23T15:00:00+05:30,2603.1,2608.8,2596.0,2600.0,136245
2026-01-23T15:15:00+05:30,2600.5,2601.9,2590.0,2600.0,163587
2026-01-27T09:15:00+05:30,2619.0,2630.9,2541.6,2612.3,318334
2026-01-27T09:30:00+05:30,2612.2,2649.4,2600.0,2637.0,248232
2026-01-27T09:45:00+05:30,2637.7,2643.0,2623.5,2633.3,78999
2026-01-27T10:00:00+05:30,2633.9,2645.8,2627.3,2634.5,72410
2026-01-27T10:15:00+05:30,2635.0,2644.0,2630.4,2640.1,43917
2026-01-27T10:30:00+05:30,2639.0,2649.0,2628.6,2630.1,92633
2026-01-27T10:45:00+05:30,2630.1,2641.0,2624.5,2627.8,54115
2026-01-27T11:00:00+05:30,2627.5,2644.5,2627.3,2637.6,35590
2026-01-27T11:15:00+05:30,2637.8,2644.2,2635.9,2638.0,21098
2026-01-27T11:30:00+05:30,2637.9,2656.2,2637.4,2655.3,54329
2026-01-27T11:45:00+05:30,2655.8,2656.0,2643.0,2648.2,28763
2026-01-27T12:00:00+05:30,2649.4,2651.8,2647.0,2648.1,15160
2026-01-27T12:15:00+05:30,2648.1,2655.5,2646.0,2652.3,26627
2026-01-27T12:30:00+05:30,2653.2,2659.9,2650.1,2656.3,36324
2026-01-27T12:45:00+05:30,2655.1,2664.0,2652.2,2663.2,31639
2026-01-27T13:00:00+05:30,2663.2,2667.5,2649.4,2659.9,64085
2026-01-27T13:15:00+05:30,2659.1,2665.5,2656.4,2665.0,43291
2026-01-27T13:30:00+05:30,2665.5,2665.9,2655.0,2656.0,30484
2026-01-27T13:45:00+05:30,2655.9,2670.2,2655.5,2663.7,47466
2026-01-27T14:00:00+05:30,2664.9,2668.0,2657.0,2667.9,34446
2026-01-27T14:15:00+05:30,2667.6,2673.0,2661.0,2671.7,46446
2026-01-27T14:30:00+05:30,2671.7,2687.0,2670.0,2681.1,118188
2026-01-27T14:45:00+05:30,2682.2,2694.0,2680.0,2691.3,106157
2026-01-27T15:00:00+05:30,2692.0,2698.0,2682.5,2693.6,156379
2026-01-27T15:15:00+05:30,2693.6,2705.0,2690.5,2701.4,208115
2026-01-28T09:15:00+05:30,2700.0,2774.8,2700.0,2744.3,315469
2026-01-28T09:30:00+05:30,2743.5,2751.3,2727.6,2737.2,115149
2026-01-28T09:45:00+05:30,2737.1,2745.3,2725.6,2735.4,50626
2026-01-28T10:00:00+05:30,2735.5,2745.0,2728.1,2734.4,44078
2026-01-28T10:15:00+05:30,2734.5,2740.0,2728.0,2734.8,33467
2026-01-28T10:30:00+05:30,2734.6,2736.8,2721.5,2725.0,33046
2026-01-28T10:45:00+05:30,2725.0,2732.0,2718.0,2730.1,34774
2026-01-28T11:00:00+05:30,2731.0,2735.0,2724.4,2733.3,19300
2026-01-28T11:15:00+05:30,2733.3,2735.8,2725.4,2728.1,24623
2026-01-28T11:30:00+05:30,2727.9,2729.6,2724.2,2726.4,14028
2026-01-28T11:45:00+05:30,2725.5,2739.0,2725.4,2730.5,27534
2026-01-28T12:00:00+05:30,2730.9,2737.5,2730.5,2737.5,16148
2026-01-28T12:15:00+05:30,2737.0,2742.0,2735.4,2738.9,20979
2026-01-28T12:30:00+05:30,2737.9,2743.9,2737.0,2738.5,12854
2026-01-28T12:45:00+05:30,2738.5,2738.5,2730.7,2732.0,7982
2026-01-28T13:00:00+05:30,2731.9,2740.5,2729.0,2732.5,21574
2026-01-28T13:15:00+05:30,2733.1,2738.4,2726.0,2728.5,15861
2026-01-28T13:30:00+05:30,2728.2,2734.1,2720.1,2726.6,24096
2026-01-28T13:45:00+05:30,2726.6,2733.9,2723.5,2732.7,12943
2026-01-28T14:00:00+05:30,2733.0,2741.4,2730.5,2734.5,17072
2026-01-28T14:15:00+05:30,2734.5,2739.0,2732.7,2736.5,10540
2026-01-28T14:30:00+05:30,2737.5,2747.0,2736.2,2746.0,29104
2026-01-28T14:45:00+05:30,2746.2,2756.0,2746.0,2750.9,63615
2026-01-28T15:00:00+05:30,2751.5,2755.0,2737.9,2749.0,60979
2026-01-28T15:15:00+05:30,2748.8,2755.0,2744.7,2749.0,106216
2026-01-29T09:15:00+05:30,2755.0,2779.9,2728.0,2756.4,196139
2026-01-29T09:30:00+05:30,2756.5,2757.1,2733.3,2738.3,56412
2026-01-29T09:45:00+05:30,2738.3,2740.0,2727.0,2730.0,51768
2026-01-29T10:00:00+05:30,2730.0,2738.9,2725.0,2732.5,45674
2026-01-29T10:15:00+05:30,2732.4,2736.1,2723.9,2728.3,29241
2026-01-29T10:30:00+05:30,2729.8,2740.5,2722.2,2735.0,30014
2026-01-29T10:45:00+05:30,2736.0,2744.9,2730.0,2738.8,32400
2026-01-29T11:00:00+05:30,2738.5,2743.0,2732.0,2737.9,18834
2026-01-29T11:15:00+05:30,2737.9,2745.7,2737.2,2741.8,20903
2026-01-29T11:30:00+05:30,2741.5,2754.1,2741.4,2748.3,42263
2026-01-29T11:45:00+05:30,2748.4,2756.9,2742.6,2742.9,25888
2026-01-29T12:00:00+05:30,2742.9,2744.0,2738.1,2741.0,10474
2026-01-29T12:15:00+05:30,2740.1,2742.0,2735.0,2736.1,17844
2026-01-29T12:30:00+05:30,2736.1,2747.0,2735.2,2739.9,15315
2026-01-29T12:45:00+05:30,2739.1,2758.1,2739.1,2752.6,38948
2026-01-29T13:00:00+05:30,2753.3,2767.5,2750.4,2759.0,44281
2026-01-29T13:15:00+05:30,2759.1,2761.9,2754.6,2759.0,21962
2026-01-29T13:30:00+05:30,2758.9,2765.5,2758.9,2762.1,21366
2026-01-29T13:45:00+05:30,2762.1,2774.0,2761.2,2769.0,33523
2026-01-29T14:00:00+05:30,2769.0,2772.9,2759.0,2762.0,28407
2026-01-29T14:15:00+05:30,2761.9,2768.3,2760.0,2764.8,15031
2026-01-29T14:30:00+05:30,2764.9,2769.1,2747.2,2757.9,30760
2026-01-29T14:45:00+05:30,2757.2,2759.7,2750.5,2751.2,30439
2026-01-29T15:00:00+05:30,2751.1,2754.1,2741.3,2746.1,55005
2026-01-29T15:15:00+05:30,2746.1,2753.0,2745.1,2750.0,59034
2026-01-30T09:15:00+05:30,2727.0,2740.0,2700.0,2727.4,91873
2026-01-30T09:30:00+05:30,2728.0,2754.0,2726.0,2752.7,44751
2026-01-30T09:45:00+05:30,2753.7,2775.0,2750.7,2774.0,74544
2026-01-30T10:00:00+05:30,2774.0,2782.0,2762.8,2781.2,49579
2026-01-30T10:15:00+05:30,2782.0,2788.0,2774.4,2775.5,44927
2026-01-30T10:30:00+05:30,2776.9,2795.0,2775.8,2785.8,49385
2026-01-30T10:45:00+05:30,2786.0,2797.0,2772.4,2796.0,40930
2026-01-30T11:00:00+05:30,2796.0,2798.7,2784.2,2785.4,30926
2026-01-30T11:15:00+05:30,2785.4,2799.9,2785.0,2788.6,26289
2026-01-30T11:30:00+05:30,2789.1,2794.0,2787.1,2789.8,20565
2026-01-30T11:45:00+05:30,2789.0,2794.0,2781.0,2789.9,21098
2026-01-30T12:00:00+05:30,2789.2,2790.0,2775.6,2778.8,23296
2026-01-30T12:15:00+05:30,2778.8,2782.0,2770.7,2773.3,15315
2026-01-30T12:30:00+05:30,2772.1,2778.7,2771.4,2774.0,9397
2026-01-30T12:45:00+05:30,2775.0,2789.0,2773.2,2786.7,14088
2026-01-30T13:00:00+05:30,2788.0,2788.1,2768.2,2772.0,27919
2026-01-30T13:15:00+05:30,2772.0,2778.8,2764.1,2776.9,27167
2026-01-30T13:30:00+05:30,2776.9,2788.0,2776.9,2787.0,15151
2026-01-30T13:45:00+05:30,2787.7,2787.8,2780.0,2784.6,17188
2026-01-30T14:00:00+05:30,2783.0,2784.7,2775.0,2777.0,18277
2026-01-30T14:15:00+05:30,2778.0,2782.2,2766.1,2771.1,28405
2026-01-30T14:30:00+05:30,2771.1,2776.7,2768.0,2770.6,19729
2026-01-30T14:45:00+05:30,2770.6,2778.0,2768.1,2776.8,16268
2026-01-30T15:00:00+05:30,2777.0,2790.0,2773.2,2787.0,81710
2026-01-30T15:15:00+05:30,2785.9,2794.5,2785.8,2792.0,132110
2026-02-01T09:15:00+05:30,2800.0,2849.3,2795.8,2827.1,102087
2026-02-01T09:30:00+05:30,2827.1,2827.1,2810.1,2823.3,42756
2026-02-01T09:45:00+05:30,2823.5,2833.9,2808.0,2823.1,42071
2026-02-01T10:00:00+05:30,2823.3,2826.1,2820.2,2822.9,12613
2026-02-01T10:15:00+05:30,2822.0,2836.9,2822.0,2829.5,18172
2026-02-01T10:30:00+05:30,2829.8,2833.0,2824.1,2831.3,19359
2026-02-01T10:45:00+05:30,2831.3,2832.0,2826.3,2828.0,11399
2026-02-01T11:00:00+05:30,2827.0,2832.0,2813.2,2813.5,18792
2026-02-01T11:15:00+05:30,2813.5,2816.3,2775.9,2792.0,70215
2026-02-01T11:30:00+05:30,2791.8,2806.9,2783.0,2783.0,22163
2026-02-01T11:45:00+05:30,2783.0,2790.9,2779.0,2780.0,21120
2026-02-01T12:00:00+05:30,2780.0,2780.0,2750.0,2754.3,53327
2026-02-01T12:15:00+05:30,2755.9,2755.9,2650.1,2652.2,103233
2026-02-01T12:30:00+05:30,2652.1,2715.0,2546.9,2714.7,188389
2026-02-01T12:45:00+05:30,2714.7,2719.9,2685.6,2715.7,49795
2026-02-01T13:00:00+05:30,2715.4,2719.9,2711.3,2717.0,20297
2026-02-01T13:15:00+05:30,2717.4,2724.6,2712.6,2712.6,19967
2026-02-01T13:30:00+05:30,2712.6,2713.9,2706.1,2711.1,19073
2026-02-01T13:45:00+05:30,2711.5,2713.5,2689.0,2700.2,15770
2026-02-01T14:00:00+05:30,2700.5,2704.0,2698.8,2701.6,10264
2026-02-01T14:15:00+05:30,2700.0,2704.6,2696.9,2703.0,14293
2026-02-01T14:30:00+05:30,2702.9,2715.0,2700.0,2712.2,16193
2026-02-01T14:45:00+05:30,2712.0,2712.2,2650.0,2650.0,51324
2026-02-01T15:00:00+05:30,2650.9,2679.0,2644.1,2646.7,50187
2026-02-01T15:15:00+05:30,2646.6,2646.6,2625.0,2639.5,72006
2026-02-02T09:15:00+05:30,2635.0,2707.5,2629.1,2697.5,133196
2026-02-02T09:30:00+05:30,2697.9,2714.0,2690.0,2692.0,84987
2026-02-02T09:45:00+05:30,2692.0,2721.9,2691.0,2707.5,78581
2026-02-02T10:00:00+05:30,2709.0,2711.5,2696.9,2710.1,32838
2026-02-02T10:15:00+05:30,2708.9,2717.4,2703.3,2715.5,29523
2026-02-02T10:30:00+05:30,2715.8,2727.9,2713.0,2718.0,44199
2026-02-02T10:45:00+05:30,2717.5,2719.0,2700.5,2702.0,40077
2026-02-02T11:00:00+05:30,2702.0,2704.6,2686.2,2688.5,46238
2026-02-02T11:15:00+05:30,2688.0,2707.3,2685.0,2706.9,25785
2026-02-02T11:30:00+05:30,2706.9,2736.2,2706.9,2730.0,72829
2026-02-02T11:45:00+05:30,2730.3,2740.0,2726.6,2737.5,51216
2026-02-02T12:00:00+05:30,2736.0,2749.9,2730.0,2749.3,75821
2026-02-02T12:15:00+05:30,2749.3,2754.0,2740.2,2753.4,66508
2026-02-02T12:30:00+05:30,2754.0,2754.0,2741.1,2745.6,35572
2026-02-02T12:45:00+05:30,2744.5,2757.6,2743.1,2757.6,47638
2026-02-02T13:00:00+05:30,2756.4,2765.0,2753.1,2760.6,73250
2026-02-02T13:15:00+05:30,2760.6,2765.0,2751.5,2759.5,50128
2026-02-02T13:30:00+05:30,2759.7,2760.0,2738.8,2757.5,54732
2026-02-02T13:45:00+05:30,2757.5,2760.0,2753.6,2757.2,18919
2026-02-02T14:00:00+05:30,2755.7,2762.9,2750.2,2759.0,33193
2026-02-02T14:15:00+05:30,2759.2,2772.9,2754.7,2770.5,38673
2026-02-02T14:30:00+05:30,2771.0,2774.0,2765.0,2772.0,56440
2026-02-02T14:45:00+05:30,2771.9,2784.5,2770.0,2784.2,93687
2026-02-02T15:00:00+05:30,2784.2,2795.9,2782.0,2794.5,91681
2026-02-02T15:15:00+05:30,2794.1,2807.0,2789.3,2805.0,132936
2026-02-03T09:15:00+05:30,3068.0,3074.6,3017.3,3071.7,1300866
2026-02-03T09:30:00+05:30,3070.8,3124.6,3061.0,3078.1,1102090
2026-02-03T09:45:00+05:30,3078.3,3119.0,3066.0,3103.9,461908
2026-02-03T10:00:00+05:30,3103.8,3115.0,3062.4,3104.0,569053
2026-02-03T10:15:00+05:30,3103.6,3120.0,3092.0,3112.9,308898
2026-02-03T10:30:00+05:30,3112.9,3137.0,3109.6,3122.1,503771
2026-02-03T10:45:00+05:30,3122.1,3137.0,3100.2,3134.0,310578
2026-02-03T11:00:00+05:30,3134.1,3150.0,3134.0,3146.2,413978
2026-02-03T11:15:00+05:30,3146.6,3160.0,3140.1,3159.7,300759
2026-02-03T11:30:00+05:30,3159.7,3195.0,3155.1,3185.1,431821
2026-02-03T11:45:00+05:30,3183.9,3194.9,3162.4,3167.3,298239
2026-02-03T12:00:00+05:30,3167.9,3179.0,3147.7,3167.0,279474
2026-02-03T12:15:00+05:30,3167.7,3181.5,3165.0,3168.8,154896
2026-02-03T12:30:00+05:30,3168.8,3168.9,3142.9,3148.4,155132
2026-02-03T12:45:00+05:30,3148.3,3153.0,3141.7,3149.5,93766
2026-02-03T13:00:00+05:30,3149.5,3165.0,3132.0,3139.2,182054
2026-02-03T13:15:00+05:30,3139.2,3157.0,3128.0,3141.8,155811
2026-02-03T13:30:00+05:30,3141.8,3145.0,3111.0,3124.9,227878
2026-02-03T13:45:00+05:30,3125.0,3139.2,3121.3,3133.0,114472
2026-02-03T14:00:00+05:30,3132.5,3138.5,3111.0,3115.0,104201
2026-02-03T14:15:00+05:30,3115.0,3128.7,3102.1,3122.1,204694
2026-02-03T14:30:00+05:30,3122.6,3122.6,3107.0,3110.0,101226
2026-02-03T14:45:00+05:30,3110.0,3120.0,3105.0,3112.8,117387
2026-02-03T15:00:00+05:30,3113.9,3114.5,3090.0,3093.9,351948
2026-02-03T15:15:00+05:30,3093.9,3115.0,3092.4,3110.0,289940
2026-02-04T09:15:00+05:30,3090.0,3102.0,3006.6,3015.4,346038
2026-02-04T09:30:00+05:30,3016.5,3090.0,3006.2,3078.3,246155
2026-02-04T09:45:00+05:30,3079.0,3092.9,3061.5,3077.0,168501
2026-02-04T10:00:00+05:30,3077.0,3089.4,3066.2,3072.0,80134
2026-02-04T10:15:00+05:30,3072.3,3080.7,3055.0,3059.6,83950
2026-02-04T10:30:00+05:30,3059.6,3069.9,3051.0,3064.9,57873
2026-02-04T10:45:00+05:30,3064.7,3075.0,3060.2,3066.6,27544
2026-02-04T11:00:00+05:30,3066.6,3128.0,3064.1,3119.9,138908
2026-02-04T11:15:00+05:30,3118.7,3138.8,3110.2,3123.3,255406
2026-02-04T11:30:00+05:30,3123.2,3134.0,3106.0,3116.8,122957
2026-02-04T11:45:00+05:30,3118.0,3120.0,3085.5,3095.1,95245
2026-02-04T12:00:00+05:30,3093.7,3118.2,3093.3,3104.0,52182
2026-02-04T12:15:00+05:30,3105.0,3115.0,3104.6,3115.0,38371
2026-02-04T12:30:00+05:30,3114.9,3114.9,3091.5,3100.0,60617
2026-02-04T12:45:00+05:30,3099.9,3107.2,3096.2,3099.4,24824
2026-02-04T13:00:00+05:30,3099.0,3110.0,3090.3,3104.7,30501
2026-02-04T13:15:00+05:30,3104.4,3111.0,3101.0,3107.9,28912
2026-02-04T13:30:00+05:30,3107.9,3107.9,3100.5,3100.9,10439
2026-02-04T13:45:00+05:30,3100.9,3107.0,3094.0,3104.0,26038
2026-02-04T14:00:00+05:30,3104.1,3104.1,3082.2,3090.0,40062
2026-02-04T14:15:00+05:30,3090.0,3100.0,3082.3,3099.0,28563
2026-02-04T14:30:00+05:30,3098.1,3106.8,3094.0,3106.0,47286
2026-02-04T14:45:00+05:30,3105.3,3116.4,3098.0,3112.6,99482
2026-02-04T15:00:00+05:30,3114.1,3116.9,3107.1,3114.9,119397
2026-02-04T15:15:00+05:30,3114.4,3116.7,3076.2,3080.0,160233
2026-02-05T09:15:00+05:30,3090.0,3128.8,3077.1,3086.1,166967
2026-02-05T09:30:00+05:30,3086.3,3097.2,3075.0,3075.0,76538
2026-02-05T09:45:00+05:30,3075.6,3088.8,3070.0,3088.1,52549
2026-02-05T10:00:00+05:30,3088.7,3099.0,3077.0,3096.6,31716
2026-02-05T10:15:00+05:30,3096.6,3098.5,3073.0,3076.7,39676
2026-02-05T10:30:00+05:30,3076.6,3078.1,3066.0,3076.1,27015
2026-02-05T10:45:00+05:30,3076.5,3078.3,3060.0,3064.0,40524
2026-02-05T11:00:00+05:30,3064.9,3080.0,3062.0,3079.9,18978
2026-02-05T11:15:00+05:30,3079.9,3080.0,3062.1,3069.0,21464
2026-02-05T11:30:00+05:30,3069.0,3069.1,3055.0,3063.0,18907
2026-02-05T11:45:00+05:30,3063.0,3065.0,3055.5,3062.5,13767
2026-02-05T12:00:00+05:30,3062.5,3068.5,3056.1,3057.6,13711
2026-02-05T12:15:00+05:30,3057.6,3063.2,3051.2,3058.1,20782
2026-02-05T12:30:00+05:30,3058.0,3069.0,3056.6,3065.6,10876
2026-02-05T12:45:00+05:30,3065.6,3077.0,3065.4,3072.0,13400
2026-02-05T13:00:00+05:30,3072.2,3072.9,3069.1,3070.0,7230
2026-02-05T13:15:00+05:30,3071.1,3082.1,3066.3,3068.0,13129
2026-02-05T13:30:00+05:30,3067.7,3072.0,3065.9,3067.9,7369
2026-02-05T13:45:00+05:30,3068.4,3069.0,3056.0,3060.0,14858
2026-02-05T14:00:00+05:30,3060.0,3060.0,3050.0,3059.1,24170
2026-02-05T14:15:00+05:30,3059.9,3061.9,3053.1,3059.5,11234
2026-02-05T14:30:00+05:30,3059.2,3073.9,3053.2,3068.0,50230
2026-02-05T14:45:00+05:30,3069.2,3074.9,3064.2,3069.7,59160
2026-02-05T15:00:00+05:30,3071.0,3074.5,3065.0,3068.3,60055
2026-02-05T15:15:00+05:30,3069.0,3080.0,3067.4,3080.0,98983
2026-02-06T09:15:00+05:30,3066.0,3107.5,3062.0,3099.7,178231
2026-02-06T09:30:00+05:30,3101.1,3112.0,3062.6,3066.3,103604
2026-02-06T09:45:00+05:30,3067.2,3082.0,3055.0,3062.4,45398
2026-02-06T10:00:00+05:30,3063.6,3064.9,3052.1,3057.0,26369
2026-02-06T10:15:00+05:30,3056.0,3069.9,3050.0,3051.4,28822
2026-02-06T10:30:00+05:30,3052.6,3059.8,3050.0,3057.3,21849
2026-02-06T10:45:00+05:30,3056.7,3059.5,3050.0,3052.6,11574
2026-02-06T11:00:00+05:30,3054.2,3074.0,3053.0,3074.0,18822
2026-02-06T11:15:00+05:30,3074.0,3079.0,3065.6,3074.6,24700
2026-02-06T11:30:00+05:30,3075.5,3084.8,3074.5,3077.1,27343
2026-02-06T11:45:00+05:30,3077.1,3084.0,3073.6,3074.9,14924
2026-02-06T12:00:00+05:30,3075.0,3078.9,3050.5,3061.7,37503
2026-02-06T12:15:00+05:30,3061.2,3064.6,3052.0,3055.0,10869
2026-02-06T12:30:00+05:30,3055.0,3058.5,3042.6,3048.9,22909
2026-02-06T12:45:00+05:30,3048.4,3054.7,3043.1,3052.7,15521
2026-02-06T13:00:00+05:30,3051.5,3057.0,3049.0,3057.0,11257
2026-02-06T13:15:00+05:30,3056.4,3057.0,3050.0,3052.3,7352
2026-02-06T13:30:00+05:30,3052.2,3055.0,3046.6,3049.8,13602
2026-02-06T13:45:00+05:30,3050.9,3055.0,3046.0,3050.0,14089
2026-02-06T14:00:00+05:30,3049.6,3056.9,3047.9,3050.6,9710
2026-02-06T14:15:00+05:30,3051.7,3062.9,3050.2,3058.0,20582
2026-02-06T14:30:00+05:30,3057.2,3085.0,3053.6,3077.4,58149
2026-02-06T14:45:00+05:30,3077.4,3089.0,3074.6,3084.3,64344
2026-02-06T15:00:00+05:30,3084.8,3096.0,3081.0,3093.9,69100
2026-02-06T15:15:00+05:30,3093.7,3094.3,3071.1,3079.9,89926
2026-02-09T09:15:00+05:30,3107.1,3124.0,3102.3,3115.0,124563
2026-02-09T09:30:00+05:30,3115.0,3120.0,3101.1,3103.0,47944
2026-02-09T09:45:00+05:30,3103.0,3111.4,3095.0,3106.7,35279
2026-02-09T10:00:00+05:30,3107.8,3108.9,3102.0,3103.6,14642
2026-02-09T10:15:00+05:30,3103.6,3117.0,3102.4,3110.5,26741
2026-02-09T10:30:00+05:30,3110.5,3120.0,3106.9,3114.7,33569
2026-02-09T10:45:00+05:30,3114.9,3123.0,3110.0,3112.9,26562
2026-02-09T11:00:00+05:30,3112.9,3115.0,3102.1,3105.6,13567
2026-02-09T11:15:00+05:30,3106.1,3113.9,3104.5,3105.4,11930
2026-02-09T11:30:00+05:30,3105.4,3112.0,3102.0,3111.0,8758
2026-02-09T11:45:00+05:30,3111.0,3113.6,3105.0,3107.0,13485
2026-02-09T12:00:00+05:30,3107.0,3120.0,3106.2,3110.3,16497
2026-02-09T12:15:00+05:30,3110.5,3113.0,3108.6,3110.1,9503
2026-02-09T12:30:00+05:30,3109.7,3110.1,3102.0,3105.0,13301
2026-02-09T12:45:00+05:30,3105.0,3106.8,3096.0,3104.0,12889
2026-02-09T13:00:00+05:30,3104.0,3108.0,3102.7,3103.2,6865
2026-02-09T13:15:00+05:30,3104.0,3107.4,3102.1,3102.4,6962
2026-02-09T13:30:00+05:30,3102.2,3111.5,3102.0,3110.0,14318
2026-02-09T13:45:00+05:30,3110.0,3119.2,3103.2,3107.0,34572
2026-02-09T14:00:00+05:30,3107.0,3116.9,3106.8,3112.2,13598
2026-02-09T14:15:00+05:30,3110.3,3115.0,3110.3,3114.9,12031
2026-02-09T14:30:00+05:30,3114.7,3130.0,3113.7,3125.0,81422
2026-02-09T14:45:00+05:30,3124.9,3129.0,3120.6,3124.4,49885
2026-02-09T15:00:00+05:30,3124.0,3128.0,3119.0,3122.5,80139
2026-02-09T15:15:00+05:30,3122.5,3125.0,3112.1,3119.7,76355
2026-02-10T09:15:00+05:30,3122.2,3155.0,3116.8,3144.9,143941
2026-02-10T09:30:00+05:30,3145.0,3148.4,3132.2,3137.6,37358
2026-02-10T09:45:00+05:30,3137.6,3162.0,3133.8,3160.6,58197
2026-02-10T10:00:00+05:30,3160.7,3170.0,3152.5,3163.7,96763
2026-02-10T10:15:00+05:30,3162.2,3179.5,3162.0,3177.0,88200
2026-02-10T10:30:00+05:30,3177.1,3182.0,3163.8,3165.1,64837
2026-02-10T10:45:00+05:30,3165.1,3180.0,3160.9,3178.8,39120
2026-02-10T11:00:00+05:30,3179.9,3184.9,3150.2,3155.6,64856
2026-02-10T11:15:00+05:30,3155.1,3165.6,3151.0,3157.4,28229
2026-02-10T11:30:00+05:30,3158.0,3167.0,3157.2,3165.0,14537
2026-02-10T11:45:00+05:30,3165.0,3170.5,3163.6,3170.0,18135
2026-02-10T12:00:00+05:30,3170.0,3172.0,3161.6,3168.4,11195
2026-02-10T12:15:00+05:30,3168.6,3172.9,3158.4,3164.0,13884
2026-02-10T12:30:00+05:30,3164.0,3166.0,3160.0,3161.3,9041
2026-02-10T12:45:00+05:30,3161.3,3167.0,3160.7,3161.5,7664
2026-02-10T13:00:00+05:30,3161.5,3167.9,3160.6,3164.4,8351
2026-02-10T13:15:00+05:30,3163.9,3165.6,3141.1,3146.4,30104
2026-02-10T13:30:00+05:30,3146.4,3146.8,3140.2,3144.0,22512
2026-02-10T13:45:00+05:30,3144.0,3147.0,3139.0,3139.1,13289
2026-02-10T14:00:00+05:30,3140.0,3141.6,3133.0,3138.1,19230
2026-02-10T14:15:00+05:30,3139.3,3149.9,3137.4,3145.4,14120
2026-02-10T14:30:00+05:30,3146.0,3170.0,3142.3,3166.5,60180
2026-02-10T14:45:00+05:30,3166.9,3175.7,3164.4,3172.0,67388
2026-02-10T15:00:00+05:30,3172.4,3174.0,3160.1,3165.0,67793
2026-02-10T15:15:00+05:30,3164.3,3166.0,3151.1,3157.0,72667
2026-02-11T09:15:00+05:30,3166.0,3214.0,3157.1,3195.0,186859
2026-02-11T09:30:00+05:30,3195.0,3212.4,3145.0,3156.4,123709
2026-02-11T09:45:00+05:30,3157.9,3182.0,3148.0,3172.9,62901
2026-02-11T10:00:00+05:30,3171.1,3179.9,3165.5,3173.6,34554
2026-02-11T10:15:00+05:30,3173.6,3178.7,3161.8,3163.5,29942
2026-02-11T10:30:00+05:30,3163.5,3168.6,3153.0,3166.0,28339
2026-02-11T10:45:00+05:30,3165.9,3169.2,3159.1,3166.6,15059
2026-02-11T11:00:00+05:30,3166.6,3171.0,3156.1,3157.9,17926
2026-02-11T11:15:00+05:30,3157.9,3158.9,3145.0,3147.2,26525
2026-02-11T11:30:00+05:30,3147.2,3150.5,3135.7,3141.9,37045
2026-02-11T11:45:00+05:30,3141.9,3153.9,3141.9,3151.6,10742
2026-02-11T12:00:00+05:30,3151.6,3159.0,3148.1,3158.6,14382
2026-02-11T12:15:00+05:30,3158.6,3159.9,3151.4,3156.2,10748
2026-02-11T12:30:00+05:30,3156.0,3167.0,3150.0,3151.7,38580
2026-02-11T12:45:00+05:30,3152.2,3156.5,3148.6,3150.8,14684
2026-02-11T13:00:00+05:30,3152.5,3154.0,3148.3,3152.0,9032
2026-02-11T13:15:00+05:30,3152.3,3162.3,3150.1,3159.1,9385
2026-02-11T13:30:00+05:30,3159.2,3173.0,3159.2,3163.0,27358
2026-02-11T13:45:00+05:30,3163.8,3163.8,3157.8,3160.4,8360
2026-02-11T14:00:00+05:30,3160.4,3164.9,3153.4,3163.9,12366
2026-02-11T14:15:00+05:30,3163.9,3163.9,3158.0,3161.3,8022
2026-02-11T14:30:00+05:30,3161.9,3172.0,3156.2,3163.6,33325
2026-02-11T14:45:00+05:30,3163.5,3178.0,3163.0,3171.7,48011
2026-02-11T15:00:00+05:30,3173.3,3184.5,3170.8,3179.6,73381
2026-02-11T15:15:00+05:30,3179.5,3182.0,3164.0,3171.0,59601
2026-02-12T09:15:00+05:30,3180.0,3180.9,3143.2,3152.4,75718
2026-02-12T09:30:00+05:30,3151.4,3159.7,3145.0,3146.0,24458
2026-02-12T09:45:00+05:30,3146.0,3156.9,3143.0,3152.1,21920
2026-02-12T10:00:00+05:30,3152.4,3154.0,3135.0,3146.0,25168
2026-02-12T10:15:00+05:30,3145.0,3151.8,3143.0,3146.0,14657
2026-02-12T10:30:00+05:30,3145.0,3147.9,3137.0,3142.0,21682
2026-02-12T10:45:00+05:30,3142.0,3144.9,3139.5,3141.1,6330
2026-02-12T11:00:00+05:30,3141.2,3149.0,3136.2,3136.6,11984
2026-02-12T11:15:00+05:30,3137.9,3138.3,3131.0,3136.5,24000
2026-02-12T11:30:00+05:30,3136.5,3143.3,3133.9,3141.8,8737
2026-02-12T11:45:00+05:30,3142.0,3142.4,3126.0,3132.0,16964
2026-02-12T12:00:00+05:30,3133.0,3137.8,3127.5,3133.9,9602
2026-02-12T12:15:00+05:30,3134.9,3138.0,3131.2,3136.0,8520
2026-02-12T12:30:00+05:30,3136.2,3140.0,3133.2,3139.6,6302
2026-02-12T12:45:00+05:30,3139.6,3139.6,3136.1,3138.6,4683
2026-02-12T13:00:00+05:30,3138.5,3143.8,3134.0,3135.4,10115
2026-02-12T13:15:00+05:30,3135.2,3149.1,3135.0,3140.5,16694
2026-02-12T13:30:00+05:30,3141.0,3143.7,3138.0,3140.7,5343
2026-02-12T13:45:00+05:30,3141.7,3142.3,3135.0,3140.1,7129
2026-02-12T14:00:00+05:30,3140.1,3142.0,3136.0,3140.5,5336
2026-02-12T14:15:00+05:30,3138.7,3145.0,3136.5,3142.9,15644
2026-02-12T14:30:00+05:30,3143.8,3166.0,3143.8,3161.5,62954
2026-02-12T14:45:00+05:30,3162.0,3168.0,3152.1,3163.9,51842
2026-02-12T15:00:00+05:30,3163.2,3174.6,3160.3,3167.0,70138
2026-02-12T15:15:00+05:30,3167.8,3175.1,3166.7,3173.0,65751
2026-02-13T09:15:00+05:30,3131.0,3153.7,3102.1,3107.1,112366
2026-02-13T09:30:00+05:30,3105.6,3108.3,3080.0,3099.4,77831
2026-02-13T09:45:00+05:30,3098.1,3109.0,3095.2,3096.0,26520
2026-02-13T10:00:00+05:30,3096.0,3114.6,3092.6,3097.9,27216
2026-02-13T10:15:00+05:30,3098.0,3115.9,3095.4,3105.1,30583
2026-02-13T10:30:00+05:30,3105.0,3118.1,3105.0,3112.8,17796
2026-02-13T10:45:00+05:30,3112.2,3115.9,3105.0,3111.9,8485
2026-02-13T11:00:00+05:30,3113.0,3113.1,3102.3,3110.7,11615
2026-02-13T11:15:00+05:30,3110.7,3110.7,3103.1,3107.7,7241
2026-02-13T11:30:00+05:30,3109.1,3116.9,3101.0,3116.0,13659
2026-02-13T11:45:00+05:30,3116.0,3127.3,3114.9,3125.7,20853
2026-02-13T12:00:00+05:30,3124.9,3137.4,3123.0,3130.0,24240
2026-02-13T12:15:00+05:30,3131.0,3131.0,3121.0,3125.0,8096
2026-02-13T12:30:00+05:30,3125.0,3127.0,3117.0,3117.7,11886
2026-02-13T12:45:00+05:30,3117.0,3122.4,3108.6,3108.6,12238
2026-02-13T13:00:00+05:30,3109.7,3124.8,3107.1,3118.9,11595
2026-02-13T13:15:00+05:30,3118.3,3122.0,3111.0,3113.0,5255
2026-02-13T13:30:00+05:30,3114.0,3122.4,3112.0,3120.0,5393
2026-02-13T13:45:00+05:30,3120.0,3120.9,3111.0,3118.2,5178
2026-02-13T14:00:00+05:30,3116.5,3119.0,3113.0,3117.9,3092
2026-02-13T14:15:00+05:30,3117.8,3122.6,3116.2,3121.0,6117
2026-02-13T14:30:00+05:30,3121.0,3133.8,3112.6,3132.2,19892
2026-02-13T14:45:00+05:30,3132.9,3134.0,3118.0,3122.1,38677
2026-02-13T15:00:00+05:30,3121.7,3121.7,3094.2,3099.0,60120
2026-02-13T15:15:00+05:30,3098.5,3099.9,3085.0,3088.0,71397
2026-02-16T09:15:00+05:30,3080.0,3113.9,3067.2,3081.6,64496
2026-02-16T09:30:00+05:30,3081.6,3099.0,3076.1,3080.9,26078
2026-02-16T09:45:00+05:30,3079.5,3081.0,3061.2,3074.6,29767
2026-02-16T10:00:00+05:30,3074.7,3098.1,3074.7,3091.2,30472
2026-02-16T10:15:00+05:30,3092.1,3097.8,3082.0,3087.2,12854
2026-02-16T10:30:00+05:30,3088.3,3092.0,3087.0,3088.6,5855
2026-02-16T10:45:00+05:30,3088.6,3095.6,3086.2,3094.1,9608
2026-02-16T11:00:00+05:30,3094.1,3095.0,3087.3,3092.3,7790
2026-02-16T11:15:00+05:30,3092.3,3103.3,3090.8,3099.0,15042
2026-02-16T11:30:00+05:30,3098.0,3099.8,3091.2,3091.2,4601
2026-02-16T11:45:00+05:30,3093.0,3093.0,3085.0,3090.9,7868
2026-02-16T12:00:00+05:30,3091.0,3099.9,3089.2,3096.6,6018
2026-02-16T12:15:00+05:30,3095.3,3097.3,3088.0,3091.9,11316
2026-02-16T12:30:00+05:30,3091.9,3108.5,3091.9,3104.1,14214
2026-02-16T12:45:00+05:30,3104.1,3114.0,3102.0,3104.1,23641
2026-02-16T13:00:00+05:30,3103.9,3107.9,3101.5,3103.1,8831
2026-02-16T13:15:00+05:30,3103.1,3106.4,3102.1,3103.8,5671
2026-02-16T13:30:00+05:30,3103.8,3110.0,3103.5,3106.7,8537
2026-02-16T13:45:00+05:30,3106.2,3109.1,3103.4,3106.4,11357
2026-02-16T14:00:00+05:30,3106.4,3122.2,3105.4,3119.0,33559
2026-02-16T14:15:00+05:30,3119.0,3128.0,3116.6,3123.6,26900
2026-02-16T14:30:00+05:30,3123.2,3132.0,3120.0,3129.9,27213
2026-02-16T14:45:00+05:30,3130.0,3130.0,3120.0,3120.8,12800
2026-02-16T15:00:00+05:30,3120.9,3125.7,3110.0,3112.8,39684
2026-02-16T15:15:00+05:30,3112.3,3128.0,3111.0,3126.0,80422
2026-02-17T09:15:00+05:30,3113.9,3127.0,3102.0,3108.0,45475
2026-02-17T09:30:00+05:30,3108.9,3117.0,3103.0,3117.0,16342
2026-02-17T09:45:00+05:30,3116.4,3124.0,3115.3,3118.8,14013
2026-02-17T10:00:00+05:30,3118.8,3122.0,3115.1,3119.2,18055
2026-02-17T10:15:00+05:30,3119.2,3122.9,3114.0,3121.0,13504
2026-02-17T10:30:00+05:30,3121.0,3122.9,3094.0,3094.1,32439
2026-02-17T10:45:00+05:30,3095.9,3105.5,3095.0,3105.0,11830
2026-02-17T11:00:00+05:30,3105.0,3105.6,3095.5,3098.7,9466
2026-02-17T11:15:00+05:30,3098.7,3100.0,3091.1,3094.3,19450
2026-02-17T11:30:00+05:30,3093.8,3096.0,3078.0,3078.4,30945
2026-02-17T11:45:00+05:30,3080.0,3086.0,3058.0,3062.7,56236
2026-02-17T12:00:00+05:30,3063.4,3077.2,3062.8,3069.3,32760
2026-02-17T12:15:00+05:30,3069.2,3070.0,3062.0,3069.0,16759
2026-02-17T12:30:00+05:30,3069.0,3076.2,3068.0,3074.1,15811
2026-02-17T12:45:00+05:30,3074.0,3077.8,3068.0,3069.6,14161
2026-02-17T13:00:00+05:30,3069.6,3071.2,3064.3,3067.2,12034
2026-02-17T13:15:00+05:30,3067.2,3074.0,3067.2,3070.5,3337
2026-02-17T13:30:00+05:30,3071.5,3077.8,3064.0,3066.0,18249
2026-02-17T13:45:00+05:30,3065.9,3070.0,3061.0,3062.6,14451
2026-02-17T14:00:00+05:30,3062.5,3075.0,3056.4,3058.0,31787
2026-02-17T14:15:00+05:30,3058.0,3058.0,3051.1,3052.9,18095
2026-02-17T14:30:00+05:30,3052.9,3065.0,3042.9,3056.8,72923
2026-02-17T14:45:00+05:30,3057.6,3063.3,3052.3,3062.1,18153
2026-02-17T15:00:00+05:30,3061.3,3063.0,3053.1,3059.6,38589
2026-02-17T15:15:00+05:30,3059.8,3062.0,3042.0,3044.8,78684
2026-02-18T09:15:00+05:30,3050.0,3052.5,2991.0,2998.4,126134
2026-02-18T09:30:00+05:30,2998.0,3000.8,2963.7,2977.5,180244
2026-02-18T09:45:00+05:30,2977.5,2977.6,2946.0,2948.9,116123
2026-02-18T10:00:00+05:30,2949.5,2951.6,2937.0,2948.9,96803
2026-02-18T10:15:00+05:30,2948.7,2949.7,2931.7,2945.0,59689
2026-02-18T10:30:00+05:30,2945.9,2959.9,2932.0,2956.4,65575
2026-02-18T10:45:00+05:30,2956.0,2967.0,2950.0,2961.6,35169
2026-02-18T11:00:00+05:30,2961.7,2961.7,2938.7,2943.9,43943
2026-02-18T11:15:00+05:30,2945.4,2952.7,2938.0,2952.7,29565
2026-02-18T11:30:00+05:30,2952.0,2960.0,2946.0,2956.5,36996
2026-02-18T11:45:00+05:30,2955.2,2960.4,2943.1,2948.0,30382
2026-02-18T12:00:00+05:30,2947.8,2950.1,2928.0,2934.9,77034
2026-02-18T12:15:00+05:30,2934.9,2937.6,2925.0,2932.2,52167
2026-02-18T12:30:00+05:30,2932.0,2933.8,2921.7,2923.0,49118
2026-02-18T12:45:00+05:30,2923.0,2937.0,2916.0,2934.5,72301
2026-02-18T13:00:00+05:30,2934.2,2934.7,2926.0,2927.1,32218
2026-02-18T13:15:00+05:30,2927.8,2942.0,2927.5,2935.0,45047
2026-02-18T13:30:00+05:30,2936.0,2939.0,2928.0,2931.4,20117
2026-02-18T13:45:00+05:30,2932.3,2944.0,2930.0,2943.9,35756
2026-02-18T14:00:00+05:30,2943.0,2949.9,2940.0,2948.3,55185
2026-02-18T14:15:00+05:30,2948.9,2962.9,2948.9,2954.1,92015
2026-02-18T14:30:00+05:30,2954.0,2958.0,2941.6,2950.0,41513
2026-02-18T14:45:00+05:30,2950.4,2958.0,2945.8,2956.0,41880
2026-02-18T15:00:00+05:30,2957.0,2967.9,2953.6,2964.1,107170
2026-02-18T15:15:00+05:30,2965.2,2973.0,2958.0,2964.0,142747
2026-02-19T09:15:00+05:30,2960.0,2988.4,2945.8,2948.7,108762
2026-02-19T09:30:00+05:30,2948.1,2972.0,2931.5,2933.0,99338
2026-02-19T09:45:00+05:30,2932.9,2949.6,2932.2,2937.9,29653
2026-02-19T10:00:00+05:30,2937.2,2942.3,2912.4,2915.9,72438
2026-02-19T10:15:00+05:30,2915.9,2922.5,2901.0,2901.5,98586
2026-02-19T10:30:00+05:30,2901.2,2910.0,2895.1,2907.0,83813
2026-02-19T10:45:00+05:30,2906.4,2907.5,2896.0,2903.2,45298
2026-02-19T11:00:00+05:30,2902.6,2902.6,2888.1,2895.8,31810
2026-02-19T11:15:00+05:30,2895.5,2912.5,2893.0,2904.5,24175
2026-02-19T11:30:00+05:30,2904.3,2913.8,2901.7,2910.1,23491
2026-02-19T11:45:00+05:30,2910.1,2911.0,2902.2,2909.4,25524
2026-02-19T12:00:00+05:30,2909.5,2910.3,2897.4,2900.0,16682
2026-02-19T12:15:00+05:30,2901.5,2912.0,2900.0,2911.7,11805
2026-02-19T12:30:00+05:30,2911.7,2912.0,2905.0,2906.8,6405
2026-02-19T12:45:00+05:30,2906.0,2914.5,2904.0,2908.6,21332
2026-02-19T13:00:00+05:30,2908.6,2913.9,2902.2,2906.7,21333
2026-02-19T13:15:00+05:30,2906.7,2907.6,2900.0,2903.4,19208
2026-02-19T13:30:00+05:30,2903.4,2905.9,2898.1,2899.4,18349
2026-02-19T13:45:00+05:30,2899.0,2902.0,2893.3,2894.0,17633
2026-02-19T14:00:00+05:30,2895.1,2899.8,2890.0,2899.3,15336
2026-02-19T14:15:00+05:30,2899.0,2908.0,2897.0,2899.7,11408
2026-02-19T14:30:00+05:30,2898.7,2903.3,2892.1,2893.0,20448
2026-02-19T14:45:00+05:30,2893.0,2898.9,2890.0,2893.6,27429
2026-02-19T15:00:00+05:30,2893.6,2894.4,2880.3,2881.3,66411
2026-02-19T15:15:00+05:30,2883.1,2884.7,2857.0,2871.0,136558
2026-02-20T09:15:00+05:30,2879.0,2910.5,2869.0,2885.0,165191
2026-02-20T09:30:00+05:30,2885.0,2907.0,2882.6,2893.9,58554
2026-02-20T09:45:00+05:30,2894.7,2923.0,2893.2,2921.4,52738
2026-02-20T10:00:00+05:30,2920.7,2924.7,2910.5,2910.7,84089
2026-02-20T10:15:00+05:30,2910.7,2925.0,2897.0,2908.8,134128
2026-02-20T10:30:00+05:30,2909.4,2928.5,2907.9,2916.2,45480
2026-02-20T10:45:00+05:30,2916.3,2917.1,2903.1,2906.0,25825
2026-02-20T11:00:00+05:30,2906.0,2909.7,2901.2,2905.3,19071
2026-02-20T11:15:00+05:30,2905.8,2914.0,2902.0,2909.3,13962
2026-02-20T11:30:00+05:30,2910.5,2915.0,2906.0,2911.1,27373
2026-02-20T11:45:00+05:30,2910.0,2914.2,2905.6,2906.7,12524
2026-02-20T12:00:00+05:30,2907.2,2908.2,2900.5,2905.6,18123
2026-02-20T12:15:00+05:30,2905.1,2907.6,2896.1,2902.3,29467
2026-02-20T12:30:00+05:30,2901.6,2902.6,2894.0,2895.0,14766
2026-02-20T12:45:00+05:30,2894.7,2899.9,2888.2,2888.2,15958
2026-02-20T13:00:00+05:30,2889.6,2895.9,2883.7,2893.5,24541
2026-02-20T13:15:00+05:30,2892.9,2904.9,2886.4,2902.3,23136
2026-02-20T13:30:00+05:30,2902.3,2910.0,2896.8,2900.0,28537
2026-02-20T13:45:00+05:30,2900.6,2901.1,2892.1,2896.0,13109
2026-02-20T14:00:00+05:30,2896.0,2902.6,2893.7,2899.0,14809
2026-02-20T14:15:00+05:30,2899.0,2903.1,2894.3,2894.3,13817
2026-02-20T14:30:00+05:30,2894.0,2900.1,2888.1,2898.0,22662
2026-02-20T14:45:00+05:30,2899.0,2912.0,2898.2,2906.5,54177
2026-02-20T15:00:00+05:30,2907.0,2910.3,2898.9,2900.9,38040
2026-02-20T15:15:00+05:30,2900.8,2901.2,2885.1,2901.0,59358
2026-02-23T09:15:00+05:30,2930.0,2934.6,2908.5,2926.5,117721
2026-02-23T09:30:00+05:30,2926.0,2926.2,2913.0,2915.0,34211
2026-02-23T09:45:00+05:30,2915.4,2917.2,2885.0,2886.0,49475
2026-02-23T10:00:00+05:30,2887.0,2891.4,2875.1,2885.0,41609
2026-02-23T10:15:00+05:30,2884.9,2891.3,2881.8,2883.0,18199
2026-02-23T10:30:00+05:30,2883.9,2890.0,2878.0,2888.5,18563
2026-02-23T10:45:00+05:30,2886.9,2889.0,2877.9,2883.5,20329
2026-02-23T11:00:00+05:30,2883.5,2897.6,2879.0,2892.1,19726
2026-02-23T11:15:00+05:30,2892.6,2902.5,2884.5,2885.0,23545
2026-02-23T11:30:00+05:30,2885.4,2887.0,2881.8,2885.0,7773
2026-02-23T11:45:00+05:30,2884.1,2891.3,2877.0,2886.9,20079
2026-02-23T12:00:00+05:30,2886.9,2907.9,2885.5,2907.9,31583
2026-02-23T12:15:00+05:30,2907.6,2911.6,2902.6,2908.4,34804
2026-02-23T12:30:00+05:30,2908.4,2909.9,2903.4,2906.9,13217
2026-02-23T12:45:00+05:30,2906.9,2920.0,2905.8,2919.7,78961
2026-02-23T13:00:00+05:30,2920.0,2933.4,2915.0,2932.0,86230
2026-02-23T13:15:00+05:30,2932.0,2940.0,2928.9,2935.4,71867
2026-02-23T13:30:00+05:30,2936.3,2939.2,2929.6,2929.6,54086
2026-02-23T13:45:00+05:30,2929.8,2931.0,2909.2,2917.6,34690
2026-02-23T14:00:00+05:30,2917.9,2920.0,2910.0,2911.2,21261
2026-02-23T14:15:00+05:30,2913.0,2918.0,2906.0,2916.2,24693
2026-02-23T14:30:00+05:30,2916.4,2920.0,2909.0,2911.6,15791
2026-02-23T14:45:00+05:30,2912.7,2918.0,2908.0,2914.4,23027
2026-02-23T15:00:00+05:30,2915.5,2918.5,2912.1,2916.9,43443
2026-02-23T15:15:00+05:30,2916.9,2918.5,2911.0,2914.9,68392
2026-02-24T09:15:00+05:30,2929.0,2965.6,2920.0,2921.5,218282
2026-02-24T09:30:00+05:30,2921.5,2929.0,2895.3,2924.7,147287
2026-02-24T09:45:00+05:30,2924.3,2929.3,2918.2,2924.5,37307
2026-02-24T10:00:00+05:30,2925.0,2955.0,2923.2,2952.8,95228
2026-02-24T10:15:00+05:30,2952.8,2972.0,2936.0,2945.6,211481
2026-02-24T10:30:00+05:30,2944.3,2968.4,2943.0,2959.3,60142
2026-02-24T10:45:00+05:30,2959.3,2975.0,2952.2,2958.8,126384
2026-02-24T11:00:00+05:30,2959.5,2966.1,2959.2,2964.0,29045
2026-02-24T11:15:00+05:30,2964.0,2968.6,2962.5,2965.2,22055
2026-02-24T11:30:00+05:30,2965.0,2990.0,2965.0,2983.1,121106
2026-02-24T11:45:00+05:30,2983.3,2999.9,2974.0,2978.4,157383
2026-02-24T12:00:00+05:30,2978.2,2988.8,2975.1,2986.9,42833
2026-02-24T12:15:00+05:30,2986.9,2996.9,2975.0,2986.7,90772
2026-02-24T12:30:00+05:30,2988.0,2988.9,2979.0,2980.8,25447
2026-02-24T12:45:00+05:30,2980.8,2988.5,2976.2,2985.0,38349
2026-02-24T13:00:00+05:30,2985.0,3003.7,2980.0,2998.8,71380
2026-02-24T13:15:00+05:30,3000.6,3000.6,2986.5,2991.0,36617
2026-02-24T13:30:00+05:30,2991.0,2991.1,2977.8,2988.0,72302
2026-02-24T13:45:00+05:30,2988.0,2999.0,2986.0,2991.4,53712
2026-02-24T14:00:00+05:30,2992.1,2992.7,2981.1,2990.0,39906
2026-02-24T14:15:00+05:30,2990.6,2998.8,2989.0,2990.0,49237
2026-02-24T14:30:00+05:30,2990.5,3001.6,2990.0,3000.2,53188
2026-02-24T14:45:00+05:30,3000.0,3010.0,2996.1,3009.8,100225
2026-02-24T15:00:00+05:30,3009.9,3023.9,3009.9,3016.9,189651
2026-02-24T15:15:00+05:30,3016.9,3049.0,3015.7,3040.0,188659
2026-02-25T09:15:00+05:30,2819.0,2821.1,2721.2,2721.2,750519
2026-02-25T09:30:00+05:30,2721.2,2721.2,2570.0,2616.2,3222701
2026-02-25T09:45:00+05:30,2617.0,2729.0,2615.1,2699.0,3505069
2026-02-25T10:00:00+05:30,2698.8,2717.4,2665.0,2692.5,967489
2026-02-25T10:15:00+05:30,2692.0,2710.8,2685.0,2697.0,409909
2026-02-25T10:30:00+05:30,2696.4,2729.9,2695.0,2706.9,509097
2026-02-25T10:45:00+05:30,2706.9,2718.0,2696.0,2710.4,225035
2026-02-25T11:00:00+05:30,2711.0,2715.0,2700.0,2709.0,180972
2026-02-25T11:15:00+05:30,2709.0,2709.8,2681.0,2697.0,350911
2026-02-25T11:30:00+05:30,2696.7,2698.0,2672.8,2684.9,253396
2026-02-25T11:45:00+05:30,2685.1,2689.0,2676.0,2682.7,142906
2026-02-25T12:00:00+05:30,2683.0,2696.8,2681.0,2692.0,143348
2026-02-25T12:15:00+05:30,2692.8,2705.0,2691.0,2698.7,175346
2026-02-25T12:30:00+05:30,2698.5,2700.0,2680.0,2688.9,175448
2026-02-25T12:45:00+05:30,2688.9,2690.1,2680.0,2685.0,113580
2026-02-25T13:00:00+05:30,2685.3,2697.7,2673.9,2696.8,185419
2026-02-25T13:15:00+05:30,2696.0,2705.0,2684.0,2687.7,169121
2026-02-25T13:30:00+05:30,2687.0,2710.4,2687.0,2704.0,230614
2026-02-25T13:45:00+05:30,2705.0,2729.9,2700.0,2729.9,286580
2026-02-25T14:00:00+05:30,2729.1,2756.1,2716.0,2733.4,963794
2026-02-25T14:15:00+05:30,2733.4,2735.0,2710.0,2712.6,394923
2026-02-25T14:30:00+05:30,2713.9,2722.7,2707.0,2715.1,206949
2026-02-25T14:45:00+05:30,2715.1,2725.0,2711.2,2721.5,222950
2026-02-25T15:00:00+05:30,2721.5,2728.9,2697.0,2699.0,545958
2026-02-25T15:15:00+05:30,2699.0,2712.0,2695.2,2705.0,415612
2026-02-26T09:15:00+05:30,2755.0,2764.5,2713.1,2715.6,922418
2026-02-26T09:30:00+05:30,2715.0,2734.0,2705.0,2723.0,332586
2026-02-26T09:45:00+05:30,2723.0,2728.0,2718.8,2723.8,98414
2026-02-26T10:00:00+05:30,2722.8,2744.0,2721.9,2731.2,178923
2026-02-26T10:15:00+05:30,2731.3,2750.0,2730.1,2746.6,205946
2026-02-26T10:30:00+05:30,2746.6,2752.0,2737.8,2740.9,171100
2026-02-26T10:45:00+05:30,2740.0,2751.0,2736.7,2741.9,87542
2026-02-26T11:00:00+05:30,2741.8,2753.0,2735.0,2752.7,159801
2026-02-26T11:15:00+05:30,2753.0,2756.0,2742.9,2743.4,211800
2026-02-26T11:30:00+05:30,2743.0,2745.0,2723.9,2725.9,176182
2026-02-26T11:45:00+05:30,2725.9,2733.2,2717.0,2721.7,118932
2026-02-26T12:00:00+05:30,2721.7,2723.5,2711.1,2715.8,88420
2026-02-26T12:15:00+05:30,2715.1,2722.0,2707.0,2719.0,112777
2026-02-26T12:30:00+05:30,2719.6,2721.3,2708.0,2716.9,55911
2026-02-26T12:45:00+05:30,2717.0,2717.5,2705.0,2708.0,74968
2026-02-26T13:00:00+05:30,2708.4,2716.4,2707.0,2711.1,47234
2026-02-26T13:15:00+05:30,2711.0,2722.0,2709.4,2720.4,65637
2026-02-26T13:30:00+05:30,2720.4,2721.9,2715.4,2717.5,26415
2026-02-26T13:45:00+05:30,2718.1,2719.9,2716.5,2717.8,21961
2026-02-26T14:00:00+05:30,2718.3,2723.9,2715.0,2720.0,44015
2026-02-26T14:15:00+05:30,2719.6,2722.2,2715.0,2718.8,38505
2026-02-26T14:30:00+05:30,2718.5,2729.1,2717.6,2724.1,69284
2026-02-26T14:45:00+05:30,2725.0,2729.9,2720.0,2725.0,93035
2026-02-26T15:00:00+05:30,2725.0,2729.9,2715.1,2717.0,147113
2026-02-26T15:15:00+05:30,2717.9,2719.9,2710.0,2714.0,265848
2026-02-27T09:15:00+05:30,2717.7,2724.5,2687.0,2703.5,284654
2026-02-27T09:30:00+05:30,2703.1,2709.7,2693.1,2698.2,100390
2026-02-27T09:45:00+05:30,2698.2,2738.5,2694.3,2730.7,198695
2026-02-27T10:00:00+05:30,2730.0,2749.0,2726.1,2745.5,153716
2026-02-27T10:15:00+05:30,2745.5,2752.0,2729.0,2746.9,196810
2026-02-27T10:30:00+05:30,2746.9,2760.0,2743.0,2754.7,163759
2026-02-27T10:45:00+05:30,2756.0,2763.0,2751.0,2756.0,219686
2026-02-27T11:00:00+05:30,2756.0,2764.0,2746.1,2760.0,160687
2026-02-27T11:15:00+05:30,2760.0,2763.0,2736.4,2744.0,98696
2026-02-27T11:30:00+05:30,2744.0,2746.4,2734.5,2743.6,44494
2026-02-27T11:45:00+05:30,2744.0,2752.0,2741.1,2745.0,35339
2026-02-27T12:00:00+05:30,2744.1,2750.0,2737.0,2740.0,54106
2026-02-27T12:15:00+05:30,2739.9,2739.9,2735.6,2737.5,15531
2026-02-27T12:30:00+05:30,2737.1,2738.1,2730.6,2730.8,24336
2026-02-27T12:45:00+05:30,2731.3,2741.0,2731.1,2732.7,21483
2026-02-27T13:00:00+05:30,2732.7,2736.3,2727.0,2728.6,20939
2026-02-27T13:15:00+05:30,2728.6,2731.8,2725.0,2728.5,15906
2026-02-27T13:30:00+05:30,2729.0,2734.5,2722.0,2730.0,22541
2026-02-27T13:45:00+05:30,2730.0,2736.1,2728.6,2734.0,23435
2026-02-27T14:00:00+05:30,2733.3,2734.0,2725.0,2726.5,17267
2026-02-27T14:15:00+05:30,2727.0,2729.7,2722.4,2725.2,35894
2026-02-27T14:30:00+05:30,2724.6,2728.6,2723.4,2725.0,15513
2026-02-27T14:45:00+05:30,2724.3,2734.1,2721.6,2730.0,48399
2026-02-27T15:00:00+05:30,2730.0,2730.6,2701.0,2705.0,314924
2026-02-27T15:15:00+05:30,2705.0,2712.0,2702.1,2710.0,360627
2026-03-02T09:15:00+05:30,2588.2,2669.0,2581.8,2644.6,353601
2026-03-02T09:30:00+05:30,2644.2,2657.6,2637.4,2646.6,106844
2026-03-02T09:45:00+05:30,2646.6,2663.7,2640.0,2658.9,77218
2026-03-02T10:00:00+05:30,2659.0,2662.0,2641.0,2644.7,45950
2026-03-02T10:15:00+05:30,2644.6,2646.9,2632.0,2638.8,72088
2026-03-02T10:30:00+05:30,2638.8,2644.6,2630.0,2631.3,34227
2026-03-02T10:45:00+05:30,2630.1,2639.3,2623.0,2636.9,41379
2026-03-02T11:00:00+05:30,2636.9,2643.0,2636.8,2639.7,22842
2026-03-02T11:15:00+05:30,2639.2,2641.2,2630.3,2633.5,20967
2026-03-02T11:30:00+05:30,2632.6,2634.0,2625.0,2632.0,24666
2026-03-02T11:45:00+05:30,2632.3,2634.7,2622.0,2622.2,24944
2026-03-02T12:00:00+05:30,2623.1,2624.0,2615.8,2619.0,50834
2026-03-02T12:15:00+05:30,2618.9,2619.0,2610.3,2615.2,34220
2026-03-02T12:30:00+05:30,2614.9,2616.5,2605.8,2608.6,28103
2026-03-02T12:45:00+05:30,2608.1,2616.1,2603.4,2613.0,36292
2026-03-02T13:00:00+05:30,2613.0,2615.0,2610.2,2612.4,17358
2026-03-02T13:15:00+05:30,2612.4,2614.8,2605.0,2607.0,23629
2026-03-02T13:30:00+05:30,2607.0,2610.0,2602.0,2605.5,25006
2026-03-02T13:45:00+05:30,2606.4,2608.6,2595.4,2603.0,47597
2026-03-02T14:00:00+05:30,2603.0,2625.0,2598.1,2622.0,53641
2026-03-02T14:15:00+05:30,2620.5,2623.8,2612.1,2616.2,25269
2026-03-02T14:30:00+05:30,2614.9,2630.0,2611.1,2628.1,44364
2026-03-02T14:45:00+05:30,2626.8,2642.9,2624.5,2634.2,63819
2026-03-02T15:00:00+05:30,2635.3,2644.8,2631.5,2641.5,81345
2026-03-02T15:15:00+05:30,2642.6,2650.8,2641.0,2642.2,99037
2026-03-04T09:15:00+05:30,2600.0,2612.8,2580.0,2586.1,172834
2026-03-04T09:30:00+05:30,2586.1,2595.3,2581.0,2593.3,60607
2026-03-04T09:45:00+05:30,2594.1,2597.4,2582.0,2583.0,37395
2026-03-04T10:00:00+05:30,2583.0,2601.1,2576.8,2599.0,61746
2026-03-04T10:15:00+05:30,2600.0,2600.0,2590.0,2594.8,20595
2026-03-04T10:30:00+05:30,2596.1,2596.7,2584.1,2589.5,24738
2026-03-04T10:45:00+05:30,2588.7,2594.0,2579.4,2583.1,24475
2026-03-04T11:00:00+05:30,2583.0,2593.7,2582.1,2590.0,24503
2026-03-04T11:15:00+05:30,2591.4,2592.1,2581.6,2582.6,12839
2026-03-04T11:30:00+05:30,2583.8,2588.7,2580.0,2582.4,15443
2026-03-04T11:45:00+05:30,2582.0,2589.0,2577.0,2582.2,29030
2026-03-04T12:00:00+05:30,2582.6,2589.5,2579.0,2579.8,13293
2026-03-04T12:15:00+05:30,2579.8,2584.0,2576.2,2584.0,17738
2026-03-04T12:30:00+05:30,2583.4,2587.0,2573.6,2581.9,23703
2026-03-04T12:45:00+05:30,2582.0,2595.0,2580.9,2590.9,33093
2026-03-04T13:00:00+05:30,2590.0,2597.2,2587.1,2592.9,15693
2026-03-04T13:15:00+05:30,2592.9,2599.0,2589.3,2595.3,25598
2026-03-04T13:30:00+05:30,2594.8,2597.0,2590.2,2593.5,12132
2026-03-04T13:45:00+05:30,2592.0,2593.0,2581.2,2584.9,20590
2026-03-04T14:00:00+05:30,2584.6,2603.0,2583.4,2599.8,34195
2026-03-04T14:15:00+05:30,2601.1,2606.5,2590.9,2593.6,36804
2026-03-04T14:30:00+05:30,2593.3,2609.0,2588.9,2604.7,39015
2026-03-04T14:45:00+05:30,2603.9,2641.8,2601.8,2639.8,122409
2026-03-04T15:00:00+05:30,2639.9,2641.9,2627.6,2637.5,100073
2026-03-04T15:15:00+05:30,2637.1,2642.2,2609.1,2624.9,94035
2026-03-05T09:15:00+05:30,2650.0,2671.6,2650.0,2654.1,137075
2026-03-05T09:30:00+05:30,2655.0,2659.0,2615.0,2625.0,97050
2026-03-05T09:45:00+05:30,2625.0,2640.0,2621.7,2630.3,54563
2026-03-05T10:00:00+05:30,2630.0,2634.7,2626.0,2631.0,15435
2026-03-05T10:15:00+05:30,2631.0,2633.0,2618.0,2621.1,26528
2026-03-05T10:30:00+05:30,2620.8,2624.9,2611.2,2618.8,44027
2026-03-05T10:45:00+05:30,2617.8,2625.1,2614.1,2619.3,28089
2026-03-05T11:00:00+05:30,2619.3,2620.2,2611.0,2611.9,20634
2026-03-05T11:15:00+05:30,2611.9,2613.0,2601.0,2603.5,48665
2026-03-05T11:30:00+05:30,2603.5,2607.8,2601.0,2603.0,22880
2026-03-05T11:45:00+05:30,2603.1,2611.0,2596.2,2599.9,35791
2026-03-05T12:00:00+05:30,2599.0,2621.8,2599.0,2621.1,39151
2026-03-05T12:15:00+05:30,2621.1,2624.0,2615.0,2617.5,20755
2026-03-05T12:30:00+05:30,2617.5,2623.4,2614.9,2621.3,12519
2026-03-05T12:45:00+05:30,2621.3,2625.9,2612.2,2615.8,38044
2026-03-05T13:00:00+05:30,2614.4,2621.9,2599.0,2615.9,90194
2026-03-05T13:15:00+05:30,2615.2,2617.5,2610.1,2615.8,10769
2026-03-05T13:30:00+05:30,2617.0,2620.0,2612.0,2612.8,12571
2026-03-05T13:45:00+05:30,2612.8,2613.8,2605.0,2610.0,17092
2026-03-05T14:00:00+05:30,2609.5,2610.0,2602.4,2602.8,18524
2026-03-05T14:15:00+05:30,2603.0,2609.0,2599.0,2607.8,27664
2026-03-05T14:30:00+05:30,2606.8,2624.2,2601.9,2621.9,53168
2026-03-05T14:45:00+05:30,2621.8,2647.0,2619.4,2645.0,111847
2026-03-05T15:00:00+05:30,2645.3,2662.0,2636.8,2639.4,164421
2026-03-05T15:15:00+05:30,2639.4,2645.0,2630.5,2639.0,86281
2026-03-06T09:15:00+05:30,2634.0,2678.2,2621.1,2673.9,134321
2026-03-06T09:30:00+05:30,2673.7,2689.9,2668.2,2675.0,142945
2026-03-06T09:45:00+05:30,2674.2,2685.0,2670.2,2672.0,38756
2026-03-06T10:00:00+05:30,2672.0,2674.9,2660.6,2669.0,49974
2026-03-06T10:15:00+05:30,2668.8,2673.8,2666.0,2666.6,17249
2026-03-06T10:30:00+05:30,2666.9,2667.0,2655.0,2660.5,24788
2026-03-06T10:45:00+05:30,2660.5,2660.5,2645.5,2656.8,30658
2026-03-06T11:00:00+05:30,2656.9,2661.9,2652.0,2652.8,11726
2026-03-06T11:15:00+05:30,2653.0,2663.0,2652.0,2659.0,10820
2026-03-06T11:30:00+05:30,2659.0,2664.9,2654.0,2654.8,26556
2026-03-06T11:45:00+05:30,2654.9,2659.9,2653.8,2654.8,6055
2026-03-06T12:00:00+05:30,2655.9,2656.6,2650.4,2653.0,20528
2026-03-06T12:15:00+05:30,2653.0,2656.8,2648.9,2651.5,9070
2026-03-06T12:30:00+05:30,2651.5,2654.6,2649.0,2651.1,17800
2026-03-06T12:45:00+05:30,2652.1,2653.7,2648.2,2651.6,6892
2026-03-06T13:00:00+05:30,2651.6,2655.2,2649.1,2654.0,12567
2026-03-06T13:15:00+05:30,2654.0,2658.5,2649.0,2657.5,16592
2026-03-06T13:30:00+05:30,2657.5,2657.5,2651.9,2655.6,12943
2026-03-06T13:45:00+05:30,2655.6,2656.3,2650.5,2651.0,9649
2026-03-06T14:00:00+05:30,2651.0,2654.9,2647.0,2653.9,16687
2026-03-06T14:15:00+05:30,2653.9,2658.9,2653.9,2655.6,8190
2026-03-06T14:30:00+05:30,2656.4,2656.5,2646.0,2648.0,18668
2026-03-06T14:45:00+05:30,2648.2,2650.9,2636.6,2637.7,38756
2026-03-06T15:00:00+05:30,2637.0,2638.3,2630.0,2632.1,41840
2026-03-06T15:15:00+05:30,2632.1,2634.2,2621.5,2633.0,116789
2026-03-09T09:15:00+05:30,2579.9,2599.8,2543.0,2547.6,157490
2026-03-09T09:30:00+05:30,2546.6,2557.6,2541.2,2545.0,91070
2026-03-09T09:45:00+05:30,2545.4,2565.7,2541.0,2561.0,66320
2026-03-09T10:00:00+05:30,2561.1,2573.0,2550.0,2565.4,49819
2026-03-09T10:15:00+05:30,2565.4,2568.9,2555.2,2562.0,20213
2026-03-09T10:30:00+05:30,2561.0,2562.0,2551.1,2552.7,20105
2026-03-09T10:45:00+05:30,2553.5,2571.5,2548.0,2567.5,40834
2026-03-09T11:00:00+05:30,2569.0,2570.0,2561.2,2568.6,25641
2026-03-09T11:15:00+05:30,2568.7,2578.2,2566.0,2575.4,28476
2026-03-09T11:30:00+05:30,2575.6,2583.0,2573.0,2575.5,19359
2026-03-09T11:45:00+05:30,2575.1,2575.5,2567.0,2568.8,12585
2026-03-09T12:00:00+05:30,2568.8,2572.0,2562.0,2568.6,11052
2026-03-09T12:15:00+05:30,2568.6,2572.6,2567.5,2571.7,8426
2026-03-09T12:30:00+05:30,2571.1,2579.0,2568.3,2576.2,12054
2026-03-09T12:45:00+05:30,2576.9,2580.0,2571.5,2576.6,8768
2026-03-09T13:00:00+05:30,2576.6,2577.4,2568.4,2570.3,7205
2026-03-09T13:15:00+05:30,2570.1,2574.3,2567.0,2571.9,11633
2026-03-09T13:30:00+05:30,2571.9,2582.5,2571.0,2578.1,18712
2026-03-09T13:45:00+05:30,2577.9,2580.0,2572.1,2574.0,14515
2026-03-09T14:00:00+05:30,2574.3,2576.9,2565.5,2567.5,20584
2026-03-09T14:15:00+05:30,2567.0,2574.5,2561.4,2569.4,21783
2026-03-09T14:30:00+05:30,2569.7,2584.0,2565.0,2582.4,39796
2026-03-09T14:45:00+05:30,2583.9,2604.1,2582.0,2598.3,69412
2026-03-09T15:00:00+05:30,2598.3,2604.0,2589.2,2599.0,82997
2026-03-09T15:15:00+05:30,2598.8,2606.4,2594.0,2602.9,88842
2026-03-10T09:15:00+05:30,2638.6,2642.0,2621.1,2624.0,92013
2026-03-10T09:30:00+05:30,2624.0,2628.2,2613.0,2615.9,50380
2026-03-10T09:45:00+05:30,2617.5,2627.0,2613.6,2621.3,39285
2026-03-10T10:00:00+05:30,2621.2,2629.0,2619.7,2625.7,18936
2026-03-10T10:15:00+05:30,2626.1,2637.0,2625.2,2628.0,45631
2026-03-10T10:30:00+05:30,2628.0,2634.9,2622.7,2632.6,26906
2026-03-10T10:45:00+05:30,2632.6,2641.0,2631.6,2632.5,19919
2026-03-10T11:00:00+05:30,2633.5,2639.8,2632.0,2635.6,15808
2026-03-10T11:15:00+05:30,2635.6,2645.0,2631.0,2635.6,18963
2026-03-10T11:30:00+05:30,2635.6,2638.0,2630.2,2637.8,14043
2026-03-10T11:45:00+05:30,2636.4,2638.0,2625.0,2629.6,19904
2026-03-10T12:00:00+05:30,2628.2,2634.9,2625.2,2626.0,13329
2026-03-10T12:15:00+05:30,2625.7,2637.0,2622.8,2636.9,18460
2026-03-10T12:30:00+05:30,2636.2,2638.5,2625.5,2632.8,26264
2026-03-10T12:45:00+05:30,2632.0,2644.4,2631.2,2638.5,17394
2026-03-10T13:00:00+05:30,2638.5,2641.0,2628.0,2630.2,11198
2026-03-10T13:15:00+05:30,2630.2,2638.0,2630.0,2633.0,10681
2026-03-10T13:30:00+05:30,2633.8,2642.1,2632.0,2639.6,19388
2026-03-10T13:45:00+05:30,2639.9,2643.3,2634.1,2638.0,15580
2026-03-10T14:00:00+05:30,2639.0,2643.0,2636.5,2641.0,10241
2026-03-10T14:15:00+05:30,2641.5,2644.0,2635.2,2638.0,12856
2026-03-10T14:30:00+05:30,2637.9,2639.6,2631.0,2633.0,18648
2026-03-10T14:45:00+05:30,2633.8,2650.6,2630.0,2650.6,74037
2026-03-10T15:00:00+05:30,2650.9,2663.9,2645.9,2656.8,97500
2026-03-10T15:15:00+05:30,2655.7,2662.0,2654.2,2658.1,80946
2026-03-11T09:15:00+05:30,2676.2,2722.1,2670.4,2711.0,289261
2026-03-11T09:30:00+05:30,2710.3,2724.6,2697.3,2724.2,124154
2026-03-11T09:45:00+05:30,2724.2,2726.9,2712.0,2717.0,114374
2026-03-11T10:00:00+05:30,2717.0,2719.9,2704.8,2705.2,46760
2026-03-11T10:15:00+05:30,2705.5,2713.6,2699.3,2705.2,40900
2026-03-11T10:30:00+05:30,2706.2,2707.0,2688.0,2693.9,78096
2026-03-11T10:45:00+05:30,2693.9,2700.0,2685.0,2697.0,36115
2026-03-11T11:00:00+05:30,2698.3,2707.0,2693.8,2704.1,24414
2026-03-11T11:15:00+05:30,2704.2,2707.0,2694.5,2704.0,25437
2026-03-11T11:30:00+05:30,2703.8,2714.9,2692.1,2713.0,46582
2026-03-11T11:45:00+05:30,2713.0,2713.1,2702.0,2710.6,34651
2026-03-11T12:00:00+05:30,2710.0,2728.0,2706.2,2727.6,82699
2026-03-11T12:15:00+05:30,2728.0,2732.0,2715.3,2716.1,77093
2026-03-11T12:30:00+05:30,2716.4,2720.9,2704.0,2714.8,42056
2026-03-11T12:45:00+05:30,2714.0,2714.8,2706.4,2706.4,11420
2026-03-11T13:00:00+05:30,2706.1,2708.0,2691.3,2694.6,45059
2026-03-11T13:15:00+05:30,2694.3,2705.0,2692.3,2705.0,28384
2026-03-11T13:30:00+05:30,2705.8,2710.0,2700.3,2700.3,26473
2026-03-11T13:45:00+05:30,2700.3,2708.0,2696.2,2701.1,11434
2026-03-11T14:00:00+05:30,2701.1,2702.4,2690.0,2691.0,23542
2026-03-11T14:15:00+05:30,2691.0,2696.6,2680.0,2694.0,43869
2026-03-11T14:30:00+05:30,2694.9,2698.0,2683.7,2686.7,20531
2026-03-11T14:45:00+05:30,2686.8,2690.4,2680.6,2685.9,24521
2026-03-11T15:00:00+05:30,2685.2,2696.6,2675.2,2677.0,85661
2026-03-11T15:15:00+05:30,2676.7,2690.0,2672.2,2675.0,122976
2026-03-12T09:15:00+05:30,2653.0,2655.0,2615.0,2646.3,131946
2026-03-12T09:30:00+05:30,2646.3,2655.0,2642.0,2651.0,42072
2026-03-12T09:45:00+05:30,2651.0,2659.6,2642.0,2655.4,29351
2026-03-12T10:00:00+05:30,2655.4,2655.4,2633.4,2636.8,27565
2026-03-12T10:15:00+05:30,2637.2,2639.8,2626.2,2639.8,40122
2026-03-12T10:30:00+05:30,2639.3,2651.0,2634.1,2642.1,23860
2026-03-12T10:45:00+05:30,2642.2,2658.9,2641.6,2656.6,23308
2026-03-12T11:00:00+05:30,2657.3,2678.0,2657.3,2672.2,61518
2026-03-12T11:15:00+05:30,2672.2,2676.6,2655.0,2663.5,33760
2026-03-12T11:30:00+05:30,2663.7,2681.3,2660.1,2675.3,28876
2026-03-12T11:45:00+05:30,2676.1,2682.0,2670.1,2681.2,36354
2026-03-12T12:00:00+05:30,2682.0,2694.0,2678.0,2688.0,46738
2026-03-12T12:15:00+05:30,2687.5,2693.8,2681.0,2689.9,20552
2026-03-12T12:30:00+05:30,2688.0,2690.0,2676.6,2684.5,16154
2026-03-12T12:45:00+05:30,2683.2,2690.7,2683.0,2683.9,17893
2026-03-12T13:00:00+05:30,2683.2,2688.0,2676.3,2687.0,22119
2026-03-12T13:15:00+05:30,2687.5,2700.0,2683.9,2698.3,34420
2026-03-12T13:30:00+05:30,2698.2,2719.0,2698.2,2708.5,61458
2026-03-12T13:45:00+05:30,2708.5,2712.9,2702.1,2705.1,28417
2026-03-12T14:00:00+05:30,2706.3,2712.5,2700.9,2710.0,29897
2026-03-12T14:15:00+05:30,2709.1,2722.0,2705.3,2715.6,37287
2026-03-12T14:30:00+05:30,2715.1,2742.0,2715.1,2729.4,136764
2026-03-12T14:45:00+05:30,2729.4,2759.6,2721.5,2747.5,170358
2026-03-12T15:00:00+05:30,2747.4,2753.7,2735.8,2741.4,108928
2026-03-12T15:15:00+05:30,2742.8,2744.1,2728.0,2729.0,117261
2026-03-13T09:15:00+05:30,2718.6,2752.9,2717.0,2723.5,139866
2026-03-13T09:30:00+05:30,2723.4,2743.7,2714.2,2715.1,47676
2026-03-13T09:45:00+05:30,2715.1,2717.7,2693.4,2698.7,52522
2026-03-13T10:00:00+05:30,2698.8,2702.7,2691.0,2693.4,31405
2026-03-13T10:15:00+05:30,2693.5,2703.5,2685.3,2701.7,31148
2026-03-13T10:30:00+05:30,2701.7,2706.5,2691.5,2694.0,22644
2026-03-13T10:45:00+05:30,2694.1,2716.6,2693.3,2712.6,49803
2026-03-13T11:00:00+05:30,2713.8,2754.0,2702.1,2736.1,140908
2026-03-13T11:15:00+05:30,2735.0,2761.9,2718.0,2750.7,155591
2026-03-13T11:30:00+05:30,2750.0,2783.0,2740.1,2778.0,163791
2026-03-13T11:45:00+05:30,2779.3,2785.0,2758.0,2764.7,181879
2026-03-13T12:00:00+05:30,2765.0,2793.0,2755.5,2788.0,160914
2026-03-13T12:15:00+05:30,2789.0,2790.8,2754.0,2763.3,118739
2026-03-13T12:30:00+05:30,2763.3,2785.0,2760.9,2765.6,162005
2026-03-13T12:45:00+05:30,2765.0,2765.0,2737.4,2752.8,198787
2026-03-13T13:00:00+05:30,2754.6,2759.9,2737.4,2738.0,98883
2026-03-13T13:15:00+05:30,2738.0,2744.1,2726.0,2739.5,49617
2026-03-13T13:30:00+05:30,2739.6,2746.0,2721.2,2729.0,41201
2026-03-13T13:45:00+05:30,2729.0,2729.2,2711.7,2714.9,48615
2026-03-13T14:00:00+05:30,2714.6,2723.5,2712.3,2719.6,40920
2026-03-13T14:15:00+05:30,2721.0,2731.5,2708.7,2723.9,38795
2026-03-13T14:30:00+05:30,2723.7,2736.8,2720.1,2722.9,30904
2026-03-13T14:45:00+05:30,2722.9,2742.9,2719.0,2728.4,61647
2026-03-13T15:00:00+05:30,2728.6,2737.1,2719.1,2731.9,68216
2026-03-13T15:15:00+05:30,2731.9,2733.3,2721.0,2724.1,110642
2026-03-16T09:15:00+05:30,2755.6,2772.0,2693.6,2717.5,331567
2026-03-16T09:30:00+05:30,2718.0,2749.9,2712.5,2731.3,149562
2026-03-16T09:45:00+05:30,2731.6,2745.0,2728.2,2736.4,40440
2026-03-16T10:00:00+05:30,2736.2,2738.7,2710.0,2716.3,43305
2026-03-16T10:15:00+05:30,2716.3,2716.3,2694.0,2696.6,61444
2026-03-16T10:30:00+05:30,2697.2,2708.0,2694.0,2697.4,31762
2026-03-16T10:45:00+05:30,2695.8,2703.7,2681.2,2701.3,38320
2026-03-16T11:00:00+05:30,2702.0,2708.0,2692.0,2702.9,32512
2026-03-16T11:15:00+05:30,2702.0,2723.9,2702.0,2714.7,57272
2026-03-16T11:30:00+05:30,2713.9,2719.6,2708.4,2708.4,20553
2026-03-16T11:45:00+05:30,2709.3,2717.8,2708.0,2713.9,16654
2026-03-16T12:00:00+05:30,2712.6,2721.4,2712.6,2715.0,11852
2026-03-16T12:15:00+05:30,2715.0,2719.0,2711.3,2715.1,9757
2026-03-16T12:30:00+05:30,2715.1,2718.9,2703.6,2716.0,32339
2026-03-16T12:45:00+05:30,2715.9,2715.9,2704.0,2713.0,10189
2026-03-16T13:00:00+05:30,2713.0,2718.0,2700.9,2712.0,13740
2026-03-16T13:15:00+05:30,2712.0,2732.0,2710.0,2722.1,55220
2026-03-16T13:30:00+05:30,2722.1,2736.0,2720.0,2726.0,28538
2026-03-16T13:45:00+05:30,2725.0,2729.9,2723.0,2728.9,11097
2026-03-16T14:00:00+05:30,2729.0,2739.0,2727.0,2735.4,29842
2026-03-16T14:15:00+05:30,2736.0,2756.9,2731.7,2755.2,80291
2026-03-16T14:30:00+05:30,2755.4,2778.9,2751.3,2777.0,148460
2026-03-16T14:45:00+05:30,2777.0,2818.0,2776.5,2801.0,305373
2026-03-16T15:00:00+05:30,2801.1,2802.4,2782.5,2794.9,146730
2026-03-16T15:15:00+05:30,2796.7,2797.9,2780.0,2782.9,148117
2026-03-17T09:15:00+05:30,2791.3,2823.7,2786.2,2810.0,261703
2026-03-17T09:30:00+05:30,2809.9,2864.9,2801.1,2863.0,293642
2026-03-17T09:45:00+05:30,2863.0,2888.6,2847.7,2885.9,420691
2026-03-17T10:00:00+05:30,2885.1,2919.0,2876.5,2918.5,327467
2026-03-17T10:15:00+05:30,2917.1,2928.1,2905.0,2907.5,304057
2026-03-17T10:30:00+05:30,2907.5,2943.0,2907.5,2938.8,415996
2026-03-17T10:45:00+05:30,2940.0,2965.0,2930.6,2960.0,482722
2026-03-17T11:00:00+05:30,2960.1,2961.3,2920.0,2922.6,331851
2026-03-17T11:15:00+05:30,2920.8,2924.9,2896.2,2909.0,252373
2026-03-17T11:30:00+05:30,2909.3,2927.7,2900.3,2923.3,154373
2026-03-17T11:45:00+05:30,2923.8,2937.0,2892.1,2896.1,170816
2026-03-17T12:00:00+05:30,2897.1,2912.8,2886.1,2908.0,152228
2026-03-17T12:15:00+05:30,2908.5,2908.5,2875.1,2888.8,143357
2026-03-17T12:30:00+05:30,2887.7,2898.0,2873.5,2889.3,88071
2026-03-17T12:45:00+05:30,2890.0,2907.0,2877.4,2884.7,163229
2026-03-17T13:00:00+05:30,2886.1,2894.3,2882.0,2889.0,101583
2026-03-17T13:15:00+05:30,2890.0,2900.0,2886.2,2892.5,62228
2026-03-17T13:30:00+05:30,2892.1,2896.8,2885.0,2892.0,33518
2026-03-17T13:45:00+05:30,2891.4,2895.0,2885.0,2885.0,26237
2026-03-17T14:00:00+05:30,2885.5,2887.9,2877.0,2884.8,40126
2026-03-17T14:15:00+05:30,2884.8,2886.0,2873.5,2882.0,44764
2026-03-17T14:30:00+05:30,2882.0,2891.0,2875.2,2881.0,47463
2026-03-17T14:45:00+05:30,2880.1,2893.5,2875.0,2890.7,53464
2026-03-17T15:00:00+05:30,2891.3,2891.6,2875.5,2888.7,88210
2026-03-17T15:15:00+05:30,2888.1,2889.2,2877.1,2880.1,133628
2026-03-18T09:15:00+05:30,2890.0,2925.0,2890.0,2922.1,237190
2026-03-18T09:30:00+05:30,2923.5,2959.6,2922.2,2943.0,261222
2026-03-18T09:45:00+05:30,2944.0,2948.0,2932.0,2937.6,68402
2026-03-18T10:00:00+05:30,2939.0,2939.2,2923.0,2926.6,62637
2026-03-18T10:15:00+05:30,2926.7,2943.6,2924.6,2940.0,59574
2026-03-18T10:30:00+05:30,2939.6,2951.4,2936.7,2947.4,66617
2026-03-18T10:45:00+05:30,2948.2,2969.0,2948.0,2961.7,148996
2026-03-18T11:00:00+05:30,2962.2,2984.0,2961.7,2983.0,116046
2026-03-18T11:15:00+05:30,2983.0,2988.1,2974.0,2977.0,169230
2026-03-18T11:30:00+05:30,2976.4,2987.0,2974.4,2980.0,88506
2026-03-18T11:45:00+05:30,2980.4,3007.0,2979.3,3003.3,234546
2026-03-18T12:00:00+05:30,3003.7,3011.0,2993.2,3003.0,108406
2026-03-18T12:15:00+05:30,3003.8,3007.0,2992.2,3001.4,77176
2026-03-18T12:30:00+05:30,3002.0,3030.0,3002.0,3022.9,221028
2026-03-18T12:45:00+05:30,3021.1,3032.0,3018.7,3025.5,87268
2026-03-18T13:00:00+05:30,3025.5,3098.0,3025.1,3098.0,544494
2026-03-18T13:15:00+05:30,3096.2,3171.4,3091.4,3167.0,1373722
2026-03-18T13:30:00+05:30,3166.1,3223.8,3131.0,3216.3,977417
2026-03-18T13:45:00+05:30,3218.5,3218.6,3181.0,3186.2,727363
2026-03-18T14:00:00+05:30,3186.6,3191.4,3153.3,3158.4,432894
2026-03-18T14:15:00+05:30,3156.6,3188.6,3156.4,3187.5,341295
2026-03-18T14:30:00+05:30,3186.8,3200.0,3171.6,3177.5,353817
2026-03-18T14:45:00+05:30,3178.6,3194.0,3175.1,3184.4,213590
2026-03-18T15:00:00+05:30,3184.5,3200.0,3180.0,3180.0,355089
2026-03-18T15:15:00+05:30,3180.0,3189.8,3172.9,3178.0,383399
2026-03-19T09:15:00+05:30,3095.0,3184.0,3095.0,3124.6,498566
2026-03-19T09:30:00+05:30,3124.6,3151.0,3118.0,3147.0,181909
2026-03-19T09:45:00+05:30,3147.0,3180.0,3135.0,3163.3,223707
2026-03-19T10:00:00+05:30,3162.2,3197.4,3150.0,3175.5,213061
2026-03-19T10:15:00+05:30,3175.5,3197.0,3148.5,3187.4,221684
2026-03-19T10:30:00+05:30,3188.0,3210.5,3176.6,3206.0,368201
2026-03-19T10:45:00+05:30,3206.6,3208.0,3188.0,3197.0,186212
2026-03-19T11:00:00+05:30,3197.0,3200.0,3162.2,3175.5,181811
2026-03-19T11:15:00+05:30,3175.7,3188.5,3165.5,3174.0,92648
2026-03-19T11:30:00+05:30,3174.0,3178.9,3162.0,3170.0,64855
2026-03-19T11:45:00+05:30,3171.1,3191.5,3168.0,3187.1,85338
2026-03-19T12:00:00+05:30,3186.4,3195.8,3180.3,3191.8,60219
2026-03-19T12:15:00+05:30,3192.9,3196.9,3172.1,3178.0,52995
2026-03-19T12:30:00+05:30,3178.0,3187.5,3172.6,3174.1,38831
2026-03-19T12:45:00+05:30,3174.0,3179.0,3165.2,3173.0,41716
2026-03-19T13:00:00+05:30,3172.9,3173.9,3160.0,3164.8,61021
2026-03-19T13:15:00+05:30,3164.8,3168.9,3158.0,3165.4,41782
2026-03-19T13:30:00+05:30,3165.3,3183.0,3162.0,3174.9,55782
2026-03-19T13:45:00+05:30,3173.5,3177.2,3162.5,3162.5,39147
2026-03-19T14:00:00+05:30,3163.2,3170.0,3145.2,3155.0,114542
2026-03-19T14:15:00+05:30,3154.2,3168.0,3152.9,3167.0,65787
2026-03-19T14:30:00+05:30,3166.9,3175.0,3153.0,3168.0,95172
2026-03-19T14:45:00+05:30,3167.2,3168.0,3143.2,3148.8,129948
2026-03-19T15:00:00+05:30,3148.3,3169.8,3142.1,3158.0,161453
2026-03-19T15:15:00+05:30,3158.0,3168.1,3139.1,3150.7,261728
2026-03-20T09:15:00+05:30,3180.0,3243.4,3180.0,3226.9,392824
2026-03-20T09:30:00+05:30,3225.5,3226.6,3156.3,3162.8,258482
2026-03-20T09:45:00+05:30,3162.8,3176.5,3152.7,3157.0,123475
2026-03-20T10:00:00+05:30,3157.0,3170.4,3147.2,3153.4,101319
2026-03-20T10:15:00+05:30,3154.0,3173.9,3145.0,3171.3,70517
2026-03-20T10:30:00+05:30,3172.0,3173.4,3160.0,3165.2,36079
2026-03-20T10:45:00+05:30,3165.1,3172.9,3159.6,3162.5,31688
2026-03-20T11:00:00+05:30,3162.9,3168.8,3155.0,3167.0,36210
2026-03-20T11:15:00+05:30,3166.0,3174.9,3158.0,3160.9,49763
2026-03-20T11:30:00+05:30,3160.9,3171.5,3160.1,3165.2,14702
2026-03-20T11:45:00+05:30,3163.7,3164.4,3142.1,3149.1,53350
2026-03-20T12:00:00+05:30,3150.2,3152.0,3128.0,3138.5,75258
2026-03-20T12:15:00+05:30,3138.5,3138.5,3113.1,3124.9,80123
2026-03-20T12:30:00+05:30,3123.9,3138.1,3116.1,3136.3,60143
2026-03-20T12:45:00+05:30,3135.4,3144.9,3132.2,3138.1,29291
2026-03-20T13:00:00+05:30,3138.1,3144.8,3131.1,3141.9,15231
2026-03-20T13:15:00+05:30,3141.5,3149.5,3135.1,3144.8,24259
2026-03-20T13:30:00+05:30,3145.0,3153.4,3137.1,3143.2,28589
2026-03-20T13:45:00+05:30,3142.7,3143.1,3130.1,3134.1,20005
2026-03-20T14:00:00+05:30,3134.0,3142.7,3130.3,3132.1,24773
2026-03-20T14:15:00+05:30,3133.2,3136.8,3128.0,3130.8,30194
2026-03-20T14:30:00+05:30,3130.0,3142.0,3129.7,3133.0,25582
2026-03-20T14:45:00+05:30,3133.0,3187.0,3130.3,3174.7,197846
2026-03-20T15:00:00+05:30,3174.7,3181.0,3156.2,3160.0,185666
2026-03-20T15:15:00+05:30,3161.4,3171.5,3133.1,3145.0,206846
2026-03-23T09:15:00+05:30,3108.8,3110.4,3050.5,3069.6,390799
2026-03-23T09:30:00+05:30,3070.2,3088.0,3051.9,3082.5,145939
2026-03-23T09:45:00+05:30,3084.4,3085.0,3066.0,3069.2,67223
2026-03-23T10:00:00+05:30,3068.2,3083.0,3058.0,3060.0,75316
2026-03-23T10:15:00+05:30,3060.8,3064.9,3048.0,3053.0,79732
2026-03-23T10:30:00+05:30,3052.0,3054.0,3032.1,3044.4,74484
2026-03-23T10:45:00+05:30,3043.7,3048.4,3034.1,3045.5,36287
2026-03-23T11:00:00+05:30,3044.7,3059.8,3031.0,3045.6,70493
2026-03-23T11:15:00+05:30,3045.6,3052.0,3028.0,3050.0,41111
2026-03-23T11:30:00+05:30,3049.1,3059.5,3042.2,3048.9,38744
2026-03-23T11:45:00+05:30,3048.5,3069.0,3045.1,3062.0,50623
2026-03-23T12:00:00+05:30,3063.0,3073.0,3055.0,3061.5,37723
2026-03-23T12:15:00+05:30,3061.1,3063.0,3042.0,3052.0,37875
2026-03-23T12:30:00+05:30,3052.0,3054.0,3040.0,3042.4,32745
2026-03-23T12:45:00+05:30,3043.5,3048.6,3034.2,3040.4,25221
2026-03-23T13:00:00+05:30,3039.8,3040.5,3015.9,3022.4,61902
2026-03-23T13:15:00+05:30,3023.1,3037.5,3017.3,3018.9,40775
2026-03-23T13:30:00+05:30,3019.1,3041.3,3019.1,3038.0,57204
2026-03-23T13:45:00+05:30,3038.5,3055.0,3036.5,3048.5,71724
2026-03-23T14:00:00+05:30,3048.4,3059.9,3045.8,3049.1,36181
2026-03-23T14:15:00+05:30,3049.0,3064.8,3045.1,3048.9,41782
2026-03-23T14:30:00+05:30,3048.9,3078.4,3033.0,3075.7,94575
2026-03-23T14:45:00+05:30,3074.4,3078.9,3064.7,3072.4,128426
2026-03-23T15:00:00+05:30,3074.0,3074.0,3054.8,3068.9,114377
2026-03-23T15:15:00+05:30,3069.0,3071.2,3055.1,3057.5,138888
2026-03-24T09:15:00+05:30,3135.0,3137.0,3081.5,3127.6,277971
2026-03-24T09:30:00+05:30,3126.8,3129.4,3089.9,3092.8,154563
2026-03-24T09:45:00+05:30,3093.7,3094.9,3065.4,3086.9,157917
2026-03-24T10:00:00+05:30,3088.0,3088.0,3051.9,3057.8,148887
2026-03-24T10:15:00+05:30,3057.3,3059.0,3027.8,3036.3,104737
2026-03-24T10:30:00+05:30,3035.8,3035.8,3016.3,3027.0,48392
2026-03-24T10:45:00+05:30,3026.8,3048.0,3018.2,3039.0,50055
2026-03-24T11:00:00+05:30,3039.0,3057.0,3036.5,3048.7,52640
2026-03-24T11:15:00+05:30,3047.9,3067.6,3042.5,3060.9,43262
2026-03-24T11:30:00+05:30,3061.2,3084.0,3061.2,3073.2,52476
2026-03-24T11:45:00+05:30,3074.0,3087.9,3073.5,3077.4,43354
2026-03-24T12:00:00+05:30,3078.0,3082.7,3057.1,3067.5,38185
2026-03-24T12:15:00+05:30,3067.0,3094.3,3065.3,3076.7,59133
2026-03-24T12:30:00+05:30,3076.2,3088.0,3073.8,3084.3,39961
2026-03-24T12:45:00+05:30,3084.6,3092.0,3073.0,3084.1,41149
2026-03-24T13:00:00+05:30,3084.0,3084.0,3074.0,3082.9,22666
2026-03-24T13:15:00+05:30,3081.0,3084.9,3075.5,3082.0,17041
2026-03-24T13:30:00+05:30,3080.9,3083.0,3069.8,3074.8,42020
2026-03-24T13:45:00+05:30,3076.1,3082.0,3067.0,3072.2,23596
2026-03-24T14:00:00+05:30,3073.8,3081.6,3071.1,3080.3,23386
2026-03-24T14:15:00+05:30,3080.6,3081.6,3071.7,3076.0,19530
2026-03-24T14:30:00+05:30,3075.1,3099.9,3071.1,3088.0,144467
2026-03-24T14:45:00+05:30,3087.7,3098.0,3081.0,3091.8,49964
2026-03-24T15:00:00+05:30,3091.5,3093.2,3077.9,3082.1,74230
2026-03-24T15:15:00+05:30,3083.7,3096.6,3076.0,3086.0,111744
2026-03-25T09:15:00+05:30,3142.0,3163.0,3128.1,3148.9,189569
2026-03-25T09:30:00+05:30,3149.8,3151.2,3137.0,3142.0,70977
2026-03-25T09:45:00+05:30,3142.3,3153.0,3141.1,3152.0,61070
2026-03-25T10:00:00+05:30,3150.8,3156.0,3139.4,3147.8,53321
2026-03-25T10:15:00+05:30,3147.7,3154.0,3140.4,3148.4,62191
2026-03-25T10:30:00+05:30,3148.0,3164.0,3144.0,3163.0,64120
2026-03-25T10:45:00+05:30,3163.0,3169.5,3152.6,3167.1,57394
2026-03-25T11:00:00+05:30,3168.6,3179.9,3166.1,3170.0,82224
2026-03-25T11:15:00+05:30,3170.0,3170.0,3146.2,3148.1,78656
2026-03-25T11:30:00+05:30,3148.2,3164.0,3146.6,3164.0,55052
2026-03-25T11:45:00+05:30,3163.0,3183.0,3161.1,3173.3,81723
2026-03-25T12:00:00+05:30,3171.9,3177.0,3170.3,3175.8,24266
2026-03-25T12:15:00+05:30,3176.1,3181.8,3174.0,3181.8,33680
2026-03-25T12:30:00+05:30,3181.0,3181.0,3176.0,3178.6,26584
2026-03-25T12:45:00+05:30,3178.8,3182.9,3170.0,3172.3,38795
2026-03-25T13:00:00+05:30,3171.2,3193.8,3168.1,3187.4,65601
2026-03-25T13:15:00+05:30,3186.6,3193.0,3181.2,3187.6,34983
2026-03-25T13:30:00+05:30,3187.9,3187.9,3177.0,3179.0,22596
2026-03-25T13:45:00+05:30,3179.0,3193.9,3177.9,3191.0,38530
2026-03-25T14:00:00+05:30,3191.0,3197.1,3175.9,3178.0,72959
2026-03-25T14:15:00+05:30,3178.9,3185.0,3150.6,3159.0,115947
2026-03-25T14:30:00+05:30,3159.0,3171.5,3156.5,3170.9,33383
2026-03-25T14:45:00+05:30,3170.3,3189.0,3164.0,3184.1,79053
2026-03-25T15:00:00+05:30,3184.1,3186.6,3174.2,3181.7,102239
2026-03-25T15:15:00+05:30,3179.7,3181.5,3171.1,3178.0,120023
2026-03-27T09:15:00+05:30,3170.0,3183.4,3141.8,3159.0,163880
2026-03-27T09:30:00+05:30,3159.0,3162.0,3135.0,3137.9,72977
2026-03-27T09:45:00+05:30,3139.8,3143.0,3126.8,3131.0,55311
2026-03-27T10:00:00+05:30,3132.0,3140.9,3131.1,3131.5,52327
2026-03-27T10:15:00+05:30,3131.5,3135.4,3122.2,3126.3,39396
2026-03-27T10:30:00+05:30,3127.0,3137.9,3123.1,3133.2,35526
2026-03-27T10:45:00+05:30,3133.7,3136.7,3130.8,3133.4,10597
2026-03-27T11:00:00+05:30,3134.8,3140.7,3131.0,3135.7,15330
2026-03-27T11:15:00+05:30,3137.0,3138.5,3125.4,3129.0,18996
2026-03-27T11:30:00+05:30,3130.0,3142.3,3129.4,3137.9,20580
2026-03-27T11:45:00+05:30,3139.0,3145.0,3135.0,3140.9,14237
2026-03-27T12:00:00+05:30,3141.0,3145.6,3136.3,3140.1,15507
2026-03-27T12:15:00+05:30,3140.1,3147.2,3135.5,3146.0,15455
2026-03-27T12:30:00+05:30,3144.3,3144.6,3139.0,3142.8,8312
2026-03-27T12:45:00+05:30,3142.8,3145.0,3135.1,3136.1,15089
2026-03-27T13:00:00+05:30,3136.0,3137.0,3130.0,3133.6,17397
2026-03-27T13:15:00+05:30,3133.3,3140.0,3080.1,3093.0,83753
2026-03-27T13:30:00+05:30,3092.7,3110.0,3090.0,3104.2,89953
2026-03-27T13:45:00+05:30,3104.0,3107.5,3096.1,3099.9,43070
2026-03-27T14:00:00+05:30,3099.9,3099.9,3085.2,3097.6,32938
2026-03-27T14:15:00+05:30,3096.3,3097.4,3082.4,3092.2,25625
2026-03-27T14:30:00+05:30,3092.2,3113.9,3081.9,3105.0,59247
2026-03-27T14:45:00+05:30,3106.0,3109.0,3093.8,3095.1,71858
2026-03-27T15:00:00+05:30,3095.5,3102.3,3089.3,3092.8,126978
2026-03-27T15:15:00+05:30,3092.8,3096.5,3080.0,3082.0,108015
2026-03-30T09:15:00+05:30,3052.0,3064.3,3014.0,3038.7,226158
2026-03-30T09:30:00+05:30,3039.2,3094.4,3038.8,3084.1,84660
2026-03-30T09:45:00+05:30,3084.1,3096.9,3082.0,3091.2,55592
2026-03-30T10:00:00+05:30,3091.5,3105.8,3073.3,3084.7,59030
2026-03-30T10:15:00+05:30,3083.9,3085.0,3067.5,3070.3,37624
2026-03-30T10:30:00+05:30,3071.2,3079.1,3061.7,3062.2,42665
2026-03-30T10:45:00+05:30,3062.2,3073.7,3058.1,3062.5,48211
2026-03-30T11:00:00+05:30,3061.6,3068.2,3059.0,3065.4,16396
2026-03-30T11:15:00+05:30,3065.8,3073.0,3057.1,3057.1,29097
2026-03-30T11:30:00+05:30,3058.2,3085.0,3056.8,3080.9,69559
2026-03-30T11:45:00+05:30,3081.0,3095.0,3074.1,3094.1,40151
2026-03-30T12:00:00+05:30,3094.7,3114.3,3090.7,3101.7,68157
2026-03-30T12:15:00+05:30,3101.7,3106.4,3097.5,3104.2,23075
2026-03-30T12:30:00+05:30,3105.5,3109.9,3101.9,3107.2,22998
2026-03-30T12:45:00+05:30,3107.2,3107.8,3093.2,3096.0,14981
2026-03-30T13:00:00+05:30,3096.2,3102.1,3093.0,3096.0,24069
2026-03-30T13:15:00+05:30,3096.0,3102.9,3090.1,3093.3,15562
2026-03-30T13:30:00+05:30,3091.9,3109.0,3090.1,3097.7,22530
2026-03-30T13:45:00+05:30,3097.9,3101.5,3090.0,3099.1,23694
2026-03-30T14:00:00+05:30,3099.1,3130.0,3097.3,3120.1,92694
2026-03-30T14:15:00+05:30,3120.5,3132.8,3116.2,3125.1,68857
2026-03-30T14:30:00+05:30,3125.1,3136.9,3118.2,3134.7,104406
2026-03-30T14:45:00+05:30,3135.8,3143.4,3114.0,3114.0,167123
2026-03-30T15:00:00+05:30,3114.0,3119.8,3100.0,3113.7,205285
2026-03-30T15:15:00+05:30,3114.0,3123.0,3081.0,3110.0,229824
2026-04-01T09:15:00+05:30,3220.0,3220.0,3066.5,3079.4,339521
2026-04-01T09:30:00+05:30,3079.4,3093.3,3050.0,3076.6,239295
2026-04-01T09:45:00+05:30,3076.8,3101.0,3070.0,3098.8,119984
2026-04-01T10:00:00+05:30,3098.8,3105.0,3070.0,3074.0,135006
2026-04-01T10:15:00+05:30,3073.9,3077.4,3057.4,3065.3,105898
2026-04-01T10:30:00+05:30,3067.9,3075.0,3062.0,3065.4,35957
2026-04-01T10:45:00+05:30,3065.4,3071.3,3059.2,3064.0,31830
2026-04-01T11:00:00+05:30,3064.0,3070.0,3052.8,3061.1,40606
2026-04-01T11:15:00+05:30,3061.0,3067.0,3060.0,3063.1,20058
2026-04-01T11:30:00+05:30,3063.1,3073.0,3061.1,3063.6,26141
2026-04-01T11:45:00+05:30,3064.7,3064.9,3041.1,3053.9,82504
2026-04-01T12:00:00+05:30,3053.8,3067.0,3053.8,3066.0,32778
2026-04-01T12:15:00+05:30,3067.2,3092.1,3063.7,3092.0,66152
2026-04-01T12:30:00+05:30,3091.6,3105.0,3084.8,3094.5,69114
2026-04-01T12:45:00+05:30,3095.0,3106.0,3095.0,3100.6,70469
2026-04-01T13:00:00+05:30,3100.1,3116.0,3093.9,3116.0,126897
2026-04-01T13:15:00+05:30,3116.0,3127.9,3103.4,3127.3,120048
2026-04-01T13:30:00+05:30,3126.9,3134.1,3080.0,3093.7,120507
2026-04-01T13:45:00+05:30,3094.0,3106.1,3087.9,3094.2,39074
2026-04-01T14:00:00+05:30,3094.0,3106.0,3090.0,3102.6,23499
2026-04-01T14:15:00+05:30,3103.8,3109.9,3098.6,3104.0,35882
2026-04-01T14:30:00+05:30,3104.0,3112.0,3089.0,3092.0,40054
2026-04-01T14:45:00+05:30,3092.0,3093.9,3080.8,3083.0,40516
2026-04-01T15:00:00+05:30,3083.0,3094.2,3082.5,3085.4,81627
2026-04-01T15:15:00+05:30,3085.6,3105.0,3084.0,3091.0,148534
2026-04-02T09:15:00+05:30,3066.0,3066.0,3022.7,3055.0,151821
2026-04-02T09:30:00+05:30,3054.0,3075.0,3050.1,3065.0,61960
2026-04-02T09:45:00+05:30,3063.9,3067.3,3051.0,3053.5,27019
2026-04-02T10:00:00+05:30,3052.3,3054.9,3031.1,3046.5,59504
2026-04-02T10:15:00+05:30,3045.1,3045.6,3020.1,3021.0,49086
2026-04-02T10:30:00+05:30,3021.9,3022.5,3001.2,3005.8,69779
2026-04-02T10:45:00+05:30,3006.4,3007.2,2980.8,2993.2,77377
2026-04-02T11:00:00+05:30,2995.0,2997.0,2988.0,2994.4,30903
2026-04-02T11:15:00+05:30,2993.9,3004.7,2993.4,3004.0,22982
2026-04-02T11:30:00+05:30,3004.0,3021.9,3001.6,3021.9,38143
2026-04-02T11:45:00+05:30,3022.0,3041.0,3018.3,3024.9,54580
2026-04-02T12:00:00+05:30,3023.0,3024.9,3010.1,3010.7,27715
2026-04-02T12:15:00+05:30,3011.5,3018.0,3007.0,3016.4,27876
2026-04-02T12:30:00+05:30,3017.9,3032.5,3017.9,3027.0,21263
2026-04-02T12:45:00+05:30,3027.5,3027.9,3015.7,3023.4,15123
2026-04-02T13:00:00+05:30,3023.4,3028.9,3015.1,3019.5,17534
2026-04-02T13:15:00+05:30,3019.0,3034.9,3017.7,3033.7,25810
2026-04-02T13:30:00+05:30,3033.8,3039.8,3018.1,3037.0,38751
2026-04-02T13:45:00+05:30,3036.0,3048.8,3035.6,3048.1,41993
2026-04-02T14:00:00+05:30,3048.0,3063.0,3047.8,3059.6,58159
2026-04-02T14:15:00+05:30,3059.0,3074.0,3053.6,3070.0,48009
2026-04-02T14:30:00+05:30,3070.5,3075.0,3050.1,3052.0,52364
2026-04-02T14:45:00+05:30,3051.0,3063.0,3044.7,3059.3,41033
2026-04-02T15:00:00+05:30,3059.4,3084.0,3058.6,3077.9,76115
2026-04-02T15:15:00+05:30,3079.1,3084.7,3057.7,3065.0,84425
2026-04-06T09:15:00+05:30,3075.0,3110.4,3030.9,3052.2,150151
2026-04-06T09:30:00+05:30,3050.6,3073.2,3046.0,3058.0,51247
2026-04-06T09:45:00+05:30,3058.3,3063.1,3050.1,3060.0,16308
2026-04-06T10:00:00+05:30,3060.0,3081.7,3055.0,3078.6,35551
2026-04-06T10:15:00+05:30,3077.2,3083.1,3060.1,3065.1,26404
2026-04-06T10:30:00+05:30,3065.1,3074.0,3060.9,3072.9,12821
2026-04-06T10:45:00+05:30,3072.1,3074.4,3060.0,3066.2,21318
2026-04-06T11:00:00+05:30,3065.1,3068.7,3055.0,3060.0,15318
2026-04-06T11:15:00+05:30,3060.7,3067.7,3057.0,3067.7,9688
2026-04-06T11:30:00+05:30,3067.7,3070.4,3060.0,3066.0,14767
2026-04-06T11:45:00+05:30,3064.2,3076.0,3063.0,3070.7,10681
2026-04-06T12:00:00+05:30,3072.0,3072.6,3063.0,3065.3,7251
2026-04-06T12:15:00+05:30,3065.0,3075.9,3064.4,3072.4,12695
2026-04-06T12:30:00+05:30,3072.7,3072.7,3062.6,3069.6,9728
2026-04-06T12:45:00+05:30,3069.6,3087.7,3069.6,3084.0,32623
2026-04-06T13:00:00+05:30,3085.0,3086.9,3075.7,3080.1,16006
2026-04-06T13:15:00+05:30,3081.0,3084.9,3072.0,3075.0,17727
2026-04-06T13:30:00+05:30,3073.8,3082.6,3073.8,3078.1,13101
2026-04-06T13:45:00+05:30,3078.1,3081.7,3075.9,3078.9,14253
2026-04-06T14:00:00+05:30,3079.0,3084.1,3076.0,3079.5,27433
2026-04-06T14:15:00+05:30,3080.0,3084.7,3075.2,3078.0,16304
2026-04-06T14:30:00+05:30,3078.2,3086.9,3077.7,3084.9,24614
2026-04-06T14:45:00+05:30,3085.5,3091.9,3082.1,3088.1,39401
2026-04-06T15:00:00+05:30,3088.1,3092.0,3083.9,3086.2,44175
2026-04-06T15:15:00+05:30,3087.1,3090.6,3075.9,3082.0,59699
2026-04-07T09:15:00+05:30,3084.0,3102.3,3046.6,3088.3,149718
2026-04-07T09:30:00+05:30,3089.0,3095.0,3065.5,3065.8,52058
2026-04-07T09:45:00+05:30,3065.9,3078.2,3062.9,3075.5,28183
2026-04-07T10:00:00+05:30,3076.9,3083.4,3075.0,3077.9,16804
2026-04-07T10:15:00+05:30,3078.3,3093.6,3071.6,3088.0,42904
2026-04-07T10:30:00+05:30,3088.0,3091.9,3080.4,3090.1,32985
2026-04-07T10:45:00+05:30,3090.0,3090.9,3072.0,3072.7,17793
2026-04-07T11:00:00+05:30,3072.6,3079.6,3070.0,3070.6,13677
2026-04-07T11:15:00+05:30,3071.8,3079.5,3071.7,3076.0,6366
2026-04-07T11:30:00+05:30,3076.0,3079.9,3072.0,3077.3,5650
2026-04-07T11:45:00+05:30,3077.3,3086.6,3075.5,3085.0,11353
2026-04-07T12:00:00+05:30,3085.3,3087.0,3074.4,3078.7,7439
2026-04-07T12:15:00+05:30,3078.8,3082.7,3075.8,3080.8,6901
2026-04-07T12:30:00+05:30,3080.8,3083.0,3070.7,3079.2,10187
2026-04-07T12:45:00+05:30,3080.2,3089.8,3076.2,3085.4,11351
2026-04-07T13:00:00+05:30,3085.4,3092.0,3075.0,3081.0,24027
2026-04-07T13:15:00+05:30,3081.0,3083.9,3080.1,3082.2,3850
2026-04-07T13:30:00+05:30,3083.0,3099.0,3082.4,3089.3,33162
2026-04-07T13:45:00+05:30,3089.1,3090.0,3081.7,3084.2,18155
2026-04-07T14:00:00+05:30,3084.6,3088.9,3080.0,3085.1,11896
2026-04-07T14:15:00+05:30,3085.1,3087.1,3080.0,3082.9,7330
2026-04-07T14:30:00+05:30,3083.9,3086.0,3079.8,3083.8,14655
2026-04-07T14:45:00+05:30,3083.8,3092.0,3080.9,3090.3,22850
2026-04-07T15:00:00+05:30,3090.8,3093.3,3085.0,3087.5,44815
2026-04-07T15:15:00+05:30,3087.0,3087.9,3075.0,3075.0,63531
2026-04-08T09:15:00+05:30,3150.0,3150.0,3088.2,3098.9,418952
2026-04-08T09:30:00+05:30,3099.0,3113.5,3095.3,3105.9,120570
2026-04-08T09:45:00+05:30,3105.0,3115.9,3104.0,3107.4,88854
2026-04-08T10:00:00+05:30,3106.6,3116.0,3106.3,3115.0,44758
2026-04-08T10:15:00+05:30,3114.5,3120.0,3110.8,3116.7,101779
2026-04-08T10:30:00+05:30,3116.7,3123.0,3116.7,3120.6,68218
2026-04-08T10:45:00+05:30,3120.0,3124.0,3117.2,3123.0,29482
2026-04-08T11:00:00+05:30,3122.9,3134.0,3122.0,3128.4,159705
2026-04-08T11:15:00+05:30,3128.4,3137.0,3127.4,3132.1,85121
2026-04-08T11:30:00+05:30,3132.8,3140.1,3128.5,3136.6,101449
2026-04-08T11:45:00+05:30,3136.7,3142.0,3126.8,3132.8,87872
2026-04-08T12:00:00+05:30,3132.7,3141.3,3128.4,3134.7,30821
2026-04-08T12:15:00+05:30,3134.0,3135.0,3128.2,3129.2,17595
2026-04-08T12:30:00+05:30,3130.0,3133.2,3123.1,3132.6,27952
2026-04-08T12:45:00+05:30,3132.0,3138.0,3127.2,3132.0,19077
2026-04-08T13:00:00+05:30,3132.2,3133.0,3125.0,3132.7,16563
2026-04-08T13:15:00+05:30,3132.7,3132.9,3128.1,3130.9,6563
2026-04-08T13:30:00+05:30,3130.9,3131.4,3123.0,3127.9,15910
2026-04-08T13:45:00+05:30,3127.8,3130.0,3125.1,3129.5,12179
2026-04-08T14:00:00+05:30,3128.9,3129.7,3120.8,3123.0,21697
2026-04-08T14:15:00+05:30,3123.0,3128.5,3120.3,3127.6,23696
2026-04-08T14:30:00+05:30,3127.6,3129.8,3125.6,3128.4,15128
2026-04-08T14:45:00+05:30,3127.4,3128.9,3120.0,3124.0,28209
2026-04-08T15:00:00+05:30,3123.4,3128.5,3110.0,3124.0,67897
2026-04-08T15:15:00+05:30,3122.6,3133.0,3117.8,3128.0,138865
2026-04-09T09:15:00+05:30,3130.6,3188.8,3115.0,3188.8,359606
2026-04-09T09:30:00+05:30,3188.9,3191.6,3172.0,3176.1,222839
2026-04-09T09:45:00+05:30,3176.1,3180.1,3146.4,3149.7,118900
2026-04-09T10:00:00+05:30,3149.6,3168.1,3142.2,3162.5,65655
2026-04-09T10:15:00+05:30,3161.2,3170.9,3151.1,3157.6,36509
2026-04-09T10:30:00+05:30,3156.6,3165.4,3155.0,3157.1,26704
2026-04-09T10:45:00+05:30,3158.0,3179.1,3157.9,3177.1,32500
2026-04-09T11:00:00+05:30,3178.9,3197.9,3176.0,3195.0,154781
2026-04-09T11:15:00+05:30,3195.6,3197.3,3175.1,3187.3,49832
2026-04-09T11:30:00+05:30,3186.9,3201.2,3185.1,3201.2,116293
2026-04-09T11:45:00+05:30,3201.0,3210.8,3195.5,3200.1,153178
2026-04-09T12:00:00+05:30,3200.1,3212.4,3200.0,3212.0,57191
2026-04-09T12:15:00+05:30,3211.9,3220.6,3204.0,3209.7,135228
2026-04-09T12:30:00+05:30,3210.0,3214.0,3202.4,3206.9,41185
2026-04-09T12:45:00+05:30,3205.1,3206.3,3185.1,3196.5,61032
2026-04-09T13:00:00+05:30,3197.0,3199.0,3185.6,3190.0,32360
2026-04-09T13:15:00+05:30,3190.7,3192.6,3177.0,3184.3,54701
2026-04-09T13:30:00+05:30,3184.3,3197.0,3182.1,3190.9,30825
2026-04-09T13:45:00+05:30,3190.9,3204.1,3184.0,3204.0,38167
2026-04-09T14:00:00+05:30,3204.0,3209.0,3202.0,3202.0,53499
2026-04-09T14:15:00+05:30,3202.0,3204.6,3190.2,3193.9,43455
2026-04-09T14:30:00+05:30,3193.9,3207.3,3188.3,3205.2,47370
2026-04-09T14:45:00+05:30,3206.7,3220.0,3205.0,3219.0,105229
2026-04-09T15:00:00+05:30,3219.2,3239.9,3211.0,3232.0,266386
2026-04-09T15:15:00+05:30,3232.0,3244.9,3229.0,3244.0,181365
2026-04-10T09:15:00+05:30,3268.0,3320.0,3237.3,3260.9,552191
2026-04-10T09:30:00+05:30,3260.4,3260.4,3237.0,3237.1,100873
2026-04-10T09:45:00+05:30,3238.0,3248.3,3235.0,3243.4,62483
2026-04-10T10:00:00+05:30,3242.6,3249.5,3220.0,3229.0,110385
2026-04-10T10:15:00+05:30,3227.9,3231.0,3200.0,3204.0,155638
2026-04-10T10:30:00+05:30,3204.0,3223.9,3202.0,3218.8,63084
2026-04-10T10:45:00+05:30,3219.5,3240.0,3216.7,3237.0,52116
2026-04-10T11:00:00+05:30,3237.0,3250.8,3228.0,3245.8,70682
2026-04-10T11:15:00+05:30,3246.1,3258.9,3241.3,3251.9,120981
2026-04-10T11:30:00+05:30,3253.9,3261.9,3252.5,3258.0,59972
2026-04-10T11:45:00+05:30,3257.0,3258.0,3243.3,3250.0,28379
2026-04-10T12:00:00+05:30,3250.1,3261.9,3247.5,3256.1,57559
2026-04-10T12:15:00+05:30,3255.1,3264.9,3252.9,3263.2,34977
2026-04-10T12:30:00+05:30,3263.2,3273.6,3263.1,3266.9,68505
2026-04-10T12:45:00+05:30,3266.9,3277.8,3266.0,3273.9,61662
2026-04-10T13:00:00+05:30,3274.0,3278.0,3266.1,3272.0,30744
2026-04-10T13:15:00+05:30,3272.0,3280.0,3270.0,3278.5,40129
2026-04-10T13:30:00+05:30,3278.3,3283.8,3269.7,3280.1,48274
2026-04-10T13:45:00+05:30,3280.3,3288.0,3272.9,3279.7,47179
2026-04-10T14:00:00+05:30,3280.0,3283.4,3268.0,3269.9,36002
2026-04-10T14:15:00+05:30,3270.7,3274.4,3253.2,3259.9,66145
2026-04-10T14:30:00+05:30,3261.0,3277.9,3260.0,3273.5,60768
2026-04-10T14:45:00+05:30,3273.8,3286.7,3269.1,3279.3,72663
2026-04-10T15:00:00+05:30,3279.8,3287.9,3278.5,3282.9,97028
2026-04-10T15:15:00+05:30,3284.0,3285.0,3272.2,3281.5,157104
2026-04-13T09:15:00+05:30,3225.0,3349.0,3220.0,3330.0,630331
2026-04-13T09:30:00+05:30,3330.0,3350.0,3317.2,3347.7,267731
2026-04-13T09:45:00+05:30,3347.1,3358.0,3338.0,3356.3,317025
2026-04-13T10:00:00+05:30,3357.5,3365.0,3333.2,3360.1,187695
2026-04-13T10:15:00+05:30,3361.6,3372.0,3354.8,3367.6,151423
2026-04-13T10:30:00+05:30,3367.6,3370.0,3344.6,3347.2,104496
2026-04-13T10:45:00+05:30,3346.1,3350.0,3312.3,3327.1,151477
2026-04-13T11:00:00+05:30,3327.0,3373.0,3323.0,3369.6,285253
2026-04-13T11:15:00+05:30,3371.5,3375.0,3360.0,3363.0,96705
2026-04-13T11:30:00+05:30,3363.2,3376.9,3357.0,3369.0,105197
2026-04-13T11:45:00+05:30,3370.4,3381.8,3361.5,3363.6,109036
2026-04-13T12:00:00+05:30,3362.4,3368.5,3351.8,3353.0,50863
2026-04-13T12:15:00+05:30,3353.1,3357.0,3343.1,3355.0,68801
2026-04-13T12:30:00+05:30,3354.8,3354.8,3345.0,3349.3,34019
2026-04-13T12:45:00+05:30,3351.0,3351.9,3337.6,3347.8,55616
2026-04-13T13:00:00+05:30,3347.0,3354.8,3340.4,3354.0,35290
2026-04-13T13:15:00+05:30,3352.8,3365.0,3352.5,3363.1,43323
2026-04-13T13:30:00+05:30,3363.2,3366.4,3350.3,3353.0,36967
2026-04-13T13:45:00+05:30,3353.0,3361.5,3351.8,3355.9,19660
2026-04-13T14:00:00+05:30,3355.3,3358.0,3342.0,3344.5,42949
2026-04-13T14:15:00+05:30,3344.7,3345.0,3330.8,3335.2,64724
2026-04-13T14:30:00+05:30,3335.4,3344.0,3335.0,3337.6,46850
2026-04-13T14:45:00+05:30,3338.2,3348.0,3333.0,3335.5,73341
2026-04-13T15:00:00+05:30,3335.5,3338.3,3324.4,3334.5,111843
2026-04-13T15:15:00+05:30,3334.5,3343.6,3331.2,3335.0,163034
2026-04-15T09:15:00+05:30,3393.0,3405.9,3365.3,3401.9,307286
2026-04-15T09:30:00+05:30,3402.4,3405.5,3383.0,3385.7,113851
2026-04-15T09:45:00+05:30,3386.4,3388.2,3366.0,3384.2,102468
2026-04-15T10:00:00+05:30,3384.2,3404.7,3378.3,3396.1,141650
2026-04-15T10:15:00+05:30,3397.2,3420.4,3395.1,3416.0,156940
2026-04-15T10:30:00+05:30,3416.5,3417.8,3405.4,3409.9,53134
2026-04-15T10:45:00+05:30,3409.9,3418.8,3408.0,3412.2,33698
2026-04-15T11:00:00+05:30,3413.0,3414.8,3410.0,3411.9,24694
2026-04-15T11:15:00+05:30,3412.0,3425.1,3411.2,3420.1,71605
2026-04-15T11:30:00+05:30,3420.0,3430.0,3419.1,3427.6,57784
2026-04-15T11:45:00+05:30,3428.0,3438.0,3424.5,3436.0,83227
2026-04-15T12:00:00+05:30,3436.0,3436.0,3427.0,3433.0,29676
2026-04-15T12:15:00+05:30,3432.8,3436.0,3426.2,3427.2,29484
2026-04-15T12:30:00+05:30,3427.5,3428.0,3416.0,3421.5,45176
2026-04-15T12:45:00+05:30,3421.5,3426.0,3415.5,3426.0,31252
2026-04-15T13:00:00+05:30,3425.1,3433.6,3420.2,3431.0,28804
2026-04-15T13:15:00+05:30,3431.0,3450.0,3430.0,3432.1,138099
2026-04-15T13:30:00+05:30,3432.1,3440.0,3431.3,3433.2,22310
2026-04-15T13:45:00+05:30,3432.3,3434.0,3422.2,3430.8,42355
2026-04-15T14:00:00+05:30,3431.4,3438.0,3427.5,3435.9,44663
2026-04-15T14:15:00+05:30,3435.3,3436.8,3422.2,3430.3,37380
2026-04-15T14:30:00+05:30,3430.3,3434.0,3425.0,3430.0,25176
2026-04-15T14:45:00+05:30,3429.0,3433.9,3427.1,3431.6,29514
2026-04-15T15:00:00+05:30,3431.6,3435.0,3425.0,3428.0,70656
2026-04-15T15:15:00+05:30,3428.1,3430.0,3415.0,3423.5,136067
2026-04-16T09:15:00+05:30,3443.2,3468.0,3435.0,3456.1,142807
2026-04-16T09:30:00+05:30,3455.0,3460.0,3422.0,3422.0,115287
2026-04-16T09:45:00+05:30,3422.6,3429.9,3401.3,3403.0,99931
2026-04-16T10:00:00+05:30,3402.0,3433.0,3395.5,3426.4,86426
2026-04-16T10:15:00+05:30,3426.5,3443.8,3422.3,3442.8,55686
2026-04-16T10:30:00+05:30,3442.9,3449.0,3439.9,3445.6,44235
2026-04-16T10:45:00+05:30,3445.6,3448.0,3431.5,3437.4,35214
2026-04-16T11:00:00+05:30,3437.8,3443.5,3433.2,3437.1,24933
2026-04-16T11:15:00+05:30,3437.2,3443.0,3430.2,3435.3,14670
2026-04-16T11:30:00+05:30,3435.4,3437.7,3423.8,3427.4,27074
2026-04-16T11:45:00+05:30,3427.0,3432.0,3412.1,3413.1,32193
2026-04-16T12:00:00+05:30,3413.1,3422.9,3408.1,3417.8,42946
2026-04-16T12:15:00+05:30,3417.6,3431.8,3417.0,3428.0,26420
2026-04-16T12:30:00+05:30,3428.3,3433.2,3420.0,3422.5,22237
2026-04-16T12:45:00+05:30,3421.6,3435.7,3415.2,3426.9,29861
2026-04-16T13:00:00+05:30,3426.9,3434.8,3419.5,3420.5,26139
2026-04-16T13:15:00+05:30,3420.0,3424.3,3418.0,3420.7,10771
2026-04-16T13:30:00+05:30,3422.7,3429.0,3419.0,3422.6,12868
2026-04-16T13:45:00+05:30,3422.7,3432.0,3421.2,3431.7,18437
2026-04-16T14:00:00+05:30,3430.6,3444.0,3425.3,3432.7,49563
2026-04-16T14:15:00+05:30,3434.0,3440.0,3428.1,3435.3,30113
2026-04-16T14:30:00+05:30,3437.0,3438.0,3429.9,3434.5,27097
2026-04-16T14:45:00+05:30,3434.5,3436.5,3428.0,3429.1,25564
2026-04-16T15:00:00+05:30,3430.8,3440.0,3421.7,3438.7,89131
2026-04-16T15:15:00+05:30,3438.8,3454.0,3428.8,3453.0,133736
2026-04-17T09:15:00+05:30,3474.0,3499.0,3456.6,3498.8,294748
2026-04-17T09:30:00+05:30,3498.8,3509.9,3489.0,3501.3,292229
2026-04-17T09:45:00+05:30,3501.3,3510.0,3494.5,3500.3,175908
2026-04-17T10:00:00+05:30,3500.0,3509.9,3489.4,3499.4,100566
2026-04-17T10:15:00+05:30,3499.0,3502.0,3486.5,3492.1,44480
2026-04-17T10:30:00+05:30,3490.9,3493.5,3477.6,3480.9,49743
2026-04-17T10:45:00+05:30,3480.9,3484.9,3472.8,3482.5,36588
2026-04-17T11:00:00+05:30,3482.0,3487.2,3474.1,3483.0,21752
2026-04-17T11:15:00+05:30,3482.5,3489.8,3471.2,3484.0,32348
2026-04-17T11:30:00+05:30,3485.2,3491.0,3472.1,3472.1,25189
2026-04-17T11:45:00+05:30,3473.1,3484.9,3472.0,3480.4,25326
2026-04-17T12:00:00+05:30,3480.3,3481.1,3475.0,3480.1,9099
2026-04-17T12:15:00+05:30,3480.0,3480.0,3470.2,3470.2,23053
2026-04-17T12:30:00+05:30,3470.3,3473.0,3465.0,3467.8,26360
2026-04-17T12:45:00+05:30,3468.4,3474.5,3465.0,3473.3,18084
2026-04-17T13:00:00+05:30,3473.1,3481.6,3470.4,3477.7,16419
2026-04-17T13:15:00+05:30,3477.7,3478.0,3472.0,3472.5,11166
2026-04-17T13:30:00+05:30,3474.0,3474.0,3466.8,3469.0,14903
2026-04-17T13:45:00+05:30,3469.7,3477.5,3468.0,3474.0,17048
2026-04-17T14:00:00+05:30,3473.1,3474.0,3463.0,3464.1,15114
2026-04-17T14:15:00+05:30,3464.1,3473.0,3464.1,3469.0,15617
2026-04-17T14:30:00+05:30,3468.1,3475.7,3467.0,3474.2,44515
2026-04-17T14:45:00+05:30,3474.0,3478.0,3462.6,3464.0,84316
2026-04-17T15:00:00+05:30,3464.5,3470.0,3413.0,3461.7,984589
2026-04-17T15:15:00+05:30,3461.5,3514.9,3453.0,3485.1,1326745
2026-04-20T09:15:00+05:30,3495.0,3520.0,3482.0,3494.0,331696
2026-04-20T09:30:00+05:30,3494.0,3495.0,3467.0,3467.0,92990
2026-04-20T09:45:00+05:30,3467.5,3468.0,3437.1,3447.9,114337
2026-04-20T10:00:00+05:30,3447.8,3447.9,3432.3,3436.2,72371
2026-04-20T10:15:00+05:30,3437.7,3445.0,3435.1,3442.2,60586
2026-04-20T10:30:00+05:30,3442.4,3445.0,3436.0,3444.0,27253
2026-04-20T10:45:00+05:30,3443.9,3444.0,3436.2,3440.6,15631
2026-04-20T11:00:00+05:30,3442.0,3450.0,3440.0,3448.2,37143
2026-04-20T11:15:00+05:30,3448.0,3449.9,3443.3,3444.9,16658
2026-04-20T11:30:00+05:30,3444.3,3449.5,3443.1,3447.0,12251
2026-04-20T11:45:00+05:30,3447.9,3488.8,3447.0,3487.0,77163
2026-04-20T12:00:00+05:30,3487.2,3493.0,3479.7,3488.4,61692
2026-04-20T12:15:00+05:30,3488.4,3503.8,3488.4,3500.1,60587
2026-04-20T12:30:00+05:30,3500.5,3511.9,3500.0,3507.2,66153
2026-04-20T12:45:00+05:30,3508.0,3520.0,3503.4,3513.8,89763
2026-04-20T13:00:00+05:30,3513.8,3515.9,3498.1,3507.1,41728
2026-04-20T13:15:00+05:30,3507.1,3508.0,3488.0,3497.0,41883
2026-04-20T13:30:00+05:30,3496.6,3511.0,3495.1,3507.7,34666
2026-04-20T13:45:00+05:30,3506.6,3506.6,3496.0,3500.0,16484
2026-04-20T14:00:00+05:30,3500.0,3505.0,3498.0,3503.4,20667
2026-04-20T14:15:00+05:30,3503.4,3512.0,3501.2,3507.2,34540
2026-04-20T14:30:00+05:30,3507.2,3508.0,3496.0,3497.0,36030
2026-04-20T14:45:00+05:30,3496.5,3508.0,3495.0,3505.4,46525
2026-04-20T15:00:00+05:30,3506.4,3507.6,3491.7,3493.2,47005
2026-04-20T15:15:00+05:30,3493.2,3493.2,3480.0,3482.0,88526
2026-04-21T09:15:00+05:30,3496.0,3533.5,3492.7,3527.0,244395
2026-04-21T09:30:00+05:30,3527.5,3549.9,3526.6,3537.1,280052
2026-04-21T09:45:00+05:30,3538.0,3544.9,3532.1,3539.5,41684
2026-04-21T10:00:00+05:30,3539.7,3555.0,3539.7,3553.5,149282
2026-04-21T10:15:00+05:30,3554.5,3557.0,3531.4,3542.0,85460
2026-04-21T10:30:00+05:30,3542.0,3550.0,3535.6,3536.9,28156
2026-04-21T10:45:00+05:30,3536.9,3538.4,3527.2,3529.7,30474
2026-04-21T11:00:00+05:30,3530.6,3538.2,3529.7,3536.0,14891
2026-04-21T11:15:00+05:30,3536.0,3537.8,3525.1,3525.2,28941
2026-04-21T11:30:00+05:30,3526.0,3528.3,3520.3,3524.9,25091
2026-04-21T11:45:00+05:30,3525.1,3529.0,3522.4,3526.0,10258
2026-04-21T12:00:00+05:30,3526.0,3528.0,3520.0,3521.9,17872
2026-04-21T12:15:00+05:30,3521.6,3522.9,3507.0,3508.1,37475
2026-04-21T12:30:00+05:30,3509.2,3513.0,3502.2,3503.0,33666
2026-04-21T12:45:00+05:30,3503.0,3507.9,3500.1,3506.6,25189
2026-04-21T13:00:00+05:30,3506.6,3512.4,3505.2,3509.0,17362
2026-04-21T13:15:00+05:30,3510.3,3514.5,3501.1,3506.6,23359
2026-04-21T13:30:00+05:30,3505.9,3511.0,3497.1,3501.0,26967
2026-04-21T13:45:00+05:30,3500.5,3504.7,3496.0,3499.1,23711
2026-04-21T14:00:00+05:30,3500.0,3500.1,3483.0,3484.0,33838
2026-04-21T14:15:00+05:30,3484.8,3494.8,3483.1,3493.0,22441
2026-04-21T14:30:00+05:30,3493.5,3493.5,3475.1,3481.1,47116
2026-04-21T14:45:00+05:30,3481.0,3490.0,3480.0,3484.3,41379
2026-04-21T15:00:00+05:30,3484.3,3485.0,3469.0,3476.2,61052
2026-04-21T15:15:00+05:30,3476.2,3477.6,3460.1,3472.0,123680
2026-04-22T09:15:00+05:30,3472.0,3496.4,3454.6,3472.9,149627
2026-04-22T09:30:00+05:30,3472.0,3494.9,3458.0,3491.8,97929
2026-04-22T09:45:00+05:30,3491.2,3504.6,3490.6,3493.0,68365
2026-04-22T10:00:00+05:30,3493.0,3516.4,3492.8,3508.0,56283
2026-04-22T10:15:00+05:30,3508.0,3514.7,3500.4,3513.1,25422
2026-04-22T10:30:00+05:30,3514.0,3521.1,3508.6,3517.6,43088
2026-04-22T10:45:00+05:30,3518.5,3529.4,3510.5,3512.2,45276
2026-04-22T11:00:00+05:30,3511.3,3514.0,3501.5,3504.7,42476
2026-04-22T11:15:00+05:30,3504.0,3504.9,3486.0,3488.3,55536
2026-04-22T11:30:00+05:30,3488.3,3494.0,3483.0,3489.2,38024
2026-04-22T11:45:00+05:30,3489.2,3498.0,3487.8,3498.0,55328
2026-04-22T12:00:00+05:30,3497.6,3502.0,3488.7,3490.5,23638
2026-04-22T12:15:00+05:30,3490.5,3497.0,3484.3,3496.0,21669
2026-04-22T12:30:00+05:30,3494.5,3496.8,3488.7,3492.7,8833
2026-04-22T12:45:00+05:30,3492.9,3500.0,3491.5,3498.9,16267
2026-04-22T13:00:00+05:30,3498.5,3498.8,3484.8,3485.1,35875
2026-04-22T13:15:00+05:30,3486.0,3487.1,3460.0,3465.3,94869
2026-04-22T13:30:00+05:30,3465.3,3465.3,3430.2,3454.0,91761
2026-04-22T13:45:00+05:30,3454.8,3465.0,3453.0,3461.5,25717
2026-04-22T14:00:00+05:30,3461.5,3461.6,3439.2,3442.5,43773
2026-04-22T14:15:00+05:30,3442.0,3442.5,3431.1,3441.0,57227
2026-04-22T14:30:00+05:30,3440.8,3446.8,3436.1,3438.9,20814
2026-04-22T14:45:00+05:30,3438.3,3439.0,3429.4,3436.1,40212
2026-04-22T15:00:00+05:30,3435.3,3435.5,3421.0,3424.4,57969
2026-04-22T15:15:00+05:30,3424.0,3435.0,3420.8,3427.0,82144
2026-04-23T09:15:00+05:30,3440.0,3459.8,3385.0,3405.0,230094
2026-04-23T09:30:00+05:30,3407.0,3438.0,3398.5,3425.9,120534
2026-04-23T09:45:00+05:30,3424.8,3451.0,3420.0,3447.0,98591
2026-04-23T10:00:00+05:30,3447.0,3458.0,3434.2,3447.9,56467
2026-04-23T10:15:00+05:30,3447.9,3468.6,3445.9,3457.9,74503
2026-04-23T10:30:00+05:30,3458.0,3458.5,3450.0,3451.8,30918
2026-04-23T10:45:00+05:30,3451.1,3460.0,3446.7,3455.2,28899
2026-04-23T11:00:00+05:30,3455.2,3462.5,3453.1,3456.6,20358
2026-04-23T11:15:00+05:30,3456.8,3459.0,3453.9,3456.9,12291
2026-04-23T11:30:00+05:30,3458.0,3462.5,3453.1,3456.1,17116
2026-04-23T11:45:00+05:30,3456.6,3460.0,3453.0,3459.6,33632
2026-04-23T12:00:00+05:30,3459.0,3459.8,3442.8,3445.0,48854
2026-04-23T12:15:00+05:30,3444.8,3452.1,3439.3,3446.0,83185
2026-04-23T12:30:00+05:30,3446.4,3457.5,3443.0,3456.3,17453
2026-04-23T12:45:00+05:30,3456.0,3457.7,3452.5,3457.5,7291
2026-04-23T13:00:00+05:30,3457.6,3463.0,3456.0,3462.0,14218
2026-04-23T13:15:00+05:30,3462.0,3477.6,3459.4,3472.9,32840
2026-04-23T13:30:00+05:30,3472.7,3477.6,3465.0,3468.2,28520
2026-04-23T13:45:00+05:30,3469.0,3469.9,3463.5,3465.3,8721
2026-04-23T14:00:00+05:30,3466.4,3467.7,3455.0,3457.1,16677
2026-04-23T14:15:00+05:30,3459.0,3464.5,3455.0,3461.4,13916
2026-04-23T14:30:00+05:30,3461.0,3462.0,3427.2,3428.4,93907
2026-04-23T14:45:00+05:30,3428.0,3435.0,3422.8,3425.1,90214
2026-04-23T15:00:00+05:30,3426.0,3432.0,3421.0,3421.6,29781
2026-04-23T15:15:00+05:30,3421.6,3423.9,3390.1,3399.0,87839
2026-04-24T09:15:00+05:30,3348.1,3348.1,3235.9,3290.0,770824
2026-04-24T09:30:00+05:30,3289.0,3313.0,3265.0,3295.0,351880
2026-04-24T09:45:00+05:30,3294.2,3309.0,3277.0,3298.6,162942
2026-04-24T10:00:00+05:30,3297.3,3324.7,3290.5,3312.9,273314
2026-04-24T10:15:00+05:30,3312.0,3312.2,3274.4,3275.1,128931
2026-04-24T10:30:00+05:30,3275.1,3287.6,3270.0,3282.0,91501
2026-04-24T10:45:00+05:30,3282.0,3299.0,3279.7,3296.9,67148
2026-04-24T11:00:00+05:30,3296.9,3297.0,3282.3,3284.0,43921
2026-04-24T11:15:00+05:30,3284.1,3291.6,3282.0,3287.0,29796
2026-04-24T11:30:00+05:30,3287.4,3294.6,3285.0,3293.3,20944
2026-04-24T11:45:00+05:30,3293.8,3295.6,3284.1,3290.0,38702
2026-04-24T12:00:00+05:30,3290.4,3303.0,3287.0,3302.0,33342
2026-04-24T12:15:00+05:30,3301.4,3309.9,3294.0,3300.0,35206
2026-04-24T12:30:00+05:30,3300.1,3318.0,3300.1,3313.6,53510
2026-04-24T12:45:00+05:30,3314.0,3324.7,3305.0,3308.2,64587
2026-04-24T13:00:00+05:30,3308.2,3309.3,3294.0,3298.2,41481
2026-04-24T13:15:00+05:30,3299.0,3302.6,3291.1,3300.9,21926
2026-04-24T13:30:00+05:30,3301.0,3311.5,3272.1,3274.3,85409
2026-04-24T13:45:00+05:30,3274.3,3289.8,3273.5,3286.0,35924
2026-04-24T14:00:00+05:30,3286.1,3293.0,3281.0,3290.0,36441
2026-04-24T14:15:00+05:30,3290.9,3317.7,3288.0,3314.0,117731
2026-04-24T14:30:00+05:30,3314.5,3325.7,3311.0,3322.4,115860
2026-04-24T14:45:00+05:30,3321.2,3323.4,3304.5,3306.3,76823
2026-04-24T15:00:00+05:30,3306.3,3311.0,3296.4,3306.2,104034
2026-04-24T15:15:00+05:30,3306.4,3314.0,3300.4,3313.0,140988
